timestamp,open,high,low,close,volume,close_time,quote_asset_volume,number_of_trades,taker_buy_base_volume,taker_buy_quote_volume,ignore
2025-10-06 12:00:00,1.5,3.0,1.5,2.143,40974578.45,2025-10-06 12:59:59.999,87449558.02162000,167122,22383259.68000000,47733379.62935000,0
2025-10-06 13:00:00,2.143,2.198,2.0,2.062,18648687.34,2025-10-06 13:59:59.999,39157889.57947000,59929,9146289.87000000,19215588.19544000,0
2025-10-06 14:00:00,2.062,2.109,2.031,2.091,10061843.8,2025-10-06 14:59:59.999,20779036.99773000,34430,5471215.15000000,11298866.48014000,0
2025-10-06 15:00:00,2.091,2.139,2.061,2.128,7518083.78,2025-10-06 15:59:59.999,15732479.63948000,28857,4091107.44000000,8569138.68785000,0
2025-10-06 16:00:00,2.128,2.148,2.076,2.12,6799346.0,2025-10-06 16:59:59.999,14362850.16098000,26191,3476797.66000000,7348568.39047000,0
2025-10-06 17:00:00,2.119,2.125,2.061,2.085,4523218.57,2025-10-06 17:59:59.999,9478175.99002000,17422,2401866.83000000,5033758.86907000,0
2025-10-06 18:00:00,2.086,2.117,2.045,2.054,4628116.26,2025-10-06 18:59:59.999,9623671.69563000,17372,1787158.71000000,3719749.13849000,0
2025-10-06 19:00:00,2.055,2.13,2.04,2.121,4757053.35,2025-10-06 19:59:59.999,9911155.46641000,16671,2298354.63000000,4798594.49324000,0
2025-10-06 20:00:00,2.12,2.138,2.089,2.096,3065588.59,2025-10-06 20:59:59.999,6486940.34793000,12274,1586671.09000000,3359244.67992000,0
2025-10-06 21:00:00,2.096,2.118,2.062,2.109,2801480.28,2025-10-06 21:59:59.999,5853049.98993000,12316,1302617.85000000,2724921.17378000,0
2025-10-06 22:00:00,2.108,2.115,2.051,2.062,3347297.96,2025-10-06 22:59:59.999,6979189.87776000,12210,1307804.19000000,2728728.86903000,0
2025-10-06 23:00:00,2.062,2.072,2.015,2.063,3546318.15,2025-10-06 23:59:59.999,7242795.37459000,12659,1672274.53000000,3418832.17796000,0
2025-10-07 00:00:00,2.064,2.117,2.064,2.1,4305759.06,2025-10-07 00:59:59.999,9025206.40067000,13714,1820365.51000000,3816848.66175000,0
2025-10-07 01:00:00,2.099,2.115,2.035,2.063,4739347.72,2025-10-07 01:59:59.999,9813744.27786000,15654,2065920.79000000,4276584.19646000,0
2025-10-07 02:00:00,2.063,2.075,2.033,2.037,2851419.77,2025-10-07 02:59:59.999,5846627.26629000,9990,1166009.55000000,2391843.07702000,0
2025-10-07 03:00:00,2.036,2.055,1.986,2.021,3806364.1,2025-10-07 03:59:59.999,7668218.97436000,12882,1290612.15000000,2602854.05061000,0
2025-10-07 04:00:00,2.021,2.06,1.977,2.059,4069969.55,2025-10-07 04:59:59.999,8181108.76759000,13063,1772474.71000000,3568493.47263000,0
2025-10-07 05:00:00,2.058,2.07,2.04,2.051,2855194.05,2025-10-07 05:59:59.999,5864788.93311000,8966,1238934.40000000,2546281.28933000,0
2025-10-07 06:00:00,2.051,2.051,1.945,1.974,6928898.51,2025-10-07 06:59:59.999,13776949.09020000,23578,3156461.67000000,6269914.56763000,0
2025-10-07 07:00:00,1.973,1.999,1.96,1.993,3855154.58,2025-10-07 07:59:59.999,7635515.06347000,18988,1699109.90000000,3363656.88700000,0
2025-10-07 08:00:00,1.993,2.004,1.966,1.996,3853288.89,2025-10-07 08:59:59.999,7643887.84007000,28450,1631367.36000000,3238005.16089000,0
2025-10-07 09:00:00,1.995,2.029,1.982,2.014,4355001.81,2025-10-07 09:59:59.999,8754939.61936000,30524,2137776.04000000,4299632.06941000,0
2025-10-07 10:00:00,2.014,2.049,2.009,2.016,3325549.98,2025-10-07 10:59:59.999,6748832.11673000,17626,1600905.31000000,3250910.86594000,0
2025-10-07 11:00:00,2.016,2.065,2.001,2.055,3559042.44,2025-10-07 11:59:59.999,7241894.87472000,20849,1917556.56000000,3902753.19362000,0
2025-10-07 12:00:00,2.054,2.09,2.028,2.088,5831751.99,2025-10-07 12:59:59.999,11986465.21760000,29106,3214026.43000000,6613292.34884000,0
2025-10-07 13:00:00,2.087,2.19,2.07,2.154,15271612.38,2025-10-07 13:59:59.999,32579595.57619000,67917,8417457.13000000,17960460.13406000,0
2025-10-07 14:00:00,2.154,2.159,2.05,2.059,16629815.82,2025-10-07 14:59:59.999,34832850.27716000,81157,6431667.04000000,13476002.15905000,0
2025-10-07 15:00:00,2.059,2.096,2.017,2.038,11490987.66,2025-10-07 15:59:59.999,23570061.25451000,63098,5193118.56000000,10662590.02945000,0
2025-10-07 16:00:00,2.038,2.065,1.985,2.033,8363172.06,2025-10-07 16:59:59.999,16912914.97295000,39145,4016244.63000000,8122444.47785000,0
2025-10-07 17:00:00,2.033,2.052,2.001,2.01,3432308.56,2025-10-07 17:59:59.999,6936684.38965000,20416,1568073.07000000,3168700.57593000,0
2025-10-07 18:00:00,2.01,2.047,2.002,2.033,3501187.61,2025-10-07 18:59:59.999,7107705.36952000,22036,1514345.08000000,3074012.00990000,0
2025-10-07 19:00:00,2.033,2.061,2.029,2.057,2991910.73,2025-10-07 19:59:59.999,6125271.51272000,17952,1474178.78000000,3018172.82136000,0
2025-10-07 20:00:00,2.057,2.117,2.05,2.093,4074150.36,2025-10-07 20:59:59.999,8540373.55839000,19692,1873811.69000000,3926357.87241000,0
2025-10-07 21:00:00,2.094,2.108,2.043,2.052,2926179.81,2025-10-07 21:59:59.999,6087475.79104000,15890,1443708.04000000,3003886.68406000,0
2025-10-07 22:00:00,2.052,2.092,2.038,2.088,2039704.89,2025-10-07 22:59:59.999,4233008.89186000,12609,1159668.39000000,2409345.83827000,0
2025-10-07 23:00:00,2.089,2.092,2.042,2.045,3023909.04,2025-10-07 23:59:59.999,6246181.54963000,17654,1639292.25000000,3386597.88330000,0
2025-10-08 00:00:00,2.045,2.11,2.02,2.098,6875763.47,2025-10-08 00:59:59.999,14227791.86474000,29409,3025887.75000000,6263088.91678000,0
2025-10-08 01:00:00,2.099,2.103,2.007,2.024,6550464.59,2025-10-08 01:59:59.999,13374245.79197000,26699,2821545.34000000,5759358.34123000,0
2025-10-08 02:00:00,2.025,2.032,1.975,1.979,4475689.2,2025-10-08 02:59:59.999,8983372.20381000,19705,1883721.22000000,3787672.08430000,0
2025-10-08 03:00:00,1.979,1.981,1.902,1.933,8834266.98,2025-10-08 03:59:59.999,17139717.49411000,31061,3797974.79000000,7375623.12528000,0
2025-10-08 04:00:00,1.933,1.962,1.92,1.959,4701088.8,2025-10-08 04:59:59.999,9149649.54817000,20406,2505634.09000000,4877891.89016000,0
2025-10-08 05:00:00,1.959,1.96,1.933,1.957,3703290.38,2025-10-08 05:59:59.999,7211118.24121000,16584,1777370.71000000,3458603.78978000,0
2025-10-08 06:00:00,1.956,1.96,1.925,1.948,3675985.31,2025-10-08 06:59:59.999,7144611.72005000,14171,1334241.85000000,2594336.90171000,0
2025-10-08 07:00:00,1.947,1.989,1.928,1.985,4263936.87,2025-10-08 07:59:59.999,8337215.73942000,19941,2092732.84000000,4097512.36149000,0
2025-10-08 08:00:00,1.986,2.047,1.98,2.028,5641208.27,2025-10-08 08:59:59.999,11367215.20537000,23294,2632790.60000000,5315569.29193000,0
2025-10-08 09:00:00,2.028,2.039,1.985,2.024,4867841.98,2025-10-08 09:59:59.999,9806717.80067000,19790,2136261.97000000,4303985.35740000,0
2025-10-08 10:00:00,2.023,2.075,2.023,2.055,3895620.49,2025-10-08 10:59:59.999,7969887.36689000,21103,1791433.75000000,3667426.40738000,0
2025-10-08 11:00:00,2.055,2.074,2.031,2.04,3871822.69,2025-10-08 11:59:59.999,7952350.68463000,18744,1769921.81000000,3638036.72921000,0
2025-10-08 12:00:00,2.04,2.067,2.036,2.052,4506149.78,2025-10-08 12:59:59.999,9229329.06367000,19558,2602357.29000000,5329533.29724000,0
2025-10-08 13:00:00,2.051,2.056,2.0,2.011,5607435.66,2025-10-08 13:59:59.999,11337113.35022000,28845,2404998.02000000,4865363.93001000,0
2025-10-08 14:00:00,2.011,2.036,1.936,1.957,6745162.58,2025-10-08 14:59:59.999,13457925.52868000,29009,2607762.38000000,5211527.94492000,0
2025-10-08 15:00:00,1.957,1.993,1.955,1.971,4571649.47,2025-10-08 15:59:59.999,9029247.34553000,21682,2344741.74000000,4631559.58140000,0
2025-10-08 16:00:00,1.971,1.999,1.954,1.996,4158008.92,2025-10-08 16:59:59.999,8191661.48583000,17968,1633305.37000000,3220416.23116000,0
2025-10-08 17:00:00,1.995,2.028,1.98,1.999,4513715.62,2025-10-08 17:59:59.999,9059788.18534000,21259,2194301.30000000,4406909.66249000,0
2025-10-08 18:00:00,2.0,2.02,1.987,2.0,2917133.31,2025-10-08 18:59:59.999,5837322.29552000,14445,1438527.80000000,2879604.43270000,0
2025-10-08 19:00:00,2.0,2.004,1.966,1.972,2929654.05,2025-10-08 19:59:59.999,5812321.91310000,15255,1328418.24000000,2635093.09994000,0
2025-10-08 20:00:00,1.972,1.985,1.946,1.952,3105341.77,2025-10-08 20:59:59.999,6106248.99205000,15212,997089.95000000,1961540.28732000,0
2025-10-08 21:00:00,1.952,1.962,1.934,1.949,4097567.98,2025-10-08 21:59:59.999,7974608.01290000,16156,1619314.18000000,3153365.38666000,0
2025-10-08 22:00:00,1.949,1.967,1.914,1.92,2654284.24,2025-10-08 22:59:59.999,5153256.89396000,14021,1108779.13000000,2153346.54858000,0
2025-10-08 23:00:00,1.92,1.93,1.9,1.928,3415301.83,2025-10-08 23:59:59.999,6540071.47195000,14435,1385821.42000000,2654844.08388000,0
2025-10-09 00:00:00,1.928,1.928,1.852,1.878,6856999.84,2025-10-09 00:59:59.999,12891158.11115000,23710,2557796.64000000,4799010.45594000,0
2025-10-09 01:00:00,1.878,1.885,1.836,1.866,5442234.86,2025-10-09 01:59:59.999,10125989.50747000,16580,1930591.68000000,3593591.55910000,0
2025-10-09 02:00:00,1.867,1.869,1.769,1.792,9574507.13,2025-10-09 02:59:59.999,17297262.66473000,30474,4061356.71000000,7328147.78412000,0
2025-10-09 03:00:00,1.791,1.857,1.791,1.85,4433195.57,2025-10-09 03:59:59.999,8114321.07061000,16112,2185581.54000000,4003116.12303000,0
2025-10-09 04:00:00,1.849,1.88,1.841,1.878,2442695.31,2025-10-09 04:59:59.999,4543567.66008000,11305,1179825.82000000,2195962.60904000,0
2025-10-09 05:00:00,1.877,1.893,1.867,1.876,2368883.12,2025-10-09 05:59:59.999,4452145.48411000,12526,1164328.35000000,2189090.20933000,0
2025-10-09 06:00:00,1.876,1.89,1.849,1.853,3714688.92,2025-10-09 06:59:59.999,6961117.28528000,14225,1267608.58000000,2375646.54242000,0
2025-10-09 07:00:00,1.854,1.867,1.8,1.836,5984269.51,2025-10-09 07:59:59.999,10972512.57182000,23428,2790601.82000000,5113251.79377000,0
2025-10-09 08:00:00,1.837,1.84,1.76,1.791,9511139.87,2025-10-09 08:59:59.999,17006734.68667000,32917,3996136.33000000,7144822.64261000,0
2025-10-09 09:00:00,1.791,1.814,1.772,1.81,4801364.9,2025-10-09 09:59:59.999,8627646.83697000,20823,2006878.57000000,3609784.00624000,0
2025-10-09 10:00:00,1.811,1.82,1.777,1.797,4156303.44,2025-10-09 10:59:59.999,7474900.60197000,15897,1943649.07000000,3498704.98950000,0
2025-10-09 11:00:00,1.796,1.812,1.782,1.785,3700969.46,2025-10-09 11:59:59.999,6654184.24110000,14886,1546627.07000000,2780636.37828000,0
2025-10-09 12:00:00,1.786,1.846,1.786,1.828,5265040.38,2025-10-09 12:59:59.999,9604043.30432000,19148,2714327.88000000,4952675.54240000,0
2025-10-09 13:00:00,1.828,1.843,1.764,1.767,5748179.13,2025-10-09 13:59:59.999,10396007.60663000,22941,2724224.06000000,4926893.93669000,0
2025-10-09 14:00:00,1.767,1.79,1.56,1.681,27934687.9,2025-10-09 14:59:59.999,46760454.56852000,106363,13161543.33000000,21995005.09234000,0
2025-10-09 15:00:00,1.681,1.747,1.63,1.665,14228990.73,2025-10-09 15:59:59.999,24029061.47854000,54246,7066226.02000000,11960675.67394000,0
2025-10-09 16:00:00,1.665,1.696,1.61,1.617,9692378.81,2025-10-09 16:59:59.999,16075165.77035000,32321,4146995.17000000,6884109.25846000,0
2025-10-09 17:00:00,1.618,1.709,1.617,1.704,6835771.68,2025-10-09 17:59:59.999,11342409.62168000,28936,3348956.69000000,5558018.09473000,0
2025-10-09 18:00:00,1.703,1.707,1.661,1.68,3312416.95,2025-10-09 18:59:59.999,5575399.82004000,17725,1605394.46000000,2700851.59663000,0
2025-10-09 19:00:00,1.68,1.716,1.676,1.698,2643226.72,2025-10-09 19:59:59.999,4482272.55014000,14590,1466971.83000000,2488565.49208000,0
2025-10-09 20:00:00,1.699,1.719,1.672,1.679,2654804.41,2025-10-09 20:59:59.999,4499731.94992000,15641,1373960.64000000,2331177.72478000,0
2025-10-09 21:00:00,1.68,1.693,1.657,1.67,4272869.78,2025-10-09 21:59:59.999,7153285.88101000,15338,2278025.84000000,3816136.32195000,0
2025-10-09 22:00:00,1.669,1.702,1.659,1.689,1726305.8,2025-10-09 22:59:59.999,2914983.09942000,10078,961843.44000000,1624197.05761000,0
2025-10-09 23:00:00,1.689,1.7,1.675,1.681,1771330.09,2025-10-09 23:59:59.999,2986760.47643000,9328,872902.42000000,1472561.27814000,0
2025-10-10 00:00:00,1.682,1.727,1.68,1.702,3238439.74,2025-10-10 00:59:59.999,5536472.91055000,14240,1553357.81000000,2655422.97558000,0
2025-10-10 01:00:00,1.703,1.721,1.666,1.682,4229433.61,2025-10-10 01:59:59.999,7160704.34364000,13643,1792730.50000000,3033853.62540000,0
2025-10-10 02:00:00,1.682,1.683,1.602,1.608,10106120.84,2025-10-10 02:59:59.999,16548796.05080000,27921,4079519.05000000,6690028.06007000,0
2025-10-10 03:00:00,1.608,1.618,1.565,1.584,13872519.18,2025-10-10 03:59:59.999,22059373.86042000,46516,5680568.82000000,9046092.35081000,0
2025-10-10 04:00:00,1.583,1.615,1.543,1.558,8385244.48,2025-10-10 04:59:59.999,13219821.80686000,27161,3453540.33000000,5451015.62278000,0
2025-10-10 05:00:00,1.559,1.604,1.52,1.585,11422337.59,2025-10-10 05:59:59.999,17678636.02300000,33346,4829285.16000000,7493969.63607000,0
2025-10-10 06:00:00,1.584,1.594,1.552,1.569,8575510.9,2025-10-10 06:59:59.999,13472842.10281000,31939,4219287.94000000,6624619.39636000,0
2025-10-10 07:00:00,1.569,1.593,1.533,1.59,10029141.16,2025-10-10 07:59:59.999,15705742.75514000,37735,5166372.44000000,8099692.64115000,0
2025-10-10 08:00:00,1.59,1.634,1.572,1.622,10039876.27,2025-10-10 08:59:59.999,16178902.79874000,29338,4625634.83000000,7462138.02668000,0
2025-10-10 09:00:00,1.622,1.634,1.579,1.584,6022846.41,2025-10-10 09:59:59.999,9670376.31909000,23516,2776560.88000000,4458510.85339000,0
2025-10-10 10:00:00,1.584,1.615,1.53,1.611,5421600.26,2025-10-10 10:59:59.999,8646747.20445000,21730,2673552.63000000,4259944.34120000,0
2025-10-10 11:00:00,1.611,1.659,1.602,1.649,5080716.59,2025-10-10 11:59:59.999,8301714.23657000,22410,2921044.94000000,4776133.58415000,0
2025-10-10 12:00:00,1.648,1.652,1.6,1.617,4966319.6,2025-10-10 12:59:59.999,8084713.58163000,20008,2332791.76000000,3802991.96944000,0
2025-10-10 13:00:00,1.619,1.668,1.575,1.614,11172623.48,2025-10-10 13:59:59.999,18206313.69274000,42025,5420609.91000000,8833704.99763000,0
2025-10-10 14:00:00,1.615,1.631,1.555,1.572,13640361.95,2025-10-10 14:59:59.999,21676897.13918000,45061,5945073.57000000,9462876.51865000,0
2025-10-10 15:00:00,1.573,1.582,1.5,1.552,23258940.45,2025-10-10 15:59:59.999,35922532.53646000,78503,10746712.94000000,16604311.43968000,0
2025-10-10 16:00:00,1.551,1.68,1.548,1.676,15191192.82,2025-10-10 16:59:59.999,24662166.25951000,50723,8693502.65000000,14125084.86705000,0
2025-10-10 17:00:00,1.677,1.796,1.659,1.781,31999487.64,2025-10-10 17:59:59.999,55163920.86224000,125794,18737835.59000000,32340501.81597000,0
2025-10-10 18:00:00,1.781,1.81,1.728,1.755,24947147.45,2025-10-10 18:59:59.999,44377356.45651000,95571,14688826.97000000,26174153.57978000,0
2025-10-10 19:00:00,1.754,1.837,1.731,1.834,18259483.42,2025-10-10 19:59:59.999,32273688.07442000,57682,9348383.89000000,16534562.66489000,0
2025-10-10 20:00:00,1.833,1.846,1.614,1.669,24692558.88,2025-10-10 20:59:59.999,43477595.52566000,76258,12080525.97000000,21310304.51046000,0
2025-10-10 21:00:00,1.67,1.721,0.984,1.405,49354775.93,2025-10-10 21:59:59.999,69591247.48878000,238095,23143140.61000000,32678570.31325000,0
2025-10-10 22:00:00,1.405,1.416,1.297,1.387,50641391.33,2025-10-10 22:59:59.999,68499360.02997000,228081,33536252.36000000,45336817.15135000,0
2025-10-10 23:00:00,1.386,1.435,1.304,1.321,26075856.25,2025-10-10 23:59:59.999,35274428.52938000,114464,13539714.06000000,18311317.36554000,0
2025-10-11 00:00:00,1.32,1.332,1.252,1.305,18554184.91,2025-10-11 00:59:59.999,24011493.07080000,81257,8603077.57000000,11135409.11467000,0
2025-10-11 01:00:00,1.305,1.312,1.2,1.245,14489377.05,2025-10-11 01:59:59.999,18251513.39301000,62191,6348629.16000000,8005880.06102000,0
2025-10-11 02:00:00,1.245,1.386,1.245,1.382,14919153.01,2025-10-11 02:59:59.999,19887219.98295000,66628,7394606.66000000,9857557.59658000,0
2025-10-11 03:00:00,1.382,1.395,1.34,1.37,9982584.58,2025-10-11 03:59:59.999,13642127.17773000,41794,4567703.91000000,6244137.34236000,0
2025-10-11 04:00:00,1.37,1.378,1.321,1.352,8910414.42,2025-10-11 04:59:59.999,12030644.84644000,36200,4039622.66000000,5458531.41249000,0
2025-10-11 05:00:00,1.353,1.355,1.308,1.344,6512817.56,2025-10-11 05:59:59.999,8691170.21848000,25994,3084669.53000000,4116532.15307000,0
2025-10-11 06:00:00,1.345,1.391,1.345,1.351,10087141.23,2025-10-11 06:59:59.999,13835121.39764000,33248,4367289.51000000,5993322.38638000,0
2025-10-11 07:00:00,1.35,1.394,1.333,1.349,10279045.02,2025-10-11 07:59:59.999,13999596.02178000,37266,4767759.79000000,6497865.63973000,0
2025-10-11 08:00:00,1.35,1.408,1.337,1.393,10476880.81,2025-10-11 08:59:59.999,14470442.94576000,31689,4864723.36000000,6721716.15088000,0
2025-10-11 09:00:00,1.393,1.414,1.377,1.381,6957504.91,2025-10-11 09:59:59.999,9719820.46002000,27958,3205600.96000000,4480388.22494000,0
2025-10-11 10:00:00,1.382,1.391,1.351,1.366,6287530.33,2025-10-11 10:59:59.999,8630233.89053000,23158,2510351.43000000,3448568.71223000,0
2025-10-11 11:00:00,1.366,1.377,1.34,1.35,6467447.17,2025-10-11 11:59:59.999,8755266.08746000,23164,2648113.06000000,3588846.98390000,0
2025-10-11 12:00:00,1.35,1.373,1.315,1.329,6990109.25,2025-10-11 12:59:59.999,9386921.65741000,28027,3238443.90000000,4355623.75823000,0
2025-10-11 13:00:00,1.33,1.343,1.291,1.311,10468225.58,2025-10-11 13:59:59.999,13724572.65959000,35716,4120597.17000000,5409780.23938000,0
2025-10-11 14:00:00,1.312,1.312,1.271,1.277,9210146.06,2025-10-11 14:59:59.999,11862816.66604000,27602,3800948.63000000,4897234.08509000,0
2025-10-11 15:00:00,1.276,1.313,1.275,1.291,8007432.6,2025-10-11 15:59:59.999,10376813.60352000,25175,3173102.49000000,4114225.35471000,0
2025-10-11 16:00:00,1.291,1.316,1.262,1.283,7978813.12,2025-10-11 16:59:59.999,10264170.09904000,27025,3686242.32000000,4742049.52033000,0
2025-10-11 17:00:00,1.283,1.339,1.282,1.338,8274788.28,2025-10-11 17:59:59.999,10917480.84766000,26655,4148124.27000000,5473874.37301000,0
2025-10-11 18:00:00,1.338,1.356,1.317,1.345,5812785.65,2025-10-11 18:59:59.999,7768029.89096000,18877,2964285.76000000,3958817.80912000,0
2025-10-11 19:00:00,1.345,1.347,1.231,1.25,14672405.74,2025-10-11 19:59:59.999,18553101.99979000,40841,6836668.12000000,8614700.22807000,0
2025-10-11 20:00:00,1.249,1.255,1.161,1.184,14357443.63,2025-10-11 20:59:59.999,17404441.29446000,37984,7102005.71000000,8604223.92232000,0
2025-10-11 21:00:00,1.185,1.225,1.155,1.213,10197662.42,2025-10-11 21:59:59.999,12170173.81013000,27298,5003576.26000000,5980986.98965000,0
2025-10-11 22:00:00,1.212,1.237,1.209,1.216,4093608.78,2025-10-11 22:59:59.999,4999022.99323000,14513,2066406.90000000,2524001.11009000,0
2025-10-11 23:00:00,1.216,1.218,1.195,1.2,4420049.85,2025-10-11 23:59:59.999,5316038.98590000,13068,2000415.67000000,2406495.19581000,0
2025-10-12 00:00:00,1.2,1.216,1.165,1.174,6261206.67,2025-10-12 00:59:59.999,7479795.72925000,19520,2532596.50000000,3027238.99926000,0
2025-10-12 01:00:00,1.175,1.2,1.167,1.172,8347853.89,2025-10-12 01:59:59.999,9881171.79162000,21853,4580566.80000000,5425968.79106000,0
2025-10-12 02:00:00,1.172,1.214,1.16,1.192,9280998.1,2025-10-12 02:59:59.999,11009977.15553000,25854,5127126.85000000,6090557.70944000,0
2025-10-12 03:00:00,1.192,1.294,1.187,1.286,14565764.69,2025-10-12 03:59:59.999,18276684.91573000,36031,8122475.33000000,10191901.26123000,0
2025-10-12 04:00:00,1.285,1.312,1.277,1.287,7268327.5,2025-10-12 04:59:59.999,9392133.13478000,20510,3834613.91000000,4958829.47665000,0
2025-10-12 05:00:00,1.287,1.301,1.272,1.295,4080928.68,2025-10-12 05:59:59.999,5251551.44036000,12854,2248768.75000000,2896714.20017000,0
2025-10-12 06:00:00,1.295,1.329,1.288,1.303,6965513.43,2025-10-12 06:59:59.999,9104031.64638000,24096,3457167.13000000,4522340.64548000,0
2025-10-12 07:00:00,1.304,1.326,1.288,1.318,7983044.91,2025-10-12 07:59:59.999,10427119.35736000,24435,3801388.81000000,4964622.54977000,0
2025-10-12 08:00:00,1.318,1.323,1.281,1.288,6020626.65,2025-10-12 08:59:59.999,7840527.15389000,17443,2774261.56000000,3616448.33998000,0
2025-10-12 09:00:00,1.289,1.313,1.251,1.31,10493726.11,2025-10-12 09:59:59.999,13354376.30750000,22170,5544638.90000000,7065927.35295000,0
2025-10-12 10:00:00,1.311,1.33,1.295,1.298,8489869.96,2025-10-12 10:59:59.999,11111182.96750000,22244,4235245.14000000,5546726.16542000,0
2025-10-12 11:00:00,1.297,1.39,1.297,1.386,15265649.71,2025-10-12 11:59:59.999,20559293.99314000,35271,8503233.89000000,11438442.61936000,0
2025-10-12 12:00:00,1.385,1.478,1.38,1.42,31500235.28,2025-10-12 12:59:59.999,45177060.01118000,67514,15256274.05000000,21901616.97918000,0
2025-10-12 13:00:00,1.421,1.441,1.37,1.384,16595944.94,2025-10-12 13:59:59.999,23264386.33862000,41820,7807100.33000000,10963316.18835000,0
2025-10-12 14:00:00,1.385,1.479,1.382,1.463,22966615.11,2025-10-12 14:59:59.999,32969876.19160000,52946,12219075.75000000,17538935.32147000,0
2025-10-12 15:00:00,1.464,1.525,1.451,1.49,30188433.75,2025-10-12 15:59:59.999,44999810.25233000,74960,14612384.16000000,21795150.70798000,0
2025-10-12 16:00:00,1.49,1.523,1.461,1.499,21276446.08,2025-10-12 16:59:59.999,31772584.10763000,55257,10872351.38000000,16238054.33731000,0
2025-10-12 17:00:00,1.499,1.522,1.427,1.479,17535508.08,2025-10-12 17:59:59.999,26095316.09394000,46488,8290280.95000000,12325996.17874000,0
2025-10-12 18:00:00,1.48,1.506,1.454,1.478,8317760.05,2025-10-12 18:59:59.999,12316593.58749000,24611,4238965.12000000,6278661.79806000,0
2025-10-12 19:00:00,1.478,1.514,1.476,1.513,5955206.29,2025-10-12 19:59:59.999,8929904.84330000,17482,3358884.85000000,5040888.57454000,0
2025-10-12 20:00:00,1.513,1.536,1.481,1.487,9024263.33,2025-10-12 20:59:59.999,13575021.21502000,27288,4742977.38000000,7135595.75614000,0
2025-10-12 21:00:00,1.487,1.498,1.438,1.459,10080839.94,2025-10-12 21:59:59.999,14766381.22229000,28356,5079925.45000000,7445044.00107000,0
2025-10-12 22:00:00,1.459,1.486,1.449,1.47,5676709.85,2025-10-12 22:59:59.999,8335169.64507000,21838,2943749.33000000,4324223.06860000,0
2025-10-12 23:00:00,1.47,1.495,1.44,1.485,6391676.72,2025-10-12 23:59:59.999,9404305.96702000,21184,3175773.09000000,4676543.88978000,0
2025-10-13 00:00:00,1.484,1.501,1.454,1.484,7459879.0,2025-10-13 00:59:59.999,10987774.34725000,24253,3899883.31000000,5743484.80132000,0
2025-10-13 01:00:00,1.483,1.503,1.473,1.496,6401548.58,2025-10-13 01:59:59.999,9530301.32459000,20302,3083804.76000000,4589572.36487000,0
2025-10-13 02:00:00,1.496,1.517,1.47,1.516,6721465.56,2025-10-13 02:59:59.999,10022644.94034000,20232,3690230.77000000,5501721.08274000,0
2025-10-13 03:00:00,1.517,1.534,1.488,1.5,6762640.79,2025-10-13 03:59:59.999,10251704.32827000,19518,3461624.43000000,5247511.04415000,0
2025-10-13 04:00:00,1.499,1.51,1.463,1.48,8046317.61,2025-10-13 04:59:59.999,11923705.41542000,19488,4271014.14000000,6331912.08935000,0
2025-10-13 05:00:00,1.481,1.491,1.452,1.459,5947586.93,2025-10-13 05:59:59.999,8754193.39123000,16508,2982367.16000000,4390934.54848000,0
2025-10-13 06:00:00,1.459,1.501,1.448,1.5,6495462.22,2025-10-13 06:59:59.999,9602375.09307000,18430,3283636.97000000,4857302.48439000,0
2025-10-13 07:00:00,1.5,1.57,1.49,1.56,11903537.12,2025-10-13 07:59:59.999,18262135.49779000,28673,6764805.86000000,10382870.67669000,0
2025-10-13 08:00:00,1.559,1.595,1.549,1.589,12708929.64,2025-10-13 08:59:59.999,20052443.49771000,31013,7150446.99000000,11290545.00387000,0
2025-10-13 09:00:00,1.589,1.591,1.532,1.544,12236118.25,2025-10-13 09:59:59.999,19050447.28844000,30885,5233582.82000000,8157450.90970000,0
2025-10-13 10:00:00,1.543,1.551,1.519,1.539,8303071.29,2025-10-13 10:59:59.999,12728126.98170000,20107,3709627.44000000,5686632.31805000,0
2025-10-13 11:00:00,1.539,1.541,1.433,1.452,19100941.61,2025-10-13 11:59:59.999,28211826.51216000,45708,9247442.78000000,13655770.80507000,0
2025-10-13 12:00:00,1.452,1.478,1.432,1.461,9574887.16,2025-10-13 12:59:59.999,13923030.25531000,26923,4801353.14000000,6983782.61692000,0
2025-10-13 13:00:00,1.462,1.519,1.445,1.505,14307890.08,2025-10-13 13:59:59.999,21215174.10635000,41037,6815052.18000000,10109376.12048000,0
2025-10-13 14:00:00,1.505,1.509,1.402,1.425,14577749.17,2025-10-13 14:59:59.999,21170367.19281000,39867,7136374.22000000,10363448.96670000,0
2025-10-13 15:00:00,1.425,1.465,1.422,1.454,8052940.26,2025-10-13 15:59:59.999,11634086.82154000,22651,4065713.04000000,5874089.24682000,0
2025-10-13 16:00:00,1.454,1.46,1.352,1.414,31015512.81,2025-10-13 16:59:59.999,43320363.96514000,66742,13106884.29000000,18317212.37609000,0
2025-10-13 17:00:00,1.414,1.438,1.401,1.435,7727719.8,2025-10-13 17:59:59.999,10934665.27692000,22650,3506377.97000000,4963913.22920000,0
2025-10-13 18:00:00,1.434,1.439,1.368,1.374,11986226.25,2025-10-13 18:59:59.999,16862999.53191000,28537,5042702.36000000,7093834.61719000,0
2025-10-13 19:00:00,1.374,1.495,1.371,1.474,20666989.31,2025-10-13 19:59:59.999,29735801.37120000,51856,9580647.30000000,13795035.78393000,0
2025-10-13 20:00:00,1.475,1.5,1.459,1.498,8465681.02,2025-10-13 20:59:59.999,12492410.10579000,26116,3463734.45000000,5114382.90789000,0
2025-10-13 21:00:00,1.498,1.499,1.451,1.463,6188357.19,2025-10-13 21:59:59.999,9128311.77702000,18472,2210454.65000000,3264915.61811000,0
2025-10-13 22:00:00,1.462,1.472,1.431,1.442,9281397.94,2025-10-13 22:59:59.999,13423621.09382000,29431,4376993.80000000,6332639.12355000,0
2025-10-13 23:00:00,1.442,1.464,1.436,1.451,5460869.21,2025-10-13 23:59:59.999,7914699.01042000,21484,2835639.47000000,4111715.23765000,0
2025-10-14 00:00:00,1.451,1.493,1.442,1.462,9394198.44,2025-10-14 00:59:59.999,13813409.85274000,28890,4929466.42000000,7250171.87077000,0
2025-10-14 01:00:00,1.461,1.468,1.436,1.452,10686878.18,2025-10-14 01:59:59.999,15489022.30569000,28452,5451423.16000000,7905424.75200000,0
2025-10-14 02:00:00,1.451,1.47,1.432,1.447,9756474.0,2025-10-14 02:59:59.999,14131822.81213000,25904,4979396.28000000,7213864.05072000,0
2025-10-14 03:00:00,1.446,1.448,1.403,1.408,11801505.6,2025-10-14 03:59:59.999,16755922.76761000,27059,6001103.60000000,8528835.63736000,0
2025-10-14 04:00:00,1.409,1.433,1.385,1.394,8071911.66,2025-10-14 04:59:59.999,11378674.20682000,22750,3609203.73000000,5083940.36294000,0
2025-10-14 05:00:00,1.394,1.414,1.388,1.4,6363737.84,2025-10-14 05:59:59.999,8917939.21444000,19085,3260548.69000000,4572878.53734000,0
2025-10-14 06:00:00,1.4,1.419,1.323,1.346,17182104.2,2025-10-14 06:59:59.999,23421238.01965000,42328,7780109.35000000,10601246.63467000,0
2025-10-14 07:00:00,1.346,1.37,1.327,1.339,12780301.61,2025-10-14 07:59:59.999,17176875.14100000,30911,6271554.42000000,8429885.38081000,0
2025-10-14 08:00:00,1.339,1.359,1.312,1.351,10244837.35,2025-10-14 08:59:59.999,13682979.37248000,32218,5516962.34000000,7371795.84486000,0
2025-10-14 09:00:00,1.351,1.372,1.337,1.344,7019924.08,2025-10-14 09:59:59.999,9519462.01205000,24256,2823854.98000000,3830010.46353000,0
2025-10-14 10:00:00,1.343,1.345,1.301,1.337,8329964.63,2025-10-14 10:59:59.999,11024905.52207000,25741,3616505.63000000,4789302.24246000,0
2025-10-14 11:00:00,1.337,1.362,1.334,1.351,6365405.66,2025-10-14 11:59:59.999,8579608.85353000,18222,3079703.41000000,4151287.29499000,0
2025-10-14 12:00:00,1.352,1.355,1.315,1.327,6377736.49,2025-10-14 12:59:59.999,8507532.05233000,15925,2496990.10000000,3331359.40334000,0
2025-10-14 13:00:00,1.328,1.359,1.304,1.351,14037607.12,2025-10-14 13:59:59.999,18683639.78885000,31299,6709868.77000000,8938775.26038000,0
2025-10-14 14:00:00,1.35,1.399,1.344,1.367,12996226.08,2025-10-14 14:59:59.999,17851013.28316000,32330,5718510.51000000,7854276.87586000,0
2025-10-14 15:00:00,1.367,1.445,1.361,1.444,16385355.69,2025-10-14 15:59:59.999,22911602.20925000,34684,8635101.00000000,12092686.72503000,0
2025-10-14 16:00:00,1.445,1.496,1.425,1.455,27196685.63,2025-10-14 16:59:59.999,39876085.97185000,52918,13316864.93000000,19539607.21118000,0
2025-10-14 17:00:00,1.454,1.473,1.423,1.468,15698272.1,2025-10-14 17:59:59.999,22770296.07803000,35740,6285645.89000000,9123884.88222000,0
2025-10-14 18:00:00,1.469,1.5,1.452,1.462,11222706.46,2025-10-14 18:59:59.999,16594969.53471000,28093,5493105.54000000,8125425.46344000,0
2025-10-14 19:00:00,1.461,1.489,1.428,1.445,11398731.69,2025-10-14 19:59:59.999,16563523.98245000,28273,4807657.00000000,6990983.42135000,0
2025-10-14 20:00:00,1.445,1.485,1.436,1.473,6021462.91,2025-10-14 20:59:59.999,8792238.65163000,16640,2706797.95000000,3954673.01679000,0
2025-10-14 21:00:00,1.473,1.497,1.465,1.491,3172886.42,2025-10-14 21:59:59.999,4703402.67333000,8375,1647407.75000000,2444342.62255000,0
2025-10-14 22:00:00,1.491,1.516,1.471,1.491,7570013.21,2025-10-14 22:59:59.999,11313893.11031000,18390,4354041.43000000,6510256.06304000,0
2025-10-14 23:00:00,1.49,1.529,1.489,1.502,6926618.0,2025-10-14 23:59:59.999,10480570.39696000,15872,3399116.03000000,5144149.68703000,0
2025-10-15 00:00:00,1.503,1.509,1.475,1.481,5294380.27,2025-10-15 00:59:59.999,7877959.80334000,13931,2780995.66000000,4140323.83914000,0
2025-10-15 01:00:00,1.481,1.485,1.452,1.476,4911275.15,2025-10-15 01:59:59.999,7210760.15459000,12893,2400004.53000000,3524754.59211000,0
2025-10-15 02:00:00,1.476,1.51,1.475,1.484,4790229.7,2025-10-15 02:59:59.999,7154948.15968000,14030,2390809.09000000,3571177.51482000,0
2025-10-15 03:00:00,1.483,1.485,1.455,1.464,3708184.94,2025-10-15 03:59:59.999,5446374.90867000,11042,1994689.07000000,2930324.42549000,0
2025-10-15 04:00:00,1.464,1.492,1.449,1.481,4204358.55,2025-10-15 04:59:59.999,6165406.18277000,9565,1719818.67000000,2526698.73477000,0
2025-10-15 05:00:00,1.481,1.485,1.455,1.471,4142608.72,2025-10-15 05:59:59.999,6086521.17957000,9242,1985284.56000000,2916216.70386000,0
2025-10-15 06:00:00,1.471,1.522,1.451,1.519,7028727.64,2025-10-15 06:59:59.999,10464362.13609000,16394,3688396.79000000,5492755.35617000,0
2025-10-15 07:00:00,1.519,1.53,1.506,1.525,9230828.42,2025-10-15 07:59:59.999,14014586.81511000,23410,4940768.06000000,7500800.23724000,0
2025-10-15 08:00:00,1.524,1.538,1.505,1.507,7299055.82,2025-10-15 08:59:59.999,11116440.38948000,14918,3851655.37000000,5869911.77842000,0
2025-10-15 09:00:00,1.508,1.518,1.465,1.47,6406781.19,2025-10-15 09:59:59.999,9533830.92744000,15906,3207087.96000000,4773092.36660000,0
2025-10-15 10:00:00,1.47,1.482,1.455,1.464,4360186.96,2025-10-15 10:59:59.999,6402919.64229000,10323,2054300.53000000,3018225.75450000,0
2025-10-15 11:00:00,1.464,1.475,1.454,1.457,4600390.41,2025-10-15 11:59:59.999,6737140.52404000,10887,2279833.25000000,3339562.07874000,0
2025-10-15 12:00:00,1.457,1.474,1.454,1.464,5595499.65,2025-10-15 12:59:59.999,8197861.28439000,12735,2559231.67000000,3749370.35739000,0
2025-10-15 13:00:00,1.465,1.47,1.406,1.437,17110729.53,2025-10-15 13:59:59.999,24575207.59162000,33583,7170549.23000000,10312815.11749000,0
2025-10-15 14:00:00,1.436,1.458,1.408,1.42,8810183.47,2025-10-15 14:59:59.999,12621214.06629000,22847,3663393.63000000,5248896.81632000,0
2025-10-15 15:00:00,1.42,1.435,1.373,1.393,11775042.09,2025-10-15 15:59:59.999,16537462.69512000,25871,4319000.98000000,6072738.54441000,0
2025-10-15 16:00:00,1.393,1.418,1.38,1.4,8247568.83,2025-10-15 16:59:59.999,11527263.07765000,20167,3907997.60000000,5463430.43498000,0
2025-10-15 17:00:00,1.401,1.402,1.367,1.399,7744537.14,2025-10-15 17:59:59.999,10752105.98139000,18886,2737683.10000000,3803043.49900000,0
2025-10-15 18:00:00,1.398,1.411,1.382,1.408,3717552.76,2025-10-15 18:59:59.999,5184194.96771000,11549,1634207.79000000,2280624.80456000,0
2025-10-15 19:00:00,1.407,1.408,1.371,1.379,4146193.24,2025-10-15 19:59:59.999,5767056.81106000,11862,1927123.87000000,2681868.20559000,0
2025-10-15 20:00:00,1.378,1.4,1.321,1.341,12687064.32,2025-10-15 20:59:59.999,17185474.08824000,25305,4876632.19000000,6616505.36001000,0
2025-10-15 21:00:00,1.341,1.357,1.311,1.313,8868759.29,2025-10-15 21:59:59.999,11818101.95436000,21152,3163698.33000000,4217407.36714000,0
2025-10-15 22:00:00,1.314,1.325,1.262,1.273,15227478.32,2025-10-15 22:59:59.999,19767058.32429000,36399,5586309.22000000,7247250.79771000,0
2025-10-15 23:00:00,1.272,1.3,1.263,1.282,7270070.54,2025-10-15 23:59:59.999,9313646.11234000,21373,3211133.74000000,4115505.12461000,0
2025-10-16 00:00:00,1.282,1.296,1.267,1.268,7222563.32,2025-10-16 00:59:59.999,9228583.04377000,18478,2798837.40000000,3579131.41171000,0
2025-10-16 01:00:00,1.268,1.308,1.268,1.302,7457167.4,2025-10-16 01:59:59.999,9612534.01131000,18493,3940642.81000000,5081682.65415000,0
2025-10-16 02:00:00,1.302,1.32,1.296,1.309,5763343.48,2025-10-16 02:59:59.999,7539046.85165000,13929,3136447.08000000,4104382.04920000,0
2025-10-16 03:00:00,1.309,1.316,1.3,1.309,2576771.91,2025-10-16 03:59:59.999,3372307.09938000,7196,1318448.82000000,1725690.32117000,0
2025-10-16 04:00:00,1.308,1.328,1.29,1.29,3031357.93,2025-10-16 04:59:59.999,3968301.96400000,9562,1259098.41000000,1649601.31945000,0
2025-10-16 05:00:00,1.291,1.323,1.29,1.31,3193736.8,2025-10-16 05:59:59.999,4174238.14971000,10102,1631180.17000000,2133863.17253000,0
2025-10-16 06:00:00,1.31,1.35,1.307,1.335,7294198.14,2025-10-16 06:59:59.999,9715695.31048000,15881,3090379.56000000,4116860.00088000,0
2025-10-16 07:00:00,1.335,1.34,1.313,1.327,5176155.82,2025-10-16 07:59:59.999,6858181.27099000,13088,2293781.23000000,3039809.77612000,0
2025-10-16 08:00:00,1.328,1.334,1.304,1.317,4900556.23,2025-10-16 08:59:59.999,6459714.31364000,11074,2378206.83000000,3135202.66521000,0
2025-10-16 09:00:00,1.317,1.326,1.183,1.268,36086991.83,2025-10-16 09:59:59.999,45371641.07614000,62465,13848067.64000000,17402163.01003000,0
2025-10-16 10:00:00,1.268,1.3,1.265,1.286,8165583.04,2025-10-16 10:59:59.999,10474367.93296000,20309,3733932.49000000,4794855.12213000,0
2025-10-16 11:00:00,1.285,1.292,1.268,1.291,3914986.42,2025-10-16 11:59:59.999,5010646.69918000,12215,1655376.69000000,2121071.85582000,0
2025-10-16 12:00:00,1.291,1.364,1.287,1.348,20011930.94,2025-10-16 12:59:59.999,26735087.42845000,40056,11498921.40000000,15364871.17964000,0
2025-10-16 13:00:00,1.348,1.361,1.328,1.336,10598399.56,2025-10-16 13:59:59.999,14227620.33144000,28964,5147902.76000000,6916172.01074000,0
2025-10-16 14:00:00,1.337,1.342,1.285,1.317,16402370.58,2025-10-16 14:59:59.999,21510013.64337000,38857,7789407.69000000,10222885.35025000,0
2025-10-16 15:00:00,1.318,1.321,1.246,1.252,18665016.21,2025-10-16 15:59:59.999,23913808.69779000,40100,9069707.59000000,11627181.52216000,0
2025-10-16 16:00:00,1.252,1.316,1.229,1.296,28172495.33,2025-10-16 16:59:59.999,35561367.58004000,51724,15909495.11000000,20113039.02415000,0
2025-10-16 17:00:00,1.297,1.297,1.275,1.284,7273952.18,2025-10-16 17:59:59.999,9341877.30125000,21715,2888006.00000000,3709793.56845000,0
2025-10-16 18:00:00,1.284,1.3,1.268,1.29,6380716.97,2025-10-16 18:59:59.999,8206560.31590000,18906,2530326.25000000,3255219.80345000,0
2025-10-16 19:00:00,1.29,1.292,1.242,1.257,7317857.06,2025-10-16 19:59:59.999,9248917.66726000,20767,3330507.72000000,4212991.74218000,0
2025-10-16 20:00:00,1.258,1.265,1.234,1.247,5299315.84,2025-10-16 20:59:59.999,6636311.47382000,15468,2346990.69000000,2940785.41652000,0
2025-10-16 21:00:00,1.247,1.278,1.24,1.276,3860176.86,2025-10-16 21:59:59.999,4864843.78067000,9830,1961459.51000000,2477249.99145000,0
2025-10-16 22:00:00,1.276,1.282,1.246,1.248,3695802.9,2025-10-16 22:59:59.999,4674365.57720000,8786,1468556.60000000,1856423.36465000,0
2025-10-16 23:00:00,1.247,1.269,1.245,1.257,2432415.55,2025-10-16 23:59:59.999,3055395.84835000,6974,1193078.40000000,1499172.77484000,0
2025-10-17 00:00:00,1.257,1.262,1.241,1.257,5338989.18,2025-10-17 00:59:59.999,6677649.65053000,13345,2368436.82000000,2961588.67741000,0
2025-10-17 01:00:00,1.257,1.278,1.249,1.255,4189319.6,2025-10-17 01:59:59.999,5302310.76745000,10321,1986625.11000000,2516361.45709000,0
2025-10-17 02:00:00,1.254,1.274,1.249,1.271,3400881.72,2025-10-17 02:59:59.999,4285031.78526000,9175,1922087.90000000,2421269.91211000,0
2025-10-17 03:00:00,1.272,1.287,1.265,1.279,2721722.49,2025-10-17 03:59:59.999,3470742.62840000,8308,1315703.85000000,1678628.13757000,0
2025-10-17 04:00:00,1.28,1.288,1.269,1.274,2605251.68,2025-10-17 04:59:59.999,3332056.83743000,6669,1060101.99000000,1356152.80390000,0
2025-10-17 05:00:00,1.273,1.289,1.261,1.266,3482268.72,2025-10-17 05:59:59.999,4437313.34200000,9253,1575620.93000000,2009178.19048000,0
2025-10-17 06:00:00,1.266,1.279,1.155,1.165,19835524.34,2025-10-17 06:59:59.999,23954290.47384000,40901,7116735.27000000,8592764.25686000,0
2025-10-17 07:00:00,1.164,1.164,1.054,1.074,42082755.88,2025-10-17 07:59:59.999,46775207.64246000,82510,17764580.81000000,19741002.24040000,0
2025-10-17 08:00:00,1.073,1.106,1.05,1.078,24576109.12,2025-10-17 08:59:59.999,26585017.05941000,49011,11985960.08000000,12980771.60997000,0
2025-10-17 09:00:00,1.079,1.127,1.077,1.085,13695246.15,2025-10-17 09:59:59.999,15075367.78839000,26543,6446313.95000000,7093438.41402000,0
2025-10-17 10:00:00,1.085,1.09,1.02,1.05,25430562.59,2025-10-17 10:59:59.999,26726297.66490000,47200,9528971.48000000,10007602.21663000,0
2025-10-17 11:00:00,1.05,1.117,1.049,1.078,29039518.63,2025-10-17 11:59:59.999,31636892.08564000,47339,11813903.77000000,12864080.33770000,0
2025-10-17 12:00:00,1.079,1.095,1.068,1.072,12514054.15,2025-10-17 12:59:59.999,13516076.31398000,21570,5432014.71000000,5871220.71922000,0
2025-10-17 13:00:00,1.073,1.106,1.059,1.083,18112349.46,2025-10-17 13:59:59.999,19671673.15247000,32238,9486809.34000000,10313623.39130000,0
2025-10-17 14:00:00,1.083,1.088,1.044,1.064,13325556.92,2025-10-17 14:59:59.999,14205824.37516000,24904,6799612.68000000,7254232.79639000,0
2025-10-17 15:00:00,1.064,1.102,1.053,1.1,10153709.95,2025-10-17 15:59:59.999,10904563.83973000,23261,4932599.22000000,5306198.49723000,0
2025-10-17 16:00:00,1.101,1.145,1.096,1.126,19445198.67,2025-10-17 16:59:59.999,21879321.41444000,37115,9757786.91000000,10973673.58901000,0
2025-10-17 17:00:00,1.127,1.14,1.113,1.124,9728315.02,2025-10-17 17:59:59.999,10963300.62193000,23290,4960007.86000000,5594807.78367000,0
2025-10-17 18:00:00,1.124,1.153,1.122,1.13,8021959.41,2025-10-17 18:59:59.999,9100330.58640000,18309,3741482.68000000,4248876.89481000,0
2025-10-17 19:00:00,1.13,1.136,1.106,1.123,6390931.02,2025-10-17 19:59:59.999,7167971.22097000,11283,2747197.70000000,3080121.52342000,0
2025-10-17 20:00:00,1.123,1.152,1.113,1.15,4644055.28,2025-10-17 20:59:59.999,5278759.39837000,9800,2480197.20000000,2821606.18441000,0
2025-10-17 21:00:00,1.15,1.175,1.149,1.163,6838110.6,2025-10-17 21:59:59.999,7948048.51192000,12990,4294257.70000000,4990184.93238000,0
2025-10-17 22:00:00,1.163,1.171,1.149,1.167,3420845.54,2025-10-17 22:59:59.999,3958278.89212000,8143,1583617.50000000,1832973.24554000,0
2025-10-17 23:00:00,1.168,1.169,1.148,1.158,3530057.79,2025-10-17 23:59:59.999,4081785.32553000,8371,2004481.17000000,2317052.69301000,0
2025-10-18 00:00:00,1.158,1.177,1.15,1.158,5174463.08,2025-10-18 00:59:59.999,6038786.74006000,12140,2939970.22000000,3431576.88597000,0
2025-10-18 01:00:00,1.158,1.184,1.158,1.173,3603488.85,2025-10-18 01:59:59.999,4227607.38617000,9252,1712299.70000000,2008151.26621000,0
2025-10-18 02:00:00,1.174,1.189,1.155,1.162,4117732.11,2025-10-18 02:59:59.999,4831465.59078000,10964,2135427.17000000,2507844.64638000,0
2025-10-18 03:00:00,1.162,1.177,1.159,1.163,2251761.58,2025-10-18 03:59:59.999,2628285.55760000,6842,1003098.42000000,1171410.47666000,0
2025-10-18 04:00:00,1.162,1.21,1.139,1.179,34751923.67,2025-10-18 04:59:59.999,41013318.51354000,53413,21366401.30000000,25221306.93022000,0
2025-10-18 05:00:00,1.179,1.204,1.178,1.193,6252298.43,2025-10-18 05:59:59.999,7449459.24969000,12248,3077931.38000000,3669655.48296000,0
2025-10-18 06:00:00,1.192,1.205,1.186,1.2,4335106.66,2025-10-18 06:59:59.999,5181115.20808000,10504,2150331.17000000,2569257.03531000,0
2025-10-18 07:00:00,1.199,1.237,1.198,1.212,9254765.92,2025-10-18 07:59:59.999,11302126.03822000,21767,4457750.52000000,5441417.75058000,0
2025-10-18 08:00:00,1.211,1.232,1.194,1.196,4862038.14,2025-10-18 08:59:59.999,5905964.88870000,14300,2372121.23000000,2885121.31637000,0
2025-10-18 09:00:00,1.195,1.224,1.178,1.219,7731139.54,2025-10-18 09:59:59.999,9270406.19716000,16155,3850284.90000000,4615865.23270000,0
2025-10-18 10:00:00,1.22,1.225,1.186,1.196,5953370.63,2025-10-18 10:59:59.999,7206742.67867000,13371,2979122.05000000,3605711.03682000,0
2025-10-18 11:00:00,1.196,1.21,1.182,1.197,5905716.69,2025-10-18 11:59:59.999,7067647.16179000,13497,2676117.67000000,3206025.58076000,0
2025-10-18 12:00:00,1.197,1.207,1.181,1.183,2798337.62,2025-10-18 12:59:59.999,3334122.03883000,8678,1116087.46000000,1330827.27011000,0
2025-10-18 13:00:00,1.183,1.183,1.156,1.164,6333851.02,2025-10-18 13:59:59.999,7406507.35139000,15023,2673788.96000000,3126331.49077000,0
2025-10-18 14:00:00,1.164,1.184,1.152,1.178,4249003.33,2025-10-18 14:59:59.999,4969730.26739000,12168,1944312.91000000,2275404.15218000,0
2025-10-18 15:00:00,1.178,1.184,1.156,1.161,4436021.86,2025-10-18 15:59:59.999,5180137.83516000,10136,1673760.68000000,1957169.10022000,0
2025-10-18 16:00:00,1.161,1.164,1.121,1.147,7001155.9,2025-10-18 16:59:59.999,7986289.10392000,14287,2716220.23000000,3098253.81588000,0
2025-10-18 17:00:00,1.146,1.193,1.138,1.188,4850760.6,2025-10-18 17:59:59.999,5649382.64550000,10528,2635211.05000000,3068902.95605000,0
2025-10-18 18:00:00,1.188,1.191,1.176,1.186,2381974.41,2025-10-18 18:59:59.999,2819143.46798000,6196,1212830.41000000,1435891.39555000,0
2025-10-18 19:00:00,1.185,1.197,1.178,1.187,1840634.31,2025-10-18 19:59:59.999,2183660.36709000,5111,880463.32000000,1045301.28905000,0
2025-10-18 20:00:00,1.186,1.199,1.177,1.178,3288077.13,2025-10-18 20:59:59.999,3910277.08346000,7625,1393968.85000000,1658686.09120000,0
2025-10-18 21:00:00,1.178,1.184,1.171,1.176,1921030.8,2025-10-18 21:59:59.999,2260565.35746000,4682,703304.58000000,828353.49709000,0
2025-10-18 22:00:00,1.177,1.186,1.17,1.174,1217108.03,2025-10-18 22:59:59.999,1431727.96450000,3769,649094.78000000,764057.02015000,0
2025-10-18 23:00:00,1.173,1.182,1.166,1.177,1536928.92,2025-10-18 23:59:59.999,1802956.06284000,4124,809856.14000000,950205.50256000,0
2025-10-19 00:00:00,1.176,1.181,1.159,1.168,2677955.25,2025-10-19 00:59:59.999,3134712.81599000,6633,1316715.25000000,1543914.38367000,0
2025-10-19 01:00:00,1.168,1.171,1.157,1.161,1477663.72,2025-10-19 01:59:59.999,1718554.86247000,5601,694406.90000000,808472.23737000,0
2025-10-19 02:00:00,1.162,1.168,1.148,1.15,2835354.75,2025-10-19 02:59:59.999,3280967.80018000,5863,984833.88000000,1140638.36979000,0
2025-10-19 03:00:00,1.149,1.188,1.147,1.187,3573539.12,2025-10-19 03:59:59.999,4182880.75544000,8948,2181192.35000000,2554437.23341000,0
2025-10-19 04:00:00,1.186,1.186,1.175,1.177,1761633.79,2025-10-19 04:59:59.999,2080309.59040000,5401,984056.52000000,1162532.64405000,0
2025-10-19 05:00:00,1.176,1.183,1.158,1.163,1426829.35,2025-10-19 05:59:59.999,1670245.31539000,5151,705797.51000000,826120.96671000,0
2025-10-19 06:00:00,1.162,1.167,1.133,1.136,3976205.36,2025-10-19 06:59:59.999,4560290.89831000,8840,1697449.52000000,1950203.36959000,0
2025-10-19 07:00:00,1.136,1.147,1.134,1.144,2105586.35,2025-10-19 07:59:59.999,2404003.17704000,5987,979209.33000000,1118331.48614000,0
2025-10-19 08:00:00,1.144,1.166,1.133,1.136,5702418.23,2025-10-19 08:59:59.999,6537344.29048000,14068,2646099.01000000,3033136.35503000,0
2025-10-19 09:00:00,1.135,1.179,1.117,1.176,10736828.03,2025-10-19 09:59:59.999,12367113.34348000,21737,5640467.86000000,6498702.54042000,0
2025-10-19 10:00:00,1.177,1.217,1.167,1.201,17704665.54,2025-10-19 10:59:59.999,21205638.19700000,30617,8418463.74000000,10068540.19806000,0
2025-10-19 11:00:00,1.201,1.209,1.186,1.201,5651254.82,2025-10-19 11:59:59.999,6777711.61271000,15563,2993406.39000000,3591274.94960000,0
2025-10-19 12:00:00,1.201,1.202,1.173,1.18,4748298.5,2025-10-19 12:59:59.999,5618233.56840000,11936,1818391.84000000,2153207.98361000,0
2025-10-19 13:00:00,1.181,1.209,1.176,1.203,4310778.05,2025-10-19 13:59:59.999,5141640.90362000,12407,2286518.11000000,2727350.75071000,0
2025-10-19 14:00:00,1.203,1.223,1.185,1.213,7196114.54,2025-10-19 14:59:59.999,8705646.70639000,17313,3698624.81000000,4476876.70031000,0
2025-10-19 15:00:00,1.213,1.215,1.201,1.205,2830462.14,2025-10-19 15:59:59.999,3421283.56851000,7654,1306783.66000000,1579883.52763000,0
2025-10-19 16:00:00,1.205,1.213,1.193,1.202,4020086.38,2025-10-19 16:59:59.999,4834432.79820000,9134,2218024.05000000,2668105.87792000,0
2025-10-19 17:00:00,1.202,1.22,1.195,1.197,5132759.21,2025-10-19 17:59:59.999,6213507.83084000,12513,2835369.23000000,3436016.07462000,0
2025-10-19 18:00:00,1.197,1.243,1.195,1.24,13679669.43,2025-10-19 18:59:59.999,16719241.05759000,26824,6504442.88000000,7940419.86581000,0
2025-10-19 19:00:00,1.239,1.24,1.213,1.22,5168721.9,2025-10-19 19:59:59.999,6334313.60454000,12589,2611190.39000000,3205837.93249000,0
2025-10-19 20:00:00,1.22,1.224,1.209,1.216,1926248.46,2025-10-19 20:59:59.999,2339384.36297000,5059,913030.98000000,1109106.04716000,0
2025-10-19 21:00:00,1.216,1.217,1.202,1.21,1532496.14,2025-10-19 21:59:59.999,1852453.77376000,3700,844453.79000000,1020974.08175000,0
2025-10-19 22:00:00,1.211,1.226,1.208,1.209,1937692.24,2025-10-19 22:59:59.999,2357405.11856000,5724,917158.34000000,1116491.76887000,0
2025-10-19 23:00:00,1.208,1.209,1.194,1.2,4478004.16,2025-10-19 23:59:59.999,5377604.23333000,8335,1309862.86000000,1573699.60819000,0
2025-10-20 00:00:00,1.2,1.2,1.158,1.17,7511217.02,2025-10-20 00:59:59.999,8816998.98239000,16047,3260765.92000000,3826758.06388000,0
2025-10-20 01:00:00,1.169,1.178,1.159,1.163,3242845.37,2025-10-20 01:59:59.999,3786829.58278000,8806,1566897.76000000,1829800.43248000,0
2025-10-20 02:00:00,1.163,1.179,1.148,1.172,5141104.65,2025-10-20 02:59:59.999,5981833.38669000,10543,2422241.94000000,2822627.54191000,0
2025-10-20 03:00:00,1.173,1.221,1.165,1.218,4200868.51,2025-10-20 03:59:59.999,5010723.51273000,11021,2108890.11000000,2518751.91046000,0
2025-10-20 04:00:00,1.218,1.25,1.215,1.242,7394548.69,2025-10-20 04:59:59.999,9106600.22717000,15799,3534453.75000000,4353096.22027000,0
2025-10-20 05:00:00,1.243,1.243,1.223,1.233,4524586.37,2025-10-20 05:59:59.999,5573124.91471000,9885,2020046.99000000,2488792.84603000,0
2025-10-20 06:00:00,1.232,1.26,1.231,1.248,4983513.37,2025-10-20 06:59:59.999,6224286.03591000,11559,2473364.03000000,3088028.09506000,0
2025-10-20 07:00:00,1.248,1.248,1.223,1.23,3689504.3,2025-10-20 07:59:59.999,4565982.12824000,8011,1557074.58000000,1927319.75063000,0
2025-10-20 08:00:00,1.23,1.236,1.212,1.219,6244975.0,2025-10-20 08:59:59.999,7629193.16997000,12320,2831063.30000000,3459294.32096000,0
2025-10-20 09:00:00,1.219,1.222,1.207,1.213,3372222.76,2025-10-20 09:59:59.999,4094929.52752000,8366,1550367.55000000,1882953.82600000,0
2025-10-20 10:00:00,1.213,1.221,1.184,1.192,4726162.29,2025-10-20 10:59:59.999,5691824.27353000,10670,2164585.95000000,2610390.41088000,0
2025-10-20 11:00:00,1.192,1.2,1.176,1.197,5022674.07,2025-10-20 11:59:59.999,5963360.26223000,10863,2486904.31000000,2954428.80923000,0
2025-10-20 12:00:00,1.196,1.204,1.181,1.191,5590340.24,2025-10-20 12:59:59.999,6663362.48484000,9462,2453556.43000000,2925089.40128000,0
2025-10-20 13:00:00,1.191,1.198,1.181,1.19,4672927.83,2025-10-20 13:59:59.999,5565016.36063000,10565,2158633.19000000,2571405.32150000,0
2025-10-20 14:00:00,1.19,1.196,1.171,1.19,5326325.89,2025-10-20 14:59:59.999,6310585.14851000,10706,2286556.20000000,2709928.28019000,0
2025-10-20 15:00:00,1.191,1.209,1.177,1.181,10352781.73,2025-10-20 15:59:59.999,12358983.15340000,17767,5307810.72000000,6338901.58785000,0
2025-10-20 16:00:00,1.18,1.182,1.132,1.148,20071803.63,2025-10-20 16:59:59.999,23171913.07831000,35059,8911432.50000000,10291450.91464000,0
2025-10-20 17:00:00,1.148,1.164,1.12,1.132,6563305.13,2025-10-20 17:59:59.999,7477454.40396000,14399,2927701.09000000,3339532.91388000,0
2025-10-20 18:00:00,1.132,1.151,1.127,1.148,4319917.91,2025-10-20 18:59:59.999,4919916.17240000,8141,2280148.43000000,2597873.89118000,0
2025-10-20 19:00:00,1.148,1.159,1.135,1.149,3854419.61,2025-10-20 19:59:59.999,4419467.39995000,8325,1918065.68000000,2202264.49248000,0
2025-10-20 20:00:00,1.149,1.165,1.144,1.158,3489259.14,2025-10-20 20:59:59.999,4035083.32992000,7485,1768176.23000000,2045574.91338000,0
2025-10-20 21:00:00,1.159,1.166,1.151,1.161,1854580.18,2025-10-20 21:59:59.999,2149049.92572000,4137,1000140.92000000,1159391.55122000,0
2025-10-20 22:00:00,1.16,1.169,1.153,1.165,1109128.14,2025-10-20 22:59:59.999,1288980.25147000,3545,596158.06000000,692784.76263000,0
2025-10-20 23:00:00,1.166,1.167,1.154,1.158,2239314.99,2025-10-20 23:59:59.999,2597923.52705000,4320,973475.65000000,1129349.52083000,0
2025-10-21 00:00:00,1.158,1.174,1.152,1.159,1732221.11,2025-10-21 00:59:59.999,2017619.88269000,5042,921741.51000000,1074355.30566000,0
2025-10-21 01:00:00,1.159,1.162,1.139,1.142,3526860.22,2025-10-21 01:59:59.999,4056826.12998000,7541,1526565.61000000,1757148.36762000,0
2025-10-21 02:00:00,1.143,1.144,1.121,1.122,4943326.57,2025-10-21 02:59:59.999,5591227.00781000,11375,1915921.12000000,2167568.16672000,0
2025-10-21 03:00:00,1.123,1.131,1.114,1.117,4452832.22,2025-10-21 03:59:59.999,5000729.47293000,8475,2606251.17000000,2929077.00508000,0
2025-10-21 04:00:00,1.116,1.121,1.073,1.075,11620554.31,2025-10-21 04:59:59.999,12747402.84998000,22620,5296786.61000000,5806904.05530000,0
2025-10-21 05:00:00,1.076,1.09,1.064,1.087,8430910.96,2025-10-21 05:59:59.999,9076465.17078000,13903,4546608.57000000,4897384.71609000,0
2025-10-21 06:00:00,1.087,1.105,1.085,1.096,7184676.21,2025-10-21 06:59:59.999,7865500.42128000,11006,3491242.19000000,3827239.29970000,0
2025-10-21 07:00:00,1.096,1.109,1.087,1.102,3909914.57,2025-10-21 07:59:59.999,4302310.14386000,6766,1840625.26000000,2025911.39112000,0
2025-10-21 08:00:00,1.102,1.109,1.09,1.1,4408868.31,2025-10-21 08:59:59.999,4842610.81640000,8757,2036767.59000000,2239959.51360000,0
2025-10-21 09:00:00,1.1,1.105,1.094,1.1,3243077.79,2025-10-21 09:59:59.999,3566795.14173000,5090,1078844.25000000,1186971.66587000,0
2025-10-21 10:00:00,1.099,1.113,1.091,1.105,5116602.23,2025-10-21 10:59:59.999,5627191.52141000,9573,3112447.39000000,3423339.41554000,0
2025-10-21 11:00:00,1.104,1.114,1.096,1.11,3113731.6,2025-10-21 11:59:59.999,3439365.42021000,7562,1395374.91000000,1541853.46913000,0
2025-10-21 12:00:00,1.11,1.13,1.104,1.108,4618316.21,2025-10-21 12:59:59.999,5166029.99125000,9680,2222517.88000000,2486994.46791000,0
2025-10-21 13:00:00,1.109,1.123,1.1,1.107,5732914.35,2025-10-21 13:59:59.999,6368454.87019000,14033,2315804.90000000,2572253.93155000,0
2025-10-21 14:00:00,1.108,1.164,1.107,1.162,12383585.91,2025-10-21 14:59:59.999,14116371.58280000,24038,6069451.44000000,6918557.03462000,0
2025-10-21 15:00:00,1.161,1.192,1.151,1.179,14648952.18,2025-10-21 15:59:59.999,17115731.00346000,25076,7619259.89000000,8909168.28461000,0
2025-10-21 16:00:00,1.179,1.189,1.137,1.143,13521117.8,2025-10-21 16:59:59.999,15791927.35021000,24078,5575308.20000000,6519041.93811000,0
2025-10-21 17:00:00,1.144,1.155,1.131,1.143,12136033.26,2025-10-21 17:59:59.999,13875462.09554000,18379,5237755.80000000,5989408.39747000,0
2025-10-21 18:00:00,1.144,1.146,1.127,1.139,4295705.41,2025-10-21 18:59:59.999,4879509.94115000,8197,1541071.88000000,1751468.53484000,0
2025-10-21 19:00:00,1.139,1.146,1.13,1.132,2490401.47,2025-10-21 19:59:59.999,2832123.48420000,5324,1178071.23000000,1340237.43204000,0
2025-10-21 20:00:00,1.131,1.137,1.11,1.116,7076562.23,2025-10-21 20:59:59.999,7923385.20237000,11172,3050152.74000000,3414959.36708000,0
2025-10-21 21:00:00,1.116,1.127,1.094,1.111,4522190.07,2025-10-21 21:59:59.999,5012344.53478000,8648,1964119.29000000,2179108.86587000,0
2025-10-21 22:00:00,1.11,1.113,1.064,1.069,9166627.44,2025-10-21 22:59:59.999,9905819.16148000,17982,3158834.42000000,3417922.43062000,0
2025-10-21 23:00:00,1.068,1.074,1.024,1.042,12047031.5,2025-10-21 23:59:59.999,12589299.84691000,20839,4444378.21000000,4642809.24503000,0
2025-10-22 00:00:00,1.042,1.056,1.032,1.041,8339941.32,2025-10-22 00:59:59.999,8713905.11542000,14395,4169963.75000000,4360933.25062000,0
2025-10-22 01:00:00,1.042,1.053,1.032,1.038,5370816.01,2025-10-22 01:59:59.999,5589127.16779000,10247,2433809.10000000,2535776.94554000,0
2025-10-22 02:00:00,1.038,1.051,1.036,1.048,4007918.05,2025-10-22 02:59:59.999,4186969.94045000,7075,1977147.48000000,2065351.52032000,0
2025-10-22 03:00:00,1.048,1.049,1.036,1.046,4170015.28,2025-10-22 03:59:59.999,4340611.37375000,6083,1860448.76000000,1937157.39068000,0
2025-10-22 04:00:00,1.045,1.06,1.044,1.058,4965134.73,2025-10-22 04:59:59.999,5225276.45146000,7516,2895037.68000000,3047970.24706000,0
2025-10-22 05:00:00,1.057,1.063,1.041,1.052,5782487.65,2025-10-22 05:59:59.999,6062368.17595000,10618,2637160.46000000,2765302.53041000,0
2025-10-22 06:00:00,1.052,1.058,1.043,1.046,4032336.6,2025-10-22 06:59:59.999,4236586.89081000,7336,1808930.87000000,1902593.62838000,0
2025-10-22 07:00:00,1.046,1.053,1.036,1.052,6472070.27,2025-10-22 07:59:59.999,6753266.01411000,11289,3043239.50000000,3179590.52559000,0
2025-10-22 08:00:00,1.051,1.051,1.036,1.04,3377956.79,2025-10-22 08:59:59.999,3517119.65296000,8237,1291129.99000000,1344969.71051000,0
2025-10-22 09:00:00,1.041,1.043,0.951,0.975,30051202.6,2025-10-22 09:59:59.999,29828239.02060000,46251,12958082.04000000,12861283.05108000,0
2025-10-22 10:00:00,0.976,1.002,0.97,0.987,11512590.44,2025-10-22 10:59:59.999,11386940.22116000,18604,5653258.39000000,5594187.95654000,0
2025-10-22 11:00:00,0.987,1.012,0.98,1.001,13159313.49,2025-10-22 11:59:59.999,13109523.48892000,22520,6891994.22000000,6866513.15829000,0
2025-10-22 12:00:00,1.001,1.026,0.998,1.01,10289430.32,2025-10-22 12:59:59.999,10413548.48227000,16809,5311800.55000000,5378689.18820000,0
2025-10-22 13:00:00,1.011,1.024,0.989,1.021,8432194.71,2025-10-22 13:59:59.999,8493985.46892000,16677,3994903.35000000,4029427.41185000,0
2025-10-22 14:00:00,1.02,1.022,0.986,1.022,10671061.17,2025-10-22 14:59:59.999,10688566.47699000,20966,4770075.04000000,4781264.17842000,0
2025-10-22 15:00:00,1.022,1.023,0.989,0.992,9694493.68,2025-10-22 15:59:59.999,9697309.09780000,18188,3786282.85000000,3794167.83223000,0
2025-10-22 16:00:00,0.992,0.997,0.97,0.974,12018326.43,2025-10-22 16:59:59.999,11793374.42294000,21810,5019346.09000000,4925921.84525000,0
2025-10-22 17:00:00,0.974,0.983,0.959,0.968,10602662.17,2025-10-22 17:59:59.999,10293716.72340000,16824,4730069.05000000,4592963.43127000,0
2025-10-22 18:00:00,0.968,0.978,0.957,0.976,7261995.41,2025-10-22 18:59:59.999,7036260.04544000,11031,3069143.75000000,2975821.06316000,0
2025-10-22 19:00:00,0.976,0.987,0.952,0.969,6484198.42,2025-10-22 19:59:59.999,6307946.58102000,11194,2972514.21000000,2895424.10772000,0
2025-10-22 20:00:00,0.97,0.98,0.955,0.963,7656488.51,2025-10-22 20:59:59.999,7401978.48626000,12780,3535968.09000000,3425453.92939000,0
2025-10-22 21:00:00,0.963,0.967,0.929,0.94,12874975.65,2025-10-22 21:59:59.999,12156811.62229000,18771,5049023.08000000,4765784.58300000,0
2025-10-22 22:00:00,0.94,0.96,0.939,0.943,4812957.74,2025-10-22 22:59:59.999,4567723.02424000,9199,2132188.05000000,2023826.34488000,0
2025-10-22 23:00:00,0.943,0.963,0.942,0.954,3907882.81,2025-10-22 23:59:59.999,3729787.16230000,8121,2007158.86000000,1916089.54927000,0
2025-10-23 00:00:00,0.955,0.963,0.949,0.958,3103201.85,2025-10-23 00:59:59.999,2970823.82349000,7195,1605311.76000000,1537466.70190000,0
2025-10-23 01:00:00,0.957,0.97,0.952,0.967,3431881.76,2025-10-23 01:59:59.999,3298545.79421000,7257,1763579.14000000,1696241.35609000,0
2025-10-23 02:00:00,0.966,0.981,0.964,0.976,2976030.64,2025-10-23 02:59:59.999,2897466.94675000,5736,1699561.95000000,1655181.12877000,0
2025-10-23 03:00:00,0.976,0.996,0.974,0.985,6088383.19,2025-10-23 03:59:59.999,6007729.91762000,9868,3438808.02000000,3394097.26991000,0
2025-10-23 04:00:00,0.986,0.992,0.98,0.981,2563242.42,2025-10-23 04:59:59.999,2525885.14995000,4759,1146331.71000000,1130213.36563000,0
2025-10-23 05:00:00,0.982,0.999,0.978,0.996,5257951.88,2025-10-23 05:59:59.999,5188441.86605000,6669,2782319.97000000,2747976.93456000,0
2025-10-23 06:00:00,0.997,1.019,0.992,1.016,7886564.5,2025-10-23 06:59:59.999,7953018.25945000,15544,4570549.73000000,4609187.20801000,0
2025-10-23 07:00:00,1.016,1.034,1.001,1.018,9191825.86,2025-10-23 07:59:59.999,9345494.56597000,16683,5414339.56000000,5505812.30267000,0
2025-10-23 08:00:00,1.017,1.023,1.006,1.012,5705739.41,2025-10-23 08:59:59.999,5794012.15580000,9271,3183625.24000000,3234437.44189000,0
2025-10-23 09:00:00,1.013,1.02,1.006,1.014,2878855.95,2025-10-23 09:59:59.999,2911545.56860000,5152,1380911.82000000,1396771.16274000,0
2025-10-23 10:00:00,1.015,1.046,1.014,1.022,12137642.75,2025-10-23 10:59:59.999,12505643.76244000,17329,6211706.01000000,6404291.90334000,0
2025-10-23 11:00:00,1.022,1.029,1.006,1.012,4367550.51,2025-10-23 11:59:59.999,4443240.51767000,7561,1878680.71000000,1913464.56624000,0
2025-10-23 12:00:00,1.012,1.022,0.996,1.019,6287733.31,2025-10-23 12:59:59.999,6339217.15277000,10535,2698143.49000000,2722423.18318000,0
2025-10-23 13:00:00,1.019,1.034,1.008,1.021,4636497.42,2025-10-23 13:59:59.999,4733611.66006000,9428,2406020.77000000,2457594.39956000,0
2025-10-23 14:00:00,1.022,1.026,0.999,1.026,5109598.65,2025-10-23 14:59:59.999,5177749.98912000,11059,2323291.68000000,2354677.35419000,0
2025-10-23 15:00:00,1.026,1.104,1.014,1.047,34229461.48,2025-10-23 15:59:59.999,36479411.38074000,61553,17916948.20000000,19106109.74827000,0
2025-10-23 16:00:00,1.048,1.09,1.045,1.081,12587469.03,2025-10-23 16:59:59.999,13447874.81469000,23964,6890099.20000000,7357710.39464000,0
2025-10-23 17:00:00,1.081,1.092,1.064,1.081,10276940.57,2025-10-23 17:59:59.999,11089402.76929000,17506,5131012.94000000,5541600.85189000,0
2025-10-23 18:00:00,1.082,1.095,1.06,1.091,7155898.81,2025-10-23 18:59:59.999,7696496.54905000,15182,3541949.77000000,3815052.74015000,0
2025-10-23 19:00:00,1.092,1.118,1.073,1.097,9082756.65,2025-10-23 19:59:59.999,9954709.50244000,17254,5218483.87000000,5726200.63699000,0
2025-10-23 20:00:00,1.097,1.099,1.064,1.068,5891979.86,2025-10-23 20:59:59.999,6357186.16174000,11999,2917220.82000000,3148493.10902000,0
2025-10-23 21:00:00,1.067,1.081,1.063,1.075,2455477.76,2025-10-23 21:59:59.999,2634936.13449000,4965,1501062.59000000,1611436.25925000,0
2025-10-23 22:00:00,1.074,1.102,1.072,1.093,4631948.56,2025-10-23 22:59:59.999,5039347.64200000,9959,2422523.17000000,2634259.17103000,0
2025-10-23 23:00:00,1.093,1.107,1.085,1.106,2947376.13,2025-10-23 23:59:59.999,3225741.65938000,6574,1659325.14000000,1817689.03478000,0
2025-10-24 00:00:00,1.105,1.145,1.101,1.127,8593253.24,2025-10-24 00:59:59.999,9664809.99510000,19415,4646920.90000000,5229915.23286000,0
2025-10-24 01:00:00,1.127,1.141,1.119,1.13,4919682.67,2025-10-24 01:59:59.999,5559559.97518000,10906,2620472.12000000,2963224.41275000,0
2025-10-24 02:00:00,1.13,1.13,1.104,1.108,6642329.93,2025-10-24 02:59:59.999,7392121.18231000,11732,3131442.43000000,3483558.93357000,0
2025-10-24 03:00:00,1.109,1.112,1.087,1.096,4428560.04,2025-10-24 03:59:59.999,4861789.74500000,8354,1746065.15000000,1916864.86097000,0
2025-10-24 04:00:00,1.096,1.143,1.09,1.139,7391717.24,2025-10-24 04:59:59.999,8255023.18880000,14432,3683111.11000000,4114188.42245000,0
2025-10-24 05:00:00,1.14,1.145,1.128,1.131,5121965.91,2025-10-24 05:59:59.999,5827037.69086000,10186,2492398.18000000,2836847.01405000,0
2025-10-24 06:00:00,1.132,1.145,1.125,1.141,4763719.77,2025-10-24 06:59:59.999,5404131.84983000,9140,2491305.83000000,2828103.93730000,0
2025-10-24 07:00:00,1.141,1.148,1.114,1.121,6031636.83,2025-10-24 07:59:59.999,6826366.34014000,10972,2403593.52000000,2721152.22607000,0
2025-10-24 08:00:00,1.12,1.134,1.105,1.109,5991697.58,2025-10-24 08:59:59.999,6698804.00755000,12007,2572311.64000000,2877705.33234000,0
2025-10-24 09:00:00,1.108,1.124,1.106,1.114,4403640.73,2025-10-24 09:59:59.999,4911364.81484000,7683,1957246.89000000,2184011.14723000,0
2025-10-24 10:00:00,1.114,1.114,1.089,1.1,6795733.23,2025-10-24 10:59:59.999,7481754.76229000,10976,2877621.00000000,3168131.05825000,0
2025-10-24 11:00:00,1.101,1.102,1.08,1.095,3760051.78,2025-10-24 11:59:59.999,4108073.80387000,6746,1443537.80000000,1577772.02992000,0
2025-10-24 12:00:00,1.096,1.154,1.09,1.122,17566189.22,2025-10-24 12:59:59.999,19788205.24979000,31567,9360381.87000000,10551209.86370000,0
2025-10-24 13:00:00,1.122,1.125,1.088,1.103,10489742.76,2025-10-24 13:59:59.999,11620537.99375000,18169,4402121.53000000,4880365.41880000,0
2025-10-24 14:00:00,1.102,1.102,1.066,1.074,7694056.13,2025-10-24 14:59:59.999,8290545.79395000,15609,3204670.84000000,3455898.80561000,0
2025-10-24 15:00:00,1.074,1.087,1.056,1.061,5435275.53,2025-10-24 15:59:59.999,5819911.63674000,9853,2476754.02000000,2654718.48211000,0
2025-10-24 16:00:00,1.062,1.07,1.048,1.068,6075388.69,2025-10-24 16:59:59.999,6436198.61379000,8152,2724153.02000000,2886911.69544000,0
2025-10-24 17:00:00,1.067,1.081,1.064,1.074,3819938.11,2025-10-24 17:59:59.999,4103191.87631000,7224,2204145.61000000,2368355.64173000,0
2025-10-24 18:00:00,1.073,1.088,1.07,1.086,3101845.05,2025-10-24 18:59:59.999,3354578.01275000,6847,1681701.56000000,1819303.03208000,0
2025-10-24 19:00:00,1.086,1.116,1.085,1.102,7930696.91,2025-10-24 19:59:59.999,8724345.05358000,13119,4194091.10000000,4613562.14546000,0
2025-10-24 20:00:00,1.102,1.131,1.099,1.119,4675767.37,2025-10-24 20:59:59.999,5230567.18796000,9998,2797289.23000000,3129710.13509000,0
2025-10-24 21:00:00,1.119,1.129,1.112,1.124,2218862.3,2025-10-24 21:59:59.999,2488157.80341000,5966,1336596.44000000,1499663.08246000,0
2025-10-24 22:00:00,1.124,1.128,1.115,1.118,1689163.34,2025-10-24 22:59:59.999,1893916.37437000,5686,762708.80000000,855341.46331000,0
2025-10-24 23:00:00,1.118,1.122,1.113,1.119,1831245.95,2025-10-24 23:59:59.999,2045845.10523000,4750,840262.17000000,939085.27378000,0
2025-10-25 00:00:00,1.118,1.118,1.107,1.111,1517935.28,2025-10-25 00:59:59.999,1687972.30574000,4932,577631.47000000,642428.42359000,0
2025-10-25 01:00:00,1.112,1.143,1.112,1.14,4484861.73,2025-10-25 01:59:59.999,5072630.49098000,10282,2051207.58000000,2320028.76807000,0
2025-10-25 02:00:00,1.14,1.149,1.135,1.138,3611794.34,2025-10-25 02:59:59.999,4120416.15523000,9479,2041885.31000000,2329547.21439000,0
2025-10-25 03:00:00,1.138,1.149,1.133,1.139,3699499.63,2025-10-25 03:59:59.999,4224737.12998000,9189,2047362.52000000,2338186.77032000,0
2025-10-25 04:00:00,1.139,1.148,1.124,1.133,2707068.76,2025-10-25 04:59:59.999,3073937.17749000,8409,1277303.32000000,1451874.05487000,0
2025-10-25 05:00:00,1.132,1.147,1.13,1.141,2909296.43,2025-10-25 05:59:59.999,3315266.89658000,6765,1583783.72000000,1805419.14976000,0
2025-10-25 06:00:00,1.141,1.161,1.1,1.114,12995361.89,2025-10-25 06:59:59.999,14677894.57301000,27372,5901621.06000000,6694327.81335000,0
2025-10-25 07:00:00,1.114,1.13,1.109,1.11,13884127.95,2025-10-25 07:59:59.999,15540922.62330000,25594,6991677.99000000,7834000.06034000,0
2025-10-25 08:00:00,1.11,1.129,1.104,1.129,4454495.58,2025-10-25 08:59:59.999,4967429.28666000,10091,1509412.32000000,1684439.19541000,0
2025-10-25 09:00:00,1.128,1.129,1.106,1.111,3109049.84,2025-10-25 09:59:59.999,3471378.10815000,8021,1500835.57000000,1677055.22573000,0
2025-10-25 10:00:00,1.111,1.116,1.102,1.108,2506266.22,2025-10-25 10:59:59.999,2783277.03264000,6295,1205766.27000000,1340498.78182000,0
2025-10-25 11:00:00,1.108,1.121,1.103,1.111,2170062.94,2025-10-25 11:59:59.999,2410731.41227000,5375,1005296.05000000,1118053.59883000,0
2025-10-25 12:00:00,1.111,1.124,1.106,1.107,3387330.75,2025-10-25 12:59:59.999,3772749.97001000,7490,1499185.03000000,1670447.74898000,0
2025-10-25 13:00:00,1.107,1.109,1.091,1.099,4100108.03,2025-10-25 13:59:59.999,4506261.50385000,8949,2174559.21000000,2392095.24840000,0
2025-10-25 14:00:00,1.099,1.106,1.097,1.102,1305355.59,2025-10-25 14:59:59.999,1437811.03873000,4254,589348.20000000,649321.64925000,0
2025-10-25 15:00:00,1.101,1.134,1.099,1.121,10748727.0,2025-10-25 15:59:59.999,12027387.31510000,19659,6529334.79000000,7296234.21631000,0
2025-10-25 16:00:00,1.122,1.13,1.115,1.124,3425036.5,2025-10-25 16:59:59.999,3845166.24563000,9372,1554681.70000000,1746570.43235000,0
2025-10-25 17:00:00,1.124,1.138,1.121,1.136,2781291.5,2025-10-25 17:59:59.999,3146880.52348000,6542,1591102.53000000,1800646.99879000,0
2025-10-25 18:00:00,1.137,1.144,1.129,1.142,2547527.11,2025-10-25 18:59:59.999,2898914.39418000,6106,1281416.27000000,1458486.14761000,0
2025-10-25 19:00:00,1.142,1.145,1.133,1.137,2133957.62,2025-10-25 19:59:59.999,2430905.09084000,5316,945197.54000000,1077440.79855000,0
2025-10-25 20:00:00,1.138,1.144,1.126,1.128,2353513.83,2025-10-25 20:59:59.999,2672470.62214000,6187,926416.84000000,1052681.93101000,0
2025-10-25 21:00:00,1.129,1.135,1.125,1.129,1269697.27,2025-10-25 21:59:59.999,1434220.91677000,4097,580758.54000000,656300.87801000,0
2025-10-25 22:00:00,1.128,1.153,1.12,1.151,3251426.21,2025-10-25 22:59:59.999,3691051.81888000,8419,1831916.51000000,2078362.26841000,0
2025-10-25 23:00:00,1.151,1.152,1.136,1.14,1694576.33,2025-10-25 23:59:59.999,1936814.05433000,5220,633374.60000000,723814.03066000,0
2025-10-26 00:00:00,1.139,1.161,1.131,1.148,2875287.11,2025-10-26 00:59:59.999,3303807.80229000,9249,1561620.94000000,1795565.81871000,0
2025-10-26 01:00:00,1.149,1.185,1.149,1.166,6956573.25,2025-10-26 01:59:59.999,8142347.71483000,15585,3980882.84000000,4660589.81696000,0
2025-10-26 02:00:00,1.166,1.171,1.149,1.17,3481961.34,2025-10-26 02:59:59.999,4040470.86099000,10720,1727246.60000000,2005635.14446000,0
2025-10-26 03:00:00,1.169,1.169,1.144,1.152,4438406.78,2025-10-26 03:59:59.999,5130886.44937000,10814,2030473.76000000,2347897.09602000,0
2025-10-26 04:00:00,1.152,1.183,1.146,1.175,3566851.75,2025-10-26 04:59:59.999,4173071.34774000,9895,1641189.42000000,1921637.81206000,0
2025-10-26 05:00:00,1.175,1.189,1.17,1.172,3125638.5,2025-10-26 05:59:59.999,3682540.03492000,9630,1800271.00000000,2121327.87484000,0
2025-10-26 06:00:00,1.173,1.181,1.164,1.172,3395216.81,2025-10-26 06:59:59.999,3973720.57843000,8692,1309227.46000000,1533949.86931000,0
2025-10-26 07:00:00,1.172,1.184,1.168,1.173,3932328.96,2025-10-26 07:59:59.999,4623790.38172000,9239,2360469.47000000,2776692.80176000,0
2025-10-26 08:00:00,1.172,1.186,1.168,1.18,2220919.33,2025-10-26 08:59:59.999,2612298.53760000,6976,1108979.28000000,1304846.33217000,0
2025-10-26 09:00:00,1.18,1.194,1.171,1.189,4928235.52,2025-10-26 09:59:59.999,5829321.85394000,12158,2508016.32000000,2969132.57073000,0
2025-10-26 10:00:00,1.189,1.193,1.171,1.172,3530308.94,2025-10-26 10:59:59.999,4179335.07951000,7607,1805365.20000000,2139253.44040000,0
2025-10-26 11:00:00,1.172,1.22,1.167,1.21,8304378.31,2025-10-26 11:59:59.999,9931960.17607000,18607,4865362.64000000,5826986.59429000,0
2025-10-26 12:00:00,1.21,1.216,1.192,1.196,5602664.27,2025-10-26 12:59:59.999,6736211.16937000,14854,2617338.57000000,3146021.07600000,0
2025-10-26 13:00:00,1.196,1.197,1.177,1.178,6023222.25,2025-10-26 13:59:59.999,7143862.88061000,13940,2744713.72000000,3256763.70312000,0
2025-10-26 14:00:00,1.178,1.181,1.153,1.161,9334455.14,2025-10-26 14:59:59.999,10878377.27173000,15958,3156430.38000000,3680932.96596000,0
2025-10-26 15:00:00,1.162,1.168,1.151,1.163,3558237.05,2025-10-26 15:59:59.999,4123965.33089000,7823,1548727.50000000,1796606.44129000,0
2025-10-26 16:00:00,1.163,1.164,1.133,1.135,6394186.65,2025-10-26 16:59:59.999,7323934.56018000,13476,2328592.15000000,2667524.00645000,0
2025-10-26 17:00:00,1.135,1.149,1.133,1.145,3300348.01,2025-10-26 17:59:59.999,3760833.56346000,7600,1578138.46000000,1799816.47643000,0
2025-10-26 18:00:00,1.146,1.15,1.138,1.144,1724611.82,2025-10-26 18:59:59.999,1973868.06545000,4712,908735.32000000,1040573.51898000,0
2025-10-26 19:00:00,1.143,1.143,1.136,1.14,1294216.1,2025-10-26 19:59:59.999,1473813.03996000,3977,514398.00000000,585747.92626000,0
2025-10-26 20:00:00,1.139,1.144,1.127,1.132,2296446.17,2025-10-26 20:59:59.999,2608092.41658000,4831,818901.23000000,930374.39486000,0
2025-10-26 21:00:00,1.132,1.141,1.12,1.134,3148249.78,2025-10-26 21:59:59.999,3555226.27049000,7124,1373076.23000000,1552016.17178000,0
2025-10-26 22:00:00,1.134,1.158,1.134,1.155,6603968.26,2025-10-26 22:59:59.999,7575838.73035000,16993,3252598.51000000,3731821.04647000,0
2025-10-26 23:00:00,1.155,1.163,1.143,1.15,4486082.51,2025-10-26 23:59:59.999,5179777.63011000,10049,2499731.41000000,2887974.09243000,0
2025-10-27 00:00:00,1.15,1.165,1.145,1.155,4944163.01,2025-10-27 00:59:59.999,5722839.90673000,10418,3175339.99000000,3675379.79393000,0
2025-10-27 01:00:00,1.155,1.167,1.153,1.16,6646819.6,2025-10-27 01:59:59.999,7698218.08827000,11344,4947551.21000000,5730097.96626000,0
2025-10-27 02:00:00,1.16,1.168,1.152,1.156,4381417.93,2025-10-27 02:59:59.999,5082736.82831000,9493,2266203.74000000,2630144.06569000,0
2025-10-27 03:00:00,1.156,1.161,1.153,1.158,1882927.45,2025-10-27 03:59:59.999,2176937.39467000,4944,841269.68000000,973071.54557000,0
2025-10-27 04:00:00,1.158,1.16,1.137,1.151,4736362.29,2025-10-27 04:59:59.999,5435388.61198000,7237,2205806.17000000,2531471.87813000,0
2025-10-27 05:00:00,1.152,1.169,1.139,1.139,6103978.83,2025-10-27 05:59:59.999,7071006.20098000,11051,3134119.58000000,3632376.13780000,0
2025-10-27 06:00:00,1.14,1.142,1.122,1.135,5464202.34,2025-10-27 06:59:59.999,6175569.68492000,11837,2698328.27000000,3050404.03446000,0
2025-10-27 07:00:00,1.136,1.146,1.039,1.086,20335015.63,2025-10-27 07:59:59.999,22243766.42110000,38066,8588584.83000000,9388207.25487000,0
2025-10-27 08:00:00,1.086,1.119,1.059,1.075,16415497.06,2025-10-27 08:59:59.999,17783939.27292000,28832,8633706.75000000,9353434.16778000,0
2025-10-27 09:00:00,1.074,1.085,1.067,1.08,6154941.94,2025-10-27 09:59:59.999,6632129.97596000,11758,3433482.24000000,3699147.57716000,0
2025-10-27 10:00:00,1.079,1.089,1.071,1.087,4120924.91,2025-10-27 10:59:59.999,4452150.22075000,7962,2145402.36000000,2319647.33234000,0
2025-10-27 11:00:00,1.088,1.103,1.073,1.099,4529301.91,2025-10-27 11:59:59.999,4914025.87026000,8678,2465777.26000000,2678216.10998000,0
2025-10-27 12:00:00,1.098,1.111,1.091,1.096,6008784.12,2025-10-27 12:59:59.999,6617913.44642000,11130,2988127.01000000,3292473.62536000,0
2025-10-27 13:00:00,1.096,1.124,1.086,1.101,8360360.45,2025-10-27 13:59:59.999,9228534.50440000,17782,4179918.93000000,4613713.05334000,0
2025-10-27 14:00:00,1.101,1.107,1.077,1.078,5433682.41,2025-10-27 14:59:59.999,5910140.35739000,13819,2361984.88000000,2570920.75600000,0
2025-10-27 15:00:00,1.078,1.088,1.073,1.079,3291906.68,2025-10-27 15:59:59.999,3555748.86391000,9428,1430984.77000000,1546356.89598000,0
2025-10-27 16:00:00,1.078,1.099,1.078,1.088,3845272.96,2025-10-27 16:59:59.999,4189792.89843000,10721,2006685.02000000,2187350.55880000,0
2025-10-27 17:00:00,1.088,1.098,1.086,1.093,3653423.92,2025-10-27 17:59:59.999,3984860.07008000,7977,1840034.16000000,2007765.00563000,0
2025-10-27 18:00:00,1.093,1.1,1.085,1.091,2082705.44,2025-10-27 18:59:59.999,2276138.78916000,6479,982401.22000000,1074379.24341000,0
2025-10-27 19:00:00,1.091,1.098,1.078,1.087,2674487.78,2025-10-27 19:59:59.999,2910196.99223000,7591,1197406.12000000,1302898.08859000,0
2025-10-27 20:00:00,1.087,1.092,1.077,1.081,3736372.04,2025-10-27 20:59:59.999,4046208.77576000,8285,1535995.11000000,1663760.63464000,0
2025-10-27 21:00:00,1.082,1.091,1.064,1.076,4814486.59,2025-10-27 21:59:59.999,5182979.25406000,11298,2135845.56000000,2300003.96804000,0
2025-10-27 22:00:00,1.075,1.085,1.062,1.065,3616092.23,2025-10-27 22:59:59.999,3877190.53280000,9589,1536638.95000000,1648739.36100000,0
2025-10-27 23:00:00,1.065,1.086,1.06,1.082,4024080.53,2025-10-27 23:59:59.999,4306847.92571000,8005,1823238.29000000,1953888.17450000,0
2025-10-28 00:00:00,1.081,1.084,1.07,1.077,3308572.47,2025-10-28 00:59:59.999,3566437.51971000,7990,1537222.36000000,1658117.39352000,0
2025-10-28 01:00:00,1.078,1.085,1.071,1.075,3191813.89,2025-10-28 01:59:59.999,3441599.27024000,8706,1513419.04000000,1631920.07576000,0
2025-10-28 02:00:00,1.075,1.077,1.053,1.064,3405138.67,2025-10-28 02:59:59.999,3618299.11362000,10290,1384901.72000000,1471745.76000000,0
2025-10-28 03:00:00,1.064,1.073,1.061,1.065,1837900.54,2025-10-28 03:59:59.999,1960303.53930000,6019,948577.92000000,1011716.59364000,0
2025-10-28 04:00:00,1.065,1.077,1.062,1.074,1199622.29,2025-10-28 04:59:59.999,1283433.12279000,4301,671156.83000000,718646.08988000,0
2025-10-28 05:00:00,1.073,1.079,1.038,1.045,5075927.92,2025-10-28 05:59:59.999,5361751.33636000,11723,1688651.13000000,1783678.74386000,0
2025-10-28 06:00:00,1.046,1.07,1.043,1.067,3452846.9,2025-10-28 06:59:59.999,3649742.29572000,7787,1841717.54000000,1948861.75785000,0
2025-10-28 07:00:00,1.067,1.073,1.057,1.061,2209559.55,2025-10-28 07:59:59.999,2353921.31401000,5980,993847.23000000,1059196.16639000,0
2025-10-28 08:00:00,1.062,1.083,1.061,1.073,4778102.96,2025-10-28 08:59:59.999,5126795.76557000,9872,3133716.69000000,3363970.94458000,0
2025-10-28 09:00:00,1.073,1.078,1.061,1.073,1923910.63,2025-10-28 09:59:59.999,2056047.99747000,5548,959099.52000000,1025827.81831000,0
2025-10-28 10:00:00,1.073,1.081,1.069,1.078,1259037.36,2025-10-28 10:59:59.999,1353908.16494000,3706,553408.90000000,595031.41914000,0
2025-10-28 11:00:00,1.078,1.086,1.071,1.071,2120444.68,2025-10-28 11:59:59.999,2288079.08938000,5506,988630.34000000,1067645.73471000,0
2025-10-28 12:00:00,1.071,1.108,1.065,1.083,12181521.82,2025-10-28 12:59:59.999,13247595.06147000,24411,5818527.83000000,6329459.75680000,0
2025-10-28 13:00:00,1.083,1.111,1.08,1.107,5740111.09,2025-10-28 13:59:59.999,6286715.55161000,17270,3143024.10000000,3443939.82947000,0
2025-10-28 14:00:00,1.108,1.118,1.071,1.087,10964311.12,2025-10-28 14:59:59.999,12019152.48046000,27608,5496221.25000000,6033048.53400000,0
2025-10-28 15:00:00,1.086,1.112,1.086,1.102,6496731.88,2025-10-28 15:59:59.999,7140437.88351000,20319,3955216.65000000,4346636.84414000,0
2025-10-28 16:00:00,1.102,1.2,1.095,1.141,11590336.02,2025-10-28 16:59:59.999,13119318.72562000,27339,7667610.78000000,8712884.66719000,0
2025-10-28 17:00:00,1.142,1.153,1.131,1.137,9124648.19,2025-10-28 17:59:59.999,10421132.75225000,20637,4926407.66000000,5630094.14331000,0
2025-10-28 18:00:00,1.137,1.148,1.123,1.146,5643717.9,2025-10-28 18:59:59.999,6399302.26894000,12877,2805796.07000000,3181489.11741000,0
2025-10-28 19:00:00,1.147,1.151,1.098,1.112,11723255.05,2025-10-28 19:59:59.999,13177696.13519000,25025,4616152.32000000,5209207.63569000,0
2025-10-28 20:00:00,1.112,1.113,1.08,1.092,10624148.21,2025-10-28 20:59:59.999,11640586.89077000,29051,5058272.92000000,5544278.96552000,0
2025-10-28 21:00:00,1.092,1.097,1.074,1.09,5303439.68,2025-10-28 21:59:59.999,5762649.55945000,13082,2725448.75000000,2962049.04179000,0
2025-10-28 22:00:00,1.089,1.09,1.072,1.079,4956274.91,2025-10-28 22:59:59.999,5351086.35601000,11172,2353030.03000000,2540920.57523000,0
2025-10-28 23:00:00,1.079,1.081,1.065,1.073,4193851.02,2025-10-28 23:59:59.999,4490508.29377000,8502,2358493.33000000,2524774.80622000,0
2025-10-29 00:00:00,1.073,1.079,1.058,1.062,3690595.47,2025-10-29 00:59:59.999,3940419.27651000,9663,1414794.95000000,1511401.82845000,0
2025-10-29 01:00:00,1.062,1.085,1.057,1.081,5431532.79,2025-10-29 01:59:59.999,5831358.50882000,11433,3021777.11000000,3244363.87056000,0
2025-10-29 02:00:00,1.081,1.093,1.072,1.083,3255607.3,2025-10-29 02:59:59.999,3521707.24655000,7559,1850512.99000000,2002024.89847000,0
2025-10-29 03:00:00,1.083,1.089,1.062,1.086,4918476.4,2025-10-29 03:59:59.999,5275134.36805000,9428,1973752.05000000,2120491.52168000,0
2025-10-29 04:00:00,1.086,1.094,1.076,1.077,1853062.46,2025-10-29 04:59:59.999,2008507.43159000,5459,920995.90000000,998144.72385000,0
2025-10-29 05:00:00,1.077,1.089,1.072,1.074,2306528.73,2025-10-29 05:59:59.999,2490365.55295000,5755,1098898.24000000,1187814.36345000,0
2025-10-29 06:00:00,1.073,1.083,1.072,1.078,2569530.53,2025-10-29 06:59:59.999,2768197.44038000,5819,1335380.69000000,1438863.78988000,0
2025-10-29 07:00:00,1.078,1.08,1.061,1.066,2495908.0,2025-10-29 07:59:59.999,2669767.98394000,6747,1144186.23000000,1223756.86482000,0
2025-10-29 08:00:00,1.066,1.084,1.053,1.064,4757363.76,2025-10-29 08:59:59.999,5087874.47525000,12287,2411914.77000000,2580974.03759000,0
2025-10-29 09:00:00,1.064,1.075,1.059,1.069,2064646.06,2025-10-29 09:59:59.999,2204364.63051000,5467,1154024.61000000,1233419.75712000,0
2025-10-29 10:00:00,1.068,1.084,1.067,1.071,2309542.52,2025-10-29 10:59:59.999,2489567.06481000,7124,1300779.28000000,1402725.43993000,0
2025-10-29 11:00:00,1.071,1.086,1.069,1.083,1941536.44,2025-10-29 11:59:59.999,2094781.60091000,5801,1077950.84000000,1162875.76213000,0
2025-10-29 12:00:00,1.083,1.087,1.079,1.083,1547672.99,2025-10-29 12:59:59.999,1675092.46325000,4911,632494.36000000,684711.11939000,0
2025-10-29 13:00:00,1.082,1.091,1.065,1.07,4286789.84,2025-10-29 13:59:59.999,4620216.65424000,12866,1957051.47000000,2112083.43834000,0
2025-10-29 14:00:00,1.07,1.072,1.052,1.062,4630496.6,2025-10-29 14:59:59.999,4912588.54803000,12131,2374577.96000000,2519587.28500000,0
2025-10-29 15:00:00,1.063,1.065,0.988,1.018,18381616.84,2025-10-29 15:59:59.999,18784609.06882000,36073,7808357.12000000,7965291.21070000,0
2025-10-29 16:00:00,1.018,1.034,1.014,1.026,5317323.44,2025-10-29 16:59:59.999,5454659.53370000,14124,2775658.76000000,2848436.09325000,0
2025-10-29 17:00:00,1.026,1.053,1.024,1.052,3765531.48,2025-10-29 17:59:59.999,3906841.59641000,10377,1983215.46000000,2060026.24872000,0
2025-10-29 18:00:00,1.052,1.067,0.998,1.042,29606844.62,2025-10-29 18:59:59.999,30499642.06833000,60632,13831608.93000000,14249241.30141000,0
2025-10-29 19:00:00,1.042,1.056,1.026,1.033,5545339.09,2025-10-29 19:59:59.999,5774788.47053000,19483,2534203.45000000,2641946.49660000,0
2025-10-29 20:00:00,1.033,1.069,1.031,1.064,4761998.11,2025-10-29 20:59:59.999,4993227.20038000,14092,2381511.82000000,2497077.49692000,0
2025-10-29 21:00:00,1.064,1.067,1.048,1.055,2606759.69,2025-10-29 21:59:59.999,2757792.84769000,6973,1207492.16000000,1277645.46296000,0
2025-10-29 22:00:00,1.054,1.056,1.047,1.05,1201890.85,2025-10-29 22:59:59.999,1263153.77603000,4640,561984.86000000,590871.18687000,0
2025-10-29 23:00:00,1.05,1.05,1.013,1.025,3987840.2,2025-10-29 23:59:59.999,4102183.53373000,11698,1541140.09000000,1582540.09831000,0
2025-10-30 00:00:00,1.024,1.028,1.011,1.028,2983678.94,2025-10-30 00:59:59.999,3040125.22292000,9344,1431761.56000000,1460177.39241000,0
2025-10-30 01:00:00,1.027,1.028,1.014,1.018,2630194.03,2025-10-30 01:59:59.999,2684459.55042000,8324,996033.74000000,1017210.01718000,0
2025-10-30 02:00:00,1.019,1.05,1.016,1.048,3930360.5,2025-10-30 02:59:59.999,4082519.73558000,9960,2162947.75000000,2247731.81448000,0
2025-10-30 03:00:00,1.048,1.048,1.03,1.035,3259507.6,2025-10-30 03:59:59.999,3384433.84280000,7967,1480359.05000000,1537413.42106000,0
2025-10-30 04:00:00,1.035,1.037,0.96,0.986,19828060.65,2025-10-30 04:59:59.999,19615455.19978000,40292,8815730.12000000,8731937.20802000,0
2025-10-30 05:00:00,0.986,1.013,0.982,1.008,6355874.73,2025-10-30 05:59:59.999,6340738.40456000,15807,3504756.85000000,3500240.48060000,0
2025-10-30 06:00:00,1.008,1.013,0.996,1.005,4346933.79,2025-10-30 06:59:59.999,4367492.69698000,11221,2243527.17000000,2254422.94305000,0
2025-10-30 07:00:00,1.005,1.034,1.004,1.028,6103947.21,2025-10-30 07:59:59.999,6244152.99195000,11829,3446763.54000000,3525286.14246000,0
2025-10-30 08:00:00,1.028,1.031,1.015,1.015,3975333.05,2025-10-30 08:59:59.999,4068045.10651000,9003,1962063.44000000,2008738.06186000,0
2025-10-30 09:00:00,1.015,1.032,1.012,1.018,4411559.39,2025-10-30 09:59:59.999,4500579.15690000,9778,2290209.33000000,2337285.53658000,0
2025-10-30 10:00:00,1.018,1.021,1.002,1.013,4165937.61,2025-10-30 10:59:59.999,4213709.40209000,10616,2187803.73000000,2214218.82141000,0
2025-10-30 11:00:00,1.013,1.014,0.979,0.983,6777136.0,2025-10-30 11:59:59.999,6773669.18710000,13048,3635996.17000000,3643476.36760000,0
2025-10-30 12:00:00,0.983,1.0,0.968,0.973,9378013.71,2025-10-30 12:59:59.999,9196030.49435000,21825,4050651.62000000,3982131.44737000,0
2025-10-30 13:00:00,0.972,0.978,0.889,0.915,25976557.98,2025-10-30 13:59:59.999,24118195.83219000,44129,11473150.09000000,10641121.72231000,0
2025-10-30 14:00:00,0.916,0.929,0.897,0.916,11546258.17,2025-10-30 14:59:59.999,10516851.71889000,24931,5180559.39000000,4719699.54879000,0
2025-10-30 15:00:00,0.916,0.919,0.872,0.889,13773924.76,2025-10-30 15:59:59.999,12246275.54579000,31774,6431400.75000000,5708848.15809000,0
2025-10-30 16:00:00,0.89,0.897,0.879,0.885,6029587.21,2025-10-30 16:59:59.999,5354893.22271000,15970,2859920.53000000,2541136.57431000,0
2025-10-30 17:00:00,0.886,0.887,0.854,0.876,13061329.23,2025-10-30 17:59:59.999,11323584.86216000,29837,5935364.99000000,5148535.09785000,0
2025-10-30 18:00:00,0.875,0.879,0.854,0.859,4925039.84,2025-10-30 18:59:59.999,4266223.13550000,13556,2069670.50000000,1794034.70530000,0
2025-10-30 19:00:00,0.858,0.873,0.854,0.868,5259615.75,2025-10-30 19:59:59.999,4538402.06652000,15186,2671709.51000000,2307451.47996000,0
2025-10-30 20:00:00,0.868,0.894,0.864,0.894,4709669.59,2025-10-30 20:59:59.999,4154951.41074000,15070,2690327.84000000,2374065.05587000,0
2025-10-30 21:00:00,0.894,0.894,0.879,0.885,2562136.67,2025-10-30 21:59:59.999,2268430.58099000,6846,1308232.95000000,1159301.87111000,0
2025-10-30 22:00:00,0.886,0.887,0.879,0.887,1952394.64,2025-10-30 22:59:59.999,1726566.58585000,6726,939742.19000000,831249.46896000,0
2025-10-30 23:00:00,0.886,0.934,0.883,0.923,15795199.3,2025-10-30 23:59:59.999,14503219.03197000,27457,11421382.30000000,10489876.00286000,0
2025-10-31 00:00:00,0.922,0.943,0.921,0.938,6869344.39,2025-10-31 00:59:59.999,6402956.27634000,17243,3642948.85000000,3393234.52518000,0
2025-10-31 01:00:00,0.938,0.944,0.932,0.942,3443293.16,2025-10-31 01:59:59.999,3231004.91465000,8861,1890596.07000000,1774892.62486000,0
2025-10-31 02:00:00,0.942,0.942,0.913,0.926,6791883.62,2025-10-31 02:59:59.999,6280609.59237000,11865,2553097.77000000,2363403.51258000,0
2025-10-31 03:00:00,0.927,0.935,0.92,0.927,2665373.26,2025-10-31 03:59:59.999,2472913.17843000,6120,1214748.42000000,1128543.93591000,0
2025-10-31 04:00:00,0.928,0.937,0.924,0.934,3087767.87,2025-10-31 04:59:59.999,2873744.45770000,7380,1712641.76000000,1594397.20945000,0
2025-10-31 05:00:00,0.933,0.933,0.922,0.926,2648711.84,2025-10-31 05:59:59.999,2456472.85892000,6074,1208006.42000000,1121238.58261000,0
2025-10-31 06:00:00,0.927,0.936,0.923,0.93,2658194.57,2025-10-31 06:59:59.999,2469802.32381000,6370,1283694.53000000,1192906.47343000,0
2025-10-31 07:00:00,0.93,0.946,0.93,0.944,4335864.18,2025-10-31 07:59:59.999,4064586.66546000,10252,2480555.27000000,2325442.34643000,0
2025-10-31 08:00:00,0.945,0.957,0.937,0.949,8255759.84,2025-10-31 08:59:59.999,7830327.83440000,15561,4409380.26000000,4181614.34066000,0
2025-10-31 09:00:00,0.949,1.003,0.938,0.992,21766313.72,2025-10-31 09:59:59.999,21278175.60893000,36271,11516334.52000000,11229785.40860000,0
2025-10-31 10:00:00,0.992,1.007,0.977,0.99,11605624.69,2025-10-31 10:59:59.999,11488455.68582000,24864,6016015.04000000,5957703.56980000,0
2025-10-31 11:00:00,0.99,1.015,0.986,1.011,7777207.89,2025-10-31 11:59:59.999,7738387.09312000,20955,3697829.74000000,3683192.70503000,0
2025-10-31 12:00:00,1.011,1.015,0.979,0.984,7370484.2,2025-10-31 12:59:59.999,7351657.67779000,19020,3077214.99000000,3075015.80068000,0
2025-10-31 13:00:00,0.984,0.999,0.98,0.994,4989481.24,2025-10-31 13:59:59.999,4938073.90013000,15179,3114445.93000000,3083317.59743000,0
2025-10-31 14:00:00,0.995,0.996,0.983,0.993,3414367.06,2025-10-31 14:59:59.999,3378449.40283000,11868,1680912.25000000,1664100.85058000,0
2025-10-31 15:00:00,0.993,1.004,0.98,0.983,4412149.15,2025-10-31 15:59:59.999,4379850.81325000,12850,2233520.17000000,2217991.28272000,0
2025-10-31 16:00:00,0.982,0.988,0.956,0.957,8590949.86,2025-10-31 16:59:59.999,8337991.42589000,19266,3574286.46000000,3470103.33790000,0
2025-10-31 17:00:00,0.957,0.968,0.944,0.962,5606760.99,2025-10-31 17:59:59.999,5357077.63126000,15537,2910183.09000000,2782619.52308000,0
2025-10-31 18:00:00,0.963,0.991,0.963,0.981,5513205.23,2025-10-31 18:59:59.999,5389251.45653000,15404,2786132.91000000,2722855.06995000,0
2025-10-31 19:00:00,0.981,1.0,0.974,0.995,3379312.55,2025-10-31 19:59:59.999,3347014.49898000,9471,1876212.45000000,1859658.43439000,0
2025-10-31 20:00:00,0.994,1.002,0.987,0.988,2855232.54,2025-10-31 20:59:59.999,2839787.73718000,6577,1474413.33000000,1466887.56058000,0
2025-10-31 21:00:00,0.988,0.995,0.986,0.991,1538411.08,2025-10-31 21:59:59.999,1523443.83953000,4103,810412.79000000,802839.54070000,0
2025-10-31 22:00:00,0.99,0.999,0.988,0.995,1321322.61,2025-10-31 22:59:59.999,1311650.02302000,4453,717942.18000000,712638.18267000,0
2025-10-31 23:00:00,0.994,0.998,0.988,0.994,1835922.36,2025-10-31 23:59:59.999,1820368.55436000,3878,776202.58000000,770067.65585000,0
2025-11-01 00:00:00,0.993,1.0,0.988,0.997,1680388.29,2025-11-01 00:59:59.999,1668729.94491000,5027,838541.56000000,832915.55139000,0
2025-11-01 01:00:00,0.997,1.001,0.984,0.986,1302423.5,2025-11-01 01:59:59.999,1293950.95515000,4577,559384.88000000,556188.68936000,0
2025-11-01 02:00:00,0.985,1.011,0.977,1.01,2547236.32,2025-11-01 02:59:59.999,2529911.01754000,9016,1368889.91000000,1362224.02366000,0
2025-11-01 03:00:00,1.01,1.039,1.004,1.014,5114071.16,2025-11-01 03:59:59.999,5198832.37868000,13165,2776913.10000000,2826199.81820000,0
2025-11-01 04:00:00,1.014,1.017,1.001,1.005,1611599.84,2025-11-01 04:59:59.999,1623448.28719000,5611,771389.66000000,777574.87262000,0
2025-11-01 05:00:00,1.005,1.012,0.994,1.001,2511076.34,2025-11-01 05:59:59.999,2517567.38985000,6850,1151810.82000000,1155208.86316000,0
2025-11-01 06:00:00,1.0,1.003,0.976,0.986,9722912.32,2025-11-01 06:59:59.999,9587703.12342000,15553,3724703.85000000,3667588.76219000,0
2025-11-01 07:00:00,0.986,0.99,0.979,0.985,2920887.16,2025-11-01 07:59:59.999,2876210.96853000,6976,986991.48000000,972599.69958000,0
2025-11-01 08:00:00,0.984,0.986,0.969,0.985,4715846.16,2025-11-01 08:59:59.999,4612126.54368000,8749,2268749.83000000,2219903.55413000,0
2025-11-01 09:00:00,0.985,0.99,0.968,0.978,4702039.51,2025-11-01 09:59:59.999,4592535.49292000,12103,2361293.98000000,2307746.70309000,0
2025-11-01 10:00:00,0.977,0.981,0.974,0.978,1819487.97,2025-11-01 10:59:59.999,1780188.25315000,4828,857504.48000000,838989.58318000,0
2025-11-01 11:00:00,0.979,0.985,0.976,0.98,1104290.98,2025-11-01 11:59:59.999,1083080.29938000,4175,513662.90000000,503901.58035000,0
2025-11-01 12:00:00,0.981,0.988,0.979,0.98,1928703.61,2025-11-01 12:59:59.999,1897031.34495000,5403,937990.20000000,923373.71675000,0
2025-11-01 13:00:00,0.98,0.984,0.97,0.976,3248533.96,2025-11-01 13:59:59.999,3177289.05883000,11728,1406512.90000000,1375616.19307000,0
2025-11-01 14:00:00,0.976,0.979,0.965,0.971,2357174.28,2025-11-01 14:59:59.999,2286640.60566000,9603,1007691.90000000,977962.46019000,0
2025-11-01 15:00:00,0.971,0.988,0.97,0.977,2202033.61,2025-11-01 15:59:59.999,2155317.17547000,8774,975257.01000000,954967.13143000,0
2025-11-01 16:00:00,0.976,0.984,0.971,0.979,2029098.66,2025-11-01 16:59:59.999,1983611.12816000,6217,927452.99000000,907199.25308000,0
2025-11-01 17:00:00,0.979,0.98,0.967,0.971,3430431.09,2025-11-01 17:59:59.999,3334418.91741000,6434,1888884.76000000,1835494.34223000,0
2025-11-01 18:00:00,0.971,0.974,0.962,0.973,1677140.93,2025-11-01 18:59:59.999,1624274.73679000,4837,806520.00000000,781040.74909000,0
2025-11-01 19:00:00,0.972,0.973,0.955,0.964,4573865.83,2025-11-01 19:59:59.999,4400853.45627000,8572,2517409.75000000,2421254.92662000,0
2025-11-01 20:00:00,0.964,0.973,0.959,0.962,1596254.35,2025-11-01 20:59:59.999,1540203.84818000,4843,572746.17000000,553140.71103000,0
2025-11-01 21:00:00,0.961,0.963,0.952,0.953,1386246.19,2025-11-01 21:59:59.999,1327471.49660000,5536,557634.44000000,534006.50091000,0
2025-11-01 22:00:00,0.953,0.965,0.952,0.965,1488500.89,2025-11-01 22:59:59.999,1425089.68461000,4448,659555.43000000,631570.79644000,0
2025-11-01 23:00:00,0.964,0.967,0.96,0.966,897203.43,2025-11-01 23:59:59.999,864827.61508000,2405,421212.89000000,406131.18481000,0
2025-11-02 00:00:00,0.966,0.967,0.956,0.958,1224727.68,2025-11-02 00:59:59.999,1174213.43210000,3169,589137.06000000,564933.35182000,0
2025-11-02 01:00:00,0.957,0.965,0.956,0.961,1164068.53,2025-11-02 01:59:59.999,1118435.42228000,3161,578307.78000000,555541.96852000,0
2025-11-02 02:00:00,0.96,0.972,0.958,0.964,1550318.11,2025-11-02 02:59:59.999,1497929.71655000,4454,878608.21000000,849239.52077000,0
2025-11-02 03:00:00,0.965,0.965,0.953,0.954,2586083.7,2025-11-02 03:59:59.999,2479421.54135000,4917,780020.83000000,748730.12788000,0
2025-11-02 04:00:00,0.955,0.969,0.952,0.967,3079490.44,2025-11-02 04:59:59.999,2962543.21489000,6794,1160390.18000000,1116868.87622000,0
2025-11-02 05:00:00,0.966,0.967,0.953,0.961,2270319.07,2025-11-02 05:59:59.999,2173538.36933000,5256,966519.19000000,925428.93081000,0
2025-11-02 06:00:00,0.961,0.966,0.956,0.963,1654505.02,2025-11-02 06:59:59.999,1589627.36884000,4550,614967.30000000,591064.51855000,0
2025-11-02 07:00:00,0.963,0.972,0.958,0.968,1866001.75,2025-11-02 07:59:59.999,1799101.69938000,4482,854012.40000000,823868.22677000,0
2025-11-02 08:00:00,0.968,0.97,0.956,0.958,1391948.5,2025-11-02 08:59:59.999,1339980.17378000,3584,715871.55000000,689222.99495000,0
2025-11-02 09:00:00,0.959,0.961,0.934,0.942,5113826.65,2025-11-02 09:59:59.999,4829100.54270000,9833,2448414.90000000,2310145.11156000,0
2025-11-02 10:00:00,0.942,0.948,0.922,0.927,4595807.34,2025-11-02 10:59:59.999,4282225.80292000,10131,1849163.92000000,1724908.46253000,0
2025-11-02 11:00:00,0.928,0.946,0.926,0.946,2417217.85,2025-11-02 11:59:59.999,2264180.77844000,5960,1358662.63000000,1272749.43373000,0
2025-11-02 12:00:00,0.946,0.949,0.937,0.939,2007258.3,2025-11-02 12:59:59.999,1892012.74556000,5474,898081.30000000,846793.81239000,0
2025-11-02 13:00:00,0.94,0.942,0.923,0.927,4175472.39,2025-11-02 13:59:59.999,3888085.38724000,10772,1342750.71000000,1252095.25889000,0
2025-11-02 14:00:00,0.928,1.25,0.906,1.202,182018916.22,2025-11-02 14:59:59.999,203707006.39619000,461963,88066915.91000000,98432651.13334000,0
2025-11-02 15:00:00,1.202,1.285,1.136,1.263,101716149.3,2025-11-02 15:59:59.999,122965353.10633000,249116,50486648.26000000,61004898.54095000,0
2025-11-02 16:00:00,1.262,1.269,1.144,1.18,74995134.82,2025-11-02 16:59:59.999,89988081.70510000,199379,34831749.98000000,41832805.50914000,0
2025-11-02 17:00:00,1.179,1.253,1.149,1.213,45389105.29,2025-11-02 17:59:59.999,54550212.31561000,117838,24500925.36000000,29461687.06226000,0
2025-11-02 18:00:00,1.213,1.233,1.189,1.226,22483185.01,2025-11-02 18:59:59.999,27275015.68683000,63743,10666272.51000000,12949993.68908000,0
2025-11-02 19:00:00,1.226,1.23,1.169,1.175,19584889.56,2025-11-02 19:59:59.999,23428450.04589000,51759,8508918.77000000,10196576.78972000,0
2025-11-02 20:00:00,1.175,1.207,1.156,1.166,13747118.01,2025-11-02 20:59:59.999,16293304.54362000,38258,6153940.37000000,7303137.91411000,0
2025-11-02 21:00:00,1.166,1.185,1.153,1.178,9920709.43,2025-11-02 21:59:59.999,11592777.51910000,26228,5262898.69000000,6149071.58021000,0
2025-11-02 22:00:00,1.177,1.208,1.167,1.207,11125600.23,2025-11-02 22:59:59.999,13195217.91011000,26102,4866102.82000000,5787980.38267000,0
2025-11-02 23:00:00,1.207,1.239,1.198,1.227,15412665.18,2025-11-02 23:59:59.999,18871422.38905000,35508,8172300.34000000,10006478.57835000,0
2025-11-03 00:00:00,1.226,1.26,1.189,1.193,16850931.08,2025-11-03 00:59:59.999,20627925.65280000,40622,7011839.19000000,8592100.46558000,0
2025-11-03 01:00:00,1.193,1.208,1.153,1.173,19911380.82,2025-11-03 01:59:59.999,23564017.42534000,42821,8699166.59000000,10320202.24433000,0
2025-11-03 02:00:00,1.173,1.178,1.091,1.12,38897964.03,2025-11-03 02:59:59.999,43899394.32124000,81757,15858835.73000000,17956286.80260000,0
2025-11-03 03:00:00,1.12,1.126,1.062,1.067,30503018.47,2025-11-03 03:59:59.999,33123650.42286000,55066,13080997.37000000,14210288.32568000,0
2025-11-03 04:00:00,1.067,1.072,1.045,1.067,25968502.33,2025-11-03 04:59:59.999,27477353.67932000,38609,11770535.96000000,12461947.90056000,0
2025-11-03 05:00:00,1.066,1.097,1.019,1.065,36012842.58,2025-11-03 05:59:59.999,38170020.19008000,57766,16747303.36000000,17775800.07548000,0
2025-11-03 06:00:00,1.064,1.09,1.046,1.078,21126968.24,2025-11-03 06:59:59.999,22514169.29832000,29836,10459611.09000000,11161895.37115000,0
2025-11-03 07:00:00,1.078,1.087,1.064,1.075,12634531.6,2025-11-03 07:59:59.999,13588010.72644000,20374,5866842.03000000,6309452.88937000,0
2025-11-03 08:00:00,1.075,1.076,1.032,1.05,14599182.04,2025-11-03 08:59:59.999,15343685.66674000,25220,7090181.26000000,7457057.93278000,0
2025-11-03 09:00:00,1.05,1.063,0.986,0.987,26606649.8,2025-11-03 09:59:59.999,27127347.56880000,41948,12925885.88000000,13200451.71552000,0
2025-11-03 10:00:00,0.987,1.014,0.948,0.991,24304498.87,2025-11-03 10:59:59.999,23997206.46186000,41819,12215262.47000000,12079394.70494000,0
2025-11-03 11:00:00,0.992,1.013,0.985,1.001,14975348.34,2025-11-03 11:59:59.999,14982610.47735000,43209,8095943.36000000,8103107.40179000,0
2025-11-03 12:00:00,1.001,1.02,0.997,1.001,13353792.52,2025-11-03 12:59:59.999,13467566.43015000,25694,7331914.51000000,7396234.86742000,0
2025-11-03 13:00:00,1.001,1.009,0.984,1.005,11227973.86,2025-11-03 13:59:59.999,11191744.24540000,20734,6190450.57000000,6168021.93825000,0
2025-11-03 14:00:00,1.005,1.013,0.975,0.996,12555493.28,2025-11-03 14:59:59.999,12461224.09373000,44068,5568184.52000000,5528808.75706000,0
2025-11-03 15:00:00,0.997,0.998,0.888,0.942,69308031.63,2025-11-03 15:59:59.999,65113068.67863000,119035,31970528.38000000,30085658.78362000,0
2025-11-03 16:00:00,0.942,0.974,0.928,0.964,21684231.7,2025-11-03 16:59:59.999,20684003.57248000,50888,11565737.12000000,11041872.01781000,0
2025-11-03 17:00:00,0.964,0.985,0.958,0.972,13228717.88,2025-11-03 17:59:59.999,12843777.48613000,30226,6994168.38000000,6790977.65735000,0
2025-11-03 18:00:00,0.973,0.979,0.955,0.957,6091450.96,2025-11-03 18:59:59.999,5885323.80439000,18312,3280468.87000000,3172156.34199000,0
2025-11-03 19:00:00,0.958,0.96,0.939,0.948,11632009.16,2025-11-03 19:59:59.999,11025963.68692000,21092,6469564.62000000,6133406.84853000,0
2025-11-03 20:00:00,0.948,0.951,0.919,0.921,12526096.94,2025-11-03 20:59:59.999,11687251.57226000,24909,6478776.55000000,6048546.12497000,0
2025-11-03 21:00:00,0.92,0.935,0.9,0.928,15888978.78,2025-11-03 21:59:59.999,14589328.03430000,30737,7879906.67000000,7245430.54427000,0
2025-11-03 22:00:00,0.927,0.928,0.846,0.876,18400444.11,2025-11-03 22:59:59.999,16437773.86779000,35511,7619850.53000000,6815580.54873000,0
2025-11-03 23:00:00,0.876,0.921,0.864,0.913,11543457.54,2025-11-03 23:59:59.999,10385390.54797000,26964,5819385.07000000,5239731.00249000,0
2025-11-04 00:00:00,0.914,0.928,0.891,0.914,13999405.64,2025-11-04 00:59:59.999,12730121.44456000,29050,7139670.66000000,6493558.07516000,0
2025-11-04 01:00:00,0.915,0.929,0.908,0.924,10297428.22,2025-11-04 01:59:59.999,9475275.67918000,21010,6636443.91000000,6108113.30918000,0
2025-11-04 02:00:00,0.923,0.933,0.912,0.914,7980886.27,2025-11-04 02:59:59.999,7364725.36626000,16781,4728814.99000000,4367754.40320000,0
2025-11-04 03:00:00,0.915,0.934,0.912,0.922,6953736.79,2025-11-04 03:59:59.999,6421902.28839000,16047,3672604.92000000,3393372.30609000,0
2025-11-04 04:00:00,0.922,0.924,0.893,0.895,9085456.59,2025-11-04 04:59:59.999,8252003.55978000,16100,3366951.12000000,3055873.30799000,0
2025-11-04 05:00:00,0.895,0.907,0.817,0.822,33105707.46,2025-11-04 05:59:59.999,28277681.36323000,54860,14322509.41000000,12240080.12121000,0
2025-11-04 06:00:00,0.823,0.866,0.818,0.846,22129016.23,2025-11-04 06:59:59.999,18674904.91138000,38339,10949070.73000000,9238022.11348000,0
2025-11-04 07:00:00,0.846,0.856,0.829,0.838,22180839.7,2025-11-04 07:59:59.999,18668335.33737000,32402,12388672.65000000,10417863.11675000,0
2025-11-04 08:00:00,0.838,0.895,0.824,0.88,49711346.54,2025-11-04 08:59:59.999,43105362.05074000,77552,26116908.61000000,22701899.80367000,0
2025-11-04 09:00:00,0.881,0.919,0.877,0.913,25532548.21,2025-11-04 09:59:59.999,22943716.13683000,44678,15256328.74000000,13711548.55878000,0
2025-11-04 10:00:00,0.913,0.943,0.907,0.93,24500043.06,2025-11-04 10:59:59.999,22611831.28758000,41815,14212584.78000000,13116226.82707000,0
2025-11-04 11:00:00,0.93,0.971,0.904,0.938,42124662.37,2025-11-04 11:59:59.999,39578455.38008000,72645,23672679.11000000,22263331.68206000,0
2025-11-04 12:00:00,0.939,0.94,0.913,0.922,16155723.95,2025-11-04 12:59:59.999,14925283.16223000,35344,7892321.84000000,7294002.06582000,0
2025-11-04 13:00:00,0.922,0.931,0.904,0.923,11545905.74,2025-11-04 13:59:59.999,10626977.91147000,30004,6105941.31000000,5626070.08603000,0
2025-11-04 14:00:00,0.922,0.943,0.891,0.935,20000811.45,2025-11-04 14:59:59.999,18409289.61372000,47167,10748280.05000000,9917290.36024000,0
2025-11-04 15:00:00,0.935,0.942,0.896,0.898,15742616.6,2025-11-04 15:59:59.999,14410801.29709000,41722,8067535.91000000,7394882.04633000,0
2025-11-04 16:00:00,0.898,0.92,0.892,0.9,10188923.0,2025-11-04 16:59:59.999,9208736.93838000,34682,4759537.29000000,4305163.58457000,0
2025-11-04 17:00:00,0.899,0.922,0.87,0.919,24058571.63,2025-11-04 17:59:59.999,21598580.40749000,56932,11341624.57000000,10169685.73184000,0
2025-11-04 18:00:00,0.919,0.957,0.894,0.957,24838156.64,2025-11-04 18:59:59.999,22947020.89087000,62856,13042130.95000000,12066720.46538000,0
2025-11-04 19:00:00,0.956,0.969,0.938,0.952,20003310.37,2025-11-04 19:59:59.999,19073387.48152000,51949,10837844.37000000,10336332.18267000,0
2025-11-04 20:00:00,0.952,0.958,0.887,0.937,27684130.63,2025-11-04 20:59:59.999,25607728.14940000,71735,12940662.98000000,11982183.87967000,0
2025-11-04 21:00:00,0.937,0.946,0.904,0.946,23138875.13,2025-11-04 21:59:59.999,21351212.13977000,60970,11910687.53000000,10994124.67924000,0
2025-11-04 22:00:00,0.945,1.0,0.936,0.977,27213818.2,2025-11-04 22:59:59.999,26512444.20600000,59611,14834463.40000000,14453446.10990000,0
2025-11-04 23:00:00,0.977,0.994,0.964,0.974,14916438.19,2025-11-04 23:59:59.999,14592808.91783000,34716,8006248.51000000,7834034.61972000,0
2025-11-05 00:00:00,0.975,0.994,0.964,0.98,14161588.56,2025-11-05 00:59:59.999,13835823.63326000,32497,8224667.47000000,8036942.33310000,0
2025-11-05 01:00:00,0.98,0.984,0.931,0.966,23181020.56,2025-11-05 01:59:59.999,22109090.16455000,60337,11572106.51000000,11047834.55145000,0
2025-11-05 02:00:00,0.967,1.007,0.966,1.002,22368892.4,2025-11-05 02:59:59.999,22134935.50229000,50708,12226110.61000000,12099560.45381000,0
2025-11-05 03:00:00,1.002,1.072,0.991,1.039,28650616.75,2025-11-05 03:59:59.999,29890568.09808000,74497,16001918.36000000,16687404.89211000,0
2025-11-05 04:00:00,1.039,1.045,1.009,1.015,16300095.87,2025-11-05 04:59:59.999,16742628.12098000,40314,7852562.84000000,8073215.46002000,0
2025-11-05 05:00:00,1.014,1.046,1.008,1.043,10189973.55,2025-11-05 05:59:59.999,10479431.05617000,27388,5598103.88000000,5760641.61286000,0
2025-11-05 06:00:00,1.042,1.046,0.994,1.028,23385007.34,2025-11-05 06:59:59.999,23672849.84454000,46472,10260404.32000000,10396111.97354000,0
2025-11-05 07:00:00,1.027,1.066,1.016,1.06,15609215.48,2025-11-05 07:59:59.999,16234648.50747000,33422,7552239.10000000,7848994.62866000,0
2025-11-05 08:00:00,1.059,1.059,1.002,1.018,18974091.77,2025-11-05 08:59:59.999,19469474.90875000,45649,7666306.23000000,7865855.79548000,0
2025-11-05 09:00:00,1.018,1.05,1.014,1.029,13119253.52,2025-11-05 09:59:59.999,13532627.62315000,31177,5861931.91000000,6053232.74089000,0
2025-11-05 10:00:00,1.029,1.03,0.996,0.997,11870031.52,2025-11-05 10:59:59.999,11969599.68228000,26886,4331703.23000000,4373453.85920000,0
2025-11-05 11:00:00,0.997,1.036,0.996,1.036,8479813.81,2025-11-05 11:59:59.999,8572953.73827000,23716,3830633.16000000,3879184.87737000,0
2025-11-05 12:00:00,1.035,1.068,1.032,1.05,17784223.73,2025-11-05 12:59:59.999,18639953.44576000,49755,8844692.82000000,9278408.51864000,0
2025-11-05 13:00:00,1.049,1.066,1.014,1.028,20141201.33,2025-11-05 13:59:59.999,20943105.99338000,44239,8850326.56000000,9204055.89910000,0
2025-11-05 14:00:00,1.028,1.054,1.014,1.039,13177938.66,2025-11-05 14:59:59.999,13606093.75790000,40242,6764082.37000000,6997350.96496000,0
2025-11-05 15:00:00,1.039,1.097,1.034,1.085,28965582.44,2025-11-05 15:59:59.999,31055238.58516000,53526,13308407.44000000,14269668.55434000,0
2025-11-05 16:00:00,1.086,1.104,1.049,1.104,22669117.11,2025-11-05 16:59:59.999,24472568.92592000,46810,13168737.57000000,14222106.91129000,0
2025-11-05 17:00:00,1.103,1.112,1.05,1.083,17767850.2,2025-11-05 17:59:59.999,19190792.88971000,35308,8639154.07000000,9347872.34986000,0
2025-11-05 18:00:00,1.082,1.127,1.077,1.097,15649911.01,2025-11-05 18:59:59.999,17334168.43651000,40333,8116189.83000000,8991438.10205000,0
2025-11-05 19:00:00,1.097,1.108,1.07,1.074,10890511.32,2025-11-05 19:59:59.999,11844886.47533000,29737,5151414.15000000,5609583.14702000,0
2025-11-05 20:00:00,1.074,1.082,1.056,1.066,10128779.0,2025-11-05 20:59:59.999,10835575.35689000,19950,4184640.68000000,4479116.48335000,0
2025-11-05 21:00:00,1.066,1.067,1.043,1.05,9037943.7,2025-11-05 21:59:59.999,9531099.12425000,19190,5146339.99000000,5426834.36651000,0
2025-11-05 22:00:00,1.051,1.09,1.05,1.086,9658726.16,2025-11-05 22:59:59.999,10319845.36282000,22077,5846965.89000000,6249389.42008000,0
2025-11-05 23:00:00,1.086,1.086,1.067,1.071,5104542.76,2025-11-05 23:59:59.999,5494327.97042000,13598,2500407.80000000,2691959.76438000,0
2025-11-06 00:00:00,1.071,1.082,1.052,1.08,6947604.27,2025-11-06 00:59:59.999,7403440.07140000,16809,3283579.29000000,3504735.87310000,0
2025-11-06 01:00:00,1.081,1.098,1.044,1.097,15165239.99,2025-11-06 01:59:59.999,16123753.63931000,31633,7608622.82000000,8097907.01211000,0
2025-11-06 02:00:00,1.097,1.133,1.07,1.128,17860218.97,2025-11-06 02:59:59.999,19633312.62328000,39102,9237533.50000000,10173757.91052000,0
2025-11-06 03:00:00,1.127,1.168,1.119,1.167,23572273.77,2025-11-06 03:59:59.999,26874366.48847000,51847,14020052.80000000,15988993.16155000,0
2025-11-06 04:00:00,1.167,1.172,1.132,1.134,15319508.18,2025-11-06 04:59:59.999,17606416.13767000,39544,7336629.42000000,8436630.49509000,0
2025-11-06 05:00:00,1.133,1.142,1.084,1.093,17608413.87,2025-11-06 05:59:59.999,19400427.24192000,38715,7056914.23000000,7787869.50248000,0
2025-11-06 06:00:00,1.094,1.109,1.084,1.092,10300351.61,2025-11-06 06:59:59.999,11275319.95602000,20015,5065527.99000000,5550407.91635000,0
2025-11-06 07:00:00,1.091,1.099,1.075,1.086,11092231.68,2025-11-06 07:59:59.999,12060051.81079000,21555,4606634.87000000,5018854.41391000,0
2025-11-06 08:00:00,1.085,1.09,1.058,1.071,8629726.55,2025-11-06 08:59:59.999,9241667.81544000,19651,3620129.75000000,3879449.14595000,0
2025-11-06 09:00:00,1.072,1.076,1.06,1.063,4612045.08,2025-11-06 09:59:59.999,4926208.79819000,11925,2046692.91000000,2187339.28002000,0
2025-11-06 10:00:00,1.063,1.111,1.053,1.086,11687708.25,2025-11-06 10:59:59.999,12606639.06091000,25787,6048236.74000000,6534791.37640000,0
2025-11-06 11:00:00,1.085,1.095,1.064,1.074,10097737.98,2025-11-06 11:59:59.999,10906535.09773000,21786,5159982.00000000,5571306.92855000,0
2025-11-06 12:00:00,1.075,1.077,1.05,1.053,9120921.98,2025-11-06 12:59:59.999,9684615.40097000,19112,4117463.62000000,4373740.30112000,0
2025-11-06 13:00:00,1.053,1.08,1.045,1.049,12608418.37,2025-11-06 13:59:59.999,13384863.21711000,26226,5968296.16000000,6346359.60614000,0
2025-11-06 14:00:00,1.05,1.059,1.025,1.035,16320591.26,2025-11-06 14:59:59.999,16963322.55291000,33453,7094698.57000000,7371745.73357000,0
2025-11-06 15:00:00,1.035,1.056,1.01,1.016,17827793.79,2025-11-06 15:59:59.999,18334093.94358000,37660,7661249.71000000,7899263.24475000,0
2025-11-06 16:00:00,1.016,1.024,0.967,0.997,23017599.85,2025-11-06 16:59:59.999,23120186.34293000,43348,8542777.13000000,8587872.07555000,0
2025-11-06 17:00:00,0.998,1.023,0.991,1.02,15266240.41,2025-11-06 17:59:59.999,15328226.66289000,31036,7323372.45000000,7359117.73296000,0
2025-11-06 18:00:00,1.02,1.026,0.998,1.012,8281146.39,2025-11-06 18:59:59.999,8374334.23293000,19136,3942786.68000000,3989214.94743000,0
2025-11-06 19:00:00,1.012,1.013,0.991,1.002,5245733.74,2025-11-06 19:59:59.999,5256962.10186000,13600,2511370.17000000,2516112.14389000,0
2025-11-06 20:00:00,1.002,1.006,0.985,1.001,5659121.05,2025-11-06 20:59:59.999,5630745.59433000,14416,2539059.70000000,2527966.76280000,0
2025-11-06 21:00:00,1.001,1.018,0.994,1.016,4044104.63,2025-11-06 21:59:59.999,4069570.53231000,9584,2272762.43000000,2289542.62009000,0
2025-11-06 22:00:00,1.016,1.046,1.006,1.016,10260594.84,2025-11-06 22:59:59.999,10518734.18197000,21607,5403597.96000000,5541732.74665000,0
2025-11-06 23:00:00,1.016,1.018,1.001,1.018,3939978.0,2025-11-06 23:59:59.999,3974101.42960000,9565,1718286.76000000,1733810.75598000,0
2025-11-07 00:00:00,1.017,1.042,1.012,1.038,7931455.47,2025-11-07 00:59:59.999,8154961.03744000,18073,4348431.60000000,4473778.43656000,0
2025-11-07 01:00:00,1.038,1.043,1.001,1.016,9559633.84,2025-11-07 01:59:59.999,9725752.23924000,22597,4212273.00000000,4289919.07271000,0
2025-11-07 02:00:00,1.016,1.026,1.003,1.024,4662997.8,2025-11-07 02:59:59.999,4729491.16037000,12685,2541864.23000000,2580077.34214000,0
2025-11-07 03:00:00,1.023,1.038,1.013,1.015,6981914.06,2025-11-07 03:59:59.999,7151298.58889000,15521,3112965.90000000,3190448.17633000,0
2025-11-07 04:00:00,1.015,1.02,1.007,1.019,4436710.91,2025-11-07 04:59:59.999,4495015.30953000,10284,2283264.95000000,2313956.11966000,0
2025-11-07 05:00:00,1.019,1.036,1.018,1.036,6134020.01,2025-11-07 05:59:59.999,6306124.67100000,13764,2921588.16000000,3004390.63826000,0
2025-11-07 06:00:00,1.036,1.044,1.025,1.032,4929747.12,2025-11-07 06:59:59.999,5095670.37277000,10468,2912497.11000000,3012389.95305000,0
2025-11-07 07:00:00,1.032,1.065,1.032,1.059,14088759.58,2025-11-07 07:59:59.999,14785502.20498000,21480,8991184.42000000,9441193.38018000,0
2025-11-07 08:00:00,1.059,1.063,1.035,1.038,6533146.97,2025-11-07 08:59:59.999,6864403.23201000,12822,2963460.12000000,3115480.07114000,0
2025-11-07 09:00:00,1.038,1.04,1.006,1.013,6322535.57,2025-11-07 09:59:59.999,6444098.90457000,15242,2486600.37000000,2535595.50593000,0
2025-11-07 10:00:00,1.013,1.02,1.0,1.004,7788376.8,2025-11-07 10:59:59.999,7841390.80695000,21123,2368346.39000000,2387914.14448000,0
2025-11-07 11:00:00,1.004,1.009,0.973,1.003,17795705.5,2025-11-07 11:59:59.999,17624456.31569000,34445,8701671.01000000,8622347.33425000,0
2025-11-07 12:00:00,1.003,1.011,0.993,1.001,6941677.02,2025-11-07 12:59:59.999,6946520.61854000,15492,3021421.95000000,3026223.84515000,0
2025-11-07 13:00:00,1.001,1.03,1.0,1.016,8539259.35,2025-11-07 13:59:59.999,8693921.36862000,19442,3687463.73000000,3753653.58119000,0
2025-11-07 14:00:00,1.015,1.057,1.006,1.051,11791829.12,2025-11-07 14:59:59.999,12159315.54340000,30296,6457873.25000000,6682086.57742000,0
2025-11-07 15:00:00,1.051,1.066,1.037,1.049,15044344.88,2025-11-07 15:59:59.999,15817769.22588000,37455,8597762.66000000,9044480.51854000,0
2025-11-07 16:00:00,1.049,1.096,1.043,1.076,16047402.52,2025-11-07 16:59:59.999,17206589.25919000,36797,9082247.82000000,9740688.07108000,0
2025-11-07 17:00:00,1.076,1.12,1.072,1.097,16964156.53,2025-11-07 17:59:59.999,18707997.50890000,40777,10116473.18000000,11165751.10744000,0
2025-11-07 18:00:00,1.097,1.11,1.088,1.095,6948699.29,2025-11-07 18:59:59.999,7643356.30373000,21545,3462769.62000000,3809219.68326000,0
2025-11-07 19:00:00,1.095,1.12,1.094,1.108,7827505.91,2025-11-07 19:59:59.999,8665661.29482000,21539,5118008.47000000,5669311.04627000,0
2025-11-07 20:00:00,1.109,1.157,1.103,1.132,18426296.15,2025-11-07 20:59:59.999,20892091.53387000,49028,9510539.85000000,10792799.37627000,0
2025-11-07 21:00:00,1.131,1.164,1.125,1.15,9317561.69,2025-11-07 21:59:59.999,10665942.34506000,22599,4643295.78000000,5316401.16394000,0
2025-11-07 22:00:00,1.151,1.168,1.135,1.156,9030600.38,2025-11-07 22:59:59.999,10387978.92600000,22000,4313767.50000000,4962637.91552000,0
2025-11-07 23:00:00,1.157,1.166,1.127,1.141,8676130.79,2025-11-07 23:59:59.999,9925771.78186000,33020,3641038.71000000,4165337.18008000,0
2025-11-08 00:00:00,1.141,1.153,1.095,1.096,11967101.38,2025-11-08 00:59:59.999,13447587.82838000,34076,4145967.34000000,4669662.91314000,0
2025-11-08 01:00:00,1.096,1.122,1.091,1.109,5734460.41,2025-11-08 01:59:59.999,6360063.45932000,14629,2995353.02000000,3324256.14465000,0
2025-11-08 02:00:00,1.109,1.129,1.084,1.087,9433474.97,2025-11-08 02:59:59.999,10474974.99996000,22414,4281725.12000000,4750238.72908000,0
2025-11-08 03:00:00,1.087,1.097,1.066,1.07,8430406.48,2025-11-08 03:59:59.999,9121191.28085000,16531,3809780.48000000,4121465.69322000,0
2025-11-08 04:00:00,1.07,1.09,1.065,1.066,5590074.89,2025-11-08 04:59:59.999,6029607.29699000,13285,2967807.11000000,3203163.27464000,0
2025-11-08 05:00:00,1.065,1.075,1.049,1.058,5707171.94,2025-11-08 05:59:59.999,6055835.57536000,19879,2362717.02000000,2508455.39037000,0
2025-11-08 06:00:00,1.058,1.06,1.046,1.05,5235614.09,2025-11-08 06:59:59.999,5504777.04652000,14292,2393690.80000000,2518489.97444000,0
2025-11-08 07:00:00,1.05,1.054,1.03,1.047,6527071.07,2025-11-08 07:59:59.999,6806784.77000000,15168,2631704.48000000,2749188.10608000,0
2025-11-08 08:00:00,1.047,1.062,1.026,1.047,8734575.24,2025-11-08 08:59:59.999,9133351.51421000,21000,4815025.70000000,5042358.00447000,0
2025-11-08 09:00:00,1.047,1.057,1.038,1.046,3834806.82,2025-11-08 09:59:59.999,4012520.65173000,12632,2005432.36000000,2099083.14325000,0
2025-11-08 10:00:00,1.045,1.062,1.044,1.059,3731455.84,2025-11-08 10:59:59.999,3933204.18644000,11128,2212482.14000000,2332901.27646000,0
2025-11-08 11:00:00,1.059,1.068,1.04,1.045,5955063.91,2025-11-08 11:59:59.999,6269403.97691000,15382,2944671.86000000,3101166.58490000,0
2025-11-08 12:00:00,1.044,1.054,1.038,1.051,4826130.58,2025-11-08 12:59:59.999,5045539.43907000,9469,2434951.19000000,2547165.99927000,0
2025-11-08 13:00:00,1.051,1.057,1.041,1.044,3691202.05,2025-11-08 13:59:59.999,3869109.74287000,10434,1929709.18000000,2022637.30766000,0
2025-11-08 14:00:00,1.044,1.048,1.026,1.041,7765308.58,2025-11-08 14:59:59.999,8052929.49015000,16544,3249096.32000000,3371878.92917000,0
2025-11-08 15:00:00,1.041,1.044,1.022,1.029,6969196.13,2025-11-08 15:59:59.999,7171567.12399000,14024,3218118.51000000,3313794.60143000,0
2025-11-08 16:00:00,1.029,1.033,1.008,1.03,11735909.49,2025-11-08 16:59:59.999,11981592.33193000,17621,3776691.26000000,3865902.17436000,0
2025-11-08 17:00:00,1.029,1.042,1.025,1.039,3053249.92,2025-11-08 17:59:59.999,3161855.53234000,7222,1801663.19000000,1865880.90719000,0
2025-11-08 18:00:00,1.039,1.044,1.033,1.038,3044623.41,2025-11-08 18:59:59.999,3160735.28242000,6490,1622055.00000000,1684563.68601000,0
2025-11-08 19:00:00,1.038,1.042,1.018,1.027,4304073.45,2025-11-08 19:59:59.999,4427471.16221000,8588,2127367.22000000,2188220.16279000,0
2025-11-08 20:00:00,1.027,1.032,1.023,1.03,1327596.9,2025-11-08 20:59:59.999,1364344.82497000,4371,757151.63000000,778188.42835000,0
2025-11-08 21:00:00,1.03,1.044,1.023,1.042,3362794.14,2025-11-08 21:59:59.999,3483730.59512000,6995,2040637.80000000,2115603.22078000,0
2025-11-08 22:00:00,1.041,1.054,1.032,1.05,2377308.64,2025-11-08 22:59:59.999,2477497.04724000,6037,1514640.23000000,1581469.14303000,0
2025-11-08 23:00:00,1.05,1.051,1.038,1.04,1815607.08,2025-11-08 23:59:59.999,1895393.58964000,4083,1016739.45000000,1062037.05681000,0
2025-11-09 00:00:00,1.04,1.042,1.019,1.024,3994411.41,2025-11-09 00:59:59.999,4114761.48820000,7765,1299781.96000000,1338778.01254000,0
2025-11-09 01:00:00,1.024,1.039,1.019,1.037,2590598.06,2025-11-09 01:59:59.999,2669393.04972000,6080,1335291.13000000,1376718.83167000,0
2025-11-09 02:00:00,1.037,1.04,1.014,1.019,4025784.84,2025-11-09 02:59:59.999,4138774.35053000,8466,2140642.24000000,2203375.04124000,0
2025-11-09 03:00:00,1.019,1.026,1.009,1.026,3800135.29,2025-11-09 03:59:59.999,3865944.01819000,9230,1798338.27000000,1830361.28479000,0
2025-11-09 04:00:00,1.025,1.036,1.022,1.026,3668217.25,2025-11-09 04:59:59.999,3770798.67565000,7666,1641594.83000000,1688114.29126000,0
2025-11-09 05:00:00,1.025,1.037,1.023,1.036,2939959.56,2025-11-09 05:59:59.999,3033637.88713000,5970,1528050.59000000,1577185.15801000,0
2025-11-09 06:00:00,1.036,1.047,1.034,1.044,4682848.33,2025-11-09 06:59:59.999,4881554.57413000,7903,3026808.06000000,3155719.95266000,0
2025-11-09 07:00:00,1.044,1.052,1.037,1.048,3701173.1,2025-11-09 07:59:59.999,3868065.24014000,7723,2214647.54000000,2316254.19666000,0
2025-11-09 08:00:00,1.047,1.052,1.038,1.05,3519963.66,2025-11-09 08:59:59.999,3680408.17312000,7417,1912763.71000000,2000742.24744000,0
2025-11-09 09:00:00,1.05,1.083,1.05,1.068,7582055.71,2025-11-09 09:59:59.999,8079906.28655000,17982,4379505.81000000,4672673.84584000,0
2025-11-09 10:00:00,1.068,1.094,1.056,1.085,9104191.82,2025-11-09 10:59:59.999,9810895.07064000,23960,4761971.25000000,5130256.48304000,0
2025-11-09 11:00:00,1.086,1.094,1.073,1.082,5816597.35,2025-11-09 11:59:59.999,6315728.56877000,13863,3112293.57000000,3383668.14877000,0
2025-11-09 12:00:00,1.083,1.092,1.076,1.077,5054228.21,2025-11-09 12:59:59.999,5478562.03354000,12360,2419024.24000000,2623013.21439000,0
2025-11-09 13:00:00,1.078,1.126,1.073,1.113,14305560.4,2025-11-09 13:59:59.999,15813424.52293000,32469,7490148.79000000,8279617.72014000,0
2025-11-09 14:00:00,1.112,1.13,1.091,1.098,13116450.83,2025-11-09 14:59:59.999,14541683.99225000,33433,6446110.45000000,7154532.78079000,0
2025-11-09 15:00:00,1.098,1.117,1.095,1.1,8989999.81,2025-11-09 15:59:59.999,9928748.65022000,20861,4533024.37000000,5006602.26642000,0
2025-11-09 16:00:00,1.099,1.114,1.096,1.111,5191149.04,2025-11-09 16:59:59.999,5731617.02907000,11326,2047302.69000000,2262534.00919000,0
2025-11-09 17:00:00,1.111,1.117,1.096,1.112,2748149.88,2025-11-09 17:59:59.999,3037523.68497000,8367,1200615.96000000,1328079.28477000,0
2025-11-09 18:00:00,1.112,1.119,1.1,1.117,3128016.6,2025-11-09 18:59:59.999,3470904.92371000,9469,1433290.86000000,1593030.58248000,0
2025-11-09 19:00:00,1.116,1.124,1.107,1.117,4377443.17,2025-11-09 19:59:59.999,4882198.96510000,12360,2385583.78000000,2661320.16538000,0
2025-11-09 20:00:00,1.117,1.124,1.106,1.112,3174505.98,2025-11-09 20:59:59.999,3534421.13011000,8687,1397168.19000000,1557323.08602000,0
2025-11-09 21:00:00,1.111,1.111,1.09,1.093,4405858.43,2025-11-09 21:59:59.999,4834720.52155000,10021,1479424.03000000,1626315.43982000,0
2025-11-09 22:00:00,1.093,1.102,1.09,1.098,3215700.08,2025-11-09 22:59:59.999,3521629.13985000,6192,1452794.49000000,1592867.73944000,0
2025-11-09 23:00:00,1.098,1.108,1.09,1.102,4791926.23,2025-11-09 23:59:59.999,5260612.73402000,9989,2240898.21000000,2460775.94230000,0
2025-11-10 00:00:00,1.102,1.134,1.097,1.119,14023958.06,2025-11-10 00:59:59.999,15660303.49292000,33588,6813562.10000000,7611642.80643000,0
2025-11-10 01:00:00,1.119,1.145,1.109,1.14,9619574.59,2025-11-10 01:59:59.999,10831908.47683000,24919,5176539.85000000,5832931.51841000,0
2025-11-10 02:00:00,1.14,1.153,1.125,1.146,9676230.01,2025-11-10 02:59:59.999,11025265.49894000,26524,4916548.63000000,5603786.52769000,0
2025-11-10 03:00:00,1.146,1.159,1.127,1.132,9034233.55,2025-11-10 03:59:59.999,10352174.21657000,20336,3723802.65000000,4270952.45711000,0
2025-11-10 04:00:00,1.133,1.155,1.127,1.146,7789457.81,2025-11-10 04:59:59.999,8869905.60724000,23601,3539740.22000000,4030756.36174000,0
2025-11-10 05:00:00,1.146,1.173,1.138,1.14,11253611.12,2025-11-10 05:59:59.999,12996979.62568000,27471,6334129.78000000,7330519.14107000,0
2025-11-10 06:00:00,1.141,1.144,1.122,1.131,7893746.27,2025-11-10 06:59:59.999,8931403.61402000,18739,2981345.74000000,3372236.30890000,0
2025-11-10 07:00:00,1.131,1.145,1.124,1.133,5218328.44,2025-11-10 07:59:59.999,5917723.84266000,13008,2525321.67000000,2864880.86036000,0
2025-11-10 08:00:00,1.133,1.139,1.108,1.115,9205306.84,2025-11-10 08:59:59.999,10332603.20934000,19051,3492086.89000000,3924637.90259000,0
2025-11-10 09:00:00,1.116,1.143,1.115,1.139,5921015.96,2025-11-10 09:59:59.999,6685314.21103000,13515,3082452.16000000,3480486.65216000,0
2025-11-10 10:00:00,1.139,1.145,1.117,1.121,5440064.24,2025-11-10 10:59:59.999,6160284.33566000,13020,2626866.00000000,2976664.67350000,0
2025-11-10 11:00:00,1.12,1.129,1.111,1.113,4337747.38,2025-11-10 11:59:59.999,4859968.40769000,9046,1704637.28000000,1911422.30091000,0
2025-11-10 12:00:00,1.113,1.114,1.092,1.102,7892845.72,2025-11-10 12:59:59.999,8721322.45364000,15320,3246079.89000000,3590666.40477000,0
2025-11-10 13:00:00,1.102,1.128,1.102,1.116,7457291.97,2025-11-10 13:59:59.999,8349435.76915000,16100,3684025.35000000,4123223.66640000,0
2025-11-10 14:00:00,1.117,1.118,1.059,1.073,16954822.91,2025-11-10 14:59:59.999,18395611.23726000,32302,6594394.97000000,7156344.43104000,0
2025-11-10 15:00:00,1.073,1.079,1.051,1.062,9048430.99,2025-11-10 15:59:59.999,9671615.93898000,21413,3694336.40000000,3954951.28084000,0
2025-11-10 16:00:00,1.063,1.074,1.053,1.062,6104037.97,2025-11-10 16:59:59.999,6493075.82178000,18876,3086010.67000000,3284310.32878000,0
2025-11-10 17:00:00,1.062,1.09,1.059,1.083,5896856.41,2025-11-10 17:59:59.999,6342567.16032000,15892,3691589.04000000,3973311.24936000,0
2025-11-10 18:00:00,1.083,1.085,1.071,1.073,3491842.3,2025-11-10 18:59:59.999,3763510.27613000,9355,1795316.45000000,1935118.00740000,0
2025-11-10 19:00:00,1.073,1.08,1.065,1.072,3219795.57,2025-11-10 19:59:59.999,3453122.64715000,8183,1457865.98000000,1564113.15130000,0
2025-11-10 20:00:00,1.073,1.085,1.071,1.079,2196091.23,2025-11-10 20:59:59.999,2369882.19080000,6980,1258767.82000000,1358799.24097000,0
2025-11-10 21:00:00,1.08,1.081,1.061,1.066,3182737.18,2025-11-10 21:59:59.999,3402945.16948000,9354,1279532.16000000,1368056.93438000,0
2025-11-10 22:00:00,1.066,1.096,1.063,1.093,3737983.62,2025-11-10 22:59:59.999,4035106.71241000,9846,2066770.49000000,2232650.15463000,0
2025-11-10 23:00:00,1.094,1.096,1.081,1.088,3686896.39,2025-11-10 23:59:59.999,4016865.45615000,9271,1857320.64000000,2024605.87017000,0
2025-11-11 00:00:00,1.089,1.097,1.073,1.096,3945590.02,2025-11-11 00:59:59.999,4273813.46679000,12397,2222690.71000000,2408744.51170000,0
2025-11-11 01:00:00,1.096,1.123,1.096,1.107,12059174.82,2025-11-11 01:59:59.999,13417486.49063000,25286,5567086.15000000,6196991.06710000,0
2025-11-11 02:00:00,1.107,1.13,1.094,1.118,7333083.15,2025-11-11 02:59:59.999,8178360.82762000,21921,3914273.40000000,4364627.78440000,0
2025-11-11 03:00:00,1.118,1.14,1.115,1.118,5945975.9,2025-11-11 03:59:59.999,6706401.27719000,16777,2936789.01000000,3312506.56572000,0
2025-11-11 04:00:00,1.117,1.124,1.096,1.102,5757456.13,2025-11-11 04:59:59.999,6375083.82527000,14260,2558961.50000000,2834661.61138000,0
2025-11-11 05:00:00,1.101,1.134,1.093,1.103,9104586.93,2025-11-11 05:59:59.999,10104905.17343000,25061,4489292.03000000,4986122.29000000,0
2025-11-11 06:00:00,1.102,1.104,1.068,1.086,9226082.21,2025-11-11 06:59:59.999,10020165.50473000,23388,4372023.19000000,4749765.62135000,0
2025-11-11 07:00:00,1.086,1.09,1.067,1.072,5196391.16,2025-11-11 07:59:59.999,5596341.85232000,14961,2621694.81000000,2825849.90723000,0
2025-11-11 08:00:00,1.072,1.086,1.07,1.081,3291160.31,2025-11-11 08:59:59.999,3553997.04486000,10973,1870877.25000000,2020206.11076000,0
2025-11-11 09:00:00,1.081,1.087,1.063,1.064,4783947.73,2025-11-11 09:59:59.999,5143633.90997000,12831,2293659.80000000,2465643.39649000,0
2025-11-11 10:00:00,1.064,1.078,1.063,1.069,2527273.23,2025-11-11 10:59:59.999,2703634.43476000,7781,1360643.64000000,1455923.24704000,0
2025-11-11 11:00:00,1.069,1.082,1.068,1.076,2271584.11,2025-11-11 11:59:59.999,2442416.22016000,6373,1185517.59000000,1274679.70741000,0
2025-11-11 12:00:00,1.077,1.088,1.061,1.068,4809550.51,2025-11-11 12:59:59.999,5154511.02292000,13562,2423650.09000000,2598141.96898000,0
2025-11-11 13:00:00,1.069,1.079,1.058,1.063,5398693.78,2025-11-11 13:59:59.999,5779207.43209000,12759,2800879.30000000,3001111.96115000,0
2025-11-11 14:00:00,1.062,1.078,1.052,1.075,9494032.8,2025-11-11 14:59:59.999,10080372.59144000,19074,5389560.42000000,5727572.78120000,0
2025-11-11 15:00:00,1.075,1.156,1.067,1.114,45790359.84,2025-11-11 15:59:59.999,51702097.88703000,91876,24725770.17000000,27923529.75443000,0
2025-11-11 16:00:00,1.114,1.12,1.067,1.079,20892326.73,2025-11-11 16:59:59.999,22655534.44774000,46518,10551569.99000000,11443027.45836000,0
2025-11-11 17:00:00,1.08,1.089,1.064,1.075,5302692.83,2025-11-11 17:59:59.999,5706163.86280000,20938,2608028.35000000,2809356.86956000,0
2025-11-11 18:00:00,1.074,1.082,1.067,1.076,3425774.82,2025-11-11 18:59:59.999,3679681.43450000,11616,1643019.58000000,1766267.74609000,0
2025-11-11 19:00:00,1.076,1.096,1.068,1.089,4839954.41,2025-11-11 19:59:59.999,5231526.59316000,12960,2213326.36000000,2396779.20594000,0
2025-11-11 20:00:00,1.088,1.11,1.088,1.099,7489630.26,2025-11-11 20:59:59.999,8232562.30092000,21064,3318830.30000000,3649716.29817000,0
2025-11-11 21:00:00,1.099,1.106,1.08,1.08,5487298.13,2025-11-11 21:59:59.999,6006233.63850000,15870,2385386.51000000,2611587.56299000,0
2025-11-11 22:00:00,1.08,1.105,1.074,1.101,3835344.04,2025-11-11 22:59:59.999,4172644.82059000,13186,2170096.15000000,2361428.66543000,0
2025-11-11 23:00:00,1.101,1.103,1.081,1.083,4442824.04,2025-11-11 23:59:59.999,4855710.95752000,12219,2228545.66000000,2436509.47057000,0
2025-11-12 00:00:00,1.083,1.092,1.076,1.08,4235906.11,2025-11-12 00:59:59.999,4594915.61591000,14580,2150297.83000000,2332979.92169000,0
2025-11-12 01:00:00,1.079,1.111,1.078,1.108,4700741.96,2025-11-12 01:59:59.999,5161081.31875000,16692,2375860.21000000,2608952.69314000,0
2025-11-12 02:00:00,1.108,1.123,1.101,1.107,6101028.63,2025-11-12 02:59:59.999,6786967.92313000,16943,2880445.77000000,3205005.75669000,0
2025-11-12 03:00:00,1.107,1.131,1.101,1.119,5889032.85,2025-11-12 03:59:59.999,6578705.81745000,14528,3275137.81000000,3655980.52565000,0
2025-11-12 04:00:00,1.12,1.142,1.114,1.138,6679948.69,2025-11-12 04:59:59.999,7558021.79199000,19361,3386405.68000000,3834694.05686000,0
2025-11-12 05:00:00,1.138,1.153,1.129,1.144,11600327.38,2025-11-12 05:59:59.999,13275967.84375000,29143,7009904.21000000,8026296.37953000,0
2025-11-12 06:00:00,1.145,1.161,1.128,1.136,15222616.04,2025-11-12 06:59:59.999,17419336.18734000,52021,6630275.14000000,7594300.78007000,0
2025-11-12 07:00:00,1.136,1.143,1.114,1.115,6759211.86,2025-11-12 07:59:59.999,7621854.83159000,18659,2472810.16000000,2791603.78912000,0
2025-11-12 08:00:00,1.116,1.184,1.116,1.161,15629998.8,2025-11-12 08:59:59.999,18077155.51912000,37958,8881140.22000000,10275226.54213000,0
2025-11-12 09:00:00,1.162,1.174,1.148,1.161,10169448.36,2025-11-12 09:59:59.999,11797124.45611000,28568,4693463.70000000,5445151.33629000,0
2025-11-12 10:00:00,1.16,1.2,1.153,1.197,9540216.98,2025-11-12 10:59:59.999,11232258.15029000,24585,5303728.35000000,6251597.84788000,0
2025-11-12 11:00:00,1.196,1.215,1.178,1.187,13067086.87,2025-11-12 11:59:59.999,15620373.05537000,31876,5960558.06000000,7126368.95055000,0
2025-11-12 12:00:00,1.187,1.198,1.158,1.171,9931558.59,2025-11-12 12:59:59.999,11667692.44628000,24458,4504402.99000000,5292792.43389000,0
2025-11-12 13:00:00,1.171,1.203,1.158,1.194,10166706.24,2025-11-12 13:59:59.999,11995501.91306000,25275,5142655.61000000,6068589.04280000,0
2025-11-12 14:00:00,1.193,1.197,1.139,1.155,14834835.66,2025-11-12 14:59:59.999,17310799.16524000,35204,5789127.14000000,6758609.06862000,0
2025-11-12 15:00:00,1.154,1.163,1.115,1.129,22707680.95,2025-11-12 15:59:59.999,25837249.04961000,46841,9172020.74000000,10453284.46186000,0
2025-11-12 16:00:00,1.129,1.137,1.1,1.104,21347028.34,2025-11-12 16:59:59.999,23867388.76407000,46414,8669706.55000000,9704875.12945000,0
2025-11-12 17:00:00,1.105,1.128,1.097,1.121,8004428.65,2025-11-12 17:59:59.999,8898796.63144000,23834,4630348.56000000,5150701.77981000,0
2025-11-12 18:00:00,1.121,1.129,1.109,1.117,5556190.6,2025-11-12 18:59:59.999,6222742.27969000,15221,2891631.85000000,3240097.65605000,0
2025-11-12 19:00:00,1.117,1.117,1.084,1.108,12357958.28,2025-11-12 19:59:59.999,13601868.11068000,35212,6115035.21000000,6730647.10335000,0
2025-11-12 20:00:00,1.108,1.133,1.102,1.121,5955457.7,2025-11-12 20:59:59.999,6663279.64764000,18304,3022909.86000000,3383305.31020000,0
2025-11-12 21:00:00,1.122,1.136,1.114,1.13,8497437.07,2025-11-12 21:59:59.999,9580797.87983000,18219,4875288.33000000,5497139.24395000,0
2025-11-12 22:00:00,1.13,1.131,1.111,1.125,4623490.71,2025-11-12 22:59:59.999,5177598.27687000,12720,2256741.03000000,2526509.48039000,0
2025-11-12 23:00:00,1.124,1.129,1.104,1.112,7103663.96,2025-11-12 23:59:59.999,7903467.74882000,13096,3734439.48000000,4153943.23369000,0
2025-11-13 00:00:00,1.112,1.127,1.104,1.107,5184002.06,2025-11-13 00:59:59.999,5764737.10496000,12556,2835152.26000000,3153450.98628000,0
2025-11-13 01:00:00,1.107,1.139,1.106,1.116,5967388.39,2025-11-13 01:59:59.999,6698378.28589000,18246,3075798.29000000,3457296.18969000,0
2025-11-13 02:00:00,1.115,1.126,1.11,1.114,2308048.72,2025-11-13 02:59:59.999,2578065.43220000,8658,1248969.12000000,1395398.53638000,0
2025-11-13 03:00:00,1.115,1.131,1.093,1.121,6725372.87,2025-11-13 03:59:59.999,7477618.92702000,22379,3075352.24000000,3425773.44268000,0
2025-11-13 04:00:00,1.121,1.122,1.1,1.107,5603385.77,2025-11-13 04:59:59.999,6205784.36614000,17215,2401770.13000000,2661442.54992000,0
2025-11-13 05:00:00,1.107,1.134,1.094,1.122,8652693.45,2025-11-13 05:59:59.999,9630392.39673000,19928,4851921.61000000,5406347.56034000,0
2025-11-13 06:00:00,1.122,1.15,1.116,1.145,4815686.41,2025-11-13 06:59:59.999,5460649.01636000,15719,2578657.85000000,2925785.28990000,0
2025-11-13 07:00:00,1.145,1.151,1.123,1.128,6075139.38,2025-11-13 07:59:59.999,6925323.85670000,17429,3130577.20000000,3575265.80424000,0
2025-11-13 08:00:00,1.128,1.139,1.122,1.126,3389837.73,2025-11-13 08:59:59.999,3830805.38631000,10571,1592888.91000000,1801124.76480000,0
2025-11-13 09:00:00,1.126,1.13,1.105,1.111,6259134.87,2025-11-13 09:59:59.999,6974480.89620000,16105,3292708.11000000,3670216.26779000,0
2025-11-13 10:00:00,1.112,1.133,1.111,1.126,3418134.63,2025-11-13 10:59:59.999,3838077.76511000,10261,1815912.74000000,2039255.21110000,0
2025-11-13 11:00:00,1.125,1.144,1.12,1.128,3374097.12,2025-11-13 11:59:59.999,3819999.22273000,11019,1514266.41000000,1714778.47499000,0
2025-11-13 12:00:00,1.128,1.132,1.111,1.113,4644941.3,2025-11-13 12:59:59.999,5203894.62704000,13995,2143882.33000000,2403730.09574000,0
2025-11-13 13:00:00,1.114,1.121,1.084,1.093,13501927.39,2025-11-13 13:59:59.999,14847768.96916000,24833,5188123.72000000,5704410.24073000,0
2025-11-13 14:00:00,1.093,1.117,1.077,1.109,11697983.37,2025-11-13 14:59:59.999,12785271.59447000,30709,5562563.83000000,6083860.24242000,0
2025-11-13 15:00:00,1.108,1.115,1.07,1.08,8867149.8,2025-11-13 15:59:59.999,9685383.52130000,26253,3754450.27000000,4109561.05623000,0
2025-11-13 16:00:00,1.08,1.083,1.041,1.047,12420118.76,2025-11-13 16:59:59.999,13140273.20948000,30257,5661209.07000000,5984550.31778000,0
2025-11-13 17:00:00,1.047,1.048,1.015,1.023,14291764.61,2025-11-13 17:59:59.999,14712563.93483000,33882,6302351.12000000,6490191.00987000,0
2025-11-13 18:00:00,1.022,1.043,1.013,1.04,11993942.35,2025-11-13 18:59:59.999,12287131.68009000,28358,5915945.54000000,6068433.54835000,0
2025-11-13 19:00:00,1.04,1.063,1.036,1.048,8638971.91,2025-11-13 19:59:59.999,9052629.81628000,24276,4720028.97000000,4950698.92650000,0
2025-11-13 20:00:00,1.049,1.066,1.042,1.058,4524673.72,2025-11-13 20:59:59.999,4754876.48108000,19232,2263816.71000000,2380735.89283000,0
2025-11-13 21:00:00,1.058,1.078,1.055,1.067,6946686.36,2025-11-13 21:59:59.999,7435819.06837000,16286,3970014.99000000,4250759.84721000,0
2025-11-13 22:00:00,1.068,1.079,1.062,1.067,3155139.71,2025-11-13 22:59:59.999,3373884.07968000,9899,1600458.52000000,1712573.58517000,0
2025-11-13 23:00:00,1.067,1.089,1.055,1.071,5444624.51,2025-11-13 23:59:59.999,5842403.78943000,14036,2850906.18000000,3060206.61763000,0
2025-11-14 00:00:00,1.071,1.079,1.06,1.068,6452522.03,2025-11-14 00:59:59.999,6895624.16580000,15652,2600700.63000000,2780778.41524000,0
2025-11-14 01:00:00,1.069,1.074,1.056,1.058,4323395.47,2025-11-14 01:59:59.999,4604432.85692000,12289,1956604.00000000,2084823.67659000,0
2025-11-14 02:00:00,1.059,1.067,1.05,1.054,6138457.33,2025-11-14 02:59:59.999,6489475.77665000,20109,2447726.62000000,2589176.06488000,0
2025-11-14 03:00:00,1.054,1.06,1.032,1.039,6808731.93,2025-11-14 03:59:59.999,7114124.08188000,18914,2753444.21000000,2873237.92218000,0
2025-11-14 04:00:00,1.04,1.042,0.992,1.021,19062218.64,2025-11-14 04:59:59.999,19446481.94299000,37112,9052835.03000000,9245254.22288000,0
2025-11-14 05:00:00,1.02,1.048,1.018,1.04,13954845.57,2025-11-14 05:59:59.999,14465090.66927000,33206,7124224.87000000,7384194.24757000,0
2025-11-14 06:00:00,1.04,1.052,1.022,1.052,9604680.79,2025-11-14 06:59:59.999,9920260.41531000,26417,5211729.95000000,5382128.10269000,0
2025-11-14 07:00:00,1.051,1.061,1.04,1.055,8044574.31,2025-11-14 07:59:59.999,8457260.81895000,18318,4075631.60000000,4283545.47024000,0
2025-11-14 08:00:00,1.055,1.057,1.043,1.052,3298983.65,2025-11-14 08:59:59.999,3462189.95625000,9409,1593316.90000000,1673204.45943000,0
2025-11-14 09:00:00,1.053,1.057,1.023,1.025,5180644.64,2025-11-14 09:59:59.999,5376641.59875000,12640,2157649.11000000,2241510.60507000,0
2025-11-14 10:00:00,1.024,1.041,1.024,1.03,3191928.13,2025-11-14 10:59:59.999,3295082.46234000,8168,1689712.14000000,1744296.35607000,0
2025-11-14 11:00:00,1.03,1.035,1.013,1.029,6541145.98,2025-11-14 11:59:59.999,6694365.23655000,13994,2992559.46000000,3064455.76892000,0
2025-11-14 12:00:00,1.029,1.062,1.018,1.054,18506698.44,2025-11-14 12:59:59.999,19203522.71247000,36358,9637739.18000000,10004490.17947000,0
2025-11-14 13:00:00,1.053,1.072,1.039,1.071,15302763.46,2025-11-14 13:59:59.999,16127235.09939000,30347,7180547.62000000,7562232.42434000,0
2025-11-14 14:00:00,1.071,1.097,1.066,1.092,15169025.87,2025-11-14 14:59:59.999,16429726.15599000,39192,7775698.63000000,8422773.06783000,0
2025-11-14 15:00:00,1.092,1.111,1.074,1.094,14943714.75,2025-11-14 15:59:59.999,16312546.51433000,35794,7573597.85000000,8265631.61854000,0
2025-11-14 16:00:00,1.095,1.12,1.088,1.108,12247903.35,2025-11-14 16:59:59.999,13579640.96498000,27390,6611957.62000000,7334091.32419000,0
2025-11-14 17:00:00,1.108,1.115,1.089,1.091,8913155.6,2025-11-14 17:59:59.999,9821396.61780000,20941,4258826.04000000,4696691.74347000,0
2025-11-14 18:00:00,1.091,1.11,1.083,1.088,9411972.52,2025-11-14 18:59:59.999,10295824.62964000,21591,4180135.87000000,4577909.56596000,0
2025-11-14 19:00:00,1.087,1.11,1.087,1.103,3418165.63,2025-11-14 19:59:59.999,3757312.61491000,12165,1774076.47000000,1950649.06992000,0
2025-11-14 20:00:00,1.103,1.108,1.076,1.094,6619136.55,2025-11-14 20:59:59.999,7205748.55354000,16033,3343834.28000000,3645143.03053000,0
2025-11-14 21:00:00,1.094,1.119,1.092,1.117,4779611.3,2025-11-14 21:59:59.999,5282193.97129000,12262,2530358.11000000,2799080.53374000,0
2025-11-14 22:00:00,1.117,1.123,1.108,1.113,3810795.14,2025-11-14 22:59:59.999,4253627.09494000,10524,1858069.51000000,2074999.59940000,0
2025-11-14 23:00:00,1.112,1.113,1.086,1.105,4233654.58,2025-11-14 23:59:59.999,4651375.28535000,14746,1813807.02000000,1994071.89767000,0
2025-11-15 00:00:00,1.105,1.123,1.104,1.109,4670522.63,2025-11-15 00:59:59.999,5190235.50026000,11740,2073180.54000000,2308119.03767000,0
2025-11-15 01:00:00,1.108,1.126,1.102,1.125,5230871.56,2025-11-15 01:59:59.999,5822411.30728000,10306,2812996.43000000,3137528.13557000,0
2025-11-15 02:00:00,1.125,1.145,1.124,1.139,7256970.96,2025-11-15 02:59:59.999,8244974.47625000,16046,4203903.54000000,4777029.21549000,0
2025-11-15 03:00:00,1.138,1.162,1.128,1.144,11126907.08,2025-11-15 03:59:59.999,12769003.11276000,20487,6666176.67000000,7652359.75978000,0
2025-11-15 04:00:00,1.143,1.148,1.114,1.119,6331641.5,2025-11-15 04:59:59.999,7135041.58727000,13179,2414184.10000000,2718592.47663000,0
2025-11-15 05:00:00,1.119,1.133,1.114,1.133,5866386.79,2025-11-15 05:59:59.999,6580090.00176000,9413,3203225.79000000,3593855.73571000,0
2025-11-15 06:00:00,1.132,1.146,1.129,1.14,5707522.79,2025-11-15 06:59:59.999,6493620.86799000,11188,2893887.09000000,3291473.71041000,0
2025-11-15 07:00:00,1.14,1.153,1.135,1.147,4554931.56,2025-11-15 07:59:59.999,5205710.39351000,10683,2241815.77000000,2562277.03974000,0
2025-11-15 08:00:00,1.148,1.149,1.126,1.132,7581166.83,2025-11-15 08:59:59.999,8594208.03130000,14277,2955114.49000000,3352223.95952000,0
2025-11-15 09:00:00,1.132,1.152,1.118,1.123,6713588.11,2025-11-15 09:59:59.999,7613750.33369000,15094,2932435.52000000,3329294.56644000,0
2025-11-15 10:00:00,1.123,1.132,1.108,1.127,9276964.32,2025-11-15 10:59:59.999,10403559.44880000,16545,4236966.84000000,4754510.33013000,0
2025-11-15 11:00:00,1.127,1.131,1.113,1.122,4680856.64,2025-11-15 11:59:59.999,5247533.70799000,9031,2117910.52000000,2374967.08057000,0
2025-11-15 12:00:00,1.121,1.13,1.116,1.127,2662222.64,2025-11-15 12:59:59.999,2994914.80971000,6211,1360647.88000000,1531072.57189000,0
2025-11-15 13:00:00,1.128,1.142,1.119,1.135,5153073.81,2025-11-15 13:59:59.999,5839784.04780000,9814,2711811.66000000,3074728.45427000,0
2025-11-15 14:00:00,1.135,1.139,1.12,1.126,4591072.73,2025-11-15 14:59:59.999,5182998.48581000,8275,1975864.24000000,2230306.82511000,0
2025-11-15 15:00:00,1.126,1.134,1.118,1.128,3852822.43,2025-11-15 15:59:59.999,4337198.57804000,8325,2039412.34000000,2296297.86542000,0
2025-11-15 16:00:00,1.128,1.132,1.115,1.131,4111173.82,2025-11-15 16:59:59.999,4623108.50092000,9805,2010906.93000000,2262968.47535000,0
2025-11-15 17:00:00,1.131,1.141,1.126,1.141,3907963.14,2025-11-15 17:59:59.999,4425167.50547000,10178,1956808.18000000,2216757.12658000,0
2025-11-15 18:00:00,1.141,1.146,1.128,1.134,3156801.76,2025-11-15 18:59:59.999,3591182.15100000,8123,1411181.16000000,1605488.49419000,0
2025-11-15 19:00:00,1.134,1.141,1.13,1.135,1749643.7,2025-11-15 19:59:59.999,1985905.14840000,4470,787391.47000000,893881.68106000,0
2025-11-15 20:00:00,1.136,1.141,1.126,1.129,3150487.69,2025-11-15 20:59:59.999,3563237.26449000,6363,1392213.79000000,1576693.51450000,0
2025-11-15 21:00:00,1.128,1.132,1.117,1.122,3288508.96,2025-11-15 21:59:59.999,3691308.17393000,7021,1284769.08000000,1443120.71617000,0
2025-11-15 22:00:00,1.121,1.128,1.12,1.125,1305504.31,2025-11-15 22:59:59.999,1466719.09940000,4190,595689.25000000,669476.25167000,0
2025-11-15 23:00:00,1.126,1.133,1.121,1.124,1367094.05,2025-11-15 23:59:59.999,1538333.17049000,4380,541218.49000000,609420.29112000,0
2025-11-16 00:00:00,1.124,1.124,1.108,1.116,3403912.08,2025-11-16 00:59:59.999,3799342.17094000,8340,1193508.20000000,1331992.48050000,0
2025-11-16 01:00:00,1.115,1.12,1.11,1.115,2557338.12,2025-11-16 01:59:59.999,2847348.96311000,7639,1145699.88000000,1275972.47806000,0
2025-11-16 02:00:00,1.115,1.164,1.11,1.156,12522958.43,2025-11-16 02:59:59.999,14321477.21021000,25100,7538713.51000000,8614663.61411000,0
2025-11-16 03:00:00,1.155,1.175,1.146,1.17,7685723.27,2025-11-16 03:59:59.999,8927569.15427000,16290,4341041.27000000,5044149.97925000,0
2025-11-16 04:00:00,1.169,1.173,1.156,1.157,3796599.34,2025-11-16 04:59:59.999,4413966.07621000,9315,1542614.61000000,1793863.71474000,0
2025-11-16 05:00:00,1.158,1.174,1.157,1.169,3058795.19,2025-11-16 05:59:59.999,3558677.26486000,7628,1638136.97000000,1905777.00617000,0
2025-11-16 06:00:00,1.17,1.182,1.162,1.164,5412716.74,2025-11-16 06:59:59.999,6360544.77248000,12138,2617804.73000000,3077416.88637000,0
2025-11-16 07:00:00,1.163,1.172,1.154,1.172,2854313.22,2025-11-16 07:59:59.999,3314067.80779000,8091,1348947.66000000,1567376.76982000,0
2025-11-16 08:00:00,1.172,1.188,1.164,1.188,4689776.61,2025-11-16 08:59:59.999,5512148.81441000,11739,2624212.27000000,3086612.23770000,0
2025-11-16 09:00:00,1.188,1.22,1.174,1.218,14276015.45,2025-11-16 09:59:59.999,17118851.10199000,27491,8132379.98000000,9763096.12189000,0
2025-11-16 10:00:00,1.218,1.266,1.212,1.246,23741779.92,2025-11-16 10:59:59.999,29536837.00812000,44665,12079324.44000000,15034390.15064000,0
2025-11-16 11:00:00,1.247,1.254,1.205,1.21,15823432.79,2025-11-16 11:59:59.999,19310772.40084000,37758,6917472.91000000,8443340.11494000,0
2025-11-16 12:00:00,1.209,1.237,1.203,1.229,9668878.78,2025-11-16 12:59:59.999,11822893.62483000,24822,4760938.15000000,5825480.97741000,0
2025-11-16 13:00:00,1.228,1.241,1.205,1.215,13429740.67,2025-11-16 13:59:59.999,16441088.91354000,24488,7093692.33000000,8691923.48608000,0
2025-11-16 14:00:00,1.216,1.24,1.207,1.236,7842154.39,2025-11-16 14:59:59.999,9584714.30824000,18205,4014349.80000000,4913679.85673000,0
2025-11-16 15:00:00,1.237,1.24,1.21,1.213,10059758.64,2025-11-16 15:59:59.999,12315437.56701000,19817,3595804.42000000,4405972.68193000,0
2025-11-16 16:00:00,1.214,1.227,1.184,1.193,25403786.08,2025-11-16 16:59:59.999,30468370.20801000,45845,10836375.44000000,13001832.83581000,0
2025-11-16 17:00:00,1.194,1.2,1.18,1.194,13455335.95,2025-11-16 17:59:59.999,16014417.66395000,22896,6991199.67000000,8318290.48755000,0
2025-11-16 18:00:00,1.194,1.233,1.193,1.215,15804686.25,2025-11-16 18:59:59.999,19233374.76263000,31891,7165627.94000000,8719055.80380000,0
2025-11-16 19:00:00,1.215,1.237,1.214,1.223,5009976.28,2025-11-16 19:59:59.999,6145370.07348000,14322,2803494.36000000,3439654.22820000,0
2025-11-16 20:00:00,1.223,1.267,1.222,1.248,9155247.79,2025-11-16 20:59:59.999,11437947.89391000,21819,4938517.48000000,6175335.55436000,0
2025-11-16 21:00:00,1.248,1.251,1.208,1.216,7697693.79,2025-11-16 21:59:59.999,9447109.92525000,19391,2786272.72000000,3420606.45494000,0
2025-11-16 22:00:00,1.216,1.247,1.199,1.242,8536885.8,2025-11-16 22:59:59.999,10414795.64482000,21816,4430927.90000000,5414487.67908000,0
2025-11-16 23:00:00,1.242,1.286,1.216,1.281,13454588.73,2025-11-16 23:59:59.999,16808658.66210000,38675,7267976.97000000,9095006.09915000,0
2025-11-17 00:00:00,1.28,1.303,1.233,1.262,20409142.27,2025-11-17 00:59:59.999,25962080.36855000,51268,9899551.10000000,12627281.22949000,0
2025-11-17 01:00:00,1.262,1.266,1.234,1.242,9900720.05,2025-11-17 01:59:59.999,12320392.60684000,24676,4080762.09000000,5079871.97478000,0
2025-11-17 02:00:00,1.243,1.244,1.217,1.225,7198925.81,2025-11-17 02:59:59.999,8839899.02364000,18227,3028806.06000000,3719792.79722000,0
2025-11-17 03:00:00,1.224,1.254,1.222,1.243,6273522.96,2025-11-17 03:59:59.999,7802018.32199000,17097,3522812.88000000,4382667.88847000,0
2025-11-17 04:00:00,1.243,1.256,1.229,1.248,4689076.31,2025-11-17 04:59:59.999,5835586.43235000,12952,2421392.12000000,3016287.85309000,0
2025-11-17 05:00:00,1.249,1.256,1.233,1.246,3585732.05,2025-11-17 05:59:59.999,4463927.12123000,11599,1688117.60000000,2101442.40386000,0
2025-11-17 06:00:00,1.245,1.247,1.19,1.214,10158510.31,2025-11-17 06:59:59.999,12253391.43572000,23828,4051746.25000000,4884614.80441000,0
2025-11-17 07:00:00,1.214,1.23,1.201,1.22,5345732.04,2025-11-17 07:59:59.999,6513569.82409000,15882,2582179.88000000,3146664.50949000,0
2025-11-17 08:00:00,1.219,1.26,1.218,1.236,6254370.78,2025-11-17 08:59:59.999,7770232.26859000,16981,3498346.54000000,4348357.10545000,0
2025-11-17 09:00:00,1.237,1.247,1.223,1.242,7129514.04,2025-11-17 09:59:59.999,8814202.95221000,16839,3895282.21000000,4817522.01172000,0
2025-11-17 10:00:00,1.242,1.26,1.233,1.254,5919685.85,2025-11-17 10:59:59.999,7370167.88932000,14689,3365388.88000000,4195478.21290000,0
2025-11-17 11:00:00,1.253,1.283,1.249,1.258,9733218.42,2025-11-17 11:59:59.999,12312687.25217000,26589,4561348.34000000,5770635.84579000,0
2025-11-17 12:00:00,1.258,1.272,1.25,1.257,8335940.68,2025-11-17 12:59:59.999,10533027.19867000,21061,4645949.46000000,5874946.03202000,0
2025-11-17 13:00:00,1.257,1.26,1.199,1.215,16960490.96,2025-11-17 13:59:59.999,20640093.45410000,35745,6998881.49000000,8514850.35978000,0
2025-11-17 14:00:00,1.215,1.272,1.207,1.245,25270575.58,2025-11-17 14:59:59.999,31434731.40030000,64129,12825885.35000000,15945227.95166000,0
2025-11-17 15:00:00,1.246,1.26,1.236,1.252,9848540.81,2025-11-17 15:59:59.999,12294662.16975000,38930,4899478.62000000,6118577.38691000,0
2025-11-17 16:00:00,1.253,1.253,1.227,1.249,12040745.29,2025-11-17 16:59:59.999,14902969.36160000,34167,5852050.61000000,7242106.02363000,0
2025-11-17 17:00:00,1.249,1.251,1.215,1.222,6181509.64,2025-11-17 17:59:59.999,7619784.63537000,23449,2601974.86000000,3209372.77259000,0
2025-11-17 18:00:00,1.221,1.232,1.191,1.204,12445687.61,2025-11-17 18:59:59.999,15021446.92488000,31973,4465339.19000000,5400475.95863000,0
2025-11-17 19:00:00,1.203,1.207,1.14,1.148,19725492.96,2025-11-17 19:59:59.999,23113014.01881000,45705,8135257.61000000,9565025.62756000,0
2025-11-17 20:00:00,1.148,1.175,1.135,1.169,15123159.27,2025-11-17 20:59:59.999,17547160.03806000,39384,7492103.63000000,8696436.58250000,0
2025-11-17 21:00:00,1.168,1.181,1.158,1.178,10784021.76,2025-11-17 21:59:59.999,12623235.46762000,42765,5830348.62000000,6828879.59504000,0
2025-11-17 22:00:00,1.178,1.199,1.169,1.186,5684080.45,2025-11-17 22:59:59.999,6729638.72672000,22824,3281539.97000000,3887180.17720000,0
2025-11-17 23:00:00,1.187,1.192,1.173,1.181,5224352.58,2025-11-17 23:59:59.999,6165927.74112000,15538,2188199.46000000,2583725.96755000,0
2025-11-18 00:00:00,1.18,1.209,1.175,1.207,10488611.41,2025-11-18 00:59:59.999,12510082.28835000,28231,5300230.56000000,6326827.10218000,0
2025-11-18 01:00:00,1.207,1.235,1.201,1.229,8953741.27,2025-11-18 01:59:59.999,10942858.15471000,25850,4698552.87000000,5740727.69326000,0
2025-11-18 02:00:00,1.229,1.244,1.209,1.216,10438666.14,2025-11-18 02:59:59.999,12794127.82682000,28216,5075983.77000000,6224980.29660000,0
2025-11-18 03:00:00,1.216,1.26,1.199,1.252,14703877.0,2025-11-18 03:59:59.999,18079723.64799000,42247,7933546.41000000,9782945.84490000,0
2025-11-18 04:00:00,1.252,1.263,1.23,1.259,10522816.88,2025-11-18 04:59:59.999,13087733.27907000,33738,5316817.05000000,6614072.50390000,0
2025-11-18 05:00:00,1.26,1.274,1.247,1.261,9313872.49,2025-11-18 05:59:59.999,11736307.13991000,26153,4827863.49000000,6081774.45448000,0
2025-11-18 06:00:00,1.26,1.263,1.234,1.243,8376446.35,2025-11-18 06:59:59.999,10421701.95825000,19395,4569471.51000000,5685608.27116000,0
2025-11-18 07:00:00,1.242,1.264,1.235,1.256,7798439.08,2025-11-18 07:59:59.999,9740880.79282000,23117,4153257.25000000,5191202.19725000,0
2025-11-18 08:00:00,1.257,1.326,1.256,1.312,21653029.05,2025-11-18 08:59:59.999,28085157.34365000,57264,12346389.77000000,16000099.50827000,0
2025-11-18 09:00:00,1.311,1.382,1.306,1.371,32196102.7,2025-11-18 09:59:59.999,43321414.94751000,68007,19021573.55000000,25626479.58644000,0
2025-11-18 10:00:00,1.371,1.375,1.322,1.355,22899809.25,2025-11-18 10:59:59.999,30895096.80568000,48489,10877085.09000000,14682358.66562000,0
2025-11-18 11:00:00,1.356,1.37,1.335,1.351,9293369.03,2025-11-18 11:59:59.999,12550521.24826000,25887,4885030.12000000,6603468.62973000,0
2025-11-18 12:00:00,1.35,1.365,1.326,1.348,10794029.61,2025-11-18 12:59:59.999,14532608.41038000,35553,5255027.16000000,7082638.32725000,0
2025-11-18 13:00:00,1.347,1.362,1.335,1.361,9382986.94,2025-11-18 13:59:59.999,12641169.73709000,30259,4634892.76000000,6248666.50374000,0
2025-11-18 14:00:00,1.361,1.369,1.335,1.335,15780195.22,2025-11-18 14:59:59.999,21328439.83755000,46740,7758418.77000000,10492785.20663000,0
2025-11-18 15:00:00,1.335,1.399,1.328,1.37,26150701.84,2025-11-18 15:59:59.999,35868203.89915000,66659,12928300.07000000,17746585.21409000,0
2025-11-18 16:00:00,1.369,1.384,1.332,1.35,17984936.53,2025-11-18 16:59:59.999,24466682.81856000,39771,6921141.78000000,9427434.24814000,0
2025-11-18 17:00:00,1.349,1.358,1.341,1.351,6415812.78,2025-11-18 17:59:59.999,8664216.34358000,19728,2565677.42000000,3465357.73215000,0
2025-11-18 18:00:00,1.351,1.368,1.347,1.356,4202716.45,2025-11-18 18:59:59.999,5708923.89675000,14345,1985523.55000000,2697240.63154000,0
2025-11-18 19:00:00,1.355,1.359,1.347,1.353,2083173.38,2025-11-18 19:59:59.999,2819468.85704000,8577,900430.32000000,1218996.97248000,0
2025-11-18 20:00:00,1.353,1.371,1.353,1.356,2466911.05,2025-11-18 20:59:59.999,3357867.74591000,9696,1267865.59000000,1726582.43951000,0
2025-11-18 21:00:00,1.355,1.364,1.34,1.34,3534744.91,2025-11-18 21:59:59.999,4777159.14076000,11941,1654941.50000000,2238368.67985000,0
2025-11-18 22:00:00,1.34,1.373,1.34,1.362,4530155.17,2025-11-18 22:59:59.999,6156290.59705000,12021,2134772.04000000,2906410.57253000,0
2025-11-18 23:00:00,1.362,1.39,1.356,1.381,6293500.41,2025-11-18 23:59:59.999,8662879.67123000,18243,3677984.89000000,5065290.30305000,0
2025-11-19 00:00:00,1.381,1.384,1.357,1.375,6829427.8,2025-11-19 00:59:59.999,9360163.57360000,21415,3052135.48000000,4183890.42892000,0
2025-11-19 01:00:00,1.375,1.407,1.366,1.374,13167858.81,2025-11-19 01:59:59.999,18280052.49118000,32804,5442935.46000000,7561359.10138000,0
2025-11-19 02:00:00,1.375,1.399,1.361,1.39,6520418.77,2025-11-19 02:59:59.999,8972299.12110000,22518,3217205.88000000,4426920.65578000,0
2025-11-19 03:00:00,1.39,1.399,1.351,1.357,10098989.49,2025-11-19 03:59:59.999,13867248.72440000,25170,4591847.44000000,6310353.73797000,0
2025-11-19 04:00:00,1.357,1.372,1.345,1.361,4729658.14,2025-11-19 04:59:59.999,6421473.55905000,16389,2441405.76000000,3319359.66924000,0
2025-11-19 05:00:00,1.361,1.367,1.327,1.349,8090798.05,2025-11-19 05:59:59.999,10877071.80577000,22470,3359018.41000000,4518359.79816000,0
2025-11-19 06:00:00,1.348,1.357,1.327,1.339,7764263.37,2025-11-19 06:59:59.999,10405645.58879000,18775,2904147.13000000,3896179.66062000,0
2025-11-19 07:00:00,1.338,1.36,1.331,1.348,5250880.41,2025-11-19 07:59:59.999,7083085.87600000,14997,2922021.77000000,3944248.31984000,0
2025-11-19 08:00:00,1.348,1.348,1.307,1.332,8125854.82,2025-11-19 08:59:59.999,10741398.92220000,21905,3888243.44000000,5142207.53121000,0
2025-11-19 09:00:00,1.333,1.333,1.311,1.328,5553799.17,2025-11-19 09:59:59.999,7334585.09089000,15708,2583808.41000000,3412345.28694000,0
2025-11-19 10:00:00,1.329,1.335,1.32,1.328,2886849.51,2025-11-19 10:59:59.999,3835206.16516000,10335,1468651.76000000,1951425.61511000,0
2025-11-19 11:00:00,1.328,1.345,1.327,1.327,3241422.64,2025-11-19 11:59:59.999,4336775.44156000,10211,1573618.59000000,2106251.88560000,0
2025-11-19 12:00:00,1.328,1.341,1.322,1.339,4128414.8,2025-11-19 12:59:59.999,5500643.38659000,12674,2416894.01000000,3221477.32587000,0
2025-11-19 13:00:00,1.338,1.349,1.325,1.327,3584185.78,2025-11-19 13:59:59.999,4788386.20991000,13549,1794939.89000000,2399882.48961000,0
2025-11-19 14:00:00,1.327,1.336,1.303,1.325,7647968.38,2025-11-19 14:59:59.999,10093756.68036000,25419,3628193.44000000,4790979.43666000,0
2025-11-19 15:00:00,1.326,1.339,1.275,1.279,21403367.27,2025-11-19 15:59:59.999,27668662.96464000,46902,8854320.22000000,11444690.48529000,0
2025-11-19 16:00:00,1.278,1.289,1.255,1.276,13032093.04,2025-11-19 16:59:59.999,16536133.28153000,33017,6139068.98000000,7805354.45282000,0
2025-11-19 17:00:00,1.275,1.297,1.265,1.296,7215641.29,2025-11-19 17:59:59.999,9240785.09102000,26068,3685051.53000000,4722146.84164000,0
2025-11-19 18:00:00,1.296,1.298,1.274,1.284,6005615.56,2025-11-19 18:59:59.999,7713607.91929000,19990,2813402.87000000,3615156.40434000,0
2025-11-19 19:00:00,1.284,1.285,1.262,1.275,4851852.73,2025-11-19 19:59:59.999,6179465.69871000,16622,2179713.57000000,2778579.42094000,0
2025-11-19 20:00:00,1.275,1.296,1.268,1.288,7589107.11,2025-11-19 20:59:59.999,9757047.84593000,22285,4780800.41000000,6150932.34784000,0
2025-11-19 21:00:00,1.288,1.317,1.286,1.313,7946843.66,2025-11-19 21:59:59.999,10348598.66438000,26905,4612227.65000000,6006731.90288000,0
2025-11-19 22:00:00,1.312,1.331,1.306,1.325,3768183.01,2025-11-19 22:59:59.999,4961116.54347000,15251,1999202.41000000,2632486.37128000,0
2025-11-19 23:00:00,1.325,1.373,1.325,1.365,11943722.61,2025-11-19 23:59:59.999,16221282.99900000,27122,6971146.30000000,9465680.24205000,0
2025-11-20 00:00:00,1.365,1.374,1.347,1.359,7352235.69,2025-11-20 00:59:59.999,9988114.34092000,17701,3809105.91000000,5176849.99171000,0
2025-11-20 01:00:00,1.36,1.369,1.345,1.35,4138069.67,2025-11-20 01:59:59.999,5605683.05712000,13789,1963860.10000000,2661682.83111000,0
2025-11-20 02:00:00,1.35,1.365,1.345,1.356,6628703.49,2025-11-20 02:59:59.999,8976955.50154000,16403,3450015.67000000,4672177.26541000,0
2025-11-20 03:00:00,1.356,1.379,1.35,1.358,5251630.35,2025-11-20 03:59:59.999,7159843.67925000,15204,2645072.80000000,3607250.73040000,0
2025-11-20 04:00:00,1.359,1.36,1.323,1.337,5886734.71,2025-11-20 04:59:59.999,7873715.39899000,14925,2263137.46000000,3024546.28246000,0
2025-11-20 05:00:00,1.336,1.336,1.288,1.299,9059794.85,2025-11-20 05:59:59.999,11845249.52040000,19656,3940787.25000000,5143022.08098000,0
2025-11-20 06:00:00,1.299,1.305,1.281,1.292,8742925.56,2025-11-20 06:59:59.999,11274951.49522000,22239,4614601.37000000,5950120.12673000,0
2025-11-20 07:00:00,1.292,1.308,1.273,1.307,7236761.84,2025-11-20 07:59:59.999,9331638.64139000,17257,3518495.80000000,4539403.08354000,0
2025-11-20 08:00:00,1.307,1.308,1.286,1.297,4603833.08,2025-11-20 08:59:59.999,5966990.48183000,12234,1997536.91000000,2588884.62551000,0
2025-11-20 09:00:00,1.297,1.301,1.287,1.292,3646274.24,2025-11-20 09:59:59.999,4719625.93883000,8425,1759126.98000000,2277571.84192000,0
2025-11-20 10:00:00,1.292,1.298,1.285,1.294,2732115.75,2025-11-20 10:59:59.999,3528264.12524000,8572,1115838.95000000,1441286.82521000,0
2025-11-20 11:00:00,1.294,1.318,1.29,1.311,4222940.86,2025-11-20 11:59:59.999,5522010.03429000,10220,2355095.34000000,3079683.29132000,0
2025-11-20 12:00:00,1.311,1.317,1.259,1.276,14572710.59,2025-11-20 12:59:59.999,18631162.43759000,28585,7645213.39000000,9767951.08923000,0
2025-11-20 13:00:00,1.275,1.295,1.265,1.276,7955635.34,2025-11-20 13:59:59.999,10171314.67552000,21170,3595901.73000000,4600462.71729000,0
2025-11-20 14:00:00,1.276,1.284,1.264,1.27,10349823.95,2025-11-20 14:59:59.999,13170708.96519000,24713,5151896.98000000,6556053.00577000,0
2025-11-20 15:00:00,1.271,1.272,1.223,1.227,15487199.01,2025-11-20 15:59:59.999,19270770.53649000,33832,6230351.55000000,7755023.58952000,0
2025-11-20 16:00:00,1.226,1.235,1.175,1.185,22176144.69,2025-11-20 16:59:59.999,26721165.28884000,49122,9078767.15000000,10960788.13870000,0
2025-11-20 17:00:00,1.185,1.196,1.149,1.172,26404850.29,2025-11-20 17:59:59.999,30789407.76324000,53824,12221915.86000000,14254455.22355000,0
2025-11-20 18:00:00,1.172,1.173,1.154,1.169,10572494.72,2025-11-20 18:59:59.999,12320500.70546000,28986,5867031.13000000,6838081.20668000,0
2025-11-20 19:00:00,1.169,1.182,1.159,1.179,11673465.56,2025-11-20 19:59:59.999,13658689.91398000,33541,6619304.92000000,7745456.04363000,0
2025-11-20 20:00:00,1.179,1.202,1.17,1.186,10561556.23,2025-11-20 20:59:59.999,12517517.68831000,40113,5122370.38000000,6072795.11423000,0
2025-11-20 21:00:00,1.185,1.225,1.185,1.199,20201994.96,2025-11-20 21:59:59.999,24388123.67151000,49468,10280362.11000000,12416725.11503000,0
2025-11-20 22:00:00,1.198,1.227,1.198,1.222,8181415.67,2025-11-20 22:59:59.999,9936565.98719000,18669,4955023.66000000,6020385.91455000,0
2025-11-20 23:00:00,1.222,1.226,1.187,1.196,11120483.11,2025-11-20 23:59:59.999,13439508.53834000,22301,4412312.73000000,5335013.94983000,0
2025-11-21 00:00:00,1.196,1.226,1.196,1.218,11539559.99,2025-11-21 00:59:59.999,14017997.39954000,23894,5240370.66000000,6362980.14652000,0
2025-11-21 01:00:00,1.218,1.225,1.21,1.214,5220769.9,2025-11-21 01:59:59.999,6356122.73252000,12369,2229041.49000000,2714822.44224000,0
2025-11-21 02:00:00,1.214,1.224,1.197,1.201,8897723.37,2025-11-21 02:59:59.999,10760958.86835000,22374,3520945.44000000,4261185.11118000,0
2025-11-21 03:00:00,1.201,1.24,1.201,1.225,5866269.69,2025-11-21 03:59:59.999,7177891.95704000,19001,3194505.57000000,3908025.14853000,0
2025-11-21 04:00:00,1.226,1.253,1.226,1.25,8004989.99,2025-11-21 04:59:59.999,9955294.14991000,20705,3821386.13000000,4751845.32792000,0
2025-11-21 05:00:00,1.25,1.255,1.235,1.246,4200574.64,2025-11-21 05:59:59.999,5227991.66372000,12890,2164082.41000000,2693571.75016000,0
2025-11-21 06:00:00,1.245,1.254,1.209,1.212,11325860.3,2025-11-21 06:59:59.999,13917403.59462000,26066,4346217.70000000,5355661.97232000,0
2025-11-21 07:00:00,1.212,1.223,1.111,1.181,43981160.74,2025-11-21 07:59:59.999,51655895.92111000,95669,20550129.67000000,24141616.95784000,0
2025-11-21 08:00:00,1.181,1.22,1.179,1.194,20148674.94,2025-11-21 08:59:59.999,24234933.13554000,44527,10892669.08000000,13103955.23566000,0
2025-11-21 09:00:00,1.194,1.207,1.145,1.153,17322979.43,2025-11-21 09:59:59.999,20301078.22462000,46276,7135062.86000000,8382727.60841000,0
2025-11-21 10:00:00,1.153,1.185,1.149,1.17,15105393.26,2025-11-21 10:59:59.999,17670045.68356000,36573,8044796.50000000,9411120.18314000,0
2025-11-21 11:00:00,1.169,1.185,1.121,1.135,13261992.25,2025-11-21 11:59:59.999,15243145.78174000,32838,5447907.10000000,6279318.40100000,0
2025-11-21 12:00:00,1.135,1.171,1.113,1.159,22927285.74,2025-11-21 12:59:59.999,26239647.52775000,53393,11371030.52000000,13041887.50011000,0
2025-11-21 13:00:00,1.159,1.2,1.152,1.191,16725670.27,2025-11-21 13:59:59.999,19738314.65111000,35763,9435501.03000000,11146929.24465000,0
2025-11-21 14:00:00,1.192,1.228,1.179,1.204,18001306.7,2025-11-21 14:59:59.999,21753774.69305000,39275,9696702.05000000,11728968.78030000,0
2025-11-21 15:00:00,1.204,1.207,1.17,1.176,12794406.42,2025-11-21 15:59:59.999,15167364.79796000,29980,5367746.90000000,6368732.90351000,0
2025-11-21 16:00:00,1.176,1.223,1.156,1.222,12720170.39,2025-11-21 16:59:59.999,15141882.34784000,34421,6496391.68000000,7742524.74618000,0
2025-11-21 17:00:00,1.221,1.246,1.221,1.232,15252620.23,2025-11-21 17:59:59.999,18838880.53014000,30182,8958355.19000000,11067136.23612000,0
2025-11-21 18:00:00,1.232,1.244,1.213,1.242,8173261.42,2025-11-21 18:59:59.999,10037354.01059000,21129,4251189.87000000,5224052.75645000,0
2025-11-21 19:00:00,1.242,1.245,1.223,1.232,4114728.93,2025-11-21 19:59:59.999,5072053.40147000,12558,2112054.21000000,2603204.76046000,0
2025-11-21 20:00:00,1.231,1.243,1.219,1.233,5269670.57,2025-11-21 20:59:59.999,6479347.09599000,17262,2791261.79000000,3434295.51599000,0
2025-11-21 21:00:00,1.234,1.253,1.228,1.247,3855745.78,2025-11-21 21:59:59.999,4793661.72567000,14979,2079825.80000000,2585246.58764000,0
2025-11-21 22:00:00,1.247,1.252,1.199,1.2,4679254.07,2025-11-21 22:59:59.999,5713803.26483000,15744,2051818.34000000,2505487.41320000,0
2025-11-21 23:00:00,1.201,1.234,1.195,1.217,5333406.85,2025-11-21 23:59:59.999,6480516.17860000,16227,2992017.95000000,3640405.31352000,0
2025-11-22 00:00:00,1.217,1.225,1.196,1.201,6267545.8,2025-11-22 00:59:59.999,7587857.39948000,15987,3217712.35000000,3897050.21518000,0
2025-11-22 01:00:00,1.202,1.218,1.186,1.192,5144679.77,2025-11-22 01:59:59.999,6182398.44371000,14249,2341495.16000000,2817663.34032000,0
2025-11-22 02:00:00,1.193,1.215,1.184,1.209,4634085.32,2025-11-22 02:59:59.999,5560815.96328000,12584,2197899.74000000,2640041.99835000,0
2025-11-22 03:00:00,1.21,1.23,1.198,1.212,6035126.58,2025-11-22 03:59:59.999,7339592.11350000,17082,2370348.06000000,2884205.28248000,0
2025-11-22 04:00:00,1.212,1.214,1.186,1.201,5158581.82,2025-11-22 04:59:59.999,6167409.96108000,16550,2410764.05000000,2882573.40544000,0
2025-11-22 05:00:00,1.202,1.203,1.174,1.195,3738471.65,2025-11-22 05:59:59.999,4434090.93492000,13188,1467444.04000000,1742078.23695000,0
2025-11-22 06:00:00,1.196,1.222,1.186,1.219,3208384.28,2025-11-22 06:59:59.999,3869878.97691000,11616,1645966.83000000,1984167.77599000,0
2025-11-22 07:00:00,1.22,1.224,1.197,1.2,3506309.89,2025-11-22 07:59:59.999,4246498.37938000,12059,1421746.54000000,1723029.76828000,0
2025-11-22 08:00:00,1.201,1.201,1.172,1.176,3711445.6,2025-11-22 08:59:59.999,4391583.18941000,13088,1686698.27000000,1995109.30145000,0
2025-11-22 09:00:00,1.176,1.2,1.174,1.19,2719546.66,2025-11-22 09:59:59.999,3230112.75743000,10943,1393052.11000000,1654502.15079000,0
2025-11-22 10:00:00,1.191,1.202,1.174,1.179,3153840.78,2025-11-22 10:59:59.999,3738753.02283000,11303,1321153.45000000,1565948.14946000,0
2025-11-22 11:00:00,1.179,1.19,1.175,1.177,1813457.99,2025-11-22 11:59:59.999,2144826.04323000,8498,954854.87000000,1129695.20940000,0
2025-11-22 12:00:00,1.178,1.178,1.15,1.153,5904531.29,2025-11-22 12:59:59.999,6850621.78757000,14454,2611339.80000000,3029257.49081000,0
2025-11-22 13:00:00,1.152,1.163,1.146,1.154,5178400.42,2025-11-22 13:59:59.999,5980521.22571000,11495,2415302.35000000,2791196.13974000,0
2025-11-22 14:00:00,1.154,1.17,1.153,1.162,4155693.6,2025-11-22 14:59:59.999,4828542.82542000,12950,2111976.61000000,2454188.22531000,0
2025-11-22 15:00:00,1.162,1.169,1.148,1.168,2793991.44,2025-11-22 15:59:59.999,3225732.06506000,12139,1395772.13000000,1612282.93494000,0
2025-11-22 16:00:00,1.168,1.182,1.166,1.177,4013609.8,2025-11-22 16:59:59.999,4710412.25172000,13215,2176717.59000000,2555114.17970000,0
2025-11-22 17:00:00,1.177,1.184,1.169,1.177,1845280.59,2025-11-22 17:59:59.999,2168696.50510000,7081,870293.17000000,1023029.51298000,0
2025-11-22 18:00:00,1.176,1.187,1.166,1.169,1864186.69,2025-11-22 18:59:59.999,2193775.84700000,7400,898719.70000000,1058714.64015000,0
2025-11-22 19:00:00,1.168,1.178,1.167,1.173,1411054.24,2025-11-22 19:59:59.999,1652327.08506000,5563,678022.89000000,793903.13725000,0
2025-11-22 20:00:00,1.173,1.177,1.148,1.156,3255068.64,2025-11-22 20:59:59.999,3779788.72488000,9582,1366674.55000000,1587454.08927000,0
2025-11-22 21:00:00,1.155,1.165,1.152,1.165,1559316.31,2025-11-22 21:59:59.999,1808982.60671000,6013,711017.32000000,824802.50871000,0
2025-11-22 22:00:00,1.165,1.185,1.16,1.177,3209318.21,2025-11-22 22:59:59.999,3768242.21008000,9108,1347881.05000000,1580765.45149000,0
2025-11-22 23:00:00,1.176,1.182,1.15,1.158,3086625.23,2025-11-22 23:59:59.999,3590204.37457000,10106,1505427.82000000,1753131.31708000,0
2025-11-23 00:00:00,1.158,1.173,1.154,1.165,3359565.47,2025-11-23 00:59:59.999,3909075.90999000,11172,1687888.76000000,1963485.76184000,0
2025-11-23 01:00:00,1.165,1.197,1.159,1.186,5639934.22,2025-11-23 01:59:59.999,6647059.24751000,16012,3027664.33000000,3572888.71749000,0
2025-11-23 02:00:00,1.185,1.204,1.183,1.195,4055213.94,2025-11-23 02:59:59.999,4852261.00002000,13869,2074210.14000000,2482811.24765000,0
2025-11-23 03:00:00,1.195,1.197,1.183,1.196,2747695.55,2025-11-23 03:59:59.999,3267478.10164000,8435,1349920.34000000,1606047.69555000,0
2025-11-23 04:00:00,1.196,1.225,1.193,1.204,6123264.57,2025-11-23 04:59:59.999,7409345.75448000,14762,2868481.14000000,3463305.10585000,0
2025-11-23 05:00:00,1.205,1.205,1.184,1.191,3169345.96,2025-11-23 05:59:59.999,3780490.34024000,8184,1228802.90000000,1465583.33547000,0
2025-11-23 06:00:00,1.192,1.202,1.186,1.192,2314535.31,2025-11-23 06:59:59.999,2761934.93163000,6297,1262005.62000000,1506522.73059000,0
2025-11-23 07:00:00,1.191,1.193,1.172,1.181,4001430.18,2025-11-23 07:59:59.999,4720816.31550000,9369,1994250.19000000,2353699.30499000,0
2025-11-23 08:00:00,1.181,1.195,1.177,1.181,4723162.76,2025-11-23 08:59:59.999,5595104.98833000,9527,2502502.16000000,2966029.90896000,0
2025-11-23 09:00:00,1.181,1.186,1.133,1.137,20124497.14,2025-11-23 09:59:59.999,23237677.51990000,34052,10647939.80000000,12286511.29575000,0
2025-11-23 10:00:00,1.136,1.139,1.084,1.121,22391927.37,2025-11-23 10:59:59.999,25005456.49378000,42251,10920647.18000000,12200019.77802000,0
2025-11-23 11:00:00,1.121,1.129,1.107,1.128,4235551.64,2025-11-23 11:59:59.999,4740313.26804000,11946,1933443.30000000,2166022.53553000,0
2025-11-23 12:00:00,1.128,1.147,1.122,1.146,5746185.43,2025-11-23 12:59:59.999,6550477.21452000,14880,3094291.37000000,3526646.53743000,0
2025-11-23 13:00:00,1.147,1.151,1.107,1.11,13826982.28,2025-11-23 13:59:59.999,15499507.35194000,25461,8668793.93000000,9698537.76777000,0
2025-11-23 14:00:00,1.11,1.119,1.067,1.078,19218939.05,2025-11-23 14:59:59.999,21039137.05451000,49133,9109444.28000000,9989512.02122000,0
2025-11-23 15:00:00,1.078,1.096,1.073,1.093,6735304.59,2025-11-23 15:59:59.999,7294324.66588000,18574,3462591.81000000,3751418.46508000,0
2025-11-23 16:00:00,1.092,1.11,1.089,1.099,3927743.17,2025-11-23 16:59:59.999,4318959.99967000,11927,2257280.71000000,2482986.06666000,0
2025-11-23 17:00:00,1.1,1.11,1.094,1.097,2661822.47,2025-11-23 17:59:59.999,2933248.39910000,9207,1203161.79000000,1326368.20489000,0
2025-11-23 18:00:00,1.098,1.125,1.087,1.122,6919058.26,2025-11-23 18:59:59.999,7667198.48448000,17485,3416270.24000000,3787521.09130000,0
2025-11-23 19:00:00,1.121,1.127,1.114,1.12,1912962.68,2025-11-23 19:59:59.999,2146130.01935000,7155,1067709.68000000,1198040.68980000,0
2025-11-23 20:00:00,1.12,1.127,1.114,1.124,1918079.85,2025-11-23 20:59:59.999,2150205.73884000,7162,1075854.69000000,1206286.92763000,0
2025-11-23 21:00:00,1.124,1.135,1.115,1.134,2432460.65,2025-11-23 21:59:59.999,2737880.58099000,7718,1426758.27000000,1606795.63755000,0
2025-11-23 22:00:00,1.134,1.137,1.119,1.12,3011476.28,2025-11-23 22:59:59.999,3395494.98609000,7655,1447096.27000000,1631965.72469000,0
2025-11-23 23:00:00,1.121,1.13,1.113,1.118,3737047.15,2025-11-23 23:59:59.999,4187941.96246000,10786,1916560.07000000,2148213.42004000,0
2025-11-24 00:00:00,1.118,1.118,1.089,1.1,8507022.2,2025-11-24 00:59:59.999,9371387.11935000,17341,3432785.82000000,3780408.15935000,0
2025-11-24 01:00:00,1.1,1.109,1.089,1.108,4509271.74,2025-11-24 01:59:59.999,4957468.65129000,12940,2535921.58000000,2790072.02629000,0
2025-11-24 02:00:00,1.108,1.132,1.105,1.132,7451418.81,2025-11-24 02:59:59.999,8371608.12485000,19966,4628043.82000000,5201152.61380000,0
2025-11-24 03:00:00,1.132,1.146,1.129,1.142,5886507.67,2025-11-24 03:59:59.999,6700947.26876000,13964,3999097.12000000,4552684.61915000,0
2025-11-24 04:00:00,1.141,1.142,1.115,1.126,6610918.58,2025-11-24 04:59:59.999,7446045.26199000,15125,2981255.75000000,3357094.01104000,0
2025-11-24 05:00:00,1.126,1.158,1.125,1.149,7605996.0,2025-11-24 05:59:59.999,8708079.31919000,15181,3288442.01000000,3764076.72450000,0
2025-11-24 06:00:00,1.15,1.152,1.128,1.138,4161152.92,2025-11-24 06:59:59.999,4729849.50726000,11871,2014047.98000000,2288885.46560000,0
2025-11-24 07:00:00,1.137,1.138,1.109,1.113,4959323.73,2025-11-24 07:59:59.999,5568650.59099000,10063,2403067.68000000,2698532.64150000,0
2025-11-24 08:00:00,1.113,1.134,1.112,1.128,3869385.53,2025-11-24 08:59:59.999,4341138.11542000,8397,2004789.40000000,2248239.01893000,0
2025-11-24 09:00:00,1.128,1.129,1.109,1.11,3674050.0,2025-11-24 09:59:59.999,4100418.86533000,9702,1321189.50000000,1475075.60674000,0
2025-11-24 10:00:00,1.109,1.12,1.107,1.117,2399585.89,2025-11-24 10:59:59.999,2670617.93053000,6668,1163229.62000000,1294782.95669000,0
2025-11-24 11:00:00,1.117,1.13,1.115,1.124,2432186.6,2025-11-24 11:59:59.999,2731229.91518000,6427,1353010.07000000,1519867.87291000,0
2025-11-24 12:00:00,1.124,1.124,1.112,1.117,1960569.44,2025-11-24 12:59:59.999,2189148.22275000,6002,789910.30000000,882299.44655000,0
2025-11-24 13:00:00,1.116,1.123,1.105,1.106,2897104.07,2025-11-24 13:59:59.999,3230046.76004000,8376,1323674.51000000,1477510.21256000,0
2025-11-24 14:00:00,1.106,1.123,1.098,1.115,7221061.53,2025-11-24 14:59:59.999,8003057.27535000,19540,3468437.02000000,3845885.96311000,0
2025-11-24 15:00:00,1.115,1.13,1.103,1.121,6760351.99,2025-11-24 15:59:59.999,7545579.77686000,16907,3321282.83000000,3707903.01556000,0
2025-11-24 16:00:00,1.122,1.129,1.117,1.119,3176986.96,2025-11-24 16:59:59.999,3567442.89904000,9946,1326557.04000000,1490016.40532000,0
2025-11-24 17:00:00,1.119,1.148,1.117,1.147,5140933.51,2025-11-24 17:59:59.999,5849313.55631000,13739,2824072.20000000,3212325.06573000,0
2025-11-24 18:00:00,1.148,1.151,1.136,1.145,4768260.27,2025-11-24 18:59:59.999,5450904.44788000,10622,3022515.13000000,3456024.83815000,0
2025-11-24 19:00:00,1.144,1.149,1.14,1.143,2607198.86,2025-11-24 19:59:59.999,2985939.85831000,6106,1152265.73000000,1320074.85264000,0
2025-11-24 20:00:00,1.143,1.154,1.139,1.151,3053204.3,2025-11-24 20:59:59.999,3500855.62761000,7368,1767578.60000000,2026414.68606000,0
2025-11-24 21:00:00,1.152,1.16,1.144,1.146,2637672.12,2025-11-24 21:59:59.999,3038423.18483000,7708,1361574.02000000,1568841.43121000,0
2025-11-24 22:00:00,1.145,1.17,1.145,1.159,3124158.2,2025-11-24 22:59:59.999,3611780.01553000,7578,1849800.40000000,2142973.14133000,0
2025-11-24 23:00:00,1.159,1.172,1.153,1.171,2539922.63,2025-11-24 23:59:59.999,2957557.44978000,7559,1386641.87000000,1615270.19785000,0
2025-11-25 00:00:00,1.171,1.205,1.158,1.2,12070503.12,2025-11-25 00:59:59.999,14308769.99270000,29499,6347495.91000000,7527726.10120000,0
2025-11-25 01:00:00,1.2,1.205,1.173,1.174,5346292.96,2025-11-25 01:59:59.999,6368997.14702000,14181,1947395.79000000,2315239.96318000,0
2025-11-25 02:00:00,1.174,1.179,1.16,1.17,2386963.04,2025-11-25 02:59:59.999,2787071.06567000,9563,1008284.27000000,1177852.60712000,0
2025-11-25 03:00:00,1.169,1.171,1.155,1.157,1934393.86,2025-11-25 03:59:59.999,2246876.74872000,6310,777604.87000000,903409.43430000,0
2025-11-25 04:00:00,1.157,1.164,1.153,1.16,1397213.53,2025-11-25 04:59:59.999,1619394.21366000,5540,621931.13000000,721228.52901000,0
2025-11-25 05:00:00,1.159,1.178,1.154,1.172,2832618.27,2025-11-25 05:59:59.999,3309855.43613000,8433,1374236.89000000,1606287.88491000,0
2025-11-25 06:00:00,1.172,1.173,1.147,1.158,2917496.2,2025-11-25 06:59:59.999,3376733.21611000,8032,1386477.57000000,1605006.89303000,0
2025-11-25 07:00:00,1.159,1.165,1.142,1.145,3667590.3,2025-11-25 07:59:59.999,4230762.26806000,8948,1864041.64000000,2152613.18828000,0
2025-11-25 08:00:00,1.145,1.149,1.137,1.138,2843004.92,2025-11-25 08:59:59.999,3250466.58458000,7781,1078952.34000000,1234334.98346000,0
2025-11-25 09:00:00,1.138,1.15,1.133,1.147,2619650.99,2025-11-25 09:59:59.999,2987175.62189000,7517,1332778.21000000,1520207.82026000,0
2025-11-25 10:00:00,1.146,1.166,1.14,1.164,2890834.04,2025-11-25 10:59:59.999,3335116.02643000,7307,1433128.97000000,1654527.57581000,0
2025-11-25 11:00:00,1.163,1.172,1.155,1.169,2068378.34,2025-11-25 11:59:59.999,2402517.70020000,6382,1146984.57000000,1332713.70112000,0
2025-11-25 12:00:00,1.169,1.184,1.157,1.163,3910011.95,2025-11-25 12:59:59.999,4571910.85790000,11732,1530905.46000000,1792576.95700000,0
2025-11-25 13:00:00,1.164,1.174,1.157,1.16,1625021.8,2025-11-25 13:59:59.999,1891105.06199000,7824,747296.05000000,870549.98801000,0
2025-11-25 14:00:00,1.161,1.169,1.141,1.15,3636348.49,2025-11-25 14:59:59.999,4196319.20840000,16062,1911502.56000000,2208031.65861000,0
2025-11-25 15:00:00,1.149,1.162,1.137,1.15,2990267.46,2025-11-25 15:59:59.999,3440375.31332000,12723,1521674.35000000,1751654.66923000,0
2025-11-25 16:00:00,1.149,1.171,1.147,1.169,3903112.87,2025-11-25 16:59:59.999,4538308.65489000,13143,2152518.13000000,2503223.16326000,0
2025-11-25 17:00:00,1.169,1.18,1.16,1.172,2581406.43,2025-11-25 17:59:59.999,3019843.05706000,10073,1376315.37000000,1610212.94786000,0
2025-11-25 18:00:00,1.172,1.182,1.17,1.17,1640833.64,2025-11-25 18:59:59.999,1929586.93428000,7285,804520.64000000,946409.35162000,0
2025-11-25 19:00:00,1.17,1.173,1.149,1.165,2112847.92,2025-11-25 19:59:59.999,2450256.39489000,8581,971810.83000000,1126194.92145000,0
2025-11-25 20:00:00,1.164,1.171,1.155,1.167,1000976.66,2025-11-25 20:59:59.999,1165218.96254000,5489,512526.20000000,596520.88008000,0
2025-11-25 21:00:00,1.167,1.177,1.166,1.168,670588.08,2025-11-25 21:59:59.999,784954.05902000,4277,369065.59000000,432228.89461000,0
2025-11-25 22:00:00,1.167,1.177,1.151,1.176,1388538.88,2025-11-25 22:59:59.999,1614611.32013000,6364,714286.40000000,830902.69713000,0
2025-11-25 23:00:00,1.176,1.185,1.171,1.175,2124372.61,2025-11-25 23:59:59.999,2499729.66329000,6256,913868.54000000,1075741.83725000,0
2025-11-26 00:00:00,1.175,1.188,1.175,1.178,1896199.85,2025-11-26 00:59:59.999,2240793.40551000,5888,1083651.91000000,1280991.34601000,0
2025-11-26 01:00:00,1.177,1.184,1.168,1.173,1758035.53,2025-11-26 01:59:59.999,2064638.23836000,5733,625566.20000000,734957.75820000,0
2025-11-26 02:00:00,1.173,1.179,1.166,1.17,2021330.63,2025-11-26 02:59:59.999,2369771.56730000,5361,905529.46000000,1061446.68566000,0
2025-11-26 03:00:00,1.171,1.177,1.157,1.159,1748402.99,2025-11-26 03:59:59.999,2036399.03059000,4433,640163.45000000,746744.79528000,0
2025-11-26 04:00:00,1.16,1.163,1.152,1.154,1833458.99,2025-11-26 04:59:59.999,2119802.59351000,4247,765176.41000000,884862.01276000,0
2025-11-26 05:00:00,1.154,1.165,1.149,1.159,5751309.61,2025-11-26 05:59:59.999,6632196.10136000,8900,3707982.10000000,4273018.76022000,0
2025-11-26 06:00:00,1.159,1.162,1.152,1.159,1485286.26,2025-11-26 06:59:59.999,1719762.98208000,4516,644853.35000000,747039.32313000,0
2025-11-26 07:00:00,1.159,1.16,1.144,1.151,2032923.9,2025-11-26 07:59:59.999,2338229.84318000,5446,812024.07000000,934361.69366000,0
2025-11-26 08:00:00,1.151,1.152,1.107,1.121,27538383.1,2025-11-26 08:59:59.999,30919093.24302000,42242,16627694.68000000,18657907.14023000,0
2025-11-26 09:00:00,1.12,1.125,1.077,1.081,28929820.83,2025-11-26 09:59:59.999,31669369.66963000,48889,15774038.56000000,17238111.54989000,0
2025-11-26 10:00:00,1.08,1.089,1.058,1.077,12685533.52,2025-11-26 10:59:59.999,13660175.88898000,23274,6441345.73000000,6940197.46459000,0
2025-11-26 11:00:00,1.077,1.09,1.075,1.082,9407945.31,2025-11-26 11:59:59.999,10184083.46624000,13673,5183407.65000000,5610157.90756000,0
2025-11-26 12:00:00,1.082,1.082,1.072,1.079,4434530.94,2025-11-26 12:59:59.999,4776545.98568000,11537,2144180.78000000,2310149.22954000,0
2025-11-26 13:00:00,1.079,1.09,1.077,1.083,4576374.92,2025-11-26 13:59:59.999,4954238.78444000,9270,2506897.66000000,2714056.71656000,0
2025-11-26 14:00:00,1.082,1.089,1.075,1.081,6413036.39,2025-11-26 14:59:59.999,6935477.06171000,12384,3683115.75000000,3982937.64184000,0
2025-11-26 15:00:00,1.08,1.099,1.079,1.091,5851991.24,2025-11-26 15:59:59.999,6370305.44620000,12528,3404971.79000000,3705752.04128000,0
2025-11-26 16:00:00,1.091,1.098,1.067,1.07,15123319.2,2025-11-26 16:59:59.999,16341572.27472000,20147,9265782.43000000,10002277.32059000,0
2025-11-26 17:00:00,1.071,1.113,1.07,1.111,8422552.29,2025-11-26 17:59:59.999,9206948.94178000,18002,4418683.38000000,4831509.90133000,0
2025-11-26 18:00:00,1.111,1.12,1.105,1.11,8023235.64,2025-11-26 18:59:59.999,8918885.33571000,14484,3755195.62000000,4178922.52248000,0
2025-11-26 19:00:00,1.111,1.114,1.092,1.097,4006330.07,2025-11-26 19:59:59.999,4417641.55710000,8080,1807299.14000000,1995381.33072000,0
2025-11-26 20:00:00,1.098,1.098,1.084,1.096,1544299.91,2025-11-26 20:59:59.999,1686281.25846000,4517,764548.49000000,835048.03365000,0
2025-11-26 21:00:00,1.096,1.109,1.09,1.108,1761834.54,2025-11-26 21:59:59.999,1936286.41636000,5328,1001807.63000000,1101806.92994000,0
2025-11-26 22:00:00,1.108,1.117,1.101,1.115,2322783.75,2025-11-26 22:59:59.999,2572164.81801000,5428,1392291.48000000,1543217.13459000,0
2025-11-26 23:00:00,1.114,1.118,1.102,1.108,5473495.13,2025-11-26 23:59:59.999,6082436.49992000,7998,1782306.08000000,1977954.13857000,0
2025-11-27 00:00:00,1.108,1.135,1.103,1.129,4372182.92,2025-11-27 00:59:59.999,4906339.02830000,10736,1892368.14000000,2122755.08354000,0
2025-11-27 01:00:00,1.128,1.135,1.109,1.122,2822459.73,2025-11-27 01:59:59.999,3157162.15693000,7835,1254476.89000000,1403158.04112000,0
2025-11-27 02:00:00,1.122,1.127,1.11,1.111,3489331.75,2025-11-27 02:59:59.999,3898799.89126000,8435,1568539.21000000,1752726.56894000,0
2025-11-27 03:00:00,1.111,1.115,1.094,1.097,3324315.88,2025-11-27 03:59:59.999,3666299.22227000,8348,1200336.48000000,1324036.62254000,0
2025-11-27 04:00:00,1.096,1.107,1.096,1.101,1615766.76,2025-11-27 04:59:59.999,1779134.74573000,3832,904542.96000000,996103.90984000,0
2025-11-27 05:00:00,1.1,1.105,1.086,1.088,2239779.1,2025-11-27 05:59:59.999,2450511.00382000,5852,880145.99000000,964684.77513000,0
2025-11-27 06:00:00,1.087,1.099,1.087,1.098,1444897.37,2025-11-27 06:59:59.999,1580921.77221000,3664,819504.61000000,896999.13098000,0
2025-11-27 07:00:00,1.098,1.098,1.088,1.091,1306266.45,2025-11-27 07:59:59.999,1427644.72633000,3626,679232.61000000,742651.31579000,0
2025-11-27 08:00:00,1.09,1.091,1.075,1.083,2774275.43,2025-11-27 08:59:59.999,3000302.04986000,6510,1152375.74000000,1246584.72369000,0
2025-11-27 09:00:00,1.083,1.091,1.079,1.082,2858892.15,2025-11-27 09:59:59.999,3099560.53628000,5490,1177637.57000000,1277080.42204000,0
2025-11-27 10:00:00,1.082,1.094,1.079,1.085,1706020.09,2025-11-27 10:59:59.999,1855189.41520000,4083,1057760.87000000,1151471.12891000,0
2025-11-27 11:00:00,1.084,1.085,1.076,1.079,2055147.77,2025-11-27 11:59:59.999,2219868.54762000,4267,841710.23000000,909685.59448000,0
2025-11-27 12:00:00,1.079,1.09,1.077,1.083,1573761.2,2025-11-27 12:59:59.999,1704651.49207000,4599,855822.58000000,926932.19621000,0
2025-11-27 13:00:00,1.082,1.093,1.08,1.089,1333746.57,2025-11-27 13:59:59.999,1447937.84550000,4383,669025.56000000,727031.18313000,0
2025-11-27 14:00:00,1.089,1.104,1.083,1.098,2363010.56,2025-11-27 14:59:59.999,2587555.32430000,6845,1120325.29000000,1227806.22513000,0
2025-11-27 15:00:00,1.099,1.105,1.09,1.094,1914560.16,2025-11-27 15:59:59.999,2101690.32746000,5550,893986.84000000,982300.38882000,0
2025-11-27 16:00:00,1.095,1.1,1.089,1.098,1712618.16,2025-11-27 16:59:59.999,1874071.84343000,5917,902903.33000000,988445.80552000,0
2025-11-27 17:00:00,1.098,1.101,1.094,1.099,679838.27,2025-11-27 17:59:59.999,746410.92970000,2904,316062.44000000,347073.87042000,0
2025-11-27 18:00:00,1.1,1.104,1.096,1.1,552200.66,2025-11-27 18:59:59.999,607577.03801000,2514,259813.40000000,285852.49125000,0
2025-11-27 19:00:00,1.101,1.102,1.095,1.099,619659.73,2025-11-27 19:59:59.999,680457.32987000,2167,321003.24000000,352550.02376000,0
2025-11-27 20:00:00,1.099,1.102,1.096,1.1,612543.47,2025-11-27 20:59:59.999,672952.21389000,2063,214784.26000000,236086.92957000,0
2025-11-27 21:00:00,1.1,1.106,1.092,1.094,976003.45,2025-11-27 21:59:59.999,1072124.85421000,2843,403292.95000000,443919.60240000,0
2025-11-27 22:00:00,1.094,1.099,1.086,1.091,1087855.53,2025-11-27 22:59:59.999,1187973.12168000,3574,479251.21000000,523589.60701000,0
2025-11-27 23:00:00,1.091,1.096,1.086,1.092,730285.75,2025-11-27 23:59:59.999,796786.58519000,2811,318056.78000000,346951.85780000,0
2025-11-28 00:00:00,1.091,1.093,1.082,1.088,1174618.31,2025-11-28 00:59:59.999,1274910.57127000,3924,486333.70000000,528095.66445000,0
2025-11-28 01:00:00,1.087,1.1,1.083,1.083,1987391.6,2025-11-28 01:59:59.999,2169089.60110000,6792,1144650.47000000,1249143.25032000,0
2025-11-28 02:00:00,1.083,1.088,1.076,1.088,1772784.58,2025-11-28 02:59:59.999,1915631.10581000,6463,749735.52000000,810426.48065000,0
2025-11-28 03:00:00,1.087,1.095,1.081,1.086,1546982.13,2025-11-28 03:59:59.999,1681795.17063000,5773,820029.06000000,891571.15319000,0
2025-11-28 04:00:00,1.086,1.092,1.082,1.091,1572343.19,2025-11-28 04:59:59.999,1710793.17804000,5037,899523.63000000,978938.57296000,0
2025-11-28 05:00:00,1.091,1.092,1.086,1.09,920789.28,2025-11-28 05:59:59.999,1002809.92807000,3551,543767.96000000,592209.44149000,0
2025-11-28 06:00:00,1.089,1.099,1.082,1.092,2694282.54,2025-11-28 06:59:59.999,2932746.59785000,6919,1640337.09000000,1785410.51322000,0
2025-11-28 07:00:00,1.092,1.093,1.082,1.089,2551178.01,2025-11-28 07:59:59.999,2773125.42124000,7365,1533851.83000000,1667450.97788000,0
2025-11-28 08:00:00,1.088,1.109,1.088,1.104,4487751.36,2025-11-28 08:59:59.999,4943828.08610000,8472,2623652.99000000,2890850.62390000,0
2025-11-28 09:00:00,1.105,1.111,1.101,1.108,1929383.37,2025-11-28 09:59:59.999,2133945.83005000,4725,1077959.64000000,1192725.61711000,0
2025-11-28 10:00:00,1.108,1.119,1.105,1.114,3638404.48,2025-11-28 10:59:59.999,4050378.12923000,7674,2169092.57000000,2415042.66565000,0
2025-11-28 11:00:00,1.114,1.118,1.102,1.105,2208065.51,2025-11-28 11:59:59.999,2446972.34085000,5558,1160993.82000000,1287289.87302000,0
2025-11-28 12:00:00,1.105,1.123,1.104,1.114,2976783.28,2025-11-28 12:59:59.999,3324855.53540000,8037,1411152.61000000,1576512.21318000,0
2025-11-28 13:00:00,1.114,1.127,1.109,1.122,2142182.11,2025-11-28 13:59:59.999,2396778.83947000,6256,1176892.22000000,1317208.32601000,0
2025-11-28 14:00:00,1.123,1.124,1.114,1.118,3061057.5,2025-11-28 14:59:59.999,3424003.74264000,8202,1671891.06000000,1870530.12774000,0
2025-11-28 15:00:00,1.119,1.123,1.107,1.112,3436893.66,2025-11-28 15:59:59.999,3832383.15874000,8068,1560997.77000000,1740666.67085000,0
2025-11-28 16:00:00,1.112,1.112,1.096,1.098,3712225.58,2025-11-28 16:59:59.999,4095075.01582000,9127,2073603.13000000,2288024.23651000,0
2025-11-28 17:00:00,1.098,1.098,1.061,1.072,8325683.64,2025-11-28 17:59:59.999,8975183.59328000,16668,3726795.36000000,4018294.53783000,0
2025-11-28 18:00:00,1.072,1.084,1.065,1.083,2769345.9,2025-11-28 18:59:59.999,2974040.89541000,6501,1605011.20000000,1723185.77705000,0
2025-11-28 19:00:00,1.082,1.089,1.079,1.082,1861660.19,2025-11-28 19:59:59.999,2017513.68096000,4384,1069691.47000000,1159442.28816000,0
2025-11-28 20:00:00,1.082,1.094,1.078,1.093,1038910.21,2025-11-28 20:59:59.999,1126796.31238000,3397,643274.26000000,697635.10927000,0
2025-11-28 21:00:00,1.093,1.099,1.088,1.095,1377644.18,2025-11-28 21:59:59.999,1508157.56170000,5004,827405.81000000,905894.69651000,0
2025-11-28 22:00:00,1.096,1.108,1.092,1.107,1486833.43,2025-11-28 22:59:59.999,1633371.30059000,5454,790340.63000000,868010.38320000,0
2025-11-28 23:00:00,1.107,1.11,1.092,1.093,1315695.02,2025-11-28 23:59:59.999,1446405.06756000,3822,446053.57000000,490611.18461000,0
2025-11-29 00:00:00,1.094,1.097,1.086,1.091,1001508.43,2025-11-29 00:59:59.999,1091732.36685000,3164,396251.37000000,431965.65343000,0
2025-11-29 01:00:00,1.09,1.094,1.087,1.089,877301.03,2025-11-29 01:59:59.999,956143.51465000,2335,410401.03000000,447417.65904000,0
2025-11-29 02:00:00,1.089,1.092,1.084,1.09,724693.66,2025-11-29 02:59:59.999,788347.75683000,2111,344475.31000000,374983.42626000,0
2025-11-29 03:00:00,1.09,1.093,1.087,1.092,688513.01,2025-11-29 03:59:59.999,750250.21343000,1669,308749.29000000,336718.63016000,0
2025-11-29 04:00:00,1.092,1.106,1.092,1.106,2747293.03,2025-11-29 04:59:59.999,3025559.83244000,6571,1912824.24000000,2106278.51835000,0
2025-11-29 05:00:00,1.105,1.109,1.101,1.107,1382450.98,2025-11-29 05:59:59.999,1528619.23729000,3805,836305.50000000,925110.08184000,0
2025-11-29 06:00:00,1.107,1.112,1.101,1.107,1807042.76,2025-11-29 06:59:59.999,1999184.35128000,5232,1043552.18000000,1154994.59467000,0
2025-11-29 07:00:00,1.108,1.112,1.101,1.104,1896870.65,2025-11-29 07:59:59.999,2099739.78194000,6509,963576.37000000,1067083.58738000,0
2025-11-29 08:00:00,1.103,1.105,1.095,1.096,1111030.8,2025-11-29 08:59:59.999,1222376.68263000,3470,455825.35000000,501813.86649000,0
2025-11-29 09:00:00,1.096,1.1,1.09,1.092,848523.15,2025-11-29 09:59:59.999,929573.37423000,2749,396319.15000000,434312.47020000,0
2025-11-29 10:00:00,1.092,1.092,1.079,1.084,2685129.8,2025-11-29 10:59:59.999,2915081.83478000,5292,906549.50000000,985572.56303000,0
2025-11-29 11:00:00,1.084,1.09,1.081,1.088,1124220.43,2025-11-29 11:59:59.999,1220354.93171000,2941,811128.32000000,880784.58846000,0
2025-11-29 12:00:00,1.088,1.089,1.081,1.083,1276916.95,2025-11-29 12:59:59.999,1383617.75814000,3373,728969.24000000,789809.01643000,0
2025-11-29 13:00:00,1.082,1.089,1.079,1.087,831125.96,2025-11-29 13:59:59.999,900069.09688000,3614,469471.54000000,508771.54891000,0
2025-11-29 14:00:00,1.087,1.094,1.084,1.088,1199208.77,2025-11-29 14:59:59.999,1306129.93567000,4153,664483.36000000,723853.89224000,0
2025-11-29 15:00:00,1.088,1.096,1.087,1.094,1524260.07,2025-11-29 15:59:59.999,1663087.99762000,4067,918278.12000000,1001945.95471000,0
2025-11-29 16:00:00,1.094,1.094,1.082,1.083,933832.08,2025-11-29 16:59:59.999,1015019.09390000,2516,359928.69000000,391189.34644000,0
2025-11-29 17:00:00,1.083,1.085,1.023,1.038,19450751.15,2025-11-29 17:59:59.999,20421032.07667000,32668,9588086.14000000,10058346.03053000,0
2025-11-29 18:00:00,1.037,1.057,1.034,1.051,2844838.44,2025-11-29 18:59:59.999,2974852.64442000,8145,1506527.41000000,1576484.47280000,0
2025-11-29 19:00:00,1.051,1.057,1.049,1.055,879103.35,2025-11-29 19:59:59.999,925763.99232000,2652,488051.87000000,514016.46007000,0
2025-11-29 20:00:00,1.055,1.056,1.041,1.052,1557554.97,2025-11-29 20:59:59.999,1631353.33639000,4265,600541.88000000,628851.47409000,0
2025-11-29 21:00:00,1.053,1.054,1.047,1.047,565875.7,2025-11-29 21:59:59.999,594190.56349000,1733,204769.74000000,215098.86675000,0
2025-11-29 22:00:00,1.047,1.047,1.037,1.043,1738043.8,2025-11-29 22:59:59.999,1811032.62929000,4658,789780.04000000,823036.48523000,0
2025-11-29 23:00:00,1.044,1.048,1.04,1.046,1244100.02,2025-11-29 23:59:59.999,1298532.19439000,4025,568416.90000000,593666.72255000,0
2025-11-30 00:00:00,1.046,1.05,1.041,1.041,1446003.48,2025-11-30 00:59:59.999,1510038.18001000,3672,473370.13000000,494733.25520000,0
2025-11-30 01:00:00,1.042,1.046,1.04,1.045,1185732.81,2025-11-30 01:59:59.999,1236668.31046000,3182,650775.44000000,678851.31005000,0
2025-11-30 02:00:00,1.045,1.049,1.04,1.041,1053538.18,2025-11-30 02:59:59.999,1100167.08099000,2727,374013.54000000,390456.03370000,0
2025-11-30 03:00:00,1.042,1.045,1.027,1.043,2955360.6,2025-11-30 03:59:59.999,3064233.85523000,6496,1432484.12000000,1485302.91156000,0
2025-11-30 04:00:00,1.042,1.048,1.041,1.047,1203286.79,2025-11-30 04:59:59.999,1258189.96057000,2455,582137.92000000,608733.26610000,0
2025-11-30 05:00:00,1.046,1.047,1.039,1.042,1228825.37,2025-11-30 05:59:59.999,1280696.05582000,2502,661957.87000000,689873.54498000,0
2025-11-30 06:00:00,1.041,1.068,1.041,1.056,2965312.32,2025-11-30 06:59:59.999,3134432.05056000,6381,1727019.72000000,1825549.24678000,0
2025-11-30 07:00:00,1.056,1.06,1.053,1.054,985294.08,2025-11-30 07:59:59.999,1040663.58230000,2443,427655.24000000,451831.53389000,0
2025-11-30 08:00:00,1.055,1.061,1.049,1.055,1689794.63,2025-11-30 08:59:59.999,1779779.05687000,4235,780413.08000000,822661.40742000,0
2025-11-30 09:00:00,1.055,1.059,1.05,1.051,1307663.91,2025-11-30 09:59:59.999,1379167.50888000,3259,817628.31000000,862293.64687000,0
2025-11-30 10:00:00,1.052,1.066,1.049,1.063,2472415.99,2025-11-30 10:59:59.999,2620312.65847000,4962,1573660.42000000,1667610.59805000,0
2025-11-30 11:00:00,1.063,1.067,1.057,1.061,1346821.97,2025-11-30 11:59:59.999,1428870.93769000,3093,656311.71000000,696608.05550000,0
2025-11-30 12:00:00,1.061,1.07,1.058,1.07,1879182.12,2025-11-30 12:59:59.999,2000169.36073000,3935,1281488.77000000,1364556.81923000,0
2025-11-30 13:00:00,1.07,1.082,1.067,1.072,4289409.74,2025-11-30 13:59:59.999,4617654.47852000,7643,2002036.26000000,2153927.17693000,0
2025-11-30 14:00:00,1.073,1.075,1.063,1.07,2874216.31,2025-11-30 14:59:59.999,3072186.91808000,5567,1416323.01000000,1514578.92228000,0
2025-11-30 15:00:00,1.07,1.071,1.057,1.059,2102904.6,2025-11-30 15:59:59.999,2234990.59404000,3767,724241.94000000,770439.33448000,0
2025-11-30 16:00:00,1.06,1.07,1.06,1.069,1051247.07,2025-11-30 16:59:59.999,1121111.54435000,2674,680326.38000000,725722.50853000,0
2025-11-30 17:00:00,1.07,1.075,1.063,1.073,1524960.57,2025-11-30 17:59:59.999,1629362.59549000,2987,913212.10000000,976219.15958000,0
2025-11-30 18:00:00,1.074,1.081,1.069,1.078,1956655.15,2025-11-30 18:59:59.999,2102690.98687000,4974,1057989.70000000,1136947.42936000,0
2025-11-30 19:00:00,1.078,1.087,1.077,1.081,2014480.26,2025-11-30 19:59:59.999,2178952.77721000,5286,1369390.33000000,1481676.07944000,0
2025-11-30 20:00:00,1.082,1.085,1.077,1.083,992067.23,2025-11-30 20:59:59.999,1073077.21267000,3958,546270.71000000,591044.09696000,0
2025-11-30 21:00:00,1.084,1.086,1.077,1.079,1600160.93,2025-11-30 21:59:59.999,1728787.05059000,3342,809458.30000000,874838.16841000,0
2025-11-30 22:00:00,1.079,1.083,1.072,1.076,1163053.59,2025-11-30 22:59:59.999,1252275.47053000,2722,475463.32000000,512249.59103000,0
2025-11-30 23:00:00,1.076,1.076,1.051,1.053,2727856.24,2025-11-30 23:59:59.999,2898299.18337000,6054,947129.14000000,1007377.98317000,0
2025-12-01 00:00:00,1.054,1.058,0.989,0.998,21855425.5,2025-12-01 00:59:59.999,22286316.02364000,47467,8575080.90000000,8761979.64106000,0
2025-12-01 01:00:00,0.997,1.018,0.99,0.994,8755092.65,2025-12-01 01:59:59.999,8778112.53704000,22272,3903101.55000000,3915218.94093000,0
2025-12-01 02:00:00,0.994,1.003,0.975,1.001,8553200.93,2025-12-01 02:59:59.999,8472818.71017000,20057,4711478.58000000,4676049.51222000,0
2025-12-01 03:00:00,1.001,1.003,0.988,0.999,5466660.36,2025-12-01 03:59:59.999,5448008.37072000,14745,3061099.57000000,3052042.83127000,0
2025-12-01 04:00:00,0.999,1.004,0.991,1.0,7434734.23,2025-12-01 04:59:59.999,7417853.43834000,22130,4894861.92000000,4884555.13265000,0
2025-12-01 05:00:00,1.0,1.01,0.997,0.997,4277270.86,2025-12-01 05:59:59.999,4286763.55408000,17594,2395059.82000000,2401518.21545000,0
2025-12-01 06:00:00,0.997,1.003,0.993,1.0,2175650.67,2025-12-01 06:59:59.999,2172765.93105000,5675,1007394.50000000,1006763.47944000,0
2025-12-01 07:00:00,1.001,1.004,0.991,0.998,2103157.54,2025-12-01 07:59:59.999,2097635.72483000,5846,1080593.34000000,1078450.78892000,0
2025-12-01 08:00:00,0.997,1.008,0.993,1.005,3015458.27,2025-12-01 08:59:59.999,3015419.78311000,6239,1520998.08000000,1521201.97556000,0
2025-12-01 09:00:00,1.004,1.005,0.99,0.999,4278968.51,2025-12-01 09:59:59.999,4267117.44945000,8224,1659107.86000000,1654602.75492000,0
2025-12-01 10:00:00,0.999,1.003,0.998,1.002,1766508.7,2025-12-01 10:59:59.999,1767913.48109000,4357,968092.75000000,968954.85594000,0
2025-12-01 11:00:00,1.002,1.002,0.977,0.985,5567207.77,2025-12-01 11:59:59.999,5499185.89246000,11043,2574572.39000000,2542966.60673000,0
2025-12-01 12:00:00,0.985,0.986,0.919,0.939,30047648.73,2025-12-01 12:59:59.999,28405453.40247000,42308,14351427.82000000,13545841.00028000,0
2025-12-01 13:00:00,0.939,0.946,0.919,0.928,13511101.14,2025-12-01 13:59:59.999,12564543.50534000,20447,6423158.63000000,5967436.35128000,0
2025-12-01 14:00:00,0.928,0.939,0.923,0.935,6065674.48,2025-12-01 14:59:59.999,5653327.65076000,11928,3074145.34000000,2865645.43943000,0
2025-12-01 15:00:00,0.935,0.936,0.89,0.912,24133968.93,2025-12-01 15:59:59.999,21928625.03662000,35483,11220759.25000000,10180047.06341000,0
2025-12-01 16:00:00,0.912,0.914,0.897,0.899,8685345.75,2025-12-01 16:59:59.999,7847836.71737000,19024,3463212.03000000,3130818.67018000,0
2025-12-01 17:00:00,0.899,0.932,0.882,0.924,14900436.75,2025-12-01 17:59:59.999,13435018.99516000,26589,7637379.25000000,6897418.14998000,0
2025-12-01 18:00:00,0.924,0.941,0.914,0.938,8352103.33,2025-12-01 18:59:59.999,7768835.31858000,18141,4431556.33000000,4123254.19414000,0
2025-12-01 19:00:00,0.937,0.939,0.926,0.934,2771437.56,2025-12-01 19:59:59.999,2585511.49448000,9890,1128899.66000000,1053655.82108000,0
2025-12-01 20:00:00,0.934,0.948,0.933,0.938,3157510.52,2025-12-01 20:59:59.999,2972672.34917000,10695,1733855.77000000,1632660.07369000,0
2025-12-01 21:00:00,0.938,0.953,0.938,0.952,4188678.11,2025-12-01 21:59:59.999,3970976.90707000,9164,2500779.76000000,2371505.48632000,0
2025-12-01 22:00:00,0.951,0.961,0.934,0.946,6425399.97,2025-12-01 22:59:59.999,6098883.81489000,11940,2832746.63000000,2694360.70245000,0
2025-12-01 23:00:00,0.946,0.963,0.946,0.955,3170708.43,2025-12-01 23:59:59.999,3031952.97860000,6255,1376955.74000000,1316732.47758000,0
2025-12-02 00:00:00,0.954,0.972,0.953,0.968,2732048.68,2025-12-02 00:59:59.999,2636334.42642000,7038,1542327.11000000,1488970.55607000,0
2025-12-02 01:00:00,0.968,0.977,0.956,0.96,3779027.8,2025-12-02 01:59:59.999,3649149.78645000,8518,1857495.36000000,1796040.60626000,0
2025-12-02 02:00:00,0.959,0.975,0.957,0.971,2780754.54,2025-12-02 02:59:59.999,2689430.82268000,6015,1651591.70000000,1598914.32637000,0
2025-12-02 03:00:00,0.972,0.98,0.964,0.977,3294431.11,2025-12-02 03:59:59.999,3203631.78362000,6265,1683464.32000000,1638330.17883000,0
2025-12-02 04:00:00,0.977,0.989,0.973,0.982,4363318.73,2025-12-02 04:59:59.999,4284025.25150000,8660,2741077.01000000,2690354.32551000,0
2025-12-02 05:00:00,0.982,0.986,0.975,0.979,2225583.17,2025-12-02 05:59:59.999,2183399.73651000,5111,1070480.99000000,1050402.86131000,0
2025-12-02 06:00:00,0.979,0.991,0.976,0.99,2671534.81,2025-12-02 06:59:59.999,2628101.15258000,6710,1645780.04000000,1619462.82878000,0
2025-12-02 07:00:00,0.99,0.99,0.979,0.981,1626942.65,2025-12-02 07:59:59.999,1604641.06335000,4531,803504.19000000,793032.92145000,0
2025-12-02 08:00:00,0.981,0.981,0.961,0.966,5067225.17,2025-12-02 08:59:59.999,4906272.81497000,9812,1870617.06000000,1812109.41679000,0
2025-12-02 09:00:00,0.967,0.974,0.966,0.968,2319767.28,2025-12-02 09:59:59.999,2250593.47856000,4688,927345.41000000,899830.43203000,0
2025-12-02 10:00:00,0.968,0.99,0.967,0.984,2331605.36,2025-12-02 10:59:59.999,2284042.44347000,4703,1316748.31000000,1290174.30288000,0
2025-12-02 11:00:00,0.985,0.987,0.976,0.979,1673176.23,2025-12-02 11:59:59.999,1640615.75913000,4086,801952.31000000,786468.49145000,0
2025-12-02 12:00:00,0.98,0.984,0.977,0.977,1343846.07,2025-12-02 12:59:59.999,1316682.01133000,3593,774310.36000000,758753.09346000,0
2025-12-02 13:00:00,0.978,0.986,0.972,0.977,2581842.32,2025-12-02 13:59:59.999,2529996.96737000,7310,1506432.97000000,1476847.92968000,0
2025-12-02 14:00:00,0.978,1.016,0.974,1.012,10899491.13,2025-12-02 14:59:59.999,10890406.87617000,29209,6039149.53000000,6034034.61123000,0
2025-12-02 15:00:00,1.011,1.039,1.007,1.029,15827809.05,2025-12-02 15:59:59.999,16141637.65302000,34078,8774250.48000000,8955276.08881000,0
2025-12-02 16:00:00,1.028,1.035,1.0,1.009,8927075.34,2025-12-02 16:59:59.999,9062796.83727000,19028,4226445.16000000,4296498.39354000,0
2025-12-02 17:00:00,1.008,1.019,1.004,1.006,4780716.31,2025-12-02 17:59:59.999,4838096.44000000,9967,2365671.68000000,2393891.27114000,0
2025-12-02 18:00:00,1.006,1.021,1.005,1.018,2066447.43,2025-12-02 18:59:59.999,2094564.81661000,5694,1191859.67000000,1208241.33725000,0
2025-12-02 19:00:00,1.017,1.022,1.007,1.014,2315706.22,2025-12-02 19:59:59.999,2350922.53353000,5347,1295671.55000000,1316195.37638000,0
2025-12-02 20:00:00,1.014,1.016,0.995,1.003,2976048.54,2025-12-02 20:59:59.999,2986529.69476000,6161,1335103.45000000,1340642.97144000,0
2025-12-02 21:00:00,1.003,1.015,1.002,1.013,1087090.76,2025-12-02 21:59:59.999,1098119.14326000,3440,657102.75000000,664088.91594000,0
2025-12-02 22:00:00,1.014,1.022,1.012,1.021,1263355.21,2025-12-02 22:59:59.999,1285214.35834000,3910,650288.99000000,661988.71241000,0
2025-12-02 23:00:00,1.021,1.025,1.011,1.011,1984490.94,2025-12-02 23:59:59.999,2021360.28543000,4728,903665.72000000,921123.54167000,0
2025-12-03 00:00:00,1.011,1.026,1.006,1.026,2890188.01,2025-12-03 00:59:59.999,2935096.27209000,5530,1567859.75000000,1592229.04425000,0
2025-12-03 01:00:00,1.025,1.027,1.019,1.021,1791454.23,2025-12-03 01:59:59.999,1833372.29149000,4499,1023543.65000000,1047834.83601000,0
2025-12-03 02:00:00,1.021,1.046,1.02,1.041,4600882.14,2025-12-03 02:59:59.999,4763501.92548000,8791,2632461.09000000,2725405.79346000,0
2025-12-03 03:00:00,1.04,1.053,1.037,1.05,3512555.34,2025-12-03 03:59:59.999,3678572.99720000,6881,1946183.51000000,2037942.48675000,0
2025-12-03 04:00:00,1.049,1.074,1.047,1.069,4838105.85,2025-12-03 04:59:59.999,5141628.11415000,11978,2509030.09000000,2666241.23028000,0
2025-12-03 05:00:00,1.07,1.073,1.056,1.063,3548062.93,2025-12-03 05:59:59.999,3772243.33144000,7677,1613690.30000000,1715973.33877000,0
2025-12-03 06:00:00,1.063,1.086,1.053,1.07,8175987.94,2025-12-03 06:59:59.999,8771749.65971000,16929,4282935.77000000,4597348.71672000,0
2025-12-03 07:00:00,1.07,1.076,1.062,1.074,2891005.49,2025-12-03 07:59:59.999,3088725.85454000,8294,1597093.40000000,1706845.28345000,0
2025-12-03 08:00:00,1.074,1.078,1.055,1.059,3399308.29,2025-12-03 08:59:59.999,3631870.89661000,7206,1427163.37000000,1525413.31810000,0
2025-12-03 09:00:00,1.06,1.066,1.046,1.061,3352263.84,2025-12-03 09:59:59.999,3543542.63845000,7858,1331878.03000000,1409665.53588000,0
2025-12-03 10:00:00,1.061,1.072,1.059,1.064,1891121.49,2025-12-03 10:59:59.999,2014324.03253000,4938,997881.54000000,1063920.12769000,0
2025-12-03 11:00:00,1.065,1.071,1.057,1.07,1973751.21,2025-12-03 11:59:59.999,2098034.76507000,4899,1194233.22000000,1270137.94602000,0
2025-12-03 12:00:00,1.069,1.076,1.066,1.075,2853396.55,2025-12-03 12:59:59.999,3056555.76843000,6752,1621013.85000000,1736640.30102000,0
2025-12-03 13:00:00,1.075,1.084,1.071,1.075,2323086.5,2025-12-03 13:59:59.999,2504071.74518000,5772,1190367.46000000,1283580.42482000,0
2025-12-03 14:00:00,1.075,1.076,1.038,1.055,11559526.64,2025-12-03 14:59:59.999,12215833.20085000,26040,4460100.89000000,4714442.75655000,0
2025-12-03 15:00:00,1.055,1.066,1.046,1.047,5366727.74,2025-12-03 15:59:59.999,5657922.39046000,12178,2184076.26000000,2303353.53233000,0
2025-12-03 16:00:00,1.048,1.055,1.035,1.052,3797244.19,2025-12-03 16:59:59.999,3966873.44138000,8800,1798702.27000000,1879778.09939000,0
2025-12-03 17:00:00,1.051,1.066,1.048,1.065,2441379.82,2025-12-03 17:59:59.999,2580544.20525000,6642,1216176.63000000,1285443.19050000,0
2025-12-03 18:00:00,1.065,1.07,1.051,1.054,1741695.87,2025-12-03 18:59:59.999,1847356.88014000,5892,946423.57000000,1004507.22737000,0
2025-12-03 19:00:00,1.054,1.058,1.05,1.054,831607.3,2025-12-03 19:59:59.999,877023.13513000,2692,461500.31000000,486928.23251000,0
2025-12-03 20:00:00,1.055,1.066,1.049,1.057,2614894.84,2025-12-03 20:59:59.999,2763561.28709000,6776,1390978.37000000,1470953.23219000,0
2025-12-03 21:00:00,1.058,1.071,1.056,1.068,3018906.64,2025-12-03 21:59:59.999,3209294.52028000,6173,1469140.90000000,1562452.10058000,0
2025-12-03 22:00:00,1.068,1.074,1.06,1.071,2871697.51,2025-12-03 22:59:59.999,3065269.25385000,7116,1359174.17000000,1451004.11223000,0
2025-12-03 23:00:00,1.072,1.078,1.064,1.065,1761386.82,2025-12-03 23:59:59.999,1885187.37947000,4656,933353.82000000,999087.00315000,0
2025-12-04 00:00:00,1.064,1.072,1.053,1.061,3071071.83,2025-12-04 00:59:59.999,3259581.90064000,6157,1455861.87000000,1546082.74573000,0
2025-12-04 01:00:00,1.06,1.08,1.059,1.07,3458974.24,2025-12-04 01:59:59.999,3708063.61785000,7701,2027808.42000000,2174895.66936000,0
2025-12-04 02:00:00,1.07,1.08,1.067,1.078,2321669.0,2025-12-04 02:59:59.999,2495996.18125000,5042,1221656.84000000,1313700.18492000,0
2025-12-04 03:00:00,1.078,1.083,1.067,1.073,1913262.13,2025-12-04 03:59:59.999,2057070.02395000,4935,906011.11000000,974591.08903000,0
2025-12-04 04:00:00,1.073,1.079,1.061,1.062,2062075.0,2025-12-04 04:59:59.999,2200825.51054000,5139,740521.82000000,790227.06576000,0
2025-12-04 05:00:00,1.062,1.065,1.055,1.059,1933888.44,2025-12-04 05:59:59.999,2048613.26326000,4236,880217.47000000,932653.27467000,0
2025-12-04 06:00:00,1.06,1.065,1.05,1.054,2133674.1,2025-12-04 06:59:59.999,2255264.00426000,4608,911248.59000000,963689.33877000,0
2025-12-04 07:00:00,1.054,1.055,1.043,1.054,2527009.53,2025-12-04 07:59:59.999,2650488.46476000,5480,1261549.70000000,1323639.83840000,0
2025-12-04 08:00:00,1.053,1.058,1.041,1.047,3066467.0,2025-12-04 08:59:59.999,3213773.86125000,5943,1626489.54000000,1705524.67305000,0
2025-12-04 09:00:00,1.048,1.053,1.046,1.049,1546893.16,2025-12-04 09:59:59.999,1623021.66963000,3561,722472.90000000,758189.85691000,0
2025-12-04 10:00:00,1.048,1.05,1.044,1.047,2140179.02,2025-12-04 10:59:59.999,2240083.40208000,6902,841106.61000000,880675.42696000,0
2025-12-04 11:00:00,1.047,1.047,1.039,1.045,2033818.6,2025-12-04 11:59:59.999,2123262.01910000,5024,801903.73000000,837439.21062000,0
2025-12-04 12:00:00,1.045,1.056,1.042,1.049,1668379.02,2025-12-04 12:59:59.999,1748942.95179000,4048,964102.79000000,1010632.18664000,0
2025-12-04 13:00:00,1.048,1.052,1.036,1.043,2776184.43,2025-12-04 13:59:59.999,2899089.63041000,7318,1449873.10000000,1515194.91030000,0
2025-12-04 14:00:00,1.043,1.048,1.027,1.034,3368079.23,2025-12-04 14:59:59.999,3499429.57617000,9240,1715450.30000000,1784465.59912000,0
2025-12-04 15:00:00,1.034,1.058,1.034,1.053,2848045.85,2025-12-04 15:59:59.999,2983274.41289000,8548,1497490.15000000,1569488.16643000,0
2025-12-04 16:00:00,1.054,1.058,1.043,1.047,2505316.42,2025-12-04 16:59:59.999,2633291.40795000,6382,1310197.97000000,1376817.70053000,0
2025-12-04 17:00:00,1.047,1.051,1.037,1.051,1633636.43,2025-12-04 17:59:59.999,1704312.21222000,4988,843567.67000000,880580.57866000,0
2025-12-04 18:00:00,1.051,1.061,1.046,1.05,2667314.07,2025-12-04 18:59:59.999,2808342.65260000,6169,1657973.56000000,1746119.72834000,0
2025-12-04 19:00:00,1.05,1.052,1.028,1.041,3710779.23,2025-12-04 19:59:59.999,3854243.48947000,11058,1629237.48000000,1691734.13315000,0
2025-12-04 20:00:00,1.042,1.05,1.037,1.047,1505851.51,2025-12-04 20:59:59.999,1570497.94251000,5470,862370.70000000,899349.24097000,0
2025-12-04 21:00:00,1.047,1.053,1.038,1.039,761023.44,2025-12-04 21:59:59.999,795521.41556000,3288,404445.93000000,422730.54554000,0
2025-12-04 22:00:00,1.039,1.06,1.037,1.04,2743948.66,2025-12-04 22:59:59.999,2867867.96998000,5295,1911712.27000000,2000051.60160000,0
2025-12-04 23:00:00,1.039,1.039,1.021,1.024,1905494.84,2025-12-04 23:59:59.999,1958677.06395000,4494,783671.73000000,806323.63200000,0
2025-12-05 00:00:00,1.024,1.055,1.024,1.047,6136804.45,2025-12-05 00:59:59.999,6372256.54052000,14863,3176888.14000000,3298424.57315000,0
2025-12-05 01:00:00,1.047,1.062,1.045,1.051,2847094.85,2025-12-05 01:59:59.999,2999385.59003000,6623,1570327.29000000,1654586.08234000,0
2025-12-05 02:00:00,1.051,1.06,1.048,1.059,1911658.82,2025-12-05 02:59:59.999,2016465.98697000,4715,1018625.31000000,1074664.04337000,0
2025-12-05 03:00:00,1.059,1.06,1.041,1.044,1862262.78,2025-12-05 03:59:59.999,1953834.76712000,4354,796288.67000000,835936.85663000,0
2025-12-05 04:00:00,1.044,1.047,1.031,1.034,2413845.24,2025-12-05 04:59:59.999,2502168.26174000,6231,1155405.05000000,1198326.00516000,0
2025-12-05 05:00:00,1.034,1.042,1.031,1.041,1292667.03,2025-12-05 05:59:59.999,1339336.29822000,3650,798443.63000000,827702.31902000,0
2025-12-05 06:00:00,1.042,1.05,1.041,1.044,1461157.12,2025-12-05 06:59:59.999,1526320.95091000,3805,716316.36000000,748139.76395000,0
2025-12-05 07:00:00,1.043,1.049,1.041,1.042,1415250.65,2025-12-05 07:59:59.999,1477658.84434000,2909,658240.57000000,687441.74436000,0
2025-12-05 08:00:00,1.042,1.042,1.031,1.033,1236847.96,2025-12-05 08:59:59.999,1281344.62279000,3326,628850.78000000,651404.53026000,0
2025-12-05 09:00:00,1.033,1.035,1.022,1.024,2253252.59,2025-12-05 09:59:59.999,2313270.02448000,6532,950718.10000000,976155.65359000,0
2025-12-05 10:00:00,1.023,1.032,1.023,1.027,1322057.42,2025-12-05 10:59:59.999,1357938.46585000,2980,782943.48000000,804457.36088000,0
2025-12-05 11:00:00,1.027,1.029,1.012,1.017,2787764.83,2025-12-05 11:59:59.999,2838062.49831000,6067,1344632.99000000,1369934.15605000,0
2025-12-05 12:00:00,1.016,1.024,1.015,1.022,1886775.35,2025-12-05 12:59:59.999,1921317.60207000,3541,1000387.06000000,1019315.13364000,0
2025-12-05 13:00:00,1.021,1.028,1.003,1.006,4847460.0,2025-12-05 13:59:59.999,4908535.27079000,10009,1866011.92000000,1890834.09003000,0
2025-12-05 14:00:00,1.006,1.015,1.003,1.007,4046393.05,2025-12-05 14:59:59.999,4075958.71711000,8243,2283102.93000000,2299934.77000000,0
2025-12-05 15:00:00,1.008,1.031,1.008,1.013,4464081.83,2025-12-05 15:59:59.999,4555034.77706000,12604,2371566.27000000,2421492.36056000,0
2025-12-05 16:00:00,1.012,1.014,0.992,1.009,9092552.13,2025-12-05 16:59:59.999,9114180.56161000,18581,3223890.35000000,3234985.06648000,0
2025-12-05 17:00:00,1.009,1.019,1.007,1.011,3124276.27,2025-12-05 17:59:59.999,3165772.74800000,8928,1463449.46000000,1483226.29765000,0
2025-12-05 18:00:00,1.01,1.02,0.997,1.001,2267673.58,2025-12-05 18:59:59.999,2288714.29922000,7254,1206620.77000000,1219032.00029000,0
2025-12-05 19:00:00,1.001,1.009,0.996,1.005,1904603.87,2025-12-05 19:59:59.999,1908896.06635000,5672,846060.50000000,848824.57900000,0
2025-12-05 20:00:00,1.005,1.006,0.997,1.002,1455878.88,2025-12-05 20:59:59.999,1458099.52109000,3143,501340.42000000,502150.79439000,0
2025-12-05 21:00:00,1.003,1.007,0.999,1.003,600368.16,2025-12-05 21:59:59.999,602739.63691000,2310,265315.52000000,266488.79247000,0
2025-12-05 22:00:00,1.004,1.014,1.001,1.011,993695.3,2025-12-05 22:59:59.999,1001141.24294000,2794,574438.48000000,578606.42833000,0
2025-12-05 23:00:00,1.011,1.017,1.005,1.014,717404.87,2025-12-05 23:59:59.999,726000.06313000,2209,401673.24000000,406472.86657000,0
2025-12-06 00:00:00,1.015,1.016,1.007,1.012,602632.05,2025-12-06 00:59:59.999,610286.03749000,1725,270343.66000000,273865.39122000,0
2025-12-06 01:00:00,1.012,1.013,1.002,1.005,908384.57,2025-12-06 01:59:59.999,915896.76281000,2280,387976.97000000,391000.49888000,0
2025-12-06 02:00:00,1.005,1.006,0.997,1.003,3615452.49,2025-12-06 02:59:59.999,3616862.21814000,4329,1926033.87000000,1925593.50246000,0
2025-12-06 03:00:00,1.003,1.011,1.002,1.004,887180.87,2025-12-06 03:59:59.999,892587.47743000,2676,550221.01000000,553712.87255000,0
2025-12-06 04:00:00,1.004,1.005,0.999,1.002,994361.77,2025-12-06 04:59:59.999,995595.29229000,2412,377879.55000000,378446.21244000,0
2025-12-06 05:00:00,1.002,1.005,0.998,1.002,763536.18,2025-12-06 05:59:59.999,765040.44974000,2078,456064.28000000,457073.54110000,0
2025-12-06 06:00:00,1.002,1.007,1.0,1.006,551360.3,2025-12-06 06:59:59.999,553349.16313000,1604,282107.47000000,283150.18756000,0
2025-12-06 07:00:00,1.006,1.008,0.999,1.001,837736.26,2025-12-06 07:59:59.999,840406.94268000,2153,391044.19000000,392281.52619000,0
2025-12-06 08:00:00,1.001,1.002,0.981,0.985,3619930.29,2025-12-06 08:59:59.999,3588655.72438000,7123,1940203.08000000,1924323.53610000,0
2025-12-06 09:00:00,0.984,0.997,0.984,0.993,1631486.89,2025-12-06 09:59:59.999,1614976.67660000,3774,903642.80000000,894620.64972000,0
2025-12-06 10:00:00,0.992,0.994,0.975,0.976,3074652.14,2025-12-06 10:59:59.999,3016147.83398000,6331,1230978.78000000,1207434.80529000,0
2025-12-06 11:00:00,0.977,0.982,0.976,0.981,1349450.8,2025-12-06 11:59:59.999,1321881.34709000,2989,717268.03000000,702760.18537000,0
2025-12-06 12:00:00,0.982,0.984,0.976,0.977,1121496.03,2025-12-06 12:59:59.999,1100142.77172000,2623,468011.43000000,459373.61292000,0
2025-12-06 13:00:00,0.978,0.986,0.977,0.983,1078133.59,2025-12-06 13:59:59.999,1059681.35908000,2763,589082.06000000,579110.97922000,0
2025-12-06 14:00:00,0.983,0.999,0.982,0.989,2334699.87,2025-12-06 14:59:59.999,2317751.48128000,5790,1269291.54000000,1260238.51523000,0
2025-12-06 15:00:00,0.99,0.991,0.977,0.981,1888292.64,2025-12-06 15:59:59.999,1853945.26430000,5230,994645.99000000,976642.68641000,0
2025-12-06 16:00:00,0.98,0.987,0.978,0.979,1736397.81,2025-12-06 16:59:59.999,1706773.35752000,4428,1008487.46000000,991524.88895000,0
2025-12-06 17:00:00,0.979,0.987,0.978,0.985,1104065.97,2025-12-06 17:59:59.999,1083904.28278000,2429,680803.83000000,668531.63701000,0
2025-12-06 18:00:00,0.985,0.987,0.979,0.982,757829.67,2025-12-06 18:59:59.999,745831.06935000,1929,385664.55000000,379534.63943000,0
2025-12-06 19:00:00,0.982,0.984,0.975,0.978,1646250.5,2025-12-06 19:59:59.999,1611831.82607000,3142,670753.36000000,657076.85360000,0
2025-12-06 20:00:00,0.978,0.984,0.976,0.981,969711.94,2025-12-06 20:59:59.999,949869.61029000,2143,459977.89000000,450703.62433000,0
2025-12-06 21:00:00,0.98,0.986,0.969,0.974,2031847.86,2025-12-06 21:59:59.999,1986759.97520000,4346,832061.89000000,814232.22345000,0
2025-12-06 22:00:00,0.974,0.979,0.97,0.974,940205.98,2025-12-06 22:59:59.999,915919.48975000,2158,441070.53000000,429831.84485000,0
2025-12-06 23:00:00,0.974,0.975,0.963,0.974,1703880.89,2025-12-06 23:59:59.999,1651600.74215000,3617,775035.91000000,751765.97048000,0
2025-12-07 00:00:00,0.973,0.983,0.972,0.982,1016468.07,2025-12-07 00:59:59.999,993725.82138000,2859,624432.30000000,610677.60804000,0
2025-12-07 01:00:00,0.982,0.984,0.976,0.976,1058094.36,2025-12-07 01:59:59.999,1037548.49865000,2337,506921.64000000,497406.62322000,0
2025-12-07 02:00:00,0.977,0.984,0.976,0.983,1196733.31,2025-12-07 02:59:59.999,1173008.21905000,2436,804572.46000000,788635.00284000,0
2025-12-07 03:00:00,0.983,0.985,0.979,0.983,802742.33,2025-12-07 03:59:59.999,788399.87485000,1664,524627.33000000,515309.33460000,0
2025-12-07 04:00:00,0.983,0.986,0.981,0.985,908243.44,2025-12-07 04:59:59.999,893519.69875000,1856,662947.52000000,652237.51045000,0
2025-12-07 05:00:00,0.985,0.985,0.977,0.98,721478.16,2025-12-07 05:59:59.999,707266.36327000,1666,384641.14000000,377276.52525000,0
2025-12-07 06:00:00,0.979,0.984,0.977,0.983,624486.4,2025-12-07 06:59:59.999,612483.41815000,1259,364853.67000000,357861.26093000,0
2025-12-07 07:00:00,0.982,0.984,0.967,0.973,1651560.79,2025-12-07 07:59:59.999,1608754.49287000,3261,801874.00000000,781219.38655000,0
2025-12-07 08:00:00,0.972,0.974,0.965,0.967,2195946.83,2025-12-07 08:59:59.999,2129959.58919000,3799,1159833.86000000,1125856.97734000,0
2025-12-07 09:00:00,0.967,0.969,0.934,0.935,6096894.33,2025-12-07 09:59:59.999,5796876.68885000,10173,2475028.83000000,2354091.75383000,0
2025-12-07 10:00:00,0.936,0.943,0.932,0.939,4187195.69,2025-12-07 10:59:59.999,3923557.09371000,6848,1664135.70000000,1560995.25059000,0
2025-12-07 11:00:00,0.939,0.949,0.938,0.941,1813637.84,2025-12-07 11:59:59.999,1713543.94774000,3619,1205000.11000000,1138503.67070000,0
2025-12-07 12:00:00,0.942,0.954,0.941,0.952,1089043.05,2025-12-07 12:59:59.999,1033248.44224000,2931,707556.73000000,671192.53647000,0
2025-12-07 13:00:00,0.953,0.955,0.936,0.94,2307754.51,2025-12-07 13:59:59.999,2174444.80331000,6172,1219977.69000000,1149355.91107000,0
2025-12-07 14:00:00,0.94,0.942,0.907,0.919,13543261.09,2025-12-07 14:59:59.999,12468843.18873000,24896,5514304.61000000,5075512.92501000,0
2025-12-07 15:00:00,0.919,0.928,0.906,0.923,12789450.94,2025-12-07 15:59:59.999,11709850.17135000,19764,7839067.81000000,7176790.59610000,0
2025-12-07 16:00:00,0.923,0.931,0.918,0.931,4213025.86,2025-12-07 16:59:59.999,3890961.34200000,8623,2282796.04000000,2109070.21405000,0
2025-12-07 17:00:00,0.932,0.951,0.927,0.949,6549254.7,2025-12-07 17:59:59.999,6167916.55358000,12482,3957259.71000000,3727830.25077000,0
2025-12-07 18:00:00,0.948,0.959,0.946,0.949,4247329.13,2025-12-07 18:59:59.999,4050023.16910000,10168,2207460.51000000,2105450.09671000,0
2025-12-07 19:00:00,0.949,0.957,0.944,0.956,2121952.24,2025-12-07 19:59:59.999,2017295.90636000,4316,974949.14000000,927217.67790000,0
2025-12-07 20:00:00,0.956,0.957,0.951,0.955,824827.52,2025-12-07 20:59:59.999,787068.61607000,2215,474797.48000000,453115.92047000,0
2025-12-07 21:00:00,0.955,0.955,0.927,0.931,2451273.23,2025-12-07 21:59:59.999,2306429.85130000,6327,1040296.93000000,979587.75480000,0
2025-12-07 22:00:00,0.931,0.931,0.895,0.915,9428519.76,2025-12-07 22:59:59.999,8589809.20290000,20640,4405140.08000000,4018647.01465000,0
2025-12-07 23:00:00,0.915,0.917,0.908,0.914,2451742.81,2025-12-07 23:59:59.999,2236279.82651000,5756,1124362.56000000,1025456.74613000,0
2025-12-08 00:00:00,0.913,0.924,0.909,0.914,4798256.12,2025-12-08 00:59:59.999,4395588.74756000,6850,2308602.47000000,2118716.63065000,0
2025-12-08 01:00:00,0.914,0.951,0.912,0.937,3864593.24,2025-12-08 01:59:59.999,3626182.00758000,9777,2011976.98000000,1887146.02827000,0
2025-12-08 02:00:00,0.938,0.944,0.93,0.942,2342603.85,2025-12-08 02:59:59.999,2195371.62494000,5290,1043407.25000000,978711.91389000,0
2025-12-08 03:00:00,0.941,0.968,0.941,0.959,7011000.71,2025-12-08 03:59:59.999,6693176.60295000,12077,3390310.06000000,3235709.74570000,0
2025-12-08 04:00:00,0.96,0.974,0.957,0.963,5000610.47,2025-12-08 04:59:59.999,4830809.19136000,9035,2675953.85000000,2585713.83465000,0
2025-12-08 05:00:00,0.963,0.967,0.954,0.958,2526999.42,2025-12-08 05:59:59.999,2425558.54714000,5758,1217394.20000000,1168912.12234000,0
2025-12-08 06:00:00,0.959,0.966,0.958,0.96,1936289.04,2025-12-08 06:59:59.999,1863464.01014000,4430,1207892.38000000,1162604.98739000,0
2025-12-08 07:00:00,0.96,0.965,0.958,0.962,2316483.67,2025-12-08 07:59:59.999,2227014.55167000,4708,1257333.32000000,1208961.92895000,0
2025-12-08 08:00:00,0.962,0.975,0.959,0.974,1710896.41,2025-12-08 08:59:59.999,1653039.38181000,4329,1068135.79000000,1032208.27354000,0
2025-12-08 09:00:00,0.973,0.983,0.973,0.975,3646753.8,2025-12-08 09:59:59.999,3563397.02569000,8595,1899913.94000000,1856653.34874000,0
2025-12-08 10:00:00,0.975,0.981,0.971,0.979,1649299.36,2025-12-08 10:59:59.999,1611129.76649000,3963,984507.23000000,962390.87955000,0
2025-12-08 11:00:00,0.979,0.981,0.967,0.968,2682239.73,2025-12-08 11:59:59.999,2612258.84610000,5065,1094806.59000000,1066188.09548000,0
2025-12-08 12:00:00,0.969,0.97,0.96,0.968,1900286.7,2025-12-08 12:59:59.999,1832877.86924000,4340,894671.28000000,863094.29748000,0
2025-12-08 13:00:00,0.968,0.975,0.959,0.959,3575415.11,2025-12-08 13:59:59.999,3459612.10811000,5728,2350001.28000000,2275974.42726000,0
2025-12-08 14:00:00,0.959,0.967,0.947,0.948,4877152.15,2025-12-08 14:59:59.999,4673136.17948000,11580,2112637.02000000,2026444.52571000,0
2025-12-08 15:00:00,0.948,0.955,0.938,0.95,4566084.64,2025-12-08 15:59:59.999,4325044.87161000,11624,2341264.04000000,2218272.23096000,0
2025-12-08 16:00:00,0.95,0.965,0.945,0.955,2565922.49,2025-12-08 16:59:59.999,2451439.67103000,6763,1423412.35000000,1361331.59814000,0
2025-12-08 17:00:00,0.954,0.962,0.945,0.953,2161443.91,2025-12-08 17:59:59.999,2059043.44452000,5343,1108377.16000000,1055804.35589000,0
2025-12-08 18:00:00,0.953,0.963,0.945,0.951,1982039.86,2025-12-08 18:59:59.999,1893605.64297000,5060,1085901.86000000,1037478.39710000,0
2025-12-08 19:00:00,0.952,0.955,0.946,0.951,2130810.25,2025-12-08 19:59:59.999,2026747.64632000,4454,1139329.31000000,1083954.61012000,0
2025-12-08 20:00:00,0.951,0.96,0.95,0.956,1346680.96,2025-12-08 20:59:59.999,1286102.31057000,3474,745933.52000000,712334.63067000,0
2025-12-08 21:00:00,0.956,0.961,0.952,0.957,1646908.37,2025-12-08 21:59:59.999,1574917.27184000,3847,767336.37000000,734219.66858000,0
2025-12-08 22:00:00,0.957,0.958,0.946,0.947,967433.1,2025-12-08 22:59:59.999,919496.43129000,2532,400448.52000000,380676.84826000,0
2025-12-08 23:00:00,0.948,0.952,0.943,0.947,1500277.72,2025-12-08 23:59:59.999,1420624.66166000,3365,733848.80000000,695026.00919000,0
2025-12-09 00:00:00,0.947,0.953,0.942,0.945,1037140.45,2025-12-09 00:59:59.999,983822.92293000,2643,643285.60000000,610239.73274000,0
2025-12-09 01:00:00,0.945,0.946,0.931,0.936,2234372.89,2025-12-09 01:59:59.999,2093245.88078000,5212,774664.28000000,726385.13742000,0
2025-12-09 02:00:00,0.936,0.944,0.935,0.937,1202460.54,2025-12-09 02:59:59.999,1129500.73664000,3996,619881.27000000,582321.89374000,0
2025-12-09 03:00:00,0.937,0.945,0.934,0.943,2089294.32,2025-12-09 03:59:59.999,1963780.73015000,5645,968814.19000000,911285.25070000,0
2025-12-09 04:00:00,0.944,0.944,0.927,0.93,2676357.42,2025-12-09 04:59:59.999,2497698.46612000,5587,1220957.85000000,1139155.20559000,0
2025-12-09 05:00:00,0.929,0.936,0.926,0.932,1538165.77,2025-12-09 05:59:59.999,1433637.19809000,3543,723014.03000000,674086.26756000,0
2025-12-09 06:00:00,0.931,0.935,0.924,0.931,1367823.36,2025-12-09 06:59:59.999,1271195.93285000,3281,605950.93000000,563223.27341000,0
2025-12-09 07:00:00,0.93,0.937,0.927,0.936,1465578.22,2025-12-09 07:59:59.999,1365083.57356000,2860,869431.23000000,809752.99009000,0
2025-12-09 08:00:00,0.935,0.95,0.933,0.942,3679841.0,2025-12-09 08:59:59.999,3461466.18535000,6356,1731325.77000000,1628026.83051000,0
2025-12-09 09:00:00,0.942,0.942,0.934,0.936,980758.46,2025-12-09 09:59:59.999,919589.92512000,2794,489942.24000000,459412.26501000,0
2025-12-09 10:00:00,0.937,0.939,0.928,0.935,1297802.18,2025-12-09 10:59:59.999,1211535.19185000,3582,706795.66000000,659891.52031000,0
2025-12-09 11:00:00,0.935,0.938,0.933,0.937,1104317.65,2025-12-09 11:59:59.999,1032967.35773000,2400,505074.58000000,472459.61203000,0
2025-12-09 12:00:00,0.936,0.945,0.934,0.944,1539034.9,2025-12-09 12:59:59.999,1447125.85477000,3388,933872.86000000,878562.12282000,0
2025-12-09 13:00:00,0.944,0.946,0.931,0.935,2214929.67,2025-12-09 13:59:59.999,2079913.50208000,4716,1064519.35000000,999774.61238000,0
2025-12-09 14:00:00,0.935,0.939,0.927,0.932,2343896.94,2025-12-09 14:59:59.999,2184674.24383000,7150,1298072.57000000,1209987.21735000,0
2025-12-09 15:00:00,0.933,0.968,0.931,0.962,7930681.21,2025-12-09 15:59:59.999,7565670.32422000,17432,4415958.28000000,4210933.27997000,0
2025-12-09 16:00:00,0.962,0.975,0.961,0.969,10141780.26,2025-12-09 16:59:59.999,9816282.63564000,17404,5403469.18000000,5232297.21038000,0
2025-12-09 17:00:00,0.97,0.977,0.959,0.965,5621467.81,2025-12-09 17:59:59.999,5436399.86484000,9397,2508908.01000000,2427501.82577000,0
2025-12-09 18:00:00,0.965,0.968,0.958,0.961,3266097.57,2025-12-09 18:59:59.999,3145158.84846000,4781,1750382.02000000,1685734.88366000,0
2025-12-09 19:00:00,0.961,0.963,0.952,0.959,1861703.12,2025-12-09 19:59:59.999,1783929.43147000,3733,880583.36000000,843791.14832000,0
2025-12-09 20:00:00,0.959,0.96,0.947,0.956,2882343.36,2025-12-09 20:59:59.999,2747404.85648000,6541,1436432.49000000,1369672.94545000,0
2025-12-09 21:00:00,0.957,0.972,0.954,0.971,4610540.68,2025-12-09 21:59:59.999,4445767.02510000,10142,2908060.43000000,2804403.39145000,0
2025-12-09 22:00:00,0.971,0.99,0.968,0.975,5697030.26,2025-12-09 22:59:59.999,5580406.38836000,9484,3416515.76000000,3345081.81437000,0
2025-12-09 23:00:00,0.974,0.978,0.964,0.965,1938885.22,2025-12-09 23:59:59.999,1883842.70269000,4657,879640.35000000,854854.84142000,0
2025-12-10 00:00:00,0.964,0.969,0.951,0.952,2342370.42,2025-12-10 00:59:59.999,2244233.28570000,5342,931739.59000000,892721.83834000,0
2025-12-10 01:00:00,0.952,0.958,0.949,0.956,1566811.1,2025-12-10 01:59:59.999,1494284.51346000,3943,814520.23000000,777230.11484000,0
2025-12-10 02:00:00,0.956,0.961,0.952,0.959,1249367.63,2025-12-10 02:59:59.999,1195416.64139000,3309,580081.35000000,555234.92354000,0
2025-12-10 03:00:00,0.959,0.96,0.955,0.955,1253629.0,2025-12-10 03:59:59.999,1199675.97110000,2761,696636.27000000,666736.50540000,0
2025-12-10 04:00:00,0.954,0.959,0.95,0.954,1244462.89,2025-12-10 04:59:59.999,1186447.06919000,3576,689716.73000000,657872.97066000,0
2025-12-10 05:00:00,0.953,0.968,0.953,0.963,2251081.48,2025-12-10 05:59:59.999,2163013.13995000,4167,1000938.64000000,961554.19516000,0
2025-12-10 06:00:00,0.964,0.967,0.959,0.962,1303225.87,2025-12-10 06:59:59.999,1255151.42110000,3219,787535.57000000,758640.15829000,0
2025-12-10 07:00:00,0.962,0.966,0.955,0.966,1602529.91,2025-12-10 07:59:59.999,1536586.15186000,3890,902219.73000000,865278.78972000,0
2025-12-10 08:00:00,0.966,0.977,0.96,0.961,2791653.58,2025-12-10 08:59:59.999,2706412.22117000,6123,1363522.43000000,1322703.86797000,0
2025-12-10 09:00:00,0.96,0.97,0.956,0.967,2276075.01,2025-12-10 09:59:59.999,2191935.67283000,4467,1386386.62000000,1335424.19216000,0
2025-12-10 10:00:00,0.967,0.972,0.949,0.955,4071981.22,2025-12-10 10:59:59.999,3911462.60254000,7444,2411624.95000000,2317032.81399000,0
2025-12-10 11:00:00,0.954,0.958,0.944,0.951,2104132.44,2025-12-10 11:59:59.999,2002089.17176000,4880,1075573.75000000,1023798.22856000,0
2025-12-10 12:00:00,0.95,0.954,0.944,0.95,2092555.62,2025-12-10 12:59:59.999,1986731.66642000,3906,1434704.98000000,1362336.55934000,0
2025-12-10 13:00:00,0.95,0.959,0.948,0.957,2633875.15,2025-12-10 13:59:59.999,2515572.19695000,4023,1026727.29000000,980615.06652000,0
2025-12-10 14:00:00,0.957,0.965,0.953,0.964,2376803.58,2025-12-10 14:59:59.999,2276524.30784000,5915,1044767.49000000,1001280.61329000,0
2025-12-10 15:00:00,0.965,0.969,0.954,0.961,2808914.4,2025-12-10 15:59:59.999,2696621.72273000,6409,1236975.91000000,1189045.40721000,0
2025-12-10 16:00:00,0.961,0.97,0.958,0.964,1451969.58,2025-12-10 16:59:59.999,1400848.55060000,4614,799427.09000000,771548.51900000,0
2025-12-10 17:00:00,0.965,0.975,0.963,0.971,2012279.86,2025-12-10 17:59:59.999,1950976.49797000,5521,1056289.85000000,1024524.55622000,0
2025-12-10 18:00:00,0.971,0.985,0.967,0.972,4572470.61,2025-12-10 18:59:59.999,4448709.16917000,10508,2405450.98000000,2342115.12755000,0
2025-12-10 19:00:00,0.972,0.985,0.952,0.969,10801302.61,2025-12-10 19:59:59.999,10451749.94734000,27536,5227157.69000000,5061820.03376000,0
2025-12-10 20:00:00,0.97,0.986,0.954,0.957,8034432.68,2025-12-10 20:59:59.999,7791229.42815000,17997,3686139.19000000,3579550.27717000,0
2025-12-10 21:00:00,0.956,0.96,0.948,0.952,6069976.9,2025-12-10 21:59:59.999,5790147.29995000,10375,3881834.69000000,3705784.26816000,0
2025-12-10 22:00:00,0.951,0.96,0.949,0.956,2346447.53,2025-12-10 22:59:59.999,2239023.67621000,5121,1147010.44000000,1094630.91474000,0
2025-12-10 23:00:00,0.955,0.958,0.949,0.951,2298687.08,2025-12-10 23:59:59.999,2191753.92884000,3726,1313806.91000000,1252652.40346000,0
2025-12-11 00:00:00,0.952,0.955,0.932,0.937,3516507.53,2025-12-11 00:59:59.999,3310401.90216000,6643,1627695.01000000,1534260.13321000,0
2025-12-11 01:00:00,0.936,0.938,0.924,0.928,3603457.43,2025-12-11 01:59:59.999,3356503.55650000,7537,1640902.38000000,1528831.29505000,0
2025-12-11 02:00:00,0.927,0.928,0.914,0.924,4359972.53,2025-12-11 02:59:59.999,4010512.64533000,7974,1699482.34000000,1564555.61061000,0
2025-12-11 03:00:00,0.924,0.925,0.914,0.92,3362183.4,2025-12-11 03:59:59.999,3093654.87515000,6584,1810051.26000000,1665972.44941000,0
2025-12-11 04:00:00,0.92,0.932,0.917,0.931,2431805.61,2025-12-11 04:59:59.999,2250875.18515000,4806,1127973.40000000,1043966.36667000,0
2025-12-11 05:00:00,0.93,0.935,0.927,0.933,1466064.17,2025-12-11 05:59:59.999,1363990.30256000,3059,867860.08000000,807617.50984000,0
2025-12-11 06:00:00,0.933,0.933,0.922,0.923,1343600.23,2025-12-11 06:59:59.999,1246318.08665000,2941,580865.75000000,538983.12421000,0
2025-12-11 07:00:00,0.923,0.926,0.919,0.922,1305802.24,2025-12-11 07:59:59.999,1204944.10460000,2539,638555.50000000,589296.32718000,0
2025-12-11 08:00:00,0.922,0.928,0.919,0.927,1784632.91,2025-12-11 08:59:59.999,1645907.33666000,3098,851331.57000000,785517.98778000,0
2025-12-11 09:00:00,0.927,0.932,0.925,0.926,1720045.22,2025-12-11 09:59:59.999,1597099.84868000,2973,884105.63000000,820859.78317000,0
2025-12-11 10:00:00,0.927,0.931,0.923,0.927,803299.05,2025-12-11 10:59:59.999,744975.64355000,1866,456303.76000000,423302.31353000,0
2025-12-11 11:00:00,0.928,0.933,0.927,0.927,851931.0,2025-12-11 11:59:59.999,791505.15471000,1753,427151.61000000,396962.07558000,0
2025-12-11 12:00:00,0.927,0.938,0.926,0.934,2295614.55,2025-12-11 12:59:59.999,2143409.34007000,3414,1339708.96000000,1250533.59806000,0
2025-12-11 13:00:00,0.934,0.938,0.93,0.938,1762575.07,2025-12-11 13:59:59.999,1646553.83399000,3309,971572.66000000,907661.58200000,0
2025-12-11 14:00:00,0.938,0.941,0.924,0.929,3392315.29,2025-12-11 14:59:59.999,3166924.43424000,7527,1786397.39000000,1668487.30266000,0
2025-12-11 15:00:00,0.929,0.938,0.925,0.932,2758145.45,2025-12-11 15:59:59.999,2569460.13924000,6490,1414350.42000000,1317691.35423000,0
2025-12-11 16:00:00,0.931,0.932,0.923,0.928,1366736.61,2025-12-11 16:59:59.999,1267092.62054000,4080,643051.69000000,596273.49935000,0
2025-12-11 17:00:00,0.928,0.934,0.924,0.931,857705.72,2025-12-11 17:59:59.999,797197.05398000,2528,430147.80000000,399897.15029000,0
2025-12-11 18:00:00,0.93,0.941,0.929,0.935,1221511.71,2025-12-11 18:59:59.999,1143208.35019000,3355,629823.37000000,589469.46034000,0
2025-12-11 19:00:00,0.935,0.941,0.931,0.935,1199311.36,2025-12-11 19:59:59.999,1123777.56987000,3237,692999.61000000,649275.71950000,0
2025-12-11 20:00:00,0.934,0.941,0.932,0.939,1147914.86,2025-12-11 20:59:59.999,1076209.57918000,2821,549171.38000000,515098.99581000,0
2025-12-11 21:00:00,0.94,0.95,0.939,0.946,1925784.8,2025-12-11 21:59:59.999,1818343.60773000,4706,1037222.71000000,979374.30933000,0
2025-12-11 22:00:00,0.946,0.95,0.938,0.941,2255842.14,2025-12-11 22:59:59.999,2127448.22018000,3734,988535.34000000,932611.30962000,0
2025-12-11 23:00:00,0.942,0.944,0.938,0.939,1070907.73,2025-12-11 23:59:59.999,1008384.84069000,2537,544934.71000000,513349.48789000,0
2025-12-12 00:00:00,0.939,0.944,0.93,0.93,1329810.82,2025-12-12 00:59:59.999,1247451.62487000,3302,646271.29000000,606944.13681000,0
2025-12-12 01:00:00,0.931,0.944,0.93,0.94,1362229.5,2025-12-12 01:59:59.999,1275687.88769000,3247,586675.51000000,549883.70030000,0
2025-12-12 02:00:00,0.94,0.95,0.938,0.949,780092.34,2025-12-12 02:59:59.999,737854.03557000,2088,554928.08000000,524960.24922000,0
2025-12-12 03:00:00,0.949,0.955,0.944,0.951,1440925.04,2025-12-12 03:59:59.999,1367904.86688000,3037,652257.51000000,619652.04188000,0
2025-12-12 04:00:00,0.951,0.96,0.95,0.958,1476024.21,2025-12-12 04:59:59.999,1410107.24270000,3029,721287.85000000,689089.90758000,0
2025-12-12 05:00:00,0.958,0.964,0.951,0.964,1260797.64,2025-12-12 05:59:59.999,1207158.82452000,2947,692929.42000000,663784.33796000,0
2025-12-12 06:00:00,0.964,0.967,0.954,0.957,2883747.41,2025-12-12 06:59:59.999,2766166.36808000,5259,1330426.86000000,1277180.18955000,0
2025-12-12 07:00:00,0.957,0.962,0.953,0.957,1294049.11,2025-12-12 07:59:59.999,1237992.53017000,2909,672232.86000000,643391.36106000,0
2025-12-12 08:00:00,0.958,0.962,0.95,0.952,1362676.62,2025-12-12 08:59:59.999,1300623.13748000,2788,545426.83000000,520843.80163000,0
2025-12-12 09:00:00,0.952,0.963,0.952,0.963,1375095.62,2025-12-12 09:59:59.999,1315325.47447000,2526,863354.19000000,826179.47622000,0
2025-12-12 10:00:00,0.963,0.966,0.956,0.957,1340304.13,2025-12-12 10:59:59.999,1287635.37145000,2679,665361.82000000,638989.53811000,0
2025-12-12 11:00:00,0.958,0.963,0.954,0.962,1254755.44,2025-12-12 11:59:59.999,1201895.31633000,2777,729574.46000000,698982.77981000,0
2025-12-12 12:00:00,0.962,0.962,0.956,0.958,1258641.95,2025-12-12 12:59:59.999,1207570.00831000,2566,616391.94000000,591542.60178000,0
2025-12-12 13:00:00,0.958,0.961,0.954,0.96,1961529.24,2025-12-12 13:59:59.999,1877364.20336000,5568,840175.04000000,804687.29658000,0
2025-12-12 14:00:00,0.96,0.966,0.955,0.961,2148878.88,2025-12-12 14:59:59.999,2064823.42304000,5762,1113659.37000000,1070307.90567000,0
2025-12-12 15:00:00,0.962,0.962,0.926,0.929,6263841.25,2025-12-12 15:59:59.999,5909543.27522000,15260,2686505.08000000,2535610.97822000,0
2025-12-12 16:00:00,0.929,0.939,0.925,0.935,4271644.52,2025-12-12 16:59:59.999,3982878.65020000,11579,1978806.89000000,1845607.78892000,0
2025-12-12 17:00:00,0.934,0.945,0.934,0.938,1702795.72,2025-12-12 17:59:59.999,1598563.62949000,5241,915097.70000000,859088.72773000,0
2025-12-12 18:00:00,0.937,0.942,0.935,0.937,840458.73,2025-12-12 18:59:59.999,788714.02762000,2883,432930.42000000,406324.04210000,0
2025-12-12 19:00:00,0.936,0.936,0.928,0.931,786109.52,2025-12-12 19:59:59.999,732497.82288000,2577,357544.48000000,333305.93535000,0
2025-12-12 20:00:00,0.931,0.936,0.93,0.934,665045.62,2025-12-12 20:59:59.999,620385.71282000,1959,303788.19000000,283370.10765000,0
2025-12-12 21:00:00,0.935,0.939,0.933,0.936,617800.42,2025-12-12 21:59:59.999,578110.35039000,1393,211871.23000000,198379.66524000,0
2025-12-12 22:00:00,0.935,0.943,0.935,0.943,1062848.34,2025-12-12 22:59:59.999,998736.96564000,1769,808540.62000000,759848.27877000,0
2025-12-12 23:00:00,0.944,0.953,0.943,0.95,1322631.4,2025-12-12 23:59:59.999,1253680.26313000,3011,689108.76000000,653447.09661000,0
2025-12-13 00:00:00,0.95,0.961,0.947,0.953,1790223.95,2025-12-13 00:59:59.999,1709432.76844000,3798,1002144.80000000,956821.79262000,0
2025-12-13 01:00:00,0.954,0.959,0.95,0.953,1071547.81,2025-12-13 01:59:59.999,1022033.66486000,2386,505935.78000000,482602.62580000,0
2025-12-13 02:00:00,0.953,0.959,0.952,0.954,1163244.21,2025-12-13 02:59:59.999,1110731.71898000,2633,570575.87000000,544843.19130000,0
2025-12-13 03:00:00,0.954,0.957,0.952,0.953,884358.91,2025-12-13 03:59:59.999,844117.14863000,1962,418624.23000000,399714.06272000,0
2025-12-13 04:00:00,0.953,0.956,0.948,0.95,1342678.11,2025-12-13 04:59:59.999,1277143.69543000,2663,642427.44000000,611462.02812000,0
2025-12-13 05:00:00,0.949,0.952,0.947,0.948,611612.26,2025-12-13 05:59:59.999,580145.58944000,1436,268108.03000000,254475.21104000,0
2025-12-13 06:00:00,0.948,0.95,0.943,0.95,571497.47,2025-12-13 06:59:59.999,541010.88200000,1477,300504.30000000,284523.45242000,0
2025-12-13 07:00:00,0.949,0.952,0.948,0.949,566776.38,2025-12-13 07:59:59.999,538764.90527000,1280,266013.16000000,252904.83800000,0
2025-12-13 08:00:00,0.949,0.956,0.948,0.951,846743.71,2025-12-13 08:59:59.999,806105.36665000,2093,361292.12000000,343939.20287000,0
2025-12-13 09:00:00,0.951,0.952,0.945,0.947,527422.73,2025-12-13 09:59:59.999,500250.91336000,1489,214702.32000000,203706.57557000,0
2025-12-13 10:00:00,0.947,0.956,0.947,0.953,927925.63,2025-12-13 10:59:59.999,884133.27957000,1987,604275.77000000,575742.25693000,0
2025-12-13 11:00:00,0.953,0.957,0.952,0.953,902481.71,2025-12-13 11:59:59.999,861731.72346000,1977,427977.84000000,408751.13497000,0
2025-12-13 12:00:00,0.953,0.956,0.951,0.956,788911.88,2025-12-13 12:59:59.999,752741.66944000,1696,390229.31000000,372348.65574000,0
2025-12-13 13:00:00,0.956,0.975,0.954,0.971,3394158.11,2025-12-13 13:59:59.999,3276454.08688000,7394,2101102.59000000,2027834.50897000,0
2025-12-13 14:00:00,0.972,0.977,0.957,0.957,2932713.32,2025-12-13 14:59:59.999,2830936.10283000,5657,1480354.69000000,1430420.83891000,0
2025-12-13 15:00:00,0.957,0.967,0.955,0.965,2029762.71,2025-12-13 15:59:59.999,1949174.70034000,3662,1101193.85000000,1057448.39392000,0
2025-12-13 16:00:00,0.966,0.972,0.964,0.969,1445880.73,2025-12-13 16:59:59.999,1399907.02521000,3229,787893.38000000,762881.75647000,0
2025-12-13 17:00:00,0.969,0.97,0.956,0.958,1009438.69,2025-12-13 17:59:59.999,970709.55518000,2190,284372.13000000,273382.59737000,0
2025-12-13 18:00:00,0.958,0.962,0.956,0.958,777304.29,2025-12-13 18:59:59.999,745544.59437000,1296,380997.24000000,365507.11940000,0
2025-12-13 19:00:00,0.958,0.96,0.955,0.959,699189.23,2025-12-13 19:59:59.999,669223.36117000,1672,271441.87000000,259968.18834000,0
2025-12-13 20:00:00,0.958,0.96,0.955,0.956,254499.54,2025-12-13 20:59:59.999,243693.50765000,748,108193.17000000,103631.05705000,0
2025-12-13 21:00:00,0.956,0.956,0.947,0.955,923374.85,2025-12-13 21:59:59.999,878919.02528000,2682,325631.27000000,310076.72340000,0
2025-12-13 22:00:00,0.954,0.959,0.954,0.956,651951.7,2025-12-13 22:59:59.999,623902.24731000,1613,401064.88000000,383854.11765000,0
2025-12-13 23:00:00,0.955,0.957,0.953,0.955,644926.07,2025-12-13 23:59:59.999,616082.61869000,1370,344846.29000000,329550.47808000,0
2025-12-14 00:00:00,0.955,0.961,0.954,0.958,520580.63,2025-12-14 00:59:59.999,498736.40155000,1372,292266.80000000,280024.75067000,0
2025-12-14 01:00:00,0.958,0.962,0.957,0.961,562783.21,2025-12-14 01:59:59.999,540127.87513000,1231,288706.55000000,277145.06031000,0
2025-12-14 02:00:00,0.961,0.964,0.959,0.959,707038.09,2025-12-14 02:59:59.999,679662.59460000,1392,330769.13000000,318072.51644000,0
2025-12-14 03:00:00,0.96,0.961,0.957,0.96,474090.26,2025-12-14 03:59:59.999,454839.96350000,1033,240530.19000000,230811.63581000,0
2025-12-14 04:00:00,0.959,0.967,0.958,0.96,1068229.34,2025-12-14 04:59:59.999,1028263.73284000,2166,389175.64000000,374791.19553000,0
2025-12-14 05:00:00,0.96,0.96,0.949,0.952,1729581.13,2025-12-14 05:59:59.999,1648993.95757000,2937,807048.10000000,769159.47651000,0
2025-12-14 06:00:00,0.952,0.955,0.949,0.954,689864.19,2025-12-14 06:59:59.999,656706.63181000,1315,297211.77000000,282914.23628000,0
2025-12-14 07:00:00,0.954,0.962,0.954,0.962,526996.43,2025-12-14 07:59:59.999,505109.04046000,1443,323400.12000000,310165.13470000,0
2025-12-14 08:00:00,0.963,0.965,0.958,0.958,987345.87,2025-12-14 08:59:59.999,949431.77945000,2212,546199.80000000,525234.32313000,0
2025-12-14 09:00:00,0.958,0.961,0.946,0.951,1589133.92,2025-12-14 09:59:59.999,1512981.81242000,3460,704077.33000000,670387.91204000,0
2025-12-14 10:00:00,0.95,0.951,0.938,0.944,2529578.16,2025-12-14 10:59:59.999,2388599.96970000,4342,1323855.84000000,1250162.22044000,0
2025-12-14 11:00:00,0.945,0.948,0.937,0.946,5693888.12,2025-12-14 11:59:59.999,5371188.62052000,7202,2461799.50000000,2322428.14721000,0
2025-12-14 12:00:00,0.946,0.957,0.943,0.953,2940291.9,2025-12-14 12:59:59.999,2794351.27203000,4836,1658673.57000000,1576536.58994000,0
2025-12-14 13:00:00,0.952,0.953,0.946,0.952,1056043.39,2025-12-14 13:59:59.999,1003050.90069000,2505,454804.46000000,432049.01525000,0
2025-12-14 14:00:00,0.952,0.954,0.938,0.942,1860094.4,2025-12-14 14:59:59.999,1755858.84526000,3596,707740.04000000,668442.26132000,0
2025-12-14 15:00:00,0.942,0.944,0.938,0.938,1415722.91,2025-12-14 15:59:59.999,1331386.93692000,2702,718413.34000000,675691.92948000,0
2025-12-14 16:00:00,0.938,0.944,0.933,0.94,1428769.74,2025-12-14 16:59:59.999,1341749.55539000,3325,613682.76000000,576891.74994000,0
2025-12-14 17:00:00,0.941,0.943,0.925,0.93,3839850.65,2025-12-14 17:59:59.999,3574063.69136000,7627,2194735.38000000,2040542.65144000,0
2025-12-14 18:00:00,0.929,0.933,0.927,0.932,980809.3,2025-12-14 18:59:59.999,912301.59658000,2615,396950.92000000,369322.74944000,0
2025-12-14 19:00:00,0.932,0.933,0.921,0.929,1670752.39,2025-12-14 19:59:59.999,1547075.34237000,3700,769080.32000000,712264.78877000,0
2025-12-14 20:00:00,0.928,0.933,0.925,0.927,1142086.61,2025-12-14 20:59:59.999,1060966.20669000,2723,603685.17000000,560818.51554000,0
2025-12-14 21:00:00,0.927,0.931,0.922,0.924,924726.22,2025-12-14 21:59:59.999,857152.01024000,2354,493609.30000000,457635.85324000,0
2025-12-14 22:00:00,0.925,0.954,0.917,0.925,5448117.11,2025-12-14 22:59:59.999,5072349.92214000,11717,2033524.11000000,1897813.03549000,0
2025-12-14 23:00:00,0.926,0.929,0.911,0.927,3312075.54,2025-12-14 23:59:59.999,3055079.30613000,7553,1669187.77000000,1540342.05350000,0
2025-12-15 00:00:00,0.927,0.937,0.925,0.933,1912177.43,2025-12-15 00:59:59.999,1779596.66487000,4771,967894.71000000,901235.57960000,0
2025-12-15 01:00:00,0.933,0.944,0.93,0.943,1813703.22,2025-12-15 01:59:59.999,1699992.78437000,4297,899714.83000000,843429.26978000,0
2025-12-15 02:00:00,0.943,0.95,0.936,0.937,1884008.4,2025-12-15 02:59:59.999,1777284.90236000,4707,878739.17000000,829668.24486000,0
2025-12-15 03:00:00,0.938,0.942,0.935,0.935,1168513.8,2025-12-15 03:59:59.999,1096027.28559000,2173,642007.18000000,602204.35441000,0
2025-12-15 04:00:00,0.935,0.94,0.928,0.936,2424623.81,2025-12-15 04:59:59.999,2265810.45264000,6320,1348225.50000000,1260094.78996000,0
2025-12-15 05:00:00,0.936,0.941,0.934,0.94,1215651.53,2025-12-15 05:59:59.999,1139969.30463000,4019,609864.76000000,572150.18313000,0
2025-12-15 06:00:00,0.939,0.94,0.935,0.937,867802.89,2025-12-15 06:59:59.999,813596.28976000,2561,424979.39000000,398517.21322000,0
2025-12-15 07:00:00,0.938,0.939,0.927,0.933,981100.54,2025-12-15 07:59:59.999,914853.58191000,2434,455974.61000000,425342.23883000,0
2025-12-15 08:00:00,0.933,0.937,0.931,0.931,1243982.93,2025-12-15 08:59:59.999,1162257.88345000,2057,595250.10000000,556292.18656000,0
2025-12-15 09:00:00,0.932,0.937,0.93,0.934,1193305.63,2025-12-15 09:59:59.999,1114224.71467000,2043,676499.97000000,631846.41182000,0
2025-12-15 10:00:00,0.934,0.934,0.9,0.907,6084936.84,2025-12-15 10:59:59.999,5566556.92422000,13884,2556412.26000000,2337753.72305000,0
2025-12-15 11:00:00,0.906,0.916,0.89,0.907,7300182.91,2025-12-15 11:59:59.999,6606442.17096000,13289,3182403.47000000,2882823.93834000,0
2025-12-15 12:00:00,0.906,0.912,0.888,0.904,23288968.71,2025-12-15 12:59:59.999,20951509.28057000,59273,10588372.95000000,9529415.26104000,0
2025-12-15 13:00:00,0.904,0.905,0.882,0.894,9836464.37,2025-12-15 13:59:59.999,8818947.61772000,20293,4315400.53000000,3869913.25470000,0
2025-12-15 14:00:00,0.894,0.905,0.863,0.876,16770838.63,2025-12-15 14:59:59.999,14908117.98363000,30551,8132263.26000000,7237249.99569000,0
2025-12-15 15:00:00,0.876,0.878,0.86,0.871,13613706.92,2025-12-15 15:59:59.999,11827766.19829000,26983,6323722.23000000,5497240.51971000,0
2025-12-15 16:00:00,0.87,0.874,0.85,0.857,8319404.19,2025-12-15 16:59:59.999,7168176.01590000,14994,4171476.02000000,3598091.55502000,0
2025-12-15 17:00:00,0.858,0.86,0.826,0.828,13511632.2,2025-12-15 17:59:59.999,11334812.49564000,22301,5008672.17000000,4205376.85643000,0
2025-12-15 18:00:00,0.828,0.836,0.819,0.833,10349225.97,2025-12-15 18:59:59.999,8547606.53412000,16935,4247051.02000000,3510482.83969000,0
2025-12-15 19:00:00,0.832,0.839,0.818,0.824,10428447.02,2025-12-15 19:59:59.999,8621078.01757000,14431,4333312.26000000,3585156.60955000,0
2025-12-15 20:00:00,0.824,0.824,0.808,0.81,8999780.52,2025-12-15 20:59:59.999,7342178.60596000,15576,3494999.61000000,2852088.74166000,0
2025-12-15 21:00:00,0.811,0.821,0.809,0.819,4717600.17,2025-12-15 21:59:59.999,3844694.30068000,8298,1967063.65000000,1604357.73949000,0
2025-12-15 22:00:00,0.82,0.822,0.765,0.794,18751279.5,2025-12-15 22:59:59.999,14833481.96146000,25827,7550272.52000000,5949850.59480000,0
2025-12-15 23:00:00,0.793,0.809,0.79,0.805,7971448.27,2025-12-15 23:59:59.999,6393715.50302000,15048,3979323.00000000,3191344.83876000,0
2025-12-16 00:00:00,0.806,0.806,0.786,0.79,9307042.49,2025-12-16 00:59:59.999,7373968.59774000,16058,3919651.86000000,3105818.61916000,0
2025-12-16 01:00:00,0.79,0.808,0.786,0.807,5581180.62,2025-12-16 01:59:59.999,4433176.57996000,10084,2827191.40000000,2248771.63582000,0
2025-12-16 02:00:00,0.807,0.831,0.8,0.826,9243334.16,2025-12-16 02:59:59.999,7549543.62252000,14918,5259486.37000000,4300350.94664000,0
2025-12-16 03:00:00,0.825,0.83,0.816,0.822,4597961.45,2025-12-16 03:59:59.999,3779894.64743000,7653,2015121.19000000,1656753.51142000,0
2025-12-16 04:00:00,0.821,0.833,0.817,0.828,4305302.92,2025-12-16 04:59:59.999,3554159.16122000,7935,2087249.77000000,1724310.08380000,0
2025-12-16 05:00:00,0.828,0.836,0.826,0.829,2796916.81,2025-12-16 05:59:59.999,2323257.66422000,6151,1538924.19000000,1278410.98763000,0
2025-12-16 06:00:00,0.829,0.834,0.828,0.829,1680004.77,2025-12-16 06:59:59.999,1395411.25288000,4353,831875.39000000,691075.86719000,0
2025-12-16 07:00:00,0.83,0.832,0.81,0.813,3834392.18,2025-12-16 07:59:59.999,3145888.27671000,8642,1470352.43000000,1205590.00825000,0
2025-12-16 08:00:00,0.814,0.823,0.811,0.818,2755064.61,2025-12-16 08:59:59.999,2250251.10644000,5297,1738633.84000000,1420418.33570000,0
2025-12-16 09:00:00,0.819,0.821,0.812,0.818,2135368.22,2025-12-16 09:59:59.999,1743221.07962000,5710,1158724.20000000,946058.75434000,0
2025-12-16 10:00:00,0.817,0.823,0.814,0.815,2369552.34,2025-12-16 10:59:59.999,1938959.99591000,4983,956588.89000000,782986.21257000,0
2025-12-16 11:00:00,0.816,0.818,0.81,0.818,2449259.77,2025-12-16 11:59:59.999,1994269.14808000,4938,1153742.82000000,939863.36956000,0
2025-12-16 12:00:00,0.818,0.821,0.814,0.815,1946584.12,2025-12-16 12:59:59.999,1590969.60644000,3857,920439.25000000,752591.99851000,0
2025-12-16 13:00:00,0.816,0.825,0.805,0.812,5137993.92,2025-12-16 13:59:59.999,4187238.74175000,9456,2509399.05000000,2047976.82834000,0
2025-12-16 14:00:00,0.813,0.816,0.803,0.81,4727868.21,2025-12-16 14:59:59.999,3831419.22677000,10584,2227142.02000000,1805861.27309000,0
2025-12-16 15:00:00,0.811,0.815,0.8,0.813,4768378.31,2025-12-16 15:59:59.999,3849007.22745000,9382,2513915.88000000,2030371.26309000,0
2025-12-16 16:00:00,0.813,0.813,0.79,0.791,5743490.59,2025-12-16 16:59:59.999,4601461.28653000,10506,2438126.80000000,1955890.03785000,0
2025-12-16 17:00:00,0.791,0.794,0.772,0.783,8046129.66,2025-12-16 17:59:59.999,6310859.93973000,13761,3441975.11000000,2701515.54241000,0
2025-12-16 18:00:00,0.783,0.788,0.775,0.776,6783398.93,2025-12-16 18:59:59.999,5301394.16345000,11830,2516293.53000000,1967336.54611000,0
2025-12-16 19:00:00,0.776,0.776,0.737,0.759,15543317.41,2025-12-16 19:59:59.999,11728084.78306000,27492,6263173.04000000,4717949.20921000,0
2025-12-16 20:00:00,0.758,0.778,0.752,0.772,5059773.62,2025-12-16 20:59:59.999,3872536.32052000,8048,2380041.44000000,1824518.70979000,0
2025-12-16 21:00:00,0.772,0.79,0.772,0.789,2628173.68,2025-12-16 21:59:59.999,2058864.10719000,5069,1455708.53000000,1140434.15395000,0
2025-12-16 22:00:00,0.788,0.797,0.784,0.795,2138662.25,2025-12-16 22:59:59.999,1687438.39323000,4544,1076436.89000000,849375.42499000,0
2025-12-16 23:00:00,0.796,0.801,0.789,0.797,4567556.64,2025-12-16 23:59:59.999,3629846.24023000,6556,2526026.22000000,2006687.19103000,0
2025-12-17 00:00:00,0.798,0.798,0.786,0.788,1999798.76,2025-12-17 00:59:59.999,1580655.19550000,4348,867095.38000000,685525.19650000,0
2025-12-17 01:00:00,0.788,0.795,0.785,0.789,1853136.67,2025-12-17 01:59:59.999,1463391.32023000,3201,806959.39000000,637478.32355000,0
2025-12-17 02:00:00,0.789,0.794,0.78,0.78,1764608.73,2025-12-17 02:59:59.999,1387384.09709000,3861,684957.48000000,538935.53914000,0
2025-12-17 03:00:00,0.781,0.789,0.773,0.775,3067921.06,2025-12-17 03:59:59.999,2390724.67967000,4931,1140137.98000000,889669.05194000,0
2025-12-17 04:00:00,0.776,0.776,0.762,0.768,4084949.67,2025-12-17 04:59:59.999,3137351.34250000,6786,1717081.37000000,1318565.69035000,0
2025-12-17 05:00:00,0.768,0.774,0.763,0.77,2150045.27,2025-12-17 05:59:59.999,1654738.25067000,4323,1059822.69000000,815859.94077000,0
2025-12-17 06:00:00,0.77,0.771,0.764,0.767,2654324.02,2025-12-17 06:59:59.999,2039299.70208000,3880,1250992.79000000,961324.42335000,0
2025-12-17 07:00:00,0.767,0.773,0.766,0.77,1967941.55,2025-12-17 07:59:59.999,1514543.95003000,3554,900813.90000000,693386.28562000,0
2025-12-17 08:00:00,0.769,0.769,0.729,0.742,15074851.64,2025-12-17 08:59:59.999,11227542.72455000,19189,6175916.64000000,4593195.94190000,0
2025-12-17 09:00:00,0.743,0.751,0.74,0.743,5248694.75,2025-12-17 09:59:59.999,3912334.11247000,8461,2866480.28000000,2137446.36319000,0
2025-12-17 10:00:00,0.744,0.75,0.742,0.748,2164429.17,2025-12-17 10:59:59.999,1617504.51370000,4805,1131644.01000000,845730.38509000,0
2025-12-17 11:00:00,0.747,0.754,0.741,0.753,3429658.44,2025-12-17 11:59:59.999,2557143.42191000,5671,2189337.02000000,1631864.77173000,0
2025-12-17 12:00:00,0.753,0.759,0.746,0.757,2563875.01,2025-12-17 12:59:59.999,1930642.99300000,5312,1231393.77000000,927437.35680000,0
2025-12-17 13:00:00,0.758,0.769,0.755,0.765,3791454.49,2025-12-17 13:59:59.999,2895266.56317000,7530,2007980.63000000,1533421.62922000,0
2025-12-17 14:00:00,0.765,0.766,0.737,0.765,8655380.62,2025-12-17 14:59:59.999,6513918.71099000,16396,3591604.93000000,2706628.49770000,0
2025-12-17 15:00:00,0.765,0.788,0.753,0.764,20853712.45,2025-12-17 15:59:59.999,16105931.89564000,36236,9935675.96000000,7693289.46108000,0
2025-12-17 16:00:00,0.763,0.771,0.741,0.767,11725449.24,2025-12-17 16:59:59.999,8856713.49773000,21805,4782366.73000000,3614863.56699000,0
2025-12-17 17:00:00,0.766,0.766,0.73,0.745,6802607.13,2025-12-17 17:59:59.999,5069532.31378000,13483,2872882.79000000,2139488.75431000,0
2025-12-17 18:00:00,0.745,0.755,0.735,0.739,3459495.22,2025-12-17 18:59:59.999,2578965.80418000,8097,1500666.67000000,1119057.66255000,0
2025-12-17 19:00:00,0.74,0.742,0.726,0.736,3721572.53,2025-12-17 19:59:59.999,2731613.54510000,9013,1696190.26000000,1245711.35164000,0
2025-12-17 20:00:00,0.736,0.741,0.732,0.734,1368713.91,2025-12-17 20:59:59.999,1007645.30806000,3712,599942.57000000,441789.15475000,0
2025-12-17 21:00:00,0.735,0.737,0.712,0.714,4881559.36,2025-12-17 21:59:59.999,3517621.44675000,10276,1650952.07000000,1191362.21455000,0
2025-12-17 22:00:00,0.715,0.72,0.703,0.711,6640311.04,2025-12-17 22:59:59.999,4732616.76924000,12188,2027876.44000000,1445536.40930000,0
2025-12-17 23:00:00,0.712,0.72,0.706,0.712,4799680.1,2025-12-17 23:59:59.999,3422867.72591000,6526,2455627.26000000,1751174.90607000,0
2025-12-18 00:00:00,0.713,0.719,0.704,0.718,2859246.77,2025-12-18 00:59:59.999,2033689.77121000,4939,1520446.23000000,1081906.24162000,0
2025-12-18 01:00:00,0.717,0.718,0.705,0.715,2530038.0,2025-12-18 01:59:59.999,1800957.59807000,5106,1364043.86000000,971517.21535000,0
2025-12-18 02:00:00,0.715,0.716,0.706,0.713,3930693.09,2025-12-18 02:59:59.999,2791904.62408000,6262,1576394.57000000,1120234.27381000,0
2025-12-18 03:00:00,0.712,0.713,0.685,0.693,9375627.56,2025-12-18 03:59:59.999,6524453.84728000,12316,3934264.92000000,2733692.46569000,0
2025-12-18 04:00:00,0.692,0.698,0.689,0.691,5024395.98,2025-12-18 04:59:59.999,3481656.60603000,7166,2550419.98000000,1768421.88272000,0
2025-12-18 05:00:00,0.691,0.691,0.676,0.679,5899900.07,2025-12-18 05:59:59.999,4029104.63955000,10223,2377113.18000000,1622853.39724000,0
2025-12-18 06:00:00,0.678,0.695,0.672,0.693,6833501.0,2025-12-18 06:59:59.999,4644553.08236000,10099,3396897.59000000,2310873.76584000,0
2025-12-18 07:00:00,0.693,0.702,0.691,0.698,5159207.32,2025-12-18 07:59:59.999,3594628.87652000,8093,2890108.80000000,2014474.86231000,0
2025-12-18 08:00:00,0.698,0.699,0.689,0.692,3141760.27,2025-12-18 08:59:59.999,2173898.37512000,5839,1481850.66000000,1025557.50036000,0
2025-12-18 09:00:00,0.691,0.695,0.684,0.69,3716616.97,2025-12-18 09:59:59.999,2561376.60107000,5690,1723434.78000000,1188290.66990000,0
2025-12-18 10:00:00,0.689,0.694,0.686,0.69,1723729.67,2025-12-18 10:59:59.999,1191106.88336000,3459,917458.90000000,634116.14512000,0
2025-12-18 11:00:00,0.691,0.696,0.687,0.694,2256488.36,2025-12-18 11:59:59.999,1561939.42762000,4187,1223140.18000000,846902.80731000,0
2025-12-18 12:00:00,0.693,0.698,0.69,0.691,3171346.97,2025-12-18 12:59:59.999,2204425.59343000,4610,1588917.80000000,1104309.74023000,0
2025-12-18 13:00:00,0.691,0.711,0.687,0.709,13683182.7,2025-12-18 13:59:59.999,9593580.49421000,17105,7757360.02000000,5442552.50576000,0
2025-12-18 14:00:00,0.709,0.718,0.694,0.704,8299416.97,2025-12-18 14:59:59.999,5847031.44815000,13782,4466152.13000000,3149660.01920000,0
2025-12-18 15:00:00,0.704,0.713,0.7,0.711,4360823.86,2025-12-18 15:59:59.999,3082401.67227000,8640,2571092.28000000,1818666.19857000,0
2025-12-18 16:00:00,0.711,0.719,0.703,0.706,3629971.07,2025-12-18 16:59:59.999,2576737.89024000,7402,1552495.37000000,1103315.49332000,0
2025-12-18 17:00:00,0.706,0.708,0.673,0.693,9794046.42,2025-12-18 17:59:59.999,6723515.08065000,18307,4522298.71000000,3103823.83654000,0
2025-12-18 18:00:00,0.694,0.697,0.678,0.681,3669767.66,2025-12-18 18:59:59.999,2527157.26835000,7601,1490939.20000000,1027839.06251000,0
2025-12-18 19:00:00,0.682,0.684,0.658,0.658,8481455.01,2025-12-18 19:59:59.999,5689672.51824000,14104,3400141.67000000,2285049.51595000,0
2025-12-18 20:00:00,0.658,0.674,0.658,0.668,4849283.13,2025-12-18 20:59:59.999,3234236.46448000,9388,2544645.23000000,1697227.48717000,0
2025-12-18 21:00:00,0.668,0.684,0.668,0.682,3359425.38,2025-12-18 21:59:59.999,2279432.87581000,6027,1947626.30000000,1321362.26977000,0
2025-12-18 22:00:00,0.683,0.686,0.675,0.678,1723230.9,2025-12-18 22:59:59.999,1171611.82101000,3160,682629.15000000,464598.85015000,0
2025-12-18 23:00:00,0.677,0.678,0.668,0.668,1701989.54,2025-12-18 23:59:59.999,1145681.19042000,2970,755932.18000000,509224.78642000,0
2025-12-19 00:00:00,0.669,0.675,0.661,0.67,4277327.33,2025-12-19 00:59:59.999,2851410.50714000,6470,1976791.86000000,1317822.42898000,0
2025-12-19 01:00:00,0.669,0.669,0.658,0.662,2875875.88,2025-12-19 01:59:59.999,1908236.71221000,5169,1253396.70000000,831686.59377000,0
2025-12-19 02:00:00,0.661,0.668,0.655,0.667,3173709.89,2025-12-19 02:59:59.999,2103284.18872000,5940,1202604.03000000,797034.74303000,0
2025-12-19 03:00:00,0.667,0.693,0.667,0.689,6957100.79,2025-12-19 03:59:59.999,4736092.64074000,12466,3524701.13000000,2400878.40751000,0
2025-12-19 04:00:00,0.69,0.696,0.686,0.692,3453664.06,2025-12-19 04:59:59.999,2387526.62908000,5892,1858724.48000000,1285101.40073000,0
2025-12-19 05:00:00,0.692,0.693,0.676,0.681,5541485.53,2025-12-19 05:59:59.999,3778096.32898000,8062,3057090.04000000,2084324.19374000,0
2025-12-19 06:00:00,0.682,0.688,0.678,0.688,3317489.19,2025-12-19 06:59:59.999,2263840.85404000,5455,1892214.11000000,1292031.95005000,0
2025-12-19 07:00:00,0.688,0.701,0.687,0.69,3850103.37,2025-12-19 07:59:59.999,2666865.97292000,7896,2036523.32000000,1410808.99696000,0
2025-12-19 08:00:00,0.691,0.694,0.678,0.685,3604877.47,2025-12-19 08:59:59.999,2469891.34498000,6288,1761746.98000000,1207881.71114000,0
2025-12-19 09:00:00,0.685,0.688,0.68,0.682,3664179.26,2025-12-19 09:59:59.999,2506590.99098000,5509,2099103.07000000,1436540.63455000,0
2025-12-19 10:00:00,0.682,0.688,0.681,0.688,1912419.41,2025-12-19 10:59:59.999,1310130.87403000,3395,1106484.22000000,758257.43163000,0
2025-12-19 11:00:00,0.687,0.703,0.686,0.697,4289736.13,2025-12-19 11:59:59.999,2984748.76789000,6703,2442050.12000000,1698931.78444000,0
2025-12-19 12:00:00,0.698,0.707,0.693,0.701,3294720.1,2025-12-19 12:59:59.999,2306342.25009000,6517,1828147.26000000,1280051.72008000,0
2025-12-19 13:00:00,0.702,0.711,0.699,0.702,2810656.18,2025-12-19 13:59:59.999,1981512.14625000,5295,1549043.49000000,1092262.63225000,0
2025-12-19 14:00:00,0.703,0.734,0.701,0.73,6593906.22,2025-12-19 14:59:59.999,4711094.52291000,13740,3928411.45000000,2808724.13962000,0
2025-12-19 15:00:00,0.729,0.747,0.712,0.715,13191155.87,2025-12-19 15:59:59.999,9610778.25538000,21602,7285466.19000000,5310627.57839000,0
2025-12-19 16:00:00,0.714,0.732,0.713,0.723,5326494.1,2025-12-19 16:59:59.999,3857442.58949000,12338,2816043.79000000,2040473.39810000,0
2025-12-19 17:00:00,0.723,0.732,0.696,0.697,8173314.6,2025-12-19 17:59:59.999,5842329.22080000,19934,3466305.72000000,2478185.44340000,0
2025-12-19 18:00:00,0.698,0.71,0.696,0.706,6310654.33,2025-12-19 18:59:59.999,4440362.35351000,15052,3147223.45000000,2214625.06411000,0
2025-12-19 19:00:00,0.706,0.733,0.706,0.724,4491757.94,2025-12-19 19:59:59.999,3250162.97241000,10438,2862426.48000000,2072742.04201000,0
2025-12-19 20:00:00,0.725,0.73,0.718,0.726,2726238.04,2025-12-19 20:59:59.999,1975613.00696000,5206,1288756.09000000,934017.88783000,0
2025-12-19 21:00:00,0.725,0.727,0.718,0.718,1250621.09,2025-12-19 21:59:59.999,904118.33336000,2657,674244.16000000,487620.41931000,0
2025-12-19 22:00:00,0.719,0.725,0.718,0.719,1191550.41,2025-12-19 22:59:59.999,859597.48622000,2157,605869.52000000,437272.89470000,0
2025-12-19 23:00:00,0.718,0.722,0.713,0.716,1482333.84,2025-12-19 23:59:59.999,1062882.68508000,2557,857877.18000000,615327.60157000,0
2025-12-20 00:00:00,0.715,0.719,0.713,0.717,1068969.42,2025-12-20 00:59:59.999,766109.07380000,2197,606654.81000000,434868.78226000,0
2025-12-20 01:00:00,0.718,0.72,0.716,0.717,1099472.72,2025-12-20 01:59:59.999,789305.20299000,1853,645782.80000000,463613.63123000,0
2025-12-20 02:00:00,0.717,0.717,0.71,0.714,1339964.27,2025-12-20 02:59:59.999,956456.49539000,2243,708012.26000000,505478.63336000,0
2025-12-20 03:00:00,0.715,0.732,0.711,0.725,3459643.97,2025-12-20 03:59:59.999,2501847.90670000,6058,1790740.03000000,1293911.31214000,0
2025-12-20 04:00:00,0.726,0.731,0.723,0.731,2009003.89,2025-12-20 04:59:59.999,1461735.06946000,3552,1277701.38000000,930211.29902000,0
2025-12-20 05:00:00,0.731,0.732,0.722,0.723,2291116.19,2025-12-20 05:59:59.999,1669254.19385000,4860,1036884.59000000,755738.68318000,0
2025-12-20 06:00:00,0.724,0.728,0.722,0.724,883511.42,2025-12-20 06:59:59.999,640444.91268000,1670,404917.28000000,293607.30817000,0
2025-12-20 07:00:00,0.724,0.726,0.719,0.725,1634276.74,2025-12-20 07:59:59.999,1180412.02990000,2611,829295.27000000,599540.84193000,0
2025-12-20 08:00:00,0.725,0.735,0.723,0.724,3162549.34,2025-12-20 08:59:59.999,2307615.06972000,5145,1496243.32000000,1092021.45986000,0
2025-12-20 09:00:00,0.724,0.73,0.723,0.726,1700520.77,2025-12-20 09:59:59.999,1235027.79090000,2423,1007397.48000000,731727.16392000,0
2025-12-20 10:00:00,0.725,0.728,0.718,0.723,2053582.67,2025-12-20 10:59:59.999,1482783.06534000,3147,990767.17000000,716126.74809000,0
2025-12-20 11:00:00,0.722,0.729,0.721,0.727,1082042.98,2025-12-20 11:59:59.999,785773.41541000,1958,657661.49000000,477695.68518000,0
2025-12-20 12:00:00,0.728,0.729,0.722,0.728,1298910.42,2025-12-20 12:59:59.999,942038.39548000,2195,651017.34000000,472320.75245000,0
2025-12-20 13:00:00,0.727,0.73,0.72,0.724,1903426.4,2025-12-20 13:59:59.999,1376968.93835000,2858,961187.95000000,695201.02866000,0
2025-12-20 14:00:00,0.724,0.725,0.716,0.72,1607679.71,2025-12-20 14:59:59.999,1156423.56569000,2568,789159.84000000,567768.53282000,0
2025-12-20 15:00:00,0.721,0.721,0.713,0.716,1854709.72,2025-12-20 15:59:59.999,1329020.53006000,2420,793371.69000000,568728.61755000,0
2025-12-20 16:00:00,0.716,0.718,0.713,0.717,1267287.66,2025-12-20 16:59:59.999,907251.84212000,1886,537022.39000000,384655.58945000,0
2025-12-20 17:00:00,0.718,0.721,0.716,0.721,583785.21,2025-12-20 17:59:59.999,419911.70973000,1265,351615.01000000,252935.76552000,0
2025-12-20 18:00:00,0.721,0.729,0.719,0.728,926610.74,2025-12-20 18:59:59.999,671110.09193000,1743,525831.69000000,381041.16889000,0
2025-12-20 19:00:00,0.728,0.728,0.723,0.723,1192240.43,2025-12-20 19:59:59.999,865119.90815000,1398,566115.30000000,410930.51878000,0
2025-12-20 20:00:00,0.724,0.726,0.722,0.725,708609.61,2025-12-20 20:59:59.999,513156.63614000,1245,422008.78000000,305661.95093000,0
2025-12-20 21:00:00,0.725,0.729,0.719,0.72,1036183.75,2025-12-20 21:59:59.999,751464.03552000,1620,439091.85000000,318764.38664000,0
2025-12-20 22:00:00,0.721,0.725,0.719,0.725,748631.92,2025-12-20 22:59:59.999,540748.53084000,1688,390538.83000000,282033.98925000,0
2025-12-20 23:00:00,0.724,0.728,0.721,0.723,953323.87,2025-12-20 23:59:59.999,689688.97017000,1944,498944.56000000,361093.25467000,0
2025-12-21 00:00:00,0.723,0.723,0.718,0.721,1111243.38,2025-12-21 00:59:59.999,800356.75609000,2292,547634.93000000,394523.88171000,0
2025-12-21 01:00:00,0.721,0.721,0.714,0.715,1051330.68,2025-12-21 01:59:59.999,753581.36452000,2312,534773.96000000,383397.81494000,0
2025-12-21 02:00:00,0.715,0.721,0.713,0.716,2807611.62,2025-12-21 02:59:59.999,2014288.78179000,4806,1597471.22000000,1146788.99317000,0
2025-12-21 03:00:00,0.716,0.727,0.715,0.726,1647751.9,2025-12-21 03:59:59.999,1191387.63973000,3622,885504.23000000,640090.10083000,0
2025-12-21 04:00:00,0.726,0.728,0.722,0.726,1352161.76,2025-12-21 04:59:59.999,979961.79474000,2251,766772.18000000,555852.96601000,0
2025-12-21 05:00:00,0.726,0.728,0.722,0.724,838947.94,2025-12-21 05:59:59.999,608000.62348000,1648,457967.53000000,332093.50946000,0
2025-12-21 06:00:00,0.723,0.739,0.723,0.735,3410891.92,2025-12-21 06:59:59.999,2501278.14638000,5609,2102696.14000000,1541469.77148000,0
2025-12-21 07:00:00,0.736,0.737,0.728,0.73,2349512.48,2025-12-21 07:59:59.999,1720104.00184000,3487,1029633.31000000,754116.69559000,0
2025-12-21 08:00:00,0.729,0.736,0.725,0.734,1709698.58,2025-12-21 08:59:59.999,1248094.03018000,4332,994241.59000000,725971.49499000,0
2025-12-21 09:00:00,0.734,0.736,0.724,0.731,2813346.91,2025-12-21 09:59:59.999,2051330.22544000,6263,1504488.56000000,1097065.01373000,0
2025-12-21 10:00:00,0.731,0.733,0.719,0.721,2044294.44,2025-12-21 10:59:59.999,1482599.04402000,5363,860000.20000000,623970.54966000,0
2025-12-21 11:00:00,0.721,0.723,0.717,0.718,785390.12,2025-12-21 11:59:59.999,565611.95911000,2607,403012.19000000,290326.67877000,0
2025-12-21 12:00:00,0.718,0.721,0.714,0.718,1290570.99,2025-12-21 12:59:59.999,926411.02821000,3129,524577.32000000,376895.63604000,0
2025-12-21 13:00:00,0.718,0.718,0.686,0.689,6714100.04,2025-12-21 13:59:59.999,4694664.34628000,13678,2652206.81000000,1853758.10006000,0
2025-12-21 14:00:00,0.688,0.699,0.687,0.697,2590112.71,2025-12-21 14:59:59.999,1798117.72605000,4981,1367200.39000000,949404.68265000,0
2025-12-21 15:00:00,0.696,0.699,0.692,0.697,1758585.82,2025-12-21 15:59:59.999,1221662.37915000,4336,676618.56000000,470237.06048000,0
2025-12-21 16:00:00,0.696,0.7,0.693,0.7,1241556.27,2025-12-21 16:59:59.999,865415.81751000,2849,634689.93000000,442815.23434000,0
2025-12-21 17:00:00,0.7,0.707,0.7,0.706,1034386.77,2025-12-21 17:59:59.999,727937.30940000,2496,625216.73000000,439955.20798000,0
2025-12-21 18:00:00,0.705,0.706,0.699,0.704,854859.34,2025-12-21 18:59:59.999,600025.01663000,2012,332572.84000000,233457.66122000,0
2025-12-21 19:00:00,0.704,0.709,0.702,0.706,996955.58,2025-12-21 19:59:59.999,704172.14006000,2227,582746.10000000,411695.26044000,0
2025-12-21 20:00:00,0.707,0.708,0.7,0.702,985201.56,2025-12-21 20:59:59.999,691813.39614000,2535,380245.48000000,267122.33464000,0
2025-12-21 21:00:00,0.702,0.704,0.698,0.703,1281877.14,2025-12-21 21:59:59.999,898471.64696000,3373,566814.23000000,397400.39610000,0
2025-12-21 22:00:00,0.703,0.711,0.701,0.709,822340.4,2025-12-21 22:59:59.999,579241.05862000,2352,384580.42000000,270990.18320000,0
2025-12-21 23:00:00,0.71,0.715,0.706,0.709,1323941.62,2025-12-21 23:59:59.999,940243.01008000,3346,584004.65000000,415003.44591000,0
2025-12-22 00:00:00,0.708,0.722,0.708,0.709,2954184.42,2025-12-22 00:59:59.999,2112693.01353000,7446,1576641.40000000,1127777.83516000,0
2025-12-22 01:00:00,0.709,0.716,0.709,0.711,1512662.82,2025-12-22 01:59:59.999,1077054.56815000,4105,766930.93000000,546195.25558000,0
2025-12-22 02:00:00,0.71,0.711,0.702,0.706,2245392.67,2025-12-22 02:59:59.999,1585508.91466000,5083,1080047.11000000,763149.67086000,0
2025-12-22 03:00:00,0.707,0.713,0.705,0.707,1125219.13,2025-12-22 03:59:59.999,798468.25149000,2478,589575.30000000,418393.40602000,0
2025-12-22 04:00:00,0.707,0.711,0.706,0.71,1083019.22,2025-12-22 04:59:59.999,767509.07693000,1949,577556.06000000,409447.51067000,0
2025-12-22 05:00:00,0.709,0.712,0.702,0.703,1462891.28,2025-12-22 05:59:59.999,1034737.95787000,2242,676969.27000000,479462.09130000,0
2025-12-22 06:00:00,0.702,0.71,0.7,0.707,1113023.44,2025-12-22 06:59:59.999,783201.57160000,2023,492144.73000000,346678.48067000,0
2025-12-22 07:00:00,0.706,0.715,0.706,0.713,723522.33,2025-12-22 07:59:59.999,515143.71130000,1561,382934.76000000,272697.36162000,0
2025-12-22 08:00:00,0.713,0.719,0.712,0.712,1701417.83,2025-12-22 08:59:59.999,1217048.75628000,4074,905426.83000000,647783.20650000,0
2025-12-22 09:00:00,0.713,0.718,0.71,0.718,1015443.56,2025-12-22 09:59:59.999,724150.51740000,2357,469399.47000000,334977.49909000,0
2025-12-22 10:00:00,0.717,0.726,0.716,0.722,2401875.02,2025-12-22 10:59:59.999,1732609.35868000,4248,1248136.43000000,900553.39691000,0
2025-12-22 11:00:00,0.721,0.723,0.714,0.719,1657425.59,2025-12-22 11:59:59.999,1192835.79732000,2907,897894.90000000,646574.16405000,0
2025-12-22 12:00:00,0.719,0.738,0.719,0.733,11569591.06,2025-12-22 12:59:59.999,8468410.86364000,15536,6596311.76000000,4829699.35222000,0
2025-12-22 13:00:00,0.733,0.733,0.714,0.717,4201192.91,2025-12-22 13:59:59.999,3031647.90046000,6969,2114151.59000000,1525575.67893000,0
2025-12-22 14:00:00,0.717,0.723,0.707,0.714,5375488.03,2025-12-22 14:59:59.999,3836765.11525000,9041,2695999.29000000,1925044.32361000,0
2025-12-22 15:00:00,0.713,0.717,0.703,0.714,4528000.71,2025-12-22 15:59:59.999,3217852.17487000,7990,2220108.33000000,1578530.58511000,0
2025-12-22 16:00:00,0.714,0.716,0.706,0.707,2140986.57,2025-12-22 16:59:59.999,1525110.75356000,4117,1091313.89000000,777949.28062000,0
2025-12-22 17:00:00,0.708,0.71,0.704,0.708,1268456.15,2025-12-22 17:59:59.999,896087.33318000,2412,667353.93000000,471546.90073000,0
2025-12-22 18:00:00,0.707,0.711,0.705,0.706,1377633.26,2025-12-22 18:59:59.999,975137.44429000,2103,664020.34000000,470254.05084000,0
2025-12-22 19:00:00,0.706,0.706,0.687,0.689,3388493.1,2025-12-22 19:59:59.999,2351809.19258000,6484,1389128.59000000,964400.99696000,0
2025-12-22 20:00:00,0.689,0.694,0.686,0.691,1641869.42,2025-12-22 20:59:59.999,1133315.03707000,3831,869360.29000000,600128.06009000,0
2025-12-22 21:00:00,0.691,0.698,0.69,0.696,928210.6,2025-12-22 21:59:59.999,645403.61530000,1726,542583.88000000,377267.05087000,0
2025-12-22 22:00:00,0.696,0.702,0.694,0.7,891448.33,2025-12-22 22:59:59.999,621714.86165000,1730,461244.30000000,321822.46899000,0
2025-12-22 23:00:00,0.7,0.704,0.698,0.704,796189.76,2025-12-22 23:59:59.999,558007.90892000,1546,424262.60000000,297514.01173000,0
2025-12-23 00:00:00,0.704,0.711,0.701,0.708,962546.38,2025-12-23 00:59:59.999,680181.19667000,2326,486354.21000000,343679.29693000,0
2025-12-23 01:00:00,0.708,0.715,0.708,0.714,1000344.82,2025-12-23 01:59:59.999,710967.38279000,2123,507094.38000000,360489.03797000,0
2025-12-23 02:00:00,0.714,0.719,0.71,0.711,1693490.37,2025-12-23 02:59:59.999,1209749.49861000,3457,806255.72000000,576290.50253000,0
2025-12-23 03:00:00,0.711,0.711,0.703,0.706,1569321.51,2025-12-23 03:59:59.999,1108486.32652000,3265,636728.83000000,449840.83700000,0
2025-12-23 04:00:00,0.706,0.707,0.7,0.701,913767.84,2025-12-23 04:59:59.999,641612.08235000,1639,392152.68000000,275472.58720000,0
2025-12-23 05:00:00,0.701,0.704,0.698,0.701,1352326.13,2025-12-23 05:59:59.999,947320.71862000,2822,523847.26000000,367073.09118000,0
2025-12-23 06:00:00,0.7,0.702,0.689,0.692,2614126.35,2025-12-23 06:59:59.999,1816771.47283000,4932,973866.26000000,676672.53443000,0
2025-12-23 07:00:00,0.692,0.696,0.689,0.696,1130452.42,2025-12-23 07:59:59.999,782727.79641000,2753,548296.91000000,379936.60181000,0
2025-12-23 08:00:00,0.696,0.698,0.686,0.689,1972098.67,2025-12-23 08:59:59.999,1363175.02432000,4064,706858.64000000,488692.20521000,0
2025-12-23 09:00:00,0.69,0.695,0.689,0.693,1054720.14,2025-12-23 09:59:59.999,729844.51147000,2147,525944.79000000,364028.67775000,0
2025-12-23 10:00:00,0.693,0.695,0.689,0.692,663324.7,2025-12-23 10:59:59.999,459124.61932000,1519,283672.80000000,196473.97699000,0
2025-12-23 11:00:00,0.693,0.699,0.692,0.695,1473735.41,2025-12-23 11:59:59.999,1024886.61332000,2713,936144.06000000,651117.46083000,0
2025-12-23 12:00:00,0.695,0.696,0.689,0.694,725290.41,2025-12-23 12:59:59.999,502449.89217000,1484,314341.71000000,217977.33895000,0
2025-12-23 13:00:00,0.694,0.703,0.692,0.697,2176745.23,2025-12-23 13:59:59.999,1516575.71144000,4132,1301620.59000000,907451.04509000,0
2025-12-23 14:00:00,0.697,0.702,0.654,0.682,9642569.93,2025-12-23 14:59:59.999,6523368.15049000,15096,4783088.06000000,3228024.61128000,0
2025-12-23 15:00:00,0.682,0.686,0.673,0.683,3971904.19,2025-12-23 15:59:59.999,2703864.83299000,8099,1992232.13000000,1357150.17094000,0
2025-12-23 16:00:00,0.684,0.69,0.68,0.689,2501441.22,2025-12-23 16:59:59.999,1717907.07407000,6002,1373018.89000000,943229.83012000,0
2025-12-23 17:00:00,0.689,0.689,0.671,0.672,3770250.5,2025-12-23 17:59:59.999,2571666.36634000,5205,1395115.12000000,951233.76600000,0
2025-12-23 18:00:00,0.672,0.684,0.67,0.682,2001823.42,2025-12-23 18:59:59.999,1355058.29404000,3992,1145710.01000000,775728.46336000,0
2025-12-23 19:00:00,0.682,0.684,0.676,0.678,871751.87,2025-12-23 19:59:59.999,592481.71830000,2239,350373.70000000,238127.32319000,0
2025-12-23 20:00:00,0.679,0.695,0.676,0.688,2441043.02,2025-12-23 20:59:59.999,1680416.56299000,4739,1295036.29000000,891789.32900000,0
2025-12-23 21:00:00,0.688,0.696,0.684,0.693,2382364.39,2025-12-23 21:59:59.999,1648336.65333000,3526,1334248.17000000,923342.70237000,0
2025-12-23 22:00:00,0.693,0.694,0.687,0.689,1252458.44,2025-12-23 22:59:59.999,864228.34543000,2181,610788.76000000,421418.91455000,0
2025-12-23 23:00:00,0.688,0.691,0.685,0.691,890590.81,2025-12-23 23:59:59.999,612893.93459000,1765,480994.25000000,331168.98543000,0
2025-12-24 00:00:00,0.691,0.696,0.688,0.695,825241.32,2025-12-24 00:59:59.999,570707.73477000,2026,500127.37000000,345880.29370000,0
2025-12-24 01:00:00,0.695,0.696,0.687,0.689,837780.97,2025-12-24 01:59:59.999,579489.00086000,1877,348800.67000000,241449.66945000,0
2025-12-24 02:00:00,0.688,0.69,0.678,0.68,1671255.69,2025-12-24 02:59:59.999,1139931.39354000,3051,674239.38000000,460489.60375000,0
2025-12-24 03:00:00,0.679,0.685,0.673,0.684,1923124.76,2025-12-24 03:59:59.999,1307099.23556000,3660,979967.40000000,666605.25937000,0
2025-12-24 04:00:00,0.683,0.688,0.677,0.677,1646943.23,2025-12-24 04:59:59.999,1123476.23844000,2800,591925.55000000,404255.35182000,0
2025-12-24 05:00:00,0.678,0.679,0.669,0.671,1948887.6,2025-12-24 05:59:59.999,1312564.44420000,3494,890929.81000000,600173.53073000,0
2025-12-24 06:00:00,0.671,0.675,0.667,0.675,1379747.46,2025-12-24 06:59:59.999,926635.24938000,2534,755078.23000000,507347.64263000,0
2025-12-24 07:00:00,0.675,0.676,0.665,0.666,1506600.74,2025-12-24 07:59:59.999,1009308.51612000,2843,698785.23000000,468437.67901000,0
2025-12-24 08:00:00,0.666,0.671,0.664,0.667,1356093.15,2025-12-24 08:59:59.999,907033.72490000,2436,614640.54000000,411367.44820000,0
2025-12-24 09:00:00,0.668,0.675,0.664,0.674,2443314.19,2025-12-24 09:59:59.999,1635613.74582000,2973,1502936.66000000,1006324.73892000,0
2025-12-24 10:00:00,0.674,0.68,0.673,0.678,1444619.04,2025-12-24 10:59:59.999,978666.38917000,2268,821927.86000000,556924.42270000,0
2025-12-24 11:00:00,0.678,0.684,0.678,0.681,884530.27,2025-12-24 11:59:59.999,602651.05978000,2855,406970.72000000,277366.86946000,0
2025-12-24 12:00:00,0.682,0.682,0.677,0.681,958907.72,2025-12-24 12:59:59.999,651068.81396000,3040,391987.52000000,266186.43735000,0
2025-12-24 13:00:00,0.681,0.682,0.674,0.677,782060.72,2025-12-24 13:59:59.999,530305.81934000,2918,339212.41000000,230213.57596000,0
2025-12-24 14:00:00,0.678,0.684,0.669,0.681,3798308.18,2025-12-24 14:59:59.999,2575027.52333000,6802,1689817.06000000,1146575.50263000,0
2025-12-24 15:00:00,0.681,0.696,0.681,0.692,2678321.47,2025-12-24 15:59:59.999,1846114.36823000,5809,1376916.46000000,949095.58737000,0
2025-12-24 16:00:00,0.692,0.699,0.689,0.697,2176191.14,2025-12-24 16:59:59.999,1511436.03027000,5312,1223598.02000000,849810.16818000,0
2025-12-24 17:00:00,0.698,0.7,0.693,0.696,1437790.65,2025-12-24 17:59:59.999,1001245.46779000,2978,674001.76000000,469576.83586000,0
2025-12-24 18:00:00,0.696,0.698,0.694,0.696,619309.85,2025-12-24 18:59:59.999,431106.29659000,2011,282410.09000000,196653.45355000,0
2025-12-24 19:00:00,0.696,0.699,0.692,0.695,785264.78,2025-12-24 19:59:59.999,545730.61072000,2078,350458.59000000,243684.34302000,0
2025-12-24 20:00:00,0.695,0.699,0.694,0.694,608933.78,2025-12-24 20:59:59.999,424395.75703000,1479,330920.72000000,230757.11115000,0
2025-12-24 21:00:00,0.695,0.697,0.693,0.695,404157.42,2025-12-24 21:59:59.999,280790.75908000,1266,215153.91000000,149487.01891000,0
2025-12-24 22:00:00,0.696,0.7,0.694,0.699,604418.55,2025-12-24 22:59:59.999,421473.27688000,1377,320281.37000000,223389.44613000,0
2025-12-24 23:00:00,0.699,0.699,0.693,0.693,623382.64,2025-12-24 23:59:59.999,433736.98624000,1532,332935.90000000,231657.33654000,0
2025-12-25 00:00:00,0.694,0.695,0.687,0.688,897192.86,2025-12-25 00:59:59.999,620196.12612000,2695,376264.83000000,260240.60990000,0
2025-12-25 01:00:00,0.688,0.694,0.688,0.692,1114555.28,2025-12-25 01:59:59.999,771040.10866000,2623,574792.57000000,397657.66625000,0
2025-12-25 02:00:00,0.693,0.703,0.691,0.701,1870378.22,2025-12-25 02:59:59.999,1302660.46402000,2882,1357078.84000000,944877.43485000,0
2025-12-25 03:00:00,0.702,0.708,0.7,0.706,2428236.3,2025-12-25 03:59:59.999,1710407.07535000,3757,1293877.22000000,911233.42358000,0
2025-12-25 04:00:00,0.705,0.707,0.701,0.706,1097022.34,2025-12-25 04:59:59.999,771848.26445000,2208,554186.02000000,389981.13595000,0
2025-12-25 05:00:00,0.705,0.706,0.702,0.705,601750.81,2025-12-25 05:59:59.999,423378.10245000,1152,265246.13000000,186677.27184000,0
2025-12-25 06:00:00,0.704,0.706,0.699,0.704,852555.99,2025-12-25 06:59:59.999,598747.15386000,1773,354307.19000000,249011.72057000,0
2025-12-25 07:00:00,0.704,0.705,0.7,0.704,828658.77,2025-12-25 07:59:59.999,582154.48778000,1503,390395.02000000,274338.56420000,0
2025-12-25 08:00:00,0.704,0.707,0.696,0.699,1579922.41,2025-12-25 08:59:59.999,1106028.49676000,2885,598494.13000000,419153.31441000,0
2025-12-25 09:00:00,0.699,0.7,0.694,0.697,1220981.93,2025-12-25 09:59:59.999,850307.86250000,1517,639406.64000000,445321.36337000,0
2025-12-25 10:00:00,0.697,0.697,0.685,0.686,2416297.71,2025-12-25 10:59:59.999,1664163.53900000,3355,918580.55000000,633056.38454000,0
2025-12-25 11:00:00,0.686,0.691,0.684,0.688,1691771.81,2025-12-25 11:59:59.999,1162598.08376000,2508,734175.34000000,505036.86432000,0
2025-12-25 12:00:00,0.688,0.693,0.687,0.692,874676.15,2025-12-25 12:59:59.999,602694.42752000,1292,473740.59000000,326617.04662000,0
2025-12-25 13:00:00,0.692,0.693,0.685,0.686,1342009.17,2025-12-25 13:59:59.999,923873.98451000,2127,637386.64000000,438861.38738000,0
2025-12-25 14:00:00,0.686,0.687,0.682,0.685,1542224.79,2025-12-25 14:59:59.999,1055528.35686000,2169,754591.51000000,516712.13324000,0
2025-12-25 15:00:00,0.685,0.698,0.683,0.693,3606598.16,2025-12-25 15:59:59.999,2496812.95075000,4132,2027990.44000000,1403540.15358000,0
2025-12-25 16:00:00,0.694,0.699,0.686,0.688,1690214.05,2025-12-25 16:59:59.999,1173388.30872000,2885,878326.49000000,609928.88813000,0
2025-12-25 17:00:00,0.689,0.693,0.686,0.691,1442837.09,2025-12-25 17:59:59.999,995763.12231000,2266,525272.05000000,362540.22467000,0
2025-12-25 18:00:00,0.691,0.692,0.687,0.69,3049635.02,2025-12-25 18:59:59.999,2103749.67104000,3219,1340291.22000000,924775.75834000,0
2025-12-25 19:00:00,0.69,0.693,0.688,0.691,796160.25,2025-12-25 19:59:59.999,549962.26153000,1391,442658.99000000,305842.43919000,0
2025-12-25 20:00:00,0.692,0.695,0.688,0.691,1619130.65,2025-12-25 20:59:59.999,1117738.97975000,2391,695889.81000000,480559.18268000,0
2025-12-25 21:00:00,0.691,0.695,0.689,0.691,766394.96,2025-12-25 21:59:59.999,530806.55959000,1201,423902.13000000,293718.76495000,0
2025-12-25 22:00:00,0.692,0.692,0.676,0.68,1991952.91,2025-12-25 22:59:59.999,1357933.24090000,3477,695440.08000000,474237.07303000,0
2025-12-25 23:00:00,0.679,0.683,0.669,0.673,2218427.25,2025-12-25 23:59:59.999,1498852.41657000,3983,891687.62000000,602880.05806000,0
2025-12-26 00:00:00,0.673,0.679,0.672,0.679,1911288.41,2025-12-26 00:59:59.999,1291448.24389000,3267,837499.30000000,566113.25512000,0
2025-12-26 01:00:00,0.68,0.683,0.68,0.682,1212488.2,2025-12-26 01:59:59.999,826385.40284000,1630,689780.79000000,470237.12225000,0
2025-12-26 02:00:00,0.683,0.701,0.681,0.695,3783035.36,2025-12-26 02:59:59.999,2630043.59571000,6423,2117074.72000000,1471920.72307000,0
2025-12-26 03:00:00,0.695,0.696,0.69,0.694,1243209.23,2025-12-26 03:59:59.999,862144.31045000,2292,573792.27000000,398058.49092000,0
2025-12-26 04:00:00,0.693,0.694,0.688,0.693,995517.94,2025-12-26 04:59:59.999,687652.43902000,1693,508068.45000000,350982.13977000,0
2025-12-26 05:00:00,0.693,0.694,0.689,0.693,758888.92,2025-12-26 05:59:59.999,524871.04421000,1124,385307.08000000,266550.35350000,0
2025-12-26 06:00:00,0.692,0.702,0.692,0.7,2334787.12,2025-12-26 06:59:59.999,1629784.41418000,2531,1555928.47000000,1085894.50331000,0
2025-12-26 07:00:00,0.699,0.702,0.692,0.694,1961275.11,2025-12-26 07:59:59.999,1366683.96647000,2508,699130.06000000,487457.07985000,0
2025-12-26 08:00:00,0.693,0.698,0.692,0.697,1159241.54,2025-12-26 08:59:59.999,805628.36485000,1861,503322.52000000,349911.75383000,0
2025-12-26 09:00:00,0.698,0.706,0.696,0.703,1571493.88,2025-12-26 09:59:59.999,1101443.78355000,2330,919217.98000000,644469.27221000,0
2025-12-26 10:00:00,0.703,0.705,0.701,0.704,1008203.26,2025-12-26 10:59:59.999,708450.26389000,1728,555048.33000000,390060.26004000,0
2025-12-26 11:00:00,0.704,0.705,0.7,0.701,947759.01,2025-12-26 11:59:59.999,665782.32272000,1487,394971.21000000,277583.35327000,0
2025-12-26 12:00:00,0.702,0.706,0.7,0.705,1051822.15,2025-12-26 12:59:59.999,739765.65541000,1689,721874.10000000,507678.94794000,0
2025-12-26 13:00:00,0.706,0.708,0.703,0.703,1797632.92,2025-12-26 13:59:59.999,1266852.36447000,2386,1027400.27000000,724179.55792000,0
2025-12-26 14:00:00,0.703,0.705,0.691,0.694,3094097.61,2025-12-26 14:59:59.999,2159887.39566000,4454,1441768.53000000,1005783.39017000,0
2025-12-26 15:00:00,0.694,0.698,0.687,0.697,4560812.02,2025-12-26 15:59:59.999,3164314.44433000,6435,2112278.44000000,1466567.19737000,0
2025-12-26 16:00:00,0.698,0.699,0.689,0.691,2023007.74,2025-12-26 16:59:59.999,1406084.93942000,2534,786210.78000000,546608.25408000,0
2025-12-26 17:00:00,0.691,0.701,0.69,0.699,2274276.16,2025-12-26 17:59:59.999,1582389.18761000,2392,1514132.93000000,1053920.61925000,0
2025-12-26 18:00:00,0.699,0.705,0.697,0.701,2453620.95,2025-12-26 18:59:59.999,1723243.05860000,2802,722709.82000000,507339.82953000,0
2025-12-26 19:00:00,0.7,0.706,0.699,0.704,741325.11,2025-12-26 19:59:59.999,521058.31070000,1151,433900.55000000,304914.37961000,0
2025-12-26 20:00:00,0.705,0.713,0.701,0.708,1603279.93,2025-12-26 20:59:59.999,1133052.57045000,2429,1022188.94000000,722749.90514000,0
2025-12-26 21:00:00,0.708,0.713,0.706,0.707,1724928.74,2025-12-26 21:59:59.999,1224645.06875000,1954,874842.03000000,621281.06664000,0
2025-12-26 22:00:00,0.707,0.709,0.703,0.708,1236814.55,2025-12-26 22:59:59.999,872959.40375000,1705,586988.76000000,414304.78923000,0
2025-12-26 23:00:00,0.708,0.711,0.707,0.708,849718.89,2025-12-26 23:59:59.999,602343.94547000,1609,451976.44000000,320481.15299000,0
2025-12-27 00:00:00,0.709,0.71,0.705,0.708,788876.4,2025-12-27 00:59:59.999,558240.17825000,1267,402004.99000000,284569.11554000,0
2025-12-27 01:00:00,0.708,0.715,0.707,0.713,2086455.42,2025-12-27 01:59:59.999,1484931.89832000,2776,924675.26000000,658065.26472000,0
2025-12-27 02:00:00,0.714,0.719,0.71,0.711,3174065.1,2025-12-27 02:59:59.999,2261736.47953000,3600,1566125.20000000,1115932.70340000,0
2025-12-27 03:00:00,0.712,0.718,0.711,0.717,1383526.56,2025-12-27 03:59:59.999,990160.35413000,1563,813772.13000000,582426.23919000,0
2025-12-27 04:00:00,0.717,0.719,0.712,0.718,1039397.45,2025-12-27 04:59:59.999,744015.22910000,1412,642249.19000000,460027.76405000,0
2025-12-27 05:00:00,0.717,0.724,0.716,0.719,2007716.8,2025-12-27 05:59:59.999,1444609.78130000,2707,1003343.10000000,722203.20393000,0
2025-12-27 06:00:00,0.719,0.72,0.714,0.716,887858.22,2025-12-27 06:59:59.999,635893.23722000,1271,398558.02000000,285517.05194000,0
2025-12-27 07:00:00,0.716,0.718,0.713,0.714,1136073.34,2025-12-27 07:59:59.999,812968.71265000,1476,552957.98000000,395742.36562000,0
2025-12-27 08:00:00,0.714,0.717,0.71,0.712,1041046.5,2025-12-27 08:59:59.999,742228.97817000,1611,431059.94000000,307453.85641000,0
2025-12-27 09:00:00,0.712,0.713,0.707,0.71,1975561.02,2025-12-27 09:59:59.999,1402091.43415000,1834,737827.58000000,523732.14788000,0
2025-12-27 10:00:00,0.71,0.712,0.706,0.71,1876624.56,2025-12-27 10:59:59.999,1329869.58157000,2223,893276.49000000,633448.97117000,0
2025-12-27 11:00:00,0.71,0.713,0.708,0.712,1004837.24,2025-12-27 11:59:59.999,714409.17547000,1350,573168.12000000,407574.99034000,0
2025-12-27 12:00:00,0.712,0.713,0.707,0.71,1212742.75,2025-12-27 12:59:59.999,859984.52538000,1986,537230.84000000,381066.28617000,0
2025-12-27 13:00:00,0.711,0.712,0.706,0.708,1439612.69,2025-12-27 13:59:59.999,1021090.81549000,1912,584661.15000000,414908.91290000,0
2025-12-27 14:00:00,0.708,0.713,0.707,0.711,1136448.83,2025-12-27 14:59:59.999,806044.77871000,1322,622194.72000000,441322.15573000,0
2025-12-27 15:00:00,0.711,0.716,0.711,0.715,1137874.04,2025-12-27 15:59:59.999,811814.27613000,1332,679522.17000000,484951.63482000,0
2025-12-27 16:00:00,0.716,0.718,0.709,0.711,1118135.29,2025-12-27 16:59:59.999,797977.18725000,1916,574483.39000000,410238.21814000,0
2025-12-27 17:00:00,0.71,0.712,0.709,0.71,641218.07,2025-12-27 17:59:59.999,455309.46979000,964,228996.50000000,162686.54748000,0
2025-12-27 18:00:00,0.71,0.71,0.707,0.709,506520.3,2025-12-27 18:59:59.999,358607.28835000,828,250368.71000000,177305.51119000,0
2025-12-27 19:00:00,0.709,0.712,0.707,0.711,664207.98,2025-12-27 19:59:59.999,470996.69111000,907,437647.36000000,310309.76797000,0
2025-12-27 20:00:00,0.71,0.712,0.707,0.709,404609.14,2025-12-27 20:59:59.999,287058.57092000,551,168957.07000000,119907.34413000,0
2025-12-27 21:00:00,0.709,0.722,0.709,0.72,1427474.37,2025-12-27 21:59:59.999,1022481.18223000,2483,1004508.99000000,719664.27074000,0
2025-12-27 22:00:00,0.721,0.722,0.715,0.717,1745721.63,2025-12-27 22:59:59.999,1254446.66215000,2036,888447.83000000,638619.21577000,0
2025-12-27 23:00:00,0.718,0.724,0.716,0.721,1795338.76,2025-12-27 23:59:59.999,1292770.90280000,2598,989427.00000000,712495.02751000,0
2025-12-28 00:00:00,0.721,0.723,0.717,0.718,1059177.39,2025-12-28 00:59:59.999,762869.85859000,1561,594433.31000000,428175.73509000,0
2025-12-28 01:00:00,0.718,0.719,0.713,0.715,531378.82,2025-12-28 01:59:59.999,380412.55485000,1509,225059.54000000,161178.01221000,0
2025-12-28 02:00:00,0.714,0.718,0.713,0.714,732767.69,2025-12-28 02:59:59.999,524763.94220000,1581,378417.68000000,271152.63780000,0
2025-12-28 03:00:00,0.715,0.718,0.713,0.717,693439.54,2025-12-28 03:59:59.999,496175.89024000,1442,315964.53000000,226124.93434000,0
2025-12-28 04:00:00,0.717,0.719,0.714,0.715,856861.82,2025-12-28 04:59:59.999,613863.73719000,1162,276614.56000000,198246.98311000,0
2025-12-28 05:00:00,0.715,0.716,0.71,0.711,774013.47,2025-12-28 05:59:59.999,552651.12532000,1146,294429.89000000,210353.78153000,0
2025-12-28 06:00:00,0.71,0.714,0.71,0.713,833276.13,2025-12-28 06:59:59.999,593099.24764000,959,414967.27000000,295424.70054000,0
2025-12-28 07:00:00,0.713,0.716,0.712,0.716,531909.26,2025-12-28 07:59:59.999,379816.56507000,825,324295.69000000,231590.94365000,0
2025-12-28 08:00:00,0.715,0.721,0.714,0.719,1359182.78,2025-12-28 08:59:59.999,976194.40933000,1989,782087.93000000,561780.83967000,0
2025-12-28 09:00:00,0.718,0.722,0.718,0.719,683743.63,2025-12-28 09:59:59.999,492082.30263000,1250,374427.10000000,269550.78327000,0
2025-12-28 10:00:00,0.72,0.729,0.719,0.724,1282919.73,2025-12-28 10:59:59.999,928527.61880000,2428,713859.86000000,516853.78290000,0
2025-12-28 11:00:00,0.725,0.727,0.719,0.72,938885.5,2025-12-28 11:59:59.999,677500.28978000,1335,389277.75000000,281082.46082000,0
2025-12-28 12:00:00,0.72,0.722,0.716,0.718,728226.28,2025-12-28 12:59:59.999,523512.58656000,1282,369454.27000000,265635.25660000,0
2025-12-28 13:00:00,0.718,0.721,0.717,0.719,701392.17,2025-12-28 13:59:59.999,504191.77670000,1148,379884.53000000,273053.84975000,0
2025-12-28 14:00:00,0.719,0.724,0.718,0.719,880592.26,2025-12-28 14:59:59.999,635354.43010000,1858,414562.44000000,299030.94740000,0
2025-12-28 15:00:00,0.719,0.722,0.716,0.718,1596226.49,2025-12-28 15:59:59.999,1147351.33810000,2016,739205.80000000,531543.34090000,0
2025-12-28 16:00:00,0.718,0.723,0.718,0.722,788812.5,2025-12-28 16:59:59.999,568147.50400000,1474,427616.51000000,308135.43914000,0
2025-12-28 17:00:00,0.722,0.729,0.721,0.722,1184791.44,2025-12-28 17:59:59.999,859342.91133000,1949,643965.81000000,467367.52632000,0
2025-12-28 18:00:00,0.722,0.723,0.711,0.714,1647320.04,2025-12-28 18:59:59.999,1178782.92014000,3407,721591.01000000,516354.78927000,0
2025-12-28 19:00:00,0.714,0.715,0.708,0.708,1097523.91,2025-12-28 19:59:59.999,780236.98150000,1920,360893.90000000,256708.26518000,0
2025-12-28 20:00:00,0.708,0.714,0.707,0.709,826729.81,2025-12-28 20:59:59.999,587742.24222000,1789,387053.90000000,275256.20896000,0
2025-12-28 21:00:00,0.71,0.712,0.708,0.71,784871.82,2025-12-28 21:59:59.999,557100.11989000,1440,386642.54000000,274536.27720000,0
2025-12-28 22:00:00,0.71,0.714,0.706,0.713,894429.62,2025-12-28 22:59:59.999,634911.78150000,1453,428673.71000000,304401.96239000,0
2025-12-28 23:00:00,0.713,0.716,0.71,0.715,533921.32,2025-12-28 23:59:59.999,380371.60687000,1266,262649.98000000,187137.10388000,0
2025-12-29 00:00:00,0.715,0.726,0.712,0.723,1297663.79,2025-12-29 00:59:59.999,934778.60846000,2690,784151.48000000,564485.07917000,0
2025-12-29 01:00:00,0.723,0.729,0.716,0.728,1257168.87,2025-12-29 01:59:59.999,908407.63737000,3027,511139.40000000,369894.07645000,0
2025-12-29 02:00:00,0.727,0.732,0.721,0.723,1750840.86,2025-12-29 02:59:59.999,1272558.39520000,4048,832313.27000000,605362.35386000,0
2025-12-29 03:00:00,0.723,0.732,0.72,0.73,1455816.92,2025-12-29 03:59:59.999,1058500.68536000,3362,925522.00000000,673155.24102000,0
2025-12-29 04:00:00,0.731,0.736,0.729,0.731,1122496.48,2025-12-29 04:59:59.999,821346.08652000,3134,605586.05000000,443351.61368000,0
2025-12-29 05:00:00,0.73,0.731,0.724,0.724,1169224.79,2025-12-29 05:59:59.999,850702.69216000,2618,559788.59000000,407477.97372000,0
2025-12-29 06:00:00,0.725,0.726,0.718,0.719,1172927.88,2025-12-29 06:59:59.999,847024.64962000,2401,451585.23000000,326290.77053000,0
2025-12-29 07:00:00,0.719,0.721,0.714,0.718,1555146.95,2025-12-29 07:59:59.999,1115295.03184000,3486,826878.06000000,593148.83303000,0
2025-12-29 08:00:00,0.719,0.722,0.712,0.713,882999.52,2025-12-29 08:59:59.999,634052.39067000,2032,428154.18000000,307717.73104000,0
2025-12-29 09:00:00,0.712,0.716,0.698,0.704,3031427.98,2025-12-29 09:59:59.999,2136898.17802000,6604,1128654.78000000,796699.71838000,0
2025-12-29 10:00:00,0.704,0.708,0.702,0.703,1272321.44,2025-12-29 10:59:59.999,896576.81388000,2896,599043.41000000,422270.67731000,0
2025-12-29 11:00:00,0.703,0.706,0.701,0.703,1386641.57,2025-12-29 11:59:59.999,975636.66341000,2429,764719.32000000,538239.01227000,0
2025-12-29 12:00:00,0.703,0.703,0.685,0.694,4373599.4,2025-12-29 12:59:59.999,3035533.35221000,7855,1900851.53000000,1320531.63510000,0
2025-12-29 13:00:00,0.695,0.697,0.686,0.688,1815620.16,2025-12-29 13:59:59.999,1253880.50439000,3654,736780.60000000,509248.04169000,0
2025-12-29 14:00:00,0.688,0.698,0.684,0.69,3088691.19,2025-12-29 14:59:59.999,2136080.10939000,7245,1436510.41000000,994146.34522000,0
2025-12-29 15:00:00,0.691,0.702,0.688,0.698,2370055.76,2025-12-29 15:59:59.999,1649126.50501000,5193,1264023.92000000,879697.68191000,0
2025-12-29 16:00:00,0.699,0.703,0.696,0.699,1981087.91,2025-12-29 16:59:59.999,1386501.99545000,4626,697333.17000000,488214.52808000,0
2025-12-29 17:00:00,0.699,0.703,0.694,0.698,1374404.07,2025-12-29 17:59:59.999,959060.82705000,2969,569115.80000000,397170.17856000,0
2025-12-29 18:00:00,0.699,0.7,0.687,0.688,2003267.93,2025-12-29 18:59:59.999,1387437.93989000,3256,473643.35000000,328469.63461000,0
2025-12-29 19:00:00,0.689,0.695,0.687,0.69,886957.59,2025-12-29 19:59:59.999,613159.48444000,1962,378360.68000000,261745.30076000,0
2025-12-29 20:00:00,0.69,0.693,0.687,0.689,434860.48,2025-12-29 20:59:59.999,299551.37346000,1660,199703.44000000,137593.62274000,0
2025-12-29 21:00:00,0.689,0.695,0.689,0.693,512011.67,2025-12-29 21:59:59.999,354188.65190000,1132,223603.04000000,154714.33653000,0
2025-12-29 22:00:00,0.694,0.695,0.691,0.694,343109.61,2025-12-29 22:59:59.999,237854.11056000,989,157814.98000000,109446.15663000,0
2025-12-29 23:00:00,0.695,0.699,0.693,0.697,730842.07,2025-12-29 23:59:59.999,509352.41650000,1568,351447.96000000,245032.06566000,0
2025-12-30 00:00:00,0.697,0.699,0.691,0.692,939021.86,2025-12-30 00:59:59.999,653142.48269000,2271,369112.55000000,256920.46712000,0
2025-12-30 01:00:00,0.691,0.696,0.689,0.692,591376.56,2025-12-30 01:59:59.999,409525.86804000,1383,321329.67000000,222571.37491000,0
2025-12-30 02:00:00,0.693,0.694,0.689,0.691,769137.59,2025-12-30 02:59:59.999,531737.84249000,1525,230471.96000000,159420.71302000,0
2025-12-30 03:00:00,0.692,0.696,0.687,0.694,669987.0,2025-12-30 03:59:59.999,463649.83668000,1918,238269.87000000,164857.04852000,0
2025-12-30 04:00:00,0.695,0.696,0.69,0.694,516002.8,2025-12-30 04:59:59.999,357879.79799000,1242,234324.74000000,162548.02866000,0
2025-12-30 05:00:00,0.694,0.704,0.688,0.699,1607677.72,2025-12-30 05:59:59.999,1117911.34542000,3373,663035.40000000,461644.46050000,0
2025-12-30 06:00:00,0.699,0.704,0.696,0.698,1262390.77,2025-12-30 06:59:59.999,883551.71313000,2332,563464.71000000,394548.56949000,0
2025-12-30 07:00:00,0.698,0.698,0.694,0.696,773302.1,2025-12-30 07:59:59.999,537878.89860000,1454,289689.08000000,201561.66788000,0
2025-12-30 08:00:00,0.695,0.702,0.695,0.699,1826244.44,2025-12-30 08:59:59.999,1277375.09927000,3438,841894.80000000,589132.78006000,0
2025-12-30 09:00:00,0.699,0.702,0.697,0.698,1318915.21,2025-12-30 09:59:59.999,922076.65376000,1914,339857.43000000,237796.37253000,0
2025-12-30 10:00:00,0.699,0.699,0.691,0.692,1257611.64,2025-12-30 10:59:59.999,873674.93434000,2148,506067.10000000,351529.22776000,0
2025-12-30 11:00:00,0.692,0.697,0.691,0.693,1041100.15,2025-12-30 11:59:59.999,722419.74337000,1722,391985.20000000,272048.26021000,0
2025-12-30 12:00:00,0.693,0.697,0.688,0.69,1077209.13,2025-12-30 12:59:59.999,745111.69544000,2161,386351.57000000,267353.07179000,0
2025-12-30 13:00:00,0.69,0.698,0.689,0.697,974208.13,2025-12-30 13:59:59.999,674214.01266000,1885,499517.05000000,345973.11491000,0
2025-12-30 14:00:00,0.697,0.701,0.69,0.697,2197253.97,2025-12-30 14:59:59.999,1526345.41991000,4769,942483.86000000,655230.41191000,0
2025-12-30 15:00:00,0.698,0.699,0.69,0.696,1873080.01,2025-12-30 15:59:59.999,1299047.09166000,3631,826564.99000000,573449.52589000,0
2025-12-30 16:00:00,0.696,0.697,0.688,0.691,1873343.8,2025-12-30 16:59:59.999,1296057.98876000,3014,910158.58000000,629715.86311000,0
2025-12-30 17:00:00,0.691,0.693,0.686,0.687,986017.61,2025-12-30 17:59:59.999,680605.82713000,1860,498611.77000000,344466.85358000,0
2025-12-30 18:00:00,0.687,0.69,0.685,0.688,765870.94,2025-12-30 18:59:59.999,526907.18117000,1417,438118.32000000,301581.77061000,0
2025-12-30 19:00:00,0.687,0.689,0.681,0.689,1116110.05,2025-12-30 19:59:59.999,765057.16111000,1775,567423.82000000,389097.28393000,0
2025-12-30 20:00:00,0.689,0.69,0.685,0.688,894222.74,2025-12-30 20:59:59.999,614926.76153000,1426,392836.61000000,270117.17541000,0
2025-12-30 21:00:00,0.687,0.69,0.687,0.689,810707.3,2025-12-30 21:59:59.999,558188.71183000,1075,432308.64000000,297678.42363000,0
2025-12-30 22:00:00,0.689,0.691,0.685,0.688,463235.16,2025-12-30 22:59:59.999,318824.13628000,946,187216.82000000,128961.42080000,0
2025-12-30 23:00:00,0.688,0.69,0.687,0.69,883929.92,2025-12-30 23:59:59.999,608315.74572000,1095,476018.25000000,327718.78231000,0
2025-12-31 00:00:00,0.69,0.69,0.685,0.687,445129.19,2025-12-31 00:59:59.999,305799.11369000,810,256520.16000000,176237.69351000,0
2025-12-31 01:00:00,0.687,0.696,0.686,0.694,865726.81,2025-12-31 01:59:59.999,599803.13849000,1849,455862.31000000,315866.72234000,0
2025-12-31 02:00:00,0.695,0.696,0.691,0.693,614144.19,2025-12-31 02:59:59.999,425711.52504000,1415,291339.15000000,202124.82303000,0
2025-12-31 03:00:00,0.694,0.695,0.69,0.694,478803.47,2025-12-31 03:59:59.999,331601.29924000,1083,214041.22000000,148259.81487000,0
2025-12-31 04:00:00,0.694,0.697,0.691,0.692,463594.61,2025-12-31 04:59:59.999,321752.83420000,1056,205988.26000000,143022.27013000,0
2025-12-31 05:00:00,0.692,0.694,0.691,0.693,311191.12,2025-12-31 05:59:59.999,215591.91534000,810,161035.16000000,111584.34519000,0
2025-12-31 06:00:00,0.693,0.697,0.693,0.696,307320.09,2025-12-31 06:59:59.999,213534.18347000,992,198874.46000000,138208.20998000,0
2025-12-31 07:00:00,0.696,0.699,0.694,0.699,701899.49,2025-12-31 07:59:59.999,488850.27700000,1138,367005.56000000,255686.63281000,0
2025-12-31 08:00:00,0.699,0.7,0.692,0.693,990618.91,2025-12-31 08:59:59.999,689617.74340000,1981,434134.39000000,302533.16147000,0
2025-12-31 09:00:00,0.694,0.695,0.69,0.695,859842.82,2025-12-31 09:59:59.999,595814.54749000,1426,419201.95000000,290625.09134000,0
2025-12-31 10:00:00,0.695,0.697,0.691,0.693,783306.12,2025-12-31 10:59:59.999,543982.58206000,1172,361349.62000000,251050.59250000,0
2025-12-31 11:00:00,0.693,0.698,0.692,0.697,535396.69,2025-12-31 11:59:59.999,372410.83520000,1075,268299.35000000,186833.61099000,0
2025-12-31 12:00:00,0.697,0.697,0.689,0.692,1016838.24,2025-12-31 12:59:59.999,704573.33357000,1672,355603.57000000,246584.04560000,0
2025-12-31 13:00:00,0.691,0.696,0.689,0.691,903982.72,2025-12-31 13:59:59.999,625674.25947000,1525,328197.00000000,227403.87153000,0
2025-12-31 14:00:00,0.692,0.697,0.692,0.694,1616486.39,2025-12-31 14:59:59.999,1122912.43977000,3478,632125.28000000,439179.54780000,0
2025-12-31 15:00:00,0.694,0.695,0.69,0.69,1090234.29,2025-12-31 15:59:59.999,754782.82281000,2594,393734.88000000,272656.43362000,0
2025-12-31 16:00:00,0.691,0.694,0.672,0.682,4301872.62,2025-12-31 16:59:59.999,2928350.60674000,6946,1880580.57000000,1279494.51748000,0
2025-12-31 17:00:00,0.682,0.686,0.679,0.685,1246274.2,2025-12-31 17:59:59.999,850855.35457000,2276,498028.51000000,340096.06305000,0
2025-12-31 18:00:00,0.686,0.694,0.684,0.688,1022983.15,2025-12-31 18:59:59.999,705442.27895000,2393,596551.00000000,411402.43304000,0
2025-12-31 19:00:00,0.688,0.698,0.687,0.698,1249569.85,2025-12-31 19:59:59.999,867677.19974000,2732,639262.70000000,443921.02784000,0
2025-12-31 20:00:00,0.698,0.699,0.69,0.695,2070123.71,2025-12-31 20:59:59.999,1438387.67791000,3371,838239.82000000,583006.08688000,0
2025-12-31 21:00:00,0.695,0.696,0.692,0.692,532797.81,2025-12-31 21:59:59.999,369488.22267000,1184,254420.95000000,176432.25345000,0
2025-12-31 22:00:00,0.693,0.695,0.69,0.692,583270.23,2025-12-31 22:59:59.999,403465.91693000,1150,230926.97000000,159805.11717000,0
2025-12-31 23:00:00,0.691,0.694,0.689,0.693,467966.29,2025-12-31 23:59:59.999,323736.76255000,840,278054.25000000,192400.73225000,0
2026-01-01 00:00:00,0.692,0.696,0.691,0.692,600592.45,2026-01-01 00:59:59.999,416669.28398000,1220,267269.34000000,185493.25869000,0
2026-01-01 01:00:00,0.692,0.696,0.691,0.694,360034.88,2026-01-01 01:59:59.999,249538.88366000,919,177062.78000000,122783.94211000,0
2026-01-01 02:00:00,0.695,0.696,0.693,0.694,538292.84,2026-01-01 02:59:59.999,373624.87100000,868,178513.92000000,123956.21501000,0
2026-01-01 03:00:00,0.693,0.695,0.691,0.694,486802.45,2026-01-01 03:59:59.999,337420.63459000,975,243951.42000000,169138.45325000,0
2026-01-01 04:00:00,0.694,0.694,0.689,0.691,620567.43,2026-01-01 04:59:59.999,428690.74572000,1100,270937.33000000,187179.37041000,0
2026-01-01 05:00:00,0.691,0.696,0.691,0.694,776043.57,2026-01-01 05:59:59.999,538938.14329000,1224,401741.16000000,279001.82875000,0
2026-01-01 06:00:00,0.695,0.699,0.693,0.693,1527269.25,2026-01-01 06:59:59.999,1062988.98322000,1833,995863.35000000,693294.36140000,0
2026-01-01 07:00:00,0.694,0.695,0.692,0.693,381945.44,2026-01-01 07:59:59.999,264923.85283000,724,144085.99000000,99982.47810000,0
2026-01-01 08:00:00,0.694,0.696,0.691,0.694,596458.26,2026-01-01 08:59:59.999,413062.56069000,1205,316098.95000000,219035.04363000,0
2026-01-01 09:00:00,0.695,0.697,0.692,0.693,747876.7,2026-01-01 09:59:59.999,519708.23609000,998,353926.29000000,246056.73029000,0
2026-01-01 10:00:00,0.693,0.697,0.692,0.695,878543.03,2026-01-01 10:59:59.999,610375.22217000,1075,568067.70000000,394918.29562000,0
2026-01-01 11:00:00,0.695,0.698,0.695,0.698,511791.76,2026-01-01 11:59:59.999,356602.63385000,897,296920.41000000,206949.73294000,0
2026-01-01 12:00:00,0.698,0.698,0.693,0.696,709838.37,2026-01-01 12:59:59.999,493933.83530000,1057,392111.93000000,272967.21164000,0
2026-01-01 13:00:00,0.697,0.701,0.696,0.699,1285565.39,2026-01-01 13:59:59.999,898052.82571000,1925,544452.70000000,380379.37042000,0
2026-01-01 14:00:00,0.7,0.702,0.697,0.698,878942.65,2026-01-01 14:59:59.999,614807.64824000,1334,423345.63000000,296252.11745000,0
2026-01-01 15:00:00,0.699,0.704,0.696,0.7,1678150.09,2026-01-01 15:59:59.999,1174350.78509000,2428,721708.81000000,505595.62776000,0
2026-01-01 16:00:00,0.701,0.703,0.696,0.698,1640132.71,2026-01-01 16:59:59.999,1146968.49778000,2405,747218.73000000,522999.15608000,0
2026-01-01 17:00:00,0.698,0.707,0.698,0.705,1888128.93,2026-01-01 17:59:59.999,1327060.66060000,3094,915881.41000000,644145.83199000,0
2026-01-01 18:00:00,0.705,0.707,0.702,0.703,1171611.9,2026-01-01 18:59:59.999,825604.88892000,1960,475706.20000000,335377.08595000,0
2026-01-01 19:00:00,0.703,0.709,0.7,0.709,1536039.66,2026-01-01 19:59:59.999,1080476.59326000,2584,620022.65000000,436932.06792000,0
2026-01-01 20:00:00,0.708,0.709,0.704,0.705,732375.35,2026-01-01 20:59:59.999,517287.01020000,1653,376298.46000000,265822.79203000,0
2026-01-01 21:00:00,0.704,0.707,0.703,0.705,474408.03,2026-01-01 21:59:59.999,334351.94818000,842,211789.74000000,149298.12280000,0
2026-01-01 22:00:00,0.706,0.71,0.705,0.71,975667.48,2026-01-01 22:59:59.999,690801.41671000,1566,488446.19000000,345936.95963000,0
2026-01-01 23:00:00,0.71,0.713,0.709,0.711,971405.22,2026-01-01 23:59:59.999,690608.28793000,1653,450156.73000000,320163.54668000,0
2026-01-02 00:00:00,0.711,0.715,0.707,0.712,1393542.71,2026-01-02 00:59:59.999,991086.89559000,2046,758443.22000000,539804.56526000,0
2026-01-02 01:00:00,0.712,0.714,0.709,0.711,841767.95,2026-01-02 01:59:59.999,598952.73645000,1297,414922.33000000,295340.14795000,0
2026-01-02 02:00:00,0.711,0.712,0.705,0.709,1074420.22,2026-01-02 02:59:59.999,761223.07210000,1382,336398.73000000,238182.21521000,0
2026-01-02 03:00:00,0.709,0.717,0.707,0.714,1460592.41,2026-01-02 03:59:59.999,1041598.83413000,2899,821081.71000000,585450.24776000,0
2026-01-02 04:00:00,0.714,0.715,0.709,0.711,696182.66,2026-01-02 04:59:59.999,495585.94207000,1332,397285.16000000,282905.17912000,0
2026-01-02 05:00:00,0.711,0.713,0.707,0.712,774489.95,2026-01-02 05:59:59.999,549414.13133000,1548,317173.99000000,225094.93728000,0
2026-01-02 06:00:00,0.712,0.718,0.712,0.715,1384556.54,2026-01-02 06:59:59.999,990636.48594000,1956,855482.55000000,612102.04722000,0
2026-01-02 07:00:00,0.715,0.718,0.71,0.716,796487.37,2026-01-02 07:59:59.999,569405.57590000,1434,397723.19000000,284392.94094000,0
2026-01-02 08:00:00,0.716,0.722,0.715,0.718,1249438.63,2026-01-02 08:59:59.999,897661.61417000,1888,697263.70000000,501097.75369000,0
2026-01-02 09:00:00,0.718,0.729,0.718,0.727,4706440.83,2026-01-02 09:59:59.999,3411896.28037000,5739,2595188.01000000,1881565.40524000,0
2026-01-02 10:00:00,0.727,0.731,0.726,0.729,3364056.88,2026-01-02 10:59:59.999,2451855.48378000,4185,2095150.04000000,1527514.61195000,0
2026-01-02 11:00:00,0.729,0.729,0.719,0.722,2105019.28,2026-01-02 11:59:59.999,1523182.91617000,3860,1005469.08000000,728032.39039000,0
2026-01-02 12:00:00,0.722,0.733,0.719,0.73,2341140.99,2026-01-02 12:59:59.999,1700642.44029000,3638,1267842.75000000,921200.74163000,0
2026-01-02 13:00:00,0.73,0.744,0.729,0.742,4682221.47,2026-01-02 13:59:59.999,3454497.86833000,10810,2862905.41000000,2113227.33097000,0
2026-01-02 14:00:00,0.742,0.76,0.734,0.75,9602576.66,2026-01-02 14:59:59.999,7185282.18507000,16519,5199122.85000000,3892542.84040000,0
2026-01-02 15:00:00,0.75,0.759,0.739,0.75,6497402.93,2026-01-02 15:59:59.999,4873638.06854000,11867,3611575.75000000,2709453.56011000,0
2026-01-02 16:00:00,0.75,0.763,0.748,0.755,4941123.91,2026-01-02 16:59:59.999,3731653.40252000,10011,2707350.82000000,2045206.02866000,0
2026-01-02 17:00:00,0.755,0.76,0.746,0.747,2609454.56,2026-01-02 17:59:59.999,1964044.33251000,5378,1195449.79000000,900644.91945000,0
2026-01-02 18:00:00,0.747,0.753,0.741,0.744,2692807.56,2026-01-02 18:59:59.999,2011635.30399000,5122,1067915.50000000,798478.63766000,0
2026-01-02 19:00:00,0.744,0.751,0.742,0.75,1953231.42,2026-01-02 19:59:59.999,1460664.38359000,4196,1021672.74000000,764319.73799000,0
2026-01-02 20:00:00,0.751,0.755,0.744,0.746,1398565.1,2026-01-02 20:59:59.999,1047999.80629000,3425,553751.51000000,415396.09746000,0
2026-01-02 21:00:00,0.746,0.75,0.745,0.748,725952.06,2026-01-02 21:59:59.999,542239.73277000,1713,419592.12000000,313486.51519000,0
2026-01-02 22:00:00,0.748,0.755,0.746,0.752,1456028.09,2026-01-02 22:59:59.999,1092056.83771000,3320,795712.16000000,597055.23973000,0
2026-01-02 23:00:00,0.752,0.756,0.751,0.753,978357.8,2026-01-02 23:59:59.999,737077.50976000,2036,445581.99000000,335688.60089000,0
2026-01-03 00:00:00,0.753,0.759,0.752,0.756,1272081.74,2026-01-03 00:59:59.999,962204.98500000,2566,813076.24000000,615337.01956000,0
2026-01-03 01:00:00,0.755,0.762,0.752,0.758,1619969.47,2026-01-03 01:59:59.999,1225828.18680000,2771,846445.56000000,640999.42133000,0
2026-01-03 02:00:00,0.758,0.765,0.753,0.76,1697071.71,2026-01-03 02:59:59.999,1285862.78009000,2660,1093072.17000000,828589.65451000,0
2026-01-03 03:00:00,0.76,0.763,0.753,0.761,2443835.53,2026-01-03 03:59:59.999,1849137.19234000,2716,1345367.67000000,1017932.88570000,0
2026-01-03 04:00:00,0.761,0.768,0.758,0.763,1366967.0,2026-01-03 04:59:59.999,1041619.46734000,2799,766858.55000000,584380.61278000,0
2026-01-03 05:00:00,0.763,0.766,0.746,0.75,4287016.53,2026-01-03 05:59:59.999,3229866.44022000,6036,1802819.05000000,1358287.99554000,0
2026-01-03 06:00:00,0.75,0.754,0.738,0.74,3617113.76,2026-01-03 06:59:59.999,2698038.90250000,6007,1188898.33000000,886707.10892000,0
2026-01-03 07:00:00,0.74,0.741,0.726,0.73,4236827.24,2026-01-03 07:59:59.999,3099940.08858000,7291,1506402.96000000,1102318.01427000,0
2026-01-03 08:00:00,0.73,0.735,0.725,0.732,2790070.13,2026-01-03 08:59:59.999,2040438.74088000,4175,1529517.99000000,1119262.38543000,0
2026-01-03 09:00:00,0.731,0.737,0.729,0.733,2351217.73,2026-01-03 09:59:59.999,1724495.97314000,4319,1367978.51000000,1003978.59044000,0
2026-01-03 10:00:00,0.733,0.739,0.729,0.732,3772889.82,2026-01-03 10:59:59.999,2769568.34071000,4268,1786378.80000000,1311585.56858000,0
2026-01-03 11:00:00,0.732,0.734,0.728,0.733,1395864.26,2026-01-03 11:59:59.999,1019657.25709000,1872,528523.83000000,386238.38601000,0
2026-01-03 12:00:00,0.732,0.738,0.73,0.736,1042413.57,2026-01-03 12:59:59.999,766019.56288000,2309,530930.52000000,390119.51105000,0
2026-01-03 13:00:00,0.737,0.749,0.736,0.745,2282511.33,2026-01-03 13:59:59.999,1697651.10102000,4162,1508640.32000000,1122069.54248000,0
2026-01-03 14:00:00,0.746,0.748,0.741,0.744,1364742.51,2026-01-03 14:59:59.999,1015270.53125000,2805,709192.76000000,527789.59365000,0
2026-01-03 15:00:00,0.743,0.743,0.735,0.739,1504594.4,2026-01-03 15:59:59.999,1111335.89370000,2671,635857.34000000,469909.92808000,0
2026-01-03 16:00:00,0.738,0.75,0.738,0.748,1572594.68,2026-01-03 16:59:59.999,1171556.03688000,3126,933482.18000000,695615.04615000,0
2026-01-03 17:00:00,0.748,0.751,0.744,0.745,993028.91,2026-01-03 17:59:59.999,741958.33980000,1796,504089.03000000,376868.16106000,0
2026-01-03 18:00:00,0.745,0.751,0.741,0.75,847701.96,2026-01-03 18:59:59.999,632710.08272000,1606,414450.27000000,309616.60926000,0
2026-01-03 19:00:00,0.749,0.749,0.744,0.745,916762.36,2026-01-03 19:59:59.999,684708.95791000,1450,390671.36000000,291851.57359000,0
2026-01-03 20:00:00,0.746,0.747,0.74,0.745,756176.7,2026-01-03 20:59:59.999,562777.97763000,1447,392350.66000000,292105.05006000,0
2026-01-03 21:00:00,0.744,0.749,0.742,0.746,1108302.95,2026-01-03 21:59:59.999,825628.83130000,1838,757615.06000000,564758.30122000,0
2026-01-03 22:00:00,0.745,0.748,0.743,0.747,770116.84,2026-01-03 22:59:59.999,574251.82286000,1318,414341.54000000,309071.15041000,0
2026-01-03 23:00:00,0.747,0.749,0.744,0.747,1276982.84,2026-01-03 23:59:59.999,954002.85377000,1950,740298.62000000,553183.33375000,0
2026-01-04 00:00:00,0.747,0.754,0.74,0.745,4294361.06,2026-01-04 00:59:59.999,3209730.34990000,6359,2186326.01000000,1636048.75731000,0
2026-01-04 01:00:00,0.745,0.748,0.74,0.743,1186109.72,2026-01-04 01:59:59.999,882403.34276000,2426,438062.79000000,325889.13131000,0
2026-01-04 02:00:00,0.742,0.747,0.74,0.744,1148445.58,2026-01-04 02:59:59.999,853942.85050000,2290,548676.40000000,408025.48067000,0
2026-01-04 03:00:00,0.743,0.751,0.743,0.749,1118968.21,2026-01-04 03:59:59.999,837313.09218000,2783,624945.35000000,467766.46626000,0
2026-01-04 04:00:00,0.748,0.754,0.748,0.751,1216086.37,2026-01-04 04:59:59.999,914097.87844000,2322,618303.07000000,464820.21865000,0
2026-01-04 05:00:00,0.75,0.753,0.748,0.753,1020893.83,2026-01-04 05:59:59.999,766287.73980000,1674,586745.95000000,440486.17059000,0
2026-01-04 06:00:00,0.753,0.755,0.736,0.742,1847390.71,2026-01-04 06:59:59.999,1378139.09161000,3629,794961.12000000,593797.67114000,0
2026-01-04 07:00:00,0.741,0.744,0.739,0.743,709173.91,2026-01-04 07:59:59.999,526150.35460000,1850,275444.62000000,204385.40422000,0
2026-01-04 08:00:00,0.743,0.748,0.736,0.747,1896512.55,2026-01-04 08:59:59.999,1405001.23423000,2999,1040958.86000000,771781.83824000,0
2026-01-04 09:00:00,0.747,0.755,0.745,0.753,1672929.95,2026-01-04 09:59:59.999,1255514.24838000,3291,845061.56000000,634477.42549000,0
2026-01-04 10:00:00,0.754,0.76,0.751,0.759,2847877.13,2026-01-04 10:59:59.999,2152459.59956000,4383,1654289.11000000,1250434.49332000,0
2026-01-04 11:00:00,0.759,0.765,0.749,0.751,4977269.4,2026-01-04 11:59:59.999,3770514.48075000,6780,2409876.89000000,1826479.88560000,0
2026-01-04 12:00:00,0.751,0.755,0.744,0.746,2556894.36,2026-01-04 12:59:59.999,1914557.80605000,4199,988314.53000000,740743.92462000,0
2026-01-04 13:00:00,0.747,0.755,0.74,0.753,2365850.49,2026-01-04 13:59:59.999,1768158.46197000,3694,1243364.86000000,929707.09192000,0
2026-01-04 14:00:00,0.754,0.761,0.749,0.76,2282261.41,2026-01-04 14:59:59.999,1722795.27649000,4158,1157529.65000000,874142.98738000,0
2026-01-04 15:00:00,0.759,0.788,0.758,0.788,9436122.71,2026-01-04 15:59:59.999,7309385.74312000,18172,5764661.91000000,4467107.74309000,0
2026-01-04 16:00:00,0.788,0.793,0.778,0.78,5908220.83,2026-01-04 16:59:59.999,4634048.13337000,11743,2988210.79000000,2345030.00897000,0
2026-01-04 17:00:00,0.781,0.795,0.777,0.79,5414512.52,2026-01-04 17:59:59.999,4259052.34902000,8976,3056394.04000000,2406049.86930000,0
2026-01-04 18:00:00,0.79,0.79,0.773,0.776,5065967.39,2026-01-04 18:59:59.999,3952038.43518000,11498,1814470.27000000,1414376.63389000,0
2026-01-04 19:00:00,0.776,0.779,0.767,0.776,2060166.35,2026-01-04 19:59:59.999,1592002.61862000,6683,967955.76000000,748241.33897000,0
2026-01-04 20:00:00,0.776,0.786,0.775,0.785,1508444.25,2026-01-04 20:59:59.999,1178823.49684000,3438,889477.65000000,695448.40728000,0
2026-01-04 21:00:00,0.784,0.789,0.779,0.783,1931657.38,2026-01-04 21:59:59.999,1513916.33985000,4629,1080970.48000000,847521.27474000,0
2026-01-04 22:00:00,0.782,0.784,0.775,0.779,1509171.83,2026-01-04 22:59:59.999,1176840.63309000,3691,705010.11000000,549864.98337000,0
2026-01-04 23:00:00,0.78,0.785,0.775,0.78,2030684.82,2026-01-04 23:59:59.999,1583514.25277000,3448,978947.09000000,763438.09740000,0
2026-01-05 00:00:00,0.78,0.797,0.776,0.791,5428943.9,2026-01-05 00:59:59.999,4266281.88094000,9001,3528868.38000000,2773723.13165000,0
2026-01-05 01:00:00,0.792,0.813,0.789,0.801,9660452.78,2026-01-05 01:59:59.999,7729317.91187000,15832,5223595.56000000,4177799.62338000,0
2026-01-05 02:00:00,0.802,0.805,0.766,0.778,9441130.67,2026-01-05 02:59:59.999,7420616.71104000,13347,4654687.91000000,3657423.53543000,0
2026-01-05 03:00:00,0.779,0.783,0.772,0.776,1950828.36,2026-01-05 03:59:59.999,1516719.68706000,3971,940892.93000000,731881.15944000,0
2026-01-05 04:00:00,0.776,0.777,0.751,0.762,4517346.45,2026-01-05 04:59:59.999,3441904.15245000,8639,1915572.64000000,1457469.21994000,0
2026-01-05 05:00:00,0.761,0.764,0.756,0.756,3179282.65,2026-01-05 05:59:59.999,2414822.91657000,5694,1346252.96000000,1023120.82857000,0
2026-01-05 06:00:00,0.756,0.765,0.754,0.765,2126078.02,2026-01-05 06:59:59.999,1612903.56040000,3793,1115201.42000000,846513.03220000,0
2026-01-05 07:00:00,0.764,0.765,0.758,0.764,2424626.04,2026-01-05 07:59:59.999,1845328.12849000,4400,1093768.08000000,832661.50089000,0
2026-01-05 08:00:00,0.763,0.768,0.757,0.759,1837135.57,2026-01-05 08:59:59.999,1402187.21209000,3640,961260.26000000,733638.20302000,0
2026-01-05 09:00:00,0.759,0.761,0.752,0.754,2327419.25,2026-01-05 09:59:59.999,1760968.92768000,4397,1033269.52000000,782267.01044000,0
2026-01-05 10:00:00,0.755,0.76,0.752,0.756,1829929.23,2026-01-05 10:59:59.999,1384776.52068000,3026,866467.93000000,656011.49959000,0
2026-01-05 11:00:00,0.757,0.764,0.754,0.763,1518077.69,2026-01-05 11:59:59.999,1154324.25732000,2896,727599.73000000,553365.91108000,0
2026-01-05 12:00:00,0.762,0.785,0.757,0.778,3681356.54,2026-01-05 12:59:59.999,2838743.53624000,8296,1897865.37000000,1464423.33642000,0
2026-01-05 13:00:00,0.779,0.784,0.764,0.769,4746974.64,2026-01-05 13:59:59.999,3676949.05312000,8217,2283759.97000000,1772021.66923000,0
2026-01-05 14:00:00,0.768,0.776,0.761,0.769,3887332.43,2026-01-05 14:59:59.999,2987897.55433000,9102,1891639.51000000,1454678.45814000,0
2026-01-05 15:00:00,0.769,0.783,0.766,0.777,3900228.99,2026-01-05 15:59:59.999,3022742.47326000,8706,1945659.28000000,1508153.09228000,0
2026-01-05 16:00:00,0.777,0.78,0.769,0.773,3009566.01,2026-01-05 16:59:59.999,2327997.12141000,5495,1488035.88000000,1151204.77936000,0
2026-01-05 17:00:00,0.772,0.776,0.758,0.772,2791628.16,2026-01-05 17:59:59.999,2141310.68836000,5815,1320742.58000000,1013514.35861000,0
2026-01-05 18:00:00,0.771,0.781,0.769,0.781,2100642.62,2026-01-05 18:59:59.999,1625397.19013000,4569,1144622.11000000,885806.70999000,0
2026-01-05 19:00:00,0.781,0.782,0.773,0.776,2397715.16,2026-01-05 19:59:59.999,1865692.65115000,5291,1147728.15000000,893162.60014000,0
2026-01-05 20:00:00,0.775,0.785,0.774,0.777,2428426.26,2026-01-05 20:59:59.999,1893043.70202000,5677,1016957.97000000,793091.06524000,0
2026-01-05 21:00:00,0.777,0.781,0.772,0.777,1198764.34,2026-01-05 21:59:59.999,931060.89455000,3467,466695.27000000,362500.63687000,0
2026-01-05 22:00:00,0.776,0.788,0.775,0.785,1878391.45,2026-01-05 22:59:59.999,1472512.29677000,4278,1067942.96000000,837304.94460000,0
2026-01-05 23:00:00,0.784,0.789,0.78,0.78,1913207.66,2026-01-05 23:59:59.999,1499610.74564000,3703,869824.25000000,681897.62334000,0
2026-01-06 00:00:00,0.78,0.783,0.768,0.776,1855233.61,2026-01-06 00:59:59.999,1438905.36993000,4738,686620.93000000,532530.42369000,0
2026-01-06 01:00:00,0.776,0.786,0.773,0.774,2056896.11,2026-01-06 01:59:59.999,1604948.68012000,5222,850381.31000000,663837.46511000,0
2026-01-06 02:00:00,0.773,0.778,0.77,0.772,2145068.89,2026-01-06 02:59:59.999,1658625.43687000,3985,1053671.98000000,814979.75360000,0
2026-01-06 03:00:00,0.772,0.784,0.772,0.781,1509536.62,2026-01-06 03:59:59.999,1175120.21048000,3376,871568.21000000,678435.91898000,0
2026-01-06 04:00:00,0.782,0.8,0.78,0.791,4820927.95,2026-01-06 04:59:59.999,3820891.97113000,7962,2956513.22000000,2343574.11024000,0
2026-01-06 05:00:00,0.791,0.794,0.78,0.781,2934401.96,2026-01-06 05:59:59.999,2309752.41927000,5190,1207358.66000000,950839.76192000,0
2026-01-06 06:00:00,0.781,0.784,0.777,0.779,2625171.9,2026-01-06 06:59:59.999,2049260.02640000,5130,1141576.29000000,891303.43843000,0
2026-01-06 07:00:00,0.779,0.782,0.766,0.77,4004960.24,2026-01-06 07:59:59.999,3098867.67025000,6510,1414976.81000000,1096273.53354000,0
2026-01-06 08:00:00,0.771,0.779,0.77,0.772,2053216.91,2026-01-06 08:59:59.999,1589668.55457000,4729,1010465.69000000,782455.21587000,0
2026-01-06 09:00:00,0.772,0.783,0.77,0.779,2780358.29,2026-01-06 09:59:59.999,2158976.18251000,4185,1433421.48000000,1114684.71601000,0
2026-01-06 10:00:00,0.779,0.78,0.772,0.777,1838799.5,2026-01-06 10:59:59.999,1426981.69478000,3474,712846.07000000,553244.05003000,0
2026-01-06 11:00:00,0.776,0.784,0.775,0.782,2206340.07,2026-01-06 11:59:59.999,1722581.82520000,2814,1187547.36000000,927165.84678000,0
2026-01-06 12:00:00,0.781,0.793,0.781,0.79,5720875.9,2026-01-06 12:59:59.999,4505260.45505000,6569,3425805.53000000,2697163.62475000,0
2026-01-06 13:00:00,0.789,0.797,0.787,0.792,4728615.74,2026-01-06 13:59:59.999,3749587.39135000,8159,2408290.34000000,1910524.36963000,0
2026-01-06 14:00:00,0.792,0.805,0.784,0.79,10312426.21,2026-01-06 14:59:59.999,8193828.02807000,19088,5553024.87000000,4416562.29816000,0
2026-01-06 15:00:00,0.79,0.797,0.776,0.783,5539028.35,2026-01-06 15:59:59.999,4354864.23275000,10423,2298575.55000000,1808937.72885000,0
2026-01-06 16:00:00,0.783,0.783,0.757,0.765,6887467.74,2026-01-06 16:59:59.999,5292188.53988000,13717,2472300.73000000,1898561.48427000,0
2026-01-06 17:00:00,0.765,0.768,0.741,0.744,5516594.88,2026-01-06 17:59:59.999,4159315.26169000,10557,2298878.53000000,1734894.48894000,0
2026-01-06 18:00:00,0.744,0.757,0.741,0.754,2289319.03,2026-01-06 18:59:59.999,1720519.80289000,5655,1163198.25000000,874089.07233000,0
2026-01-06 19:00:00,0.754,0.758,0.75,0.752,1337814.89,2026-01-06 19:59:59.999,1008020.51876000,2978,498555.03000000,375772.25743000,0
2026-01-06 20:00:00,0.752,0.763,0.751,0.761,1125220.11,2026-01-06 20:59:59.999,853357.56163000,4060,556753.52000000,422349.80224000,0
2026-01-06 21:00:00,0.761,0.78,0.759,0.775,3195735.26,2026-01-06 21:59:59.999,2467728.09170000,6626,1676434.56000000,1293083.25546000,0
2026-01-06 22:00:00,0.775,0.778,0.769,0.774,1811980.3,2026-01-06 22:59:59.999,1401671.08161000,3160,886054.94000000,685906.87581000,0
2026-01-06 23:00:00,0.774,0.794,0.774,0.792,1439468.38,2026-01-06 23:59:59.999,1128014.14821000,3240,900041.16000000,705685.15038000,0
2026-01-07 00:00:00,0.791,0.791,0.773,0.775,2310366.4,2026-01-07 00:59:59.999,1809162.50194000,4966,792527.15000000,621815.15030000,0
2026-01-07 01:00:00,0.775,0.781,0.768,0.77,1607832.09,2026-01-07 01:59:59.999,1243412.55350000,4506,649679.08000000,502631.12199000,0
2026-01-07 02:00:00,0.77,0.775,0.763,0.773,1969262.03,2026-01-07 02:59:59.999,1513400.59426000,4445,797066.51000000,612787.34094000,0
2026-01-07 03:00:00,0.773,0.777,0.766,0.767,665133.53,2026-01-07 03:59:59.999,512978.31279000,2245,264268.63000000,204055.60343000,0
2026-01-07 04:00:00,0.768,0.771,0.763,0.764,632396.15,2026-01-07 04:59:59.999,484941.60033000,2192,228314.28000000,175179.82195000,0
2026-01-07 05:00:00,0.763,0.772,0.762,0.767,727299.81,2026-01-07 05:59:59.999,557616.80060000,2002,357164.54000000,273896.31929000,0
2026-01-07 06:00:00,0.767,0.771,0.765,0.767,900176.35,2026-01-07 06:59:59.999,691096.41963000,1856,444452.36000000,341493.49839000,0
2026-01-07 07:00:00,0.767,0.777,0.767,0.775,802498.07,2026-01-07 07:59:59.999,619287.19545000,2410,475900.59000000,367200.21314000,0
2026-01-07 08:00:00,0.775,0.78,0.772,0.772,1044997.68,2026-01-07 08:59:59.999,810712.61683000,3030,430050.60000000,333782.87843000,0
2026-01-07 09:00:00,0.772,0.773,0.751,0.754,3096530.8,2026-01-07 09:59:59.999,2352504.47421000,6439,921047.29000000,699669.22789000,0
2026-01-07 10:00:00,0.754,0.759,0.752,0.758,1727938.97,2026-01-07 10:59:59.999,1305392.92054000,3989,764984.22000000,578388.38520000,0
2026-01-07 11:00:00,0.758,0.764,0.758,0.762,1098606.45,2026-01-07 11:59:59.999,835562.05250000,8485,512636.59000000,390081.75563000,0
2026-01-07 12:00:00,0.762,0.762,0.753,0.754,1721245.98,2026-01-07 12:59:59.999,1305368.21063000,7568,542814.15000000,411792.08640000,0
2026-01-07 13:00:00,0.754,0.758,0.749,0.751,1500857.97,2026-01-07 13:59:59.999,1131363.25194000,6215,661546.64000000,499187.68431000,0
2026-01-07 14:00:00,0.751,0.754,0.741,0.751,2768623.92,2026-01-07 14:59:59.999,2067996.92102000,8780,1383026.81000000,1033239.85262000,0
2026-01-07 15:00:00,0.752,0.752,0.731,0.739,3874255.8,2026-01-07 15:59:59.999,2865406.84803000,9672,1792224.91000000,1325668.24231000,0
2026-01-07 16:00:00,0.739,0.745,0.737,0.741,1457663.05,2026-01-07 16:59:59.999,1081042.32761000,4073,839952.06000000,623123.27801000,0
2026-01-07 17:00:00,0.742,0.747,0.739,0.742,1056863.03,2026-01-07 17:59:59.999,785180.01791000,2942,499145.72000000,370607.78931000,0
2026-01-07 18:00:00,0.742,0.747,0.739,0.742,1785450.58,2026-01-07 18:59:59.999,1327663.74887000,3405,715650.42000000,532149.31119000,0
2026-01-07 19:00:00,0.742,0.745,0.735,0.742,1609074.78,2026-01-07 19:59:59.999,1191487.95788000,3050,905148.11000000,670571.75781000,0
2026-01-07 20:00:00,0.743,0.745,0.737,0.739,491187.26,2026-01-07 20:59:59.999,363482.70604000,1660,213875.95000000,158283.57181000,0
2026-01-07 21:00:00,0.74,0.742,0.737,0.738,504599.23,2026-01-07 21:59:59.999,373212.71444000,1360,182023.82000000,134677.47225000,0
2026-01-07 22:00:00,0.738,0.744,0.733,0.736,914390.68,2026-01-07 22:59:59.999,674428.08015000,1952,420598.38000000,310467.68646000,0
2026-01-07 23:00:00,0.737,0.744,0.731,0.743,874580.42,2026-01-07 23:59:59.999,646301.81504000,2167,411904.77000000,304562.36356000,0
2026-01-08 00:00:00,0.743,0.745,0.737,0.745,715245.46,2026-01-08 00:59:59.999,530618.31382000,2178,444608.13000000,330006.17178000,0
2026-01-08 01:00:00,0.744,0.748,0.743,0.747,559717.5,2026-01-08 01:59:59.999,417280.20461000,1366,319884.43000000,238534.06481000,0
2026-01-08 02:00:00,0.747,0.751,0.74,0.741,1035244.38,2026-01-08 02:59:59.999,771868.25674000,2379,504654.24000000,376383.33269000,0
2026-01-08 03:00:00,0.742,0.746,0.733,0.735,852769.95,2026-01-08 03:59:59.999,628620.24965000,1941,288943.73000000,213460.16566000,0
2026-01-08 04:00:00,0.735,0.745,0.734,0.742,847077.43,2026-01-08 04:59:59.999,627664.89294000,2315,410114.66000000,304050.12678000,0
2026-01-08 05:00:00,0.743,0.749,0.739,0.741,1333196.17,2026-01-08 05:59:59.999,993806.77662000,2979,773490.71000000,576920.70334000,0
2026-01-08 06:00:00,0.742,0.743,0.723,0.725,2153680.96,2026-01-08 06:59:59.999,1579590.84796000,5458,622340.38000000,456895.46519000,0
2026-01-08 07:00:00,0.726,0.728,0.71,0.726,5482333.18,2026-01-08 07:59:59.999,3934149.32252000,10022,1885351.29000000,1354983.26528000,0
2026-01-08 08:00:00,0.725,0.73,0.715,0.718,2092847.01,2026-01-08 08:59:59.999,1511511.74487000,4282,1212078.11000000,877024.25352000,0
2026-01-08 09:00:00,0.719,0.722,0.71,0.712,1418810.22,2026-01-08 09:59:59.999,1014493.10376000,3721,623935.43000000,446610.57345000,0
2026-01-08 10:00:00,0.712,0.715,0.701,0.712,2251488.69,2026-01-08 10:59:59.999,1595536.57672000,4957,930663.48000000,660162.70366000,0
2026-01-08 11:00:00,0.712,0.714,0.707,0.713,1371466.29,2026-01-08 11:59:59.999,974693.72002000,3661,664864.91000000,472668.74514000,0
2026-01-08 12:00:00,0.712,0.714,0.703,0.707,1533688.96,2026-01-08 12:59:59.999,1086524.97918000,3956,625109.95000000,442853.28599000,0
2026-01-08 13:00:00,0.707,0.713,0.707,0.712,1319497.49,2026-01-08 13:59:59.999,936777.05817000,2558,412400.99000000,292852.28533000,0
2026-01-08 14:00:00,0.712,0.712,0.7,0.709,5212377.32,2026-01-08 14:59:59.999,3678360.79058000,8934,2092087.59000000,1477954.96491000,0
2026-01-08 15:00:00,0.709,0.72,0.704,0.719,3376696.23,2026-01-08 15:59:59.999,2406315.27086000,7200,1628231.65000000,1160592.08721000,0
2026-01-08 16:00:00,0.719,0.723,0.71,0.718,1734729.42,2026-01-08 16:59:59.999,1242551.89463000,4397,843381.48000000,604685.92164000,0
2026-01-08 17:00:00,0.718,0.725,0.716,0.722,2140684.3,2026-01-08 17:59:59.999,1542891.97497000,4223,1042399.44000000,751522.79234000,0
2026-01-08 18:00:00,0.722,0.724,0.717,0.721,953585.1,2026-01-08 18:59:59.999,687508.11839000,2619,583934.29000000,421213.60740000,0
2026-01-08 19:00:00,0.72,0.724,0.713,0.715,1347066.63,2026-01-08 19:59:59.999,966731.08941000,3141,600800.62000000,431241.47222000,0
2026-01-08 20:00:00,0.715,0.715,0.705,0.712,1914593.16,2026-01-08 20:59:59.999,1358961.28782000,3808,1171448.41000000,831380.56574000,0
2026-01-08 21:00:00,0.712,0.72,0.711,0.719,1660669.72,2026-01-08 21:59:59.999,1188712.64801000,2732,1038243.40000000,742942.83904000,0
2026-01-08 22:00:00,0.719,0.722,0.713,0.716,1003084.48,2026-01-08 22:59:59.999,719784.24486000,2477,591998.79000000,424847.27189000,0
2026-01-08 23:00:00,0.717,0.719,0.714,0.715,1245077.82,2026-01-08 23:59:59.999,892279.68019000,2633,766983.71000000,549654.95875000,0
2026-01-09 00:00:00,0.715,0.72,0.713,0.72,1690752.51,2026-01-09 00:59:59.999,1210389.64315000,2670,1102112.83000000,789043.55072000,0
2026-01-09 01:00:00,0.72,0.722,0.71,0.714,2568722.97,2026-01-09 01:59:59.999,1839076.40093000,4567,1219931.78000000,873771.01863000,0
2026-01-09 02:00:00,0.714,0.72,0.712,0.714,1218851.08,2026-01-09 02:59:59.999,873315.46840000,2580,546781.47000000,391776.01427000,0
2026-01-09 03:00:00,0.714,0.723,0.712,0.723,940528.05,2026-01-09 03:59:59.999,676702.44489000,1970,536484.74000000,385985.95432000,0
2026-01-09 04:00:00,0.723,0.725,0.72,0.721,1152611.25,2026-01-09 04:59:59.999,833374.10409000,1985,669050.02000000,483997.16471000,0
2026-01-09 05:00:00,0.721,0.724,0.718,0.724,652717.91,2026-01-09 05:59:59.999,470546.62218000,1458,333587.71000000,240581.86638000,0
2026-01-09 06:00:00,0.723,0.725,0.721,0.723,853704.01,2026-01-09 06:59:59.999,617535.96491000,1721,389830.11000000,282129.62402000,0
2026-01-09 07:00:00,0.724,0.724,0.72,0.721,1031806.4,2026-01-09 07:59:59.999,744726.38586000,1922,441646.06000000,318797.05243000,0
2026-01-09 08:00:00,0.721,0.723,0.705,0.709,3140897.44,2026-01-09 08:59:59.999,2240621.96934000,5536,1195077.00000000,852952.64938000,0
2026-01-09 09:00:00,0.71,0.716,0.709,0.712,1036185.12,2026-01-09 09:59:59.999,739010.11619000,2750,492351.37000000,351277.97799000,0
2026-01-09 10:00:00,0.712,0.714,0.708,0.712,1010993.49,2026-01-09 10:59:59.999,718828.77519000,1901,395726.63000000,281440.76692000,0
2026-01-09 11:00:00,0.713,0.716,0.711,0.712,657079.18,2026-01-09 11:59:59.999,469012.13890000,1326,320772.66000000,229055.49624000,0
2026-01-09 12:00:00,0.711,0.713,0.706,0.709,1312289.31,2026-01-09 12:59:59.999,930571.53923000,1978,550756.27000000,390580.27234000,0
2026-01-09 13:00:00,0.709,0.718,0.708,0.714,2363912.47,2026-01-09 13:59:59.999,1687242.57878000,3411,1170407.85000000,835446.45412000,0
2026-01-09 14:00:00,0.714,0.714,0.704,0.706,2633190.41,2026-01-09 14:59:59.999,1862665.17475000,5821,1071047.04000000,758033.60252000,0
2026-01-09 15:00:00,0.707,0.723,0.703,0.714,3681842.46,2026-01-09 15:59:59.999,2628460.40457000,9070,1800332.43000000,1284905.57039000,0
2026-01-09 16:00:00,0.714,0.728,0.714,0.727,3054063.09,2026-01-09 16:59:59.999,2203471.81459000,6171,1801083.36000000,1300149.67688000,0
2026-01-09 17:00:00,0.727,0.727,0.716,0.725,1911284.72,2026-01-09 17:59:59.999,1380330.52437000,3745,979963.42000000,707609.90633000,0
2026-01-09 18:00:00,0.724,0.726,0.71,0.717,1085107.54,2026-01-09 18:59:59.999,777229.15753000,3222,491449.62000000,351891.65970000,0
2026-01-09 19:00:00,0.717,0.718,0.709,0.712,944368.75,2026-01-09 19:59:59.999,672999.79568000,2493,526106.13000000,374929.65263000,0
2026-01-09 20:00:00,0.712,0.717,0.711,0.712,667248.32,2026-01-09 20:59:59.999,476196.43737000,1744,341112.48000000,243338.21677000,0
2026-01-09 21:00:00,0.712,0.717,0.71,0.716,473250.26,2026-01-09 21:59:59.999,337966.44628000,1280,254938.36000000,182127.39777000,0
2026-01-09 22:00:00,0.715,0.721,0.713,0.719,690971.98,2026-01-09 22:59:59.999,495130.83187000,1463,356925.33000000,255780.44242000,0
2026-01-09 23:00:00,0.719,0.72,0.715,0.716,415771.33,2026-01-09 23:59:59.999,298441.98236000,1073,188848.55000000,135567.45422000,0
2026-01-10 00:00:00,0.716,0.717,0.71,0.712,334816.48,2026-01-10 00:59:59.999,238789.62168000,877,148137.47000000,105609.25521000,0
2026-01-10 01:00:00,0.712,0.716,0.71,0.713,418087.54,2026-01-10 01:59:59.999,298084.19224000,925,167780.64000000,119735.81347000,0
2026-01-10 02:00:00,0.713,0.715,0.708,0.71,553068.38,2026-01-10 02:59:59.999,393421.28183000,1191,247242.46000000,176102.83909000,0
2026-01-10 03:00:00,0.71,0.715,0.706,0.714,601230.42,2026-01-10 03:59:59.999,426845.77650000,1585,298670.75000000,212059.38369000,0
2026-01-10 04:00:00,0.714,0.715,0.708,0.711,563851.59,2026-01-10 04:59:59.999,400295.64689000,1496,257051.82000000,182498.46693000,0
2026-01-10 05:00:00,0.711,0.713,0.709,0.71,307732.0,2026-01-10 05:59:59.999,218699.60518000,907,131055.27000000,93159.64168000,0
2026-01-10 06:00:00,0.71,0.714,0.707,0.712,387374.54,2026-01-10 06:59:59.999,275317.05901000,1120,184691.03000000,131327.56865000,0
2026-01-10 07:00:00,0.713,0.716,0.711,0.712,688253.42,2026-01-10 07:59:59.999,490559.01603000,1164,179769.87000000,128271.88651000,0
2026-01-10 08:00:00,0.713,0.714,0.709,0.714,794247.0,2026-01-10 08:59:59.999,565216.56655000,1396,362424.13000000,258016.02022000,0
2026-01-10 09:00:00,0.714,0.717,0.712,0.716,843225.56,2026-01-10 09:59:59.999,602758.33203000,1236,460455.60000000,329250.29977000,0
2026-01-10 10:00:00,0.715,0.718,0.714,0.717,430540.22,2026-01-10 10:59:59.999,308336.29307000,955,175392.92000000,125647.16514000,0
2026-01-10 11:00:00,0.718,0.719,0.715,0.718,803699.02,2026-01-10 11:59:59.999,576394.69277000,955,423055.27000000,303544.18688000,0
2026-01-10 12:00:00,0.719,0.72,0.715,0.719,697804.27,2026-01-10 12:59:59.999,501082.89221000,1380,405095.09000000,291066.87825000,0
2026-01-10 13:00:00,0.72,0.721,0.718,0.719,811835.76,2026-01-10 13:59:59.999,584412.46654000,1053,486206.17000000,350220.76712000,0
2026-01-10 14:00:00,0.719,0.719,0.714,0.715,569354.5,2026-01-10 14:59:59.999,407518.84940000,1006,166385.90000000,119096.94580000,0
2026-01-10 15:00:00,0.716,0.724,0.715,0.724,1103998.69,2026-01-10 15:59:59.999,795082.45496000,1274,777595.65000000,560295.32853000,0
2026-01-10 16:00:00,0.725,0.725,0.719,0.724,1064479.61,2026-01-10 16:59:59.999,768352.63750000,1912,403170.97000000,291085.46531000,0
2026-01-10 17:00:00,0.724,0.731,0.722,0.724,1128898.09,2026-01-10 17:59:59.999,820770.78419000,2654,589991.73000000,428871.28731000,0
2026-01-10 18:00:00,0.723,0.729,0.721,0.729,737057.24,2026-01-10 18:59:59.999,534804.26506000,1435,394306.35000000,286149.62820000,0
2026-01-10 19:00:00,0.729,0.745,0.728,0.741,2655335.79,2026-01-10 19:59:59.999,1957091.72134000,3598,1754853.99000000,1292526.10481000,0
2026-01-10 20:00:00,0.742,0.744,0.729,0.729,1404213.72,2026-01-10 20:59:59.999,1034256.00056000,2504,647649.04000000,476929.12656000,0
2026-01-10 21:00:00,0.73,0.731,0.723,0.724,1154682.74,2026-01-10 21:59:59.999,839359.17497000,2393,535471.92000000,389249.19983000,0
2026-01-10 22:00:00,0.724,0.725,0.716,0.716,1119881.77,2026-01-10 22:59:59.999,806897.20198000,2440,354350.09000000,255673.89912000,0
2026-01-10 23:00:00,0.716,0.722,0.716,0.72,555730.76,2026-01-10 23:59:59.999,399805.15088000,1679,241167.04000000,173471.03676000,0
2026-01-11 00:00:00,0.72,0.72,0.713,0.719,1062804.96,2026-01-11 00:59:59.999,761819.91211000,3141,265873.05000000,190563.58923000,0
2026-01-11 01:00:00,0.718,0.722,0.716,0.721,736179.5,2026-01-11 01:59:59.999,529361.56195000,1825,375440.61000000,270150.75887000,0
2026-01-11 02:00:00,0.72,0.723,0.719,0.721,648665.88,2026-01-11 02:59:59.999,467388.56069000,1517,271771.60000000,195906.01079000,0
2026-01-11 03:00:00,0.721,0.726,0.72,0.726,512340.68,2026-01-11 03:59:59.999,371052.13103000,1288,303439.16000000,219702.43017000,0
2026-01-11 04:00:00,0.726,0.727,0.721,0.725,932942.72,2026-01-11 04:59:59.999,674696.16588000,1605,493248.60000000,356800.00383000,0
2026-01-11 05:00:00,0.724,0.726,0.722,0.726,648081.12,2026-01-11 05:59:59.999,469270.93000000,1196,280457.54000000,203109.73737000,0
2026-01-11 06:00:00,0.726,0.726,0.718,0.723,543433.93,2026-01-11 06:59:59.999,392010.42260000,1345,296769.63000000,214087.70322000,0
2026-01-11 07:00:00,0.723,0.724,0.719,0.723,302361.63,2026-01-11 07:59:59.999,217987.09248000,966,127416.77000000,91915.34247000,0
2026-01-11 08:00:00,0.722,0.725,0.72,0.725,657717.08,2026-01-11 08:59:59.999,475446.84623000,1432,451762.12000000,326560.52283000,0
2026-01-11 09:00:00,0.725,0.729,0.724,0.727,557989.41,2026-01-11 09:59:59.999,405389.84924000,1452,329667.73000000,239599.59499000,0
2026-01-11 10:00:00,0.727,0.73,0.725,0.728,739798.88,2026-01-11 10:59:59.999,538634.88648000,1422,416051.47000000,303161.50298000,0
2026-01-11 11:00:00,0.729,0.73,0.725,0.727,343219.79,2026-01-11 11:59:59.999,249666.51152000,766,100559.92000000,73207.36803000,0
2026-01-11 12:00:00,0.727,0.729,0.723,0.725,1686972.47,2026-01-11 12:59:59.999,1224345.71558000,2022,723313.40000000,525295.59467000,0
2026-01-11 13:00:00,0.725,0.728,0.719,0.72,1563980.19,2026-01-11 13:59:59.999,1131236.37531000,2349,626328.16000000,453482.34682000,0
2026-01-11 14:00:00,0.721,0.725,0.72,0.723,1053621.05,2026-01-11 14:59:59.999,760394.01210000,1465,436524.67000000,315163.96696000,0
2026-01-11 15:00:00,0.724,0.725,0.71,0.715,1274314.3,2026-01-11 15:59:59.999,912772.82310000,3084,499337.63000000,357530.07255000,0
2026-01-11 16:00:00,0.715,0.726,0.714,0.723,1752034.8,2026-01-11 16:59:59.999,1261970.64499000,3201,1063123.87000000,765347.94098000,0
2026-01-11 17:00:00,0.723,0.725,0.718,0.723,604686.44,2026-01-11 17:59:59.999,436514.68316000,1182,241053.92000000,174033.00532000,0
2026-01-11 18:00:00,0.723,0.723,0.718,0.721,354910.01,2026-01-11 18:59:59.999,255650.98982000,810,199692.45000000,143858.19395000,0
2026-01-11 19:00:00,0.722,0.724,0.717,0.719,589802.27,2026-01-11 19:59:59.999,424650.81553000,983,182297.30000000,131474.68289000,0
2026-01-11 20:00:00,0.718,0.718,0.709,0.715,1765638.84,2026-01-11 20:59:59.999,1257901.49576000,2977,762991.89000000,543625.45910000,0
2026-01-11 21:00:00,0.714,0.717,0.71,0.716,505802.86,2026-01-11 21:59:59.999,360901.41470000,1168,229664.12000000,163898.02550000,0
2026-01-11 22:00:00,0.716,0.716,0.706,0.708,1330355.96,2026-01-11 22:59:59.999,942695.40783000,2652,450586.30000000,319473.10499000,0
2026-01-11 23:00:00,0.708,0.716,0.704,0.716,1503984.41,2026-01-11 23:59:59.999,1068324.25968000,3153,580441.99000000,412556.67331000,0
2026-01-12 00:00:00,0.716,0.717,0.704,0.714,1395983.03,2026-01-12 00:59:59.999,991902.45091000,3555,622328.61000000,442413.96773000,0
2026-01-12 01:00:00,0.714,0.72,0.71,0.713,1794556.42,2026-01-12 01:59:59.999,1284078.10628000,3648,1097990.33000000,786006.40101000,0
2026-01-12 02:00:00,0.714,0.726,0.713,0.725,1807042.38,2026-01-12 02:59:59.999,1305301.77808000,3092,1048405.93000000,757344.03908000,0
2026-01-12 03:00:00,0.726,0.727,0.716,0.717,1881947.35,2026-01-12 03:59:59.999,1358922.75588000,2989,733849.91000000,530057.60987000,0
2026-01-12 04:00:00,0.716,0.723,0.714,0.722,969292.53,2026-01-12 04:59:59.999,696598.85827000,1709,453902.27000000,326168.01694000,0
2026-01-12 05:00:00,0.721,0.724,0.718,0.719,1140799.23,2026-01-12 05:59:59.999,821732.08031000,1927,547931.02000000,394818.94059000,0
2026-01-12 06:00:00,0.719,0.721,0.713,0.714,1047780.95,2026-01-12 06:59:59.999,750709.41065000,2033,403265.79000000,289166.75646000,0
2026-01-12 07:00:00,0.714,0.718,0.707,0.709,1885515.3,2026-01-12 07:59:59.999,1342377.23002000,3370,914545.40000000,651436.60218000,0
2026-01-12 08:00:00,0.709,0.714,0.697,0.704,4746686.64,2026-01-12 08:59:59.999,3342797.75827000,8661,1990957.59000000,1403124.18085000,0
2026-01-12 09:00:00,0.703,0.707,0.701,0.704,1282127.97,2026-01-12 09:59:59.999,903282.62699000,2744,520540.96000000,366932.53702000,0
2026-01-12 10:00:00,0.704,0.707,0.698,0.7,2294855.51,2026-01-12 10:59:59.999,1609742.28511000,3083,1206874.41000000,845986.56534000,0
2026-01-12 11:00:00,0.701,0.706,0.699,0.702,2224259.07,2026-01-12 11:59:59.999,1563481.17654000,2926,1002267.30000000,704595.32419000,0
2026-01-12 12:00:00,0.702,0.705,0.695,0.698,1752946.78,2026-01-12 12:59:59.999,1226881.35887000,3142,709647.31000000,496843.02161000,0
2026-01-12 13:00:00,0.699,0.7,0.688,0.693,2715374.56,2026-01-12 13:59:59.999,1881910.19988000,4820,1003358.07000000,695602.53451000,0
2026-01-12 14:00:00,0.692,0.699,0.686,0.696,3388688.85,2026-01-12 14:59:59.999,2350042.81600000,7022,1713169.78000000,1189429.61313000,0
2026-01-12 15:00:00,0.696,0.701,0.69,0.698,2984658.26,2026-01-12 15:59:59.999,2077767.05450000,5357,1442256.28000000,1004451.82624000,0
2026-01-12 16:00:00,0.698,0.701,0.692,0.697,2180556.91,2026-01-12 16:59:59.999,1519397.60639000,4657,902594.94000000,629075.49900000,0
2026-01-12 17:00:00,0.697,0.699,0.683,0.69,2263670.52,2026-01-12 17:59:59.999,1564196.13589000,4334,818865.58000000,566493.21816000,0
2026-01-12 18:00:00,0.691,0.694,0.687,0.691,1259455.2,2026-01-12 18:59:59.999,869842.00584000,2345,454577.45000000,314234.99345000,0
2026-01-12 19:00:00,0.69,0.698,0.687,0.696,1500862.92,2026-01-12 19:59:59.999,1039448.61057000,2795,830895.40000000,575202.57251000,0
2026-01-12 20:00:00,0.696,0.699,0.689,0.691,1071911.93,2026-01-12 20:59:59.999,744120.79418000,1973,511483.73000000,355212.52209000,0
2026-01-12 21:00:00,0.691,0.694,0.684,0.689,1126413.64,2026-01-12 21:59:59.999,776288.13743000,2228,512081.52000000,352901.94986000,0
2026-01-12 22:00:00,0.688,0.692,0.684,0.686,1369151.84,2026-01-12 22:59:59.999,941622.49971000,2320,597531.66000000,411061.82218000,0
2026-01-12 23:00:00,0.686,0.687,0.681,0.686,1028177.36,2026-01-12 23:59:59.999,702919.71240000,1695,425303.34000000,290808.89129000,0
2026-01-13 00:00:00,0.686,0.691,0.684,0.689,839740.43,2026-01-13 00:59:59.999,577436.24393000,1711,475387.86000000,327051.77341000,0
2026-01-13 01:00:00,0.689,0.691,0.685,0.689,727788.32,2026-01-13 01:59:59.999,501154.03385000,1824,329569.92000000,227049.07791000,0
2026-01-13 02:00:00,0.689,0.695,0.689,0.692,783890.96,2026-01-13 02:59:59.999,542990.82633000,1677,418222.03000000,289750.68280000,0
2026-01-13 03:00:00,0.692,0.697,0.69,0.695,1258365.72,2026-01-13 03:59:59.999,873335.02194000,2039,594249.91000000,412410.01153000,0
2026-01-13 04:00:00,0.695,0.698,0.693,0.696,851069.13,2026-01-13 04:59:59.999,591990.47914000,1568,332040.60000000,231049.24041000,0
2026-01-13 05:00:00,0.697,0.705,0.697,0.702,1465712.38,2026-01-13 05:59:59.999,1027127.15136000,2913,728639.84000000,510589.26787000,0
2026-01-13 06:00:00,0.701,0.705,0.699,0.703,1641000.67,2026-01-13 06:59:59.999,1152306.89766000,2284,847338.14000000,595227.70019000,0
2026-01-13 07:00:00,0.703,0.706,0.697,0.698,1254534.19,2026-01-13 07:59:59.999,880501.51380000,2143,443494.98000000,311386.73345000,0
2026-01-13 08:00:00,0.698,0.701,0.696,0.699,1025439.3,2026-01-13 08:59:59.999,716711.02680000,1456,572389.42000000,400159.86475000,0
2026-01-13 09:00:00,0.699,0.705,0.698,0.701,2343424.74,2026-01-13 09:59:59.999,1644559.01789000,3505,1063025.43000000,746294.21805000,0
2026-01-13 10:00:00,0.701,0.703,0.697,0.699,955283.64,2026-01-13 10:59:59.999,668311.95481000,1400,527972.60000000,369226.91221000,0
2026-01-13 11:00:00,0.699,0.705,0.698,0.703,947999.11,2026-01-13 11:59:59.999,665934.40703000,1172,564281.26000000,396407.23028000,0
2026-01-13 12:00:00,0.702,0.711,0.701,0.71,2066278.54,2026-01-13 12:59:59.999,1459020.35307000,2161,1137276.88000000,803407.34998000,0
2026-01-13 13:00:00,0.711,0.717,0.707,0.71,3265679.65,2026-01-13 13:59:59.999,2323390.75649000,4450,1737461.66000000,1236824.14768000,0
2026-01-13 14:00:00,0.711,0.719,0.708,0.711,3864040.96,2026-01-13 14:59:59.999,2754784.61940000,5997,1796590.37000000,1280963.67533000,0
2026-01-13 15:00:00,0.71,0.718,0.705,0.714,3863367.1,2026-01-13 15:59:59.999,2745300.09777000,6934,2045529.65000000,1454563.21401000,0
2026-01-13 16:00:00,0.714,0.726,0.711,0.723,3992554.57,2026-01-13 16:59:59.999,2870631.70966000,7106,2204974.94000000,1586695.67926000,0
2026-01-13 17:00:00,0.723,0.725,0.713,0.72,8193619.68,2026-01-13 17:59:59.999,5891868.01801000,8544,3319708.64000000,2385593.89395000,0
2026-01-13 18:00:00,0.719,0.724,0.718,0.721,1569077.33,2026-01-13 18:59:59.999,1131693.60237000,2816,726267.75000000,523738.95664000,0
2026-01-13 19:00:00,0.72,0.727,0.719,0.725,1348158.01,2026-01-13 19:59:59.999,974826.59875000,2435,701960.27000000,507713.75418000,0
2026-01-13 20:00:00,0.725,0.728,0.718,0.723,1772171.18,2026-01-13 20:59:59.999,1281624.14962000,3351,774574.96000000,560389.72887000,0
2026-01-13 21:00:00,0.723,0.726,0.72,0.72,1785104.9,2026-01-13 21:59:59.999,1290819.36272000,2615,821261.53000000,594156.49802000,0
2026-01-13 22:00:00,0.72,0.739,0.72,0.734,6659821.68,2026-01-13 22:59:59.999,4893080.49086000,12495,3470614.18000000,2550324.95867000,0
2026-01-13 23:00:00,0.734,0.736,0.725,0.729,2609562.89,2026-01-13 23:59:59.999,1905822.34705000,4292,1136418.13000000,829933.19411000,0
2026-01-14 00:00:00,0.729,0.733,0.726,0.731,2433195.63,2026-01-14 00:59:59.999,1775932.38117000,4121,1095786.11000000,799831.41508000,0
2026-01-14 01:00:00,0.73,0.734,0.728,0.73,1234805.5,2026-01-14 01:59:59.999,902600.76593000,2670,589341.20000000,430969.95671000,0
2026-01-14 02:00:00,0.73,0.735,0.728,0.731,2035714.72,2026-01-14 02:59:59.999,1488943.40611000,3298,1160116.90000000,848895.18172000,0
2026-01-14 03:00:00,0.732,0.765,0.73,0.763,5965001.38,2026-01-14 03:59:59.999,4466522.78965000,9248,3571298.07000000,2673912.83746000,0
2026-01-14 04:00:00,0.763,0.768,0.743,0.743,7216228.31,2026-01-14 04:59:59.999,5439230.93713000,9851,3459005.52000000,2608958.93193000,0
2026-01-14 05:00:00,0.744,0.746,0.738,0.743,2777190.27,2026-01-14 05:59:59.999,2061585.02244000,3922,1212089.22000000,900002.85602000,0
2026-01-14 06:00:00,0.743,0.744,0.732,0.739,3085916.71,2026-01-14 06:59:59.999,2275367.53060000,4176,1199822.46000000,884801.16256000,0
2026-01-14 07:00:00,0.739,0.742,0.735,0.738,1858924.39,2026-01-14 07:59:59.999,1373009.15737000,2816,742921.35000000,549241.96564000,0
2026-01-14 08:00:00,0.738,0.744,0.738,0.741,1143661.3,2026-01-14 08:59:59.999,847420.21040000,1822,520556.29000000,385813.81745000,0
2026-01-14 09:00:00,0.741,0.796,0.74,0.776,27676898.05,2026-01-14 09:59:59.999,21476640.43544000,40582,15308992.04000000,11883915.13990000,0
2026-01-14 10:00:00,0.775,0.777,0.759,0.76,7285596.45,2026-01-14 10:59:59.999,5580752.18375000,12108,2721748.81000000,2086788.48016000,0
2026-01-14 11:00:00,0.76,0.761,0.749,0.752,4413964.37,2026-01-14 11:59:59.999,3325424.50842000,8739,1732340.86000000,1305800.82269000,0
2026-01-14 12:00:00,0.752,0.758,0.749,0.755,2631858.21,2026-01-14 12:59:59.999,1982829.86755000,4410,1291880.33000000,973618.84678000,0
2026-01-14 13:00:00,0.755,0.755,0.738,0.742,2963092.31,2026-01-14 13:59:59.999,2211606.02414000,5461,1099935.61000000,821491.44281000,0
2026-01-14 14:00:00,0.742,0.761,0.74,0.756,8184569.45,2026-01-14 14:59:59.999,6157519.14712000,16507,4380200.25000000,3296477.73601000,0
2026-01-14 15:00:00,0.756,0.758,0.743,0.748,5827030.56,2026-01-14 15:59:59.999,4366277.66970000,9144,2386778.82000000,1790012.14504000,0
2026-01-14 16:00:00,0.749,0.768,0.748,0.757,5576363.66,2026-01-14 16:59:59.999,4234999.53495000,10878,3086843.31000000,2344699.66037000,0
2026-01-14 17:00:00,0.757,0.761,0.746,0.748,3556744.81,2026-01-14 17:59:59.999,2678189.30122000,6639,1333885.08000000,1005450.44355000,0
2026-01-14 18:00:00,0.748,0.748,0.726,0.737,4370341.91,2026-01-14 18:59:59.999,3225032.00754000,8901,1610253.47000000,1188879.00318000,0
2026-01-14 19:00:00,0.737,0.746,0.733,0.741,3009795.1,2026-01-14 19:59:59.999,2228615.55333000,5166,1573437.67000000,1165845.86770000,0
2026-01-14 20:00:00,0.74,0.747,0.739,0.745,2246029.27,2026-01-14 20:59:59.999,1669650.52878000,4061,1388648.09000000,1032395.28218000,0
2026-01-14 21:00:00,0.745,0.749,0.736,0.743,4166331.87,2026-01-14 21:59:59.999,3091588.33103000,4986,1556944.79000000,1156080.92331000,0
2026-01-14 22:00:00,0.743,0.746,0.735,0.738,2252791.98,2026-01-14 22:59:59.999,1670064.62783000,3346,1341588.68000000,994736.97597000,0
2026-01-14 23:00:00,0.738,0.745,0.737,0.741,1739979.38,2026-01-14 23:59:59.999,1288952.19785000,2804,954591.26000000,707500.42341000,0
2026-01-15 00:00:00,0.742,0.749,0.738,0.744,2185671.39,2026-01-15 00:59:59.999,1624670.09798000,4171,1187707.09000000,883351.61434000,0
2026-01-15 01:00:00,0.744,0.748,0.736,0.738,2904922.18,2026-01-15 01:59:59.999,2155005.52901000,4594,1321610.64000000,981151.35325000,0
2026-01-15 02:00:00,0.738,0.739,0.729,0.73,2245842.07,2026-01-15 02:59:59.999,1645773.15065000,4140,957989.95000000,702374.71860000,0
2026-01-15 03:00:00,0.731,0.732,0.715,0.718,4954517.08,2026-01-15 03:59:59.999,3571007.15641000,7425,1655944.92000000,1193231.04295000,0
2026-01-15 04:00:00,0.718,0.739,0.717,0.737,3009997.08,2026-01-15 04:59:59.999,2199457.81040000,5067,1678456.44000000,1225379.95187000,0
2026-01-15 05:00:00,0.738,0.744,0.737,0.74,1888265.09,2026-01-15 05:59:59.999,1397253.94282000,3785,1096701.78000000,811696.12138000,0
2026-01-15 06:00:00,0.74,0.743,0.735,0.742,1558912.45,2026-01-15 06:59:59.999,1153159.14113000,2629,902251.94000000,667636.87208000,0
2026-01-15 07:00:00,0.741,0.76,0.74,0.748,4592600.72,2026-01-15 07:59:59.999,3454524.26651000,6517,2353690.09000000,1769387.53380000,0
2026-01-15 08:00:00,0.748,0.751,0.743,0.749,1847147.08,2026-01-15 08:59:59.999,1379011.08519000,3397,968621.91000000,723185.88008000,0
2026-01-15 09:00:00,0.749,0.754,0.745,0.75,1750809.18,2026-01-15 09:59:59.999,1313234.04095000,3590,894874.48000000,671277.69170000,0
2026-01-15 10:00:00,0.75,0.752,0.743,0.746,1565345.62,2026-01-15 10:59:59.999,1169445.64239000,2642,624927.56000000,467575.05697000,0
2026-01-15 11:00:00,0.746,0.747,0.732,0.739,3565577.61,2026-01-15 11:59:59.999,2631898.06595000,4602,1477841.53000000,1090405.11069000,0
2026-01-15 12:00:00,0.738,0.742,0.735,0.74,704598.54,2026-01-15 12:59:59.999,519992.84879000,1742,287874.61000000,212622.87208000,0
2026-01-15 13:00:00,0.74,0.744,0.738,0.743,1176080.73,2026-01-15 13:59:59.999,871285.13160000,1954,594740.73000000,440736.09880000,0
2026-01-15 14:00:00,0.742,0.747,0.729,0.736,3203909.09,2026-01-15 14:59:59.999,2362104.24643000,6986,1320476.80000000,974663.14411000,0
2026-01-15 15:00:00,0.737,0.74,0.711,0.725,5259668.38,2026-01-15 15:59:59.999,3799173.25256000,9936,2570134.82000000,1858549.01010000,0
2026-01-15 16:00:00,0.724,0.727,0.716,0.726,2755135.4,2026-01-15 16:59:59.999,1984547.81394000,6092,1271120.79000000,916627.27049000,0
2026-01-15 17:00:00,0.727,0.73,0.719,0.72,2218701.64,2026-01-15 17:59:59.999,1609295.54118000,4281,1069742.01000000,776408.27030000,0
2026-01-15 18:00:00,0.721,0.722,0.704,0.707,4078703.6,2026-01-15 18:59:59.999,2898245.04007000,6762,1728818.67000000,1229123.85723000,0
2026-01-15 19:00:00,0.707,0.714,0.702,0.712,3355603.32,2026-01-15 19:59:59.999,2375719.42006000,5645,1941916.40000000,1376719.47581000,0
2026-01-15 20:00:00,0.711,0.713,0.703,0.705,1603369.71,2026-01-15 20:59:59.999,1135460.54027000,3118,873501.73000000,618795.73073000,0
2026-01-15 21:00:00,0.705,0.711,0.703,0.71,837939.53,2026-01-15 21:59:59.999,592955.01842000,1621,525436.36000000,371903.54680000,0
2026-01-15 22:00:00,0.71,0.716,0.707,0.715,698771.4,2026-01-15 22:59:59.999,497251.02618000,1717,357679.42000000,254635.92529000,0
2026-01-15 23:00:00,0.714,0.719,0.712,0.718,523264.83,2026-01-15 23:59:59.999,374442.72514000,1238,252425.78000000,180717.40292000,0
2026-01-16 00:00:00,0.719,0.719,0.713,0.714,1023885.79,2026-01-16 00:59:59.999,733721.55742000,1649,394898.23000000,282876.27279000,0
2026-01-16 01:00:00,0.715,0.717,0.71,0.714,901129.82,2026-01-16 01:59:59.999,642996.45875000,1633,548175.76000000,391262.50390000,0
2026-01-16 02:00:00,0.714,0.721,0.711,0.72,879540.84,2026-01-16 02:59:59.999,628866.39159000,1853,497815.67000000,356096.08770000,0
2026-01-16 03:00:00,0.72,0.722,0.714,0.716,678490.44,2026-01-16 03:59:59.999,487604.28745000,1311,290971.19000000,209171.20073000,0
2026-01-16 04:00:00,0.716,0.718,0.705,0.709,1512044.14,2026-01-16 04:59:59.999,1074925.48958000,2881,628165.09000000,446952.75384000,0
2026-01-16 05:00:00,0.709,0.716,0.707,0.713,833578.65,2026-01-16 05:59:59.999,592414.84355000,1889,408112.21000000,290123.94721000,0
2026-01-16 06:00:00,0.713,0.716,0.71,0.714,719117.9,2026-01-16 06:59:59.999,512372.98848000,1696,368365.24000000,262463.00602000,0
2026-01-16 07:00:00,0.715,0.715,0.708,0.712,817135.04,2026-01-16 07:59:59.999,581674.14326000,1546,341652.73000000,243286.97940000,0
2026-01-16 08:00:00,0.711,0.715,0.71,0.712,601875.88,2026-01-16 08:59:59.999,429284.57280000,1465,269043.52000000,191957.72608000,0
2026-01-16 09:00:00,0.713,0.714,0.708,0.708,555045.66,2026-01-16 09:59:59.999,394405.65242000,1088,231038.93000000,164311.54089000,0
2026-01-16 10:00:00,0.708,0.713,0.704,0.712,1444382.53,2026-01-16 10:59:59.999,1022948.54710000,2376,838386.99000000,593798.05217000,0
2026-01-16 11:00:00,0.711,0.723,0.709,0.72,1772995.05,2026-01-16 11:59:59.999,1274929.00543000,3117,951226.35000000,683530.95498000,0
2026-01-16 12:00:00,0.721,0.725,0.718,0.72,1129268.05,2026-01-16 12:59:59.999,814034.37216000,1877,584470.33000000,421400.21107000,0
2026-01-16 13:00:00,0.72,0.72,0.716,0.718,692197.41,2026-01-16 13:59:59.999,497051.66696000,1523,336871.00000000,241890.40095000,0
2026-01-16 14:00:00,0.717,0.724,0.715,0.717,1104293.83,2026-01-16 14:59:59.999,795189.37593000,2857,628916.09000000,453069.26681000,0
2026-01-16 15:00:00,0.716,0.72,0.698,0.704,3692248.38,2026-01-16 15:59:59.999,2604999.90877000,7814,1474774.25000000,1041586.43093000,0
2026-01-16 16:00:00,0.703,0.713,0.701,0.709,1709662.01,2026-01-16 16:59:59.999,1210130.37764000,3719,932216.60000000,659808.99555000,0
2026-01-16 17:00:00,0.709,0.714,0.704,0.712,671710.82,2026-01-16 17:59:59.999,475870.40995000,1950,330165.60000000,234136.45592000,0
2026-01-16 18:00:00,0.713,0.717,0.712,0.713,513324.58,2026-01-16 18:59:59.999,366741.38514000,1744,199136.05000000,142317.08476000,0
2026-01-16 19:00:00,0.713,0.714,0.701,0.707,2758555.22,2026-01-16 19:59:59.999,1943352.29202000,4153,1282841.77000000,903428.80807000,0
2026-01-16 20:00:00,0.707,0.719,0.704,0.717,705169.12,2026-01-16 20:59:59.999,501253.99329000,2017,410829.95000000,292502.85781000,0
2026-01-16 21:00:00,0.718,0.72,0.714,0.717,967873.43,2026-01-16 21:59:59.999,694431.80749000,1794,540398.81000000,387963.78828000,0
2026-01-16 22:00:00,0.718,0.719,0.714,0.718,998704.41,2026-01-16 22:59:59.999,715847.52670000,1992,459479.74000000,329498.00102000,0
2026-01-16 23:00:00,0.718,0.72,0.715,0.717,503758.51,2026-01-16 23:59:59.999,361687.22974000,1338,258636.89000000,185665.97553000,0
2026-01-17 00:00:00,0.718,0.722,0.716,0.72,649720.44,2026-01-17 00:59:59.999,466874.21406000,1429,326123.60000000,234445.51336000,0
2026-01-17 01:00:00,0.721,0.722,0.719,0.719,413813.62,2026-01-17 01:59:59.999,298160.70327000,987,158714.33000000,114408.14230000,0
2026-01-17 02:00:00,0.719,0.72,0.715,0.718,400116.26,2026-01-17 02:59:59.999,287139.60492000,1134,190225.46000000,136591.57536000,0
2026-01-17 03:00:00,0.717,0.719,0.714,0.718,670414.4,2026-01-17 03:59:59.999,480200.48636000,1033,241960.59000000,173306.58132000,0
2026-01-17 04:00:00,0.718,0.722,0.717,0.72,378639.01,2026-01-17 04:59:59.999,272530.98613000,997,197369.67000000,142067.27402000,0
2026-01-17 05:00:00,0.721,0.723,0.719,0.72,526949.15,2026-01-17 05:59:59.999,379798.01373000,915,296811.22000000,214005.36914000,0
2026-01-17 06:00:00,0.721,0.723,0.718,0.72,335531.23,2026-01-17 06:59:59.999,241655.05763000,886,172058.70000000,123956.29473000,0
2026-01-17 07:00:00,0.72,0.722,0.718,0.72,360887.39,2026-01-17 07:59:59.999,259977.36257000,941,158682.55000000,114337.07076000,0
2026-01-17 08:00:00,0.721,0.727,0.72,0.726,1223432.07,2026-01-17 08:59:59.999,885961.40830000,1784,652590.33000000,472632.09973000,0
2026-01-17 09:00:00,0.726,0.727,0.722,0.726,618688.69,2026-01-17 09:59:59.999,448293.86834000,1021,201543.16000000,146119.64961000,0
2026-01-17 10:00:00,0.725,0.727,0.72,0.723,485963.6,2026-01-17 10:59:59.999,351310.10805000,1122,163636.29000000,118506.96229000,0
2026-01-17 11:00:00,0.723,0.723,0.719,0.72,504107.19,2026-01-17 11:59:59.999,363400.75401000,1147,161018.77000000,116098.19902000,0
2026-01-17 12:00:00,0.719,0.724,0.718,0.721,367126.76,2026-01-17 12:59:59.999,264735.78318000,765,147947.18000000,106705.19039000,0
2026-01-17 13:00:00,0.721,0.723,0.718,0.72,811909.03,2026-01-17 13:59:59.999,585006.85421000,1202,382097.73000000,275367.85230000,0
2026-01-17 14:00:00,0.72,0.725,0.716,0.723,451266.64,2026-01-17 14:59:59.999,325530.06263000,1175,191259.30000000,138137.92130000,0
2026-01-17 15:00:00,0.723,0.728,0.722,0.728,1124982.69,2026-01-17 15:59:59.999,815200.81539000,2217,505509.10000000,366607.38506000,0
2026-01-17 16:00:00,0.728,0.735,0.721,0.723,1447920.05,2026-01-17 16:59:59.999,1053434.77768000,2835,733291.24000000,533830.78555000,0
2026-01-17 17:00:00,0.724,0.726,0.722,0.725,476581.28,2026-01-17 17:59:59.999,345112.27420000,807,249619.05000000,180821.14430000,0
2026-01-17 18:00:00,0.726,0.727,0.723,0.725,349760.16,2026-01-17 18:59:59.999,253506.08540000,726,88331.64000000,64029.47336000,0
2026-01-17 19:00:00,0.726,0.726,0.72,0.722,433844.89,2026-01-17 19:59:59.999,313822.11589000,1183,152714.54000000,110528.04995000,0
2026-01-17 20:00:00,0.721,0.724,0.718,0.721,470592.43,2026-01-17 20:59:59.999,339208.21318000,1113,207149.70000000,149396.19817000,0
2026-01-17 21:00:00,0.722,0.722,0.719,0.721,270165.6,2026-01-17 21:59:59.999,194695.77701000,837,137355.17000000,98993.37976000,0
2026-01-17 22:00:00,0.721,0.722,0.712,0.716,1042872.95,2026-01-17 22:59:59.999,747003.28939000,2235,463405.96000000,331883.62690000,0
2026-01-17 23:00:00,0.716,0.718,0.713,0.718,815214.88,2026-01-17 23:59:59.999,583412.59062000,1517,412853.57000000,295497.51435000,0
2026-01-18 00:00:00,0.718,0.724,0.716,0.717,674334.58,2026-01-18 00:59:59.999,485810.47563000,1569,403672.55000000,290780.06986000,0
2026-01-18 01:00:00,0.717,0.719,0.712,0.715,750392.48,2026-01-18 01:59:59.999,536268.39580000,1779,378509.67000000,270387.44028000,0
2026-01-18 02:00:00,0.716,0.719,0.714,0.718,467450.51,2026-01-18 02:59:59.999,334964.24243000,1268,241820.56000000,173328.51358000,0
2026-01-18 03:00:00,0.719,0.721,0.716,0.717,440801.44,2026-01-18 03:59:59.999,316845.78165000,981,230575.18000000,165779.87806000,0
2026-01-18 04:00:00,0.716,0.718,0.714,0.718,316329.36,2026-01-18 04:59:59.999,226327.43023000,893,155597.95000000,111368.31164000,0
2026-01-18 05:00:00,0.717,0.72,0.715,0.719,462906.36,2026-01-18 05:59:59.999,332215.55549000,1581,192276.74000000,138026.38829000,0
2026-01-18 06:00:00,0.718,0.72,0.716,0.719,357446.82,2026-01-18 06:59:59.999,256686.09689000,865,185064.08000000,132936.26760000,0
2026-01-18 07:00:00,0.718,0.718,0.713,0.715,310214.93,2026-01-18 07:59:59.999,221918.67944000,1082,124272.11000000,88894.54199000,0
2026-01-18 08:00:00,0.714,0.719,0.713,0.717,570797.51,2026-01-18 08:59:59.999,408780.64731000,1250,280158.04000000,200595.73831000,0
2026-01-18 09:00:00,0.716,0.718,0.714,0.716,689210.23,2026-01-18 09:59:59.999,493685.35883000,1360,276183.01000000,197842.07042000,0
2026-01-18 10:00:00,0.715,0.717,0.712,0.715,332255.79,2026-01-18 10:59:59.999,237232.65770000,909,156710.90000000,111930.99091000,0
2026-01-18 11:00:00,0.714,0.722,0.713,0.721,719642.58,2026-01-18 11:59:59.999,516505.62036000,1679,427540.73000000,307111.96963000,0
2026-01-18 12:00:00,0.721,0.722,0.713,0.714,639270.11,2026-01-18 12:59:59.999,459329.99796000,1353,257310.99000000,185001.29650000,0
2026-01-18 13:00:00,0.714,0.717,0.711,0.714,784325.75,2026-01-18 13:59:59.999,559530.61158000,1746,333523.73000000,238106.20964000,0
2026-01-18 14:00:00,0.714,0.72,0.707,0.709,1392041.05,2026-01-18 14:59:59.999,994563.71367000,2598,614188.06000000,439332.43520000,0
2026-01-18 15:00:00,0.709,0.714,0.708,0.713,465283.43,2026-01-18 15:59:59.999,331033.43922000,1507,221505.21000000,157645.26248000,0
2026-01-18 16:00:00,0.714,0.715,0.71,0.711,997245.56,2026-01-18 16:59:59.999,710257.14813000,1752,331278.33000000,236031.76225000,0
2026-01-18 17:00:00,0.711,0.716,0.707,0.715,1002503.41,2026-01-18 17:59:59.999,712985.46972000,1895,537708.78000000,382746.72229000,0
2026-01-18 18:00:00,0.715,0.72,0.714,0.719,1124308.92,2026-01-18 18:59:59.999,806745.05775000,2472,620698.70000000,445638.91444000,0
2026-01-18 19:00:00,0.719,0.72,0.712,0.713,582431.77,2026-01-18 19:59:59.999,417045.37238000,1199,213974.85000000,153259.06285000,0
2026-01-18 20:00:00,0.713,0.717,0.71,0.716,471269.35,2026-01-18 20:59:59.999,336229.38015000,1048,177838.94000000,127001.00701000,0
2026-01-18 21:00:00,0.716,0.718,0.715,0.717,326670.81,2026-01-18 21:59:59.999,233999.77341000,778,132997.38000000,95270.30196000,0
2026-01-18 22:00:00,0.717,0.72,0.716,0.719,328065.2,2026-01-18 22:59:59.999,235569.33459000,669,139807.97000000,100405.54376000,0
2026-01-18 23:00:00,0.719,0.719,0.68,0.684,9729633.98,2026-01-18 23:59:59.999,6753829.41622000,16339,4478918.01000000,3109558.37158000,0
2026-01-19 00:00:00,0.684,0.684,0.55,0.626,46615795.84,2026-01-19 00:59:59.999,28722665.07392000,98062,22057664.89000000,13563829.33529000,0
2026-01-19 01:00:00,0.626,0.649,0.622,0.642,14147992.58,2026-01-19 01:59:59.999,9046072.11155000,25163,7665469.64000000,4903654.10561000,0
2026-01-19 02:00:00,0.642,0.656,0.637,0.639,7681066.13,2026-01-19 02:59:59.999,4962916.57439000,9906,4245133.90000000,2744400.63663000,0
2026-01-19 03:00:00,0.638,0.641,0.636,0.638,2477481.25,2026-01-19 03:59:59.999,1581690.87850000,3469,1453599.60000000,928159.27736000,0
2026-01-19 04:00:00,0.637,0.642,0.633,0.634,3655774.12,2026-01-19 04:59:59.999,2329257.00708000,4389,1828555.17000000,1165373.05734000,0
2026-01-19 05:00:00,0.634,0.637,0.624,0.628,4573342.04,2026-01-19 05:59:59.999,2879797.00389000,5299,2294702.30000000,1445885.91842000,0
2026-01-19 06:00:00,0.628,0.632,0.623,0.627,2242478.93,2026-01-19 06:59:59.999,1408405.68968000,2920,1072970.50000000,674300.55048000,0
2026-01-19 07:00:00,0.627,0.634,0.625,0.625,2372594.96,2026-01-19 07:59:59.999,1494038.30155000,3172,1234129.69000000,777529.98051000,0
2026-01-19 08:00:00,0.626,0.632,0.617,0.631,3673241.68,2026-01-19 08:59:59.999,2294257.35165000,5533,1993228.59000000,1245495.38029000,0
2026-01-19 09:00:00,0.63,0.632,0.627,0.631,2188701.7,2026-01-19 09:59:59.999,1378825.54064000,2755,1280905.64000000,807312.84169000,0
2026-01-19 10:00:00,0.631,0.632,0.619,0.624,4382537.82,2026-01-19 10:59:59.999,2736033.95713000,4023,2315783.56000000,1445241.90838000,0
2026-01-19 11:00:00,0.624,0.627,0.623,0.626,1210853.31,2026-01-19 11:59:59.999,756783.66582000,2213,698940.78000000,436990.19790000,0
2026-01-19 12:00:00,0.625,0.625,0.619,0.624,1665256.71,2026-01-19 12:59:59.999,1036064.23609000,2836,870398.87000000,541611.01432000,0
2026-01-19 13:00:00,0.623,0.626,0.62,0.621,2080748.47,2026-01-19 13:59:59.999,1294839.92284000,3069,859256.25000000,535001.24638000,0
2026-01-19 14:00:00,0.621,0.623,0.61,0.614,2483471.86,2026-01-19 14:59:59.999,1532941.34814000,4517,1067181.17000000,659423.22786000,0
2026-01-19 15:00:00,0.614,0.622,0.612,0.621,3067962.03,2026-01-19 15:59:59.999,1888331.17437000,4232,1700233.45000000,1046948.40238000,0
2026-01-19 16:00:00,0.621,0.626,0.619,0.625,1131858.17,2026-01-19 16:59:59.999,704540.47529000,2139,682680.24000000,425014.65761000,0
2026-01-19 17:00:00,0.624,0.627,0.622,0.623,1013082.42,2026-01-19 17:59:59.999,632236.43721000,2001,592818.73000000,369984.24553000,0
2026-01-19 18:00:00,0.623,0.628,0.621,0.627,806369.31,2026-01-19 18:59:59.999,503301.11881000,1562,424828.80000000,265445.74551000,0
2026-01-19 19:00:00,0.627,0.632,0.625,0.629,897608.97,2026-01-19 19:59:59.999,564224.53967000,1986,555090.78000000,349039.14886000,0
2026-01-19 20:00:00,0.629,0.633,0.626,0.628,1006828.16,2026-01-19 20:59:59.999,633835.04904000,2123,561614.74000000,353668.17437000,0
2026-01-19 21:00:00,0.628,0.628,0.622,0.622,723775.55,2026-01-19 21:59:59.999,451947.20284000,1897,329122.29000000,205610.66127000,0
2026-01-19 22:00:00,0.623,0.624,0.612,0.613,3494705.26,2026-01-19 22:59:59.999,2158021.90222000,4548,1669827.69000000,1031931.45168000,0
2026-01-19 23:00:00,0.614,0.621,0.613,0.619,2123352.06,2026-01-19 23:59:59.999,1309565.18342000,3121,973982.98000000,600658.56397000,0
2026-01-20 00:00:00,0.619,0.622,0.617,0.619,2235631.58,2026-01-20 00:59:59.999,1383721.60583000,2581,1216921.86000000,753343.33472000,0
2026-01-20 01:00:00,0.619,0.625,0.614,0.621,1522467.81,2026-01-20 01:59:59.999,944291.88658000,2699,817210.48000000,507131.00109000,0
2026-01-20 02:00:00,0.621,0.629,0.62,0.626,1657420.9,2026-01-20 02:59:59.999,1034805.22723000,3205,989455.18000000,618157.71338000,0
2026-01-20 03:00:00,0.626,0.628,0.621,0.622,1609356.96,2026-01-20 03:59:59.999,1004080.06676000,2375,734095.85000000,458117.27225000,0
2026-01-20 04:00:00,0.623,0.624,0.618,0.618,1534442.44,2026-01-20 04:59:59.999,951920.39364000,2752,725910.50000000,450483.26979000,0
2026-01-20 05:00:00,0.619,0.624,0.615,0.62,2956456.66,2026-01-20 05:59:59.999,1833366.83532000,4791,1288025.92000000,799048.97068000,0
2026-01-20 06:00:00,0.62,0.62,0.6,0.61,5010661.95,2026-01-20 06:59:59.999,3057848.76083000,8449,1886833.47000000,1151970.39835000,0
2026-01-20 07:00:00,0.611,0.614,0.604,0.606,3439736.19,2026-01-20 07:59:59.999,2093720.00682000,4443,1470749.04000000,895595.15365000,0
2026-01-20 08:00:00,0.606,0.607,0.595,0.605,6232402.85,2026-01-20 08:59:59.999,3751129.96096000,7535,2439692.26000000,1469306.89539000,0
2026-01-20 09:00:00,0.605,0.606,0.602,0.605,1490007.78,2026-01-20 09:59:59.999,899708.01385000,3184,847737.62000000,512043.26881000,0
2026-01-20 10:00:00,0.605,0.61,0.604,0.608,1147234.0,2026-01-20 10:59:59.999,696690.93218000,2019,632034.40000000,383954.09417000,0
2026-01-20 11:00:00,0.608,0.611,0.605,0.606,1060771.97,2026-01-20 11:59:59.999,645208.87140000,1937,533716.64000000,324786.65469000,0
2026-01-20 12:00:00,0.607,0.609,0.602,0.602,1304175.65,2026-01-20 12:59:59.999,789655.30833000,2364,575531.65000000,348553.11708000,0
2026-01-20 13:00:00,0.603,0.604,0.587,0.59,6002380.58,2026-01-20 13:59:59.999,3569409.09256000,7206,1990070.20000000,1184306.49501000,0
2026-01-20 14:00:00,0.59,0.602,0.59,0.599,5406465.17,2026-01-20 14:59:59.999,3218167.88389000,9352,2682713.06000000,1597210.32721000,0
2026-01-20 15:00:00,0.599,0.6,0.588,0.599,5042581.49,2026-01-20 15:59:59.999,3001046.01087000,11582,2244733.18000000,1336714.59321000,0
2026-01-20 16:00:00,0.599,0.604,0.591,0.593,3962685.61,2026-01-20 16:59:59.999,2369363.00286000,8019,2154379.89000000,1288786.00109000,0
2026-01-20 17:00:00,0.593,0.598,0.587,0.59,4014563.86,2026-01-20 17:59:59.999,2376384.05113000,5550,1997304.56000000,1182462.52962000,0
2026-01-20 18:00:00,0.59,0.592,0.578,0.581,5908000.2,2026-01-20 18:59:59.999,3460137.18615000,7779,2688434.69000000,1575680.24551000,0
2026-01-20 19:00:00,0.582,0.586,0.579,0.581,2045808.26,2026-01-20 19:59:59.999,1191444.72558000,3783,769571.97000000,448528.71870000,0
2026-01-20 20:00:00,0.581,0.586,0.579,0.581,1430520.33,2026-01-20 20:59:59.999,831972.32016000,2800,594365.90000000,345958.07517000,0
2026-01-20 21:00:00,0.581,0.581,0.575,0.581,1742106.14,2026-01-20 21:59:59.999,1008477.97434000,2859,590629.41000000,342010.14046000,0
2026-01-20 22:00:00,0.58,0.586,0.568,0.581,4186672.76,2026-01-20 22:59:59.999,2418664.18795000,7062,1664903.48000000,961687.04376000,0
2026-01-20 23:00:00,0.581,0.581,0.572,0.574,2712248.21,2026-01-20 23:59:59.999,1563229.03480000,5661,763757.31000000,440241.80421000,0
2026-01-21 00:00:00,0.574,0.587,0.574,0.585,2030575.21,2026-01-21 00:59:59.999,1176724.45306000,3811,1166967.91000000,676767.95823000,0
2026-01-21 01:00:00,0.585,0.591,0.585,0.59,1574840.58,2026-01-21 01:59:59.999,926924.31261000,3742,810555.69000000,477253.57013000,0
2026-01-21 02:00:00,0.589,0.593,0.588,0.591,1663386.64,2026-01-21 02:59:59.999,981570.99371000,2769,913524.16000000,539241.64844000,0
2026-01-21 03:00:00,0.59,0.593,0.588,0.59,1367102.21,2026-01-21 03:59:59.999,807102.39361000,2175,675664.27000000,399042.05981000,0
2026-01-21 04:00:00,0.59,0.599,0.59,0.598,1850389.53,2026-01-21 04:59:59.999,1099798.26885000,2841,1001493.17000000,595216.19731000,0
2026-01-21 05:00:00,0.598,0.607,0.596,0.603,3133497.59,2026-01-21 05:59:59.999,1882630.27805000,4191,2065179.50000000,1241411.53364000,0
2026-01-21 06:00:00,0.603,0.604,0.6,0.601,966057.74,2026-01-21 06:59:59.999,581035.00429000,1535,450698.67000000,271173.17968000,0
2026-01-21 07:00:00,0.602,0.605,0.598,0.602,1143530.52,2026-01-21 07:59:59.999,687608.08550000,1630,633973.09000000,381372.04580000,0
2026-01-21 08:00:00,0.602,0.604,0.599,0.601,1285289.46,2026-01-21 08:59:59.999,773209.32475000,2257,639130.07000000,384489.83677000,0
2026-01-21 09:00:00,0.602,0.604,0.599,0.6,1009650.52,2026-01-21 09:59:59.999,607027.04632000,1527,518226.86000000,311726.10682000,0
2026-01-21 10:00:00,0.601,0.606,0.599,0.601,809859.92,2026-01-21 10:59:59.999,488751.34134000,1639,380653.24000000,229698.46956000,0
2026-01-21 11:00:00,0.6,0.608,0.597,0.598,2008730.28,2026-01-21 11:59:59.999,1209045.40927000,3133,916446.23000000,551722.68749000,0
2026-01-21 12:00:00,0.599,0.602,0.592,0.599,2803546.88,2026-01-21 12:59:59.999,1672159.11727000,5748,1265434.32000000,755109.72777000,0
2026-01-21 13:00:00,0.599,0.603,0.593,0.596,1310388.54,2026-01-21 13:59:59.999,783453.39666000,2936,565031.31000000,338068.47487000,0
2026-01-21 14:00:00,0.596,0.613,0.595,0.61,4277810.94,2026-01-21 14:59:59.999,2594209.06891000,9794,2165357.37000000,1313248.23683000,0
2026-01-21 15:00:00,0.61,0.616,0.608,0.613,2871634.13,2026-01-21 15:59:59.999,1756308.65675000,6175,1550942.03000000,949087.52507000,0
2026-01-21 16:00:00,0.614,0.615,0.59,0.591,4589533.96,2026-01-21 16:59:59.999,2757066.37136000,7885,1879678.56000000,1129862.43250000,0
2026-01-21 17:00:00,0.592,0.599,0.587,0.595,3310660.22,2026-01-21 17:59:59.999,1959604.56896000,8999,1587960.53000000,940298.58253000,0
2026-01-21 18:00:00,0.594,0.605,0.592,0.6,1466392.92,2026-01-21 18:59:59.999,878334.83171000,4521,720575.43000000,431460.22513000,0
2026-01-21 19:00:00,0.6,0.62,0.597,0.619,3210212.82,2026-01-21 19:59:59.999,1958268.40193000,9574,1765768.34000000,1077451.16671000,0
2026-01-21 20:00:00,0.62,0.62,0.61,0.618,1983858.94,2026-01-21 20:59:59.999,1217203.16160000,5630,955927.46000000,586514.27862000,0
2026-01-21 21:00:00,0.617,0.622,0.615,0.62,813226.87,2026-01-21 21:59:59.999,502632.55510000,2659,416057.42000000,257200.43785000,0
2026-01-21 22:00:00,0.619,0.624,0.611,0.611,895240.31,2026-01-21 22:59:59.999,551680.66866000,2217,399414.58000000,246669.10232000,0
2026-01-21 23:00:00,0.612,0.615,0.603,0.607,1783288.34,2026-01-21 23:59:59.999,1085593.19958000,3279,869349.85000000,529768.98239000,0
2026-01-22 00:00:00,0.606,0.614,0.606,0.613,447229.47,2026-01-22 00:59:59.999,273133.76992000,1541,222615.05000000,135986.19950000,0
2026-01-22 01:00:00,0.612,0.619,0.611,0.618,783299.52,2026-01-22 01:59:59.999,481875.50242000,1639,440466.05000000,271188.70808000,0
2026-01-22 02:00:00,0.618,0.621,0.615,0.617,747090.96,2026-01-22 02:59:59.999,461910.68968000,1782,385597.50000000,238535.03687000,0
2026-01-22 03:00:00,0.617,0.621,0.614,0.619,847903.89,2026-01-22 03:59:59.999,523603.33682000,1957,485721.16000000,300060.98016000,0
2026-01-22 04:00:00,0.618,0.625,0.617,0.622,1124296.39,2026-01-22 04:59:59.999,698842.36716000,2209,664655.03000000,413183.26889000,0
2026-01-22 05:00:00,0.622,0.623,0.619,0.62,774265.96,2026-01-22 05:59:59.999,481047.55447000,1741,360126.28000000,223891.81722000,0
2026-01-22 06:00:00,0.62,0.623,0.614,0.617,1194717.24,2026-01-22 06:59:59.999,737479.71859000,2530,500500.68000000,309032.74417000,0
2026-01-22 07:00:00,0.617,0.617,0.612,0.615,1017461.14,2026-01-22 07:59:59.999,624638.42286000,1888,298793.48000000,183597.25331000,0
2026-01-22 08:00:00,0.616,0.623,0.615,0.621,1195524.78,2026-01-22 08:59:59.999,738782.57784000,2447,717998.23000000,444032.59367000,0
2026-01-22 09:00:00,0.621,0.626,0.619,0.622,804167.89,2026-01-22 09:59:59.999,499817.39089000,1860,454883.46000000,282760.65076000,0
2026-01-22 10:00:00,0.623,0.623,0.619,0.621,706047.11,2026-01-22 10:59:59.999,438239.57460000,1567,309387.19000000,192135.35078000,0
2026-01-22 11:00:00,0.62,0.622,0.615,0.618,765707.41,2026-01-22 11:59:59.999,473478.44773000,1863,375352.13000000,232149.99427000,0
2026-01-22 12:00:00,0.618,0.619,0.614,0.616,778086.62,2026-01-22 12:59:59.999,479778.58725000,1619,337866.56000000,208456.43622000,0
2026-01-22 13:00:00,0.615,0.619,0.609,0.611,1667758.78,2026-01-22 13:59:59.999,1024277.52820000,3227,803133.12000000,493484.96630000,0
2026-01-22 14:00:00,0.611,0.613,0.603,0.605,1964629.82,2026-01-22 14:59:59.999,1193628.46829000,4670,816966.40000000,496584.62242000,0
2026-01-22 15:00:00,0.605,0.61,0.599,0.608,2189867.48,2026-01-22 15:59:59.999,1325023.53951000,5789,913562.62000000,553079.85634000,0
2026-01-22 16:00:00,0.608,0.615,0.608,0.612,1276440.58,2026-01-22 16:59:59.999,780143.14068000,3717,681617.09000000,416606.69233000,0
2026-01-22 17:00:00,0.612,0.615,0.609,0.614,855032.04,2026-01-22 17:59:59.999,523526.79812000,2557,424362.63000000,259870.41845000,0
2026-01-22 18:00:00,0.614,0.615,0.607,0.607,981461.77,2026-01-22 18:59:59.999,600227.99683000,2098,479845.04000000,293571.96001000,0
2026-01-22 19:00:00,0.607,0.613,0.605,0.611,507126.01,2026-01-22 19:59:59.999,308933.04692000,1648,247185.42000000,150620.96611000,0
2026-01-22 20:00:00,0.611,0.613,0.607,0.61,820454.06,2026-01-22 20:59:59.999,499836.17699000,2434,406713.59000000,247757.06700000,0
2026-01-22 21:00:00,0.61,0.615,0.61,0.613,805259.34,2026-01-22 21:59:59.999,493043.28593000,1940,446507.34000000,273335.53333000,0
2026-01-22 22:00:00,0.612,0.615,0.609,0.611,506513.44,2026-01-22 22:59:59.999,309632.31241000,1228,231649.44000000,141682.15231000,0
2026-01-22 23:00:00,0.611,0.612,0.606,0.609,570591.05,2026-01-22 23:59:59.999,347392.44584000,1377,298565.84000000,181837.64323000,0
2026-01-23 00:00:00,0.61,0.613,0.608,0.611,413635.6,2026-01-23 00:59:59.999,252460.37254000,1118,205523.55000000,125545.93833000,0
2026-01-23 01:00:00,0.611,0.617,0.611,0.616,715181.39,2026-01-23 01:59:59.999,439457.41881000,1464,499033.31000000,306548.63374000,0
2026-01-23 02:00:00,0.616,0.62,0.615,0.62,525776.66,2026-01-23 02:59:59.999,324996.87677000,1157,354290.61000000,218988.48855000,0
2026-01-23 03:00:00,0.619,0.628,0.618,0.627,1086330.85,2026-01-23 03:59:59.999,677806.39967000,2287,682667.59000000,425948.45416000,0
2026-01-23 04:00:00,0.627,0.627,0.62,0.624,1315008.86,2026-01-23 04:59:59.999,820428.39889000,2463,646155.00000000,403283.87270000,0
2026-01-23 05:00:00,0.624,0.631,0.622,0.631,1501573.92,2026-01-23 05:59:59.999,940860.01026000,2212,983351.79000000,616716.77411000,0
2026-01-23 06:00:00,0.63,0.633,0.625,0.626,1155848.81,2026-01-23 06:59:59.999,726440.78182000,2204,618013.30000000,388572.56581000,0
2026-01-23 07:00:00,0.626,0.633,0.626,0.632,863264.48,2026-01-23 07:59:59.999,543728.09101000,1944,443192.42000000,279161.64289000,0
2026-01-23 08:00:00,0.632,0.635,0.623,0.625,1801249.01,2026-01-23 08:59:59.999,1135067.08427000,4072,971848.64000000,612802.20309000,0
2026-01-23 09:00:00,0.625,0.63,0.624,0.626,1156553.19,2026-01-23 09:59:59.999,724579.88777000,2712,611840.31000000,383405.29259000,0
2026-01-23 10:00:00,0.626,0.628,0.622,0.623,600297.38,2026-01-23 10:59:59.999,374902.39240000,1616,280136.32000000,174999.48634000,0
2026-01-23 11:00:00,0.623,0.627,0.622,0.626,1789575.82,2026-01-23 11:59:59.999,1117555.59035000,2218,658312.88000000,411239.12291000,0
2026-01-23 12:00:00,0.625,0.626,0.619,0.62,943726.68,2026-01-23 12:59:59.999,587792.58671000,1527,319013.08000000,198622.99012000,0
2026-01-23 13:00:00,0.621,0.623,0.619,0.62,444298.21,2026-01-23 13:59:59.999,275836.31970000,1043,279534.82000000,173574.29285000,0
2026-01-23 14:00:00,0.62,0.624,0.611,0.617,1421101.58,2026-01-23 14:59:59.999,877039.76443000,4601,656179.39000000,405128.13261000,0
2026-01-23 15:00:00,0.617,0.633,0.614,0.632,1724046.25,2026-01-23 15:59:59.999,1075680.52463000,4742,919274.37000000,573815.17128000,0
2026-01-23 16:00:00,0.632,0.635,0.625,0.631,1619123.71,2026-01-23 16:59:59.999,1021378.05481000,4327,864338.93000000,545525.28667000,0
2026-01-23 17:00:00,0.631,0.665,0.625,0.651,13987485.37,2026-01-23 17:59:59.999,9068941.81943000,27056,6849360.27000000,4437606.18347000,0
2026-01-23 18:00:00,0.65,0.667,0.647,0.649,3716408.1,2026-01-23 18:59:59.999,2446627.87295000,10647,1976911.16000000,1301238.90747000,0
2026-01-23 19:00:00,0.65,0.65,0.634,0.636,2676654.35,2026-01-23 19:59:59.999,1712136.00099000,7732,1429131.55000000,914473.62776000,0
2026-01-23 20:00:00,0.636,0.644,0.632,0.636,2272324.39,2026-01-23 20:59:59.999,1445928.36403000,5522,1455107.56000000,926049.90128000,0
2026-01-23 21:00:00,0.635,0.645,0.635,0.641,1273514.16,2026-01-23 21:59:59.999,815807.26448000,3240,649264.82000000,415822.10427000,0
2026-01-23 22:00:00,0.641,0.646,0.638,0.643,1329920.96,2026-01-23 22:59:59.999,853960.52243000,3176,848164.88000000,544264.77647000,0
2026-01-23 23:00:00,0.643,0.643,0.637,0.641,1506193.54,2026-01-23 23:59:59.999,963161.28793000,2202,818387.69000000,523346.71651000,0
2026-01-24 00:00:00,0.641,0.643,0.635,0.635,1246401.23,2026-01-24 00:59:59.999,796970.17450000,1917,713257.87000000,456071.02663000,0
2026-01-24 01:00:00,0.635,0.639,0.631,0.637,1052770.95,2026-01-24 01:59:59.999,668069.58109000,1793,602028.76000000,382177.51690000,0
2026-01-24 02:00:00,0.637,0.641,0.636,0.638,1086259.1,2026-01-24 02:59:59.999,694037.72736000,2314,631729.15000000,403653.82689000,0
2026-01-24 03:00:00,0.638,0.647,0.637,0.645,1867816.75,2026-01-24 03:59:59.999,1200273.45947000,3538,957334.74000000,615403.93397000,0
2026-01-24 04:00:00,0.644,0.647,0.638,0.639,922331.65,2026-01-24 04:59:59.999,591791.32247000,1771,494175.90000000,317090.56649000,0
2026-01-24 05:00:00,0.639,0.64,0.636,0.639,405521.2,2026-01-24 05:59:59.999,258621.08262000,1147,163933.27000000,104558.47956000,0
2026-01-24 06:00:00,0.639,0.64,0.636,0.637,346760.62,2026-01-24 06:59:59.999,221104.68974000,921,134769.03000000,86044.09708000,0
2026-01-24 07:00:00,0.637,0.641,0.635,0.636,510353.7,2026-01-24 07:59:59.999,325258.19952000,1337,236507.89000000,150804.62857000,0
2026-01-24 08:00:00,0.636,0.645,0.633,0.644,1083813.29,2026-01-24 08:59:59.999,693419.25674000,2136,701432.39000000,449105.85099000,0
2026-01-24 09:00:00,0.644,0.647,0.639,0.64,951054.03,2026-01-24 09:59:59.999,611343.62879000,1830,453074.24000000,291361.76467000,0
2026-01-24 10:00:00,0.64,0.664,0.639,0.657,3965555.06,2026-01-24 10:59:59.999,2602110.13241000,6294,2304216.97000000,1512565.79795000,0
2026-01-24 11:00:00,0.658,0.674,0.656,0.673,3996099.47,2026-01-24 11:59:59.999,2658267.59887000,6931,2254986.51000000,1499541.94401000,0
2026-01-24 12:00:00,0.674,0.674,0.656,0.665,5705882.62,2026-01-24 12:59:59.999,3788148.05646000,7507,2382161.81000000,1583244.71902000,0
2026-01-24 13:00:00,0.665,0.665,0.659,0.659,1179786.37,2026-01-24 13:59:59.999,781981.98667000,2627,535644.30000000,355192.81624000,0
2026-01-24 14:00:00,0.66,0.666,0.657,0.663,1536138.89,2026-01-24 14:59:59.999,1017535.77980000,3718,874683.00000000,579777.24485000,0
2026-01-24 15:00:00,0.664,0.666,0.653,0.656,2248570.33,2026-01-24 15:59:59.999,1479032.56627000,3723,970365.80000000,638450.02429000,0
2026-01-24 16:00:00,0.656,0.661,0.651,0.658,1933596.73,2026-01-24 16:59:59.999,1268395.40139000,3347,967513.18000000,635066.19098000,0
2026-01-24 17:00:00,0.658,0.667,0.656,0.664,1890376.9,2026-01-24 17:59:59.999,1253557.38027000,3485,1166009.32000000,773404.59176000,0
2026-01-24 18:00:00,0.665,0.672,0.662,0.669,3066676.99,2026-01-24 18:59:59.999,2046796.67165000,5324,1939810.38000000,1295045.16299000,0
2026-01-24 19:00:00,0.669,0.674,0.663,0.667,1851025.03,2026-01-24 19:59:59.999,1239059.42210000,3103,1000325.13000000,669836.01633000,0
2026-01-24 20:00:00,0.667,0.667,0.658,0.661,1261913.46,2026-01-24 20:59:59.999,835038.34520000,2537,494175.70000000,326935.79290000,0
2026-01-24 21:00:00,0.66,0.663,0.657,0.659,707025.62,2026-01-24 21:59:59.999,466697.97681000,1310,332708.63000000,219709.04298000,0
2026-01-24 22:00:00,0.659,0.662,0.657,0.661,590322.41,2026-01-24 22:59:59.999,389099.27229000,1346,273877.44000000,180568.39176000,0
2026-01-24 23:00:00,0.661,0.665,0.658,0.659,849287.79,2026-01-24 23:59:59.999,562291.61103000,1418,362561.59000000,240139.41265000,0
2026-01-25 00:00:00,0.66,0.664,0.657,0.664,1126435.82,2026-01-25 00:59:59.999,744587.16941000,2155,463800.34000000,306644.01417000,0
2026-01-25 01:00:00,0.663,0.665,0.653,0.656,1686641.0,2026-01-25 01:59:59.999,1111963.25745000,2958,627813.99000000,414044.39778000,0
2026-01-25 02:00:00,0.656,0.662,0.655,0.657,1446389.67,2026-01-25 02:59:59.999,953143.18569000,2327,709157.29000000,467511.97405000,0
2026-01-25 03:00:00,0.657,0.66,0.647,0.651,2026834.36,2026-01-25 03:59:59.999,1322843.40495000,3161,641343.62000000,418992.33310000,0
2026-01-25 04:00:00,0.651,0.652,0.644,0.648,1113170.6,2026-01-25 04:59:59.999,721728.72558000,2781,486662.05000000,315690.36082000,0
2026-01-25 05:00:00,0.648,0.658,0.647,0.654,697109.72,2026-01-25 05:59:59.999,453942.51998000,2253,425742.70000000,277223.22113000,0
2026-01-25 06:00:00,0.654,0.655,0.649,0.651,554968.25,2026-01-25 06:59:59.999,362257.66373000,1499,247093.93000000,161422.28881000,0
2026-01-25 07:00:00,0.65,0.651,0.639,0.645,2133946.51,2026-01-25 07:59:59.999,1377586.13063000,3894,841323.08000000,543360.02833000,0
2026-01-25 08:00:00,0.645,0.648,0.64,0.643,1818798.18,2026-01-25 08:59:59.999,1170029.77637000,4470,689714.63000000,443983.55755000,0
2026-01-25 09:00:00,0.643,0.649,0.643,0.645,826110.05,2026-01-25 09:59:59.999,533644.51583000,2413,423258.25000000,273459.42816000,0
2026-01-25 10:00:00,0.645,0.646,0.64,0.64,753027.2,2026-01-25 10:59:59.999,484567.86775000,2304,258549.74000000,166450.50863000,0
2026-01-25 11:00:00,0.64,0.644,0.637,0.64,778960.36,2026-01-25 11:59:59.999,499392.01493000,2030,418968.16000000,268699.03893000,0
2026-01-25 12:00:00,0.64,0.641,0.633,0.64,1871906.88,2026-01-25 12:59:59.999,1191536.60126000,3104,906250.43000000,576961.12897000,0
2026-01-25 13:00:00,0.64,0.642,0.634,0.638,1007032.85,2026-01-25 13:59:59.999,642362.29046000,2598,431374.81000000,275363.86175000,0
2026-01-25 14:00:00,0.638,0.639,0.626,0.627,1928219.21,2026-01-25 14:59:59.999,1218611.31954000,5473,704950.41000000,445706.49029000,0
2026-01-25 15:00:00,0.627,0.631,0.622,0.629,1358515.85,2026-01-25 15:59:59.999,852057.81562000,3848,596916.12000000,374633.20591000,0
2026-01-25 16:00:00,0.629,0.63,0.609,0.617,5337883.06,2026-01-25 16:59:59.999,3289084.78134000,13822,2316552.44000000,1427419.95348000,0
2026-01-25 17:00:00,0.617,0.619,0.612,0.617,1428364.3,2026-01-25 17:59:59.999,879395.10379000,3734,681494.46000000,419538.25965000,0
2026-01-25 18:00:00,0.617,0.617,0.605,0.608,3224040.84,2026-01-25 18:59:59.999,1966927.51829000,7589,1427456.20000000,871477.15497000,0
2026-01-25 19:00:00,0.609,0.611,0.597,0.6,3143189.85,2026-01-25 19:59:59.999,1896760.57044000,7680,1408145.55000000,850342.09686000,0
2026-01-25 20:00:00,0.6,0.605,0.596,0.602,1532325.43,2026-01-25 20:59:59.999,919818.96478000,4040,676665.09000000,406276.89134000,0
2026-01-25 21:00:00,0.603,0.608,0.603,0.607,806702.26,2026-01-25 21:59:59.999,488437.68413000,2467,395958.15000000,239877.30646000,0
2026-01-25 22:00:00,0.607,0.609,0.6,0.601,2390742.05,2026-01-25 22:59:59.999,1445556.95528000,3805,1162543.54000000,703572.36087000,0
2026-01-25 23:00:00,0.601,0.607,0.598,0.605,2325635.72,2026-01-25 23:59:59.999,1402415.54954000,4569,1026022.41000000,619049.68204000,0
2026-01-26 00:00:00,0.605,0.608,0.6,0.604,1645982.76,2026-01-26 00:59:59.999,994947.26794000,3709,680188.32000000,411350.40576000,0
2026-01-26 01:00:00,0.604,0.614,0.604,0.611,2562384.1,2026-01-26 01:59:59.999,1563463.62914000,4607,1124553.78000000,686143.13222000,0
2026-01-26 02:00:00,0.611,0.612,0.606,0.609,1637345.38,2026-01-26 02:59:59.999,996979.63399000,3147,488443.77000000,297371.14704000,0
2026-01-26 03:00:00,0.608,0.614,0.605,0.608,1972269.81,2026-01-26 03:59:59.999,1202259.67945000,2955,872569.18000000,532583.49113000,0
2026-01-26 04:00:00,0.607,0.612,0.604,0.609,1648469.32,2026-01-26 04:59:59.999,1002624.77843000,2885,582351.91000000,354532.33580000,0
2026-01-26 05:00:00,0.61,0.614,0.608,0.61,1664571.21,2026-01-26 05:59:59.999,1016565.86243000,2375,658592.03000000,402430.70501000,0
2026-01-26 06:00:00,0.61,0.617,0.609,0.615,1704446.41,2026-01-26 06:59:59.999,1043383.73800000,2825,735088.76000000,450260.50045000,0
2026-01-26 07:00:00,0.615,0.623,0.613,0.621,1715017.37,2026-01-26 07:59:59.999,1057404.10449000,2820,756305.95000000,466907.78738000,0
2026-01-26 08:00:00,0.62,0.623,0.615,0.617,2162535.87,2026-01-26 08:59:59.999,1337894.37897000,3706,751307.42000000,465091.78398000,0
2026-01-26 09:00:00,0.617,0.619,0.61,0.613,1269751.68,2026-01-26 09:59:59.999,779223.34134000,2446,532154.07000000,326619.60607000,0
2026-01-26 10:00:00,0.613,0.622,0.613,0.621,942055.65,2026-01-26 10:59:59.999,583102.10042000,1879,516489.20000000,319859.78484000,0
2026-01-26 11:00:00,0.621,0.628,0.621,0.625,1305759.01,2026-01-26 11:59:59.999,816055.55135000,2252,714283.58000000,446513.04991000,0
2026-01-26 12:00:00,0.626,0.632,0.624,0.627,1828211.57,2026-01-26 12:59:59.999,1148328.15193000,2832,783515.38000000,492086.78371000,0
2026-01-26 13:00:00,0.626,0.637,0.626,0.635,4098775.2,2026-01-26 13:59:59.999,2590031.37725000,5947,2305625.07000000,1457574.41302000,0
2026-01-26 14:00:00,0.636,0.639,0.626,0.635,3215073.13,2026-01-26 14:59:59.999,2033454.79435000,5329,1429695.25000000,904777.86627000,0
2026-01-26 15:00:00,0.635,0.639,0.623,0.628,2654450.15,2026-01-26 15:59:59.999,1675301.42038000,4736,1165315.09000000,736336.21387000,0
2026-01-26 16:00:00,0.628,0.633,0.625,0.63,1599270.18,2026-01-26 16:59:59.999,1006586.63230000,3466,698362.18000000,439938.87975000,0
2026-01-26 17:00:00,0.63,0.634,0.624,0.63,1963750.38,2026-01-26 17:59:59.999,1234071.98415000,3727,861243.93000000,541237.50209000,0
2026-01-26 18:00:00,0.629,0.633,0.626,0.632,2116448.0,2026-01-26 18:59:59.999,1334100.20675000,3064,1435209.42000000,905189.57244000,0
2026-01-26 19:00:00,0.632,0.634,0.627,0.63,1361364.0,2026-01-26 19:59:59.999,858120.37423000,2497,692906.72000000,436819.56614000,0
2026-01-26 20:00:00,0.63,0.634,0.628,0.631,902102.1,2026-01-26 20:59:59.999,568759.68537000,1581,527670.45000000,332658.88667000,0
2026-01-26 21:00:00,0.631,0.64,0.63,0.638,855293.36,2026-01-26 21:59:59.999,542973.31091000,1753,473241.77000000,300551.99982000,0
2026-01-26 22:00:00,0.639,0.642,0.637,0.639,1190667.63,2026-01-26 22:59:59.999,761340.15924000,2121,578605.10000000,370173.11106000,0
2026-01-26 23:00:00,0.639,0.645,0.637,0.641,997130.03,2026-01-26 23:59:59.999,639220.90623000,1637,542416.74000000,347826.31503000,0
2026-01-27 00:00:00,0.64,0.64,0.635,0.638,2257368.13,2026-01-27 00:59:59.999,1437500.51233000,2763,1274805.32000000,811926.01147000,0
2026-01-27 01:00:00,0.637,0.645,0.636,0.641,1895737.1,2026-01-27 01:59:59.999,1213634.47583000,2827,911090.44000000,583148.78962000,0
2026-01-27 02:00:00,0.64,0.646,0.64,0.644,899663.82,2026-01-27 02:59:59.999,578563.75739000,1916,431852.74000000,277780.12439000,0
2026-01-27 03:00:00,0.643,0.647,0.638,0.641,1598972.37,2026-01-27 03:59:59.999,1027250.88031000,2882,830317.78000000,533888.99189000,0
2026-01-27 04:00:00,0.641,0.646,0.64,0.643,965308.69,2026-01-27 04:59:59.999,620442.38170000,2261,451634.03000000,290366.87282000,0
2026-01-27 05:00:00,0.643,0.647,0.64,0.641,1139374.22,2026-01-27 05:59:59.999,733688.77331000,1681,447872.86000000,288570.65645000,0
2026-01-27 06:00:00,0.641,0.642,0.636,0.638,779548.9,2026-01-27 06:59:59.999,497419.22040000,1547,264733.77000000,169008.73751000,0
2026-01-27 07:00:00,0.639,0.664,0.639,0.663,4903139.58,2026-01-27 07:59:59.999,3207582.13669000,8001,2789729.28000000,1825115.68852000,0
2026-01-27 08:00:00,0.664,0.668,0.656,0.662,3083973.61,2026-01-27 08:59:59.999,2038612.80656000,6218,1380106.65000000,912654.10750000,0
2026-01-27 09:00:00,0.663,0.663,0.648,0.653,2489989.25,2026-01-27 09:59:59.999,1629972.71121000,5040,1137895.37000000,745415.53989000,0
2026-01-27 10:00:00,0.652,0.656,0.651,0.651,1153865.09,2026-01-27 10:59:59.999,754845.39538000,2274,637597.48000000,417236.87271000,0
2026-01-27 11:00:00,0.651,0.657,0.647,0.651,1032932.46,2026-01-27 11:59:59.999,673155.29199000,2277,390457.49000000,254555.26341000,0
2026-01-27 12:00:00,0.651,0.655,0.649,0.653,1228008.34,2026-01-27 12:59:59.999,799257.31181000,2058,425600.88000000,277211.85063000,0
2026-01-27 13:00:00,0.653,0.654,0.644,0.646,1093182.54,2026-01-27 13:59:59.999,708234.46271000,2719,445165.67000000,288483.01878000,0
2026-01-27 14:00:00,0.646,0.652,0.638,0.641,2125044.44,2026-01-27 14:59:59.999,1370760.78662000,5431,932868.50000000,603046.44333000,0
2026-01-27 15:00:00,0.64,0.65,0.639,0.65,1466305.03,2026-01-27 15:59:59.999,943885.60631000,3748,752873.36000000,485198.92716000,0
2026-01-27 16:00:00,0.651,0.66,0.648,0.657,2599063.83,2026-01-27 16:59:59.999,1702320.48838000,6220,1360556.06000000,891284.18573000,0
2026-01-27 17:00:00,0.657,0.657,0.635,0.639,2661366.12,2026-01-27 17:59:59.999,1713115.76449000,6353,1120265.94000000,722730.78467000,0
2026-01-27 18:00:00,0.639,0.65,0.637,0.646,1267381.15,2026-01-27 18:59:59.999,814954.75545000,3236,743041.30000000,477883.92136000,0
2026-01-27 19:00:00,0.646,0.649,0.644,0.648,726812.79,2026-01-27 19:59:59.999,469892.61365000,1635,364433.30000000,235732.19358000,0
2026-01-27 20:00:00,0.647,0.66,0.646,0.657,1472349.27,2026-01-27 20:59:59.999,963419.56636000,3176,807016.48000000,527842.95797000,0
2026-01-27 21:00:00,0.656,0.67,0.655,0.663,3070374.29,2026-01-27 21:59:59.999,2038622.13849000,5965,1676095.28000000,1112015.03963000,0
2026-01-27 22:00:00,0.662,0.67,0.661,0.668,985645.46,2026-01-27 22:59:59.999,654972.54383000,2431,512169.93000000,340517.24532000,0
2026-01-27 23:00:00,0.669,0.684,0.666,0.678,3243761.78,2026-01-27 23:59:59.999,2194698.41818000,7495,1841483.85000000,1245827.48624000,0
2026-01-28 00:00:00,0.677,0.68,0.67,0.679,1921815.79,2026-01-28 00:59:59.999,1295457.91527000,3866,907074.39000000,611638.66498000,0
2026-01-28 01:00:00,0.679,0.679,0.665,0.667,1606890.45,2026-01-28 01:59:59.999,1077872.48808000,3883,652758.35000000,438343.66458000,0
2026-01-28 02:00:00,0.667,0.687,0.667,0.683,2977379.8,2026-01-28 02:59:59.999,2019961.27938000,6570,1880204.25000000,1276325.97651000,0
2026-01-28 03:00:00,0.683,0.691,0.676,0.684,4600818.94,2026-01-28 03:59:59.999,3145223.06913000,8036,1904972.70000000,1303460.13161000,0
2026-01-28 04:00:00,0.683,0.691,0.677,0.681,3065359.5,2026-01-28 04:59:59.999,2098184.41788000,6950,1530315.73000000,1047976.37943000,0
2026-01-28 05:00:00,0.681,0.688,0.673,0.673,1984625.48,2026-01-28 05:59:59.999,1348963.82215000,5299,999264.44000000,679657.59054000,0
2026-01-28 06:00:00,0.674,0.68,0.673,0.679,1297921.77,2026-01-28 06:59:59.999,877182.54525000,3092,675444.75000000,456651.89120000,0
2026-01-28 07:00:00,0.679,0.703,0.676,0.697,7189029.99,2026-01-28 07:59:59.999,4972338.00525000,12124,4202155.62000000,2907515.10440000,0
2026-01-28 08:00:00,0.696,0.711,0.685,0.688,6604656.14,2026-01-28 08:59:59.999,4624956.85806000,14359,3399714.18000000,2384443.94185000,0
2026-01-28 09:00:00,0.689,0.696,0.684,0.694,2854258.46,2026-01-28 09:59:59.999,1966114.07296000,5847,1389040.33000000,957130.66526000,0
2026-01-28 10:00:00,0.694,0.696,0.688,0.69,1930776.43,2026-01-28 10:59:59.999,1336956.65939000,4297,888370.15000000,615428.24238000,0
2026-01-28 11:00:00,0.69,0.697,0.685,0.695,2721567.82,2026-01-28 11:59:59.999,1883727.58035000,5674,1477339.74000000,1022966.25926000,0
2026-01-28 12:00:00,0.694,0.695,0.674,0.676,3210780.4,2026-01-28 12:59:59.999,2191384.91551000,5928,1149655.64000000,786053.57810000,0
2026-01-28 13:00:00,0.676,0.681,0.673,0.677,1570896.39,2026-01-28 13:59:59.999,1065193.06769000,3178,832520.77000000,564625.69790000,0
2026-01-28 14:00:00,0.677,0.678,0.668,0.67,2855202.45,2026-01-28 14:59:59.999,1917428.14187000,5894,1071547.23000000,719815.17487000,0
2026-01-28 15:00:00,0.671,0.676,0.664,0.666,3097615.67,2026-01-28 15:59:59.999,2068650.89176000,5940,1578578.72000000,1054544.25239000,0
2026-01-28 16:00:00,0.667,0.67,0.66,0.666,1265470.63,2026-01-28 16:59:59.999,841319.73177000,3737,530428.52000000,352557.74808000,0
2026-01-28 17:00:00,0.666,0.673,0.664,0.672,1154399.23,2026-01-28 17:59:59.999,771371.75218000,3580,554710.14000000,370759.57338000,0
2026-01-28 18:00:00,0.672,0.672,0.661,0.665,862979.1,2026-01-28 18:59:59.999,575610.00720000,2434,349932.34000000,233621.96110000,0
2026-01-28 19:00:00,0.665,0.671,0.662,0.669,1009614.29,2026-01-28 19:59:59.999,672965.73298000,4245,490271.12000000,326876.35406000,0
2026-01-28 20:00:00,0.669,0.675,0.663,0.665,1388872.58,2026-01-28 20:59:59.999,930052.93501000,3545,606769.58000000,406840.89546000,0
2026-01-28 21:00:00,0.666,0.671,0.661,0.669,808306.36,2026-01-28 21:59:59.999,537761.39081000,2658,374583.86000000,249470.03071000,0
2026-01-28 22:00:00,0.669,0.67,0.666,0.67,697390.49,2026-01-28 22:59:59.999,465939.61640000,1503,269186.72000000,179875.06270000,0
2026-01-28 23:00:00,0.669,0.674,0.667,0.671,915017.61,2026-01-28 23:59:59.999,614068.50012000,2207,580789.16000000,390121.38797000,0
2026-01-29 00:00:00,0.671,0.673,0.666,0.673,1845028.51,2026-01-29 00:59:59.999,1232576.62424000,3530,786085.37000000,525273.23209000,0
2026-01-29 01:00:00,0.673,0.675,0.662,0.662,1489231.33,2026-01-29 01:59:59.999,996916.33547000,3582,597278.37000000,400212.72676000,0
2026-01-29 02:00:00,0.663,0.666,0.651,0.655,2970246.01,2026-01-29 02:59:59.999,1953440.37654000,7004,1050526.55000000,690869.35423000,0
2026-01-29 03:00:00,0.654,0.661,0.644,0.647,2599347.48,2026-01-29 03:59:59.999,1693069.62715000,6247,1047365.12000000,682471.66434000,0
2026-01-29 04:00:00,0.646,0.655,0.644,0.652,1352301.19,2026-01-29 04:59:59.999,878122.03603000,3513,593513.89000000,385760.73535000,0
2026-01-29 05:00:00,0.652,0.653,0.645,0.646,646243.11,2026-01-29 05:59:59.999,419285.59439000,2005,281982.14000000,182993.30758000,0
2026-01-29 06:00:00,0.646,0.656,0.645,0.653,1048768.72,2026-01-29 06:59:59.999,684296.49491000,2758,448249.24000000,292515.03238000,0
2026-01-29 07:00:00,0.653,0.657,0.652,0.655,641780.2,2026-01-29 07:59:59.999,420320.31246000,2090,368448.70000000,241387.23355000,0
2026-01-29 08:00:00,0.654,0.655,0.648,0.652,2027327.75,2026-01-29 08:59:59.999,1320911.47139000,4239,1016603.18000000,662595.08047000,0
2026-01-29 09:00:00,0.652,0.653,0.648,0.649,684321.69,2026-01-29 09:59:59.999,445093.92278000,2104,243100.52000000,158231.20156000,0
2026-01-29 10:00:00,0.648,0.652,0.645,0.651,1604347.96,2026-01-29 10:59:59.999,1039144.61401000,3185,830263.91000000,537775.30930000,0
2026-01-29 11:00:00,0.651,0.651,0.642,0.643,1038372.74,2026-01-29 11:59:59.999,671286.57206000,2836,387312.64000000,250584.42137000,0
2026-01-29 12:00:00,0.643,0.648,0.64,0.642,1652271.78,2026-01-29 12:59:59.999,1063829.59405000,3755,646365.97000000,416578.45366000,0
2026-01-29 13:00:00,0.641,0.644,0.637,0.643,1768650.05,2026-01-29 13:59:59.999,1132797.17715000,4003,753683.90000000,482810.45929000,0
2026-01-29 14:00:00,0.643,0.648,0.628,0.629,3003315.92,2026-01-29 14:59:59.999,1917497.85424000,7155,1200171.62000000,768072.62902000,0
2026-01-29 15:00:00,0.629,0.631,0.604,0.623,10467174.21,2026-01-29 15:59:59.999,6451668.12488000,24654,4822471.18000000,2975620.64609000,0
2026-01-29 16:00:00,0.622,0.629,0.613,0.628,3790414.93,2026-01-29 16:59:59.999,2351059.07070000,7052,2373825.48000000,1473532.73250000,0
2026-01-29 17:00:00,0.628,0.637,0.62,0.621,3927155.42,2026-01-29 17:59:59.999,2469873.02320000,7759,2033688.83000000,1279707.68141000,0
2026-01-29 18:00:00,0.622,0.624,0.61,0.61,3376436.61,2026-01-29 18:59:59.999,2083250.85346000,7672,1570186.44000000,970172.94676000,0
2026-01-29 19:00:00,0.611,0.617,0.606,0.613,2710224.0,2026-01-29 19:59:59.999,1660258.54145000,5191,1370511.91000000,839693.54742000,0
2026-01-29 20:00:00,0.612,0.621,0.608,0.621,2250464.39,2026-01-29 20:59:59.999,1381490.21213000,3829,1253199.00000000,769952.37234000,0
2026-01-29 21:00:00,0.621,0.623,0.617,0.621,1215537.37,2026-01-29 21:59:59.999,753908.72558000,2498,707423.92000000,438876.04300000,0
2026-01-29 22:00:00,0.621,0.625,0.617,0.621,985593.74,2026-01-29 22:59:59.999,612174.47621000,2126,490027.20000000,304480.82956000,0
2026-01-29 23:00:00,0.62,0.623,0.616,0.62,1075034.55,2026-01-29 23:59:59.999,665982.03403000,2211,554390.77000000,343500.35002000,0
2026-01-30 00:00:00,0.621,0.622,0.616,0.619,791679.74,2026-01-30 00:59:59.999,490095.49048000,1665,341096.88000000,211284.43251000,0
2026-01-30 01:00:00,0.619,0.623,0.589,0.609,11747513.33,2026-01-30 01:59:59.999,7111846.50055000,19771,4983442.11000000,3016440.16317000,0
2026-01-30 02:00:00,0.609,0.616,0.592,0.615,6889306.03,2026-01-30 02:59:59.999,4142029.20126000,12532,3273033.11000000,1970945.91957000,0
2026-01-30 03:00:00,0.615,0.625,0.611,0.611,2975268.57,2026-01-30 03:59:59.999,1833772.16637000,5011,1697399.18000000,1047404.54541000,0
2026-01-30 04:00:00,0.611,0.623,0.611,0.621,1699897.76,2026-01-30 04:59:59.999,1050516.27945000,3898,870516.40000000,538043.44115000,0
2026-01-30 05:00:00,0.621,0.625,0.617,0.619,1873835.04,2026-01-30 05:59:59.999,1162155.59737000,3030,1075935.73000000,668012.39442000,0
2026-01-30 06:00:00,0.619,0.62,0.606,0.613,2052712.34,2026-01-30 06:59:59.999,1255000.71096000,3997,785287.27000000,480235.23109000,0
2026-01-30 07:00:00,0.613,0.628,0.613,0.626,1988129.73,2026-01-30 07:59:59.999,1234169.49600000,4627,1119488.93000000,695193.07042000,0
2026-01-30 08:00:00,0.626,0.626,0.613,0.615,1284040.8,2026-01-30 08:59:59.999,794512.56772000,2948,536840.83000000,331930.86022000,0
2026-01-30 09:00:00,0.615,0.616,0.601,0.605,4546406.12,2026-01-30 09:59:59.999,2766253.70145000,5869,2116538.79000000,1285399.58491000,0
2026-01-30 10:00:00,0.606,0.616,0.603,0.613,3439293.12,2026-01-30 10:59:59.999,2101867.08280000,5409,1382420.53000000,843324.41375000,0
2026-01-30 11:00:00,0.613,0.62,0.608,0.616,3018537.53,2026-01-30 11:59:59.999,1843789.08491000,5519,1133649.03000000,693401.20965000,0
2026-01-30 12:00:00,0.617,0.618,0.608,0.61,1458649.87,2026-01-30 12:59:59.999,891345.04004000,2849,603296.40000000,368639.53647000,0
2026-01-30 13:00:00,0.61,0.612,0.602,0.606,2278677.98,2026-01-30 13:59:59.999,1382470.31617000,4712,961490.26000000,583404.05490000,0
2026-01-30 14:00:00,0.606,0.616,0.605,0.608,2541764.74,2026-01-30 14:59:59.999,1551425.95132000,6078,1270133.82000000,775373.68778000,0
2026-01-30 15:00:00,0.608,0.614,0.602,0.61,2087827.76,2026-01-30 15:59:59.999,1270603.65737000,5176,926361.82000000,564004.19115000,0
2026-01-30 16:00:00,0.61,0.615,0.606,0.611,2172503.1,2026-01-30 16:59:59.999,1326489.42428000,5046,1002621.31000000,612647.97173000,0
2026-01-30 17:00:00,0.61,0.613,0.604,0.607,1481496.57,2026-01-30 17:59:59.999,901056.56659000,4242,641494.85000000,390591.38608000,0
2026-01-30 18:00:00,0.607,0.616,0.593,0.612,5049892.75,2026-01-30 18:59:59.999,3037788.95010000,13233,2291772.97000000,1381352.05702000,0
2026-01-30 19:00:00,0.613,0.621,0.613,0.616,3600448.69,2026-01-30 19:59:59.999,2220825.10216000,8013,1947062.18000000,1201621.34327000,0
2026-01-30 20:00:00,0.615,0.615,0.602,0.605,2064156.07,2026-01-30 20:59:59.999,1253954.02304000,6381,875801.51000000,532061.15192000,0
2026-01-30 21:00:00,0.606,0.611,0.603,0.609,1363123.14,2026-01-30 21:59:59.999,827564.92256000,3449,680184.43000000,412844.74882000,0
2026-01-30 22:00:00,0.609,0.61,0.604,0.608,681082.32,2026-01-30 22:59:59.999,413305.42199000,1885,364706.97000000,221344.69471000,0
2026-01-30 23:00:00,0.607,0.607,0.601,0.606,543764.54,2026-01-30 23:59:59.999,328672.96337000,1614,267576.45000000,161777.88402000,0
2026-01-31 00:00:00,0.606,0.607,0.602,0.604,826061.18,2026-01-31 00:59:59.999,499644.37354000,1905,348113.67000000,210609.80373000,0
2026-01-31 01:00:00,0.604,0.609,0.602,0.609,929008.86,2026-01-31 01:59:59.999,562537.30421000,1954,508347.03000000,308031.78929000,0
2026-01-31 02:00:00,0.608,0.609,0.6,0.604,873416.54,2026-01-31 02:59:59.999,527125.43932000,1908,330194.90000000,199217.70069000,0
2026-01-31 03:00:00,0.604,0.606,0.601,0.603,909658.19,2026-01-31 03:59:59.999,549572.60548000,1717,499382.93000000,301761.12115000,0
2026-01-31 04:00:00,0.602,0.606,0.601,0.602,1445629.72,2026-01-31 04:59:59.999,873364.66639000,2337,702829.59000000,424710.81457000,0
2026-01-31 05:00:00,0.602,0.605,0.598,0.602,1246313.41,2026-01-31 05:59:59.999,749271.97646000,2493,542125.89000000,326166.64108000,0
2026-01-31 06:00:00,0.603,0.603,0.591,0.595,1407467.63,2026-01-31 06:59:59.999,838330.51314000,2956,479811.43000000,285726.42063000,0
2026-01-31 07:00:00,0.596,0.596,0.584,0.588,2783176.78,2026-01-31 07:59:59.999,1639952.66502000,4639,1192823.73000000,703565.88437000,0
2026-01-31 08:00:00,0.589,0.59,0.574,0.58,7592913.44,2026-01-31 08:59:59.999,4399460.37510000,11903,2910008.05000000,1688461.60077000,0
2026-01-31 09:00:00,0.579,0.589,0.579,0.584,3743948.91,2026-01-31 09:59:59.999,2184571.87044000,5957,1935737.03000000,1130148.14051000,0
2026-01-31 10:00:00,0.584,0.59,0.582,0.588,756781.5,2026-01-31 10:59:59.999,443033.31880000,1862,407708.21000000,238733.38827000,0
2026-01-31 11:00:00,0.587,0.589,0.583,0.584,1446270.79,2026-01-31 11:59:59.999,847789.51214000,2363,693042.30000000,406467.01786000,0
2026-01-31 12:00:00,0.584,0.586,0.581,0.582,992272.41,2026-01-31 12:59:59.999,578834.76791000,2404,375438.42000000,218966.15295000,0
2026-01-31 13:00:00,0.583,0.584,0.576,0.579,1375373.08,2026-01-31 13:59:59.999,797018.23958000,2818,660774.05000000,382972.94314000,0
2026-01-31 14:00:00,0.58,0.581,0.538,0.548,17361571.99,2026-01-31 14:59:59.999,9587301.34631000,30548,7212435.16000000,3974667.43566000,0
2026-01-31 15:00:00,0.548,0.555,0.541,0.543,5290598.16,2026-01-31 15:59:59.999,2903159.69293000,9396,2260953.32000000,1241949.07630000,0
2026-01-31 16:00:00,0.543,0.554,0.533,0.545,8271882.11,2026-01-31 16:59:59.999,4502489.29781000,16665,3261213.78000000,1776165.50146000,0
2026-01-31 17:00:00,0.546,0.548,0.517,0.533,22097262.82,2026-01-31 17:59:59.999,11739506.62258000,32227,10108457.11000000,5374999.12488000,0
2026-01-31 18:00:00,0.533,0.544,0.507,0.541,19020067.14,2026-01-31 18:59:59.999,10069521.41993000,33973,9510193.30000000,5035611.49897000,0
2026-01-31 19:00:00,0.541,0.55,0.53,0.537,12338495.15,2026-01-31 19:59:59.999,6665811.33908000,20227,6118612.27000000,3306442.81975000,0
2026-01-31 20:00:00,0.537,0.541,0.527,0.534,4403547.14,2026-01-31 20:59:59.999,2349567.34286000,8454,1729986.97000000,923075.73179000,0
2026-01-31 21:00:00,0.535,0.548,0.534,0.546,3690652.88,2026-01-31 21:59:59.999,1998661.94228000,7335,1688191.37000000,914482.47944000,0
2026-01-31 22:00:00,0.545,0.548,0.537,0.539,3365277.04,2026-01-31 22:59:59.999,1821278.77708000,4634,1020057.64000000,552751.04221000,0
2026-01-31 23:00:00,0.538,0.554,0.536,0.55,3459115.96,2026-01-31 23:59:59.999,1892645.04403000,7311,1617416.11000000,885390.67663000,0
2026-02-01 00:00:00,0.55,0.554,0.547,0.553,2586343.53,2026-02-01 00:59:59.999,1423636.09473000,5407,1208787.17000000,665577.51163000,0
2026-02-01 01:00:00,0.553,0.555,0.547,0.554,1116376.86,2026-02-01 01:59:59.999,615262.00981000,2583,540883.35000000,298114.27896000,0
2026-02-01 02:00:00,0.554,0.562,0.552,0.56,1874868.04,2026-02-01 02:59:59.999,1044065.79465000,3424,1044761.70000000,582212.61491000,0
2026-02-01 03:00:00,0.56,0.561,0.554,0.556,2063449.76,2026-02-01 03:59:59.999,1149431.11705000,3495,944580.17000000,526207.27402000,0
2026-02-01 04:00:00,0.557,0.56,0.555,0.556,2629466.38,2026-02-01 04:59:59.999,1465250.42971000,3372,1156940.56000000,644941.64175000,0
2026-02-01 05:00:00,0.557,0.558,0.551,0.552,1531078.55,2026-02-01 05:59:59.999,848888.73810000,2777,628593.52000000,348540.12949000,0
2026-02-01 06:00:00,0.553,0.556,0.549,0.554,1529749.54,2026-02-01 06:59:59.999,846576.64987000,2386,587601.43000000,325154.62364000,0
2026-02-01 07:00:00,0.554,0.563,0.552,0.556,1526454.32,2026-02-01 07:59:59.999,849412.50275000,3617,768418.30000000,427964.61046000,0
2026-02-01 08:00:00,0.556,0.562,0.555,0.556,1946105.61,2026-02-01 08:59:59.999,1084886.24945000,3068,1001041.78000000,558083.58440000,0
2026-02-01 09:00:00,0.556,0.56,0.552,0.559,1293258.43,2026-02-01 09:59:59.999,719592.74451000,2636,745531.66000000,415048.87808000,0
2026-02-01 10:00:00,0.559,0.561,0.545,0.546,2540835.09,2026-02-01 10:59:59.999,1402769.29615000,4318,1026075.44000000,566588.11342000,0
2026-02-01 11:00:00,0.546,0.553,0.545,0.55,1018329.31,2026-02-01 11:59:59.999,558876.55779000,2402,430198.02000000,236140.49120000,0
2026-02-01 12:00:00,0.549,0.549,0.544,0.546,666409.19,2026-02-01 12:59:59.999,364184.60627000,1870,299771.66000000,163866.10282000,0
2026-02-01 13:00:00,0.546,0.551,0.538,0.541,1989457.99,2026-02-01 13:59:59.999,1081245.65930000,3229,724315.36000000,394147.57551000,0
2026-02-01 14:00:00,0.541,0.549,0.533,0.544,3330755.55,2026-02-01 14:59:59.999,1801140.52271000,6890,1419366.13000000,769481.47756000,0
2026-02-01 15:00:00,0.543,0.544,0.527,0.534,2860141.92,2026-02-01 15:59:59.999,1524438.01515000,7517,1428486.27000000,761338.91194000,0
2026-02-01 16:00:00,0.534,0.543,0.531,0.537,2496276.66,2026-02-01 16:59:59.999,1338726.47860000,6541,1104998.92000000,592216.48308000,0
2026-02-01 17:00:00,0.537,0.54,0.533,0.539,2155263.07,2026-02-01 17:59:59.999,1156729.85392000,4082,965112.81000000,517881.88907000,0
2026-02-01 18:00:00,0.539,0.549,0.539,0.542,2022172.84,2026-02-01 18:59:59.999,1102183.15282000,5084,1080427.32000000,589108.87706000,0
2026-02-01 19:00:00,0.543,0.544,0.534,0.539,1216560.94,2026-02-01 19:59:59.999,656879.70171000,2497,642490.51000000,346888.57885000,0
2026-02-01 20:00:00,0.54,0.544,0.532,0.537,1295901.04,2026-02-01 20:59:59.999,697328.68002000,2961,583694.94000000,314332.43149000,0
2026-02-01 21:00:00,0.538,0.538,0.532,0.534,1230170.05,2026-02-01 21:59:59.999,657643.10241000,3569,549832.54000000,293955.76464000,0
2026-02-01 22:00:00,0.535,0.544,0.534,0.54,1615212.27,2026-02-01 22:59:59.999,870276.82392000,3854,861982.08000000,464384.99783000,0
2026-02-01 23:00:00,0.539,0.543,0.521,0.535,3597775.51,2026-02-01 23:59:59.999,1916265.89324000,9135,1399447.16000000,745297.55106000,0
2026-02-02 00:00:00,0.536,0.548,0.531,0.545,2261676.07,2026-02-02 00:59:59.999,1228124.61820000,5561,920653.00000000,499663.81417000,0
2026-02-02 01:00:00,0.545,0.55,0.537,0.546,3237289.48,2026-02-02 01:59:59.999,1766369.97683000,6340,1937996.63000000,1057923.11549000,0
2026-02-02 02:00:00,0.546,0.548,0.541,0.542,1495406.51,2026-02-02 02:59:59.999,814386.47758000,3901,659100.25000000,359035.76696000,0
2026-02-02 03:00:00,0.543,0.544,0.52,0.544,5608713.72,2026-02-02 03:59:59.999,2980456.78665000,12733,2269196.03000000,1208183.93333000,0
2026-02-02 04:00:00,0.543,0.552,0.534,0.542,2584794.21,2026-02-02 04:59:59.999,1406846.61837000,6846,1343972.89000000,732864.71153000,0
2026-02-02 05:00:00,0.542,0.544,0.526,0.534,3855817.67,2026-02-02 05:59:59.999,2052091.68669000,8398,1651627.63000000,878333.29073000,0
2026-02-02 06:00:00,0.533,0.546,0.522,0.54,5988957.2,2026-02-02 06:59:59.999,3199690.09280000,13506,2677352.80000000,1431131.40063000,0
2026-02-02 07:00:00,0.54,0.55,0.538,0.548,1932880.56,2026-02-02 07:59:59.999,1052468.42835000,5215,973163.45000000,530308.35759000,0
2026-02-02 08:00:00,0.549,0.56,0.547,0.553,3512630.74,2026-02-02 08:59:59.999,1950483.77856000,6274,1920530.79000000,1066065.06975000,0
2026-02-02 09:00:00,0.554,0.559,0.549,0.557,2183681.64,2026-02-02 09:59:59.999,1208390.59820000,5066,1007459.10000000,557649.80750000,0
2026-02-02 10:00:00,0.557,0.565,0.555,0.558,2420815.53,2026-02-02 10:59:59.999,1352218.75869000,3657,1214972.76000000,678715.34934000,0
2026-02-02 11:00:00,0.559,0.561,0.554,0.555,1352936.13,2026-02-02 11:59:59.999,754010.96456000,2414,620687.46000000,346141.42609000,0
2026-02-02 12:00:00,0.555,0.56,0.554,0.558,1453797.13,2026-02-02 12:59:59.999,809157.90022000,2359,684045.40000000,380871.94551000,0
2026-02-02 13:00:00,0.558,0.566,0.554,0.564,1342884.39,2026-02-02 13:59:59.999,751593.76848000,2684,834834.00000000,467526.23222000,0
2026-02-02 14:00:00,0.563,0.573,0.555,0.562,4885121.01,2026-02-02 14:59:59.999,2756880.28346000,7912,3007926.14000000,1698392.69772000,0
2026-02-02 15:00:00,0.563,0.574,0.561,0.572,2834359.53,2026-02-02 15:59:59.999,1610696.78084000,5517,1719643.63000000,977000.69124000,0
2026-02-02 16:00:00,0.572,0.579,0.566,0.566,2180472.65,2026-02-02 16:59:59.999,1248881.66901000,3657,1021806.03000000,586161.12205000,0
2026-02-02 17:00:00,0.567,0.572,0.565,0.567,1363080.0,2026-02-02 17:59:59.999,774898.12379000,2585,739651.92000000,420689.81767000,0
2026-02-02 18:00:00,0.567,0.571,0.563,0.568,1575997.27,2026-02-02 18:59:59.999,894019.91833000,2466,777871.49000000,441496.85364000,0
2026-02-02 19:00:00,0.568,0.57,0.562,0.565,909266.82,2026-02-02 19:59:59.999,514336.91584000,1989,390074.70000000,220753.58456000,0
2026-02-02 20:00:00,0.564,0.567,0.56,0.563,806934.85,2026-02-02 20:59:59.999,454376.55960000,1962,473867.47000000,266841.36296000,0
2026-02-02 21:00:00,0.563,0.566,0.562,0.564,504141.87,2026-02-02 21:59:59.999,284363.57282000,1257,242671.11000000,136924.37729000,0
2026-02-02 22:00:00,0.565,0.568,0.564,0.568,473572.58,2026-02-02 22:59:59.999,268199.25215000,987,260738.92000000,147678.51800000,0
2026-02-02 23:00:00,0.567,0.569,0.565,0.567,588075.75,2026-02-02 23:59:59.999,333553.70839000,1199,301786.48000000,171252.11041000,0
2026-02-03 00:00:00,0.567,0.568,0.563,0.567,1222786.41,2026-02-03 00:59:59.999,691134.57789000,1865,449352.69000000,253981.10836000,0
2026-02-03 01:00:00,0.567,0.568,0.562,0.567,1218811.25,2026-02-03 01:59:59.999,688420.43633000,2243,756587.17000000,427311.68296000,0
2026-02-03 02:00:00,0.567,0.569,0.559,0.56,1687790.6,2026-02-03 02:59:59.999,951383.59977000,2992,718594.55000000,405497.74736000,0
2026-02-03 03:00:00,0.559,0.583,0.559,0.582,3375027.13,2026-02-03 03:59:59.999,1924596.26486000,6123,2058048.49000000,1175750.78846000,0
2026-02-03 04:00:00,0.582,0.597,0.579,0.595,5054775.67,2026-02-03 04:59:59.999,2973951.76262000,8936,2861785.45000000,1683720.02840000,0
2026-02-03 05:00:00,0.594,0.597,0.584,0.587,3749173.64,2026-02-03 05:59:59.999,2208943.67864000,5910,1705984.58000000,1005897.45323000,0
2026-02-03 06:00:00,0.586,0.592,0.583,0.586,3598452.92,2026-02-03 06:59:59.999,2114777.41700000,5236,1798901.71000000,1057278.14714000,0
2026-02-03 07:00:00,0.586,0.595,0.584,0.593,1697274.66,2026-02-03 07:59:59.999,1001658.62131000,3368,927404.63000000,547325.94358000,0
2026-02-03 08:00:00,0.592,0.601,0.586,0.595,3085351.39,2026-02-03 08:59:59.999,1830098.66339000,5487,1593954.68000000,946246.27266000,0
2026-02-03 09:00:00,0.595,0.598,0.585,0.592,3249429.81,2026-02-03 09:59:59.999,1918836.31578000,6177,1631903.70000000,963878.92523000,0
2026-02-03 10:00:00,0.593,0.6,0.59,0.591,2330225.22,2026-02-03 10:59:59.999,1385234.86613000,4189,1298793.41000000,772201.48260000,0
2026-02-03 11:00:00,0.591,0.599,0.587,0.593,2013358.04,2026-02-03 11:59:59.999,1195759.01069000,3653,1064511.79000000,632662.96243000,0
2026-02-03 12:00:00,0.594,0.597,0.588,0.595,1620822.26,2026-02-03 12:59:59.999,959174.04662000,3014,809139.17000000,479196.03523000,0
2026-02-03 13:00:00,0.594,0.599,0.589,0.593,1644025.58,2026-02-03 13:59:59.999,974282.26585000,3317,694304.40000000,411573.66168000,0
2026-02-03 14:00:00,0.592,0.594,0.57,0.571,4004595.93,2026-02-03 14:59:59.999,2328384.35827000,7697,1437718.51000000,836386.32881000,0
2026-02-03 15:00:00,0.571,0.585,0.567,0.584,6519433.85,2026-02-03 15:59:59.999,3742930.18917000,10960,3292180.87000000,1891734.36855000,0
2026-02-03 16:00:00,0.585,0.585,0.569,0.57,4032914.64,2026-02-03 16:59:59.999,2317024.14606000,6977,1709352.90000000,982906.72797000,0
2026-02-03 17:00:00,0.571,0.573,0.557,0.558,4228826.87,2026-02-03 17:59:59.999,2387459.90967000,7314,1593215.32000000,900260.62036000,0
2026-02-03 18:00:00,0.558,0.562,0.541,0.543,6679206.34,2026-02-03 18:59:59.999,3685626.65915000,11451,3036603.20000000,1678562.96642000,0
2026-02-03 19:00:00,0.543,0.573,0.54,0.569,5312028.58,2026-02-03 19:59:59.999,2984723.65400000,11646,3197836.22000000,1799200.76620000,0
2026-02-03 20:00:00,0.569,0.59,0.561,0.588,5555064.79,2026-02-03 20:59:59.999,3209155.86779000,12801,3244691.15000000,1874615.20415000,0
2026-02-03 21:00:00,0.588,0.594,0.575,0.577,2485134.48,2026-02-03 21:59:59.999,1454412.09726000,4495,1079586.90000000,633538.25419000,0
2026-02-03 22:00:00,0.577,0.581,0.571,0.573,1622158.33,2026-02-03 22:59:59.999,932948.76133000,3897,721680.88000000,415137.28055000,0
2026-02-03 23:00:00,0.574,0.574,0.562,0.567,1876463.36,2026-02-03 23:59:59.999,1064660.19776000,4020,802125.71000000,455321.43689000,0
2026-02-04 00:00:00,0.567,0.568,0.562,0.565,1285397.15,2026-02-04 00:59:59.999,726499.77325000,2996,591261.23000000,334213.71582000,0
2026-02-04 01:00:00,0.565,0.575,0.565,0.566,1137451.2,2026-02-04 01:59:59.999,648678.46196000,3050,498084.49000000,284022.16999000,0
2026-02-04 02:00:00,0.566,0.567,0.557,0.559,1216337.4,2026-02-04 02:59:59.999,682763.72656000,3311,494100.67000000,277540.88341000,0
2026-02-04 03:00:00,0.559,0.575,0.558,0.573,1519958.8,2026-02-04 03:59:59.999,865155.50311000,3062,856902.72000000,487443.89900000,0
2026-02-04 04:00:00,0.573,0.577,0.571,0.571,842270.88,2026-02-04 04:59:59.999,483049.45672000,1915,425994.75000000,244384.00380000,0
2026-02-04 05:00:00,0.572,0.573,0.563,0.566,1246442.8,2026-02-04 05:59:59.999,708428.26791000,1969,639213.47000000,363335.05001000,0
2026-02-04 06:00:00,0.566,0.578,0.565,0.577,1811562.1,2026-02-04 06:59:59.999,1034426.10014000,2316,1161254.14000000,662822.21024000,0
2026-02-04 07:00:00,0.577,0.578,0.57,0.577,1998560.06,2026-02-04 07:59:59.999,1147811.58718000,2931,1059623.87000000,608766.13024000,0
2026-02-04 08:00:00,0.576,0.577,0.572,0.575,1520375.7,2026-02-04 08:59:59.999,873586.24202000,2290,735180.99000000,422526.74826000,0
2026-02-04 09:00:00,0.575,0.575,0.567,0.571,1086997.57,2026-02-04 09:59:59.999,620844.10482000,1949,503393.85000000,287523.18539000,0
2026-02-04 10:00:00,0.571,0.573,0.567,0.569,816020.35,2026-02-04 10:59:59.999,464547.44626000,1387,377898.77000000,215100.11458000,0
2026-02-04 11:00:00,0.569,0.57,0.56,0.564,2278547.46,2026-02-04 11:59:59.999,1285396.45473000,3471,922410.40000000,520454.62670000,0
2026-02-04 12:00:00,0.564,0.569,0.564,0.568,843735.42,2026-02-04 12:59:59.999,477687.69061000,1543,339252.24000000,192129.84545000,0
2026-02-04 13:00:00,0.567,0.57,0.556,0.557,2337190.2,2026-02-04 13:59:59.999,1315204.74986000,4220,955805.96000000,538509.88147000,0
2026-02-04 14:00:00,0.557,0.564,0.548,0.553,3631113.07,2026-02-04 14:59:59.999,2020310.25406000,8797,1678972.63000000,934221.02326000,0
2026-02-04 15:00:00,0.553,0.563,0.539,0.55,7512866.28,2026-02-04 15:59:59.999,4146307.49634000,13635,2662420.50000000,1472000.65868000,0
2026-02-04 16:00:00,0.551,0.556,0.544,0.549,4205363.05,2026-02-04 16:59:59.999,2307497.38011000,9097,1938278.44000000,1063318.10760000,0
2026-02-04 17:00:00,0.549,0.552,0.537,0.546,3610233.71,2026-02-04 17:59:59.999,1960987.95074000,7982,1485345.52000000,807563.62206000,0
2026-02-04 18:00:00,0.546,0.557,0.538,0.549,4591919.64,2026-02-04 18:59:59.999,2509033.09134000,9885,2627621.58000000,1435478.88554000,0
2026-02-04 19:00:00,0.55,0.558,0.544,0.557,2280777.51,2026-02-04 19:59:59.999,1258799.68621000,5724,1242746.27000000,686449.71039000,0
2026-02-04 20:00:00,0.557,0.558,0.549,0.551,1129807.66,2026-02-04 20:59:59.999,625935.84257000,2897,523606.23000000,290065.21964000,0
2026-02-04 21:00:00,0.551,0.554,0.54,0.544,1753638.23,2026-02-04 21:59:59.999,955535.24805000,4049,777886.42000000,423601.80056000,0
2026-02-04 22:00:00,0.544,0.553,0.533,0.541,2948360.68,2026-02-04 22:59:59.999,1597272.25187000,5975,1239388.18000000,673769.21919000,0
2026-02-04 23:00:00,0.54,0.552,0.538,0.547,2203985.46,2026-02-04 23:59:59.999,1203113.45007000,3822,1102036.90000000,601495.46803000,0
2026-02-05 00:00:00,0.548,0.553,0.546,0.549,1530648.1,2026-02-05 00:59:59.999,840481.44146000,2375,852998.80000000,468661.25197000,0
2026-02-05 01:00:00,0.549,0.559,0.545,0.553,2075798.73,2026-02-05 01:59:59.999,1147166.02600000,4471,974377.31000000,539025.77469000,0
2026-02-05 02:00:00,0.553,0.562,0.549,0.55,2625075.74,2026-02-05 02:59:59.999,1455969.32680000,5347,1301745.89000000,722654.56799000,0
2026-02-05 03:00:00,0.55,0.554,0.546,0.549,2384127.39,2026-02-05 03:59:59.999,1310814.43159000,4763,1045757.89000000,575304.06262000,0
2026-02-05 04:00:00,0.549,0.552,0.544,0.548,2638653.25,2026-02-05 04:59:59.999,1446544.05101000,5192,1175567.47000000,644601.32480000,0
2026-02-05 05:00:00,0.548,0.548,0.534,0.537,5053337.4,2026-02-05 05:59:59.999,2732801.40288000,8277,1716834.22000000,929001.82471000,0
2026-02-05 06:00:00,0.538,0.539,0.53,0.534,2252225.33,2026-02-05 06:59:59.999,1201426.34924000,4720,968959.60000000,517369.44450000,0
2026-02-05 07:00:00,0.534,0.545,0.534,0.535,2260994.53,2026-02-05 07:59:59.999,1220156.61564000,4342,1038091.44000000,560506.50393000,0
2026-02-05 08:00:00,0.536,0.548,0.536,0.545,1279070.28,2026-02-05 08:59:59.999,694426.77184000,3006,667000.76000000,362209.51973000,0
2026-02-05 09:00:00,0.545,0.565,0.545,0.557,4560714.68,2026-02-05 09:59:59.999,2542710.67713000,8237,2515089.76000000,1402289.01191000,0
2026-02-05 10:00:00,0.557,0.561,0.537,0.54,3416980.51,2026-02-05 10:59:59.999,1879453.15281000,5881,1397055.50000000,769066.62714000,0
2026-02-05 11:00:00,0.54,0.547,0.534,0.544,3455513.83,2026-02-05 11:59:59.999,1866664.56662000,7088,1804896.20000000,975211.68542000,0
2026-02-05 12:00:00,0.544,0.552,0.535,0.537,7046924.51,2026-02-05 12:59:59.999,3828028.43798000,13370,3551540.29000000,1930336.60773000,0
2026-02-05 13:00:00,0.537,0.539,0.513,0.52,8520185.74,2026-02-05 13:59:59.999,4457654.27766000,10519,3128856.20000000,1637849.20656000,0
2026-02-05 14:00:00,0.519,0.535,0.518,0.525,5432732.2,2026-02-05 14:59:59.999,2858199.84608000,11278,3023970.78000000,1592111.08548000,0
2026-02-05 15:00:00,0.526,0.528,0.48,0.495,20775326.7,2026-02-05 15:59:59.999,10385814.13376000,33729,9583172.65000000,4779605.67388000,0
2026-02-05 16:00:00,0.496,0.512,0.488,0.508,9338230.47,2026-02-05 16:59:59.999,4661820.66867000,18678,5396550.50000000,2697180.46238000,0
2026-02-05 17:00:00,0.509,0.516,0.495,0.5,7200983.75,2026-02-05 17:59:59.999,3635315.15838000,15775,3609646.67000000,1822906.55768000,0
2026-02-05 18:00:00,0.5,0.504,0.488,0.496,6009615.66,2026-02-05 18:59:59.999,2974169.61560000,11645,2625516.63000000,1300115.19801000,0
2026-02-05 19:00:00,0.496,0.498,0.483,0.485,4029903.26,2026-02-05 19:59:59.999,1972034.74555000,10142,1828018.44000000,894459.20608000,0
2026-02-05 20:00:00,0.485,0.491,0.457,0.465,16169241.83,2026-02-05 20:59:59.999,7598860.33273000,29645,7913193.93000000,3718701.85818000,0
2026-02-05 21:00:00,0.466,0.491,0.462,0.481,18106983.15,2026-02-05 21:59:59.999,8631156.77965000,29242,11929991.58000000,5687643.38260000,0
2026-02-05 22:00:00,0.482,0.483,0.467,0.474,8733993.38,2026-02-05 22:59:59.999,4152901.50786000,14909,3561175.59000000,1693539.93714000,0
2026-02-05 23:00:00,0.473,0.483,0.465,0.468,5700815.65,2026-02-05 23:59:59.999,2692979.60609000,8222,2601472.93000000,1230903.36034000,0
2026-02-06 00:00:00,0.467,0.473,0.403,0.466,39476796.29,2026-02-06 00:59:59.999,17236396.36505000,66064,21042262.68000000,9207386.80201000,0
2026-02-06 01:00:00,0.466,0.492,0.463,0.49,13190981.94,2026-02-06 01:59:59.999,6372630.92691000,23877,7829620.34000000,3780390.61461000,0
2026-02-06 02:00:00,0.49,0.493,0.478,0.491,5461690.04,2026-02-06 02:59:59.999,2654318.93756000,11248,2940041.33000000,1430099.58531000,0
2026-02-06 03:00:00,0.491,0.498,0.487,0.496,5174895.02,2026-02-06 03:59:59.999,2543554.40131000,10111,3181833.04000000,1564457.18907000,0
2026-02-06 04:00:00,0.497,0.498,0.484,0.49,5605467.62,2026-02-06 04:59:59.999,2759125.39418000,9558,2861984.51000000,1409515.59321000,0
2026-02-06 05:00:00,0.49,0.514,0.486,0.507,5194284.62,2026-02-06 05:59:59.999,2595568.21452000,10580,3126945.28000000,1563058.95624000,0
2026-02-06 06:00:00,0.507,0.51,0.497,0.499,3604380.23,2026-02-06 06:59:59.999,1808800.22237000,6395,1746354.78000000,877204.76071000,0
2026-02-06 07:00:00,0.499,0.503,0.494,0.497,3324644.65,2026-02-06 07:59:59.999,1653745.87835000,6064,1971460.92000000,981098.00152000,0
2026-02-06 08:00:00,0.498,0.505,0.492,0.5,5278089.57,2026-02-06 08:59:59.999,2624159.48753000,8403,2781432.42000000,1383544.18246000,0
2026-02-06 09:00:00,0.5,0.518,0.496,0.512,4028760.55,2026-02-06 09:59:59.999,2038053.80837000,7353,2620504.14000000,1326752.28088000,0
2026-02-06 10:00:00,0.513,0.521,0.511,0.518,4279888.03,2026-02-06 10:59:59.999,2213399.12384000,6011,2326607.22000000,1202908.83269000,0
2026-02-06 11:00:00,0.518,0.525,0.516,0.523,2429291.75,2026-02-06 11:59:59.999,1266025.79511000,4442,1676587.68000000,873778.80788000,0
2026-02-06 12:00:00,0.523,0.532,0.519,0.53,2564824.44,2026-02-06 12:59:59.999,1345041.29111000,5064,1509330.87000000,791861.78556000,0
2026-02-06 13:00:00,0.53,0.544,0.527,0.528,3515092.01,2026-02-06 13:59:59.999,1876298.98509000,6847,1998318.95000000,1067594.14586000,0
2026-02-06 14:00:00,0.527,0.547,0.527,0.543,5420838.44,2026-02-06 14:59:59.999,2905330.72811000,11165,2782178.27000000,1491391.30973000,0
2026-02-06 15:00:00,0.542,0.542,0.532,0.536,3434928.65,2026-02-06 15:59:59.999,1845904.59277000,8036,1545277.99000000,830402.20998000,0
2026-02-06 16:00:00,0.535,0.553,0.533,0.549,7259235.48,2026-02-06 16:59:59.999,3969289.61059000,10349,3398248.20000000,1858329.75680000,0
2026-02-06 17:00:00,0.55,0.563,0.547,0.551,6792983.02,2026-02-06 17:59:59.999,3762235.15830000,11476,3289813.74000000,1825006.77745000,0
2026-02-06 18:00:00,0.551,0.552,0.54,0.544,3271791.38,2026-02-06 18:59:59.999,1781175.81512000,7322,1521840.40000000,828807.08083000,0
2026-02-06 19:00:00,0.544,0.547,0.539,0.546,1899240.8,2026-02-06 19:59:59.999,1030399.41134000,3986,1108417.25000000,601309.88749000,0
2026-02-06 20:00:00,0.545,0.549,0.541,0.544,1459308.58,2026-02-06 20:59:59.999,795418.21233000,4437,850296.73000000,463645.77115000,0
2026-02-06 21:00:00,0.544,0.549,0.541,0.548,981599.58,2026-02-06 21:59:59.999,535541.72278000,2470,420734.94000000,229614.47746000,0
2026-02-06 22:00:00,0.548,0.562,0.548,0.56,1809051.61,2026-02-06 22:59:59.999,1006437.51705000,4489,1122645.50000000,624500.68246000,0
2026-02-06 23:00:00,0.56,0.566,0.553,0.556,1985791.73,2026-02-06 23:59:59.999,1106364.16884000,4091,1017789.45000000,567004.69055000,0
2026-02-07 00:00:00,0.556,0.561,0.547,0.553,2678399.35,2026-02-07 00:59:59.999,1481568.81110000,5606,1306941.30000000,723263.58515000,0
2026-02-07 01:00:00,0.552,0.556,0.546,0.547,1585243.73,2026-02-07 01:59:59.999,871642.46630000,3970,789230.23000000,434052.06243000,0
2026-02-07 02:00:00,0.546,0.552,0.545,0.552,1354459.59,2026-02-07 02:59:59.999,742552.81410000,4035,799271.55000000,438299.89701000,0
2026-02-07 03:00:00,0.552,0.559,0.551,0.555,1649894.81,2026-02-07 03:59:59.999,915184.32388000,4218,997473.19000000,553319.91234000,0
2026-02-07 04:00:00,0.555,0.559,0.549,0.551,2320811.22,2026-02-07 04:59:59.999,1287432.22735000,5460,1324387.02000000,734738.38224000,0
2026-02-07 05:00:00,0.551,0.554,0.544,0.549,1804817.63,2026-02-07 05:59:59.999,990088.50856000,4157,793041.82000000,435333.34223000,0
2026-02-07 06:00:00,0.548,0.555,0.544,0.545,1935557.68,2026-02-07 06:59:59.999,1064702.28602000,4396,1062894.56000000,585114.13721000,0
2026-02-07 07:00:00,0.544,0.548,0.534,0.538,3152239.45,2026-02-07 07:59:59.999,1706917.85808000,10121,1491475.65000000,808303.45977000,0
2026-02-07 08:00:00,0.538,0.545,0.536,0.542,2926577.63,2026-02-07 08:59:59.999,1583484.69688000,6631,1909513.53000000,1033674.59151000,0
2026-02-07 09:00:00,0.541,0.543,0.537,0.54,1614763.01,2026-02-07 09:59:59.999,871746.24092000,4278,594266.82000000,320923.23763000,0
2026-02-07 10:00:00,0.539,0.543,0.533,0.536,1265287.94,2026-02-07 10:59:59.999,679531.71732000,4302,512280.67000000,275310.11887000,0
2026-02-07 11:00:00,0.536,0.54,0.532,0.54,2026302.62,2026-02-07 11:59:59.999,1085001.59443000,5812,666637.31000000,357296.99970000,0
2026-02-07 12:00:00,0.539,0.556,0.538,0.548,4501885.11,2026-02-07 12:59:59.999,2472675.76655000,14425,1666917.50000000,915711.62876000,0
2026-02-07 13:00:00,0.548,0.55,0.537,0.54,3835245.37,2026-02-07 13:59:59.999,2078380.90782000,8111,1206827.86000000,653962.89722000,0
2026-02-07 14:00:00,0.54,0.542,0.535,0.537,2585155.42,2026-02-07 14:59:59.999,1391691.65001000,6418,850390.53000000,458117.60665000,0
2026-02-07 15:00:00,0.537,0.55,0.536,0.546,2478537.77,2026-02-07 15:59:59.999,1346967.89542000,5939,977492.35000000,531408.77427000,0
2026-02-07 16:00:00,0.546,0.558,0.54,0.542,22024144.9,2026-02-07 16:59:59.999,12132423.48356000,40010,11120700.90000000,6128729.46105000,0
2026-02-07 17:00:00,0.543,0.545,0.539,0.542,2228618.41,2026-02-07 17:59:59.999,1207480.88871000,4699,1224079.65000000,663347.03623000,0
2026-02-07 18:00:00,0.543,0.553,0.541,0.55,1697146.99,2026-02-07 18:59:59.999,929757.16400000,4006,990121.31000000,542390.43913000,0
2026-02-07 19:00:00,0.55,0.55,0.545,0.549,907597.65,2026-02-07 19:59:59.999,496477.02085000,2250,501486.20000000,274363.68275000,0
2026-02-07 20:00:00,0.548,0.554,0.547,0.553,1381256.69,2026-02-07 20:59:59.999,759779.29061000,2985,884814.36000000,486752.99434000,0
2026-02-07 21:00:00,0.553,0.559,0.552,0.556,1832335.77,2026-02-07 21:59:59.999,1017559.07767000,3749,1154445.20000000,641217.50973000,0
2026-02-07 22:00:00,0.556,0.564,0.555,0.563,1827978.55,2026-02-07 22:59:59.999,1025008.76395000,3945,1213930.49000000,680719.61208000,0
2026-02-07 23:00:00,0.563,0.568,0.559,0.563,1645969.02,2026-02-07 23:59:59.999,925662.38271000,3140,866128.80000000,486923.81159000,0
2026-02-08 00:00:00,0.562,0.567,0.56,0.564,2055860.71,2026-02-08 00:59:59.999,1158859.99905000,4419,1188817.26000000,670026.77103000,0
2026-02-08 01:00:00,0.565,0.576,0.565,0.572,2192859.4,2026-02-08 01:59:59.999,1252089.19934000,3991,1269629.22000000,724909.88875000,0
2026-02-08 02:00:00,0.572,0.575,0.566,0.574,2232781.44,2026-02-08 02:59:59.999,1274830.11300000,3817,1150715.32000000,657069.67029000,0
2026-02-08 03:00:00,0.574,0.578,0.567,0.572,2429816.8,2026-02-08 03:59:59.999,1389007.12423000,4439,1248748.91000000,714074.26875000,0
2026-02-08 04:00:00,0.572,0.574,0.563,0.569,1656701.1,2026-02-08 04:59:59.999,939657.24262000,3353,843263.24000000,478570.75358000,0
2026-02-08 05:00:00,0.569,0.577,0.568,0.571,1252164.86,2026-02-08 05:59:59.999,715409.19013000,2992,697865.82000000,398768.66903000,0
2026-02-08 06:00:00,0.571,0.584,0.57,0.581,2602890.82,2026-02-08 06:59:59.999,1507067.32345000,5698,1563955.71000000,905584.15652000,0
2026-02-08 07:00:00,0.582,0.591,0.58,0.59,4892859.07,2026-02-08 07:59:59.999,2864355.67474000,7205,2943938.36000000,1724733.35751000,0
2026-02-08 08:00:00,0.59,0.599,0.583,0.599,4431532.21,2026-02-08 08:59:59.999,2620810.94939000,9741,2545796.44000000,1505511.16675000,0
2026-02-08 09:00:00,0.599,0.613,0.596,0.611,4748646.11,2026-02-08 09:59:59.999,2870493.80083000,11548,2798425.41000000,1692972.83123000,0
2026-02-08 10:00:00,0.611,0.625,0.606,0.62,5733050.96,2026-02-08 10:59:59.999,3536400.65222000,14508,3112149.16000000,1921231.53370000,0
2026-02-08 11:00:00,0.619,0.631,0.616,0.628,6983386.61,2026-02-08 11:59:59.999,4355022.81674000,15152,4827309.91000000,3009468.95909000,0
2026-02-08 12:00:00,0.628,0.634,0.623,0.631,4127898.5,2026-02-08 12:59:59.999,2592182.02587000,13007,2332991.65000000,1465401.50319000,0
2026-02-08 13:00:00,0.631,0.636,0.618,0.634,4705371.95,2026-02-08 13:59:59.999,2950794.25638000,12423,2108200.59000000,1322896.54454000,0
2026-02-08 14:00:00,0.634,0.65,0.625,0.64,7216390.01,2026-02-08 14:59:59.999,4601233.29335000,19242,3897291.74000000,2486052.53299000,0
2026-02-08 15:00:00,0.64,0.646,0.633,0.642,6458549.78,2026-02-08 15:59:59.999,4131536.77566000,16107,4099261.38000000,2623139.83361000,0
2026-02-08 16:00:00,0.641,0.654,0.628,0.632,5998734.25,2026-02-08 16:59:59.999,3843990.06200000,17505,3275927.30000000,2102590.12713000,0
2026-02-08 17:00:00,0.632,0.639,0.611,0.622,8863914.83,2026-02-08 17:59:59.999,5542685.23961000,19464,3306513.20000000,2065593.35938000,0
2026-02-08 18:00:00,0.623,0.63,0.617,0.625,3507448.06,2026-02-08 18:59:59.999,2185036.84896000,8634,1747889.36000000,1089609.97965000,0
2026-02-08 19:00:00,0.626,0.631,0.619,0.625,2243298.04,2026-02-08 19:59:59.999,1402594.06384000,5749,922483.90000000,577124.68359000,0
2026-02-08 20:00:00,0.625,0.627,0.619,0.623,1724114.43,2026-02-08 20:59:59.999,1071281.98769000,4552,712843.99000000,443119.08552000,0
2026-02-08 21:00:00,0.623,0.624,0.613,0.616,1999898.82,2026-02-08 21:59:59.999,1235351.85974000,5569,1089230.68000000,672810.42448000,0
2026-02-08 22:00:00,0.617,0.629,0.616,0.624,1851572.55,2026-02-08 22:59:59.999,1152201.65690000,5816,1183596.81000000,736574.40703000,0
2026-02-08 23:00:00,0.624,0.637,0.62,0.625,4718995.59,2026-02-08 23:59:59.999,2961724.33674000,12371,2924185.21000000,1836480.08705000,0
2026-02-09 00:00:00,0.625,0.63,0.618,0.626,3790225.35,2026-02-09 00:59:59.999,2363703.11409000,8522,2268349.05000000,1415017.50991000,0
2026-02-09 01:00:00,0.626,0.633,0.619,0.626,3878682.48,2026-02-09 01:59:59.999,2424146.84920000,7764,2312729.06000000,1445173.95235000,0
2026-02-09 02:00:00,0.625,0.634,0.621,0.629,2948157.98,2026-02-09 02:59:59.999,1847073.85341000,6426,1719747.99000000,1077515.83651000,0
2026-02-09 03:00:00,0.629,0.652,0.627,0.64,6019937.21,2026-02-09 03:59:59.999,3851759.81835000,11367,3649031.94000000,2334358.26371000,0
2026-02-09 04:00:00,0.64,0.641,0.625,0.628,3328211.18,2026-02-09 04:59:59.999,2107501.65828000,7408,1775900.06000000,1124940.73755000,0
2026-02-09 05:00:00,0.628,0.633,0.622,0.633,1985689.43,2026-02-09 05:59:59.999,1244925.90475000,5210,1151779.99000000,722607.32731000,0
2026-02-09 06:00:00,0.632,0.634,0.622,0.622,2497098.24,2026-02-09 06:59:59.999,1568785.39626000,5714,1217663.24000000,765703.54836000,0
2026-02-09 07:00:00,0.622,0.622,0.607,0.614,4572941.22,2026-02-09 07:59:59.999,2804228.04054000,8720,2076967.30000000,1274340.17293000,0
2026-02-09 08:00:00,0.614,0.62,0.607,0.61,4357703.52,2026-02-09 08:59:59.999,2668328.65792000,8145,1932109.02000000,1182742.69615000,0
2026-02-09 09:00:00,0.61,0.611,0.603,0.606,2606358.18,2026-02-09 09:59:59.999,1581363.72416000,8444,1241435.14000000,753354.19073000,0
2026-02-09 10:00:00,0.605,0.609,0.597,0.601,3454110.68,2026-02-09 10:59:59.999,2080733.61770000,8303,1902430.54000000,1146412.10152000,0
2026-02-09 11:00:00,0.602,0.609,0.602,0.604,1784922.69,2026-02-09 11:59:59.999,1081154.91861000,4315,1106923.06000000,670640.24815000,0
2026-02-09 12:00:00,0.604,0.615,0.604,0.608,1457775.02,2026-02-09 12:59:59.999,887776.18606000,3251,854230.64000000,520319.11680000,0
2026-02-09 13:00:00,0.608,0.611,0.602,0.606,1176286.73,2026-02-09 13:59:59.999,713439.79483000,2850,635112.55000000,385246.32780000,0
2026-02-09 14:00:00,0.607,0.609,0.594,0.603,4612489.8,2026-02-09 14:59:59.999,2768422.74548000,11258,2320095.90000000,1393343.09544000,0
2026-02-09 15:00:00,0.603,0.61,0.597,0.6,4491332.53,2026-02-09 15:59:59.999,2706140.73706000,10458,2714347.41000000,1636065.56484000,0
2026-02-09 16:00:00,0.6,0.605,0.591,0.601,4867338.22,2026-02-09 16:59:59.999,2911447.74125000,10842,2907543.46000000,1740018.44087000,0
2026-02-09 17:00:00,0.601,0.61,0.598,0.607,3267109.38,2026-02-09 17:59:59.999,1974676.45433000,7325,2170688.36000000,1312292.56019000,0
2026-02-09 18:00:00,0.606,0.613,0.604,0.612,2932969.23,2026-02-09 18:59:59.999,1783786.63355000,7155,1977567.73000000,1202892.85634000,0
2026-02-09 19:00:00,0.612,0.629,0.61,0.623,3289034.66,2026-02-09 19:59:59.999,2034059.14462000,7278,2215197.90000000,1369631.18836000,0
2026-02-09 20:00:00,0.622,0.623,0.615,0.62,1498827.82,2026-02-09 20:59:59.999,928161.14159000,3481,886676.11000000,549111.20773000,0
2026-02-09 21:00:00,0.62,0.621,0.607,0.612,1785823.44,2026-02-09 21:59:59.999,1095071.02811000,3848,1007407.00000000,617977.13742000,0
2026-02-09 22:00:00,0.612,0.613,0.604,0.607,957951.64,2026-02-09 22:59:59.999,582424.73486000,2769,469311.22000000,285309.59550000,0
2026-02-09 23:00:00,0.607,0.609,0.601,0.603,815788.18,2026-02-09 23:59:59.999,493100.15845000,1749,356459.55000000,215626.06110000,0
2026-02-10 00:00:00,0.602,0.605,0.599,0.602,894833.28,2026-02-10 00:59:59.999,538732.39861000,2733,389542.81000000,234582.71171000,0
2026-02-10 01:00:00,0.601,0.616,0.6,0.615,1034596.69,2026-02-10 01:59:59.999,631593.62065000,3163,608723.71000000,371448.14906000,0
2026-02-10 02:00:00,0.614,0.62,0.609,0.612,1405484.74,2026-02-10 02:59:59.999,862745.97677000,3375,700493.74000000,430329.65860000,0
2026-02-10 03:00:00,0.613,0.614,0.598,0.613,4581370.0,2026-02-10 03:59:59.999,2776810.44658000,9308,2079995.78000000,1261886.83499000,0
2026-02-10 04:00:00,0.613,0.627,0.612,0.624,5803178.57,2026-02-10 04:59:59.999,3591380.06396000,10086,3581904.08000000,2217176.23682000,0
2026-02-10 05:00:00,0.624,0.633,0.624,0.625,7684247.6,2026-02-10 05:59:59.999,4825092.94001000,12655,4869062.98000000,3057832.13605000,0
2026-02-10 06:00:00,0.624,0.629,0.606,0.612,8475094.62,2026-02-10 06:59:59.999,5231045.33408000,12661,4736868.46000000,2922938.92503000,0
2026-02-10 07:00:00,0.612,0.64,0.612,0.637,7389723.26,2026-02-10 07:59:59.999,4640612.67238000,13117,4767535.70000000,2992948.30163000,0
2026-02-10 08:00:00,0.637,0.656,0.632,0.652,9136797.83,2026-02-10 08:59:59.999,5893006.06404000,18759,5712132.20000000,3684993.57635000,0
2026-02-10 09:00:00,0.651,0.664,0.636,0.638,8441532.43,2026-02-10 09:59:59.999,5498600.66689000,19625,4525715.97000000,2948946.23541000,0
2026-02-10 10:00:00,0.638,0.646,0.625,0.626,5966394.14,2026-02-10 10:59:59.999,3799394.89045000,14037,3239183.84000000,2064298.40874000,0
2026-02-10 11:00:00,0.626,0.645,0.625,0.643,6224121.36,2026-02-10 11:59:59.999,3955738.64773000,13456,3839208.59000000,2439948.01036000,0
2026-02-10 12:00:00,0.643,0.652,0.636,0.645,6208553.06,2026-02-10 12:59:59.999,4004442.86893000,17021,3610067.78000000,2329480.31387000,0
2026-02-10 13:00:00,0.645,0.666,0.641,0.652,6179260.77,2026-02-10 13:59:59.999,4041952.78605000,15679,3327136.38000000,2175601.95309000,0
2026-02-10 14:00:00,0.652,0.66,0.643,0.65,8393840.69,2026-02-10 14:59:59.999,5465030.17114000,19523,4586334.67000000,2987501.57471000,0
2026-02-10 15:00:00,0.65,0.671,0.648,0.661,6772390.5,2026-02-10 15:59:59.999,4490344.33275000,19181,3675280.86000000,2438255.26703000,0
2026-02-10 16:00:00,0.661,0.661,0.647,0.651,3874977.79,2026-02-10 16:59:59.999,2532633.92284000,10033,1942096.71000000,1268953.87390000,0
2026-02-10 17:00:00,0.652,0.658,0.642,0.651,4411756.81,2026-02-10 17:59:59.999,2863653.28707000,10623,2351716.60000000,1526560.93844000,0
2026-02-10 18:00:00,0.651,0.652,0.633,0.646,4643360.99,2026-02-10 18:59:59.999,2987087.74506000,11281,2242203.24000000,1442404.36751000,0
2026-02-10 19:00:00,0.646,0.657,0.645,0.651,2238848.1,2026-02-10 19:59:59.999,1455191.04707000,7237,1225249.11000000,796409.72610000,0
2026-02-10 20:00:00,0.65,0.66,0.648,0.652,2158976.1,2026-02-10 20:59:59.999,1409917.25827000,5152,1139771.55000000,744257.88865000,0
2026-02-10 21:00:00,0.651,0.653,0.645,0.65,2689702.37,2026-02-10 21:59:59.999,1745029.53863000,7106,1517356.31000000,984488.56760000,0
2026-02-10 22:00:00,0.651,0.658,0.648,0.649,2347769.66,2026-02-10 22:59:59.999,1532675.83468000,4996,981923.40000000,641017.21158000,0
2026-02-10 23:00:00,0.648,0.655,0.645,0.65,2274163.95,2026-02-10 23:59:59.999,1475615.71583000,5036,1184138.42000000,768352.58225000,0
2026-02-11 00:00:00,0.651,0.661,0.647,0.658,2001727.1,2026-02-11 00:59:59.999,1310275.14558000,5365,1083875.41000000,709367.37099000,0
2026-02-11 01:00:00,0.658,0.665,0.651,0.653,1933484.33,2026-02-11 01:59:59.999,1271521.28603000,5257,951956.62000000,626491.59113000,0
2026-02-11 02:00:00,0.652,0.664,0.65,0.654,1495354.27,2026-02-11 02:59:59.999,981107.34810000,3753,746223.27000000,489995.16855000,0
2026-02-11 03:00:00,0.655,0.665,0.651,0.658,3246910.51,2026-02-11 03:59:59.999,2140427.95358000,6691,1876015.57000000,1237828.98759000,0
2026-02-11 04:00:00,0.658,0.666,0.643,0.646,5241125.88,2026-02-11 04:59:59.999,3431522.26707000,10596,2524886.03000000,1654928.68240000,0
2026-02-11 05:00:00,0.647,0.653,0.642,0.651,3463497.66,2026-02-11 05:59:59.999,2241665.90926000,8412,1969501.43000000,1274523.91832000,0
2026-02-11 06:00:00,0.652,0.657,0.643,0.647,6164248.12,2026-02-11 06:59:59.999,3995542.92722000,12061,3118631.89000000,2022222.39688000,0
2026-02-11 07:00:00,0.647,0.652,0.635,0.648,4431548.13,2026-02-11 07:59:59.999,2844504.12589000,10549,2593610.69000000,1665924.10853000,0
2026-02-11 08:00:00,0.648,0.655,0.645,0.647,2960623.89,2026-02-11 08:59:59.999,1922632.68649000,8033,1777550.82000000,1154403.76705000,0
2026-02-11 09:00:00,0.647,0.656,0.647,0.651,2649004.7,2026-02-11 09:59:59.999,1725396.35717000,6621,1379356.77000000,898606.22905000,0
2026-02-11 10:00:00,0.651,0.655,0.644,0.652,2658386.83,2026-02-11 10:59:59.999,1727655.86202000,7091,1578661.50000000,1026421.68638000,0
2026-02-11 11:00:00,0.653,0.665,0.65,0.661,2742363.1,2026-02-11 11:59:59.999,1804331.69309000,6537,1630303.87000000,1072953.39958000,0
2026-02-11 12:00:00,0.661,0.676,0.656,0.666,4400008.46,2026-02-11 12:59:59.999,2939989.25860000,9743,2560114.28000000,1711531.63440000,0
2026-02-11 13:00:00,0.665,0.667,0.651,0.657,4186475.14,2026-02-11 13:59:59.999,2760174.94092000,9767,2222033.23000000,1465504.83730000,0
2026-02-11 14:00:00,0.658,0.67,0.655,0.66,5421591.8,2026-02-11 14:59:59.999,3591746.44489000,14677,2726379.11000000,1806373.64559000,0
2026-02-11 15:00:00,0.661,0.684,0.643,0.683,7359947.51,2026-02-11 15:59:59.999,4873463.04754000,22590,3715214.31000000,2470081.17228000,0
2026-02-11 16:00:00,0.683,0.71,0.678,0.7,14804054.69,2026-02-11 16:59:59.999,10264004.69858000,33846,8541820.85000000,5923625.12521000,0
2026-02-11 17:00:00,0.699,0.709,0.688,0.696,5650885.52,2026-02-11 17:59:59.999,3945234.32253000,16014,2625704.06000000,1833377.90898000,0
2026-02-11 18:00:00,0.696,0.704,0.688,0.698,2487347.73,2026-02-11 18:59:59.999,1728404.44479000,8221,1083735.59000000,753194.16401000,0
2026-02-11 19:00:00,0.698,0.709,0.693,0.705,2066151.79,2026-02-11 19:59:59.999,1452999.27753000,6678,1058134.87000000,745108.66109000,0
2026-02-11 20:00:00,0.704,0.706,0.695,0.696,1169017.67,2026-02-11 20:59:59.999,817679.83726000,4602,484245.12000000,338931.78013000,0
2026-02-11 21:00:00,0.696,0.722,0.693,0.7,2923655.59,2026-02-11 21:59:59.999,2071757.20512000,8540,1575097.81000000,1117340.04888000,0
2026-02-11 22:00:00,0.7,0.707,0.694,0.697,1780387.92,2026-02-11 22:59:59.999,1246486.19091000,5303,837608.04000000,587064.44072000,0
2026-02-11 23:00:00,0.697,0.699,0.686,0.691,1924379.93,2026-02-11 23:59:59.999,1328606.34354000,5168,895061.64000000,618276.26239000,0
2026-02-12 00:00:00,0.691,0.709,0.687,0.707,2303229.3,2026-02-12 00:59:59.999,1614042.83705000,6807,1274952.32000000,893775.39110000,0
2026-02-12 01:00:00,0.707,0.717,0.702,0.712,2750844.43,2026-02-12 01:59:59.999,1954188.87342000,7408,1453002.09000000,1032257.35461000,0
2026-02-12 02:00:00,0.711,0.719,0.699,0.702,2500752.85,2026-02-12 02:59:59.999,1768683.49183000,5833,1274184.73000000,900922.38491000,0
2026-02-12 03:00:00,0.701,0.705,0.694,0.702,1941369.49,2026-02-12 03:59:59.999,1358200.99403000,4209,1114393.81000000,779937.61855000,0
2026-02-12 04:00:00,0.701,0.702,0.688,0.689,2029357.64,2026-02-12 04:59:59.999,1404666.12188000,4638,973467.60000000,673979.18249000,0
2026-02-12 05:00:00,0.689,0.698,0.682,0.692,2744653.22,2026-02-12 05:59:59.999,1889594.88955000,8289,1489528.75000000,1026017.06527000,0
2026-02-12 06:00:00,0.692,0.698,0.686,0.694,1956405.72,2026-02-12 06:59:59.999,1356386.54103000,5314,1140331.32000000,790755.04937000,0
2026-02-12 07:00:00,0.694,0.705,0.693,0.701,1877441.19,2026-02-12 07:59:59.999,1315604.42462000,4443,1007842.16000000,706486.81317000,0
2026-02-12 08:00:00,0.701,0.72,0.695,0.714,2318982.07,2026-02-12 08:59:59.999,1640686.88883000,6132,1369137.17000000,968908.13857000,0
2026-02-12 09:00:00,0.714,0.74,0.712,0.73,6840752.84,2026-02-12 09:59:59.999,4978615.62807000,14136,4206311.24000000,3061313.33273000,0
2026-02-12 10:00:00,0.73,0.751,0.729,0.747,5565353.54,2026-02-12 10:59:59.999,4120185.15211000,11896,3081526.26000000,2283564.18969000,0
2026-02-12 11:00:00,0.747,0.763,0.726,0.73,8449067.42,2026-02-12 11:59:59.999,6313031.45413000,18523,3943178.86000000,2948906.09347000,0
2026-02-12 12:00:00,0.73,0.735,0.712,0.714,5239223.64,2026-02-12 12:59:59.999,3803466.43351000,12486,2386795.47000000,1736902.85764000,0
2026-02-12 13:00:00,0.714,0.726,0.706,0.722,3266598.73,2026-02-12 13:59:59.999,2340863.11708000,8213,1687915.53000000,1211460.35242000,0
2026-02-12 14:00:00,0.722,0.727,0.709,0.724,1990763.35,2026-02-12 14:59:59.999,1430016.64056000,7425,1025108.93000000,736966.27860000,0
2026-02-12 15:00:00,0.724,0.724,0.705,0.712,2257065.66,2026-02-12 15:59:59.999,1613681.28797000,7841,1060058.91000000,758683.71596000,0
2026-02-12 16:00:00,0.714,0.722,0.709,0.712,3555000.06,2026-02-12 16:59:59.999,2538988.08056000,10477,1569801.56000000,1122682.21328000,0
2026-02-12 17:00:00,0.712,0.713,0.7,0.704,2574361.62,2026-02-12 17:59:59.999,1818114.94131000,7471,1157626.03000000,818665.79092000,0
2026-02-12 18:00:00,0.704,0.722,0.704,0.72,2644291.63,2026-02-12 18:59:59.999,1888440.85361000,5812,1673584.80000000,1196500.57531000,0
2026-02-12 19:00:00,0.72,0.729,0.717,0.719,2057973.93,2026-02-12 19:59:59.999,1486714.09923000,5017,1070203.25000000,773388.16798000,0
2026-02-12 20:00:00,0.719,0.721,0.702,0.705,1304936.7,2026-02-12 20:59:59.999,927395.98215000,3826,556824.44000000,395853.88623000,0
2026-02-12 21:00:00,0.704,0.707,0.692,0.695,2936295.72,2026-02-12 21:59:59.999,2046908.48746000,4974,1445317.54000000,1007009.88400000,0
2026-02-12 22:00:00,0.694,0.715,0.693,0.714,2634176.14,2026-02-12 22:59:59.999,1851712.08118000,5452,1681108.37000000,1181154.05258000,0
2026-02-12 23:00:00,0.714,0.728,0.711,0.715,2693083.61,2026-02-12 23:59:59.999,1936881.45046000,6048,1612474.11000000,1159816.41094000,0
2026-02-13 00:00:00,0.715,0.718,0.709,0.717,2113043.17,2026-02-13 00:59:59.999,1508133.07507000,5169,1010864.51000000,721930.67827000,0
2026-02-13 01:00:00,0.717,0.739,0.717,0.722,4288916.95,2026-02-13 01:59:59.999,3123611.51136000,8647,2457523.84000000,1789375.06537000,0
2026-02-13 02:00:00,0.722,0.726,0.707,0.716,4086129.33,2026-02-13 02:59:59.999,2923780.42033000,7401,1782391.64000000,1276251.87761000,0
2026-02-13 03:00:00,0.716,0.718,0.71,0.714,1490900.77,2026-02-13 03:59:59.999,1064156.49537000,3540,659347.33000000,470812.45002000,0
2026-02-13 04:00:00,0.714,0.715,0.706,0.71,1723200.56,2026-02-13 04:59:59.999,1223589.51545000,4354,752326.43000000,534346.96895000,0
2026-02-13 05:00:00,0.71,0.712,0.702,0.704,1300564.85,2026-02-13 05:59:59.999,919247.61057000,2847,432991.40000000,306169.32544000,0
2026-02-13 06:00:00,0.704,0.708,0.698,0.708,1674964.04,2026-02-13 06:59:59.999,1176192.44372000,3822,643388.96000000,452162.79306000,0
2026-02-13 07:00:00,0.708,0.718,0.705,0.716,3198506.17,2026-02-13 07:59:59.999,2273341.32228000,6742,1627701.49000000,1158530.95948000,0
2026-02-13 08:00:00,0.715,0.721,0.709,0.709,1595253.62,2026-02-13 08:59:59.999,1139476.24386000,4598,716475.06000000,512058.22919000,0
2026-02-13 09:00:00,0.71,0.712,0.705,0.71,1337677.96,2026-02-13 09:59:59.999,947381.30122000,3909,748623.36000000,530367.72071000,0
2026-02-13 10:00:00,0.71,0.717,0.709,0.716,1332673.36,2026-02-13 10:59:59.999,950980.08991000,4201,824145.07000000,588173.73750000,0
2026-02-13 11:00:00,0.716,0.719,0.711,0.716,1153807.28,2026-02-13 11:59:59.999,825001.18756000,3747,618447.82000000,442142.38060000,0
2026-02-13 12:00:00,0.716,0.718,0.711,0.714,1142047.56,2026-02-13 12:59:59.999,816105.84024000,3593,559289.30000000,399717.73400000,0
2026-02-13 13:00:00,0.714,0.727,0.708,0.716,3194404.52,2026-02-13 13:59:59.999,2290033.15902000,7595,1683083.11000000,1207879.77607000,0
2026-02-13 14:00:00,0.716,0.721,0.709,0.71,1859149.96,2026-02-13 14:59:59.999,1329500.93808000,6468,849033.70000000,607539.80791000,0
2026-02-13 15:00:00,0.711,0.734,0.71,0.727,4882849.04,2026-02-13 15:59:59.999,3525586.63965000,13894,2679858.46000000,1934977.43114000,0
2026-02-13 16:00:00,0.727,0.742,0.722,0.737,3040766.4,2026-02-13 16:59:59.999,2225537.71277000,8166,1728509.70000000,1266396.15230000,0
2026-02-13 17:00:00,0.737,0.745,0.729,0.743,1914454.47,2026-02-13 17:59:59.999,1412135.21762000,5787,1011716.95000000,746593.44635000,0
2026-02-13 18:00:00,0.743,0.746,0.732,0.734,1264818.34,2026-02-13 18:59:59.999,931971.98451000,4521,640076.13000000,471684.20265000,0
2026-02-13 19:00:00,0.734,0.736,0.726,0.729,1643698.45,2026-02-13 19:59:59.999,1201985.84922000,3942,640760.83000000,468882.04881000,0
2026-02-13 20:00:00,0.728,0.732,0.725,0.729,1232330.96,2026-02-13 20:59:59.999,897815.77366000,3789,633931.76000000,461888.52267000,0
2026-02-13 21:00:00,0.729,0.73,0.723,0.727,1061865.22,2026-02-13 21:59:59.999,771508.63295000,3602,421241.45000000,306155.78936000,0
2026-02-13 22:00:00,0.728,0.729,0.721,0.728,687418.4,2026-02-13 22:59:59.999,498312.93054000,2590,292577.97000000,212178.41343000,0
2026-02-13 23:00:00,0.729,0.733,0.726,0.727,1289102.16,2026-02-13 23:59:59.999,940173.43816000,2787,551299.08000000,402366.81948000,0
2026-02-14 00:00:00,0.727,0.737,0.724,0.73,3049992.26,2026-02-14 00:59:59.999,2226134.23208000,4131,1014523.62000000,740855.07895000,0
2026-02-14 01:00:00,0.73,0.734,0.726,0.731,676102.05,2026-02-14 01:59:59.999,493236.46790000,1679,361280.13000000,263620.13984000,0
2026-02-14 02:00:00,0.731,0.733,0.72,0.72,1455779.05,2026-02-14 02:59:59.999,1055301.87962000,2526,407734.11000000,295961.01886000,0
2026-02-14 03:00:00,0.72,0.722,0.709,0.711,2140167.01,2026-02-14 03:59:59.999,1529712.40252000,3936,937734.90000000,670591.02310000,0
2026-02-14 04:00:00,0.711,0.718,0.705,0.717,1425820.54,2026-02-14 04:59:59.999,1014547.85251000,3168,727467.18000000,517918.19349000,0
2026-02-14 05:00:00,0.716,0.723,0.711,0.712,985792.86,2026-02-14 05:59:59.999,707520.45044000,2459,569888.68000000,409233.13248000,0
2026-02-14 06:00:00,0.712,0.714,0.708,0.709,1134516.18,2026-02-14 06:59:59.999,806516.87802000,3441,582889.49000000,414550.87745000,0
2026-02-14 07:00:00,0.71,0.717,0.71,0.714,1552358.94,2026-02-14 07:59:59.999,1107822.50881000,4049,784690.52000000,559957.75675000,0
2026-02-14 08:00:00,0.714,0.719,0.713,0.718,1345993.08,2026-02-14 08:59:59.999,964196.14466000,2807,773885.65000000,554628.17336000,0
2026-02-14 09:00:00,0.717,0.717,0.708,0.713,1519843.44,2026-02-14 09:59:59.999,1082325.74471000,2946,467309.87000000,332988.02677000,0
2026-02-14 10:00:00,0.712,0.721,0.71,0.717,740973.7,2026-02-14 10:59:59.999,530342.00117000,2258,433314.94000000,310073.04016000,0
2026-02-14 11:00:00,0.716,0.726,0.715,0.72,1462798.27,2026-02-14 11:59:59.999,1054804.18573000,3054,844582.50000000,609183.08347000,0
2026-02-14 12:00:00,0.72,0.722,0.711,0.712,1762973.0,2026-02-14 12:59:59.999,1261319.24437000,4125,799300.14000000,572094.67546000,0
2026-02-14 13:00:00,0.712,0.723,0.711,0.721,1394337.87,2026-02-14 13:59:59.999,999050.20687000,3192,801707.36000000,574530.66553000,0
2026-02-14 14:00:00,0.721,0.732,0.715,0.729,1161137.46,2026-02-14 14:59:59.999,839307.58863000,2973,668479.98000000,483477.73193000,0
2026-02-14 15:00:00,0.728,0.734,0.719,0.723,2247591.83,2026-02-14 15:59:59.999,1631673.13607000,5459,1031874.44000000,749338.88655000,0
2026-02-14 16:00:00,0.724,0.73,0.721,0.726,1764401.2,2026-02-14 16:59:59.999,1278358.37077000,4247,995808.09000000,721582.28135000,0
2026-02-14 17:00:00,0.726,0.73,0.725,0.727,870730.48,2026-02-14 17:59:59.999,633273.29709000,3025,388962.22000000,282890.87205000,0
2026-02-14 18:00:00,0.728,0.739,0.726,0.732,1543126.79,2026-02-14 18:59:59.999,1131664.82637000,4865,856465.43000000,628295.09838000,0
2026-02-14 19:00:00,0.732,0.737,0.726,0.733,1795744.16,2026-02-14 19:59:59.999,1316193.83033000,4210,1086184.66000000,796998.07338000,0
2026-02-14 20:00:00,0.732,0.735,0.723,0.732,1220033.18,2026-02-14 20:59:59.999,887331.60806000,3440,580802.44000000,422503.43404000,0
2026-02-14 21:00:00,0.732,0.737,0.726,0.734,1155187.48,2026-02-14 21:59:59.999,845961.89929000,4390,613462.18000000,449587.30819000,0
2026-02-14 22:00:00,0.733,0.737,0.73,0.731,703751.08,2026-02-14 22:59:59.999,516665.75262000,2613,260674.07000000,191440.55518000,0
2026-02-14 23:00:00,0.731,0.74,0.728,0.734,892767.4,2026-02-14 23:59:59.999,656030.96702000,3995,460230.23000000,338317.89510000,0
2026-02-15 00:00:00,0.733,0.737,0.721,0.725,1359806.63,2026-02-15 00:59:59.999,988545.97722000,4745,585845.42000000,425955.37164000,0
2026-02-15 01:00:00,0.724,0.732,0.716,0.731,1115964.86,2026-02-15 01:59:59.999,807563.57417000,4733,481483.33000000,348893.49683000,0
2026-02-15 02:00:00,0.731,0.737,0.727,0.734,1592744.36,2026-02-15 02:59:59.999,1165251.96645000,5915,948579.58000000,694187.35594000,0
2026-02-15 03:00:00,0.733,0.742,0.725,0.74,1529440.96,2026-02-15 03:59:59.999,1121559.25636000,5443,832581.82000000,611274.33933000,0
2026-02-15 04:00:00,0.74,0.745,0.731,0.736,2023502.62,2026-02-15 04:59:59.999,1493422.82655000,6238,1095951.87000000,809441.75575000,0
2026-02-15 05:00:00,0.736,0.738,0.732,0.733,531816.54,2026-02-15 05:59:59.999,390747.18531000,2918,294588.94000000,216526.55920000,0
2026-02-15 06:00:00,0.733,0.74,0.731,0.737,1097439.72,2026-02-15 06:59:59.999,807265.89970000,3871,710902.88000000,522901.18317000,0
2026-02-15 07:00:00,0.737,0.738,0.729,0.731,1198664.7,2026-02-15 07:59:59.999,880094.50160000,4112,662851.82000000,486719.66577000,0
2026-02-15 08:00:00,0.731,0.736,0.72,0.727,1859814.44,2026-02-15 08:59:59.999,1351881.81874000,7092,1045681.00000000,760631.07799000,0
2026-02-15 09:00:00,0.727,0.739,0.724,0.736,1322537.86,2026-02-15 09:59:59.999,967308.09075000,4964,918549.50000000,671845.41404000,0
2026-02-15 10:00:00,0.736,0.743,0.728,0.737,1450612.27,2026-02-15 10:59:59.999,1067075.92058000,4902,832902.16000000,612649.72247000,0
2026-02-15 11:00:00,0.738,0.742,0.732,0.734,884085.3,2026-02-15 11:59:59.999,651477.37815000,2977,546309.11000000,402584.13237000,0
2026-02-15 12:00:00,0.734,0.735,0.722,0.723,1794055.41,2026-02-15 12:59:59.999,1305106.24325000,6722,897448.42000000,653380.26000000,0
2026-02-15 13:00:00,0.724,0.737,0.711,0.715,3571922.71,2026-02-15 13:59:59.999,2584236.00048000,12006,1785349.13000000,1293454.49170000,0
2026-02-15 14:00:00,0.715,0.724,0.709,0.724,2409499.66,2026-02-15 14:59:59.999,1726704.53877000,8380,1514454.39000000,1086170.36980000,0
2026-02-15 15:00:00,0.723,0.726,0.712,0.719,1631565.41,2026-02-15 15:59:59.999,1173073.49303000,5715,1060495.49000000,762707.65719000,0
2026-02-15 16:00:00,0.719,0.725,0.713,0.724,1784733.47,2026-02-15 16:59:59.999,1280498.14434000,6250,1056440.72000000,758277.01966000,0
2026-02-15 17:00:00,0.723,0.73,0.717,0.725,2967373.19,2026-02-15 17:59:59.999,2147885.16696000,10644,1785847.28000000,1293309.05098000,0
2026-02-15 18:00:00,0.725,0.726,0.716,0.722,2089841.75,2026-02-15 18:59:59.999,1508859.02373000,7626,1186224.41000000,856626.65120000,0
2026-02-15 19:00:00,0.722,0.728,0.716,0.717,1884038.45,2026-02-15 19:59:59.999,1356846.35981000,6362,977839.27000000,704753.26546000,0
2026-02-15 20:00:00,0.717,0.727,0.713,0.725,1151378.79,2026-02-15 20:59:59.999,829075.36717000,3804,624356.78000000,450243.25462000,0
2026-02-15 21:00:00,0.725,0.732,0.724,0.724,746579.37,2026-02-15 21:59:59.999,543507.07955000,2664,390876.65000000,284554.29114000,0
2026-02-15 22:00:00,0.723,0.735,0.721,0.734,956587.46,2026-02-15 22:59:59.999,696019.53926000,2970,575881.65000000,419350.17534000,0
2026-02-15 23:00:00,0.733,0.734,0.724,0.73,871398.04,2026-02-15 23:59:59.999,634626.75586000,2504,391992.17000000,285487.21734000,0
2026-02-16 00:00:00,0.73,0.731,0.724,0.724,815212.97,2026-02-16 00:59:59.999,592990.56931000,2193,290912.41000000,211659.56637000,0
2026-02-16 01:00:00,0.724,0.733,0.719,0.725,1081538.7,2026-02-16 01:59:59.999,784726.16873000,3055,590909.05000000,429082.65258000,0
2026-02-16 02:00:00,0.726,0.728,0.72,0.726,903496.06,2026-02-16 02:59:59.999,654593.15870000,2906,505474.61000000,366277.08773000,0
2026-02-16 03:00:00,0.726,0.73,0.723,0.724,733140.44,2026-02-16 03:59:59.999,532322.84634000,1871,340046.42000000,247004.37413000,0
2026-02-16 04:00:00,0.724,0.729,0.723,0.725,498033.06,2026-02-16 04:59:59.999,361535.95152000,1523,245895.30000000,178554.55459000,0
2026-02-16 05:00:00,0.726,0.727,0.71,0.712,1794898.33,2026-02-16 05:59:59.999,1282825.19717000,4809,810061.95000000,578887.22108000,0
2026-02-16 06:00:00,0.712,0.717,0.706,0.709,1494000.81,2026-02-16 06:59:59.999,1063541.93402000,3900,665538.54000000,474059.00473000,0
2026-02-16 07:00:00,0.709,0.713,0.704,0.711,1104319.42,2026-02-16 07:59:59.999,782770.27830000,3218,650288.48000000,461093.14251000,0
2026-02-16 08:00:00,0.712,0.726,0.711,0.723,1102410.32,2026-02-16 08:59:59.999,793078.55342000,3509,757330.28000000,544976.68804000,0
2026-02-16 09:00:00,0.722,0.728,0.721,0.728,853806.21,2026-02-16 09:59:59.999,618855.25032000,2661,513802.35000000,372635.38897000,0
2026-02-16 10:00:00,0.728,0.731,0.721,0.724,753095.01,2026-02-16 10:59:59.999,546034.65716000,2326,356387.01000000,258483.45029000,0
2026-02-16 11:00:00,0.723,0.723,0.711,0.714,1681383.25,2026-02-16 11:59:59.999,1203347.01738000,4107,718610.49000000,514288.18603000,0
2026-02-16 12:00:00,0.715,0.741,0.714,0.737,2493731.44,2026-02-16 12:59:59.999,1820013.78541000,7311,1439496.20000000,1050086.59969000,0
2026-02-16 13:00:00,0.737,0.771,0.72,0.724,9854917.93,2026-02-16 13:59:59.999,7351608.16582000,23201,5071963.32000000,3792652.95170000,0
2026-02-16 14:00:00,0.723,0.728,0.714,0.725,2659035.67,2026-02-16 14:59:59.999,1917874.64290000,7202,1429933.61000000,1032380.69677000,0
2026-02-16 15:00:00,0.724,0.727,0.7,0.701,3039065.17,2026-02-16 15:59:59.999,2166992.44162000,9139,1334845.55000000,953176.91636000,0
2026-02-16 16:00:00,0.701,0.716,0.695,0.715,2913323.07,2026-02-16 16:59:59.999,2053079.40630000,9322,1543520.91000000,1089316.34994000,0
2026-02-16 17:00:00,0.715,0.728,0.713,0.721,2972959.85,2026-02-16 17:59:59.999,2144537.06472000,8877,1861021.25000000,1342658.98808000,0
2026-02-16 18:00:00,0.721,0.727,0.715,0.715,1188277.26,2026-02-16 18:59:59.999,858179.95816000,3710,612470.81000000,442376.45420000,0
2026-02-16 19:00:00,0.715,0.725,0.714,0.72,1117958.16,2026-02-16 19:59:59.999,804269.47702000,2951,482397.90000000,347230.85052000,0
2026-02-16 20:00:00,0.72,0.733,0.72,0.732,1228370.08,2026-02-16 20:59:59.999,890386.78039000,3355,760428.19000000,551238.27950000,0
2026-02-16 21:00:00,0.733,0.743,0.732,0.737,1643824.0,2026-02-16 21:59:59.999,1211547.39257000,8197,846917.37000000,624138.30866000,0
2026-02-16 22:00:00,0.737,0.738,0.729,0.732,937359.24,2026-02-16 22:59:59.999,688287.08797000,3853,393173.18000000,288679.87622000,0
2026-02-16 23:00:00,0.732,0.732,0.724,0.73,1467289.69,2026-02-16 23:59:59.999,1068359.79746000,3419,665644.94000000,484953.99307000,0
2026-02-17 00:00:00,0.729,0.729,0.722,0.723,960964.2,2026-02-17 00:59:59.999,696930.21185000,2314,247980.25000000,179727.84082000,0
2026-02-17 01:00:00,0.723,0.729,0.721,0.726,693304.3,2026-02-17 01:59:59.999,503197.29543000,2226,320076.58000000,232481.87256000,0
2026-02-17 02:00:00,0.726,0.737,0.723,0.735,972896.71,2026-02-17 02:59:59.999,711486.64510000,3013,619376.93000000,453106.66585000,0
2026-02-17 03:00:00,0.735,0.737,0.731,0.731,435277.23,2026-02-17 03:59:59.999,319348.13423000,1529,185000.44000000,135767.88469000,0
2026-02-17 04:00:00,0.731,0.734,0.725,0.727,577875.49,2026-02-17 04:59:59.999,421787.76017000,2100,283087.12000000,206763.94886000,0
2026-02-17 05:00:00,0.726,0.727,0.717,0.719,961015.56,2026-02-17 05:59:59.999,692841.99734000,2465,325549.96000000,234635.61051000,0
2026-02-17 06:00:00,0.719,0.721,0.716,0.719,324493.53,2026-02-17 06:59:59.999,232852.45593000,1049,137466.88000000,98644.55510000,0
2026-02-17 07:00:00,0.719,0.722,0.716,0.718,513976.05,2026-02-17 07:59:59.999,369527.75122000,1508,284676.43000000,204713.87218000,0
2026-02-17 08:00:00,0.719,0.72,0.71,0.711,726813.0,2026-02-17 08:59:59.999,518991.82170000,2353,338651.27000000,241730.46129000,0
2026-02-17 09:00:00,0.711,0.713,0.708,0.713,873404.75,2026-02-17 09:59:59.999,619999.06564000,1895,399369.29000000,283599.69916000,0
2026-02-17 10:00:00,0.713,0.714,0.699,0.704,2238543.82,2026-02-17 10:59:59.999,1575190.62208000,3928,793588.36000000,558549.57299000,0
2026-02-17 11:00:00,0.703,0.706,0.7,0.706,1141768.86,2026-02-17 11:59:59.999,802828.07121000,2346,458331.36000000,322379.54322000,0
2026-02-17 12:00:00,0.705,0.718,0.704,0.711,1183219.47,2026-02-17 12:59:59.999,840961.00399000,3070,646369.46000000,459208.19121000,0
2026-02-17 13:00:00,0.711,0.715,0.705,0.713,1230695.73,2026-02-17 13:59:59.999,874018.79995000,3380,531187.67000000,377207.90435000,0
2026-02-17 14:00:00,0.713,0.713,0.698,0.703,1900029.66,2026-02-17 14:59:59.999,1343217.45249000,6377,893656.16000000,632004.02910000,0
2026-02-17 15:00:00,0.703,0.708,0.698,0.706,961066.82,2026-02-17 15:59:59.999,676457.68416000,5022,490655.31000000,345486.20404000,0
2026-02-17 16:00:00,0.706,0.717,0.704,0.71,1299531.56,2026-02-17 16:59:59.999,924363.11243000,5705,757181.81000000,538738.50202000,0
2026-02-17 17:00:00,0.711,0.712,0.7,0.705,1078324.95,2026-02-17 17:59:59.999,760487.33724000,4177,519183.55000000,366355.57042000,0
2026-02-17 18:00:00,0.704,0.722,0.704,0.719,1201858.49,2026-02-17 18:59:59.999,861676.55333000,4811,774893.23000000,555515.59028000,0
2026-02-17 19:00:00,0.719,0.721,0.714,0.715,454669.49,2026-02-17 19:59:59.999,326139.29020000,1953,219364.15000000,157400.42816000,0
2026-02-17 20:00:00,0.714,0.715,0.705,0.707,598759.08,2026-02-17 20:59:59.999,424648.00258000,1718,218850.99000000,155259.15850000,0
2026-02-17 21:00:00,0.708,0.711,0.705,0.708,635753.23,2026-02-17 21:59:59.999,450569.82113000,1615,283486.80000000,200921.43538000,0
2026-02-17 22:00:00,0.708,0.709,0.702,0.705,350153.02,2026-02-17 22:59:59.999,247128.77687000,1143,190455.70000000,134501.81654000,0
2026-02-17 23:00:00,0.704,0.709,0.702,0.709,357361.54,2026-02-17 23:59:59.999,252152.35113000,1354,202321.03000000,142818.47625000,0
2026-02-18 00:00:00,0.709,0.716,0.706,0.706,1593094.99,2026-02-18 00:59:59.999,1133000.17936000,3099,882272.86000000,628086.49563000,0
2026-02-18 01:00:00,0.706,0.707,0.702,0.703,737235.31,2026-02-18 01:59:59.999,519763.63116000,2137,371247.69000000,261825.24741000,0
2026-02-18 02:00:00,0.704,0.712,0.704,0.712,744517.24,2026-02-18 02:59:59.999,527984.88278000,1936,484523.50000000,343604.07676000,0
2026-02-18 03:00:00,0.711,0.717,0.711,0.713,450850.64,2026-02-18 03:59:59.999,321820.72883000,1411,209273.15000000,149481.16941000,0
2026-02-18 04:00:00,0.713,0.715,0.709,0.714,350073.58,2026-02-18 04:59:59.999,249400.26991000,1128,179198.23000000,127659.55731000,0
2026-02-18 05:00:00,0.714,0.716,0.71,0.712,354445.0,2026-02-18 05:59:59.999,252815.04250000,1105,140590.89000000,100259.76610000,0
2026-02-18 06:00:00,0.713,0.716,0.712,0.715,355132.44,2026-02-18 06:59:59.999,253578.16111000,1058,241059.13000000,172167.04878000,0
2026-02-18 07:00:00,0.715,0.718,0.713,0.715,390264.44,2026-02-18 07:59:59.999,279307.89990000,1096,169630.48000000,121411.11884000,0
2026-02-18 08:00:00,0.716,0.718,0.712,0.715,769433.22,2026-02-18 08:59:59.999,550180.50403000,1669,387434.32000000,277143.88619000,0
2026-02-18 09:00:00,0.715,0.72,0.714,0.717,616453.66,2026-02-18 09:59:59.999,442135.23847000,2132,332047.19000000,238188.43033000,0
2026-02-18 10:00:00,0.717,0.721,0.707,0.708,998479.89,2026-02-18 10:59:59.999,712080.86978000,2623,437145.75000000,312313.99046000,0
2026-02-18 11:00:00,0.708,0.71,0.704,0.706,628754.56,2026-02-18 11:59:59.999,444561.26820000,2225,282354.97000000,199675.12571000,0
2026-02-18 12:00:00,0.706,0.711,0.705,0.707,461036.67,2026-02-18 12:59:59.999,326315.36145000,1907,188662.19000000,133569.95071000,0
2026-02-18 13:00:00,0.707,0.709,0.703,0.708,576762.27,2026-02-18 13:59:59.999,407155.14220000,2340,291076.27000000,205528.56574000,0
2026-02-18 14:00:00,0.709,0.713,0.7,0.706,1666010.56,2026-02-18 14:59:59.999,1176628.86161000,5574,804787.03000000,568796.39987000,0
2026-02-18 15:00:00,0.706,0.717,0.705,0.709,927522.53,2026-02-18 15:59:59.999,659583.01232000,3634,571475.21000000,406564.03061000,0
2026-02-18 16:00:00,0.709,0.714,0.704,0.708,891462.82,2026-02-18 16:59:59.999,631742.73874000,3149,421294.60000000,298753.95605000,0
2026-02-18 17:00:00,0.709,0.713,0.707,0.707,336596.51,2026-02-18 17:59:59.999,238851.58918000,1485,195133.83000000,138511.27251000,0
2026-02-18 18:00:00,0.707,0.708,0.687,0.692,3256288.61,2026-02-18 18:59:59.999,2266410.45947000,9125,1170903.80000000,815197.14896000,0
2026-02-18 19:00:00,0.691,0.704,0.691,0.702,1423519.73,2026-02-18 19:59:59.999,992407.07340000,5068,746707.60000000,520805.03133000,0
2026-02-18 20:00:00,0.702,0.709,0.701,0.705,1041553.69,2026-02-18 20:59:59.999,733580.48848000,3539,537986.68000000,378910.04332000,0
2026-02-18 21:00:00,0.705,0.707,0.701,0.706,667061.18,2026-02-18 21:59:59.999,469807.63057000,2258,416702.55000000,293579.05410000,0
2026-02-18 22:00:00,0.706,0.71,0.702,0.706,1100986.71,2026-02-18 22:59:59.999,776970.76208000,2383,617186.30000000,435686.45371000,0
2026-02-18 23:00:00,0.706,0.709,0.702,0.707,728791.79,2026-02-18 23:59:59.999,514577.33305000,2023,396139.22000000,279689.02417000,0
2026-02-19 00:00:00,0.706,0.708,0.703,0.708,569896.92,2026-02-19 00:59:59.999,402317.16763000,1910,279884.31000000,197594.03756000,0
2026-02-19 01:00:00,0.708,0.711,0.704,0.709,872000.32,2026-02-19 01:59:59.999,616611.99339000,2275,515474.76000000,364632.77360000,0
2026-02-19 02:00:00,0.709,0.712,0.705,0.71,488809.63,2026-02-19 02:59:59.999,346660.59111000,1538,289500.37000000,205437.38607000,0
2026-02-19 03:00:00,0.71,0.713,0.707,0.708,434805.47,2026-02-19 03:59:59.999,308636.77959000,1423,228709.52000000,162371.41812000,0
2026-02-19 04:00:00,0.709,0.713,0.705,0.706,359725.48,2026-02-19 04:59:59.999,255129.85368000,1522,176671.84000000,125334.43049000,0
2026-02-19 05:00:00,0.706,0.707,0.694,0.697,1961882.19,2026-02-19 05:59:59.999,1369478.70135000,4123,930096.44000000,648892.65464000,0
2026-02-19 06:00:00,0.697,0.704,0.697,0.702,622579.34,2026-02-19 06:59:59.999,436395.84115000,2748,309218.04000000,216824.50384000,0
2026-02-19 07:00:00,0.702,0.703,0.697,0.699,736684.74,2026-02-19 07:59:59.999,515350.56374000,2876,314824.38000000,220324.48362000,0
2026-02-19 08:00:00,0.699,0.7,0.695,0.697,704927.26,2026-02-19 08:59:59.999,491005.35585000,2575,249260.57000000,173691.53893000,0
2026-02-19 09:00:00,0.697,0.7,0.695,0.696,509959.37,2026-02-19 09:59:59.999,355472.67746000,2460,229566.01000000,160058.61575000,0
2026-02-19 10:00:00,0.695,0.697,0.691,0.694,924933.05,2026-02-19 10:59:59.999,642002.30016000,3164,490005.36000000,340144.66282000,0
2026-02-19 11:00:00,0.694,0.696,0.689,0.692,759323.32,2026-02-19 11:59:59.999,525779.92130000,2786,355515.91000000,246250.62937000,0
2026-02-19 12:00:00,0.692,0.697,0.689,0.695,1107843.64,2026-02-19 12:59:59.999,768057.76910000,3332,633086.25000000,438990.51616000,0
2026-02-19 13:00:00,0.694,0.697,0.687,0.691,1618302.39,2026-02-19 13:59:59.999,1119332.31210000,4499,820932.26000000,568107.68726000,0
2026-02-19 14:00:00,0.691,0.696,0.68,0.694,2796064.55,2026-02-19 14:59:59.999,1924986.87355000,9380,1462557.69000000,1008268.18420000,0
2026-02-19 15:00:00,0.693,0.698,0.685,0.688,1880728.3,2026-02-19 15:59:59.999,1298683.90642000,5439,1001779.97000000,692576.00128000,0
2026-02-19 16:00:00,0.689,0.692,0.683,0.689,1718399.11,2026-02-19 16:59:59.999,1181176.60353000,5454,934000.37000000,642453.99215000,0
2026-02-19 17:00:00,0.689,0.701,0.689,0.692,1601066.99,2026-02-19 17:59:59.999,1109403.05339000,5113,927355.98000000,643101.00787000,0
2026-02-19 18:00:00,0.692,0.704,0.691,0.7,1064606.6,2026-02-19 18:59:59.999,742851.73096000,4252,708743.62000000,494578.95716000,0
2026-02-19 19:00:00,0.701,0.704,0.699,0.702,723329.42,2026-02-19 19:59:59.999,507332.43126000,2901,376358.37000000,264020.26843000,0
2026-02-19 20:00:00,0.702,0.71,0.701,0.71,1052515.68,2026-02-19 20:59:59.999,743772.22112000,2818,634989.93000000,448842.30658000,0
2026-02-19 21:00:00,0.709,0.711,0.706,0.71,176721.42,2026-02-19 21:59:59.999,125136.59029000,980,103807.90000000,73489.36097000,0
2026-02-19 22:00:00,0.71,0.719,0.708,0.715,1538508.17,2026-02-19 22:59:59.999,1098528.88276000,3705,889811.62000000,635192.41411000,0
2026-02-19 23:00:00,0.715,0.719,0.714,0.718,700037.08,2026-02-19 23:59:59.999,501201.90984000,1813,311779.57000000,223388.85134000,0
2026-02-20 00:00:00,0.718,0.725,0.715,0.724,1875354.97,2026-02-20 00:59:59.999,1350853.75773000,4297,1130816.25000000,814622.20105000,0
2026-02-20 01:00:00,0.724,0.724,0.715,0.716,1185557.38,2026-02-20 01:59:59.999,852876.94873000,3069,414978.69000000,298828.58906000,0
2026-02-20 02:00:00,0.716,0.717,0.709,0.712,1432344.35,2026-02-20 02:59:59.999,1020024.44579000,2671,380432.55000000,271015.51747000,0
2026-02-20 03:00:00,0.711,0.715,0.707,0.708,697570.84,2026-02-20 03:59:59.999,495601.75291000,2063,267990.75000000,190466.39577000,0
2026-02-20 04:00:00,0.708,0.709,0.702,0.702,1148498.99,2026-02-20 04:59:59.999,808988.48391000,2960,403776.15000000,284530.74862000,0
2026-02-20 05:00:00,0.702,0.712,0.702,0.708,669499.08,2026-02-20 05:59:59.999,473210.70805000,2426,305781.82000000,216272.27735000,0
2026-02-20 06:00:00,0.708,0.712,0.706,0.707,760515.28,2026-02-20 06:59:59.999,539007.89188000,2184,307941.87000000,218358.91317000,0
2026-02-20 07:00:00,0.707,0.707,0.702,0.704,799572.6,2026-02-20 07:59:59.999,563021.56714000,2179,295877.67000000,208468.42002000,0
2026-02-20 08:00:00,0.704,0.707,0.702,0.704,649867.41,2026-02-20 08:59:59.999,457611.84537000,1555,295721.77000000,208294.03310000,0
2026-02-20 09:00:00,0.705,0.712,0.704,0.711,865067.23,2026-02-20 09:59:59.999,612500.42863000,2282,411437.79000000,291420.39734000,0
2026-02-20 10:00:00,0.712,0.714,0.704,0.708,1004137.12,2026-02-20 10:59:59.999,712695.39872000,2296,353884.35000000,251161.27882000,0
2026-02-20 11:00:00,0.708,0.709,0.699,0.7,1574464.87,2026-02-20 11:59:59.999,1108337.73229000,3362,539439.66000000,379898.38790000,0
2026-02-20 12:00:00,0.7,0.703,0.698,0.7,816756.97,2026-02-20 12:59:59.999,572139.92336000,2384,325352.86000000,227990.32224000,0
2026-02-20 13:00:00,0.7,0.702,0.692,0.698,1569125.95,2026-02-20 13:59:59.999,1092754.59827000,4926,674118.18000000,469707.08214000,0
2026-02-20 14:00:00,0.698,0.708,0.698,0.704,843504.81,2026-02-20 14:59:59.999,593117.92487000,3522,454556.61000000,319676.69861000,0
2026-02-20 15:00:00,0.705,0.716,0.705,0.713,2733924.61,2026-02-20 15:59:59.999,1943370.03670000,7468,1815531.93000000,1291306.17502000,0
2026-02-20 16:00:00,0.712,0.719,0.71,0.716,1473348.82,2026-02-20 16:59:59.999,1051865.23320000,4609,944166.46000000,674159.80971000,0
2026-02-20 17:00:00,0.715,0.716,0.706,0.713,893367.52,2026-02-20 17:59:59.999,634878.68783000,3869,421527.64000000,299573.48778000,0
2026-02-20 18:00:00,0.714,0.718,0.709,0.717,1244348.71,2026-02-20 18:59:59.999,889148.07390000,3085,755958.53000000,540576.84234000,0
2026-02-20 19:00:00,0.717,0.72,0.713,0.717,542553.65,2026-02-20 19:59:59.999,388961.54664000,1894,277495.70000000,198993.90662000,0
2026-02-20 20:00:00,0.716,0.721,0.715,0.719,215167.4,2026-02-20 20:59:59.999,154705.54391000,1227,143247.12000000,103002.24947000,0
2026-02-20 21:00:00,0.719,0.722,0.716,0.721,566598.74,2026-02-20 21:59:59.999,407278.98579000,1479,329737.00000000,237125.57890000,0
2026-02-20 22:00:00,0.721,0.733,0.719,0.732,1724678.06,2026-02-20 22:59:59.999,1255146.22502000,4016,1065407.27000000,775005.90427000,0
2026-02-20 23:00:00,0.733,0.734,0.724,0.728,1009240.74,2026-02-20 23:59:59.999,735704.23762000,2729,564041.22000000,411140.62274000,0
2026-02-21 00:00:00,0.728,0.73,0.72,0.721,778704.19,2026-02-21 00:59:59.999,564232.47813000,2322,378464.32000000,274293.91409000,0
2026-02-21 01:00:00,0.721,0.725,0.717,0.724,723374.48,2026-02-21 01:59:59.999,521045.54936000,1544,417706.15000000,300989.64108000,0
2026-02-21 02:00:00,0.723,0.735,0.723,0.731,1094650.57,2026-02-21 02:59:59.999,798537.83137000,3011,739013.64000000,538948.74768000,0
2026-02-21 03:00:00,0.731,0.74,0.727,0.732,1752851.76,2026-02-21 03:59:59.999,1286768.24962000,4857,1031039.11000000,757291.08282000,0
2026-02-21 04:00:00,0.731,0.732,0.723,0.723,968781.15,2026-02-21 04:59:59.999,703570.68175000,2822,365097.26000000,265073.61085000,0
2026-02-21 05:00:00,0.724,0.725,0.721,0.724,509296.98,2026-02-21 05:59:59.999,368367.42474000,1341,237038.66000000,171469.41795000,0
2026-02-21 06:00:00,0.725,0.725,0.721,0.724,364375.39,2026-02-21 06:59:59.999,263460.37582000,980,141129.31000000,102088.86749000,0
2026-02-21 07:00:00,0.725,0.727,0.723,0.727,377959.02,2026-02-21 07:59:59.999,274060.86057000,1195,231558.68000000,167959.01836000,0
2026-02-21 08:00:00,0.726,0.735,0.725,0.731,823424.61,2026-02-21 08:59:59.999,601636.52882000,2201,509486.25000000,372248.10932000,0
2026-02-21 09:00:00,0.731,0.739,0.73,0.733,1009697.89,2026-02-21 09:59:59.999,742089.28552000,2885,655319.00000000,481703.30491000,0
2026-02-21 10:00:00,0.734,0.734,0.729,0.73,386145.61,2026-02-21 10:59:59.999,282698.53778000,1321,196193.96000000,143692.50805000,0
2026-02-21 11:00:00,0.73,0.731,0.726,0.729,399995.41,2026-02-21 11:59:59.999,291327.65199000,1384,201000.12000000,146421.93233000,0
2026-02-21 12:00:00,0.73,0.734,0.725,0.728,502455.07,2026-02-21 12:59:59.999,366667.66786000,1645,230072.22000000,168051.23344000,0
2026-02-21 13:00:00,0.728,0.728,0.721,0.727,445863.37,2026-02-21 13:59:59.999,323173.91886000,1178,176756.23000000,128198.65278000,0
2026-02-21 14:00:00,0.727,0.727,0.722,0.723,582383.73,2026-02-21 14:59:59.999,421983.29249000,1711,246630.22000000,178761.79498000,0
2026-02-21 15:00:00,0.724,0.728,0.719,0.723,458783.59,2026-02-21 15:59:59.999,331914.21814000,1521,218935.33000000,158578.43384000,0
2026-02-21 16:00:00,0.724,0.725,0.721,0.724,387040.19,2026-02-21 16:59:59.999,279665.16985000,1555,164845.18000000,119154.06611000,0
2026-02-21 17:00:00,0.724,0.73,0.723,0.729,446293.22,2026-02-21 17:59:59.999,324183.66070000,1417,237925.49000000,172939.65058000,0
2026-02-21 18:00:00,0.729,0.73,0.725,0.728,522669.69,2026-02-21 18:59:59.999,380364.51709000,1031,319930.35000000,232869.79294000,0
2026-02-21 19:00:00,0.729,0.729,0.715,0.719,1308690.75,2026-02-21 19:59:59.999,945146.75253000,2063,349235.52000000,252032.08065000,0
2026-02-21 20:00:00,0.72,0.725,0.719,0.721,505708.41,2026-02-21 20:59:59.999,365338.43578000,1748,287959.98000000,208049.45008000,0
2026-02-21 21:00:00,0.721,0.722,0.719,0.722,177424.03,2026-02-21 21:59:59.999,127880.66341000,587,87285.51000000,62927.18125000,0
2026-02-21 22:00:00,0.722,0.723,0.719,0.72,169107.35,2026-02-21 22:59:59.999,121943.68585000,575,65058.40000000,46934.90273000,0
2026-02-21 23:00:00,0.72,0.72,0.716,0.719,607618.39,2026-02-21 23:59:59.999,436126.60349000,1205,161565.23000000,116036.09005000,0
2026-02-22 00:00:00,0.718,0.72,0.713,0.717,1695430.94,2026-02-22 00:59:59.999,1215024.24431000,3587,917433.15000000,657484.29590000,0
2026-02-22 01:00:00,0.716,0.718,0.712,0.718,556711.22,2026-02-22 01:59:59.999,397816.64132000,1051,210567.28000000,150636.87783000,0
2026-02-22 02:00:00,0.718,0.72,0.711,0.713,489972.16,2026-02-22 02:59:59.999,350048.42151000,1407,177258.91000000,126692.46991000,0
2026-02-22 03:00:00,0.712,0.715,0.711,0.715,197097.14,2026-02-22 03:59:59.999,140585.44433000,710,90818.61000000,64804.17721000,0
2026-02-22 04:00:00,0.715,0.716,0.709,0.71,447042.6,2026-02-22 04:59:59.999,318147.04573000,851,110305.66000000,78533.94592000,0
2026-02-22 05:00:00,0.71,0.714,0.703,0.705,1338374.32,2026-02-22 05:59:59.999,946063.56951000,2149,354206.06000000,250321.38584000,0
2026-02-22 06:00:00,0.706,0.707,0.704,0.706,364943.98,2026-02-22 06:59:59.999,257526.36429000,970,242227.32000000,170975.01931000,0
2026-02-22 07:00:00,0.707,0.709,0.705,0.709,303201.01,2026-02-22 07:59:59.999,214374.93876000,717,100960.22000000,71379.80834000,0
2026-02-22 08:00:00,0.709,0.712,0.705,0.709,4043716.54,2026-02-22 08:59:59.999,2867910.60197000,5811,2768788.28000000,1964472.88919000,0
2026-02-22 09:00:00,0.709,0.713,0.706,0.712,848043.26,2026-02-22 09:59:59.999,602422.66351000,1618,358656.63000000,255053.14514000,0
2026-02-22 10:00:00,0.713,0.714,0.71,0.711,298405.12,2026-02-22 10:59:59.999,212610.13216000,865,154384.91000000,110023.07509000,0
2026-02-22 11:00:00,0.711,0.711,0.708,0.71,219308.99,2026-02-22 11:59:59.999,155640.67802000,488,138401.34000000,98240.54895000,0
2026-02-22 12:00:00,0.71,0.71,0.704,0.706,1043787.66,2026-02-22 12:59:59.999,737143.47972000,2046,544173.36000000,384276.14151000,0
2026-02-22 13:00:00,0.706,0.708,0.701,0.703,728907.2,2026-02-22 13:59:59.999,513476.77204000,1781,357398.01000000,251910.98463000,0
2026-02-22 14:00:00,0.703,0.703,0.694,0.698,3068374.89,2026-02-22 14:59:59.999,2137671.33447000,4842,968275.51000000,674653.28398000,0
2026-02-22 15:00:00,0.698,0.703,0.695,0.701,770865.8,2026-02-22 15:59:59.999,538002.97610000,1619,380509.49000000,265677.71025000,0
2026-02-22 16:00:00,0.701,0.701,0.696,0.701,489328.46,2026-02-22 16:59:59.999,341925.21339000,1285,222200.62000000,155286.61092000,0
2026-02-22 17:00:00,0.701,0.701,0.696,0.699,241451.74,2026-02-22 17:59:59.999,168627.58424000,867,110600.33000000,77293.74212000,0
2026-02-22 18:00:00,0.699,0.699,0.693,0.694,580591.51,2026-02-22 18:59:59.999,403582.56309000,1151,150533.83000000,104621.91873000,0
2026-02-22 19:00:00,0.694,0.697,0.691,0.696,557907.75,2026-02-22 19:59:59.999,386529.02396000,1284,211310.41000000,146515.16316000,0
2026-02-22 20:00:00,0.696,0.697,0.695,0.696,259609.13,2026-02-22 20:59:59.999,180685.33535000,715,138392.36000000,96341.19095000,0
2026-02-22 21:00:00,0.696,0.698,0.693,0.694,317151.07,2026-02-22 21:59:59.999,220460.93745000,1095,153437.79000000,106697.99116000,0
2026-02-22 22:00:00,0.694,0.698,0.692,0.696,777346.35,2026-02-22 22:59:59.999,539540.86911000,1914,354412.95000000,246159.36164000,0
2026-02-22 23:00:00,0.696,0.697,0.693,0.695,472725.16,2026-02-22 23:59:59.999,328367.13970000,1532,323428.14000000,224736.95114000,0
2026-02-23 00:00:00,0.696,0.698,0.689,0.689,969368.53,2026-02-23 00:59:59.999,672747.57760000,2324,604081.63000000,419504.84643000,0
2026-02-23 01:00:00,0.689,0.69,0.665,0.677,8008255.77,2026-02-23 01:59:59.999,5400005.99814000,24448,3860691.82000000,2605065.36507000,0
2026-02-23 02:00:00,0.677,0.687,0.676,0.685,2594400.3,2026-02-23 02:59:59.999,1768363.54167000,8434,1415779.70000000,965287.12327000,0
2026-02-23 03:00:00,0.686,0.691,0.683,0.69,1379218.07,2026-02-23 03:59:59.999,948620.07382000,4755,766419.63000000,527360.98036000,0
2026-02-23 04:00:00,0.69,0.696,0.688,0.692,1986822.58,2026-02-23 04:59:59.999,1374121.87240000,4361,1224245.42000000,846654.11749000,0
2026-02-23 05:00:00,0.692,0.707,0.691,0.702,2712943.41,2026-02-23 05:59:59.999,1902621.27211000,5079,1658472.76000000,1163662.99942000,0
2026-02-23 06:00:00,0.703,0.71,0.699,0.704,1150163.79,2026-02-23 06:59:59.999,809578.81137000,3040,581429.18000000,409263.02891000,0
2026-02-23 07:00:00,0.705,0.706,0.696,0.698,1066959.08,2026-02-23 07:59:59.999,747743.64958000,2517,374145.20000000,262567.13507000,0
2026-02-23 08:00:00,0.698,0.704,0.696,0.703,842704.79,2026-02-23 08:59:59.999,590050.41050000,1882,431126.13000000,302088.70898000,0
2026-02-23 09:00:00,0.703,0.71,0.701,0.708,1251266.17,2026-02-23 09:59:59.999,884999.90470000,2536,758454.05000000,536466.36504000,0
2026-02-23 10:00:00,0.709,0.71,0.7,0.701,1789660.9,2026-02-23 10:59:59.999,1260046.59026000,2916,855110.93000000,602176.12316000,0
2026-02-23 11:00:00,0.702,0.702,0.698,0.7,635291.98,2026-02-23 11:59:59.999,444517.02232000,1347,346553.00000000,242544.82255000,0
2026-02-23 12:00:00,0.7,0.708,0.696,0.704,1279533.73,2026-02-23 12:59:59.999,899974.94200000,2769,788614.13000000,555031.89121000,0
2026-02-23 13:00:00,0.705,0.705,0.692,0.692,1311098.81,2026-02-23 13:59:59.999,915191.03533000,2780,510979.08000000,356703.23007000,0
2026-02-23 14:00:00,0.693,0.697,0.687,0.695,1753057.09,2026-02-23 14:59:59.999,1212510.42807000,4887,839019.95000000,580602.13337000,0
2026-02-23 15:00:00,0.695,0.699,0.688,0.689,1123496.05,2026-02-23 15:59:59.999,779035.68454000,3516,538074.80000000,373074.18813000,0
2026-02-23 16:00:00,0.689,0.702,0.686,0.697,1227431.48,2026-02-23 16:59:59.999,851996.93436000,4224,637394.27000000,442814.83934000,0
2026-02-23 17:00:00,0.697,0.7,0.689,0.694,1299973.42,2026-02-23 17:59:59.999,901443.08671000,4316,588898.02000000,408635.70303000,0
2026-02-23 18:00:00,0.694,0.703,0.692,0.698,774976.3,2026-02-23 18:59:59.999,539799.26672000,2912,497704.02000000,346774.37202000,0
2026-02-23 19:00:00,0.698,0.699,0.692,0.694,447633.63,2026-02-23 19:59:59.999,311440.88255000,1620,183079.57000000,127426.90048000,0
2026-02-23 20:00:00,0.693,0.698,0.691,0.698,526688.41,2026-02-23 20:59:59.999,365636.79246000,1940,252932.43000000,175683.95515000,0
2026-02-23 21:00:00,0.698,0.7,0.695,0.7,359809.23,2026-02-23 21:59:59.999,251117.15614000,1005,230165.76000000,160684.53716000,0
2026-02-23 22:00:00,0.7,0.705,0.698,0.702,697966.98,2026-02-23 22:59:59.999,490367.69625000,1789,365874.72000000,257143.35412000,0
2026-02-23 23:00:00,0.701,0.707,0.7,0.703,909091.55,2026-02-23 23:59:59.999,639735.72246000,1552,450267.67000000,316946.92646000,0
2026-02-24 00:00:00,0.702,0.705,0.701,0.701,784106.48,2026-02-24 00:59:59.999,551271.99769000,1315,210898.72000000,148400.14699000,0
2026-02-24 01:00:00,0.701,0.701,0.685,0.692,2535101.19,2026-02-24 01:59:59.999,1757270.11259000,7273,820497.52000000,568278.05987000,0
2026-02-24 02:00:00,0.692,0.7,0.69,0.695,800885.77,2026-02-24 02:59:59.999,557136.13007000,2666,337096.29000000,234578.52366000,0
2026-02-24 03:00:00,0.695,0.696,0.689,0.694,1061716.73,2026-02-24 03:59:59.999,735119.74297000,3666,570637.02000000,395184.36555000,0
2026-02-24 04:00:00,0.694,0.694,0.688,0.694,844516.15,2026-02-24 04:59:59.999,583604.09939000,2097,299152.61000000,206821.72419000,0
2026-02-24 05:00:00,0.693,0.696,0.69,0.694,506321.48,2026-02-24 05:59:59.999,350947.27369000,2126,270612.59000000,187652.14739000,0
2026-02-24 06:00:00,0.694,0.698,0.691,0.695,847577.08,2026-02-24 06:59:59.999,588726.21919000,1877,488715.88000000,339677.43281000,0
2026-02-24 07:00:00,0.695,0.698,0.69,0.694,635672.43,2026-02-24 07:59:59.999,441222.91181000,1768,256230.04000000,177850.95000000,0
2026-02-24 08:00:00,0.693,0.699,0.69,0.694,2938827.09,2026-02-24 08:59:59.999,2036706.67909000,4149,1139386.82000000,790151.40510000,0
2026-02-24 09:00:00,0.694,0.696,0.691,0.694,721022.72,2026-02-24 09:59:59.999,499633.47142000,1794,298207.41000000,206682.70443000,0
2026-02-24 10:00:00,0.694,0.694,0.677,0.683,4687134.11,2026-02-24 10:59:59.999,3214592.73771000,6938,1904463.82000000,1307231.64926000,0
2026-02-24 11:00:00,0.682,0.686,0.679,0.686,1193857.71,2026-02-24 11:59:59.999,815290.76350000,2922,634507.55000000,433550.88565000,0
2026-02-24 12:00:00,0.685,0.691,0.681,0.684,1687243.65,2026-02-24 12:59:59.999,1156457.68366000,4523,871739.73000000,598105.36135000,0
2026-02-24 13:00:00,0.684,0.689,0.68,0.687,2286214.19,2026-02-24 13:59:59.999,1563660.17271000,5746,1255511.73000000,859085.16386000,0
2026-02-24 14:00:00,0.687,0.696,0.682,0.692,2902725.71,2026-02-24 14:59:59.999,2001825.70079000,8264,1792541.34000000,1237037.39096000,0
2026-02-24 15:00:00,0.692,0.698,0.69,0.696,1132569.36,2026-02-24 15:59:59.999,786276.52553000,3835,662195.79000000,459792.78871000,0
2026-02-24 16:00:00,0.696,0.703,0.694,0.702,1469554.43,2026-02-24 16:59:59.999,1028864.78241000,3980,957910.39000000,670858.54121000,0
2026-02-24 17:00:00,0.702,0.705,0.697,0.697,499020.57,2026-02-24 17:59:59.999,350349.45511000,1914,260917.05000000,183318.92190000,0
2026-02-24 18:00:00,0.697,0.7,0.694,0.696,732023.23,2026-02-24 18:59:59.999,509904.75629000,2092,325390.88000000,226714.84752000,0
2026-02-24 19:00:00,0.696,0.697,0.69,0.695,592718.9,2026-02-24 19:59:59.999,411298.77065000,1879,318835.23000000,221302.16542000,0
2026-02-24 20:00:00,0.695,0.701,0.695,0.698,478973.15,2026-02-24 20:59:59.999,334261.69504000,1319,280102.91000000,195413.84707000,0
2026-02-24 21:00:00,0.698,0.699,0.694,0.697,365587.47,2026-02-24 21:59:59.999,254468.64671000,1087,164411.91000000,114490.63663000,0
2026-02-24 22:00:00,0.696,0.701,0.696,0.7,284432.01,2026-02-24 22:59:59.999,198921.87024000,1184,154825.16000000,108335.04810000,0
2026-02-24 23:00:00,0.7,0.7,0.695,0.695,317882.61,2026-02-24 23:59:59.999,221507.41223000,1096,111666.64000000,77806.22899000,0
2026-02-25 00:00:00,0.695,0.697,0.69,0.696,557472.32,2026-02-25 00:59:59.999,386606.64793000,1871,380255.66000000,263744.01501000,0
2026-02-25 01:00:00,0.695,0.717,0.695,0.706,2768166.74,2026-02-25 01:59:59.999,1962394.49418000,7997,1648823.21000000,1169317.42152000,0
2026-02-25 02:00:00,0.706,0.71,0.704,0.706,581535.78,2026-02-25 02:59:59.999,411054.44531000,1959,301629.48000000,213272.17997000,0
2026-02-25 03:00:00,0.707,0.708,0.699,0.7,531486.7,2026-02-25 03:59:59.999,373387.73701000,1592,228325.68000000,160553.65278000,0
2026-02-25 04:00:00,0.699,0.702,0.697,0.7,386920.57,2026-02-25 04:59:59.999,270649.33811000,1551,195604.93000000,136873.99230000,0
2026-02-25 05:00:00,0.699,0.7,0.691,0.697,975739.11,2026-02-25 05:59:59.999,677867.41275000,1917,381261.89000000,265046.82894000,0
2026-02-25 06:00:00,0.698,0.698,0.695,0.695,100760.53,2026-02-25 06:59:59.999,70259.04349000,468,32469.64000000,22659.61339000,0
2026-02-25 07:00:00,0.695,0.698,0.693,0.695,370821.51,2026-02-25 07:59:59.999,257707.52821000,704,175075.25000000,121768.55284000,0
2026-02-25 08:00:00,0.696,0.697,0.694,0.696,317181.74,2026-02-25 08:59:59.999,220618.16159000,768,205229.32000000,142794.75597000,0
2026-02-25 09:00:00,0.696,0.701,0.696,0.699,411147.87,2026-02-25 09:59:59.999,287224.88126000,1052,261707.46000000,182814.86190000,0
2026-02-25 10:00:00,0.699,0.7,0.69,0.692,441885.18,2026-02-25 10:59:59.999,307160.38915000,1431,192127.62000000,133598.86242000,0
2026-02-25 11:00:00,0.691,0.698,0.69,0.697,520256.1,2026-02-25 11:59:59.999,360882.62198000,1404,290047.90000000,201230.78149000,0
2026-02-25 12:00:00,0.698,0.706,0.697,0.704,1051270.15,2026-02-25 12:59:59.999,737730.71362000,2252,697551.46000000,489789.87282000,0
2026-02-25 13:00:00,0.704,0.708,0.7,0.705,1432869.75,2026-02-25 13:59:59.999,1009493.30125000,2533,740656.94000000,521862.07748000,0
2026-02-25 14:00:00,0.706,0.708,0.699,0.707,1340519.43,2026-02-25 14:59:59.999,942358.86251000,3269,637205.02000000,448448.11930000,0
2026-02-25 15:00:00,0.707,0.709,0.7,0.708,1706846.06,2026-02-25 15:59:59.999,1203447.06377000,4451,943807.66000000,665928.50129000,0
2026-02-25 16:00:00,0.708,0.719,0.707,0.718,1678552.09,2026-02-25 16:59:59.999,1196290.53996000,3896,1022747.74000000,729330.00278000,0
2026-02-25 17:00:00,0.718,0.722,0.715,0.716,2203146.14,2026-02-25 17:59:59.999,1581715.40293000,4167,870977.12000000,625860.45097000,0
2026-02-25 18:00:00,0.716,0.723,0.712,0.717,1567598.21,2026-02-25 18:59:59.999,1124033.67291000,3886,685316.76000000,491782.64917000,0
2026-02-25 19:00:00,0.716,0.717,0.71,0.717,783970.23,2026-02-25 19:59:59.999,559559.37903000,2078,240970.54000000,172212.98933000,0
2026-02-25 20:00:00,0.717,0.72,0.713,0.717,793804.62,2026-02-25 20:59:59.999,569342.30008000,2195,370104.92000000,265534.51983000,0
2026-02-25 21:00:00,0.717,0.732,0.715,0.722,1681995.33,2026-02-25 21:59:59.999,1217775.78777000,5324,919612.61000000,666194.31051000,0
2026-02-25 22:00:00,0.723,0.729,0.716,0.72,1036381.66,2026-02-25 22:59:59.999,750412.14382000,3448,520224.13000000,376911.99619000,0
2026-02-25 23:00:00,0.72,0.724,0.702,0.709,1970648.77,2026-02-25 23:59:59.999,1400238.54637000,5192,901943.90000000,640727.92934000,0
2026-02-26 00:00:00,0.709,0.711,0.701,0.703,1087171.4,2026-02-26 00:59:59.999,767823.23706000,3489,447764.53000000,316362.03918000,0
2026-02-26 01:00:00,0.703,0.708,0.701,0.701,554485.51,2026-02-26 01:59:59.999,389947.86245000,2102,208247.39000000,146565.06182000,0
2026-02-26 02:00:00,0.701,0.704,0.695,0.703,831977.52,2026-02-26 02:59:59.999,581479.49515000,2827,354752.11000000,248053.71167000,0
2026-02-26 03:00:00,0.703,0.706,0.701,0.702,582133.73,2026-02-26 03:59:59.999,409532.82306000,1516,364829.80000000,256659.94728000,0
2026-02-26 04:00:00,0.703,0.709,0.701,0.704,492278.2,2026-02-26 04:59:59.999,347322.94245000,1895,227356.23000000,160386.65452000,0
2026-02-26 05:00:00,0.704,0.708,0.7,0.705,655125.94,2026-02-26 05:59:59.999,461236.63511000,1986,287113.60000000,202241.36150000,0
2026-02-26 06:00:00,0.706,0.713,0.702,0.71,1322209.26,2026-02-26 06:59:59.999,933721.32631000,2493,846883.13000000,597997.15679000,0
2026-02-26 07:00:00,0.71,0.711,0.703,0.703,723734.92,2026-02-26 07:59:59.999,511769.53393000,1641,229176.11000000,162165.71069000,0
2026-02-26 08:00:00,0.703,0.714,0.703,0.71,795600.73,2026-02-26 08:59:59.999,564643.34976000,2165,529132.54000000,375874.27700000,0
2026-02-26 09:00:00,0.71,0.723,0.709,0.718,984466.05,2026-02-26 09:59:59.999,705296.18169000,2546,703750.66000000,504242.70754000,0
2026-02-26 10:00:00,0.718,0.718,0.709,0.711,665181.22,2026-02-26 10:59:59.999,474336.14528000,1832,369806.55000000,263842.54360000,0
2026-02-26 11:00:00,0.71,0.715,0.705,0.706,759184.13,2026-02-26 11:59:59.999,538762.92320000,1841,365709.38000000,259710.59476000,0
2026-02-26 12:00:00,0.705,0.711,0.704,0.711,643327.6,2026-02-26 12:59:59.999,456090.09452000,2103,303603.67000000,215342.41803000,0
2026-02-26 13:00:00,0.711,0.712,0.701,0.703,1433090.79,2026-02-26 13:59:59.999,1012889.91508000,2998,604389.27000000,427335.81381000,0
2026-02-26 14:00:00,0.703,0.708,0.697,0.703,1780395.59,2026-02-26 14:59:59.999,1251092.35848000,4908,729145.71000000,512508.61263000,0
2026-02-26 15:00:00,0.703,0.704,0.694,0.701,2129201.26,2026-02-26 15:59:59.999,1489853.80125000,6347,1063339.45000000,744902.41231000,0
2026-02-26 16:00:00,0.701,0.702,0.686,0.689,2181735.31,2026-02-26 16:59:59.999,1508712.59829000,5681,910856.38000000,629798.87898000,0
2026-02-26 17:00:00,0.689,0.696,0.688,0.693,1171391.3,2026-02-26 17:59:59.999,810771.09008000,3754,607814.93000000,420662.01048000,0
2026-02-26 18:00:00,0.693,0.7,0.69,0.698,849128.02,2026-02-26 18:59:59.999,589972.49441000,2048,463658.59000000,322296.26237000,0
2026-02-26 19:00:00,0.697,0.705,0.697,0.701,980741.62,2026-02-26 19:59:59.999,688430.09680000,2261,615404.02000000,432102.88563000,0
2026-02-26 20:00:00,0.701,0.703,0.697,0.7,701783.55,2026-02-26 20:59:59.999,491254.49060000,1340,438653.24000000,307074.65646000,0
2026-02-26 21:00:00,0.7,0.705,0.699,0.704,225245.75,2026-02-26 21:59:59.999,158250.53604000,818,129802.49000000,91215.07306000,0
2026-02-26 22:00:00,0.704,0.705,0.698,0.701,501284.49,2026-02-26 22:59:59.999,351157.47417000,1059,145398.13000000,101931.20283000,0
2026-02-26 23:00:00,0.702,0.702,0.696,0.697,626351.35,2026-02-26 23:59:59.999,437352.21671000,997,230783.73000000,161220.37105000,0
2026-02-27 00:00:00,0.697,0.7,0.694,0.698,944316.61,2026-02-27 00:59:59.999,658464.11998000,2066,513182.36000000,357855.04303000,0
2026-02-27 01:00:00,0.698,0.698,0.691,0.695,811650.37,2026-02-27 01:59:59.999,563180.35158000,1911,422274.66000000,293043.89368000,0
2026-02-27 02:00:00,0.695,0.701,0.693,0.698,514469.44,2026-02-27 02:59:59.999,358848.03176000,1227,314710.94000000,219488.05146000,0
2026-02-27 03:00:00,0.697,0.703,0.696,0.701,485405.44,2026-02-27 03:59:59.999,339149.09097000,1038,244083.42000000,170798.50534000,0
2026-02-27 04:00:00,0.7,0.711,0.7,0.709,1418047.56,2026-02-27 04:59:59.999,1002972.91000000,2685,899565.66000000,636222.52734000,0
2026-02-27 05:00:00,0.709,0.715,0.707,0.708,920702.87,2026-02-27 05:59:59.999,653994.00792000,2154,381063.97000000,270877.59731000,0
2026-02-27 06:00:00,0.708,0.709,0.701,0.702,559427.28,2026-02-27 06:59:59.999,393711.04737000,1398,162332.38000000,114222.19336000,0
2026-02-27 07:00:00,0.702,0.704,0.698,0.703,406986.89,2026-02-27 07:59:59.999,285294.30022000,1529,167573.43000000,117514.52567000,0
2026-02-27 08:00:00,0.703,0.706,0.698,0.701,293525.81,2026-02-27 08:59:59.999,205934.81669000,1300,165211.47000000,115971.28898000,0
2026-02-27 09:00:00,0.702,0.703,0.695,0.696,260836.48,2026-02-27 09:59:59.999,182213.85808000,1105,91295.40000000,63814.39126000,0
2026-02-27 10:00:00,0.696,0.697,0.689,0.692,1338973.7,2026-02-27 10:59:59.999,927434.76868000,3196,645017.18000000,447044.10826000,0
2026-02-27 11:00:00,0.691,0.696,0.689,0.695,1537707.76,2026-02-27 11:59:59.999,1065103.65927000,4877,935866.51000000,648575.38588000,0
2026-02-27 12:00:00,0.694,0.698,0.693,0.695,845626.05,2026-02-27 12:59:59.999,587456.28315000,2978,447035.55000000,310614.60110000,0
2026-02-27 13:00:00,0.696,0.701,0.691,0.7,1606240.11,2026-02-27 13:59:59.999,1119730.70242000,4136,707273.39000000,493362.33510000,0
2026-02-27 14:00:00,0.699,0.701,0.684,0.685,1167209.83,2026-02-27 14:59:59.999,807902.81751000,3850,440228.68000000,305173.04240000,0
2026-02-27 15:00:00,0.685,0.693,0.685,0.69,2783404.74,2026-02-27 15:59:59.999,1920320.90430000,6149,1546121.46000000,1066943.31466000,0
2026-02-27 16:00:00,0.689,0.691,0.685,0.687,1892529.89,2026-02-27 16:59:59.999,1303684.96370000,3972,1177063.69000000,811441.32254000,0
2026-02-27 17:00:00,0.687,0.695,0.684,0.695,1812402.55,2026-02-27 17:59:59.999,1249149.52502000,4519,1125870.10000000,776567.29792000,0
2026-02-27 18:00:00,0.695,0.697,0.688,0.689,617296.36,2026-02-27 18:59:59.999,427052.72049000,1622,269106.30000000,186153.82955000,0
2026-02-27 19:00:00,0.689,0.69,0.685,0.689,532901.64,2026-02-27 19:59:59.999,365833.07792000,1167,153421.56000000,105410.92360000,0
2026-02-27 20:00:00,0.69,0.693,0.688,0.693,272666.47,2026-02-27 20:59:59.999,188332.35420000,980,130941.45000000,90401.55157000,0
2026-02-27 21:00:00,0.692,0.696,0.691,0.692,419044.26,2026-02-27 21:59:59.999,290375.58512000,1122,223190.28000000,154688.17865000,0
2026-02-27 22:00:00,0.693,0.696,0.688,0.695,754567.89,2026-02-27 22:59:59.999,522299.98988000,1792,327458.93000000,226712.48391000,0
2026-02-27 23:00:00,0.696,0.707,0.695,0.703,900169.23,2026-02-27 23:59:59.999,632277.70634000,2401,580149.70000000,407747.61976000,0
2026-02-28 00:00:00,0.703,0.704,0.698,0.703,689395.72,2026-02-28 00:59:59.999,482964.70332000,1921,251237.59000000,175997.05293000,0
2026-02-28 01:00:00,0.703,0.704,0.696,0.698,460173.79,2026-02-28 01:59:59.999,321406.70176000,1119,139956.99000000,97846.39831000,0
2026-02-28 02:00:00,0.698,0.703,0.697,0.702,257479.2,2026-02-28 02:59:59.999,180462.61024000,702,172985.47000000,121283.53848000,0
2026-02-28 03:00:00,0.702,0.703,0.694,0.696,317318.35,2026-02-28 03:59:59.999,221278.54612000,1021,119206.71000000,83095.33585000,0
2026-02-28 04:00:00,0.697,0.697,0.691,0.695,227363.82,2026-02-28 04:59:59.999,157822.32328000,797,74536.59000000,51781.01572000,0
2026-02-28 05:00:00,0.695,0.696,0.693,0.695,205497.23,2026-02-28 05:59:59.999,142686.20105000,690,81973.11000000,56940.79371000,0
2026-02-28 06:00:00,0.694,0.696,0.665,0.676,4999069.94,2026-02-28 06:59:59.999,3388632.14381000,16638,2172638.61000000,1472402.53036000,0
2026-02-28 07:00:00,0.675,0.698,0.671,0.687,2709890.25,2026-02-28 07:59:59.999,1854820.69975000,10144,1478542.42000000,1012305.24903000,0
2026-02-28 08:00:00,0.687,0.688,0.681,0.685,1364177.88,2026-02-28 08:59:59.999,934306.74092000,4827,768648.70000000,526550.05341000,0
2026-02-28 09:00:00,0.685,0.692,0.683,0.69,1412486.27,2026-02-28 09:59:59.999,971705.42603000,5594,811088.18000000,558132.39989000,0
2026-02-28 10:00:00,0.69,0.693,0.684,0.689,1964625.01,2026-02-28 10:59:59.999,1353497.77094000,7257,1112714.35000000,766737.15720000,0
2026-02-28 11:00:00,0.689,0.693,0.682,0.683,1954813.15,2026-02-28 11:59:59.999,1344530.74576000,6014,1003588.42000000,690614.40597000,0
2026-02-28 12:00:00,0.683,0.688,0.682,0.687,1248418.69,2026-02-28 12:59:59.999,855274.78764000,4466,650549.96000000,445896.43430000,0
2026-02-28 13:00:00,0.687,0.7,0.683,0.698,2535063.62,2026-02-28 13:59:59.999,1755360.61227000,8790,1448562.85000000,1003260.40807000,0
2026-02-28 14:00:00,0.699,0.703,0.692,0.694,1901759.51,2026-02-28 14:59:59.999,1327346.10606000,5427,1063712.24000000,742652.02474000,0
2026-02-28 15:00:00,0.694,0.703,0.693,0.702,1187188.72,2026-02-28 15:59:59.999,829543.07034000,2955,757185.54000000,529006.81915000,0
2026-02-28 16:00:00,0.702,0.702,0.696,0.698,465636.13,2026-02-28 16:59:59.999,325841.74832000,1521,283550.35000000,198462.92670000,0
2026-02-28 17:00:00,0.699,0.703,0.695,0.702,612609.07,2026-02-28 17:59:59.999,427836.68327000,2193,299081.01000000,209020.46433000,0
2026-02-28 18:00:00,0.702,0.71,0.699,0.708,991596.74,2026-02-28 18:59:59.999,698053.63663000,2820,529782.89000000,373299.25199000,0
2026-02-28 19:00:00,0.709,0.713,0.704,0.706,1190434.37,2026-02-28 19:59:59.999,842936.59503000,3430,455602.95000000,322944.66039000,0
2026-02-28 20:00:00,0.706,0.716,0.705,0.714,753616.81,2026-02-28 20:59:59.999,535396.46228000,2635,362727.71000000,258065.99728000,0
2026-02-28 21:00:00,0.715,0.716,0.708,0.713,597297.16,2026-02-28 21:59:59.999,425139.09528000,2066,305719.78000000,217713.79239000,0
2026-02-28 22:00:00,0.714,0.721,0.713,0.715,788454.51,2026-02-28 22:59:59.999,565399.17385000,2520,463342.99000000,332397.21434000,0
2026-02-28 23:00:00,0.716,0.724,0.714,0.722,873416.25,2026-02-28 23:59:59.999,628369.97537000,2201,416599.14000000,300090.72159000,0
2026-03-01 00:00:00,0.723,0.725,0.714,0.715,981820.73,2026-03-01 00:59:59.999,706314.20215000,2457,313503.16000000,225816.34700000,0
2026-03-01 01:00:00,0.715,0.725,0.71,0.722,1208159.38,2026-03-01 01:59:59.999,866858.40524000,3907,618798.17000000,444914.79279000,0
2026-03-01 02:00:00,0.722,0.739,0.722,0.728,2827376.95,2026-03-01 02:59:59.999,2070505.97161000,7600,1865533.93000000,1366699.94138000,0
2026-03-01 03:00:00,0.728,0.736,0.727,0.728,1024444.85,2026-03-01 03:59:59.999,749263.11725000,3035,483194.85000000,353605.25938000,0
2026-03-01 04:00:00,0.729,0.732,0.723,0.727,1135293.26,2026-03-01 04:59:59.999,825863.93981000,2651,537370.28000000,390900.24898000,0
2026-03-01 05:00:00,0.728,0.732,0.726,0.73,281624.74,2026-03-01 05:59:59.999,205247.23941000,1042,128176.99000000,93501.50545000,0
2026-03-01 06:00:00,0.73,0.731,0.722,0.725,702259.63,2026-03-01 06:59:59.999,509197.61121000,2001,209773.12000000,152160.49669000,0
2026-03-01 07:00:00,0.726,0.726,0.72,0.722,486275.3,2026-03-01 07:59:59.999,351277.11150000,1101,119549.50000000,86378.42132000,0
2026-03-01 08:00:00,0.722,0.722,0.712,0.713,1229495.31,2026-03-01 08:59:59.999,881621.00110000,3224,639489.10000000,458998.15030000,0
2026-03-01 09:00:00,0.713,0.719,0.711,0.714,661747.04,2026-03-01 09:59:59.999,473086.79531000,2078,334400.48000000,239201.46692000,0
2026-03-01 10:00:00,0.714,0.721,0.711,0.719,1023610.39,2026-03-01 10:59:59.999,734037.93838000,2299,633549.85000000,454563.62557000,0
2026-03-01 11:00:00,0.719,0.719,0.712,0.713,838175.68,2026-03-01 11:59:59.999,598929.95631000,1469,370612.08000000,264931.69267000,0
2026-03-01 12:00:00,0.713,0.713,0.706,0.707,550628.33,2026-03-01 12:59:59.999,390822.57990000,1402,291417.64000000,206800.62949000,0
2026-03-01 13:00:00,0.707,0.719,0.699,0.713,4826274.98,2026-03-01 13:59:59.999,3440065.85086000,6533,1648719.78000000,1172024.39737000,0
2026-03-01 14:00:00,0.714,0.716,0.708,0.712,664477.12,2026-03-01 14:59:59.999,473290.04519000,2640,344421.21000000,245362.15274000,0
2026-03-01 15:00:00,0.712,0.722,0.711,0.716,878488.52,2026-03-01 15:59:59.999,630116.60233000,2235,449512.48000000,322676.76077000,0
2026-03-01 16:00:00,0.717,0.724,0.715,0.718,1156558.69,2026-03-01 16:59:59.999,832843.09561000,3893,578009.03000000,416324.44107000,0
2026-03-01 17:00:00,0.718,0.718,0.708,0.708,775014.46,2026-03-01 17:59:59.999,551661.41037000,2715,265454.35000000,189032.07678000,0
2026-03-01 18:00:00,0.708,0.715,0.708,0.711,535316.5,2026-03-01 18:59:59.999,381417.41232000,1891,274531.72000000,195659.33817000,0
2026-03-01 19:00:00,0.711,0.711,0.703,0.706,672451.23,2026-03-01 19:59:59.999,475441.28785000,1731,360288.68000000,254796.68385000,0
2026-03-01 20:00:00,0.706,0.708,0.698,0.699,1983482.05,2026-03-01 20:59:59.999,1390355.10813000,4077,631052.12000000,442519.44852000,0
2026-03-01 21:00:00,0.7,0.706,0.699,0.704,372858.17,2026-03-01 21:59:59.999,261984.11664000,1438,176937.83000000,124293.24241000,0
2026-03-01 22:00:00,0.704,0.712,0.701,0.702,1335646.49,2026-03-01 22:59:59.999,943176.66039000,3806,765821.26000000,540868.33844000,0
2026-03-01 23:00:00,0.702,0.71,0.701,0.71,779349.02,2026-03-01 23:59:59.999,550927.52868000,1625,582919.65000000,411998.25468000,0
2026-03-02 00:00:00,0.709,0.718,0.709,0.715,1085516.56,2026-03-02 00:59:59.999,774419.26575000,2860,645276.44000000,460315.02877000,0
2026-03-02 01:00:00,0.714,0.72,0.712,0.712,707522.84,2026-03-02 01:59:59.999,506069.41585000,2080,271396.67000000,194141.06372000,0
2026-03-02 02:00:00,0.712,0.713,0.705,0.705,651452.62,2026-03-02 02:59:59.999,460727.12050000,1899,175871.35000000,124388.18088000,0
2026-03-02 03:00:00,0.705,0.708,0.701,0.706,925750.03,2026-03-02 03:59:59.999,653147.96189000,2041,557853.77000000,393843.87128000,0
2026-03-02 04:00:00,0.707,0.707,0.704,0.705,399406.83,2026-03-02 04:59:59.999,281916.45961000,885,141541.14000000,99909.27496000,0
2026-03-02 05:00:00,0.705,0.707,0.702,0.703,359867.21,2026-03-02 05:59:59.999,253324.33228000,947,162308.19000000,114272.34668000,0
2026-03-02 06:00:00,0.703,0.703,0.694,0.696,845831.38,2026-03-02 06:59:59.999,589295.43568000,1920,262387.21000000,182667.68667000,0
2026-03-02 07:00:00,0.696,0.698,0.69,0.698,968715.05,2026-03-02 07:59:59.999,670684.82707000,1921,334867.64000000,232066.81787000,0
2026-03-02 08:00:00,0.697,0.7,0.692,0.699,645840.26,2026-03-02 08:59:59.999,448937.77715000,1758,259205.57000000,180312.26101000,0
2026-03-02 09:00:00,0.699,0.703,0.697,0.698,635605.78,2026-03-02 09:59:59.999,444875.13620000,1451,254650.68000000,178333.14827000,0
2026-03-02 10:00:00,0.698,0.701,0.696,0.701,407698.03,2026-03-02 10:59:59.999,284512.86532000,821,153603.61000000,107206.46703000,0
2026-03-02 11:00:00,0.7,0.703,0.698,0.702,416635.73,2026-03-02 11:59:59.999,291833.56812000,987,190379.14000000,133364.27794000,0
2026-03-02 12:00:00,0.701,0.702,0.696,0.697,492230.33,2026-03-02 12:59:59.999,343127.77599000,800,210541.42000000,146815.05818000,0
2026-03-02 13:00:00,0.697,0.698,0.693,0.693,1179851.72,2026-03-02 13:59:59.999,820820.73302000,1678,502053.82000000,349451.16109000,0
2026-03-02 14:00:00,0.693,0.71,0.691,0.707,2246152.3,2026-03-02 14:59:59.999,1579010.81508000,4650,1317179.21000000,926356.85014000,0
2026-03-02 15:00:00,0.706,0.72,0.705,0.714,3442128.99,2026-03-02 15:59:59.999,2459687.18367000,6770,1894284.95000000,1353751.93508000,0
2026-03-02 16:00:00,0.715,0.724,0.71,0.714,4311768.57,2026-03-02 16:59:59.999,3089315.05235000,7512,2126297.09000000,1524818.88374000,0
2026-03-02 17:00:00,0.715,0.717,0.705,0.713,1383291.77,2026-03-02 17:59:59.999,985914.05739000,2855,612324.75000000,436633.07448000,0
2026-03-02 18:00:00,0.713,0.713,0.694,0.697,7484166.33,2026-03-02 18:59:59.999,5251391.41633000,9074,2227326.30000000,1563195.82547000,0
2026-03-02 19:00:00,0.697,0.697,0.67,0.679,13817381.05,2026-03-02 19:59:59.999,9459025.93192000,19713,6109539.94000000,4183448.64804000,0
2026-03-02 20:00:00,0.679,0.688,0.678,0.684,3335037.75,2026-03-02 20:59:59.999,2278659.59096000,4660,1888494.28000000,1290479.60155000,0
2026-03-02 21:00:00,0.684,0.696,0.682,0.695,2136416.28,2026-03-02 21:59:59.999,1475555.81492000,3039,1434812.15000000,991768.60843000,0
2026-03-02 22:00:00,0.695,0.699,0.694,0.696,946468.67,2026-03-02 22:59:59.999,659011.18599000,1302,471400.01000000,328338.88927000,0
2026-03-02 23:00:00,0.696,0.697,0.692,0.695,1220580.23,2026-03-02 23:59:59.999,846989.67294000,1954,557486.09000000,386932.33584000,0
2026-03-03 00:00:00,0.694,0.7,0.693,0.695,900710.35,2026-03-03 00:59:59.999,627275.88825000,1733,487871.82000000,339835.89832000,0
2026-03-03 01:00:00,0.695,0.701,0.693,0.699,734311.28,2026-03-03 01:59:59.999,511308.51275000,1545,345245.36000000,240549.31518000,0
2026-03-03 02:00:00,0.698,0.706,0.695,0.703,894470.49,2026-03-03 02:59:59.999,625791.87591000,1923,481025.44000000,336651.93169000,0
2026-03-03 03:00:00,0.704,0.705,0.7,0.702,584377.76,2026-03-03 03:59:59.999,410498.88856000,948,314746.71000000,221149.12399000,0
2026-03-03 04:00:00,0.703,0.706,0.695,0.697,788650.96,2026-03-03 04:59:59.999,552229.33036000,1481,387025.26000000,270953.82945000,0
2026-03-03 05:00:00,0.696,0.703,0.693,0.697,742616.53,2026-03-03 05:59:59.999,518317.41178000,1647,315691.28000000,220366.75440000,0
2026-03-03 06:00:00,0.697,0.699,0.694,0.696,396480.31,2026-03-03 06:59:59.999,276084.41538000,1085,189695.84000000,132082.93484000,0
2026-03-03 07:00:00,0.696,0.7,0.696,0.696,288558.04,2026-03-03 07:59:59.999,201255.09799000,829,120991.05000000,84386.25411000,0
2026-03-03 08:00:00,0.696,0.697,0.689,0.69,1207455.84,2026-03-03 08:59:59.999,835565.38213000,2301,512053.41000000,354320.47854000,0
2026-03-03 09:00:00,0.69,0.695,0.688,0.693,1076993.53,2026-03-03 09:59:59.999,744896.33166000,2482,445111.40000000,307884.26490000,0
2026-03-03 10:00:00,0.692,0.699,0.689,0.697,815370.35,2026-03-03 10:59:59.999,565472.62380000,2368,443089.89000000,307365.46525000,0
2026-03-03 11:00:00,0.697,0.7,0.696,0.699,684812.31,2026-03-03 11:59:59.999,478013.45293000,1437,362861.26000000,253292.08866000,0
2026-03-03 12:00:00,0.699,0.703,0.695,0.696,773879.48,2026-03-03 12:59:59.999,540392.80695000,1807,435932.86000000,304640.93629000,0
2026-03-03 13:00:00,0.696,0.698,0.693,0.697,420213.49,2026-03-03 13:59:59.999,292018.84306000,1100,209444.73000000,145584.91230000,0
2026-03-03 14:00:00,0.696,0.703,0.692,0.695,1201312.43,2026-03-03 14:59:59.999,839242.78930000,3332,734493.71000000,513454.93167000,0
2026-03-03 15:00:00,0.695,0.704,0.693,0.698,512260.12,2026-03-03 15:59:59.999,357884.32631000,2920,260211.07000000,181733.20809000,0
2026-03-03 16:00:00,0.699,0.706,0.696,0.7,911532.17,2026-03-03 16:59:59.999,639772.41192000,4060,506192.16000000,355583.75573000,0
2026-03-03 17:00:00,0.7,0.7,0.693,0.698,558326.4,2026-03-03 17:59:59.999,388618.15472000,1909,243868.59000000,169777.87974000,0
2026-03-03 18:00:00,0.699,0.702,0.696,0.699,435016.74,2026-03-03 18:59:59.999,304164.95088000,1303,231403.59000000,161829.43797000,0
2026-03-03 19:00:00,0.7,0.7,0.694,0.695,330927.52,2026-03-03 19:59:59.999,230511.48715000,1099,180584.96000000,125769.83487000,0
2026-03-03 20:00:00,0.695,0.696,0.692,0.695,282388.2,2026-03-03 20:59:59.999,196130.85680000,788,108804.03000000,75594.88784000,0
2026-03-03 21:00:00,0.695,0.695,0.692,0.695,194613.43,2026-03-03 21:59:59.999,135040.92930000,687,96949.58000000,67308.89386000,0
2026-03-03 22:00:00,0.695,0.697,0.692,0.695,496541.22,2026-03-03 22:59:59.999,344933.41395000,1319,299474.05000000,208051.58500000,0
2026-03-03 23:00:00,0.694,0.699,0.694,0.696,510157.47,2026-03-03 23:59:59.999,355750.30883000,1025,220334.54000000,153693.31327000,0
2026-03-04 00:00:00,0.696,0.7,0.694,0.696,537035.47,2026-03-04 00:59:59.999,374198.29983000,1085,175262.51000000,122177.49711000,0
2026-03-04 01:00:00,0.697,0.701,0.695,0.696,541737.74,2026-03-04 01:59:59.999,377827.23373000,1094,315681.76000000,220234.46013000,0
2026-03-04 02:00:00,0.697,0.7,0.695,0.7,236430.48,2026-03-04 02:59:59.999,164932.65144000,533,142641.01000000,99531.68819000,0
2026-03-04 03:00:00,0.699,0.701,0.694,0.698,537795.98,2026-03-04 03:59:59.999,375000.26709000,1276,268327.29000000,187119.26147000,0
2026-03-04 04:00:00,0.698,0.698,0.695,0.696,193532.59,2026-03-04 04:59:59.999,134782.55089000,478,102728.36000000,71572.56365000,0
2026-03-04 05:00:00,0.697,0.7,0.694,0.698,232175.12,2026-03-04 05:59:59.999,161889.22092000,699,127521.40000000,88945.23580000,0
2026-03-04 06:00:00,0.698,0.699,0.696,0.697,200184.08,2026-03-04 06:59:59.999,139609.07122000,436,81393.76000000,56767.79153000,0
2026-03-04 07:00:00,0.696,0.704,0.696,0.703,751873.14,2026-03-04 07:59:59.999,525764.32204000,1362,336597.40000000,235436.29885000,0
2026-03-04 08:00:00,0.703,0.71,0.697,0.709,1316449.91,2026-03-04 08:59:59.999,927386.18476000,2968,839633.61000000,591954.19220000,0
2026-03-04 09:00:00,0.709,0.715,0.706,0.71,2305119.89,2026-03-04 09:59:59.999,1637383.96225000,4724,1170395.74000000,831375.59133000,0
2026-03-04 10:00:00,0.71,0.711,0.705,0.709,1108447.21,2026-03-04 10:59:59.999,785112.50611000,2334,420251.51000000,297841.68244000,0
2026-03-04 11:00:00,0.709,0.711,0.706,0.71,856163.57,2026-03-04 11:59:59.999,607050.47168000,1479,396313.76000000,281045.37371000,0
2026-03-04 12:00:00,0.71,0.724,0.709,0.722,1917331.5,2026-03-04 12:59:59.999,1375031.67836000,3732,1147594.48000000,823530.22374000,0
2026-03-04 13:00:00,0.722,0.726,0.713,0.717,2089505.85,2026-03-04 13:59:59.999,1502389.41507000,3687,950094.09000000,683763.68061000,0
2026-03-04 14:00:00,0.717,0.723,0.712,0.713,2065666.49,2026-03-04 14:59:59.999,1480635.95278000,4108,1085418.43000000,778571.12401000,0
2026-03-04 15:00:00,0.714,0.728,0.712,0.727,2848793.6,2026-03-04 15:59:59.999,2047286.24257000,4496,1637306.21000000,1177289.43484000,0
2026-03-04 16:00:00,0.728,0.732,0.718,0.729,2375979.77,2026-03-04 16:59:59.999,1723442.08211000,4727,1285165.31000000,933114.46138000,0
2026-03-04 17:00:00,0.729,0.734,0.723,0.724,1718148.55,2026-03-04 17:59:59.999,1251820.60935000,2912,959935.65000000,700143.98557000,0
2026-03-04 18:00:00,0.724,0.731,0.724,0.729,847547.89,2026-03-04 18:59:59.999,616682.30439000,1526,433672.22000000,315552.80307000,0
2026-03-04 19:00:00,0.73,0.733,0.725,0.729,827522.53,2026-03-04 19:59:59.999,604284.43853000,2269,423849.29000000,309572.21694000,0
2026-03-04 20:00:00,0.729,0.729,0.719,0.72,1052723.24,2026-03-04 20:59:59.999,761325.53596000,2403,480005.42000000,347092.30849000,0
2026-03-04 21:00:00,0.72,0.723,0.717,0.723,379084.86,2026-03-04 21:59:59.999,272884.25453000,874,198143.48000000,142777.42323000,0
2026-03-04 22:00:00,0.723,0.725,0.716,0.718,496559.31,2026-03-04 22:59:59.999,357775.63934000,1309,223652.71000000,161168.84355000,0
2026-03-04 23:00:00,0.717,0.722,0.715,0.721,802804.87,2026-03-04 23:59:59.999,577542.03156000,1508,511562.91000000,368054.32945000,0
2026-03-05 00:00:00,0.721,0.722,0.717,0.719,784706.84,2026-03-05 00:59:59.999,564431.57191000,1310,469103.72000000,337455.10979000,0
2026-03-05 01:00:00,0.718,0.721,0.71,0.712,1164158.27,2026-03-05 01:59:59.999,832079.48806000,1895,315863.95000000,225693.57772000,0
2026-03-05 02:00:00,0.711,0.715,0.711,0.714,610500.81,2026-03-05 02:59:59.999,435494.91472000,1101,234511.28000000,167403.09817000,0
2026-03-05 03:00:00,0.714,0.718,0.714,0.716,416983.03,2026-03-05 03:59:59.999,298368.67928000,704,177118.95000000,126743.71885000,0
2026-03-05 04:00:00,0.716,0.72,0.715,0.72,477119.9,2026-03-05 04:59:59.999,342216.36537000,994,271829.79000000,195036.77354000,0
2026-03-05 05:00:00,0.72,0.722,0.716,0.717,713525.69,2026-03-05 05:59:59.999,512859.29275000,1162,325684.21000000,234239.11148000,0
2026-03-05 06:00:00,0.717,0.722,0.711,0.722,958684.35,2026-03-05 06:59:59.999,687149.03047000,1682,469960.91000000,336907.88993000,0
2026-03-05 07:00:00,0.722,0.725,0.714,0.716,881906.64,2026-03-05 07:59:59.999,634834.09853000,1847,438404.43000000,315997.42850000,0
2026-03-05 08:00:00,0.716,0.721,0.713,0.721,902756.97,2026-03-05 08:59:59.999,647577.03246000,1445,453892.36000000,325892.28456000,0
2026-03-05 09:00:00,0.721,0.726,0.72,0.722,1245100.11,2026-03-05 09:59:59.999,900791.35822000,2444,679415.06000000,491710.22252000,0
2026-03-05 10:00:00,0.722,0.738,0.72,0.737,1951911.8,2026-03-05 10:59:59.999,1424713.29150000,4409,1295229.14000000,945349.10962000,0
2026-03-05 11:00:00,0.737,0.762,0.736,0.752,9272333.44,2026-03-05 11:59:59.999,6960728.47530000,24834,5192017.05000000,3901125.53128000,0
2026-03-05 12:00:00,0.753,0.764,0.748,0.757,4173965.99,2026-03-05 12:59:59.999,3154784.51952000,11500,2189107.58000000,1656613.46198000,0
2026-03-05 13:00:00,0.757,0.767,0.732,0.737,4689335.33,2026-03-05 13:59:59.999,3506151.81730000,11233,2231309.01000000,1672137.80710000,0
2026-03-05 14:00:00,0.738,0.74,0.726,0.732,4056695.56,2026-03-05 14:59:59.999,2974765.87270000,12088,1851393.50000000,1358433.93341000,0
2026-03-05 15:00:00,0.733,0.739,0.725,0.734,3769398.79,2026-03-05 15:59:59.999,2759779.47427000,9672,1741557.24000000,1276283.59040000,0
2026-03-05 16:00:00,0.735,0.735,0.719,0.727,2459331.6,2026-03-05 16:59:59.999,1784617.34370000,5856,1043296.92000000,758254.44400000,0
2026-03-05 17:00:00,0.727,0.728,0.713,0.713,1346425.17,2026-03-05 17:59:59.999,968830.04435000,4455,612304.24000000,440859.96444000,0
2026-03-05 18:00:00,0.714,0.714,0.703,0.706,2878968.38,2026-03-05 18:59:59.999,2034800.09326000,6300,1371903.47000000,969674.97853000,0
2026-03-05 19:00:00,0.706,0.711,0.706,0.708,734502.75,2026-03-05 19:59:59.999,520421.63187000,1951,286306.54000000,202869.67749000,0
2026-03-05 20:00:00,0.707,0.713,0.706,0.709,591056.2,2026-03-05 20:59:59.999,419792.49863000,2131,263054.02000000,186852.68880000,0
2026-03-05 21:00:00,0.709,0.714,0.705,0.708,1092981.03,2026-03-05 21:59:59.999,774347.65546000,2465,394689.95000000,280032.56957000,0
2026-03-05 22:00:00,0.709,0.711,0.706,0.709,775878.62,2026-03-05 22:59:59.999,549404.96026000,1503,307663.67000000,218035.15057000,0
2026-03-05 23:00:00,0.709,0.71,0.702,0.705,712649.26,2026-03-05 23:59:59.999,503445.88268000,2044,324158.18000000,229105.84175000,0
2026-03-06 00:00:00,0.704,0.705,0.694,0.698,1660481.75,2026-03-06 00:59:59.999,1158854.97527000,3388,657486.02000000,458963.66320000,0
2026-03-06 01:00:00,0.698,0.704,0.694,0.704,1378964.33,2026-03-06 01:59:59.999,961254.21226000,2122,548319.66000000,382926.66840000,0
2026-03-06 02:00:00,0.703,0.706,0.7,0.706,493154.5,2026-03-06 02:59:59.999,346630.89228000,1184,300245.64000000,211201.02055000,0
2026-03-06 03:00:00,0.705,0.709,0.701,0.703,781709.2,2026-03-06 03:59:59.999,550182.96265000,1550,461830.48000000,324969.64067000,0
2026-03-06 04:00:00,0.703,0.705,0.699,0.705,1056018.26,2026-03-06 04:59:59.999,740904.59812000,1965,576804.60000000,404807.35036000,0
2026-03-06 05:00:00,0.704,0.704,0.698,0.703,845473.97,2026-03-06 05:59:59.999,593444.70376000,1605,482074.08000000,338597.08002000,0
2026-03-06 06:00:00,0.702,0.715,0.701,0.71,1080234.24,2026-03-06 06:59:59.999,764742.62353000,2616,695816.01000000,492733.92648000,0
2026-03-06 07:00:00,0.71,0.713,0.708,0.712,667776.37,2026-03-06 07:59:59.999,474294.28002000,2085,362420.89000000,257522.34994000,0
2026-03-06 08:00:00,0.712,0.713,0.706,0.707,522036.8,2026-03-06 08:59:59.999,369761.49252000,1607,251610.27000000,178206.64638000,0
2026-03-06 09:00:00,0.708,0.709,0.697,0.701,904940.41,2026-03-06 09:59:59.999,634620.75076000,2364,297184.76000000,208520.10854000,0
2026-03-06 10:00:00,0.701,0.706,0.699,0.705,1173230.45,2026-03-06 10:59:59.999,823112.71805000,2896,485907.10000000,341119.14867000,0
2026-03-06 11:00:00,0.705,0.705,0.698,0.7,909408.38,2026-03-06 11:59:59.999,637128.60246000,2503,260524.89000000,182583.07414000,0
2026-03-06 12:00:00,0.7,0.701,0.696,0.701,1093049.6,2026-03-06 12:59:59.999,763723.56576000,2714,464474.44000000,324696.99249000,0
2026-03-06 13:00:00,0.701,0.704,0.687,0.689,2370274.68,2026-03-06 13:59:59.999,1648764.12631000,5358,718545.69000000,500955.22565000,0
2026-03-06 14:00:00,0.689,0.696,0.686,0.691,2517345.96,2026-03-06 14:59:59.999,1737109.00978000,6578,1129558.94000000,779617.82840000,0
2026-03-06 15:00:00,0.69,0.697,0.687,0.691,1803727.44,2026-03-06 15:59:59.999,1248175.94881000,3462,876377.51000000,606747.44551000,0
2026-03-06 16:00:00,0.691,0.694,0.687,0.692,710757.8,2026-03-06 16:59:59.999,490671.88024000,2077,351475.83000000,242691.48660000,0
2026-03-06 17:00:00,0.692,0.695,0.688,0.695,1050216.3,2026-03-06 17:59:59.999,725753.66093000,2351,589968.48000000,407782.76771000,0
2026-03-06 18:00:00,0.694,0.703,0.694,0.701,879052.86,2026-03-06 18:59:59.999,614003.37036000,2028,538028.62000000,375735.47416000,0
2026-03-06 19:00:00,0.701,0.705,0.7,0.701,504207.46,2026-03-06 19:59:59.999,354339.35565000,1176,281937.86000000,198193.41169000,0
2026-03-06 20:00:00,0.7,0.705,0.699,0.701,486678.35,2026-03-06 20:59:59.999,341652.60731000,1254,222479.46000000,156262.91464000,0
2026-03-06 21:00:00,0.701,0.705,0.701,0.702,518920.75,2026-03-06 21:59:59.999,364493.11756000,1238,214918.99000000,151023.75576000,0
2026-03-06 22:00:00,0.703,0.705,0.7,0.701,1007142.87,2026-03-06 22:59:59.999,707152.28022000,2123,554609.67000000,389545.53443000,0
2026-03-06 23:00:00,0.701,0.703,0.699,0.701,413159.41,2026-03-06 23:59:59.999,289626.13461000,654,131429.88000000,92140.04612000,0
2026-03-07 00:00:00,0.702,0.705,0.699,0.703,465044.04,2026-03-07 00:59:59.999,326728.49607000,853,211122.61000000,148357.05702000,0
2026-03-07 01:00:00,0.704,0.704,0.7,0.701,459110.58,2026-03-07 01:59:59.999,322244.33690000,724,158962.46000000,111600.92740000,0
2026-03-07 02:00:00,0.702,0.704,0.699,0.702,385435.61,2026-03-07 02:59:59.999,270152.50850000,566,99185.65000000,69539.26168000,0
2026-03-07 03:00:00,0.702,0.704,0.699,0.702,472833.98,2026-03-07 03:59:59.999,331677.41280000,1016,188164.13000000,132010.89820000,0
2026-03-07 04:00:00,0.701,0.703,0.698,0.698,686606.28,2026-03-07 04:59:59.999,480818.40691000,1048,170913.79000000,119739.60495000,0
2026-03-07 05:00:00,0.698,0.701,0.697,0.698,452897.08,2026-03-07 05:59:59.999,316473.85003000,756,177735.29000000,124206.45818000,0
2026-03-07 06:00:00,0.698,0.698,0.691,0.693,817849.65,2026-03-07 06:59:59.999,568166.85724000,1586,289949.72000000,201362.36413000,0
2026-03-07 07:00:00,0.694,0.696,0.692,0.696,492468.51,2026-03-07 07:59:59.999,341758.34229000,1086,222362.11000000,154374.49063000,0
2026-03-07 08:00:00,0.695,0.697,0.694,0.695,376443.07,2026-03-07 08:59:59.999,261884.54139000,887,168867.98000000,117497.82175000,0
2026-03-07 09:00:00,0.695,0.7,0.694,0.698,299243.09,2026-03-07 09:59:59.999,209059.51215000,683,210477.57000000,147085.04811000,0
2026-03-07 10:00:00,0.699,0.7,0.697,0.697,167298.32,2026-03-07 10:59:59.999,116852.76811000,434,73627.66000000,51447.99504000,0
2026-03-07 11:00:00,0.697,0.7,0.695,0.696,321817.2,2026-03-07 11:59:59.999,224555.50097000,686,144364.83000000,100755.33677000,0
2026-03-07 12:00:00,0.696,0.697,0.694,0.696,165613.08,2026-03-07 12:59:59.999,115190.03784000,399,69109.24000000,48071.42172000,0
2026-03-07 13:00:00,0.697,0.697,0.695,0.696,240237.94,2026-03-07 13:59:59.999,167147.09915000,506,122522.76000000,85279.02138000,0
2026-03-07 14:00:00,0.695,0.699,0.692,0.697,315250.46,2026-03-07 14:59:59.999,218873.15583000,833,140747.83000000,97708.68440000,0
2026-03-07 15:00:00,0.697,0.698,0.69,0.693,399466.08,2026-03-07 15:59:59.999,277177.49808000,747,134918.51000000,93665.30594000,0
2026-03-07 16:00:00,0.694,0.694,0.691,0.694,239624.55,2026-03-07 16:59:59.999,166019.73201000,515,120579.04000000,83546.82806000,0
2026-03-07 17:00:00,0.693,0.696,0.693,0.694,130600.78,2026-03-07 17:59:59.999,90703.19704000,417,56243.48000000,39068.50113000,0
2026-03-07 18:00:00,0.694,0.695,0.691,0.694,306451.72,2026-03-07 18:59:59.999,212383.41762000,763,144957.79000000,100520.58488000,0
2026-03-07 19:00:00,0.693,0.694,0.689,0.689,400570.35,2026-03-07 19:59:59.999,276766.92940000,800,105849.44000000,73201.38703000,0
2026-03-07 20:00:00,0.689,0.692,0.686,0.691,561165.67,2026-03-07 20:59:59.999,386452.14162000,1425,266468.26000000,183498.96132000,0
2026-03-07 21:00:00,0.691,0.692,0.689,0.69,153290.84,2026-03-07 21:59:59.999,105811.49020000,349,64768.62000000,44713.75325000,0
2026-03-07 22:00:00,0.691,0.692,0.688,0.69,325256.43,2026-03-07 22:59:59.999,224373.20137000,769,183696.99000000,126699.40180000,0
2026-03-07 23:00:00,0.69,0.695,0.69,0.691,130125.59,2026-03-07 23:59:59.999,90097.48884000,380,64540.08000000,44677.52737000,0
2026-03-08 00:00:00,0.691,0.693,0.686,0.687,775709.32,2026-03-08 00:59:59.999,534154.08947000,878,260720.95000000,179691.68741000,0
2026-03-08 01:00:00,0.687,0.691,0.686,0.688,430520.21,2026-03-08 01:59:59.999,296399.03872000,741,219139.85000000,150868.78123000,0
2026-03-08 02:00:00,0.688,0.689,0.681,0.683,704313.68,2026-03-08 02:59:59.999,482392.00536000,1291,315383.42000000,215980.78902000,0
2026-03-08 03:00:00,0.682,0.687,0.682,0.686,226349.7,2026-03-08 03:59:59.999,154863.73543000,573,112251.47000000,76829.90450000,0
2026-03-08 04:00:00,0.686,0.687,0.682,0.683,263788.24,2026-03-08 04:59:59.999,180517.94748000,723,110028.78000000,75315.24811000,0
2026-03-08 05:00:00,0.683,0.689,0.683,0.688,180125.31,2026-03-08 05:59:59.999,123766.28752000,609,122636.61000000,84269.77540000,0
2026-03-08 06:00:00,0.688,0.689,0.684,0.685,212962.91,2026-03-08 06:59:59.999,146057.42612000,507,93828.13000000,64331.69801000,0
2026-03-08 07:00:00,0.686,0.69,0.685,0.687,262632.28,2026-03-08 07:59:59.999,180551.16077000,674,126124.44000000,86739.20827000,0
2026-03-08 08:00:00,0.688,0.688,0.683,0.687,390221.67,2026-03-08 08:59:59.999,267421.09837000,706,156067.82000000,106968.43645000,0
2026-03-08 09:00:00,0.688,0.69,0.685,0.685,548822.56,2026-03-08 09:59:59.999,377325.28131000,997,202630.29000000,139479.67361000,0
2026-03-08 10:00:00,0.686,0.691,0.686,0.69,347177.3,2026-03-08 10:59:59.999,239333.36119000,693,241001.49000000,166133.07513000,0
2026-03-08 11:00:00,0.69,0.69,0.681,0.684,970999.55,2026-03-08 11:59:59.999,664570.59225000,1785,414500.90000000,283584.28225000,0
2026-03-08 12:00:00,0.684,0.685,0.677,0.681,1352267.67,2026-03-08 12:59:59.999,920014.36840000,2402,683200.75000000,464933.32223000,0
2026-03-08 13:00:00,0.681,0.688,0.679,0.688,772821.02,2026-03-08 13:59:59.999,527648.59506000,1600,390321.85000000,266585.60062000,0
2026-03-08 14:00:00,0.687,0.69,0.683,0.686,393632.84,2026-03-08 14:59:59.999,270173.77007000,749,172412.20000000,118326.98668000,0
2026-03-08 15:00:00,0.685,0.686,0.683,0.686,303021.94,2026-03-08 15:59:59.999,207370.50236000,757,148143.12000000,101422.52474000,0
2026-03-08 16:00:00,0.686,0.686,0.682,0.683,339420.53,2026-03-08 16:59:59.999,232057.09291000,982,196986.27000000,134748.26272000,0
2026-03-08 17:00:00,0.683,0.688,0.682,0.685,351223.66,2026-03-08 17:59:59.999,240547.84363000,896,162266.43000000,111165.95224000,0
2026-03-08 18:00:00,0.686,0.686,0.675,0.685,1628786.74,2026-03-08 18:59:59.999,1108272.38262000,2311,678742.22000000,462147.28755000,0
2026-03-08 19:00:00,0.685,0.691,0.684,0.691,934012.35,2026-03-08 19:59:59.999,643850.06417000,1091,737798.83000000,508889.04528000,0
2026-03-08 20:00:00,0.691,0.693,0.688,0.69,486859.77,2026-03-08 20:59:59.999,335963.87406000,773,256393.02000000,176915.02527000,0
2026-03-08 21:00:00,0.69,0.69,0.685,0.685,384498.97,2026-03-08 21:59:59.999,264173.22200000,963,134021.41000000,92139.09330000,0
2026-03-08 22:00:00,0.685,0.688,0.673,0.685,2117586.55,2026-03-08 22:59:59.999,1441572.92049000,4804,969825.78000000,660936.96366000,0
2026-03-08 23:00:00,0.686,0.689,0.684,0.685,521226.31,2026-03-08 23:59:59.999,357594.11262000,1033,241653.49000000,165799.43293000,0
2026-03-09 00:00:00,0.685,0.696,0.685,0.69,1195394.08,2026-03-09 00:59:59.999,826165.65098000,2395,674116.18000000,465948.85856000,0
2026-03-09 01:00:00,0.69,0.691,0.687,0.687,391610.62,2026-03-09 01:59:59.999,270018.63457000,982,193410.58000000,133394.15629000,0
2026-03-09 02:00:00,0.687,0.694,0.685,0.69,568084.7,2026-03-09 02:59:59.999,391197.37192000,1309,267931.76000000,184400.03799000,0
2026-03-09 03:00:00,0.691,0.699,0.691,0.694,1094487.07,2026-03-09 03:59:59.999,760109.56062000,2175,578791.92000000,402040.42488000,0
2026-03-09 04:00:00,0.695,0.697,0.692,0.692,442227.02,2026-03-09 04:59:59.999,307475.32751000,854,185442.50000000,128958.87389000,0
2026-03-09 05:00:00,0.692,0.703,0.692,0.702,792987.0,2026-03-09 05:59:59.999,553580.13392000,2035,443002.70000000,309459.02596000,0
2026-03-09 06:00:00,0.702,0.702,0.695,0.698,511529.12,2026-03-09 06:59:59.999,357171.83653000,1023,219047.82000000,152909.38671000,0
2026-03-09 07:00:00,0.698,0.7,0.695,0.699,694833.31,2026-03-09 07:59:59.999,484213.91475000,1308,291524.86000000,203206.12582000,0
2026-03-09 08:00:00,0.699,0.706,0.698,0.703,678937.89,2026-03-09 08:59:59.999,477148.15970000,1712,487912.00000000,342918.85285000,0
2026-03-09 09:00:00,0.703,0.705,0.699,0.702,1587878.69,2026-03-09 09:59:59.999,1115423.26967000,2518,882197.61000000,619841.35783000,0
2026-03-09 10:00:00,0.703,0.706,0.699,0.7,878906.39,2026-03-09 10:59:59.999,617270.25870000,1675,471710.44000000,331423.67463000,0
2026-03-09 11:00:00,0.7,0.702,0.695,0.698,654302.12,2026-03-09 11:59:59.999,456827.79427000,1366,277608.23000000,193793.38643000,0
2026-03-09 12:00:00,0.699,0.706,0.698,0.703,1023697.91,2026-03-09 12:59:59.999,719030.15201000,1568,563409.43000000,396079.51191000,0
2026-03-09 13:00:00,0.703,0.71,0.702,0.708,1614697.53,2026-03-09 13:59:59.999,1142093.36512000,2273,950313.65000000,672246.97885000,0
2026-03-09 14:00:00,0.708,0.71,0.705,0.706,920120.94,2026-03-09 14:59:59.999,650717.71672000,1917,432628.23000000,305970.55500000,0
2026-03-09 15:00:00,0.706,0.707,0.698,0.702,1005008.76,2026-03-09 15:59:59.999,705070.36571000,2088,386242.24000000,270946.18031000,0
2026-03-09 16:00:00,0.702,0.704,0.7,0.703,547070.61,2026-03-09 16:59:59.999,384263.66130000,1057,225885.30000000,158601.74400000,0
2026-03-09 17:00:00,0.703,0.704,0.699,0.702,390560.5,2026-03-09 17:59:59.999,273949.31834000,849,180014.14000000,126323.10530000,0
2026-03-09 18:00:00,0.702,0.704,0.698,0.702,382501.22,2026-03-09 18:59:59.999,268342.41621000,765,187161.90000000,131354.33715000,0
2026-03-09 19:00:00,0.702,0.709,0.701,0.706,1137186.06,2026-03-09 19:59:59.999,802811.85582000,2077,627427.17000000,443180.97601000,0
2026-03-09 20:00:00,0.706,0.707,0.703,0.706,259397.35,2026-03-09 20:59:59.999,182778.52884000,550,119587.72000000,84246.30312000,0
2026-03-09 21:00:00,0.706,0.707,0.704,0.706,451632.18,2026-03-09 21:59:59.999,318458.02335000,760,245966.49000000,173512.33755000,0
2026-03-09 22:00:00,0.707,0.708,0.704,0.704,446385.62,2026-03-09 22:59:59.999,315243.68845000,777,220751.73000000,156005.68567000,0
2026-03-09 23:00:00,0.705,0.705,0.701,0.702,482973.27,2026-03-09 23:59:59.999,339509.52738000,729,231991.92000000,163081.48908000,0
2026-03-10 00:00:00,0.701,0.709,0.7,0.705,573139.36,2026-03-10 00:59:59.999,403583.34438000,1152,303465.85000000,213842.06002000,0
2026-03-10 01:00:00,0.705,0.706,0.7,0.704,206208.4,2026-03-10 01:59:59.999,144975.92385000,605,94165.20000000,66196.68246000,0
2026-03-10 02:00:00,0.703,0.71,0.702,0.709,728647.33,2026-03-10 02:59:59.999,515327.31800000,1526,476763.72000000,337320.99485000,0
2026-03-10 03:00:00,0.709,0.71,0.703,0.707,561250.56,2026-03-10 03:59:59.999,396794.99687000,988,249341.10000000,176392.24721000,0
2026-03-10 04:00:00,0.706,0.708,0.704,0.706,647961.35,2026-03-10 04:59:59.999,457374.29116000,811,391829.78000000,276603.22464000,0
2026-03-10 05:00:00,0.705,0.707,0.704,0.706,535425.45,2026-03-10 05:59:59.999,377903.68388000,1025,253720.52000000,179118.74082000,0
2026-03-10 06:00:00,0.706,0.707,0.699,0.705,2295575.43,2026-03-10 06:59:59.999,1614176.23917000,2846,727403.38000000,511948.85977000,0
2026-03-10 07:00:00,0.704,0.707,0.703,0.704,326919.28,2026-03-10 07:59:59.999,230472.76102000,786,146958.02000000,103619.94060000,0
2026-03-10 08:00:00,0.704,0.712,0.703,0.708,2066638.94,2026-03-10 08:59:59.999,1463605.87536000,2833,1238965.68000000,877623.06639000,0
2026-03-10 09:00:00,0.709,0.71,0.707,0.708,402259.08,2026-03-10 09:59:59.999,284855.33258000,736,182959.37000000,129610.23912000,0
2026-03-10 10:00:00,0.708,0.709,0.704,0.706,405561.38,2026-03-10 10:59:59.999,286293.31827000,785,234865.51000000,165821.58910000,0
2026-03-10 11:00:00,0.705,0.709,0.705,0.706,400201.75,2026-03-10 11:59:59.999,282977.97108000,1143,188304.49000000,133206.84017000,0
2026-03-10 12:00:00,0.706,0.707,0.704,0.705,569044.65,2026-03-10 12:59:59.999,401661.30270000,1114,320172.61000000,226109.29930000,0
2026-03-10 13:00:00,0.705,0.707,0.693,0.698,2368135.07,2026-03-10 13:59:59.999,1659094.57136000,3142,1071386.26000000,751007.28387000,0
2026-03-10 14:00:00,0.698,0.707,0.694,0.707,1144604.39,2026-03-10 14:59:59.999,801875.93994000,2923,604654.81000000,424125.28846000,0
2026-03-10 15:00:00,0.707,0.708,0.701,0.706,1245133.47,2026-03-10 15:59:59.999,877381.70951000,2402,660426.61000000,465399.70243000,0
2026-03-10 16:00:00,0.705,0.708,0.703,0.707,607856.09,2026-03-10 16:59:59.999,428755.43715000,1201,336857.89000000,237652.18664000,0
2026-03-10 17:00:00,0.708,0.711,0.706,0.71,986697.79,2026-03-10 17:59:59.999,698996.01573000,1532,567780.52000000,402363.07776000,0
2026-03-10 18:00:00,0.71,0.711,0.703,0.705,750715.85,2026-03-10 18:59:59.999,530144.48510000,1657,328151.39000000,231767.62555000,0
2026-03-10 19:00:00,0.706,0.706,0.697,0.699,615980.04,2026-03-10 19:59:59.999,431598.00654000,1320,239111.49000000,167557.35254000,0
2026-03-10 20:00:00,0.699,0.703,0.699,0.703,307013.26,2026-03-10 20:59:59.999,215309.74935000,629,166793.05000000,116922.30918000,0
2026-03-10 21:00:00,0.704,0.705,0.697,0.698,593722.77,2026-03-10 21:59:59.999,416157.22419000,1493,249293.88000000,174746.63864000,0
2026-03-10 22:00:00,0.699,0.701,0.698,0.7,870838.31,2026-03-10 22:59:59.999,609070.38413000,1069,403278.77000000,282222.74488000,0
2026-03-10 23:00:00,0.7,0.703,0.7,0.702,280858.83,2026-03-10 23:59:59.999,197115.35662000,480,101453.79000000,71252.49185000,0
2026-03-11 00:00:00,0.702,0.704,0.699,0.701,788456.64,2026-03-11 00:59:59.999,553077.63860000,1579,260212.11000000,182603.65994000,0
2026-03-11 01:00:00,0.701,0.705,0.699,0.703,759555.16,2026-03-11 01:59:59.999,533433.50345000,1098,360687.95000000,253389.08675000,0
2026-03-11 02:00:00,0.703,0.704,0.698,0.7,526281.57,2026-03-11 02:59:59.999,368622.24320000,798,270098.38000000,189140.60416000,0
2026-03-11 03:00:00,0.7,0.701,0.695,0.696,445389.2,2026-03-11 03:59:59.999,310458.93080000,762,152814.80000000,106465.48838000,0
2026-03-11 04:00:00,0.696,0.702,0.694,0.7,552954.57,2026-03-11 04:59:59.999,386095.56186000,963,336498.38000000,234962.33707000,0
2026-03-11 05:00:00,0.701,0.701,0.693,0.695,479405.26,2026-03-11 05:59:59.999,333790.00695000,836,186940.01000000,130153.06645000,0
2026-03-11 06:00:00,0.695,0.697,0.693,0.696,465618.34,2026-03-11 06:59:59.999,323757.53238000,587,222057.41000000,154405.46533000,0
2026-03-11 07:00:00,0.696,0.697,0.693,0.694,571503.28,2026-03-11 07:59:59.999,396840.08795000,824,222388.17000000,154497.55661000,0
2026-03-11 08:00:00,0.694,0.695,0.691,0.695,312553.96,2026-03-11 08:59:59.999,216620.04338000,706,134348.57000000,93142.22150000,0
2026-03-11 09:00:00,0.694,0.696,0.691,0.693,322998.72,2026-03-11 09:59:59.999,223969.02437000,810,124935.82000000,86673.98860000,0
2026-03-11 10:00:00,0.692,0.694,0.692,0.693,400808.47,2026-03-11 10:59:59.999,277732.56315000,697,183855.20000000,127441.04340000,0
2026-03-11 11:00:00,0.693,0.694,0.687,0.687,711617.31,2026-03-11 11:59:59.999,490681.76365000,1801,251580.01000000,173425.14703000,0
2026-03-11 12:00:00,0.687,0.695,0.687,0.692,558220.05,2026-03-11 12:59:59.999,386333.37856000,1064,295774.70000000,204831.66255000,0
2026-03-11 13:00:00,0.691,0.701,0.69,0.696,1459100.37,2026-03-11 13:59:59.999,1015406.94857000,2565,778449.27000000,542004.13816000,0
2026-03-11 14:00:00,0.696,0.7,0.695,0.697,780692.98,2026-03-11 14:59:59.999,545198.48303000,1617,423276.16000000,295769.49517000,0
2026-03-11 15:00:00,0.697,0.702,0.694,0.7,719165.08,2026-03-11 15:59:59.999,502056.90469000,1734,340533.51000000,237818.01003000,0
2026-03-11 16:00:00,0.699,0.706,0.699,0.704,1215457.1,2026-03-11 16:59:59.999,854131.67007000,2011,632743.95000000,444807.70740000,0
2026-03-11 17:00:00,0.704,0.708,0.703,0.705,1296808.13,2026-03-11 17:59:59.999,914743.51708000,1831,769442.74000000,542789.24070000,0
2026-03-11 18:00:00,0.705,0.707,0.701,0.702,695992.21,2026-03-11 18:59:59.999,489770.34093000,967,273320.34000000,192335.72340000,0
2026-03-11 19:00:00,0.702,0.702,0.698,0.699,502498.72,2026-03-11 19:59:59.999,351980.89681000,904,217326.96000000,152234.62566000,0
2026-03-11 20:00:00,0.7,0.702,0.699,0.701,277395.52,2026-03-11 20:59:59.999,194275.26439000,648,114253.60000000,80039.09253000,0
2026-03-11 21:00:00,0.701,0.703,0.7,0.701,302916.18,2026-03-11 21:59:59.999,212562.06651000,382,143397.07000000,100623.13374000,0
