timestamp,open,high,low,close,volume,close_time,quote_asset_volume,number_of_trades,taker_buy_base_volume,taker_buy_quote_volume,ignore
2025-11-03 13:00:00,0.03,0.125,0.03,0.0892,774050599.2,2025-11-03 13:59:59.999,77321426.95310000,766722,387287694.50000000,38696105.23988000,0
2025-11-03 14:00:00,0.0893,0.091,0.0827,0.0842,294719645.7,2025-11-03 14:59:59.999,25583064.16923000,267086,149281881.30000000,12964862.38490000,0
2025-11-03 15:00:00,0.0843,0.0845,0.0748,0.0765,223960126.6,2025-11-03 15:59:59.999,17776523.05105000,200022,111974929.00000000,8888892.97137000,0
2025-11-03 16:00:00,0.0765,0.0826,0.0747,0.0794,128465156.2,2025-11-03 16:59:59.999,10187097.25026000,86138,64746384.40000000,5135760.63957000,0
2025-11-03 17:00:00,0.0793,0.0797,0.0745,0.0777,79894243.4,2025-11-03 17:59:59.999,6143255.18933000,58484,39764308.10000000,3058500.57077000,0
2025-11-03 18:00:00,0.0776,0.0777,0.0717,0.0722,53413195.5,2025-11-03 18:59:59.999,3964491.01540000,36654,26586605.30000000,1973879.27432000,0
2025-11-03 19:00:00,0.0721,0.0734,0.068,0.0717,61149239.7,2025-11-03 19:59:59.999,4313380.94632000,23433,31431715.00000000,2217954.45172000,0
2025-11-03 20:00:00,0.0716,0.0782,0.0693,0.0743,66176307.3,2025-11-03 20:59:59.999,4935791.28052000,21761,34524944.70000000,2572905.26934000,0
2025-11-03 21:00:00,0.0743,0.0792,0.0728,0.0777,58680999.0,2025-11-03 21:59:59.999,4478171.93660000,17002,28994746.50000000,2213220.70575000,0
2025-11-03 22:00:00,0.0776,0.0874,0.0769,0.0864,57776775.6,2025-11-03 22:59:59.999,4680682.52893000,20964,29417055.10000000,2386532.11068000,0
2025-11-03 23:00:00,0.0864,0.0879,0.0764,0.0774,65482808.3,2025-11-03 23:59:59.999,5416699.97536000,24448,31979953.30000000,2645323.10507000,0
2025-11-04 00:00:00,0.0773,0.0779,0.072,0.0729,67727888.3,2025-11-04 00:59:59.999,5038646.40841000,26536,31537420.60000000,2347187.05876000,0
2025-11-04 01:00:00,0.0729,0.0746,0.0708,0.0713,38124172.7,2025-11-04 01:59:59.999,2777945.42237000,18539,19177180.30000000,1398222.78268000,0
2025-11-04 02:00:00,0.0714,0.0724,0.0695,0.0721,38844147.7,2025-11-04 02:59:59.999,2754789.48685000,22933,19296182.80000000,1369501.07077000,0
2025-11-04 03:00:00,0.072,0.0746,0.0717,0.0727,47657333.9,2025-11-04 03:59:59.999,3501557.44972000,22813,27194976.30000000,2000080.82883000,0
2025-11-04 04:00:00,0.0727,0.073,0.0704,0.0704,40496798.4,2025-11-04 04:59:59.999,2899987.41433000,22307,20905106.00000000,1497521.70243000,0
2025-11-04 05:00:00,0.0705,0.0718,0.065,0.0658,79680607.6,2025-11-04 05:59:59.999,5466278.76688000,39324,34477584.70000000,2363136.64365000,0
2025-11-04 06:00:00,0.0659,0.0679,0.0658,0.0672,40072921.0,2025-11-04 06:59:59.999,2675695.76787000,17176,19598150.60000000,1308506.21137000,0
2025-11-04 07:00:00,0.0672,0.068,0.0635,0.064,44331618.9,2025-11-04 07:59:59.999,2922069.36382000,18346,23944333.50000000,1580898.44741000,0
2025-11-04 08:00:00,0.064,0.069,0.061,0.0669,69024050.0,2025-11-04 08:59:59.999,4484057.39047000,21617,34992076.00000000,2268950.67433000,0
2025-11-04 09:00:00,0.0668,0.0701,0.0656,0.0667,47527105.1,2025-11-04 09:59:59.999,3197700.19138000,19496,23133970.50000000,1556682.99718000,0
2025-11-04 10:00:00,0.0667,0.068,0.0649,0.0678,32536098.0,2025-11-04 10:59:59.999,2155292.01363000,15601,16224302.40000000,1074877.32393000,0
2025-11-04 11:00:00,0.0678,0.0736,0.0676,0.0683,59632553.6,2025-11-04 11:59:59.999,4185964.50196000,20910,28013058.90000000,1969119.49380000,0
2025-11-04 12:00:00,0.0682,0.0683,0.0655,0.066,43540326.5,2025-11-04 12:59:59.999,2908683.30100000,26711,21135261.80000000,1412042.81042000,0
2025-11-04 13:00:00,0.066,0.0691,0.0649,0.0689,47785956.1,2025-11-04 13:59:59.999,3174778.45945000,16635,23013111.20000000,1530013.66818000,0
2025-11-04 14:00:00,0.0688,0.0714,0.0667,0.0705,54260094.4,2025-11-04 14:59:59.999,3757678.92840000,17603,25435076.30000000,1763814.36297000,0
2025-11-04 15:00:00,0.0704,0.0735,0.0685,0.0703,46813133.2,2025-11-04 15:59:59.999,3302172.50366000,16908,22904171.90000000,1615114.75645000,0
2025-11-04 16:00:00,0.0702,0.0703,0.066,0.0681,29439211.8,2025-11-04 16:59:59.999,2002977.02649000,10878,15080523.80000000,1025275.13629000,0
2025-11-04 17:00:00,0.0682,0.0699,0.0662,0.0677,21020285.5,2025-11-04 17:59:59.999,1432197.53335000,8685,11227250.40000000,764800.46743000,0
2025-11-04 18:00:00,0.0678,0.0683,0.0644,0.0662,21202197.7,2025-11-04 18:59:59.999,1406952.91071000,8992,10190794.50000000,676242.83604000,0
2025-11-04 19:00:00,0.0662,0.0678,0.0642,0.0648,14796260.3,2025-11-04 19:59:59.999,976024.48085000,5846,7170678.40000000,473383.20011000,0
2025-11-04 20:00:00,0.0649,0.0687,0.0622,0.0679,24258601.2,2025-11-04 20:59:59.999,1583896.26252000,10786,12624635.60000000,826413.31740000,0
2025-11-04 21:00:00,0.068,0.071,0.0648,0.0686,25683844.2,2025-11-04 21:59:59.999,1748012.41769000,12963,13044062.80000000,888715.82134000,0
2025-11-04 22:00:00,0.0686,0.0703,0.0674,0.0679,16867577.4,2025-11-04 22:59:59.999,1160716.99278000,9305,8778861.00000000,604658.40833000,0
2025-11-04 23:00:00,0.0678,0.0699,0.0675,0.0689,23343068.3,2025-11-04 23:59:59.999,1604123.17771000,7761,10511316.50000000,722897.97383000,0
2025-11-05 00:00:00,0.0689,0.071,0.065,0.0676,24790429.5,2025-11-05 00:59:59.999,1677415.71465000,10027,11202346.40000000,758238.96866000,0
2025-11-05 01:00:00,0.0676,0.0733,0.0662,0.0711,31726066.1,2025-11-05 01:59:59.999,2209848.83119000,11628,16261909.10000000,1133050.29958000,0
2025-11-05 02:00:00,0.0711,0.0905,0.071,0.0892,95329919.3,2025-11-05 02:59:59.999,7787120.54296000,32034,48646106.80000000,3964995.91920000,0
2025-11-05 03:00:00,0.0892,0.1333,0.0888,0.0946,293258654.4,2025-11-05 03:59:59.999,31855427.50772000,108715,153873734.70000000,16757918.02397000,0
2025-11-05 04:00:00,0.0946,0.1041,0.0931,0.0969,74157124.7,2025-11-05 04:59:59.999,7303115.56486000,28624,37550044.60000000,3702087.75665000,0
2025-11-05 05:00:00,0.097,0.1029,0.0874,0.0899,54563928.6,2025-11-05 05:59:59.999,5296045.62057000,23646,26573175.90000000,2584215.29844000,0
2025-11-05 06:00:00,0.0897,0.0951,0.089,0.0911,43550139.8,2025-11-05 06:59:59.999,4027137.99471000,21439,20477522.30000000,1894500.31029000,0
2025-11-05 07:00:00,0.0912,0.0988,0.0899,0.0958,49048240.8,2025-11-05 07:59:59.999,4684172.68300000,26274,25220986.10000000,2408734.03331000,0
2025-11-05 08:00:00,0.0959,0.0968,0.0876,0.0885,44113452.5,2025-11-05 08:59:59.999,4065692.68540000,26179,19793059.10000000,1824625.67286000,0
2025-11-05 09:00:00,0.0885,0.0955,0.0885,0.0946,22019263.4,2025-11-05 09:59:59.999,2029956.13623000,13978,11952075.90000000,1102764.85801000,0
2025-11-05 10:00:00,0.0946,0.0949,0.085,0.0867,31813458.2,2025-11-05 10:59:59.999,2833313.34768000,16493,13141002.10000000,1168791.36613000,0
2025-11-05 11:00:00,0.0867,0.0868,0.0823,0.0852,26168896.7,2025-11-05 11:59:59.999,2222317.35106000,15233,11225614.80000000,954496.75250000,0
2025-11-05 12:00:00,0.0851,0.0882,0.0833,0.0835,23823850.8,2025-11-05 12:59:59.999,2034859.58269000,15108,11275822.50000000,963949.87206000,0
2025-11-05 13:00:00,0.0835,0.0876,0.0816,0.0864,31591542.8,2025-11-05 13:59:59.999,2657516.58296000,19940,15462183.20000000,1299493.05758000,0
2025-11-05 14:00:00,0.0865,0.0868,0.0825,0.0859,21268185.7,2025-11-05 14:59:59.999,1803943.85426000,18995,8941249.20000000,759762.04266000,0
2025-11-05 15:00:00,0.0859,0.0989,0.0825,0.0914,55515351.6,2025-11-05 15:59:59.999,4996513.50202000,34026,30212558.30000000,2714967.07993000,0
2025-11-05 16:00:00,0.0914,0.0922,0.0869,0.0896,23504396.8,2025-11-05 16:59:59.999,2102356.46309000,19796,12020505.40000000,1075171.18957000,0
2025-11-05 17:00:00,0.0896,0.0935,0.0876,0.0889,24408986.9,2025-11-05 17:59:59.999,2214099.34300000,18831,12409626.90000000,1126329.29112000,0
2025-11-05 18:00:00,0.0889,0.0932,0.0885,0.0895,16283969.3,2025-11-05 18:59:59.999,1473996.32358000,13970,7518263.40000000,681828.78507000,0
2025-11-05 19:00:00,0.0894,0.0898,0.0801,0.0822,46536725.2,2025-11-05 19:59:59.999,3880643.59979000,28924,20662033.60000000,1718194.74153000,0
2025-11-05 20:00:00,0.0821,0.0868,0.0819,0.0843,15020392.6,2025-11-05 20:59:59.999,1267168.60573000,13957,7346027.50000000,620249.26311000,0
2025-11-05 21:00:00,0.0843,0.0874,0.0833,0.0857,15931207.8,2025-11-05 21:59:59.999,1357467.57351000,12091,7395122.40000000,630430.23982000,0
2025-11-05 22:00:00,0.0858,0.09,0.0853,0.0889,11533038.6,2025-11-05 22:59:59.999,1014329.32545000,10505,5464592.00000000,480969.92113000,0
2025-11-05 23:00:00,0.0889,0.0892,0.0859,0.0868,6899138.4,2025-11-05 23:59:59.999,602959.58561000,6017,3073721.40000000,268861.91838000,0
2025-11-06 00:00:00,0.0867,0.0898,0.0842,0.0852,18742401.8,2025-11-06 00:59:59.999,1622885.40379000,18568,9317330.40000000,807639.82942000,0
2025-11-06 01:00:00,0.0852,0.0927,0.0825,0.0908,34688098.9,2025-11-06 01:59:59.999,3041712.28050000,22203,17399171.80000000,1526138.36368000,0
2025-11-06 02:00:00,0.0907,0.0935,0.0873,0.0874,28334196.1,2025-11-06 02:59:59.999,2571930.82332000,19022,13686618.10000000,1244522.75759000,0
2025-11-06 03:00:00,0.0874,0.0877,0.0848,0.0859,14162946.4,2025-11-06 03:59:59.999,1217039.70885000,9951,7120073.60000000,611757.62631000,0
2025-11-06 04:00:00,0.0859,0.0869,0.0836,0.0846,13445341.0,2025-11-06 04:59:59.999,1137398.20884000,9398,6855552.70000000,579867.60916000,0
2025-11-06 05:00:00,0.0845,0.0851,0.0812,0.0816,12215367.3,2025-11-06 05:59:59.999,1012336.59815000,9202,6138391.90000000,508843.14840000,0
2025-11-06 06:00:00,0.0816,0.0817,0.0775,0.0781,22819539.5,2025-11-06 06:59:59.999,1796372.58465000,14155,11587877.60000000,911831.11304000,0
2025-11-06 07:00:00,0.078,0.0783,0.075,0.0768,21582967.4,2025-11-06 07:59:59.999,1650067.20725000,12242,10284406.90000000,787089.30816000,0
2025-11-06 08:00:00,0.0769,0.0779,0.0751,0.0768,20525519.8,2025-11-06 08:59:59.999,1569190.30347000,13615,10764856.10000000,822920.60630000,0
2025-11-06 09:00:00,0.0768,0.0777,0.0756,0.0758,13511244.8,2025-11-06 09:59:59.999,1035615.84241000,9698,6275868.00000000,481700.15489000,0
2025-11-06 10:00:00,0.0757,0.0761,0.0742,0.0749,17602486.6,2025-11-06 10:59:59.999,1322907.50275000,9825,7920463.20000000,595467.70151000,0
2025-11-06 11:00:00,0.075,0.075,0.0729,0.0734,15678861.4,2025-11-06 11:59:59.999,1153558.91431000,9403,6389439.20000000,469842.36191000,0
2025-11-06 12:00:00,0.0733,0.0766,0.0727,0.0756,14490077.4,2025-11-06 12:59:59.999,1080781.77300000,8079,8385346.30000000,626268.30923000,0
2025-11-06 13:00:00,0.0755,0.0765,0.0745,0.0756,11942454.7,2025-11-06 13:59:59.999,903445.20572000,8650,6017096.80000000,455704.20401000,0
2025-11-06 14:00:00,0.0756,0.0759,0.0722,0.0724,15468335.2,2025-11-06 14:59:59.999,1149069.13526000,12655,6698638.00000000,497491.47099000,0
2025-11-06 15:00:00,0.0724,0.0724,0.0697,0.07,15830689.5,2025-11-06 15:59:59.999,1125064.29190000,13283,6880509.60000000,489159.72087000,0
2025-11-06 16:00:00,0.0699,0.0712,0.0684,0.0705,20832203.2,2025-11-06 16:59:59.999,1448850.77573000,11702,9580291.20000000,667845.25872000,0
2025-11-06 17:00:00,0.0704,0.0707,0.0695,0.0702,11182560.0,2025-11-06 17:59:59.999,783505.95994000,7682,5133331.10000000,359619.00396000,0
2025-11-06 18:00:00,0.0703,0.0717,0.0696,0.0704,11224199.2,2025-11-06 18:59:59.999,793550.21589000,6947,5697060.60000000,402906.30798000,0
2025-11-06 19:00:00,0.0704,0.0705,0.0689,0.0699,7467100.9,2025-11-06 19:59:59.999,519978.87763000,5736,3650122.20000000,254270.67144000,0
2025-11-06 20:00:00,0.0699,0.0701,0.0686,0.0695,8522245.4,2025-11-06 20:59:59.999,590965.06988000,4734,3880825.30000000,269145.45370000,0
2025-11-06 21:00:00,0.0695,0.0706,0.0693,0.0698,5307516.3,2025-11-06 21:59:59.999,370741.91030000,4089,2825451.30000000,197418.78558000,0
2025-11-06 22:00:00,0.0699,0.0708,0.0683,0.0696,5922824.8,2025-11-06 22:59:59.999,413158.17828000,3640,3177700.50000000,221689.01389000,0
2025-11-06 23:00:00,0.0696,0.0702,0.0682,0.0688,8608648.4,2025-11-06 23:59:59.999,596416.99825000,4715,3999449.00000000,277284.71877000,0
2025-11-07 00:00:00,0.0688,0.0726,0.0686,0.0696,15851274.7,2025-11-07 00:59:59.999,1116693.52336000,9833,8398945.50000000,592177.22686000,0
2025-11-07 01:00:00,0.0695,0.0697,0.0663,0.0682,14648998.9,2025-11-07 01:59:59.999,992425.87461000,8356,6083945.30000000,412090.46736000,0
2025-11-07 02:00:00,0.0682,0.069,0.067,0.0687,9853141.4,2025-11-07 02:59:59.999,669267.86158000,6732,5355225.20000000,363993.73443000,0
2025-11-07 03:00:00,0.0688,0.0707,0.0686,0.0698,13547812.3,2025-11-07 03:59:59.999,944010.12873000,7216,6799253.50000000,473681.92685000,0
2025-11-07 04:00:00,0.0697,0.0715,0.0688,0.071,13503190.6,2025-11-07 04:59:59.999,949117.73001000,8354,8209461.60000000,577251.82464000,0
2025-11-07 05:00:00,0.071,0.0756,0.071,0.0749,19005327.0,2025-11-07 05:59:59.999,1395385.82311000,11916,10495247.10000000,769602.71454000,0
2025-11-07 06:00:00,0.0749,0.0758,0.0728,0.0738,15231374.2,2025-11-07 06:59:59.999,1127512.40701000,12615,6042993.10000000,447402.54505000,0
2025-11-07 07:00:00,0.0737,0.0738,0.0723,0.0731,9697217.3,2025-11-07 07:59:59.999,707695.76584000,7516,4619600.20000000,337288.55917000,0
2025-11-07 08:00:00,0.0731,0.0756,0.0718,0.0745,18675244.1,2025-11-07 08:59:59.999,1377622.25104000,13233,9992115.30000000,738016.76231000,0
2025-11-07 09:00:00,0.0745,0.0749,0.0703,0.0705,12357875.7,2025-11-07 09:59:59.999,892067.85427000,9956,5468920.30000000,394483.04204000,0
2025-11-07 10:00:00,0.0706,0.0714,0.0685,0.0693,12573030.2,2025-11-07 10:59:59.999,879023.76525000,8646,5381168.10000000,376630.85015000,0
2025-11-07 11:00:00,0.0694,0.07,0.0681,0.0683,14142371.7,2025-11-07 11:59:59.999,976092.78819000,8886,7023882.70000000,484814.98581000,0
2025-11-07 12:00:00,0.0683,0.073,0.0682,0.0729,17175495.5,2025-11-07 12:59:59.999,1211814.39936000,10535,9723368.10000000,686036.58107000,0
2025-11-07 13:00:00,0.0729,0.0749,0.0724,0.0742,20997568.5,2025-11-07 13:59:59.999,1553834.04723000,14333,10441559.00000000,773153.01557000,0
2025-11-07 14:00:00,0.0742,0.0755,0.0728,0.0743,18245406.0,2025-11-07 14:59:59.999,1349181.23586000,13120,9387009.90000000,694719.77512000,0
2025-11-07 15:00:00,0.0744,0.0755,0.0739,0.0747,12821944.2,2025-11-07 15:59:59.999,956386.39091000,10264,6772515.50000000,505513.81388000,0
2025-11-07 16:00:00,0.0748,0.0772,0.0741,0.0766,17830878.4,2025-11-07 16:59:59.999,1346308.29318000,13546,9292064.70000000,701961.76989000,0
2025-11-07 17:00:00,0.0766,0.0778,0.0755,0.0768,11551685.1,2025-11-07 17:59:59.999,886176.48800000,10301,5473331.00000000,419981.62144000,0
2025-11-07 18:00:00,0.0767,0.0771,0.0758,0.0766,8190553.0,2025-11-07 18:59:59.999,627472.51916000,6701,3901163.20000000,299053.71697000,0
2025-11-07 19:00:00,0.0765,0.077,0.0754,0.0764,5969436.8,2025-11-07 19:59:59.999,455109.49200000,5197,2803933.50000000,213844.57898000,0
2025-11-07 20:00:00,0.0764,0.0778,0.0757,0.0767,6582401.3,2025-11-07 20:59:59.999,504746.51548000,4950,3748585.50000000,287733.32593000,0
2025-11-07 21:00:00,0.0767,0.0769,0.075,0.0761,7392893.7,2025-11-07 21:59:59.999,560158.36223000,3684,2412707.10000000,183365.08336000,0
2025-11-07 22:00:00,0.0761,0.0778,0.075,0.0768,6426071.1,2025-11-07 22:59:59.999,489732.08129000,2987,3267284.60000000,250083.91391000,0
2025-11-07 23:00:00,0.0768,0.0773,0.0748,0.0767,7395263.7,2025-11-07 23:59:59.999,561772.96467000,4782,3011981.90000000,229384.24853000,0
2025-11-08 00:00:00,0.0766,0.0773,0.0746,0.0749,10511968.8,2025-11-08 00:59:59.999,799901.00562000,7898,5054888.80000000,384502.62027000,0
2025-11-08 01:00:00,0.0749,0.0794,0.0748,0.0769,13666176.6,2025-11-08 01:59:59.999,1059593.28964000,8896,6933634.10000000,537707.69181000,0
2025-11-08 02:00:00,0.0769,0.0804,0.0764,0.0778,13060143.4,2025-11-08 02:59:59.999,1025141.27721000,8620,6238562.00000000,490389.41303000,0
2025-11-08 03:00:00,0.0779,0.079,0.0763,0.0766,8619893.5,2025-11-08 03:59:59.999,670963.34474000,7228,4458865.00000000,347565.00635000,0
2025-11-08 04:00:00,0.0767,0.0797,0.0748,0.0769,12880927.3,2025-11-08 04:59:59.999,996975.87793000,9328,5951418.10000000,461486.86449000,0
2025-11-08 05:00:00,0.0768,0.0775,0.0741,0.0767,13331241.2,2025-11-08 05:59:59.999,1011293.01948000,9297,6064444.70000000,459677.49399000,0
2025-11-08 06:00:00,0.0767,0.078,0.0758,0.0775,14556014.0,2025-11-08 06:59:59.999,1118941.44411000,11843,6834113.90000000,525702.73208000,0
2025-11-08 07:00:00,0.0775,0.0778,0.0751,0.0761,7673539.7,2025-11-08 07:59:59.999,586049.15040000,8506,3708523.80000000,283317.09210000,0
2025-11-08 08:00:00,0.076,0.0773,0.0752,0.0758,9794135.7,2025-11-08 08:59:59.999,745164.71945000,8004,5077598.90000000,386592.03224000,0
2025-11-08 09:00:00,0.0757,0.0764,0.0733,0.0743,16038295.3,2025-11-08 09:59:59.999,1196003.37627000,11620,6864832.80000000,512706.45094000,0
2025-11-08 10:00:00,0.0744,0.075,0.0726,0.0738,13150870.3,2025-11-08 10:59:59.999,969851.62468000,10319,6447570.50000000,475989.99005000,0
2025-11-08 11:00:00,0.0738,0.0757,0.0729,0.0735,11497392.1,2025-11-08 11:59:59.999,851943.79227000,10440,5341635.90000000,396097.16869000,0
2025-11-08 12:00:00,0.0735,0.0752,0.0734,0.0737,10194530.8,2025-11-08 12:59:59.999,755552.72294000,9450,5605466.80000000,415345.02385000,0
2025-11-08 13:00:00,0.0737,0.0739,0.0723,0.0725,9820307.7,2025-11-08 13:59:59.999,718999.18004000,10097,4703799.50000000,344548.82481000,0
2025-11-08 14:00:00,0.0724,0.0726,0.0696,0.0697,16122049.7,2025-11-08 14:59:59.999,1137331.08359000,13599,6990426.70000000,493097.77979000,0
2025-11-08 15:00:00,0.0698,0.0725,0.0678,0.071,20089840.1,2025-11-08 15:59:59.999,1406955.21875000,10916,8489078.70000000,593090.22067000,0
2025-11-08 16:00:00,0.0709,0.0715,0.0691,0.0701,10330715.7,2025-11-08 16:59:59.999,725370.19298000,8517,4792695.00000000,336543.33935000,0
2025-11-08 17:00:00,0.07,0.0737,0.0698,0.073,10494830.7,2025-11-08 17:59:59.999,753318.00897000,9023,5535404.60000000,397380.66136000,0
2025-11-08 18:00:00,0.0729,0.0735,0.0718,0.0726,6248717.7,2025-11-08 18:59:59.999,453696.12675000,5241,3229110.60000000,234561.27245000,0
2025-11-08 19:00:00,0.0726,0.0732,0.0715,0.0727,5901543.0,2025-11-08 19:59:59.999,427495.71990000,5010,2788922.70000000,202090.69823000,0
2025-11-08 20:00:00,0.0726,0.0731,0.0716,0.072,11219300.3,2025-11-08 20:59:59.999,810217.55903000,5753,5635193.30000000,407161.71825000,0
2025-11-08 21:00:00,0.072,0.0728,0.0718,0.0721,7691448.0,2025-11-08 21:59:59.999,555597.76331000,4022,3741591.00000000,270368.60823000,0
2025-11-08 22:00:00,0.0722,0.0728,0.0717,0.0726,6665093.0,2025-11-08 22:59:59.999,480608.27621000,3147,3399039.60000000,245223.17435000,0
2025-11-08 23:00:00,0.0727,0.0771,0.0727,0.0761,14108393.5,2025-11-08 23:59:59.999,1060381.50535000,7185,8085303.40000000,607153.13243000,0
2025-11-09 00:00:00,0.076,0.0763,0.0737,0.0755,12661298.9,2025-11-09 00:59:59.999,947598.73034000,8267,5385406.70000000,403174.90561000,0
2025-11-09 01:00:00,0.0754,0.0795,0.0748,0.0766,14672379.6,2025-11-09 01:59:59.999,1134275.86614000,10011,7138089.00000000,552004.25993000,0
2025-11-09 02:00:00,0.0767,0.0773,0.0746,0.0757,10426846.6,2025-11-09 02:59:59.999,789774.84835000,8226,4753511.90000000,360048.73040000,0
2025-11-09 03:00:00,0.0756,0.0769,0.0745,0.0758,10047798.1,2025-11-09 03:59:59.999,760203.06213000,7791,4412072.30000000,333797.15772000,0
2025-11-09 04:00:00,0.0758,0.077,0.075,0.0758,8668090.1,2025-11-09 04:59:59.999,658358.69067000,7262,4399790.90000000,334205.76215000,0
2025-11-09 05:00:00,0.0757,0.0868,0.0753,0.0829,44685251.7,2025-11-09 05:59:59.999,3667025.05417000,28406,22819663.30000000,1868229.76335000,0
2025-11-09 06:00:00,0.0829,0.0848,0.0759,0.0769,43561084.8,2025-11-09 06:59:59.999,3456139.30507000,25849,20524192.70000000,1629803.17305000,0
2025-11-09 07:00:00,0.0769,0.0806,0.0761,0.0797,18885446.5,2025-11-09 07:59:59.999,1486416.52747000,15099,9722467.00000000,764916.56601000,0
2025-11-09 08:00:00,0.0796,0.0844,0.0793,0.0831,28579406.4,2025-11-09 08:59:59.999,2335175.41515000,19445,15405542.00000000,1258934.86733000,0
2025-11-09 09:00:00,0.0831,0.0832,0.0802,0.0808,17208873.3,2025-11-09 09:59:59.999,1404914.99200000,13103,8248065.30000000,673747.71884000,0
2025-11-09 10:00:00,0.0808,0.0823,0.0788,0.08,17648866.0,2025-11-09 10:59:59.999,1418657.56386000,13149,7645076.70000000,615047.50330000,0
2025-11-09 11:00:00,0.08,0.0861,0.0794,0.0844,27657695.5,2025-11-09 11:59:59.999,2311681.17030000,19890,15531659.10000000,1298828.30830000,0
2025-11-09 12:00:00,0.0845,0.0864,0.0832,0.0863,23497396.8,2025-11-09 12:59:59.999,1986321.61950000,17876,12363482.80000000,1045853.60544000,0
2025-11-09 13:00:00,0.0863,0.0889,0.0829,0.0835,32005535.9,2025-11-09 13:59:59.999,2732907.32229000,22984,14446327.90000000,1233501.88399000,0
2025-11-09 14:00:00,0.0835,0.0875,0.0823,0.0864,26996067.5,2025-11-09 14:59:59.999,2281295.84437000,18712,13385185.80000000,1131729.27547000,0
2025-11-09 15:00:00,0.0864,0.09,0.0856,0.0864,42160135.1,2025-11-09 15:59:59.999,3705930.97350000,28532,20892165.30000000,1836745.51644000,0
2025-11-09 16:00:00,0.0863,0.0909,0.0852,0.0901,42214421.0,2025-11-09 16:59:59.999,3743076.93291000,27265,20661710.60000000,1831505.38438000,0
2025-11-09 17:00:00,0.0902,0.0944,0.0881,0.0932,43193496.5,2025-11-09 17:59:59.999,3952023.78317000,32012,21186928.30000000,1938182.79584000,0
2025-11-09 18:00:00,0.0932,0.0944,0.0901,0.0917,30295911.8,2025-11-09 18:59:59.999,2779703.11883000,20332,14448837.60000000,1325061.05803000,0
2025-11-09 19:00:00,0.0917,0.0982,0.0909,0.0974,34861766.0,2025-11-09 19:59:59.999,3280198.10935000,23144,18642137.90000000,1757983.79973000,0
2025-11-09 20:00:00,0.0975,0.1034,0.0889,0.091,59880847.2,2025-11-09 20:59:59.999,5795052.72938000,41917,28168176.00000000,2730084.49413000,0
2025-11-09 21:00:00,0.091,0.0919,0.0859,0.0869,16058647.7,2025-11-09 21:59:59.999,1421216.44706000,10643,7408277.70000000,655696.38430000,0
2025-11-09 22:00:00,0.0869,0.091,0.0861,0.0893,13907786.5,2025-11-09 22:59:59.999,1221400.63882000,10640,7264175.70000000,638528.75889000,0
2025-11-09 23:00:00,0.0892,0.0897,0.088,0.0887,8473228.5,2025-11-09 23:59:59.999,751500.03115000,6713,4265721.80000000,378397.78345000,0
2025-11-10 00:00:00,0.0888,0.0906,0.0858,0.0905,15658426.2,2025-11-10 00:59:59.999,1375299.61072000,11757,8477430.70000000,744669.19661000,0
2025-11-10 01:00:00,0.0906,0.0954,0.0887,0.0943,21906831.3,2025-11-10 01:59:59.999,2011542.60374000,17677,10913525.80000000,1003058.81828000,0
2025-11-10 02:00:00,0.0943,0.0985,0.0942,0.098,22291832.3,2025-11-10 02:59:59.999,2142828.65588000,15361,10562244.30000000,1016373.45708000,0
2025-11-10 03:00:00,0.098,0.0999,0.0962,0.0975,21372323.5,2025-11-10 03:59:59.999,2097469.27935000,15882,11039610.10000000,1083309.05161000,0
2025-11-10 04:00:00,0.0974,0.0975,0.0908,0.0925,21235154.9,2025-11-10 04:59:59.999,1999324.63079000,17207,9755467.20000000,916973.62780000,0
2025-11-10 05:00:00,0.0925,0.0926,0.0894,0.0906,12617355.8,2025-11-10 05:59:59.999,1144707.46458000,11386,6508940.70000000,590738.56136000,0
2025-11-10 06:00:00,0.0907,0.0921,0.0896,0.0901,11234521.4,2025-11-10 06:59:59.999,1016648.01643000,12131,5711177.20000000,516992.57575000,0
2025-11-10 07:00:00,0.09,0.0918,0.0891,0.0897,13186926.3,2025-11-10 07:59:59.999,1191397.98373000,11839,6181124.30000000,558811.46446000,0
2025-11-10 08:00:00,0.0898,0.0914,0.0859,0.0861,20399878.0,2025-11-10 08:59:59.999,1816322.60969000,11711,8694660.50000000,773142.97540000,0
2025-11-10 09:00:00,0.0861,0.088,0.0853,0.0871,11957229.5,2025-11-10 09:59:59.999,1037228.62265000,9143,6210997.20000000,539299.54544000,0
2025-11-10 10:00:00,0.0871,0.0874,0.0837,0.0841,14670308.2,2025-11-10 10:59:59.999,1247819.72686000,9817,7128425.10000000,605903.62953000,0
2025-11-10 11:00:00,0.0842,0.085,0.0826,0.0828,16384883.6,2025-11-10 11:59:59.999,1374787.09883000,9409,6719867.90000000,564961.97129000,0
2025-11-10 12:00:00,0.0827,0.0848,0.0821,0.084,17046269.7,2025-11-10 12:59:59.999,1423686.74612000,9633,8314305.20000000,695645.43941000,0
2025-11-10 13:00:00,0.0839,0.0855,0.0837,0.0846,12895215.4,2025-11-10 13:59:59.999,1090719.67802000,9751,6528206.50000000,552417.44823000,0
2025-11-10 14:00:00,0.0845,0.0856,0.0826,0.0855,14849234.8,2025-11-10 14:59:59.999,1247460.19800000,8842,8013091.40000000,673283.13860000,0
2025-11-10 15:00:00,0.0855,0.0875,0.0845,0.0854,17211748.7,2025-11-10 15:59:59.999,1480466.33997000,11168,8405115.30000000,722784.98919000,0
2025-11-10 16:00:00,0.0853,0.0872,0.084,0.0841,12841096.4,2025-11-10 16:59:59.999,1099492.81973000,10118,5949755.60000000,509530.33219000,0
2025-11-10 17:00:00,0.0841,0.0856,0.0837,0.0855,5859806.7,2025-11-10 17:59:59.999,496060.06581000,5328,3126694.10000000,264871.78240000,0
2025-11-10 18:00:00,0.0855,0.0858,0.0847,0.0849,5755028.9,2025-11-10 18:59:59.999,490541.67046000,4690,2758224.90000000,235118.27287000,0
2025-11-10 19:00:00,0.0849,0.0857,0.0845,0.0846,4500108.1,2025-11-10 19:59:59.999,382574.32122000,3360,2202875.70000000,187383.35285000,0
2025-11-10 20:00:00,0.0846,0.086,0.0842,0.0848,5457569.6,2025-11-10 20:59:59.999,463382.43642000,2930,2887603.10000000,245190.26524000,0
2025-11-10 21:00:00,0.0849,0.0852,0.0832,0.0835,5289687.4,2025-11-10 21:59:59.999,444420.92884000,3301,2570224.60000000,216071.13905000,0
2025-11-10 22:00:00,0.0835,0.0857,0.0828,0.0846,6840762.0,2025-11-10 22:59:59.999,575613.97870000,3331,3484128.30000000,293454.96918000,0
2025-11-10 23:00:00,0.0847,0.0851,0.0832,0.0835,6421331.0,2025-11-10 23:59:59.999,538373.12784000,4564,2515777.00000000,210868.37945000,0
2025-11-11 00:00:00,0.0835,0.0856,0.0831,0.0845,12537055.7,2025-11-11 00:59:59.999,1057593.55007000,8033,6815125.40000000,575587.67975000,0
2025-11-11 01:00:00,0.0846,0.0867,0.084,0.0866,9151325.6,2025-11-11 01:59:59.999,778189.55995000,6106,4005286.50000000,341289.48799000,0
2025-11-11 02:00:00,0.0866,0.0877,0.0842,0.0849,12444784.4,2025-11-11 02:59:59.999,1072298.60996000,9441,5241844.20000000,452223.73764000,0
2025-11-11 03:00:00,0.0849,0.0854,0.0832,0.0832,9887607.4,2025-11-11 03:59:59.999,834314.16905000,7112,4644450.60000000,392073.70306000,0
2025-11-11 04:00:00,0.0832,0.0843,0.0827,0.0834,10194258.0,2025-11-11 04:59:59.999,849723.48731000,6870,4665015.50000000,389099.00605000,0
2025-11-11 05:00:00,0.0833,0.0838,0.0823,0.0826,7762078.3,2025-11-11 05:59:59.999,642339.66393000,6906,3728694.40000000,308633.83384000,0
2025-11-11 06:00:00,0.0827,0.0839,0.0821,0.0836,15858578.7,2025-11-11 06:59:59.999,1318469.14773000,9887,7517822.50000000,625585.48883000,0
2025-11-11 07:00:00,0.0837,0.0858,0.0823,0.0835,17251756.8,2025-11-11 07:59:59.999,1453286.04467000,11856,8497854.70000000,715815.99415000,0
2025-11-11 08:00:00,0.0834,0.0857,0.0828,0.0839,13906497.4,2025-11-11 08:59:59.999,1170023.35958000,9521,7247270.90000000,609931.73952000,0
2025-11-11 09:00:00,0.0839,0.0854,0.0819,0.0823,14240268.9,2025-11-11 09:59:59.999,1191696.31320000,10118,6309068.30000000,528224.85252000,0
2025-11-11 10:00:00,0.0822,0.0826,0.0786,0.0804,22195841.7,2025-11-11 10:59:59.999,1786995.46943000,10527,10869188.30000000,876361.54018000,0
2025-11-11 11:00:00,0.0803,0.0817,0.0796,0.0806,13214872.6,2025-11-11 11:59:59.999,1064873.60080000,8224,6111819.90000000,492315.55031000,0
2025-11-11 12:00:00,0.0806,0.0867,0.0805,0.0844,36062185.3,2025-11-11 12:59:59.999,3022760.85812000,18557,18094619.30000000,1518480.16578000,0
2025-11-11 13:00:00,0.0844,0.0862,0.0827,0.0839,20504237.0,2025-11-11 13:59:59.999,1729986.73069000,12613,9857353.80000000,831854.41814000,0
2025-11-11 14:00:00,0.0839,0.0855,0.0825,0.0843,22497727.2,2025-11-11 14:59:59.999,1887555.02780000,13463,11511471.80000000,966356.95323000,0
2025-11-11 15:00:00,0.0842,0.0843,0.0827,0.0835,11028886.4,2025-11-11 15:59:59.999,919723.51355000,9634,5379873.20000000,448704.62336000,0
2025-11-11 16:00:00,0.0835,0.0849,0.0821,0.0825,14070203.2,2025-11-11 16:59:59.999,1170066.07565000,12031,6341288.60000000,528126.00376000,0
2025-11-11 17:00:00,0.0824,0.0828,0.0795,0.0804,12924627.9,2025-11-11 17:59:59.999,1044201.09001000,8618,6301549.60000000,508782.97606000,0
2025-11-11 18:00:00,0.0803,0.0812,0.0795,0.08,11112776.5,2025-11-11 18:59:59.999,891613.44602000,5966,5459969.10000000,438546.69551000,0
2025-11-11 19:00:00,0.0801,0.0804,0.0792,0.0797,7945527.7,2025-11-11 19:59:59.999,634205.20449000,5020,4342696.90000000,346783.70463000,0
2025-11-11 20:00:00,0.0797,0.08,0.0789,0.0793,5264821.0,2025-11-11 20:59:59.999,418391.65440000,3475,2624928.90000000,208644.00690000,0
2025-11-11 21:00:00,0.0793,0.0801,0.0778,0.0781,7166243.4,2025-11-11 21:59:59.999,565551.12866000,3850,2810296.20000000,222244.06263000,0
2025-11-11 22:00:00,0.0782,0.0822,0.0774,0.0818,11106666.5,2025-11-11 22:59:59.999,875919.48998000,4888,7154485.50000000,563988.73428000,0
2025-11-11 23:00:00,0.0818,0.082,0.0796,0.0799,5885472.5,2025-11-11 23:59:59.999,474415.42384000,4557,2755271.80000000,222128.48219000,0
2025-11-12 00:00:00,0.08,0.0805,0.0781,0.0783,9061310.2,2025-11-12 00:59:59.999,719668.11196000,7746,4276520.60000000,339888.73077000,0
2025-11-12 01:00:00,0.0782,0.0805,0.0776,0.0799,10673406.4,2025-11-12 01:59:59.999,845459.06318000,7244,5741572.50000000,455663.00879000,0
2025-11-12 02:00:00,0.0798,0.0817,0.0798,0.0807,8474304.4,2025-11-12 02:59:59.999,682210.61384000,7952,4463585.70000000,359237.59452000,0
2025-11-12 03:00:00,0.0807,0.081,0.0797,0.08,5726316.3,2025-11-12 03:59:59.999,460561.16248000,6184,2783775.30000000,224037.94737000,0
2025-11-12 04:00:00,0.08,0.0826,0.0793,0.0811,9101033.0,2025-11-12 04:59:59.999,734993.82618000,8741,4941473.00000000,399265.09994000,0
2025-11-12 05:00:00,0.0812,0.0821,0.0799,0.0809,13953828.9,2025-11-12 05:59:59.999,1129517.84356000,10450,6554562.40000000,530786.08377000,0
2025-11-12 06:00:00,0.0809,0.0829,0.0805,0.0818,16603719.5,2025-11-12 06:59:59.999,1362624.97021000,12828,8355604.70000000,685880.32190000,0
2025-11-12 07:00:00,0.0819,0.0842,0.0816,0.0838,20354457.0,2025-11-12 07:59:59.999,1693497.80185000,11875,10158370.20000000,845246.40315000,0
2025-11-12 08:00:00,0.0838,0.0866,0.0828,0.0857,22437142.2,2025-11-12 08:59:59.999,1900766.29720000,13460,11424448.50000000,968413.40774000,0
2025-11-12 09:00:00,0.0857,0.0892,0.085,0.0861,26326022.5,2025-11-12 09:59:59.999,2282401.14164000,15953,13165302.40000000,1140941.06863000,0
2025-11-12 10:00:00,0.0861,0.0873,0.0832,0.0838,19979381.9,2025-11-12 10:59:59.999,1709185.45157000,18699,9114118.10000000,780005.84403000,0
2025-11-12 11:00:00,0.0838,0.0855,0.0834,0.0836,19962502.3,2025-11-12 11:59:59.999,1684959.10461000,16809,9885111.40000000,834454.81482000,0
2025-11-12 12:00:00,0.0836,0.0837,0.082,0.0825,16977576.7,2025-11-12 12:59:59.999,1406963.57683000,13478,8464419.80000000,701583.80452000,0
2025-11-12 13:00:00,0.0826,0.0864,0.0817,0.085,26193966.8,2025-11-12 13:59:59.999,2196340.17861000,16092,14147867.80000000,1187286.58767000,0
2025-11-12 14:00:00,0.085,0.0857,0.0831,0.084,19017333.5,2025-11-12 14:59:59.999,1605059.45844000,14452,9215260.20000000,777748.65762000,0
2025-11-12 15:00:00,0.084,0.085,0.0829,0.0836,20625183.9,2025-11-12 15:59:59.999,1727596.51734000,15590,9940306.10000000,832977.72252000,0
2025-11-12 16:00:00,0.0835,0.0874,0.0824,0.0871,32124455.5,2025-11-12 16:59:59.999,2714643.25907000,17638,17035251.40000000,1440596.39612000,0
2025-11-12 17:00:00,0.0872,0.0877,0.0854,0.0861,21024691.1,2025-11-12 17:59:59.999,1817950.11248000,13166,9417973.00000000,814501.35405000,0
2025-11-12 18:00:00,0.086,0.0876,0.086,0.0863,10390430.0,2025-11-12 18:59:59.999,901073.07133000,8591,5125743.40000000,444570.17679000,0
2025-11-12 19:00:00,0.0863,0.0869,0.0852,0.0854,9132227.9,2025-11-12 19:59:59.999,785877.85792000,6425,4620254.80000000,397753.41463000,0
2025-11-12 20:00:00,0.0854,0.0859,0.0844,0.0849,8205398.4,2025-11-12 20:59:59.999,698518.52344000,5803,4036424.30000000,343686.85041000,0
2025-11-12 21:00:00,0.0848,0.0848,0.0837,0.0842,4023509.5,2025-11-12 21:59:59.999,338645.06036000,3039,1937556.30000000,163115.08287000,0
2025-11-12 22:00:00,0.0842,0.0845,0.0816,0.0825,8083135.1,2025-11-12 22:59:59.999,671295.05504000,4653,3886433.40000000,322895.91436000,0
2025-11-12 23:00:00,0.0824,0.0827,0.0819,0.0822,7155869.1,2025-11-12 23:59:59.999,589135.18397000,3858,3671962.30000000,302349.20659000,0
2025-11-13 00:00:00,0.0821,0.0881,0.0812,0.0868,34764849.5,2025-11-13 00:59:59.999,2977197.46020000,18812,16793549.80000000,1439013.49050000,0
2025-11-13 01:00:00,0.0869,0.0885,0.0829,0.083,23703348.6,2025-11-13 01:59:59.999,2024037.85133000,16989,11182342.90000000,954471.89266000,0
2025-11-13 02:00:00,0.083,0.0852,0.0826,0.0843,19915472.3,2025-11-13 02:59:59.999,1666785.04627000,11210,10059707.30000000,841454.97488000,0
2025-11-13 03:00:00,0.0842,0.0847,0.0821,0.0828,19837913.5,2025-11-13 03:59:59.999,1653580.44242000,13558,9327730.60000000,777684.42993000,0
2025-11-13 04:00:00,0.0828,0.0831,0.0818,0.0829,12874448.9,2025-11-13 04:59:59.999,1063744.45727000,11623,6408244.30000000,529608.40407000,0
2025-11-13 05:00:00,0.0829,0.0845,0.0825,0.0837,16947797.8,2025-11-13 05:59:59.999,1414225.44731000,13693,8620371.50000000,719006.60144000,0
2025-11-13 06:00:00,0.0838,0.085,0.0834,0.0846,22143833.1,2025-11-13 06:59:59.999,1863500.42414000,14749,10853619.90000000,913398.60191000,0
2025-11-13 07:00:00,0.0845,0.0857,0.0827,0.083,28351556.1,2025-11-13 07:59:59.999,2391112.08206000,15434,12261220.00000000,1034658.49335000,0
2025-11-13 08:00:00,0.0831,0.0837,0.0822,0.0824,25298242.5,2025-11-13 08:59:59.999,2092230.37250000,14678,12252239.50000000,1013524.04547000,0
2025-11-13 09:00:00,0.0824,0.0827,0.0802,0.0803,32834745.9,2025-11-13 09:59:59.999,2660297.08376000,15288,15570917.10000000,1261496.17939000,0
2025-11-13 10:00:00,0.0804,0.0819,0.0802,0.0816,30508139.0,2025-11-13 10:59:59.999,2465645.02307000,13748,16233433.40000000,1312137.88873000,0
2025-11-13 11:00:00,0.0817,0.0822,0.0812,0.0815,16673932.7,2025-11-13 11:59:59.999,1360149.47072000,9785,8139304.40000000,664140.74437000,0
2025-11-13 12:00:00,0.0815,0.0827,0.0801,0.0801,22442842.0,2025-11-13 12:59:59.999,1837824.06724000,13405,10752106.80000000,881255.75114000,0
2025-11-13 13:00:00,0.0801,0.0802,0.0777,0.0791,27047833.9,2025-11-13 13:59:59.999,2134594.47292000,13081,12156354.40000000,959529.56565000,0
2025-11-13 14:00:00,0.079,0.0804,0.0776,0.08,33567362.0,2025-11-13 14:59:59.999,2645512.84841000,16674,15091605.60000000,1190001.35073000,0
2025-11-13 15:00:00,0.0801,0.0811,0.0785,0.0791,19788470.7,2025-11-13 15:59:59.999,1577072.67248000,13480,9415663.40000000,750301.92118000,0
2025-11-13 16:00:00,0.0791,0.0794,0.0768,0.0772,20366486.0,2025-11-13 16:59:59.999,1589019.31857000,12675,8945505.80000000,698214.48709000,0
2025-11-13 17:00:00,0.0772,0.0776,0.0764,0.0768,17958465.4,2025-11-13 17:59:59.999,1384126.91587000,9640,8488810.30000000,654447.88508000,0
2025-11-13 18:00:00,0.0767,0.0769,0.0739,0.0746,18632090.1,2025-11-13 18:59:59.999,1401153.08594000,9307,8233549.30000000,619273.60139000,0
2025-11-13 19:00:00,0.0746,0.075,0.0733,0.0737,13082186.5,2025-11-13 19:59:59.999,969244.60631000,8427,6511006.00000000,482474.87302000,0
2025-11-13 20:00:00,0.0738,0.0746,0.0735,0.074,9295840.1,2025-11-13 20:59:59.999,688509.55835000,6231,4603805.80000000,340994.31764000,0
2025-11-13 21:00:00,0.074,0.0751,0.0723,0.0732,13992466.1,2025-11-13 21:59:59.999,1025035.26386000,5501,6520191.40000000,477836.09909000,0
2025-11-13 22:00:00,0.0731,0.0749,0.0731,0.0739,15684288.4,2025-11-13 22:59:59.999,1156309.68362000,5592,7755825.00000000,571712.95152000,0
2025-11-13 23:00:00,0.0738,0.0746,0.073,0.0733,14882022.3,2025-11-13 23:59:59.999,1098416.91381000,6235,7684280.50000000,567014.06054000,0
2025-11-14 00:00:00,0.0733,0.0734,0.0711,0.0717,14444617.5,2025-11-14 00:59:59.999,1038363.23880000,9035,6745118.20000000,484891.52259000,0
2025-11-14 01:00:00,0.0716,0.0747,0.0705,0.0727,27911873.7,2025-11-14 01:59:59.999,2034969.64929000,14633,14748330.50000000,1075495.87391000,0
2025-11-14 02:00:00,0.0726,0.0728,0.0715,0.0715,13562071.6,2025-11-14 02:59:59.999,979450.49040000,8605,6036637.60000000,436332.74580000,0
2025-11-14 03:00:00,0.0716,0.0719,0.0705,0.0712,11071446.5,2025-11-14 03:59:59.999,787969.05113000,6446,4996447.60000000,355600.02180000,0
2025-11-14 04:00:00,0.0711,0.0713,0.0692,0.0705,27044082.0,2025-11-14 04:59:59.999,1905469.79372000,11393,13142640.50000000,926448.28603000,0
2025-11-14 05:00:00,0.0705,0.0716,0.0702,0.071,16223443.1,2025-11-14 05:59:59.999,1150127.09735000,9773,7586021.50000000,537935.21007000,0
2025-11-14 06:00:00,0.0709,0.0735,0.0706,0.0734,21020492.8,2025-11-14 06:59:59.999,1501634.62594000,10329,11001977.80000000,786089.13404000,0
2025-11-14 07:00:00,0.0733,0.0739,0.0716,0.0724,31877605.9,2025-11-14 07:59:59.999,2314103.82225000,12837,16363827.40000000,1187350.00673000,0
2025-11-14 08:00:00,0.0724,0.0736,0.0715,0.0716,18917003.0,2025-11-14 08:59:59.999,1369815.64793000,9512,8876664.50000000,643064.89307000,0
2025-11-14 09:00:00,0.0716,0.0724,0.0707,0.0712,18288244.3,2025-11-14 09:59:59.999,1308249.65245000,8791,8348021.70000000,597456.33163000,0
2025-11-14 10:00:00,0.0711,0.0718,0.0708,0.0709,14086277.1,2025-11-14 10:59:59.999,1003777.96292000,10613,6887282.70000000,490989.03727000,0
2025-11-14 11:00:00,0.071,0.0713,0.0701,0.0708,15733194.9,2025-11-14 11:59:59.999,1110777.73211000,10420,7405657.70000000,523172.48035000,0
2025-11-14 12:00:00,0.0708,0.0727,0.0701,0.0718,20993020.6,2025-11-14 12:59:59.999,1492598.65296000,12398,10444623.00000000,742952.43890000,0
2025-11-14 13:00:00,0.0719,0.0726,0.0706,0.0718,17890300.5,2025-11-14 13:59:59.999,1279297.85433000,10627,9420009.50000000,673498.98024000,0
2025-11-14 14:00:00,0.0718,0.0735,0.0711,0.0731,23523929.2,2025-11-14 14:59:59.999,1704682.08974000,12715,11581882.70000000,839276.12962000,0
2025-11-14 15:00:00,0.073,0.0739,0.0722,0.0732,20360312.2,2025-11-14 15:59:59.999,1484622.43309000,12067,10635429.30000000,776326.79385000,0
2025-11-14 16:00:00,0.0733,0.0741,0.0727,0.0736,14844201.9,2025-11-14 16:59:59.999,1090067.15185000,10164,7859704.20000000,577506.47926000,0
2025-11-14 17:00:00,0.0737,0.0745,0.0732,0.0734,14667542.3,2025-11-14 17:59:59.999,1083336.65027000,8204,7034012.70000000,519880.22374000,0
2025-11-14 18:00:00,0.0735,0.075,0.0733,0.0745,12852369.0,2025-11-14 18:59:59.999,954311.57391000,6906,7030171.50000000,522139.56913000,0
2025-11-14 19:00:00,0.0744,0.0769,0.0743,0.0767,16304241.5,2025-11-14 19:59:59.999,1236070.06711000,8181,8545932.40000000,647827.66436000,0
2025-11-14 20:00:00,0.0766,0.0774,0.0747,0.0756,11506347.1,2025-11-14 20:59:59.999,873339.70286000,6173,5440864.20000000,413053.58652000,0
2025-11-14 21:00:00,0.0756,0.0767,0.0754,0.0762,6883971.4,2025-11-14 21:59:59.999,524035.81642000,4149,3609924.30000000,274789.62540000,0
2025-11-14 22:00:00,0.0761,0.0765,0.0751,0.0752,7140774.2,2025-11-14 22:59:59.999,541977.69764000,3891,3207789.70000000,243545.23514000,0
2025-11-14 23:00:00,0.0752,0.0759,0.0734,0.0757,39688443.9,2025-11-14 23:59:59.999,2976575.91566000,9771,19438420.80000000,1456958.86815000,0
2025-11-15 00:00:00,0.0758,0.0767,0.0752,0.0752,63266884.2,2025-11-15 00:59:59.999,4803580.75935000,17121,28180718.60000000,2140219.06600000,0
2025-11-15 01:00:00,0.0751,0.0764,0.0746,0.0758,51407453.2,2025-11-15 01:59:59.999,3891945.27187000,12404,28126830.90000000,2129534.41449000,0
2025-11-15 02:00:00,0.0759,0.0777,0.0753,0.0774,10547288.2,2025-11-15 02:59:59.999,803635.11530000,6234,6465809.80000000,492543.20077000,0
2025-11-15 03:00:00,0.0775,0.0786,0.0769,0.077,16566964.8,2025-11-15 03:59:59.999,1287389.29983000,9301,7500658.30000000,582999.09805000,0
2025-11-15 04:00:00,0.077,0.0774,0.0755,0.0759,13957350.5,2025-11-15 04:59:59.999,1064841.61478000,7954,7759394.30000000,591989.73665000,0
2025-11-15 05:00:00,0.0759,0.0769,0.0757,0.0762,13305582.1,2025-11-15 05:59:59.999,1014928.37820000,7190,6166296.80000000,470580.61147000,0
2025-11-15 06:00:00,0.0761,0.0765,0.0748,0.0751,15223876.5,2025-11-15 06:59:59.999,1152970.86196000,8247,6610958.90000000,501043.84497000,0
2025-11-15 07:00:00,0.0752,0.0753,0.074,0.0741,31912716.0,2025-11-15 07:59:59.999,2383467.40870000,14261,14339919.90000000,1071701.32262000,0
2025-11-15 08:00:00,0.0741,0.0746,0.0735,0.0738,42280177.8,2025-11-15 08:59:59.999,3130684.89994000,19587,20047720.80000000,1485343.64236000,0
2025-11-15 09:00:00,0.0738,0.0764,0.0734,0.0762,31057613.1,2025-11-15 09:59:59.999,2336149.58525000,14267,15672809.40000000,1178971.61704000,0
2025-11-15 10:00:00,0.0761,0.0792,0.0755,0.0785,35897780.2,2025-11-15 10:59:59.999,2777487.28853000,13522,19484085.40000000,1508806.72413000,0
2025-11-15 11:00:00,0.0786,0.0807,0.0778,0.0778,45017785.5,2025-11-15 11:59:59.999,3569023.94325000,19375,22641667.80000000,1796238.88441000,0
2025-11-15 12:00:00,0.0779,0.0818,0.0774,0.081,50394358.1,2025-11-15 12:59:59.999,4026344.86493000,23264,27724871.40000000,2214033.53521000,0
2025-11-15 13:00:00,0.0811,0.0822,0.0806,0.0814,36890414.6,2025-11-15 13:59:59.999,3000074.06820000,18137,18891900.60000000,1536997.30049000,0
2025-11-15 14:00:00,0.0814,0.0831,0.081,0.0823,55198574.6,2025-11-15 14:59:59.999,4525787.30103000,21259,28631173.40000000,2348311.89051000,0
2025-11-15 15:00:00,0.0823,0.085,0.0819,0.0835,57859850.1,2025-11-15 15:59:59.999,4839290.89843000,23458,30232943.60000000,2529246.21401000,0
2025-11-15 16:00:00,0.0834,0.0842,0.0817,0.0821,37947403.5,2025-11-15 16:59:59.999,3144032.62272000,18741,18121982.70000000,1501987.63453000,0
2025-11-15 17:00:00,0.0821,0.0834,0.0818,0.0832,36167795.2,2025-11-15 17:59:59.999,2981079.86387000,15706,19068776.00000000,1572118.22375000,0
2025-11-15 18:00:00,0.0832,0.0844,0.0823,0.0833,19121689.8,2025-11-15 18:59:59.999,1594843.15707000,10624,10052739.30000000,838315.98040000,0
2025-11-15 19:00:00,0.0834,0.0855,0.0808,0.0825,67394641.5,2025-11-15 19:59:59.999,5626831.02930000,18702,32829310.00000000,2740999.92026000,0
2025-11-15 20:00:00,0.0825,0.0833,0.0818,0.0826,36907054.5,2025-11-15 20:59:59.999,3050374.21764000,11514,19939553.30000000,1648028.20303000,0
2025-11-15 21:00:00,0.0826,0.0826,0.0815,0.0816,6094539.5,2025-11-15 21:59:59.999,500646.63596000,3791,2988534.40000000,245646.14297000,0
2025-11-15 22:00:00,0.0817,0.0819,0.0808,0.0817,8921703.5,2025-11-15 22:59:59.999,725473.31532000,4692,4691219.20000000,381617.93894000,0
2025-11-15 23:00:00,0.0817,0.0826,0.0814,0.0818,11388530.2,2025-11-15 23:59:59.999,935587.53753000,5867,6135354.10000000,504044.99841000,0
2025-11-16 00:00:00,0.0817,0.0841,0.0817,0.084,24073433.8,2025-11-16 00:59:59.999,1996113.87716000,10508,12668472.50000000,1050612.44971000,0
2025-11-16 01:00:00,0.0839,0.084,0.0799,0.0806,24067416.9,2025-11-16 01:59:59.999,1957850.53432000,11387,10812593.10000000,878223.41422000,0
2025-11-16 02:00:00,0.0806,0.0834,0.0803,0.082,22123388.6,2025-11-16 02:59:59.999,1812147.56108000,10551,11561020.70000000,945833.83743000,0
2025-11-16 03:00:00,0.082,0.0823,0.081,0.0816,25720877.5,2025-11-16 03:59:59.999,2098698.95346000,9838,12644338.00000000,1031884.93069000,0
2025-11-16 04:00:00,0.0817,0.0837,0.0808,0.0812,90934881.3,2025-11-16 04:59:59.999,7453172.96235000,24720,47165906.30000000,3866757.83178000,0
2025-11-16 05:00:00,0.0812,0.0833,0.081,0.0821,92002134.8,2025-11-16 05:59:59.999,7548330.90432000,24707,46502571.10000000,3815942.68879000,0
2025-11-16 06:00:00,0.0822,0.0833,0.0818,0.0825,69218549.5,2025-11-16 06:59:59.999,5714001.15081000,17984,36488009.80000000,3012874.04935000,0
2025-11-16 07:00:00,0.0825,0.0843,0.0818,0.0826,72666690.9,2025-11-16 07:59:59.999,6036325.19618000,19162,38799092.30000000,3223542.23511000,0
2025-11-16 08:00:00,0.0826,0.0833,0.082,0.0829,73168289.3,2025-11-16 08:59:59.999,6049681.42878000,21119,38565980.90000000,3190051.26899000,0
2025-11-16 09:00:00,0.0829,0.0832,0.0823,0.0829,63168864.0,2025-11-16 09:59:59.999,5226848.97810000,21033,30531217.50000000,2527365.34927000,0
2025-11-16 10:00:00,0.0829,0.0854,0.0826,0.0841,50666061.9,2025-11-16 10:59:59.999,4255192.23010000,20707,25737931.80000000,2161108.46470000,0
2025-11-16 11:00:00,0.0842,0.085,0.0822,0.0829,49416816.1,2025-11-16 11:59:59.999,4134970.95564000,19969,22142177.30000000,1853197.56422000,0
2025-11-16 12:00:00,0.0829,0.0843,0.0827,0.0835,52346193.0,2025-11-16 12:59:59.999,4373580.13267000,18650,25847459.00000000,2159965.15004000,0
2025-11-16 13:00:00,0.0834,0.0865,0.0832,0.0845,110163393.9,2025-11-16 13:59:59.999,9323664.41983000,31929,56733692.20000000,4800775.39831000,0
2025-11-16 14:00:00,0.0846,0.0884,0.0845,0.085,99375553.7,2025-11-16 14:59:59.999,8541403.84225000,28991,47998506.30000000,4126507.12292000,0
2025-11-16 15:00:00,0.085,0.0858,0.0827,0.0831,84347891.3,2025-11-16 15:59:59.999,7114692.29983000,30082,39823622.00000000,3360684.57863000,0
2025-11-16 16:00:00,0.0832,0.0852,0.0825,0.0842,80156907.0,2025-11-16 16:59:59.999,6734022.60844000,32321,40552367.10000000,3407423.05699000,0
2025-11-16 17:00:00,0.0841,0.0863,0.0837,0.0857,67791686.1,2025-11-16 17:59:59.999,5756634.15677000,26025,35231069.70000000,2992205.98762000,0
2025-11-16 18:00:00,0.0856,0.0867,0.0847,0.0861,52376341.6,2025-11-16 18:59:59.999,4486198.17452000,22604,26356270.30000000,2258131.97146000,0
2025-11-16 19:00:00,0.0861,0.0893,0.0861,0.0885,53472788.8,2025-11-16 19:59:59.999,4695328.19609000,21430,28080627.70000000,2465142.42695000,0
2025-11-16 20:00:00,0.0884,0.0887,0.0851,0.0873,60944171.3,2025-11-16 20:59:59.999,5302032.95536000,19601,24439446.10000000,2125024.15523000,0
2025-11-16 21:00:00,0.0872,0.0872,0.0858,0.0863,21099184.0,2025-11-16 21:59:59.999,1822290.64085000,8001,10247494.30000000,885101.44651000,0
2025-11-16 22:00:00,0.0863,0.0871,0.0848,0.0866,16414022.7,2025-11-16 22:59:59.999,1410296.54199000,6067,8123177.60000000,697930.73213000,0
2025-11-16 23:00:00,0.0865,0.0872,0.0855,0.0865,30993714.3,2025-11-16 23:59:59.999,2676542.89327000,11220,14353776.90000000,1239914.36294000,0
2025-11-17 00:00:00,0.0864,0.0896,0.0847,0.089,54909489.5,2025-11-17 00:59:59.999,4792321.49359000,19024,27879284.40000000,2433119.40490000,0
2025-11-17 01:00:00,0.0889,0.0908,0.0878,0.0907,117977464.8,2025-11-17 01:59:59.999,10477489.11507000,25557,58447895.70000000,5193205.74113000,0
2025-11-17 02:00:00,0.0907,0.0935,0.0901,0.0925,164784811.5,2025-11-17 02:59:59.999,15181547.26615000,36760,81542534.80000000,7514239.77558000,0
2025-11-17 03:00:00,0.0926,0.0947,0.0919,0.0944,196050250.3,2025-11-17 03:59:59.999,18234280.15214000,35130,97856855.00000000,9103345.89279000,0
2025-11-17 04:00:00,0.0945,0.095,0.0906,0.0914,188149473.4,2025-11-17 04:59:59.999,17318887.35334000,45122,86163986.60000000,7927815.75135000,0
2025-11-17 05:00:00,0.0914,0.0915,0.0878,0.0896,289087925.2,2025-11-17 05:59:59.999,25956044.19295000,62854,138731814.80000000,12454961.65284000,0
2025-11-17 06:00:00,0.0896,0.0908,0.0886,0.0897,521703948.2,2025-11-17 06:59:59.999,46821809.35628000,112955,247607705.70000000,22230118.02226000,0
2025-11-17 07:00:00,0.0897,0.0925,0.0893,0.0911,799484527.2,2025-11-17 07:59:59.999,72741659.92413000,140866,394510822.40000000,35897166.02470000,0
2025-11-17 08:00:00,0.091,0.0921,0.0898,0.0908,1161457129.1,2025-11-17 08:59:59.999,105879780.14198000,188513,494089206.10000000,45084071.28164000,0
2025-11-17 09:00:00,0.0908,0.0925,0.0849,0.0852,1642330683.6,2025-11-17 09:59:59.999,148369388.25872000,275196,627959580.20000000,56788700.51417000,0
2025-11-17 10:00:00,0.0853,0.0866,0.0752,0.0775,1328590822.1,2025-11-17 10:59:59.999,106439864.38527000,233283,550482953.80000000,44074747.84330000,0
2025-11-17 11:00:00,0.0774,0.0822,0.0773,0.0806,1028423149.1,2025-11-17 11:59:59.999,81996312.71067000,150342,443594344.20000000,35395126.64850000,0
2025-11-17 12:00:00,0.0807,0.0824,0.0798,0.0807,55233022.2,2025-11-17 12:59:59.999,4476049.23279000,9977,28428469.30000000,2303404.51674000,0
2025-11-17 13:00:00,0.0807,0.0819,0.0802,0.081,21109728.3,2025-11-17 13:59:59.999,1711415.31846000,6211,10524396.00000000,853027.37470000,0
2025-11-17 14:00:00,0.081,0.0863,0.0803,0.0844,41635789.5,2025-11-17 14:59:59.999,3473267.37837000,14127,22312143.80000000,1858655.73362000,0
2025-11-17 15:00:00,0.0845,0.085,0.0825,0.0831,15030797.3,2025-11-17 15:59:59.999,1254270.81905000,6720,7116693.50000000,593617.64983000,0
2025-11-17 16:00:00,0.0832,0.0858,0.0826,0.0854,15636661.0,2025-11-17 16:59:59.999,1316781.84737000,5228,8874136.70000000,747108.24923000,0
2025-11-17 17:00:00,0.0855,0.0866,0.0846,0.0853,13277155.4,2025-11-17 17:59:59.999,1133961.72140000,5025,6854104.40000000,585587.22631000,0
2025-11-17 18:00:00,0.0854,0.086,0.0828,0.0831,12238854.6,2025-11-17 18:59:59.999,1027269.83268000,5124,6233882.80000000,523090.40154000,0
2025-11-17 19:00:00,0.0832,0.0835,0.0819,0.0823,10399539.1,2025-11-17 19:59:59.999,859263.04156000,5008,4858948.40000000,401612.22089000,0
2025-11-17 20:00:00,0.0823,0.0829,0.0805,0.0811,12075467.3,2025-11-17 20:59:59.999,981090.77636000,5646,5518464.00000000,448362.81567000,0
2025-11-17 21:00:00,0.0811,0.0815,0.0799,0.0806,7455842.1,2025-11-17 21:59:59.999,601933.31188000,3113,3647849.80000000,294442.84529000,0
2025-11-17 22:00:00,0.0806,0.0814,0.0801,0.0803,5915207.4,2025-11-17 22:59:59.999,476368.11032000,2517,2800510.20000000,225627.72724000,0
2025-11-17 23:00:00,0.0803,0.081,0.0797,0.0804,4401101.2,2025-11-17 23:59:59.999,353256.33694000,2785,1820257.50000000,146148.51387000,0
2025-11-18 00:00:00,0.0805,0.0805,0.0774,0.0791,11806330.7,2025-11-18 00:59:59.999,930520.40475000,5273,5073200.90000000,399346.55259000,0
2025-11-18 01:00:00,0.079,0.08,0.0776,0.0781,8112243.9,2025-11-18 01:59:59.999,639877.17154000,3667,4211901.10000000,332354.12779000,0
2025-11-18 02:00:00,0.0781,0.0801,0.0777,0.0789,9414484.4,2025-11-18 02:59:59.999,743654.04348000,5103,5088554.70000000,401840.72631000,0
2025-11-18 03:00:00,0.079,0.0821,0.0783,0.0807,15855697.7,2025-11-18 03:59:59.999,1270507.48330000,7205,8521225.80000000,682549.63008000,0
2025-11-18 04:00:00,0.0807,0.0808,0.0791,0.0803,9865913.9,2025-11-18 04:59:59.999,788906.69274000,4458,5381507.00000000,430127.13145000,0
2025-11-18 05:00:00,0.0803,0.0804,0.0791,0.0794,8171419.1,2025-11-18 05:59:59.999,651451.89609000,4013,3883768.30000000,309631.39071000,0
2025-11-18 06:00:00,0.0795,0.0796,0.0781,0.0784,4035401.8,2025-11-18 06:59:59.999,317841.61912000,1787,1950588.90000000,153678.79237000,0
2025-11-18 07:00:00,0.0784,0.0788,0.078,0.0782,5222528.4,2025-11-18 07:59:59.999,409105.21047000,2055,2655094.30000000,207970.76210000,0
2025-11-18 08:00:00,0.0781,0.0793,0.0773,0.079,8262051.2,2025-11-18 08:59:59.999,645178.49516000,2700,4578524.40000000,357785.09842000,0
2025-11-18 09:00:00,0.0791,0.0793,0.078,0.0783,4328114.7,2025-11-18 09:59:59.999,340149.44059000,2032,1979973.60000000,155626.18282000,0
2025-11-18 10:00:00,0.0784,0.0787,0.0775,0.0782,2736148.8,2025-11-18 10:59:59.999,213734.40112000,1001,1437931.10000000,112343.28643000,0
2025-11-18 11:00:00,0.0782,0.0804,0.0775,0.0797,7520737.0,2025-11-18 11:59:59.999,593626.24794000,2216,4280143.50000000,337711.32318000,0
2025-11-18 12:00:00,0.0796,0.0814,0.0786,0.0811,7502827.5,2025-11-18 12:59:59.999,600895.92163000,3443,3813978.70000000,305927.59481000,0
2025-11-18 13:00:00,0.0811,0.082,0.0802,0.0817,5378051.0,2025-11-18 13:59:59.999,436387.46425000,3080,2311777.60000000,187681.02727000,0
2025-11-18 14:00:00,0.0817,0.0838,0.0811,0.0828,9991692.0,2025-11-18 14:59:59.999,823000.65001000,4345,5103051.70000000,420600.85756000,0
2025-11-18 15:00:00,0.0829,0.0865,0.0825,0.0858,10958483.8,2025-11-18 15:59:59.999,931298.75499000,5833,5395443.40000000,458551.41661000,0
2025-11-18 16:00:00,0.0858,0.0884,0.0852,0.0868,9786649.6,2025-11-18 16:59:59.999,848244.86659000,4245,5376824.70000000,466368.44389000,0
2025-11-18 17:00:00,0.0867,0.089,0.0862,0.0886,4759896.4,2025-11-18 17:59:59.999,415905.73742000,2779,2513983.30000000,219875.49624000,0
2025-11-18 18:00:00,0.0886,0.089,0.0876,0.0878,4798306.7,2025-11-18 18:59:59.999,422852.54846000,2336,2319254.60000000,204435.20158000,0
2025-11-18 19:00:00,0.0879,0.0886,0.0869,0.087,2967703.3,2025-11-18 19:59:59.999,260035.33093000,1781,1432537.70000000,125594.54284000,0
2025-11-18 20:00:00,0.087,0.0878,0.0866,0.0871,1903998.8,2025-11-18 20:59:59.999,165796.63360000,1310,1125164.00000000,98004.61601000,0
2025-11-18 21:00:00,0.0871,0.0871,0.0856,0.0857,1726875.8,2025-11-18 21:59:59.999,148968.79005000,787,930904.20000000,80315.45381000,0
2025-11-18 22:00:00,0.0857,0.0861,0.0849,0.0855,2259217.1,2025-11-18 22:59:59.999,193239.32865000,777,969941.90000000,82942.67904000,0
2025-11-18 23:00:00,0.0855,0.087,0.0854,0.0868,6071391.3,2025-11-18 23:59:59.999,524551.69020000,1487,2399478.00000000,207245.39945000,0
2025-11-19 00:00:00,0.0868,0.0883,0.0863,0.0881,12075441.8,2025-11-19 00:59:59.999,1052359.88664000,3040,5559615.10000000,484664.03860000,0
2025-11-19 01:00:00,0.0881,0.0906,0.0874,0.0888,11013045.7,2025-11-19 01:59:59.999,979926.37960000,3641,5918758.30000000,526724.61717000,0
2025-11-19 02:00:00,0.089,0.0894,0.088,0.0882,6564896.3,2025-11-19 02:59:59.999,581481.68647000,2270,2557351.40000000,226655.52680000,0
2025-11-19 03:00:00,0.0881,0.0887,0.0871,0.0872,5530917.2,2025-11-19 03:59:59.999,486780.04121000,1932,2624348.80000000,231049.96419000,0
2025-11-19 04:00:00,0.0872,0.0887,0.085,0.0855,10738727.9,2025-11-19 04:59:59.999,928846.31542000,3401,4401942.00000000,380756.29554000,0
2025-11-19 05:00:00,0.0854,0.0856,0.0812,0.0821,10162403.4,2025-11-19 05:59:59.999,847518.62246000,3556,4961141.50000000,413529.24245000,0
2025-11-19 06:00:00,0.0821,0.0841,0.082,0.084,9598506.4,2025-11-19 06:59:59.999,796718.73594000,2849,4579270.90000000,380287.44524000,0
2025-11-19 07:00:00,0.0839,0.0846,0.0831,0.0837,4305269.0,2025-11-19 07:59:59.999,361531.05929000,1668,2503667.20000000,210476.71595000,0
2025-11-19 08:00:00,0.0838,0.085,0.0838,0.0849,3422209.9,2025-11-19 08:59:59.999,288509.81619000,1737,1891413.30000000,159493.20107000,0
2025-11-19 09:00:00,0.0849,0.0853,0.0838,0.0841,2936361.7,2025-11-19 09:59:59.999,247865.99031000,1474,1231076.80000000,103953.44636000,0
2025-11-19 10:00:00,0.0842,0.0875,0.0838,0.0874,8015563.4,2025-11-19 10:59:59.999,690097.25965000,3698,3812051.10000000,328639.00842000,0
2025-11-19 11:00:00,0.0873,0.089,0.0868,0.0881,7076256.1,2025-11-19 11:59:59.999,621903.83333000,3458,3293829.80000000,289683.43209000,0
2025-11-19 12:00:00,0.088,0.0898,0.087,0.0887,6706832.7,2025-11-19 12:59:59.999,592529.39600000,4047,3771280.10000000,333448.98950000,0
2025-11-19 13:00:00,0.0886,0.089,0.0875,0.0883,5301168.2,2025-11-19 13:59:59.999,467831.35759000,2863,2760662.60000000,243682.64891000,0
2025-11-19 14:00:00,0.0884,0.0887,0.0874,0.0879,4950760.5,2025-11-19 14:59:59.999,435629.18856000,2566,2341491.00000000,206070.70649000,0
2025-11-19 15:00:00,0.0881,0.0896,0.0866,0.0871,5474740.0,2025-11-19 15:59:59.999,480654.34502000,2849,2540528.10000000,223364.00780000,0
2025-11-19 16:00:00,0.0871,0.0879,0.0863,0.087,8416098.7,2025-11-19 16:59:59.999,732589.99312000,4074,4565331.30000000,397575.36537000,0
2025-11-19 17:00:00,0.087,0.0881,0.086,0.0864,7173221.1,2025-11-19 17:59:59.999,623212.01826000,3386,3826435.20000000,332540.57374000,0
2025-11-19 18:00:00,0.0863,0.0872,0.0849,0.0852,5283557.1,2025-11-19 18:59:59.999,454294.14703000,2647,2619455.70000000,225709.71020000,0
2025-11-19 19:00:00,0.0852,0.0853,0.0844,0.0846,5781791.9,2025-11-19 19:59:59.999,490134.58466000,1876,2993432.80000000,254056.08002000,0
2025-11-19 20:00:00,0.0847,0.0878,0.0842,0.0874,4339331.9,2025-11-19 20:59:59.999,372528.67293000,2408,2324938.30000000,199461.41765000,0
2025-11-19 21:00:00,0.0874,0.0896,0.0864,0.0892,6640548.5,2025-11-19 21:59:59.999,584803.30130000,3206,3737668.50000000,329089.80150000,0
2025-11-19 22:00:00,0.0891,0.0941,0.0883,0.0923,27240311.8,2025-11-19 22:59:59.999,2503737.67527000,9870,15331117.10000000,1407966.34424000,0
2025-11-19 23:00:00,0.0924,0.0934,0.0912,0.0925,18638931.6,2025-11-19 23:59:59.999,1720293.33350000,6896,10207730.80000000,942084.61533000,0
2025-11-20 00:00:00,0.0926,0.0948,0.0917,0.0939,18473051.9,2025-11-20 00:59:59.999,1721636.72447000,8153,12550346.10000000,1169444.82129000,0
2025-11-20 01:00:00,0.0939,0.0947,0.0929,0.0943,7098371.0,2025-11-20 01:59:59.999,666069.37857000,2681,3682031.50000000,345526.13263000,0
2025-11-20 02:00:00,0.0943,0.0952,0.092,0.0937,10391533.6,2025-11-20 02:59:59.999,971996.64467000,3893,4704004.10000000,440933.48183000,0
2025-11-20 03:00:00,0.0937,0.0965,0.0934,0.0946,7977200.3,2025-11-20 03:59:59.999,755603.86744000,3364,3659714.80000000,346866.41557000,0
2025-11-20 04:00:00,0.0946,0.0973,0.094,0.0969,8223957.4,2025-11-20 04:59:59.999,785874.06435000,2788,4508152.70000000,431057.19457000,0
2025-11-20 05:00:00,0.0969,0.0985,0.0956,0.0974,12921789.1,2025-11-20 05:59:59.999,1256847.07920000,5267,7174388.40000000,698196.02360000,0
2025-11-20 06:00:00,0.0975,0.0985,0.0939,0.0942,11551741.4,2025-11-20 06:59:59.999,1101884.25091000,4251,4695984.20000000,447830.59842000,0
2025-11-20 07:00:00,0.0942,0.0943,0.0929,0.0941,5303691.0,2025-11-20 07:59:59.999,495773.49867000,2053,3008669.80000000,281299.35908000,0
2025-11-20 08:00:00,0.0941,0.0971,0.0935,0.0967,7419141.4,2025-11-20 08:59:59.999,707371.16994000,2908,3636515.00000000,347008.84652000,0
2025-11-20 09:00:00,0.0967,0.0969,0.094,0.0944,8224528.2,2025-11-20 09:59:59.999,783576.82145000,3301,3315517.70000000,316001.89104000,0
2025-11-20 10:00:00,0.0944,0.0946,0.091,0.0923,7529282.7,2025-11-20 10:59:59.999,695430.08629000,2905,3454585.70000000,318948.93825000,0
2025-11-20 11:00:00,0.0924,0.0942,0.0923,0.0931,3943588.0,2025-11-20 11:59:59.999,367511.65268000,1744,1724918.30000000,160849.92216000,0
2025-11-20 12:00:00,0.0931,0.0933,0.0914,0.0917,6668256.4,2025-11-20 12:59:59.999,614837.66269000,2238,3310934.50000000,305453.06327000,0
2025-11-20 13:00:00,0.0917,0.0943,0.0916,0.0924,7433102.1,2025-11-20 13:59:59.999,689180.96859000,2860,3593891.50000000,333559.84862000,0
2025-11-20 14:00:00,0.0923,0.0933,0.0917,0.0926,5641156.7,2025-11-20 14:59:59.999,521675.71471000,2175,3020675.60000000,279501.72180000,0
2025-11-20 15:00:00,0.0927,0.0928,0.0903,0.091,5256284.1,2025-11-20 15:59:59.999,479570.77592000,2943,2355981.20000000,214964.19268000,0
2025-11-20 16:00:00,0.091,0.0913,0.0887,0.0898,8127322.0,2025-11-20 16:59:59.999,729408.64721000,3991,3400899.40000000,305327.77368000,0
2025-11-20 17:00:00,0.0898,0.0904,0.0891,0.09,4362316.7,2025-11-20 17:59:59.999,391564.52487000,2549,2058811.50000000,184903.67712000,0
2025-11-20 18:00:00,0.09,0.0907,0.0891,0.0901,4480799.0,2025-11-20 18:59:59.999,402186.18582000,1936,2167258.10000000,194588.37469000,0
2025-11-20 19:00:00,0.09,0.0901,0.0881,0.0888,3112441.5,2025-11-20 19:59:59.999,276863.19568000,1610,1519065.80000000,135140.39964000,0
2025-11-20 20:00:00,0.089,0.089,0.0877,0.0881,2752115.1,2025-11-20 20:59:59.999,242534.76052000,1063,1268658.80000000,111809.08675000,0
2025-11-20 21:00:00,0.0882,0.0902,0.0881,0.0892,3269732.0,2025-11-20 21:59:59.999,292048.83062000,1515,2020462.20000000,180623.05747000,0
2025-11-20 22:00:00,0.0892,0.092,0.0891,0.0916,5686156.9,2025-11-20 22:59:59.999,516055.87511000,1838,3125074.60000000,283780.16012000,0
2025-11-20 23:00:00,0.0917,0.0917,0.0894,0.0897,5469465.8,2025-11-20 23:59:59.999,496654.86543000,1540,2430537.70000000,220641.37095000,0
2025-11-21 00:00:00,0.0897,0.0931,0.089,0.0926,19737370.4,2025-11-21 00:59:59.999,1797787.59097000,4336,10938281.40000000,997621.03466000,0
2025-11-21 01:00:00,0.0927,0.0932,0.0914,0.0919,6909127.6,2025-11-21 01:59:59.999,638281.36629000,1888,3353317.30000000,310032.87454000,0
2025-11-21 02:00:00,0.0918,0.0919,0.0883,0.0892,18060994.2,2025-11-21 02:59:59.999,1628202.85048000,3578,7475229.80000000,674282.22770000,0
2025-11-21 03:00:00,0.0891,0.091,0.0888,0.0894,10289226.6,2025-11-21 03:59:59.999,923017.56382000,2730,5415129.60000000,486051.27839000,0
2025-11-21 04:00:00,0.0894,0.0897,0.0853,0.0874,9651283.7,2025-11-21 04:59:59.999,838891.34059000,3009,4220991.00000000,367177.64083000,0
2025-11-21 05:00:00,0.0874,0.0876,0.0854,0.086,3738990.1,2025-11-21 05:59:59.999,323129.93331000,1212,1607900.60000000,138991.45410000,0
2025-11-21 06:00:00,0.0861,0.088,0.0853,0.0869,4343478.8,2025-11-21 06:59:59.999,376328.41039000,1768,2360636.40000000,204530.73441000,0
2025-11-21 07:00:00,0.0868,0.0888,0.0824,0.0876,19638110.6,2025-11-21 07:59:59.999,1683217.81176000,6060,9609665.70000000,822678.28819000,0
2025-11-21 08:00:00,0.0876,0.0891,0.0865,0.0884,9338269.8,2025-11-21 08:59:59.999,819077.44097000,3457,4117892.70000000,361617.48907000,0
2025-11-21 09:00:00,0.0884,0.0897,0.0869,0.0871,3995920.3,2025-11-21 09:59:59.999,352426.02690000,1794,1659024.30000000,146503.98666000,0
2025-11-21 10:00:00,0.0871,0.089,0.0866,0.0884,5860165.2,2025-11-21 10:59:59.999,513733.66000000,2020,2745632.30000000,240733.56511000,0
2025-11-21 11:00:00,0.0885,0.0904,0.0884,0.0895,5452978.3,2025-11-21 11:59:59.999,487067.73226000,2001,2821883.70000000,252363.64591000,0
2025-11-21 12:00:00,0.0896,0.0937,0.0877,0.0933,10711681.1,2025-11-21 12:59:59.999,972070.88757000,3939,5749322.40000000,522522.22924000,0
2025-11-21 13:00:00,0.0933,0.0971,0.0932,0.0935,19397726.9,2025-11-21 13:59:59.999,1847833.05239000,7620,10080598.00000000,960970.20917000,0
2025-11-21 14:00:00,0.0935,0.0967,0.093,0.0961,10993778.0,2025-11-21 14:59:59.999,1043314.96485000,3788,5614087.00000000,533107.04991000,0
2025-11-21 15:00:00,0.0962,0.0996,0.0948,0.0972,17267611.6,2025-11-21 15:59:59.999,1671822.25712000,6078,8892427.70000000,862817.81446000,0
2025-11-21 16:00:00,0.0972,0.1014,0.0942,0.1006,18630952.7,2025-11-21 16:59:59.999,1819233.42879000,7468,9589794.50000000,936366.85693000,0
2025-11-21 17:00:00,0.1007,0.1041,0.0992,0.0996,16507602.5,2025-11-21 17:59:59.999,1677416.72912000,7339,8171720.10000000,831693.17068000,0
2025-11-21 18:00:00,0.0995,0.1001,0.0975,0.098,6811729.0,2025-11-21 18:59:59.999,671513.63762000,3251,3074244.10000000,303100.11961000,0
2025-11-21 19:00:00,0.098,0.1009,0.0971,0.0994,7039056.4,2025-11-21 19:59:59.999,697504.10806000,3270,3794350.60000000,376323.27885000,0
2025-11-21 20:00:00,0.0994,0.0994,0.0958,0.0974,9923603.8,2025-11-21 20:59:59.999,965786.40613000,3659,4234819.30000000,411681.46735000,0
2025-11-21 21:00:00,0.0975,0.0998,0.0975,0.0985,6012464.6,2025-11-21 21:59:59.999,593418.01080000,2704,3322829.90000000,328079.94775000,0
2025-11-21 22:00:00,0.0984,0.0989,0.0956,0.0957,5553931.7,2025-11-21 22:59:59.999,539021.16096000,1777,2495369.60000000,242578.04463000,0
2025-11-21 23:00:00,0.0958,0.1002,0.0958,0.0995,9011582.0,2025-11-21 23:59:59.999,882847.57313000,2773,5072841.50000000,496951.22116000,0
2025-11-22 00:00:00,0.0995,0.0996,0.0958,0.096,14487771.4,2025-11-22 00:59:59.999,1415433.29773000,3956,5721187.10000000,559357.51484000,0
2025-11-22 01:00:00,0.0961,0.0995,0.0961,0.0983,4199700.9,2025-11-22 01:59:59.999,410080.11911000,2370,2377939.90000000,232519.86090000,0
2025-11-22 02:00:00,0.0983,0.1014,0.0968,0.1006,12244431.2,2025-11-22 02:59:59.999,1212590.63971000,4409,6535361.90000000,648500.66495000,0
2025-11-22 03:00:00,0.1006,0.1029,0.0984,0.1021,18458034.0,2025-11-22 03:59:59.999,1868437.56169000,8179,10579612.50000000,1070889.49744000,0
2025-11-22 04:00:00,0.102,0.1027,0.0973,0.1006,12100248.5,2025-11-22 04:59:59.999,1206070.05486000,6423,5559347.80000000,554488.87778000,0
2025-11-22 05:00:00,0.1005,0.1106,0.0991,0.1094,38035424.6,2025-11-22 05:59:59.999,3975739.35317000,22374,20966453.60000000,2193600.31841000,0
2025-11-22 06:00:00,0.1094,0.1098,0.1025,0.1078,22521296.5,2025-11-22 06:59:59.999,2406394.28599000,14123,11569348.20000000,1236449.55536000,0
2025-11-22 07:00:00,0.1078,0.1161,0.1043,0.1068,27432777.3,2025-11-22 07:59:59.999,3005807.23844000,18050,13341663.80000000,1465708.75360000,0
2025-11-22 08:00:00,0.1069,0.1086,0.098,0.1073,27532109.1,2025-11-22 08:59:59.999,2849741.65376000,15805,14349296.90000000,1487858.39329000,0
2025-11-22 09:00:00,0.1073,0.1099,0.1063,0.1067,13325637.7,2025-11-22 09:59:59.999,1440161.12512000,8370,6273320.10000000,678323.94864000,0
2025-11-22 10:00:00,0.1068,0.1087,0.1045,0.1048,10012887.6,2025-11-22 10:59:59.999,1065897.15337000,6194,4749989.00000000,505986.53711000,0
2025-11-22 11:00:00,0.1049,0.1059,0.1033,0.1042,9120322.2,2025-11-22 11:59:59.999,952691.31200000,4489,3904547.30000000,408374.81078000,0
2025-11-22 12:00:00,0.1041,0.1052,0.1015,0.1024,10656183.5,2025-11-22 12:59:59.999,1102442.12196000,4873,4158852.90000000,429917.64674000,0
2025-11-22 13:00:00,0.1024,0.1041,0.0961,0.0992,23533532.2,2025-11-22 13:59:59.999,2341527.68559000,8648,9954233.10000000,989319.09941000,0
2025-11-22 14:00:00,0.0991,0.1023,0.0991,0.1009,12346526.4,2025-11-22 14:59:59.999,1244896.47623000,5155,6912760.80000000,697277.78794000,0
2025-11-22 15:00:00,0.1009,0.101,0.0981,0.1,7935900.5,2025-11-22 15:59:59.999,787945.91987000,3785,3609606.30000000,358979.73891000,0
2025-11-22 16:00:00,0.1,0.1033,0.1,0.102,5599628.0,2025-11-22 16:59:59.999,569408.90313000,2870,2731459.00000000,277769.98922000,0
2025-11-22 17:00:00,0.102,0.1029,0.1012,0.1017,3268193.8,2025-11-22 17:59:59.999,333265.75860000,1592,1391421.80000000,142061.79314000,0
2025-11-22 18:00:00,0.1017,0.1039,0.1011,0.1027,4283727.4,2025-11-22 18:59:59.999,440206.98816000,2416,2453273.70000000,252101.62537000,0
2025-11-22 19:00:00,0.1026,0.1036,0.1021,0.1023,2004559.7,2025-11-22 19:59:59.999,206107.69276000,1241,954952.50000000,98233.82299000,0
2025-11-22 20:00:00,0.1023,0.1025,0.0998,0.1002,3038876.0,2025-11-22 20:59:59.999,307720.54158000,1632,1033121.20000000,104745.29062000,0
2025-11-22 21:00:00,0.1001,0.1009,0.0984,0.1006,6907570.9,2025-11-22 21:59:59.999,689246.55455000,2685,2894133.80000000,289577.12422000,0
2025-11-22 22:00:00,0.1005,0.101,0.0994,0.1009,3189366.3,2025-11-22 22:59:59.999,319493.27748000,1368,1742228.10000000,174536.20334000,0
2025-11-22 23:00:00,0.1009,0.1016,0.0992,0.0996,5321739.2,2025-11-22 23:59:59.999,534404.28936000,2898,3139023.70000000,315198.78689000,0
2025-11-23 00:00:00,0.0996,0.0996,0.097,0.099,7003386.5,2025-11-23 00:59:59.999,689155.14456000,3514,3156924.00000000,310835.19625000,0
2025-11-23 01:00:00,0.099,0.1053,0.0989,0.1025,12246151.3,2025-11-23 01:59:59.999,1260854.06622000,5028,6229732.10000000,640620.66258000,0
2025-11-23 02:00:00,0.1025,0.1026,0.0993,0.1018,8864730.5,2025-11-23 02:59:59.999,896315.27711000,4461,3839840.50000000,388060.59886000,0
2025-11-23 03:00:00,0.1018,0.1021,0.0987,0.0992,9612115.6,2025-11-23 03:59:59.999,962608.03589000,4690,3495103.20000000,349701.40373000,0
2025-11-23 04:00:00,0.0993,0.1023,0.0986,0.0996,4971952.1,2025-11-23 04:59:59.999,496839.14311000,3459,2864216.00000000,286272.98153000,0
2025-11-23 05:00:00,0.0995,0.1,0.0987,0.0992,2754227.4,2025-11-23 05:59:59.999,273356.33406000,1758,1287574.90000000,127857.49989000,0
2025-11-23 06:00:00,0.0992,0.0996,0.0972,0.098,4930047.0,2025-11-23 06:59:59.999,484090.44251000,2763,2319329.00000000,227748.62201000,0
2025-11-23 07:00:00,0.0979,0.0987,0.0965,0.0977,4695714.7,2025-11-23 07:59:59.999,458271.86639000,3485,1918308.90000000,187498.64000000,0
2025-11-23 08:00:00,0.0977,0.0979,0.097,0.0972,1698422.2,2025-11-23 08:59:59.999,165631.38996000,1152,690263.00000000,67327.80822000,0
2025-11-23 09:00:00,0.0972,0.0974,0.0953,0.0953,3066793.7,2025-11-23 09:59:59.999,294659.30890000,2081,1309070.00000000,125863.71943000,0
2025-11-23 10:00:00,0.0954,0.0955,0.0931,0.0947,4197027.4,2025-11-23 10:59:59.999,396101.00479000,2714,2039553.40000000,192601.64677000,0
2025-11-23 11:00:00,0.0947,0.0988,0.0945,0.0982,4874649.4,2025-11-23 11:59:59.999,471395.00560000,2863,2628404.40000000,254569.16422000,0
2025-11-23 12:00:00,0.0982,0.1009,0.097,0.1001,4462052.8,2025-11-23 12:59:59.999,441285.20477000,2849,2498689.60000000,247445.32720000,0
2025-11-23 13:00:00,0.1002,0.1004,0.0979,0.0984,4134294.2,2025-11-23 13:59:59.999,409875.55285000,3132,1965082.60000000,195057.98279000,0
2025-11-23 14:00:00,0.0984,0.1009,0.0979,0.0998,3870646.0,2025-11-23 14:59:59.999,384378.92093000,2567,1951158.40000000,193959.60368000,0
2025-11-23 15:00:00,0.0997,0.1024,0.0991,0.1012,8082690.1,2025-11-23 15:59:59.999,814048.62433000,4927,3596861.80000000,362107.33349000,0
2025-11-23 16:00:00,0.1012,0.102,0.1007,0.1012,2584815.7,2025-11-23 16:59:59.999,262005.60940000,1977,1175644.50000000,119281.05029000,0
2025-11-23 17:00:00,0.1011,0.1016,0.1,0.1013,2055774.6,2025-11-23 17:59:59.999,207130.40900000,1691,1105802.00000000,111395.05819000,0
2025-11-23 18:00:00,0.1013,0.1026,0.101,0.1013,3709181.6,2025-11-23 18:59:59.999,377696.59237000,2173,2095062.00000000,213439.77034000,0
2025-11-23 19:00:00,0.1013,0.1027,0.1006,0.1014,2670269.0,2025-11-23 19:59:59.999,271421.28266000,1617,1228803.20000000,125006.90743000,0
2025-11-23 20:00:00,0.1015,0.1017,0.1,0.1002,2060790.6,2025-11-23 20:59:59.999,207415.34321000,1762,803261.70000000,80889.52879000,0
2025-11-23 21:00:00,0.1002,0.1019,0.0996,0.1017,1763871.7,2025-11-23 21:59:59.999,178334.93398000,1200,1210270.40000000,122564.35277000,0
2025-11-23 22:00:00,0.1016,0.1016,0.0985,0.0992,4626662.5,2025-11-23 22:59:59.999,461301.54273000,2290,2151384.50000000,214332.12108000,0
2025-11-23 23:00:00,0.0992,0.0997,0.0978,0.0979,3946989.6,2025-11-23 23:59:59.999,388944.16772000,2174,1637915.10000000,161720.74799000,0
2025-11-24 00:00:00,0.0979,0.0979,0.0933,0.0942,8345566.1,2025-11-24 00:59:59.999,793563.59853000,3628,3707143.70000000,352303.20033000,0
2025-11-24 01:00:00,0.0942,0.0956,0.0941,0.095,3451287.7,2025-11-24 01:59:59.999,328124.24064000,1533,1783005.20000000,169483.19863000,0
2025-11-24 02:00:00,0.0949,0.0967,0.0948,0.0953,2941579.8,2025-11-24 02:59:59.999,281912.22664000,1557,1363015.80000000,130719.16637000,0
2025-11-24 03:00:00,0.0953,0.0958,0.0944,0.0952,2247286.2,2025-11-24 03:59:59.999,213116.61647000,1339,961742.30000000,91191.49020000,0
2025-11-24 04:00:00,0.0952,0.0955,0.0932,0.0942,4144561.9,2025-11-24 04:59:59.999,389433.92226000,2056,2008186.90000000,188681.25498000,0
2025-11-24 05:00:00,0.0943,0.0966,0.0943,0.0959,2532435.5,2025-11-24 05:59:59.999,242122.06560000,1686,1354095.50000000,129497.81697000,0
2025-11-24 06:00:00,0.0958,0.0973,0.0943,0.0964,4805077.7,2025-11-24 06:59:59.999,459991.97490000,2387,2409565.20000000,230729.13745000,0
2025-11-24 07:00:00,0.0964,0.0994,0.0964,0.0978,6493316.0,2025-11-24 07:59:59.999,637508.15191000,3267,3668291.80000000,359959.38486000,0
2025-11-24 08:00:00,0.0978,0.0996,0.0973,0.0992,2605520.4,2025-11-24 08:59:59.999,255012.45765000,1482,1300882.10000000,127430.16392000,0
2025-11-24 09:00:00,0.0992,0.0993,0.0969,0.0976,4130998.5,2025-11-24 09:59:59.999,403690.58120000,2031,1963789.80000000,191949.81626000,0
2025-11-24 10:00:00,0.0976,0.0983,0.096,0.0963,3172786.2,2025-11-24 10:59:59.999,308666.92214000,2153,1245430.80000000,121300.25234000,0
2025-11-24 11:00:00,0.0963,0.0969,0.0948,0.0962,3011821.3,2025-11-24 11:59:59.999,288152.16346000,1674,1613306.90000000,154305.38027000,0
2025-11-24 12:00:00,0.0962,0.1,0.0961,0.099,4618390.1,2025-11-24 12:59:59.999,456135.15674000,2369,2388514.70000000,235966.24262000,0
2025-11-24 13:00:00,0.099,0.1008,0.0977,0.0991,7530861.8,2025-11-24 13:59:59.999,749724.73819000,3549,3373289.00000000,336106.71528000,0
2025-11-24 14:00:00,0.0991,0.1006,0.0981,0.0989,4150179.4,2025-11-24 14:59:59.999,412522.17320000,2082,2022580.20000000,201151.96203000,0
2025-11-24 15:00:00,0.0989,0.0999,0.0973,0.099,2993666.7,2025-11-24 15:59:59.999,295193.30842000,1841,1807642.30000000,178375.71115000,0
2025-11-24 16:00:00,0.099,0.1004,0.0982,0.0995,2064880.1,2025-11-24 16:59:59.999,204833.00563000,1686,1096241.60000000,108807.58565000,0
2025-11-24 17:00:00,0.0995,0.1008,0.0989,0.1007,2848902.5,2025-11-24 17:59:59.999,284735.54453000,2162,1573649.60000000,157448.85468000,0
2025-11-24 18:00:00,0.1007,0.1014,0.0996,0.1002,3120745.7,2025-11-24 18:59:59.999,313135.89776000,1849,1877251.00000000,188422.30112000,0
2025-11-24 19:00:00,0.1003,0.1009,0.0992,0.0998,1590410.1,2025-11-24 19:59:59.999,159004.24670000,1179,754083.30000000,75434.41666000,0
2025-11-24 20:00:00,0.1,0.1005,0.0993,0.1001,852485.5,2025-11-24 20:59:59.999,85157.40770000,704,350969.00000000,35060.48027000,0
2025-11-24 21:00:00,0.1001,0.1011,0.0999,0.1,1226987.4,2025-11-24 21:59:59.999,123344.90431000,1098,507504.50000000,51024.22241000,0
2025-11-24 22:00:00,0.1,0.1024,0.0997,0.1016,2657256.3,2025-11-24 22:59:59.999,268897.51644000,1194,1639721.60000000,165947.88616000,0
2025-11-24 23:00:00,0.1015,0.1024,0.1005,0.1007,4297998.4,2025-11-24 23:59:59.999,435229.23375000,2021,2022448.00000000,204829.72579000,0
2025-11-25 00:00:00,0.1007,0.1025,0.0998,0.1016,4242792.1,2025-11-25 00:59:59.999,429370.46317000,2286,2682834.60000000,271522.98418000,0
2025-11-25 01:00:00,0.1018,0.1023,0.1007,0.1014,3335512.1,2025-11-25 01:59:59.999,338726.13612000,1903,1450014.00000000,147228.10380000,0
2025-11-25 02:00:00,0.1014,0.1033,0.1009,0.1016,3327433.8,2025-11-25 02:59:59.999,339864.71577000,2031,1778242.90000000,181613.79941000,0
2025-11-25 03:00:00,0.1016,0.1019,0.1005,0.1012,2237919.3,2025-11-25 03:59:59.999,226546.59817000,1894,1237946.00000000,125359.76600000,0
2025-11-25 04:00:00,0.1012,0.1014,0.0999,0.1003,2814809.6,2025-11-25 04:59:59.999,283070.30103000,2608,1029055.30000000,103588.55006000,0
2025-11-25 05:00:00,0.1002,0.101,0.0994,0.0997,2287697.5,2025-11-25 05:59:59.999,228725.25761000,2718,922323.10000000,92252.83131000,0
2025-11-25 06:00:00,0.0997,0.0998,0.098,0.0985,2560757.1,2025-11-25 06:59:59.999,253122.10858000,3369,842126.10000000,83261.63931000,0
2025-11-25 07:00:00,0.0986,0.0992,0.097,0.0972,2611730.1,2025-11-25 07:59:59.999,256368.06495000,3459,1120606.00000000,110077.85274000,0
2025-11-25 08:00:00,0.0972,0.1003,0.0969,0.0996,3082730.4,2025-11-25 08:59:59.999,305466.63706000,3456,1857529.40000000,184088.33000000,0
2025-11-25 09:00:00,0.0996,0.1003,0.0983,0.0989,3829907.7,2025-11-25 09:59:59.999,379987.77191000,4248,1951058.90000000,193646.97867000,0
2025-11-25 10:00:00,0.0988,0.0994,0.0978,0.0993,1833981.4,2025-11-25 10:59:59.999,180542.08100000,1449,833897.90000000,82123.82233000,0
2025-11-25 11:00:00,0.0992,0.0998,0.0983,0.0985,1250957.6,2025-11-25 11:59:59.999,123908.95998000,937,621384.40000000,61614.49548000,0
2025-11-25 12:00:00,0.0986,0.1007,0.0984,0.1,1551588.4,2025-11-25 12:59:59.999,155046.68588000,1437,811580.90000000,81094.47510000,0
2025-11-25 13:00:00,0.0999,0.1016,0.0999,0.1011,2610920.9,2025-11-25 13:59:59.999,263453.58708000,2224,1550517.60000000,156435.33246000,0
2025-11-25 14:00:00,0.1011,0.1015,0.0996,0.1004,3524750.6,2025-11-25 14:59:59.999,354187.18963000,2907,1693250.40000000,170296.67012000,0
2025-11-25 15:00:00,0.1005,0.1041,0.1,0.101,6979956.7,2025-11-25 15:59:59.999,710782.57569000,4298,3014392.40000000,307093.58402000,0
2025-11-25 16:00:00,0.101,0.103,0.1009,0.1014,3234760.9,2025-11-25 16:59:59.999,329463.49523000,2851,1559178.30000000,158947.81647000,0
2025-11-25 17:00:00,0.1014,0.1022,0.1007,0.1019,2167617.0,2025-11-25 17:59:59.999,219876.81131000,2849,1033393.80000000,104863.06258000,0
2025-11-25 18:00:00,0.1019,0.104,0.1017,0.1034,4056154.1,2025-11-25 18:59:59.999,418422.60545000,3861,2381234.10000000,245667.94616000,0
2025-11-25 19:00:00,0.1033,0.1033,0.1015,0.1017,2022262.2,2025-11-25 19:59:59.999,206319.45028000,2398,914998.00000000,93388.32811000,0
2025-11-25 20:00:00,0.1018,0.1026,0.1013,0.1024,1883672.4,2025-11-25 20:59:59.999,192028.62428000,1997,1011110.00000000,103148.65888000,0
2025-11-25 21:00:00,0.1024,0.1031,0.1014,0.1018,1441953.1,2025-11-25 21:59:59.999,147089.22494000,961,685988.30000000,70048.47012000,0
2025-11-25 22:00:00,0.1017,0.1049,0.1006,0.1046,2975971.2,2025-11-25 22:59:59.999,307106.78379000,1811,1417961.40000000,146414.37010000,0
2025-11-25 23:00:00,0.1047,0.1072,0.104,0.1048,4566376.2,2025-11-25 23:59:59.999,481188.40265000,3287,2692540.30000000,283668.43015000,0
2025-11-26 00:00:00,0.1048,0.106,0.1038,0.1051,3451723.1,2025-11-26 00:59:59.999,362647.63536000,2941,1816139.50000000,190842.60472000,0
2025-11-26 01:00:00,0.1051,0.1065,0.1043,0.1057,3445085.8,2025-11-26 01:59:59.999,362890.88975000,2800,1910105.90000000,201272.13276000,0
2025-11-26 02:00:00,0.1059,0.1082,0.1059,0.1081,6936761.8,2025-11-26 02:59:59.999,743032.96617000,4582,3665523.80000000,392957.03906000,0
2025-11-26 03:00:00,0.1081,0.1106,0.1077,0.1081,7026306.3,2025-11-26 03:59:59.999,765982.23567000,6666,3666821.50000000,399898.38033000,0
2025-11-26 04:00:00,0.1081,0.1092,0.1065,0.1073,4880419.7,2025-11-26 04:59:59.999,525495.86274000,4079,2545606.10000000,274073.01620000,0
2025-11-26 05:00:00,0.1073,0.1084,0.1052,0.1054,3761241.9,2025-11-26 05:59:59.999,400323.69707000,2973,1486094.20000000,158225.90484000,0
2025-11-26 06:00:00,0.1055,0.106,0.1012,0.1016,5074357.6,2025-11-26 06:59:59.999,523897.13802000,3750,2432995.90000000,250988.03417000,0
2025-11-26 07:00:00,0.1017,0.1034,0.1012,0.1029,1718962.8,2025-11-26 07:59:59.999,176130.61968000,1569,1034819.80000000,106084.22616000,0
2025-11-26 08:00:00,0.103,0.104,0.102,0.1036,2598270.8,2025-11-26 08:59:59.999,267944.24606000,2116,1292981.90000000,133396.65698000,0
2025-11-26 09:00:00,0.1037,0.1045,0.102,0.1026,3711380.0,2025-11-26 09:59:59.999,383538.95300000,3644,1761521.60000000,182207.90475000,0
2025-11-26 10:00:00,0.1027,0.1027,0.1011,0.102,2137432.3,2025-11-26 10:59:59.999,217783.44330000,2363,1194765.00000000,121706.80911000,0
2025-11-26 11:00:00,0.102,0.1031,0.1016,0.1025,1625419.4,2025-11-26 11:59:59.999,166405.04707000,1768,847789.50000000,86792.37885000,0
2025-11-26 12:00:00,0.1025,0.1029,0.1008,0.1018,3121378.5,2025-11-26 12:59:59.999,317431.54969000,2934,1565365.50000000,159160.30983000,0
2025-11-26 13:00:00,0.1017,0.1032,0.1012,0.1031,3833590.6,2025-11-26 13:59:59.999,391929.69107000,2749,2282424.70000000,233424.31726000,0
2025-11-26 14:00:00,0.1031,0.1066,0.1023,0.1053,8864604.7,2025-11-26 14:59:59.999,930578.92212000,5341,4931688.30000000,517986.36218000,0
2025-11-26 15:00:00,0.1053,0.1054,0.103,0.1035,2949942.2,2025-11-26 15:59:59.999,307458.20740000,2759,1393025.80000000,145268.46221000,0
2025-11-26 16:00:00,0.1036,0.1064,0.1036,0.1049,2647128.6,2025-11-26 16:59:59.999,277781.08313000,2432,1268769.50000000,132982.58059000,0
2025-11-26 17:00:00,0.105,0.1075,0.1043,0.1064,2364672.5,2025-11-26 17:59:59.999,250995.80586000,1904,1285694.70000000,136764.86321000,0
2025-11-26 18:00:00,0.1065,0.1081,0.1062,0.1077,1496428.4,2025-11-26 18:59:59.999,160005.49793000,1586,806448.40000000,86252.03921000,0
2025-11-26 19:00:00,0.1077,0.1088,0.107,0.1072,1915722.1,2025-11-26 19:59:59.999,206526.19347000,2285,880884.60000000,95046.34558000,0
2025-11-26 20:00:00,0.1072,0.1078,0.1065,0.1068,1260676.8,2025-11-26 20:59:59.999,135089.51500000,1241,452964.40000000,48562.42400000,0
2025-11-26 21:00:00,0.1069,0.1072,0.1064,0.1067,1466052.2,2025-11-26 21:59:59.999,156367.08234000,1066,712774.20000000,76052.19048000,0
2025-11-26 22:00:00,0.1066,0.1082,0.1064,0.108,1696590.0,2025-11-26 22:59:59.999,181879.36058000,1149,963554.30000000,103297.61280000,0
2025-11-26 23:00:00,0.108,0.1085,0.1069,0.1073,1895827.2,2025-11-26 23:59:59.999,204123.47385000,1587,1192277.20000000,128377.01566000,0
2025-11-27 00:00:00,0.1072,0.1094,0.1053,0.1087,4471338.6,2025-11-27 00:59:59.999,480915.68879000,3925,2653626.50000000,285781.28795000,0
2025-11-27 01:00:00,0.1086,0.1108,0.1079,0.1101,3575252.2,2025-11-27 01:59:59.999,390591.37499000,2662,1763714.10000000,192908.78267000,0
2025-11-27 02:00:00,0.1101,0.1112,0.1086,0.1086,3120596.3,2025-11-27 02:59:59.999,343776.68860000,2207,1255989.60000000,138497.76271000,0
2025-11-27 03:00:00,0.1087,0.1093,0.1071,0.1074,4488493.6,2025-11-27 03:59:59.999,484237.40158000,2983,1672663.80000000,180563.25940000,0
2025-11-27 04:00:00,0.1074,0.1087,0.1061,0.1075,2408926.6,2025-11-27 04:59:59.999,258134.90400000,2299,1272610.80000000,136500.78264000,0
2025-11-27 05:00:00,0.1075,0.1077,0.1063,0.1075,1412449.6,2025-11-27 05:59:59.999,151038.96830000,1454,611125.20000000,65377.67095000,0
2025-11-27 06:00:00,0.1074,0.111,0.1071,0.1081,5421217.0,2025-11-27 06:59:59.999,593851.25009000,3555,3301715.70000000,362107.93328000,0
2025-11-27 07:00:00,0.1081,0.1098,0.1063,0.1094,3446464.9,2025-11-27 07:59:59.999,371490.39174000,3155,1864956.00000000,201195.33715000,0
2025-11-27 08:00:00,0.1094,0.1108,0.1074,0.1077,4695374.3,2025-11-27 08:59:59.999,512569.77953000,3207,1791486.00000000,196168.18239000,0
2025-11-27 09:00:00,0.1078,0.1118,0.1076,0.1106,6950972.9,2025-11-27 09:59:59.999,764711.22040000,3958,3731172.60000000,410792.03506000,0
2025-11-27 10:00:00,0.1106,0.1137,0.1105,0.1125,7125837.5,2025-11-27 10:59:59.999,795744.64957000,4904,3915711.90000000,437471.40331000,0
2025-11-27 11:00:00,0.1124,0.117,0.107,0.1089,19955636.5,2025-11-27 11:59:59.999,2256102.78682000,12938,9036335.70000000,1024981.09668000,0
2025-11-27 12:00:00,0.109,0.1124,0.1072,0.108,9007350.0,2025-11-27 12:59:59.999,983964.68384000,8797,3626617.50000000,396651.41538000,0
2025-11-27 13:00:00,0.1079,0.1106,0.1068,0.1093,5989425.6,2025-11-27 13:59:59.999,651622.80437000,4211,2798265.40000000,304450.05944000,0
2025-11-27 14:00:00,0.1093,0.1095,0.1067,0.1077,3715430.1,2025-11-27 14:59:59.999,401281.11808000,2757,928025.70000000,100403.52360000,0
2025-11-27 15:00:00,0.1077,0.1078,0.1059,0.1068,4154852.6,2025-11-27 15:59:59.999,443407.03000000,4334,1401028.50000000,149498.56484000,0
2025-11-27 16:00:00,0.1068,0.108,0.1061,0.1078,1505603.8,2025-11-27 16:59:59.999,161097.48990000,1445,808609.90000000,86576.43191000,0
2025-11-27 17:00:00,0.1077,0.1087,0.1072,0.1078,1397518.9,2025-11-27 17:59:59.999,150802.41340000,1864,711106.40000000,76765.30732000,0
2025-11-27 18:00:00,0.1079,0.1096,0.1079,0.1088,1131962.8,2025-11-27 18:59:59.999,123085.70871000,1368,547198.00000000,59497.62326000,0
2025-11-27 19:00:00,0.1088,0.1093,0.1081,0.1083,675719.8,2025-11-27 19:59:59.999,73398.42228000,811,279493.00000000,30361.82257000,0
2025-11-27 20:00:00,0.1083,0.1099,0.1081,0.1089,870933.9,2025-11-27 20:59:59.999,94938.32156000,1049,407307.40000000,44422.52476000,0
2025-11-27 21:00:00,0.1089,0.1094,0.1084,0.109,770505.3,2025-11-27 21:59:59.999,83910.74877000,773,301364.00000000,32828.86352000,0
2025-11-27 22:00:00,0.109,0.1094,0.1081,0.1082,1309819.1,2025-11-27 22:59:59.999,142564.70745000,975,445473.00000000,48501.05643000,0
2025-11-27 23:00:00,0.1082,0.1091,0.108,0.109,1256357.6,2025-11-27 23:59:59.999,136448.25829000,1034,612303.20000000,66521.20676000,0
2025-11-28 00:00:00,0.109,0.1113,0.1086,0.1097,10695139.3,2025-11-28 00:59:59.999,1176972.75188000,5484,6424476.80000000,706614.65827000,0
2025-11-28 01:00:00,0.1097,0.1097,0.1063,0.1066,6008548.3,2025-11-28 01:59:59.999,646799.73452000,4526,2061816.00000000,221768.25201000,0
2025-11-28 02:00:00,0.1065,0.1088,0.1062,0.107,3287275.6,2025-11-28 02:59:59.999,352571.36126000,3055,1394988.10000000,149739.65233000,0
2025-11-28 03:00:00,0.107,0.108,0.1068,0.1074,2616461.9,2025-11-28 03:59:59.999,281116.08997000,2281,1485529.90000000,159569.93006000,0
2025-11-28 04:00:00,0.1075,0.1089,0.1062,0.1062,2659328.4,2025-11-28 04:59:59.999,286164.15455000,2403,953611.30000000,102711.44404000,0
2025-11-28 05:00:00,0.1062,0.1069,0.1043,0.1048,6234846.6,2025-11-28 05:59:59.999,655921.67507000,4741,1547969.00000000,162842.50202000,0
2025-11-28 06:00:00,0.1048,0.1051,0.1042,0.1046,3942566.5,2025-11-28 06:59:59.999,411994.88083000,3528,1109785.30000000,115991.62046000,0
2025-11-28 07:00:00,0.1045,0.1055,0.1041,0.1046,1593638.1,2025-11-28 07:59:59.999,166671.51407000,1738,738132.00000000,77190.45603000,0
2025-11-28 08:00:00,0.1045,0.1073,0.1043,0.1064,1988776.5,2025-11-28 08:59:59.999,210878.87100000,1422,889617.70000000,94301.28550000,0
2025-11-28 09:00:00,0.1064,0.1071,0.1057,0.1066,1272924.8,2025-11-28 09:59:59.999,135508.98185000,992,711352.40000000,75737.57602000,0
2025-11-28 10:00:00,0.1067,0.1075,0.1063,0.1069,939076.8,2025-11-28 10:59:59.999,100350.76064000,869,452956.20000000,48428.28712000,0
2025-11-28 11:00:00,0.1069,0.1091,0.1057,0.1087,2021471.9,2025-11-28 11:59:59.999,216678.38393000,1719,1021223.20000000,109574.21819000,0
2025-11-28 12:00:00,0.1087,0.1104,0.1086,0.1093,2617944.9,2025-11-28 12:59:59.999,286467.84223000,1887,1321997.70000000,144618.95702000,0
2025-11-28 13:00:00,0.1093,0.1127,0.1088,0.1115,4573032.2,2025-11-28 13:59:59.999,508971.91630000,3221,2306294.00000000,256696.56191000,0
2025-11-28 14:00:00,0.1115,0.1138,0.1103,0.1137,3110515.0,2025-11-28 14:59:59.999,348205.44935000,2409,1382016.50000000,154841.51237000,0
2025-11-28 15:00:00,0.1137,0.1148,0.1123,0.1127,5570368.3,2025-11-28 15:59:59.999,632515.73067000,3479,2243589.80000000,254830.64304000,0
2025-11-28 16:00:00,0.1127,0.1161,0.1121,0.1134,7835112.3,2025-11-28 16:59:59.999,895355.49184000,3631,4830638.90000000,552503.47852000,0
2025-11-28 17:00:00,0.1134,0.1156,0.1109,0.1115,3511419.5,2025-11-28 17:59:59.999,397764.50456000,3054,1646646.00000000,187125.02319000,0
2025-11-28 18:00:00,0.1115,0.1129,0.1101,0.1113,2883088.5,2025-11-28 18:59:59.999,321069.14669000,3027,1501526.90000000,167322.61478000,0
2025-11-28 19:00:00,0.1113,0.1123,0.1102,0.1113,1597500.3,2025-11-28 19:59:59.999,177460.92161000,1912,777324.20000000,86418.00938000,0
2025-11-28 20:00:00,0.1113,0.1113,0.109,0.1095,3204278.9,2025-11-28 20:59:59.999,351933.13356000,3501,1259483.40000000,138402.30267000,0
2025-11-28 21:00:00,0.1094,0.1107,0.1071,0.1102,3671775.7,2025-11-28 21:59:59.999,399427.00936000,3855,1801130.30000000,195982.64849000,0
2025-11-28 22:00:00,0.1101,0.1108,0.1093,0.11,1975082.8,2025-11-28 22:59:59.999,217287.70589000,1629,943600.80000000,103868.93728000,0
2025-11-28 23:00:00,0.11,0.1103,0.1083,0.1085,1825350.5,2025-11-28 23:59:59.999,199259.26714000,1956,567543.30000000,62081.68068000,0
2025-11-29 00:00:00,0.1085,0.1108,0.107,0.1091,2582256.8,2025-11-29 00:59:59.999,280717.39079000,2695,1223936.60000000,133044.79896000,0
2025-11-29 01:00:00,0.1091,0.1108,0.1091,0.1106,1520373.4,2025-11-29 01:59:59.999,167306.41364000,1512,832540.80000000,91643.95783000,0
2025-11-29 02:00:00,0.1106,0.1144,0.1106,0.1129,4528249.5,2025-11-29 02:59:59.999,511548.87813000,3580,2201948.60000000,248749.87852000,0
2025-11-29 03:00:00,0.1129,0.1139,0.1116,0.1124,1979326.4,2025-11-29 03:59:59.999,222851.13368000,2218,752628.20000000,84820.69930000,0
2025-11-29 04:00:00,0.1124,0.1144,0.1106,0.1139,2792694.0,2025-11-29 04:59:59.999,314397.18823000,2209,1514837.00000000,170976.78555000,0
2025-11-29 05:00:00,0.114,0.1159,0.1131,0.1149,3276644.4,2025-11-29 05:59:59.999,376451.72529000,2917,1848882.60000000,212537.37831000,0
2025-11-29 06:00:00,0.1149,0.1183,0.1149,0.1168,8040661.5,2025-11-29 06:59:59.999,939561.61578000,7130,3916551.40000000,457791.32673000,0
2025-11-29 07:00:00,0.1167,0.1172,0.1133,0.1141,4417582.0,2025-11-29 07:59:59.999,507603.80110000,4473,1879168.10000000,216269.15641000,0
2025-11-29 08:00:00,0.1141,0.1171,0.114,0.1145,4332849.7,2025-11-29 08:59:59.999,500297.93605000,3775,2248158.10000000,259650.92911000,0
2025-11-29 09:00:00,0.1146,0.1146,0.1123,0.1137,3462240.9,2025-11-29 09:59:59.999,391918.52264000,2848,1915796.80000000,216888.04671000,0
2025-11-29 10:00:00,0.1137,0.1151,0.1128,0.1131,2236414.7,2025-11-29 10:59:59.999,254863.95805000,1850,988503.40000000,112680.25217000,0
2025-11-29 11:00:00,0.1131,0.1163,0.1129,0.1156,2201990.5,2025-11-29 11:59:59.999,253069.85772000,1852,1141941.30000000,131315.83659000,0
2025-11-29 12:00:00,0.1157,0.1169,0.1146,0.1154,1643265.6,2025-11-29 12:59:59.999,190152.00945000,1755,839471.10000000,97225.67048000,0
2025-11-29 13:00:00,0.1153,0.1161,0.1144,0.1153,1752254.5,2025-11-29 13:59:59.999,201499.79837000,2065,688306.70000000,79185.82907000,0
2025-11-29 14:00:00,0.1152,0.1154,0.1129,0.1137,1746718.2,2025-11-29 14:59:59.999,199245.09467000,1985,679616.40000000,77452.52028000,0
2025-11-29 15:00:00,0.1138,0.1158,0.113,0.1153,1873373.2,2025-11-29 15:59:59.999,214162.13753000,1662,769892.90000000,88245.72577000,0
2025-11-29 16:00:00,0.1153,0.1171,0.1146,0.115,3760928.8,2025-11-29 16:59:59.999,436400.63835000,3879,1724656.90000000,200145.83543000,0
2025-11-29 17:00:00,0.1151,0.1159,0.1146,0.115,1551701.7,2025-11-29 17:59:59.999,178817.08143000,1863,643697.80000000,74220.30009000,0
2025-11-29 18:00:00,0.115,0.1151,0.1128,0.1134,2494943.4,2025-11-29 18:59:59.999,284015.32744000,2365,985620.70000000,112241.67585000,0
2025-11-29 19:00:00,0.1134,0.1151,0.1133,0.1143,741024.5,2025-11-29 19:59:59.999,84617.97348000,909,381650.30000000,43570.59343000,0
2025-11-29 20:00:00,0.1144,0.1157,0.1132,0.1154,900730.6,2025-11-29 20:59:59.999,102894.40023000,1181,503944.40000000,57582.82439000,0
2025-11-29 21:00:00,0.1154,0.1157,0.1141,0.115,1090808.8,2025-11-29 21:59:59.999,125461.93752000,937,516004.20000000,59338.90513000,0
2025-11-29 22:00:00,0.115,0.1159,0.1137,0.1151,1842574.0,2025-11-29 22:59:59.999,211920.05950000,1514,823992.80000000,94772.29460000,0
2025-11-29 23:00:00,0.115,0.1156,0.1144,0.1155,635036.2,2025-11-29 23:59:59.999,73041.77459000,778,418873.10000000,48184.19845000,0
2025-11-30 00:00:00,0.1154,0.1176,0.1145,0.1169,3830630.2,2025-11-30 00:59:59.999,443971.20411000,4020,2597192.20000000,301090.08210000,0
2025-11-30 01:00:00,0.1169,0.121,0.1158,0.1202,8707053.9,2025-11-30 01:59:59.999,1036403.02882000,7400,4362820.00000000,519866.30038000,0
2025-11-30 02:00:00,0.1202,0.1239,0.1198,0.1227,8225012.5,2025-11-30 02:59:59.999,1005378.92264000,7106,4464259.70000000,546236.20083000,0
2025-11-30 03:00:00,0.1228,0.1236,0.1173,0.1176,8431906.2,2025-11-30 03:59:59.999,1020937.50326000,7502,3345163.50000000,405397.85938000,0
2025-11-30 04:00:00,0.1175,0.1195,0.1166,0.1179,6519908.2,2025-11-30 04:59:59.999,768814.22683000,7032,2883562.10000000,340306.40378000,0
2025-11-30 05:00:00,0.1178,0.1184,0.1157,0.1184,3384217.7,2025-11-30 05:59:59.999,395787.45956000,2868,1534728.80000000,179762.76731000,0
2025-11-30 06:00:00,0.1183,0.1207,0.117,0.1195,3405177.2,2025-11-30 06:59:59.999,403944.82461000,2832,1897309.70000000,225420.71740000,0
2025-11-30 07:00:00,0.1195,0.121,0.1174,0.1182,3469365.0,2025-11-30 07:59:59.999,413686.59687000,3388,1721060.30000000,205327.45368000,0
2025-11-30 08:00:00,0.1182,0.1188,0.1148,0.1159,4790099.0,2025-11-30 08:59:59.999,560132.42785000,4060,1850503.00000000,216507.66959000,0
2025-11-30 09:00:00,0.1158,0.1159,0.1064,0.1065,12076646.3,2025-11-30 09:59:59.999,1324703.94866000,7605,5657651.80000000,620024.63298000,0
2025-11-30 10:00:00,0.1065,0.1094,0.1007,0.108,23146335.4,2025-11-30 10:59:59.999,2428270.17597000,17089,10689317.40000000,1120800.86784000,0
2025-11-30 11:00:00,0.1081,0.1093,0.1069,0.1088,3856420.1,2025-11-30 11:59:59.999,417097.65611000,3105,1894978.40000000,204894.60016000,0
2025-11-30 12:00:00,0.1088,0.1123,0.1078,0.1103,4695424.8,2025-11-30 12:59:59.999,519070.26207000,3191,2326055.60000000,257270.31175000,0
2025-11-30 13:00:00,0.1103,0.1104,0.1046,0.1051,5626464.7,2025-11-30 13:59:59.999,602771.35031000,6273,2181536.10000000,233566.57242000,0
2025-11-30 14:00:00,0.105,0.1072,0.1046,0.1058,4774568.6,2025-11-30 14:59:59.999,504791.78287000,3263,2266571.00000000,239941.47893000,0
2025-11-30 15:00:00,0.1058,0.1063,0.1049,0.1058,2578817.5,2025-11-30 15:59:59.999,272421.25274000,1537,1407275.30000000,148776.21834000,0
2025-11-30 16:00:00,0.1058,0.1063,0.1048,0.1053,2362248.4,2025-11-30 16:59:59.999,249571.37865000,1562,943943.60000000,99761.34483000,0
2025-11-30 17:00:00,0.1053,0.1054,0.1028,0.1045,4167681.1,2025-11-30 17:59:59.999,433812.76438000,2335,2071168.70000000,215508.28573000,0
2025-11-30 18:00:00,0.1044,0.1062,0.1039,0.105,3659137.1,2025-11-30 18:59:59.999,383939.87583000,2085,1761669.10000000,184699.81034000,0
2025-11-30 19:00:00,0.105,0.1058,0.1042,0.1048,2051974.6,2025-11-30 19:59:59.999,215319.06087000,1411,848477.50000000,89093.50426000,0
2025-11-30 20:00:00,0.1048,0.1055,0.1041,0.105,1525425.7,2025-11-30 20:59:59.999,159828.54770000,1345,906540.30000000,95060.51861000,0
2025-11-30 21:00:00,0.105,0.105,0.1028,0.1029,2775766.7,2025-11-30 21:59:59.999,288298.14717000,2620,1061184.20000000,110091.63684000,0
2025-11-30 22:00:00,0.1029,0.1041,0.1024,0.1027,3647474.6,2025-11-30 22:59:59.999,375947.77753000,2212,1938725.10000000,199856.51735000,0
2025-11-30 23:00:00,0.1027,0.1052,0.1024,0.1033,3874508.6,2025-11-30 23:59:59.999,402824.83619000,3090,2038657.90000000,211933.74793000,0
2025-12-01 00:00:00,0.1033,0.1039,0.0965,0.0969,11355322.8,2025-12-01 00:59:59.999,1137547.49305000,7882,4835992.30000000,485074.03717000,0
2025-12-01 01:00:00,0.097,0.1015,0.097,0.0997,5422229.0,2025-12-01 01:59:59.999,540212.39643000,2876,2770086.30000000,275611.03390000,0
2025-12-01 02:00:00,0.0998,0.0998,0.0968,0.0976,4498531.2,2025-12-01 02:59:59.999,442310.40682000,2638,2068338.60000000,203534.59010000,0
2025-12-01 03:00:00,0.0976,0.0993,0.0965,0.0981,2805224.7,2025-12-01 03:59:59.999,274379.91025000,1742,1480474.10000000,145068.60543000,0
2025-12-01 04:00:00,0.098,0.0983,0.0969,0.0974,3092320.2,2025-12-01 04:59:59.999,301257.89043000,1589,1419976.70000000,138450.85436000,0
2025-12-01 05:00:00,0.0974,0.1011,0.0974,0.1002,4781714.6,2025-12-01 05:59:59.999,477295.32529000,4307,2185560.40000000,218040.77789000,0
2025-12-01 06:00:00,0.1002,0.1019,0.1001,0.1006,2591842.3,2025-12-01 06:59:59.999,261921.33899000,2509,1067362.50000000,107920.02459000,0
2025-12-01 07:00:00,0.1006,0.1007,0.0989,0.0996,2310892.5,2025-12-01 07:59:59.999,230394.97387000,1478,1051871.80000000,104808.34014000,0
2025-12-01 08:00:00,0.0996,0.101,0.0995,0.1004,1855253.6,2025-12-01 08:59:59.999,186214.99827000,1309,975595.40000000,97976.02079000,0
2025-12-01 09:00:00,0.1004,0.1034,0.1002,0.1016,3343767.2,2025-12-01 09:59:59.999,340901.69813000,2961,1579301.50000000,160834.78661000,0
2025-12-01 10:00:00,0.1017,0.1071,0.1017,0.1053,9178743.6,2025-12-01 10:59:59.999,963285.43139000,6963,4554930.00000000,478214.51625000,0
2025-12-01 11:00:00,0.1054,0.1078,0.1044,0.1051,5152693.6,2025-12-01 11:59:59.999,546360.28731000,3531,2518015.80000000,266981.56749000,0
2025-12-01 12:00:00,0.1051,0.1069,0.1051,0.1061,3081750.5,2025-12-01 12:59:59.999,326381.43546000,2619,1405000.90000000,148855.58232000,0
2025-12-01 13:00:00,0.106,0.1074,0.0998,0.1008,8665498.8,2025-12-01 13:59:59.999,893589.80699000,5112,3219797.80000000,332593.93300000,0
2025-12-01 14:00:00,0.1009,0.1022,0.0974,0.0977,18851933.4,2025-12-01 14:59:59.999,1869104.35916000,26436,8068585.50000000,799904.09746000,0
2025-12-01 15:00:00,0.0976,0.0998,0.0971,0.098,14228343.6,2025-12-01 15:59:59.999,1399102.12582000,16188,6965615.80000000,685096.49207000,0
2025-12-01 16:00:00,0.098,0.0988,0.0966,0.0971,5804915.3,2025-12-01 16:59:59.999,566156.76994000,6897,2569644.90000000,250625.63693000,0
2025-12-01 17:00:00,0.0971,0.0977,0.0939,0.0943,7076471.1,2025-12-01 17:59:59.999,677682.11519000,4941,2941527.20000000,281873.07951000,0
2025-12-01 18:00:00,0.0943,0.0954,0.0941,0.0952,2057506.5,2025-12-01 18:59:59.999,195126.12850000,2123,835011.10000000,79241.19721000,0
2025-12-01 19:00:00,0.0952,0.0957,0.094,0.0953,1948724.9,2025-12-01 19:59:59.999,184998.16336000,1555,1056570.80000000,100389.06819000,0
2025-12-01 20:00:00,0.0953,0.0973,0.0953,0.0958,2688209.6,2025-12-01 20:59:59.999,258831.40047000,1781,1271666.70000000,122393.92748000,0
2025-12-01 21:00:00,0.0959,0.0991,0.0956,0.0982,3743034.3,2025-12-01 21:59:59.999,365322.81675000,2226,1997869.60000000,194783.02728000,0
2025-12-01 22:00:00,0.0982,0.0984,0.0974,0.0974,2625196.3,2025-12-01 22:59:59.999,257037.03388000,2050,1090920.30000000,106866.27738000,0
2025-12-01 23:00:00,0.0974,0.0982,0.0965,0.0966,3246312.3,2025-12-01 23:59:59.999,316136.17959000,2575,1270614.30000000,123794.66083000,0
2025-12-02 00:00:00,0.0967,0.0977,0.0925,0.0927,5576273.3,2025-12-02 00:59:59.999,528941.27167000,3704,2646444.40000000,251005.97109000,0
2025-12-02 01:00:00,0.0926,0.0949,0.0904,0.0916,7949475.1,2025-12-02 01:59:59.999,733878.21880000,5377,3846450.50000000,355516.12470000,0
2025-12-02 02:00:00,0.0917,0.0945,0.0915,0.092,5487231.3,2025-12-02 02:59:59.999,510289.81658000,3745,2621786.10000000,243890.37146000,0
2025-12-02 03:00:00,0.0919,0.0938,0.0914,0.093,4150282.5,2025-12-02 03:59:59.999,383028.97424000,3294,1956529.40000000,180642.81086000,0
2025-12-02 04:00:00,0.0929,0.0935,0.0919,0.0922,2252722.8,2025-12-02 04:59:59.999,208989.35058000,2188,1040397.30000000,96589.01835000,0
2025-12-02 05:00:00,0.0922,0.0934,0.092,0.0921,2356457.0,2025-12-02 05:59:59.999,218670.20851000,2037,1088591.80000000,101039.64554000,0
2025-12-02 06:00:00,0.0921,0.0922,0.0907,0.0915,2801752.2,2025-12-02 06:59:59.999,256501.84880000,2345,1357659.40000000,124359.14512000,0
2025-12-02 07:00:00,0.0915,0.0929,0.0912,0.0915,2623152.0,2025-12-02 07:59:59.999,241237.17595000,2129,1382300.00000000,127123.64794000,0
2025-12-02 08:00:00,0.0915,0.0921,0.0906,0.0911,3658636.7,2025-12-02 08:59:59.999,334299.75630000,2616,2372979.70000000,216907.61790000,0
2025-12-02 09:00:00,0.091,0.0916,0.089,0.0898,14241075.5,2025-12-02 09:59:59.999,1281369.58068000,9145,10442148.60000000,939544.09252000,0
2025-12-02 10:00:00,0.0898,0.091,0.0885,0.0905,6715752.2,2025-12-02 10:59:59.999,601012.82401000,4804,4248743.70000000,380361.53982000,0
2025-12-02 11:00:00,0.0905,0.0916,0.0902,0.0907,3309267.5,2025-12-02 11:59:59.999,300590.78188000,2286,1997891.20000000,181427.73622000,0
2025-12-02 12:00:00,0.0907,0.0915,0.0904,0.0912,2069487.7,2025-12-02 12:59:59.999,188141.93012000,1513,1023369.10000000,93082.32594000,0
2025-12-02 13:00:00,0.0913,0.0927,0.0913,0.0924,3385544.0,2025-12-02 13:59:59.999,311920.10701000,3259,1818054.70000000,167501.05183000,0
2025-12-02 14:00:00,0.0925,0.0963,0.0921,0.0955,8962968.6,2025-12-02 14:59:59.999,845006.43191000,6994,4485337.50000000,422498.61741000,0
2025-12-02 15:00:00,0.0955,0.1034,0.0955,0.1005,13590352.0,2025-12-02 15:59:59.999,1350882.40691000,9219,7106789.50000000,705120.17018000,0
2025-12-02 16:00:00,0.1004,0.1036,0.0993,0.1012,7853008.2,2025-12-02 16:59:59.999,800990.17922000,5984,3896084.60000000,397077.32005000,0
2025-12-02 17:00:00,0.1012,0.1024,0.1001,0.1005,3876348.6,2025-12-02 17:59:59.999,392546.62864000,3350,1886244.70000000,191095.34907000,0
2025-12-02 18:00:00,0.1005,0.101,0.0988,0.0991,3243033.4,2025-12-02 18:59:59.999,322518.83124000,2576,1100801.60000000,109469.25976000,0
2025-12-02 19:00:00,0.0992,0.0992,0.0971,0.0974,2046719.7,2025-12-02 19:59:59.999,200650.80025000,2459,835274.60000000,81948.11616000,0
2025-12-02 20:00:00,0.0976,0.098,0.0961,0.0963,3953342.0,2025-12-02 20:59:59.999,383264.02792000,3560,1621086.90000000,157146.95385000,0
2025-12-02 21:00:00,0.0963,0.0973,0.0962,0.0971,2029048.6,2025-12-02 21:59:59.999,196487.86332000,1337,1136868.50000000,110129.77903000,0
2025-12-02 22:00:00,0.0971,0.0987,0.0971,0.0983,2247803.9,2025-12-02 22:59:59.999,220480.00547000,1286,1198402.00000000,117567.88765000,0
2025-12-02 23:00:00,0.0983,0.0986,0.0973,0.0976,2176253.5,2025-12-02 23:59:59.999,213348.54338000,1243,1168535.90000000,114570.12969000,0
2025-12-03 00:00:00,0.0976,0.0987,0.0972,0.0976,3580686.8,2025-12-03 00:59:59.999,350853.27111000,2874,1549253.80000000,151880.49621000,0
2025-12-03 01:00:00,0.0976,0.0992,0.0959,0.0962,3470732.7,2025-12-03 01:59:59.999,337621.73595000,2539,1713120.80000000,166685.86106000,0
2025-12-03 02:00:00,0.0962,0.0975,0.096,0.0973,3052555.7,2025-12-03 02:59:59.999,295995.47542000,1989,1773438.40000000,171910.29758000,0
2025-12-03 03:00:00,0.0972,0.0978,0.0964,0.0966,1829344.4,2025-12-03 03:59:59.999,177299.81145000,1333,859799.20000000,83369.95606000,0
2025-12-03 04:00:00,0.0966,0.0972,0.0961,0.0963,1923860.0,2025-12-03 04:59:59.999,185866.48486000,1295,1090594.20000000,105416.56327000,0
2025-12-03 05:00:00,0.0963,0.0974,0.0955,0.0972,3069328.6,2025-12-03 05:59:59.999,295231.23564000,2142,1296787.10000000,124957.78718000,0
2025-12-03 06:00:00,0.0972,0.0984,0.0965,0.0965,2513608.6,2025-12-03 06:59:59.999,245139.82420000,1606,1259557.00000000,122888.84268000,0
2025-12-03 07:00:00,0.0965,0.0967,0.0952,0.0954,2046683.1,2025-12-03 07:59:59.999,196568.18367000,2100,937791.70000000,90058.69037000,0
2025-12-03 08:00:00,0.0954,0.0956,0.0926,0.0934,4272131.1,2025-12-03 08:59:59.999,400747.02400000,3214,2102028.60000000,197007.34055000,0
2025-12-03 09:00:00,0.0934,0.0939,0.0925,0.0937,3377327.5,2025-12-03 09:59:59.999,314735.29480000,2692,1328710.40000000,123865.94959000,0
2025-12-03 10:00:00,0.0936,0.0956,0.0936,0.0945,6259421.0,2025-12-03 10:59:59.999,593337.73700000,3691,3016953.60000000,285866.64008000,0
2025-12-03 11:00:00,0.0946,0.095,0.0938,0.0947,2677923.1,2025-12-03 11:59:59.999,252781.40336000,2232,809069.00000000,76394.58993000,0
2025-12-03 12:00:00,0.0947,0.0968,0.0941,0.0965,6977247.9,2025-12-03 12:59:59.999,665046.98339000,4257,3636865.70000000,347095.61969000,0
2025-12-03 13:00:00,0.0966,0.0998,0.0959,0.0982,12751871.9,2025-12-03 13:59:59.999,1250528.50563000,5806,6126212.50000000,601494.32488000,0
2025-12-03 14:00:00,0.0982,0.1009,0.0966,0.0992,4864668.4,2025-12-03 14:59:59.999,479218.92987000,3034,2158721.40000000,212774.09974000,0
2025-12-03 15:00:00,0.0992,0.1002,0.0982,0.0992,10091001.4,2025-12-03 15:59:59.999,1001385.00742000,11849,3951386.30000000,392199.53009000,0
2025-12-03 16:00:00,0.0992,0.1001,0.0982,0.0983,13892535.0,2025-12-03 16:59:59.999,1378801.77667000,16983,6290374.20000000,624538.83851000,0
2025-12-03 17:00:00,0.0983,0.0984,0.0973,0.0976,2079190.6,2025-12-03 17:59:59.999,203453.79346000,2261,1006803.90000000,98515.38527000,0
2025-12-03 18:00:00,0.0976,0.0985,0.0966,0.0971,2481928.7,2025-12-03 18:59:59.999,243012.16879000,2615,1436344.10000000,140720.90710000,0
2025-12-03 19:00:00,0.097,0.0977,0.0969,0.097,615605.8,2025-12-03 19:59:59.999,59842.56043000,905,286590.30000000,27862.47466000,0
2025-12-03 20:00:00,0.097,0.0975,0.0965,0.0969,1002549.8,2025-12-03 20:59:59.999,97321.65356000,642,574607.00000000,55794.69461000,0
2025-12-03 21:00:00,0.097,0.0973,0.0959,0.097,1596462.7,2025-12-03 21:59:59.999,153985.40076000,857,467564.30000000,45101.88981000,0
2025-12-03 22:00:00,0.0969,0.0969,0.0953,0.096,3323516.8,2025-12-03 22:59:59.999,319009.33680000,1715,1266904.10000000,121509.67496000,0
2025-12-03 23:00:00,0.0961,0.0981,0.096,0.0969,2936553.8,2025-12-03 23:59:59.999,285540.60713000,1573,1883171.60000000,183166.59920000,0
2025-12-04 00:00:00,0.0968,0.0985,0.0955,0.0958,2958187.6,2025-12-04 00:59:59.999,286469.65109000,1401,1444713.60000000,139869.03849000,0
2025-12-04 01:00:00,0.0957,0.0972,0.0957,0.096,1868746.0,2025-12-04 01:59:59.999,179865.38154000,1190,955807.60000000,92037.21787000,0
2025-12-04 02:00:00,0.096,0.098,0.0955,0.098,2338958.3,2025-12-04 02:59:59.999,225291.94031000,1777,1059631.90000000,102075.72763000,0
2025-12-04 03:00:00,0.0981,0.0983,0.0964,0.0967,2393706.9,2025-12-04 03:59:59.999,233250.04079000,1571,1127486.80000000,109801.56425000,0
2025-12-04 04:00:00,0.0968,0.0975,0.0965,0.0975,1899570.0,2025-12-04 04:59:59.999,184324.99062000,1746,770836.30000000,74797.26772000,0
2025-12-04 05:00:00,0.0975,0.098,0.0965,0.097,1982917.4,2025-12-04 05:59:59.999,193034.74068000,1472,937263.70000000,91251.68636000,0
2025-12-04 06:00:00,0.097,0.0988,0.097,0.0976,1814273.1,2025-12-04 06:59:59.999,177568.37597000,1393,786825.10000000,77025.55491000,0
2025-12-04 07:00:00,0.0976,0.0997,0.0963,0.0992,4105487.4,2025-12-04 07:59:59.999,402589.04062000,3042,1834598.80000000,179659.36588000,0
2025-12-04 08:00:00,0.0991,0.0998,0.0979,0.0993,4629945.6,2025-12-04 08:59:59.999,457750.07765000,3953,2043389.80000000,202083.46585000,0
2025-12-04 09:00:00,0.0992,0.0996,0.0984,0.0993,3214183.7,2025-12-04 09:59:59.999,318395.19946000,3220,1323180.10000000,131092.40958000,0
2025-12-04 10:00:00,0.0992,0.0997,0.0982,0.0988,3270071.4,2025-12-04 10:59:59.999,323689.50105000,2674,1431336.50000000,141722.06493000,0
2025-12-04 11:00:00,0.0988,0.1004,0.0984,0.1004,3244404.4,2025-12-04 11:59:59.999,321585.53010000,2252,1645304.60000000,163199.74199000,0
2025-12-04 12:00:00,0.1004,0.1018,0.0989,0.1008,4614361.2,2025-12-04 12:59:59.999,463083.84158000,2685,2332951.80000000,234248.91237000,0
2025-12-04 13:00:00,0.1009,0.101,0.0983,0.0988,3555473.0,2025-12-04 13:59:59.999,353452.23215000,2943,1643346.30000000,163343.08138000,0
2025-12-04 14:00:00,0.0989,0.0999,0.0981,0.0987,2201323.6,2025-12-04 14:59:59.999,217873.21773000,2033,1077088.60000000,106698.03101000,0
2025-12-04 15:00:00,0.0986,0.1002,0.0986,0.1001,1919331.8,2025-12-04 15:59:59.999,190637.60792000,1601,973966.70000000,96809.30390000,0
2025-12-04 16:00:00,0.1001,0.1012,0.0997,0.1002,2618791.4,2025-12-04 16:59:59.999,262786.33248000,1706,1223501.70000000,122826.81538000,0
2025-12-04 17:00:00,0.1002,0.1005,0.0986,0.0998,2118114.9,2025-12-04 17:59:59.999,210517.79889000,1848,1113182.20000000,110680.30611000,0
2025-12-04 18:00:00,0.0998,0.101,0.0996,0.1002,4333015.3,2025-12-04 18:59:59.999,434578.64181000,1929,2233730.40000000,224239.01890000,0
2025-12-04 19:00:00,0.1003,0.102,0.0979,0.1015,4865542.1,2025-12-04 19:59:59.999,486371.52319000,3249,2315173.70000000,231624.01999000,0
2025-12-04 20:00:00,0.1016,0.1019,0.1001,0.1004,2006041.7,2025-12-04 20:59:59.999,202731.17478000,1431,968312.20000000,97895.07564000,0
2025-12-04 21:00:00,0.1004,0.1018,0.1001,0.1001,1688508.3,2025-12-04 21:59:59.999,170348.85051000,2295,544145.80000000,54870.85959000,0
2025-12-04 22:00:00,0.1002,0.1027,0.1001,0.101,4589801.4,2025-12-04 22:59:59.999,465196.85737000,3606,2616189.20000000,264952.65470000,0
2025-12-04 23:00:00,0.1009,0.1011,0.0997,0.1003,1434924.1,2025-12-04 23:59:59.999,144032.68543000,1622,689318.30000000,69164.51775000,0
2025-12-05 00:00:00,0.1004,0.1014,0.099,0.0994,3954641.4,2025-12-05 00:59:59.999,395075.97457000,3715,1708779.80000000,170710.36549000,0
2025-12-05 01:00:00,0.0995,0.1005,0.0991,0.1,1199413.1,2025-12-05 01:59:59.999,119737.41967000,1685,527836.50000000,52701.25244000,0
2025-12-05 02:00:00,0.0999,0.0999,0.0986,0.0989,2113675.9,2025-12-05 02:59:59.999,209682.71491000,2993,892081.00000000,88494.89818000,0
2025-12-05 03:00:00,0.099,0.0997,0.0983,0.0985,1467970.2,2025-12-05 03:59:59.999,145131.77436000,1723,623477.50000000,61692.34780000,0
2025-12-05 04:00:00,0.0985,0.0999,0.0978,0.0988,2075471.5,2025-12-05 04:59:59.999,204746.23610000,2838,1011035.50000000,99792.37348000,0
2025-12-05 05:00:00,0.0988,0.1003,0.0983,0.0997,2455200.1,2025-12-05 05:59:59.999,244511.70852000,2653,1245919.60000000,124107.41697000,0
2025-12-05 06:00:00,0.0996,0.1005,0.0986,0.0989,1399554.7,2025-12-05 06:59:59.999,139386.98792000,1890,749479.90000000,74628.44385000,0
2025-12-05 07:00:00,0.0989,0.0994,0.0983,0.0985,1458383.2,2025-12-05 07:59:59.999,144115.70899000,2020,690292.70000000,68233.23045000,0
2025-12-05 08:00:00,0.0985,0.099,0.0979,0.0979,1362242.7,2025-12-05 08:59:59.999,134127.10345000,2383,584759.60000000,57580.65121000,0
2025-12-05 09:00:00,0.0979,0.0979,0.0947,0.0949,5359225.3,2025-12-05 09:59:59.999,514064.40812000,6677,2450809.10000000,234943.90813000,0
2025-12-05 10:00:00,0.0949,0.0963,0.094,0.0958,2586689.5,2025-12-05 10:59:59.999,245882.42186000,4022,1118339.20000000,106286.22456000,0
2025-12-05 11:00:00,0.0958,0.0961,0.0949,0.0953,1765243.6,2025-12-05 11:59:59.999,168824.41935000,2297,682965.00000000,65313.13743000,0
2025-12-05 12:00:00,0.0954,0.0955,0.0946,0.0948,1234880.0,2025-12-05 12:59:59.999,117359.55993000,1894,561741.50000000,53425.62435000,0
2025-12-05 13:00:00,0.0948,0.0948,0.092,0.0924,3199548.0,2025-12-05 13:59:59.999,298178.57849000,3870,1569020.40000000,146180.68934000,0
2025-12-05 14:00:00,0.0924,0.0932,0.0921,0.0927,1679208.0,2025-12-05 14:59:59.999,155611.96098000,2563,842317.70000000,78081.62963000,0
2025-12-05 15:00:00,0.0927,0.0944,0.0925,0.093,2928947.9,2025-12-05 15:59:59.999,274210.01918000,3770,1428001.30000000,133702.38553000,0
2025-12-05 16:00:00,0.093,0.0937,0.0913,0.0917,4891726.4,2025-12-05 16:59:59.999,452855.80510000,4848,2645812.70000000,245322.51833000,0
2025-12-05 17:00:00,0.0917,0.0924,0.0914,0.092,1295389.1,2025-12-05 17:59:59.999,119007.09447000,2091,604665.50000000,55557.57112000,0
2025-12-05 18:00:00,0.092,0.0925,0.0907,0.0909,1490169.9,2025-12-05 18:59:59.999,136228.03680000,1820,693642.00000000,63421.50341000,0
2025-12-05 19:00:00,0.0909,0.0919,0.0903,0.0915,1145420.0,2025-12-05 19:59:59.999,104479.18184000,1950,529241.50000000,48283.83065000,0
2025-12-05 20:00:00,0.0915,0.0919,0.0907,0.0908,995472.2,2025-12-05 20:59:59.999,90874.60284000,1869,423576.90000000,38687.86248000,0
2025-12-05 21:00:00,0.0908,0.0919,0.0908,0.0917,1617401.6,2025-12-05 21:59:59.999,147816.62705000,2001,764154.60000000,69876.45664000,0
2025-12-05 22:00:00,0.0917,0.0919,0.0909,0.0918,1112319.4,2025-12-05 22:59:59.999,101684.64409000,1444,448140.20000000,40980.70272000,0
2025-12-05 23:00:00,0.0918,0.092,0.0912,0.0915,3747294.3,2025-12-05 23:59:59.999,343007.53620000,2688,1923294.00000000,176091.84658000,0
2025-12-06 00:00:00,0.0915,0.0918,0.0904,0.0908,1939582.5,2025-12-06 00:59:59.999,176394.45530000,1721,833971.30000000,75785.70984000,0
2025-12-06 01:00:00,0.0907,0.0911,0.0896,0.0898,1407464.3,2025-12-06 01:59:59.999,127199.62976000,1412,624071.40000000,56400.57520000,0
2025-12-06 02:00:00,0.0898,0.0906,0.0894,0.0899,1116023.3,2025-12-06 02:59:59.999,100422.23467000,1242,547972.70000000,49326.43814000,0
2025-12-06 03:00:00,0.0899,0.0932,0.0898,0.0931,3275454.9,2025-12-06 03:59:59.999,300829.00987000,2491,1904326.70000000,174834.60397000,0
2025-12-06 04:00:00,0.0931,0.0941,0.0929,0.0936,3293678.0,2025-12-06 04:59:59.999,308169.91129000,3078,1549634.70000000,144994.38126000,0
2025-12-06 05:00:00,0.0936,0.0938,0.0924,0.0925,1808539.3,2025-12-06 05:59:59.999,168409.48258000,1863,755555.40000000,70361.12058000,0
2025-12-06 06:00:00,0.0925,0.0935,0.0924,0.0929,1725162.9,2025-12-06 06:59:59.999,160191.97227000,2013,833865.30000000,77424.69570000,0
2025-12-06 07:00:00,0.0929,0.0949,0.0929,0.0942,3676434.7,2025-12-06 07:59:59.999,345241.64345000,3807,1679896.40000000,157745.43825000,0
2025-12-06 08:00:00,0.0941,0.0948,0.0934,0.0937,2203822.5,2025-12-06 08:59:59.999,207256.50460000,2921,1026917.20000000,96576.69202000,0
2025-12-06 09:00:00,0.0937,0.094,0.0932,0.0933,1236690.0,2025-12-06 09:59:59.999,115665.54290000,1231,579005.10000000,54143.03262000,0
2025-12-06 10:00:00,0.0933,0.0944,0.0926,0.0935,2146395.1,2025-12-06 10:59:59.999,200674.22782000,2126,1002248.60000000,93680.05487000,0
2025-12-06 11:00:00,0.0934,0.0945,0.0933,0.0943,1285067.8,2025-12-06 11:59:59.999,120801.03713000,1567,513788.20000000,48302.79602000,0
2025-12-06 12:00:00,0.0943,0.0943,0.0931,0.0934,1988303.8,2025-12-06 12:59:59.999,185732.33451000,1714,794370.60000000,74198.86042000,0
2025-12-06 13:00:00,0.0934,0.0939,0.0932,0.0934,1591602.1,2025-12-06 13:59:59.999,148974.59134000,1829,511703.00000000,47911.41812000,0
2025-12-06 14:00:00,0.0933,0.0944,0.0932,0.0935,2128961.9,2025-12-06 14:59:59.999,199388.85803000,2950,694419.20000000,65106.32944000,0
2025-12-06 15:00:00,0.0935,0.0935,0.092,0.0921,1771648.7,2025-12-06 15:59:59.999,164289.19838000,2486,507703.70000000,47092.95845000,0
2025-12-06 16:00:00,0.0921,0.0927,0.0911,0.0911,3048275.0,2025-12-06 16:59:59.999,279634.13014000,3124,1034027.40000000,95012.48042000,0
2025-12-06 17:00:00,0.0911,0.0921,0.0909,0.092,775390.9,2025-12-06 17:59:59.999,70980.03415000,1225,398129.20000000,36462.68576000,0
2025-12-06 18:00:00,0.0921,0.0929,0.092,0.0926,614655.8,2025-12-06 18:59:59.999,56904.19858000,968,224843.20000000,20816.22823000,0
2025-12-06 19:00:00,0.0926,0.0936,0.0921,0.0922,1232333.9,2025-12-06 19:59:59.999,114493.70769000,1739,374400.50000000,34785.30231000,0
2025-12-06 20:00:00,0.0922,0.0926,0.0919,0.0923,1135170.0,2025-12-06 20:59:59.999,104657.93162000,1155,489706.40000000,45182.79364000,0
2025-12-06 21:00:00,0.0923,0.0932,0.0922,0.0925,939662.5,2025-12-06 21:59:59.999,87086.13199000,1310,352417.40000000,32666.33109000,0
2025-12-06 22:00:00,0.0925,0.0925,0.0914,0.0919,1043549.7,2025-12-06 22:59:59.999,95929.96885000,1345,529937.60000000,48726.53422000,0
2025-12-06 23:00:00,0.0919,0.0919,0.0907,0.0909,1226545.7,2025-12-06 23:59:59.999,111798.70378000,1997,439153.00000000,40029.88288000,0
2025-12-07 00:00:00,0.0909,0.0918,0.0898,0.0917,1610460.8,2025-12-07 00:59:59.999,145926.75557000,2951,753846.10000000,68372.42442000,0
2025-12-07 01:00:00,0.0916,0.0921,0.0905,0.0906,1076332.6,2025-12-07 01:59:59.999,98332.68504000,1756,453477.70000000,41460.50967000,0
2025-12-07 02:00:00,0.0905,0.0911,0.0902,0.0908,699638.4,2025-12-07 02:59:59.999,63492.84085000,1131,217955.00000000,19787.51391000,0
2025-12-07 03:00:00,0.0907,0.0913,0.0904,0.0912,568121.9,2025-12-07 03:59:59.999,51644.48766000,1209,195119.10000000,17745.04333000,0
2025-12-07 04:00:00,0.0911,0.0913,0.0902,0.0904,352110.4,2025-12-07 04:59:59.999,31919.96028000,769,123280.80000000,11184.30586000,0
2025-12-07 05:00:00,0.0904,0.091,0.0901,0.0908,469391.3,2025-12-07 05:59:59.999,42504.52316000,879,204653.70000000,18525.87761000,0
2025-12-07 06:00:00,0.0908,0.0909,0.0892,0.0896,1628885.2,2025-12-07 06:59:59.999,146564.38429000,1978,508812.20000000,45753.83644000,0
2025-12-07 07:00:00,0.0896,0.0898,0.0867,0.0871,3220211.6,2025-12-07 07:59:59.999,283766.04952000,3539,1280448.20000000,112800.70255000,0
2025-12-07 08:00:00,0.0871,0.0878,0.0865,0.0871,1297105.3,2025-12-07 08:59:59.999,113140.40924000,2110,586110.90000000,51130.73646000,0
2025-12-07 09:00:00,0.0872,0.0874,0.0859,0.0866,1782513.9,2025-12-07 09:59:59.999,154462.58030000,2523,947938.70000000,82153.13470000,0
2025-12-07 10:00:00,0.0866,0.0876,0.0854,0.0857,3170440.8,2025-12-07 10:59:59.999,274803.50565000,4425,1161289.60000000,100872.29236000,0
2025-12-07 11:00:00,0.0857,0.0864,0.085,0.0858,1736848.6,2025-12-07 11:59:59.999,148902.13185000,2631,595108.80000000,51040.83990000,0
2025-12-07 12:00:00,0.0859,0.0863,0.0853,0.086,1740664.2,2025-12-07 12:59:59.999,149382.33096000,2224,547810.50000000,47041.49364000,0
2025-12-07 13:00:00,0.086,0.087,0.0852,0.0865,2845634.1,2025-12-07 13:59:59.999,245166.18463000,3317,1286398.00000000,110821.33449000,0
2025-12-07 14:00:00,0.0866,0.0885,0.0848,0.0873,5852191.1,2025-12-07 14:59:59.999,506760.13901000,6438,2720781.60000000,235936.23343000,0
2025-12-07 15:00:00,0.0873,0.0892,0.0871,0.0888,2741314.4,2025-12-07 15:59:59.999,241724.77598000,3393,1395499.50000000,123066.82147000,0
2025-12-07 16:00:00,0.0888,0.0888,0.0878,0.0881,1327611.2,2025-12-07 16:59:59.999,117082.46563000,1982,466698.20000000,41174.13387000,0
2025-12-07 17:00:00,0.0881,0.0889,0.0869,0.0885,2324114.5,2025-12-07 17:59:59.999,204152.46319000,2790,930606.60000000,81785.86554000,0
2025-12-07 18:00:00,0.0885,0.0886,0.0877,0.0879,1105691.5,2025-12-07 18:59:59.999,97458.44924000,1421,621150.80000000,54754.39701000,0
2025-12-07 19:00:00,0.0879,0.0881,0.0874,0.088,673417.4,2025-12-07 19:59:59.999,59123.75704000,1192,355082.40000000,31175.66858000,0
2025-12-07 20:00:00,0.088,0.0882,0.0878,0.0881,420303.8,2025-12-07 20:59:59.999,36982.23506000,760,201537.50000000,17736.90924000,0
2025-12-07 21:00:00,0.088,0.0883,0.0858,0.0862,1368080.4,2025-12-07 21:59:59.999,119244.32747000,2560,585200.80000000,51059.15904000,0
2025-12-07 22:00:00,0.0862,0.0872,0.0847,0.0868,2158174.2,2025-12-07 22:59:59.999,184837.80789000,3475,1059813.30000000,90787.50541000,0
2025-12-07 23:00:00,0.0868,0.0869,0.086,0.0866,2234059.7,2025-12-07 23:59:59.999,193049.58638000,1773,1315144.30000000,113627.35594000,0
2025-12-08 00:00:00,0.0865,0.089,0.0864,0.0885,1544605.0,2025-12-08 00:59:59.999,135592.17378000,2096,504226.20000000,44184.44144000,0
2025-12-08 01:00:00,0.0885,0.0907,0.0885,0.0887,2561046.8,2025-12-08 01:59:59.999,228951.95535000,3354,1093822.60000000,97725.65945000,0
2025-12-08 02:00:00,0.0887,0.0906,0.0881,0.0905,1362145.5,2025-12-08 02:59:59.999,121325.26387000,2008,477837.50000000,42678.01859000,0
2025-12-08 03:00:00,0.0905,0.0907,0.0897,0.0899,935275.1,2025-12-08 03:59:59.999,84448.04140000,1604,343255.20000000,31003.43965000,0
2025-12-08 04:00:00,0.0899,0.0902,0.0892,0.0895,564091.5,2025-12-08 04:59:59.999,50572.53619000,1081,262490.70000000,23537.38713000,0
2025-12-08 05:00:00,0.0896,0.0897,0.0886,0.0887,821083.5,2025-12-08 05:59:59.999,73310.24770000,1005,304901.30000000,27251.77326000,0
2025-12-08 06:00:00,0.0887,0.0891,0.0882,0.0884,1066799.2,2025-12-08 06:59:59.999,94510.33083000,1188,445025.60000000,39427.26316000,0
2025-12-08 07:00:00,0.0885,0.089,0.0873,0.0881,2088601.1,2025-12-08 07:59:59.999,183684.00818000,1915,614527.40000000,54027.77303000,0
2025-12-08 08:00:00,0.0881,0.0882,0.0813,0.0849,21967679.0,2025-12-08 08:59:59.999,1853874.66732000,20633,10353171.50000000,872323.08922000,0
2025-12-08 09:00:00,0.0849,0.0858,0.0832,0.0834,4567191.9,2025-12-08 09:59:59.999,386473.40043000,4461,2086662.70000000,176626.97978000,0
2025-12-08 10:00:00,0.0833,0.0844,0.0827,0.0841,4039705.4,2025-12-08 10:59:59.999,337350.96989000,3200,2138354.70000000,178477.90481000,0
2025-12-08 11:00:00,0.0841,0.0841,0.0825,0.0827,2297168.1,2025-12-08 11:59:59.999,191518.50101000,2255,1005511.30000000,83837.24186000,0
2025-12-08 12:00:00,0.0827,0.0829,0.0819,0.0827,4650229.7,2025-12-08 12:59:59.999,383785.43829000,3651,2229642.70000000,184054.86209000,0
2025-12-08 13:00:00,0.0828,0.083,0.0824,0.0827,1884906.8,2025-12-08 13:59:59.999,155775.00336000,1843,940631.20000000,77737.65818000,0
2025-12-08 14:00:00,0.0827,0.0828,0.077,0.0794,14242447.0,2025-12-08 14:59:59.999,1139139.54294000,8309,5736147.40000000,460170.58790000,0
2025-12-08 15:00:00,0.0794,0.0812,0.0786,0.0812,7302368.7,2025-12-08 15:59:59.999,581376.14293000,5518,4068380.30000000,324104.70424000,0
2025-12-08 16:00:00,0.0811,0.0826,0.0807,0.082,5337022.8,2025-12-08 16:59:59.999,436052.05637000,3194,3247967.10000000,265495.16096000,0
2025-12-08 17:00:00,0.082,0.0827,0.0815,0.0826,3048075.7,2025-12-08 17:59:59.999,250562.29232000,2036,1717107.80000000,141216.82144000,0
2025-12-08 18:00:00,0.0826,0.0834,0.0822,0.0831,2865142.7,2025-12-08 18:59:59.999,237116.82586000,1768,1668394.90000000,138124.51710000,0
2025-12-08 19:00:00,0.0832,0.0838,0.083,0.0836,3731991.6,2025-12-08 19:59:59.999,311013.44583000,1679,1963029.40000000,163575.70844000,0
2025-12-08 20:00:00,0.0835,0.0841,0.083,0.0833,2625532.3,2025-12-08 20:59:59.999,219259.42484000,1845,1285539.20000000,107368.85688000,0
2025-12-08 21:00:00,0.0833,0.0833,0.0823,0.0825,1823105.8,2025-12-08 21:59:59.999,151120.57531000,1214,987845.00000000,81900.30956000,0
2025-12-08 22:00:00,0.0825,0.0827,0.0818,0.0822,1459088.6,2025-12-08 22:59:59.999,120037.33827000,849,867947.50000000,71425.89399000,0
2025-12-08 23:00:00,0.0823,0.0828,0.0822,0.0825,1715455.5,2025-12-08 23:59:59.999,141645.68721000,1285,882621.10000000,72892.10069000,0
2025-12-09 00:00:00,0.0824,0.0828,0.0821,0.0825,1143928.7,2025-12-09 00:59:59.999,94374.04638000,953,661224.70000000,54563.43251000,0
2025-12-09 01:00:00,0.0825,0.0826,0.081,0.0811,1906899.8,2025-12-09 01:59:59.999,155886.51026000,1529,989539.50000000,80890.51486000,0
2025-12-09 02:00:00,0.0812,0.0813,0.0804,0.0804,1582368.1,2025-12-09 02:59:59.999,127784.81050000,1530,707053.60000000,57120.04056000,0
2025-12-09 03:00:00,0.0805,0.0808,0.0792,0.0796,3078046.4,2025-12-09 03:59:59.999,246094.30118000,2529,1051536.90000000,84066.34631000,0
2025-12-09 04:00:00,0.0796,0.0797,0.078,0.0783,3154516.6,2025-12-09 04:59:59.999,248352.28248000,2130,1097615.70000000,86494.87935000,0
2025-12-09 05:00:00,0.0783,0.0808,0.0782,0.0806,2619481.0,2025-12-09 05:59:59.999,208362.17483000,2287,1613103.20000000,128402.41058000,0
2025-12-09 06:00:00,0.0807,0.0823,0.0805,0.0816,3376470.8,2025-12-09 06:59:59.999,274519.16535000,2782,2069213.80000000,168209.10681000,0
2025-12-09 07:00:00,0.0816,0.0829,0.0815,0.0827,2794734.7,2025-12-09 07:59:59.999,230225.65554000,2338,1693277.80000000,139494.01942000,0
2025-12-09 08:00:00,0.0827,0.083,0.082,0.0827,2646216.4,2025-12-09 08:59:59.999,218272.25672000,2297,1438071.00000000,118649.30152000,0
2025-12-09 09:00:00,0.0828,0.0836,0.0825,0.0832,2612632.1,2025-12-09 09:59:59.999,217478.53907000,2720,1449170.20000000,120643.98509000,0
2025-12-09 10:00:00,0.0832,0.0833,0.0824,0.0828,3119662.1,2025-12-09 10:59:59.999,258238.60708000,2679,1594804.60000000,132062.00869000,0
2025-12-09 11:00:00,0.0828,0.0838,0.0825,0.0835,2764861.6,2025-12-09 11:59:59.999,229940.72071000,1835,1566857.20000000,130282.77042000,0
2025-12-09 12:00:00,0.0835,0.0849,0.0834,0.0837,2725197.8,2025-12-09 12:59:59.999,229509.65791000,1984,1446517.30000000,121761.31242000,0
2025-12-09 13:00:00,0.0837,0.0849,0.0835,0.0842,2396321.8,2025-12-09 13:59:59.999,202218.59888000,1603,1116452.90000000,94182.33612000,0
2025-12-09 14:00:00,0.0842,0.0846,0.0836,0.0842,1174681.5,2025-12-09 14:59:59.999,98825.79658000,1141,555077.30000000,46722.90410000,0
2025-12-09 15:00:00,0.0841,0.0853,0.0838,0.0848,2428990.5,2025-12-09 15:59:59.999,205683.89942000,2417,1062988.30000000,90023.13878000,0
2025-12-09 16:00:00,0.0848,0.0863,0.0848,0.0854,2349863.8,2025-12-09 16:59:59.999,201203.16920000,2487,1162999.00000000,99595.97469000,0
2025-12-09 17:00:00,0.0855,0.0862,0.0851,0.0854,3014640.3,2025-12-09 17:59:59.999,257936.40012000,1780,844000.90000000,72234.54522000,0
2025-12-09 18:00:00,0.0854,0.0857,0.0845,0.085,1649108.1,2025-12-09 18:59:59.999,140233.46925000,886,779671.40000000,66255.91908000,0
2025-12-09 19:00:00,0.0849,0.0849,0.0831,0.0832,1937077.8,2025-12-09 19:59:59.999,162746.97704000,1225,775610.20000000,65206.52054000,0
2025-12-09 20:00:00,0.0832,0.0833,0.0819,0.0821,2321151.4,2025-12-09 20:59:59.999,191715.62813000,1584,995446.00000000,82150.98689000,0
2025-12-09 21:00:00,0.0822,0.0826,0.0812,0.0817,1163301.0,2025-12-09 21:59:59.999,95370.65746000,916,375611.30000000,30786.20991000,0
2025-12-09 22:00:00,0.0818,0.0825,0.0816,0.0821,1700625.6,2025-12-09 22:59:59.999,139512.12359000,1057,862551.10000000,70806.05087000,0
2025-12-09 23:00:00,0.0821,0.0822,0.0818,0.0818,426812.4,2025-12-09 23:59:59.999,34992.26394000,525,220676.90000000,18088.86882000,0
2025-12-10 00:00:00,0.0818,0.0819,0.0802,0.0802,1236759.5,2025-12-10 00:59:59.999,99745.34695000,1370,655111.60000000,52827.80182000,0
2025-12-10 01:00:00,0.0803,0.0805,0.0798,0.0801,840239.9,2025-12-10 01:59:59.999,67326.23357000,933,449133.30000000,36008.42374000,0
2025-12-10 02:00:00,0.0802,0.0809,0.0799,0.0803,889757.5,2025-12-10 02:59:59.999,71628.99214000,675,578042.90000000,46549.10500000,0
2025-12-10 03:00:00,0.0803,0.0808,0.0795,0.0806,1617374.7,2025-12-10 03:59:59.999,129592.02592000,1051,705488.00000000,56599.41424000,0
2025-12-10 04:00:00,0.0806,0.0824,0.0806,0.0812,2833667.5,2025-12-10 04:59:59.999,231169.19562000,1961,1773233.90000000,144649.96083000,0
2025-12-10 05:00:00,0.0811,0.0826,0.0805,0.0813,1659476.5,2025-12-10 05:59:59.999,135306.04370000,1492,803680.90000000,65621.79031000,0
2025-12-10 06:00:00,0.0812,0.0814,0.0805,0.0805,1187408.9,2025-12-10 06:59:59.999,96068.12536000,1254,778818.40000000,63020.32777000,0
2025-12-10 07:00:00,0.0806,0.0806,0.0792,0.0794,1926447.1,2025-12-10 07:59:59.999,153619.74180000,1600,707748.70000000,56512.77772000,0
2025-12-10 08:00:00,0.0794,0.0805,0.0792,0.0797,2612110.6,2025-12-10 08:59:59.999,208454.97022000,2164,1401623.30000000,111864.96057000,0
2025-12-10 09:00:00,0.0796,0.0799,0.0788,0.0798,1305525.0,2025-12-10 09:59:59.999,103656.83811000,1355,628267.90000000,49896.25218000,0
2025-12-10 10:00:00,0.0797,0.0797,0.078,0.0785,1998535.8,2025-12-10 10:59:59.999,157337.18133000,1738,904264.50000000,71207.93508000,0
2025-12-10 11:00:00,0.0784,0.0785,0.078,0.0781,560884.2,2025-12-10 11:59:59.999,43854.64707000,632,294577.50000000,23031.88938000,0
2025-12-10 12:00:00,0.0781,0.0783,0.0778,0.0782,1541381.2,2025-12-10 12:59:59.999,120201.72741000,1006,503500.50000000,39283.01794000,0
2025-12-10 13:00:00,0.0782,0.079,0.078,0.0787,1719355.9,2025-12-10 13:59:59.999,135131.31742000,1367,840707.70000000,66091.36686000,0
2025-12-10 14:00:00,0.0787,0.0793,0.0784,0.0788,1366749.1,2025-12-10 14:59:59.999,107703.47063000,1201,828852.40000000,65311.74257000,0
2025-12-10 15:00:00,0.0787,0.0832,0.078,0.0793,12581486.5,2025-12-10 15:59:59.999,1013840.03349000,7343,6955479.40000000,561070.28730000,0
2025-12-10 16:00:00,0.0794,0.0801,0.078,0.0781,2429450.6,2025-12-10 16:59:59.999,191595.85302000,1804,863145.60000000,68194.32742000,0
2025-12-10 17:00:00,0.0782,0.0794,0.0778,0.079,1261715.8,2025-12-10 17:59:59.999,99244.89984000,1166,635503.90000000,49983.17111000,0
2025-12-10 18:00:00,0.079,0.0801,0.0785,0.0791,1099722.2,2025-12-10 18:59:59.999,87194.58401000,1043,579053.70000000,45912.75788000,0
2025-12-10 19:00:00,0.0792,0.0808,0.0789,0.0807,1687524.2,2025-12-10 19:59:59.999,134793.14145000,2064,651606.40000000,52049.25621000,0
2025-12-10 20:00:00,0.0807,0.0828,0.0805,0.081,2632038.6,2025-12-10 20:59:59.999,215193.05958000,1956,1112789.40000000,90994.76015000,0
2025-12-10 21:00:00,0.081,0.0812,0.0797,0.0797,1285599.7,2025-12-10 21:59:59.999,103321.38499000,1512,629755.20000000,50646.45219000,0
2025-12-10 22:00:00,0.0798,0.0809,0.0786,0.0804,2125876.6,2025-12-10 22:59:59.999,170087.60701000,1544,988865.50000000,79019.14853000,0
2025-12-10 23:00:00,0.0804,0.0807,0.0798,0.0799,917361.9,2025-12-10 23:59:59.999,73558.10182000,521,368798.60000000,29571.05057000,0
2025-12-11 00:00:00,0.0798,0.0801,0.0783,0.0786,2743217.3,2025-12-11 00:59:59.999,216387.58161000,1780,948219.20000000,74868.37603000,0
2025-12-11 01:00:00,0.0787,0.0787,0.0769,0.0774,7291522.0,2025-12-11 01:59:59.999,566519.65606000,4035,2446124.50000000,189913.68710000,0
2025-12-11 02:00:00,0.0774,0.0796,0.077,0.079,3067156.1,2025-12-11 02:59:59.999,238784.72553000,2161,1687615.10000000,131492.48200000,0
2025-12-11 03:00:00,0.079,0.0792,0.0776,0.0778,1741373.7,2025-12-11 03:59:59.999,136315.38377000,1214,770751.20000000,60327.90839000,0
2025-12-11 04:00:00,0.0778,0.0798,0.0777,0.0798,2792847.5,2025-12-11 04:59:59.999,220598.39636000,1953,1785587.30000000,141124.90449000,0
2025-12-11 05:00:00,0.0797,0.0797,0.0782,0.0785,1184143.1,2025-12-11 05:59:59.999,93564.12563000,1341,568180.90000000,44867.83023000,0
2025-12-11 06:00:00,0.0784,0.0784,0.0776,0.0779,2189771.3,2025-12-11 06:59:59.999,170563.36321000,1628,669997.90000000,52220.33867000,0
2025-12-11 07:00:00,0.0778,0.079,0.0776,0.0788,1651430.4,2025-12-11 07:59:59.999,128878.02213000,1347,757398.20000000,59217.55288000,0
2025-12-11 08:00:00,0.0789,0.079,0.0782,0.0787,1095850.4,2025-12-11 08:59:59.999,86027.50764000,1114,512436.20000000,40234.33135000,0
2025-12-11 09:00:00,0.0787,0.08,0.0786,0.0796,1553728.8,2025-12-11 09:59:59.999,123408.43567000,1349,869457.30000000,69031.05302000,0
2025-12-11 10:00:00,0.0796,0.0796,0.0782,0.0785,1174243.1,2025-12-11 10:59:59.999,92565.07815000,1567,580483.90000000,45708.58436000,0
2025-12-11 11:00:00,0.0785,0.0793,0.0783,0.079,2338254.2,2025-12-11 11:59:59.999,184301.25791000,1381,1291015.50000000,101751.68921000,0
2025-12-11 12:00:00,0.079,0.0805,0.0789,0.08,2707924.3,2025-12-11 12:59:59.999,215644.67646000,1829,1322246.50000000,105266.22845000,0
2025-12-11 13:00:00,0.08,0.0801,0.0788,0.0789,1485307.8,2025-12-11 13:59:59.999,118170.32813000,1371,754310.70000000,60020.74484000,0
2025-12-11 14:00:00,0.0789,0.0802,0.0788,0.0791,2065514.7,2025-12-11 14:59:59.999,163874.41603000,1852,1150209.30000000,91228.83981000,0
2025-12-11 15:00:00,0.0791,0.0803,0.0787,0.0788,3292935.2,2025-12-11 15:59:59.999,260998.91446000,3283,1639837.00000000,130101.98745000,0
2025-12-11 16:00:00,0.0788,0.0797,0.078,0.0792,1697803.7,2025-12-11 16:59:59.999,133750.93211000,1642,924744.90000000,72825.75068000,0
2025-12-11 17:00:00,0.0792,0.0798,0.0788,0.0794,1202697.0,2025-12-11 17:59:59.999,95447.14934000,718,736597.70000000,58476.58976000,0
2025-12-11 18:00:00,0.0794,0.0828,0.0793,0.0827,4537618.1,2025-12-11 18:59:59.999,368861.82084000,3908,2560497.90000000,208172.36646000,0
2025-12-11 19:00:00,0.0827,0.0838,0.0817,0.0821,3488415.2,2025-12-11 19:59:59.999,288378.26130000,3182,1854470.30000000,153501.86852000,0
2025-12-11 20:00:00,0.0821,0.0824,0.081,0.0814,1473034.2,2025-12-11 20:59:59.999,120215.29163000,1322,597650.00000000,48791.64547000,0
2025-12-11 21:00:00,0.0814,0.0819,0.0811,0.0814,1053632.5,2025-12-11 21:59:59.999,85851.17076000,1156,642879.00000000,52398.84127000,0
2025-12-11 22:00:00,0.0814,0.0821,0.0809,0.082,870055.7,2025-12-11 22:59:59.999,70912.72038000,844,425103.40000000,34669.95299000,0
2025-12-11 23:00:00,0.082,0.083,0.0815,0.0827,1381090.4,2025-12-11 23:59:59.999,113537.45449000,1110,662833.40000000,54504.87803000,0
2025-12-12 00:00:00,0.0826,0.0829,0.0809,0.0809,1658743.9,2025-12-12 00:59:59.999,135802.86124000,1809,771440.80000000,63187.79360000,0
2025-12-12 01:00:00,0.0809,0.0818,0.0807,0.0817,1818464.0,2025-12-12 01:59:59.999,147943.35110000,1816,888425.70000000,72290.33223000,0
2025-12-12 02:00:00,0.0817,0.085,0.0817,0.0826,3909070.4,2025-12-12 02:59:59.999,326558.07916000,3455,2255854.50000000,188391.52618000,0
2025-12-12 03:00:00,0.0826,0.0831,0.0815,0.0817,1931363.0,2025-12-12 03:59:59.999,158753.09434000,2210,933964.20000000,76829.59643000,0
2025-12-12 04:00:00,0.0818,0.0829,0.0816,0.0825,1541199.8,2025-12-12 04:59:59.999,126879.01620000,1022,587949.50000000,48386.24200000,0
2025-12-12 05:00:00,0.0825,0.0837,0.0824,0.0831,1115937.0,2025-12-12 05:59:59.999,92877.07137000,1082,593528.20000000,49390.85787000,0
2025-12-12 06:00:00,0.083,0.0857,0.0825,0.0832,5195149.3,2025-12-12 06:59:59.999,435608.71007000,4922,2920034.80000000,244827.91772000,0
2025-12-12 07:00:00,0.0832,0.0846,0.0827,0.0841,4593028.4,2025-12-12 07:59:59.999,383530.01112000,4699,2149800.60000000,179638.80114000,0
2025-12-12 08:00:00,0.0841,0.0844,0.0829,0.0832,2352140.8,2025-12-12 08:59:59.999,196562.06386000,1993,1078390.40000000,90109.84090000,0
2025-12-12 09:00:00,0.0832,0.0836,0.0828,0.0834,1848249.9,2025-12-12 09:59:59.999,153795.99876000,1881,782434.90000000,65138.79867000,0
2025-12-12 10:00:00,0.0833,0.0843,0.083,0.0833,2457665.2,2025-12-12 10:59:59.999,205497.65183000,2861,1169045.50000000,97761.12270000,0
2025-12-12 11:00:00,0.0834,0.0834,0.0816,0.0817,2463656.1,2025-12-12 11:59:59.999,202680.58122000,2924,917553.40000000,75512.21418000,0
2025-12-12 12:00:00,0.0818,0.0823,0.0816,0.0818,1615303.1,2025-12-12 12:59:59.999,132243.81197000,1905,755470.00000000,61857.50920000,0
2025-12-12 13:00:00,0.0818,0.0821,0.0812,0.0815,1393545.2,2025-12-12 13:59:59.999,113779.24889000,1836,678342.50000000,55415.17624000,0
2025-12-12 14:00:00,0.0815,0.0816,0.0805,0.0812,1875486.8,2025-12-12 14:59:59.999,151977.65677000,2265,783664.90000000,63517.36986000,0
2025-12-12 15:00:00,0.0811,0.0811,0.0789,0.0791,4694686.0,2025-12-12 15:59:59.999,375464.43490000,3242,2218452.80000000,177287.24816000,0
2025-12-12 16:00:00,0.0792,0.0801,0.079,0.0799,2542282.5,2025-12-12 16:59:59.999,201837.97704000,2114,1254955.90000000,99606.27921000,0
2025-12-12 17:00:00,0.0799,0.0806,0.0795,0.0797,1344543.1,2025-12-12 17:59:59.999,107476.83089000,958,612325.50000000,48940.68781000,0
2025-12-12 18:00:00,0.0797,0.0801,0.0792,0.0792,1071042.6,2025-12-12 18:59:59.999,85359.80964000,860,531188.80000000,42352.06812000,0
2025-12-12 19:00:00,0.0792,0.0798,0.0791,0.0791,961128.1,2025-12-12 19:59:59.999,76260.24995000,783,435362.30000000,34559.48939000,0
2025-12-12 20:00:00,0.0791,0.0792,0.0788,0.079,1283927.3,2025-12-12 20:59:59.999,101372.38152000,706,653944.00000000,51633.08795000,0
2025-12-12 21:00:00,0.079,0.0793,0.0782,0.0782,1326191.3,2025-12-12 21:59:59.999,104526.55284000,757,484211.70000000,38230.37108000,0
2025-12-12 22:00:00,0.0783,0.0791,0.078,0.0788,1259582.0,2025-12-12 22:59:59.999,98831.03556000,761,705422.60000000,55379.54658000,0
2025-12-12 23:00:00,0.0788,0.0792,0.0785,0.0787,808657.7,2025-12-12 23:59:59.999,63736.12531000,793,346453.10000000,27316.37454000,0
2025-12-13 00:00:00,0.0787,0.0794,0.0776,0.0777,1683320.4,2025-12-13 00:59:59.999,131935.76016000,1175,590367.50000000,46431.99484000,0
2025-12-13 01:00:00,0.0777,0.0778,0.0771,0.0776,1464266.1,2025-12-13 01:59:59.999,113338.83809000,1113,720211.10000000,55768.11693000,0
2025-12-13 02:00:00,0.0776,0.0781,0.0772,0.0775,1634123.7,2025-12-13 02:59:59.999,126902.39689000,1232,760789.80000000,59101.26914000,0
2025-12-13 03:00:00,0.0776,0.0781,0.0774,0.0776,861263.9,2025-12-13 03:59:59.999,66917.31299000,744,514535.90000000,39995.29480000,0
2025-12-13 04:00:00,0.0777,0.0781,0.0776,0.0779,417639.5,2025-12-13 04:59:59.999,32505.34659000,439,209112.20000000,16280.73034000,0
2025-12-13 05:00:00,0.0779,0.0784,0.0776,0.0779,399039.1,2025-12-13 05:59:59.999,31123.58102000,387,197659.40000000,15422.65107000,0
2025-12-13 06:00:00,0.0779,0.078,0.0771,0.0779,1038326.3,2025-12-13 06:59:59.999,80583.95597000,933,515167.30000000,40012.92172000,0
2025-12-13 07:00:00,0.0778,0.0794,0.0778,0.0792,1033172.2,2025-12-13 07:59:59.999,81378.70618000,928,521719.10000000,41090.83456000,0
2025-12-13 08:00:00,0.0793,0.0818,0.0789,0.0813,3031958.3,2025-12-13 08:59:59.999,243998.57483000,2210,1669140.00000000,134276.90772000,0
2025-12-13 09:00:00,0.0812,0.0816,0.0805,0.0808,2027365.3,2025-12-13 09:59:59.999,164239.16400000,1532,1048221.70000000,84919.85317000,0
2025-12-13 10:00:00,0.0808,0.0818,0.0803,0.081,2461273.1,2025-12-13 10:59:59.999,199584.05118000,1381,1157994.80000000,93868.03053000,0
2025-12-13 11:00:00,0.081,0.0835,0.081,0.0823,4000753.6,2025-12-13 11:59:59.999,329728.70748000,3187,2025064.10000000,166946.54297000,0
2025-12-13 12:00:00,0.0822,0.0838,0.082,0.0823,4687174.2,2025-12-13 12:59:59.999,387741.78706000,3377,2023136.60000000,167335.90474000,0
2025-12-13 13:00:00,0.0822,0.0831,0.0817,0.0824,1419732.9,2025-12-13 13:59:59.999,116902.09592000,1065,656945.60000000,54088.43220000,0
2025-12-13 14:00:00,0.0823,0.084,0.082,0.083,1969912.9,2025-12-13 14:59:59.999,163539.64324000,1513,1070997.20000000,88955.98446000,0
2025-12-13 15:00:00,0.083,0.0844,0.0825,0.0836,3335485.7,2025-12-13 15:59:59.999,278124.24832000,2022,1547641.50000000,129188.53655000,0
2025-12-13 16:00:00,0.0837,0.0839,0.0833,0.0835,640333.7,2025-12-13 16:59:59.999,53491.97143000,532,255232.70000000,21319.39807000,0
2025-12-13 17:00:00,0.0835,0.0836,0.0829,0.083,1271356.2,2025-12-13 17:59:59.999,105681.50021000,907,695558.80000000,57819.47349000,0
2025-12-13 18:00:00,0.083,0.0834,0.0829,0.0834,881514.4,2025-12-13 18:59:59.999,73282.83018000,485,334818.20000000,27842.69637000,0
2025-12-13 19:00:00,0.0833,0.0833,0.0828,0.0829,539993.6,2025-12-13 19:59:59.999,44798.55465000,431,169600.70000000,14089.29405000,0
2025-12-13 20:00:00,0.0829,0.0831,0.0825,0.0829,1303770.6,2025-12-13 20:59:59.999,107929.26581000,355,160186.20000000,13266.98288000,0
2025-12-13 21:00:00,0.0829,0.083,0.0825,0.0827,287521.0,2025-12-13 21:59:59.999,23806.24059000,236,111931.50000000,9274.04294000,0
2025-12-13 22:00:00,0.0827,0.0835,0.0824,0.0827,1904751.2,2025-12-13 22:59:59.999,157867.80031000,990,893217.40000000,74112.13307000,0
2025-12-13 23:00:00,0.0827,0.0843,0.0825,0.0834,3194750.4,2025-12-13 23:59:59.999,267132.35847000,1888,1815049.40000000,151807.83072000,0
2025-12-14 00:00:00,0.0834,0.0838,0.0827,0.0829,1512173.8,2025-12-14 00:59:59.999,125572.26739000,983,681171.70000000,56601.58641000,0
2025-12-14 01:00:00,0.0829,0.0836,0.0828,0.0832,1167545.1,2025-12-14 01:59:59.999,97071.99238000,1122,698605.50000000,58094.71822000,0
2025-12-14 02:00:00,0.0832,0.0847,0.0831,0.0837,3673001.6,2025-12-14 02:59:59.999,308193.72991000,3790,2145733.60000000,180089.95154000,0
2025-12-14 03:00:00,0.0838,0.0844,0.0833,0.0839,1823761.4,2025-12-14 03:59:59.999,153004.40514000,2202,967486.40000000,81190.53521000,0
2025-12-14 04:00:00,0.0839,0.0839,0.083,0.0836,690169.5,2025-12-14 04:59:59.999,57628.36708000,608,318241.50000000,26586.95645000,0
2025-12-14 05:00:00,0.0837,0.0837,0.0825,0.083,1708341.4,2025-12-14 05:59:59.999,141940.93437000,1057,704656.60000000,58537.97358000,0
2025-12-14 06:00:00,0.083,0.0843,0.0828,0.0842,707022.3,2025-12-14 06:59:59.999,59150.85091000,487,375284.50000000,31404.33106000,0
2025-12-14 07:00:00,0.0841,0.0843,0.0835,0.0836,1300162.6,2025-12-14 07:59:59.999,109079.49324000,722,510742.90000000,42883.94541000,0
2025-12-14 08:00:00,0.0836,0.0841,0.0825,0.0829,1437490.9,2025-12-14 08:59:59.999,119635.64225000,931,670828.30000000,55835.76806000,0
2025-12-14 09:00:00,0.0829,0.0837,0.0829,0.0834,483032.6,2025-12-14 09:59:59.999,40247.21877000,387,178359.50000000,14862.18704000,0
2025-12-14 10:00:00,0.0834,0.0842,0.083,0.0836,937232.5,2025-12-14 10:59:59.999,78325.58184000,629,471943.00000000,39451.88860000,0
2025-12-14 11:00:00,0.0836,0.084,0.0811,0.0825,3904962.4,2025-12-14 11:59:59.999,321882.04365000,2248,1689049.30000000,139176.01021000,0
2025-12-14 12:00:00,0.0825,0.0828,0.0819,0.0827,1039873.6,2025-12-14 12:59:59.999,85619.81124000,749,437204.90000000,36003.69837000,0
2025-12-14 13:00:00,0.0827,0.0832,0.0826,0.083,962733.4,2025-12-14 13:59:59.999,79769.84481000,796,592527.40000000,49103.99359000,0
2025-12-14 14:00:00,0.0831,0.0831,0.082,0.0822,1170592.0,2025-12-14 14:59:59.999,96517.60927000,936,513406.00000000,42347.75511000,0
2025-12-14 15:00:00,0.0822,0.0826,0.0819,0.0823,685521.0,2025-12-14 15:59:59.999,56426.82941000,636,356156.80000000,29316.71793000,0
2025-12-14 16:00:00,0.0823,0.0839,0.0822,0.0838,1134717.1,2025-12-14 16:59:59.999,94511.55038000,1544,721074.80000000,60080.75550000,0
2025-12-14 17:00:00,0.0838,0.0841,0.0832,0.0834,852371.8,2025-12-14 17:59:59.999,71270.18574000,891,470003.30000000,39324.22716000,0
2025-12-14 18:00:00,0.0835,0.0859,0.0834,0.0856,3462543.1,2025-12-14 18:59:59.999,292805.68253000,1677,2202143.20000000,186306.21852000,0
2025-12-14 19:00:00,0.0855,0.0862,0.0851,0.0854,3648385.1,2025-12-14 19:59:59.999,312304.89678000,1829,1971373.10000000,168768.53301000,0
2025-12-14 20:00:00,0.0854,0.0856,0.0844,0.085,1752131.1,2025-12-14 20:59:59.999,148936.18882000,1087,871799.20000000,74150.58826000,0
2025-12-14 21:00:00,0.085,0.0854,0.0845,0.0847,656875.9,2025-12-14 21:59:59.999,55786.21825000,467,341297.20000000,28996.30349000,0
2025-12-14 22:00:00,0.0847,0.0851,0.0834,0.084,1764496.7,2025-12-14 22:59:59.999,148619.07793000,974,677292.50000000,57029.81094000,0
2025-12-14 23:00:00,0.0839,0.0846,0.0834,0.084,2087152.6,2025-12-14 23:59:59.999,175134.52033000,1247,919694.40000000,77211.72027000,0
2025-12-15 00:00:00,0.084,0.0845,0.0829,0.084,1669723.3,2025-12-15 00:59:59.999,139723.62662000,1050,695608.00000000,58220.07414000,0
2025-12-15 01:00:00,0.0841,0.0845,0.0836,0.0838,1135255.1,2025-12-15 01:59:59.999,95383.46665000,695,518525.80000000,43586.66451000,0
2025-12-15 02:00:00,0.0838,0.0847,0.0837,0.0839,1073187.8,2025-12-15 02:59:59.999,90327.86218000,736,597659.40000000,50300.64622000,0
2025-12-15 03:00:00,0.0838,0.0848,0.0837,0.0837,1046775.9,2025-12-15 03:59:59.999,88109.73834000,717,516884.90000000,43547.06472000,0
2025-12-15 04:00:00,0.0838,0.0861,0.0837,0.0849,2968059.0,2025-12-15 04:59:59.999,251743.05498000,1364,1463655.80000000,123990.40559000,0
2025-12-15 05:00:00,0.0849,0.0866,0.0848,0.0864,2143920.0,2025-12-15 05:59:59.999,183764.67973000,1167,1171454.90000000,100438.64658000,0
2025-12-15 06:00:00,0.0864,0.0866,0.0856,0.086,1721378.6,2025-12-15 06:59:59.999,148023.58823000,1260,907037.20000000,78011.95950000,0
2025-12-15 07:00:00,0.0861,0.0885,0.0852,0.0874,4903157.3,2025-12-15 07:59:59.999,427048.24823000,3175,2798137.50000000,243834.98586000,0
2025-12-15 08:00:00,0.0874,0.0879,0.0863,0.0865,2184346.6,2025-12-15 08:59:59.999,190518.30438000,1467,1338849.70000000,116852.46984000,0
2025-12-15 09:00:00,0.0865,0.0872,0.0859,0.0865,2035331.1,2025-12-15 09:59:59.999,176131.53861000,1175,1072128.60000000,92822.46100000,0
2025-12-15 10:00:00,0.0865,0.0865,0.0852,0.0855,1743099.4,2025-12-15 10:59:59.999,149330.45535000,1066,759884.80000000,65127.20758000,0
2025-12-15 11:00:00,0.0856,0.0857,0.0851,0.0854,832887.7,2025-12-15 11:59:59.999,71106.78240000,561,386359.20000000,32996.07506000,0
2025-12-15 12:00:00,0.0855,0.0876,0.0851,0.0875,2798818.7,2025-12-15 12:59:59.999,241510.55376000,1527,1526597.60000000,131861.00672000,0
2025-12-15 13:00:00,0.0874,0.0889,0.0859,0.0884,5987436.6,2025-12-15 13:59:59.999,523890.08772000,3419,3276383.00000000,286910.32085000,0
2025-12-15 14:00:00,0.0884,0.0892,0.0862,0.0872,6844495.6,2025-12-15 14:59:59.999,601093.35526000,3857,3326557.10000000,292316.43782000,0
2025-12-15 15:00:00,0.0872,0.0875,0.0848,0.0863,6562761.8,2025-12-15 15:59:59.999,562747.98490000,3629,2458848.90000000,211122.62607000,0
2025-12-15 16:00:00,0.0863,0.0864,0.0842,0.0849,2844383.6,2025-12-15 16:59:59.999,242723.59184000,1779,1224792.00000000,104490.61784000,0
2025-12-15 17:00:00,0.0849,0.0849,0.0821,0.0826,5897197.4,2025-12-15 17:59:59.999,490833.79230000,3628,2284071.40000000,190170.95423000,0
2025-12-15 18:00:00,0.0826,0.0838,0.0821,0.0838,2468020.7,2025-12-15 18:59:59.999,203894.90840000,1960,1162114.10000000,96145.14660000,0
2025-12-15 19:00:00,0.0838,0.0867,0.0833,0.0864,4982755.8,2025-12-15 19:59:59.999,424686.62879000,2782,3059250.90000000,261041.76740000,0
2025-12-15 20:00:00,0.0864,0.0903,0.086,0.0902,10585252.5,2025-12-15 20:59:59.999,934306.84798000,6073,6356204.80000000,560769.63020000,0
2025-12-15 21:00:00,0.0902,0.091,0.0882,0.0883,8243772.5,2025-12-15 21:59:59.999,740233.09057000,4142,3671566.70000000,329770.14358000,0
2025-12-15 22:00:00,0.0883,0.0894,0.0874,0.088,5538717.1,2025-12-15 22:59:59.999,488909.14890000,2761,2677612.50000000,236417.39742000,0
2025-12-15 23:00:00,0.0881,0.0894,0.0875,0.0879,2612384.5,2025-12-15 23:59:59.999,230988.83022000,1569,1421486.50000000,125742.12197000,0
2025-12-16 00:00:00,0.0879,0.091,0.0869,0.0894,4461418.6,2025-12-16 00:59:59.999,395945.10635000,2960,2178611.10000000,193584.26150000,0
2025-12-16 01:00:00,0.0894,0.0902,0.0878,0.0882,3126822.2,2025-12-16 01:59:59.999,278335.83166000,2191,1309001.00000000,116681.90015000,0
2025-12-16 02:00:00,0.0882,0.0887,0.0877,0.0881,1093504.7,2025-12-16 02:59:59.999,96402.49904000,901,393059.30000000,34653.21813000,0
2025-12-16 03:00:00,0.0881,0.0884,0.0869,0.087,1124645.7,2025-12-16 03:59:59.999,98403.61151000,1040,557599.80000000,48812.86218000,0
2025-12-16 04:00:00,0.0871,0.0876,0.0861,0.0865,2682226.0,2025-12-16 04:59:59.999,232718.31830000,1847,1267391.10000000,109990.94047000,0
2025-12-16 05:00:00,0.0866,0.0904,0.0865,0.0892,2797797.9,2025-12-16 05:59:59.999,249400.47972000,2085,1543595.60000000,137501.96356000,0
2025-12-16 06:00:00,0.0891,0.0902,0.0885,0.0886,1646571.8,2025-12-16 06:59:59.999,146983.26977000,1315,759195.10000000,67787.96215000,0
2025-12-16 07:00:00,0.0886,0.0887,0.087,0.0873,2023651.4,2025-12-16 07:59:59.999,177702.81492000,1511,668316.50000000,58691.81037000,0
2025-12-16 08:00:00,0.0873,0.0882,0.0863,0.0864,2912724.3,2025-12-16 08:59:59.999,253755.37910000,1986,1218551.20000000,106250.27448000,0
2025-12-16 09:00:00,0.0864,0.087,0.0853,0.0867,2151090.2,2025-12-16 09:59:59.999,185465.22884000,1288,933973.70000000,80680.67612000,0
2025-12-16 10:00:00,0.0867,0.0882,0.0865,0.0875,1654621.5,2025-12-16 10:59:59.999,144901.13092000,1308,866593.10000000,75886.58791000,0
2025-12-16 11:00:00,0.0875,0.0877,0.0867,0.0868,761740.0,2025-12-16 11:59:59.999,66485.92971000,621,415477.90000000,36271.20867000,0
2025-12-16 12:00:00,0.0868,0.087,0.0864,0.0866,896281.4,2025-12-16 12:59:59.999,77738.40022000,555,386317.30000000,33508.85436000,0
2025-12-16 13:00:00,0.0866,0.0877,0.086,0.087,2020554.7,2025-12-16 13:59:59.999,175595.08296000,1441,1321960.00000000,114908.84316000,0
2025-12-16 14:00:00,0.087,0.0896,0.0868,0.0889,2819427.2,2025-12-16 14:59:59.999,248491.61561000,1973,1560853.50000000,137576.26320000,0
2025-12-16 15:00:00,0.0889,0.0893,0.0874,0.0887,3329503.2,2025-12-16 15:59:59.999,294235.58956000,1863,2135576.50000000,188843.89333000,0
2025-12-16 16:00:00,0.0886,0.0887,0.0862,0.0865,3728666.1,2025-12-16 16:59:59.999,324745.78903000,1997,819206.80000000,71484.54926000,0
2025-12-16 17:00:00,0.0866,0.0871,0.0857,0.0859,1897723.1,2025-12-16 17:59:59.999,163986.51273000,1786,851075.20000000,73604.00075000,0
2025-12-16 18:00:00,0.0859,0.0863,0.0848,0.0853,2630078.1,2025-12-16 18:59:59.999,224978.09151000,2312,1243991.80000000,106419.03540000,0
2025-12-16 19:00:00,0.0853,0.0857,0.0848,0.0856,1276687.5,2025-12-16 19:59:59.999,108820.50814000,1065,638166.00000000,54406.76801000,0
2025-12-16 20:00:00,0.0856,0.0859,0.0855,0.0858,257458.8,2025-12-16 20:59:59.999,22068.56741000,333,138717.70000000,11891.17981000,0
2025-12-16 21:00:00,0.0858,0.0866,0.0856,0.0865,280173.3,2025-12-16 21:59:59.999,24091.96912000,286,159278.10000000,13696.55471000,0
2025-12-16 22:00:00,0.0865,0.087,0.0853,0.0856,1126664.6,2025-12-16 22:59:59.999,97039.70825000,634,515652.30000000,44453.81511000,0
2025-12-16 23:00:00,0.0856,0.0869,0.0855,0.0866,1444222.7,2025-12-16 23:59:59.999,124622.13792000,962,755471.50000000,65161.04572000,0
2025-12-17 00:00:00,0.0866,0.0866,0.0856,0.0856,554666.5,2025-12-17 00:59:59.999,47753.23963000,380,236445.80000000,20356.42634000,0
2025-12-17 01:00:00,0.0856,0.0858,0.0839,0.0841,1723481.5,2025-12-17 01:59:59.999,146014.96679000,1355,646481.90000000,54795.89616000,0
2025-12-17 02:00:00,0.0841,0.0841,0.0831,0.0833,1552587.6,2025-12-17 02:59:59.999,129711.61927000,1368,623543.00000000,52108.40620000,0
2025-12-17 03:00:00,0.0833,0.0837,0.083,0.0833,828287.4,2025-12-17 03:59:59.999,68962.27915000,818,285137.40000000,23757.15274000,0
2025-12-17 04:00:00,0.0833,0.0835,0.0829,0.0831,951558.3,2025-12-17 04:59:59.999,79148.78649000,767,400281.10000000,33293.18068000,0
2025-12-17 05:00:00,0.0831,0.084,0.0823,0.0824,1895460.7,2025-12-17 05:59:59.999,157597.49130000,2120,796745.80000000,66261.97937000,0
2025-12-17 06:00:00,0.0825,0.0834,0.0822,0.0825,2105603.8,2025-12-17 06:59:59.999,173992.46861000,2155,899343.20000000,74299.73301000,0
2025-12-17 07:00:00,0.0826,0.0834,0.0825,0.0829,1927965.8,2025-12-17 07:59:59.999,159980.38704000,1616,862357.70000000,71564.34164000,0
2025-12-17 08:00:00,0.083,0.0831,0.0824,0.0826,1026426.7,2025-12-17 08:59:59.999,84990.52958000,1335,452384.50000000,37478.59942000,0
2025-12-17 09:00:00,0.0826,0.0836,0.0823,0.0836,1392780.6,2025-12-17 09:59:59.999,115291.24289000,1826,687856.50000000,56948.75742000,0
2025-12-17 10:00:00,0.0836,0.0869,0.0834,0.0851,6771539.0,2025-12-17 10:59:59.999,577299.98047000,4246,3387375.80000000,288393.84772000,0
2025-12-17 11:00:00,0.0852,0.0862,0.0849,0.086,1823113.1,2025-12-17 11:59:59.999,156066.89487000,986,1028893.40000000,88086.73900000,0
2025-12-17 12:00:00,0.0859,0.0865,0.0853,0.0854,870294.3,2025-12-17 12:59:59.999,74664.05926000,746,399331.90000000,34245.99488000,0
2025-12-17 13:00:00,0.0855,0.0857,0.0849,0.0856,620269.9,2025-12-17 13:59:59.999,52883.35890000,499,260356.20000000,22205.75535000,0
2025-12-17 14:00:00,0.0856,0.0858,0.084,0.0855,1155985.1,2025-12-17 14:59:59.999,98253.99749000,1102,632712.30000000,53820.40946000,0
2025-12-17 15:00:00,0.0856,0.0865,0.0844,0.0845,3046669.1,2025-12-17 15:59:59.999,261135.81472000,2007,1401298.30000000,120185.77591000,0
2025-12-17 16:00:00,0.0846,0.085,0.0824,0.0836,4072423.0,2025-12-17 16:59:59.999,340951.56058000,2819,2022710.40000000,169454.21097000,0
2025-12-17 17:00:00,0.0836,0.0841,0.0832,0.0836,1589461.2,2025-12-17 17:59:59.999,133062.41738000,1728,724222.30000000,60640.47652000,0
2025-12-17 18:00:00,0.0837,0.0839,0.0827,0.0829,922048.9,2025-12-17 18:59:59.999,76871.09268000,987,357218.90000000,29808.50111000,0
2025-12-17 19:00:00,0.083,0.0833,0.0826,0.0831,1265083.1,2025-12-17 19:59:59.999,105013.56122000,1023,588362.30000000,48858.22520000,0
2025-12-17 20:00:00,0.0832,0.0834,0.0829,0.0832,581483.7,2025-12-17 20:59:59.999,48343.07322000,566,258708.60000000,21509.61265000,0
2025-12-17 21:00:00,0.0831,0.0832,0.0824,0.0826,627429.4,2025-12-17 21:59:59.999,51935.60896000,364,344837.20000000,28550.74650000,0
2025-12-17 22:00:00,0.0825,0.0833,0.0824,0.0829,573592.0,2025-12-17 22:59:59.999,47603.27160000,298,210050.20000000,17427.45379000,0
2025-12-17 23:00:00,0.0829,0.083,0.0812,0.0818,1616704.7,2025-12-17 23:59:59.999,132569.18213000,864,790510.50000000,64828.04450000,0
2025-12-18 00:00:00,0.0818,0.0831,0.0817,0.083,644627.2,2025-12-18 00:59:59.999,53023.69339000,333,373499.20000000,30744.37120000,0
2025-12-18 01:00:00,0.083,0.0831,0.0816,0.0816,684654.4,2025-12-18 01:59:59.999,56374.18110000,435,318474.60000000,26260.14893000,0
2025-12-18 02:00:00,0.0816,0.0821,0.0806,0.082,1269381.7,2025-12-18 02:59:59.999,103203.81077000,933,580760.20000000,47236.73454000,0
2025-12-18 03:00:00,0.0819,0.0826,0.0816,0.0818,914047.6,2025-12-18 03:59:59.999,75115.50050000,521,455783.10000000,37466.72587000,0
2025-12-18 04:00:00,0.0818,0.0829,0.0813,0.0825,1066934.4,2025-12-18 04:59:59.999,87618.74269000,715,549242.80000000,45126.57609000,0
2025-12-18 05:00:00,0.0825,0.0831,0.0822,0.0824,770928.5,2025-12-18 05:59:59.999,63776.01377000,669,395089.40000000,32681.10667000,0
2025-12-18 06:00:00,0.0825,0.0833,0.0822,0.0828,662621.7,2025-12-18 06:59:59.999,54958.98948000,653,303823.20000000,25205.35900000,0
2025-12-18 07:00:00,0.0827,0.0847,0.0827,0.0847,2604032.2,2025-12-18 07:59:59.999,218265.95182000,2002,1402910.30000000,117640.85069000,0
2025-12-18 08:00:00,0.0847,0.0853,0.0835,0.084,2040251.7,2025-12-18 08:59:59.999,172116.90079000,1529,996734.50000000,84092.96199000,0
2025-12-18 09:00:00,0.084,0.0845,0.0836,0.0843,1315873.1,2025-12-18 09:59:59.999,110367.48621000,933,464701.80000000,39034.63650000,0
2025-12-18 10:00:00,0.0844,0.0851,0.084,0.0841,1099046.0,2025-12-18 10:59:59.999,92854.51323000,1598,532418.70000000,44977.43574000,0
2025-12-18 11:00:00,0.084,0.0847,0.0837,0.0842,1127243.2,2025-12-18 11:59:59.999,94785.00193000,1345,489985.40000000,41207.41544000,0
2025-12-18 12:00:00,0.0842,0.0851,0.0837,0.0848,1689913.8,2025-12-18 12:59:59.999,142824.78380000,1704,941459.60000000,79588.11354000,0
2025-12-18 13:00:00,0.0849,0.0869,0.0847,0.0862,1899071.9,2025-12-18 13:59:59.999,163007.83768000,2054,1038792.40000000,89179.13627000,0
2025-12-18 14:00:00,0.0862,0.0867,0.0852,0.0852,1537386.6,2025-12-18 14:59:59.999,132180.19583000,1564,818220.10000000,70342.75230000,0
2025-12-18 15:00:00,0.0852,0.0862,0.0851,0.0857,1204387.2,2025-12-18 15:59:59.999,102981.81797000,979,750896.30000000,64216.13084000,0
2025-12-18 16:00:00,0.0857,0.0857,0.0845,0.085,986840.6,2025-12-18 16:59:59.999,84029.29338000,1274,476739.80000000,40611.20288000,0
2025-12-18 17:00:00,0.085,0.085,0.0832,0.0846,2623380.3,2025-12-18 17:59:59.999,220531.58677000,3052,1069653.50000000,90035.08462000,0
2025-12-18 18:00:00,0.0846,0.0863,0.0846,0.0848,1640430.9,2025-12-18 18:59:59.999,140319.71590000,1840,857107.10000000,73326.76551000,0
2025-12-18 19:00:00,0.0848,0.0852,0.0838,0.0841,1218822.7,2025-12-18 19:59:59.999,102822.61557000,1402,633176.40000000,53426.90945000,0
2025-12-18 20:00:00,0.0841,0.0844,0.0832,0.0833,671939.8,2025-12-18 20:59:59.999,56297.95141000,753,329865.70000000,27634.09388000,0
2025-12-18 21:00:00,0.0834,0.0842,0.0834,0.084,734461.9,2025-12-18 21:59:59.999,61584.26875000,663,468824.20000000,39318.07266000,0
2025-12-18 22:00:00,0.084,0.085,0.0839,0.0849,809114.1,2025-12-18 22:59:59.999,68272.53581000,655,477131.70000000,40257.95560000,0
2025-12-18 23:00:00,0.0849,0.0855,0.0846,0.085,710370.7,2025-12-18 23:59:59.999,60418.35230000,789,395509.40000000,33627.81697000,0
2025-12-19 00:00:00,0.0849,0.0852,0.0837,0.084,706100.9,2025-12-19 00:59:59.999,59619.49873000,862,330587.20000000,27928.88594000,0
2025-12-19 01:00:00,0.0841,0.0841,0.083,0.0834,662086.0,2025-12-19 01:59:59.999,55170.30248000,925,274510.90000000,22886.40517000,0
2025-12-19 02:00:00,0.0833,0.0842,0.0831,0.084,1619701.8,2025-12-19 02:59:59.999,135415.18864000,1470,1076689.20000000,89977.61416000,0
2025-12-19 03:00:00,0.084,0.0867,0.084,0.0855,2105071.5,2025-12-19 03:59:59.999,180287.27645000,2779,980649.00000000,84004.02379000,0
2025-12-19 04:00:00,0.0855,0.0863,0.0854,0.0862,774832.8,2025-12-19 04:59:59.999,66572.92809000,1023,397541.60000000,34147.70570000,0
2025-12-19 05:00:00,0.0861,0.0862,0.0854,0.0857,597007.5,2025-12-19 05:59:59.999,51224.18572000,898,302912.40000000,25984.02735000,0
2025-12-19 06:00:00,0.0857,0.086,0.0853,0.0858,243137.5,2025-12-19 06:59:59.999,20821.73000000,494,146354.00000000,12532.35126000,0
2025-12-19 07:00:00,0.0859,0.0863,0.0855,0.0857,868484.8,2025-12-19 07:59:59.999,74586.90608000,1192,480168.30000000,41258.21938000,0
2025-12-19 08:00:00,0.0857,0.0859,0.0854,0.0856,500433.6,2025-12-19 08:59:59.999,42865.35353000,966,259233.50000000,22206.74823000,0
2025-12-19 09:00:00,0.0856,0.0856,0.084,0.0843,2459524.0,2025-12-19 09:59:59.999,208349.57503000,1915,1029759.50000000,87330.11548000,0
2025-12-19 10:00:00,0.0844,0.0849,0.0843,0.0848,470962.0,2025-12-19 10:59:59.999,39868.66491000,511,240725.30000000,20382.65346000,0
2025-12-19 11:00:00,0.0847,0.0859,0.0844,0.0856,1285350.0,2025-12-19 11:59:59.999,109613.49174000,1166,839004.20000000,71596.30896000,0
2025-12-19 12:00:00,0.0856,0.086,0.0848,0.085,1003431.6,2025-12-19 12:59:59.999,85753.51940000,1059,369931.10000000,31685.41661000,0
2025-12-19 13:00:00,0.085,0.0856,0.0848,0.0853,790042.8,2025-12-19 13:59:59.999,67325.25936000,973,504892.20000000,43051.34629000,0
2025-12-19 14:00:00,0.0853,0.0864,0.0852,0.0858,2736610.6,2025-12-19 14:59:59.999,234689.78662000,2332,1523957.20000000,130797.05524000,0
2025-12-19 15:00:00,0.0858,0.0866,0.0849,0.0854,2773349.1,2025-12-19 15:59:59.999,237968.82788000,2107,1261599.30000000,108435.40449000,0
2025-12-19 16:00:00,0.0854,0.0857,0.0851,0.0853,1238029.2,2025-12-19 16:59:59.999,105766.84387000,997,708988.60000000,60593.93172000,0
2025-12-19 17:00:00,0.0853,0.0859,0.0845,0.0846,1663424.7,2025-12-19 17:59:59.999,141627.53123000,1247,754133.60000000,64307.20310000,0
2025-12-19 18:00:00,0.0846,0.0854,0.0845,0.0852,888853.9,2025-12-19 18:59:59.999,75433.29036000,757,616305.20000000,52323.10909000,0
2025-12-19 19:00:00,0.0853,0.0863,0.0849,0.0862,1403994.2,2025-12-19 19:59:59.999,120096.35813000,1132,909290.80000000,77780.72386000,0
2025-12-19 20:00:00,0.0861,0.0886,0.0858,0.0884,3607471.9,2025-12-19 20:59:59.999,314969.44605000,2152,2459207.40000000,214902.21993000,0
2025-12-19 21:00:00,0.0883,0.0892,0.0874,0.0874,4955159.0,2025-12-19 21:59:59.999,437856.06882000,2380,2113573.00000000,187043.33177000,0
2025-12-19 22:00:00,0.0874,0.0877,0.0871,0.0876,671101.3,2025-12-19 22:59:59.999,58671.86704000,585,334187.50000000,29238.37858000,0
2025-12-19 23:00:00,0.0875,0.0883,0.0874,0.0882,1371574.0,2025-12-19 23:59:59.999,120595.90930000,878,752578.50000000,66193.08597000,0
2025-12-20 00:00:00,0.0882,0.0895,0.0878,0.0895,1573611.2,2025-12-20 00:59:59.999,139671.88574000,1100,942415.50000000,83615.24437000,0
2025-12-20 01:00:00,0.0895,0.0908,0.0888,0.0897,3241802.1,2025-12-20 01:59:59.999,291407.95114000,3272,1800226.40000000,161860.19947000,0
2025-12-20 02:00:00,0.0897,0.0904,0.0888,0.0891,1434307.4,2025-12-20 02:59:59.999,128577.11289000,1724,848078.40000000,76067.47740000,0
2025-12-20 03:00:00,0.0891,0.09,0.0887,0.089,865896.8,2025-12-20 03:59:59.999,77403.28881000,1319,440168.90000000,39360.93437000,0
2025-12-20 04:00:00,0.089,0.0899,0.0887,0.089,816484.5,2025-12-20 04:59:59.999,72847.36085000,2047,437947.00000000,39102.61749000,0
2025-12-20 05:00:00,0.0891,0.0906,0.089,0.0899,1987479.7,2025-12-20 05:59:59.999,178704.58847000,3712,1035258.40000000,93093.57832000,0
2025-12-20 06:00:00,0.0899,0.0902,0.0884,0.0885,1123490.8,2025-12-20 06:59:59.999,100028.35058000,1420,492327.20000000,43795.63417000,0
2025-12-20 07:00:00,0.0885,0.0888,0.0879,0.0883,547041.7,2025-12-20 07:59:59.999,48305.36859000,802,202283.20000000,17880.94315000,0
2025-12-20 08:00:00,0.0884,0.0891,0.0878,0.088,992836.3,2025-12-20 08:59:59.999,87834.41577000,1727,597093.00000000,52879.47694000,0
2025-12-20 09:00:00,0.088,0.0891,0.0879,0.0885,735973.7,2025-12-20 09:59:59.999,65153.60089000,1417,392949.90000000,34779.54671000,0
2025-12-20 10:00:00,0.0885,0.0887,0.0881,0.0882,265724.7,2025-12-20 10:59:59.999,23483.66431000,649,113456.30000000,10028.33219000,0
2025-12-20 11:00:00,0.0882,0.0885,0.0878,0.0879,395005.2,2025-12-20 11:59:59.999,34787.01485000,544,144472.00000000,12728.31469000,0
2025-12-20 12:00:00,0.088,0.0883,0.0875,0.0882,1181917.2,2025-12-20 12:59:59.999,103951.56989000,1967,535914.30000000,47142.67838000,0
2025-12-20 13:00:00,0.0882,0.0905,0.0881,0.09,1599344.2,2025-12-20 13:59:59.999,142805.09406000,1466,1048000.50000000,93650.40783000,0
2025-12-20 14:00:00,0.09,0.0909,0.0893,0.09,1602735.0,2025-12-20 14:59:59.999,144225.56648000,1863,850173.70000000,76556.15979000,0
2025-12-20 15:00:00,0.09,0.0903,0.0895,0.0896,1037668.6,2025-12-20 15:59:59.999,93271.95835000,1187,510677.70000000,45955.97512000,0
2025-12-20 16:00:00,0.0896,0.0909,0.089,0.0907,4358713.9,2025-12-20 16:59:59.999,392655.49884000,3002,2336145.30000000,210470.17080000,0
2025-12-20 17:00:00,0.0908,0.0923,0.0907,0.0911,3563417.8,2025-12-20 17:59:59.999,325541.74728000,3585,1624408.80000000,148468.89390000,0
2025-12-20 18:00:00,0.091,0.0915,0.0906,0.0914,1675054.5,2025-12-20 18:59:59.999,152286.19390000,2002,896257.70000000,81505.15470000,0
2025-12-20 19:00:00,0.0914,0.0921,0.091,0.0913,1099322.4,2025-12-20 19:59:59.999,100659.00877000,927,541669.80000000,49632.19717000,0
2025-12-20 20:00:00,0.0913,0.0917,0.0903,0.0904,1408247.4,2025-12-20 20:59:59.999,128207.41988000,1217,445333.50000000,40621.05655000,0
2025-12-20 21:00:00,0.0903,0.0913,0.0901,0.0909,1172739.7,2025-12-20 21:59:59.999,106452.86942000,817,816256.30000000,74107.11590000,0
2025-12-20 22:00:00,0.0909,0.0916,0.0908,0.0914,505702.3,2025-12-20 22:59:59.999,46117.36178000,584,314353.20000000,28690.31347000,0
2025-12-20 23:00:00,0.0914,0.0918,0.091,0.0913,557002.5,2025-12-20 23:59:59.999,50913.62050000,466,244511.20000000,22363.04607000,0
2025-12-21 00:00:00,0.0912,0.0918,0.0906,0.0907,1014331.7,2025-12-21 00:59:59.999,92438.83457000,658,450072.90000000,41068.03527000,0
2025-12-21 01:00:00,0.0907,0.0907,0.0897,0.09,1165355.8,2025-12-21 01:59:59.999,105117.03166000,955,399712.90000000,36042.15366000,0
2025-12-21 02:00:00,0.09,0.09,0.0891,0.0897,972236.3,2025-12-21 02:59:59.999,87089.82513000,797,422849.80000000,37898.19907000,0
2025-12-21 03:00:00,0.0897,0.09,0.0894,0.0898,312024.4,2025-12-21 03:59:59.999,27994.76977000,320,164610.10000000,14781.27108000,0
2025-12-21 04:00:00,0.0898,0.0922,0.0896,0.091,2240462.3,2025-12-21 04:59:59.999,204153.58563000,2121,1392587.20000000,126884.12068000,0
2025-12-21 05:00:00,0.0911,0.0912,0.0905,0.0912,778178.3,2025-12-21 05:59:59.999,70742.96234000,625,411827.30000000,37450.62137000,0
2025-12-21 06:00:00,0.0913,0.0918,0.0909,0.0918,683083.0,2025-12-21 06:59:59.999,62433.92865000,659,448298.30000000,40995.53784000,0
2025-12-21 07:00:00,0.0918,0.0925,0.0912,0.0917,1703344.8,2025-12-21 07:59:59.999,156442.82873000,1869,926846.70000000,85164.54337000,0
2025-12-21 08:00:00,0.0917,0.0935,0.0914,0.0926,2367152.3,2025-12-21 08:59:59.999,219483.56918000,2393,1473491.40000000,136648.96009000,0
2025-12-21 09:00:00,0.0925,0.0932,0.092,0.0921,921293.3,2025-12-21 09:59:59.999,85315.69857000,1071,418872.40000000,38803.58955000,0
2025-12-21 10:00:00,0.0921,0.0922,0.0901,0.0902,968946.8,2025-12-21 10:59:59.999,88140.19737000,978,340495.20000000,30942.01966000,0
2025-12-21 11:00:00,0.0902,0.0925,0.09,0.0916,1459019.3,2025-12-21 11:59:59.999,133376.93372000,1583,824219.20000000,75305.02665000,0
2025-12-21 12:00:00,0.0916,0.0918,0.0905,0.0907,707208.0,2025-12-21 12:59:59.999,64448.96087000,853,287713.20000000,26208.53042000,0
2025-12-21 13:00:00,0.0908,0.0914,0.0901,0.0905,1640522.6,2025-12-21 13:59:59.999,148849.53069000,1750,905139.00000000,82175.87969000,0
2025-12-21 14:00:00,0.0905,0.0918,0.0905,0.0909,1101416.6,2025-12-21 14:59:59.999,100553.39969000,1253,596655.10000000,54474.17283000,0
2025-12-21 15:00:00,0.0909,0.0909,0.09,0.0905,1051475.4,2025-12-21 15:59:59.999,94978.42515000,821,563067.20000000,50830.90448000,0
2025-12-21 16:00:00,0.0904,0.0922,0.0901,0.0916,3062131.8,2025-12-21 16:59:59.999,279591.44425000,1982,1989440.20000000,181641.25930000,0
2025-12-21 17:00:00,0.0916,0.0921,0.0897,0.09,1843140.2,2025-12-21 17:59:59.999,167794.32204000,1871,517207.50000000,47268.94490000,0
2025-12-21 18:00:00,0.0899,0.0899,0.0889,0.0896,1643824.1,2025-12-21 18:59:59.999,147104.62328000,1492,738438.10000000,66112.02031000,0
2025-12-21 19:00:00,0.0896,0.0902,0.0893,0.0897,1107690.9,2025-12-21 19:59:59.999,99375.59564000,998,432223.90000000,38824.96998000,0
2025-12-21 20:00:00,0.0897,0.0899,0.089,0.0891,620584.3,2025-12-21 20:59:59.999,55543.86693000,587,227064.70000000,20355.65052000,0
2025-12-21 21:00:00,0.0891,0.0899,0.089,0.0893,812574.1,2025-12-21 21:59:59.999,72683.73704000,783,450396.70000000,40302.16775000,0
2025-12-21 22:00:00,0.0893,0.0899,0.089,0.0895,917264.1,2025-12-21 22:59:59.999,82004.36742000,912,437048.80000000,39110.46685000,0
2025-12-21 23:00:00,0.0896,0.0899,0.0885,0.0889,980640.9,2025-12-21 23:59:59.999,87476.75934000,739,355236.40000000,31721.57686000,0
2025-12-22 00:00:00,0.0888,0.0898,0.0883,0.0884,2070734.6,2025-12-22 00:59:59.999,184181.35967000,2015,826594.90000000,73623.30094000,0
2025-12-22 01:00:00,0.0884,0.0891,0.0884,0.0887,1020712.5,2025-12-22 01:59:59.999,90685.97298000,1102,568563.40000000,50535.21583000,0
2025-12-22 02:00:00,0.0886,0.0887,0.0878,0.0884,1916260.8,2025-12-22 02:59:59.999,169214.52237000,1208,1106309.10000000,97715.98196000,0
2025-12-22 03:00:00,0.0884,0.0901,0.0884,0.0899,1161063.2,2025-12-22 03:59:59.999,103908.57379000,900,792850.70000000,70941.52740000,0
2025-12-22 04:00:00,0.0899,0.09,0.0887,0.0888,1315405.5,2025-12-22 04:59:59.999,117391.25378000,801,410653.60000000,36684.12627000,0
2025-12-22 05:00:00,0.0889,0.0889,0.088,0.0883,982593.2,2025-12-22 05:59:59.999,86985.77521000,726,473786.40000000,41969.31564000,0
2025-12-22 06:00:00,0.0883,0.0887,0.088,0.0883,970457.4,2025-12-22 06:59:59.999,85741.52255000,746,464134.10000000,41026.53387000,0
2025-12-22 07:00:00,0.0883,0.0891,0.0881,0.0889,1295789.3,2025-12-22 07:59:59.999,114942.72051000,928,495082.70000000,43918.99969000,0
2025-12-22 08:00:00,0.0889,0.0889,0.0877,0.088,1665200.8,2025-12-22 08:59:59.999,147219.64800000,1573,577449.70000000,51108.88742000,0
2025-12-22 09:00:00,0.0879,0.0888,0.0879,0.0881,1646129.4,2025-12-22 09:59:59.999,145318.46515000,1751,955692.60000000,84391.73241000,0
2025-12-22 10:00:00,0.0881,0.0888,0.0878,0.0886,875501.1,2025-12-22 10:59:59.999,77283.96910000,735,510233.50000000,45072.42669000,0
2025-12-22 11:00:00,0.0886,0.0891,0.0885,0.0887,864801.6,2025-12-22 11:59:59.999,76734.64382000,682,359201.70000000,31886.04147000,0
2025-12-22 12:00:00,0.0888,0.0896,0.0885,0.0893,1744638.8,2025-12-22 12:59:59.999,155304.41771000,1219,1047978.00000000,93348.16453000,0
2025-12-22 13:00:00,0.0894,0.0899,0.0892,0.0896,1142071.9,2025-12-22 13:59:59.999,102232.56677000,936,590554.30000000,52889.07957000,0
2025-12-22 14:00:00,0.0896,0.0908,0.0895,0.0904,2400946.8,2025-12-22 14:59:59.999,216533.79346000,2318,1336166.60000000,120555.84166000,0
2025-12-22 15:00:00,0.0904,0.0904,0.0888,0.0896,1666749.7,2025-12-22 15:59:59.999,149152.11605000,1392,656920.30000000,58815.98050000,0
2025-12-22 16:00:00,0.0897,0.0931,0.0897,0.0917,7045444.2,2025-12-22 16:59:59.999,648053.06516000,4653,4248080.00000000,390677.70381000,0
2025-12-22 17:00:00,0.0917,0.0919,0.0911,0.0919,972132.1,2025-12-22 17:59:59.999,88942.29596000,837,480775.60000000,44009.09369000,0
2025-12-22 18:00:00,0.0919,0.0924,0.0915,0.0917,1109024.4,2025-12-22 18:59:59.999,101946.75160000,738,449535.50000000,41364.72528000,0
2025-12-22 19:00:00,0.0917,0.0922,0.0909,0.091,1273207.5,2025-12-22 19:59:59.999,116626.56361000,1015,496907.40000000,45553.41231000,0
2025-12-22 20:00:00,0.091,0.0919,0.0907,0.0918,986710.3,2025-12-22 20:59:59.999,90092.85408000,1018,573996.40000000,52457.63135000,0
2025-12-22 21:00:00,0.0918,0.093,0.0917,0.0921,1206647.1,2025-12-22 21:59:59.999,111421.66539000,1130,711632.00000000,65731.79700000,0
2025-12-22 22:00:00,0.0921,0.0921,0.0909,0.0913,1084694.4,2025-12-22 22:59:59.999,99100.29608000,951,459356.90000000,41959.76074000,0
2025-12-22 23:00:00,0.0913,0.0919,0.0909,0.0918,734172.8,2025-12-22 23:59:59.999,67159.97104000,579,418302.90000000,38293.92959000,0
2025-12-23 00:00:00,0.0918,0.0921,0.0915,0.0919,655555.1,2025-12-23 00:59:59.999,60158.36304000,502,349395.20000000,32070.70807000,0
2025-12-23 01:00:00,0.0918,0.0923,0.0915,0.0922,653685.5,2025-12-23 01:59:59.999,60067.51937000,482,383205.60000000,35248.51008000,0
2025-12-23 02:00:00,0.0922,0.0934,0.092,0.0923,1723155.7,2025-12-23 02:59:59.999,159547.36810000,2165,1052524.30000000,97462.96227000,0
2025-12-23 03:00:00,0.0923,0.0924,0.0909,0.092,2372322.2,2025-12-23 03:59:59.999,217350.49797000,1792,1134357.60000000,103904.02229000,0
2025-12-23 04:00:00,0.0919,0.0924,0.0916,0.0918,771971.5,2025-12-23 04:59:59.999,71024.71554000,513,323360.20000000,29760.17868000,0
2025-12-23 05:00:00,0.0918,0.0921,0.0911,0.0915,834712.8,2025-12-23 05:59:59.999,76409.68081000,646,389159.60000000,35643.97051000,0
2025-12-23 06:00:00,0.0915,0.0915,0.0908,0.0911,560446.2,2025-12-23 06:59:59.999,51032.33013000,484,220878.00000000,20115.39621000,0
2025-12-23 07:00:00,0.0912,0.0928,0.0911,0.0927,2573854.1,2025-12-23 07:59:59.999,237153.22114000,2494,1655260.70000000,152540.64458000,0
2025-12-23 08:00:00,0.0926,0.0927,0.0915,0.0917,1397678.5,2025-12-23 08:59:59.999,128645.21030000,1170,550641.20000000,50680.53495000,0
2025-12-23 09:00:00,0.0916,0.0918,0.0897,0.09,1898379.7,2025-12-23 09:59:59.999,172515.69379000,1230,747752.10000000,68025.88516000,0
2025-12-23 10:00:00,0.09,0.0903,0.089,0.0891,1803625.9,2025-12-23 10:59:59.999,161532.43369000,1787,843118.30000000,75521.66777000,0
2025-12-23 11:00:00,0.0892,0.0906,0.0888,0.0904,1274331.1,2025-12-23 11:59:59.999,114392.97818000,1141,755615.00000000,67877.08415000,0
2025-12-23 12:00:00,0.0904,0.0904,0.0892,0.0901,1143966.6,2025-12-23 12:59:59.999,102566.05428000,907,459810.90000000,41257.31881000,0
2025-12-23 13:00:00,0.0901,0.0901,0.089,0.0893,985648.8,2025-12-23 13:59:59.999,88175.13399000,867,339170.60000000,30369.02674000,0
2025-12-23 14:00:00,0.0893,0.0895,0.0883,0.0887,1287703.9,2025-12-23 14:59:59.999,114476.86053000,1294,544590.90000000,48438.27157000,0
2025-12-23 15:00:00,0.0887,0.0895,0.0884,0.0892,960573.1,2025-12-23 15:59:59.999,85550.04989000,770,641383.30000000,57150.58492000,0
2025-12-23 16:00:00,0.0891,0.0895,0.0887,0.0891,1104339.4,2025-12-23 16:59:59.999,98408.59308000,1039,491061.00000000,43794.98024000,0
2025-12-23 17:00:00,0.0891,0.0895,0.0881,0.0881,1043052.2,2025-12-23 17:59:59.999,92636.58554000,1061,392284.90000000,34911.97212000,0
2025-12-23 18:00:00,0.0882,0.0894,0.0882,0.0889,1372175.3,2025-12-23 18:59:59.999,122082.64835000,1103,752405.30000000,66937.44977000,0
2025-12-23 19:00:00,0.0889,0.0891,0.0885,0.0887,288330.2,2025-12-23 19:59:59.999,25584.89474000,422,75522.80000000,6705.13607000,0
2025-12-23 20:00:00,0.0887,0.0892,0.0883,0.0886,699592.3,2025-12-23 20:59:59.999,62125.71276000,699,357638.10000000,31769.71082000,0
2025-12-23 21:00:00,0.0886,0.0891,0.0883,0.089,637054.5,2025-12-23 21:59:59.999,56510.46427000,694,393587.60000000,34940.33372000,0
2025-12-23 22:00:00,0.0889,0.0891,0.0883,0.0883,615196.6,2025-12-23 22:59:59.999,54491.42462000,505,205935.20000000,18242.66800000,0
2025-12-23 23:00:00,0.0883,0.0889,0.0869,0.088,2808519.1,2025-12-23 23:59:59.999,246909.47050000,1681,1325970.30000000,116655.19058000,0
2025-12-24 00:00:00,0.0879,0.0885,0.0879,0.0883,697775.4,2025-12-24 00:59:59.999,61505.22707000,436,398008.90000000,35104.55820000,0
2025-12-24 01:00:00,0.0884,0.0884,0.0875,0.0876,464096.9,2025-12-24 01:59:59.999,40801.44057000,285,151496.90000000,13333.82239000,0
2025-12-24 02:00:00,0.0876,0.0878,0.0856,0.0859,1664597.9,2025-12-24 02:59:59.999,144027.90420000,932,530530.20000000,45815.68425000,0
2025-12-24 03:00:00,0.0859,0.0861,0.0844,0.0857,5913404.0,2025-12-24 03:59:59.999,503483.92111000,3487,2507001.10000000,213660.24985000,0
2025-12-24 04:00:00,0.0857,0.0859,0.0841,0.0847,3678584.5,2025-12-24 04:59:59.999,313080.28566000,3020,1711493.40000000,145720.83033000,0
2025-12-24 05:00:00,0.0846,0.086,0.0846,0.0851,1777974.5,2025-12-24 05:59:59.999,151569.87386000,1466,906814.10000000,77355.64406000,0
2025-12-24 06:00:00,0.0851,0.0856,0.085,0.0852,835971.0,2025-12-24 06:59:59.999,71272.99312000,805,426965.70000000,36414.50315000,0
2025-12-24 07:00:00,0.0853,0.0853,0.0849,0.0851,520957.1,2025-12-24 07:59:59.999,44330.81306000,710,207760.20000000,17683.39663000,0
2025-12-24 08:00:00,0.0852,0.0859,0.0851,0.0852,1085349.7,2025-12-24 08:59:59.999,92788.73339000,1081,574035.50000000,49099.01466000,0
2025-12-24 09:00:00,0.0852,0.0855,0.0842,0.0843,1650438.7,2025-12-24 09:59:59.999,139853.65599000,1367,501604.30000000,42531.67921000,0
2025-12-24 10:00:00,0.0844,0.0857,0.0843,0.0854,1772531.5,2025-12-24 10:59:59.999,150541.61558000,1238,943539.70000000,80191.46857000,0
2025-12-24 11:00:00,0.0854,0.0865,0.0853,0.0857,1734600.7,2025-12-24 11:59:59.999,149083.03091000,1379,751087.30000000,64558.09704000,0
2025-12-24 12:00:00,0.0858,0.0868,0.0857,0.0867,1069499.1,2025-12-24 12:59:59.999,92365.30165000,1052,632552.40000000,54621.44559000,0
2025-12-24 13:00:00,0.0866,0.0878,0.0863,0.0875,2230221.3,2025-12-24 13:59:59.999,194308.24289000,1361,1396232.40000000,121628.22989000,0
2025-12-24 14:00:00,0.0876,0.088,0.0871,0.0875,760582.3,2025-12-24 14:59:59.999,66580.23771000,716,413789.50000000,36234.27653000,0
2025-12-24 15:00:00,0.0876,0.0889,0.0875,0.0882,2577957.5,2025-12-24 15:59:59.999,227451.13606000,1500,1379290.90000000,121683.66566000,0
2025-12-24 16:00:00,0.0882,0.089,0.0881,0.0885,1377648.4,2025-12-24 16:59:59.999,121892.43459000,918,756009.00000000,66921.37699000,0
2025-12-24 17:00:00,0.0886,0.0905,0.0885,0.0896,2841127.6,2025-12-24 17:59:59.999,254819.99598000,1671,1615213.90000000,144866.48050000,0
2025-12-24 18:00:00,0.0897,0.0906,0.0897,0.0902,1317720.4,2025-12-24 18:59:59.999,118740.69814000,1072,821036.60000000,74006.87548000,0
2025-12-24 19:00:00,0.0902,0.0903,0.0895,0.0897,1025029.0,2025-12-24 19:59:59.999,92196.00381000,605,463270.60000000,41698.98766000,0
2025-12-24 20:00:00,0.0897,0.09,0.0892,0.0893,402862.7,2025-12-24 20:59:59.999,36075.06743000,313,205298.80000000,18399.44890000,0
2025-12-24 21:00:00,0.0894,0.09,0.0894,0.0898,513290.3,2025-12-24 21:59:59.999,46051.69716000,494,351166.10000000,31518.86092000,0
2025-12-24 22:00:00,0.0898,0.09,0.0893,0.0894,341428.0,2025-12-24 22:59:59.999,30602.67452000,240,108635.70000000,9740.29162000,0
2025-12-24 23:00:00,0.0894,0.0895,0.0891,0.0892,250904.1,2025-12-24 23:59:59.999,22388.23291000,262,89813.00000000,8016.84422000,0
2025-12-25 00:00:00,0.0891,0.0895,0.0885,0.0886,1018713.9,2025-12-25 00:59:59.999,90591.19688000,670,531312.60000000,47268.69383000,0
2025-12-25 01:00:00,0.0885,0.0889,0.0885,0.0886,382245.8,2025-12-25 01:59:59.999,33913.03016000,422,178062.60000000,15810.06557000,0
2025-12-25 02:00:00,0.0886,0.0892,0.0885,0.0891,391889.0,2025-12-25 02:59:59.999,34831.67801000,393,215865.30000000,19191.06574000,0
2025-12-25 03:00:00,0.0891,0.0892,0.0886,0.0889,295950.6,2025-12-25 03:59:59.999,26299.88700000,352,161851.00000000,14393.82238000,0
2025-12-25 04:00:00,0.0888,0.0894,0.0886,0.0892,683434.5,2025-12-25 04:59:59.999,60799.04303000,1025,358475.50000000,31898.88582000,0
2025-12-25 05:00:00,0.0891,0.0897,0.0889,0.0893,803966.5,2025-12-25 05:59:59.999,71835.89678000,1399,553940.60000000,49507.30084000,0
2025-12-25 06:00:00,0.0893,0.0904,0.0891,0.09,779199.0,2025-12-25 06:59:59.999,69875.85118000,937,548345.50000000,49218.66917000,0
2025-12-25 07:00:00,0.09,0.0908,0.0897,0.0906,1592027.4,2025-12-25 07:59:59.999,143564.65392000,1566,1038272.80000000,93700.01164000,0
2025-12-25 08:00:00,0.0905,0.0908,0.0899,0.0902,1633890.5,2025-12-25 08:59:59.999,147544.45556000,1980,654800.00000000,59159.55827000,0
2025-12-25 09:00:00,0.0902,0.0904,0.0897,0.09,493550.8,2025-12-25 09:59:59.999,44467.76106000,680,222375.70000000,20048.64522000,0
2025-12-25 10:00:00,0.0901,0.0901,0.0877,0.088,2102815.7,2025-12-25 10:59:59.999,186119.42241000,2754,570508.90000000,50462.90559000,0
2025-12-25 11:00:00,0.088,0.0888,0.0874,0.0882,1427217.1,2025-12-25 11:59:59.999,125814.50790000,1836,682123.20000000,60157.48717000,0
2025-12-25 12:00:00,0.0883,0.0886,0.0879,0.0882,3119198.7,2025-12-25 12:59:59.999,275258.38004000,4498,1229009.70000000,108524.11640000,0
2025-12-25 13:00:00,0.0881,0.0882,0.0872,0.0874,624155.7,2025-12-25 13:59:59.999,54640.44745000,682,225642.40000000,19764.23669000,0
2025-12-25 14:00:00,0.0873,0.0875,0.0867,0.0869,864944.2,2025-12-25 14:59:59.999,75356.94290000,674,422952.90000000,36877.07829000,0
2025-12-25 15:00:00,0.0869,0.0875,0.0866,0.0871,1212969.4,2025-12-25 15:59:59.999,105590.86464000,987,729961.80000000,63554.53356000,0
2025-12-25 16:00:00,0.0871,0.0889,0.0871,0.0883,2200243.1,2025-12-25 16:59:59.999,194044.01837000,1734,1465672.20000000,129230.90901000,0
2025-12-25 17:00:00,0.0884,0.0891,0.0882,0.0886,1075418.9,2025-12-25 17:59:59.999,95340.59060000,1047,580858.30000000,51520.28189000,0
2025-12-25 18:00:00,0.0886,0.0887,0.0883,0.0885,472522.8,2025-12-25 18:59:59.999,41823.84064000,596,267789.90000000,23708.05803000,0
2025-12-25 19:00:00,0.0885,0.0892,0.0883,0.0885,792736.2,2025-12-25 19:59:59.999,70408.84285000,762,445523.90000000,39568.96639000,0
2025-12-25 20:00:00,0.0886,0.0889,0.0883,0.0888,575862.5,2025-12-25 20:59:59.999,51026.57774000,623,374019.50000000,33159.25064000,0
2025-12-25 21:00:00,0.0888,0.0894,0.0879,0.088,1110663.5,2025-12-25 21:59:59.999,98636.68281000,1156,539576.70000000,48015.98730000,0
2025-12-25 22:00:00,0.088,0.0882,0.0866,0.0868,905865.9,2025-12-25 22:59:59.999,79061.16105000,1210,254812.20000000,22261.08259000,0
2025-12-25 23:00:00,0.0867,0.087,0.0863,0.0864,1744968.7,2025-12-25 23:59:59.999,151096.48262000,1824,792970.60000000,68713.37576000,0
2025-12-26 00:00:00,0.0865,0.0867,0.0859,0.086,605889.9,2025-12-26 00:59:59.999,52315.01252000,665,247155.40000000,21351.94847000,0
2025-12-26 01:00:00,0.0861,0.0873,0.0861,0.0867,927625.5,2025-12-26 01:59:59.999,80405.64321000,639,624360.30000000,54129.23808000,0
2025-12-26 02:00:00,0.0867,0.0879,0.0867,0.0878,1298094.4,2025-12-26 02:59:59.999,113636.35166000,1412,814930.50000000,71351.23268000,0
2025-12-26 03:00:00,0.0878,0.0881,0.0871,0.0873,950815.4,2025-12-26 03:59:59.999,83205.17779000,701,347339.20000000,30449.83562000,0
2025-12-26 04:00:00,0.0872,0.0891,0.087,0.0886,2755939.0,2025-12-26 04:59:59.999,243579.56454000,1982,1618872.00000000,143025.53314000,0
2025-12-26 05:00:00,0.0885,0.0889,0.0883,0.0886,421752.8,2025-12-26 05:59:59.999,37360.85437000,520,202883.20000000,17976.67107000,0
2025-12-26 06:00:00,0.0887,0.0896,0.0886,0.0894,952998.1,2025-12-26 06:59:59.999,85021.69598000,948,632615.20000000,56429.62292000,0
2025-12-26 07:00:00,0.0894,0.0898,0.0886,0.0888,786898.0,2025-12-26 07:59:59.999,70243.73461000,827,341869.60000000,30555.29846000,0
2025-12-26 08:00:00,0.0889,0.0895,0.0886,0.0892,1025610.3,2025-12-26 08:59:59.999,91284.45144000,1050,589951.90000000,52551.81406000,0
2025-12-26 09:00:00,0.0892,0.0899,0.0892,0.0893,704238.8,2025-12-26 09:59:59.999,63130.93122000,729,337697.20000000,30279.72714000,0
2025-12-26 10:00:00,0.0893,0.0896,0.0891,0.0893,351592.1,2025-12-26 10:59:59.999,31397.49067000,288,144335.90000000,12889.30912000,0
2025-12-26 11:00:00,0.0894,0.0896,0.0892,0.0893,238620.0,2025-12-26 11:59:59.999,21336.81804000,287,134350.40000000,12015.01667000,0
2025-12-26 12:00:00,0.0893,0.0901,0.0892,0.0897,507271.0,2025-12-26 12:59:59.999,45556.85907000,528,362135.20000000,32523.35632000,0
2025-12-26 13:00:00,0.0897,0.091,0.0897,0.0908,1089982.7,2025-12-26 13:59:59.999,98523.70674000,1101,833657.20000000,75420.01519000,0
2025-12-26 14:00:00,0.0907,0.0914,0.0901,0.0906,2699088.2,2025-12-26 14:59:59.999,245072.21571000,1911,1802714.40000000,163790.81308000,0
2025-12-26 15:00:00,0.0906,0.0909,0.0897,0.0899,2208444.1,2025-12-26 15:59:59.999,199571.60634000,2059,1272263.70000000,115017.26913000,0
2025-12-26 16:00:00,0.0899,0.0905,0.089,0.089,1423188.6,2025-12-26 16:59:59.999,127807.06382000,1488,636186.50000000,57199.88007000,0
2025-12-26 17:00:00,0.089,0.0899,0.089,0.0897,886757.7,2025-12-26 17:59:59.999,79322.98491000,894,587807.00000000,52607.20205000,0
2025-12-26 18:00:00,0.0898,0.0908,0.0897,0.09,1627805.4,2025-12-26 18:59:59.999,146831.28830000,1212,1038758.20000000,93678.24738000,0
2025-12-26 19:00:00,0.09,0.0908,0.0898,0.09,1733363.9,2025-12-26 19:59:59.999,156501.86521000,877,908278.30000000,82056.96276000,0
2025-12-26 20:00:00,0.0901,0.0904,0.0896,0.09,803435.3,2025-12-26 20:59:59.999,72289.63256000,576,445384.50000000,40108.10536000,0
2025-12-26 21:00:00,0.09,0.0907,0.0899,0.0899,1526543.4,2025-12-26 21:59:59.999,137745.76737000,1514,810133.30000000,73124.47334000,0
2025-12-26 22:00:00,0.0899,0.0906,0.0899,0.0905,417796.4,2025-12-26 22:59:59.999,37755.66608000,623,229646.40000000,20750.31252000,0
2025-12-26 23:00:00,0.0905,0.0919,0.0905,0.0919,1776543.8,2025-12-26 23:59:59.999,162159.16789000,909,1424696.90000000,129998.01117000,0
2025-12-27 00:00:00,0.0919,0.0923,0.0909,0.0912,2946165.0,2025-12-27 00:59:59.999,269449.09787000,2139,1475885.20000000,135081.23149000,0
2025-12-27 01:00:00,0.0912,0.0921,0.0904,0.0918,1711109.7,2025-12-27 01:59:59.999,156167.62593000,1647,914740.30000000,83553.86134000,0
2025-12-27 02:00:00,0.0918,0.0919,0.0911,0.0912,692667.4,2025-12-27 02:59:59.999,63345.91315000,787,277356.80000000,25371.03001000,0
2025-12-27 03:00:00,0.0912,0.0914,0.0909,0.0914,254159.7,2025-12-27 03:59:59.999,23174.05022000,357,138617.30000000,12648.32269000,0
2025-12-27 04:00:00,0.0914,0.0914,0.0905,0.0909,747926.5,2025-12-27 04:59:59.999,67981.35742000,504,353686.80000000,32167.45210000,0
2025-12-27 05:00:00,0.0909,0.0911,0.0907,0.091,242795.9,2025-12-27 05:59:59.999,22070.89541000,253,139900.90000000,12718.17353000,0
2025-12-27 06:00:00,0.091,0.0913,0.0907,0.0908,568721.9,2025-12-27 06:59:59.999,51787.73291000,517,299259.00000000,27265.86108000,0
2025-12-27 07:00:00,0.0908,0.0916,0.0906,0.0908,1190249.3,2025-12-27 07:59:59.999,108460.47476000,827,653494.90000000,59590.20053000,0
2025-12-27 08:00:00,0.0908,0.0913,0.09,0.0901,1552582.3,2025-12-27 08:59:59.999,140924.87545000,911,645105.30000000,58575.81064000,0
2025-12-27 09:00:00,0.09,0.0903,0.0897,0.0903,889106.8,2025-12-27 09:59:59.999,80049.36978000,428,461947.50000000,41616.31062000,0
2025-12-27 10:00:00,0.0903,0.0905,0.0899,0.0903,539736.1,2025-12-27 10:59:59.999,48722.80348000,435,255886.50000000,23123.93934000,0
2025-12-27 11:00:00,0.0903,0.0909,0.0903,0.0908,372078.6,2025-12-27 11:59:59.999,33697.95759000,384,251570.80000000,22787.63395000,0
2025-12-27 12:00:00,0.0909,0.0931,0.0908,0.0922,3680073.1,2025-12-27 12:59:59.999,339794.25231000,2081,2710514.50000000,250321.42264000,0
2025-12-27 13:00:00,0.0923,0.0929,0.0919,0.0921,1223691.7,2025-12-27 13:59:59.999,112960.62332000,1077,683730.90000000,63152.53584000,0
2025-12-27 14:00:00,0.0921,0.093,0.0919,0.0929,1977238.0,2025-12-27 14:59:59.999,182904.12762000,1471,1138813.90000000,105367.14298000,0
2025-12-27 15:00:00,0.0929,0.0929,0.0919,0.0923,787169.7,2025-12-27 15:59:59.999,72596.44732000,754,357812.20000000,33002.54073000,0
2025-12-27 16:00:00,0.0922,0.0924,0.0908,0.0909,1729564.4,2025-12-27 16:59:59.999,158135.78925000,1038,552909.00000000,50596.18854000,0
2025-12-27 17:00:00,0.091,0.0918,0.0906,0.0915,1920177.8,2025-12-27 17:59:59.999,174984.23778000,2207,1198283.60000000,109246.70894000,0
2025-12-27 18:00:00,0.0915,0.0933,0.0914,0.092,1609259.3,2025-12-27 18:59:59.999,148632.59785000,1595,862588.30000000,79646.98696000,0
2025-12-27 19:00:00,0.092,0.0921,0.0911,0.0915,679915.4,2025-12-27 19:59:59.999,62213.31666000,628,228143.10000000,20868.35623000,0
2025-12-27 20:00:00,0.0914,0.0918,0.0912,0.0915,1077092.3,2025-12-27 20:59:59.999,98568.09379000,870,581364.00000000,53229.62968000,0
2025-12-27 21:00:00,0.0916,0.0927,0.0915,0.0925,1306671.0,2025-12-27 21:59:59.999,120569.74056000,778,988655.90000000,91233.05124000,0
2025-12-27 22:00:00,0.0925,0.0932,0.0923,0.0924,1025936.2,2025-12-27 22:59:59.999,95156.60562000,705,573649.10000000,53235.36372000,0
2025-12-27 23:00:00,0.0925,0.0934,0.0923,0.0933,979403.3,2025-12-27 23:59:59.999,90969.37464000,1040,650193.70000000,60397.67866000,0
2025-12-28 00:00:00,0.0933,0.0933,0.0925,0.0928,886549.6,2025-12-28 00:59:59.999,82307.83177000,741,380908.70000000,35371.29602000,0
2025-12-28 01:00:00,0.0928,0.0929,0.0924,0.0928,439158.4,2025-12-28 01:59:59.999,40679.83681000,413,236581.10000000,21920.95404000,0
2025-12-28 02:00:00,0.0926,0.0942,0.0926,0.0937,1658365.5,2025-12-28 02:59:59.999,155144.77403000,1403,1163284.30000000,108795.98978000,0
2025-12-28 03:00:00,0.0938,0.0954,0.0937,0.0952,3283613.0,2025-12-28 03:59:59.999,310469.26654000,3309,1860540.50000000,175951.68278000,0
2025-12-28 04:00:00,0.0951,0.0959,0.0939,0.0939,5599459.6,2025-12-28 04:59:59.999,531748.65906000,3522,1981947.40000000,188413.83375000,0
2025-12-28 05:00:00,0.0939,0.0949,0.0928,0.0946,3179204.4,2025-12-28 05:59:59.999,297590.12742000,2623,1339169.00000000,125519.42057000,0
2025-12-28 06:00:00,0.0945,0.0947,0.0942,0.0946,785111.7,2025-12-28 06:59:59.999,74156.19248000,851,368476.80000000,34810.84073000,0
2025-12-28 07:00:00,0.0946,0.0952,0.0945,0.0947,531394.5,2025-12-28 07:59:59.999,50410.61830000,741,308170.40000000,29249.53317000,0
2025-12-28 08:00:00,0.0947,0.0952,0.0944,0.0949,961559.7,2025-12-28 08:59:59.999,91183.06363000,992,549102.80000000,52083.73544000,0
2025-12-28 09:00:00,0.0949,0.0955,0.0947,0.0947,838525.8,2025-12-28 09:59:59.999,79632.53201000,886,472550.70000000,44905.56432000,0
2025-12-28 10:00:00,0.0947,0.0947,0.094,0.0944,782292.0,2025-12-28 10:59:59.999,73802.65171000,813,360353.00000000,34028.43026000,0
2025-12-28 11:00:00,0.0944,0.0951,0.094,0.0946,840078.8,2025-12-28 11:59:59.999,79476.86080000,961,455580.30000000,43126.80176000,0
2025-12-28 12:00:00,0.0947,0.095,0.094,0.0943,637737.1,2025-12-28 12:59:59.999,60307.11146000,680,273283.90000000,25850.43869000,0
2025-12-28 13:00:00,0.0942,0.0942,0.093,0.0931,2451045.5,2025-12-28 13:59:59.999,229378.49683000,2644,637729.90000000,59721.41414000,0
2025-12-28 14:00:00,0.0931,0.0934,0.0925,0.0929,523167.9,2025-12-28 14:59:59.999,48606.03493000,635,161223.80000000,14991.46309000,0
2025-12-28 15:00:00,0.0929,0.093,0.0922,0.0923,487977.3,2025-12-28 15:59:59.999,45202.56913000,703,200497.90000000,18585.31253000,0
2025-12-28 16:00:00,0.0924,0.0931,0.0923,0.0927,533405.2,2025-12-28 16:59:59.999,49462.76335000,650,289316.10000000,26828.52164000,0
2025-12-28 17:00:00,0.0927,0.0932,0.0925,0.0927,509620.5,2025-12-28 17:59:59.999,47322.92684000,566,329218.30000000,30567.74750000,0
2025-12-28 18:00:00,0.0927,0.0927,0.0908,0.0923,2450848.5,2025-12-28 18:59:59.999,225025.13459000,1919,718540.40000000,66083.33524000,0
2025-12-28 19:00:00,0.0923,0.0923,0.0913,0.0913,737075.0,2025-12-28 19:59:59.999,67573.62588000,968,268996.60000000,24662.68612000,0
2025-12-28 20:00:00,0.0914,0.0917,0.0909,0.0914,1320761.6,2025-12-28 20:59:59.999,120614.34966000,1507,679425.50000000,62068.19013000,0
2025-12-28 21:00:00,0.0914,0.0917,0.0909,0.0911,687560.4,2025-12-28 21:59:59.999,62738.97462000,753,407461.50000000,37192.36091000,0
2025-12-28 22:00:00,0.0912,0.0916,0.0906,0.0911,312794.4,2025-12-28 22:59:59.999,28474.47524000,350,130118.90000000,11846.95086000,0
2025-12-28 23:00:00,0.0911,0.0912,0.0906,0.0908,321884.0,2025-12-28 23:59:59.999,29256.72900000,328,121199.40000000,11016.50736000,0
2025-12-29 00:00:00,0.0908,0.0914,0.0906,0.091,403660.0,2025-12-29 00:59:59.999,36738.94130000,436,182117.20000000,16574.49609000,0
2025-12-29 01:00:00,0.091,0.0922,0.0907,0.0921,687930.5,2025-12-29 01:59:59.999,62983.42643000,622,424018.80000000,38827.58924000,0
2025-12-29 02:00:00,0.0922,0.0925,0.0919,0.0924,637824.0,2025-12-29 02:59:59.999,58773.39060000,476,286741.60000000,26437.21259000,0
2025-12-29 03:00:00,0.0925,0.0931,0.0917,0.0929,1572084.6,2025-12-29 03:59:59.999,145412.99191000,1287,863349.70000000,79947.83291000,0
2025-12-29 04:00:00,0.093,0.0944,0.0929,0.0931,976871.3,2025-12-29 04:59:59.999,91571.39527000,1094,543472.00000000,50963.34193000,0
2025-12-29 05:00:00,0.0931,0.094,0.0931,0.0933,1217936.4,2025-12-29 05:59:59.999,113910.65952000,1428,568821.00000000,53231.14429000,0
2025-12-29 06:00:00,0.0934,0.0937,0.0929,0.093,803215.2,2025-12-29 06:59:59.999,74949.47731000,1168,366447.50000000,34226.88115000,0
2025-12-29 07:00:00,0.0931,0.094,0.0925,0.0937,1855038.3,2025-12-29 07:59:59.999,173005.79362000,1392,985672.80000000,91972.57568000,0
2025-12-29 08:00:00,0.0936,0.0936,0.0929,0.0935,1268333.3,2025-12-29 08:59:59.999,118327.10716000,926,695784.80000000,64940.63683000,0
2025-12-29 09:00:00,0.0935,0.0938,0.0927,0.093,1449166.5,2025-12-29 09:59:59.999,135215.52456000,1382,476301.10000000,44490.53576000,0
2025-12-29 10:00:00,0.093,0.0943,0.0929,0.094,1062676.4,2025-12-29 10:59:59.999,99468.07003000,878,663093.70000000,62109.83315000,0
2025-12-29 11:00:00,0.094,0.0941,0.0926,0.0926,1718292.0,2025-12-29 11:59:59.999,160569.12943000,1328,601307.60000000,56260.81244000,0
2025-12-29 12:00:00,0.0927,0.0928,0.0916,0.0927,1679019.3,2025-12-29 12:59:59.999,154769.79879000,1647,686941.20000000,63366.65612000,0
2025-12-29 13:00:00,0.0926,0.0927,0.0914,0.0916,3493729.1,2025-12-29 13:59:59.999,321538.33193000,1845,1146998.80000000,105585.38493000,0
2025-12-29 14:00:00,0.0915,0.0926,0.0913,0.0916,3088539.3,2025-12-29 14:59:59.999,283789.05804000,1689,1224961.10000000,112545.46071000,0
2025-12-29 15:00:00,0.0916,0.0925,0.0912,0.0924,3926622.7,2025-12-29 15:59:59.999,360445.98983000,2274,1658972.00000000,152439.29906000,0
2025-12-29 16:00:00,0.0924,0.0927,0.0921,0.0924,814667.0,2025-12-29 16:59:59.999,75288.12023000,620,295961.40000000,27370.72319000,0
2025-12-29 17:00:00,0.0924,0.0929,0.0919,0.0924,1679595.9,2025-12-29 17:59:59.999,155302.18217000,1074,847211.80000000,78348.35148000,0
2025-12-29 18:00:00,0.0924,0.0925,0.0922,0.0922,309267.5,2025-12-29 18:59:59.999,28546.00103000,237,80602.20000000,7445.86362000,0
2025-12-29 19:00:00,0.0923,0.0934,0.0921,0.0932,1785512.9,2025-12-29 19:59:59.999,166100.07545000,1042,1140709.10000000,106082.20908000,0
2025-12-29 20:00:00,0.0933,0.0935,0.093,0.0932,521335.2,2025-12-29 20:59:59.999,48628.64803000,443,196818.30000000,18363.58246000,0
2025-12-29 21:00:00,0.0933,0.0935,0.0927,0.0933,783896.9,2025-12-29 21:59:59.999,72979.52056000,418,352124.10000000,32805.98653000,0
2025-12-29 22:00:00,0.0933,0.0938,0.093,0.0938,709445.5,2025-12-29 22:59:59.999,66288.31152000,478,476860.80000000,44587.11997000,0
2025-12-29 23:00:00,0.0938,0.0942,0.0937,0.0939,616490.8,2025-12-29 23:59:59.999,57893.26932000,411,347757.10000000,32658.50284000,0
2025-12-30 00:00:00,0.0939,0.0942,0.0936,0.0936,587881.4,2025-12-30 00:59:59.999,55158.03889000,500,221932.30000000,20834.37265000,0
2025-12-30 01:00:00,0.0936,0.0937,0.0927,0.0931,1019375.6,2025-12-30 01:59:59.999,94945.28407000,940,395602.50000000,36860.35638000,0
2025-12-30 02:00:00,0.0931,0.0943,0.0929,0.0938,1931562.8,2025-12-30 02:59:59.999,180974.52666000,1402,1141919.40000000,107064.95001000,0
2025-12-30 03:00:00,0.0938,0.094,0.093,0.0937,1760247.1,2025-12-30 03:59:59.999,164750.92229000,1294,703079.50000000,65820.00537000,0
2025-12-30 04:00:00,0.0937,0.0941,0.0934,0.094,520607.1,2025-12-30 04:59:59.999,48818.14872000,399,297094.20000000,27880.34843000,0
2025-12-30 05:00:00,0.094,0.0947,0.0913,0.0923,3464814.2,2025-12-30 05:59:59.999,321927.20251000,2591,1578637.80000000,146926.88472000,0
2025-12-30 06:00:00,0.0922,0.0923,0.0912,0.0917,2110693.1,2025-12-30 06:59:59.999,193730.49468000,2027,814943.10000000,74834.42222000,0
2025-12-30 07:00:00,0.0917,0.0924,0.0915,0.0916,1412118.3,2025-12-30 07:59:59.999,129854.21911000,1120,863776.00000000,79477.12797000,0
2025-12-30 08:00:00,0.0917,0.0923,0.0916,0.0923,1200374.3,2025-12-30 08:59:59.999,110407.99221000,1396,677518.90000000,62331.03316000,0
2025-12-30 09:00:00,0.0922,0.0928,0.0921,0.0924,1086107.0,2025-12-30 09:59:59.999,100370.30900000,1456,634146.00000000,58612.86732000,0
2025-12-30 10:00:00,0.0924,0.0928,0.0922,0.0927,937694.4,2025-12-30 10:59:59.999,86758.27378000,1489,671733.00000000,62162.55537000,0
2025-12-30 11:00:00,0.0927,0.0934,0.0925,0.0931,1610962.1,2025-12-30 11:59:59.999,149724.24298000,1366,896859.80000000,83373.08957000,0
2025-12-30 12:00:00,0.093,0.0933,0.0928,0.0929,695853.4,2025-12-30 12:59:59.999,64744.56897000,603,295415.60000000,27490.88594000,0
2025-12-30 13:00:00,0.0929,0.0941,0.0926,0.0935,3408792.6,2025-12-30 13:59:59.999,318709.63101000,2305,1699625.20000000,158970.40911000,0
2025-12-30 14:00:00,0.0935,0.0946,0.0933,0.0943,2090177.3,2025-12-30 14:59:59.999,196680.25712000,1573,1230079.30000000,115763.30308000,0
2025-12-30 15:00:00,0.0944,0.0948,0.0936,0.0938,1511110.3,2025-12-30 15:59:59.999,142226.39143000,1250,507849.20000000,47846.84975000,0
2025-12-30 16:00:00,0.0938,0.0939,0.0935,0.0937,442949.9,2025-12-30 16:59:59.999,41479.34039000,628,216266.80000000,20249.38026000,0
2025-12-30 17:00:00,0.0938,0.0938,0.093,0.0933,1075541.6,2025-12-30 17:59:59.999,100406.68872000,982,386708.10000000,36102.55480000,0
2025-12-30 18:00:00,0.0933,0.0936,0.0931,0.0932,275119.9,2025-12-30 18:59:59.999,25681.78648000,350,117321.30000000,10960.56525000,0
2025-12-30 19:00:00,0.0932,0.0933,0.0927,0.0929,618678.2,2025-12-30 19:59:59.999,57511.98415000,710,270311.10000000,25136.34533000,0
2025-12-30 20:00:00,0.0929,0.0929,0.0922,0.0923,300541.7,2025-12-30 20:59:59.999,27831.15095000,406,96397.00000000,8935.27541000,0
2025-12-30 21:00:00,0.0923,0.0928,0.0923,0.0924,276347.2,2025-12-30 21:59:59.999,25565.26883000,433,130046.30000000,12039.66906000,0
2025-12-30 22:00:00,0.0924,0.093,0.0923,0.0929,409823.2,2025-12-30 22:59:59.999,37949.15374000,501,230412.10000000,21355.17525000,0
2025-12-30 23:00:00,0.0929,0.0935,0.0928,0.0933,459588.5,2025-12-30 23:59:59.999,42767.66782000,508,299685.50000000,27903.99351000,0
2025-12-31 00:00:00,0.0934,0.0942,0.0932,0.0933,1191061.0,2025-12-31 00:59:59.999,111547.75800000,1219,637339.70000000,59731.59774000,0
2025-12-31 01:00:00,0.0933,0.0937,0.0931,0.0933,357963.3,2025-12-31 01:59:59.999,33427.43802000,526,154855.10000000,14469.44342000,0
2025-12-31 02:00:00,0.0934,0.0939,0.0931,0.0935,448118.7,2025-12-31 02:59:59.999,41907.26921000,461,265327.00000000,24823.05314000,0
2025-12-31 03:00:00,0.0936,0.0936,0.0932,0.0934,151327.3,2025-12-31 03:59:59.999,14130.30231000,231,42585.00000000,3976.98687000,0
2025-12-31 04:00:00,0.0933,0.0939,0.0932,0.0932,339166.9,2025-12-31 04:59:59.999,31713.03309000,265,149482.50000000,13991.71294000,0
2025-12-31 05:00:00,0.0932,0.0933,0.0925,0.0926,524802.4,2025-12-31 05:59:59.999,48732.58688000,573,120553.70000000,11192.12160000,0
2025-12-31 06:00:00,0.0926,0.0928,0.0921,0.0926,849555.1,2025-12-31 06:59:59.999,78536.15511000,1388,454259.00000000,42018.81045000,0
2025-12-31 07:00:00,0.0926,0.093,0.0923,0.0927,472150.7,2025-12-31 07:59:59.999,43743.33209000,828,303514.90000000,28132.68713000,0
2025-12-31 08:00:00,0.0927,0.0931,0.0919,0.0921,822094.0,2025-12-31 08:59:59.999,76041.80052000,971,304372.50000000,28189.00258000,0
2025-12-31 09:00:00,0.092,0.0933,0.0916,0.0932,848834.9,2025-12-31 09:59:59.999,78446.10922000,858,593346.90000000,54886.59662000,0
2025-12-31 10:00:00,0.0932,0.0932,0.0924,0.0925,403655.5,2025-12-31 10:59:59.999,37458.72749000,613,143711.40000000,13342.94041000,0
2025-12-31 11:00:00,0.0925,0.0932,0.0925,0.0931,605380.0,2025-12-31 11:59:59.999,56234.43101000,1522,387220.20000000,35981.55130000,0
2025-12-31 12:00:00,0.0931,0.0932,0.0922,0.0923,484315.3,2025-12-31 12:59:59.999,44924.85833000,779,148610.10000000,13800.81791000,0
2025-12-31 13:00:00,0.0923,0.0926,0.0921,0.0922,343167.7,2025-12-31 13:59:59.999,31681.20174000,743,155479.20000000,14362.18923000,0
2025-12-31 14:00:00,0.0922,0.093,0.0913,0.0916,1958356.0,2025-12-31 14:59:59.999,180129.66602000,2730,776321.20000000,71441.63412000,0
2025-12-31 15:00:00,0.0916,0.0921,0.0912,0.0918,1159694.1,2025-12-31 15:59:59.999,106342.48930000,2040,610219.80000000,55979.64460000,0
2025-12-31 16:00:00,0.0917,0.0918,0.0898,0.09,1835222.9,2025-12-31 16:59:59.999,166483.40375000,2085,564594.10000000,51248.51154000,0
2025-12-31 17:00:00,0.0899,0.0903,0.0891,0.0898,2933007.6,2025-12-31 17:59:59.999,263112.27694000,2989,1271438.50000000,114182.40525000,0
2025-12-31 18:00:00,0.0898,0.0904,0.0896,0.0896,1517957.6,2025-12-31 18:59:59.999,136622.22906000,1771,540466.50000000,48677.43318000,0
2025-12-31 19:00:00,0.0896,0.0908,0.0896,0.0901,1213727.6,2025-12-31 19:59:59.999,109502.64568000,1713,632120.20000000,57055.43863000,0
2025-12-31 20:00:00,0.0901,0.0906,0.0895,0.0904,1363344.0,2025-12-31 20:59:59.999,122789.88293000,1932,691749.00000000,62347.77037000,0
2025-12-31 21:00:00,0.0904,0.0905,0.0898,0.0899,475444.6,2025-12-31 21:59:59.999,42851.77481000,804,136858.30000000,12342.48273000,0
2025-12-31 22:00:00,0.0898,0.09,0.0895,0.0898,433201.6,2025-12-31 22:59:59.999,38901.10161000,871,171505.30000000,15410.49907000,0
2025-12-31 23:00:00,0.0898,0.0904,0.0896,0.0896,671565.4,2025-12-31 23:59:59.999,60454.09722000,862,238735.80000000,21511.38316000,0
2026-01-01 00:00:00,0.0896,0.0904,0.0894,0.0896,1050255.4,2026-01-01 00:59:59.999,94378.12145000,1151,455815.90000000,40988.98347000,0
2026-01-01 01:00:00,0.0896,0.0897,0.0893,0.0893,879447.7,2026-01-01 01:59:59.999,78718.28918000,841,556832.40000000,49857.58311000,0
2026-01-01 02:00:00,0.0893,0.0903,0.0893,0.0902,1173203.5,2026-01-01 02:59:59.999,105527.97148000,928,656535.70000000,59079.71209000,0
2026-01-01 03:00:00,0.0901,0.0907,0.0901,0.0906,839553.8,2026-01-01 03:59:59.999,75873.00822000,1229,449649.90000000,40651.01514000,0
2026-01-01 04:00:00,0.0906,0.0908,0.0901,0.0906,622472.9,2026-01-01 04:59:59.999,56273.43822000,524,272594.50000000,24659.11524000,0
2026-01-01 05:00:00,0.0906,0.0913,0.0906,0.091,691842.4,2026-01-01 05:59:59.999,62959.83375000,654,429284.90000000,39067.14412000,0
2026-01-01 06:00:00,0.0911,0.0913,0.0908,0.091,417405.2,2026-01-01 06:59:59.999,37975.00905000,751,221103.10000000,20119.49976000,0
2026-01-01 07:00:00,0.091,0.0916,0.091,0.091,579800.9,2026-01-01 07:59:59.999,52932.77820000,647,297203.70000000,27141.41047000,0
2026-01-01 08:00:00,0.0911,0.0912,0.0907,0.0909,288398.4,2026-01-01 08:59:59.999,26231.93354000,254,107125.10000000,9749.20200000,0
2026-01-01 09:00:00,0.091,0.0913,0.091,0.0912,219408.2,2026-01-01 09:59:59.999,19994.22973000,363,139397.20000000,12703.20584000,0
2026-01-01 10:00:00,0.0913,0.0913,0.0908,0.091,331063.4,2026-01-01 10:59:59.999,30152.22648000,269,95612.30000000,8714.42426000,0
2026-01-01 11:00:00,0.0909,0.0912,0.0909,0.0912,72404.5,2026-01-01 11:59:59.999,6592.13083000,148,36949.00000000,3365.04154000,0
2026-01-01 12:00:00,0.0912,0.0912,0.0903,0.0906,340160.3,2026-01-01 12:59:59.999,30845.93192000,322,73229.60000000,6636.86841000,0
2026-01-01 13:00:00,0.0906,0.0914,0.0906,0.0913,299497.3,2026-01-01 13:59:59.999,27251.11720000,392,236172.40000000,21492.16148000,0
2026-01-01 14:00:00,0.0914,0.0916,0.0911,0.0916,384994.6,2026-01-01 14:59:59.999,35177.13832000,886,189825.00000000,17351.18818000,0
2026-01-01 15:00:00,0.0916,0.0924,0.0915,0.092,1206736.8,2026-01-01 15:59:59.999,110998.07986000,995,932350.40000000,85783.53272000,0
2026-01-01 16:00:00,0.0921,0.0928,0.0919,0.0927,604487.7,2026-01-01 16:59:59.999,55810.79579000,840,319115.30000000,29476.46712000,0
2026-01-01 17:00:00,0.0927,0.093,0.0924,0.0925,660609.2,2026-01-01 17:59:59.999,61184.87276000,979,262301.90000000,24307.38442000,0
2026-01-01 18:00:00,0.0926,0.0927,0.0924,0.0926,148086.1,2026-01-01 18:59:59.999,13700.47599000,220,32265.20000000,2986.67008000,0
2026-01-01 19:00:00,0.0927,0.0933,0.0927,0.0931,291623.0,2026-01-01 19:59:59.999,27137.99115000,410,188962.60000000,17583.22133000,0
2026-01-01 20:00:00,0.093,0.0931,0.0927,0.0929,241686.4,2026-01-01 20:59:59.999,22469.29451000,384,90713.40000000,8437.89624000,0
2026-01-01 21:00:00,0.0929,0.093,0.0925,0.0927,433682.3,2026-01-01 21:59:59.999,40236.95413000,501,223490.20000000,20739.78411000,0
2026-01-01 22:00:00,0.0928,0.0938,0.0927,0.0936,675784.9,2026-01-01 22:59:59.999,62924.71920000,838,378470.80000000,35269.86886000,0
2026-01-01 23:00:00,0.0937,0.0938,0.0934,0.0935,166659.1,2026-01-01 23:59:59.999,15609.32442000,462,77957.50000000,7301.86513000,0
2026-01-02 00:00:00,0.0935,0.0935,0.0931,0.0933,197360.5,2026-01-02 00:59:59.999,18414.33320000,444,41755.00000000,3898.75957000,0
2026-01-02 01:00:00,0.0933,0.0934,0.0928,0.0929,324466.8,2026-01-02 01:59:59.999,30204.17209000,495,151240.30000000,14085.30879000,0
2026-01-02 02:00:00,0.0928,0.0928,0.0918,0.0918,1194300.7,2026-01-02 02:59:59.999,110079.17569000,866,340246.00000000,31344.60697000,0
2026-01-02 03:00:00,0.0917,0.0918,0.0905,0.0911,3898506.5,2026-01-02 03:59:59.999,355127.60197000,2569,1954357.60000000,178006.12844000,0
2026-01-02 04:00:00,0.0911,0.0914,0.0907,0.0909,728804.4,2026-01-02 04:59:59.999,66387.24984000,875,401415.50000000,36590.65141000,0
2026-01-02 05:00:00,0.091,0.0914,0.0905,0.0905,833297.4,2026-01-02 05:59:59.999,75754.34777000,1035,293840.60000000,26735.07527000,0
2026-01-02 06:00:00,0.0905,0.0913,0.0901,0.0908,1312003.6,2026-01-02 06:59:59.999,118980.76235000,1596,666487.00000000,60523.37426000,0
2026-01-02 07:00:00,0.0909,0.091,0.0903,0.0907,943636.2,2026-01-02 07:59:59.999,85585.94895000,1561,423352.80000000,38421.87890000,0
2026-01-02 08:00:00,0.0907,0.0911,0.0906,0.0909,664382.9,2026-01-02 08:59:59.999,60380.99777000,1249,331392.60000000,30127.63066000,0
2026-01-02 09:00:00,0.0909,0.0917,0.0907,0.0915,972633.6,2026-01-02 09:59:59.999,88740.90144000,1478,668101.40000000,60991.42822000,0
2026-01-02 10:00:00,0.0914,0.0918,0.0913,0.0917,660362.7,2026-01-02 10:59:59.999,60464.33986000,1254,374161.00000000,34275.70122000,0
2026-01-02 11:00:00,0.0916,0.0917,0.0909,0.0913,1251013.8,2026-01-02 11:59:59.999,114199.27345000,1231,735384.20000000,67151.30135000,0
2026-01-02 12:00:00,0.0912,0.0919,0.0909,0.0918,648015.7,2026-01-02 12:59:59.999,59250.81484000,882,365823.50000000,33467.61610000,0
2026-01-02 13:00:00,0.0918,0.0921,0.0917,0.0917,517641.6,2026-01-02 13:59:59.999,47587.39625000,581,361793.20000000,33268.48085000,0
2026-01-02 14:00:00,0.0918,0.0924,0.0911,0.092,2081798.7,2026-01-02 14:59:59.999,191111.28435000,2905,1118929.10000000,102835.36855000,0
2026-01-02 15:00:00,0.0921,0.0923,0.0914,0.0917,735608.4,2026-01-02 15:59:59.999,67599.28762000,1327,299926.40000000,27574.80219000,0
2026-01-02 16:00:00,0.0918,0.0927,0.0916,0.0925,1155248.1,2026-01-02 16:59:59.999,106571.62314000,1553,707651.90000000,65244.30113000,0
2026-01-02 17:00:00,0.0926,0.0931,0.0923,0.0925,2951664.8,2026-01-02 17:59:59.999,273622.14984000,3982,1030705.40000000,95624.56843000,0
2026-01-02 18:00:00,0.0925,0.0928,0.092,0.0924,891458.7,2026-01-02 18:59:59.999,82418.11368000,1487,478367.40000000,44248.76741000,0
2026-01-02 19:00:00,0.0924,0.0931,0.0923,0.0929,906486.2,2026-01-02 19:59:59.999,84054.78707000,954,465352.40000000,43160.15865000,0
2026-01-02 20:00:00,0.0929,0.0932,0.0925,0.0928,511494.3,2026-01-02 20:59:59.999,47536.03090000,765,268414.90000000,24958.57321000,0
2026-01-02 21:00:00,0.0927,0.0928,0.0924,0.0926,236037.6,2026-01-02 21:59:59.999,21860.84947000,244,107580.20000000,9963.89325000,0
2026-01-02 22:00:00,0.0926,0.0945,0.0924,0.0939,1886040.2,2026-01-02 22:59:59.999,176323.69707000,1334,1046914.30000000,97767.97504000,0
2026-01-02 23:00:00,0.0939,0.0948,0.0939,0.0944,1327539.6,2026-01-02 23:59:59.999,125258.86730000,886,704497.00000000,66502.45510000,0
2026-01-03 00:00:00,0.0944,0.0945,0.0934,0.0939,1013417.9,2026-01-03 00:59:59.999,95194.57077000,963,466689.10000000,43863.28007000,0
2026-01-03 01:00:00,0.0939,0.0944,0.0935,0.0938,583115.2,2026-01-03 01:59:59.999,54768.73390000,546,281863.90000000,26483.64750000,0
2026-01-03 02:00:00,0.0938,0.0946,0.0937,0.0945,400426.9,2026-01-03 02:59:59.999,37715.89853000,558,252000.50000000,23739.82778000,0
2026-01-03 03:00:00,0.0944,0.0955,0.0942,0.0946,1010425.2,2026-01-03 03:59:59.999,95830.14654000,877,488836.80000000,46393.08046000,0
2026-01-03 04:00:00,0.0946,0.0951,0.0946,0.095,412978.0,2026-01-03 04:59:59.999,39177.32420000,1083,274507.60000000,26044.97602000,0
2026-01-03 05:00:00,0.0949,0.0952,0.0941,0.0946,1665750.6,2026-01-03 05:59:59.999,157462.48830000,2208,796137.30000000,75268.54128000,0
2026-01-03 06:00:00,0.0947,0.095,0.0934,0.0939,1643223.8,2026-01-03 06:59:59.999,154991.38725000,2129,723329.90000000,68305.55118000,0
2026-01-03 07:00:00,0.094,0.0941,0.0925,0.093,2980275.3,2026-01-03 07:59:59.999,277402.96201000,3612,1245980.00000000,116000.25539000,0
2026-01-03 08:00:00,0.0931,0.0937,0.0925,0.0933,1366625.8,2026-01-03 08:59:59.999,127292.93507000,1644,655497.70000000,61101.21565000,0
2026-01-03 09:00:00,0.0933,0.0941,0.0932,0.0939,492310.3,2026-01-03 09:59:59.999,46136.88972000,893,317786.20000000,29782.64716000,0
2026-01-03 10:00:00,0.0939,0.0942,0.0936,0.0937,523657.9,2026-01-03 10:59:59.999,49167.32499000,784,253485.40000000,23815.63679000,0
2026-01-03 11:00:00,0.0937,0.0937,0.0931,0.0936,1230509.7,2026-01-03 11:59:59.999,114895.88822000,1310,610828.50000000,57064.92999000,0
2026-01-03 12:00:00,0.0935,0.0944,0.0933,0.0941,1174150.3,2026-01-03 12:59:59.999,110239.67395000,1345,564717.60000000,53017.10963000,0
2026-01-03 13:00:00,0.0941,0.0942,0.0928,0.0935,2725722.3,2026-01-03 13:59:59.999,254668.11288000,2400,1053485.50000000,98470.08122000,0
2026-01-03 14:00:00,0.0935,0.0938,0.0928,0.0936,1518163.6,2026-01-03 14:59:59.999,141816.69414000,1550,691452.20000000,64636.51775000,0
2026-01-03 15:00:00,0.0935,0.0936,0.0928,0.0928,1187482.1,2026-01-03 15:59:59.999,110800.99828000,1135,515721.20000000,48156.57976000,0
2026-01-03 16:00:00,0.0928,0.0932,0.0928,0.093,440677.3,2026-01-03 16:59:59.999,40992.54777000,552,297261.70000000,27657.35200000,0
2026-01-03 17:00:00,0.0931,0.0932,0.0925,0.0927,313033.3,2026-01-03 17:59:59.999,29031.74052000,346,88537.00000000,8215.97645000,0
2026-01-03 18:00:00,0.0926,0.093,0.0925,0.0929,381308.6,2026-01-03 18:59:59.999,35379.38373000,260,291662.10000000,27062.41766000,0
2026-01-03 19:00:00,0.0929,0.0929,0.0925,0.0926,359206.0,2026-01-03 19:59:59.999,33320.60287000,198,114563.90000000,10628.33621000,0
2026-01-03 20:00:00,0.0927,0.0927,0.0918,0.0922,994155.4,2026-01-03 20:59:59.999,91722.09726000,809,334066.80000000,30828.61264000,0
2026-01-03 21:00:00,0.0922,0.0928,0.092,0.0925,642169.7,2026-01-03 21:59:59.999,59359.12455000,732,352478.40000000,32609.33295000,0
2026-01-03 22:00:00,0.0924,0.0929,0.0922,0.0928,780278.9,2026-01-03 22:59:59.999,72230.48801000,699,449920.50000000,41675.17617000,0
2026-01-03 23:00:00,0.0928,0.0935,0.0927,0.0935,772342.3,2026-01-03 23:59:59.999,71854.75535000,860,530244.40000000,49358.70651000,0
2026-01-04 00:00:00,0.0934,0.0942,0.0932,0.0941,1971679.6,2026-01-04 00:59:59.999,184672.01888000,2414,885498.40000000,82992.47495000,0
2026-01-04 01:00:00,0.0941,0.0942,0.0932,0.0936,484534.8,2026-01-04 01:59:59.999,45410.45114000,492,214955.20000000,20156.33074000,0
2026-01-04 02:00:00,0.0936,0.0939,0.0933,0.0934,524027.8,2026-01-04 02:59:59.999,49023.52140000,656,300596.70000000,28130.99496000,0
2026-01-04 03:00:00,0.0935,0.0939,0.0934,0.0937,687000.2,2026-01-04 03:59:59.999,64295.71902000,541,323909.60000000,30334.80028000,0
2026-01-04 04:00:00,0.0937,0.095,0.0937,0.0948,2354789.1,2026-01-04 04:59:59.999,222452.63901000,1404,1686958.30000000,159415.68612000,0
2026-01-04 05:00:00,0.0948,0.095,0.0944,0.0948,563901.9,2026-01-04 05:59:59.999,53377.83350000,571,256116.70000000,24254.03544000,0
2026-01-04 06:00:00,0.0947,0.0949,0.0938,0.0943,659170.0,2026-01-04 06:59:59.999,62195.23209000,1040,231213.00000000,21840.97263000,0
2026-01-04 07:00:00,0.0943,0.0946,0.0941,0.0944,472802.4,2026-01-04 07:59:59.999,44572.07168000,939,243241.10000000,22939.70445000,0
2026-01-04 08:00:00,0.0944,0.0944,0.0936,0.0941,1976951.4,2026-01-04 08:59:59.999,185925.09623000,2438,852834.70000000,80220.49861000,0
2026-01-04 09:00:00,0.0941,0.0951,0.094,0.0951,604797.1,2026-01-04 09:59:59.999,57170.37970000,1096,341304.70000000,32289.48416000,0
2026-01-04 10:00:00,0.0952,0.0953,0.0947,0.0947,901231.2,2026-01-04 10:59:59.999,85663.15528000,1411,377590.90000000,35910.52303000,0
2026-01-04 11:00:00,0.0948,0.095,0.0944,0.0947,681804.5,2026-01-04 11:59:59.999,64540.86901000,1061,246822.80000000,23382.17372000,0
2026-01-04 12:00:00,0.0947,0.0948,0.0939,0.0939,1299969.6,2026-01-04 12:59:59.999,122580.81267000,1941,301416.80000000,28424.70950000,0
2026-01-04 13:00:00,0.0939,0.0946,0.0937,0.0946,952587.5,2026-01-04 13:59:59.999,89692.93085000,1443,536527.60000000,50543.96907000,0
2026-01-04 14:00:00,0.0946,0.0949,0.0943,0.0948,788584.0,2026-01-04 14:59:59.999,74653.30825000,1251,374934.30000000,35510.78846000,0
2026-01-04 15:00:00,0.0948,0.0956,0.0947,0.0955,936547.5,2026-01-04 15:59:59.999,89215.85348000,1443,419068.80000000,39919.76477000,0
2026-01-04 16:00:00,0.0955,0.0964,0.0949,0.0954,2356929.9,2026-01-04 16:59:59.999,225413.16589000,2914,998041.70000000,95527.57184000,0
2026-01-04 17:00:00,0.0954,0.0956,0.095,0.095,527088.8,2026-01-04 17:59:59.999,50225.39274000,1357,181663.20000000,17318.98586000,0
2026-01-04 18:00:00,0.0951,0.0953,0.0942,0.0943,684231.7,2026-01-04 18:59:59.999,64789.52728000,1382,237590.20000000,22510.79528000,0
2026-01-04 19:00:00,0.0943,0.0943,0.0933,0.0941,1900774.5,2026-01-04 19:59:59.999,178357.10117000,2891,732923.30000000,68805.18404000,0
2026-01-04 20:00:00,0.094,0.0942,0.0937,0.094,364161.8,2026-01-04 20:59:59.999,34237.09005000,903,148527.30000000,13970.41590000,0
2026-01-04 21:00:00,0.094,0.0944,0.0939,0.094,305848.6,2026-01-04 21:59:59.999,28791.03499000,627,139883.70000000,13178.17059000,0
2026-01-04 22:00:00,0.0941,0.0941,0.0936,0.0937,306522.5,2026-01-04 22:59:59.999,28793.45736000,828,91758.60000000,8622.63748000,0
2026-01-04 23:00:00,0.0938,0.0938,0.0932,0.0934,420317.0,2026-01-04 23:59:59.999,39299.31810000,1059,108075.80000000,10112.56211000,0
2026-01-05 00:00:00,0.0935,0.0938,0.0926,0.0931,1607304.7,2026-01-05 00:59:59.999,149729.24718000,2637,680027.60000000,63392.87050000,0
2026-01-05 01:00:00,0.0931,0.0937,0.0929,0.0934,1528107.2,2026-01-05 01:59:59.999,142584.52844000,2207,596192.30000000,55667.64778000,0
2026-01-05 02:00:00,0.0935,0.0936,0.0927,0.0932,940829.0,2026-01-05 02:59:59.999,87645.43578000,1416,351930.70000000,32777.93546000,0
2026-01-05 03:00:00,0.0931,0.0932,0.0927,0.0931,467156.4,2026-01-05 03:59:59.999,43429.66138000,927,197755.70000000,18390.18417000,0
2026-01-05 04:00:00,0.0931,0.0932,0.0922,0.093,1015149.9,2026-01-05 04:59:59.999,94012.34062000,1573,418014.30000000,38736.67962000,0
2026-01-05 05:00:00,0.0929,0.0929,0.0921,0.0921,423872.0,2026-01-05 05:59:59.999,39171.92024000,816,116448.20000000,10766.71229000,0
2026-01-05 06:00:00,0.0921,0.0925,0.0918,0.0923,700573.3,2026-01-05 06:59:59.999,64540.04109000,1502,279859.50000000,25811.73225000,0
2026-01-05 07:00:00,0.0922,0.093,0.0921,0.0928,773403.2,2026-01-05 07:59:59.999,71555.11687000,1553,428021.10000000,39604.75024000,0
2026-01-05 08:00:00,0.0928,0.0929,0.092,0.0921,344456.4,2026-01-05 08:59:59.999,31829.97912000,692,73325.90000000,6782.54058000,0
2026-01-05 09:00:00,0.0921,0.0922,0.0913,0.0919,1818180.7,2026-01-05 09:59:59.999,166834.37743000,3884,900027.00000000,82611.83064000,0
2026-01-05 10:00:00,0.092,0.0924,0.0917,0.092,620363.8,2026-01-05 10:59:59.999,57048.28540000,1056,279730.80000000,25744.50189000,0
2026-01-05 11:00:00,0.092,0.0921,0.0916,0.0921,431809.9,2026-01-05 11:59:59.999,39696.78285000,866,165326.60000000,15206.66724000,0
2026-01-05 12:00:00,0.0921,0.0927,0.092,0.0926,470916.2,2026-01-05 12:59:59.999,43483.39651000,787,309732.10000000,28610.11843000,0
2026-01-05 13:00:00,0.0926,0.0931,0.0924,0.0924,806846.6,2026-01-05 13:59:59.999,74779.86293000,1293,276415.80000000,25629.22455000,0
2026-01-05 14:00:00,0.0924,0.0937,0.0923,0.0936,1121667.7,2026-01-05 14:59:59.999,104291.68197000,1942,584259.20000000,54331.31186000,0
2026-01-05 15:00:00,0.0936,0.0939,0.093,0.0939,1211731.0,2026-01-05 15:59:59.999,113243.24237000,2125,399620.20000000,37369.28995000,0
2026-01-05 16:00:00,0.0938,0.0943,0.0935,0.0939,821990.2,2026-01-05 16:59:59.999,77139.25141000,1598,346063.40000000,32511.46187000,0
2026-01-05 17:00:00,0.0939,0.094,0.0929,0.0939,941032.3,2026-01-05 17:59:59.999,88026.01999000,1653,379029.80000000,35475.15677000,0
2026-01-05 18:00:00,0.0939,0.0948,0.0937,0.0948,658662.5,2026-01-05 18:59:59.999,62075.61713000,1206,376188.40000000,35473.43542000,0
2026-01-05 19:00:00,0.0948,0.0953,0.0941,0.0944,1442830.8,2026-01-05 19:59:59.999,136784.20711000,1603,624947.00000000,59310.51838000,0
2026-01-05 20:00:00,0.0944,0.095,0.0943,0.0944,652993.4,2026-01-05 20:59:59.999,61764.35075000,756,354169.50000000,33514.32416000,0
2026-01-05 21:00:00,0.0945,0.0946,0.094,0.0942,309234.1,2026-01-05 21:59:59.999,29149.79584000,541,95699.10000000,9025.49732000,0
2026-01-05 22:00:00,0.0942,0.0949,0.0941,0.0946,544837.2,2026-01-05 22:59:59.999,51522.06659000,618,332549.70000000,31459.30103000,0
2026-01-05 23:00:00,0.0946,0.0952,0.0945,0.0948,954503.8,2026-01-05 23:59:59.999,90505.02674000,969,455518.40000000,43208.38915000,0
2026-01-06 00:00:00,0.0947,0.0949,0.0933,0.0939,1067895.8,2026-01-06 00:59:59.999,100359.99249000,1746,448045.10000000,42101.40176000,0
2026-01-06 01:00:00,0.0939,0.0948,0.0937,0.0942,1168146.3,2026-01-06 01:59:59.999,110166.12752000,2195,495908.00000000,46773.38656000,0
2026-01-06 02:00:00,0.0942,0.0945,0.0939,0.094,610881.4,2026-01-06 02:59:59.999,57566.56271000,1295,217223.70000000,20481.69848000,0
2026-01-06 03:00:00,0.094,0.0956,0.0939,0.0955,1190368.2,2026-01-06 03:59:59.999,112769.33090000,1497,763930.20000000,72408.79426000,0
2026-01-06 04:00:00,0.0955,0.0972,0.0953,0.0965,2205166.1,2026-01-06 04:59:59.999,212950.68203000,2636,1153715.10000000,111361.39569000,0
2026-01-06 05:00:00,0.0966,0.0967,0.0955,0.0957,606897.3,2026-01-06 05:59:59.999,58224.19890000,1114,195674.10000000,18772.50118000,0
2026-01-06 06:00:00,0.0957,0.096,0.0952,0.0956,622338.8,2026-01-06 06:59:59.999,59545.62669000,1314,335665.10000000,32137.11943000,0
2026-01-06 07:00:00,0.0956,0.0957,0.0946,0.0949,812525.1,2026-01-06 07:59:59.999,77284.55516000,1747,369524.30000000,35140.49384000,0
2026-01-06 08:00:00,0.0949,0.0958,0.0948,0.0955,805139.7,2026-01-06 08:59:59.999,76801.08410000,1166,474803.20000000,45304.07089000,0
2026-01-06 09:00:00,0.0956,0.0962,0.0954,0.0956,963698.8,2026-01-06 09:59:59.999,92338.78197000,1236,466680.90000000,44714.41198000,0
2026-01-06 10:00:00,0.0956,0.0961,0.0954,0.0958,919566.2,2026-01-06 10:59:59.999,88112.18238000,1464,540305.40000000,51777.93085000,0
2026-01-06 11:00:00,0.0957,0.0967,0.0956,0.0963,860925.7,2026-01-06 11:59:59.999,82951.47705000,1377,379722.40000000,36579.77061000,0
2026-01-06 12:00:00,0.0963,0.0983,0.0963,0.0982,1835492.5,2026-01-06 12:59:59.999,179118.27856000,1763,1016918.10000000,99200.39404000,0
2026-01-06 13:00:00,0.0982,0.1016,0.0981,0.1003,4882586.0,2026-01-06 13:59:59.999,487691.93815000,5085,3144610.30000000,313669.86155000,0
2026-01-06 14:00:00,0.1004,0.1019,0.0951,0.0956,9771426.1,2026-01-06 14:59:59.999,961349.25398000,13626,4179411.20000000,412019.42447000,0
2026-01-06 15:00:00,0.0957,0.0958,0.0937,0.0945,5164903.0,2026-01-06 15:59:59.999,488513.40204000,6730,2411511.70000000,228260.96047000,0
2026-01-06 16:00:00,0.0945,0.0945,0.0921,0.0938,4451612.3,2026-01-06 16:59:59.999,413920.94151000,5846,2135868.80000000,198625.14729000,0
2026-01-06 17:00:00,0.0938,0.0943,0.0925,0.0926,2659485.6,2026-01-06 17:59:59.999,248473.80043000,3632,1265598.20000000,118301.44958000,0
2026-01-06 18:00:00,0.0926,0.0954,0.0923,0.0944,2914192.1,2026-01-06 18:59:59.999,274252.65930000,3222,1603376.20000000,150918.90750000,0
2026-01-06 19:00:00,0.0944,0.0951,0.0942,0.0943,899167.9,2026-01-06 19:59:59.999,85164.72128000,1180,439423.60000000,41640.90963000,0
2026-01-06 20:00:00,0.0944,0.0952,0.0943,0.0951,576642.1,2026-01-06 20:59:59.999,54703.11054000,942,308055.60000000,29232.17988000,0
2026-01-06 21:00:00,0.0951,0.096,0.095,0.0959,1017718.4,2026-01-06 21:59:59.999,97304.52996000,1665,598554.60000000,57246.72613000,0
2026-01-06 22:00:00,0.0959,0.096,0.0947,0.095,1415449.7,2026-01-06 22:59:59.999,134921.76713000,1506,839638.00000000,80063.15655000,0
2026-01-06 23:00:00,0.0951,0.0952,0.0939,0.0946,2919735.9,2026-01-06 23:59:59.999,275351.53068000,2222,1636278.60000000,154197.98125000,0
2026-01-07 00:00:00,0.0946,0.0947,0.0915,0.0929,9049159.1,2026-01-07 00:59:59.999,836221.59330000,6086,4736521.00000000,436572.08732000,0
2026-01-07 01:00:00,0.0929,0.0934,0.0919,0.0933,2426687.4,2026-01-07 01:59:59.999,224457.11018000,4905,1111688.20000000,102924.40722000,0
2026-01-07 02:00:00,0.0933,0.0936,0.0928,0.0932,1408805.2,2026-01-07 02:59:59.999,131251.57826000,2175,793419.60000000,73941.29227000,0
2026-01-07 03:00:00,0.0932,0.0941,0.0932,0.0938,1133554.7,2026-01-07 03:59:59.999,106071.66304000,1126,816768.80000000,76424.61048000,0
2026-01-07 04:00:00,0.0938,0.0939,0.0933,0.0936,2761751.0,2026-01-07 04:59:59.999,258460.73305000,4041,1333757.10000000,124830.00389000,0
2026-01-07 05:00:00,0.0936,0.0946,0.0935,0.094,782830.4,2026-01-07 05:59:59.999,73574.32780000,912,529894.60000000,49821.02554000,0
2026-01-07 06:00:00,0.094,0.0945,0.0937,0.0943,755175.9,2026-01-07 06:59:59.999,70994.59521000,684,467550.70000000,43974.12729000,0
2026-01-07 07:00:00,0.0943,0.0956,0.0942,0.0956,1113188.4,2026-01-07 07:59:59.999,105785.21979000,1039,825015.10000000,78414.08173000,0
2026-01-07 08:00:00,0.0956,0.0957,0.0948,0.095,816767.2,2026-01-07 08:59:59.999,77805.47514000,1068,459902.70000000,43837.84468000,0
2026-01-07 09:00:00,0.0949,0.095,0.0935,0.0935,1531047.2,2026-01-07 09:59:59.999,144481.29489000,2508,664128.30000000,62773.38471000,0
2026-01-07 10:00:00,0.0935,0.094,0.0933,0.0939,1451942.8,2026-01-07 10:59:59.999,136071.72092000,1878,903753.00000000,84749.37944000,0
2026-01-07 11:00:00,0.0939,0.0943,0.0938,0.094,910934.9,2026-01-07 11:59:59.999,85685.11079000,1487,460140.00000000,43297.99755000,0
2026-01-07 12:00:00,0.094,0.0942,0.0934,0.0934,828497.5,2026-01-07 12:59:59.999,77706.03389000,1525,420900.10000000,39511.25608000,0
2026-01-07 13:00:00,0.0934,0.0938,0.0929,0.0931,1432078.1,2026-01-07 13:59:59.999,133648.27818000,2313,753154.00000000,70331.94823000,0
2026-01-07 14:00:00,0.0931,0.0931,0.0913,0.0921,2897929.3,2026-01-07 14:59:59.999,266980.06763000,6637,1113089.90000000,102532.56154000,0
2026-01-07 15:00:00,0.0921,0.0921,0.0902,0.0905,3490115.2,2026-01-07 15:59:59.999,316923.29277000,5816,1403825.60000000,127414.24551000,0
2026-01-07 16:00:00,0.0904,0.0909,0.09,0.0905,1493435.5,2026-01-07 16:59:59.999,135032.79230000,2634,761525.50000000,68901.81954000,0
2026-01-07 17:00:00,0.0905,0.091,0.0903,0.0903,553703.7,2026-01-07 17:59:59.999,50176.47550000,1183,242281.90000000,21972.24070000,0
2026-01-07 18:00:00,0.0903,0.091,0.09,0.0902,1000089.7,2026-01-07 18:59:59.999,90543.14286000,1663,536974.30000000,48649.09999000,0
2026-01-07 19:00:00,0.0902,0.0903,0.0893,0.0898,986653.5,2026-01-07 19:59:59.999,88600.17923000,1517,445344.20000000,40005.33105000,0
2026-01-07 20:00:00,0.0898,0.09,0.0884,0.0886,884224.9,2026-01-07 20:59:59.999,78716.23623000,1441,313549.30000000,27911.27057000,0
2026-01-07 21:00:00,0.0886,0.0887,0.0881,0.0882,441515.4,2026-01-07 21:59:59.999,39011.84184000,909,209235.90000000,18491.27460000,0
2026-01-07 22:00:00,0.0881,0.0884,0.0876,0.0878,1190769.8,2026-01-07 22:59:59.999,104797.00583000,1465,527145.90000000,46432.41035000,0
2026-01-07 23:00:00,0.0877,0.0877,0.0867,0.0868,1333308.2,2026-01-07 23:59:59.999,116220.06243000,1629,569814.80000000,49692.08758000,0
2026-01-08 00:00:00,0.0869,0.0873,0.0863,0.0867,1772561.7,2026-01-08 00:59:59.999,153794.47878000,2521,1052476.00000000,91335.46136000,0
2026-01-08 01:00:00,0.0867,0.0869,0.0862,0.0868,792164.5,2026-01-08 01:59:59.999,68550.22748000,1749,372575.70000000,32258.29735000,0
2026-01-08 02:00:00,0.0867,0.0874,0.0858,0.0872,1159902.6,2026-01-08 02:59:59.999,100454.80472000,2089,683600.10000000,59221.84663000,0
2026-01-08 03:00:00,0.0872,0.0875,0.0859,0.0861,2286394.8,2026-01-08 03:59:59.999,197674.33949000,1999,1296052.50000000,111983.66149000,0
2026-01-08 04:00:00,0.0861,0.0884,0.0859,0.0882,1695934.0,2026-01-08 04:59:59.999,147653.80145000,2852,905641.80000000,78922.04002000,0
2026-01-08 05:00:00,0.0882,0.0909,0.0878,0.0899,3833815.2,2026-01-08 05:59:59.999,345251.51185000,5676,1980097.70000000,178201.77877000,0
2026-01-08 06:00:00,0.09,0.0905,0.0893,0.0893,1843025.4,2026-01-08 06:59:59.999,165764.28678000,3388,801927.20000000,72167.21452000,0
2026-01-08 07:00:00,0.0894,0.0895,0.0888,0.0891,1543715.8,2026-01-08 07:59:59.999,137525.41020000,3256,650844.40000000,57982.08843000,0
2026-01-08 08:00:00,0.0891,0.0896,0.0879,0.088,1279851.3,2026-01-08 08:59:59.999,113498.84767000,2781,547056.90000000,48542.43827000,0
2026-01-08 09:00:00,0.0881,0.0886,0.0878,0.0879,605388.0,2026-01-08 09:59:59.999,53385.15556000,1162,215620.60000000,19010.68430000,0
2026-01-08 10:00:00,0.0879,0.0905,0.0875,0.0893,2081701.6,2026-01-08 10:59:59.999,185112.92255000,3744,926732.00000000,82471.57238000,0
2026-01-08 11:00:00,0.0892,0.0892,0.088,0.0884,933279.1,2026-01-08 11:59:59.999,82617.21955000,1200,419613.70000000,37137.87018000,0
2026-01-08 12:00:00,0.0884,0.0884,0.0875,0.0876,430672.0,2026-01-08 12:59:59.999,37826.62902000,543,147088.70000000,12915.17577000,0
2026-01-08 13:00:00,0.0877,0.0886,0.0875,0.0879,802669.8,2026-01-08 13:59:59.999,70670.76130000,1066,396851.80000000,34947.52571000,0
2026-01-08 14:00:00,0.0879,0.0893,0.0874,0.0889,2153021.0,2026-01-08 14:59:59.999,190840.40613000,2802,1015514.20000000,90058.92616000,0
2026-01-08 15:00:00,0.0889,0.0904,0.0887,0.0903,1417204.2,2026-01-08 15:59:59.999,126845.43095000,1992,813636.70000000,72850.37998000,0
2026-01-08 16:00:00,0.0903,0.0904,0.0888,0.0893,1107693.5,2026-01-08 16:59:59.999,99046.90475000,1347,505766.00000000,45202.94102000,0
2026-01-08 17:00:00,0.0894,0.0896,0.0892,0.0896,197187.8,2026-01-08 17:59:59.999,17634.71697000,390,110107.00000000,9849.07769000,0
2026-01-08 18:00:00,0.0896,0.0897,0.0891,0.0892,157544.6,2026-01-08 18:59:59.999,14076.46644000,268,68602.40000000,6129.78944000,0
2026-01-08 19:00:00,0.0893,0.0896,0.0888,0.089,239713.3,2026-01-08 19:59:59.999,21391.52419000,510,105772.40000000,9441.00814000,0
2026-01-08 20:00:00,0.0889,0.09,0.0887,0.09,785829.0,2026-01-08 20:59:59.999,70307.38143000,775,572021.00000000,51213.94883000,0
2026-01-08 21:00:00,0.0901,0.0907,0.0898,0.0907,402348.3,2026-01-08 21:59:59.999,36321.34807000,528,198376.80000000,17927.65659000,0
2026-01-08 22:00:00,0.0907,0.0912,0.0905,0.091,975430.9,2026-01-08 22:59:59.999,88679.57704000,1373,570179.00000000,51843.06272000,0
2026-01-08 23:00:00,0.091,0.0919,0.091,0.0917,1278984.0,2026-01-08 23:59:59.999,117029.13039000,1588,782058.80000000,71572.05872000,0
2026-01-09 00:00:00,0.0917,0.092,0.0904,0.0914,2067407.0,2026-01-09 00:59:59.999,188715.80070000,2018,1026782.40000000,93784.55651000,0
2026-01-09 01:00:00,0.0914,0.0918,0.0901,0.0904,2374699.0,2026-01-09 01:59:59.999,216328.11741000,2030,838591.60000000,76329.94466000,0
2026-01-09 02:00:00,0.0903,0.0908,0.09,0.0903,759470.9,2026-01-09 02:59:59.999,68634.37186000,576,307651.10000000,27800.45146000,0
2026-01-09 03:00:00,0.0903,0.0915,0.0902,0.0913,416713.5,2026-01-09 03:59:59.999,38002.05427000,850,259454.80000000,23658.05826000,0
2026-01-09 04:00:00,0.0913,0.0914,0.0903,0.0905,654229.2,2026-01-09 04:59:59.999,59353.26119000,880,192025.90000000,17443.89152000,0
2026-01-09 05:00:00,0.0906,0.091,0.0905,0.0909,413583.9,2026-01-09 05:59:59.999,37545.54333000,505,237712.50000000,21589.08370000,0
2026-01-09 06:00:00,0.0908,0.0911,0.0904,0.091,1238200.9,2026-01-09 06:59:59.999,112395.83169000,1002,592343.60000000,53783.33901000,0
2026-01-09 07:00:00,0.091,0.0916,0.0907,0.0914,913951.0,2026-01-09 07:59:59.999,83277.62029000,1323,457240.60000000,41698.06999000,0
2026-01-09 08:00:00,0.0913,0.0917,0.0898,0.0902,2024925.4,2026-01-09 08:59:59.999,183690.69903000,1831,781294.80000000,70984.45653000,0
2026-01-09 09:00:00,0.0903,0.0907,0.0899,0.09,588129.4,2026-01-09 09:59:59.999,53158.76296000,723,271379.30000000,24530.42600000,0
2026-01-09 10:00:00,0.0899,0.0901,0.0896,0.09,717219.9,2026-01-09 10:59:59.999,64517.09070000,626,371561.20000000,33431.32505000,0
2026-01-09 11:00:00,0.09,0.0901,0.0896,0.0897,450886.6,2026-01-09 11:59:59.999,40552.92677000,449,215952.80000000,19424.11668000,0
2026-01-09 12:00:00,0.0897,0.0898,0.0889,0.0892,490728.9,2026-01-09 12:59:59.999,43752.27752000,493,191620.10000000,17080.80385000,0
2026-01-09 13:00:00,0.0891,0.0901,0.0891,0.0896,884222.4,2026-01-09 13:59:59.999,79350.62641000,897,463842.60000000,41648.30732000,0
2026-01-09 14:00:00,0.0896,0.0907,0.0886,0.0901,3003743.0,2026-01-09 14:59:59.999,269041.21918000,3058,1587343.90000000,142340.16745000,0
2026-01-09 15:00:00,0.0901,0.0918,0.0898,0.0909,3313689.5,2026-01-09 15:59:59.999,301192.94597000,4658,1648160.60000000,149869.93568000,0
2026-01-09 16:00:00,0.091,0.0938,0.091,0.093,2570683.0,2026-01-09 16:59:59.999,238040.68000000,4028,1313921.80000000,121751.59734000,0
2026-01-09 17:00:00,0.093,0.094,0.0926,0.0939,998105.8,2026-01-09 17:59:59.999,93133.38599000,2149,518173.20000000,48385.83440000,0
2026-01-09 18:00:00,0.094,0.0954,0.0936,0.0942,2263133.1,2026-01-09 18:59:59.999,213933.57099000,3649,1243103.60000000,117602.13710000,0
2026-01-09 19:00:00,0.0942,0.0947,0.0941,0.0943,687383.2,2026-01-09 19:59:59.999,64884.62939000,967,345058.20000000,32573.52164000,0
2026-01-09 20:00:00,0.0942,0.0944,0.0933,0.0939,753295.4,2026-01-09 20:59:59.999,70739.63933000,1029,353044.70000000,33165.28388000,0
2026-01-09 21:00:00,0.0939,0.0945,0.0936,0.094,597285.9,2026-01-09 21:59:59.999,56196.44494000,800,278897.30000000,26231.53213000,0
2026-01-09 22:00:00,0.0939,0.0946,0.0939,0.0943,403028.9,2026-01-09 22:59:59.999,38039.67564000,733,203868.60000000,19237.90039000,0
2026-01-09 23:00:00,0.0944,0.0945,0.0932,0.0941,952832.1,2026-01-09 23:59:59.999,89415.16038000,1074,366886.20000000,34475.55724000,0
2026-01-10 00:00:00,0.0941,0.0942,0.0927,0.093,695868.6,2026-01-10 00:59:59.999,65072.86251000,834,282390.30000000,26433.93097000,0
2026-01-10 01:00:00,0.0931,0.0938,0.0928,0.0936,383931.4,2026-01-10 01:59:59.999,35824.47086000,733,211390.70000000,19733.64669000,0
2026-01-10 02:00:00,0.0936,0.094,0.0926,0.0929,567556.6,2026-01-10 02:59:59.999,52944.54103000,816,236585.40000000,22080.69423000,0
2026-01-10 03:00:00,0.0929,0.0932,0.0927,0.093,107174.3,2026-01-10 03:59:59.999,9950.14575000,294,47260.90000000,4390.02529000,0
2026-01-10 04:00:00,0.093,0.093,0.0922,0.0923,360589.4,2026-01-10 04:59:59.999,33339.39134000,482,132341.70000000,12235.45568000,0
2026-01-10 05:00:00,0.0923,0.0926,0.0919,0.0922,280316.7,2026-01-10 05:59:59.999,25852.07935000,572,122155.90000000,11267.67014000,0
2026-01-10 06:00:00,0.0922,0.0925,0.0915,0.0921,361115.2,2026-01-10 06:59:59.999,33241.84827000,614,179858.40000000,16574.46752000,0
2026-01-10 07:00:00,0.0921,0.0934,0.092,0.0932,592020.3,2026-01-10 07:59:59.999,54957.23385000,830,383204.40000000,35586.61717000,0
2026-01-10 08:00:00,0.0931,0.0935,0.0924,0.093,1306110.8,2026-01-10 08:59:59.999,121225.85364000,1152,560153.90000000,52012.06498000,0
2026-01-10 09:00:00,0.093,0.093,0.092,0.0923,759621.3,2026-01-10 09:59:59.999,70245.37339000,774,436880.30000000,40420.16912000,0
2026-01-10 10:00:00,0.0923,0.0929,0.092,0.0929,498078.0,2026-01-10 10:59:59.999,46105.68885000,453,304638.60000000,28204.51117000,0
2026-01-10 11:00:00,0.0929,0.093,0.0922,0.0928,545741.4,2026-01-10 11:59:59.999,50496.33599000,423,260501.50000000,24128.44531000,0
2026-01-10 12:00:00,0.0929,0.0933,0.0929,0.0932,346666.7,2026-01-10 12:59:59.999,32273.11837000,457,179603.70000000,16721.69207000,0
2026-01-10 13:00:00,0.0932,0.0933,0.0928,0.0929,345172.2,2026-01-10 13:59:59.999,32111.27304000,470,161907.40000000,15064.41959000,0
2026-01-10 14:00:00,0.0929,0.0929,0.0919,0.092,864367.6,2026-01-10 14:59:59.999,79799.68896000,726,304815.50000000,28171.74406000,0
2026-01-10 15:00:00,0.092,0.0921,0.0913,0.0915,828526.5,2026-01-10 15:59:59.999,76030.17433000,609,395753.10000000,36337.25857000,0
2026-01-10 16:00:00,0.0915,0.0922,0.0912,0.0913,820993.2,2026-01-10 16:59:59.999,75155.09910000,671,384438.40000000,35243.95233000,0
2026-01-10 17:00:00,0.0914,0.0925,0.0908,0.0909,1825760.6,2026-01-10 17:59:59.999,167506.70271000,1275,947427.10000000,87042.65921000,0
2026-01-10 18:00:00,0.091,0.0911,0.0908,0.091,131090.3,2026-01-10 18:59:59.999,11932.14054000,252,58123.20000000,5291.12218000,0
2026-01-10 19:00:00,0.0909,0.0916,0.0909,0.0914,494336.5,2026-01-10 19:59:59.999,45188.17699000,476,370319.50000000,33872.09086000,0
2026-01-10 20:00:00,0.0914,0.0916,0.0907,0.0907,235317.7,2026-01-10 20:59:59.999,21415.52040000,397,75300.20000000,6849.59682000,0
2026-01-10 21:00:00,0.0907,0.0907,0.0903,0.0903,247268.8,2026-01-10 21:59:59.999,22377.58129000,428,75849.50000000,6863.25074000,0
2026-01-10 22:00:00,0.0903,0.0903,0.089,0.0891,1004688.2,2026-01-10 22:59:59.999,90188.87612000,1251,321586.60000000,28884.50327000,0
2026-01-10 23:00:00,0.0891,0.0902,0.0891,0.0901,524872.9,2026-01-10 23:59:59.999,47042.08143000,766,302521.40000000,27133.53862000,0
2026-01-11 00:00:00,0.09,0.0902,0.0892,0.0902,761150.0,2026-01-11 00:59:59.999,68348.11309000,1002,241135.20000000,21674.10388000,0
2026-01-11 01:00:00,0.0902,0.0919,0.0901,0.0915,801258.6,2026-01-11 01:59:59.999,72903.65706000,1046,507489.40000000,46221.21913000,0
2026-01-11 02:00:00,0.0915,0.0923,0.0912,0.0922,530972.4,2026-01-11 02:59:59.999,48784.31901000,801,300015.50000000,27584.75362000,0
2026-01-11 03:00:00,0.0922,0.0926,0.0919,0.092,370408.6,2026-01-11 03:59:59.999,34174.79008000,550,170756.90000000,15759.16255000,0
2026-01-11 04:00:00,0.0919,0.0919,0.0913,0.0918,537695.3,2026-01-11 04:59:59.999,49288.68350000,553,245396.20000000,22504.42432000,0
2026-01-11 05:00:00,0.0917,0.0922,0.0915,0.0921,237874.0,2026-01-11 05:59:59.999,21867.06666000,243,180905.40000000,16635.66189000,0
2026-01-11 06:00:00,0.0921,0.0922,0.0913,0.0916,346234.7,2026-01-11 06:59:59.999,31727.81395000,406,116892.80000000,10705.81480000,0
2026-01-11 07:00:00,0.0916,0.0916,0.0912,0.0916,169130.4,2026-01-11 07:59:59.999,15464.04035000,269,70272.80000000,6430.17860000,0
2026-01-11 08:00:00,0.0916,0.0923,0.0915,0.0919,575128.4,2026-01-11 08:59:59.999,52898.34875000,391,372985.90000000,34316.85135000,0
2026-01-11 09:00:00,0.0919,0.0921,0.0918,0.0919,72886.8,2026-01-11 09:59:59.999,6701.32851000,137,31529.30000000,2899.86904000,0
2026-01-11 10:00:00,0.092,0.093,0.0918,0.0928,714776.9,2026-01-11 10:59:59.999,66146.69461000,744,471862.40000000,43662.22235000,0
2026-01-11 11:00:00,0.0927,0.094,0.0925,0.0937,998873.2,2026-01-11 11:59:59.999,93231.36275000,899,612246.60000000,57170.70144000,0
2026-01-11 12:00:00,0.0938,0.094,0.0931,0.0931,675947.8,2026-01-11 12:59:59.999,63168.21042000,824,234396.40000000,21925.14934000,0
2026-01-11 13:00:00,0.093,0.0932,0.0926,0.0926,498844.3,2026-01-11 13:59:59.999,46340.44746000,795,132756.00000000,12342.08814000,0
2026-01-11 14:00:00,0.0927,0.0927,0.091,0.0915,4516996.2,2026-01-11 14:59:59.999,414107.13925000,2224,1251619.50000000,114743.13427000,0
2026-01-11 15:00:00,0.0916,0.0917,0.0907,0.0908,444450.8,2026-01-11 15:59:59.999,40509.45110000,466,105314.60000000,9597.63692000,0
2026-01-11 16:00:00,0.0909,0.0917,0.0905,0.0913,1015402.4,2026-01-11 16:59:59.999,92532.82154000,1199,551561.00000000,50314.54994000,0
2026-01-11 17:00:00,0.0912,0.0916,0.0911,0.0916,369188.7,2026-01-11 17:59:59.999,33721.71368000,365,220156.20000000,20116.81262000,0
2026-01-11 18:00:00,0.0916,0.0917,0.0912,0.0917,137591.3,2026-01-11 18:59:59.999,12587.32454000,257,69570.40000000,6368.63518000,0
2026-01-11 19:00:00,0.0917,0.0917,0.0911,0.0912,172117.3,2026-01-11 19:59:59.999,15724.05721000,192,50184.80000000,4584.28741000,0
2026-01-11 20:00:00,0.0911,0.0911,0.0904,0.0905,467444.3,2026-01-11 20:59:59.999,42403.56083000,613,96280.80000000,8738.07209000,0
2026-01-11 21:00:00,0.0905,0.0905,0.0898,0.09,468014.9,2026-01-11 21:59:59.999,42198.25620000,569,146846.70000000,13246.52835000,0
2026-01-11 22:00:00,0.09,0.09,0.0892,0.0894,460109.6,2026-01-11 22:59:59.999,41201.33666000,610,135652.30000000,12153.96013000,0
2026-01-11 23:00:00,0.0894,0.0903,0.0891,0.0901,665048.6,2026-01-11 23:59:59.999,59749.90492000,629,367435.50000000,33019.70539000,0
2026-01-12 00:00:00,0.0902,0.0902,0.0892,0.0898,643673.9,2026-01-12 00:59:59.999,57706.99151000,826,340266.90000000,30501.17461000,0
2026-01-12 01:00:00,0.0899,0.0909,0.0899,0.0905,673059.5,2026-01-12 01:59:59.999,60864.47355000,628,470304.70000000,42528.53858000,0
2026-01-12 02:00:00,0.0906,0.0914,0.0906,0.0912,1285266.1,2026-01-12 02:59:59.999,116907.28635000,761,627089.10000000,57042.04574000,0
2026-01-12 03:00:00,0.0911,0.0913,0.0908,0.0908,429130.3,2026-01-12 03:59:59.999,39044.50129000,384,157277.50000000,14314.11195000,0
2026-01-12 04:00:00,0.0908,0.0913,0.0906,0.0912,254365.7,2026-01-12 04:59:59.999,23137.31429000,262,176191.50000000,16037.86132000,0
2026-01-12 05:00:00,0.0912,0.092,0.0912,0.0919,466532.4,2026-01-12 05:59:59.999,42763.09502000,461,297761.90000000,27295.12206000,0
2026-01-12 06:00:00,0.0918,0.0924,0.0916,0.092,461782.9,2026-01-12 06:59:59.999,42522.71245000,437,247517.90000000,22800.24202000,0
2026-01-12 07:00:00,0.092,0.0921,0.0906,0.0911,1514712.9,2026-01-12 07:59:59.999,138680.87943000,1118,550848.20000000,50387.56347000,0
2026-01-12 08:00:00,0.091,0.0914,0.0901,0.0906,695816.6,2026-01-12 08:59:59.999,63149.77515000,698,300981.40000000,27346.67565000,0
2026-01-12 09:00:00,0.0906,0.0914,0.0903,0.0903,752010.0,2026-01-12 09:59:59.999,68376.66906000,879,410086.20000000,37300.74826000,0
2026-01-12 10:00:00,0.0904,0.0906,0.0891,0.0892,1247408.3,2026-01-12 10:59:59.999,111839.85096000,1641,573789.40000000,51394.60226000,0
2026-01-12 11:00:00,0.0892,0.0896,0.0887,0.0894,1012347.6,2026-01-12 11:59:59.999,90330.51327000,1024,534577.00000000,47729.98440000,0
2026-01-12 12:00:00,0.0894,0.0894,0.089,0.0891,365191.3,2026-01-12 12:59:59.999,32593.34743000,571,130198.10000000,11623.41428000,0
2026-01-12 13:00:00,0.0892,0.0892,0.088,0.0884,1263795.1,2026-01-12 13:59:59.999,111760.71530000,1200,466371.10000000,41222.63131000,0
2026-01-12 14:00:00,0.0884,0.0893,0.0882,0.0889,1569078.9,2026-01-12 14:59:59.999,139393.58208000,1392,665633.20000000,59138.04835000,0
2026-01-12 15:00:00,0.0888,0.09,0.0888,0.0897,1072670.4,2026-01-12 15:59:59.999,96070.82229000,1102,610323.50000000,54661.54629000,0
2026-01-12 16:00:00,0.0897,0.0897,0.0893,0.0896,534716.8,2026-01-12 16:59:59.999,47856.62138000,447,152138.30000000,13620.77108000,0
2026-01-12 17:00:00,0.0896,0.0903,0.0894,0.0901,744753.1,2026-01-12 17:59:59.999,66861.16734000,705,307890.80000000,27644.54992000,0
2026-01-12 18:00:00,0.09,0.0907,0.0896,0.0898,1122169.1,2026-01-12 18:59:59.999,101252.21598000,1103,524277.80000000,47328.17430000,0
2026-01-12 19:00:00,0.0898,0.0901,0.0896,0.0901,276455.9,2026-01-12 19:59:59.999,24837.14314000,477,121361.40000000,10903.97658000,0
2026-01-12 20:00:00,0.0901,0.0901,0.0898,0.09,137646.4,2026-01-12 20:59:59.999,12386.27090000,312,46322.20000000,4168.75626000,0
2026-01-12 21:00:00,0.09,0.0905,0.0898,0.09,674463.8,2026-01-12 21:59:59.999,60819.27407000,625,311624.00000000,28102.84587000,0
2026-01-12 22:00:00,0.0901,0.0903,0.0897,0.0898,277934.4,2026-01-12 22:59:59.999,25008.33955000,383,113999.00000000,10260.14338000,0
2026-01-12 23:00:00,0.0898,0.0901,0.0897,0.09,130673.4,2026-01-12 23:59:59.999,11759.02370000,265,76016.60000000,6840.79271000,0
2026-01-13 00:00:00,0.09,0.0903,0.0898,0.0902,230079.8,2026-01-13 00:59:59.999,20732.98886000,221,93786.60000000,8456.81558000,0
2026-01-13 01:00:00,0.0902,0.0902,0.0892,0.0894,1283023.4,2026-01-13 01:59:59.999,115184.22821000,685,342307.90000000,30720.17534000,0
2026-01-13 02:00:00,0.0895,0.0903,0.0895,0.0903,289767.1,2026-01-13 02:59:59.999,26037.47432000,274,171324.00000000,15397.39001000,0
2026-01-13 03:00:00,0.0902,0.0903,0.09,0.0901,190387.6,2026-01-13 03:59:59.999,17153.89898000,206,86955.00000000,7836.75825000,0
2026-01-13 04:00:00,0.0902,0.0903,0.0899,0.0901,209994.7,2026-01-13 04:59:59.999,18931.55289000,173,121129.60000000,10923.22949000,0
2026-01-13 05:00:00,0.0902,0.0908,0.0902,0.0903,337044.7,2026-01-13 05:59:59.999,30504.17127000,291,194473.60000000,17606.17831000,0
2026-01-13 06:00:00,0.0903,0.0907,0.0903,0.0907,161513.6,2026-01-13 06:59:59.999,14614.54502000,138,105386.70000000,9540.64209000,0
2026-01-13 07:00:00,0.0907,0.0912,0.0904,0.0904,722806.0,2026-01-13 07:59:59.999,65633.38472000,516,380117.40000000,34536.27365000,0
2026-01-13 08:00:00,0.0904,0.0904,0.0896,0.0896,1610326.2,2026-01-13 08:59:59.999,144909.32124000,962,632082.60000000,56881.43114000,0
2026-01-13 09:00:00,0.0897,0.0901,0.0897,0.0898,239930.9,2026-01-13 09:59:59.999,21558.84375000,351,129349.70000000,11621.05132000,0
2026-01-13 10:00:00,0.0898,0.09,0.0897,0.0897,57984.5,2026-01-13 10:59:59.999,5210.85655000,98,24438.10000000,2196.78307000,0
2026-01-13 11:00:00,0.0897,0.0901,0.0895,0.0899,158078.6,2026-01-13 11:59:59.999,14196.33602000,183,74827.70000000,6725.82887000,0
2026-01-13 12:00:00,0.0898,0.0905,0.0898,0.0904,181768.5,2026-01-13 12:59:59.999,16389.36310000,197,129314.50000000,11661.79462000,0
2026-01-13 13:00:00,0.0905,0.0913,0.0904,0.0908,1101373.6,2026-01-13 13:59:59.999,100122.53796000,1227,653159.20000000,59388.49056000,0
2026-01-13 14:00:00,0.0908,0.0915,0.0906,0.0909,394013.5,2026-01-13 14:59:59.999,35877.17112000,598,171426.90000000,15613.73960000,0
2026-01-13 15:00:00,0.0909,0.0914,0.0906,0.0914,726790.7,2026-01-13 15:59:59.999,66113.12791000,721,440869.80000000,40129.86508000,0
2026-01-13 16:00:00,0.0914,0.0918,0.0907,0.0909,1055357.7,2026-01-13 16:59:59.999,96393.14932000,1092,540173.40000000,49389.33690000,0
2026-01-13 17:00:00,0.0908,0.0909,0.0904,0.0906,265486.3,2026-01-13 17:59:59.999,24065.33337000,373,73104.30000000,6629.31620000,0
2026-01-13 18:00:00,0.0906,0.0909,0.0904,0.0905,519732.3,2026-01-13 18:59:59.999,47096.11939000,455,212806.20000000,19291.32157000,0
2026-01-13 19:00:00,0.0906,0.0913,0.0906,0.0913,372372.2,2026-01-13 19:59:59.999,33856.02496000,258,317927.00000000,28901.88651000,0
2026-01-13 20:00:00,0.0913,0.0915,0.0906,0.0908,336518.9,2026-01-13 20:59:59.999,30612.27549000,283,117940.40000000,10737.24784000,0
2026-01-13 21:00:00,0.0908,0.0911,0.0906,0.0908,639286.5,2026-01-13 21:59:59.999,58064.50959000,288,233476.20000000,21209.62783000,0
2026-01-13 22:00:00,0.0908,0.0927,0.0908,0.0925,2049020.2,2026-01-13 22:59:59.999,188626.46746000,2339,1255217.80000000,115502.02602000,0
2026-01-13 23:00:00,0.0925,0.0929,0.0923,0.0927,703454.3,2026-01-13 23:59:59.999,65212.70746000,863,358548.00000000,33242.67985000,0
2026-01-14 00:00:00,0.0927,0.093,0.0923,0.0928,617195.5,2026-01-14 00:59:59.999,57166.87138000,638,317163.50000000,29386.30125000,0
2026-01-14 01:00:00,0.0929,0.0934,0.0928,0.093,457804.6,2026-01-14 01:59:59.999,42620.94733000,643,228898.20000000,21315.71058000,0
2026-01-14 02:00:00,0.093,0.0942,0.0929,0.0936,791776.3,2026-01-14 02:59:59.999,74012.80475000,874,467594.90000000,43706.41250000,0
2026-01-14 03:00:00,0.0936,0.094,0.0935,0.094,342963.9,2026-01-14 03:59:59.999,32155.28913000,548,167862.90000000,15746.25835000,0
2026-01-14 04:00:00,0.094,0.0941,0.0931,0.0938,802017.5,2026-01-14 04:59:59.999,74991.37951000,795,359158.70000000,33597.61521000,0
2026-01-14 05:00:00,0.0938,0.0938,0.093,0.0932,1254585.0,2026-01-14 05:59:59.999,117092.15349000,1707,490664.60000000,45813.72797000,0
2026-01-14 06:00:00,0.0933,0.0942,0.0929,0.0941,1213591.3,2026-01-14 06:59:59.999,113457.24372000,1408,644517.60000000,60279.28612000,0
2026-01-14 07:00:00,0.0941,0.0941,0.0932,0.0939,937630.6,2026-01-14 07:59:59.999,87767.34749000,869,452030.90000000,42321.76479000,0
2026-01-14 08:00:00,0.0938,0.0948,0.0938,0.0947,1571045.0,2026-01-14 08:59:59.999,148000.90715000,1591,713911.50000000,67310.06458000,0
2026-01-14 09:00:00,0.0946,0.0964,0.0943,0.0959,2579063.3,2026-01-14 09:59:59.999,246541.28673000,2761,1528947.90000000,146127.65172000,0
2026-01-14 10:00:00,0.0959,0.0969,0.0958,0.0968,1967411.0,2026-01-14 10:59:59.999,189912.77110000,2034,1116555.40000000,107788.47537000,0
2026-01-14 11:00:00,0.0968,0.0969,0.0958,0.0968,1619648.8,2026-01-14 11:59:59.999,156154.12783000,1791,835773.90000000,80601.93587000,0
2026-01-14 12:00:00,0.0967,0.0978,0.0961,0.0965,2231740.5,2026-01-14 12:59:59.999,215975.07353000,2319,1235640.30000000,119604.92929000,0
2026-01-14 13:00:00,0.0964,0.0964,0.0952,0.0953,675827.5,2026-01-14 13:59:59.999,64820.17755000,739,207518.30000000,19916.53561000,0
2026-01-14 14:00:00,0.0954,0.0992,0.0954,0.0983,3605578.8,2026-01-14 14:59:59.999,352666.27553000,3247,2289294.20000000,223770.19540000,0
2026-01-14 15:00:00,0.0983,0.0988,0.0961,0.0966,3092804.2,2026-01-14 15:59:59.999,302168.39798000,2990,1477542.40000000,144507.00265000,0
2026-01-14 16:00:00,0.0966,0.0966,0.0954,0.0957,2482211.6,2026-01-14 16:59:59.999,238223.37044000,2146,1140599.60000000,109481.98154000,0
2026-01-14 17:00:00,0.0958,0.0961,0.095,0.0952,3404625.4,2026-01-14 17:59:59.999,325584.57863000,3140,1499303.00000000,143428.00901000,0
2026-01-14 18:00:00,0.0952,0.0952,0.0937,0.0941,1828052.1,2026-01-14 18:59:59.999,172686.38571000,1781,882399.80000000,83415.28717000,0
2026-01-14 19:00:00,0.0941,0.0953,0.0941,0.0947,1806651.2,2026-01-14 19:59:59.999,171319.30619000,1775,970866.80000000,92053.72996000,0
2026-01-14 20:00:00,0.0948,0.0955,0.0947,0.095,2000591.7,2026-01-14 20:59:59.999,190336.76018000,2255,1094180.00000000,104133.31489000,0
2026-01-14 21:00:00,0.095,0.0953,0.0942,0.0945,897633.9,2026-01-14 21:59:59.999,85060.67075000,984,363520.90000000,34475.75168000,0
2026-01-14 22:00:00,0.0945,0.0946,0.0929,0.093,1502613.4,2026-01-14 22:59:59.999,140541.10462000,1372,567740.10000000,53126.37018000,0
2026-01-14 23:00:00,0.0931,0.0938,0.0931,0.0936,751143.6,2026-01-14 23:59:59.999,70145.67067000,711,496615.30000000,46390.85230000,0
2026-01-15 00:00:00,0.0937,0.0937,0.0932,0.0936,564488.6,2026-01-15 00:59:59.999,52781.56045000,630,270134.70000000,25262.02653000,0
2026-01-15 01:00:00,0.0937,0.0942,0.0933,0.0935,716462.9,2026-01-15 01:59:59.999,67057.28393000,979,420115.60000000,39328.79931000,0
2026-01-15 02:00:00,0.0935,0.0936,0.093,0.0933,528533.3,2026-01-15 02:59:59.999,49273.79379000,781,336482.00000000,31377.92527000,0
2026-01-15 03:00:00,0.0932,0.0945,0.0924,0.0938,4866345.2,2026-01-15 03:59:59.999,455311.76833000,4903,2542491.10000000,237909.08446000,0
2026-01-15 04:00:00,0.0937,0.0945,0.0932,0.0935,1573585.4,2026-01-15 04:59:59.999,147678.73954000,3435,706494.20000000,66326.04517000,0
2026-01-15 05:00:00,0.0935,0.0946,0.0933,0.0939,1449629.3,2026-01-15 05:59:59.999,136254.35371000,4233,702991.70000000,66085.22413000,0
2026-01-15 06:00:00,0.0939,0.0957,0.0938,0.0954,1886472.8,2026-01-15 06:59:59.999,178201.16335000,5010,1079569.10000000,102002.26433000,0
2026-01-15 07:00:00,0.0955,0.0955,0.0945,0.0947,2541864.5,2026-01-15 07:59:59.999,241267.07103000,13364,675961.00000000,64168.32973000,0
2026-01-15 08:00:00,0.0947,0.0972,0.0943,0.0971,2946022.1,2026-01-15 08:59:59.999,281622.05316000,8065,1565556.20000000,149785.67093000,0
2026-01-15 09:00:00,0.0971,0.0973,0.0952,0.0958,3461210.8,2026-01-15 09:59:59.999,331672.58555000,15369,1427578.50000000,136729.19838000,0
2026-01-15 10:00:00,0.0958,0.0967,0.0958,0.0962,1812400.5,2026-01-15 10:59:59.999,174410.37229000,11592,479466.00000000,46158.43507000,0
2026-01-15 11:00:00,0.0961,0.0966,0.0954,0.0961,1806686.7,2026-01-15 11:59:59.999,173404.51119000,8825,706248.50000000,67847.60827000,0
2026-01-15 12:00:00,0.096,0.0962,0.0945,0.095,2890195.0,2026-01-15 12:59:59.999,275489.22016000,11200,911643.10000000,86940.00686000,0
2026-01-15 13:00:00,0.095,0.0954,0.0948,0.0949,1396970.8,2026-01-15 13:59:59.999,132884.00518000,5937,500973.20000000,47671.54576000,0
2026-01-15 14:00:00,0.0949,0.0953,0.0932,0.094,2697513.9,2026-01-15 14:59:59.999,254393.77494000,7433,1037831.30000000,97963.15158000,0
2026-01-15 15:00:00,0.094,0.0945,0.0927,0.0944,2449235.2,2026-01-15 15:59:59.999,229347.26476000,4842,1078683.10000000,101093.96587000,0
2026-01-15 16:00:00,0.0943,0.0953,0.0934,0.0951,1376193.4,2026-01-15 16:59:59.999,130091.38994000,2551,679899.90000000,64335.61662000,0
2026-01-15 17:00:00,0.0951,0.0953,0.0944,0.0946,859826.9,2026-01-15 17:59:59.999,81475.39045000,3358,213917.40000000,20271.36346000,0
2026-01-15 18:00:00,0.0945,0.0953,0.0944,0.095,1052320.2,2026-01-15 18:59:59.999,99767.92659000,3001,466627.50000000,44248.92004000,0
2026-01-15 19:00:00,0.095,0.0954,0.0943,0.095,905562.6,2026-01-15 19:59:59.999,85884.00115000,1215,410317.80000000,38916.35278000,0
2026-01-15 20:00:00,0.095,0.0958,0.0948,0.0949,901754.0,2026-01-15 20:59:59.999,85853.33783000,991,501394.40000000,47757.11757000,0
2026-01-15 21:00:00,0.0948,0.0968,0.0947,0.0959,1366144.5,2026-01-15 21:59:59.999,131074.54962000,1619,688667.60000000,66099.42235000,0
2026-01-15 22:00:00,0.0959,0.0964,0.0955,0.0956,409089.6,2026-01-15 22:59:59.999,39222.63687000,841,255296.50000000,24470.31986000,0
2026-01-15 23:00:00,0.0957,0.0965,0.0956,0.0962,548162.9,2026-01-15 23:59:59.999,52645.77966000,805,294611.60000000,28296.95952000,0
2026-01-16 00:00:00,0.0963,0.0964,0.0944,0.0947,1272481.6,2026-01-16 00:59:59.999,121143.30603000,1424,472456.50000000,45034.52583000,0
2026-01-16 01:00:00,0.0948,0.0952,0.0943,0.0949,769393.5,2026-01-16 01:59:59.999,72803.02752000,1054,347730.10000000,32918.57136000,0
2026-01-16 02:00:00,0.0948,0.095,0.0943,0.0947,466477.9,2026-01-16 02:59:59.999,44147.93645000,804,327917.60000000,31040.37707000,0
2026-01-16 03:00:00,0.0947,0.0948,0.0939,0.0941,436850.7,2026-01-16 03:59:59.999,41178.76687000,690,284223.60000000,26800.77881000,0
2026-01-16 04:00:00,0.0941,0.0944,0.0937,0.0943,824323.4,2026-01-16 04:59:59.999,77481.07164000,1078,437379.90000000,41119.32128000,0
2026-01-16 05:00:00,0.0942,0.0949,0.0939,0.0945,1556279.9,2026-01-16 05:59:59.999,146653.02275000,2496,818629.30000000,77162.27146000,0
2026-01-16 06:00:00,0.0945,0.0945,0.0939,0.0943,692293.4,2026-01-16 06:59:59.999,65257.92521000,891,153384.20000000,14467.37064000,0
2026-01-16 07:00:00,0.0943,0.0951,0.0938,0.0948,5182560.5,2026-01-16 07:59:59.999,488294.03404000,5064,2164405.10000000,204071.79220000,0
2026-01-16 08:00:00,0.0948,0.0957,0.0945,0.0955,1037401.2,2026-01-16 08:59:59.999,98783.28746000,1465,530332.60000000,50485.61304000,0
2026-01-16 09:00:00,0.0955,0.0959,0.0946,0.0948,605467.2,2026-01-16 09:59:59.999,57593.33876000,1448,190935.50000000,18159.58940000,0
2026-01-16 10:00:00,0.0948,0.0949,0.0945,0.0945,727544.9,2026-01-16 10:59:59.999,68870.75180000,1107,329443.30000000,31201.16199000,0
2026-01-16 11:00:00,0.0945,0.0955,0.0943,0.0953,978980.8,2026-01-16 11:59:59.999,92941.33276000,1364,414561.70000000,39369.31507000,0
2026-01-16 12:00:00,0.0952,0.0958,0.0951,0.0952,907159.8,2026-01-16 12:59:59.999,86561.65467000,1313,308850.70000000,29466.33624000,0
2026-01-16 13:00:00,0.0951,0.0953,0.0945,0.0948,556600.7,2026-01-16 13:59:59.999,52759.58750000,880,223028.90000000,21129.91608000,0
2026-01-16 14:00:00,0.0948,0.0956,0.0948,0.0952,1050118.9,2026-01-16 14:59:59.999,99978.16251000,1792,468749.60000000,44631.20410000,0
2026-01-16 15:00:00,0.0952,0.0952,0.0913,0.0916,3256345.8,2026-01-16 15:59:59.999,301962.01303000,5340,882535.70000000,81592.95168000,0
2026-01-16 16:00:00,0.0915,0.0924,0.0913,0.0921,1422060.5,2026-01-16 16:59:59.999,130803.42122000,2368,640839.80000000,58904.84518000,0
2026-01-16 17:00:00,0.0921,0.0933,0.0919,0.0931,721373.0,2026-01-16 17:59:59.999,66730.29984000,1154,406410.50000000,37615.21672000,0
2026-01-16 18:00:00,0.0931,0.0932,0.0927,0.0932,319930.8,2026-01-16 18:59:59.999,29747.93877000,748,105996.20000000,9862.78928000,0
2026-01-16 19:00:00,0.0932,0.0933,0.0929,0.0932,477153.4,2026-01-16 19:59:59.999,44437.00251000,778,242944.90000000,22630.39821000,0
2026-01-16 20:00:00,0.0933,0.0941,0.0927,0.094,483185.1,2026-01-16 20:59:59.999,45089.46484000,723,255152.00000000,23853.65690000,0
2026-01-16 21:00:00,0.094,0.0951,0.094,0.0945,780110.8,2026-01-16 21:59:59.999,73903.19663000,1239,362111.40000000,34298.06753000,0
2026-01-16 22:00:00,0.0945,0.0953,0.0945,0.0953,416107.0,2026-01-16 22:59:59.999,39468.97990000,843,235337.20000000,22337.85985000,0
2026-01-16 23:00:00,0.0954,0.0954,0.095,0.0951,309292.9,2026-01-16 23:59:59.999,29436.28370000,635,86749.20000000,8260.14283000,0
2026-01-17 00:00:00,0.0951,0.0957,0.0945,0.0946,741088.4,2026-01-17 00:59:59.999,70457.97820000,990,308480.30000000,29361.45845000,0
2026-01-17 01:00:00,0.0946,0.0948,0.094,0.094,541308.5,2026-01-17 01:59:59.999,51088.37830000,921,197978.00000000,18706.90007000,0
2026-01-17 02:00:00,0.094,0.0942,0.0937,0.0942,303412.5,2026-01-17 02:59:59.999,28511.39400000,703,122008.40000000,11472.43511000,0
2026-01-17 03:00:00,0.0942,0.0944,0.0939,0.094,304937.0,2026-01-17 03:59:59.999,28715.39365000,643,103946.60000000,9795.10623000,0
2026-01-17 04:00:00,0.094,0.094,0.0934,0.0938,709300.8,2026-01-17 04:59:59.999,66486.87641000,678,274325.60000000,25722.76607000,0
2026-01-17 05:00:00,0.0938,0.0941,0.0935,0.0938,334294.8,2026-01-17 05:59:59.999,31385.54522000,556,173366.60000000,16288.63675000,0
2026-01-17 06:00:00,0.0938,0.0941,0.0937,0.0941,160866.9,2026-01-17 06:59:59.999,15109.53902000,453,75631.30000000,7108.63719000,0
2026-01-17 07:00:00,0.0941,0.0948,0.0939,0.0946,827506.1,2026-01-17 07:59:59.999,78001.05141000,1079,386515.00000000,36456.07001000,0
2026-01-17 08:00:00,0.0946,0.0951,0.0945,0.0948,723942.2,2026-01-17 08:59:59.999,68679.31505000,1193,253067.80000000,24020.43046000,0
2026-01-17 09:00:00,0.0949,0.095,0.0946,0.0946,153474.9,2026-01-17 09:59:59.999,14540.32992000,454,22415.40000000,2123.35679000,0
2026-01-17 10:00:00,0.0946,0.095,0.0946,0.0948,222984.7,2026-01-17 10:59:59.999,21146.69561000,528,103773.30000000,9844.78260000,0
2026-01-17 11:00:00,0.0948,0.0949,0.0941,0.0941,668927.6,2026-01-17 11:59:59.999,63183.55410000,895,236651.40000000,22335.21334000,0
2026-01-17 12:00:00,0.0941,0.0946,0.094,0.0942,393802.0,2026-01-17 12:59:59.999,37134.80025000,694,179532.50000000,16932.27966000,0
2026-01-17 13:00:00,0.0942,0.0943,0.0939,0.094,245314.6,2026-01-17 13:59:59.999,23086.32062000,557,64881.60000000,6111.69339000,0
2026-01-17 14:00:00,0.094,0.0942,0.0934,0.0935,755953.1,2026-01-17 14:59:59.999,70847.72105000,913,323656.90000000,30344.19544000,0
2026-01-17 15:00:00,0.0935,0.0943,0.0935,0.094,851107.2,2026-01-17 15:59:59.999,79984.31083000,938,370853.40000000,34857.35100000,0
2026-01-17 16:00:00,0.094,0.0942,0.0931,0.0933,642736.3,2026-01-17 16:59:59.999,60202.57479000,881,178259.70000000,16712.09882000,0
2026-01-17 17:00:00,0.0933,0.0936,0.0932,0.0934,197964.5,2026-01-17 17:59:59.999,18487.73861000,430,63650.00000000,5948.12291000,0
2026-01-17 18:00:00,0.0934,0.0937,0.0933,0.0935,294847.1,2026-01-17 18:59:59.999,27594.31553000,529,145578.00000000,13626.34837000,0
2026-01-17 19:00:00,0.0935,0.0947,0.0934,0.0942,771334.5,2026-01-17 19:59:59.999,72568.93597000,887,508740.00000000,47864.03742000,0
2026-01-17 20:00:00,0.0942,0.0943,0.0939,0.094,87636.4,2026-01-17 20:59:59.999,8244.73566000,296,20789.80000000,1957.28745000,0
2026-01-17 21:00:00,0.094,0.0941,0.0937,0.0937,79349.1,2026-01-17 21:59:59.999,7450.24511000,298,15290.40000000,1437.46022000,0
2026-01-17 22:00:00,0.0937,0.0939,0.0931,0.0933,597183.5,2026-01-17 22:59:59.999,55840.76741000,698,204102.20000000,19102.04793000,0
2026-01-17 23:00:00,0.0933,0.0936,0.0931,0.0933,719061.4,2026-01-17 23:59:59.999,67115.18905000,1402,294576.40000000,27507.87607000,0
2026-01-18 00:00:00,0.0933,0.0947,0.0933,0.0938,750683.0,2026-01-18 00:59:59.999,70595.56860000,729,435446.00000000,40943.23538000,0
2026-01-18 01:00:00,0.0938,0.0939,0.0929,0.0936,546498.0,2026-01-18 01:59:59.999,51078.10658000,441,215990.00000000,20192.90455000,0
2026-01-18 02:00:00,0.0937,0.094,0.0931,0.0939,683689.6,2026-01-18 02:59:59.999,63969.71935000,435,341734.90000000,32005.02695000,0
2026-01-18 03:00:00,0.0938,0.0951,0.0938,0.0947,726434.9,2026-01-18 03:59:59.999,68690.98844000,738,507832.80000000,48031.66713000,0
2026-01-18 04:00:00,0.0947,0.0956,0.0946,0.095,1007730.0,2026-01-18 04:59:59.999,95835.91155000,925,554837.50000000,52790.23571000,0
2026-01-18 05:00:00,0.095,0.0954,0.0948,0.0953,546323.8,2026-01-18 05:59:59.999,51940.03307000,523,354166.70000000,33678.94203000,0
2026-01-18 06:00:00,0.0953,0.0957,0.0951,0.0956,314435.3,2026-01-18 06:59:59.999,29986.47233000,419,151748.20000000,14479.91909000,0
2026-01-18 07:00:00,0.0956,0.0957,0.0948,0.0952,367176.8,2026-01-18 07:59:59.999,34935.05132000,597,187712.70000000,17855.83557000,0
2026-01-18 08:00:00,0.0951,0.0967,0.095,0.0957,668458.8,2026-01-18 08:59:59.999,64060.76119000,983,360579.60000000,34593.97488000,0
2026-01-18 09:00:00,0.0957,0.0964,0.0954,0.0954,501207.1,2026-01-18 09:59:59.999,48058.75262000,768,258841.10000000,24828.42110000,0
2026-01-18 10:00:00,0.0955,0.0956,0.0942,0.0952,519134.7,2026-01-18 10:59:59.999,49320.01148000,770,202558.00000000,19250.56877000,0
2026-01-18 11:00:00,0.0952,0.0953,0.0947,0.0949,272659.2,2026-01-18 11:59:59.999,25907.44717000,214,95025.70000000,9029.85490000,0
2026-01-18 12:00:00,0.0949,0.0969,0.0948,0.0962,1611913.1,2026-01-18 12:59:59.999,154746.47007000,1978,1032379.40000000,98981.69501000,0
2026-01-18 13:00:00,0.0962,0.0967,0.0957,0.0957,883379.1,2026-01-18 13:59:59.999,85068.80074000,1155,540150.80000000,52031.25717000,0
2026-01-18 14:00:00,0.0957,0.0964,0.0957,0.0957,394412.4,2026-01-18 14:59:59.999,37829.28178000,690,255621.40000000,24515.43510000,0
2026-01-18 15:00:00,0.0957,0.0967,0.0954,0.096,495175.4,2026-01-18 15:59:59.999,47672.91863000,611,202927.50000000,19534.98116000,0
2026-01-18 16:00:00,0.096,0.0963,0.0954,0.0954,691851.3,2026-01-18 16:59:59.999,66304.61427000,980,354799.90000000,34010.50415000,0
2026-01-18 17:00:00,0.0953,0.0957,0.0952,0.0955,328085.2,2026-01-18 17:59:59.999,31310.36149000,368,225991.70000000,21576.52664000,0
2026-01-18 18:00:00,0.0955,0.0958,0.0954,0.0956,142647.1,2026-01-18 18:59:59.999,13632.30745000,304,91075.10000000,8705.03808000,0
2026-01-18 19:00:00,0.0957,0.0957,0.0952,0.0953,185045.5,2026-01-18 19:59:59.999,17644.19859000,344,80811.20000000,7705.50355000,0
2026-01-18 20:00:00,0.0953,0.0956,0.0951,0.0955,291288.1,2026-01-18 20:59:59.999,27778.64099000,423,185024.30000000,17647.94756000,0
2026-01-18 21:00:00,0.0955,0.0956,0.0954,0.0954,29050.0,2026-01-18 21:59:59.999,2771.51163000,82,16214.70000000,1546.95086000,0
2026-01-18 22:00:00,0.0954,0.0956,0.0952,0.0953,193706.0,2026-01-18 22:59:59.999,18470.27040000,422,100545.00000000,9589.54413000,0
2026-01-18 23:00:00,0.0953,0.0953,0.0928,0.0929,1692057.7,2026-01-18 23:59:59.999,158810.64132000,1795,598633.00000000,56199.48990000,0
2026-01-19 00:00:00,0.0929,0.0929,0.0868,0.092,8424567.0,2026-01-19 00:59:59.999,759584.79498000,9014,3893237.80000000,350923.77036000,0
2026-01-19 01:00:00,0.0919,0.0923,0.0909,0.0911,1160227.3,2026-01-19 01:59:59.999,106234.44122000,1715,533334.40000000,48859.33044000,0
2026-01-19 02:00:00,0.0911,0.0995,0.0906,0.0969,9076690.3,2026-01-19 02:59:59.999,876679.25872000,12214,5598674.60000000,541686.50239000,0
2026-01-19 03:00:00,0.0969,0.0998,0.0962,0.0988,3320518.3,2026-01-19 03:59:59.999,326196.18085000,4954,1847693.90000000,181819.24348000,0
2026-01-19 04:00:00,0.0987,0.101,0.0982,0.0991,2812150.8,2026-01-19 04:59:59.999,279611.75004000,4255,1661385.20000000,165253.49935000,0
2026-01-19 05:00:00,0.0991,0.1003,0.0983,0.0985,4116564.8,2026-01-19 05:59:59.999,409091.67720000,3698,2244888.00000000,223228.74585000,0
2026-01-19 06:00:00,0.0985,0.1014,0.0983,0.1004,5310185.3,2026-01-19 06:59:59.999,531008.42237000,4279,2939257.00000000,294000.75308000,0
2026-01-19 07:00:00,0.1005,0.1006,0.0986,0.0992,2010748.8,2026-01-19 07:59:59.999,199926.64196000,1659,930820.80000000,92531.87390000,0
2026-01-19 08:00:00,0.0991,0.0992,0.0985,0.0988,735125.4,2026-01-19 08:59:59.999,72653.33212000,837,376462.50000000,37217.91364000,0
2026-01-19 09:00:00,0.0988,0.0989,0.098,0.0987,1242008.5,2026-01-19 09:59:59.999,122135.44805000,1421,602021.40000000,59236.62089000,0
2026-01-19 10:00:00,0.0987,0.1002,0.0985,0.099,1493587.5,2026-01-19 10:59:59.999,148532.20293000,1783,922855.70000000,91794.53642000,0
2026-01-19 11:00:00,0.099,0.099,0.0977,0.0982,1838696.0,2026-01-19 11:59:59.999,180747.67112000,1664,923025.50000000,90725.64824000,0
2026-01-19 12:00:00,0.0982,0.0985,0.0968,0.0971,1304758.3,2026-01-19 12:59:59.999,127354.45211000,1465,675454.50000000,65932.77939000,0
2026-01-19 13:00:00,0.097,0.0983,0.0963,0.0979,1834873.0,2026-01-19 13:59:59.999,178730.21149000,1844,1090484.40000000,106277.79499000,0
2026-01-19 14:00:00,0.0979,0.1002,0.0979,0.1002,2544474.1,2026-01-19 14:59:59.999,252389.51968000,2538,1614904.20000000,160119.56298000,0
2026-01-19 15:00:00,0.1002,0.1008,0.099,0.0993,1689673.5,2026-01-19 15:59:59.999,168550.67198000,1367,847840.30000000,84559.27133000,0
2026-01-19 16:00:00,0.0993,0.0995,0.0983,0.0989,1766623.5,2026-01-19 16:59:59.999,174634.30782000,1948,937475.40000000,92672.02058000,0
2026-01-19 17:00:00,0.0988,0.0988,0.0979,0.0986,735180.7,2026-01-19 17:59:59.999,72227.49749000,891,397348.20000000,39036.72442000,0
2026-01-19 18:00:00,0.0986,0.0987,0.098,0.0984,276156.5,2026-01-19 18:59:59.999,27143.78185000,393,135159.50000000,13287.44555000,0
2026-01-19 19:00:00,0.0983,0.0987,0.0977,0.0987,822751.7,2026-01-19 19:59:59.999,80715.56680000,841,468184.30000000,45953.95578000,0
2026-01-19 20:00:00,0.0987,0.0991,0.0985,0.0988,545119.3,2026-01-19 20:59:59.999,53861.61325000,740,295178.40000000,29177.08075000,0
2026-01-19 21:00:00,0.0988,0.0989,0.0982,0.0988,591156.6,2026-01-19 21:59:59.999,58260.60088000,553,292813.20000000,28867.65725000,0
2026-01-19 22:00:00,0.0988,0.0996,0.0987,0.0991,1344419.1,2026-01-19 22:59:59.999,133322.80416000,977,872651.30000000,86567.96768000,0
2026-01-19 23:00:00,0.099,0.1015,0.099,0.1001,2625969.8,2026-01-19 23:59:59.999,263718.57558000,2100,1489764.40000000,149591.24504000,0
2026-01-20 00:00:00,0.1001,0.1003,0.098,0.0982,1236105.5,2026-01-20 00:59:59.999,122409.52409000,934,484211.60000000,47958.83253000,0
2026-01-20 01:00:00,0.0982,0.0996,0.0979,0.099,1185382.9,2026-01-20 01:59:59.999,116944.76453000,978,756900.40000000,74699.22952000,0
2026-01-20 02:00:00,0.0991,0.0991,0.0976,0.0981,1170566.7,2026-01-20 02:59:59.999,114993.99132000,1184,500971.00000000,49172.16461000,0
2026-01-20 03:00:00,0.0981,0.0988,0.0974,0.0988,1854643.5,2026-01-20 03:59:59.999,181958.99754000,2186,999451.50000000,98135.28582000,0
2026-01-20 04:00:00,0.0988,0.0989,0.0958,0.0971,5735150.0,2026-01-20 04:59:59.999,558416.92338000,5557,2879566.80000000,280404.27446000,0
2026-01-20 05:00:00,0.0971,0.0974,0.0963,0.097,1862850.5,2026-01-20 05:59:59.999,180511.25952000,1519,1045592.50000000,101360.13327000,0
2026-01-20 06:00:00,0.0969,0.0976,0.0965,0.0971,1369699.0,2026-01-20 06:59:59.999,132851.85464000,1347,738970.30000000,71706.22476000,0
2026-01-20 07:00:00,0.0971,0.0979,0.0969,0.0971,2710043.5,2026-01-20 07:59:59.999,264122.49325000,2658,1352938.70000000,131894.94717000,0
2026-01-20 08:00:00,0.0971,0.0987,0.0968,0.0976,2178823.0,2026-01-20 08:59:59.999,213302.75723000,2090,1160636.20000000,113667.86067000,0
2026-01-20 09:00:00,0.0976,0.0981,0.097,0.0979,1398135.0,2026-01-20 09:59:59.999,136481.92242000,1950,750421.70000000,73271.51083000,0
2026-01-20 10:00:00,0.0979,0.0995,0.0973,0.0992,2123509.8,2026-01-20 10:59:59.999,209048.22601000,1773,1181034.10000000,116318.53250000,0
2026-01-20 11:00:00,0.0992,0.0999,0.0988,0.0996,1150400.7,2026-01-20 11:59:59.999,114197.97231000,1387,674072.70000000,66933.67076000,0
2026-01-20 12:00:00,0.0996,0.1,0.0989,0.0991,1228696.0,2026-01-20 12:59:59.999,122151.22846000,937,685550.50000000,68147.54667000,0
2026-01-20 13:00:00,0.099,0.0992,0.0981,0.0986,1802915.2,2026-01-20 13:59:59.999,177905.43071000,1931,980669.00000000,96792.05857000,0
2026-01-20 14:00:00,0.0986,0.0993,0.0985,0.0989,1404733.0,2026-01-20 14:59:59.999,139021.18786000,1573,835017.60000000,82660.02758000,0
2026-01-20 15:00:00,0.099,0.0996,0.0986,0.0991,1279668.7,2026-01-20 15:59:59.999,126852.99337000,1147,638219.30000000,63266.43706000,0
2026-01-20 16:00:00,0.0992,0.0996,0.0986,0.0991,1732673.8,2026-01-20 16:59:59.999,171624.56615000,1528,920463.20000000,91204.63359000,0
2026-01-20 17:00:00,0.099,0.0993,0.0988,0.0993,578343.9,2026-01-20 17:59:59.999,57295.23537000,744,302446.60000000,29971.37809000,0
2026-01-20 18:00:00,0.0993,0.0994,0.0986,0.0991,615248.5,2026-01-20 18:59:59.999,60891.54266000,779,317842.80000000,31468.88639000,0
2026-01-20 19:00:00,0.099,0.0993,0.0985,0.0989,1508340.9,2026-01-20 19:59:59.999,149055.17688000,1882,719330.00000000,71087.51788000,0
2026-01-20 20:00:00,0.0988,0.0991,0.0983,0.0988,1917525.4,2026-01-20 20:59:59.999,189329.77857000,1776,836952.60000000,82710.91564000,0
2026-01-20 21:00:00,0.0987,0.0992,0.0984,0.099,923328.8,2026-01-20 21:59:59.999,91240.24167000,992,530217.90000000,52416.66125000,0
2026-01-20 22:00:00,0.099,0.0992,0.098,0.0991,1465034.7,2026-01-20 22:59:59.999,144688.42639000,1193,762623.10000000,75357.22754000,0
2026-01-20 23:00:00,0.099,0.0996,0.0989,0.0994,667011.1,2026-01-20 23:59:59.999,66184.84758000,912,350064.60000000,34735.99996000,0
2026-01-21 00:00:00,0.0994,0.1005,0.0991,0.1,1362873.4,2026-01-21 00:59:59.999,136278.22921000,1467,703241.50000000,70322.35236000,0
2026-01-21 01:00:00,0.1,0.101,0.1,0.1007,1002411.3,2026-01-21 01:59:59.999,100798.60125000,1117,600456.10000000,60388.77266000,0
2026-01-21 02:00:00,0.1008,0.1026,0.1008,0.102,2034940.3,2026-01-21 02:59:59.999,207260.44752000,3520,951178.30000000,96849.47169000,0
2026-01-21 03:00:00,0.102,0.1045,0.1016,0.1036,3097107.2,2026-01-21 03:59:59.999,318549.20705000,3163,1060665.60000000,109282.59169000,0
2026-01-21 04:00:00,0.1035,0.1052,0.1034,0.1044,1566038.8,2026-01-21 04:59:59.999,163247.08861000,2958,725668.50000000,75634.97128000,0
2026-01-21 05:00:00,0.1044,0.1058,0.1044,0.1047,1904509.7,2026-01-21 05:59:59.999,200136.84940000,2865,775831.40000000,81547.24006000,0
2026-01-21 06:00:00,0.1048,0.1054,0.1034,0.105,1984032.1,2026-01-21 06:59:59.999,207053.15498000,3201,932466.20000000,97466.06440000,0
2026-01-21 07:00:00,0.105,0.1061,0.1046,0.1061,1296662.2,2026-01-21 07:59:59.999,136589.07531000,2403,625035.90000000,65884.26853000,0
2026-01-21 08:00:00,0.106,0.1063,0.1047,0.1051,1031790.4,2026-01-21 08:59:59.999,108461.43425000,1794,505113.80000000,53099.34536000,0
2026-01-21 09:00:00,0.1051,0.1054,0.1044,0.1051,813222.1,2026-01-21 09:59:59.999,85354.18159000,1364,412698.50000000,43326.40107000,0
2026-01-21 10:00:00,0.1051,0.1057,0.1046,0.1057,950709.5,2026-01-21 10:59:59.999,99910.06626000,1904,536087.70000000,56350.68758000,0
2026-01-21 11:00:00,0.1056,0.1068,0.1049,0.1052,1157803.1,2026-01-21 11:59:59.999,122790.98002000,1953,625094.50000000,66367.86738000,0
2026-01-21 12:00:00,0.1053,0.107,0.1045,0.1062,1521516.3,2026-01-21 12:59:59.999,160638.10791000,2723,874611.50000000,92398.31968000,0
2026-01-21 13:00:00,0.1062,0.1088,0.1061,0.1081,3903593.6,2026-01-21 13:59:59.999,421040.55436000,4429,1724512.90000000,185939.72945000,0
2026-01-21 14:00:00,0.108,0.1118,0.1075,0.1105,4901117.1,2026-01-21 14:59:59.999,539833.34947000,6296,2554374.30000000,281368.89874000,0
2026-01-21 15:00:00,0.1105,0.1146,0.1104,0.1111,6666437.9,2026-01-21 15:59:59.999,753333.62681000,7598,3639251.50000000,411356.70075000,0
2026-01-21 16:00:00,0.111,0.1118,0.1082,0.1087,2720354.1,2026-01-21 16:59:59.999,299114.60926000,3758,1278200.60000000,140681.28622000,0
2026-01-21 17:00:00,0.1088,0.1091,0.1072,0.108,1477834.6,2026-01-21 17:59:59.999,159630.84489000,2486,693242.90000000,74889.25695000,0
2026-01-21 18:00:00,0.108,0.108,0.1061,0.1061,1311654.9,2026-01-21 18:59:59.999,140118.03771000,1711,653398.40000000,69828.14918000,0
2026-01-21 19:00:00,0.1062,0.109,0.106,0.1087,1699317.1,2026-01-21 19:59:59.999,182592.71489000,2556,1145595.30000000,123065.84432000,0
2026-01-21 20:00:00,0.1087,0.109,0.1073,0.1078,720126.5,2026-01-21 20:59:59.999,77786.52182000,1196,316854.20000000,34215.15944000,0
2026-01-21 21:00:00,0.1078,0.1088,0.1071,0.108,772640.7,2026-01-21 21:59:59.999,83425.51697000,1210,458439.50000000,49515.31166000,0
2026-01-21 22:00:00,0.1079,0.1082,0.1074,0.1075,291859.1,2026-01-21 22:59:59.999,31479.67480000,602,152110.40000000,16407.53606000,0
2026-01-21 23:00:00,0.1075,0.1084,0.1074,0.1076,690828.6,2026-01-21 23:59:59.999,74536.99345000,1079,390823.90000000,42190.68706000,0
2026-01-22 00:00:00,0.1077,0.1078,0.1065,0.1067,1120334.9,2026-01-22 00:59:59.999,119804.00723000,1093,565966.20000000,60521.58041000,0
2026-01-22 01:00:00,0.1067,0.1086,0.1067,0.1083,831621.6,2026-01-22 01:59:59.999,89671.76904000,1208,568502.70000000,61287.77347000,0
2026-01-22 02:00:00,0.1083,0.1096,0.1078,0.1092,1608746.8,2026-01-22 02:59:59.999,174794.44401000,1790,887209.00000000,96387.20973000,0
2026-01-22 03:00:00,0.1092,0.1092,0.1065,0.1073,1612150.2,2026-01-22 03:59:59.999,173037.61532000,1408,964967.70000000,103553.92013000,0
2026-01-22 04:00:00,0.1073,0.1074,0.1068,0.1071,476940.9,2026-01-22 04:59:59.999,51056.51460000,887,278647.00000000,29825.86499000,0
2026-01-22 05:00:00,0.1071,0.1088,0.1067,0.1088,1127714.6,2026-01-22 05:59:59.999,121489.48225000,1747,596024.60000000,64257.64409000,0
2026-01-22 06:00:00,0.1087,0.1106,0.1087,0.1099,1580091.6,2026-01-22 06:59:59.999,173395.95118000,2402,902313.30000000,99049.59225000,0
2026-01-22 07:00:00,0.1098,0.1105,0.1096,0.1101,1214693.8,2026-01-22 07:59:59.999,133669.44160000,1978,672616.60000000,74027.65337000,0
2026-01-22 08:00:00,0.11,0.1127,0.1099,0.1118,5569594.3,2026-01-22 08:59:59.999,620955.72182000,5079,3162765.40000000,352874.99299000,0
2026-01-22 09:00:00,0.1118,0.115,0.1115,0.1145,4143997.4,2026-01-22 09:59:59.999,468778.60930000,5181,2340371.30000000,264988.31584000,0
2026-01-22 10:00:00,0.1146,0.1147,0.1116,0.1124,6632834.9,2026-01-22 10:59:59.999,748806.82741000,6366,3272030.00000000,369554.17495000,0
2026-01-22 11:00:00,0.1124,0.113,0.1066,0.1087,43816672.8,2026-01-22 11:59:59.999,4790416.37008000,38607,21880958.90000000,2393889.77161000,0
2026-01-22 12:00:00,0.1087,0.1118,0.108,0.111,37353998.3,2026-01-22 12:59:59.999,4098571.87091000,27657,18739733.80000000,2057251.65722000,0
2026-01-22 13:00:00,0.1109,0.1139,0.1108,0.1137,41554297.3,2026-01-22 13:59:59.999,4650174.96229000,26791,20672436.50000000,2314564.52324000,0
2026-01-22 14:00:00,0.1137,0.1139,0.1112,0.1116,24473820.6,2026-01-22 14:59:59.999,2750299.96282000,18048,12136632.70000000,1364436.78130000,0
2026-01-22 15:00:00,0.1117,0.1124,0.1103,0.1104,8829487.9,2026-01-22 15:59:59.999,986290.42518000,6336,4400677.00000000,491727.46687000,0
2026-01-22 16:00:00,0.1104,0.1108,0.1095,0.1101,1030414.6,2026-01-22 16:59:59.999,113365.61301000,1322,578261.90000000,63618.40292000,0
2026-01-22 17:00:00,0.1101,0.1108,0.1099,0.1103,627871.9,2026-01-22 17:59:59.999,69254.74585000,1193,349633.30000000,38569.41314000,0
2026-01-22 18:00:00,0.1104,0.1108,0.1097,0.11,876242.5,2026-01-22 18:59:59.999,96489.53168000,1330,473261.50000000,52117.47437000,0
2026-01-22 19:00:00,0.11,0.1104,0.1099,0.1101,413920.9,2026-01-22 19:59:59.999,45555.34737000,700,216611.20000000,23835.16792000,0
2026-01-22 20:00:00,0.1099,0.1103,0.1091,0.1101,687613.4,2026-01-22 20:59:59.999,75379.31957000,1343,419057.90000000,45934.39925000,0
2026-01-22 21:00:00,0.1101,0.1109,0.11,0.1101,384333.3,2026-01-22 21:59:59.999,42491.65862000,668,181507.40000000,20072.83460000,0
2026-01-22 22:00:00,0.11,0.1113,0.1098,0.1102,1763539.3,2026-01-22 22:59:59.999,194829.15293000,1945,959203.20000000,105986.52561000,0
2026-01-22 23:00:00,0.1102,0.1118,0.1096,0.1105,1807364.0,2026-01-22 23:59:59.999,200354.85869000,1799,848334.40000000,94082.07733000,0
2026-01-23 00:00:00,0.1106,0.1108,0.1098,0.1103,446980.8,2026-01-23 00:59:59.999,49345.27870000,762,213081.30000000,23528.07820000,0
2026-01-23 01:00:00,0.1102,0.1118,0.1102,0.1118,1036277.3,2026-01-23 01:59:59.999,115132.01629000,1360,539102.00000000,59864.98004000,0
2026-01-23 02:00:00,0.1118,0.114,0.1117,0.1139,754150.5,2026-01-23 02:59:59.999,85268.10520000,1472,405783.00000000,45846.82278000,0
2026-01-23 03:00:00,0.1139,0.1165,0.1139,0.115,2909401.3,2026-01-23 03:59:59.999,334961.75416000,4109,1450737.40000000,167013.55947000,0
2026-01-23 04:00:00,0.115,0.1177,0.1146,0.1173,2653093.0,2026-01-23 04:59:59.999,309295.94109000,3918,1358148.20000000,158306.44817000,0
2026-01-23 05:00:00,0.1174,0.1174,0.1132,0.115,2344236.8,2026-01-23 05:59:59.999,269561.17961000,3357,1109775.60000000,127590.97542000,0
2026-01-23 06:00:00,0.1149,0.1149,0.1118,0.1123,1796908.2,2026-01-23 06:59:59.999,203095.56822000,2438,737220.60000000,83366.08514000,0
2026-01-23 07:00:00,0.1123,0.1147,0.1119,0.1147,1167377.4,2026-01-23 07:59:59.999,132508.63711000,2174,731214.50000000,83004.50784000,0
2026-01-23 08:00:00,0.1147,0.1178,0.1142,0.1174,1976978.6,2026-01-23 08:59:59.999,228851.59216000,3689,1128655.30000000,130701.77892000,0
2026-01-23 09:00:00,0.1174,0.118,0.1154,0.1157,2136332.4,2026-01-23 09:59:59.999,249599.03274000,3500,914371.40000000,106877.75979000,0
2026-01-23 10:00:00,0.1158,0.116,0.1148,0.1151,779399.6,2026-01-23 10:59:59.999,89823.41928000,1660,390403.80000000,44988.24112000,0
2026-01-23 11:00:00,0.1151,0.1158,0.1143,0.1145,1149101.3,2026-01-23 11:59:59.999,131938.79518000,2128,623322.10000000,71573.07553000,0
2026-01-23 12:00:00,0.1145,0.1161,0.1142,0.1151,1418186.0,2026-01-23 12:59:59.999,162965.89668000,2016,786724.60000000,90434.65950000,0
2026-01-23 13:00:00,0.1151,0.1156,0.1134,0.1145,1194454.2,2026-01-23 13:59:59.999,136720.93561000,1863,612671.80000000,70166.42062000,0
2026-01-23 14:00:00,0.1145,0.1165,0.1137,0.1162,1314522.0,2026-01-23 14:59:59.999,151127.95067000,2044,653011.90000000,75074.43768000,0
2026-01-23 15:00:00,0.1162,0.1192,0.1158,0.1191,1252354.1,2026-01-23 15:59:59.999,147252.48276000,1795,665331.70000000,78316.18487000,0
2026-01-23 16:00:00,0.1191,0.1197,0.1171,0.1185,1730781.0,2026-01-23 16:59:59.999,205334.43552000,2277,797680.60000000,94658.95570000,0
2026-01-23 17:00:00,0.1185,0.1208,0.1183,0.1192,1825958.8,2026-01-23 17:59:59.999,218611.59617000,2286,1055987.50000000,126434.24217000,0
2026-01-23 18:00:00,0.1192,0.123,0.1189,0.1224,2071101.9,2026-01-23 18:59:59.999,251485.67516000,3098,1075544.20000000,130666.78491000,0
2026-01-23 19:00:00,0.1224,0.123,0.1195,0.12,1652553.2,2026-01-23 19:59:59.999,200692.71961000,2376,725760.30000000,88129.55545000,0
2026-01-23 20:00:00,0.12,0.1207,0.1181,0.1189,603067.5,2026-01-23 20:59:59.999,71929.37381000,1325,266681.80000000,31812.71154000,0
2026-01-23 21:00:00,0.1189,0.1196,0.1188,0.1189,281820.6,2026-01-23 21:59:59.999,33593.11541000,532,143884.50000000,17149.64346000,0
2026-01-23 22:00:00,0.1188,0.1189,0.118,0.1183,422990.0,2026-01-23 22:59:59.999,50095.81335000,606,126882.10000000,15029.86747000,0
2026-01-23 23:00:00,0.1182,0.1185,0.1161,0.1175,2585007.2,2026-01-23 23:59:59.999,303842.30958000,2335,1265535.20000000,148704.04530000,0
2026-01-24 00:00:00,0.1175,0.1189,0.1167,0.1177,1369905.4,2026-01-24 00:59:59.999,161470.19996000,1694,573418.70000000,67628.34182000,0
2026-01-24 01:00:00,0.1177,0.1182,0.1147,0.1147,1576642.2,2026-01-24 01:59:59.999,182999.66258000,1797,475695.80000000,55263.34904000,0
2026-01-24 02:00:00,0.1148,0.1154,0.1141,0.1146,1129665.3,2026-01-24 02:59:59.999,129646.02335000,1294,619775.20000000,71125.60428000,0
2026-01-24 03:00:00,0.1146,0.1164,0.1144,0.116,1078355.2,2026-01-24 03:59:59.999,124230.84716000,1707,580299.60000000,66877.76606000,0
2026-01-24 04:00:00,0.116,0.1161,0.114,0.1149,901014.1,2026-01-24 04:59:59.999,103292.54555000,1297,442725.90000000,50745.96428000,0
2026-01-24 05:00:00,0.115,0.1152,0.1145,0.1151,174275.7,2026-01-24 05:59:59.999,20029.06161000,372,114163.10000000,13119.70064000,0
2026-01-24 06:00:00,0.1151,0.1158,0.1142,0.1147,537741.7,2026-01-24 06:59:59.999,61865.24971000,793,276766.30000000,31858.99835000,0
2026-01-24 07:00:00,0.1146,0.1147,0.1134,0.1136,333441.0,2026-01-24 07:59:59.999,38010.44629000,538,151873.50000000,17317.10809000,0
2026-01-24 08:00:00,0.1137,0.1138,0.1119,0.112,696663.3,2026-01-24 08:59:59.999,78470.15931000,1090,298206.80000000,33585.97780000,0
2026-01-24 09:00:00,0.1119,0.1123,0.1112,0.1113,659059.9,2026-01-24 09:59:59.999,73567.34121000,1004,354786.30000000,39618.74801000,0
2026-01-24 10:00:00,0.1114,0.1153,0.1112,0.1139,1639653.1,2026-01-24 10:59:59.999,186026.55489000,2550,818417.20000000,92837.45657000,0
2026-01-24 11:00:00,0.114,0.1159,0.1132,0.1155,820068.7,2026-01-24 11:59:59.999,94040.20242000,1293,497858.40000000,57152.35899000,0
2026-01-24 12:00:00,0.1155,0.1163,0.1147,0.1147,308042.5,2026-01-24 12:59:59.999,35589.32882000,557,149657.80000000,17292.11814000,0
2026-01-24 13:00:00,0.1147,0.1159,0.1145,0.1148,318858.7,2026-01-24 13:59:59.999,36721.15001000,629,178288.30000000,20534.17836000,0
2026-01-24 14:00:00,0.1148,0.1156,0.1145,0.1147,162296.4,2026-01-24 14:59:59.999,18682.09278000,371,102716.80000000,11828.60654000,0
2026-01-24 15:00:00,0.1147,0.115,0.114,0.1143,382430.2,2026-01-24 15:59:59.999,43754.42586000,547,204818.70000000,23449.46635000,0
2026-01-24 16:00:00,0.1143,0.1175,0.1141,0.117,885557.6,2026-01-24 16:59:59.999,102558.17685000,1385,585348.40000000,67801.38305000,0
2026-01-24 17:00:00,0.1171,0.1177,0.1158,0.1161,648191.7,2026-01-24 17:59:59.999,75752.84641000,1032,374773.50000000,43807.84511000,0
2026-01-24 18:00:00,0.1161,0.1162,0.115,0.1155,581412.0,2026-01-24 18:59:59.999,67105.65077000,704,294103.20000000,33950.49759000,0
2026-01-24 19:00:00,0.1155,0.1167,0.1155,0.116,242745.1,2026-01-24 19:59:59.999,28196.04721000,368,114516.70000000,13309.73742000,0
2026-01-24 20:00:00,0.116,0.1165,0.1151,0.1153,318111.0,2026-01-24 20:59:59.999,36856.09937000,530,91892.90000000,10646.23759000,0
2026-01-24 21:00:00,0.1153,0.1158,0.115,0.1153,154159.2,2026-01-24 21:59:59.999,17786.98916000,277,65132.90000000,7515.29905000,0
2026-01-24 22:00:00,0.1152,0.1157,0.1147,0.1155,250796.8,2026-01-24 22:59:59.999,28867.40288000,355,128251.70000000,14766.64066000,0
2026-01-24 23:00:00,0.1155,0.1168,0.1155,0.1159,330821.9,2026-01-24 23:59:59.999,38466.37827000,578,183451.60000000,21332.76546000,0
2026-01-25 00:00:00,0.1159,0.1185,0.1158,0.1172,1475570.8,2026-01-25 00:59:59.999,173120.37964000,1809,977646.60000000,114681.26169000,0
2026-01-25 01:00:00,0.1172,0.1176,0.1159,0.1165,1031246.1,2026-01-25 01:59:59.999,120269.30733000,1367,622233.70000000,72581.63012000,0
2026-01-25 02:00:00,0.1165,0.1169,0.1148,0.1152,668177.4,2026-01-25 02:59:59.999,77142.79748000,1073,362343.90000000,41820.73407000,0
2026-01-25 03:00:00,0.1153,0.1158,0.115,0.1151,350778.2,2026-01-25 03:59:59.999,40480.54194000,635,208685.20000000,24082.01412000,0
2026-01-25 04:00:00,0.1151,0.1153,0.1143,0.1146,756455.0,2026-01-25 04:59:59.999,86790.22701000,1194,451752.30000000,51838.44330000,0
2026-01-25 05:00:00,0.1146,0.1155,0.1144,0.115,767844.2,2026-01-25 05:59:59.999,88246.38454000,1058,445548.10000000,51213.83077000,0
2026-01-25 06:00:00,0.115,0.116,0.1149,0.1152,439920.5,2026-01-25 06:59:59.999,50727.66866000,748,237697.30000000,27408.47119000,0
2026-01-25 07:00:00,0.1152,0.1155,0.1147,0.1152,492856.3,2026-01-25 07:59:59.999,56721.12404000,841,241670.80000000,27805.71210000,0
2026-01-25 08:00:00,0.1152,0.1187,0.115,0.1177,1112876.3,2026-01-25 08:59:59.999,129952.89751000,1515,599949.30000000,70158.85430000,0
2026-01-25 09:00:00,0.1177,0.1187,0.1166,0.1176,1251757.2,2026-01-25 09:59:59.999,147336.22125000,1785,630439.50000000,74246.21574000,0
2026-01-25 10:00:00,0.1176,0.1185,0.1168,0.1169,524319.8,2026-01-25 10:59:59.999,61829.51534000,901,295147.10000000,34814.85304000,0
2026-01-25 11:00:00,0.1169,0.1183,0.116,0.1178,417301.0,2026-01-25 11:59:59.999,48832.27821000,670,201326.20000000,23586.97573000,0
2026-01-25 12:00:00,0.1179,0.1198,0.1175,0.119,1235322.1,2026-01-25 12:59:59.999,146835.50223000,1663,770798.80000000,91668.77351000,0
2026-01-25 13:00:00,0.1191,0.1217,0.1191,0.1204,2112113.5,2026-01-25 13:59:59.999,254557.56341000,2322,1210649.20000000,145944.32493000,0
2026-01-25 14:00:00,0.1204,0.1204,0.1176,0.1177,835294.4,2026-01-25 14:59:59.999,99009.54977000,1420,327547.90000000,38795.48478000,0
2026-01-25 15:00:00,0.1178,0.1184,0.115,0.1153,1030611.0,2026-01-25 15:59:59.999,120287.39596000,1209,433160.90000000,50476.48384000,0
2026-01-25 16:00:00,0.1153,0.1183,0.115,0.1177,850063.9,2026-01-25 16:59:59.999,99064.09753000,1576,491882.30000000,57323.92340000,0
2026-01-25 17:00:00,0.1176,0.1177,0.1156,0.1157,746989.7,2026-01-25 17:59:59.999,86828.02822000,1105,351063.90000000,40827.25894000,0
2026-01-25 18:00:00,0.1157,0.116,0.1144,0.1155,934049.6,2026-01-25 18:59:59.999,107501.22359000,1284,411533.90000000,47361.58668000,0
2026-01-25 19:00:00,0.1154,0.1158,0.1141,0.1151,857914.8,2026-01-25 19:59:59.999,98671.14122000,1310,433876.80000000,49911.53519000,0
2026-01-25 20:00:00,0.1151,0.1162,0.1149,0.1159,519691.6,2026-01-25 20:59:59.999,59964.88305000,769,310302.00000000,35814.88556000,0
2026-01-25 21:00:00,0.1159,0.1159,0.1149,0.115,241921.3,2026-01-25 21:59:59.999,27905.66346000,409,141580.30000000,16336.04884000,0
2026-01-25 22:00:00,0.115,0.1186,0.1148,0.1184,1100046.1,2026-01-25 22:59:59.999,128311.05352000,1588,687055.20000000,80236.64166000,0
2026-01-25 23:00:00,0.1184,0.1207,0.1174,0.12,2002176.7,2026-01-25 23:59:59.999,238396.21522000,2192,1042582.60000000,124180.74223000,0
2026-01-26 00:00:00,0.12,0.1201,0.1175,0.1181,1408585.2,2026-01-26 00:59:59.999,167875.75499000,2095,674629.00000000,80465.14765000,0
2026-01-26 01:00:00,0.1182,0.1188,0.1177,0.118,547198.2,2026-01-26 01:59:59.999,64733.23797000,900,254372.50000000,30088.73928000,0
2026-01-26 02:00:00,0.118,0.1198,0.1177,0.1185,762280.9,2026-01-26 02:59:59.999,90552.96936000,971,390384.40000000,46374.14846000,0
2026-01-26 03:00:00,0.1186,0.1193,0.1168,0.1174,623578.4,2026-01-26 03:59:59.999,73534.18869000,874,211704.30000000,24971.66980000,0
2026-01-26 04:00:00,0.1174,0.1178,0.1163,0.1167,514425.7,2026-01-26 04:59:59.999,60162.50796000,639,169378.30000000,19823.33793000,0
2026-01-26 05:00:00,0.1168,0.1173,0.116,0.1167,566305.4,2026-01-26 05:59:59.999,66123.60441000,747,283729.20000000,33148.14137000,0
2026-01-26 06:00:00,0.1166,0.1167,0.115,0.1152,741620.0,2026-01-26 06:59:59.999,85883.68298000,908,296878.70000000,34343.38466000,0
2026-01-26 07:00:00,0.1152,0.1186,0.1146,0.1184,2620564.5,2026-01-26 07:59:59.999,306406.49457000,2045,1935085.60000000,226394.13425000,0
2026-01-26 08:00:00,0.1183,0.1191,0.1159,0.1164,1501743.9,2026-01-26 08:59:59.999,176726.05227000,1370,559130.80000000,65896.39662000,0
2026-01-26 09:00:00,0.1165,0.1172,0.1149,0.1152,1486821.3,2026-01-26 09:59:59.999,172387.54116000,1767,620955.30000000,71940.69417000,0
2026-01-26 10:00:00,0.1153,0.1157,0.1148,0.115,903468.7,2026-01-26 10:59:59.999,104022.13260000,916,569298.60000000,65558.43306000,0
2026-01-26 11:00:00,0.115,0.1155,0.1141,0.1152,921403.0,2026-01-26 11:59:59.999,105826.30212000,1454,540456.80000000,62074.45982000,0
2026-01-26 12:00:00,0.1151,0.1154,0.1144,0.1151,600577.4,2026-01-26 12:59:59.999,69009.11306000,867,314061.40000000,36098.43407000,0
2026-01-26 13:00:00,0.115,0.1156,0.1148,0.115,531255.3,2026-01-26 13:59:59.999,61144.59000000,992,262421.70000000,30207.53962000,0
2026-01-26 14:00:00,0.115,0.1161,0.114,0.1154,3859704.4,2026-01-26 14:59:59.999,443029.14829000,2962,2530782.20000000,290612.65165000,0
2026-01-26 15:00:00,0.1154,0.1158,0.1129,0.1132,2353599.3,2026-01-26 15:59:59.999,268480.45495000,2559,1311554.30000000,149651.69411000,0
2026-01-26 16:00:00,0.1131,0.1153,0.1126,0.1148,1354870.1,2026-01-26 16:59:59.999,154074.52034000,2200,714200.40000000,81259.53860000,0
2026-01-26 17:00:00,0.1148,0.1153,0.1143,0.1151,1045760.1,2026-01-26 17:59:59.999,120078.88845000,1718,474052.10000000,54462.67004000,0
2026-01-26 18:00:00,0.1151,0.1153,0.1142,0.1151,624523.3,2026-01-26 18:59:59.999,71737.45675000,936,300598.20000000,34535.63434000,0
2026-01-26 19:00:00,0.1152,0.1156,0.1144,0.115,729044.1,2026-01-26 19:59:59.999,83832.31347000,775,422052.70000000,48536.55892000,0
2026-01-26 20:00:00,0.115,0.1153,0.1148,0.1151,391033.4,2026-01-26 20:59:59.999,44977.55892000,458,235096.60000000,27039.18358000,0
2026-01-26 21:00:00,0.1151,0.1153,0.1148,0.1151,518379.5,2026-01-26 21:59:59.999,59641.59033000,577,327387.00000000,37671.80115000,0
2026-01-26 22:00:00,0.1151,0.1158,0.1148,0.1152,561846.8,2026-01-26 22:59:59.999,64774.60950000,484,350414.80000000,40400.41446000,0
2026-01-26 23:00:00,0.1154,0.1163,0.1151,0.1151,150975.1,2026-01-26 23:59:59.999,17470.71581000,409,79532.10000000,9200.93702000,0
2026-01-27 00:00:00,0.115,0.1152,0.1138,0.115,1000934.6,2026-01-27 00:59:59.999,114635.53082000,1576,615324.20000000,70481.38052000,0
2026-01-27 01:00:00,0.1151,0.1153,0.1147,0.1151,875252.0,2026-01-27 01:59:59.999,100592.77103000,1161,413615.20000000,47564.09195000,0
2026-01-27 02:00:00,0.1151,0.1155,0.1149,0.1155,343872.6,2026-01-27 02:59:59.999,39578.58501000,468,109928.60000000,12651.85932000,0
2026-01-27 03:00:00,0.1155,0.1155,0.1148,0.1152,638134.8,2026-01-27 03:59:59.999,73476.39484000,703,188848.20000000,21727.23141000,0
2026-01-27 04:00:00,0.1151,0.1199,0.1148,0.1195,2624219.3,2026-01-27 04:59:59.999,309037.50203000,3165,1596323.10000000,187908.35881000,0
2026-01-27 05:00:00,0.1195,0.1207,0.1179,0.1187,3176401.8,2026-01-27 05:59:59.999,379798.52294000,3969,1727038.20000000,206512.50749000,0
2026-01-27 06:00:00,0.1188,0.1192,0.1151,0.1162,2232548.6,2026-01-27 06:59:59.999,260659.19648000,3387,1067142.30000000,124557.18632000,0
2026-01-27 07:00:00,0.1163,0.1195,0.1163,0.1192,903424.8,2026-01-27 07:59:59.999,106797.17173000,1497,571124.90000000,67504.16185000,0
2026-01-27 08:00:00,0.1193,0.1213,0.1191,0.1206,1950196.9,2026-01-27 08:59:59.999,234567.66565000,2776,1070806.50000000,128845.65581000,0
2026-01-27 09:00:00,0.1206,0.1224,0.1206,0.1216,2054355.0,2026-01-27 09:59:59.999,249747.54091000,2393,997088.20000000,121207.21185000,0
2026-01-27 10:00:00,0.1217,0.1262,0.1214,0.1232,5106301.8,2026-01-27 10:59:59.999,631401.42153000,6857,2656658.60000000,328636.07519000,0
2026-01-27 11:00:00,0.1233,0.1274,0.1224,0.1265,6398750.5,2026-01-27 11:59:59.999,804067.42277000,7928,3389793.20000000,426539.10484000,0
2026-01-27 12:00:00,0.1265,0.1273,0.122,0.124,5419919.7,2026-01-27 12:59:59.999,678020.81924000,7682,2780513.20000000,347806.88786000,0
2026-01-27 13:00:00,0.124,0.1259,0.1199,0.1207,5192811.6,2026-01-27 13:59:59.999,641115.97028000,7141,2287427.90000000,283270.11441000,0
2026-01-27 14:00:00,0.1207,0.1232,0.1198,0.1225,4160071.8,2026-01-27 14:59:59.999,504889.74162000,6044,2194571.70000000,266218.44852000,0
2026-01-27 15:00:00,0.1226,0.1269,0.1224,0.1268,2490432.4,2026-01-27 15:59:59.999,310617.80717000,2991,1215202.30000000,151575.72303000,0
2026-01-27 16:00:00,0.127,0.1277,0.1245,0.1249,1719333.6,2026-01-27 16:59:59.999,216512.02884000,2333,847319.70000000,106651.56704000,0
2026-01-27 17:00:00,0.1247,0.1262,0.1234,0.1252,1454820.8,2026-01-27 17:59:59.999,181567.98976000,2476,735081.60000000,91777.64173000,0
2026-01-27 18:00:00,0.1254,0.1267,0.1241,0.1261,1411184.4,2026-01-27 18:59:59.999,176828.54094000,2101,711103.50000000,89149.69699000,0
2026-01-27 19:00:00,0.126,0.126,0.1236,0.1247,1368719.7,2026-01-27 19:59:59.999,170266.15556000,1891,664073.60000000,82631.00325000,0
2026-01-27 20:00:00,0.1248,0.1266,0.1243,0.1259,766758.8,2026-01-27 20:59:59.999,96186.07417000,1081,421606.20000000,52893.01114000,0
2026-01-27 21:00:00,0.1258,0.1263,0.1238,0.1251,973823.2,2026-01-27 21:59:59.999,121515.24066000,1462,500703.10000000,62491.43162000,0
2026-01-27 22:00:00,0.1251,0.1257,0.1247,0.1254,487902.1,2026-01-27 22:59:59.999,61022.55096000,707,206776.40000000,25861.62235000,0
2026-01-27 23:00:00,0.1254,0.1282,0.1253,0.1276,1292550.0,2026-01-27 23:59:59.999,164529.13018000,1626,776410.30000000,98822.66452000,0
2026-01-28 00:00:00,0.1276,0.1276,0.1236,0.125,1640133.6,2026-01-28 00:59:59.999,205525.69138000,1901,694100.80000000,87096.60025000,0
2026-01-28 01:00:00,0.125,0.1255,0.1231,0.1255,1596599.0,2026-01-28 01:59:59.999,198310.24927000,1959,734157.80000000,91163.33732000,0
2026-01-28 02:00:00,0.1256,0.1287,0.1249,0.1256,3242158.4,2026-01-28 02:59:59.999,412400.32474000,3480,1527841.60000000,194463.10155000,0
2026-01-28 03:00:00,0.1256,0.1307,0.1248,0.13,2917433.9,2026-01-28 03:59:59.999,376745.05464000,4126,1536835.30000000,198422.62403000,0
2026-01-28 04:00:00,0.1299,0.1359,0.1299,0.1355,5331816.9,2026-01-28 04:59:59.999,708187.60943000,6705,3304788.50000000,439459.05818000,0
2026-01-28 05:00:00,0.1355,0.1431,0.1347,0.1428,8362812.1,2026-01-28 05:59:59.999,1166343.69948000,11413,4680377.70000000,654352.13476000,0
2026-01-28 06:00:00,0.1428,0.1561,0.1297,0.131,43706301.8,2026-01-28 06:59:59.999,6307271.03605000,82404,24966496.00000000,3617830.60638000,0
2026-01-28 07:00:00,0.1309,0.1366,0.129,0.1341,13731611.0,2026-01-28 07:59:59.999,1824288.01410000,25518,6616715.80000000,879176.23670000,0
2026-01-28 08:00:00,0.1342,0.1457,0.1341,0.143,15615862.9,2026-01-28 08:59:59.999,2185911.37480000,22262,8432032.60000000,1181227.58552000,0
2026-01-28 09:00:00,0.1431,0.1435,0.1337,0.1366,9193781.0,2026-01-28 09:59:59.999,1267800.34980000,13393,4267443.60000000,588694.08224000,0
2026-01-28 10:00:00,0.1366,0.1417,0.1365,0.1394,4833665.2,2026-01-28 10:59:59.999,673188.30184000,8038,2380918.30000000,331563.38274000,0
2026-01-28 11:00:00,0.1394,0.1425,0.138,0.1404,4117695.1,2026-01-28 11:59:59.999,577869.91060000,6842,1959848.40000000,275027.10874000,0
2026-01-28 12:00:00,0.1404,0.1492,0.1402,0.1461,9866023.1,2026-01-28 12:59:59.999,1430304.97529000,19298,5232517.60000000,758837.84647000,0
2026-01-28 13:00:00,0.1461,0.1495,0.1422,0.1458,8134767.2,2026-01-28 13:59:59.999,1191409.45168000,12599,4367678.00000000,639695.06375000,0
2026-01-28 14:00:00,0.1458,0.1497,0.1418,0.1423,5830566.7,2026-01-28 14:59:59.999,849997.96551000,10452,2714189.50000000,396299.37310000,0
2026-01-28 15:00:00,0.1422,0.1432,0.1362,0.137,5794250.6,2026-01-28 15:59:59.999,805461.33292000,10680,2714966.60000000,377259.69155000,0
2026-01-28 16:00:00,0.1369,0.1395,0.1364,0.1384,1894835.7,2026-01-28 16:59:59.999,261758.67754000,4159,944056.50000000,130470.95714000,0
2026-01-28 17:00:00,0.1385,0.1394,0.1366,0.1389,966839.4,2026-01-28 17:59:59.999,133029.83309000,2260,450195.60000000,61980.08489000,0
2026-01-28 18:00:00,0.1388,0.1415,0.1378,0.1409,1480009.9,2026-01-28 18:59:59.999,206102.12085000,2465,710536.50000000,98920.19659000,0
2026-01-28 19:00:00,0.1408,0.1466,0.1406,0.144,4644550.2,2026-01-28 19:59:59.999,670616.67938000,9178,2401728.80000000,346996.72417000,0
2026-01-28 20:00:00,0.1441,0.1454,0.1429,0.1436,1600838.1,2026-01-28 20:59:59.999,230381.26840000,3594,796763.10000000,114745.40315000,0
2026-01-28 21:00:00,0.1437,0.1469,0.1422,0.1452,2138684.1,2026-01-28 21:59:59.999,308677.92154000,4579,1045187.90000000,150896.96854000,0
2026-01-28 22:00:00,0.1453,0.1456,0.1419,0.1419,1281033.5,2026-01-28 22:59:59.999,184286.60117000,2718,628740.60000000,90425.65183000,0
2026-01-28 23:00:00,0.1419,0.1426,0.1408,0.1415,2282003.2,2026-01-28 23:59:59.999,323106.46367000,3092,1020190.30000000,144533.73022000,0
2026-01-29 00:00:00,0.1415,0.1506,0.1382,0.1476,13466626.4,2026-01-29 00:59:59.999,1954410.37238000,18988,7576275.80000000,1100568.39117000,0
2026-01-29 01:00:00,0.1476,0.1477,0.1424,0.1437,4096673.3,2026-01-29 01:59:59.999,592771.53995000,6165,1603505.60000000,231725.79843000,0
2026-01-29 02:00:00,0.1437,0.1611,0.1435,0.155,20680577.2,2026-01-29 02:59:59.999,3199837.23427000,37508,11651921.00000000,1802389.65235000,0
2026-01-29 03:00:00,0.1549,0.163,0.1472,0.1522,24616878.6,2026-01-29 03:59:59.999,3829329.77853000,44735,12259546.30000000,1908032.42158000,0
2026-01-29 04:00:00,0.1522,0.1558,0.1506,0.1519,4877096.0,2026-01-29 04:59:59.999,744503.56652000,10556,2439772.90000000,372539.48750000,0
2026-01-29 05:00:00,0.152,0.1577,0.1508,0.1572,5798817.8,2026-01-29 05:59:59.999,895423.43832000,10865,2904459.10000000,448940.03791000,0
2026-01-29 06:00:00,0.1572,0.1603,0.1397,0.1462,17078644.1,2026-01-29 06:59:59.999,2550102.06691000,26464,7925036.00000000,1186777.34837000,0
2026-01-29 07:00:00,0.1461,0.1468,0.1406,0.1456,7172448.1,2026-01-29 07:59:59.999,1034652.77724000,11738,3505376.00000000,505866.61880000,0
2026-01-29 08:00:00,0.1457,0.152,0.1456,0.1471,6540574.7,2026-01-29 08:59:59.999,973526.03898000,9504,3559453.50000000,529796.04256000,0
2026-01-29 09:00:00,0.147,0.1472,0.1439,0.1452,3472350.8,2026-01-29 09:59:59.999,505010.21278000,6467,1747227.90000000,254158.07163000,0
2026-01-29 10:00:00,0.1453,0.1488,0.1441,0.1481,3991661.5,2026-01-29 10:59:59.999,583142.10497000,5947,2160730.60000000,315838.46602000,0
2026-01-29 11:00:00,0.1482,0.1495,0.1442,0.1448,3925350.8,2026-01-29 11:59:59.999,577611.69398000,5600,1662763.40000000,244960.25710000,0
2026-01-29 12:00:00,0.1448,0.1489,0.1448,0.1473,2837383.1,2026-01-29 12:59:59.999,417262.64286000,3891,1566493.20000000,230365.45224000,0
2026-01-29 13:00:00,0.1473,0.1475,0.1447,0.1454,1613820.4,2026-01-29 13:59:59.999,235218.58495000,2647,650777.30000000,94844.74620000,0
2026-01-29 14:00:00,0.1455,0.1485,0.1451,0.1465,3105646.3,2026-01-29 14:59:59.999,457481.75104000,5325,1653029.60000000,243615.42875000,0
2026-01-29 15:00:00,0.1466,0.1483,0.1442,0.1455,7205561.0,2026-01-29 15:59:59.999,1052280.02631000,11150,3828170.10000000,559435.57276000,0
2026-01-29 16:00:00,0.1455,0.1467,0.1433,0.1454,3951003.7,2026-01-29 16:59:59.999,571668.83888000,6037,1715506.10000000,248608.24570000,0
2026-01-29 17:00:00,0.1454,0.1466,0.1443,0.1449,1608141.2,2026-01-29 17:59:59.999,233740.77126000,3226,852071.40000000,123866.63082000,0
2026-01-29 18:00:00,0.1449,0.1489,0.1449,0.1479,2132629.8,2026-01-29 18:59:59.999,313468.05975000,4354,1205898.50000000,177326.05701000,0
2026-01-29 19:00:00,0.1479,0.1534,0.1478,0.1532,3951744.3,2026-01-29 19:59:59.999,594363.16469000,7967,2225402.70000000,334811.33044000,0
2026-01-29 20:00:00,0.1532,0.1536,0.1493,0.1501,2021435.6,2026-01-29 20:59:59.999,306665.08504000,4381,998845.20000000,151626.19613000,0
2026-01-29 21:00:00,0.1501,0.1505,0.1469,0.1477,1411198.3,2026-01-29 21:59:59.999,209885.49414000,3119,590726.10000000,87945.31142000,0
2026-01-29 22:00:00,0.1478,0.1481,0.1433,0.1451,2158414.7,2026-01-29 22:59:59.999,313083.79725000,3985,1005925.70000000,146001.59675000,0
2026-01-29 23:00:00,0.1452,0.1457,0.1438,0.1451,2066153.3,2026-01-29 23:59:59.999,299058.90864000,3942,1016626.30000000,147161.34937000,0
2026-01-30 00:00:00,0.1451,0.1457,0.1305,0.1339,12142147.4,2026-01-30 00:59:59.999,1661070.80341000,20709,6142664.90000000,839196.44755000,0
2026-01-30 01:00:00,0.1339,0.1403,0.1322,0.1399,8347320.3,2026-01-30 01:59:59.999,1145099.05062000,14911,4400828.10000000,603403.30601000,0
2026-01-30 02:00:00,0.14,0.1427,0.1384,0.1392,3487139.1,2026-01-30 02:59:59.999,489715.09183000,6769,1671707.30000000,234810.89527000,0
2026-01-30 03:00:00,0.1392,0.1393,0.1363,0.1375,2042863.8,2026-01-30 03:59:59.999,280370.51484000,3864,981249.40000000,134733.36577000,0
2026-01-30 04:00:00,0.1375,0.1392,0.1359,0.1361,1623944.9,2026-01-30 04:59:59.999,223646.53910000,3200,788987.30000000,108814.26328000,0
2026-01-30 05:00:00,0.1361,0.1364,0.1338,0.1348,1497127.2,2026-01-30 05:59:59.999,202074.75910000,3295,739624.40000000,99804.44599000,0
2026-01-30 06:00:00,0.1348,0.1356,0.1327,0.1338,2339592.3,2026-01-30 06:59:59.999,313356.03865000,4448,1223279.80000000,163873.67738000,0
2026-01-30 07:00:00,0.1338,0.135,0.1319,0.1348,1580447.7,2026-01-30 07:59:59.999,210399.62041000,3143,893553.90000000,119050.94805000,0
2026-01-30 08:00:00,0.1348,0.1356,0.1317,0.1329,3147358.2,2026-01-30 08:59:59.999,421004.47916000,5669,1530023.10000000,204864.10396000,0
2026-01-30 09:00:00,0.1329,0.136,0.1329,0.1358,1555243.7,2026-01-30 09:59:59.999,209947.94951000,2737,841745.70000000,113502.70987000,0
2026-01-30 10:00:00,0.1357,0.1375,0.1342,0.1352,1859787.7,2026-01-30 10:59:59.999,252538.25160000,3071,947815.20000000,128786.83976000,0
2026-01-30 11:00:00,0.1352,0.1358,0.1341,0.1347,1287023.6,2026-01-30 11:59:59.999,173590.54586000,2418,782602.70000000,105582.81591000,0
2026-01-30 12:00:00,0.1346,0.1349,0.1326,0.1346,1387659.1,2026-01-30 12:59:59.999,185581.58554000,2730,806095.90000000,107831.62003000,0
2026-01-30 13:00:00,0.1347,0.1367,0.1345,0.1352,1481136.5,2026-01-30 13:59:59.999,200312.22482000,2877,770856.20000000,104249.77285000,0
2026-01-30 14:00:00,0.1352,0.1369,0.1347,0.1365,963820.5,2026-01-30 14:59:59.999,130671.66946000,2107,507046.60000000,68763.89385000,0
2026-01-30 15:00:00,0.1366,0.1369,0.1341,0.1341,1640608.2,2026-01-30 15:59:59.999,221485.23759000,3061,744164.90000000,100471.26186000,0
2026-01-30 16:00:00,0.1341,0.1344,0.1326,0.134,1381506.0,2026-01-30 16:59:59.999,184501.23487000,2986,835552.60000000,111604.55851000,0
2026-01-30 17:00:00,0.1341,0.1389,0.1339,0.1365,2099013.8,2026-01-30 17:59:59.999,286976.74290000,4143,1134964.70000000,155155.55215000,0
2026-01-30 18:00:00,0.1364,0.1367,0.1323,0.135,3766107.2,2026-01-30 18:59:59.999,504459.32629000,5586,2287593.00000000,306366.76405000,0
2026-01-30 19:00:00,0.135,0.1372,0.1346,0.1354,1196873.4,2026-01-30 19:59:59.999,162731.21658000,2238,632307.20000000,85947.49756000,0
2026-01-30 20:00:00,0.1354,0.1355,0.1333,0.1349,1400231.1,2026-01-30 20:59:59.999,188363.58743000,2569,752079.10000000,101216.20312000,0
2026-01-30 21:00:00,0.1349,0.1364,0.1349,0.1359,1147231.8,2026-01-30 21:59:59.999,155679.83720000,1906,558737.70000000,75793.76434000,0
2026-01-30 22:00:00,0.1359,0.1412,0.1359,0.1402,1970698.6,2026-01-30 22:59:59.999,273327.07736000,4428,1157278.30000000,160247.44136000,0
2026-01-30 23:00:00,0.1401,0.1409,0.1386,0.1401,975404.9,2026-01-30 23:59:59.999,136107.57058000,2083,453300.80000000,63255.06068000,0
2026-01-31 00:00:00,0.1402,0.1434,0.1392,0.1423,3112506.1,2026-01-31 00:59:59.999,440006.11020000,4626,1911223.70000000,270344.62414000,0
2026-01-31 01:00:00,0.1424,0.1488,0.1424,0.1481,6243479.3,2026-01-31 01:59:59.999,913920.30278000,11953,3488275.30000000,510475.71532000,0
2026-01-31 02:00:00,0.1481,0.1496,0.1459,0.149,3355602.9,2026-01-31 02:59:59.999,495836.38718000,6471,1877911.40000000,277716.25708000,0
2026-01-31 03:00:00,0.1491,0.1503,0.1474,0.1494,4325366.7,2026-01-31 03:59:59.999,644060.14236000,6252,2446315.20000000,364453.85676000,0
2026-01-31 04:00:00,0.1494,0.15,0.1473,0.1483,1592714.5,2026-01-31 04:59:59.999,236352.20450000,2435,796523.50000000,118277.63519000,0
2026-01-31 05:00:00,0.1483,0.1513,0.1478,0.1498,3025772.6,2026-01-31 05:59:59.999,452934.86293000,4309,1446467.00000000,216658.15254000,0
2026-01-31 06:00:00,0.1498,0.1511,0.1457,0.1465,3094439.8,2026-01-31 06:59:59.999,459715.21987000,4815,1531492.60000000,227664.16752000,0
2026-01-31 07:00:00,0.1465,0.1476,0.1449,0.147,3118004.9,2026-01-31 07:59:59.999,456092.43405000,5080,1605355.60000000,234859.25967000,0
2026-01-31 08:00:00,0.147,0.1483,0.1454,0.1457,2331816.9,2026-01-31 08:59:59.999,342782.75682000,3053,1061238.00000000,156176.97497000,0
2026-01-31 09:00:00,0.1456,0.1465,0.1444,0.146,1231776.7,2026-01-31 09:59:59.999,179093.52926000,1804,550450.70000000,80083.34646000,0
2026-01-31 10:00:00,0.146,0.1479,0.1454,0.1459,1799752.8,2026-01-31 10:59:59.999,263850.85882000,2527,966621.70000000,141768.40779000,0
2026-01-31 11:00:00,0.146,0.1465,0.1444,0.1454,1137089.0,2026-01-31 11:59:59.999,165554.58704000,1614,560198.30000000,81609.29915000,0
2026-01-31 12:00:00,0.1455,0.1456,0.1409,0.1425,3144588.3,2026-01-31 12:59:59.999,450057.91473000,4292,1288256.10000000,184422.02067000,0
2026-01-31 13:00:00,0.1424,0.1431,0.1404,0.141,2211042.1,2026-01-31 13:59:59.999,313045.81301000,3234,834013.30000000,118117.39904000,0
2026-01-31 14:00:00,0.1411,0.1426,0.1402,0.1425,4680501.3,2026-01-31 14:59:59.999,662355.23568000,5758,2522792.70000000,357299.15883000,0
2026-01-31 15:00:00,0.1424,0.1427,0.1385,0.1394,2403164.8,2026-01-31 15:59:59.999,337072.29219000,3577,980656.40000000,137325.71996000,0
2026-01-31 16:00:00,0.1394,0.1428,0.1394,0.1422,3277328.5,2026-01-31 16:59:59.999,463618.11648000,5019,1478296.90000000,209085.70428000,0
2026-01-31 17:00:00,0.1422,0.1448,0.1395,0.1413,5855552.2,2026-01-31 17:59:59.999,833773.47750000,8779,2599237.90000000,370267.43002000,0
2026-01-31 18:00:00,0.1413,0.1418,0.1367,0.1409,4950529.3,2026-01-31 18:59:59.999,690031.33834000,7884,2240061.10000000,312201.44329000,0
2026-01-31 19:00:00,0.1409,0.1427,0.1401,0.1408,1589385.7,2026-01-31 19:59:59.999,224291.65295000,3066,598277.50000000,84508.62434000,0
2026-01-31 20:00:00,0.1408,0.1418,0.1385,0.1388,1515609.8,2026-01-31 20:59:59.999,212213.38002000,3295,675334.20000000,94643.45514000,0
2026-01-31 21:00:00,0.1388,0.1415,0.1372,0.1402,3744615.0,2026-01-31 21:59:59.999,523473.10378000,5443,1632969.10000000,228198.63344000,0
2026-01-31 22:00:00,0.1402,0.1419,0.1398,0.1414,1046891.0,2026-01-31 22:59:59.999,147725.53810000,1572,630841.60000000,89109.12270000,0
2026-01-31 23:00:00,0.1414,0.1443,0.1399,0.1417,2928848.1,2026-01-31 23:59:59.999,415792.96626000,4390,1672706.30000000,237475.95195000,0
2026-02-01 00:00:00,0.1417,0.1453,0.141,0.1433,3640897.7,2026-02-01 00:59:59.999,524256.12655000,5825,1957520.50000000,281978.87409000,0
2026-02-01 01:00:00,0.1433,0.1474,0.1414,0.1465,2731848.6,2026-02-01 01:59:59.999,396540.12708000,4830,1490908.10000000,216650.48747000,0
2026-02-01 02:00:00,0.1465,0.1475,0.1425,0.1441,2304206.0,2026-02-01 02:59:59.999,333205.37026000,4160,985943.70000000,142574.70302000,0
2026-02-01 03:00:00,0.1442,0.1443,0.1405,0.1411,2452151.2,2026-02-01 03:59:59.999,348269.31915000,3837,1141179.00000000,161990.39414000,0
2026-02-01 04:00:00,0.1411,0.144,0.1406,0.1414,2298599.7,2026-02-01 04:59:59.999,326337.26990000,3093,1104525.50000000,156829.07925000,0
2026-02-01 05:00:00,0.1413,0.1435,0.1405,0.1423,1328457.0,2026-02-01 05:59:59.999,188679.26534000,2572,665273.00000000,94633.61415000,0
2026-02-01 06:00:00,0.1424,0.143,0.1412,0.142,1268136.4,2026-02-01 06:59:59.999,180237.44843000,2121,631373.80000000,89771.16546000,0
2026-02-01 07:00:00,0.142,0.1472,0.1418,0.1434,2286441.1,2026-02-01 07:59:59.999,329904.39443000,3475,1290988.30000000,186198.43511000,0
2026-02-01 08:00:00,0.1434,0.1448,0.1421,0.144,1020618.7,2026-02-01 08:59:59.999,146204.60798000,1766,642517.10000000,92058.54521000,0
2026-02-01 09:00:00,0.144,0.1443,0.1414,0.1416,730540.4,2026-02-01 09:59:59.999,104273.27829000,1404,347392.00000000,49603.62207000,0
2026-02-01 10:00:00,0.1415,0.1432,0.141,0.1425,976099.5,2026-02-01 10:59:59.999,138643.96050000,2167,485530.70000000,69029.96303000,0
2026-02-01 11:00:00,0.1425,0.1451,0.1425,0.1444,1248486.4,2026-02-01 11:59:59.999,179634.53218000,2169,657266.10000000,94596.56914000,0
2026-02-01 12:00:00,0.1446,0.1493,0.1446,0.1483,3567879.2,2026-02-01 12:59:59.999,525222.30280000,6289,2022270.90000000,297796.60431000,0
2026-02-01 13:00:00,0.1483,0.1494,0.1445,0.1456,3505659.7,2026-02-01 13:59:59.999,515800.69734000,6057,1643673.00000000,241969.41473000,0
2026-02-01 14:00:00,0.1456,0.1473,0.1439,0.1441,2030078.9,2026-02-01 14:59:59.999,294798.26227000,4420,877698.00000000,127476.05594000,0
2026-02-01 15:00:00,0.1441,0.1441,0.1397,0.1411,3230806.5,2026-02-01 15:59:59.999,456979.23139000,3987,1489830.80000000,210524.88571000,0
2026-02-01 16:00:00,0.141,0.1427,0.1405,0.1411,1442493.4,2026-02-01 16:59:59.999,203835.39071000,2732,727181.40000000,102814.88912000,0
2026-02-01 17:00:00,0.1411,0.1414,0.1395,0.1404,889862.2,2026-02-01 17:59:59.999,124922.10824000,1642,435066.60000000,61107.05806000,0
2026-02-01 18:00:00,0.1405,0.1454,0.1405,0.1446,2028635.8,2026-02-01 18:59:59.999,290690.36301000,3724,1211990.70000000,173677.20664000,0
2026-02-01 19:00:00,0.1446,0.145,0.1431,0.1436,732073.7,2026-02-01 19:59:59.999,105496.70237000,1820,300350.60000000,43319.02748000,0
2026-02-01 20:00:00,0.1436,0.1448,0.1428,0.1439,613862.3,2026-02-01 20:59:59.999,88292.88317000,1422,306221.80000000,44065.34181000,0
2026-02-01 21:00:00,0.1439,0.1441,0.1402,0.1407,1207110.6,2026-02-01 21:59:59.999,171549.16136000,2621,563132.20000000,79952.14772000,0
2026-02-01 22:00:00,0.1407,0.1414,0.14,0.1407,720242.1,2026-02-01 22:59:59.999,101355.14326000,1424,290080.80000000,40845.37950000,0
2026-02-01 23:00:00,0.1407,0.1409,0.1375,0.1387,1758244.1,2026-02-01 23:59:59.999,244484.14794000,3486,853367.80000000,118723.09915000,0
2026-02-02 00:00:00,0.1387,0.1432,0.1359,0.1423,3364141.2,2026-02-02 00:59:59.999,469676.21659000,4857,1677186.00000000,234877.92102000,0
2026-02-02 01:00:00,0.1422,0.1428,0.1402,0.1411,1489428.2,2026-02-02 01:59:59.999,211135.48193000,2534,783212.60000000,111069.40663000,0
2026-02-02 02:00:00,0.141,0.1414,0.1363,0.1369,1374773.7,2026-02-02 02:59:59.999,190533.72059000,2961,663299.00000000,92047.16012000,0
2026-02-02 03:00:00,0.1368,0.1424,0.1333,0.1421,3540354.7,2026-02-02 03:59:59.999,482100.87156000,6065,1973217.20000000,269182.07516000,0
2026-02-02 04:00:00,0.142,0.1485,0.1408,0.1479,4269008.4,2026-02-02 04:59:59.999,620801.53537000,6526,2462892.50000000,358065.03122000,0
2026-02-02 05:00:00,0.148,0.148,0.1431,0.1462,3000146.5,2026-02-02 05:59:59.999,435863.44026000,5104,1474215.30000000,214176.08160000,0
2026-02-02 06:00:00,0.1462,0.1464,0.1432,0.1435,3063116.7,2026-02-02 06:59:59.999,443031.85264000,4588,1537246.90000000,222441.25282000,0
2026-02-02 07:00:00,0.1435,0.1445,0.1411,0.1417,1635516.8,2026-02-02 07:59:59.999,233387.40163000,2501,783397.50000000,111892.56222000,0
2026-02-02 08:00:00,0.1416,0.1431,0.1412,0.142,965928.5,2026-02-02 08:59:59.999,137404.50563000,2006,571135.00000000,81267.27867000,0
2026-02-02 09:00:00,0.1421,0.146,0.1409,0.1443,2276713.0,2026-02-02 09:59:59.999,325689.84834000,3761,1445205.10000000,206657.62375000,0
2026-02-02 10:00:00,0.1444,0.1471,0.1435,0.1445,1390905.7,2026-02-02 10:59:59.999,202030.87705000,2503,694896.90000000,100977.79113000,0
2026-02-02 11:00:00,0.1445,0.1494,0.1442,0.1489,1749291.4,2026-02-02 11:59:59.999,258065.45384000,3760,1016813.40000000,150010.77723000,0
2026-02-02 12:00:00,0.149,0.1509,0.1469,0.1478,2496772.3,2026-02-02 12:59:59.999,371937.10129000,5089,1147719.10000000,170966.81045000,0
2026-02-02 13:00:00,0.1478,0.1497,0.1466,0.1492,1622158.3,2026-02-02 13:59:59.999,240064.51705000,2912,897697.20000000,132853.27807000,0
2026-02-02 14:00:00,0.1492,0.1495,0.1442,0.1451,2442314.0,2026-02-02 14:59:59.999,358081.82194000,3798,1025360.60000000,150454.06863000,0
2026-02-02 15:00:00,0.1451,0.1489,0.1446,0.1474,1724004.2,2026-02-02 15:59:59.999,253988.41821000,2493,887264.20000000,130617.55061000,0
2026-02-02 16:00:00,0.1475,0.1487,0.147,0.1477,925016.7,2026-02-02 16:59:59.999,136914.67085000,1449,516783.70000000,76502.65564000,0
2026-02-02 17:00:00,0.1478,0.1485,0.1453,0.1459,904817.0,2026-02-02 17:59:59.999,132833.37113000,1644,464431.00000000,68257.12229000,0
2026-02-02 18:00:00,0.146,0.1475,0.1448,0.1467,704593.3,2026-02-02 18:59:59.999,102778.43643000,1448,368577.60000000,53786.93207000,0
2026-02-02 19:00:00,0.1467,0.149,0.1466,0.1486,525959.5,2026-02-02 19:59:59.999,77886.03314000,1064,318644.50000000,47171.22306000,0
2026-02-02 20:00:00,0.1485,0.1487,0.1455,0.1457,389870.9,2026-02-02 20:59:59.999,57273.50884000,1099,178179.80000000,26163.98493000,0
2026-02-02 21:00:00,0.1457,0.1515,0.1451,0.1493,2109643.3,2026-02-02 21:59:59.999,313887.10155000,3267,1139880.90000000,169786.40709000,0
2026-02-02 22:00:00,0.1493,0.1535,0.149,0.1511,1488259.0,2026-02-02 22:59:59.999,225159.95930000,2049,863645.70000000,130746.06654000,0
2026-02-02 23:00:00,0.151,0.1528,0.1499,0.1512,1313197.0,2026-02-02 23:59:59.999,198837.55899000,2611,676203.60000000,102449.92633000,0
2026-02-03 00:00:00,0.1513,0.1514,0.1483,0.1503,1660756.9,2026-02-03 00:59:59.999,249047.00497000,3585,781538.70000000,117225.13544000,0
2026-02-03 01:00:00,0.1503,0.1549,0.1502,0.1545,3476839.0,2026-02-03 01:59:59.999,530483.82707000,4927,1790876.00000000,273367.01664000,0
2026-02-03 02:00:00,0.1545,0.1548,0.1483,0.1486,9004071.5,2026-02-03 02:59:59.999,1361220.44775000,19452,5913405.20000000,894018.18826000,0
2026-02-03 03:00:00,0.1486,0.1507,0.1462,0.1478,4749405.7,2026-02-03 03:59:59.999,706890.40619000,11758,2829836.70000000,421735.08699000,0
2026-02-03 04:00:00,0.1477,0.1494,0.1461,0.1477,1308048.4,2026-02-03 04:59:59.999,193094.28692000,2404,789153.20000000,116542.00565000,0
2026-02-03 05:00:00,0.1478,0.148,0.1461,0.1469,758884.3,2026-02-03 05:59:59.999,111419.89027000,1570,310182.50000000,45528.64352000,0
2026-02-03 06:00:00,0.1469,0.148,0.1465,0.1466,682915.8,2026-02-03 06:59:59.999,100467.16122000,1316,352202.60000000,51851.99361000,0
2026-02-03 07:00:00,0.1466,0.1466,0.1449,0.1457,1239220.7,2026-02-03 07:59:59.999,180540.56282000,2349,580178.50000000,84528.89725000,0
2026-02-03 08:00:00,0.1458,0.146,0.1432,0.1435,1424315.0,2026-02-03 08:59:59.999,205602.20151000,2838,586742.70000000,84737.64391000,0
2026-02-03 09:00:00,0.1435,0.1442,0.1404,0.1417,3125749.4,2026-02-03 09:59:59.999,444111.69620000,5547,1627617.60000000,231341.36221000,0
2026-02-03 10:00:00,0.1416,0.1429,0.1393,0.1399,1974772.9,2026-02-03 10:59:59.999,278623.36307000,3395,815851.30000000,115225.57261000,0
2026-02-03 11:00:00,0.1398,0.1408,0.1384,0.1389,1229372.3,2026-02-03 11:59:59.999,171516.23512000,2668,597458.00000000,83384.61816000,0
2026-02-03 12:00:00,0.1389,0.1418,0.1383,0.1411,1208589.1,2026-02-03 12:59:59.999,169291.32835000,2263,632029.10000000,88696.96790000,0
2026-02-03 13:00:00,0.1412,0.1422,0.1403,0.1417,619388.4,2026-02-03 13:59:59.999,87470.20380000,1338,430372.40000000,60788.79647000,0
2026-02-03 14:00:00,0.1417,0.1428,0.1408,0.1416,1372594.2,2026-02-03 14:59:59.999,194564.44433000,2244,720250.10000000,102109.30418000,0
2026-02-03 15:00:00,0.1416,0.1427,0.14,0.142,1783607.7,2026-02-03 15:59:59.999,252521.70374000,3153,654778.20000000,92794.30374000,0
2026-02-03 16:00:00,0.142,0.144,0.1407,0.1419,1568264.4,2026-02-03 16:59:59.999,222746.44572000,2923,525016.20000000,74637.87547000,0
2026-02-03 17:00:00,0.1419,0.1428,0.1412,0.1414,1184060.4,2026-02-03 17:59:59.999,168362.49597000,1900,508601.30000000,72365.12634000,0
2026-02-03 18:00:00,0.1414,0.1417,0.1384,0.1387,1590676.6,2026-02-03 18:59:59.999,222573.65502000,2476,554084.80000000,77642.44010000,0
2026-02-03 19:00:00,0.1386,0.1423,0.1386,0.1419,1255087.6,2026-02-03 19:59:59.999,176320.29904000,1863,714207.60000000,100323.77021000,0
2026-02-03 20:00:00,0.1419,0.1451,0.1413,0.145,1056345.3,2026-02-03 20:59:59.999,151738.23461000,2490,416705.40000000,59809.43297000,0
2026-02-03 21:00:00,0.145,0.1462,0.1443,0.1444,575308.6,2026-02-03 21:59:59.999,83592.44343000,1718,195799.90000000,28438.87225000,0
2026-02-03 22:00:00,0.1443,0.1445,0.1418,0.1424,803344.3,2026-02-03 22:59:59.999,115020.83884000,1395,294126.40000000,42154.45663000,0
2026-02-03 23:00:00,0.1424,0.1428,0.1416,0.1419,314289.5,2026-02-03 23:59:59.999,44685.60522000,961,165537.80000000,23535.34443000,0
2026-02-04 00:00:00,0.1419,0.1477,0.1405,0.1469,1827119.7,2026-02-04 00:59:59.999,264475.41678000,3343,923270.70000000,133851.43207000,0
2026-02-04 01:00:00,0.147,0.1516,0.1467,0.1484,2191580.4,2026-02-04 01:59:59.999,328476.19714000,5190,1159328.90000000,173843.74587000,0
2026-02-04 02:00:00,0.1485,0.1505,0.147,0.148,881478.5,2026-02-04 02:59:59.999,131221.59818000,2680,437252.80000000,65141.65673000,0
2026-02-04 03:00:00,0.1479,0.1509,0.1475,0.1491,812228.5,2026-02-04 03:59:59.999,121423.52204000,2120,336859.30000000,50341.75559000,0
2026-02-04 04:00:00,0.149,0.1499,0.1457,0.1487,1282397.6,2026-02-04 04:59:59.999,189756.96348000,2867,747245.90000000,110577.49516000,0
2026-02-04 05:00:00,0.1488,0.15,0.1461,0.1461,1047006.2,2026-02-04 05:59:59.999,155295.42507000,1876,497260.10000000,73743.44294000,0
2026-02-04 06:00:00,0.1462,0.1483,0.1454,0.148,770641.4,2026-02-04 06:59:59.999,112855.00877000,1682,360812.40000000,52843.98598000,0
2026-02-04 07:00:00,0.1481,0.1485,0.1476,0.1483,266561.8,2026-02-04 07:59:59.999,39477.92537000,765,137163.00000000,20313.76081000,0
2026-02-04 08:00:00,0.1483,0.1496,0.1471,0.1476,473359.8,2026-02-04 08:59:59.999,70323.14808000,1313,198083.90000000,29455.14692000,0
2026-02-04 09:00:00,0.1477,0.1485,0.1462,0.1479,448782.9,2026-02-04 09:59:59.999,66200.50294000,1217,257247.80000000,37982.71459000,0
2026-02-04 10:00:00,0.1479,0.1501,0.1477,0.1497,839105.7,2026-02-04 10:59:59.999,125127.62098000,2177,411261.40000000,61318.74342000,0
2026-02-04 11:00:00,0.1495,0.1497,0.1467,0.1481,978594.9,2026-02-04 11:59:59.999,144699.34539000,2223,419848.50000000,62136.11024000,0
2026-02-04 12:00:00,0.1482,0.1498,0.1481,0.1489,1154239.5,2026-02-04 12:59:59.999,171927.15316000,2459,552090.30000000,82295.34538000,0
2026-02-04 13:00:00,0.1489,0.1492,0.1451,0.1463,760643.9,2026-02-04 13:59:59.999,111828.54096000,1865,318528.10000000,46904.01217000,0
2026-02-04 14:00:00,0.1463,0.1492,0.1459,0.1465,1206370.8,2026-02-04 14:59:59.999,178543.22750000,2906,613055.30000000,90746.58986000,0
2026-02-04 15:00:00,0.1465,0.1494,0.1465,0.1484,1016841.6,2026-02-04 15:59:59.999,150676.99576000,2689,588680.30000000,87263.22305000,0
2026-02-04 16:00:00,0.1485,0.1492,0.1473,0.1478,1397407.2,2026-02-04 16:59:59.999,207380.94733000,3280,625960.00000000,92926.93600000,0
2026-02-04 17:00:00,0.1478,0.1492,0.1469,0.1482,1149826.7,2026-02-04 17:59:59.999,170095.76900000,2097,633490.50000000,93738.88452000,0
2026-02-04 18:00:00,0.1483,0.1492,0.1465,0.1491,776623.5,2026-02-04 18:59:59.999,114812.28192000,2224,409360.00000000,60543.09534000,0
2026-02-04 19:00:00,0.1491,0.1491,0.1473,0.1489,619717.1,2026-02-04 19:59:59.999,91927.59088000,1503,307889.00000000,45719.34220000,0
2026-02-04 20:00:00,0.149,0.1528,0.1485,0.1517,2646736.4,2026-02-04 20:59:59.999,400193.84744000,5104,1452191.20000000,219650.15750000,0
2026-02-04 21:00:00,0.1516,0.1517,0.1486,0.1497,1038535.2,2026-02-04 21:59:59.999,156170.43475000,2386,425165.70000000,63980.21448000,0
2026-02-04 22:00:00,0.1497,0.1498,0.1469,0.1477,852116.5,2026-02-04 22:59:59.999,126454.25655000,2167,373264.20000000,55414.30374000,0
2026-02-04 23:00:00,0.1479,0.1507,0.1479,0.1498,598517.5,2026-02-04 23:59:59.999,89459.16615000,1529,340038.00000000,50807.92782000,0
2026-02-05 00:00:00,0.1499,0.1499,0.1479,0.1484,420714.5,2026-02-05 00:59:59.999,62548.11797000,1409,186485.00000000,27739.90594000,0
2026-02-05 01:00:00,0.1483,0.1504,0.1477,0.1496,871334.9,2026-02-05 01:59:59.999,129839.20575000,2033,392214.50000000,58436.57759000,0
2026-02-05 02:00:00,0.1497,0.1497,0.1469,0.1477,1042145.6,2026-02-05 02:59:59.999,154513.17837000,2153,417646.00000000,61902.88935000,0
2026-02-05 03:00:00,0.1478,0.1494,0.1472,0.1476,941863.8,2026-02-05 03:59:59.999,139711.94105000,1699,411247.10000000,61028.46950000,0
2026-02-05 04:00:00,0.1478,0.1495,0.1462,0.1493,1128509.8,2026-02-05 04:59:59.999,166426.74468000,2669,526144.10000000,77697.16209000,0
2026-02-05 05:00:00,0.1492,0.1494,0.1431,0.1451,3583844.1,2026-02-05 05:59:59.999,521945.67494000,5998,1469725.60000000,214012.72774000,0
2026-02-05 06:00:00,0.1452,0.1454,0.1418,0.1436,2517438.5,2026-02-05 06:59:59.999,360446.47578000,3434,1247054.30000000,178596.89403000,0
2026-02-05 07:00:00,0.1436,0.1444,0.1418,0.1421,907001.8,2026-02-05 07:59:59.999,129782.60458000,1586,405931.00000000,58203.74849000,0
2026-02-05 08:00:00,0.1421,0.1428,0.1418,0.142,678796.9,2026-02-05 08:59:59.999,96630.32046000,1889,361593.20000000,51485.18400000,0
2026-02-05 09:00:00,0.1419,0.1452,0.1419,0.144,1148484.9,2026-02-05 09:59:59.999,164938.73973000,2210,713339.70000000,102441.70133000,0
2026-02-05 10:00:00,0.1439,0.1442,0.1413,0.1418,975584.2,2026-02-05 10:59:59.999,138882.40656000,1548,408810.10000000,58162.11927000,0
2026-02-05 11:00:00,0.1418,0.1418,0.1363,0.1377,4672014.8,2026-02-05 11:59:59.999,644801.39438000,4609,2269044.10000000,312959.48786000,0
2026-02-05 12:00:00,0.1376,0.1376,0.1352,0.1356,2653486.7,2026-02-05 12:59:59.999,361204.51977000,3385,1349378.80000000,183789.64641000,0
2026-02-05 13:00:00,0.1357,0.1361,0.1346,0.1359,1271528.7,2026-02-05 13:59:59.999,172033.41440000,1515,588945.00000000,79739.06088000,0
2026-02-05 14:00:00,0.1358,0.1414,0.1358,0.1381,2954930.2,2026-02-05 14:59:59.999,410657.73459000,4415,1601788.10000000,222070.10921000,0
2026-02-05 15:00:00,0.1382,0.1383,0.1352,0.1359,3904492.2,2026-02-05 15:59:59.999,534578.69325000,6018,1984594.70000000,271707.08430000,0
2026-02-05 16:00:00,0.136,0.1394,0.1336,0.1386,3091734.3,2026-02-05 16:59:59.999,420660.10317000,4581,1595083.50000000,216968.29265000,0
2026-02-05 17:00:00,0.1385,0.1387,0.1341,0.1343,1585553.2,2026-02-05 17:59:59.999,214916.19636000,2840,734666.40000000,99590.00369000,0
2026-02-05 18:00:00,0.1344,0.1349,0.1318,0.1338,3091441.8,2026-02-05 18:59:59.999,411492.11865000,5192,1418127.90000000,188727.19290000,0
2026-02-05 19:00:00,0.1336,0.1357,0.1329,0.1346,1137562.5,2026-02-05 19:59:59.999,153117.34495000,1837,649829.50000000,87474.08285000,0
2026-02-05 20:00:00,0.1347,0.1352,0.1293,0.1307,4215934.4,2026-02-05 20:59:59.999,553650.64583000,8217,2315550.10000000,304064.31706000,0
2026-02-05 21:00:00,0.1306,0.1323,0.1281,0.1289,1929408.8,2026-02-05 21:59:59.999,250747.27733000,4234,1053972.20000000,136894.40947000,0
2026-02-05 22:00:00,0.1289,0.1314,0.1261,0.1307,2782837.3,2026-02-05 22:59:59.999,356563.09954000,4466,1464685.10000000,187663.34210000,0
2026-02-05 23:00:00,0.1306,0.1337,0.1289,0.1291,1925340.3,2026-02-05 23:59:59.999,252840.78796000,3018,1016531.60000000,133551.36077000,0
2026-02-06 00:00:00,0.1292,0.1308,0.1246,0.1292,5693979.3,2026-02-06 00:59:59.999,723690.71974000,10246,2988804.00000000,379805.64180000,0
2026-02-06 01:00:00,0.1291,0.1317,0.1286,0.1315,2553052.8,2026-02-06 01:59:59.999,331693.70344000,5718,1458697.40000000,189656.35740000,0
2026-02-06 02:00:00,0.1315,0.1321,0.1286,0.1309,1552082.1,2026-02-06 02:59:59.999,201948.06595000,3583,965425.70000000,125516.65853000,0
2026-02-06 03:00:00,0.131,0.1363,0.1301,0.1358,1996832.9,2026-02-06 03:59:59.999,267692.30110000,3660,1060130.60000000,142060.59817000,0
2026-02-06 04:00:00,0.1359,0.1381,0.1348,0.1368,1692727.3,2026-02-06 04:59:59.999,230931.66219000,3228,927567.00000000,126511.54894000,0
2026-02-06 05:00:00,0.1367,0.1435,0.1363,0.142,3443470.8,2026-02-06 05:59:59.999,484837.13369000,4765,1793856.10000000,252819.83913000,0
2026-02-06 06:00:00,0.1421,0.1441,0.1389,0.1391,2109984.7,2026-02-06 06:59:59.999,298796.54147000,3346,802656.50000000,113612.12509000,0
2026-02-06 07:00:00,0.1391,0.1402,0.1383,0.1392,1463527.5,2026-02-06 07:59:59.999,203566.13479000,2342,773249.30000000,107525.36650000,0
2026-02-06 08:00:00,0.1391,0.1412,0.1378,0.1383,1101363.1,2026-02-06 08:59:59.999,153417.54014000,2237,587622.30000000,81928.71224000,0
2026-02-06 09:00:00,0.1384,0.1406,0.1372,0.1397,1558417.3,2026-02-06 09:59:59.999,216041.86139000,2472,693249.00000000,96067.27847000,0
2026-02-06 10:00:00,0.1398,0.1453,0.1395,0.1449,3242743.6,2026-02-06 10:59:59.999,463757.31788000,4706,1473456.20000000,210801.15184000,0
2026-02-06 11:00:00,0.1449,0.1456,0.1428,0.1431,1451923.4,2026-02-06 11:59:59.999,209459.06639000,2704,562814.70000000,81287.96670000,0
2026-02-06 12:00:00,0.1431,0.1432,0.1395,0.1408,1377462.8,2026-02-06 12:59:59.999,194740.45960000,1675,580090.60000000,82104.00219000,0
2026-02-06 13:00:00,0.1407,0.1449,0.1399,0.1421,1506138.4,2026-02-06 13:59:59.999,214677.24052000,2741,681600.90000000,97330.40070000,0
2026-02-06 14:00:00,0.1422,0.1478,0.1415,0.1469,2156656.5,2026-02-06 14:59:59.999,311962.17036000,3512,1020294.10000000,147406.50191000,0
2026-02-06 15:00:00,0.1468,0.1508,0.146,0.1476,5195057.9,2026-02-06 15:59:59.999,768318.78987000,8839,2586477.20000000,382690.93716000,0
2026-02-06 16:00:00,0.1477,0.153,0.1473,0.1523,4403164.0,2026-02-06 16:59:59.999,664085.86171000,6026,2367613.00000000,357323.37805000,0
2026-02-06 17:00:00,0.1523,0.1525,0.1497,0.151,1996283.5,2026-02-06 17:59:59.999,301740.40777000,2827,895976.10000000,135457.44781000,0
2026-02-06 18:00:00,0.1509,0.1511,0.1482,0.1495,846954.9,2026-02-06 18:59:59.999,126403.78939000,1375,346104.40000000,51655.45419000,0
2026-02-06 19:00:00,0.1496,0.1516,0.1483,0.1505,1375434.4,2026-02-06 19:59:59.999,206204.01638000,2231,762864.30000000,114464.97465000,0
2026-02-06 20:00:00,0.1504,0.1504,0.1478,0.1481,586983.1,2026-02-06 20:59:59.999,87544.69890000,1367,318139.80000000,47461.82641000,0
2026-02-06 21:00:00,0.148,0.1486,0.147,0.1477,675679.3,2026-02-06 21:59:59.999,99786.53196000,1074,313848.50000000,46374.02858000,0
2026-02-06 22:00:00,0.1477,0.15,0.1477,0.1496,361162.8,2026-02-06 22:59:59.999,53846.65769000,939,210893.00000000,31441.74579000,0
2026-02-06 23:00:00,0.1496,0.1501,0.1476,0.1482,514531.1,2026-02-06 23:59:59.999,76522.03329000,866,302083.10000000,44949.97025000,0
2026-02-07 00:00:00,0.1482,0.1514,0.1466,0.1505,1293243.2,2026-02-07 00:59:59.999,192881.28265000,2049,628023.80000000,93800.90514000,0
2026-02-07 01:00:00,0.1505,0.1527,0.15,0.1527,2998886.6,2026-02-07 01:59:59.999,453480.42744000,5503,1592471.50000000,240860.03627000,0
2026-02-07 02:00:00,0.1527,0.1566,0.1525,0.1562,4950388.6,2026-02-07 02:59:59.999,766018.62197000,8641,2805220.00000000,434157.84391000,0
2026-02-07 03:00:00,0.1561,0.1578,0.1533,0.1543,4985962.3,2026-02-07 03:59:59.999,778088.25615000,8679,2718085.30000000,424411.55277000,0
2026-02-07 04:00:00,0.1543,0.155,0.1512,0.1514,1469131.5,2026-02-07 04:59:59.999,224699.80477000,3384,804041.30000000,123049.65873000,0
2026-02-07 05:00:00,0.1513,0.152,0.1483,0.1494,1421694.6,2026-02-07 05:59:59.999,213588.36581000,3026,780082.80000000,117225.63207000,0
2026-02-07 06:00:00,0.1495,0.1498,0.1472,0.1478,1103308.5,2026-02-07 06:59:59.999,164026.98076000,2255,547597.80000000,81482.24675000,0
2026-02-07 07:00:00,0.1478,0.1484,0.1425,0.1434,5268957.9,2026-02-07 07:59:59.999,763817.58136000,7969,2939203.80000000,426555.62279000,0
2026-02-07 08:00:00,0.1433,0.1465,0.142,0.1457,1978542.2,2026-02-07 08:59:59.999,286253.39777000,2776,1079284.30000000,156203.13813000,0
2026-02-07 09:00:00,0.1457,0.1462,0.1445,0.1451,700964.6,2026-02-07 09:59:59.999,101892.14998000,1169,335159.80000000,48709.98080000,0
2026-02-07 10:00:00,0.1453,0.1453,0.1425,0.1441,845197.0,2026-02-07 10:59:59.999,121432.69038000,1486,490134.10000000,70423.01350000,0
2026-02-07 11:00:00,0.1441,0.1443,0.1434,0.1438,387157.6,2026-02-07 11:59:59.999,55680.38693000,826,190159.80000000,27362.74038000,0
2026-02-07 12:00:00,0.1438,0.1465,0.1438,0.1447,874479.7,2026-02-07 12:59:59.999,127027.12034000,1643,473187.90000000,68699.26259000,0
2026-02-07 13:00:00,0.1448,0.1453,0.144,0.1449,508739.4,2026-02-07 13:59:59.999,73595.29620000,833,315497.50000000,45634.31996000,0
2026-02-07 14:00:00,0.145,0.1451,0.1422,0.1432,995127.4,2026-02-07 14:59:59.999,142351.53599000,1803,384210.40000000,54952.10231000,0
2026-02-07 15:00:00,0.1432,0.1468,0.1429,0.1451,3972671.4,2026-02-07 15:59:59.999,576195.51072000,10161,2496815.40000000,362055.20530000,0
2026-02-07 16:00:00,0.1452,0.1494,0.1442,0.149,5609849.3,2026-02-07 16:59:59.999,821987.43060000,11154,2972336.20000000,435740.14107000,0
2026-02-07 17:00:00,0.149,0.1493,0.1461,0.1479,1437526.9,2026-02-07 17:59:59.999,212609.09536000,2971,664697.30000000,98300.77405000,0
2026-02-07 18:00:00,0.1478,0.149,0.1474,0.148,412590.5,2026-02-07 18:59:59.999,61151.46300000,938,190627.30000000,28274.97097000,0
2026-02-07 19:00:00,0.1479,0.1482,0.1471,0.148,119974.3,2026-02-07 19:59:59.999,17706.32377000,492,61220.90000000,9038.95501000,0
2026-02-07 20:00:00,0.148,0.1495,0.148,0.1491,470902.6,2026-02-07 20:59:59.999,70080.93425000,1029,262548.70000000,39079.61038000,0
2026-02-07 21:00:00,0.1491,0.1492,0.148,0.1486,123357.2,2026-02-07 21:59:59.999,18298.57332000,467,47903.00000000,7106.67816000,0
2026-02-07 22:00:00,0.1486,0.1492,0.1477,0.1487,497752.4,2026-02-07 22:59:59.999,73897.71896000,1095,326259.20000000,48453.57215000,0
2026-02-07 23:00:00,0.1487,0.1488,0.1472,0.1472,369014.9,2026-02-07 23:59:59.999,54553.74633000,799,165865.50000000,24538.76899000,0
2026-02-08 00:00:00,0.1472,0.1489,0.1456,0.1488,881075.4,2026-02-08 00:59:59.999,129199.31356000,2001,457435.00000000,67133.97870000,0
2026-02-08 01:00:00,0.1488,0.1518,0.1478,0.1483,1958467.3,2026-02-08 01:59:59.999,293510.44782000,3005,939671.50000000,140790.19727000,0
2026-02-08 02:00:00,0.1484,0.1513,0.1481,0.1508,1262672.5,2026-02-08 02:59:59.999,189434.90940000,1864,753497.90000000,113029.66189000,0
2026-02-08 03:00:00,0.1509,0.151,0.1495,0.1502,509905.5,2026-02-08 03:59:59.999,76479.56110000,891,182684.70000000,27399.36138000,0
2026-02-08 04:00:00,0.1502,0.1525,0.1502,0.1513,1347194.1,2026-02-08 04:59:59.999,203943.04884000,2960,533565.00000000,80813.22799000,0
2026-02-08 05:00:00,0.1513,0.154,0.1506,0.1527,1623924.5,2026-02-08 05:59:59.999,248112.73767000,3258,730201.50000000,111622.77382000,0
2026-02-08 06:00:00,0.1527,0.157,0.1518,0.1535,6626659.0,2026-02-08 06:59:59.999,1026292.87734000,11082,3393249.80000000,525871.44487000,0
2026-02-08 07:00:00,0.1536,0.1555,0.1525,0.1553,3784152.5,2026-02-08 07:59:59.999,582903.51203000,6339,1837255.40000000,283160.94069000,0
2026-02-08 08:00:00,0.1552,0.1603,0.1548,0.1569,7101263.8,2026-02-08 08:59:59.999,1116533.04483000,12542,3359016.20000000,528389.51046000,0
2026-02-08 09:00:00,0.157,0.1601,0.1564,0.1582,3126789.6,2026-02-08 09:59:59.999,494648.03601000,5645,1560594.90000000,247021.28111000,0
2026-02-08 10:00:00,0.1581,0.1594,0.156,0.1573,2229100.9,2026-02-08 10:59:59.999,350872.01022000,4494,1069899.30000000,168490.99110000,0
2026-02-08 11:00:00,0.1573,0.1623,0.1559,0.1609,5304430.3,2026-02-08 11:59:59.999,845721.49910000,8232,2977729.10000000,475022.24913000,0
2026-02-08 12:00:00,0.161,0.1694,0.1605,0.1636,15093933.9,2026-02-08 12:59:59.999,2488199.50225000,25515,8339887.30000000,1375763.71389000,0
2026-02-08 13:00:00,0.1636,0.1662,0.1623,0.165,4527884.0,2026-02-08 13:59:59.999,742893.77773000,9886,2321533.70000000,381058.76303000,0
2026-02-08 14:00:00,0.1651,0.1703,0.1611,0.163,11782612.2,2026-02-08 14:59:59.999,1956662.65095000,20838,6138640.50000000,1020041.34861000,0
2026-02-08 15:00:00,0.163,0.1658,0.1606,0.1646,7429848.0,2026-02-08 15:59:59.999,1212660.08803000,11951,3622326.40000000,591746.22747000,0
2026-02-08 16:00:00,0.1646,0.1665,0.16,0.162,3774798.0,2026-02-08 16:59:59.999,616963.56928000,6925,1870681.20000000,305971.18552000,0
2026-02-08 17:00:00,0.1619,0.1651,0.1619,0.1638,1747019.1,2026-02-08 17:59:59.999,286100.65581000,3946,885133.00000000,144979.51280000,0
2026-02-08 18:00:00,0.1638,0.1667,0.1624,0.1648,3155502.7,2026-02-08 18:59:59.999,519805.41043000,4217,1850086.00000000,305145.91886000,0
2026-02-08 19:00:00,0.1648,0.1659,0.1635,0.1648,1412090.0,2026-02-08 19:59:59.999,232472.24034000,3074,901325.00000000,148413.92731000,0
2026-02-08 20:00:00,0.1648,0.1652,0.1635,0.1648,1059490.8,2026-02-08 20:59:59.999,174198.63760000,2157,651604.30000000,107166.69776000,0
2026-02-08 21:00:00,0.1649,0.1658,0.1613,0.1622,1779760.9,2026-02-08 21:59:59.999,291479.36622000,3649,858838.30000000,140863.69882000,0
2026-02-08 22:00:00,0.1622,0.1636,0.1599,0.1617,1953459.5,2026-02-08 22:59:59.999,315237.08379000,3808,1017752.90000000,164279.24492000,0
2026-02-08 23:00:00,0.1616,0.165,0.1611,0.1635,2798782.8,2026-02-08 23:59:59.999,457375.82780000,5119,1398956.10000000,228774.37939000,0
2026-02-09 00:00:00,0.1635,0.1674,0.1623,0.1661,3748805.7,2026-02-09 00:59:59.999,619414.33337000,7154,2049375.80000000,338809.56236000,0
2026-02-09 01:00:00,0.1662,0.1695,0.164,0.1681,4306040.6,2026-02-09 01:59:59.999,719791.24826000,10456,2431096.10000000,406712.88672000,0
2026-02-09 02:00:00,0.168,0.1705,0.1655,0.1685,2488225.2,2026-02-09 02:59:59.999,417597.46996000,5563,1282573.00000000,215538.09937000,0
2026-02-09 03:00:00,0.1685,0.1693,0.1624,0.1645,3923754.6,2026-02-09 03:59:59.999,648304.00709000,7823,1774889.00000000,293191.75626000,0
2026-02-09 04:00:00,0.1645,0.165,0.1625,0.1632,1904579.1,2026-02-09 04:59:59.999,311651.55565000,4161,896026.80000000,146653.02573000,0
2026-02-09 05:00:00,0.1632,0.1643,0.1616,0.164,2040177.2,2026-02-09 05:59:59.999,332842.93310000,4735,872957.00000000,142429.40772000,0
2026-02-09 06:00:00,0.164,0.166,0.1631,0.1651,1956043.8,2026-02-09 06:59:59.999,321351.59193000,3922,974337.30000000,160145.14328000,0
2026-02-09 07:00:00,0.1651,0.1696,0.1648,0.1678,3502675.1,2026-02-09 07:59:59.999,589131.33614000,6495,1899135.60000000,319490.77586000,0
2026-02-09 08:00:00,0.1678,0.1719,0.1662,0.1701,5955989.8,2026-02-09 08:59:59.999,1011702.94993000,11930,3089666.00000000,525382.66217000,0
2026-02-09 09:00:00,0.17,0.1709,0.1676,0.1694,3100595.4,2026-02-09 09:59:59.999,524866.72396000,6718,1501116.20000000,254195.68992000,0
2026-02-09 10:00:00,0.1693,0.1703,0.1666,0.1678,3205520.6,2026-02-09 10:59:59.999,538926.88624000,6792,1654381.80000000,278301.05185000,0
2026-02-09 11:00:00,0.1679,0.1702,0.1663,0.1697,2562476.7,2026-02-09 11:59:59.999,432398.00627000,5613,1422805.30000000,240208.22942000,0
2026-02-09 12:00:00,0.1698,0.1745,0.1696,0.1743,3039849.6,2026-02-09 12:59:59.999,524391.92589000,6564,1678797.40000000,289697.59729000,0
2026-02-09 13:00:00,0.1744,0.179,0.1714,0.1733,8936132.3,2026-02-09 13:59:59.999,1569966.89249000,16450,4505019.00000000,791648.24966000,0
2026-02-09 14:00:00,0.1733,0.1833,0.1729,0.1806,7300258.6,2026-02-09 14:59:59.999,1298923.01405000,14599,4103383.10000000,730726.08248000,0
2026-02-09 15:00:00,0.1806,0.1843,0.1756,0.1798,8111054.4,2026-02-09 15:59:59.999,1466528.82036000,19969,4223598.70000000,764124.50631000,0
2026-02-09 16:00:00,0.1799,0.1829,0.1765,0.1825,4416037.8,2026-02-09 16:59:59.999,794547.77311000,10612,2331278.00000000,419416.74675000,0
2026-02-09 17:00:00,0.1825,0.1857,0.1799,0.184,3761793.6,2026-02-09 17:59:59.999,688344.02810000,7851,2119154.00000000,388218.18369000,0
2026-02-09 18:00:00,0.1839,0.1857,0.1834,0.1845,3169226.2,2026-02-09 18:59:59.999,585780.07773000,7243,1775241.60000000,328341.78715000,0
2026-02-09 19:00:00,0.1844,0.191,0.1836,0.1905,6395107.3,2026-02-09 19:59:59.999,1200561.85321000,12604,3883542.90000000,728251.55435000,0
2026-02-09 20:00:00,0.1905,0.1941,0.1885,0.1935,6151030.4,2026-02-09 20:59:59.999,1175645.28408000,13205,3106556.00000000,594049.04256000,0
2026-02-09 21:00:00,0.1934,0.1947,0.1875,0.1911,6134539.0,2026-02-09 21:59:59.999,1175790.45065000,15161,2901474.30000000,556887.09396000,0
2026-02-09 22:00:00,0.191,0.1919,0.1872,0.1889,2643954.6,2026-02-09 22:59:59.999,500877.48154000,7046,1184142.70000000,224473.69335000,0
2026-02-09 23:00:00,0.189,0.1914,0.1874,0.1878,2547276.5,2026-02-09 23:59:59.999,482256.18648000,5888,1240132.60000000,234874.00259000,0
2026-02-10 00:00:00,0.1878,0.1952,0.1867,0.1944,4677472.0,2026-02-10 00:59:59.999,894127.19559000,12091,2478593.10000000,474467.17695000,0
2026-02-10 01:00:00,0.1943,0.1954,0.1813,0.1863,6193401.3,2026-02-10 01:59:59.999,1161582.52589000,16010,2797803.00000000,526704.36587000,0
2026-02-10 02:00:00,0.1864,0.1923,0.1841,0.1846,3811219.2,2026-02-10 02:59:59.999,718396.84488000,10610,1751365.90000000,330088.38121000,0
2026-02-10 03:00:00,0.1846,0.1847,0.1784,0.182,4144232.2,2026-02-10 03:59:59.999,749911.42683000,10705,1834719.60000000,332341.56344000,0
2026-02-10 04:00:00,0.1819,0.1819,0.1738,0.1742,3792467.1,2026-02-10 04:59:59.999,669938.07751000,9427,1527740.20000000,270004.93575000,0
2026-02-10 05:00:00,0.1742,0.1763,0.1715,0.1737,4096147.2,2026-02-10 05:59:59.999,711556.25125000,8739,2187566.30000000,380180.07334000,0
2026-02-10 06:00:00,0.1738,0.1747,0.1709,0.1717,2704775.1,2026-02-10 06:59:59.999,466272.39120000,5630,1398658.30000000,241298.77171000,0
2026-02-10 07:00:00,0.1717,0.1719,0.1682,0.1705,2335373.6,2026-02-10 07:59:59.999,396860.45309000,5209,1025590.10000000,174278.08753000,0
2026-02-10 08:00:00,0.1705,0.1728,0.1664,0.167,2995449.2,2026-02-10 08:59:59.999,508400.71205000,9944,1291716.70000000,219596.07899000,0
2026-02-10 09:00:00,0.1669,0.1775,0.1659,0.177,4391193.6,2026-02-10 09:59:59.999,759736.61579000,9698,2407853.30000000,416480.37643000,0
2026-02-10 10:00:00,0.1769,0.1782,0.1728,0.1739,3712602.7,2026-02-10 10:59:59.999,651348.22891000,10128,1731021.30000000,303788.40020000,0
2026-02-10 11:00:00,0.1739,0.1773,0.1739,0.175,2609789.7,2026-02-10 11:59:59.999,458617.40948000,6621,1331429.90000000,233941.53347000,0
2026-02-10 12:00:00,0.175,0.1767,0.1736,0.1748,2374030.6,2026-02-10 12:59:59.999,415756.39342000,4751,1268720.70000000,222138.55072000,0
2026-02-10 13:00:00,0.1748,0.1766,0.1724,0.1734,3320290.5,2026-02-10 13:59:59.999,579398.28484000,6783,1381293.50000000,241134.47313000,0
2026-02-10 14:00:00,0.1735,0.1756,0.1718,0.1737,1887324.3,2026-02-10 14:59:59.999,327511.89714000,5135,839792.50000000,145861.95692000,0
2026-02-10 15:00:00,0.1737,0.1848,0.1726,0.184,5110384.0,2026-02-10 15:59:59.999,921725.34496000,12353,2596798.70000000,467829.73166000,0
2026-02-10 16:00:00,0.184,0.1877,0.1821,0.1861,3001230.0,2026-02-10 16:59:59.999,554475.27356000,7176,1559030.40000000,288133.67846000,0
2026-02-10 17:00:00,0.186,0.1911,0.1854,0.1902,2251893.1,2026-02-10 17:59:59.999,425553.18989000,5893,1135074.60000000,214557.94071000,0
2026-02-10 18:00:00,0.1901,0.1911,0.1873,0.1893,2350288.7,2026-02-10 18:59:59.999,444527.22394000,4773,1203951.20000000,227706.06867000,0
2026-02-10 19:00:00,0.1893,0.191,0.1885,0.1901,1197541.9,2026-02-10 19:59:59.999,227386.49412000,2801,606966.70000000,115258.43979000,0
2026-02-10 20:00:00,0.1902,0.1934,0.1888,0.1899,1626634.4,2026-02-10 20:59:59.999,310994.37022000,3999,857434.80000000,163961.79120000,0
2026-02-10 21:00:00,0.19,0.1901,0.1864,0.1888,1676985.9,2026-02-10 21:59:59.999,315748.16048000,3861,710803.90000000,133756.08706000,0
2026-02-10 22:00:00,0.1889,0.1912,0.188,0.189,840419.1,2026-02-10 22:59:59.999,159318.20536000,2646,353906.40000000,67103.29167000,0
2026-02-10 23:00:00,0.189,0.1894,0.1863,0.188,1796172.1,2026-02-10 23:59:59.999,337053.18084000,4702,754994.20000000,141620.77648000,0
2026-02-11 00:00:00,0.188,0.1946,0.1874,0.1943,2290803.9,2026-02-11 00:59:59.999,437249.15061000,5658,1263453.70000000,241263.73459000,0
2026-02-11 01:00:00,0.1944,0.1976,0.1921,0.1923,3788157.0,2026-02-11 01:59:59.999,739142.90743000,8029,1990987.30000000,388735.89493000,0
2026-02-11 02:00:00,0.1922,0.1922,0.1831,0.1898,4552148.1,2026-02-11 02:59:59.999,855369.19610000,13312,2100233.00000000,394258.93903000,0
2026-02-11 03:00:00,0.1899,0.1911,0.1832,0.1839,3226152.9,2026-02-11 03:59:59.999,600997.47555000,8592,1432173.40000000,266216.35716000,0
2026-02-11 04:00:00,0.1838,0.1866,0.1823,0.1825,2215414.1,2026-02-11 04:59:59.999,407268.09608000,6825,1031691.40000000,189726.01538000,0
2026-02-11 05:00:00,0.1826,0.1852,0.179,0.1849,3613815.8,2026-02-11 05:59:59.999,655206.55319000,9076,1632028.60000000,296161.43759000,0
2026-02-11 06:00:00,0.1848,0.1878,0.1819,0.1825,4705226.3,2026-02-11 06:59:59.999,869656.29454000,10481,2188631.50000000,405208.50070000,0
2026-02-11 07:00:00,0.1826,0.1837,0.1799,0.1808,2285071.7,2026-02-11 07:59:59.999,415650.96873000,5372,1001390.60000000,182140.46113000,0
2026-02-11 08:00:00,0.1809,0.1824,0.1796,0.1811,1185193.6,2026-02-11 08:59:59.999,214467.66336000,3411,569992.10000000,103183.99093000,0
2026-02-11 09:00:00,0.1812,0.1828,0.1797,0.1805,1232643.8,2026-02-11 09:59:59.999,223384.78280000,4006,660089.00000000,119691.69308000,0
2026-02-11 10:00:00,0.1806,0.1822,0.1779,0.1783,1273813.5,2026-02-11 10:59:59.999,229043.72514000,3824,691349.70000000,124366.83429000,0
2026-02-11 11:00:00,0.1782,0.1796,0.1775,0.1794,888731.9,2026-02-11 11:59:59.999,158539.30641000,2503,417917.10000000,74606.13758000,0
2026-02-11 12:00:00,0.1794,0.1797,0.1763,0.1771,1033065.2,2026-02-11 12:59:59.999,183703.48887000,2859,493766.90000000,87875.78897000,0
2026-02-11 13:00:00,0.1771,0.1791,0.1737,0.1765,2816977.1,2026-02-11 13:59:59.999,497963.53440000,6136,1526041.50000000,270151.81218000,0
2026-02-11 14:00:00,0.1766,0.1787,0.1735,0.1735,1786495.5,2026-02-11 14:59:59.999,315216.20923000,4088,930129.90000000,164268.22205000,0
2026-02-11 15:00:00,0.1735,0.177,0.172,0.1763,1833517.2,2026-02-11 15:59:59.999,318425.88084000,4397,1045919.60000000,181847.30291000,0
2026-02-11 16:00:00,0.1764,0.177,0.1726,0.1749,2817529.7,2026-02-11 16:59:59.999,492405.38409000,6203,1715012.00000000,299765.05408000,0
2026-02-11 17:00:00,0.1749,0.1752,0.1702,0.1716,1630883.8,2026-02-11 17:59:59.999,281680.01630000,4393,764865.70000000,132044.99702000,0
2026-02-11 18:00:00,0.1716,0.1735,0.1711,0.1713,1230217.0,2026-02-11 18:59:59.999,211934.35235000,3225,641532.10000000,110540.26889000,0
2026-02-11 19:00:00,0.1714,0.1727,0.1696,0.1707,1213476.6,2026-02-11 19:59:59.999,207354.86018000,3118,626942.10000000,107176.31006000,0
2026-02-11 20:00:00,0.1706,0.1709,0.1681,0.1683,1171894.2,2026-02-11 20:59:59.999,198304.95859000,2478,483143.20000000,81821.35825000,0
2026-02-11 21:00:00,0.1685,0.1703,0.167,0.1687,1437004.0,2026-02-11 21:59:59.999,242297.38231000,3507,724759.30000000,122179.33660000,0
2026-02-11 22:00:00,0.1688,0.17,0.1635,0.1643,2218910.7,2026-02-11 22:59:59.999,369814.90564000,3739,839096.40000000,140034.62614000,0
2026-02-11 23:00:00,0.1642,0.1682,0.1624,0.1627,1868754.0,2026-02-11 23:59:59.999,308346.91770000,3816,900164.60000000,148664.13835000,0
2026-02-12 00:00:00,0.1628,0.1658,0.1604,0.1607,3693371.1,2026-02-12 00:59:59.999,600928.89551000,6546,1829556.50000000,297980.38726000,0
2026-02-12 01:00:00,0.1606,0.1663,0.1591,0.1647,3977871.7,2026-02-12 01:59:59.999,648049.08419000,7981,2096100.80000000,341483.30523000,0
2026-02-12 02:00:00,0.1647,0.1648,0.1623,0.1639,1223065.9,2026-02-12 02:59:59.999,200061.15383000,3333,663445.60000000,108559.18822000,0
2026-02-12 03:00:00,0.1638,0.1688,0.1636,0.1674,2817381.4,2026-02-12 03:59:59.999,468868.33074000,6522,1632239.10000000,271490.86278000,0
2026-02-12 04:00:00,0.1674,0.1717,0.1669,0.1687,2385613.6,2026-02-12 04:59:59.999,403560.74501000,5959,1256845.80000000,212673.80158000,0
2026-02-12 05:00:00,0.1687,0.1738,0.1681,0.1716,2935598.5,2026-02-12 05:59:59.999,503348.32742000,8425,1672948.50000000,286826.14410000,0
2026-02-12 06:00:00,0.1717,0.1724,0.1647,0.1655,3278341.5,2026-02-12 06:59:59.999,552769.28589000,7345,1490622.20000000,251765.83677000,0
2026-02-12 07:00:00,0.1656,0.173,0.1655,0.1709,3450172.0,2026-02-12 07:59:59.999,587013.47343000,8451,1958614.20000000,333316.51625000,0
2026-02-12 08:00:00,0.1709,0.1713,0.1677,0.1681,2855301.2,2026-02-12 08:59:59.999,483605.29203000,7508,1665074.50000000,282038.17781000,0
2026-02-12 09:00:00,0.1682,0.1777,0.1682,0.1755,4073592.1,2026-02-12 09:59:59.999,703097.62442000,12435,2476351.60000000,426980.21255000,0
2026-02-12 10:00:00,0.1754,0.1813,0.175,0.1783,4130825.7,2026-02-12 10:59:59.999,737988.80841000,10387,2042849.90000000,365049.31465000,0
2026-02-12 11:00:00,0.1782,0.1887,0.1765,0.1842,8778457.4,2026-02-12 11:59:59.999,1612678.09049000,16907,4433830.10000000,814138.31404000,0
2026-02-12 12:00:00,0.1842,0.1872,0.179,0.1831,6210625.8,2026-02-12 12:59:59.999,1134624.60187000,12880,3048323.40000000,557164.92835000,0
2026-02-12 13:00:00,0.1831,0.189,0.1804,0.1837,10310166.6,2026-02-12 13:59:59.999,1906288.36245000,21412,5374214.40000000,994095.47600000,0
2026-02-12 14:00:00,0.1838,0.1924,0.1821,0.1878,10348657.4,2026-02-12 14:59:59.999,1941897.58851000,24578,5767549.70000000,1084344.73187000,0
2026-02-12 15:00:00,0.1877,0.1906,0.1843,0.1893,5280056.1,2026-02-12 15:59:59.999,988897.28322000,12216,2549223.00000000,477494.78041000,0
2026-02-12 16:00:00,0.1893,0.1936,0.1862,0.1922,6401913.2,2026-02-12 16:59:59.999,1212876.79857000,11271,3528192.40000000,668321.98011000,0
2026-02-12 17:00:00,0.1921,0.193,0.1891,0.1896,4924534.1,2026-02-12 17:59:59.999,940269.94170000,9997,2609352.80000000,498162.96474000,0
2026-02-12 18:00:00,0.1897,0.191,0.1869,0.1901,3393907.7,2026-02-12 18:59:59.999,642257.17688000,7159,1901318.10000000,360051.98834000,0
2026-02-12 19:00:00,0.1902,0.1946,0.1895,0.1912,2230328.5,2026-02-12 19:59:59.999,428866.72859000,6043,1197830.90000000,230377.71466000,0
2026-02-12 20:00:00,0.1912,0.1959,0.1908,0.1959,3365710.5,2026-02-12 20:59:59.999,651135.15734000,7546,1857945.80000000,359530.34076000,0
2026-02-12 21:00:00,0.1959,0.1992,0.1908,0.1913,7019293.6,2026-02-12 21:59:59.999,1377428.23880000,13698,3663357.60000000,719649.48027000,0
2026-02-12 22:00:00,0.1913,0.1957,0.1864,0.1934,5860844.3,2026-02-12 22:59:59.999,1117668.83453000,11827,2979711.80000000,568492.43947000,0
2026-02-12 23:00:00,0.1933,0.1947,0.1894,0.1925,3587268.0,2026-02-12 23:59:59.999,687245.86949000,8767,1733732.80000000,332182.33149000,0
2026-02-13 00:00:00,0.1924,0.1938,0.1889,0.1896,3453903.2,2026-02-13 00:59:59.999,659871.06904000,9199,1776611.10000000,339526.00126000,0
2026-02-13 01:00:00,0.1896,0.1959,0.1895,0.1945,3804035.8,2026-02-13 01:59:59.999,736085.53349000,9010,2066310.70000000,399502.15903000,0
2026-02-13 02:00:00,0.1946,0.2037,0.1923,0.2017,8397734.3,2026-02-13 02:59:59.999,1668581.50084000,24129,4864042.90000000,967369.01463000,0
2026-02-13 03:00:00,0.2017,0.2048,0.1986,0.202,9580469.7,2026-02-13 03:59:59.999,1935578.07437000,22545,5776900.40000000,1166814.33610000,0
2026-02-13 04:00:00,0.2019,0.2037,0.1974,0.2014,4409611.7,2026-02-13 04:59:59.999,883138.27878000,10580,2219948.90000000,444876.54445000,0
2026-02-13 05:00:00,0.2014,0.2105,0.201,0.204,10397033.9,2026-02-13 05:59:59.999,2149231.90821000,29404,5821500.90000000,1204728.05720000,0
2026-02-13 06:00:00,0.204,0.2043,0.1867,0.1963,10424197.8,2026-02-13 06:59:59.999,2035581.99419000,26201,5296146.20000000,1033653.12285000,0
2026-02-13 07:00:00,0.1964,0.1965,0.1836,0.1931,7980209.4,2026-02-13 07:59:59.999,1520829.53861000,24110,3661815.20000000,698619.63788000,0
2026-02-13 08:00:00,0.1931,0.2044,0.193,0.2001,5917121.4,2026-02-13 08:59:59.999,1180616.37270000,17029,3254766.00000000,649580.29126000,0
2026-02-13 09:00:00,0.2002,0.2037,0.1991,0.202,4134156.4,2026-02-13 09:59:59.999,831702.15845000,12846,2225025.30000000,447702.88022000,0
2026-02-13 10:00:00,0.2021,0.204,0.2006,0.203,3701293.8,2026-02-13 10:59:59.999,748656.48284000,10920,2125487.70000000,430113.58084000,0
2026-02-13 11:00:00,0.2031,0.2099,0.2028,0.207,5490184.5,2026-02-13 11:59:59.999,1133046.18118000,14550,3078515.10000000,635398.69807000,0
2026-02-13 12:00:00,0.207,0.2111,0.2043,0.2088,4285071.2,2026-02-13 12:59:59.999,888867.57248000,11246,2313605.00000000,480197.92898000,0
2026-02-13 13:00:00,0.2088,0.2166,0.2075,0.2146,7380706.1,2026-02-13 13:59:59.999,1567077.09945000,17566,4427064.20000000,940485.39777000,0
2026-02-13 14:00:00,0.2146,0.2246,0.2123,0.2232,11039262.6,2026-02-13 14:59:59.999,2421020.59550000,27480,5330643.50000000,1167737.84564000,0
2026-02-13 15:00:00,0.2232,0.2273,0.2169,0.2189,15300393.2,2026-02-13 15:59:59.999,3382781.51350000,33523,6380367.20000000,1412301.04441000,0
2026-02-13 16:00:00,0.2189,0.2288,0.2183,0.2267,11482253.1,2026-02-13 16:59:59.999,2561055.55413000,23992,4959343.90000000,1107455.04886000,0
2026-02-13 17:00:00,0.2268,0.2306,0.2239,0.2256,6835406.2,2026-02-13 17:59:59.999,1551414.09311000,12770,3476804.90000000,789515.44726000,0
2026-02-13 18:00:00,0.2256,0.2304,0.2232,0.2284,6091549.4,2026-02-13 18:59:59.999,1380694.56778000,12289,3648773.80000000,827707.42772000,0
2026-02-13 19:00:00,0.2285,0.236,0.2278,0.2343,4897846.6,2026-02-13 19:59:59.999,1136385.41131000,14583,2777504.80000000,644487.39619000,0
2026-02-13 20:00:00,0.2343,0.237,0.2287,0.2324,4932526.5,2026-02-13 20:59:59.999,1150909.54805000,15618,2695425.90000000,628839.39456000,0
2026-02-13 21:00:00,0.2323,0.2427,0.2309,0.2374,6483625.1,2026-02-13 21:59:59.999,1540018.18839000,17852,3464056.30000000,823048.33056000,0
2026-02-13 22:00:00,0.2374,0.2415,0.235,0.2382,3182094.2,2026-02-13 22:59:59.999,758833.54656000,10107,1533054.80000000,365678.54849000,0
2026-02-13 23:00:00,0.2382,0.2391,0.2324,0.2351,3044633.5,2026-02-13 23:59:59.999,714637.53862000,10345,1540259.90000000,361557.85729000,0
2026-02-14 00:00:00,0.2352,0.2359,0.226,0.2284,6658662.8,2026-02-14 00:59:59.999,1535459.15966000,23204,2971073.10000000,685483.91561000,0
2026-02-14 01:00:00,0.2285,0.2291,0.2222,0.223,3887592.9,2026-02-14 01:59:59.999,875736.05265000,15091,1553397.80000000,349947.24072000,0
2026-02-14 02:00:00,0.223,0.2238,0.2176,0.2208,5694102.5,2026-02-14 02:59:59.999,1253988.41706000,15705,2279881.10000000,501966.50412000,0
2026-02-14 03:00:00,0.2208,0.2217,0.217,0.2191,5148681.7,2026-02-14 03:59:59.999,1128738.09759000,13613,2139189.60000000,469036.98373000,0
2026-02-14 04:00:00,0.2191,0.221,0.2132,0.2159,3399226.7,2026-02-14 04:59:59.999,736790.81725000,11171,1457689.10000000,316173.57815000,0
2026-02-14 05:00:00,0.2158,0.2168,0.2112,0.2127,3244312.6,2026-02-14 05:59:59.999,693360.57764000,8380,1666782.70000000,356184.30576000,0
2026-02-14 06:00:00,0.2127,0.2127,0.2085,0.21,2096456.2,2026-02-14 06:59:59.999,441510.78983000,6286,947171.10000000,199400.33329000,0
2026-02-14 07:00:00,0.2099,0.2114,0.2056,0.2069,3858236.0,2026-02-14 07:59:59.999,802522.67649000,12042,1747327.00000000,363480.88274000,0
2026-02-14 08:00:00,0.2069,0.215,0.2069,0.2094,6467339.9,2026-02-14 08:59:59.999,1368515.94858000,16990,3238882.60000000,685637.72896000,0
2026-02-14 09:00:00,0.2094,0.2101,0.2048,0.2054,3151537.4,2026-02-14 09:59:59.999,654367.04658000,8067,1211763.80000000,251805.08490000,0
2026-02-14 10:00:00,0.2054,0.2065,0.2024,0.203,2989120.5,2026-02-14 10:59:59.999,610261.53290000,9834,1624290.00000000,331733.35750000,0
2026-02-14 11:00:00,0.2029,0.2049,0.1987,0.1994,3879230.2,2026-02-14 11:59:59.999,782701.89133000,15077,1927264.20000000,388962.21737000,0
2026-02-14 12:00:00,0.1995,0.2039,0.1983,0.2023,2468335.0,2026-02-14 12:59:59.999,497298.38599000,12208,1538267.70000000,310239.29917000,0
2026-02-14 13:00:00,0.2022,0.2025,0.1975,0.1978,3566306.8,2026-02-14 13:59:59.999,714431.42786000,12418,1773425.50000000,355720.16948000,0
2026-02-14 14:00:00,0.1978,0.2023,0.1973,0.2013,4044593.4,2026-02-14 14:59:59.999,810037.82985000,11048,1998516.30000000,400336.44510000,0
2026-02-14 15:00:00,0.2014,0.2019,0.1917,0.193,6240056.2,2026-02-14 15:59:59.999,1223470.40857000,17431,2678725.50000000,525795.59728000,0
2026-02-14 16:00:00,0.193,0.1931,0.1867,0.187,8550990.4,2026-02-14 16:59:59.999,1618882.65150000,29324,4232793.00000000,801248.19471000,0
2026-02-14 17:00:00,0.187,0.1907,0.1836,0.1885,8200317.3,2026-02-14 17:59:59.999,1535668.88464000,28361,4596206.00000000,861656.84872000,0
2026-02-14 18:00:00,0.1885,0.1923,0.1873,0.1894,4901080.1,2026-02-14 18:59:59.999,927287.14847000,14039,2924660.70000000,553165.63947000,0
2026-02-14 19:00:00,0.1894,0.1938,0.189,0.1932,3739094.7,2026-02-14 19:59:59.999,717575.73026000,9535,2179101.70000000,418262.32098000,0
2026-02-14 20:00:00,0.1933,0.1976,0.193,0.1969,5220579.5,2026-02-14 20:59:59.999,1019049.72110000,12092,2874581.90000000,561195.41970000,0
2026-02-14 21:00:00,0.197,0.2018,0.1965,0.2001,7730514.7,2026-02-14 21:59:59.999,1540890.22371000,17390,4121786.10000000,821383.31841000,0
2026-02-14 22:00:00,0.2,0.2012,0.1947,0.1956,4205967.3,2026-02-14 22:59:59.999,829921.30576000,10730,2000419.40000000,395199.54603000,0
2026-02-14 23:00:00,0.1956,0.1995,0.1935,0.1942,3043275.6,2026-02-14 23:59:59.999,598721.84601000,9005,1425628.60000000,280940.83695000,0
2026-02-15 00:00:00,0.1942,0.2008,0.1875,0.1982,7491516.2,2026-02-15 00:59:59.999,1453548.88645000,15341,3822402.40000000,742129.10924000,0
2026-02-15 01:00:00,0.1982,0.2072,0.1908,0.2063,6469346.0,2026-02-15 01:59:59.999,1277379.09132000,16401,3458884.40000000,684448.77325000,0
2026-02-15 02:00:00,0.2063,0.2187,0.2024,0.2092,12106965.6,2026-02-15 02:59:59.999,2541809.93380000,37099,5892247.70000000,1236748.88195000,0
2026-02-15 03:00:00,0.2092,0.2101,0.2011,0.2062,6349754.2,2026-02-15 03:59:59.999,1309307.14955000,18643,3121970.00000000,643835.35838000,0
2026-02-15 04:00:00,0.2062,0.2125,0.2051,0.2081,4887795.9,2026-02-15 04:59:59.999,1022707.09030000,14870,2454062.00000000,513169.10201000,0
2026-02-15 05:00:00,0.208,0.212,0.2064,0.2095,3235705.5,2026-02-15 05:59:59.999,677293.37942000,9413,1798827.80000000,376408.99128000,0
2026-02-15 06:00:00,0.2094,0.2168,0.2077,0.2163,6197726.4,2026-02-15 06:59:59.999,1324281.21211000,22186,2981131.00000000,636851.73209000,0
2026-02-15 07:00:00,0.2163,0.2222,0.215,0.2191,5555797.2,2026-02-15 07:59:59.999,1214044.04403000,14528,3021637.80000000,660525.89211000,0
2026-02-15 08:00:00,0.219,0.2235,0.2157,0.2195,5547569.4,2026-02-15 08:59:59.999,1218964.81265000,17455,2893516.70000000,636101.69797000,0
2026-02-15 09:00:00,0.2196,0.2269,0.2196,0.2245,5037847.6,2026-02-15 09:59:59.999,1123093.06518000,13075,2542462.60000000,566884.54445000,0
2026-02-15 10:00:00,0.2245,0.2284,0.2204,0.2208,6149515.5,2026-02-15 10:59:59.999,1382460.49339000,18669,3161034.60000000,711303.49387000,0
2026-02-15 11:00:00,0.2208,0.2295,0.2191,0.2288,6159617.8,2026-02-15 11:59:59.999,1385317.07989000,16441,3038467.80000000,683693.45785000,0
2026-02-15 12:00:00,0.2287,0.2304,0.2111,0.2145,10416451.2,2026-02-15 12:59:59.999,2298443.40123000,28486,4850768.40000000,1073504.57253000,0
2026-02-15 13:00:00,0.2145,0.2254,0.2144,0.2213,8677366.2,2026-02-15 13:59:59.999,1923887.11409000,21196,4611812.70000000,1021415.50146000,0
2026-02-15 14:00:00,0.2213,0.2264,0.2179,0.2231,5245503.6,2026-02-15 14:59:59.999,1166508.99890000,11481,2395261.20000000,532691.86768000,0
2026-02-15 15:00:00,0.2232,0.2275,0.2192,0.22,4447738.4,2026-02-15 15:59:59.999,993331.60886000,10070,2090173.40000000,467381.32654000,0
2026-02-15 16:00:00,0.2201,0.2224,0.2183,0.2209,4111321.8,2026-02-15 16:59:59.999,903562.67862000,9649,2102004.90000000,462045.80590000,0
2026-02-15 17:00:00,0.2209,0.2229,0.2191,0.2223,2249237.3,2026-02-15 17:59:59.999,496791.12888000,6768,1360197.50000000,300529.49354000,0
2026-02-15 18:00:00,0.2223,0.2225,0.2178,0.22,2270346.7,2026-02-15 18:59:59.999,498587.14064000,5774,1059190.80000000,232671.58443000,0
2026-02-15 19:00:00,0.22,0.2215,0.2168,0.2173,1819412.8,2026-02-15 19:59:59.999,398737.42544000,4452,788135.70000000,172893.78546000,0
2026-02-15 20:00:00,0.2173,0.2173,0.2133,0.2165,2250909.8,2026-02-15 20:59:59.999,484454.91886000,5562,1037453.20000000,223310.63754000,0
2026-02-15 21:00:00,0.2165,0.2203,0.2157,0.2165,2116032.9,2026-02-15 21:59:59.999,460753.60839000,5509,1110312.10000000,241852.71226000,0
2026-02-15 22:00:00,0.2165,0.2185,0.2117,0.213,1419398.1,2026-02-15 22:59:59.999,305418.74974000,3874,615141.80000000,132494.65601000,0
2026-02-15 23:00:00,0.213,0.2134,0.2058,0.2082,3077648.3,2026-02-15 23:59:59.999,643946.26555000,6261,1426657.80000000,298732.87782000,0
2026-02-16 00:00:00,0.2082,0.2211,0.207,0.2089,10028767.6,2026-02-16 00:59:59.999,2146907.49408000,22023,5320836.70000000,1139190.03147000,0
2026-02-16 01:00:00,0.2089,0.2089,0.2005,0.2053,4944922.0,2026-02-16 01:59:59.999,1012295.18783000,11032,2271465.70000000,464780.40714000,0
2026-02-16 02:00:00,0.2051,0.2106,0.2046,0.2079,2268813.5,2026-02-16 02:59:59.999,471731.31969000,6125,1192480.90000000,247755.28971000,0
2026-02-16 03:00:00,0.208,0.217,0.2064,0.2157,4869591.7,2026-02-16 03:59:59.999,1034863.26536000,10628,2339232.50000000,497592.63804000,0
2026-02-16 04:00:00,0.2157,0.2166,0.2104,0.211,2525823.1,2026-02-16 04:59:59.999,540049.29941000,6507,1134096.20000000,242605.09527000,0
2026-02-16 05:00:00,0.211,0.2175,0.2091,0.2091,3390306.9,2026-02-16 05:59:59.999,724174.98171000,7927,1728930.00000000,369195.17155000,0
2026-02-16 06:00:00,0.2091,0.2099,0.2021,0.2026,2935207.1,2026-02-16 06:59:59.999,602532.72610000,7041,1419724.30000000,291011.27032000,0
2026-02-16 07:00:00,0.2027,0.2062,0.2024,0.2052,2487992.6,2026-02-16 07:59:59.999,508822.07674000,7325,1423531.30000000,291181.68094000,0
2026-02-16 08:00:00,0.2053,0.2109,0.2048,0.208,1822388.2,2026-02-16 08:59:59.999,379339.47327000,5849,780279.90000000,162424.63067000,0
2026-02-16 09:00:00,0.2081,0.2092,0.2047,0.2051,1370909.2,2026-02-16 09:59:59.999,282810.67529000,3613,603950.30000000,124556.79928000,0
2026-02-16 10:00:00,0.2053,0.2065,0.2038,0.2055,1448357.6,2026-02-16 10:59:59.999,296959.03559000,3582,723286.30000000,148304.48363000,0
2026-02-16 11:00:00,0.2055,0.2061,0.2043,0.2051,696165.3,2026-02-16 11:59:59.999,142861.40162000,2128,293444.30000000,60217.18089000,0
2026-02-16 12:00:00,0.205,0.208,0.2043,0.2046,1748920.9,2026-02-16 12:59:59.999,360088.18664000,4994,840198.60000000,172938.76247000,0
2026-02-16 13:00:00,0.2046,0.2074,0.2036,0.2063,1237479.2,2026-02-16 13:59:59.999,254391.99375000,4062,566775.20000000,116498.23945000,0
2026-02-16 14:00:00,0.2063,0.2072,0.2048,0.2068,902792.3,2026-02-16 14:59:59.999,186045.70684000,2973,432483.60000000,89167.19763000,0
2026-02-16 15:00:00,0.2067,0.2075,0.2042,0.2052,1311373.7,2026-02-16 15:59:59.999,269286.83942000,4295,651419.60000000,133761.12624000,0
2026-02-16 16:00:00,0.2053,0.2072,0.2037,0.2055,1236778.0,2026-02-16 16:59:59.999,253954.09927000,3831,552606.30000000,113472.57575000,0
2026-02-16 17:00:00,0.2054,0.2098,0.2049,0.2096,1118868.9,2026-02-16 17:59:59.999,232051.67951000,3216,514663.00000000,106852.54050000,0
2026-02-16 18:00:00,0.2096,0.2133,0.2094,0.2099,1888957.5,2026-02-16 18:59:59.999,399265.11080000,4693,931652.60000000,196942.16259000,0
2026-02-16 19:00:00,0.2098,0.2122,0.2096,0.2108,882098.1,2026-02-16 19:59:59.999,186085.35362000,2736,381326.60000000,80457.58452000,0
2026-02-16 20:00:00,0.2109,0.2119,0.209,0.2092,1434287.7,2026-02-16 20:59:59.999,301112.44667000,2994,505709.60000000,106155.75226000,0
2026-02-16 21:00:00,0.2092,0.2092,0.2069,0.2078,449937.4,2026-02-16 21:59:59.999,93648.53770000,1659,184912.30000000,38477.94334000,0
2026-02-16 22:00:00,0.2078,0.2098,0.2052,0.2088,917629.9,2026-02-16 22:59:59.999,190406.98494000,2146,379861.40000000,78899.42200000,0
2026-02-16 23:00:00,0.2089,0.2099,0.207,0.2071,582453.2,2026-02-16 23:59:59.999,121569.64378000,1863,267611.70000000,55882.08097000,0
2026-02-17 00:00:00,0.2071,0.2095,0.2039,0.2055,1894959.2,2026-02-17 00:59:59.999,390626.15324000,4740,877326.90000000,180832.07078000,0
2026-02-17 01:00:00,0.2056,0.2062,0.2043,0.2051,1066179.5,2026-02-17 01:59:59.999,218742.01521000,2515,534797.60000000,109703.71834000,0
2026-02-17 02:00:00,0.205,0.2061,0.2045,0.205,634273.3,2026-02-17 02:59:59.999,130130.27671000,1990,330502.60000000,67796.87170000,0
2026-02-17 03:00:00,0.2049,0.2062,0.2031,0.2056,1766577.5,2026-02-17 03:59:59.999,361559.18678000,4629,1002692.00000000,205190.58259000,0
2026-02-17 04:00:00,0.2056,0.2081,0.2048,0.208,694515.8,2026-02-17 04:59:59.999,143135.89736000,2379,293004.60000000,60421.14534000,0
2026-02-17 05:00:00,0.208,0.2157,0.2076,0.2142,2570113.9,2026-02-17 05:59:59.999,546043.45492000,5462,1348995.60000000,286702.72404000,0
2026-02-17 06:00:00,0.2141,0.2169,0.2042,0.2068,3449756.3,2026-02-17 06:59:59.999,725751.96874000,7432,1649633.50000000,346814.15453000,0
2026-02-17 07:00:00,0.2068,0.212,0.2057,0.2073,2028034.5,2026-02-17 07:59:59.999,423853.35904000,4878,1150449.40000000,240574.65960000,0
2026-02-17 08:00:00,0.2072,0.2075,0.2044,0.2074,1146419.9,2026-02-17 08:59:59.999,235825.56347000,2973,600168.20000000,123396.85017000,0
2026-02-17 09:00:00,0.2075,0.2099,0.2056,0.2095,1548029.5,2026-02-17 09:59:59.999,321720.91114000,4229,734528.00000000,152692.28414000,0
2026-02-17 10:00:00,0.2095,0.2099,0.2042,0.206,1759025.3,2026-02-17 10:59:59.999,363950.26597000,4834,831424.60000000,171974.07703000,0
2026-02-17 11:00:00,0.2061,0.2063,0.2037,0.2051,1215767.4,2026-02-17 11:59:59.999,249166.11896000,2978,543138.00000000,111337.36195000,0
2026-02-17 12:00:00,0.2051,0.2071,0.2042,0.2052,958853.5,2026-02-17 12:59:59.999,197282.03086000,2541,423546.20000000,87144.80560000,0
2026-02-17 13:00:00,0.2051,0.2058,0.2042,0.2047,1126144.8,2026-02-17 13:59:59.999,230800.04562000,2535,482462.10000000,98894.48150000,0
2026-02-17 14:00:00,0.2047,0.2082,0.2043,0.2074,1311600.6,2026-02-17 14:59:59.999,270330.29290000,3296,645285.90000000,132915.55302000,0
2026-02-17 15:00:00,0.2074,0.2076,0.2047,0.2066,1123745.6,2026-02-17 15:59:59.999,231406.61192000,3091,516713.00000000,106422.98375000,0
2026-02-17 16:00:00,0.2065,0.2105,0.2065,0.2078,1163084.8,2026-02-17 16:59:59.999,242721.32251000,2877,538885.70000000,112423.74683000,0
2026-02-17 17:00:00,0.2077,0.208,0.2059,0.2063,861964.9,2026-02-17 17:59:59.999,178365.48593000,2125,412075.70000000,85280.67490000,0
2026-02-17 18:00:00,0.2062,0.2078,0.2059,0.2064,570015.9,2026-02-17 18:59:59.999,117925.52545000,1317,288487.70000000,59682.13001000,0
2026-02-17 19:00:00,0.2063,0.2093,0.2046,0.2078,969661.0,2026-02-17 19:59:59.999,200358.55005000,1863,383116.60000000,79252.10407000,0
2026-02-17 20:00:00,0.2078,0.2086,0.2053,0.2063,540300.6,2026-02-17 20:59:59.999,111803.06467000,1209,261392.70000000,54020.89825000,0
2026-02-17 21:00:00,0.2063,0.2071,0.2056,0.2058,317623.5,2026-02-17 21:59:59.999,65539.28111000,765,144806.00000000,29880.59669000,0
2026-02-17 22:00:00,0.2059,0.2065,0.2048,0.206,464831.7,2026-02-17 22:59:59.999,95557.50393000,981,258556.50000000,53156.84824000,0
2026-02-17 23:00:00,0.206,0.2064,0.2046,0.2053,434324.6,2026-02-17 23:59:59.999,89185.80154000,1057,217108.70000000,44573.01147000,0
2026-02-18 00:00:00,0.2053,0.2071,0.2043,0.2052,901517.9,2026-02-18 00:59:59.999,185061.65364000,2106,475527.90000000,97585.85528000,0
2026-02-18 01:00:00,0.2052,0.2081,0.2049,0.2066,928310.0,2026-02-18 01:59:59.999,191379.68767000,2359,514761.20000000,106113.20077000,0
2026-02-18 02:00:00,0.2066,0.214,0.2061,0.2133,4015849.9,2026-02-18 02:59:59.999,844484.29002000,7592,2586127.10000000,544122.15913000,0
2026-02-18 03:00:00,0.2133,0.2183,0.2068,0.2127,7862576.4,2026-02-18 03:59:59.999,1680958.05525000,16260,4213414.50000000,901270.74648000,0
2026-02-18 04:00:00,0.2128,0.2209,0.2128,0.2188,5049587.1,2026-02-18 04:59:59.999,1096825.77245000,12956,2682711.00000000,582692.75940000,0
2026-02-18 05:00:00,0.2188,0.2436,0.2188,0.2399,15301816.5,2026-02-18 05:59:59.999,3567469.04590000,33709,8246614.90000000,1923729.34147000,0
2026-02-18 06:00:00,0.24,0.2429,0.2307,0.2369,10644146.3,2026-02-18 06:59:59.999,2524739.53212000,28800,5465159.90000000,1296188.58156000,0
2026-02-18 07:00:00,0.2368,0.2478,0.2363,0.2467,11786186.9,2026-02-18 07:59:59.999,2861021.70741000,30907,6022798.20000000,1462061.26016000,0
2026-02-18 08:00:00,0.2467,0.2467,0.2338,0.2366,7830632.6,2026-02-18 08:59:59.999,1875010.68231000,17570,3346857.70000000,801687.13371000,0
2026-02-18 09:00:00,0.2367,0.2388,0.2303,0.2365,5708875.1,2026-02-18 09:59:59.999,1338113.88041000,15071,2945501.70000000,691174.86808000,0
2026-02-18 10:00:00,0.2366,0.2393,0.233,0.2351,4020084.7,2026-02-18 10:59:59.999,950462.76245000,13575,1997531.00000000,472087.47123000,0
2026-02-18 11:00:00,0.2352,0.2413,0.2339,0.2389,4300714.3,2026-02-18 11:59:59.999,1021311.44891000,14074,2343049.00000000,556803.08427000,0
2026-02-18 12:00:00,0.2389,0.2416,0.2359,0.239,3042934.7,2026-02-18 12:59:59.999,727299.65745000,10658,1667699.80000000,398857.48364000,0
2026-02-18 13:00:00,0.2389,0.2395,0.2309,0.2341,3164605.4,2026-02-18 13:59:59.999,742189.01277000,8765,1405379.50000000,329554.49745000,0
2026-02-18 14:00:00,0.2342,0.2343,0.2285,0.2317,2669718.5,2026-02-18 14:59:59.999,617388.31577000,6821,1210583.80000000,279972.82592000,0
2026-02-18 15:00:00,0.2315,0.2337,0.2283,0.232,1988050.8,2026-02-18 15:59:59.999,459505.52707000,5792,904644.20000000,209105.67161000,0
2026-02-18 16:00:00,0.232,0.2397,0.2305,0.2351,2731733.6,2026-02-18 16:59:59.999,643618.79291000,8825,1298679.60000000,306298.28848000,0
2026-02-18 17:00:00,0.2351,0.2355,0.2284,0.2291,2041985.3,2026-02-18 17:59:59.999,472352.66209000,6000,810257.90000000,187397.67860000,0
2026-02-18 18:00:00,0.2292,0.2294,0.2253,0.2272,2326610.2,2026-02-18 18:59:59.999,529126.66852000,6182,995285.70000000,226405.83777000,0
2026-02-18 19:00:00,0.2272,0.228,0.2217,0.2221,2346576.0,2026-02-18 19:59:59.999,525992.04882000,5988,1162184.30000000,260446.72533000,0
2026-02-18 20:00:00,0.2222,0.2237,0.2195,0.2204,1460487.8,2026-02-18 20:59:59.999,324429.26318000,4441,618131.50000000,137314.66364000,0
2026-02-18 21:00:00,0.2204,0.2212,0.2174,0.2178,1153016.0,2026-02-18 21:59:59.999,252534.85929000,3691,443628.30000000,97187.51742000,0
2026-02-18 22:00:00,0.2177,0.2181,0.214,0.2161,914664.5,2026-02-18 22:59:59.999,197551.09602000,2296,424198.50000000,91596.88489000,0
2026-02-18 23:00:00,0.2161,0.2201,0.2134,0.2169,2836012.3,2026-02-18 23:59:59.999,615681.31501000,5698,1683988.10000000,365428.78247000,0
2026-02-19 00:00:00,0.217,0.2221,0.2127,0.2192,4142266.9,2026-02-19 00:59:59.999,901916.97155000,10243,2290058.10000000,499129.45219000,0
2026-02-19 01:00:00,0.2193,0.2259,0.218,0.2199,5087862.4,2026-02-19 01:59:59.999,1129527.15427000,13879,3133269.10000000,695656.64078000,0
2026-02-19 02:00:00,0.2199,0.2235,0.2188,0.2228,2283149.6,2026-02-19 02:59:59.999,505291.01229000,9250,1259513.80000000,278858.66974000,0
2026-02-19 03:00:00,0.2228,0.2235,0.2197,0.2213,3148974.7,2026-02-19 03:59:59.999,699270.30899000,10028,1663842.70000000,369454.30671000,0
2026-02-19 04:00:00,0.2213,0.2243,0.2198,0.2237,1917548.2,2026-02-19 04:59:59.999,426481.89148000,6218,985205.80000000,219221.07360000,0
2026-02-19 05:00:00,0.2236,0.2266,0.2233,0.2265,1610277.9,2026-02-19 05:59:59.999,361725.25814000,5556,850726.10000000,191199.87035000,0
2026-02-19 06:00:00,0.2266,0.2336,0.2251,0.2324,3889854.7,2026-02-19 06:59:59.999,890865.39069000,9552,2093377.90000000,479594.77168000,0
2026-02-19 07:00:00,0.2323,0.2323,0.2272,0.2312,2812994.8,2026-02-19 07:59:59.999,646273.30666000,7905,1469251.00000000,337599.06064000,0
2026-02-19 08:00:00,0.2312,0.2335,0.2283,0.2296,3041341.3,2026-02-19 08:59:59.999,702731.28314000,8040,1491914.00000000,344877.25003000,0
2026-02-19 09:00:00,0.2297,0.2321,0.2254,0.2307,3797182.6,2026-02-19 09:59:59.999,870079.31228000,8715,1742570.90000000,399371.03115000,0
2026-02-19 10:00:00,0.2307,0.2331,0.2281,0.2308,2113715.2,2026-02-19 10:59:59.999,488017.51344000,4903,966237.00000000,223406.77553000,0
2026-02-19 11:00:00,0.2307,0.2353,0.2292,0.2344,2652650.0,2026-02-19 11:59:59.999,614652.27480000,4973,1575641.80000000,365193.52576000,0
2026-02-19 12:00:00,0.2344,0.2374,0.232,0.2342,3391189.7,2026-02-19 12:59:59.999,796255.46519000,7944,1767850.60000000,415277.38505000,0
2026-02-19 13:00:00,0.2341,0.2343,0.2274,0.2282,3005910.6,2026-02-19 13:59:59.999,689961.14798000,8958,1360559.80000000,312376.26271000,0
2026-02-19 14:00:00,0.2283,0.2327,0.2276,0.2323,2089223.7,2026-02-19 14:59:59.999,481353.44632000,7532,1223945.50000000,282066.51280000,0
2026-02-19 15:00:00,0.2322,0.2351,0.2305,0.2333,2006995.0,2026-02-19 15:59:59.999,467315.42656000,5832,1084154.50000000,252535.93611000,0
2026-02-19 16:00:00,0.2332,0.2363,0.2317,0.2321,2098497.0,2026-02-19 16:59:59.999,491740.98538000,5345,1196424.80000000,280443.83811000,0
2026-02-19 17:00:00,0.2322,0.2357,0.2314,0.2355,2000996.8,2026-02-19 17:59:59.999,466934.02264000,4909,1103784.80000000,257704.69057000,0
2026-02-19 18:00:00,0.2354,0.2395,0.2353,0.2384,3235997.8,2026-02-19 18:59:59.999,769924.60708000,7181,1592365.80000000,379037.19182000,0
2026-02-19 19:00:00,0.2383,0.2447,0.2378,0.244,3264409.4,2026-02-19 19:59:59.999,786742.72786000,7687,1798733.20000000,433580.26277000,0
2026-02-19 20:00:00,0.2441,0.247,0.2394,0.2455,3387841.9,2026-02-19 20:59:59.999,823662.47803000,8527,1741276.00000000,423539.43897000,0
2026-02-19 21:00:00,0.2455,0.247,0.2406,0.2425,2912512.4,2026-02-19 21:59:59.999,709929.72629000,7635,1495444.10000000,364560.28923000,0
2026-02-19 22:00:00,0.2424,0.2463,0.2414,0.2424,2262366.1,2026-02-19 22:59:59.999,550340.22772000,4829,1260293.40000000,306580.41868000,0
2026-02-19 23:00:00,0.2425,0.2444,0.2379,0.24,3048303.8,2026-02-19 23:59:59.999,734650.47207000,10137,1397782.20000000,336945.01694000,0
2026-02-20 00:00:00,0.2399,0.2518,0.2397,0.2482,5850479.1,2026-02-20 00:59:59.999,1446527.17434000,20913,3411744.80000000,844056.63650000,0
2026-02-20 01:00:00,0.2483,0.2566,0.2482,0.2522,8294334.2,2026-02-20 01:59:59.999,2091878.91294000,22890,4492383.70000000,1133648.61363000,0
2026-02-20 02:00:00,0.2523,0.2527,0.229,0.2458,11529976.1,2026-02-20 02:59:59.999,2776812.04597000,30724,5452200.50000000,1314366.19817000,0
2026-02-20 03:00:00,0.2458,0.2582,0.2442,0.2481,5420066.1,2026-02-20 03:59:59.999,1363612.50077000,16934,2776922.60000000,698256.24981000,0
2026-02-20 04:00:00,0.248,0.259,0.2472,0.2569,4537718.0,2026-02-20 04:59:59.999,1148152.11769000,14634,2495741.90000000,631618.06518000,0
2026-02-20 05:00:00,0.257,0.268,0.2568,0.2671,6463698.3,2026-02-20 05:59:59.999,1700037.31636000,22592,3777375.30000000,993977.22856000,0
2026-02-20 06:00:00,0.2672,0.2752,0.2629,0.2699,8608005.2,2026-02-20 06:59:59.999,2311202.61963000,28832,4291492.50000000,1153674.47025000,0
2026-02-20 07:00:00,0.27,0.2711,0.2585,0.2648,4563322.9,2026-02-20 07:59:59.999,1206273.72453000,17337,2069671.80000000,546872.31989000,0
2026-02-20 08:00:00,0.2648,0.2733,0.2641,0.2679,4403164.5,2026-02-20 08:59:59.999,1186182.88995000,12049,2231971.30000000,601474.11462000,0
2026-02-20 09:00:00,0.2678,0.2737,0.2678,0.2698,3863488.6,2026-02-20 09:59:59.999,1045642.08838000,10120,2059998.90000000,557577.20387000,0
2026-02-20 10:00:00,0.2698,0.2709,0.2639,0.2694,2891120.1,2026-02-20 10:59:59.999,771314.57145000,8556,1452252.20000000,387345.51748000,0
2026-02-20 11:00:00,0.2696,0.2706,0.2661,0.2703,1684174.2,2026-02-20 11:59:59.999,451988.79268000,5821,946647.20000000,254109.28752000,0
2026-02-20 12:00:00,0.2702,0.28,0.2702,0.2727,5502730.2,2026-02-20 12:59:59.999,1513108.63913000,13543,2662932.30000000,732495.77314000,0
2026-02-20 13:00:00,0.2728,0.2775,0.267,0.2706,5014161.2,2026-02-20 13:59:59.999,1363868.65691000,13686,2380011.20000000,648042.68658000,0
2026-02-20 14:00:00,0.2705,0.277,0.2698,0.2741,3085060.4,2026-02-20 14:59:59.999,843365.90395000,8428,1593945.80000000,435710.18616000,0
2026-02-20 15:00:00,0.2742,0.2792,0.2721,0.2788,3174337.8,2026-02-20 15:59:59.999,874148.62818000,8696,1526502.40000000,420284.13047000,0
2026-02-20 16:00:00,0.2789,0.2806,0.2744,0.2761,2463070.6,2026-02-20 16:59:59.999,683850.13200000,8653,1224387.10000000,340187.60165000,0
2026-02-20 17:00:00,0.2762,0.2814,0.2743,0.2778,2127304.0,2026-02-20 17:59:59.999,591694.00850000,7626,1153298.20000000,320906.78225000,0
2026-02-20 18:00:00,0.2778,0.2889,0.2765,0.2831,4880402.2,2026-02-20 18:59:59.999,1386023.00230000,15613,2419377.50000000,687004.05895000,0
2026-02-20 19:00:00,0.2831,0.2853,0.2764,0.2773,2620096.1,2026-02-20 19:59:59.999,736055.73014000,8346,1147065.30000000,322373.05316000,0
2026-02-20 20:00:00,0.2773,0.2807,0.2715,0.2715,2903355.6,2026-02-20 20:59:59.999,800303.20062000,7046,1410991.40000000,388943.04571000,0
2026-02-20 21:00:00,0.2716,0.2734,0.2685,0.2705,2334986.4,2026-02-20 21:59:59.999,632133.74218000,5855,969122.60000000,262838.01189000,0
2026-02-20 22:00:00,0.2705,0.2712,0.2659,0.267,1834795.7,2026-02-20 22:59:59.999,491939.58996000,4789,723172.50000000,194149.46520000,0
2026-02-20 23:00:00,0.267,0.2675,0.2555,0.2621,3666775.7,2026-02-20 23:59:59.999,958766.04437000,8776,1438753.90000000,375678.37139000,0
2026-02-21 00:00:00,0.2622,0.2734,0.2581,0.268,5463882.6,2026-02-21 00:59:59.999,1458058.49411000,15503,2788075.90000000,744495.35154000,0
2026-02-21 01:00:00,0.2679,0.2679,0.2511,0.2602,5945217.3,2026-02-21 01:59:59.999,1536297.76015000,15869,2582129.30000000,667048.99549000,0
2026-02-21 02:00:00,0.2603,0.2609,0.2497,0.2502,5833678.2,2026-02-21 02:59:59.999,1490541.15925000,15600,2862035.40000000,731030.60235000,0
2026-02-21 03:00:00,0.2502,0.2538,0.2463,0.2492,6550234.1,2026-02-21 03:59:59.999,1634987.30647000,23081,3179471.60000000,793849.98269000,0
2026-02-21 04:00:00,0.2492,0.2502,0.2353,0.2411,8104670.9,2026-02-21 04:59:59.999,1953309.30883000,29259,3863563.20000000,930502.78520000,0
2026-02-21 05:00:00,0.241,0.2438,0.2384,0.2397,6125744.3,2026-02-21 05:59:59.999,1477044.87513000,16967,3041436.30000000,733334.91947000,0
2026-02-21 06:00:00,0.2397,0.2404,0.2363,0.2389,4020908.9,2026-02-21 06:59:59.999,958683.04503000,12953,1937907.70000000,462226.03917000,0
2026-02-21 07:00:00,0.2388,0.243,0.2365,0.2411,5213874.9,2026-02-21 07:59:59.999,1255220.87290000,15760,2972843.10000000,716172.51482000,0
2026-02-21 08:00:00,0.2411,0.2425,0.2323,0.2366,6845989.8,2026-02-21 08:59:59.999,1614067.94330000,17447,2908998.80000000,686647.53881000,0
2026-02-21 09:00:00,0.2365,0.2409,0.2335,0.2397,5271603.2,2026-02-21 09:59:59.999,1256674.12790000,13843,3054010.90000000,728793.93933000,0
2026-02-21 10:00:00,0.2397,0.2397,0.2358,0.237,3830426.4,2026-02-21 10:59:59.999,909106.57958000,12344,1986797.30000000,471411.72410000,0
2026-02-21 11:00:00,0.237,0.2382,0.2344,0.2354,3448107.5,2026-02-21 11:59:59.999,814775.29946000,11335,1842983.70000000,435437.43295000,0
2026-02-21 12:00:00,0.2354,0.2362,0.2258,0.2275,5537381.3,2026-02-21 12:59:59.999,1276884.99548000,17720,2535665.10000000,584793.61411000,0
2026-02-21 13:00:00,0.2275,0.2291,0.2242,0.2275,4119076.9,2026-02-21 13:59:59.999,932398.30185000,14604,1853528.70000000,419651.39884000,0
2026-02-21 14:00:00,0.2276,0.2278,0.2225,0.2243,4104525.8,2026-02-21 14:59:59.999,923823.69448000,14156,1854973.00000000,417628.05229000,0
2026-02-21 15:00:00,0.2244,0.2266,0.223,0.2244,2881659.3,2026-02-21 15:59:59.999,647654.89946000,12902,1550977.70000000,348679.05889000,0
2026-02-21 16:00:00,0.2245,0.2271,0.223,0.2237,3328205.4,2026-02-21 16:59:59.999,748745.25094000,11560,1672184.80000000,376413.55137000,0
2026-02-21 17:00:00,0.2236,0.2237,0.213,0.2139,8038136.7,2026-02-21 17:59:59.999,1756994.71770000,19773,4355980.80000000,951098.08247000,0
2026-02-21 18:00:00,0.2139,0.2157,0.206,0.2136,18437008.4,2026-02-21 18:59:59.999,3871184.65970000,41862,10059139.10000000,2110678.04138000,0
2026-02-21 19:00:00,0.2137,0.2162,0.2103,0.2106,5363169.8,2026-02-21 19:59:59.999,1147530.86874000,11884,2978052.60000000,637085.01829000,0
2026-02-21 20:00:00,0.2106,0.214,0.2092,0.2135,3192632.8,2026-02-21 20:59:59.999,677553.88024000,7483,1708136.70000000,362453.60286000,0
2026-02-21 21:00:00,0.2135,0.2147,0.2105,0.2143,3106660.2,2026-02-21 21:59:59.999,661583.39070000,5717,1660810.40000000,353621.73625000,0
2026-02-21 22:00:00,0.2143,0.2234,0.214,0.2208,6334425.7,2026-02-21 22:59:59.999,1385487.02046000,11206,2732779.30000000,597941.13744000,0
2026-02-21 23:00:00,0.2207,0.2247,0.2199,0.221,10703695.7,2026-02-21 23:59:59.999,2375286.08019000,17923,5867485.10000000,1303006.36253000,0
2026-02-22 00:00:00,0.2209,0.2308,0.2149,0.2247,14606050.7,2026-02-22 00:59:59.999,3286777.20010000,30318,8076179.90000000,1817800.33350000,0
2026-02-22 01:00:00,0.2246,0.2281,0.2154,0.2258,7969368.5,2026-02-22 01:59:59.999,1764814.13437000,19484,4111534.10000000,910027.53893000,0
2026-02-22 02:00:00,0.2259,0.2282,0.2199,0.2235,6424266.9,2026-02-22 02:59:59.999,1437808.89990000,16791,3324406.60000000,744596.62504000,0
2026-02-22 03:00:00,0.2235,0.2262,0.216,0.2181,4173543.2,2026-02-22 03:59:59.999,924319.29854000,10351,1722600.70000000,382107.16444000,0
2026-02-22 04:00:00,0.2181,0.2193,0.2092,0.2092,3465722.4,2026-02-22 04:59:59.999,745693.30494000,8885,1634572.30000000,351942.33312000,0
2026-02-22 05:00:00,0.2093,0.2164,0.2006,0.2143,13942236.9,2026-02-22 05:59:59.999,2917192.09927000,20807,6804983.80000000,1424435.93976000,0
2026-02-22 06:00:00,0.2143,0.2286,0.2143,0.224,8434210.1,2026-02-22 06:59:59.999,1873483.51723000,17027,3889449.10000000,863884.94292000,0
2026-02-22 07:00:00,0.224,0.2395,0.2232,0.2372,11622174.8,2026-02-22 07:59:59.999,2722111.31580000,26212,5892602.80000000,1381061.39821000,0
2026-02-22 08:00:00,0.2372,0.245,0.2357,0.2365,12769194.0,2026-02-22 08:59:59.999,3070890.52091000,30850,6158346.20000000,1482467.81243000,0
2026-02-22 09:00:00,0.2365,0.2496,0.2338,0.2398,10993960.8,2026-02-22 09:59:59.999,2659100.74381000,26675,5404925.00000000,1307770.10712000,0
2026-02-22 10:00:00,0.2398,0.2483,0.2388,0.2446,5858842.7,2026-02-22 10:59:59.999,1432647.45543000,17624,3222378.30000000,788350.95928000,0
2026-02-22 11:00:00,0.2446,0.2519,0.2426,0.2503,5955327.3,2026-02-22 11:59:59.999,1461965.79453000,17982,2492374.20000000,612547.66166000,0
2026-02-22 12:00:00,0.2502,0.2577,0.2481,0.2546,8637151.1,2026-02-22 12:59:59.999,2179201.15055000,22440,4060870.80000000,1024795.23707000,0
2026-02-22 13:00:00,0.2545,0.2598,0.2491,0.2509,8357546.2,2026-02-22 13:59:59.999,2126702.70042000,19213,3944019.10000000,1004110.39308000,0
2026-02-22 14:00:00,0.251,0.2551,0.2451,0.2483,11581505.1,2026-02-22 14:59:59.999,2891125.64648000,21578,4754547.20000000,1187188.06072000,0
2026-02-22 15:00:00,0.2482,0.252,0.2439,0.2441,9863969.6,2026-02-22 15:59:59.999,2439986.41758000,19634,4623644.80000000,1143351.96978000,0
2026-02-22 16:00:00,0.244,0.2547,0.2425,0.2545,8764925.0,2026-02-22 16:59:59.999,2164995.32331000,25237,4389428.70000000,1085322.35168000,0
2026-02-22 17:00:00,0.2545,0.2573,0.2523,0.2541,5050298.6,2026-02-22 17:59:59.999,1287510.68559000,15681,2840413.00000000,724255.97671000,0
2026-02-22 18:00:00,0.2541,0.2552,0.2488,0.2511,3319556.2,2026-02-22 18:59:59.999,833861.05394000,8926,1849636.80000000,464597.59106000,0
2026-02-22 19:00:00,0.251,0.2534,0.2491,0.2509,2779712.1,2026-02-22 19:59:59.999,697883.25978000,7495,1476976.80000000,370876.64032000,0
2026-02-22 20:00:00,0.2509,0.2559,0.2507,0.2556,2627802.5,2026-02-22 20:59:59.999,666889.11801000,8528,1550916.00000000,393687.47968000,0
2026-02-22 21:00:00,0.2556,0.256,0.2514,0.255,2588518.7,2026-02-22 21:59:59.999,656836.87543000,9055,1524629.60000000,386848.85221000,0
2026-02-22 22:00:00,0.255,0.2575,0.2538,0.2563,2064775.1,2026-02-22 22:59:59.999,528456.84139000,6207,1176004.30000000,300945.36202000,0
2026-02-22 23:00:00,0.2563,0.2589,0.2544,0.2564,3276001.0,2026-02-22 23:59:59.999,840159.50953000,8398,1877659.40000000,481563.15808000,0
2026-02-23 00:00:00,0.2563,0.2678,0.2531,0.2645,8178845.7,2026-02-23 00:59:59.999,2139710.17186000,20878,4835276.30000000,1264977.26050000,0
2026-02-23 01:00:00,0.2645,0.2669,0.2548,0.2616,9102653.9,2026-02-23 01:59:59.999,2376886.68871000,26140,4806951.20000000,1255625.55672000,0
2026-02-23 02:00:00,0.2617,0.2647,0.2512,0.2581,11907272.1,2026-02-23 02:59:59.999,3057144.99946000,27648,4488477.10000000,1157644.52300000,0
2026-02-23 03:00:00,0.2581,0.2634,0.2551,0.2615,3106567.6,2026-02-23 03:59:59.999,806394.29685000,9817,1793012.50000000,465703.07917000,0
2026-02-23 04:00:00,0.2615,0.2639,0.258,0.2618,2591502.7,2026-02-23 04:59:59.999,677586.18392000,9579,1481237.00000000,387259.61359000,0
2026-02-23 05:00:00,0.2617,0.2623,0.2554,0.2586,2616809.3,2026-02-23 05:59:59.999,676886.51779000,9734,1269129.80000000,328537.38100000,0
2026-02-23 06:00:00,0.2586,0.2618,0.2568,0.2605,2169531.5,2026-02-23 06:59:59.999,562649.81314000,5894,957314.80000000,248376.94710000,0
2026-02-23 07:00:00,0.2604,0.2675,0.2581,0.2669,3126965.6,2026-02-23 07:59:59.999,823007.61872000,8920,1746983.10000000,460031.36509000,0
2026-02-23 08:00:00,0.2669,0.2714,0.2644,0.2676,4815887.0,2026-02-23 08:59:59.999,1292075.31978000,10554,2695906.50000000,723583.92752000,0
2026-02-23 09:00:00,0.2675,0.2678,0.2604,0.2614,3332561.0,2026-02-23 09:59:59.999,880559.51838000,8066,1527517.70000000,403538.96841000,0
2026-02-23 10:00:00,0.2613,0.2643,0.2507,0.2521,3649927.2,2026-02-23 10:59:59.999,938183.05543000,9378,1598767.90000000,411271.48303000,0
2026-02-23 11:00:00,0.2522,0.2542,0.2439,0.2502,6595827.4,2026-02-23 11:59:59.999,1642852.87913000,14101,3224629.50000000,803303.92446000,0
2026-02-23 12:00:00,0.2503,0.2558,0.2445,0.2454,5088668.5,2026-02-23 12:59:59.999,1269726.27788000,9352,2614316.80000000,652443.68528000,0
2026-02-23 13:00:00,0.2455,0.2461,0.2399,0.2429,4360826.4,2026-02-23 13:59:59.999,1057280.99033000,8982,2029098.90000000,491935.32219000,0
2026-02-23 14:00:00,0.2428,0.2496,0.2371,0.2446,4681459.0,2026-02-23 14:59:59.999,1133871.61804000,8956,2162024.70000000,523792.94168000,0
2026-02-23 15:00:00,0.2448,0.2494,0.2406,0.2432,3448613.6,2026-02-23 15:59:59.999,845093.10156000,6706,1406831.50000000,345372.55808000,0
2026-02-23 16:00:00,0.2433,0.2494,0.2418,0.2421,3343716.2,2026-02-23 16:59:59.999,822314.73979000,7028,1581322.20000000,389380.09675000,0
2026-02-23 17:00:00,0.242,0.246,0.2417,0.2452,1390461.0,2026-02-23 17:59:59.999,339349.27117000,3348,726796.10000000,177402.57806000,0
2026-02-23 18:00:00,0.2452,0.246,0.2368,0.2376,2272619.8,2026-02-23 18:59:59.999,546894.29729000,5366,968960.80000000,233564.84338000,0
2026-02-23 19:00:00,0.2377,0.2397,0.2343,0.2365,1525448.4,2026-02-23 19:59:59.999,361667.08760000,3473,681935.10000000,161796.90552000,0
2026-02-23 20:00:00,0.2365,0.2367,0.2332,0.2337,1892727.7,2026-02-23 20:59:59.999,444675.94544000,4033,772003.20000000,181491.77775000,0
2026-02-23 21:00:00,0.2338,0.2358,0.2306,0.2308,1351016.0,2026-02-23 21:59:59.999,315076.73979000,3108,617917.70000000,144126.34931000,0
2026-02-23 22:00:00,0.2308,0.2371,0.228,0.2369,2332143.6,2026-02-23 22:59:59.999,540282.88467000,4211,1281325.40000000,297783.83058000,0
2026-02-23 23:00:00,0.237,0.2445,0.237,0.2428,3276067.5,2026-02-23 23:59:59.999,790202.60206000,8527,2374071.90000000,572371.56860000,0
2026-02-24 00:00:00,0.2427,0.2567,0.2408,0.2521,6958964.9,2026-02-24 00:59:59.999,1737849.81719000,18537,4047180.70000000,1009986.25670000,0
2026-02-24 01:00:00,0.2522,0.257,0.2492,0.2548,6192236.7,2026-02-24 01:59:59.999,1571314.99510000,16322,2630914.20000000,667829.07839000,0
2026-02-24 02:00:00,0.2547,0.2557,0.2418,0.2446,5392809.5,2026-02-24 02:59:59.999,1336691.66379000,16472,2284457.10000000,565315.28625000,0
2026-02-24 03:00:00,0.2445,0.2445,0.234,0.2376,4766839.4,2026-02-24 03:59:59.999,1134780.97325000,14153,2023869.70000000,482416.21734000,0
2026-02-24 04:00:00,0.2375,0.2383,0.2319,0.2383,3335283.8,2026-02-24 04:59:59.999,783807.49378000,9977,1779247.60000000,418198.97429000,0
2026-02-24 05:00:00,0.2382,0.2424,0.2341,0.2349,3053886.8,2026-02-24 05:59:59.999,726220.68032000,7396,1579383.40000000,376027.49491000,0
2026-02-24 06:00:00,0.2351,0.2396,0.2343,0.2363,2054383.4,2026-02-24 06:59:59.999,487096.41204000,5344,1013039.90000000,240299.54755000,0
2026-02-24 07:00:00,0.2364,0.2371,0.2234,0.2245,2946856.1,2026-02-24 07:59:59.999,676303.78506000,6468,1305223.20000000,299812.99605000,0
2026-02-24 08:00:00,0.2244,0.235,0.2148,0.2344,13890194.5,2026-02-24 08:59:59.999,3117120.57732000,31102,7506449.90000000,1683805.43619000,0
2026-02-24 09:00:00,0.2343,0.2438,0.2313,0.2428,7381954.0,2026-02-24 09:59:59.999,1746307.36583000,16757,4330901.00000000,1026555.32241000,0
2026-02-24 10:00:00,0.2428,0.251,0.2419,0.2464,5727296.3,2026-02-24 10:59:59.999,1411056.52911000,15768,3075455.70000000,757907.57589000,0
2026-02-24 11:00:00,0.2466,0.2529,0.2444,0.2459,4336618.2,2026-02-24 11:59:59.999,1074866.21343000,12805,2215149.60000000,549051.30129000,0
2026-02-24 12:00:00,0.2458,0.2509,0.2383,0.2481,5044208.3,2026-02-24 12:59:59.999,1231980.69079000,16003,2163142.00000000,528670.69797000,0
2026-02-24 13:00:00,0.2481,0.2487,0.2421,0.245,2995349.5,2026-02-24 13:59:59.999,733783.86291000,9660,1419657.90000000,347796.49816000,0
2026-02-24 14:00:00,0.2449,0.2469,0.2371,0.2405,3319122.0,2026-02-24 14:59:59.999,804017.53986000,9326,1464107.10000000,354894.99842000,0
2026-02-24 15:00:00,0.2407,0.2491,0.2405,0.2477,3852832.1,2026-02-24 15:59:59.999,947650.26542000,10755,2009413.40000000,494112.75954000,0
2026-02-24 16:00:00,0.2476,0.2562,0.2459,0.255,4025976.3,2026-02-24 16:59:59.999,1014254.34287000,9941,2112070.10000000,532489.54479000,0
2026-02-24 17:00:00,0.2553,0.2569,0.2515,0.2536,3055883.8,2026-02-24 17:59:59.999,777364.81345000,8624,1705001.20000000,433924.76920000,0
2026-02-24 18:00:00,0.2537,0.26,0.25,0.2593,3582370.6,2026-02-24 18:59:59.999,910971.52949000,9283,1998200.10000000,508407.90276000,0
2026-02-24 19:00:00,0.2593,0.2653,0.256,0.2608,5392515.9,2026-02-24 19:59:59.999,1408465.52405000,13327,2885590.60000000,753681.81716000,0
2026-02-24 20:00:00,0.2608,0.2641,0.2564,0.2577,3134872.0,2026-02-24 20:59:59.999,814222.84085000,8808,1708348.40000000,443406.90108000,0
2026-02-24 21:00:00,0.2577,0.2609,0.2526,0.2563,3107055.4,2026-02-24 21:59:59.999,798924.64394000,8432,1319865.60000000,340079.42460000,0
2026-02-24 22:00:00,0.2564,0.258,0.2537,0.2576,1711757.2,2026-02-24 22:59:59.999,438477.84739000,4793,996937.30000000,255466.64166000,0
2026-02-24 23:00:00,0.2573,0.2592,0.2546,0.2582,1825933.8,2026-02-24 23:59:59.999,469616.45253000,6057,1058851.50000000,272303.92932000,0
2026-02-25 00:00:00,0.258,0.2644,0.2543,0.2618,2734656.5,2026-02-25 00:59:59.999,706181.06464000,9207,1441351.90000000,372153.77707000,0
2026-02-25 01:00:00,0.2619,0.2699,0.2606,0.2689,4039794.4,2026-02-25 01:59:59.999,1073832.22046000,12263,2372675.70000000,631005.44020000,0
2026-02-25 02:00:00,0.2688,0.2715,0.262,0.2631,4529961.8,2026-02-25 02:59:59.999,1210031.82208000,16173,2225022.90000000,594680.31417000,0
2026-02-25 03:00:00,0.2632,0.2675,0.2593,0.2625,3249524.3,2026-02-25 03:59:59.999,854763.73347000,10357,1707041.90000000,449488.51382000,0
2026-02-25 04:00:00,0.2624,0.2673,0.259,0.2652,2604081.7,2026-02-25 04:59:59.999,684428.22422000,7924,1498254.40000000,393811.47340000,0
2026-02-25 05:00:00,0.2652,0.2661,0.2607,0.2639,1912847.6,2026-02-25 05:59:59.999,504227.17508000,6662,1158204.10000000,305282.53146000,0
2026-02-25 06:00:00,0.2639,0.2693,0.2623,0.2692,2498390.6,2026-02-25 06:59:59.999,663787.68613000,7038,1441703.90000000,383162.25579000,0
2026-02-25 07:00:00,0.2692,0.2716,0.2659,0.2684,3431793.9,2026-02-25 07:59:59.999,924350.08022000,9045,1945446.20000000,524143.62678000,0
2026-02-25 08:00:00,0.2684,0.2731,0.263,0.2634,3735829.6,2026-02-25 08:59:59.999,1002793.31202000,9851,2117550.70000000,568932.39219000,0
2026-02-25 09:00:00,0.2633,0.264,0.2551,0.2612,4023444.9,2026-02-25 09:59:59.999,1046414.56615000,10884,2188066.60000000,569534.43529000,0
2026-02-25 10:00:00,0.2612,0.2655,0.259,0.2623,2203533.3,2026-02-25 10:59:59.999,577425.35004000,6329,1238416.30000000,324754.05873000,0
2026-02-25 11:00:00,0.2624,0.2722,0.2617,0.2678,4206070.2,2026-02-25 11:59:59.999,1127812.60300000,13424,2086391.30000000,559353.08313000,0
2026-02-25 12:00:00,0.2678,0.2725,0.2614,0.262,4932847.8,2026-02-25 12:59:59.999,1317230.59070000,15980,2320919.20000000,620102.39202000,0
2026-02-25 13:00:00,0.2619,0.2704,0.2602,0.2687,3316193.2,2026-02-25 13:59:59.999,879185.01009000,11064,1928227.90000000,511408.72877000,0
2026-02-25 14:00:00,0.2688,0.2853,0.267,0.2823,7724342.7,2026-02-25 14:59:59.999,2136118.92072000,22340,3924706.20000000,1084623.45050000,0
2026-02-25 15:00:00,0.2823,0.286,0.2711,0.274,9044632.6,2026-02-25 15:59:59.999,2527912.03688000,28770,4601425.10000000,1285113.52764000,0
2026-02-25 16:00:00,0.274,0.2765,0.2675,0.272,7133872.3,2026-02-25 16:59:59.999,1941989.40912000,17766,3848982.00000000,1048111.05950000,0
2026-02-25 17:00:00,0.272,0.2742,0.2656,0.2739,5330115.7,2026-02-25 17:59:59.999,1436013.77369000,12877,3089229.80000000,831919.73414000,0
2026-02-25 18:00:00,0.2738,0.2799,0.273,0.2749,3329330.2,2026-02-25 18:59:59.999,921026.27724000,10046,1859413.50000000,514409.64289000,0
2026-02-25 19:00:00,0.275,0.2756,0.2691,0.2706,2305773.7,2026-02-25 19:59:59.999,628037.88726000,6939,1328628.50000000,361990.73487000,0
2026-02-25 20:00:00,0.2706,0.2795,0.2701,0.2734,2816703.3,2026-02-25 20:59:59.999,777023.02891000,8376,1575176.60000000,434261.00924000,0
2026-02-25 21:00:00,0.2735,0.2784,0.2727,0.2737,2663608.7,2026-02-25 21:59:59.999,734426.01769000,7427,1637292.40000000,451371.87260000,0
2026-02-25 22:00:00,0.2736,0.2777,0.2702,0.2773,1591891.3,2026-02-25 22:59:59.999,435357.46512000,5369,971526.10000000,265700.50568000,0
2026-02-25 23:00:00,0.2774,0.2797,0.2744,0.2786,1753719.9,2026-02-25 23:59:59.999,486478.95982000,7463,957159.30000000,265522.44477000,0
2026-02-26 00:00:00,0.2785,0.286,0.2763,0.283,3767247.6,2026-02-26 00:59:59.999,1065524.41984000,13011,2124157.70000000,600883.43919000,0
2026-02-26 01:00:00,0.2829,0.29,0.2815,0.2875,3289480.9,2026-02-26 01:59:59.999,944707.47697000,8685,2038703.00000000,585816.52751000,0
2026-02-26 02:00:00,0.2874,0.2878,0.2759,0.2764,5196691.8,2026-02-26 02:59:59.999,1467838.85023000,12892,2494049.20000000,706032.90468000,0
2026-02-26 03:00:00,0.2764,0.2886,0.2724,0.2867,4058018.5,2026-02-26 03:59:59.999,1138613.10231000,13799,2412517.10000000,677250.90986000,0
2026-02-26 04:00:00,0.2866,0.2882,0.2805,0.2836,3235920.2,2026-02-26 04:59:59.999,921455.13229000,12835,1855600.90000000,528609.62098000,0
2026-02-26 05:00:00,0.2837,0.2863,0.2792,0.2824,3241925.2,2026-02-26 05:59:59.999,915118.52712000,12171,1695283.30000000,478754.83684000,0
2026-02-26 06:00:00,0.2825,0.2888,0.2816,0.2876,3323825.2,2026-02-26 06:59:59.999,947863.63230000,13010,1339520.30000000,382173.73776000,0
2026-02-26 07:00:00,0.2876,0.2953,0.2876,0.2934,4437431.0,2026-02-26 07:59:59.999,1294158.73853000,13760,2556839.80000000,745824.38871000,0
2026-02-26 08:00:00,0.2935,0.303,0.2917,0.2938,8938646.3,2026-02-26 08:59:59.999,2659588.26402000,27991,4349043.50000000,1295039.43672000,0
2026-02-26 09:00:00,0.2938,0.3009,0.2904,0.2966,6324930.6,2026-02-26 09:59:59.999,1872226.86233000,19841,3036659.10000000,899404.44110000,0
2026-02-26 10:00:00,0.2967,0.2967,0.2625,0.2706,12977381.0,2026-02-26 10:59:59.999,3623193.49544000,40670,6387253.20000000,1777231.84119000,0
2026-02-26 11:00:00,0.2706,0.2805,0.2706,0.2754,10054556.1,2026-02-26 11:59:59.999,2781358.73363000,30097,4913718.90000000,1359418.59059000,0
2026-02-26 12:00:00,0.2754,0.2764,0.2603,0.263,7780309.9,2026-02-26 12:59:59.999,2073081.45377000,20479,3829750.00000000,1020803.06467000,0
2026-02-26 13:00:00,0.2629,0.2638,0.2543,0.2576,6400664.6,2026-02-26 13:59:59.999,1658449.21099000,19189,3358368.70000000,870388.33979000,0
2026-02-26 14:00:00,0.2576,0.2621,0.2541,0.2554,4327441.0,2026-02-26 14:59:59.999,1120291.71216000,15143,2434510.40000000,630771.53639000,0
2026-02-26 15:00:00,0.2553,0.2574,0.2506,0.2569,3537746.7,2026-02-26 15:59:59.999,901044.08394000,10341,1640847.50000000,418072.56548000,0
2026-02-26 16:00:00,0.2568,0.2629,0.2529,0.26,4552883.2,2026-02-26 16:59:59.999,1174245.33212000,11884,2325444.60000000,600209.40572000,0
2026-02-26 17:00:00,0.2599,0.2717,0.2586,0.2683,6715142.2,2026-02-26 17:59:59.999,1790064.77063000,19390,3551888.00000000,946496.94637000,0
2026-02-26 18:00:00,0.2683,0.274,0.2628,0.271,4147943.2,2026-02-26 18:59:59.999,1111853.16129000,11645,1962396.40000000,526402.79075000,0
2026-02-26 19:00:00,0.271,0.2714,0.2598,0.2616,5100482.8,2026-02-26 19:59:59.999,1352054.67186000,12707,2110268.70000000,559980.19865000,0
2026-02-26 20:00:00,0.2616,0.2616,0.2567,0.2594,2657525.0,2026-02-26 20:59:59.999,687434.05301000,7332,1092815.50000000,282752.21048000,0
2026-02-26 21:00:00,0.2594,0.26,0.255,0.2558,1746518.3,2026-02-26 21:59:59.999,448505.97564000,6046,748550.30000000,192278.77682000,0
2026-02-26 22:00:00,0.2558,0.2606,0.2549,0.2582,2560747.2,2026-02-26 22:59:59.999,661306.76507000,8955,1329250.60000000,343404.30352000,0
2026-02-26 23:00:00,0.2582,0.2586,0.251,0.2516,2339855.3,2026-02-26 23:59:59.999,593951.57638000,8997,1174413.60000000,298110.28672000,0
2026-02-27 00:00:00,0.2516,0.2568,0.2482,0.2513,4059505.6,2026-02-27 00:59:59.999,1024928.18419000,15003,2329671.30000000,588381.96772000,0
2026-02-27 01:00:00,0.2514,0.2524,0.2469,0.2487,3647948.5,2026-02-27 01:59:59.999,909902.93468000,9695,1617245.00000000,403738.47222000,0
2026-02-27 02:00:00,0.2487,0.249,0.2429,0.2433,2948767.9,2026-02-27 02:59:59.999,724759.64466000,8190,1341362.20000000,329741.25711000,0
2026-02-27 03:00:00,0.2432,0.2498,0.2424,0.2485,3297836.2,2026-02-27 03:59:59.999,811668.69499000,8389,1691241.80000000,416769.78088000,0
2026-02-27 04:00:00,0.2486,0.2533,0.2465,0.2468,3507087.9,2026-02-27 04:59:59.999,878278.94325000,12256,2009392.30000000,503688.18032000,0
2026-02-27 05:00:00,0.2468,0.2491,0.2459,0.2483,2923803.9,2026-02-27 05:59:59.999,723820.72236000,12183,1313538.60000000,325261.51413000,0
2026-02-27 06:00:00,0.2484,0.252,0.2482,0.2513,4920385.9,2026-02-27 06:59:59.999,1230986.59625000,15693,2787299.00000000,697523.85007000,0
2026-02-27 07:00:00,0.2513,0.2528,0.237,0.2374,7041660.5,2026-02-27 07:59:59.999,1721866.36002000,23519,3641217.80000000,889564.45862000,0
2026-02-27 08:00:00,0.2373,0.243,0.2361,0.2423,5742446.8,2026-02-27 08:59:59.999,1380584.47119000,20595,3020921.20000000,726231.19425000,0
2026-02-27 09:00:00,0.2423,0.2434,0.2397,0.2424,3306778.6,2026-02-27 09:59:59.999,798721.48733000,10547,1672275.80000000,404184.00778000,0
2026-02-27 10:00:00,0.2424,0.2443,0.235,0.2366,5935127.6,2026-02-27 10:59:59.999,1422680.04436000,15939,2722460.20000000,653164.94217000,0
2026-02-27 11:00:00,0.2366,0.2413,0.2323,0.2404,6625272.6,2026-02-27 11:59:59.999,1567715.82828000,21612,2790713.60000000,662682.22545000,0
2026-02-27 12:00:00,0.2404,0.254,0.2401,0.2533,5620866.7,2026-02-27 12:59:59.999,1392492.81800000,15719,3145049.20000000,779545.73051000,0
2026-02-27 13:00:00,0.2532,0.255,0.2481,0.2486,5244513.8,2026-02-27 13:59:59.999,1319186.85958000,14527,2596071.00000000,653108.27671000,0
2026-02-27 14:00:00,0.2486,0.2508,0.2453,0.2462,3146232.8,2026-02-27 14:59:59.999,778808.05207000,8354,1633542.10000000,404561.86961000,0
2026-02-27 15:00:00,0.2461,0.2472,0.2385,0.2415,3106868.9,2026-02-27 15:59:59.999,754785.78077000,8652,1373723.80000000,333679.82903000,0
2026-02-27 16:00:00,0.2414,0.244,0.2357,0.2369,2566915.0,2026-02-27 16:59:59.999,617181.18720000,8350,1370155.80000000,329437.87576000,0
2026-02-27 17:00:00,0.2367,0.2396,0.2334,0.237,3085369.6,2026-02-27 17:59:59.999,729366.12631000,9935,1460078.50000000,345242.74562000,0
2026-02-27 18:00:00,0.2368,0.2371,0.2318,0.2324,2729275.0,2026-02-27 18:59:59.999,639944.80014000,9319,1464561.10000000,343394.83431000,0
2026-02-27 19:00:00,0.2324,0.2353,0.2317,0.2339,2098161.2,2026-02-27 19:59:59.999,489341.37546000,9699,1244246.40000000,290162.70954000,0
2026-02-27 20:00:00,0.2339,0.2358,0.2296,0.2301,2833916.7,2026-02-27 20:59:59.999,656797.40672000,6405,1313274.60000000,304464.20454000,0
2026-02-27 21:00:00,0.2301,0.2318,0.2292,0.2315,1605659.0,2026-02-27 21:59:59.999,370361.97074000,5668,932553.50000000,215135.96641000,0
2026-02-27 22:00:00,0.2314,0.2343,0.2288,0.2339,2112617.4,2026-02-27 22:59:59.999,488575.56820000,6216,1133445.30000000,262350.35776000,0
2026-02-27 23:00:00,0.2338,0.2382,0.2308,0.2352,3452474.1,2026-02-27 23:59:59.999,810047.21723000,9583,2178491.30000000,510810.52180000,0
2026-02-28 00:00:00,0.2352,0.2414,0.2313,0.2384,4639866.2,2026-02-28 00:59:59.999,1103094.84148000,11776,2534115.00000000,602100.76833000,0
2026-02-28 01:00:00,0.2384,0.2475,0.238,0.2441,8240091.3,2026-02-28 01:59:59.999,2005373.33147000,18870,4241755.00000000,1032604.88939000,0
2026-02-28 02:00:00,0.2442,0.2487,0.2413,0.2478,5869371.0,2026-02-28 02:59:59.999,1439260.05312000,15353,3582451.70000000,878328.34322000,0
2026-02-28 03:00:00,0.2477,0.249,0.2439,0.2469,4523584.9,2026-02-28 03:59:59.999,1113829.01508000,10773,2594519.00000000,639045.89368000,0
2026-02-28 04:00:00,0.2468,0.2526,0.2444,0.2514,3524380.9,2026-02-28 04:59:59.999,878330.12392000,10388,2261331.10000000,563611.89209000,0
2026-02-28 05:00:00,0.2516,0.2535,0.2445,0.2496,4097518.5,2026-02-28 05:59:59.999,1023322.78540000,12762,1971401.10000000,492648.70403000,0
2026-02-28 06:00:00,0.2497,0.2517,0.2422,0.2468,6777395.0,2026-02-28 06:59:59.999,1673505.43224000,17726,3450637.40000000,851793.08109000,0
2026-02-28 07:00:00,0.2468,0.2588,0.2468,0.255,9350435.2,2026-02-28 07:59:59.999,2364720.65444000,22252,4777289.90000000,1207821.90420000,0
2026-02-28 08:00:00,0.255,0.2566,0.2476,0.2505,6669738.8,2026-02-28 08:59:59.999,1679205.23676000,18032,3160786.00000000,796121.21586000,0
2026-02-28 09:00:00,0.2504,0.256,0.2498,0.2532,4112367.9,2026-02-28 09:59:59.999,1040157.72756000,12246,2314252.20000000,585492.23869000,0
2026-02-28 10:00:00,0.2531,0.2534,0.2481,0.2513,2844793.9,2026-02-28 10:59:59.999,712871.60045000,8616,1577120.00000000,395336.33696000,0
2026-02-28 11:00:00,0.2513,0.2523,0.2417,0.2425,3995981.8,2026-02-28 11:59:59.999,987618.56975000,8143,2007014.70000000,496141.35376000,0
2026-02-28 12:00:00,0.2425,0.2492,0.2417,0.2483,2930656.6,2026-02-28 12:59:59.999,718214.32130000,6520,1762089.10000000,431971.58581000,0
2026-02-28 13:00:00,0.2484,0.2562,0.2471,0.2556,4894190.1,2026-02-28 13:59:59.999,1232296.58957000,12980,2564122.00000000,645769.96560000,0
2026-02-28 14:00:00,0.2556,0.2591,0.254,0.2555,4137265.7,2026-02-28 14:59:59.999,1061925.25390000,11376,2303721.60000000,591296.64529000,0
2026-02-28 15:00:00,0.2555,0.257,0.2504,0.2559,3308070.8,2026-02-28 15:59:59.999,839646.11933000,8389,1609991.60000000,408866.35175000,0
2026-02-28 16:00:00,0.2557,0.2627,0.2527,0.2622,3477163.3,2026-02-28 16:59:59.999,898462.08200000,10164,1981458.50000000,512375.20293000,0
2026-02-28 17:00:00,0.2622,0.2632,0.2581,0.2629,2371302.6,2026-02-28 17:59:59.999,618536.20161000,6520,1101182.30000000,287299.17035000,0
2026-02-28 18:00:00,0.2628,0.2632,0.2594,0.2602,1774583.0,2026-02-28 18:59:59.999,464210.04795000,4703,865406.90000000,226393.90249000,0
2026-02-28 19:00:00,0.2601,0.2656,0.2589,0.2638,1630640.0,2026-02-28 19:59:59.999,427531.34669000,4600,980435.70000000,257413.60347000,0
2026-02-28 20:00:00,0.2638,0.2643,0.2611,0.2625,1644049.0,2026-02-28 20:59:59.999,431428.95306000,4832,895907.60000000,235125.58479000,0
2026-02-28 21:00:00,0.2625,0.2626,0.2571,0.2586,2028617.4,2026-02-28 21:59:59.999,525330.17884000,4344,822103.90000000,213161.96137000,0
2026-02-28 22:00:00,0.2585,0.2628,0.2572,0.2596,1546335.5,2026-02-28 22:59:59.999,401309.37777000,3819,863589.80000000,224198.86771000,0
2026-02-28 23:00:00,0.2597,0.2604,0.2545,0.2552,1488333.9,2026-02-28 23:59:59.999,382152.55696000,4692,770564.10000000,197998.06767000,0
2026-03-01 00:00:00,0.2553,0.2619,0.255,0.2585,2163059.4,2026-03-01 00:59:59.999,558766.87770000,7768,1250688.90000000,323095.02359000,0
2026-03-01 01:00:00,0.2586,0.266,0.2575,0.2652,2623958.6,2026-03-01 01:59:59.999,687486.32416000,7957,1500452.40000000,393253.80585000,0
2026-03-01 02:00:00,0.2652,0.2682,0.2627,0.2638,4918008.1,2026-03-01 02:59:59.999,1306643.81626000,9086,2110847.00000000,560946.66408000,0
2026-03-01 03:00:00,0.2638,0.2648,0.2593,0.2613,2255034.8,2026-03-01 03:59:59.999,590324.99540000,5977,1480551.30000000,387724.32990000,0
2026-03-01 04:00:00,0.2612,0.2643,0.2553,0.2632,2547394.6,2026-03-01 04:59:59.999,661996.21287000,5993,1458216.70000000,379524.67077000,0
2026-03-01 05:00:00,0.2632,0.2666,0.2625,0.2658,1369183.9,2026-03-01 05:59:59.999,362899.87678000,4550,826680.40000000,219112.29838000,0
2026-03-01 06:00:00,0.2658,0.2669,0.2614,0.2635,1697938.5,2026-03-01 06:59:59.999,448068.51706000,5379,1023778.40000000,270127.95493000,0
2026-03-01 07:00:00,0.2636,0.2663,0.2605,0.2646,1580104.3,2026-03-01 07:59:59.999,415314.69452000,5274,936947.20000000,246218.34417000,0
2026-03-01 08:00:00,0.2646,0.265,0.2576,0.2592,1917374.6,2026-03-01 08:59:59.999,501272.31122000,5740,1022925.70000000,267730.57074000,0
2026-03-01 09:00:00,0.2592,0.2641,0.2592,0.2604,1459694.0,2026-03-01 09:59:59.999,381374.89610000,4744,862332.00000000,225218.22863000,0
2026-03-01 10:00:00,0.2604,0.2651,0.2589,0.2648,1303618.9,2026-03-01 10:59:59.999,340554.75502000,4732,794037.60000000,207538.62969000,0
2026-03-01 11:00:00,0.2648,0.2673,0.2621,0.2651,2126378.3,2026-03-01 11:59:59.999,562967.03063000,6363,1052513.50000000,278688.25717000,0
2026-03-01 12:00:00,0.265,0.269,0.2639,0.2685,2099548.7,2026-03-01 12:59:59.999,559042.64478000,6756,1176297.90000000,313116.66170000,0
2026-03-01 13:00:00,0.2685,0.2718,0.2669,0.2702,2738916.5,2026-03-01 13:59:59.999,737895.54908000,9080,1471124.40000000,396469.68600000,0
2026-03-01 14:00:00,0.2703,0.2759,0.2681,0.2738,2886501.4,2026-03-01 14:59:59.999,786259.18818000,10730,1474245.80000000,401709.21999000,0
2026-03-01 15:00:00,0.2739,0.2777,0.2718,0.2728,2101081.1,2026-03-01 15:59:59.999,576906.55426000,8362,1106702.00000000,303768.52096000,0
2026-03-01 16:00:00,0.2728,0.273,0.2662,0.2708,2678404.1,2026-03-01 16:59:59.999,721869.50294000,8563,1229049.30000000,331431.33448000,0
2026-03-01 17:00:00,0.2709,0.2717,0.2585,0.2596,3601204.6,2026-03-01 17:59:59.999,950487.86175000,8944,1559317.00000000,411542.94111000,0
2026-03-01 18:00:00,0.2595,0.2623,0.2565,0.2577,1736589.4,2026-03-01 18:59:59.999,451079.69854000,5432,816442.30000000,212243.24978000,0
2026-03-01 19:00:00,0.2576,0.2597,0.2499,0.2501,2810533.9,2026-03-01 19:59:59.999,715629.59632000,7786,1504490.10000000,383825.08007000,0
2026-03-01 20:00:00,0.2501,0.2514,0.2459,0.2485,2323831.2,2026-03-01 20:59:59.999,577565.89436000,5905,1248547.60000000,310410.84601000,0
2026-03-01 21:00:00,0.2486,0.2552,0.2482,0.2519,2384644.0,2026-03-01 21:59:59.999,602539.65206000,6575,1417390.50000000,358195.60999000,0
2026-03-01 22:00:00,0.2519,0.2523,0.2433,0.2478,3254512.4,2026-03-01 22:59:59.999,806721.15949000,8272,1553755.20000000,385592.86515000,0
2026-03-01 23:00:00,0.2477,0.2548,0.2474,0.2532,2258599.9,2026-03-01 23:59:59.999,567023.34966000,6069,1263977.80000000,317788.58561000,0
2026-03-02 00:00:00,0.2533,0.2565,0.2491,0.254,2633942.5,2026-03-02 00:59:59.999,667538.90646000,7387,1204922.60000000,305245.94438000,0
2026-03-02 01:00:00,0.254,0.259,0.2531,0.2542,2673001.8,2026-03-02 01:59:59.999,682877.77923000,7186,1158106.10000000,295949.96071000,0
2026-03-02 02:00:00,0.2542,0.256,0.2488,0.2498,2734650.2,2026-03-02 02:59:59.999,691078.67684000,7155,1244581.50000000,314724.05327000,0
2026-03-02 03:00:00,0.2498,0.2514,0.2457,0.2488,3292906.7,2026-03-02 03:59:59.999,819263.13283000,8707,1806494.70000000,449582.98536000,0
2026-03-02 04:00:00,0.2488,0.2489,0.2392,0.2397,6777760.0,2026-03-02 04:59:59.999,1647946.21206000,15779,3757130.40000000,913947.08140000,0
2026-03-02 05:00:00,0.2397,0.2416,0.2365,0.2412,4740220.7,2026-03-02 05:59:59.999,1132962.14120000,16645,2370260.60000000,567023.85159000,0
2026-03-02 06:00:00,0.2412,0.2414,0.2381,0.2394,2308311.1,2026-03-02 06:59:59.999,552991.46361000,7804,1104324.50000000,264509.58123000,0
2026-03-02 07:00:00,0.2394,0.2416,0.2373,0.2391,2483474.2,2026-03-02 07:59:59.999,595034.64802000,8314,1363665.00000000,326980.86237000,0
2026-03-02 08:00:00,0.239,0.2434,0.2373,0.2423,1486598.1,2026-03-02 08:59:59.999,357009.08950000,4926,713605.60000000,171477.11751000,0
2026-03-02 09:00:00,0.2424,0.2459,0.2382,0.2392,3534561.1,2026-03-02 09:59:59.999,857175.18326000,9275,1753180.10000000,425583.05550000,0
2026-03-02 10:00:00,0.2391,0.2403,0.2377,0.2389,2243789.7,2026-03-02 10:59:59.999,536538.86973000,6946,1169384.10000000,279737.70058000,0
2026-03-02 11:00:00,0.2389,0.2391,0.2353,0.236,3101750.9,2026-03-02 11:59:59.999,735633.31676000,9959,1641328.70000000,389431.49567000,0
2026-03-02 12:00:00,0.2361,0.2378,0.2337,0.2369,3565196.6,2026-03-02 12:59:59.999,839964.62807000,9961,1648666.00000000,388641.17398000,0
2026-03-02 13:00:00,0.2369,0.2388,0.232,0.2334,3179307.4,2026-03-02 13:59:59.999,748256.06637000,7163,1749740.00000000,411511.51218000,0
2026-03-02 14:00:00,0.2333,0.2371,0.2303,0.2359,4361949.7,2026-03-02 14:59:59.999,1017924.62597000,10617,2229715.30000000,520369.85158000,0
2026-03-02 15:00:00,0.236,0.2415,0.2353,0.2382,7029287.3,2026-03-02 15:59:59.999,1679926.83860000,20153,3538655.90000000,845834.43945000,0
2026-03-02 16:00:00,0.2382,0.2424,0.2375,0.2397,4240386.9,2026-03-02 16:59:59.999,1019909.26932000,11457,2665652.50000000,641026.55343000,0
2026-03-02 17:00:00,0.2397,0.2411,0.2358,0.2372,3404094.2,2026-03-02 17:59:59.999,813099.27682000,8719,1599072.70000000,382237.90802000,0
2026-03-02 18:00:00,0.2371,0.2383,0.2348,0.2354,3226391.9,2026-03-02 18:59:59.999,762775.38677000,6583,1723459.50000000,407786.31747000,0
2026-03-02 19:00:00,0.2355,0.2358,0.2308,0.2325,4797459.1,2026-03-02 19:59:59.999,1116166.26913000,9371,2148662.60000000,500344.02588000,0
2026-03-02 20:00:00,0.2326,0.2338,0.2293,0.2301,3433600.6,2026-03-02 20:59:59.999,792777.62528000,6762,1715243.30000000,396138.25879000,0
2026-03-02 21:00:00,0.2302,0.2306,0.2274,0.2282,2342229.3,2026-03-02 21:59:59.999,535745.69854000,5418,989119.30000000,226257.35074000,0
2026-03-02 22:00:00,0.2282,0.2285,0.2227,0.2233,3885078.6,2026-03-02 22:59:59.999,872512.39842000,6466,1805286.10000000,405358.50400000,0
2026-03-02 23:00:00,0.2234,0.2237,0.2178,0.2183,5329947.3,2026-03-02 23:59:59.999,1173740.59365000,11560,2766732.20000000,609598.65435000,0
2026-03-03 00:00:00,0.2183,0.2207,0.2034,0.2107,14750946.9,2026-03-03 00:59:59.999,3123374.17181000,31503,7461880.00000000,1581243.15753000,0
2026-03-03 01:00:00,0.2106,0.2142,0.2063,0.2071,7882119.2,2026-03-03 01:59:59.999,1661425.74138000,20365,3660292.40000000,771371.47974000,0
2026-03-03 02:00:00,0.2071,0.2119,0.2057,0.2076,5938572.9,2026-03-03 02:59:59.999,1241444.94505000,19407,2813290.90000000,588353.12550000,0
2026-03-03 03:00:00,0.2077,0.2104,0.2049,0.2065,4544734.1,2026-03-03 03:59:59.999,944407.08189000,11378,2339321.30000000,485762.62738000,0
2026-03-03 04:00:00,0.2065,0.2065,0.1976,0.2011,8780535.7,2026-03-03 04:59:59.999,1773777.63937000,17312,4917268.80000000,994647.50737000,0
2026-03-03 05:00:00,0.2012,0.2042,0.1993,0.2011,4894069.9,2026-03-03 05:59:59.999,988722.18412000,13786,2236536.10000000,451763.32614000,0
2026-03-03 06:00:00,0.201,0.2033,0.2001,0.2017,2435390.6,2026-03-03 06:59:59.999,490699.57693000,6741,1246171.40000000,251126.26094000,0
2026-03-03 07:00:00,0.2017,0.2029,0.1965,0.2002,4466702.3,2026-03-03 07:59:59.999,892667.80426000,12383,2111506.90000000,421841.75080000,0
2026-03-03 08:00:00,0.2003,0.2014,0.1954,0.1963,5209084.0,2026-03-03 08:59:59.999,1031399.14298000,10933,2450149.80000000,485087.53072000,0
2026-03-03 09:00:00,0.1963,0.198,0.1907,0.1914,5818803.2,2026-03-03 09:59:59.999,1126896.40111000,11894,2441694.10000000,473034.37085000,0
2026-03-03 10:00:00,0.1913,0.1952,0.1911,0.1935,3905575.4,2026-03-03 10:59:59.999,754323.59143000,10250,2080600.60000000,401777.33533000,0
2026-03-03 11:00:00,0.1935,0.1937,0.189,0.1899,5251887.9,2026-03-03 11:59:59.999,1002780.94849000,11724,2580526.00000000,493129.57116000,0
2026-03-03 12:00:00,0.1898,0.19,0.184,0.1844,6381812.1,2026-03-03 12:59:59.999,1194614.77338000,11897,3053783.60000000,571677.93101000,0
2026-03-03 13:00:00,0.1844,0.2073,0.1815,0.2014,23427869.5,2026-03-03 13:59:59.999,4588267.96486000,33915,12970545.10000000,2540092.74927000,0
2026-03-03 14:00:00,0.2013,0.2136,0.201,0.2113,13683280.6,2026-03-03 14:59:59.999,2826868.76128000,28098,6937984.70000000,1434548.13389000,0
2026-03-03 15:00:00,0.2114,0.2211,0.2079,0.2207,14733556.8,2026-03-03 15:59:59.999,3174103.95784000,22843,7364119.50000000,1586999.02887000,0
2026-03-03 16:00:00,0.2206,0.2269,0.2176,0.2177,11559111.5,2026-03-03 16:59:59.999,2575528.89168000,20754,5227602.80000000,1165320.16242000,0
2026-03-03 17:00:00,0.2177,0.226,0.2143,0.2255,11643931.9,2026-03-03 17:59:59.999,2580007.24894000,17391,6223150.50000000,1379023.45928000,0
2026-03-03 18:00:00,0.2255,0.2277,0.2233,0.2267,5374244.1,2026-03-03 18:59:59.999,1214435.52328000,11644,2593411.70000000,585905.31462000,0
2026-03-03 19:00:00,0.2267,0.234,0.2261,0.2321,5518382.7,2026-03-03 19:59:59.999,1271629.85489000,13957,2620611.20000000,604681.82362000,0
2026-03-03 20:00:00,0.2321,0.2325,0.2253,0.2273,6860626.3,2026-03-03 20:59:59.999,1573893.15914000,16722,3004182.60000000,689440.59487000,0
2026-03-03 21:00:00,0.2272,0.2355,0.2257,0.2314,5148010.6,2026-03-03 21:59:59.999,1182645.94766000,13964,2377306.10000000,545988.64024000,0
2026-03-03 22:00:00,0.2315,0.2375,0.2305,0.2323,4159669.1,2026-03-03 22:59:59.999,971337.38383000,10581,1761812.70000000,411554.02935000,0
2026-03-03 23:00:00,0.2323,0.2334,0.2269,0.2297,3662281.9,2026-03-03 23:59:59.999,842839.95841000,9837,1931175.60000000,444134.07024000,0
2026-03-04 00:00:00,0.2297,0.2365,0.2272,0.2358,6522692.2,2026-03-04 00:59:59.999,1515885.62314000,19596,3016747.30000000,701150.10277000,0
2026-03-04 01:00:00,0.2358,0.239,0.233,0.2366,3505856.5,2026-03-04 01:59:59.999,826818.25453000,10072,1875488.50000000,442618.06823000,0
2026-03-04 02:00:00,0.2366,0.2373,0.233,0.2341,2397674.0,2026-03-04 02:59:59.999,563595.43216000,7154,1033669.70000000,243138.23106000,0
2026-03-04 03:00:00,0.2341,0.2367,0.2307,0.2363,3062623.4,2026-03-04 03:59:59.999,714892.80282000,9893,1533357.00000000,358026.91505000,0
2026-03-04 04:00:00,0.2363,0.2387,0.2348,0.238,3633948.8,2026-03-04 04:59:59.999,861034.85689000,10932,1747910.60000000,414106.59448000,0
2026-03-04 05:00:00,0.238,0.2381,0.2273,0.2273,4493199.5,2026-03-04 05:59:59.999,1041774.33200000,11598,2044185.50000000,474044.75676000,0
2026-03-04 06:00:00,0.2274,0.2352,0.226,0.2305,4205390.0,2026-03-04 06:59:59.999,972317.03409000,11623,2155040.20000000,498114.31522000,0
2026-03-04 07:00:00,0.2305,0.2309,0.2259,0.2273,4128731.5,2026-03-04 07:59:59.999,942818.96125000,9164,1830897.50000000,418226.16950000,0
2026-03-04 08:00:00,0.2273,0.2355,0.2218,0.2348,6716107.3,2026-03-04 08:59:59.999,1524262.27692000,17010,3365393.40000000,763663.61410000,0
2026-03-04 09:00:00,0.2348,0.2377,0.2318,0.2323,7403215.9,2026-03-04 09:59:59.999,1739875.20531000,17918,3668456.10000000,862506.14736000,0
2026-03-04 10:00:00,0.2323,0.2357,0.2297,0.2341,4678579.3,2026-03-04 10:59:59.999,1085325.86226000,11783,2308347.90000000,535858.12691000,0
2026-03-04 11:00:00,0.2342,0.2348,0.2264,0.228,3997591.4,2026-03-04 11:59:59.999,919084.41699000,8606,1919894.10000000,441863.92194000,0
2026-03-04 12:00:00,0.2279,0.2329,0.2277,0.2315,2726866.4,2026-03-04 12:59:59.999,628878.02772000,5584,1601150.70000000,369255.14968000,0
2026-03-04 13:00:00,0.2315,0.2336,0.2294,0.2302,2490517.1,2026-03-04 13:59:59.999,576716.70805000,5971,1484063.90000000,343750.83819000,0
2026-03-04 14:00:00,0.2302,0.2369,0.23,0.2317,4384516.3,2026-03-04 14:59:59.999,1019659.73429000,9608,2226602.00000000,518106.79642000,0
2026-03-04 15:00:00,0.2317,0.2338,0.23,0.2328,2558888.9,2026-03-04 15:59:59.999,593233.97228000,6215,1204339.90000000,279265.09616000,0
2026-03-04 16:00:00,0.2329,0.2336,0.2278,0.2283,2592580.7,2026-03-04 16:59:59.999,596989.11093000,7037,1100967.60000000,253425.97309000,0
2026-03-04 17:00:00,0.2283,0.2305,0.2278,0.2298,914439.0,2026-03-04 17:59:59.999,209508.62198000,2574,488044.80000000,111807.44197000,0
2026-03-04 18:00:00,0.2298,0.2303,0.2277,0.228,988712.9,2026-03-04 18:59:59.999,226437.66307000,2765,362236.50000000,82986.62161000,0
2026-03-04 19:00:00,0.2284,0.231,0.2273,0.2283,1349614.6,2026-03-04 19:59:59.999,308976.88115000,4116,658821.50000000,150814.86410000,0
2026-03-04 20:00:00,0.2284,0.2303,0.2278,0.2283,714591.6,2026-03-04 20:59:59.999,163574.78825000,2003,391580.30000000,89642.44153000,0
2026-03-04 21:00:00,0.2284,0.2299,0.2259,0.227,1252272.6,2026-03-04 21:59:59.999,285069.68543000,3070,509006.10000000,115825.24981000,0
2026-03-04 22:00:00,0.227,0.2285,0.2256,0.2258,1019942.4,2026-03-04 22:59:59.999,231851.11690000,2588,428030.50000000,97301.26135000,0
2026-03-04 23:00:00,0.2258,0.2261,0.2224,0.2242,1842678.3,2026-03-04 23:59:59.999,413011.99089000,4061,950056.10000000,212985.14114000,0
2026-03-05 00:00:00,0.224,0.2251,0.217,0.2171,3904407.0,2026-03-05 00:59:59.999,860568.08661000,8921,1652024.60000000,364348.19119000,0
2026-03-05 01:00:00,0.217,0.2258,0.2166,0.2232,3263167.8,2026-03-05 01:59:59.999,724763.54544000,6953,1791057.10000000,397930.95458000,0
2026-03-05 02:00:00,0.2232,0.2383,0.2231,0.2356,4792828.3,2026-03-05 02:59:59.999,1116466.98952000,11379,2571491.60000000,598727.41601000,0
2026-03-05 03:00:00,0.2356,0.2377,0.2345,0.2368,2267367.2,2026-03-05 03:59:59.999,535587.26432000,5737,998109.60000000,235748.97672000,0
2026-03-05 04:00:00,0.2367,0.2427,0.2355,0.2425,2932273.9,2026-03-05 04:59:59.999,701253.08921000,6169,1515623.20000000,362741.87278000,0
2026-03-05 05:00:00,0.2424,0.2436,0.2363,0.2377,3101125.1,2026-03-05 05:59:59.999,743093.08148000,5855,1415707.60000000,339207.77671000,0
2026-03-05 06:00:00,0.2378,0.2419,0.2375,0.2402,2503758.5,2026-03-05 06:59:59.999,599815.71968000,4722,1142786.80000000,273813.36385000,0
2026-03-05 07:00:00,0.2402,0.2427,0.2372,0.2385,2450646.8,2026-03-05 07:59:59.999,587496.00502000,4192,1226060.50000000,294094.02644000,0
2026-03-05 08:00:00,0.2384,0.2447,0.233,0.2432,5508268.5,2026-03-05 08:59:59.999,1315710.34302000,9230,2920193.80000000,698340.35601000,0
2026-03-05 09:00:00,0.2433,0.2516,0.2432,0.2489,6701786.1,2026-03-05 09:59:59.999,1663677.97929000,11862,3662798.60000000,909799.84720000,0
2026-03-05 10:00:00,0.2489,0.2586,0.2477,0.2559,7683665.4,2026-03-05 10:59:59.999,1953869.10458000,12559,4290678.20000000,1090956.58960000,0
2026-03-05 11:00:00,0.2558,0.2571,0.2522,0.255,4998736.2,2026-03-05 11:59:59.999,1272283.28763000,9761,2963095.50000000,754461.78176000,0
2026-03-05 12:00:00,0.2549,0.2589,0.2519,0.2587,4880559.2,2026-03-05 12:59:59.999,1244769.90981000,9713,2906856.30000000,741506.04562000,0
2026-03-05 13:00:00,0.2588,0.2667,0.2558,0.263,11213097.8,2026-03-05 13:59:59.999,2930237.60119000,19767,5646266.20000000,1476371.70469000,0
2026-03-05 14:00:00,0.263,0.2735,0.2616,0.2703,8604919.6,2026-03-05 14:59:59.999,2317225.41893000,17245,4484233.30000000,1206545.28840000,0
2026-03-05 15:00:00,0.2705,0.2725,0.2658,0.2691,6058667.6,2026-03-05 15:59:59.999,1629181.72604000,15177,3246117.70000000,872914.59117000,0
2026-03-05 16:00:00,0.2692,0.2736,0.2613,0.2708,9275618.4,2026-03-05 16:59:59.999,2481161.47834000,19317,3495571.50000000,934560.71648000,0
2026-03-05 17:00:00,0.2709,0.2753,0.2693,0.2714,6841529.7,2026-03-05 17:59:59.999,1859425.88644000,20627,2642983.60000000,718407.09655000,0
2026-03-05 18:00:00,0.2714,0.2769,0.271,0.2744,5448790.2,2026-03-05 18:59:59.999,1492641.21961000,19744,2103412.90000000,576445.57540000,0
2026-03-05 19:00:00,0.2744,0.2827,0.2724,0.2745,7515608.5,2026-03-05 19:59:59.999,2087544.92461000,20667,3609976.80000000,1002675.84946000,0
2026-03-05 20:00:00,0.2745,0.276,0.2697,0.2747,3967889.4,2026-03-05 20:59:59.999,1080640.93677000,13382,1641633.80000000,447313.08904000,0
2026-03-05 21:00:00,0.2747,0.2759,0.2686,0.27,3211116.1,2026-03-05 21:59:59.999,874690.79747000,9690,1408414.20000000,384171.03200000,0
2026-03-05 22:00:00,0.2699,0.2761,0.2698,0.2747,2329039.7,2026-03-05 22:59:59.999,637557.86882000,7624,1107476.40000000,303323.22755000,0
2026-03-05 23:00:00,0.2746,0.2776,0.2721,0.2731,3611235.6,2026-03-05 23:59:59.999,991456.82792000,10080,1534132.10000000,421284.76954000,0
2026-03-06 00:00:00,0.2731,0.2824,0.2715,0.2819,4523130.7,2026-03-06 00:59:59.999,1255383.25947000,12415,2640595.00000000,733927.21726000,0
2026-03-06 01:00:00,0.2818,0.2844,0.2776,0.2789,3554116.0,2026-03-06 01:59:59.999,999919.40833000,11733,1783133.50000000,501888.99675000,0
2026-03-06 02:00:00,0.279,0.2973,0.2754,0.2917,9652287.2,2026-03-06 02:59:59.999,2778983.82223000,23587,5688001.40000000,1634950.22597000,0
2026-03-06 03:00:00,0.2916,0.3021,0.2909,0.3003,8519660.9,2026-03-06 03:59:59.999,2532627.44142000,27956,4827754.80000000,1435337.40534000,0
2026-03-06 04:00:00,0.3004,0.3075,0.2772,0.2829,12294379.8,2026-03-06 04:59:59.999,3618186.51286000,37321,5699863.00000000,1679046.28739000,0
2026-03-06 05:00:00,0.2829,0.2858,0.2649,0.2709,7129882.6,2026-03-06 05:59:59.999,1954309.23446000,23162,3538280.70000000,970343.91367000,0
2026-03-06 06:00:00,0.2708,0.2974,0.2707,0.2947,11818573.5,2026-03-06 06:59:59.999,3406355.60015000,36885,6737374.40000000,1941992.61360000,0
2026-03-06 07:00:00,0.2947,0.3019,0.2933,0.3016,9010837.7,2026-03-06 07:59:59.999,2676575.40856000,28696,5659525.50000000,1681390.57184000,0
2026-03-06 08:00:00,0.3016,0.3139,0.2953,0.3091,13269351.0,2026-03-06 08:59:59.999,4043488.61138000,40018,7523205.10000000,2290288.67517000,0
2026-03-06 09:00:00,0.3092,0.317,0.3061,0.314,10856988.5,2026-03-06 09:59:59.999,3384787.36214000,38771,6597000.40000000,2057587.56371000,0
2026-03-06 10:00:00,0.3141,0.3233,0.2939,0.2998,17832493.3,2026-03-06 10:59:59.999,5556219.07500000,57457,10627245.60000000,3314376.84932000,0
2026-03-06 11:00:00,0.2999,0.3007,0.2761,0.2798,20128441.2,2026-03-06 11:59:59.999,5830045.59723000,71902,11031738.40000000,3198354.33392000,0
2026-03-06 12:00:00,0.2797,0.287,0.2693,0.2852,16152993.6,2026-03-06 12:59:59.999,4470903.29740000,52849,9960755.70000000,2758004.84237000,0
2026-03-06 13:00:00,0.2852,0.2865,0.2718,0.2782,10191853.8,2026-03-06 13:59:59.999,2850125.97880000,31314,5439354.50000000,1517942.82698000,0
2026-03-06 14:00:00,0.2782,0.2835,0.275,0.2765,6605034.2,2026-03-06 14:59:59.999,1846723.91961000,24039,3324073.90000000,930072.91629000,0
2026-03-06 15:00:00,0.2766,0.2851,0.2765,0.2801,5205982.1,2026-03-06 15:59:59.999,1463774.53159000,19512,2789991.30000000,783829.70225000,0
2026-03-06 16:00:00,0.2801,0.2807,0.2692,0.2708,4490584.6,2026-03-06 16:59:59.999,1229344.13910000,17285,2258438.70000000,618507.59773000,0
2026-03-06 17:00:00,0.2708,0.2757,0.2679,0.2733,3831862.7,2026-03-06 17:59:59.999,1042429.82925000,14723,1792402.30000000,487560.33145000,0
2026-03-06 18:00:00,0.2733,0.2742,0.2687,0.2715,2903608.9,2026-03-06 18:59:59.999,787487.50471000,10804,1349091.40000000,365891.54221000,0
2026-03-06 19:00:00,0.2715,0.2744,0.2663,0.2666,3108221.3,2026-03-06 19:59:59.999,838920.88234000,11533,1270521.60000000,342968.45100000,0
2026-03-06 20:00:00,0.2666,0.2711,0.2656,0.267,2597231.3,2026-03-06 20:59:59.999,698256.38423000,9760,1385599.70000000,372758.90258000,0
2026-03-06 21:00:00,0.2671,0.2679,0.2611,0.2623,2378054.5,2026-03-06 21:59:59.999,629426.51351000,7232,1183880.80000000,313494.56265000,0
2026-03-06 22:00:00,0.2624,0.2656,0.2599,0.2634,2148116.8,2026-03-06 22:59:59.999,563514.08763000,6298,1217677.10000000,319440.20255000,0
2026-03-06 23:00:00,0.2633,0.264,0.2567,0.2577,2680138.5,2026-03-06 23:59:59.999,695845.19013000,6530,1236988.70000000,321426.68565000,0
2026-03-07 00:00:00,0.2577,0.2636,0.2501,0.2513,8252080.7,2026-03-07 00:59:59.999,2125844.53706000,16033,4200105.50000000,1084442.61693000,0
2026-03-07 01:00:00,0.2512,0.2679,0.2488,0.2598,8302140.7,2026-03-07 01:59:59.999,2148400.66080000,14624,4829706.20000000,1251922.42935000,0
2026-03-07 02:00:00,0.2598,0.2602,0.2522,0.2559,3548120.3,2026-03-07 02:59:59.999,909323.77877000,9890,1685670.20000000,432684.96161000,0
2026-03-07 03:00:00,0.256,0.2612,0.2559,0.2572,3869727.0,2026-03-07 03:59:59.999,1003338.55034000,10110,2258034.00000000,585625.54067000,0
2026-03-07 04:00:00,0.2571,0.2574,0.2519,0.2564,3301612.3,2026-03-07 04:59:59.999,838408.87420000,6670,1683936.60000000,427826.15966000,0
2026-03-07 05:00:00,0.2563,0.2624,0.2544,0.2594,3835167.6,2026-03-07 05:59:59.999,990087.70582000,9689,2224268.50000000,574584.01816000,0
2026-03-07 06:00:00,0.2593,0.268,0.2576,0.2678,5464224.1,2026-03-07 06:59:59.999,1437828.14398000,13181,3208194.00000000,843414.73739000,0
2026-03-07 07:00:00,0.2678,0.278,0.2661,0.2708,6841242.7,2026-03-07 07:59:59.999,1855597.97097000,21536,3919405.10000000,1062799.90467000,0
2026-03-07 08:00:00,0.2706,0.2868,0.268,0.286,6767591.9,2026-03-07 08:59:59.999,1876538.25902000,21511,3557169.70000000,986543.80703000,0
2026-03-07 09:00:00,0.286,0.2864,0.2749,0.2794,5973517.6,2026-03-07 09:59:59.999,1678159.49835000,21533,2774652.20000000,780857.76584000,0
2026-03-07 10:00:00,0.2795,0.2831,0.2698,0.2719,4131616.1,2026-03-07 10:59:59.999,1140727.70088000,13174,2062872.00000000,570192.09816000,0
2026-03-07 11:00:00,0.272,0.2728,0.258,0.26,4768322.0,2026-03-07 11:59:59.999,1259360.47959000,13130,2464416.50000000,651250.90465000,0
2026-03-07 12:00:00,0.2601,0.2622,0.2499,0.2523,5850766.4,2026-03-07 12:59:59.999,1492666.11601000,19951,3074643.10000000,785119.16902000,0
2026-03-07 13:00:00,0.2523,0.2629,0.25,0.2573,7872493.0,2026-03-07 13:59:59.999,2015194.73477000,26202,4138098.50000000,1058898.29717000,0
2026-03-07 14:00:00,0.2576,0.26,0.2495,0.2548,4943051.0,2026-03-07 14:59:59.999,1258663.44408000,15241,2180195.40000000,555328.18972000,0
2026-03-07 15:00:00,0.2549,0.2688,0.2538,0.2637,6511894.9,2026-03-07 15:59:59.999,1708359.48927000,13923,3321634.10000000,871352.66735000,0
2026-03-07 16:00:00,0.2636,0.2774,0.2616,0.2758,5394413.3,2026-03-07 16:59:59.999,1462424.98984000,13604,2885066.60000000,782175.61751000,0
2026-03-07 17:00:00,0.2758,0.2843,0.2726,0.2743,7589759.1,2026-03-07 17:59:59.999,2117862.77877000,20574,4117959.20000000,1149207.09494000,0
2026-03-07 18:00:00,0.2743,0.2833,0.2733,0.2795,3347879.3,2026-03-07 18:59:59.999,935050.58665000,10641,1997819.50000000,557931.47033000,0
2026-03-07 19:00:00,0.2795,0.2834,0.2784,0.281,3433859.2,2026-03-07 19:59:59.999,964276.34858000,9130,2145687.90000000,602766.80916000,0
2026-03-07 20:00:00,0.281,0.2845,0.2763,0.2804,2951901.7,2026-03-07 20:59:59.999,826251.83673000,7781,1178797.30000000,329967.88543000,0
2026-03-07 21:00:00,0.2804,0.282,0.2734,0.2736,2525543.2,2026-03-07 21:59:59.999,702793.74441000,6656,1009139.20000000,281154.34984000,0
2026-03-07 22:00:00,0.2735,0.2777,0.2697,0.2714,2551365.3,2026-03-07 22:59:59.999,696113.20011000,6446,1270483.00000000,346938.49922000,0
2026-03-07 23:00:00,0.2713,0.2838,0.2712,0.2793,3764608.6,2026-03-07 23:59:59.999,1051163.28433000,14211,2254804.50000000,629834.66137000,0
2026-03-08 00:00:00,0.2793,0.285,0.2758,0.283,4730469.4,2026-03-08 00:59:59.999,1327451.39073000,13712,2571481.70000000,722147.81393000,0
2026-03-08 01:00:00,0.2829,0.2841,0.275,0.2795,2965948.6,2026-03-08 01:59:59.999,829042.67261000,10478,1779017.00000000,497305.14086000,0
2026-03-08 02:00:00,0.2795,0.2895,0.2794,0.2874,3815056.5,2026-03-08 02:59:59.999,1084822.59507000,13217,2196668.40000000,624718.20322000,0
2026-03-08 03:00:00,0.2874,0.2881,0.2814,0.287,2548572.0,2026-03-08 03:59:59.999,726089.59064000,8413,1226159.10000000,349416.85896000,0
2026-03-08 04:00:00,0.287,0.2927,0.2855,0.2889,3432231.7,2026-03-08 04:59:59.999,993624.70677000,12608,1816989.00000000,526155.86579000,0
2026-03-08 05:00:00,0.2889,0.2962,0.2884,0.2922,3568178.4,2026-03-08 05:59:59.999,1044321.42488000,11380,1746858.50000000,511813.89153000,0
2026-03-08 06:00:00,0.2922,0.2966,0.2917,0.2939,2335499.6,2026-03-08 06:59:59.999,686336.71276000,8413,1165803.30000000,342732.07064000,0
2026-03-08 07:00:00,0.294,0.2975,0.2802,0.2961,6173792.0,2026-03-08 07:59:59.999,1781273.51792000,15176,3601683.90000000,1039075.75474000,0
2026-03-08 08:00:00,0.2962,0.3032,0.2929,0.3011,4919162.6,2026-03-08 08:59:59.999,1465071.98064000,15110,2543323.80000000,757975.74174000,0
2026-03-08 09:00:00,0.301,0.3077,0.2985,0.3039,3331727.7,2026-03-08 09:59:59.999,1010749.04218000,9466,1739474.50000000,527964.19873000,0
2026-03-08 10:00:00,0.3038,0.3076,0.2876,0.2925,4702076.3,2026-03-08 10:59:59.999,1399496.62375000,11883,2106737.30000000,626508.13326000,0
2026-03-08 11:00:00,0.2925,0.3014,0.2924,0.2988,3109645.3,2026-03-08 11:59:59.999,924524.07571000,8244,1688711.30000000,502347.08673000,0
2026-03-08 12:00:00,0.2989,0.3029,0.2915,0.2976,3298500.1,2026-03-08 12:59:59.999,979159.74413000,7494,1602730.40000000,476018.95747000,0
2026-03-08 13:00:00,0.2977,0.3005,0.2934,0.2974,2024365.0,2026-03-08 13:59:59.999,601676.52737000,4605,949498.00000000,282219.91341000,0
2026-03-08 14:00:00,0.2971,0.3038,0.2964,0.3003,2186715.9,2026-03-08 14:59:59.999,657448.55381000,5696,1123558.40000000,337764.10428000,0
2026-03-08 15:00:00,0.3003,0.3054,0.2987,0.3026,2003174.0,2026-03-08 15:59:59.999,605036.84166000,5411,1124506.00000000,339617.22156000,0
2026-03-08 16:00:00,0.3025,0.3079,0.3023,0.3063,2198105.4,2026-03-08 16:59:59.999,670803.62807000,5622,1108388.10000000,338238.24105000,0
2026-03-08 17:00:00,0.3064,0.312,0.3048,0.3078,3956011.1,2026-03-08 17:59:59.999,1220346.51557000,6463,2249615.00000000,693887.45532000,0
2026-03-08 18:00:00,0.3079,0.3197,0.3077,0.3184,4102376.8,2026-03-08 18:59:59.999,1289265.38630000,8591,2056621.50000000,646776.49473000,0
2026-03-08 19:00:00,0.3182,0.3215,0.31,0.3127,4685356.2,2026-03-08 19:59:59.999,1481439.49901000,13200,1923760.40000000,608973.59966000,0
2026-03-08 20:00:00,0.3127,0.3129,0.2981,0.3006,3370411.1,2026-03-08 20:59:59.999,1025197.99603000,11826,1669772.10000000,507198.38593000,0
2026-03-08 21:00:00,0.3007,0.3049,0.2979,0.3007,2685672.9,2026-03-08 21:59:59.999,810032.91440000,9103,1569672.60000000,473576.76850000,0
2026-03-08 22:00:00,0.3009,0.301,0.2899,0.2915,3101449.1,2026-03-08 22:59:59.999,914605.17843000,9711,1364479.90000000,402665.42360000,0
2026-03-08 23:00:00,0.2915,0.2923,0.2827,0.285,3378793.2,2026-03-08 23:59:59.999,970386.77642000,10602,1716098.20000000,492887.60439000,0
2026-03-09 00:00:00,0.2851,0.2939,0.2839,0.2848,3474029.2,2026-03-09 00:59:59.999,1004257.35455000,10972,1688652.40000000,488437.38734000,0
2026-03-09 01:00:00,0.2846,0.2898,0.2809,0.2825,3977820.2,2026-03-09 01:59:59.999,1132010.43543000,11286,2045261.80000000,582210.21785000,0
2026-03-09 02:00:00,0.2825,0.285,0.2759,0.2844,3666234.7,2026-03-09 02:59:59.999,1025530.24254000,10316,1711036.10000000,478701.73881000,0
2026-03-09 03:00:00,0.2843,0.292,0.2838,0.2866,6744415.7,2026-03-09 03:59:59.999,1946733.40992000,15313,3592285.30000000,1037297.03598000,0
2026-03-09 04:00:00,0.2865,0.2947,0.2831,0.292,3334148.4,2026-03-09 04:59:59.999,965858.12534000,11172,1655793.50000000,479210.86898000,0
2026-03-09 05:00:00,0.2919,0.2933,0.2886,0.292,2033703.5,2026-03-09 05:59:59.999,592175.99511000,6811,974217.30000000,283690.89155000,0
2026-03-09 06:00:00,0.2919,0.2925,0.2811,0.2813,2535271.2,2026-03-09 06:59:59.999,723271.76990000,6005,1191615.10000000,339948.15479000,0
2026-03-09 07:00:00,0.2813,0.2851,0.2776,0.2823,3491602.9,2026-03-09 07:59:59.999,982361.11124000,9205,1604608.40000000,451465.65838000,0
2026-03-09 08:00:00,0.2822,0.2884,0.2797,0.2833,2098357.1,2026-03-09 08:59:59.999,596518.69736000,7974,1084611.40000000,308466.21646000,0
2026-03-09 09:00:00,0.2834,0.2895,0.2816,0.2863,2243055.8,2026-03-09 09:59:59.999,637795.48444000,6913,1130652.60000000,321567.71312000,0
2026-03-09 10:00:00,0.2863,0.2887,0.2829,0.2861,1142977.3,2026-03-09 10:59:59.999,326717.34512000,3144,573229.80000000,163896.56227000,0
2026-03-09 11:00:00,0.2861,0.2899,0.2842,0.2887,2521570.8,2026-03-09 11:59:59.999,724659.07620000,6880,1212690.90000000,348548.96335000,0
2026-03-09 12:00:00,0.2886,0.2886,0.2779,0.2793,6378414.0,2026-03-09 12:59:59.999,1791363.00399000,14416,3129752.60000000,878279.72113000,0
2026-03-09 13:00:00,0.2792,0.2836,0.2779,0.2806,4827106.9,2026-03-09 13:59:59.999,1355542.92271000,8704,1820527.70000000,511796.28806000,0
2026-03-09 14:00:00,0.2806,0.285,0.2798,0.283,1835316.3,2026-03-09 14:59:59.999,518935.74789000,4546,903155.40000000,255325.96459000,0
2026-03-09 15:00:00,0.283,0.285,0.2809,0.2819,2545133.9,2026-03-09 15:59:59.999,720391.74935000,5320,1489851.20000000,421713.23082000,0
2026-03-09 16:00:00,0.2818,0.2868,0.275,0.2835,3696800.6,2026-03-09 16:59:59.999,1034380.99770000,9237,2045668.30000000,572269.11563000,0
2026-03-09 17:00:00,0.2834,0.2907,0.2825,0.2872,2629264.4,2026-03-09 17:59:59.999,756382.24159000,6353,1543084.50000000,443928.19216000,0
2026-03-09 18:00:00,0.2871,0.2889,0.2846,0.2861,1236545.7,2026-03-09 18:59:59.999,354095.62991000,4286,653408.60000000,187166.47955000,0
2026-03-09 19:00:00,0.2862,0.2925,0.2849,0.2919,2426459.9,2026-03-09 19:59:59.999,702505.59407000,7082,1215192.70000000,352088.92944000,0
2026-03-09 20:00:00,0.2918,0.2918,0.286,0.2891,2387723.1,2026-03-09 20:59:59.999,688466.31464000,6964,1283560.70000000,369966.48941000,0
2026-03-09 21:00:00,0.2891,0.291,0.286,0.2886,1068126.6,2026-03-09 21:59:59.999,308445.65052000,2994,594508.90000000,171735.05772000,0
2026-03-09 22:00:00,0.2886,0.2923,0.2879,0.2918,1280515.5,2026-03-09 22:59:59.999,371293.76775000,4395,675670.70000000,195842.38884000,0
2026-03-09 23:00:00,0.2918,0.3017,0.2911,0.3005,3679245.4,2026-03-09 23:59:59.999,1098491.23737000,10452,1684102.40000000,502470.61748000,0
2026-03-10 00:00:00,0.3004,0.3048,0.2932,0.2947,4933821.3,2026-03-10 00:59:59.999,1471453.88638000,13202,1993336.30000000,594580.71082000,0
2026-03-10 01:00:00,0.2947,0.2997,0.2903,0.299,2176074.9,2026-03-10 01:59:59.999,639974.33219000,6273,1183944.30000000,348162.33499000,0
2026-03-10 02:00:00,0.2987,0.3006,0.2936,0.2972,2680440.9,2026-03-10 02:59:59.999,794855.05739000,5830,1173513.70000000,348108.59460000,0
2026-03-10 03:00:00,0.297,0.3044,0.2946,0.2963,2403588.1,2026-03-10 03:59:59.999,719563.15395000,6941,1297090.30000000,388274.84414000,0
2026-03-10 04:00:00,0.2959,0.3025,0.2919,0.2996,2097544.2,2026-03-10 04:59:59.999,623336.43538000,6174,1055125.90000000,313613.79394000,0
2026-03-10 05:00:00,0.2994,0.3043,0.2966,0.2979,1365442.1,2026-03-10 05:59:59.999,410853.35025000,4300,638328.40000000,192185.06695000,0
2026-03-10 06:00:00,0.2978,0.3045,0.2975,0.3032,1106652.9,2026-03-10 06:59:59.999,333504.12006000,3550,479531.50000000,144661.79992000,0
2026-03-10 07:00:00,0.3031,0.3041,0.2984,0.301,1053724.7,2026-03-10 07:59:59.999,316870.28626000,3616,594346.80000000,178757.55984000,0
2026-03-10 08:00:00,0.3008,0.3022,0.2959,0.3009,3325404.7,2026-03-10 08:59:59.999,996206.06903000,10804,1572567.60000000,471157.75904000,0
2026-03-10 09:00:00,0.301,0.3011,0.2925,0.2954,2654243.8,2026-03-10 09:59:59.999,785043.28593000,7541,1117713.90000000,330680.90823000,0
2026-03-10 10:00:00,0.2954,0.2987,0.2922,0.2934,1173964.1,2026-03-10 10:59:59.999,346723.48841000,3596,528282.30000000,156112.95420000,0
2026-03-10 11:00:00,0.2934,0.2939,0.2901,0.2921,2193737.9,2026-03-10 11:59:59.999,640826.65214000,6850,1048181.40000000,306303.75739000,0
2026-03-10 12:00:00,0.292,0.2985,0.2868,0.2981,2180933.6,2026-03-10 12:59:59.999,638647.25334000,6062,1262273.00000000,369976.86338000,0
2026-03-10 13:00:00,0.2982,0.3014,0.2941,0.2942,2377712.5,2026-03-10 13:59:59.999,707107.83801000,6228,904614.20000000,269659.79289000,0
2026-03-10 14:00:00,0.2943,0.2969,0.2905,0.2925,1482810.0,2026-03-10 14:59:59.999,435780.91894000,4334,536252.70000000,157583.61399000,0
2026-03-10 15:00:00,0.2925,0.294,0.2854,0.2898,2048979.1,2026-03-10 15:59:59.999,593771.83196000,5417,1170408.30000000,339599.84622000,0
2026-03-10 16:00:00,0.2897,0.2907,0.2872,0.2905,1722429.0,2026-03-10 16:59:59.999,497918.41983000,4003,1036644.60000000,299735.21105000,0
2026-03-10 17:00:00,0.2905,0.2912,0.2838,0.2857,1408820.8,2026-03-10 17:59:59.999,404526.68914000,3117,671811.40000000,192839.44496000,0
2026-03-10 18:00:00,0.2857,0.2857,0.2786,0.2807,1782827.4,2026-03-10 18:59:59.999,502820.11771000,3952,893256.90000000,251950.69240000,0
2026-03-10 19:00:00,0.2805,0.2862,0.2804,0.2828,1152645.3,2026-03-10 19:59:59.999,327044.95967000,3431,738015.90000000,209414.07985000,0
2026-03-10 20:00:00,0.2828,0.2914,0.2819,0.2857,1458474.0,2026-03-10 20:59:59.999,418279.22093000,3933,750717.50000000,215449.58320000,0
2026-03-10 21:00:00,0.2857,0.29,0.2856,0.2898,729862.0,2026-03-10 21:59:59.999,210251.27552000,1827,392345.10000000,113121.33089000,0
2026-03-10 22:00:00,0.2897,0.2899,0.2844,0.2846,1565834.7,2026-03-10 22:59:59.999,449631.93748000,3985,725379.50000000,208282.10370000,0
2026-03-10 23:00:00,0.2846,0.2857,0.2803,0.2815,2157981.2,2026-03-10 23:59:59.999,609324.30316000,3770,1060120.10000000,299307.00941000,0
2026-03-11 00:00:00,0.2814,0.2817,0.2785,0.2794,1295679.5,2026-03-11 00:59:59.999,363100.92869000,3504,637663.30000000,178661.98035000,0
2026-03-11 01:00:00,0.2794,0.2802,0.2735,0.2753,2158598.6,2026-03-11 01:59:59.999,595882.85254000,6125,1022087.70000000,282049.23372000,0
2026-03-11 02:00:00,0.2753,0.2789,0.2698,0.27,3808846.3,2026-03-11 02:59:59.999,1038614.25204000,6972,1652329.30000000,450803.28107000,0
2026-03-11 03:00:00,0.27,0.272,0.2691,0.27,2119881.3,2026-03-11 03:59:59.999,573143.72614000,4273,1079861.10000000,291979.65705000,0
2026-03-11 04:00:00,0.27,0.2718,0.2657,0.2692,1972743.4,2026-03-11 04:59:59.999,530935.90395000,4783,984721.20000000,265032.00444000,0
2026-03-11 05:00:00,0.2692,0.2711,0.2661,0.2698,1326176.6,2026-03-11 05:59:59.999,355469.51271000,3465,783577.60000000,209992.83530000,0
2026-03-11 06:00:00,0.2698,0.2711,0.2655,0.2671,1698066.7,2026-03-11 06:59:59.999,454773.87222000,3882,988334.60000000,264664.31722000,0
2026-03-11 07:00:00,0.267,0.2692,0.2645,0.2649,1643402.1,2026-03-11 07:59:59.999,438801.02225000,3622,779262.70000000,208055.59098000,0
2026-03-11 08:00:00,0.2647,0.2675,0.2619,0.2653,1684427.0,2026-03-11 08:59:59.999,446124.13309000,5264,899062.00000000,238233.27055000,0
2026-03-11 09:00:00,0.2653,0.2695,0.264,0.265,2225771.2,2026-03-11 09:59:59.999,593045.33701000,5012,975920.90000000,260192.88576000,0
2026-03-11 10:00:00,0.265,0.2659,0.2633,0.2634,1390407.1,2026-03-11 10:59:59.999,368212.47772000,3215,648226.00000000,171691.42928000,0
2026-03-11 11:00:00,0.2634,0.267,0.2608,0.2622,3656777.3,2026-03-11 11:59:59.999,965364.91896000,6670,1693886.00000000,447429.66800000,0
2026-03-11 12:00:00,0.2621,0.2627,0.2593,0.2622,2446219.4,2026-03-11 12:59:59.999,638418.35841000,4344,1174310.80000000,306578.46301000,0
2026-03-11 13:00:00,0.2621,0.277,0.2616,0.2756,4573078.6,2026-03-11 13:59:59.999,1229772.98248000,9270,2371088.30000000,637386.40739000,0
2026-03-11 14:00:00,0.2758,0.2787,0.2684,0.2735,3641204.4,2026-03-11 14:59:59.999,993941.69955000,8906,1852334.10000000,505568.48846000,0
2026-03-11 15:00:00,0.2735,0.2745,0.2648,0.2651,1863573.2,2026-03-11 15:59:59.999,498901.04724000,4491,869459.70000000,232794.61082000,0
2026-03-11 16:00:00,0.265,0.2696,0.264,0.2646,2692615.3,2026-03-11 16:59:59.999,716514.33691000,4503,1201892.10000000,319867.91065000,0
2026-03-11 17:00:00,0.2646,0.2657,0.2625,0.2629,2198100.7,2026-03-11 17:59:59.999,579949.78157000,4375,1066022.80000000,281360.66235000,0
2026-03-11 18:00:00,0.2629,0.2636,0.2623,0.2629,863793.3,2026-03-11 18:59:59.999,226998.66772000,1519,453612.70000000,119224.25828000,0
2026-03-11 19:00:00,0.2628,0.2629,0.26,0.261,934581.3,2026-03-11 19:59:59.999,244034.95901000,1949,437418.40000000,114214.48616000,0
2026-03-11 20:00:00,0.2609,0.2629,0.2599,0.2626,832729.1,2026-03-11 20:59:59.999,217747.06456000,1685,386168.90000000,100948.16760000,0
2026-03-11 21:00:00,0.2627,0.263,0.2615,0.2628,373977.9,2026-03-11 21:59:59.999,98130.24121000,743,217061.60000000,56959.38708000,0
2026-03-11 22:00:00,0.2629,0.2631,0.2628,0.2629,26636.5,2026-03-11 22:59:59.999,7002.45154000,27,2999.00000000,788.46095000,0
