timestamp,open,high,low,close,volume,close_time,quote_asset_volume,number_of_trades,taker_buy_base_volume,taker_buy_quote_volume,ignore
2025-09-11 12:00:00,0.004502,0.00582,0.004502,0.005519,3079348360.0,2025-09-11 12:59:59.999,17403874.43951500,64345,1591209953.00,9004089.40166800,0
2025-09-11 13:00:00,0.005516,0.005648,0.005386,0.005604,1171472838.0,2025-09-11 13:59:59.999,6435460.32916300,23406,647902876.00,3558273.19558200,0
2025-09-11 14:00:00,0.005605,0.005632,0.005411,0.005498,710233782.0,2025-09-11 14:59:59.999,3919538.88768300,12007,336830716.00,1859001.57772600,0
2025-09-11 15:00:00,0.005497,0.00552,0.005283,0.005312,712641590.0,2025-09-11 15:59:59.999,3840360.21801200,16347,428083875.00,2305203.86052600,0
2025-09-11 16:00:00,0.005313,0.005512,0.005306,0.005329,623769462.0,2025-09-11 16:59:59.999,3367003.22457100,10999,384782841.00,2079122.13069700,0
2025-09-11 17:00:00,0.005322,0.00537,0.005252,0.005341,530458227.0,2025-09-11 17:59:59.999,2809357.87472500,7766,241383841.00,1279290.04730500,0
2025-09-11 18:00:00,0.00534,0.005453,0.005312,0.005426,381808406.0,2025-09-11 18:59:59.999,2058054.69642600,8030,205272503.00,1107412.94295700,0
2025-09-11 19:00:00,0.005426,0.005494,0.005405,0.005468,260953981.0,2025-09-11 19:59:59.999,1424865.15250500,5642,113395678.00,619213.92102800,0
2025-09-11 20:00:00,0.00547,0.005633,0.005422,0.005617,304694555.0,2025-09-11 20:59:59.999,1682435.35466600,6379,177339217.00,979385.09349000,0
2025-09-11 21:00:00,0.005615,0.005655,0.005548,0.005642,479991429.0,2025-09-11 21:59:59.999,2690304.60753200,10235,206984315.00,1160504.66114100,0
2025-09-11 22:00:00,0.005644,0.005969,0.005643,0.005963,1349530572.0,2025-09-11 22:59:59.999,7860068.35800700,21864,626643714.00,3650384.70810600,0
2025-09-11 23:00:00,0.005964,0.006072,0.005881,0.005893,997653333.0,2025-09-11 23:59:59.999,5961301.44050600,16949,479526600.00,2867079.28207000,0
2025-09-12 00:00:00,0.005895,0.006022,0.005809,0.005904,769894504.0,2025-09-12 00:59:59.999,4547017.31894700,12108,376004842.00,2221514.31947700,0
2025-09-12 01:00:00,0.005902,0.005951,0.005847,0.005912,506796993.0,2025-09-12 01:59:59.999,2988985.50521900,10612,227250966.00,1340509.64021600,0
2025-09-12 02:00:00,0.005911,0.006209,0.005908,0.006169,995233449.0,2025-09-12 02:59:59.999,6042097.65861700,13275,487819716.00,2960199.64602700,0
2025-09-12 03:00:00,0.006168,0.006289,0.006074,0.006204,1329860000.0,2025-09-12 03:59:59.999,8221768.99860100,15005,678877740.00,4204657.30958500,0
2025-09-12 04:00:00,0.006205,0.00637,0.006201,0.00627,1176788365.0,2025-09-12 04:59:59.999,7389230.27978000,12893,580907468.00,3646241.12294700,0
2025-09-12 05:00:00,0.006269,0.006315,0.006054,0.006135,814800938.0,2025-09-12 05:59:59.999,5057559.27127400,9490,403407626.00,2505224.78571000,0
2025-09-12 06:00:00,0.006135,0.00623,0.00608,0.006186,830226720.0,2025-09-12 06:59:59.999,5112099.05779700,10322,331855335.00,2043916.93368700,0
2025-09-12 07:00:00,0.006184,0.006217,0.006067,0.006104,444985189.0,2025-09-12 07:59:59.999,2731438.42462800,6772,217439166.00,1335465.95899400,0
2025-09-12 08:00:00,0.006105,0.006188,0.006048,0.006118,435500787.0,2025-09-12 08:59:59.999,2664560.48422400,6391,205975327.00,1261301.87294700,0
2025-09-12 09:00:00,0.006118,0.006226,0.00605,0.006075,619382154.0,2025-09-12 09:59:59.999,3807987.24698100,9673,347141533.00,2136145.58565300,0
2025-09-12 10:00:00,0.006075,0.006075,0.005938,0.00601,863073026.0,2025-09-12 10:59:59.999,5173192.06442800,15613,438611974.00,2629839.56491500,0
2025-09-12 11:00:00,0.006011,0.006157,0.005967,0.00612,5364153752.0,2025-09-12 11:59:59.999,32373803.92280700,500929,2662354421.00,16068115.28463900,0
2025-09-12 12:00:00,0.006119,0.006148,0.006006,0.006008,1038361752.0,2025-09-12 12:59:59.999,6335505.38760200,46642,550023728.00,3356614.39904700,0
2025-09-12 13:00:00,0.006009,0.006054,0.005961,0.006019,289648825.0,2025-09-12 13:59:59.999,1739423.60395400,8413,150670910.00,905195.19492300,0
2025-09-12 14:00:00,0.006017,0.006068,0.00588,0.005945,432619842.0,2025-09-12 14:59:59.999,2584861.20675500,8638,240001208.00,1434618.64866600,0
2025-09-12 15:00:00,0.005945,0.005957,0.005778,0.005905,803948256.0,2025-09-12 15:59:59.999,4723389.19701500,11303,384160120.00,2256410.95601200,0
2025-09-12 16:00:00,0.005905,0.006098,0.005881,0.006071,703579320.0,2025-09-12 16:59:59.999,4228861.45948100,8981,277754269.00,1668297.20324800,0
2025-09-12 17:00:00,0.006071,0.006118,0.006007,0.00604,386701846.0,2025-09-12 17:59:59.999,2341857.70252700,7671,176739735.00,1069993.66562400,0
2025-09-12 18:00:00,0.006041,0.006207,0.006023,0.006102,507453664.0,2025-09-12 18:59:59.999,3108378.48263200,8333,269297856.00,1649081.53750600,0
2025-09-12 19:00:00,0.006102,0.006155,0.006062,0.006135,383938571.0,2025-09-12 19:59:59.999,2343545.41521800,5591,229218484.00,1399489.71523500,0
2025-09-12 20:00:00,0.006136,0.006185,0.006072,0.006166,334958473.0,2025-09-12 20:59:59.999,2054436.88483400,5170,172267135.00,1056943.13270200,0
2025-09-12 21:00:00,0.006165,0.006347,0.006099,0.006245,657012717.0,2025-09-12 21:59:59.999,4097627.20467600,9326,349149945.00,2179559.50513600,0
2025-09-12 22:00:00,0.006245,0.006347,0.006119,0.006138,505407384.0,2025-09-12 22:59:59.999,3145259.84568400,8070,226103425.00,1410240.81701900,0
2025-09-12 23:00:00,0.006137,0.006238,0.00608,0.006219,468850101.0,2025-09-12 23:59:59.999,2890019.88116700,7513,224793777.00,1386966.42743500,0
2025-09-13 00:00:00,0.006218,0.006243,0.006117,0.00622,252624751.0,2025-09-13 00:59:59.999,1562276.15358800,5779,122102217.00,755233.83478100,0
2025-09-13 01:00:00,0.006219,0.006317,0.006141,0.006315,468174594.0,2025-09-13 01:59:59.999,2912377.42761100,8643,232990929.00,1449302.87685400,0
2025-09-13 02:00:00,0.006317,0.006519,0.006257,0.006333,1390492309.0,2025-09-13 02:59:59.999,8885185.42024300,22583,650934470.00,4151715.26806300,0
2025-09-13 03:00:00,0.006334,0.006548,0.006334,0.006488,878428900.0,2025-09-13 03:59:59.999,5677105.78343100,15200,477809151.00,3088109.86139300,0
2025-09-13 04:00:00,0.006488,0.006593,0.00643,0.006466,574286235.0,2025-09-13 04:59:59.999,3740266.19194700,15424,288310755.00,1878005.04062600,0
2025-09-13 05:00:00,0.006465,0.006484,0.006356,0.006442,312837903.0,2025-09-13 05:59:59.999,2010573.29969000,7377,169619194.00,1090212.16587200,0
2025-09-13 06:00:00,0.006441,0.006517,0.006379,0.006382,422232086.0,2025-09-13 06:59:59.999,2722287.25630500,6462,152470554.00,983398.54481300,0
2025-09-13 07:00:00,0.006384,0.006431,0.00622,0.00626,769716699.0,2025-09-13 07:59:59.999,4836654.07854900,11312,418809028.00,2628792.99933300,0
2025-09-13 08:00:00,0.00626,0.006323,0.006234,0.006306,249197168.0,2025-09-13 08:59:59.999,1565771.84918300,5272,113257394.00,711768.58048400,0
2025-09-13 09:00:00,0.006306,0.006329,0.006217,0.006327,274838780.0,2025-09-13 09:59:59.999,1722479.04896500,5511,115592201.00,724471.26074500,0
2025-09-13 10:00:00,0.006326,0.006465,0.006289,0.006461,767446804.0,2025-09-13 10:59:59.999,4865704.35247200,9101,308659507.00,1959653.07409600,0
2025-09-13 11:00:00,0.006461,0.00649,0.006421,0.006428,446043582.0,2025-09-13 11:59:59.999,2875574.86303300,9704,240781764.00,1552380.79718600,0
2025-09-13 12:00:00,0.006428,0.006556,0.006427,0.006508,492151658.0,2025-09-13 12:59:59.999,3193724.23715800,10545,239730091.00,1555313.92902000,0
2025-09-13 13:00:00,0.006507,0.006543,0.006264,0.00637,699173466.0,2025-09-13 13:59:59.999,4488948.37808000,14177,280958126.00,1807341.25166900,0
2025-09-13 14:00:00,0.006372,0.006429,0.006277,0.006359,664685461.0,2025-09-13 14:59:59.999,4230805.20419500,9911,274292343.00,1744428.98207700,0
2025-09-13 15:00:00,0.006361,0.006405,0.006262,0.006315,413100298.0,2025-09-13 15:59:59.999,2611049.06655700,9254,233440148.00,1476159.02483600,0
2025-09-13 16:00:00,0.006315,0.006368,0.006244,0.006284,323515876.0,2025-09-13 16:59:59.999,2035412.08780700,9802,154054717.00,968985.81917300,0
2025-09-13 17:00:00,0.006285,0.006404,0.006217,0.006403,234006723.0,2025-09-13 17:59:59.999,1476674.57677200,7264,115797214.00,730825.43871600,0
2025-09-13 18:00:00,0.006405,0.0066,0.006386,0.00655,559490526.0,2025-09-13 18:59:59.999,3636860.35861000,10055,341932481.00,2226477.77591900,0
2025-09-13 19:00:00,0.00655,0.006806,0.006532,0.006777,803729370.0,2025-09-13 19:59:59.999,5387155.07352100,17262,488241747.00,3271178.42584700,0
2025-09-13 20:00:00,0.006776,0.007025,0.006746,0.006975,861446005.0,2025-09-13 20:59:59.999,5928238.65810700,14795,512033575.00,3530122.15327400,0
2025-09-13 21:00:00,0.006976,0.007479,0.006968,0.007413,1521543574.0,2025-09-13 21:59:59.999,10885690.40626600,22715,816757414.00,5841535.27087700,0
2025-09-13 22:00:00,0.007409,0.007531,0.007234,0.00743,1751711751.0,2025-09-13 22:59:59.999,12930518.34231500,29139,918853899.00,6786997.40844400,0
2025-09-13 23:00:00,0.00743,0.007723,0.007363,0.007478,1297366702.0,2025-09-13 23:59:59.999,9781477.67009400,26242,689205422.00,5198902.81335600,0
2025-09-14 00:00:00,0.007475,0.007556,0.007372,0.007527,1149406565.0,2025-09-14 00:59:59.999,8605829.38263300,21811,521934655.00,3907760.27269500,0
2025-09-14 01:00:00,0.007524,0.007983,0.007501,0.007808,2333594801.0,2025-09-14 01:59:59.999,18040442.53938300,31781,1121505205.00,8692987.45017800,0
2025-09-14 02:00:00,0.00781,0.008093,0.007668,0.00778,2024171795.0,2025-09-14 02:59:59.999,15991198.46620800,28284,913290798.00,7217943.75201000,0
2025-09-14 03:00:00,0.007781,0.007922,0.007706,0.007833,1022067291.0,2025-09-14 03:59:59.999,7973705.09154800,17441,466624822.00,3641530.64655400,0
2025-09-14 04:00:00,0.007831,0.007944,0.007634,0.007892,984708062.0,2025-09-14 04:59:59.999,7701172.29082100,18350,502779947.00,3932135.65666500,0
2025-09-14 05:00:00,0.007893,0.00847,0.007876,0.008286,1387949628.0,2025-09-14 05:59:59.999,11289865.38111200,24506,779041343.00,6335308.50257000,0
2025-09-14 06:00:00,0.008286,0.008414,0.008131,0.008276,1416286044.0,2025-09-14 06:59:59.999,11753307.50368300,32074,656661319.00,5454475.95450900,0
2025-09-14 07:00:00,0.008276,0.008302,0.008052,0.008142,991135192.0,2025-09-14 07:59:59.999,8081557.61691100,21770,442544599.00,3607823.47673700,0
2025-09-14 08:00:00,0.00814,0.008174,0.007949,0.008033,863290920.0,2025-09-14 08:59:59.999,6964019.79231200,14635,408865551.00,3299182.41847600,0
2025-09-14 09:00:00,0.008037,0.00813,0.007852,0.008105,783850272.0,2025-09-14 09:59:59.999,6257982.88569200,14007,398670306.00,3187013.72060800,0
2025-09-14 10:00:00,0.008105,0.008268,0.008063,0.008243,950086544.0,2025-09-14 10:59:59.999,7734942.66010600,16612,460889953.00,3752295.28895400,0
2025-09-14 11:00:00,0.00824,0.008308,0.008021,0.008047,893655122.0,2025-09-14 11:59:59.999,7324944.00968900,21554,466937779.00,3829419.10015900,0
2025-09-14 12:00:00,0.008046,0.008247,0.007679,0.007784,1315313208.0,2025-09-14 12:59:59.999,10468000.71125700,21910,672776370.00,5352248.99319200,0
2025-09-14 13:00:00,0.007787,0.007971,0.0077,0.007879,908150871.0,2025-09-14 13:59:59.999,7088781.44433800,15435,469997861.00,3667367.42803600,0
2025-09-14 14:00:00,0.007877,0.008058,0.007838,0.007895,833581741.0,2025-09-14 14:59:59.999,6626763.59473300,19000,436218281.00,3468419.08264600,0
2025-09-14 15:00:00,0.007895,0.008275,0.007886,0.008248,1256637978.0,2025-09-14 15:59:59.999,10195203.63994900,23824,635281712.00,5155362.65956400,0
2025-09-14 16:00:00,0.008244,0.00898,0.008216,0.008666,2652073078.0,2025-09-14 16:59:59.999,23088552.74018000,49761,1493038673.00,13006205.25956100,0
2025-09-14 17:00:00,0.008667,0.008744,0.008309,0.008677,1574130722.0,2025-09-14 17:59:59.999,13486763.51233400,33043,924860757.00,7927149.40552500,0
2025-09-14 18:00:00,0.008677,0.0088,0.008413,0.008491,1040598809.0,2025-09-14 18:59:59.999,8942211.91628900,22564,589491713.00,5070318.01831800,0
2025-09-14 19:00:00,0.008489,0.008514,0.008244,0.008302,760258953.0,2025-09-14 19:59:59.999,6371671.26085400,15874,421691045.00,3534555.88256500,0
2025-09-14 20:00:00,0.008296,0.008369,0.007842,0.007949,1065806228.0,2025-09-14 20:59:59.999,8574709.16171900,21757,526365706.00,4233455.99237200,0
2025-09-14 21:00:00,0.007947,0.008121,0.007812,0.008111,818501519.0,2025-09-14 21:59:59.999,6521534.70036100,12973,489588076.00,3907473.28344600,0
2025-09-14 22:00:00,0.008113,0.008157,0.007927,0.008025,658127441.0,2025-09-14 22:59:59.999,5298591.49115300,11206,327970328.00,2642866.41012100,0
2025-09-14 23:00:00,0.008027,0.008039,0.007815,0.008015,605569995.0,2025-09-14 23:59:59.999,4807945.15540700,11418,302189384.00,2400653.96483000,0
2025-09-15 00:00:00,0.008013,0.00812,0.007805,0.00788,1078622434.0,2025-09-15 00:59:59.999,8609632.92482000,19535,527112158.00,4200164.34744300,0
2025-09-15 01:00:00,0.00788,0.00797,0.007712,0.007883,820006794.0,2025-09-15 01:59:59.999,6416638.93546700,17241,391587384.00,3065252.29324000,0
2025-09-15 02:00:00,0.00788,0.007976,0.00778,0.007922,966525080.0,2025-09-15 02:59:59.999,7632965.12614200,13207,491402607.00,3877239.22259700,0
2025-09-15 03:00:00,0.007921,0.008199,0.007911,0.00815,877081770.0,2025-09-15 03:59:59.999,7090888.11496900,16938,417318802.00,3374147.79812800,0
2025-09-15 04:00:00,0.00815,0.00815,0.00797,0.008021,626348110.0,2025-09-15 04:59:59.999,5043965.94275700,12461,308030827.00,2480593.49573500,0
2025-09-15 05:00:00,0.008018,0.008127,0.007852,0.007931,546786028.0,2025-09-15 05:59:59.999,4368987.45789000,11082,237620010.00,1899550.17138100,0
2025-09-15 06:00:00,0.007932,0.007979,0.007624,0.007744,1001573954.0,2025-09-15 06:59:59.999,7825451.14593500,16477,437170183.00,3411905.94435200,0
2025-09-15 07:00:00,0.007746,0.007895,0.007667,0.007824,912271146.0,2025-09-15 07:59:59.999,7114638.07391000,15380,357605696.00,2788591.97505600,0
2025-09-15 08:00:00,0.007825,0.007868,0.007474,0.007521,1220262111.0,2025-09-15 08:59:59.999,9334728.47337300,22933,642330838.00,4907125.28837200,0
2025-09-15 09:00:00,0.007522,0.007941,0.007498,0.007922,1602872736.0,2025-09-15 09:59:59.999,12440579.95029300,22840,731284759.00,5666242.21222600,0
2025-09-15 10:00:00,0.007922,0.008078,0.007839,0.007995,1090279432.0,2025-09-15 10:59:59.999,8675582.05622600,18737,500462843.00,3985548.28963400,0
2025-09-15 11:00:00,0.007992,0.008086,0.007851,0.00807,648239383.0,2025-09-15 11:59:59.999,5169116.32746700,13441,307293674.00,2453449.87041700,0
2025-09-15 12:00:00,0.008069,0.00856,0.008014,0.008089,2320494144.0,2025-09-15 12:59:59.999,19232022.03502500,42738,1294047400.00,10730501.56455200,0
2025-09-15 13:00:00,0.008089,0.008255,0.00795,0.008043,1722239071.0,2025-09-15 13:59:59.999,13974956.01177400,28345,1054891665.00,8559987.24218100,0
2025-09-15 14:00:00,0.008046,0.0085,0.007941,0.008327,2160898256.0,2025-09-15 14:59:59.999,17948309.15383300,31451,1098552033.00,9135683.66254700,0
2025-09-15 15:00:00,0.008324,0.008497,0.008214,0.008405,1398765462.0,2025-09-15 15:59:59.999,11697230.21023800,25321,707768991.00,5917996.07568500,0
2025-09-15 16:00:00,0.008403,0.008411,0.0078,0.008017,1138011846.0,2025-09-15 16:59:59.999,9301728.89031800,19352,508537886.00,4163400.20918200,0
2025-09-15 17:00:00,0.008016,0.008084,0.007729,0.007897,1128824356.0,2025-09-15 17:59:59.999,8893475.83760100,17828,586181497.00,4614782.09721900,0
2025-09-15 18:00:00,0.007898,0.008196,0.007837,0.008156,787355358.0,2025-09-15 18:59:59.999,6287582.89697700,12949,352961189.00,2816276.84673800,0
2025-09-15 19:00:00,0.008154,0.008274,0.008028,0.008203,630918252.0,2025-09-15 19:59:59.999,5151949.20302600,12698,344978489.00,2818295.43033600,0
2025-09-15 20:00:00,0.008203,0.008485,0.008157,0.008476,568372842.0,2025-09-15 20:59:59.999,4719054.90997300,11328,346600133.00,2879521.18978300,0
2025-09-15 21:00:00,0.008477,0.00876,0.008342,0.008584,1100047268.0,2025-09-15 21:59:59.999,9356423.02394300,17860,560447430.00,4772262.54772700,0
2025-09-15 22:00:00,0.008584,0.008739,0.008538,0.008581,872682106.0,2025-09-15 22:59:59.999,7537289.54258300,21391,491644150.00,4248275.72115000,0
2025-09-15 23:00:00,0.008582,0.008691,0.00843,0.008627,728897362.0,2025-09-15 23:59:59.999,6243377.02555200,16441,388886532.00,3333598.69061600,0
2025-09-16 00:00:00,0.008625,0.008714,0.008442,0.008508,628767588.0,2025-09-16 00:59:59.999,5380753.61639400,15734,335528076.00,2871656.53115200,0
2025-09-16 01:00:00,0.00851,0.008604,0.0084,0.008474,385497422.0,2025-09-16 01:59:59.999,3274742.22812700,11997,192260932.00,1634703.09764200,0
2025-09-16 02:00:00,0.008476,0.008547,0.008344,0.008363,517341310.0,2025-09-16 02:59:59.999,4358891.22037300,11672,285425910.00,2404921.60859800,0
2025-09-16 03:00:00,0.008361,0.00839,0.008257,0.008326,730380608.0,2025-09-16 03:59:59.999,6084393.00115600,13047,392492225.00,3269220.43310400,0
2025-09-16 04:00:00,0.008325,0.008368,0.008177,0.008287,865629367.0,2025-09-16 04:59:59.999,7152121.60888100,14999,300386894.00,2483214.96165100,0
2025-09-16 05:00:00,0.008286,0.008449,0.008255,0.008414,667929928.0,2025-09-16 05:59:59.999,5589575.75279600,13131,346319534.00,2899082.24109100,0
2025-09-16 06:00:00,0.008415,0.008473,0.008222,0.008259,531866945.0,2025-09-16 06:59:59.999,4447323.43260000,11221,203657564.00,1704517.06088200,0
2025-09-16 07:00:00,0.008259,0.008426,0.008126,0.008195,688891346.0,2025-09-16 07:59:59.999,5698262.96873000,13482,288009542.00,2384506.14509400,0
2025-09-16 08:00:00,0.008197,0.008277,0.008116,0.008194,652876517.0,2025-09-16 08:59:59.999,5353051.19739200,11923,353833807.00,2901053.66139500,0
2025-09-16 09:00:00,0.008193,0.008208,0.008046,0.008102,661824148.0,2025-09-16 09:59:59.999,5356673.41565200,12776,339011643.00,2741959.34695400,0
2025-09-16 10:00:00,0.008104,0.008201,0.008,0.008072,407095580.0,2025-09-16 10:59:59.999,3307948.48445000,11296,160433012.00,1304836.91049400,0
2025-09-16 11:00:00,0.008071,0.008144,0.008,0.008099,463579978.0,2025-09-16 11:59:59.999,3740038.23410100,10861,211551220.00,1707582.97013800,0
2025-09-16 12:00:00,0.008099,0.008208,0.007974,0.008067,731122522.0,2025-09-16 12:59:59.999,5923801.83249700,13350,273510201.00,2216436.11710500,0
2025-09-16 13:00:00,0.008068,0.008161,0.00788,0.007962,1025007048.0,2025-09-16 13:59:59.999,8216706.16249600,18383,344492955.00,2761778.86159500,0
2025-09-16 14:00:00,0.007962,0.008042,0.007835,0.008026,1606576755.0,2025-09-16 14:59:59.999,12752605.03461200,33245,959105273.00,7616850.23059100,0
2025-09-16 15:00:00,0.008026,0.008196,0.007966,0.008172,849711214.0,2025-09-16 15:59:59.999,6872324.65663000,17260,399562656.00,3233102.57030300,0
2025-09-16 16:00:00,0.008171,0.008276,0.007954,0.007999,1232604617.0,2025-09-16 16:59:59.999,10007259.53391200,26449,476550497.00,3875861.05276000,0
2025-09-16 17:00:00,0.007996,0.008353,0.007988,0.008324,977319193.0,2025-09-16 17:59:59.999,8002910.56175700,20322,437781949.00,3586858.87294900,0
2025-09-16 18:00:00,0.008322,0.008407,0.00829,0.008325,1343240707.0,2025-09-16 18:59:59.999,11220536.60157800,30683,793699449.00,6633884.17055600,0
2025-09-16 19:00:00,0.008328,0.008362,0.008175,0.008207,511532765.0,2025-09-16 19:59:59.999,4228492.95941400,13912,218492645.00,1807902.05672300,0
2025-09-16 20:00:00,0.008206,0.00826,0.008118,0.008152,306820242.0,2025-09-16 20:59:59.999,2509830.23976200,8595,132092458.00,1081207.02337400,0
2025-09-16 21:00:00,0.008151,0.008155,0.007944,0.00799,417243737.0,2025-09-16 21:59:59.999,3359723.01273800,8601,190647721.00,1533311.56247500,0
2025-09-16 22:00:00,0.007989,0.008071,0.007941,0.007941,542134197.0,2025-09-16 22:59:59.999,4334990.32856700,9903,293783283.00,2349816.18138700,0
2025-09-16 23:00:00,0.007944,0.007973,0.0078,0.007807,574206733.0,2025-09-16 23:59:59.999,4533679.91228400,11667,317413765.00,2507039.88841400,0
2025-09-17 00:00:00,0.007807,0.007832,0.007607,0.007816,1087989129.0,2025-09-17 00:59:59.999,8404198.57181800,18480,568330138.00,4393301.78871700,0
2025-09-17 01:00:00,0.007814,0.008045,0.007777,0.007986,903668696.0,2025-09-17 01:59:59.999,7130380.72302700,14763,553329794.00,4362641.73568800,0
2025-09-17 02:00:00,0.007985,0.00822,0.007943,0.008132,1042708475.0,2025-09-17 02:59:59.999,8449973.61730600,18148,498892711.00,4042675.90381800,0
2025-09-17 03:00:00,0.008129,0.008149,0.007915,0.007927,720616719.0,2025-09-17 03:59:59.999,5781432.36670300,15191,307096649.00,2463000.01963100,0
2025-09-17 04:00:00,0.007928,0.007981,0.007758,0.007766,766660551.0,2025-09-17 04:59:59.999,6041325.59581400,15341,378874758.00,2990960.87622900,0
2025-09-17 05:00:00,0.007767,0.007903,0.007752,0.007835,839042457.0,2025-09-17 05:59:59.999,6580839.50992100,14842,415895667.00,3262215.83768300,0
2025-09-17 06:00:00,0.007835,0.007973,0.007791,0.007864,428735124.0,2025-09-17 06:59:59.999,3379910.70245900,10638,236026841.00,1862105.33448800,0
2025-09-17 07:00:00,0.007865,0.008,0.007764,0.00789,669020613.0,2025-09-17 07:59:59.999,5266165.45766900,12952,352959464.00,2778955.17387200,0
2025-09-17 08:00:00,0.00789,0.008199,0.00789,0.008086,1076823962.0,2025-09-17 08:59:59.999,8636928.12084900,21563,633107181.00,5076733.37101800,0
2025-09-17 09:00:00,0.00809,0.008188,0.007965,0.00799,756407348.0,2025-09-17 09:59:59.999,6105647.97856700,15761,414758714.00,3347872.54685800,0
2025-09-17 10:00:00,0.007991,0.008076,0.007952,0.007976,449112241.0,2025-09-17 10:59:59.999,3597444.70145600,11847,240307537.00,1925162.17101700,0
2025-09-17 11:00:00,0.007976,0.008039,0.007893,0.008001,339225955.0,2025-09-17 11:59:59.999,2703588.05331700,6891,179765543.00,1433177.20234000,0
2025-09-17 12:00:00,0.008,0.008092,0.007949,0.008036,346562013.0,2025-09-17 12:59:59.999,2781852.01127100,7399,178254518.00,1430827.89842100,0
2025-09-17 13:00:00,0.008034,0.008041,0.007809,0.007895,863043720.0,2025-09-17 13:59:59.999,6804234.73292100,13717,531054076.00,4185097.97511000,0
2025-09-17 14:00:00,0.007898,0.00793,0.007819,0.007827,385697716.0,2025-09-17 14:59:59.999,3036559.07655500,9926,223415267.00,1759159.52421300,0
2025-09-17 15:00:00,0.007827,0.007854,0.007595,0.007664,801433470.0,2025-09-17 15:59:59.999,6180072.21360000,15429,477924575.00,3684700.79614200,0
2025-09-17 16:00:00,0.007664,0.0077,0.007486,0.007624,900698689.0,2025-09-17 16:59:59.999,6831375.71202800,16995,412533717.00,3131754.37408500,0
2025-09-17 17:00:00,0.007625,0.007906,0.007625,0.007732,878095954.0,2025-09-17 17:59:59.999,6797880.28406300,14405,587588569.00,4553197.24230800,0
2025-09-17 18:00:00,0.007735,0.007978,0.007639,0.007921,1328476733.0,2025-09-17 18:59:59.999,10402433.13109800,26165,714231679.00,5597054.82237500,0
2025-09-17 19:00:00,0.007922,0.008167,0.00792,0.007961,1084195520.0,2025-09-17 19:59:59.999,8737186.88063800,19160,502455520.00,4049884.04203200,0
2025-09-17 20:00:00,0.007962,0.008293,0.007962,0.0081,864754796.0,2025-09-17 20:59:59.999,7066204.75853600,14540,455977760.00,3726503.56488800,0
2025-09-17 21:00:00,0.008099,0.008299,0.008054,0.008299,379743247.0,2025-09-17 21:59:59.999,3113689.90097100,8090,250670495.00,2056591.28654600,0
2025-09-17 22:00:00,0.008297,0.008377,0.008237,0.008268,569440576.0,2025-09-17 22:59:59.999,4733536.84397900,12798,305509257.00,2540813.95715900,0
2025-09-17 23:00:00,0.008267,0.008375,0.008168,0.008184,418483470.0,2025-09-17 23:59:59.999,3461204.42756600,11922,252296420.00,2086906.43348200,0
2025-09-18 00:00:00,0.008183,0.00857,0.008179,0.008461,678860553.0,2025-09-18 00:59:59.999,5701613.40579600,13985,395448390.00,3319740.62817000,0
2025-09-18 01:00:00,0.008459,0.008712,0.008362,0.008636,786418779.0,2025-09-18 01:59:59.999,6719841.04943300,17441,485365680.00,4149541.60855500,0
2025-09-18 02:00:00,0.008638,0.008759,0.008405,0.008451,855904559.0,2025-09-18 02:59:59.999,7307044.14831300,14483,400786394.00,3426446.33871400,0
2025-09-18 03:00:00,0.008452,0.008564,0.008368,0.008379,517768353.0,2025-09-18 03:59:59.999,4381470.56706300,10157,289267484.00,2450073.74695400,0
2025-09-18 04:00:00,0.008379,0.008456,0.008327,0.008417,399233871.0,2025-09-18 04:59:59.999,3348638.13447200,8214,179918211.00,1509081.70193300,0
2025-09-18 05:00:00,0.008418,0.008449,0.008317,0.008358,435213254.0,2025-09-18 05:59:59.999,3647512.06294500,8496,156785577.00,1314638.18246000,0
2025-09-18 06:00:00,0.00836,0.008366,0.00823,0.00824,509992058.0,2025-09-18 06:59:59.999,4227396.25893100,10168,263814920.00,2186915.14395400,0
2025-09-18 07:00:00,0.008244,0.00825,0.007976,0.008012,893457469.0,2025-09-18 07:59:59.999,7262078.42473100,14445,424744577.00,3455921.27822400,0
2025-09-18 08:00:00,0.008012,0.008058,0.007838,0.008019,692901908.0,2025-09-18 08:59:59.999,5516674.52805200,14138,357216651.00,2845855.76964900,0
2025-09-18 09:00:00,0.008019,0.008134,0.007994,0.008122,372888457.0,2025-09-18 09:59:59.999,3008930.49713000,8383,227925078.00,1839547.36176800,0
2025-09-18 10:00:00,0.008117,0.008136,0.00796,0.008024,388652756.0,2025-09-18 10:59:59.999,3120046.91632500,6565,157876354.00,1268965.90631700,0
2025-09-18 11:00:00,0.008025,0.008058,0.00788,0.007926,424457492.0,2025-09-18 11:59:59.999,3381581.25219100,6795,189305444.00,1507872.99796000,0
2025-09-18 12:00:00,0.007924,0.007989,0.007861,0.007931,402768573.0,2025-09-18 12:59:59.999,3191529.22399800,7116,196777554.00,1560055.54258000,0
2025-09-18 13:00:00,0.007931,0.008017,0.007869,0.00792,671734834.0,2025-09-18 13:59:59.999,5326025.00510700,11462,461345293.00,3657913.49914300,0
2025-09-18 14:00:00,0.007917,0.00796,0.007846,0.007908,413395209.0,2025-09-18 14:59:59.999,3264482.99376300,8995,242165558.00,1912340.35171000,0
2025-09-18 15:00:00,0.007909,0.007977,0.007741,0.007772,987074197.0,2025-09-18 15:59:59.999,7725930.39973200,15220,526561455.00,4120451.15637700,0
2025-09-18 16:00:00,0.007771,0.007948,0.007765,0.007913,591505206.0,2025-09-18 16:59:59.999,4652056.65137900,13360,331809795.00,2608490.89153000,0
2025-09-18 17:00:00,0.007913,0.008028,0.007889,0.007938,502560387.0,2025-09-18 17:59:59.999,3999520.00672200,9449,276651138.00,2200711.98022900,0
2025-09-18 18:00:00,0.007938,0.007998,0.007901,0.007996,324462451.0,2025-09-18 18:59:59.999,2577845.97721400,6716,195803275.00,1555703.97575900,0
2025-09-18 19:00:00,0.007996,0.007998,0.0078,0.007855,710402314.0,2025-09-18 19:59:59.999,5603681.49169100,12330,283545123.00,2231605.06296600,0
2025-09-18 20:00:00,0.007855,0.007861,0.007681,0.007792,475656629.0,2025-09-18 20:59:59.999,3703861.36578900,10465,275051564.00,2142469.13385900,0
2025-09-18 21:00:00,0.007793,0.007821,0.007729,0.007819,188064960.0,2025-09-18 21:59:59.999,1461794.75119200,5187,118942481.00,924559.92909800,0
2025-09-18 22:00:00,0.00782,0.007839,0.007744,0.007772,169047791.0,2025-09-18 22:59:59.999,1317241.93080100,5550,99433061.00,775133.73438200,0
2025-09-18 23:00:00,0.007771,0.007837,0.007674,0.007819,349903011.0,2025-09-18 23:59:59.999,2709069.09313000,9656,188094816.00,1456216.70216000,0
2025-09-19 00:00:00,0.00782,0.007847,0.007734,0.007748,284579335.0,2025-09-19 00:59:59.999,2215770.17414900,9725,126389238.00,984230.28374200,0
2025-09-19 01:00:00,0.007749,0.007781,0.007546,0.007606,978613204.0,2025-09-19 01:59:59.999,7478351.90177800,16797,525767684.00,4019062.63567500,0
2025-09-19 02:00:00,0.007605,0.007692,0.007528,0.00761,675058759.0,2025-09-19 02:59:59.999,5146836.26856300,13231,425592916.00,3248208.09393300,0
2025-09-19 03:00:00,0.00761,0.007693,0.0075,0.007522,595437081.0,2025-09-19 03:59:59.999,4512137.47829500,14721,326971763.00,2479113.26654600,0
2025-09-19 04:00:00,0.007521,0.007523,0.007135,0.007392,1053951703.0,2025-09-19 04:59:59.999,7759287.76426500,25974,432176421.00,3178662.14663100,0
2025-09-19 05:00:00,0.007393,0.007491,0.007261,0.007403,1062348781.0,2025-09-19 05:59:59.999,7817903.30986400,16754,507932774.00,3750294.16612700,0
2025-09-19 06:00:00,0.007403,0.007425,0.007323,0.007372,266311737.0,2025-09-19 06:59:59.999,1963828.66222900,8954,148943313.00,1098964.42929900,0
2025-09-19 07:00:00,0.00737,0.007503,0.007337,0.007373,640766395.0,2025-09-19 07:59:59.999,4760457.39600800,12946,433546180.00,3218912.97837700,0
2025-09-19 08:00:00,0.007371,0.007442,0.007362,0.007367,325523302.0,2025-09-19 08:59:59.999,2407847.18962700,8206,128908442.00,953570.79740500,0
2025-09-19 09:00:00,0.007367,0.007399,0.00725,0.007252,279314966.0,2025-09-19 09:59:59.999,2043815.27431000,7996,154133515.00,1128077.42648800,0
2025-09-19 10:00:00,0.007251,0.007304,0.007218,0.007241,361014967.0,2025-09-19 10:59:59.999,2621695.68112800,8597,203623007.00,1478712.27446400,0
2025-09-19 11:00:00,0.007242,0.007259,0.007062,0.007161,933869248.0,2025-09-19 11:59:59.999,6676050.12895200,19735,456307680.00,3263050.79780600,0
2025-09-19 12:00:00,0.007161,0.007267,0.007104,0.007108,577298965.0,2025-09-19 12:59:59.999,4142970.11315900,12348,297134970.00,2132098.16356600,0
2025-09-19 13:00:00,0.007108,0.007165,0.007029,0.007053,600158616.0,2025-09-19 13:59:59.999,4257535.69929100,14200,296861019.00,2105825.48183700,0
2025-09-19 14:00:00,0.007054,0.007208,0.006962,0.007017,989695506.0,2025-09-19 14:59:59.999,6984261.71941600,22595,409394050.00,2893488.25987000,0
2025-09-19 15:00:00,0.007017,0.007263,0.006932,0.007128,1285305795.0,2025-09-19 15:59:59.999,9140314.15796000,27108,515883572.00,3666880.12928700,0
2025-09-19 16:00:00,0.007128,0.007256,0.007105,0.007248,627265927.0,2025-09-19 16:59:59.999,4493589.55316800,16547,316304717.00,2268873.31441500,0
2025-09-19 17:00:00,0.007248,0.007248,0.00707,0.007089,485103223.0,2025-09-19 17:59:59.999,3464959.23771200,14553,231760470.00,1656354.44013000,0
2025-09-19 18:00:00,0.007088,0.007169,0.007043,0.007151,229276349.0,2025-09-19 18:59:59.999,1630384.74670800,7516,108430733.00,771424.12264200,0
2025-09-19 19:00:00,0.007151,0.007315,0.007149,0.007239,342967910.0,2025-09-19 19:59:59.999,2481530.34677800,8243,217604860.00,1574047.63472400,0
2025-09-19 20:00:00,0.00724,0.007286,0.00712,0.007154,261486709.0,2025-09-19 20:59:59.999,1883365.26934700,6906,145382081.00,1047232.24061700,0
2025-09-19 21:00:00,0.007153,0.007247,0.007112,0.007239,136009397.0,2025-09-19 21:59:59.999,977832.60636400,3262,92653321.00,665943.68457800,0
2025-09-19 22:00:00,0.00724,0.007291,0.007214,0.007228,97039852.0,2025-09-19 22:59:59.999,704242.82858300,3452,54298110.00,394210.50220700,0
2025-09-19 23:00:00,0.007228,0.00725,0.007106,0.00716,266697786.0,2025-09-19 23:59:59.999,1910802.32796100,7867,156176695.00,1119129.99014700,0
2025-09-20 00:00:00,0.007158,0.007276,0.007152,0.007195,309721089.0,2025-09-20 00:59:59.999,2235371.28906500,7029,170934492.00,1234063.21640100,0
2025-09-20 01:00:00,0.007195,0.007197,0.006977,0.00699,564175466.0,2025-09-20 01:59:59.999,4002422.93984400,13649,311075494.00,2209765.31178900,0
2025-09-20 02:00:00,0.006989,0.007135,0.006838,0.007119,869572472.0,2025-09-20 02:59:59.999,6043914.23686500,17877,503804996.00,3505222.44608000,0
2025-09-20 03:00:00,0.007118,0.007141,0.00697,0.007071,479436637.0,2025-09-20 03:59:59.999,3381676.90801700,10030,270282048.00,1907411.86855500,0
2025-09-20 04:00:00,0.007072,0.007127,0.007016,0.007098,526082780.0,2025-09-20 04:59:59.999,3728514.47765000,9763,332506781.00,2357532.83909000,0
2025-09-20 05:00:00,0.007099,0.007136,0.007039,0.007047,424578071.0,2025-09-20 05:59:59.999,3004678.86535400,6729,210637698.00,1492304.36627600,0
2025-09-20 06:00:00,0.007048,0.007085,0.006981,0.006987,218234127.0,2025-09-20 06:59:59.999,1535178.92491300,5345,109613790.00,772354.45314600,0
2025-09-20 07:00:00,0.006987,0.007044,0.006978,0.007044,199554544.0,2025-09-20 07:59:59.999,1398393.92830300,6302,101175312.00,709278.76677900,0
2025-09-20 08:00:00,0.007044,0.007046,0.006852,0.006873,552159144.0,2025-09-20 08:59:59.999,3826267.79489900,10983,237682301.00,1650774.03556700,0
2025-09-20 09:00:00,0.006873,0.006947,0.006844,0.006859,401006939.0,2025-09-20 09:59:59.999,2760465.74565600,10449,215439271.00,1483566.96817300,0
2025-09-20 10:00:00,0.00686,0.006893,0.00675,0.006754,560830229.0,2025-09-20 10:59:59.999,3820286.42259000,11467,292909499.00,1996287.93592400,0
2025-09-20 11:00:00,0.006753,0.00684,0.006678,0.006785,623662637.0,2025-09-20 11:59:59.999,4224159.77933800,17890,306080394.00,2071738.20235400,0
2025-09-20 12:00:00,0.006786,0.006985,0.006786,0.006934,674922815.0,2025-09-20 12:59:59.999,4651716.68923400,15512,485396526.00,3344951.85850200,0
2025-09-20 13:00:00,0.006933,0.007017,0.006891,0.00697,388229676.0,2025-09-20 13:59:59.999,2703154.79417000,9367,202983022.00,1414544.73547100,0
2025-09-20 14:00:00,0.00697,0.007128,0.006922,0.007059,722564788.0,2025-09-20 14:59:59.999,5097655.97662100,14281,323431359.00,2279188.71991400,0
2025-09-20 15:00:00,0.00706,0.00743,0.007055,0.007397,1013762423.0,2025-09-20 15:59:59.999,7347997.44893200,26165,587804068.00,4260408.03755200,0
2025-09-20 16:00:00,0.007396,0.007474,0.007276,0.00747,798400132.0,2025-09-20 16:59:59.999,5896008.39002500,23684,402620307.00,2974986.40464600,0
2025-09-20 17:00:00,0.00747,0.00747,0.007198,0.007213,637486269.0,2025-09-20 17:59:59.999,4667775.25023700,16077,224118261.00,1643246.42614800,0
2025-09-20 18:00:00,0.007213,0.007225,0.006998,0.007047,693255418.0,2025-09-20 18:59:59.999,4935033.54854700,17182,310020617.00,2206247.44003000,0
2025-09-20 19:00:00,0.007047,0.007147,0.007012,0.007122,385432368.0,2025-09-20 19:59:59.999,2727065.90997400,11135,184175637.00,1303349.44163400,0
2025-09-20 20:00:00,0.007123,0.007135,0.007061,0.007083,145706810.0,2025-09-20 20:59:59.999,1034400.02800400,5265,72844911.00,517231.38121900,0
2025-09-20 21:00:00,0.007083,0.007128,0.007028,0.007047,140223183.0,2025-09-20 21:59:59.999,992036.20579100,3443,60784155.00,429915.91929900,0
2025-09-20 22:00:00,0.007047,0.007071,0.006956,0.007017,334340181.0,2025-09-20 22:59:59.999,2341379.79149500,7026,130725610.00,915260.67092900,0
2025-09-20 23:00:00,0.007016,0.007031,0.006962,0.006981,194729193.0,2025-09-20 23:59:59.999,1362652.04051600,4682,119969070.00,839968.52652600,0
2025-09-21 00:00:00,0.006982,0.007137,0.006972,0.007118,328540951.0,2025-09-21 00:59:59.999,2322450.13208100,8367,203602759.00,1439578.39424800,0
2025-09-21 01:00:00,0.007118,0.0072,0.007096,0.007115,412020652.0,2025-09-21 01:59:59.999,2942422.54996200,10098,229253134.00,1637489.48640100,0
2025-09-21 02:00:00,0.007114,0.007258,0.006999,0.007258,523255716.0,2025-09-21 02:59:59.999,3713503.00849400,12860,305340124.00,2170323.78577500,0
2025-09-21 03:00:00,0.007258,0.007427,0.00718,0.007251,980441318.0,2025-09-21 03:59:59.999,7177585.33178300,23584,440771769.00,3227859.20356300,0
2025-09-21 04:00:00,0.007251,0.007307,0.00713,0.007278,814427582.0,2025-09-21 04:59:59.999,5876818.44371100,17699,314281993.00,2270053.33771200,0
2025-09-21 05:00:00,0.007277,0.007419,0.007272,0.007379,588390733.0,2025-09-21 05:59:59.999,4325072.49505100,14642,335536890.00,2466727.38155100,0
2025-09-21 06:00:00,0.00738,0.007433,0.007327,0.007398,628332816.0,2025-09-21 06:59:59.999,4638007.72772900,14272,305633378.00,2256854.25266200,0
2025-09-21 07:00:00,0.007398,0.007607,0.007288,0.007606,861642196.0,2025-09-21 07:59:59.999,6421987.43657900,20476,404308472.00,3017280.62901400,0
2025-09-21 08:00:00,0.007607,0.007618,0.007246,0.007317,1112421423.0,2025-09-21 08:59:59.999,8266815.32086900,20870,532169182.00,3949281.36714500,0
2025-09-21 09:00:00,0.007316,0.007322,0.007109,0.00714,696118827.0,2025-09-21 09:59:59.999,5014237.88978000,16908,344513001.00,2484513.68917200,0
2025-09-21 10:00:00,0.007139,0.007193,0.007012,0.007083,501893593.0,2025-09-21 10:59:59.999,3566290.97796900,12147,282082121.00,2004798.69348100,0
2025-09-21 11:00:00,0.007082,0.007148,0.007053,0.007098,312636577.0,2025-09-21 11:59:59.999,2225683.27703800,8792,179458647.00,1277892.45640100,0
2025-09-21 12:00:00,0.007098,0.007193,0.007058,0.007065,391592008.0,2025-09-21 12:59:59.999,2792104.51930500,11027,174983523.00,1247650.33001700,0
2025-09-21 13:00:00,0.007065,0.007139,0.007051,0.007108,383671680.0,2025-09-21 13:59:59.999,2724404.79951400,12670,203509793.00,1445121.07387000,0
2025-09-21 14:00:00,0.007108,0.007124,0.007029,0.00708,486917697.0,2025-09-21 14:59:59.999,3447532.01893900,13685,218587043.00,1547843.01672100,0
2025-09-21 15:00:00,0.007079,0.007136,0.0068,0.006848,1010889126.0,2025-09-21 15:59:59.999,7036476.43765300,24656,398204368.00,2771774.15503400,0
2025-09-21 16:00:00,0.006846,0.006912,0.006634,0.006703,1141432581.0,2025-09-21 16:59:59.999,7705931.24590700,25371,533522821.00,3603470.91252400,0
2025-09-21 17:00:00,0.006705,0.006738,0.006567,0.006732,862496478.0,2025-09-21 17:59:59.999,5726743.43992000,22510,485390044.00,3225252.37449800,0
2025-09-21 18:00:00,0.006733,0.006859,0.006714,0.006858,737393696.0,2025-09-21 18:59:59.999,5001749.36891600,16953,465666970.00,3157035.83912200,0
2025-09-21 19:00:00,0.006858,0.00686,0.006644,0.006698,492754987.0,2025-09-21 19:59:59.999,3315251.71835000,12241,215179249.00,1448966.33379200,0
2025-09-21 20:00:00,0.006698,0.006717,0.006633,0.006691,282633701.0,2025-09-21 20:59:59.999,1888053.57560800,8383,159086935.00,1063132.89625500,0
2025-09-21 21:00:00,0.006691,0.00673,0.006668,0.0067,244320150.0,2025-09-21 21:59:59.999,1635643.27682600,5524,139779865.00,936182.42103900,0
2025-09-21 22:00:00,0.006699,0.006713,0.006599,0.006615,501097275.0,2025-09-21 22:59:59.999,3328830.08546300,10311,186391124.00,1237873.19643200,0
2025-09-21 23:00:00,0.006616,0.006619,0.006511,0.006536,444974646.0,2025-09-21 23:59:59.999,2921693.53052400,11155,214829147.00,1411167.96261800,0
2025-09-22 00:00:00,0.006537,0.00659,0.006312,0.006377,1389354596.0,2025-09-22 00:59:59.999,8934812.86824100,32900,588659278.00,3784782.61381800,0
2025-09-22 01:00:00,0.006376,0.006486,0.006307,0.006382,662644720.0,2025-09-22 01:59:59.999,4237783.64947400,20843,310230771.00,1984434.95125600,0
2025-09-22 02:00:00,0.006382,0.006431,0.006278,0.006303,652560376.0,2025-09-22 02:59:59.999,4130482.79911000,15325,260776029.00,1652520.64959100,0
2025-09-22 03:00:00,0.006303,0.006372,0.006271,0.006285,507323723.0,2025-09-22 03:59:59.999,3208774.52525600,11528,306266737.00,1937631.23182900,0
2025-09-22 04:00:00,0.006286,0.006393,0.006265,0.006296,639007728.0,2025-09-22 04:59:59.999,4037225.53779100,11889,372318646.00,2352526.27709900,0
2025-09-22 05:00:00,0.006295,0.006312,0.006083,0.0061,946356740.0,2025-09-22 05:59:59.999,5853789.68848800,17905,443087081.00,2743001.56839000,0
2025-09-22 06:00:00,0.0061,0.006104,0.005482,0.006007,4104862173.0,2025-09-22 06:59:59.999,24150842.61003100,69893,1713011251.00,10077401.83320900,0
2025-09-22 07:00:00,0.006006,0.006032,0.005822,0.005853,1383064232.0,2025-09-22 07:59:59.999,8185207.29777300,26198,566184684.00,3353330.04115900,0
2025-09-22 08:00:00,0.005853,0.006152,0.005852,0.006104,985565444.0,2025-09-22 08:59:59.999,5945943.52931800,20580,423152855.00,2547502.50349600,0
2025-09-22 09:00:00,0.006104,0.006124,0.00588,0.005904,863852759.0,2025-09-22 09:59:59.999,5193764.30476400,19038,465935469.00,2804081.28950800,0
2025-09-22 10:00:00,0.005904,0.006043,0.005895,0.006017,496424526.0,2025-09-22 10:59:59.999,2965910.90180500,12992,323011752.00,1929481.72022700,0
2025-09-22 11:00:00,0.006017,0.006087,0.00595,0.006005,747242645.0,2025-09-22 11:59:59.999,4497577.24856300,14371,423003044.00,2547018.59965500,0
2025-09-22 12:00:00,0.006004,0.006144,0.005963,0.006132,697778372.0,2025-09-22 12:59:59.999,4218795.03569500,14183,416039394.00,2519573.03771200,0
2025-09-22 13:00:00,0.006131,0.006155,0.006006,0.006111,837122115.0,2025-09-22 13:59:59.999,5089521.36435800,16944,429859620.00,2614522.70424100,0
2025-09-22 14:00:00,0.00611,0.006132,0.005906,0.005935,1405093571.0,2025-09-22 14:59:59.999,8449764.80452700,20927,761778129.00,4581592.52510900,0
2025-09-22 15:00:00,0.005935,0.005995,0.005856,0.005871,689037767.0,2025-09-22 15:59:59.999,4088384.21121900,15381,430141190.00,2553591.79919100,0
2025-09-22 16:00:00,0.005871,0.005913,0.005735,0.00574,815029059.0,2025-09-22 16:59:59.999,4728020.66077300,20356,389533875.00,2262143.82205000,0
2025-09-22 17:00:00,0.005741,0.005975,0.005664,0.005887,1202572710.0,2025-09-22 17:59:59.999,7031174.24957900,29913,618876788.00,3611949.00665900,0
2025-09-22 18:00:00,0.005887,0.005957,0.005825,0.00591,508546711.0,2025-09-22 18:59:59.999,2997221.83166200,16537,263439125.00,1553425.14355300,0
2025-09-22 19:00:00,0.00591,0.005922,0.005679,0.005722,778462779.0,2025-09-22 19:59:59.999,4510008.47801200,20242,354473685.00,2052105.77330500,0
2025-09-22 20:00:00,0.005723,0.005833,0.005701,0.005799,1236633988.0,2025-09-22 20:59:59.999,7154875.31091600,19358,610410478.00,3532765.46019000,0
2025-09-22 21:00:00,0.0058,0.005826,0.00573,0.005735,389935648.0,2025-09-22 21:59:59.999,2255285.17315100,10749,177089362.00,1024596.74592500,0
2025-09-22 22:00:00,0.005735,0.005745,0.005587,0.005602,619643933.0,2025-09-22 22:59:59.999,3499417.12122700,12118,356948970.00,2014022.29796500,0
2025-09-22 23:00:00,0.005602,0.005716,0.00558,0.005702,1023310037.0,2025-09-22 23:59:59.999,5760024.49234800,13978,426307549.00,2399174.47028800,0
2025-09-23 00:00:00,0.005703,0.005839,0.00563,0.005645,597574474.0,2025-09-23 00:59:59.999,3432235.94508600,12163,285812799.00,1642499.40096600,0
2025-09-23 01:00:00,0.005646,0.005661,0.005427,0.005478,1163613513.0,2025-09-23 01:59:59.999,6418447.16981500,18482,458375898.00,2528258.88921400,0
2025-09-23 02:00:00,0.005478,0.005541,0.005406,0.005436,877333381.0,2025-09-23 02:59:59.999,4804818.60123700,15101,478669708.00,2621820.71179700,0
2025-09-23 03:00:00,0.005437,0.005794,0.00535,0.005665,1792584929.0,2025-09-23 03:59:59.999,9986858.14621100,36171,989453390.00,5512625.36814600,0
2025-09-23 04:00:00,0.005666,0.005701,0.005578,0.005595,688592052.0,2025-09-23 04:59:59.999,3883130.35859900,17632,340045733.00,1917918.31728400,0
2025-09-23 05:00:00,0.005595,0.005719,0.005585,0.005671,1026691627.0,2025-09-23 05:59:59.999,5798344.48047000,20924,518818295.00,2932025.65543400,0
2025-09-23 06:00:00,0.005672,0.005907,0.005671,0.005861,1295642816.0,2025-09-23 06:59:59.999,7516300.12075000,33688,723295742.00,4198326.50400600,0
2025-09-23 07:00:00,0.00586,0.005923,0.005813,0.005865,1319082555.0,2025-09-23 07:59:59.999,7729354.19105100,32573,674423672.00,3954041.48472400,0
2025-09-23 08:00:00,0.005865,0.005926,0.005791,0.005859,757854374.0,2025-09-23 08:59:59.999,4432756.21947300,21283,360842754.00,2111286.36503800,0
2025-09-23 09:00:00,0.005859,0.005928,0.005691,0.005709,895495510.0,2025-09-23 09:59:59.999,5213785.48133700,23410,441403054.00,2574906.07570700,0
2025-09-23 10:00:00,0.00571,0.005806,0.005681,0.005801,475181235.0,2025-09-23 10:59:59.999,2728584.22247400,11337,212781338.00,1222794.77737800,0
2025-09-23 11:00:00,0.005801,0.005903,0.005712,0.005854,674783855.0,2025-09-23 11:59:59.999,3922184.88890500,13472,325473680.00,1894377.14506700,0
2025-09-23 12:00:00,0.005855,0.005857,0.005719,0.005795,960675135.0,2025-09-23 12:59:59.999,5568472.36643000,13287,290587524.00,1685646.30789300,0
2025-09-23 13:00:00,0.005795,0.005795,0.005668,0.005754,812889413.0,2025-09-23 13:59:59.999,4662712.71994800,16960,439134852.00,2519776.45022700,0
2025-09-23 14:00:00,0.005755,0.005892,0.005656,0.005684,1722518375.0,2025-09-23 14:59:59.999,9946702.29193500,30665,835705249.00,4822203.99312500,0
2025-09-23 15:00:00,0.005683,0.005833,0.005638,0.005676,908071135.0,2025-09-23 15:59:59.999,5216842.61160100,20414,497554980.00,2857974.82136000,0
2025-09-23 16:00:00,0.005677,0.005858,0.005592,0.005808,1151595948.0,2025-09-23 16:59:59.999,6605552.24578700,28374,619167346.00,3551872.83201100,0
2025-09-23 17:00:00,0.005808,0.005814,0.005605,0.005628,760290872.0,2025-09-23 17:59:59.999,4346459.19521900,19720,387456734.00,2213852.16074300,0
2025-09-23 18:00:00,0.005629,0.005688,0.005535,0.005565,624828531.0,2025-09-23 18:59:59.999,3497669.81572400,14673,332283205.00,1860536.97760700,0
2025-09-23 19:00:00,0.005566,0.005891,0.005565,0.005773,1047247989.0,2025-09-23 19:59:59.999,6054129.65669100,26882,557418673.00,3219611.48528700,0
2025-09-23 20:00:00,0.005773,0.005855,0.005646,0.005798,614990816.0,2025-09-23 20:59:59.999,3531562.81417400,14941,324527770.00,1864650.51055500,0
2025-09-23 21:00:00,0.005797,0.006055,0.005746,0.006047,890321606.0,2025-09-23 21:59:59.999,5257877.28622600,14862,480592337.00,2837151.62649900,0
2025-09-23 22:00:00,0.006045,0.006117,0.005936,0.005946,943118573.0,2025-09-23 22:59:59.999,5691739.14434500,21005,542824541.00,3279050.98123400,0
2025-09-23 23:00:00,0.005945,0.005995,0.005816,0.005835,555689958.0,2025-09-23 23:59:59.999,3272078.56512900,13253,267444112.00,1574926.21023400,0
2025-09-24 00:00:00,0.005834,0.005929,0.00578,0.005799,503274048.0,2025-09-24 00:59:59.999,2950917.98238600,12246,247227738.00,1450931.17993100,0
2025-09-24 01:00:00,0.0058,0.005993,0.005752,0.005976,751217862.0,2025-09-24 01:59:59.999,4427743.98456500,16226,374760428.00,2207147.23473000,0
2025-09-24 02:00:00,0.005976,0.006039,0.00585,0.005909,643111974.0,2025-09-24 02:59:59.999,3821681.48910300,16964,308043924.00,1830344.37627900,0
2025-09-24 03:00:00,0.005909,0.005921,0.005612,0.005613,812516305.0,2025-09-24 03:59:59.999,4653349.72627900,19275,369717637.00,2115697.71631300,0
2025-09-24 04:00:00,0.005613,0.005624,0.005449,0.00549,1149426820.0,2025-09-24 04:59:59.999,6351857.79380100,21202,570540846.00,3151774.32534800,0
2025-09-24 05:00:00,0.00549,0.005692,0.005484,0.005661,844251593.0,2025-09-24 05:59:59.999,4718445.64381100,16288,462702347.00,2584744.29304500,0
2025-09-24 06:00:00,0.005661,0.005919,0.005637,0.005853,1292372791.0,2025-09-24 06:59:59.999,7442599.27414900,29232,710263186.00,4088429.45279400,0
2025-09-24 07:00:00,0.005854,0.005903,0.005792,0.005863,618746624.0,2025-09-24 07:59:59.999,3619479.03724200,17875,342249443.00,2002387.41030200,0
2025-09-24 08:00:00,0.005862,0.005875,0.005804,0.005823,557840921.0,2025-09-24 08:59:59.999,3252989.62142500,14700,276387170.00,1611751.51869300,0
2025-09-24 09:00:00,0.005823,0.00592,0.005804,0.005901,469989455.0,2025-09-24 09:59:59.999,2751666.80310600,13386,276204936.00,1617807.16639200,0
2025-09-24 10:00:00,0.005902,0.006041,0.005861,0.006026,904396214.0,2025-09-24 10:59:59.999,5386712.37224200,18343,540065926.00,3218504.50385700,0
2025-09-24 11:00:00,0.006026,0.006177,0.005967,0.00616,1137971405.0,2025-09-24 11:59:59.999,6927840.05089100,26095,625629430.00,3810122.69078600,0
2025-09-24 12:00:00,0.006159,0.006182,0.005889,0.005925,1303514158.0,2025-09-24 12:59:59.999,7849752.60439800,26470,511712204.00,3082996.72090500,0
2025-09-24 13:00:00,0.005925,0.006001,0.005842,0.005852,772466451.0,2025-09-24 13:59:59.999,4591628.06661200,16568,385548745.00,2294468.45711300,0
2025-09-24 14:00:00,0.005851,0.006165,0.005838,0.006104,1093738787.0,2025-09-24 14:59:59.999,6585821.33183500,21333,581866352.00,3499575.58671100,0
2025-09-24 15:00:00,0.006104,0.006122,0.005963,0.005975,893760696.0,2025-09-24 15:59:59.999,5401894.53380700,19374,488467600.00,2953257.58459100,0
2025-09-24 16:00:00,0.005975,0.005999,0.00586,0.005912,778917270.0,2025-09-24 16:59:59.999,4622081.37468900,17244,416897495.00,2474801.22915300,0
2025-09-24 17:00:00,0.005914,0.006001,0.005885,0.005923,684910824.0,2025-09-24 17:59:59.999,4067307.93578800,15441,358713753.00,2130222.43876600,0
2025-09-24 18:00:00,0.005924,0.005924,0.005788,0.005818,794708559.0,2025-09-24 18:59:59.999,4632803.97307200,16483,336597064.00,1962397.48078400,0
2025-09-24 19:00:00,0.005818,0.005831,0.005785,0.005805,608846039.0,2025-09-24 19:59:59.999,3534897.26805600,15495,310657938.00,1803969.64177300,0
2025-09-24 20:00:00,0.005806,0.005808,0.005677,0.005738,1047947203.0,2025-09-24 20:59:59.999,6014152.56249300,18721,421104091.00,2418357.82734400,0
2025-09-24 21:00:00,0.005737,0.005756,0.005624,0.005629,333353827.0,2025-09-24 21:59:59.999,1899992.49027900,7294,142490011.00,812233.45149700,0
2025-09-24 22:00:00,0.00563,0.005692,0.005588,0.005628,484389505.0,2025-09-24 22:59:59.999,2725818.82729300,10422,236431926.00,1330895.59494600,0
2025-09-24 23:00:00,0.005629,0.005686,0.005607,0.005634,273719770.0,2025-09-24 23:59:59.999,1543245.95797800,6856,141944621.00,800152.08287100,0
2025-09-25 00:00:00,0.005634,0.005694,0.00552,0.005546,815199057.0,2025-09-25 00:59:59.999,4569000.56206000,12350,427420517.00,2402514.51730700,0
2025-09-25 01:00:00,0.005545,0.005587,0.00551,0.005521,919078455.0,2025-09-25 01:59:59.999,5091326.69535300,20672,388878820.00,2155175.05557200,0
2025-09-25 02:00:00,0.005522,0.005609,0.005415,0.005452,2025112519.0,2025-09-25 02:59:59.999,11157937.91395900,45714,979755940.00,5400469.97271800,0
2025-09-25 03:00:00,0.005452,0.005462,0.005128,0.005187,3385366777.0,2025-09-25 03:59:59.999,17822576.12104700,64834,1586274944.00,8343200.47540800,0
2025-09-25 04:00:00,0.005187,0.00531,0.005104,0.00514,2545884558.0,2025-09-25 04:59:59.999,13192761.25090900,45565,1240550904.00,6430084.61892300,0
2025-09-25 05:00:00,0.005141,0.00525,0.005124,0.005179,1364536898.0,2025-09-25 05:59:59.999,7075786.35633000,28882,695027814.00,3603666.67203900,0
2025-09-25 06:00:00,0.005179,0.00521,0.005107,0.005124,1133791846.0,2025-09-25 06:59:59.999,5835020.26471900,22644,581255203.00,2992003.91974400,0
2025-09-25 07:00:00,0.005126,0.005257,0.005112,0.005183,1431090678.0,2025-09-25 07:59:59.999,7419859.62422400,24935,752569818.00,3902157.97814000,0
2025-09-25 08:00:00,0.005183,0.005234,0.005161,0.005209,1289299578.0,2025-09-25 08:59:59.999,6701258.35101900,26494,650245735.00,3379567.74874800,0
2025-09-25 09:00:00,0.00521,0.005344,0.005205,0.005217,1893788774.0,2025-09-25 09:59:59.999,9960623.71902700,39194,1093750452.00,5752799.52528500,0
2025-09-25 10:00:00,0.005217,0.005309,0.005159,0.005177,1675429199.0,2025-09-25 10:59:59.999,8771307.15997200,32976,847960552.00,4439729.52277100,0
2025-09-25 11:00:00,0.005178,0.005203,0.005129,0.005163,2979212751.0,2025-09-25 11:59:59.999,15412790.53830200,72593,1487273612.00,7694937.58002800,0
2025-09-25 12:00:00,0.005163,0.005339,0.005004,0.005277,4279686982.0,2025-09-25 12:59:59.999,22327169.43197100,93244,2157896984.00,11261842.59480800,0
2025-09-25 13:00:00,0.005277,0.005386,0.005235,0.005307,5167846579.0,2025-09-25 13:59:59.999,27365067.75926200,109047,2681918130.00,14205381.11498900,0
2025-09-25 14:00:00,0.005307,0.005422,0.00527,0.005355,4675098509.0,2025-09-25 14:59:59.999,24923451.73005400,96523,2352568666.00,12542294.12448300,0
2025-09-25 15:00:00,0.005354,0.005415,0.005276,0.005348,4910867414.0,2025-09-25 15:59:59.999,26162674.94803700,89896,2432924912.00,12968427.63146300,0
2025-09-25 16:00:00,0.005348,0.005392,0.005242,0.005308,4979218126.0,2025-09-25 16:59:59.999,26527285.63901300,86360,2417780186.00,12882469.12728500,0
2025-09-25 17:00:00,0.005309,0.005317,0.005001,0.005067,4008508162.0,2025-09-25 17:59:59.999,20777735.46486300,70514,1955002911.00,10136361.72041700,0
2025-09-25 18:00:00,0.005068,0.005278,0.005062,0.005265,2848941806.0,2025-09-25 18:59:59.999,14674191.63275000,53921,1500359223.00,7728210.97545700,0
2025-09-25 19:00:00,0.005265,0.005296,0.005172,0.005193,1525067726.0,2025-09-25 19:59:59.999,7990309.22992200,34065,730935505.00,3832449.46170800,0
2025-09-25 20:00:00,0.005193,0.005197,0.005057,0.00515,1535609775.0,2025-09-25 20:59:59.999,7870742.06490900,28288,784264312.00,4017882.80003700,0
2025-09-25 21:00:00,0.005149,0.005282,0.005105,0.0052,1359162881.0,2025-09-25 21:59:59.999,7060592.48615300,27865,739326154.00,3840224.21792700,0
2025-09-25 22:00:00,0.0052,0.005282,0.005086,0.005098,948650432.0,2025-09-25 22:59:59.999,4909640.73476900,23768,436803931.00,2263482.23340600,0
2025-09-25 23:00:00,0.005098,0.005152,0.004951,0.005016,1409198390.0,2025-09-25 23:59:59.999,7086115.36045600,29043,679404370.00,3418532.42797100,0
2025-09-26 00:00:00,0.005016,0.005257,0.005016,0.005246,1797144785.0,2025-09-26 00:59:59.999,9270371.41291100,49830,949434171.00,4899850.28361800,0
2025-09-26 01:00:00,0.005247,0.005279,0.005157,0.005165,2710169474.0,2025-09-26 01:59:59.999,14132169.12555800,61151,1432632958.00,7471597.49486400,0
2025-09-26 02:00:00,0.005166,0.005229,0.005143,0.005146,3805213846.0,2025-09-26 02:59:59.999,19725395.84095200,70377,1928595257.00,9997074.28768200,0
2025-09-26 03:00:00,0.005147,0.005183,0.00509,0.005144,3632813210.0,2025-09-26 03:59:59.999,18642523.98834400,60819,1842274920.00,9455008.99585500,0
2025-09-26 04:00:00,0.005143,0.005144,0.005028,0.005039,5450182565.0,2025-09-26 04:59:59.999,27723812.04401600,79853,2772236971.00,14102844.18683100,0
2025-09-26 05:00:00,0.005039,0.005162,0.00501,0.005072,7662842651.0,2025-09-26 05:59:59.999,39041786.58489500,93438,3885810715.00,19797876.72518500,0
2025-09-26 06:00:00,0.005072,0.005233,0.005024,0.005161,16075321717.0,2025-09-26 06:59:59.999,83002839.99087500,184552,8073513352.00,41688993.64627500,0
2025-09-26 07:00:00,0.00516,0.005265,0.00516,0.005238,19097999469.0,2025-09-26 07:59:59.999,99530944.54786500,234949,9622955085.00,50152371.64986200,0
2025-09-26 08:00:00,0.005237,0.005281,0.005183,0.005203,22069383804.0,2025-09-26 08:59:59.999,115449768.94408100,255745,11093337451.00,58033318.00047300,0
2025-09-26 09:00:00,0.005203,0.005208,0.005086,0.005127,22288355785.0,2025-09-26 09:59:59.999,114541622.99182900,276028,11149298296.00,57298596.06858500,0
2025-09-26 10:00:00,0.005127,0.005145,0.005046,0.005099,25310695499.0,2025-09-26 10:59:59.999,128961366.69589900,249903,12706043083.00,64742398.51317800,0
2025-09-26 11:00:00,0.005098,0.005104,0.004962,0.005005,2424571265.0,2025-09-26 11:59:59.999,12173478.40512800,21124,1336867679.00,6712869.05321400,0
2025-09-26 12:00:00,0.005004,0.0051,0.004841,0.005062,2111647449.0,2025-09-26 12:59:59.999,10486890.90908400,30719,1044658570.00,5191186.13850500,0
2025-09-26 13:00:00,0.005063,0.005192,0.004987,0.005158,1103560043.0,2025-09-26 13:59:59.999,5611436.49688300,17128,594841147.00,3024347.52503600,0
2025-09-26 14:00:00,0.005157,0.005176,0.005042,0.005105,811659426.0,2025-09-26 14:59:59.999,4143128.59971600,12927,374046670.00,1909886.59379700,0
2025-09-26 15:00:00,0.005106,0.00517,0.005084,0.005108,727942019.0,2025-09-26 15:59:59.999,3734398.34966000,12018,381633023.00,1957912.47213800,0
2025-09-26 16:00:00,0.005108,0.005233,0.005101,0.0052,916934983.0,2025-09-26 16:59:59.999,4751929.77217200,12107,468275123.00,2426867.40943600,0
2025-09-26 17:00:00,0.005199,0.005359,0.005192,0.005331,1133748412.0,2025-09-26 17:59:59.999,6000132.76328000,16419,560325584.00,2963384.42311000,0
2025-09-26 18:00:00,0.00533,0.005385,0.005271,0.005381,1128315986.0,2025-09-26 18:59:59.999,6018276.87549600,14760,568460851.00,3030459.18422900,0
2025-09-26 19:00:00,0.005381,0.005403,0.005237,0.005246,1116131764.0,2025-09-26 19:59:59.999,5926570.87961700,14597,586362901.00,3115296.68916300,0
2025-09-26 20:00:00,0.005246,0.005316,0.00524,0.005254,421679497.0,2025-09-26 20:59:59.999,2224029.21260800,7611,260813675.00,1376140.27124600,0
2025-09-26 21:00:00,0.005253,0.005296,0.005246,0.005268,263993847.0,2025-09-26 21:59:59.999,1391116.69002600,4789,130475079.00,687536.70954100,0
2025-09-26 22:00:00,0.005269,0.005341,0.005248,0.005284,330481861.0,2025-09-26 22:59:59.999,1748871.28071100,7285,204980931.00,1084632.92460700,0
2025-09-26 23:00:00,0.005285,0.005288,0.005227,0.005269,248178268.0,2025-09-26 23:59:59.999,1302445.80275700,6727,120082024.00,630327.84639500,0
2025-09-27 00:00:00,0.005269,0.005272,0.005217,0.005251,510934128.0,2025-09-27 00:59:59.999,2675925.90235000,8920,307793854.00,1611893.20986000,0
2025-09-27 01:00:00,0.005251,0.00526,0.005086,0.005094,570522482.0,2025-09-27 01:59:59.999,2940814.98059600,11064,285947975.00,1472852.33001100,0
2025-09-27 02:00:00,0.005094,0.005122,0.005049,0.005053,593600882.0,2025-09-27 02:59:59.999,3014887.25509800,9934,389459078.00,1978008.76968000,0
2025-09-27 03:00:00,0.005052,0.005148,0.005038,0.005065,379109830.0,2025-09-27 03:59:59.999,1930911.01903900,7779,204312155.00,1041132.12471800,0
2025-09-27 04:00:00,0.005064,0.005109,0.005055,0.005094,172079378.0,2025-09-27 04:59:59.999,875206.66264300,5489,110414439.00,561546.75210500,0
2025-09-27 05:00:00,0.005093,0.005148,0.005042,0.00512,245593183.0,2025-09-27 05:59:59.999,1251266.69272800,7315,134368904.00,684133.76357800,0
2025-09-27 06:00:00,0.005121,0.005161,0.005087,0.005123,412585599.0,2025-09-27 06:59:59.999,2111873.55611000,10445,210641546.00,1077997.48078500,0
2025-09-27 07:00:00,0.005122,0.005145,0.005002,0.005007,381613524.0,2025-09-27 07:59:59.999,1930848.51053500,9405,176410785.00,893442.80872600,0
2025-09-27 08:00:00,0.005006,0.005027,0.004952,0.004955,448898316.0,2025-09-27 08:59:59.999,2237535.51655300,9712,223075879.00,1111770.53044600,0
2025-09-27 09:00:00,0.004955,0.005007,0.004917,0.005001,500624440.0,2025-09-27 09:59:59.999,2478923.57636200,10192,274835613.00,1360725.65141400,0
2025-09-27 10:00:00,0.005,0.005046,0.004973,0.005018,264564623.0,2025-09-27 10:59:59.999,1325009.35550200,6740,162838741.00,815415.71490800,0
2025-09-27 11:00:00,0.005017,0.005043,0.005004,0.005015,135925100.0,2025-09-27 11:59:59.999,682686.83777500,4127,86474550.00,434374.44676200,0
2025-09-27 12:00:00,0.005014,0.005219,0.004974,0.005198,735687566.0,2025-09-27 12:59:59.999,3739432.38221500,14175,464488671.00,2363166.44398300,0
2025-09-27 13:00:00,0.005198,0.005211,0.005137,0.005163,612044067.0,2025-09-27 13:59:59.999,3167573.80892200,15440,281090014.00,1454866.23538500,0
2025-09-27 14:00:00,0.005163,0.005252,0.005159,0.005236,527648818.0,2025-09-27 14:59:59.999,2742454.58921000,13880,269044713.00,1398701.91102600,0
2025-09-27 15:00:00,0.005237,0.0053,0.005157,0.00527,794665110.0,2025-09-27 15:59:59.999,4156734.59612100,21458,418146119.00,2188455.34061400,0
2025-09-27 16:00:00,0.00527,0.005296,0.00502,0.00508,1147968361.0,2025-09-27 16:59:59.999,5945145.14186800,26357,510875930.00,2644852.74148600,0
2025-09-27 17:00:00,0.005081,0.005107,0.004994,0.005097,550322033.0,2025-09-27 17:59:59.999,2775666.46960000,12147,304789267.00,1537582.64741600,0
2025-09-27 18:00:00,0.005096,0.005176,0.005049,0.005168,501868345.0,2025-09-27 18:59:59.999,2564211.41131000,12524,275492800.00,1407614.35142500,0
2025-09-27 19:00:00,0.005169,0.005297,0.00513,0.005296,470245736.0,2025-09-27 19:59:59.999,2450494.67225600,11246,233662671.00,1217157.38582000,0
2025-09-27 20:00:00,0.005295,0.005335,0.005233,0.005241,522437937.0,2025-09-27 20:59:59.999,2756561.36805800,12434,236914864.00,1251205.48023000,0
2025-09-27 21:00:00,0.005241,0.0053,0.005218,0.005238,230927898.0,2025-09-27 21:59:59.999,1212101.49910900,5411,95112793.00,499499.66351400,0
2025-09-27 22:00:00,0.005239,0.005271,0.005182,0.00519,288705790.0,2025-09-27 22:59:59.999,1511552.07046400,6818,167210708.00,875866.01956100,0
2025-09-27 23:00:00,0.005191,0.005212,0.005148,0.005169,145388934.0,2025-09-27 23:59:59.999,751569.90324800,4862,64739592.00,334678.96443400,0
2025-09-28 00:00:00,0.005169,0.005208,0.005106,0.005124,295973032.0,2025-09-28 00:59:59.999,1521903.74447100,8188,142745780.00,734203.82420100,0
2025-09-28 01:00:00,0.005125,0.005138,0.005012,0.005058,691607262.0,2025-09-28 01:59:59.999,3501631.38024300,10963,299348940.00,1515298.56939800,0
2025-09-28 02:00:00,0.005057,0.005069,0.005002,0.005013,419096038.0,2025-09-28 02:59:59.999,2107233.47249000,7665,194379758.00,977796.01176400,0
2025-09-28 03:00:00,0.005013,0.005048,0.00498,0.005031,338654416.0,2025-09-28 03:59:59.999,1697549.77620600,6646,166584836.00,835189.29045900,0
2025-09-28 04:00:00,0.00503,0.005086,0.004999,0.005019,572694490.0,2025-09-28 04:59:59.999,2885248.82680500,9700,350932113.00,1768616.19054900,0
2025-09-28 05:00:00,0.005019,0.005088,0.004994,0.005033,407120706.0,2025-09-28 05:59:59.999,2047505.97622100,7312,206548205.00,1039604.40681900,0
2025-09-28 06:00:00,0.005032,0.005053,0.004961,0.005014,334344358.0,2025-09-28 06:59:59.999,1670077.21946300,6741,157495396.00,786850.50154200,0
2025-09-28 07:00:00,0.005014,0.005164,0.005013,0.005134,492726179.0,2025-09-28 07:59:59.999,2505908.40768300,10436,300744342.00,1529040.96326000,0
2025-09-28 08:00:00,0.005134,0.005166,0.005084,0.005117,443413568.0,2025-09-28 08:59:59.999,2271527.78959000,10172,185446591.00,950908.04182700,0
2025-09-28 09:00:00,0.005117,0.005139,0.005083,0.005093,195627802.0,2025-09-28 09:59:59.999,998955.44014900,7514,94977824.00,484944.02696600,0
2025-09-28 10:00:00,0.005093,0.005152,0.005025,0.005107,403630256.0,2025-09-28 10:59:59.999,2050484.00142400,8668,173520901.00,882142.35215900,0
2025-09-28 11:00:00,0.005107,0.005111,0.004988,0.005041,510271022.0,2025-09-28 11:59:59.999,2571389.81589700,9380,250008348.00,1260039.67918500,0
2025-09-28 12:00:00,0.005042,0.005094,0.004959,0.005064,613599778.0,2025-09-28 12:59:59.999,3074406.97416000,11174,360331977.00,1806568.82974600,0
2025-09-28 13:00:00,0.005063,0.005141,0.005062,0.005125,378920912.0,2025-09-28 13:59:59.999,1933332.62641200,8396,162281320.00,828107.56457900,0
2025-09-28 14:00:00,0.005124,0.005223,0.005056,0.005223,558838687.0,2025-09-28 14:59:59.999,2882213.95409400,11514,264223714.00,1363582.48007300,0
2025-09-28 15:00:00,0.005223,0.005313,0.005223,0.005303,703570439.0,2025-09-28 15:59:59.999,3702354.62947000,15388,310798635.00,1636802.24031300,0
2025-09-28 16:00:00,0.005303,0.005627,0.005249,0.005625,2074190034.0,2025-09-28 16:59:59.999,11259286.23382600,40492,1170747172.00,6364305.89369400,0
2025-09-28 17:00:00,0.005624,0.00587,0.005583,0.005773,3397713839.0,2025-09-28 17:59:59.999,19493558.31088900,65877,1863822002.00,10689003.40579600,0
2025-09-28 18:00:00,0.005773,0.005877,0.005678,0.005797,1091589639.0,2025-09-28 18:59:59.999,6301360.42040700,26940,515567244.00,2977217.22127000,0
2025-09-28 19:00:00,0.005798,0.005847,0.005624,0.005666,700910028.0,2025-09-28 19:59:59.999,4001561.16193900,21089,319871707.00,1827499.79786200,0
2025-09-28 20:00:00,0.005667,0.005993,0.00566,0.005852,1130894102.0,2025-09-28 20:59:59.999,6592177.55936600,28166,614475454.00,3586071.69932800,0
2025-09-28 21:00:00,0.005853,0.006038,0.005836,0.005987,1201936889.0,2025-09-28 21:59:59.999,7138528.88431100,21276,670655516.00,3985661.18032800,0
2025-09-28 22:00:00,0.005987,0.006095,0.005875,0.005972,1299906195.0,2025-09-28 22:59:59.999,7781567.12098900,30482,643104823.00,3851151.92048800,0
2025-09-28 23:00:00,0.005973,0.006028,0.005936,0.005989,994975166.0,2025-09-28 23:59:59.999,5947835.17180500,20002,506498665.00,3028074.75021300,0
2025-09-29 00:00:00,0.00599,0.005994,0.005792,0.00585,1262373595.0,2025-09-29 00:59:59.999,7411517.38205300,21790,633025471.00,3715146.19557100,0
2025-09-29 01:00:00,0.005851,0.005893,0.005652,0.005691,1489083744.0,2025-09-29 01:59:59.999,8558596.34291800,20767,929121394.00,5328174.38319000,0
2025-09-29 02:00:00,0.005691,0.005746,0.005645,0.005672,1186735887.0,2025-09-29 02:59:59.999,6760314.72920900,17639,611184570.00,3482501.01763400,0
2025-09-29 03:00:00,0.005671,0.005733,0.005642,0.0057,615643184.0,2025-09-29 03:59:59.999,3505828.64635400,10468,277408673.00,1579608.51226400,0
2025-09-29 04:00:00,0.0057,0.005751,0.005669,0.005692,805775925.0,2025-09-29 04:59:59.999,4593821.91987400,9722,482454554.00,2750557.49454300,0
2025-09-29 05:00:00,0.005692,0.005738,0.005658,0.005683,375643523.0,2025-09-29 05:59:59.999,2136886.94343200,9350,187182976.00,1064872.66075800,0
2025-09-29 06:00:00,0.005682,0.005759,0.005652,0.005726,585169777.0,2025-09-29 06:59:59.999,3335986.65193000,11488,298204483.00,1701028.69279100,0
2025-09-29 07:00:00,0.005726,0.005734,0.005648,0.00569,616905811.0,2025-09-29 07:59:59.999,3507285.37384200,11391,260384257.00,1480579.09993100,0
2025-09-29 08:00:00,0.005689,0.005723,0.005591,0.005684,596541925.0,2025-09-29 08:59:59.999,3377063.21216700,12216,243874621.00,1381677.85185400,0
2025-09-29 09:00:00,0.005684,0.005687,0.005566,0.005607,450530530.0,2025-09-29 09:59:59.999,2530388.95415000,10068,180163930.00,1011788.90280900,0
2025-09-29 10:00:00,0.005607,0.005632,0.005552,0.005567,340142055.0,2025-09-29 10:59:59.999,1904485.06503500,7168,184145544.00,1031173.48314200,0
2025-09-29 11:00:00,0.005567,0.005608,0.005527,0.00558,391219681.0,2025-09-29 11:59:59.999,2179321.22245900,9796,167147789.00,931859.62500900,0
2025-09-29 12:00:00,0.005579,0.005661,0.005534,0.005556,563344451.0,2025-09-29 12:59:59.999,3152999.03855800,12730,284176584.00,1591810.19649300,0
2025-09-29 13:00:00,0.005556,0.005673,0.005506,0.005582,1032805944.0,2025-09-29 13:59:59.999,5766509.23811000,20990,444188348.00,2479689.83462700,0
2025-09-29 14:00:00,0.005583,0.005855,0.005564,0.005801,1540424401.0,2025-09-29 14:59:59.999,8785654.77273900,25821,721697703.00,4122512.13329800,0
2025-09-29 15:00:00,0.005801,0.005825,0.005647,0.00566,1717506072.0,2025-09-29 15:59:59.999,9881820.75359700,24805,743406514.00,4274361.72895900,0
2025-09-29 16:00:00,0.00566,0.005881,0.005573,0.005593,1537891226.0,2025-09-29 16:59:59.999,8817186.62311100,23526,707395849.00,4071471.64571600,0
2025-09-29 17:00:00,0.005595,0.005606,0.0054,0.005462,1172239397.0,2025-09-29 17:59:59.999,6440222.14388600,18655,501209033.00,2756345.16429000,0
2025-09-29 18:00:00,0.005462,0.005498,0.005405,0.005478,1007639790.0,2025-09-29 18:59:59.999,5500969.94124100,13388,726598359.00,3970175.39624800,0
2025-09-29 19:00:00,0.005479,0.005553,0.005432,0.005537,622028613.0,2025-09-29 19:59:59.999,3411829.24987800,11451,304768810.00,1672122.00961000,0
2025-09-29 20:00:00,0.005537,0.005713,0.005515,0.005664,834217388.0,2025-09-29 20:59:59.999,4692793.89233800,14720,383785859.00,2162297.34300400,0
2025-09-29 21:00:00,0.005665,0.005676,0.005597,0.005637,367079597.0,2025-09-29 21:59:59.999,2065791.23074000,6290,159761155.00,898519.09623100,0
2025-09-29 22:00:00,0.005637,0.005707,0.005609,0.005707,393053901.0,2025-09-29 22:59:59.999,2223389.33610600,7990,154792249.00,875645.89337100,0
2025-09-29 23:00:00,0.005708,0.005788,0.005655,0.005756,759566757.0,2025-09-29 23:59:59.999,4349030.28491300,18584,367011210.00,2101339.24209600,0
2025-09-30 00:00:00,0.005756,0.005756,0.005601,0.005652,715344284.0,2025-09-30 00:59:59.999,4063295.61210900,17573,287610068.00,1634443.12411000,0
2025-09-30 01:00:00,0.005652,0.005657,0.005421,0.00552,1048572405.0,2025-09-30 01:59:59.999,5806653.87133700,18612,408372902.00,2261150.63094300,0
2025-09-30 02:00:00,0.00552,0.005606,0.005481,0.005496,914943037.0,2025-09-30 02:59:59.999,5082630.07685600,14777,547425732.00,3040996.63094700,0
2025-09-30 03:00:00,0.005495,0.005541,0.005444,0.005457,995612158.0,2025-09-30 03:59:59.999,5464966.17232800,15025,452135599.00,2483600.35573900,0
2025-09-30 04:00:00,0.005458,0.005536,0.005447,0.005493,1092445472.0,2025-09-30 04:59:59.999,5992772.00125400,17208,529458284.00,2906846.08444700,0
2025-09-30 05:00:00,0.005492,0.005525,0.005377,0.005484,2011031401.0,2025-09-30 05:59:59.999,10938245.68569400,20435,1103632480.00,5990816.15036300,0
2025-09-30 06:00:00,0.005484,0.005507,0.005423,0.005452,723652369.0,2025-09-30 06:59:59.999,3957082.62769000,14185,242169163.00,1324425.23739600,0
2025-09-30 07:00:00,0.005451,0.005463,0.005343,0.005378,685930423.0,2025-09-30 07:59:59.999,3707284.52870000,14280,246171007.00,1329542.42164200,0
2025-09-30 08:00:00,0.005378,0.005385,0.005311,0.005361,821402338.0,2025-09-30 08:59:59.999,4397883.26505300,11135,286212740.00,1533135.34298600,0
2025-09-30 09:00:00,0.00536,0.005364,0.005218,0.005222,747280290.0,2025-09-30 09:59:59.999,3945065.78209600,14099,227585971.00,1202581.27008200,0
2025-09-30 10:00:00,0.005223,0.005467,0.005221,0.005398,804377043.0,2025-09-30 10:59:59.999,4301591.84259400,14547,469329320.00,2510181.03457500,0
2025-09-30 11:00:00,0.005397,0.005487,0.005336,0.005479,541008330.0,2025-09-30 11:59:59.999,2927443.04194200,9019,321209992.00,1741549.77497600,0
2025-09-30 12:00:00,0.005478,0.005486,0.00539,0.005413,426767149.0,2025-09-30 12:59:59.999,2319634.37921000,7545,223138744.00,1213652.33913600,0
2025-09-30 13:00:00,0.005414,0.00569,0.005397,0.005531,1224831376.0,2025-09-30 13:59:59.999,6835119.52249700,20722,646807272.00,3611656.91674000,0
2025-09-30 14:00:00,0.00553,0.005649,0.005482,0.005626,1758585823.0,2025-09-30 14:59:59.999,9764995.33796300,22374,1193290106.00,6626100.13784000,0
2025-09-30 15:00:00,0.005626,0.005628,0.005323,0.005413,1797315096.0,2025-09-30 15:59:59.999,9725636.34556500,23098,1121121012.00,6065599.94808300,0
2025-09-30 16:00:00,0.005413,0.005435,0.005329,0.005428,479707062.0,2025-09-30 16:59:59.999,2586371.89310600,10234,233083583.00,1257713.62235500,0
2025-09-30 17:00:00,0.005428,0.005689,0.005417,0.005669,1530820871.0,2025-09-30 17:59:59.999,8475469.42199600,19538,952527923.00,5275051.22834000,0
2025-09-30 18:00:00,0.00567,0.005894,0.005642,0.005894,1238124374.0,2025-09-30 18:59:59.999,7168847.75455900,25212,579337511.00,3351866.41993900,0
2025-09-30 19:00:00,0.005893,0.006195,0.005824,0.006167,2345805422.0,2025-09-30 19:59:59.999,14119680.66994400,36920,1156373013.00,6973498.03846000,0
2025-09-30 20:00:00,0.006166,0.00629,0.006033,0.006217,1319357840.0,2025-09-30 20:59:59.999,8102640.79494000,24954,593055969.00,3641829.65263400,0
2025-09-30 21:00:00,0.006216,0.006257,0.005967,0.006025,1238930955.0,2025-09-30 21:59:59.999,7562212.95913800,18454,556510393.00,3401587.47625600,0
2025-09-30 22:00:00,0.006024,0.006051,0.00589,0.005898,647293013.0,2025-09-30 22:59:59.999,3869619.99892500,11676,277585041.00,1660197.88414200,0
2025-09-30 23:00:00,0.005899,0.005968,0.005837,0.005949,825445085.0,2025-09-30 23:59:59.999,4869792.63015600,13208,416861525.00,2466249.51354000,0
2025-10-01 00:00:00,0.00595,0.006025,0.005854,0.005913,432620869.0,2025-10-01 00:59:59.999,2572151.80133900,10755,218887412.00,1303856.24462600,0
2025-10-01 01:00:00,0.005914,0.006299,0.005894,0.006292,984542328.0,2025-10-01 01:59:59.999,6018567.71364800,22513,553866660.00,3386543.67781200,0
2025-10-01 02:00:00,0.006291,0.006416,0.006197,0.006262,1378708214.0,2025-10-01 02:59:59.999,8714276.69911000,27112,806524308.00,5102007.12491900,0
2025-10-01 03:00:00,0.006263,0.006386,0.00616,0.006235,1059111373.0,2025-10-01 03:59:59.999,6635605.38429800,22325,537005275.00,3369872.11970500,0
2025-10-01 04:00:00,0.006235,0.006469,0.006226,0.00635,1575409285.0,2025-10-01 04:59:59.999,10037070.10655600,31721,921381293.00,5873778.74612300,0
2025-10-01 05:00:00,0.006351,0.006415,0.006271,0.006315,594852214.0,2025-10-01 05:59:59.999,3763545.93854700,15509,297560048.00,1882699.69153900,0
2025-10-01 06:00:00,0.006316,0.00655,0.006314,0.006407,1123336898.0,2025-10-01 06:59:59.999,7245316.39388700,29041,621023066.00,4001703.65008800,0
2025-10-01 07:00:00,0.006408,0.006602,0.00638,0.006561,1113351267.0,2025-10-01 07:59:59.999,7265653.42962800,33790,614879352.00,4014096.10557500,0
2025-10-01 08:00:00,0.00656,0.006965,0.006494,0.006824,1579690641.0,2025-10-01 08:59:59.999,10668540.23624800,43478,740692973.00,5004126.94273900,0
2025-10-01 09:00:00,0.006823,0.006835,0.006651,0.006695,989356537.0,2025-10-01 09:59:59.999,6662724.35770100,24919,439197536.00,2955781.68980400,0
2025-10-01 10:00:00,0.006695,0.006834,0.006602,0.006773,1276825327.0,2025-10-01 10:59:59.999,8599182.98947000,23883,581632307.00,3913381.69092900,0
2025-10-01 11:00:00,0.006774,0.006809,0.006664,0.006757,728689930.0,2025-10-01 11:59:59.999,4915164.06360700,14120,358507191.00,2421071.72423800,0
2025-10-01 12:00:00,0.006757,0.006821,0.006583,0.006595,1203816635.0,2025-10-01 12:59:59.999,8108317.51088400,17735,695222746.00,4694187.76179000,0
2025-10-01 13:00:00,0.006596,0.006836,0.006548,0.006795,1691668976.0,2025-10-01 13:59:59.999,11344173.29960400,24851,936294825.00,6275078.28864000,0
2025-10-01 14:00:00,0.006794,0.006896,0.006623,0.00668,1240715809.0,2025-10-01 14:59:59.999,8406118.56715300,24244,584380799.00,3965455.88169900,0
2025-10-01 15:00:00,0.00668,0.006845,0.00662,0.006808,686693838.0,2025-10-01 15:59:59.999,4645310.66224700,15978,382729608.00,2592265.11706600,0
2025-10-01 16:00:00,0.006807,0.007208,0.00675,0.006869,2359040689.0,2025-10-01 16:59:59.999,16453791.28151700,56093,1349031953.00,9404099.99158100,0
2025-10-01 17:00:00,0.006869,0.006974,0.006628,0.00669,1145820564.0,2025-10-01 17:59:59.999,7800618.91382700,26184,618160480.00,4206293.28358300,0
2025-10-01 18:00:00,0.00669,0.006808,0.006636,0.006742,736925984.0,2025-10-01 18:59:59.999,4955888.24821800,16411,438108437.00,2947442.34117700,0
2025-10-01 19:00:00,0.006743,0.006957,0.006717,0.006946,491357355.0,2025-10-01 19:59:59.999,3354713.95127900,13772,260675022.00,1781893.51338300,0
2025-10-01 20:00:00,0.006946,0.007045,0.006894,0.006932,821260910.0,2025-10-01 20:59:59.999,5718998.57328300,19172,346591262.00,2414323.23453900,0
2025-10-01 21:00:00,0.006931,0.006973,0.006815,0.006962,447839404.0,2025-10-01 21:59:59.999,3086261.46392000,9704,205907903.00,1419763.33920300,0
2025-10-01 22:00:00,0.006962,0.007187,0.006939,0.007047,1063184707.0,2025-10-01 22:59:59.999,7516357.15046800,24345,609415458.00,4304209.88863000,0
2025-10-01 23:00:00,0.007046,0.00713,0.006956,0.007013,612608059.0,2025-10-01 23:59:59.999,4308318.03899900,17377,328966622.00,2314821.40494200,0
2025-10-02 00:00:00,0.007014,0.00708,0.006814,0.006879,991194714.0,2025-10-02 00:59:59.999,6858294.02792300,21347,483124273.00,3341940.49596000,0
2025-10-02 01:00:00,0.006879,0.007006,0.006852,0.006958,530341136.0,2025-10-02 01:59:59.999,3678343.20914300,11589,280280825.00,1943641.98077100,0
2025-10-02 02:00:00,0.006957,0.007018,0.006885,0.006919,428814369.0,2025-10-02 02:59:59.999,2973169.59183400,11041,197511411.00,1369137.01315600,0
2025-10-02 03:00:00,0.006919,0.007231,0.006912,0.007132,947838845.0,2025-10-02 03:59:59.999,6749177.30828900,24209,477814356.00,3398548.81783000,0
2025-10-02 04:00:00,0.007131,0.007276,0.007026,0.00709,918436957.0,2025-10-02 04:59:59.999,6546870.94679400,22435,565936389.00,4034519.17630400,0
2025-10-02 05:00:00,0.00709,0.007172,0.006948,0.006962,883936289.0,2025-10-02 05:59:59.999,6254187.03799000,20399,595057809.00,4215533.95933800,0
2025-10-02 06:00:00,0.006962,0.007056,0.006892,0.006908,912062799.0,2025-10-02 06:59:59.999,6358877.17322400,16609,607584659.00,4238858.48782400,0
2025-10-02 07:00:00,0.006907,0.006931,0.006721,0.006738,1038714586.0,2025-10-02 07:59:59.999,7072833.67069300,20656,428748148.00,2920393.30478900,0
2025-10-02 08:00:00,0.006739,0.006822,0.006668,0.006735,979395144.0,2025-10-02 08:59:59.999,6583615.22809000,18768,422354774.00,2841419.15777900,0
2025-10-02 09:00:00,0.006735,0.006821,0.006678,0.006819,515789658.0,2025-10-02 09:59:59.999,3484428.69692700,11546,280760164.00,1897577.44464700,0
2025-10-02 10:00:00,0.006819,0.006853,0.006764,0.006847,661590582.0,2025-10-02 10:59:59.999,4499403.06564200,10607,377098579.00,2565535.46922000,0
2025-10-02 11:00:00,0.006847,0.0069,0.00674,0.006748,935919354.0,2025-10-02 11:59:59.999,6386379.59584800,15364,435285828.00,2973533.26117900,0
2025-10-02 12:00:00,0.006749,0.007022,0.006742,0.007002,785125943.0,2025-10-02 12:59:59.999,5395317.37013600,16249,402844359.00,2773177.71674100,0
2025-10-02 13:00:00,0.007002,0.007083,0.006843,0.006982,964196718.0,2025-10-02 13:59:59.999,6721617.41202000,22093,530852627.00,3702294.01847600,0
2025-10-02 14:00:00,0.00698,0.007038,0.006811,0.006857,848565057.0,2025-10-02 14:59:59.999,5862271.00105000,20778,400943521.00,2771509.60089300,0
2025-10-02 15:00:00,0.006856,0.007164,0.006771,0.007134,1455320864.0,2025-10-02 15:59:59.999,10133976.93232000,26516,836707935.00,5834473.21715500,0
2025-10-02 16:00:00,0.007134,0.007289,0.006983,0.007051,1265206454.0,2025-10-02 16:59:59.999,9026643.43011600,26930,704948397.00,5024450.76541800,0
2025-10-02 17:00:00,0.007051,0.007066,0.006862,0.006997,669659818.0,2025-10-02 17:59:59.999,4675215.28255000,16469,333490485.00,2327835.93050700,0
2025-10-02 18:00:00,0.006997,0.007167,0.006949,0.007132,529449236.0,2025-10-02 18:59:59.999,3747309.31154300,15017,273885921.00,1939746.78175800,0
2025-10-02 19:00:00,0.007132,0.007355,0.007084,0.007323,625449924.0,2025-10-02 19:59:59.999,4517953.64955700,16811,317045404.00,2290863.19938000,0
2025-10-02 20:00:00,0.007323,0.007353,0.007073,0.007153,651603202.0,2025-10-02 20:59:59.999,4678501.36042300,16477,306454270.00,2202948.36848200,0
2025-10-02 21:00:00,0.007153,0.007301,0.007059,0.007085,605092496.0,2025-10-02 21:59:59.999,4347654.14579600,11763,315027751.00,2263251.51850700,0
2025-10-02 22:00:00,0.007086,0.007122,0.006899,0.006966,522875325.0,2025-10-02 22:59:59.999,3664381.05760300,12215,283454445.00,1986513.74895100,0
2025-10-02 23:00:00,0.006967,0.007098,0.006961,0.007092,518337362.0,2025-10-02 23:59:59.999,3649778.96545300,8726,230651874.00,1623595.78578500,0
2025-10-03 00:00:00,0.007091,0.007091,0.00694,0.007007,468524043.0,2025-10-03 00:59:59.999,3283749.08011300,11095,232083868.00,1626296.17701000,0
2025-10-03 01:00:00,0.007007,0.00705,0.006822,0.006865,805626323.0,2025-10-03 01:59:59.999,5562192.11581700,16615,358307998.00,2475654.09815100,0
2025-10-03 02:00:00,0.006865,0.007082,0.006811,0.007082,717757940.0,2025-10-03 02:59:59.999,4993269.52030200,15607,343795426.00,2392837.50432900,0
2025-10-03 03:00:00,0.007081,0.007091,0.006859,0.006876,715058348.0,2025-10-03 03:59:59.999,4986930.84678000,13646,308620685.00,2157493.34679100,0
2025-10-03 04:00:00,0.006875,0.00696,0.006825,0.006876,394228853.0,2025-10-03 04:59:59.999,2715649.00204400,10484,162172961.00,1117476.11505900,0
2025-10-03 05:00:00,0.006876,0.006974,0.006844,0.006957,724317508.0,2025-10-03 05:59:59.999,5007443.82920600,13069,449087507.00,3104300.93580600,0
2025-10-03 06:00:00,0.006957,0.006991,0.006866,0.006905,313046880.0,2025-10-03 06:59:59.999,2170769.92154000,9237,132254689.00,917590.62942000,0
2025-10-03 07:00:00,0.006905,0.006932,0.006772,0.006865,627631864.0,2025-10-03 07:59:59.999,4288634.12382300,15013,309219822.00,2113756.38855600,0
2025-10-03 08:00:00,0.006866,0.006947,0.006751,0.006894,842101915.0,2025-10-03 08:59:59.999,5756054.93796300,17662,419649410.00,2868132.59029100,0
2025-10-03 09:00:00,0.006893,0.007097,0.006886,0.007082,747797643.0,2025-10-03 09:59:59.999,5247774.37245800,16588,407212480.00,2856352.03741100,0
2025-10-03 10:00:00,0.007083,0.007272,0.007054,0.007237,944994609.0,2025-10-03 10:59:59.999,6789622.36259700,20239,546231168.00,3922838.51623900,0
2025-10-03 11:00:00,0.007237,0.007247,0.007118,0.007136,412313342.0,2025-10-03 11:59:59.999,2957498.87343000,12660,176634215.00,1267953.33193700,0
2025-10-03 12:00:00,0.007137,0.007174,0.007022,0.007142,528553052.0,2025-10-03 12:59:59.999,3747031.36822900,15816,255458912.00,1811647.68053000,0
2025-10-03 13:00:00,0.007143,0.007191,0.007015,0.007099,939692274.0,2025-10-03 13:59:59.999,6687571.31009800,18961,424316945.00,3020609.30953000,0
2025-10-03 14:00:00,0.007098,0.00718,0.006989,0.00709,1128320667.0,2025-10-03 14:59:59.999,7987317.30738400,22110,463611672.00,3284290.59414700,0
2025-10-03 15:00:00,0.007089,0.007365,0.007047,0.007317,952651742.0,2025-10-03 15:59:59.999,6860580.37474100,20802,514155823.00,3704786.62165100,0
2025-10-03 16:00:00,0.007318,0.007532,0.007147,0.007222,2104030766.0,2025-10-03 16:59:59.999,15421876.75148400,46446,1049670504.00,7695582.63806100,0
2025-10-03 17:00:00,0.007223,0.007241,0.007018,0.00704,1486280428.0,2025-10-03 17:59:59.999,10610315.35427600,33486,806729563.00,5757682.94906700,0
2025-10-03 18:00:00,0.007041,0.007063,0.006945,0.007025,777402687.0,2025-10-03 18:59:59.999,5444875.93946400,16437,377688973.00,2644860.13531100,0
2025-10-03 19:00:00,0.007025,0.007053,0.006916,0.00697,416659439.0,2025-10-03 19:59:59.999,2909122.43433100,12181,205431540.00,1434003.08728600,0
2025-10-03 20:00:00,0.00697,0.007035,0.006911,0.007023,321968976.0,2025-10-03 20:59:59.999,2245797.15619900,8734,171229223.00,1194464.30754000,0
2025-10-03 21:00:00,0.007024,0.007098,0.006984,0.00701,293938517.0,2025-10-03 21:59:59.999,2069449.73118700,6182,153073093.00,1077923.27906500,0
2025-10-03 22:00:00,0.007009,0.007011,0.006861,0.006953,578657958.0,2025-10-03 22:59:59.999,4008052.77474700,13668,308579187.00,2137695.15030800,0
2025-10-03 23:00:00,0.006953,0.006965,0.006848,0.006888,749814425.0,2025-10-03 23:59:59.999,5182311.45911400,10576,182773317.00,1262233.21046300,0
2025-10-04 00:00:00,0.006887,0.006887,0.006792,0.006844,359971535.0,2025-10-04 00:59:59.999,2461255.68871400,8381,140446718.00,960994.19051300,0
2025-10-04 01:00:00,0.006845,0.006851,0.006783,0.00684,388526225.0,2025-10-04 01:59:59.999,2647499.66788900,7804,181768532.00,1238778.24189500,0
2025-10-04 02:00:00,0.006839,0.006869,0.006768,0.006797,360944426.0,2025-10-04 02:59:59.999,2457525.34830900,7974,135714889.00,923905.61336500,0
2025-10-04 03:00:00,0.006797,0.006847,0.006763,0.006819,302741433.0,2025-10-04 03:59:59.999,2058528.71788500,6313,156554692.00,1064570.74518600,0
2025-10-04 04:00:00,0.006819,0.006887,0.006736,0.006761,412008247.0,2025-10-04 04:59:59.999,2801756.10318000,8750,227583356.00,1548867.04553500,0
2025-10-04 05:00:00,0.006761,0.006801,0.006737,0.006758,320792732.0,2025-10-04 05:59:59.999,2167561.09288900,7102,160657599.00,1085608.90573500,0
2025-10-04 06:00:00,0.006759,0.006815,0.006718,0.006812,454924047.0,2025-10-04 06:59:59.999,3084894.63941800,9244,217445033.00,1474430.22490800,0
2025-10-04 07:00:00,0.006812,0.006913,0.006806,0.006871,469659114.0,2025-10-04 07:59:59.999,3220814.31294800,11895,290087962.00,1989275.47950100,0
2025-10-04 08:00:00,0.00687,0.006946,0.006788,0.006821,395253952.0,2025-10-04 08:59:59.999,2712259.97346200,10956,221813568.00,1523922.36959900,0
2025-10-04 09:00:00,0.00682,0.007046,0.006815,0.006941,598444717.0,2025-10-04 09:59:59.999,4173018.21193100,15477,380169644.00,2649740.34466900,0
2025-10-04 10:00:00,0.00694,0.007032,0.006889,0.006918,361610056.0,2025-10-04 10:59:59.999,2516930.71109400,11326,178079752.00,1239525.13592400,0
2025-10-04 11:00:00,0.006919,0.006939,0.006801,0.006895,555236632.0,2025-10-04 11:59:59.999,3801826.30737500,16512,207795182.00,1424391.61943900,0
2025-10-04 12:00:00,0.006894,0.006964,0.006821,0.006835,268605020.0,2025-10-04 12:59:59.999,1849585.74926000,8349,131410832.00,904995.10476800,0
2025-10-04 13:00:00,0.006834,0.006966,0.006826,0.006847,380965284.0,2025-10-04 13:59:59.999,2626744.67842800,12260,210086595.00,1449137.65279900,0
2025-10-04 14:00:00,0.006846,0.006868,0.00639,0.006428,1688143843.0,2025-10-04 14:59:59.999,11095420.84401100,34715,668566358.00,4396589.32505000,0
2025-10-04 15:00:00,0.006428,0.006499,0.006334,0.00643,1531151807.0,2025-10-04 15:59:59.999,9825290.36252000,31329,853264036.00,5477795.66232100,0
2025-10-04 16:00:00,0.006431,0.006461,0.006345,0.006435,564868506.0,2025-10-04 16:59:59.999,3616718.04819600,15312,322199186.00,2063412.43476300,0
2025-10-04 17:00:00,0.006434,0.00655,0.006419,0.006523,680513510.0,2025-10-04 17:59:59.999,4417563.63619800,14074,389586744.00,2528725.10212600,0
2025-10-04 18:00:00,0.006524,0.006576,0.006489,0.006552,441810650.0,2025-10-04 18:59:59.999,2882721.48076100,9770,223399674.00,1457439.31549200,0
2025-10-04 19:00:00,0.006551,0.006586,0.00651,0.006536,219953839.0,2025-10-04 19:59:59.999,1440977.45002100,6038,104711839.00,685967.18595500,0
2025-10-04 20:00:00,0.006536,0.006567,0.006477,0.006511,218709908.0,2025-10-04 20:59:59.999,1426132.70755900,6261,123783343.00,807066.97095600,0
2025-10-04 21:00:00,0.006512,0.006589,0.006512,0.006572,326496559.0,2025-10-04 21:59:59.999,2137979.82644700,4994,189852337.00,1242644.46078000,0
2025-10-04 22:00:00,0.006572,0.006677,0.006564,0.006674,266602114.0,2025-10-04 22:59:59.999,1765742.62742000,6806,132846604.00,880268.12128300,0
2025-10-04 23:00:00,0.006675,0.006713,0.006633,0.006668,290788875.0,2025-10-04 23:59:59.999,1940456.77342800,7649,128244413.00,855942.89791000,0
2025-10-05 00:00:00,0.006667,0.006756,0.006549,0.006558,417500943.0,2025-10-05 00:59:59.999,2782257.39088000,10449,175020614.00,1167034.30783300,0
2025-10-05 01:00:00,0.006558,0.006667,0.006552,0.006638,281277030.0,2025-10-05 01:59:59.999,1854264.82541400,7667,122950377.00,810851.11724200,0
2025-10-05 02:00:00,0.006638,0.006859,0.006606,0.006833,791025258.0,2025-10-05 02:59:59.999,5350466.86358800,18518,436346335.00,2951608.16318500,0
2025-10-05 03:00:00,0.006833,0.006882,0.006743,0.006746,496728563.0,2025-10-05 03:59:59.999,3388523.78282000,12213,245170206.00,1673219.13976800,0
2025-10-05 04:00:00,0.006745,0.007,0.006652,0.006957,1106673952.0,2025-10-05 04:59:59.999,7590863.47942800,21715,641395861.00,4411316.21617400,0
2025-10-05 05:00:00,0.006957,0.007138,0.006957,0.007042,1044102556.0,2025-10-05 05:59:59.999,7366035.78598900,21404,561462457.00,3960861.09445200,0
2025-10-05 06:00:00,0.007042,0.00708,0.006963,0.006982,513413401.0,2025-10-05 06:59:59.999,3605216.07827900,14526,243094985.00,1707517.32205500,0
2025-10-05 07:00:00,0.006982,0.007147,0.006972,0.007102,666269452.0,2025-10-05 07:59:59.999,4718756.61276300,17646,325165383.00,2303267.14229200,0
2025-10-05 08:00:00,0.007103,0.007162,0.006975,0.006995,676617378.0,2025-10-05 08:59:59.999,4793487.79589800,14874,276416810.00,1959470.28617900,0
2025-10-05 09:00:00,0.006996,0.007062,0.006888,0.00695,688812865.0,2025-10-05 09:59:59.999,4803751.25952300,16575,301335173.00,2102297.49638000,0
2025-10-05 10:00:00,0.006949,0.006955,0.006857,0.006871,609575032.0,2025-10-05 10:59:59.999,4203879.57734600,13061,220503439.00,1520773.42827800,0
2025-10-05 11:00:00,0.006871,0.006919,0.006757,0.006894,583018260.0,2025-10-05 11:59:59.999,3978635.90263200,14312,249888386.00,1706373.92683100,0
2025-10-05 12:00:00,0.006894,0.006894,0.006737,0.006744,439508517.0,2025-10-05 12:59:59.999,2993665.11576600,12095,189405250.00,1290784.68744300,0
2025-10-05 13:00:00,0.006744,0.006858,0.006743,0.006801,311338780.0,2025-10-05 13:59:59.999,2117317.81464100,10304,160632830.00,1092741.18629300,0
2025-10-05 14:00:00,0.006801,0.00684,0.006707,0.006734,412885926.0,2025-10-05 14:59:59.999,2795638.19590000,12205,201661333.00,1365917.44527800,0
2025-10-05 15:00:00,0.006733,0.00681,0.006705,0.006778,433904672.0,2025-10-05 15:59:59.999,2932367.71990900,10325,217780386.00,1472191.35069800,0
2025-10-05 16:00:00,0.006779,0.006889,0.00671,0.006852,573011432.0,2025-10-05 16:59:59.999,3896395.68832400,14310,290383349.00,1975508.04410800,0
2025-10-05 17:00:00,0.006853,0.006898,0.006641,0.00668,762336409.0,2025-10-05 17:59:59.999,5157931.28564400,16639,314980221.00,2131005.81189000,0
2025-10-05 18:00:00,0.006681,0.006701,0.00642,0.006464,1312363023.0,2025-10-05 18:59:59.999,8605579.48908800,26141,507039620.00,3321636.89972100,0
2025-10-05 19:00:00,0.006464,0.006502,0.006374,0.006399,676654023.0,2025-10-05 19:59:59.999,4354586.39377700,15179,326470922.00,2101366.69727000,0
2025-10-05 20:00:00,0.0064,0.006437,0.00634,0.006387,479579809.0,2025-10-05 20:59:59.999,3063841.32051200,12048,236400915.00,1511390.88576400,0
2025-10-05 21:00:00,0.006386,0.006435,0.006354,0.006426,167689512.0,2025-10-05 21:59:59.999,1071710.12293600,4053,86554996.00,553371.97388400,0
2025-10-05 22:00:00,0.006427,0.006455,0.006358,0.006443,255919514.0,2025-10-05 22:59:59.999,1639516.28925200,6815,142121768.00,911063.12363500,0
2025-10-05 23:00:00,0.006443,0.006472,0.006415,0.006417,272706393.0,2025-10-05 23:59:59.999,1756461.92351100,7529,127611385.00,821851.11648700,0
2025-10-06 00:00:00,0.006416,0.006523,0.006348,0.006434,603597544.0,2025-10-06 00:59:59.999,3894399.66048400,16500,325912896.00,2103997.71754200,0
2025-10-06 01:00:00,0.006434,0.006578,0.006384,0.006526,724122123.0,2025-10-06 01:59:59.999,4706859.48642200,14597,371309700.00,2413568.48495700,0
2025-10-06 02:00:00,0.006525,0.00657,0.006448,0.006518,415297243.0,2025-10-06 02:59:59.999,2700347.62120800,11301,227590577.00,1480517.88135400,0
2025-10-06 03:00:00,0.006517,0.006517,0.006457,0.006496,237710868.0,2025-10-06 03:59:59.999,1542011.75180200,6630,139122721.00,902439.54124100,0
2025-10-06 04:00:00,0.006495,0.006527,0.006406,0.006437,312797395.0,2025-10-06 04:59:59.999,2019881.66393100,7985,136098949.00,879161.33079600,0
2025-10-06 05:00:00,0.006436,0.006471,0.006386,0.006453,482365756.0,2025-10-06 05:59:59.999,3099282.02352500,8499,290312888.00,1864800.99896400,0
2025-10-06 06:00:00,0.006452,0.00659,0.006451,0.006535,589896505.0,2025-10-06 06:59:59.999,3856901.16774800,10956,360990396.00,2362941.00131900,0
2025-10-06 07:00:00,0.006534,0.006534,0.006395,0.006436,579110859.0,2025-10-06 07:59:59.999,3737625.30093200,10736,226721691.00,1465638.76280400,0
2025-10-06 08:00:00,0.006437,0.006497,0.006417,0.006432,349163954.0,2025-10-06 08:59:59.999,2251952.45193500,8218,155904721.00,1006014.66862500,0
2025-10-06 09:00:00,0.006432,0.00644,0.006364,0.006389,684254268.0,2025-10-06 09:59:59.999,4382647.05851200,10824,200166174.00,1282255.97437300,0
2025-10-06 10:00:00,0.006388,0.006418,0.00624,0.006399,1050323601.0,2025-10-06 10:59:59.999,6661829.15399000,16142,427289476.00,2713589.85656700,0
2025-10-06 11:00:00,0.006398,0.00659,0.006371,0.006584,659012095.0,2025-10-06 11:59:59.999,4284898.76652600,12398,346771702.00,2254747.69922300,0
2025-10-06 12:00:00,0.006585,0.006627,0.006448,0.006479,1377541208.0,2025-10-06 12:59:59.999,9006150.14826100,18679,488851186.00,3205124.71151500,0
2025-10-06 13:00:00,0.006478,0.006518,0.00631,0.006338,1620245892.0,2025-10-06 13:59:59.999,10380814.68958500,24537,702137902.00,4503724.99281500,0
2025-10-06 14:00:00,0.006338,0.006413,0.006279,0.006306,1412465056.0,2025-10-06 14:59:59.999,8960756.86675600,21115,754732913.00,4790039.57426200,0
2025-10-06 15:00:00,0.006306,0.006451,0.006303,0.006364,606157056.0,2025-10-06 15:59:59.999,3862376.29741400,12958,366495687.00,2334601.36143500,0
2025-10-06 16:00:00,0.006365,0.006408,0.0063,0.0064,624533088.0,2025-10-06 16:59:59.999,3958736.88414000,12543,360002824.00,2283059.26597600,0
2025-10-06 17:00:00,0.0064,0.006482,0.006318,0.006432,709849385.0,2025-10-06 17:59:59.999,4550537.90454300,14600,452032958.00,2899180.24744000,0
2025-10-06 18:00:00,0.006432,0.006483,0.006382,0.006475,578992437.0,2025-10-06 18:59:59.999,3722224.65851100,10973,350136119.00,2251221.14930500,0
2025-10-06 19:00:00,0.006477,0.006527,0.006425,0.006505,397319269.0,2025-10-06 19:59:59.999,2572366.14512300,9971,213424619.00,1381845.27370600,0
2025-10-06 20:00:00,0.006505,0.006559,0.006289,0.006359,1095347268.0,2025-10-06 20:59:59.999,6999597.58431400,16485,583834335.00,3730303.50568500,0
2025-10-06 21:00:00,0.006358,0.006382,0.006287,0.006317,529411192.0,2025-10-06 21:59:59.999,3352053.77100200,8112,277749337.00,1758277.86511800,0
2025-10-06 22:00:00,0.006316,0.006335,0.006288,0.006327,358782500.0,2025-10-06 22:59:59.999,2263730.55101700,7736,223264694.00,1408704.74737200,0
2025-10-06 23:00:00,0.006328,0.006344,0.00615,0.006191,788643537.0,2025-10-06 23:59:59.999,4901008.95078200,14578,367680187.00,2286136.55172000,0
2025-10-07 00:00:00,0.00619,0.006204,0.006112,0.006165,450615834.0,2025-10-07 00:59:59.999,2774031.38944600,10588,215184508.00,1324959.11335600,0
2025-10-07 01:00:00,0.006165,0.006194,0.006114,0.006158,432387924.0,2025-10-07 01:59:59.999,2658356.85141600,8966,244354460.00,1502720.84040000,0
2025-10-07 02:00:00,0.006159,0.006231,0.00615,0.006212,447012500.0,2025-10-07 02:59:59.999,2770188.01327600,8859,254708727.00,1578248.28696300,0
2025-10-07 03:00:00,0.006212,0.006301,0.006186,0.006194,632318072.0,2025-10-07 03:59:59.999,3948461.69827000,9667,291695005.00,1820543.72054400,0
2025-10-07 04:00:00,0.006193,0.006266,0.006122,0.006213,728623261.0,2025-10-07 04:59:59.999,4513207.95929700,12015,343149435.00,2126106.54048000,0
2025-10-07 05:00:00,0.006212,0.006265,0.006169,0.006237,545882350.0,2025-10-07 05:59:59.999,3388201.80244200,9642,318398863.00,1975721.75363000,0
2025-10-07 06:00:00,0.006237,0.00626,0.006131,0.006163,532839117.0,2025-10-07 06:59:59.999,3289977.09147900,9240,320440841.00,1978251.84767300,0
2025-10-07 07:00:00,0.006162,0.00625,0.006149,0.006239,385952048.0,2025-10-07 07:59:59.999,2397737.47920400,8909,199605753.00,1239907.93655700,0
2025-10-07 08:00:00,0.006238,0.006238,0.006049,0.006214,831554534.0,2025-10-07 08:59:59.999,5118473.70665600,15312,399342804.00,2460058.38761800,0
2025-10-07 09:00:00,0.006214,0.006402,0.006207,0.006321,680345661.0,2025-10-07 09:59:59.999,4293913.58077900,13575,415253708.00,2623022.28838700,0
2025-10-07 10:00:00,0.006321,0.006347,0.00625,0.006263,414635261.0,2025-10-07 10:59:59.999,2608818.87928100,9183,208007417.00,1308400.98995400,0
2025-10-07 11:00:00,0.006263,0.006345,0.006261,0.006266,509912750.0,2025-10-07 11:59:59.999,3206044.15795200,10062,231688562.00,1456180.58576800,0
2025-10-07 12:00:00,0.006265,0.006402,0.006231,0.006382,768459750.0,2025-10-07 12:59:59.999,4830276.11898900,13270,323582933.00,2038016.08485700,0
2025-10-07 13:00:00,0.006382,0.006383,0.006181,0.006361,1008755232.0,2025-10-07 13:59:59.999,6339505.11532700,19970,634341950.00,3986138.94925200,0
2025-10-07 14:00:00,0.006362,0.006385,0.0062,0.006354,991226121.0,2025-10-07 14:59:59.999,6243213.73490100,21985,522645489.00,3289653.49333900,0
2025-10-07 15:00:00,0.006355,0.006594,0.006248,0.006571,1937961452.0,2025-10-07 15:59:59.999,12532772.24022800,44743,1109022167.00,7174745.56995000,0
2025-10-07 16:00:00,0.006571,0.006682,0.006299,0.006532,1451891510.0,2025-10-07 16:59:59.999,9454084.55119900,32972,750053845.00,4890983.38411400,0
2025-10-07 17:00:00,0.006532,0.006653,0.006462,0.006463,682197915.0,2025-10-07 17:59:59.999,4479337.57679900,18301,328296473.00,2156283.39575100,0
2025-10-07 18:00:00,0.006462,0.00665,0.006446,0.006568,621579302.0,2025-10-07 18:59:59.999,4088040.33948500,14260,249889003.00,1641802.77870400,0
2025-10-07 19:00:00,0.006568,0.006595,0.006465,0.006474,491020781.0,2025-10-07 19:59:59.999,3202739.21991100,11450,216796384.00,1414339.64265700,0
2025-10-07 20:00:00,0.006475,0.006655,0.006475,0.006607,728556035.0,2025-10-07 20:59:59.999,4786270.50494300,17823,336241008.00,2207352.18662200,0
2025-10-07 21:00:00,0.006608,0.006639,0.006387,0.006387,618259986.0,2025-10-07 21:59:59.999,4039259.99402500,11842,255416497.00,1666466.74670700,0
2025-10-07 22:00:00,0.006387,0.006486,0.006342,0.006386,288883019.0,2025-10-07 22:59:59.999,1851575.69176100,9116,123991322.00,794883.65713100,0
2025-10-07 23:00:00,0.006387,0.00647,0.006313,0.006437,765339158.0,2025-10-07 23:59:59.999,4910434.91317300,16784,428038844.00,2747375.37591700,0
2025-10-08 00:00:00,0.006438,0.006481,0.006142,0.006186,1265543573.0,2025-10-08 00:59:59.999,7948620.77316900,24570,692269551.00,4354356.84701200,0
2025-10-08 01:00:00,0.006186,0.006268,0.006119,0.00613,1041859751.0,2025-10-08 01:59:59.999,6453518.52235900,22493,386715851.00,2394926.42156200,0
2025-10-08 02:00:00,0.00613,0.006163,0.006085,0.006103,546307355.0,2025-10-08 02:59:59.999,3342999.33705100,10977,240241727.00,1470691.84075200,0
2025-10-08 03:00:00,0.006103,0.006121,0.005819,0.005828,1306380013.0,2025-10-08 03:59:59.999,7785973.47267900,19103,595304260.00,3542862.40182600,0
2025-10-08 04:00:00,0.005828,0.005951,0.005827,0.005893,1005504689.0,2025-10-08 04:59:59.999,5909453.92943300,17889,433730781.00,2551748.81304000,0
2025-10-08 05:00:00,0.005894,0.005911,0.005818,0.005867,454760975.0,2025-10-08 05:59:59.999,2663242.44631700,9013,209255774.00,1225208.25548700,0
2025-10-08 06:00:00,0.005867,0.005936,0.005844,0.005898,276940195.0,2025-10-08 06:59:59.999,1630962.66605300,7481,142530649.00,839506.86814200,0
2025-10-08 07:00:00,0.005899,0.005992,0.005895,0.005988,390275266.0,2025-10-08 07:59:59.999,2319181.09220200,8156,208356094.00,1238283.19188700,0
2025-10-08 08:00:00,0.005988,0.006038,0.005922,0.005985,456372022.0,2025-10-08 08:59:59.999,2725580.09789800,9336,222390447.00,1329655.60927900,0
2025-10-08 09:00:00,0.005984,0.006001,0.005884,0.005927,388767475.0,2025-10-08 09:59:59.999,2307418.89169600,7849,181232431.00,1075944.74223700,0
2025-10-08 10:00:00,0.005928,0.005948,0.005856,0.005941,553020253.0,2025-10-08 10:59:59.999,3263093.31189400,8874,309461835.00,1826307.89771600,0
2025-10-08 11:00:00,0.00594,0.005942,0.005828,0.005848,385470139.0,2025-10-08 11:59:59.999,2265248.96918700,6711,192426417.00,1130747.72454600,0
2025-10-08 12:00:00,0.005849,0.005945,0.005809,0.005943,365679440.0,2025-10-08 12:59:59.999,2151841.09998900,7693,199880488.00,1177730.23038800,0
2025-10-08 13:00:00,0.005944,0.005947,0.005849,0.005937,267196781.0,2025-10-08 13:59:59.999,1578406.91131900,6716,134616031.00,795262.12853300,0
2025-10-08 14:00:00,0.005936,0.006024,0.005865,0.005936,739527261.0,2025-10-08 14:59:59.999,4404084.78879300,14861,375913246.00,2238543.01955300,0
2025-10-08 15:00:00,0.005937,0.006003,0.005904,0.005957,563900579.0,2025-10-08 15:59:59.999,3361104.06432600,11934,263104972.00,1568037.94918200,0
2025-10-08 16:00:00,0.005958,0.006077,0.005925,0.006076,627764096.0,2025-10-08 16:59:59.999,3764744.44011300,10574,328110132.00,1967646.89862700,0
2025-10-08 17:00:00,0.006076,0.00649,0.006053,0.006329,2024879774.0,2025-10-08 17:59:59.999,12828539.67935400,36026,1016840829.00,6435508.13801700,0
2025-10-08 18:00:00,0.00633,0.00637,0.006244,0.006253,814845145.0,2025-10-08 18:59:59.999,5125547.71100400,19187,261830493.00,1647910.44694400,0
2025-10-08 19:00:00,0.006253,0.006285,0.00618,0.006207,838071595.0,2025-10-08 19:59:59.999,5215963.77909600,16809,292178234.00,1818592.86498200,0
2025-10-08 20:00:00,0.006206,0.006278,0.006159,0.006159,504392109.0,2025-10-08 20:59:59.999,3141591.55135700,13266,211086516.00,1315945.13110400,0
2025-10-08 21:00:00,0.006159,0.006198,0.006122,0.006151,614053815.0,2025-10-08 21:59:59.999,3776737.00930900,10152,280667036.00,1724316.12725200,0
2025-10-08 22:00:00,0.006151,0.006177,0.006105,0.006116,342867138.0,2025-10-08 22:59:59.999,2104528.27676500,13887,93619776.00,574823.61811700,0
2025-10-08 23:00:00,0.006116,0.006195,0.00607,0.00616,377639083.0,2025-10-08 23:59:59.999,2317523.12218400,13801,147376945.00,904963.73994200,0
2025-10-09 00:00:00,0.00616,0.006165,0.006049,0.006069,401163024.0,2025-10-09 00:59:59.999,2445927.68058100,16073,136008703.00,829185.86149800,0
2025-10-09 01:00:00,0.006069,0.006082,0.005945,0.005994,465216251.0,2025-10-09 01:59:59.999,2790233.09075500,16854,142790206.00,855529.61072000,0
2025-10-09 02:00:00,0.005994,0.006,0.005665,0.005696,1688889789.0,2025-10-09 02:59:59.999,9778260.60127400,35227,562906960.00,3259125.59627700,0
2025-10-09 03:00:00,0.005696,0.005772,0.005671,0.005726,692156844.0,2025-10-09 03:59:59.999,3959160.02791100,19030,282335923.00,1615241.71145800,0
2025-10-09 04:00:00,0.005726,0.005841,0.005686,0.005838,628294735.0,2025-10-09 04:59:59.999,3624377.14677400,17192,303509807.00,1751482.38862300,0
2025-10-09 05:00:00,0.005839,0.005839,0.005754,0.005764,394565968.0,2025-10-09 05:59:59.999,2283656.23451200,13320,150480316.00,871216.90318300,0
2025-10-09 06:00:00,0.005764,0.00583,0.005722,0.005768,466548963.0,2025-10-09 06:59:59.999,2690382.05517000,11613,227715480.00,1314938.74993900,0
2025-10-09 07:00:00,0.005767,0.005781,0.005583,0.005593,715771663.0,2025-10-09 07:59:59.999,4058813.33121400,27370,305297525.00,1733390.84044200,0
2025-10-09 08:00:00,0.005593,0.005636,0.005441,0.005494,1700571056.0,2025-10-09 08:59:59.999,9387863.24100500,32092,705346329.00,3890648.02404700,0
2025-10-09 09:00:00,0.005494,0.005547,0.005451,0.005513,1096266075.0,2025-10-09 09:59:59.999,6035533.84098300,22057,530209979.00,2919052.44192100,0
2025-10-09 10:00:00,0.005514,0.005551,0.005468,0.005511,740146235.0,2025-10-09 10:59:59.999,4083338.50396100,15285,387424827.00,2136666.34726100,0
2025-10-09 11:00:00,0.005512,0.005564,0.005504,0.005538,463090269.0,2025-10-09 11:59:59.999,2563820.33168700,11170,250985263.00,1389162.71333200,0
2025-10-09 12:00:00,0.005539,0.005663,0.005528,0.00563,634658092.0,2025-10-09 12:59:59.999,3559946.92593900,14729,363091234.00,2036700.98256200,0
2025-10-09 13:00:00,0.005629,0.005639,0.005563,0.00557,1010429216.0,2025-10-09 13:59:59.999,5659351.31585600,17283,473979710.00,2653921.13040100,0
2025-10-09 14:00:00,0.00557,0.005622,0.00545,0.005502,981092355.0,2025-10-09 14:59:59.999,5417382.17187800,21759,477626274.00,2637894.17448300,0
2025-10-09 15:00:00,0.005503,0.005538,0.005271,0.005328,1096451986.0,2025-10-09 15:59:59.999,5926508.58311800,20204,463472408.00,2504472.79448700,0
2025-10-09 16:00:00,0.005328,0.005401,0.005266,0.005299,1522400567.0,2025-10-09 16:59:59.999,8086202.73048000,23681,570334720.00,3033650.80112900,0
2025-10-09 17:00:00,0.005299,0.005435,0.005293,0.005428,706328467.0,2025-10-09 17:59:59.999,3782116.05174800,15959,384823582.00,2064197.64700900,0
2025-10-09 18:00:00,0.005427,0.005447,0.005373,0.00539,375466452.0,2025-10-09 18:59:59.999,2030026.31246200,11545,209683515.00,1133717.07830700,0
2025-10-09 19:00:00,0.005389,0.005436,0.005379,0.005417,235945820.0,2025-10-09 19:59:59.999,1276382.60947500,8976,132284451.00,715672.41935400,0
2025-10-09 20:00:00,0.005418,0.005512,0.005417,0.005512,390307004.0,2025-10-09 20:59:59.999,2132930.72919800,11134,223144419.00,1219181.31870800,0
2025-10-09 21:00:00,0.005511,0.005583,0.005491,0.005559,456570195.0,2025-10-09 21:59:59.999,2528433.92811100,9416,244800666.00,1355708.68871600,0
2025-10-09 22:00:00,0.00556,0.005635,0.005535,0.005579,434796786.0,2025-10-09 22:59:59.999,2429690.89549800,10689,228639891.00,1277988.31140400,0
2025-10-09 23:00:00,0.005579,0.005586,0.005526,0.00553,198944588.0,2025-10-09 23:59:59.999,1102905.81879600,4857,92591543.00,513534.71464000,0
2025-10-10 00:00:00,0.005531,0.005569,0.005531,0.005548,170914195.0,2025-10-10 00:59:59.999,948700.52824500,4325,102087324.00,567070.64596800,0
2025-10-10 01:00:00,0.005548,0.00561,0.005539,0.005573,251135425.0,2025-10-10 01:59:59.999,1401886.65524300,5485,120695681.00,674197.29149000,0
2025-10-10 02:00:00,0.005574,0.005581,0.005488,0.005497,353279882.0,2025-10-10 02:59:59.999,1955308.66033600,6405,145856264.00,807355.33346900,0
2025-10-10 03:00:00,0.005497,0.005565,0.005452,0.005486,350780228.0,2025-10-10 03:59:59.999,1929572.26694600,7861,157590528.00,866340.44383700,0
2025-10-10 04:00:00,0.005486,0.005562,0.005478,0.005496,286668649.0,2025-10-10 04:59:59.999,1580990.87720200,7693,152334705.00,840450.39856600,0
2025-10-10 05:00:00,0.005497,0.005523,0.005465,0.00551,264822440.0,2025-10-10 05:59:59.999,1455228.55032400,6044,96127521.00,528305.56916100,0
2025-10-10 06:00:00,0.00551,0.005527,0.005415,0.005441,402762855.0,2025-10-10 06:59:59.999,2203500.82754100,7648,181746834.00,994635.53134100,0
2025-10-10 07:00:00,0.005442,0.005446,0.005228,0.005292,2597505956.0,2025-10-10 07:59:59.999,13835711.49081400,26385,1208008710.00,6427217.81238000,0
2025-10-10 08:00:00,0.005293,0.005452,0.005291,0.005444,786175262.0,2025-10-10 08:59:59.999,4198838.81571200,14257,542393354.00,2893785.53578100,0
2025-10-10 09:00:00,0.005443,0.005504,0.005401,0.005438,511473434.0,2025-10-10 09:59:59.999,2788816.85455000,12355,306889101.00,1674723.12989800,0
2025-10-10 10:00:00,0.005437,0.005468,0.005423,0.005455,167370103.0,2025-10-10 10:59:59.999,911636.34673900,5660,87372052.00,476011.13137100,0
2025-10-10 11:00:00,0.005454,0.005503,0.00542,0.005492,232049864.0,2025-10-10 11:59:59.999,1265306.47049200,6670,124977559.00,681767.17090000,0
2025-10-10 12:00:00,0.00549,0.005501,0.005441,0.005482,394810163.0,2025-10-10 12:59:59.999,2159705.36453800,7054,219857313.00,1202537.28725200,0
2025-10-10 13:00:00,0.005481,0.00555,0.005462,0.005488,551658950.0,2025-10-10 13:59:59.999,3038060.13114600,11815,291024468.00,1603244.79774300,0
2025-10-10 14:00:00,0.005488,0.005528,0.005339,0.005357,794177743.0,2025-10-10 14:59:59.999,4300968.97908500,15634,378348413.00,2050856.67714900,0
2025-10-10 15:00:00,0.005357,0.005369,0.004957,0.005048,3055289852.0,2025-10-10 15:59:59.999,15673158.07132400,53847,1364088756.00,7002132.88293100,0
2025-10-10 16:00:00,0.005048,0.005165,0.005014,0.005121,1055224164.0,2025-10-10 16:59:59.999,5377708.64032600,22057,538487902.00,2744915.95486800,0
2025-10-10 17:00:00,0.00512,0.005257,0.005087,0.005235,1051006850.0,2025-10-10 17:59:59.999,5428108.16896300,19597,539194234.00,2784803.03231400,0
2025-10-10 18:00:00,0.005235,0.005314,0.005167,0.005175,508228460.0,2025-10-10 18:59:59.999,2664541.73674200,12737,271989395.00,1427269.16785000,0
2025-10-10 19:00:00,0.005175,0.005285,0.005146,0.005224,1131289250.0,2025-10-10 19:59:59.999,5887781.90113000,22056,520216117.00,2706822.75605100,0
2025-10-10 20:00:00,0.005225,0.005252,0.004323,0.004612,2441599480.0,2025-10-10 20:59:59.999,12181265.39994700,38350,1057411984.00,5295110.05911400,0
2025-10-10 21:00:00,0.004615,0.004882,0.000411,0.004201,11380059188.0,2025-10-10 21:59:59.999,39189738.52350500,129420,4533311899.00,16522839.73284400,0
2025-10-10 22:00:00,0.004202,0.004299,0.00368,0.004161,9589680684.0,2025-10-10 22:59:59.999,38169337.13963200,115627,5523533417.00,21936364.67725000,0
2025-10-10 23:00:00,0.00416,0.004331,0.003818,0.00402,5982148137.0,2025-10-10 23:59:59.999,24821254.40331900,71815,3454896554.00,14341515.82485500,0
2025-10-11 00:00:00,0.00402,0.004114,0.003896,0.003995,2352241536.0,2025-10-11 00:59:59.999,9406071.21439600,33555,1213140081.00,4854673.08921700,0
2025-10-11 01:00:00,0.003992,0.004013,0.00375,0.003796,2342714314.0,2025-10-11 01:59:59.999,8990198.98036800,26479,1315729279.00,5053343.40139000,0
2025-10-11 02:00:00,0.003794,0.004155,0.003789,0.004108,1907394423.0,2025-10-11 02:59:59.999,7699018.74808100,24154,1074913434.00,4328122.51230800,0
2025-10-11 03:00:00,0.004108,0.004128,0.003945,0.004019,1265563903.0,2025-10-11 03:59:59.999,5065943.39157000,20000,681252919.00,2726154.75989100,0
2025-10-11 04:00:00,0.004021,0.004056,0.003956,0.004036,625209655.0,2025-10-11 04:59:59.999,2505877.86560200,10685,345944645.00,1387230.68694200,0
2025-10-11 05:00:00,0.004035,0.004042,0.003873,0.003906,1008869347.0,2025-10-11 05:59:59.999,3971992.72247500,13787,476421839.00,1874633.55864100,0
2025-10-11 06:00:00,0.003907,0.004043,0.003891,0.003949,1385601878.0,2025-10-11 06:59:59.999,5490452.90109900,16918,690439008.00,2743091.08699000,0
2025-10-11 07:00:00,0.00395,0.004015,0.00391,0.003935,1128384279.0,2025-10-11 07:59:59.999,4467449.89053000,13867,546150054.00,2162085.92203800,0
2025-10-11 08:00:00,0.003935,0.004164,0.003877,0.004115,1397824730.0,2025-10-11 08:59:59.999,5615580.12158500,21214,783334254.00,3156520.04161700,0
2025-10-11 09:00:00,0.004115,0.004188,0.004091,0.004149,1463776467.0,2025-10-11 09:59:59.999,6061388.72569000,24636,811921011.00,3362893.68443300,0
2025-10-11 10:00:00,0.004149,0.004263,0.004074,0.00409,1405467977.0,2025-10-11 10:59:59.999,5857929.61887700,27126,773512068.00,3229300.21735100,0
2025-10-11 11:00:00,0.004089,0.004101,0.00398,0.004093,1015451837.0,2025-10-11 11:59:59.999,4108332.44732900,18486,520560646.00,2107875.21484800,0
2025-10-11 12:00:00,0.004093,0.004118,0.004012,0.004078,815344576.0,2025-10-11 12:59:59.999,3319851.38438800,16037,482828005.00,1965553.35445500,0
2025-10-11 13:00:00,0.004078,0.004104,0.004,0.00407,692186722.0,2025-10-11 13:59:59.999,2806125.89465200,18369,326758378.00,1326497.21848100,0
2025-10-11 14:00:00,0.004069,0.004074,0.003939,0.004032,845562527.0,2025-10-11 14:59:59.999,3381003.05273400,16770,411553691.00,1644939.31080400,0
2025-10-11 15:00:00,0.004031,0.004108,0.003997,0.004068,680082696.0,2025-10-11 15:59:59.999,2759072.03634600,11723,315647857.00,1278863.51624400,0
2025-10-11 16:00:00,0.004069,0.004138,0.003981,0.003998,725256840.0,2025-10-11 16:59:59.999,2938440.68984200,15410,371757058.00,1505588.55386400,0
2025-10-11 17:00:00,0.003997,0.004062,0.003995,0.004046,494665822.0,2025-10-11 17:59:59.999,1992182.10342000,11314,266729995.00,1074182.66649600,0
2025-10-11 18:00:00,0.004047,0.004051,0.003983,0.003998,409732919.0,2025-10-11 18:59:59.999,1640982.23553300,7440,272083397.00,1089492.12822800,0
2025-10-11 19:00:00,0.003997,0.004,0.003759,0.003798,1387385819.0,2025-10-11 19:59:59.999,5340905.84900400,21289,711385903.00,2737542.97970900,0
2025-10-11 20:00:00,0.003797,0.003816,0.003638,0.003664,1602942209.0,2025-10-11 20:59:59.999,5950445.66802600,24151,915377154.00,3395529.31604800,0
2025-10-11 21:00:00,0.003664,0.003784,0.003601,0.003784,1314063114.0,2025-10-11 21:59:59.999,4854120.42779500,12776,804738934.00,2974523.64803300,0
2025-10-11 22:00:00,0.003784,0.003815,0.003743,0.003811,448817429.0,2025-10-11 22:59:59.999,1693662.27405200,10697,193345714.00,730084.15035100,0
2025-10-11 23:00:00,0.003811,0.003833,0.003756,0.00376,301506883.0,2025-10-11 23:59:59.999,1144324.71182500,8329,115009312.00,436119.89460200,0
2025-10-12 00:00:00,0.00376,0.003811,0.00371,0.003727,684447629.0,2025-10-12 00:59:59.999,2572226.82898900,12019,310450074.00,1167854.68254100,0
2025-10-12 01:00:00,0.003728,0.003828,0.003673,0.003685,487428832.0,2025-10-12 01:59:59.999,1823792.85795000,12455,248932912.00,932710.61929500,0
2025-10-12 02:00:00,0.003685,0.003747,0.003625,0.00368,743323262.0,2025-10-12 02:59:59.999,2732072.34182200,13826,309500919.00,1137732.74766600,0
2025-10-12 03:00:00,0.003679,0.003757,0.003665,0.003708,581427403.0,2025-10-12 03:59:59.999,2163760.92541600,12262,325340090.00,1209673.81528700,0
2025-10-12 04:00:00,0.003708,0.00385,0.003696,0.003802,693006657.0,2025-10-12 04:59:59.999,2632720.06318700,11903,441246789.00,1676301.26393300,0
2025-10-12 05:00:00,0.003803,0.003825,0.003763,0.003793,363616556.0,2025-10-12 05:59:59.999,1381882.83469300,6852,241165605.00,916979.60282700,0
2025-10-12 06:00:00,0.003792,0.003837,0.003765,0.0038,578666360.0,2025-10-12 06:59:59.999,2202608.27365700,9833,351310538.00,1338234.43372000,0
2025-10-12 07:00:00,0.0038,0.0038,0.003715,0.003741,462808651.0,2025-10-12 07:59:59.999,1735457.58192100,8328,255174072.00,956973.06314200,0
2025-10-12 08:00:00,0.00374,0.003799,0.003729,0.00374,505016986.0,2025-10-12 08:59:59.999,1896753.77146100,8656,346523811.00,1301406.31069600,0
2025-10-12 09:00:00,0.00374,0.003794,0.003689,0.003786,388525193.0,2025-10-12 09:59:59.999,1453601.18004400,7627,238703824.00,893503.41688100,0
2025-10-12 10:00:00,0.003787,0.003848,0.003765,0.003771,745652183.0,2025-10-12 10:59:59.999,2839314.32606700,12092,406783043.00,1549459.67159700,0
2025-10-12 11:00:00,0.00377,0.003969,0.003763,0.003966,723865097.0,2025-10-12 11:59:59.999,2820563.35003700,14437,427711566.00,1665962.83948100,0
2025-10-12 12:00:00,0.003964,0.004044,0.003941,0.003994,758473648.0,2025-10-12 12:59:59.999,3032792.27617000,15057,428157233.00,1712523.82804100,0
2025-10-12 13:00:00,0.003993,0.003997,0.003872,0.003899,680301484.0,2025-10-12 13:59:59.999,2679954.79059000,14734,288971338.00,1139719.44268600,0
2025-10-12 14:00:00,0.0039,0.004165,0.003891,0.004098,2167440208.0,2025-10-12 14:59:59.999,8782806.75993300,32652,1066869951.00,4329085.13391500,0
2025-10-12 15:00:00,0.004098,0.004267,0.004081,0.004183,1936557621.0,2025-10-12 15:59:59.999,8069411.39646300,37431,967388287.00,4033221.97318500,0
2025-10-12 16:00:00,0.004183,0.004401,0.004183,0.004393,3174732440.0,2025-10-12 16:59:59.999,13649537.39233100,46327,1721484488.00,7398615.12278100,0
2025-10-12 17:00:00,0.004394,0.004494,0.004341,0.00443,1531364912.0,2025-10-12 17:59:59.999,6749900.74810100,29049,845150561.00,3727243.26898300,0
2025-10-12 18:00:00,0.00443,0.004489,0.004354,0.004407,1079265739.0,2025-10-12 18:59:59.999,4775356.43789700,19179,639264680.00,2829960.28771300,0
2025-10-12 19:00:00,0.004408,0.004479,0.004395,0.004446,512722408.0,2025-10-12 19:59:59.999,2275683.61965400,11998,283807972.00,1259051.75404200,0
2025-10-12 20:00:00,0.004446,0.004565,0.004401,0.004512,1560619920.0,2025-10-12 20:59:59.999,6993637.03241600,32829,616146114.00,2760285.96771100,0
2025-10-12 21:00:00,0.004513,0.004518,0.004324,0.004383,1298405227.0,2025-10-12 21:59:59.999,5743352.27164700,16110,559654688.00,2473673.80471500,0
2025-10-12 22:00:00,0.004384,0.004453,0.004316,0.004337,606727309.0,2025-10-12 22:59:59.999,2655343.32493600,12778,280588423.00,1228517.91883800,0
2025-10-12 23:00:00,0.004335,0.004343,0.004262,0.00432,548328180.0,2025-10-12 23:59:59.999,2361643.06705500,10316,261703966.00,1127709.88718200,0
2025-10-13 00:00:00,0.00432,0.004372,0.004174,0.004176,809833777.0,2025-10-13 00:59:59.999,3444567.73806400,14556,427160680.00,1817193.14944200,0
2025-10-13 01:00:00,0.004175,0.004246,0.004128,0.00424,638697567.0,2025-10-13 01:59:59.999,2665669.51610100,11253,339512039.00,1417254.29398600,0
2025-10-13 02:00:00,0.004239,0.004262,0.004165,0.004216,338033851.0,2025-10-13 02:59:59.999,1422401.98576700,7768,191535029.00,806146.88019100,0
2025-10-13 03:00:00,0.004217,0.004236,0.004163,0.004182,434511060.0,2025-10-13 03:59:59.999,1825462.98396600,8365,225900390.00,949440.42235800,0
2025-10-13 04:00:00,0.004182,0.004217,0.004149,0.004211,350004992.0,2025-10-13 04:59:59.999,1463174.84702200,6761,175356586.00,733532.19502500,0
2025-10-13 05:00:00,0.004211,0.004234,0.004184,0.004195,182490325.0,2025-10-13 05:59:59.999,767948.54510900,5162,100490189.00,422961.43937500,0
2025-10-13 06:00:00,0.004195,0.004295,0.004175,0.004272,513372908.0,2025-10-13 06:59:59.999,2178837.25298100,10909,273944352.00,1164747.08028600,0
2025-10-13 07:00:00,0.004272,0.004315,0.004214,0.004236,628483403.0,2025-10-13 07:59:59.999,2682224.23198200,15774,284396627.00,1213495.82521700,0
2025-10-13 08:00:00,0.004236,0.004337,0.004221,0.004307,589021130.0,2025-10-13 08:59:59.999,2519873.49443800,11347,307441901.00,1315818.34780700,0
2025-10-13 09:00:00,0.004306,0.004314,0.004138,0.004222,769538065.0,2025-10-13 09:59:59.999,3253659.47493000,12945,346560704.00,1466432.73687700,0
2025-10-13 10:00:00,0.004222,0.004241,0.004145,0.004152,807829568.0,2025-10-13 10:59:59.999,3378138.08526000,10277,322412523.00,1347571.77927400,0
2025-10-13 11:00:00,0.004151,0.004153,0.003958,0.004042,1353892222.0,2025-10-13 11:59:59.999,5487316.24372300,19324,626473977.00,2534219.22036000,0
2025-10-13 12:00:00,0.004041,0.004132,0.004002,0.004062,628803673.0,2025-10-13 12:59:59.999,2564111.56131100,11986,362466071.00,1478585.47482100,0
2025-10-13 13:00:00,0.004061,0.004224,0.004052,0.004141,1384682519.0,2025-10-13 13:59:59.999,5705739.50343300,27107,804261557.00,3312399.55975900,0
2025-10-13 14:00:00,0.004141,0.004154,0.003961,0.003985,1635674343.0,2025-10-13 14:59:59.999,6590710.48775000,27867,832347193.00,3349387.69202100,0
2025-10-13 15:00:00,0.003986,0.004079,0.003976,0.004006,865099551.0,2025-10-13 15:59:59.999,3476011.20727400,16670,383200224.00,1540180.56249100,0
2025-10-13 16:00:00,0.004007,0.004066,0.003971,0.004044,918895244.0,2025-10-13 16:59:59.999,3689635.38456900,19441,423378140.00,1700582.69519300,0
2025-10-13 17:00:00,0.004046,0.004231,0.004033,0.004226,2291282566.0,2025-10-13 17:59:59.999,9427564.95295900,29504,1185955661.00,4880557.21060700,0
2025-10-13 18:00:00,0.004226,0.004273,0.004142,0.004262,954033059.0,2025-10-13 18:59:59.999,4028187.69175200,20096,533915469.00,2254512.34364700,0
2025-10-13 19:00:00,0.004262,0.004318,0.004212,0.00423,891730728.0,2025-10-13 19:59:59.999,3799969.01046000,16790,464919789.00,1982388.35853100,0
2025-10-13 20:00:00,0.004231,0.004287,0.0042,0.004285,383394952.0,2025-10-13 20:59:59.999,1625026.48430600,9376,227680237.00,965669.21231800,0
2025-10-13 21:00:00,0.004284,0.004328,0.004255,0.004282,655770539.0,2025-10-13 21:59:59.999,2816526.35717300,8915,383450088.00,1647632.32365500,0
2025-10-13 22:00:00,0.004283,0.004359,0.004283,0.004333,347832546.0,2025-10-13 22:59:59.999,1500604.70706800,8288,188286424.00,812423.70138000,0
2025-10-13 23:00:00,0.004332,0.004384,0.004298,0.004337,389774234.0,2025-10-13 23:59:59.999,1690847.78201200,9864,256878133.00,1114773.60275200,0
2025-10-14 00:00:00,0.004336,0.004368,0.004287,0.004297,537672311.0,2025-10-14 00:59:59.999,2321551.93995500,11694,273091029.00,1179626.18552200,0
2025-10-14 01:00:00,0.004296,0.004315,0.004213,0.004233,569955003.0,2025-10-14 01:59:59.999,2425920.69220700,11788,258397603.00,1100248.72250400,0
2025-10-14 02:00:00,0.004233,0.004238,0.004151,0.004161,793350560.0,2025-10-14 02:59:59.999,3327188.95443200,12968,363481208.00,1524423.21434800,0
2025-10-14 03:00:00,0.004162,0.004168,0.004075,0.004088,788229885.0,2025-10-14 03:59:59.999,3244274.37036900,12793,424503312.00,1747094.10181900,0
2025-10-14 04:00:00,0.004087,0.004108,0.003986,0.004005,1196428909.0,2025-10-14 04:59:59.999,4817313.24558400,16210,474535318.00,1915709.69869300,0
2025-10-14 05:00:00,0.004005,0.004052,0.003909,0.003951,1671568283.0,2025-10-14 05:59:59.999,6659249.18458300,21655,467593941.00,1863183.04966100,0
2025-10-14 06:00:00,0.003951,0.003985,0.003732,0.003798,1681448958.0,2025-10-14 06:59:59.999,6455363.28000200,23738,873185937.00,3352801.14847500,0
2025-10-14 07:00:00,0.003799,0.003834,0.003746,0.003766,839578635.0,2025-10-14 07:59:59.999,3180565.64777700,17319,487722851.00,1848194.66428000,0
2025-10-14 08:00:00,0.003766,0.003803,0.003699,0.003747,986934213.0,2025-10-14 08:59:59.999,3699765.84839200,17812,500756621.00,1877776.06961400,0
2025-10-14 09:00:00,0.003747,0.0038,0.003745,0.003786,438374705.0,2025-10-14 09:59:59.999,1653167.48271000,9293,241553539.00,910941.11099600,0
2025-10-14 10:00:00,0.003785,0.003787,0.003666,0.003759,766626121.0,2025-10-14 10:59:59.999,2857710.99357800,15489,390739049.00,1457632.75142700,0
2025-10-14 11:00:00,0.00376,0.003844,0.003754,0.003798,1315483328.0,2025-10-14 11:59:59.999,5016677.00469200,20636,477029698.00,1819297.94260000,0
2025-10-14 12:00:00,0.003798,0.003914,0.003768,0.003865,1784468884.0,2025-10-14 12:59:59.999,6859102.62876900,23851,747661194.00,2872780.31922200,0
2025-10-14 13:00:00,0.003866,0.00396,0.003782,0.003937,1810744001.0,2025-10-14 13:59:59.999,7000078.24194300,26702,962594964.00,3718507.60577800,0
2025-10-14 14:00:00,0.003936,0.004072,0.003927,0.00396,2017870625.0,2025-10-14 14:59:59.999,8062262.11107300,34687,875577312.00,3500229.46475500,0
2025-10-14 15:00:00,0.003961,0.004071,0.003906,0.004063,935993805.0,2025-10-14 15:59:59.999,3715098.52339200,18240,479517524.00,1907508.01322200,0
2025-10-14 16:00:00,0.004063,0.004159,0.004005,0.004094,1657222837.0,2025-10-14 16:59:59.999,6770995.67498300,28135,871762895.00,3559165.44701500,0
2025-10-14 17:00:00,0.004094,0.004193,0.004032,0.004097,1960793316.0,2025-10-14 17:59:59.999,8104396.04907400,24416,923006435.00,3813638.24054500,0
2025-10-14 18:00:00,0.004097,0.00417,0.004078,0.004117,414355238.0,2025-10-14 18:59:59.999,1706465.98396100,10512,215056404.00,885537.13136900,0
2025-10-14 19:00:00,0.004117,0.004171,0.003998,0.004055,1817801289.0,2025-10-14 19:59:59.999,7429808.64468400,21569,877852846.00,3588205.06357100,0
2025-10-14 20:00:00,0.004056,0.004109,0.004026,0.004102,504755921.0,2025-10-14 20:59:59.999,2059133.81362900,9938,300040824.00,1224901.65997400,0
2025-10-14 21:00:00,0.004103,0.004151,0.004059,0.004125,317810627.0,2025-10-14 21:59:59.999,1302517.93930700,4792,173192372.00,709814.62232000,0
2025-10-14 22:00:00,0.004126,0.004158,0.004072,0.004104,431456122.0,2025-10-14 22:59:59.999,1781681.06989100,6362,202369676.00,835244.25170800,0
2025-10-14 23:00:00,0.004102,0.00415,0.004086,0.004097,235112496.0,2025-10-14 23:59:59.999,967278.63768000,5027,110954321.00,456448.00626000,0
2025-10-15 00:00:00,0.004097,0.004112,0.004054,0.004088,318703468.0,2025-10-15 00:59:59.999,1298876.61214200,8160,147749858.00,602204.73083500,0
2025-10-15 01:00:00,0.004087,0.004096,0.00403,0.004083,325994414.0,2025-10-15 01:59:59.999,1323019.42454400,8122,164263823.00,666820.99700000,0
2025-10-15 02:00:00,0.004084,0.00418,0.00408,0.004103,454345639.0,2025-10-15 02:59:59.999,1877461.76380300,9420,250601465.00,1035518.77999600,0
2025-10-15 03:00:00,0.004103,0.004111,0.004026,0.004056,432790675.0,2025-10-15 03:59:59.999,1758063.71640600,9887,263048733.00,1068876.64154900,0
2025-10-15 04:00:00,0.004056,0.004102,0.004029,0.004085,313013550.0,2025-10-15 04:59:59.999,1271861.12433200,6996,193976514.00,787830.95726300,0
2025-10-15 05:00:00,0.004085,0.00412,0.00406,0.004082,249426977.0,2025-10-15 05:59:59.999,1019798.64382200,6072,142438455.00,582420.55960700,0
2025-10-15 06:00:00,0.004082,0.0041,0.003998,0.004057,479120291.0,2025-10-15 06:59:59.999,1936293.41068800,8522,251720752.00,1017928.92859600,0
2025-10-15 07:00:00,0.004056,0.004091,0.004039,0.004057,964307583.0,2025-10-15 07:59:59.999,3910907.51246700,14370,713331783.00,2893336.99266100,0
2025-10-15 08:00:00,0.004056,0.004162,0.004043,0.004096,1024194463.0,2025-10-15 08:59:59.999,4202372.42460700,15827,547652197.00,2247908.24168600,0
2025-10-15 09:00:00,0.004095,0.004115,0.004028,0.004039,570335277.0,2025-10-15 09:59:59.999,2317154.63090700,10062,303257172.00,1233122.97758000,0
2025-10-15 10:00:00,0.004039,0.00404,0.003975,0.003994,460567698.0,2025-10-15 10:59:59.999,1844561.84067800,8252,222834084.00,893146.89448400,0
2025-10-15 11:00:00,0.003993,0.004006,0.003929,0.003983,1072189010.0,2025-10-15 11:59:59.999,4258031.79224500,15889,532169639.00,2114477.53545500,0
2025-10-15 12:00:00,0.003982,0.003997,0.003914,0.003976,563540556.0,2025-10-15 12:59:59.999,2230601.26660800,9614,270851888.00,1072891.91243900,0
2025-10-15 13:00:00,0.003976,0.003999,0.003856,0.003952,991244007.0,2025-10-15 13:59:59.999,3889364.01946200,15432,525124483.00,2060690.13452700,0
2025-10-15 14:00:00,0.003953,0.004026,0.003884,0.003924,1205561032.0,2025-10-15 14:59:59.999,4778255.24437300,16827,649616103.00,2577875.41262300,0
2025-10-15 15:00:00,0.003924,0.003955,0.003853,0.003901,1900103440.0,2025-10-15 15:59:59.999,7421083.17464200,20257,895580731.00,3498346.19283900,0
2025-10-15 16:00:00,0.003902,0.003972,0.003868,0.003924,575906206.0,2025-10-15 16:59:59.999,2253946.11948400,10015,344782000.00,1349574.72075400,0
2025-10-15 17:00:00,0.003925,0.003925,0.003852,0.00391,329683197.0,2025-10-15 17:59:59.999,1280676.81022900,7702,200591635.00,779195.14335300,0
2025-10-15 18:00:00,0.00391,0.003918,0.003856,0.003908,509325674.0,2025-10-15 18:59:59.999,1976537.26017200,7343,342363623.00,1328925.22850400,0
2025-10-15 19:00:00,0.003907,0.003919,0.003836,0.003856,501943379.0,2025-10-15 19:59:59.999,1946231.74470800,8306,246209877.00,955101.20697600,0
2025-10-15 20:00:00,0.003857,0.003884,0.003755,0.003811,836675426.0,2025-10-15 20:59:59.999,3195470.32067700,12668,406158312.00,1551888.15328600,0
2025-10-15 21:00:00,0.003811,0.003872,0.003775,0.003803,426906727.0,2025-10-15 21:59:59.999,1628321.77595200,6139,205979871.00,785829.09106700,0
2025-10-15 22:00:00,0.003804,0.003836,0.003766,0.003784,365715867.0,2025-10-15 22:59:59.999,1390613.60815300,5527,166484324.00,633147.22280700,0
2025-10-15 23:00:00,0.003783,0.003845,0.003781,0.00383,916237717.0,2025-10-15 23:59:59.999,3504197.89390400,12960,479930090.00,1836768.19443100,0
2025-10-16 00:00:00,0.00383,0.003844,0.003802,0.003815,257483901.0,2025-10-16 00:59:59.999,984621.54164200,5962,141719398.00,542043.74858100,0
2025-10-16 01:00:00,0.003814,0.003863,0.003798,0.00384,233170546.0,2025-10-16 01:59:59.999,893096.35373100,5074,143382664.00,549286.54758800,0
2025-10-16 02:00:00,0.003841,0.003861,0.003814,0.003854,472390566.0,2025-10-16 02:59:59.999,1811216.97343000,7331,303444056.00,1163251.28783400,0
2025-10-16 03:00:00,0.003855,0.003868,0.003815,0.003823,341982030.0,2025-10-16 03:59:59.999,1316189.54930200,7666,239792565.00,923151.72287000,0
2025-10-16 04:00:00,0.003824,0.003866,0.003796,0.0038,280315644.0,2025-10-16 04:59:59.999,1075311.89183400,5903,166333637.00,638620.19888500,0
2025-10-16 05:00:00,0.0038,0.003835,0.003777,0.003809,348059184.0,2025-10-16 05:59:59.999,1324695.71322700,7989,214929942.00,818199.14176400,0
2025-10-16 06:00:00,0.00381,0.003904,0.003808,0.003891,468715691.0,2025-10-16 06:59:59.999,1808155.69076100,10455,360416963.00,1390264.17468100,0
2025-10-16 07:00:00,0.003891,0.0039,0.003825,0.003837,512368432.0,2025-10-16 07:59:59.999,1975043.74036900,10063,355342931.00,1370318.18425700,0
2025-10-16 08:00:00,0.003838,0.003849,0.003759,0.003771,512656195.0,2025-10-16 08:59:59.999,1948540.91058500,9977,321474806.00,1222867.08424300,0
2025-10-16 09:00:00,0.003771,0.003843,0.003601,0.003815,2014653679.0,2025-10-16 09:59:59.999,7524570.01200700,25125,983556622.00,3669400.02867900,0
2025-10-16 10:00:00,0.003814,0.003883,0.0038,0.003802,651462418.0,2025-10-16 10:59:59.999,2502196.51744200,10829,341028497.00,1310599.34923900,0
2025-10-16 11:00:00,0.003802,0.003839,0.003784,0.003835,409851094.0,2025-10-16 11:59:59.999,1561714.64686800,7900,243706979.00,928866.33066100,0
2025-10-16 12:00:00,0.003836,0.003868,0.003808,0.003826,682775552.0,2025-10-16 12:59:59.999,2616465.50046800,10230,310061533.00,1188423.60053300,0
2025-10-16 13:00:00,0.003826,0.003843,0.003749,0.003763,608834857.0,2025-10-16 13:59:59.999,2312646.74206200,10811,301906580.00,1147463.06415000,0
2025-10-16 14:00:00,0.003763,0.003773,0.003633,0.003675,1768309654.0,2025-10-16 14:59:59.999,6536603.66535100,23490,807862968.00,2984622.09937900,0
2025-10-16 15:00:00,0.003675,0.00368,0.00351,0.003561,2730228050.0,2025-10-16 15:59:59.999,9736770.76027900,30843,1424385049.00,5081932.10696800,0
2025-10-16 16:00:00,0.00356,0.003711,0.003531,0.003687,2260314033.0,2025-10-16 16:59:59.999,8205956.05481300,29695,1157833881.00,4201410.96659100,0
2025-10-16 17:00:00,0.003689,0.003689,0.003587,0.003607,586183262.0,2025-10-16 17:59:59.999,2126722.74299100,9899,353135759.00,1281221.71891900,0
2025-10-16 18:00:00,0.003607,0.003612,0.003531,0.003542,721227059.0,2025-10-16 18:59:59.999,2567352.77820000,10877,362418383.00,1290097.71683700,0
2025-10-16 19:00:00,0.003543,0.003555,0.003422,0.00348,1318379662.0,2025-10-16 19:59:59.999,4592026.84672000,17775,608245936.00,2118117.74468900,0
2025-10-16 20:00:00,0.00348,0.00351,0.003431,0.003489,911341057.0,2025-10-16 20:59:59.999,3164974.20702100,13467,520189608.00,1807675.27505600,0
2025-10-16 21:00:00,0.003489,0.003503,0.003438,0.003463,323364723.0,2025-10-16 21:59:59.999,1118864.29009100,4327,201663274.00,697751.86370400,0
2025-10-16 22:00:00,0.003463,0.003468,0.003389,0.0034,952999510.0,2025-10-16 22:59:59.999,3264542.73071200,9422,495104570.00,1695478.91025500,0
2025-10-16 23:00:00,0.0034,0.003489,0.003397,0.003467,712328293.0,2025-10-16 23:59:59.999,2461068.87920600,9417,411872138.00,1422912.66914700,0
2025-10-17 00:00:00,0.003467,0.003472,0.003405,0.003428,553001074.0,2025-10-17 00:59:59.999,1905675.39751900,7786,345491159.00,1190550.69154500,0
2025-10-17 01:00:00,0.003429,0.003478,0.003395,0.003406,752182444.0,2025-10-17 01:59:59.999,2586574.48044700,8436,374730788.00,1288631.17055200,0
2025-10-17 02:00:00,0.003407,0.003423,0.00337,0.003408,901892098.0,2025-10-17 02:59:59.999,3062985.20838600,10268,482864148.00,1639856.59624200,0
2025-10-17 03:00:00,0.003408,0.003462,0.003396,0.003459,1473177697.0,2025-10-17 03:59:59.999,5045896.89433800,16295,787853630.00,2699226.21345900,0
2025-10-17 04:00:00,0.00346,0.003473,0.003431,0.003455,507202620.0,2025-10-17 04:59:59.999,1751569.57269500,6033,256769548.00,886552.25445700,0
2025-10-17 05:00:00,0.003455,0.003494,0.003405,0.003474,1587214761.0,2025-10-17 05:59:59.999,5461886.05887200,12918,687376985.00,2368985.94595900,0
2025-10-17 06:00:00,0.003474,0.003481,0.003337,0.003379,1600920080.0,2025-10-17 06:59:59.999,5424804.78199600,17567,745972494.00,2528251.56894000,0
2025-10-17 07:00:00,0.003379,0.003395,0.003238,0.003298,2838249632.0,2025-10-17 07:59:59.999,9418766.13755700,28240,1565679363.00,5189995.64461700,0
2025-10-17 08:00:00,0.003298,0.003316,0.00321,0.003237,2235389305.0,2025-10-17 08:59:59.999,7270177.19293800,28225,1276800101.00,4153891.99460700,0
2025-10-17 09:00:00,0.003238,0.0034,0.003221,0.003363,1446584271.0,2025-10-17 09:59:59.999,4791748.96191200,17673,945646824.00,3128419.28693800,0
2025-10-17 10:00:00,0.003363,0.003374,0.003267,0.003311,1299763785.0,2025-10-17 10:59:59.999,4303071.41380900,15506,697905579.00,2310236.36291800,0
2025-10-17 11:00:00,0.003311,0.003454,0.003309,0.003407,1202347912.0,2025-10-17 11:59:59.999,4086479.82549700,17317,715810630.00,2432770.66050500,0
2025-10-17 12:00:00,0.003407,0.003442,0.003392,0.003395,405059590.0,2025-10-17 12:59:59.999,1384447.88462400,7005,200617800.00,685930.81903600,0
2025-10-17 13:00:00,0.003395,0.003538,0.003395,0.00349,1081878560.0,2025-10-17 13:59:59.999,3755124.19391700,17571,617642555.00,2145044.44456700,0
2025-10-17 14:00:00,0.003489,0.003572,0.003431,0.003515,1128390456.0,2025-10-17 14:59:59.999,3947827.27428400,19084,674078350.00,2360524.54063300,0
2025-10-17 15:00:00,0.003514,0.003581,0.003491,0.003575,869636885.0,2025-10-17 15:59:59.999,3076553.63264100,15449,416298482.00,1473139.26360700,0
2025-10-17 16:00:00,0.003575,0.003638,0.003508,0.003522,978904672.0,2025-10-17 16:59:59.999,3496747.12964800,16398,506907520.00,1811224.99282600,0
2025-10-17 17:00:00,0.003522,0.003562,0.003494,0.003559,425390337.0,2025-10-17 17:59:59.999,1501513.10757100,7798,223958770.00,790761.63119200,0
2025-10-17 18:00:00,0.003559,0.003644,0.003538,0.003594,470858419.0,2025-10-17 18:59:59.999,1688759.73214100,8697,245802632.00,881392.37495900,0
2025-10-17 19:00:00,0.003593,0.003602,0.003538,0.00357,321051211.0,2025-10-17 19:59:59.999,1145313.94358000,6542,164022231.00,585072.45687200,0
2025-10-17 20:00:00,0.003571,0.003613,0.00354,0.003553,299486521.0,2025-10-17 20:59:59.999,1070850.64226700,5415,157361908.00,562725.38153100,0
2025-10-17 21:00:00,0.003552,0.003593,0.003534,0.003566,294239566.0,2025-10-17 21:59:59.999,1046635.37716700,4010,175369643.00,623932.71831600,0
2025-10-17 22:00:00,0.003567,0.003574,0.003515,0.003543,178593779.0,2025-10-17 22:59:59.999,631644.68308000,2871,85748454.00,303509.39865400,0
2025-10-17 23:00:00,0.003543,0.003544,0.003504,0.003525,182670964.0,2025-10-17 23:59:59.999,643148.35752400,2807,93120697.00,327882.31562500,0
2025-10-18 00:00:00,0.003525,0.003542,0.003497,0.003527,180011323.0,2025-10-18 00:59:59.999,633745.88403800,3317,87134932.00,306913.21730000,0
2025-10-18 01:00:00,0.003528,0.003587,0.003525,0.003564,308698799.0,2025-10-18 01:59:59.999,1099107.55916000,4838,188350606.00,670455.61955700,0
2025-10-18 02:00:00,0.003564,0.003598,0.003531,0.003545,295386263.0,2025-10-18 02:59:59.999,1052710.25997200,5542,172759845.00,615899.43372600,0
2025-10-18 03:00:00,0.003545,0.003608,0.003544,0.003592,351415475.0,2025-10-18 03:59:59.999,1261106.83814100,5017,219228535.00,786671.23992700,0
2025-10-18 04:00:00,0.003591,0.003591,0.003543,0.003572,338470195.0,2025-10-18 04:59:59.999,1207200.41380800,4393,161867372.00,577093.44199300,0
2025-10-18 05:00:00,0.003572,0.003595,0.003541,0.00359,272777152.0,2025-10-18 05:59:59.999,972101.61049500,4390,137477164.00,490379.03542400,0
2025-10-18 06:00:00,0.00359,0.003607,0.003554,0.003595,298451675.0,2025-10-18 06:59:59.999,1068776.87480000,4247,173691107.00,622363.38855000,0
2025-10-18 07:00:00,0.003595,0.003657,0.003537,0.003545,461948267.0,2025-10-18 07:59:59.999,1663134.35305000,8065,243936548.00,879150.22305300,0
2025-10-18 08:00:00,0.003545,0.003568,0.003534,0.003541,209587764.0,2025-10-18 08:59:59.999,743830.49242600,3733,116947047.00,415264.77876500,0
2025-10-18 09:00:00,0.003541,0.003591,0.003531,0.003581,165285444.0,2025-10-18 09:59:59.999,589026.76135000,3212,83345676.00,297136.51714700,0
2025-10-18 10:00:00,0.003581,0.003623,0.003516,0.003547,321746370.0,2025-10-18 10:59:59.999,1152310.56203000,4874,168169913.00,602853.97064000,0
2025-10-18 11:00:00,0.003547,0.003589,0.00354,0.003576,249501102.0,2025-10-18 11:59:59.999,889061.55834700,4363,151894058.00,541450.75887000,0
2025-10-18 12:00:00,0.003576,0.003587,0.003539,0.003547,152677905.0,2025-10-18 12:59:59.999,544115.97413700,3201,77855476.00,277582.49255500,0
2025-10-18 13:00:00,0.003547,0.003547,0.003493,0.003525,312027953.0,2025-10-18 13:59:59.999,1099789.97761500,4591,147970035.00,521529.24919400,0
2025-10-18 14:00:00,0.003524,0.003564,0.003491,0.003564,391131128.0,2025-10-18 14:59:59.999,1376572.37821300,5225,217679805.00,766104.35361700,0
2025-10-18 15:00:00,0.003565,0.003746,0.003562,0.00365,1985392226.0,2025-10-18 15:59:59.999,7263696.08744100,25762,1196993044.00,4375895.88784700,0
2025-10-18 16:00:00,0.00365,0.00377,0.003602,0.003721,1735507076.0,2025-10-18 16:59:59.999,6387528.93504400,21868,888657322.00,3272803.37628100,0
2025-10-18 17:00:00,0.003721,0.003966,0.0037,0.003907,2306601889.0,2025-10-18 17:59:59.999,8930031.03486600,36274,1386072282.00,5367474.39814700,0
2025-10-18 18:00:00,0.003907,0.003953,0.003845,0.003871,837987519.0,2025-10-18 18:59:59.999,3262905.54492900,16785,399305762.00,1554734.27257100,0
2025-10-18 19:00:00,0.003871,0.003908,0.003824,0.003861,486657547.0,2025-10-18 19:59:59.999,1883857.31246400,10210,236523524.00,916301.44999200,0
2025-10-18 20:00:00,0.003861,0.003973,0.00385,0.003889,562426951.0,2025-10-18 20:59:59.999,2197493.95076600,11941,270176794.00,1055046.98967100,0
2025-10-18 21:00:00,0.003889,0.003942,0.003848,0.003927,466805238.0,2025-10-18 21:59:59.999,1815944.15446000,7459,263385016.00,1024849.98836000,0
2025-10-18 22:00:00,0.003927,0.004035,0.003908,0.003933,716620349.0,2025-10-18 22:59:59.999,2848206.13025700,12678,361690825.00,1438012.76877100,0
2025-10-18 23:00:00,0.003932,0.003984,0.003923,0.003967,484673910.0,2025-10-18 23:59:59.999,1916217.05624500,8893,291573724.00,1152877.11766600,0
2025-10-19 00:00:00,0.003967,0.003967,0.003853,0.003895,530900349.0,2025-10-19 00:59:59.999,2064797.96629700,9321,271283155.00,1055845.18028500,0
2025-10-19 01:00:00,0.003895,0.00393,0.00385,0.003927,374919641.0,2025-10-19 01:59:59.999,1455212.65706500,6382,184215323.00,715759.68426200,0
2025-10-19 02:00:00,0.003928,0.003931,0.003875,0.0039,216060506.0,2025-10-19 02:59:59.999,844018.76817700,4760,96243550.00,375892.41564100,0
2025-10-19 03:00:00,0.0039,0.004095,0.003885,0.004045,951961979.0,2025-10-19 03:59:59.999,3829901.69171700,15967,532996855.00,2142459.88490500,0
2025-10-19 04:00:00,0.004045,0.004065,0.003914,0.003922,732872343.0,2025-10-19 04:59:59.999,2921704.42879600,11783,403820189.00,1613304.79166700,0
2025-10-19 05:00:00,0.003923,0.00396,0.003858,0.003879,473111693.0,2025-10-19 05:59:59.999,1851781.35676400,9573,258318102.00,1012141.72476800,0
2025-10-19 06:00:00,0.003878,0.003882,0.003811,0.003833,686808205.0,2025-10-19 06:59:59.999,2632235.36951500,8873,273977212.00,1050269.64340100,0
2025-10-19 07:00:00,0.003834,0.003882,0.003814,0.003873,477126806.0,2025-10-19 07:59:59.999,1837537.03232100,7196,295288514.00,1137427.19278200,0
2025-10-19 08:00:00,0.003873,0.003999,0.003828,0.003835,1329237449.0,2025-10-19 08:59:59.999,5206946.14754900,17506,687279269.00,2696007.64768000,0
2025-10-19 09:00:00,0.003834,0.003967,0.003792,0.003916,1236441880.0,2025-10-19 09:59:59.999,4801804.60452000,18752,684315367.00,2658336.16078300,0
2025-10-19 10:00:00,0.003917,0.003967,0.003878,0.003922,757224221.0,2025-10-19 10:59:59.999,2977688.86266300,12465,399687084.00,1572035.15415000,0
2025-10-19 11:00:00,0.003921,0.004004,0.003855,0.003868,991758094.0,2025-10-19 11:59:59.999,3904256.05195500,14104,533155405.00,2099969.31820000,0
2025-10-19 12:00:00,0.003868,0.003907,0.003837,0.003864,449241674.0,2025-10-19 12:59:59.999,1737000.15011800,8097,259935476.00,1005747.38429900,0
2025-10-19 13:00:00,0.003864,0.003928,0.003818,0.003899,669974528.0,2025-10-19 13:59:59.999,2588992.61535900,11113,419543842.00,1622127.38595000,0
2025-10-19 14:00:00,0.0039,0.003946,0.003856,0.003908,676476745.0,2025-10-19 14:59:59.999,2643865.47390800,11315,325126334.00,1271052.66220200,0
2025-10-19 15:00:00,0.003907,0.003937,0.003895,0.003909,366673650.0,2025-10-19 15:59:59.999,1434368.74005700,6280,189278171.00,740665.15980300,0
2025-10-19 16:00:00,0.00391,0.00395,0.003865,0.003882,580996451.0,2025-10-19 16:59:59.999,2265880.19047500,8676,297920799.00,1163024.30224700,0
2025-10-19 17:00:00,0.003881,0.003946,0.00383,0.003847,978119817.0,2025-10-19 17:59:59.999,3801398.54876200,13413,503759019.00,1959110.05794700,0
2025-10-19 18:00:00,0.003848,0.003925,0.003844,0.003921,442823878.0,2025-10-19 18:59:59.999,1721550.01993100,6314,198542696.00,771323.42971200,0
2025-10-19 19:00:00,0.00392,0.003984,0.003882,0.003948,677965488.0,2025-10-19 19:59:59.999,2660641.03406600,8908,343475951.00,1349528.64766800,0
2025-10-19 20:00:00,0.003948,0.00395,0.003894,0.003899,295026216.0,2025-10-19 20:59:59.999,1155295.16882900,5051,121193121.00,474699.25883200,0
2025-10-19 21:00:00,0.0039,0.003902,0.003817,0.003875,460804884.0,2025-10-19 21:59:59.999,1778223.11433100,3894,182404356.00,703450.44045800,0
2025-10-19 22:00:00,0.003876,0.003934,0.003872,0.003898,791835421.0,2025-10-19 22:59:59.999,3098235.50535600,11854,437210992.00,1710128.00758400,0
2025-10-19 23:00:00,0.003897,0.003923,0.003881,0.003921,419684169.0,2025-10-19 23:59:59.999,1638041.47064300,7281,308083958.00,1202464.65373100,0
2025-10-20 00:00:00,0.00392,0.003972,0.003847,0.003955,717393203.0,2025-10-20 00:59:59.999,2808924.37360900,14260,405492149.00,1588562.26852800,0
2025-10-20 01:00:00,0.003955,0.004049,0.003889,0.003896,949149170.0,2025-10-20 01:59:59.999,3772240.14394800,18043,501494742.00,1993614.35457200,0
2025-10-20 02:00:00,0.003896,0.004003,0.003852,0.003965,688017825.0,2025-10-20 02:59:59.999,2708090.96016800,14233,381092026.00,1502199.86052600,0
2025-10-20 03:00:00,0.003965,0.00408,0.003898,0.004035,885220508.0,2025-10-20 03:59:59.999,3536600.92227800,16679,549343858.00,2197365.01746600,0
2025-10-20 04:00:00,0.004035,0.004088,0.003997,0.004023,719913343.0,2025-10-20 04:59:59.999,2906507.35905200,13064,402702199.00,1626294.99927500,0
2025-10-20 05:00:00,0.004023,0.004125,0.004002,0.004069,717915410.0,2025-10-20 05:59:59.999,2921537.32780100,13482,374805382.00,1525603.58541200,0
2025-10-20 06:00:00,0.00407,0.004111,0.004032,0.004089,734096632.0,2025-10-20 06:59:59.999,2992894.60351700,12856,337726463.00,1377054.62603700,0
2025-10-20 07:00:00,0.004089,0.004159,0.004072,0.004078,1030562241.0,2025-10-20 07:59:59.999,4247588.81232200,17622,591073036.00,2435927.05330600,0
2025-10-20 08:00:00,0.004077,0.004086,0.00402,0.004066,533353460.0,2025-10-20 08:59:59.999,2157881.49524900,8377,264493409.00,1070051.93585600,0
2025-10-20 09:00:00,0.004066,0.004207,0.004066,0.004128,915933220.0,2025-10-20 09:59:59.999,3806681.25577700,17580,500541755.00,2081122.51956500,0
2025-10-20 10:00:00,0.004127,0.004152,0.004044,0.004089,469382778.0,2025-10-20 10:59:59.999,1922624.39681700,9369,245198916.00,1004406.48880200,0
2025-10-20 11:00:00,0.004089,0.004112,0.004038,0.004084,464742171.0,2025-10-20 11:59:59.999,1893762.44708700,9760,299489777.00,1220500.43132100,0
2025-10-20 12:00:00,0.004085,0.004093,0.004044,0.004068,395350905.0,2025-10-20 12:59:59.999,1607762.18129200,8178,229312600.00,932812.82810000,0
2025-10-20 13:00:00,0.004069,0.004084,0.004027,0.004057,331653320.0,2025-10-20 13:59:59.999,1344815.30276900,7089,192375735.00,780232.02564000,0
2025-10-20 14:00:00,0.004057,0.004074,0.004005,0.004042,455072259.0,2025-10-20 14:59:59.999,1839436.12420900,8160,246871261.00,998713.35327500,0
2025-10-20 15:00:00,0.004042,0.004065,0.003951,0.003952,478033073.0,2025-10-20 15:59:59.999,1915767.40115400,8459,209399752.00,840487.37916000,0
2025-10-20 16:00:00,0.003952,0.003963,0.003859,0.003891,1087235534.0,2025-10-20 16:59:59.999,4254881.21290600,16179,550376272.00,2154477.35127400,0
2025-10-20 17:00:00,0.003891,0.003922,0.003766,0.003803,957647442.0,2025-10-20 17:59:59.999,3662907.82008600,14875,451045570.00,1725982.20249900,0
2025-10-20 18:00:00,0.003803,0.003838,0.003763,0.00382,514983265.0,2025-10-20 18:59:59.999,1957134.85321300,8503,312248786.00,1186958.50852400,0
2025-10-20 19:00:00,0.00382,0.003839,0.0038,0.003828,377528502.0,2025-10-20 19:59:59.999,1441758.92566200,6221,204956809.00,783026.01773400,0
2025-10-20 20:00:00,0.003828,0.00389,0.003815,0.003861,367059859.0,2025-10-20 20:59:59.999,1413763.73400100,7087,225254421.00,867754.11041900,0
2025-10-20 21:00:00,0.00386,0.003895,0.003824,0.00384,345858707.0,2025-10-20 21:59:59.999,1333196.66250800,4188,156657264.00,603991.33760300,0
2025-10-20 22:00:00,0.00384,0.003881,0.003829,0.003868,298806574.0,2025-10-20 22:59:59.999,1150833.74540100,4318,181834032.00,700516.42657200,0
2025-10-20 23:00:00,0.003869,0.003877,0.003829,0.003876,241237702.0,2025-10-20 23:59:59.999,930063.07605800,4298,134654341.00,519098.89104300,0
2025-10-21 00:00:00,0.003875,0.003892,0.003844,0.003875,162276609.0,2025-10-21 00:59:59.999,626864.02360600,3550,83871042.00,324173.71747700,0
2025-10-21 01:00:00,0.003875,0.00389,0.003814,0.003837,276265067.0,2025-10-21 01:59:59.999,1063984.96858000,5339,133262266.00,513395.46433600,0
2025-10-21 02:00:00,0.003837,0.003837,0.003794,0.003813,420636768.0,2025-10-21 02:59:59.999,1604652.46803200,6501,184960858.00,705837.44349900,0
2025-10-21 03:00:00,0.003814,0.003825,0.003789,0.00381,184216403.0,2025-10-21 03:59:59.999,700868.87235800,3526,71099358.00,270574.16459100,0
2025-10-21 04:00:00,0.00381,0.003823,0.003711,0.003738,608570054.0,2025-10-21 04:59:59.999,2297051.83316500,11417,260407081.00,982359.77723200,0
2025-10-21 05:00:00,0.003738,0.003814,0.003718,0.003811,402997779.0,2025-10-21 05:59:59.999,1518624.28598400,7304,197674020.00,745331.09984800,0
2025-10-21 06:00:00,0.003811,0.003972,0.003802,0.00395,863650321.0,2025-10-21 06:59:59.999,3378045.84020400,13678,421945603.00,1648914.23897300,0
2025-10-21 07:00:00,0.00395,0.003981,0.003909,0.003975,734088047.0,2025-10-21 07:59:59.999,2893160.29604500,10927,368346222.00,1452177.17926800,0
2025-10-21 08:00:00,0.003975,0.003996,0.003879,0.003922,589150126.0,2025-10-21 08:59:59.999,2310336.48925100,8131,290081813.00,1139000.98932400,0
2025-10-21 09:00:00,0.003922,0.00396,0.003901,0.003912,298190027.0,2025-10-21 09:59:59.999,1170844.20057000,5314,151672102.00,595555.36278600,0
2025-10-21 10:00:00,0.003911,0.003927,0.003825,0.003896,760311498.0,2025-10-21 10:59:59.999,2952307.74746000,11757,478017037.00,1857234.33675600,0
2025-10-21 11:00:00,0.003895,0.003911,0.003866,0.0039,387543022.0,2025-10-21 11:59:59.999,1507446.29835300,6177,206107572.00,801771.85951500,0
2025-10-21 12:00:00,0.003901,0.003929,0.003826,0.003834,666917372.0,2025-10-21 12:59:59.999,2584228.69827600,10038,249433232.00,968072.35614200,0
2025-10-21 13:00:00,0.003834,0.003858,0.003788,0.00382,966861283.0,2025-10-21 13:59:59.999,3693827.18662300,14618,377277980.00,1440671.20562400,0
2025-10-21 14:00:00,0.003821,0.004038,0.003819,0.004029,1322421318.0,2025-10-21 14:59:59.999,5208422.62748200,19344,725535434.00,2854942.41070400,0
2025-10-21 15:00:00,0.004029,0.004113,0.003993,0.004111,1319049351.0,2025-10-21 15:59:59.999,5346769.23809100,21940,463557060.00,1879986.82862500,0
2025-10-21 16:00:00,0.004112,0.00416,0.00399,0.004016,1613892452.0,2025-10-21 16:59:59.999,6611846.82163100,20683,814009935.00,3342069.08405200,0
2025-10-21 17:00:00,0.004017,0.004088,0.003994,0.004036,720747957.0,2025-10-21 17:59:59.999,2913403.95815500,13501,377310431.00,1525321.52915000,0
2025-10-21 18:00:00,0.004036,0.004068,0.00399,0.004029,343944083.0,2025-10-21 18:59:59.999,1383371.85706700,7083,148687679.00,598379.08040000,0
2025-10-21 19:00:00,0.004028,0.004048,0.004006,0.004033,214479264.0,2025-10-21 19:59:59.999,864080.86329700,4024,110846592.00,446621.43115600,0
2025-10-21 20:00:00,0.004033,0.004044,0.003933,0.00394,461851996.0,2025-10-21 20:59:59.999,1837224.09651300,7883,214372688.00,852823.95752300,0
2025-10-21 21:00:00,0.003939,0.003975,0.003846,0.003921,583910209.0,2025-10-21 21:59:59.999,2277748.84324800,5967,287691982.00,1123002.31239300,0
2025-10-21 22:00:00,0.003921,0.00393,0.003773,0.003786,865332967.0,2025-10-21 22:59:59.999,3319902.14262400,13430,433892665.00,1666157.40713100,0
2025-10-21 23:00:00,0.003787,0.003796,0.003593,0.003697,1026142989.0,2025-10-21 23:59:59.999,3791369.19479500,14300,553308217.00,2042071.11642800,0
2025-10-22 00:00:00,0.003698,0.003725,0.003551,0.003598,1275906934.0,2025-10-22 00:59:59.999,4637459.01448800,18944,594329913.00,2160804.61798100,0
2025-10-22 01:00:00,0.003599,0.003643,0.003592,0.003634,559111005.0,2025-10-22 01:59:59.999,2023172.66418000,8334,342707269.00,1240128.04379300,0
2025-10-22 02:00:00,0.003634,0.003683,0.00363,0.003663,384833356.0,2025-10-22 02:59:59.999,1408464.47466500,6236,238001417.00,871111.20592900,0
2025-10-22 03:00:00,0.003664,0.003701,0.003642,0.003688,371195293.0,2025-10-22 03:59:59.999,1359150.42126100,5524,222257365.00,813983.78238200,0
2025-10-22 04:00:00,0.003687,0.003715,0.003673,0.003699,368121191.0,2025-10-22 04:59:59.999,1360468.92480100,9093,180882904.00,668509.90449200,0
2025-10-22 05:00:00,0.003698,0.003717,0.00362,0.003706,639166890.0,2025-10-22 05:59:59.999,2347128.75998600,12599,283272188.00,1041203.18113900,0
2025-10-22 06:00:00,0.003705,0.003705,0.003666,0.003687,526599056.0,2025-10-22 06:59:59.999,1940172.65061200,16274,212102639.00,781549.71278300,0
2025-10-22 07:00:00,0.003688,0.00374,0.003688,0.003709,338455842.0,2025-10-22 07:59:59.999,1254181.68386900,6295,185453387.00,687336.48061800,0
2025-10-22 08:00:00,0.003708,0.003741,0.00369,0.003738,243464597.0,2025-10-22 08:59:59.999,903838.48041200,4229,130349667.00,484219.16760200,0
2025-10-22 09:00:00,0.003738,0.003786,0.003707,0.003715,454021804.0,2025-10-22 09:59:59.999,1697192.82464100,8371,248987959.00,930973.28170200,0
2025-10-22 10:00:00,0.003714,0.003739,0.00368,0.003695,439977175.0,2025-10-22 10:59:59.999,1630822.63043500,6776,233169990.00,864518.79569100,0
2025-10-22 11:00:00,0.003696,0.003786,0.003648,0.003749,766321929.0,2025-10-22 11:59:59.999,2842016.28165400,13556,416366588.00,1544463.37676400,0
2025-10-22 12:00:00,0.003748,0.003767,0.003707,0.003729,389060242.0,2025-10-22 12:59:59.999,1456924.51928300,8386,181404707.00,679478.32480900,0
2025-10-22 13:00:00,0.00373,0.003784,0.003705,0.003782,619863610.0,2025-10-22 13:59:59.999,2315969.21068000,10883,341462248.00,1276202.37731800,0
2025-10-22 14:00:00,0.003782,0.003809,0.003689,0.003808,935809620.0,2025-10-22 14:59:59.999,3493328.01577300,16881,523343319.00,1955264.45544600,0
2025-10-22 15:00:00,0.003809,0.003828,0.003721,0.003775,659278125.0,2025-10-22 15:59:59.999,2481360.00183900,14519,314633537.00,1184277.92889700,0
2025-10-22 16:00:00,0.003774,0.003788,0.003708,0.003736,644182966.0,2025-10-22 16:59:59.999,2412241.36704100,11831,333349093.00,1248619.43958100,0
2025-10-22 17:00:00,0.003735,0.003741,0.003605,0.003616,2107704267.0,2025-10-22 17:59:59.999,7719095.05349900,16586,672896156.00,2477165.47103000,0
2025-10-22 18:00:00,0.003616,0.003634,0.003527,0.003564,1331102149.0,2025-10-22 18:59:59.999,4777026.71365300,15567,480408703.00,1722260.46194600,0
2025-10-22 19:00:00,0.003563,0.003672,0.003532,0.003573,1056946597.0,2025-10-22 19:59:59.999,3812134.82120500,15974,551976238.00,1993475.52216800,0
2025-10-22 20:00:00,0.003573,0.003598,0.003499,0.003516,849034135.0,2025-10-22 20:59:59.999,3005952.02717300,11795,376615261.00,1335476.82263700,0
2025-10-22 21:00:00,0.003515,0.00352,0.003419,0.003453,1428668497.0,2025-10-22 21:59:59.999,4944595.16141600,14227,689592791.00,2384117.71333300,0
2025-10-22 22:00:00,0.003452,0.003479,0.003413,0.00343,537576148.0,2025-10-22 22:59:59.999,1849445.90263900,6099,292236428.00,1005051.27039300,0
2025-10-22 23:00:00,0.003429,0.003518,0.003428,0.003462,561288877.0,2025-10-22 23:59:59.999,1950519.94311700,7741,308787866.00,1072912.36305000,0
2025-10-23 00:00:00,0.003462,0.003563,0.003447,0.003529,681549641.0,2025-10-23 00:59:59.999,2385573.19278800,8344,416547609.00,1458161.00785300,0
2025-10-23 01:00:00,0.003529,0.003569,0.00352,0.003552,549010330.0,2025-10-23 01:59:59.999,1949520.89269100,7072,293800034.00,1043125.60450600,0
2025-10-23 02:00:00,0.003552,0.003565,0.003531,0.003552,155068151.0,2025-10-23 02:59:59.999,550398.15692300,2770,81956888.00,290859.71191900,0
2025-10-23 03:00:00,0.003552,0.003575,0.003543,0.003548,187856019.0,2025-10-23 03:59:59.999,668424.86865100,2931,85544169.00,304477.64424200,0
2025-10-23 04:00:00,0.003549,0.003572,0.003523,0.00355,312512203.0,2025-10-23 04:59:59.999,1108179.00828600,4153,158632551.00,562495.91703700,0
2025-10-23 05:00:00,0.003551,0.003569,0.003527,0.003529,182306008.0,2025-10-23 05:59:59.999,647069.93965100,3460,88606386.00,314576.04562300,0
2025-10-23 06:00:00,0.00353,0.003731,0.003514,0.003697,1727958893.0,2025-10-23 06:59:59.999,6311320.40076400,18205,878290467.00,3208084.36595500,0
2025-10-23 07:00:00,0.003697,0.003705,0.003654,0.003675,626964384.0,2025-10-23 07:59:59.999,2305445.74235200,8201,403275895.00,1482942.66497100,0
2025-10-23 08:00:00,0.003675,0.003737,0.003665,0.003714,277088095.0,2025-10-23 08:59:59.999,1022694.88755100,4517,155526168.00,573911.78723800,0
2025-10-23 09:00:00,0.003714,0.003778,0.003687,0.003737,625055315.0,2025-10-23 09:59:59.999,2332037.61077700,8914,347808013.00,1297883.69481600,0
2025-10-23 10:00:00,0.003738,0.003783,0.00373,0.003745,368811463.0,2025-10-23 10:59:59.999,1385516.81476600,5697,172718556.00,648747.22082500,0
2025-10-23 11:00:00,0.003745,0.0038,0.003682,0.003689,865442674.0,2025-10-23 11:59:59.999,3234864.84826600,10614,430342698.00,1608560.55153200,0
2025-10-23 12:00:00,0.003689,0.003764,0.003659,0.003742,509073368.0,2025-10-23 12:59:59.999,1888906.83855400,8223,280026416.00,1039051.70980600,0
2025-10-23 13:00:00,0.003742,0.00384,0.003714,0.003805,1000958202.0,2025-10-23 13:59:59.999,3795833.21074700,17839,651364649.00,2470886.03621200,0
2025-10-23 14:00:00,0.003805,0.003836,0.003709,0.003772,1518629250.0,2025-10-23 14:59:59.999,5746476.22706100,17087,828461914.00,3133231.59780000,0
2025-10-23 15:00:00,0.003772,0.003834,0.003738,0.003807,610330048.0,2025-10-23 15:59:59.999,2312076.26893200,10759,368979969.00,1397770.56369100,0
2025-10-23 16:00:00,0.003808,0.003841,0.003768,0.00382,413733054.0,2025-10-23 16:59:59.999,1576845.34871300,8262,210747461.00,803345.09288100,0
2025-10-23 17:00:00,0.00382,0.003937,0.003773,0.003895,752942269.0,2025-10-23 17:59:59.999,2908684.00640500,13234,435722519.00,1683765.18295000,0
2025-10-23 18:00:00,0.003895,0.003897,0.003788,0.003835,396555702.0,2025-10-23 18:59:59.999,1517349.46421300,6554,204781336.00,783483.58910600,0
2025-10-23 19:00:00,0.003835,0.00384,0.003795,0.003801,258675795.0,2025-10-23 19:59:59.999,986878.60860300,4385,134043970.00,511366.44949200,0
2025-10-23 20:00:00,0.003801,0.003805,0.003744,0.003763,362246702.0,2025-10-23 20:59:59.999,1369737.75157100,5554,170896708.00,645870.84542100,0
2025-10-23 21:00:00,0.003763,0.003779,0.003753,0.003769,206146106.0,2025-10-23 21:59:59.999,776258.13309000,2794,113493698.00,427426.43280900,0
2025-10-23 22:00:00,0.003768,0.003862,0.003765,0.003836,479332774.0,2025-10-23 22:59:59.999,1829914.36109100,7907,276258979.00,1054422.93934800,0
2025-10-23 23:00:00,0.003835,0.003841,0.003796,0.003809,205103226.0,2025-10-23 23:59:59.999,781931.76781700,3885,100591052.00,383733.08528000,0
2025-10-24 00:00:00,0.003809,0.003851,0.003765,0.003834,473167746.0,2025-10-24 00:59:59.999,1801932.03947800,8109,257406254.00,980401.16914200,0
2025-10-24 01:00:00,0.003834,0.003842,0.003778,0.003809,231830066.0,2025-10-24 01:59:59.999,880818.12074400,4092,114566647.00,435353.30406500,0
2025-10-24 02:00:00,0.003808,0.003809,0.003755,0.003779,199634989.0,2025-10-24 02:59:59.999,755284.74828200,3802,102787230.00,389029.30356900,0
2025-10-24 03:00:00,0.003778,0.003779,0.003751,0.003769,149667062.0,2025-10-24 03:59:59.999,564195.43519100,2908,72348174.00,272707.75970500,0
2025-10-24 04:00:00,0.003768,0.004002,0.003755,0.003944,802989802.0,2025-10-24 04:59:59.999,3135148.89500200,15484,551211300.00,2153661.47060700,0
2025-10-24 05:00:00,0.003943,0.003961,0.003898,0.003935,467453805.0,2025-10-24 05:59:59.999,1836438.73396500,10350,254621370.00,1000641.20226100,0
2025-10-24 06:00:00,0.003935,0.004002,0.003914,0.003996,275815379.0,2025-10-24 06:59:59.999,1090643.15505200,6836,141274796.00,558971.07421600,0
2025-10-24 07:00:00,0.003996,0.004028,0.003956,0.004016,570633414.0,2025-10-24 07:59:59.999,2281113.19631600,11327,292633223.00,1170028.14118600,0
2025-10-24 08:00:00,0.004017,0.004128,0.00398,0.004091,1045214038.0,2025-10-24 08:59:59.999,4239266.53254800,16793,622863384.00,2526747.46066200,0
2025-10-24 09:00:00,0.00409,0.004189,0.004081,0.004147,1174010226.0,2025-10-24 09:59:59.999,4864365.86751800,20992,647279809.00,2681770.96406200,0
2025-10-24 10:00:00,0.004148,0.004174,0.004087,0.004092,677285662.0,2025-10-24 10:59:59.999,2792657.22252600,12631,329773516.00,1360430.43758800,0
2025-10-24 11:00:00,0.004091,0.00411,0.004035,0.004096,475517025.0,2025-10-24 11:59:59.999,1935708.29108100,9263,234298184.00,953766.22013200,0
2025-10-24 12:00:00,0.004097,0.004224,0.00409,0.004119,1037866504.0,2025-10-24 12:59:59.999,4314859.77638100,18962,535539252.00,2226592.15159600,0
2025-10-24 13:00:00,0.00412,0.004136,0.003988,0.00404,1090081557.0,2025-10-24 13:59:59.999,4432382.99936500,14970,449600292.00,1829057.87798400,0
2025-10-24 14:00:00,0.004039,0.004045,0.003976,0.00402,860124340.0,2025-10-24 14:59:59.999,3450751.91600400,14753,471096869.00,1890693.53289300,0
2025-10-24 15:00:00,0.004022,0.004034,0.003958,0.003982,455544820.0,2025-10-24 15:59:59.999,1821779.14923800,8548,243419347.00,973932.98663100,0
2025-10-24 16:00:00,0.003982,0.00403,0.003963,0.004018,400342332.0,2025-10-24 16:59:59.999,1599976.06984300,7370,221782763.00,886576.44576500,0
2025-10-24 17:00:00,0.004018,0.004077,0.004,0.004051,326098485.0,2025-10-24 17:59:59.999,1317176.25749700,6704,170891549.00,690477.14522900,0
2025-10-24 18:00:00,0.004051,0.004112,0.00404,0.004096,317619527.0,2025-10-24 18:59:59.999,1296054.04642600,6413,162561557.00,663440.25874500,0
2025-10-24 19:00:00,0.004097,0.004302,0.004097,0.004241,956909877.0,2025-10-24 19:59:59.999,4043504.79096700,20657,532828964.00,2248086.94176900,0
2025-10-24 20:00:00,0.00424,0.004267,0.004184,0.004209,506311867.0,2025-10-24 20:59:59.999,2140282.69455900,11075,198555956.00,839432.72726600,0
2025-10-24 21:00:00,0.004209,0.00422,0.004138,0.004178,436360683.0,2025-10-24 21:59:59.999,1822874.38669100,6012,236154449.00,986700.47813200,0
2025-10-24 22:00:00,0.004179,0.004194,0.004155,0.004169,177080645.0,2025-10-24 22:59:59.999,739194.66966000,3993,89294184.00,372725.83369700,0
2025-10-24 23:00:00,0.004169,0.00418,0.004149,0.004162,121077867.0,2025-10-24 23:59:59.999,504107.01347300,3032,69566454.00,289606.81175900,0
2025-10-25 00:00:00,0.004161,0.004161,0.004086,0.004104,188106154.0,2025-10-25 00:59:59.999,774342.74787700,4057,80795717.00,332500.34228600,0
2025-10-25 01:00:00,0.004105,0.004132,0.004093,0.004113,126401679.0,2025-10-25 01:59:59.999,519670.04290400,3139,57764035.00,237518.40876200,0
2025-10-25 02:00:00,0.004113,0.004208,0.00411,0.004162,275723922.0,2025-10-25 02:59:59.999,1150109.55532100,6835,143090639.00,596684.26654500,0
2025-10-25 03:00:00,0.004162,0.004168,0.004096,0.004099,230209181.0,2025-10-25 03:59:59.999,951552.15832400,4114,113451392.00,469259.59457400,0
2025-10-25 04:00:00,0.004098,0.004132,0.004098,0.004118,102885852.0,2025-10-25 04:59:59.999,423587.55399700,2551,59704626.00,245852.38232800,0
2025-10-25 05:00:00,0.004118,0.004118,0.004097,0.00411,108247124.0,2025-10-25 05:59:59.999,444426.39859200,2413,47315291.00,194313.61326600,0
2025-10-25 06:00:00,0.00411,0.004119,0.004095,0.004103,118809912.0,2025-10-25 06:59:59.999,487944.96802900,2761,52120001.00,214098.66576800,0
2025-10-25 07:00:00,0.004104,0.004144,0.004089,0.004097,175138061.0,2025-10-25 07:59:59.999,720327.50373100,4099,89644801.00,368935.15735500,0
2025-10-25 08:00:00,0.004097,0.004113,0.004038,0.004081,461430409.0,2025-10-25 08:59:59.999,1878432.67748900,6063,139251130.00,567563.25780900,0
2025-10-25 09:00:00,0.004081,0.004081,0.004008,0.00404,283072677.0,2025-10-25 09:59:59.999,1143786.60955200,5226,111248844.00,449476.99421100,0
2025-10-25 10:00:00,0.00404,0.004068,0.004025,0.00405,191854352.0,2025-10-25 10:59:59.999,777418.47496200,3525,112279241.00,455070.22640600,0
2025-10-25 11:00:00,0.004049,0.004061,0.00404,0.004056,96946695.0,2025-10-25 11:59:59.999,392742.23141400,2022,42791212.00,173399.47044500,0
2025-10-25 12:00:00,0.004055,0.004121,0.004052,0.004094,173413459.0,2025-10-25 12:59:59.999,709358.96911400,3682,105899795.00,433095.42732900,0
2025-10-25 13:00:00,0.004094,0.004103,0.004041,0.004064,201041648.0,2025-10-25 13:59:59.999,818906.19482200,3621,100685236.00,410505.02814500,0
2025-10-25 14:00:00,0.004064,0.004082,0.004033,0.004039,160701424.0,2025-10-25 14:59:59.999,651733.59858800,3167,72689779.00,294949.49315100,0
2025-10-25 15:00:00,0.00404,0.004043,0.004005,0.004025,166389152.0,2025-10-25 15:59:59.999,669660.80028200,3597,79553675.00,320150.10135300,0
2025-10-25 16:00:00,0.004026,0.00405,0.004016,0.004039,126130123.0,2025-10-25 16:59:59.999,508263.98299300,2933,57111120.00,230262.11073700,0
2025-10-25 17:00:00,0.004039,0.004053,0.004033,0.004037,71890825.0,2025-10-25 17:59:59.999,290595.89001900,1756,42024473.00,169889.84029100,0
2025-10-25 18:00:00,0.004036,0.004101,0.004034,0.004077,132451479.0,2025-10-25 18:59:59.999,539476.26692300,2829,66066158.00,268991.39739000,0
2025-10-25 19:00:00,0.004077,0.004127,0.004066,0.004115,157277321.0,2025-10-25 19:59:59.999,643409.62662400,3270,95008337.00,388751.90331300,0
2025-10-25 20:00:00,0.004116,0.004187,0.004102,0.004112,366910497.0,2025-10-25 20:59:59.999,1519098.72968500,5585,232847449.00,965361.75981400,0
2025-10-25 21:00:00,0.004113,0.004118,0.004082,0.004108,134362128.0,2025-10-25 21:59:59.999,550950.82823400,1985,59318448.00,243230.27034500,0
2025-10-25 22:00:00,0.004108,0.004252,0.004102,0.004242,365294061.0,2025-10-25 22:59:59.999,1531338.19326900,6164,228226462.00,955693.90151100,0
2025-10-25 23:00:00,0.004243,0.004244,0.00414,0.004142,263070957.0,2025-10-25 23:59:59.999,1100243.17565400,5755,116263963.00,486233.22481600,0
2025-10-26 00:00:00,0.004141,0.004161,0.004115,0.004124,200401021.0,2025-10-26 00:59:59.999,829324.19932100,4902,113455426.00,469612.29609600,0
2025-10-26 01:00:00,0.004123,0.004137,0.004089,0.004098,210482555.0,2025-10-26 01:59:59.999,866489.06837100,4353,108364961.00,446173.47668200,0
2025-10-26 02:00:00,0.004097,0.004169,0.004079,0.004145,589422691.0,2025-10-26 02:59:59.999,2426569.13994200,6744,438151687.00,1805285.77324900,0
2025-10-26 03:00:00,0.004144,0.004273,0.004123,0.004249,1204307589.0,2025-10-26 03:59:59.999,5063550.68303000,14374,818720814.00,3437406.70831100,0
2025-10-26 04:00:00,0.004248,0.004409,0.004228,0.004382,916317664.0,2025-10-26 04:59:59.999,3963599.29636100,17760,581010160.00,2516536.55262400,0
2025-10-26 05:00:00,0.004382,0.004465,0.004377,0.004439,942816742.0,2025-10-26 05:59:59.999,4167290.61012000,20132,576832572.00,2549476.46725200,0
2025-10-26 06:00:00,0.00444,0.004523,0.004378,0.004487,978258351.0,2025-10-26 06:59:59.999,4357619.29063700,21942,525554936.00,2342536.68539400,0
2025-10-26 07:00:00,0.004487,0.00454,0.004395,0.004411,685308159.0,2025-10-26 07:59:59.999,3051937.61771600,16255,304776590.00,1357081.53988100,0
2025-10-26 08:00:00,0.00441,0.004511,0.004375,0.00449,639590011.0,2025-10-26 08:59:59.999,2849113.67430400,13316,330256178.00,1471767.56793700,0
2025-10-26 09:00:00,0.004489,0.004579,0.004451,0.004565,819919201.0,2025-10-26 09:59:59.999,3705447.45749900,17927,432192279.00,1954402.87131400,0
2025-10-26 10:00:00,0.004565,0.004568,0.004491,0.0045,481058007.0,2025-10-26 10:59:59.999,2174409.94567500,10872,227059913.00,1026938.22925500,0
2025-10-26 11:00:00,0.0045,0.004808,0.004479,0.004764,1226853721.0,2025-10-26 11:59:59.999,5745704.22695200,31685,682862620.00,3198899.44446600,0
2025-10-26 12:00:00,0.004764,0.004802,0.004574,0.004598,1263768811.0,2025-10-26 12:59:59.999,5897848.16917100,22491,627708243.00,2927978.62128700,0
2025-10-26 13:00:00,0.004598,0.004666,0.004556,0.004661,596680906.0,2025-10-26 13:59:59.999,2751764.39847800,12266,338600377.00,1561791.65118000,0
2025-10-26 14:00:00,0.004661,0.004747,0.004573,0.004687,1180771914.0,2025-10-26 14:59:59.999,5507295.26302300,19723,829166563.00,3871092.79329800,0
2025-10-26 15:00:00,0.004688,0.004771,0.004653,0.004697,670299720.0,2025-10-26 15:59:59.999,3155046.20313700,15242,369390321.00,1738609.00815800,0
2025-10-26 16:00:00,0.004696,0.004762,0.004632,0.004728,622907553.0,2025-10-26 16:59:59.999,2922527.89336900,14132,315034649.00,1479177.96413800,0
2025-10-26 17:00:00,0.004727,0.004746,0.004653,0.004683,483646175.0,2025-10-26 17:59:59.999,2272487.29702900,11141,248408549.00,1167588.39398800,0
2025-10-26 18:00:00,0.004683,0.004698,0.004607,0.004627,271789364.0,2025-10-26 18:59:59.999,1267152.74455400,6548,149810648.00,698916.45481400,0
2025-10-26 19:00:00,0.004628,0.004636,0.004566,0.004611,300308754.0,2025-10-26 19:59:59.999,1381216.77419700,6706,137677381.00,633153.83591900,0
2025-10-26 20:00:00,0.00461,0.004678,0.004594,0.004635,221449083.0,2025-10-26 20:59:59.999,1024320.13092100,6060,117924862.00,545204.16480100,0
2025-10-26 21:00:00,0.004635,0.004697,0.004614,0.004696,250475308.0,2025-10-26 21:59:59.999,1164478.19589500,4805,145693376.00,677327.34340800,0
2025-10-26 22:00:00,0.004695,0.004805,0.004695,0.004745,785285292.0,2025-10-26 22:59:59.999,3735210.10456800,18754,401332837.00,1909506.55247100,0
2025-10-26 23:00:00,0.004745,0.004811,0.004717,0.004793,625129104.0,2025-10-26 23:59:59.999,2969180.02476600,11739,297136435.00,1411206.50763500,0
2025-10-27 00:00:00,0.004793,0.004844,0.00474,0.004817,837956939.0,2025-10-27 00:59:59.999,4021145.04229900,16048,422563682.00,2027423.79436500,0
2025-10-27 01:00:00,0.004817,0.004882,0.004758,0.004799,745703217.0,2025-10-27 01:59:59.999,3600372.27767600,14736,409244729.00,1977143.88867900,0
2025-10-27 02:00:00,0.0048,0.004817,0.004737,0.004777,517682443.0,2025-10-27 02:59:59.999,2471922.83747900,11154,247653889.00,1182843.47187400,0
2025-10-27 03:00:00,0.004777,0.004831,0.004762,0.004786,470959830.0,2025-10-27 03:59:59.999,2260889.77308800,9892,213342468.00,1024292.06944600,0
2025-10-27 04:00:00,0.004786,0.004965,0.004764,0.004934,759280825.0,2025-10-27 04:59:59.999,3695962.65757200,14359,429422389.00,2092685.12181800,0
2025-10-27 05:00:00,0.004935,0.004951,0.004744,0.004753,605988045.0,2025-10-27 05:59:59.999,2936108.69315500,14520,274978126.00,1333130.63932700,0
2025-10-27 06:00:00,0.004755,0.00483,0.004722,0.004803,803855150.0,2025-10-27 06:59:59.999,3849168.68277700,18490,494230825.00,2367349.22903100,0
2025-10-27 07:00:00,0.004802,0.004802,0.004658,0.004696,673637840.0,2025-10-27 07:59:59.999,3185037.08477400,13738,344230145.00,1628307.75628000,0
2025-10-27 08:00:00,0.004696,0.004696,0.004585,0.004593,892680314.0,2025-10-27 08:59:59.999,4133654.98127800,13905,405212080.00,1877263.90194100,0
2025-10-27 09:00:00,0.004592,0.004655,0.004526,0.004633,1088918974.0,2025-10-27 09:59:59.999,4990184.06419000,14788,370216602.00,1700544.02320000,0
2025-10-27 10:00:00,0.004633,0.004672,0.004596,0.004619,391973000.0,2025-10-27 10:59:59.999,1816641.45944700,9112,179665229.00,832832.01206900,0
2025-10-27 11:00:00,0.004619,0.004628,0.004565,0.004611,247841861.0,2025-10-27 11:59:59.999,1140084.36598500,5820,113409724.00,521748.34478000,0
2025-10-27 12:00:00,0.00461,0.004613,0.004554,0.004556,248086488.0,2025-10-27 12:59:59.999,1136016.61232900,5307,95865724.00,439077.09200800,0
2025-10-27 13:00:00,0.004557,0.004769,0.004543,0.004732,785969601.0,2025-10-27 13:59:59.999,3658435.48361500,15148,497715202.00,2320142.59800600,0
2025-10-27 14:00:00,0.004732,0.00484,0.004655,0.004758,1109197246.0,2025-10-27 14:59:59.999,5269633.80039800,22770,631783778.00,3005578.70386700,0
2025-10-27 15:00:00,0.004758,0.004771,0.004618,0.004681,618772003.0,2025-10-27 15:59:59.999,2891921.20736700,15871,317733580.00,1485286.53818100,0
2025-10-27 16:00:00,0.004681,0.004838,0.004666,0.004792,589302417.0,2025-10-27 16:59:59.999,2806806.32617200,16205,296823451.00,1414653.26251300,0
2025-10-27 17:00:00,0.004791,0.004968,0.004771,0.004919,1123503199.0,2025-10-27 17:59:59.999,5495432.39139700,25655,692691505.00,3387758.14128300,0
2025-10-27 18:00:00,0.004919,0.005086,0.004818,0.004824,1034071772.0,2025-10-27 18:59:59.999,5142404.48753800,27798,534631132.00,2660260.23496300,0
2025-10-27 19:00:00,0.004826,0.004855,0.004742,0.004779,881814868.0,2025-10-27 19:59:59.999,4225016.39691900,17617,519065612.00,2486637.19522700,0
2025-10-27 20:00:00,0.004778,0.004838,0.004731,0.004759,1795059700.0,2025-10-27 20:59:59.999,8588817.09985000,26703,799735902.00,3824210.32318000,0
2025-10-27 21:00:00,0.004759,0.004804,0.004739,0.004754,315152505.0,2025-10-27 21:59:59.999,1501928.56516800,6191,179960650.00,857646.06017500,0
2025-10-27 22:00:00,0.004754,0.004871,0.004744,0.004763,396208296.0,2025-10-27 22:59:59.999,1902779.19878900,10355,239863848.00,1152551.95059900,0
2025-10-27 23:00:00,0.004763,0.004795,0.004697,0.004782,286721741.0,2025-10-27 23:59:59.999,1359790.56510400,8762,138391001.00,656260.96062100,0
2025-10-28 00:00:00,0.004781,0.004821,0.004734,0.004812,298069688.0,2025-10-28 00:59:59.999,1422921.97250300,9553,160090322.00,764783.58936100,0
2025-10-28 01:00:00,0.004813,0.005055,0.004773,0.004984,813909380.0,2025-10-28 01:59:59.999,4005956.37932100,21428,396342739.00,1951675.56575600,0
2025-10-28 02:00:00,0.004984,0.005008,0.004821,0.004899,773315565.0,2025-10-28 02:59:59.999,3790387.91930000,20200,409235320.00,2007753.68900400,0
2025-10-28 03:00:00,0.004899,0.004965,0.004832,0.004855,687750027.0,2025-10-28 03:59:59.999,3373417.49772900,19233,362626113.00,1779305.67474100,0
2025-10-28 04:00:00,0.004854,0.004924,0.004797,0.004812,591599638.0,2025-10-28 04:59:59.999,2865319.58058900,14797,257538928.00,1249965.81324800,0
2025-10-28 05:00:00,0.004811,0.004844,0.004668,0.004693,524034480.0,2025-10-28 05:59:59.999,2488289.42725900,13875,217949395.00,1035950.00304100,0
2025-10-28 06:00:00,0.004693,0.004866,0.004683,0.004857,470256072.0,2025-10-28 06:59:59.999,2244937.98961400,14721,271333384.00,1296646.71020500,0
2025-10-28 07:00:00,0.004858,0.004981,0.004853,0.004901,635711654.0,2025-10-28 07:59:59.999,3128898.05648600,17800,343509194.00,1691702.36920000,0
2025-10-28 08:00:00,0.004901,0.005047,0.004896,0.004984,865188313.0,2025-10-28 08:59:59.999,4312718.09101800,20279,508916195.00,2536440.86666300,0
2025-10-28 09:00:00,0.004984,0.005043,0.004923,0.004954,738716170.0,2025-10-28 09:59:59.999,3678385.66340000,17852,299918921.00,1494498.51780700,0
2025-10-28 10:00:00,0.004955,0.005109,0.004933,0.005105,566388360.0,2025-10-28 10:59:59.999,2838792.49826300,13356,330533913.00,1656514.06784000,0
2025-10-28 11:00:00,0.005104,0.005184,0.004997,0.005071,973562443.0,2025-10-28 11:59:59.999,4956840.96736200,24438,483672280.00,2463444.57598200,0
2025-10-28 12:00:00,0.00507,0.005171,0.00499,0.005092,899349784.0,2025-10-28 12:59:59.999,4557732.96930700,22752,500999052.00,2540232.38617900,0
2025-10-28 13:00:00,0.005092,0.005199,0.005003,0.005056,1206407417.0,2025-10-28 13:59:59.999,6142038.11896000,31387,622715934.00,3169438.24083400,0
2025-10-28 14:00:00,0.005055,0.005078,0.004825,0.004915,1377633602.0,2025-10-28 14:59:59.999,6812591.09193000,33429,670526998.00,3315400.08480000,0
2025-10-28 15:00:00,0.004915,0.004948,0.004773,0.004811,1474725587.0,2025-10-28 15:59:59.999,7121197.94543700,24673,853961530.00,4118151.87802700,0
2025-10-28 16:00:00,0.00481,0.004838,0.004754,0.004794,1267498238.0,2025-10-28 16:59:59.999,6070835.96522900,24573,643754268.00,3083287.30003000,0
2025-10-28 17:00:00,0.004795,0.004849,0.004762,0.00477,494556763.0,2025-10-28 17:59:59.999,2376068.90129500,14412,262923047.00,1263016.14807100,0
2025-10-28 18:00:00,0.004769,0.004831,0.004686,0.004754,692219300.0,2025-10-28 18:59:59.999,3287807.35731900,15915,379236913.00,1802826.42210700,0
2025-10-28 19:00:00,0.004754,0.004759,0.004591,0.004604,1112682361.0,2025-10-28 19:59:59.999,5174982.62838000,22955,557396659.00,2592957.69209600,0
2025-10-28 20:00:00,0.004604,0.004627,0.004452,0.004574,2077421682.0,2025-10-28 20:59:59.999,9437590.56890800,38295,999760922.00,4543021.64267500,0
2025-10-28 21:00:00,0.004574,0.004614,0.004498,0.004598,750769346.0,2025-10-28 21:59:59.999,3416710.79043400,15652,399929404.00,1820550.54918400,0
2025-10-28 22:00:00,0.004598,0.004696,0.004566,0.004657,640141805.0,2025-10-28 22:59:59.999,2968842.19378300,15467,374983440.00,1739154.87251600,0
2025-10-28 23:00:00,0.004656,0.004656,0.004608,0.004623,353824640.0,2025-10-28 23:59:59.999,1637918.32119300,8557,138741869.00,642276.05633800,0
2025-10-29 00:00:00,0.004623,0.004628,0.004564,0.004575,452758363.0,2025-10-29 00:59:59.999,2081372.75002100,11491,200430433.00,920988.90301000,0
2025-10-29 01:00:00,0.004575,0.004676,0.00455,0.004669,755209914.0,2025-10-29 01:59:59.999,3481790.78128200,14946,331795878.00,1531566.88183100,0
2025-10-29 02:00:00,0.004669,0.004768,0.004622,0.004696,906833804.0,2025-10-29 02:59:59.999,4258672.95586400,18491,523207495.00,2457498.88856200,0
2025-10-29 03:00:00,0.004695,0.004762,0.004622,0.004746,925356241.0,2025-10-29 03:59:59.999,4346657.31803400,15931,513432728.00,2410762.91563400,0
2025-10-29 04:00:00,0.004746,0.004891,0.004733,0.00487,590162108.0,2025-10-29 04:59:59.999,2838766.89576700,14674,341354369.00,1641275.64854500,0
2025-10-29 05:00:00,0.004869,0.004969,0.004865,0.004951,921057337.0,2025-10-29 05:59:59.999,4536853.91048600,20436,539771905.00,2660050.77412700,0
2025-10-29 06:00:00,0.00495,0.00495,0.004811,0.004862,1475134717.0,2025-10-29 06:59:59.999,7161178.35471400,35328,383368018.00,1864897.54806800,0
2025-10-29 07:00:00,0.004863,0.004933,0.004803,0.004908,573851872.0,2025-10-29 07:59:59.999,2784930.34982000,18431,221740876.00,1077089.46098600,0
2025-10-29 08:00:00,0.004908,0.004937,0.004844,0.004879,436396381.0,2025-10-29 08:59:59.999,2134314.32438000,12368,165483648.00,810082.38652400,0
2025-10-29 09:00:00,0.00488,0.004895,0.004795,0.004856,271162189.0,2025-10-29 09:59:59.999,1312719.02072100,7276,131112991.00,634721.50534900,0
2025-10-29 10:00:00,0.004856,0.00496,0.004819,0.004928,285231644.0,2025-10-29 10:59:59.999,1397173.40812600,10331,154762872.00,758412.09542300,0
2025-10-29 11:00:00,0.004928,0.005043,0.004894,0.005017,684132337.0,2025-10-29 11:59:59.999,3414593.29149800,16121,325815511.00,1626706.09252600,0
2025-10-29 12:00:00,0.005016,0.005088,0.00498,0.005029,320517080.0,2025-10-29 12:59:59.999,1609646.36025100,9518,177873100.00,893385.07198700,0
2025-10-29 13:00:00,0.005029,0.005101,0.004932,0.005034,847551946.0,2025-10-29 13:59:59.999,4246165.25049300,16134,417492710.00,2091805.20670500,0
2025-10-29 14:00:00,0.005033,0.005076,0.004953,0.005004,899710011.0,2025-10-29 14:59:59.999,4508867.07360600,18567,409172627.00,2051761.90510400,0
2025-10-29 15:00:00,0.005005,0.005027,0.004823,0.00487,1050126432.0,2025-10-29 15:59:59.999,5161143.38804700,23509,524984894.00,2579518.43797700,0
2025-10-29 16:00:00,0.004869,0.005008,0.004842,0.004921,1075085383.0,2025-10-29 16:59:59.999,5307744.48305000,22175,505367080.00,2493000.50332300,0
2025-10-29 17:00:00,0.00492,0.005072,0.004897,0.005038,671648840.0,2025-10-29 17:59:59.999,3336588.56150800,16819,351158489.00,1743982.77386100,0
2025-10-29 18:00:00,0.005038,0.00505,0.004698,0.004985,2822851974.0,2025-10-29 18:59:59.999,13781742.93121700,69371,1476143910.00,7211553.29802500,0
2025-10-29 19:00:00,0.004984,0.005338,0.004982,0.005192,1576452726.0,2025-10-29 19:59:59.999,8127218.33409100,46634,869782027.00,4483874.72906200,0
2025-10-29 20:00:00,0.005193,0.00545,0.00512,0.005443,1421031819.0,2025-10-29 20:59:59.999,7524546.13853500,38745,829452653.00,4397352.14859400,0
2025-10-29 21:00:00,0.005441,0.005485,0.005305,0.005337,892899889.0,2025-10-29 21:59:59.999,4808244.60028500,22781,465473655.00,2507488.77876100,0
2025-10-29 22:00:00,0.005337,0.005377,0.005273,0.005293,447341375.0,2025-10-29 22:59:59.999,2379011.16222100,14930,232007880.00,1234224.82097300,0
2025-10-29 23:00:00,0.005292,0.005338,0.005205,0.005225,918517285.0,2025-10-29 23:59:59.999,4845087.30583700,23072,478173420.00,2524427.20750700,0
2025-10-30 00:00:00,0.005226,0.005281,0.005129,0.005276,701609841.0,2025-10-30 00:59:59.999,3662786.67552600,19985,341724662.00,1784776.92497800,0
2025-10-30 01:00:00,0.005275,0.00529,0.005184,0.00525,478408616.0,2025-10-30 01:59:59.999,2500883.06475700,16228,239361406.00,1251835.10313300,0
2025-10-30 02:00:00,0.005249,0.00537,0.005209,0.00535,560084375.0,2025-10-30 02:59:59.999,2965130.78477100,17204,299858374.00,1588483.54928500,0
2025-10-30 03:00:00,0.005351,0.005412,0.00527,0.005292,585640205.0,2025-10-30 03:59:59.999,3130449.04588900,17776,319985602.00,1710341.18972000,0
2025-10-30 04:00:00,0.005293,0.0053,0.00505,0.005078,1980581594.0,2025-10-30 04:59:59.999,10229640.75935000,45181,908171097.00,4691755.31913900,0
2025-10-30 05:00:00,0.005078,0.005127,0.00495,0.005079,1598690412.0,2025-10-30 05:59:59.999,8071860.85526500,32958,688726956.00,3479773.76800800,0
2025-10-30 06:00:00,0.005078,0.005084,0.004917,0.004957,716380906.0,2025-10-30 06:59:59.999,3568316.70790900,20042,308755563.00,1537237.62987900,0
2025-10-30 07:00:00,0.004957,0.00519,0.004954,0.005126,900730420.0,2025-10-30 07:59:59.999,4594288.18276500,20752,488769661.00,2491284.35102900,0
2025-10-30 08:00:00,0.005127,0.005132,0.005012,0.005015,434983421.0,2025-10-30 08:59:59.999,2207148.10751600,11483,189164690.00,959888.42102900,0
2025-10-30 09:00:00,0.005016,0.00504,0.004925,0.004937,707368811.0,2025-10-30 09:59:59.999,3510499.98765200,16906,264296568.00,1313800.52773400,0
2025-10-30 10:00:00,0.004938,0.004943,0.004858,0.00493,758367964.0,2025-10-30 10:59:59.999,3711978.01912600,17047,310437082.00,1521249.87053500,0
2025-10-30 11:00:00,0.00493,0.00496,0.004845,0.004858,580218940.0,2025-10-30 11:59:59.999,2844955.71255700,11389,238079111.00,1167842.04928500,0
2025-10-30 12:00:00,0.004859,0.004874,0.00465,0.004735,1634031312.0,2025-10-30 12:59:59.999,7774997.09458000,27294,625435731.00,2976095.20421200,0
2025-10-30 13:00:00,0.004734,0.004785,0.004586,0.004608,1658182976.0,2025-10-30 13:59:59.999,7744657.30997000,29448,820195234.00,3833378.93957200,0
2025-10-30 14:00:00,0.004607,0.004729,0.004584,0.004625,1195193696.0,2025-10-30 14:59:59.999,5551009.28036400,23120,753866018.00,3505389.27719200,0
2025-10-30 15:00:00,0.004625,0.004635,0.004287,0.004297,2638146262.0,2025-10-30 15:59:59.999,11636779.25532000,42176,1076035449.00,4742804.42825700,0
2025-10-30 16:00:00,0.004296,0.004479,0.004252,0.004462,1264025512.0,2025-10-30 16:59:59.999,5529987.14528700,24498,633781535.00,2773496.11112700,0
2025-10-30 17:00:00,0.004461,0.004462,0.004183,0.004317,1435622441.0,2025-10-30 17:59:59.999,6173601.58700600,29386,788011058.00,3386232.61031900,0
2025-10-30 18:00:00,0.004319,0.004341,0.004218,0.004228,786869018.0,2025-10-30 18:59:59.999,3363786.08466400,16948,385066862.00,1645957.73511200,0
2025-10-30 19:00:00,0.004228,0.004303,0.004118,0.004189,2212342169.0,2025-10-30 19:59:59.999,9284921.63424600,31989,1212165585.00,5085432.52854400,0
2025-10-30 20:00:00,0.004189,0.00438,0.004175,0.004358,1332933324.0,2025-10-30 20:59:59.999,5724147.85990100,23076,720179307.00,3093462.84403000,0
2025-10-30 21:00:00,0.004357,0.004431,0.004311,0.004425,1017640838.0,2025-10-30 21:59:59.999,4459498.89775700,13415,483383899.00,2117511.99615200,0
2025-10-30 22:00:00,0.004424,0.004468,0.004368,0.004403,672047131.0,2025-10-30 22:59:59.999,2960470.75782300,14077,318739120.00,1404390.72793900,0
2025-10-30 23:00:00,0.004403,0.004439,0.004363,0.004414,630808803.0,2025-10-30 23:59:59.999,2777637.81460600,11668,293155143.00,1290352.82476000,0
2025-10-31 00:00:00,0.004415,0.004474,0.004342,0.004423,934652784.0,2025-10-31 00:59:59.999,4109788.74264200,14197,445117603.00,1961048.01221800,0
2025-10-31 01:00:00,0.004423,0.004514,0.004412,0.004444,899543649.0,2025-10-31 01:59:59.999,4022734.43195200,16523,540363307.00,2417739.77663700,0
2025-10-31 02:00:00,0.004443,0.004449,0.004332,0.00435,414914112.0,2025-10-31 02:59:59.999,1817091.90308900,9146,225439839.00,987878.22704700,0
2025-10-31 03:00:00,0.004351,0.004442,0.004319,0.004437,346049990.0,2025-10-31 03:59:59.999,1513250.23624100,8209,194560687.00,850294.45550200,0
2025-10-31 04:00:00,0.004438,0.004545,0.004425,0.004466,636274905.0,2025-10-31 04:59:59.999,2854334.00212500,15686,373240890.00,1674718.25574100,0
2025-10-31 05:00:00,0.004466,0.004466,0.004355,0.004363,464151592.0,2025-10-31 05:59:59.999,2048015.27937900,11295,179448647.00,792048.98063200,0
2025-10-31 06:00:00,0.004364,0.004381,0.004266,0.004309,484166079.0,2025-10-31 06:59:59.999,2093330.58512500,10440,244412769.00,1055752.76538100,0
2025-10-31 07:00:00,0.00431,0.004383,0.004278,0.004326,882060849.0,2025-10-31 07:59:59.999,3811932.94102100,16130,481172417.00,2081780.18891400,0
2025-10-31 08:00:00,0.004325,0.004494,0.00427,0.004476,996603003.0,2025-10-31 08:59:59.999,4345469.91207900,17539,613059616.00,2675952.78538600,0
2025-10-31 09:00:00,0.004476,0.004518,0.004398,0.00447,1189936869.0,2025-10-31 09:59:59.999,5309890.96366000,20087,621447420.00,2775016.78201700,0
2025-10-31 10:00:00,0.004471,0.004499,0.004419,0.004421,384524850.0,2025-10-31 10:59:59.999,1714161.87420500,7598,196153293.00,874632.53615800,0
2025-10-31 11:00:00,0.004422,0.004485,0.004373,0.004435,625880186.0,2025-10-31 11:59:59.999,2769925.27012100,13793,366848758.00,1625401.45339400,0
2025-10-31 12:00:00,0.004435,0.004468,0.004288,0.004312,1086442395.0,2025-10-31 12:59:59.999,4739856.15720300,20432,424273375.00,1852503.15609000,0
2025-10-31 13:00:00,0.004312,0.004414,0.004294,0.004336,815754897.0,2025-10-31 13:59:59.999,3545052.51316400,15972,367848757.00,1600432.63172300,0
2025-10-31 14:00:00,0.004337,0.00448,0.004307,0.004461,961231356.0,2025-10-31 14:59:59.999,4238155.07681700,20136,571660013.00,2522893.70416300,0
2025-10-31 15:00:00,0.004461,0.004524,0.004387,0.004406,743574103.0,2025-10-31 15:59:59.999,3313968.94569200,17465,336178454.00,1498652.66917400,0
2025-10-31 16:00:00,0.004405,0.004424,0.004264,0.00428,778101221.0,2025-10-31 16:59:59.999,3374070.87181700,16057,357274627.00,1549822.19723700,0
2025-10-31 17:00:00,0.004279,0.004318,0.00416,0.004222,1195325520.0,2025-10-31 17:59:59.999,5054232.90419800,22786,604225260.00,2555803.23885300,0
2025-10-31 18:00:00,0.004222,0.004372,0.004222,0.004307,1044879904.0,2025-10-31 18:59:59.999,4496669.15523900,20731,592389619.00,2549785.30240400,0
2025-10-31 19:00:00,0.004306,0.004706,0.004249,0.004697,1498421212.0,2025-10-31 19:59:59.999,6741189.15981100,28409,888988419.00,4011573.49976200,0
2025-10-31 20:00:00,0.004696,0.004703,0.004565,0.004617,953552901.0,2025-10-31 20:59:59.999,4426267.56560600,21732,417310172.00,1937686.48365600,0
2025-10-31 21:00:00,0.004617,0.004718,0.004567,0.004674,680187797.0,2025-10-31 21:59:59.999,3161816.80419700,11337,335389957.00,1560023.22433300,0
2025-10-31 22:00:00,0.004674,0.004773,0.004636,0.004683,733909413.0,2025-10-31 22:59:59.999,3450610.79049400,16435,359852908.00,1691197.34065600,0
2025-10-31 23:00:00,0.004682,0.004711,0.004605,0.004614,447372212.0,2025-10-31 23:59:59.999,2082361.42682000,9603,230565165.00,1073738.71609300,0
2025-11-01 00:00:00,0.004614,0.004734,0.004585,0.004712,521303943.0,2025-11-01 00:59:59.999,2424005.12831900,12268,255696616.00,1190217.61880200,0
2025-11-01 01:00:00,0.004712,0.004757,0.004556,0.00457,852102907.0,2025-11-01 01:59:59.999,3956484.59367500,14880,399549273.00,1854884.46842000,0
2025-11-01 02:00:00,0.004571,0.004582,0.004487,0.004575,916361206.0,2025-11-01 02:59:59.999,4159494.09678900,15312,525952929.00,2390634.03074200,0
2025-11-01 03:00:00,0.004576,0.004674,0.004565,0.004614,530505131.0,2025-11-01 03:59:59.999,2452692.68722900,11065,298173025.00,1378530.67750700,0
2025-11-01 04:00:00,0.004614,0.00462,0.004527,0.004575,468906186.0,2025-11-01 04:59:59.999,2143202.75392800,9192,229536491.00,1049383.91314500,0
2025-11-01 05:00:00,0.004574,0.004623,0.004551,0.004566,426953660.0,2025-11-01 05:59:59.999,1957867.47281100,8841,196930641.00,903354.91731900,0
2025-11-01 06:00:00,0.004566,0.004577,0.004508,0.004537,587821034.0,2025-11-01 06:59:59.999,2666078.25387800,13592,312391320.00,1417335.46551800,0
2025-11-01 07:00:00,0.004538,0.004607,0.00451,0.004583,323941064.0,2025-11-01 07:59:59.999,1480530.69680800,10606,189220836.00,865572.27773900,0
2025-11-01 08:00:00,0.004582,0.004624,0.004543,0.004583,436952703.0,2025-11-01 08:59:59.999,2001138.92367100,10515,259279820.00,1187768.99344300,0
2025-11-01 09:00:00,0.004583,0.004588,0.004427,0.004471,447368533.0,2025-11-01 09:59:59.999,2010329.27790300,10641,204425101.00,918760.00713100,0
2025-11-01 10:00:00,0.004472,0.004493,0.004454,0.004482,197840934.0,2025-11-01 10:59:59.999,884845.78035500,6232,96253273.00,430666.74957700,0
2025-11-01 11:00:00,0.004482,0.004568,0.004482,0.004533,260109667.0,2025-11-01 11:59:59.999,1175793.60750000,6919,161392171.00,729256.71035800,0
2025-11-01 12:00:00,0.004532,0.004668,0.004532,0.004634,454834801.0,2025-11-01 12:59:59.999,2101503.23158300,12619,230652594.00,1065904.88958100,0
2025-11-01 13:00:00,0.004634,0.004683,0.004587,0.004587,493532371.0,2025-11-01 13:59:59.999,2285893.40875100,12172,253031121.00,1172324.18539200,0
2025-11-01 14:00:00,0.004588,0.00461,0.004466,0.004495,559178116.0,2025-11-01 14:59:59.999,2526326.86582800,15334,246674879.00,1114940.30252700,0
2025-11-01 15:00:00,0.004496,0.004605,0.004447,0.004517,772171522.0,2025-11-01 15:59:59.999,3484885.52796100,17434,387966448.00,1752878.19891400,0
2025-11-01 16:00:00,0.004517,0.00464,0.004492,0.004628,663393789.0,2025-11-01 16:59:59.999,3019916.04083400,14411,405712658.00,1845827.25774300,0
2025-11-01 17:00:00,0.004628,0.004628,0.00454,0.004561,510197304.0,2025-11-01 17:59:59.999,2335138.08311100,13594,216453636.00,990384.73396300,0
2025-11-01 18:00:00,0.004561,0.00465,0.004543,0.004631,305367024.0,2025-11-01 18:59:59.999,1404944.22742200,8145,180165285.00,829338.26663300,0
2025-11-01 19:00:00,0.004631,0.004631,0.004572,0.004597,233520821.0,2025-11-01 19:59:59.999,1072853.38816700,6136,123596678.00,567694.43486700,0
2025-11-01 20:00:00,0.004597,0.004658,0.004587,0.004623,190528104.0,2025-11-01 20:59:59.999,880855.14700700,7861,96409337.00,445898.38144000,0
2025-11-01 21:00:00,0.004623,0.004633,0.004495,0.0045,340528195.0,2025-11-01 21:59:59.999,1549451.35617300,6944,159483028.00,724853.24052700,0
2025-11-01 22:00:00,0.0045,0.004625,0.00448,0.004625,351451365.0,2025-11-01 22:59:59.999,1595280.95955200,8645,212757499.00,965852.90913300,0
2025-11-01 23:00:00,0.004624,0.004687,0.004605,0.004659,344563010.0,2025-11-01 23:59:59.999,1603324.46138600,10232,146277620.00,680596.97128900,0
2025-11-02 00:00:00,0.004659,0.004665,0.004603,0.004627,307945452.0,2025-11-02 00:59:59.999,1427098.49444000,9561,155401062.00,720229.07372000,0
2025-11-02 01:00:00,0.004627,0.004696,0.004612,0.004657,358842229.0,2025-11-02 01:59:59.999,1668881.64466800,8176,197084082.00,916981.42201300,0
2025-11-02 02:00:00,0.004656,0.004738,0.004607,0.004656,344918754.0,2025-11-02 02:59:59.999,1608213.59505400,10858,162062766.00,756089.10787800,0
2025-11-02 03:00:00,0.004657,0.004739,0.004626,0.004717,345578971.0,2025-11-02 03:59:59.999,1613251.76648900,10098,221438864.00,1034163.95218200,0
2025-11-02 04:00:00,0.004716,0.004826,0.004691,0.004798,823787810.0,2025-11-02 04:59:59.999,3920057.48850300,17068,486806265.00,2316053.44214300,0
2025-11-02 05:00:00,0.004799,0.004802,0.004652,0.004694,625971546.0,2025-11-02 05:59:59.999,2947013.99603300,13717,350183278.00,1647399.04227800,0
2025-11-02 06:00:00,0.004694,0.004708,0.004617,0.004667,370081851.0,2025-11-02 06:59:59.999,1723396.69500600,9570,189578482.00,883109.60075600,0
2025-11-02 07:00:00,0.004666,0.00473,0.004616,0.004688,378504689.0,2025-11-02 07:59:59.999,1760346.73413600,8779,211812619.00,985300.81291400,0
2025-11-02 08:00:00,0.004689,0.004697,0.004546,0.00457,747841982.0,2025-11-02 08:59:59.999,3450873.39297400,13103,229825010.00,1059581.07519700,0
2025-11-02 09:00:00,0.004569,0.004582,0.004475,0.004499,701887465.0,2025-11-02 09:59:59.999,3174662.76290600,13151,349954031.00,1582365.50642000,0
2025-11-02 10:00:00,0.004499,0.004513,0.00444,0.004464,413397661.0,2025-11-02 10:59:59.999,1848460.70624100,10167,199815444.00,893653.79883900,0
2025-11-02 11:00:00,0.004464,0.004556,0.004461,0.004555,275308421.0,2025-11-02 11:59:59.999,1243442.30519900,8367,167998269.00,758825.66000900,0
2025-11-02 12:00:00,0.004555,0.004566,0.00451,0.004538,491676545.0,2025-11-02 12:59:59.999,2228359.39889900,11375,249035825.00,1129107.28413900,0
2025-11-02 13:00:00,0.004539,0.004551,0.004461,0.004481,453904742.0,2025-11-02 13:59:59.999,2046008.73309500,10694,177687814.00,800448.90968900,0
2025-11-02 14:00:00,0.004481,0.004503,0.004282,0.004324,1464116672.0,2025-11-02 14:59:59.999,6381781.08534200,25308,721793717.00,3146029.36918100,0
2025-11-02 15:00:00,0.004324,0.004382,0.004307,0.004307,647608106.0,2025-11-02 15:59:59.999,2817032.69187200,12142,301444866.00,1310870.09228700,0
2025-11-02 16:00:00,0.004307,0.004323,0.00421,0.004268,857658262.0,2025-11-02 16:59:59.999,3650647.61942800,18802,383789956.00,1633460.41526500,0
2025-11-02 17:00:00,0.004269,0.004288,0.00424,0.004276,445546476.0,2025-11-02 17:59:59.999,1899651.12856300,10366,260540004.00,1111000.15179300,0
2025-11-02 18:00:00,0.004276,0.004306,0.004255,0.004281,250800877.0,2025-11-02 18:59:59.999,1073248.32801600,7031,137198045.00,587103.94828200,0
2025-11-02 19:00:00,0.00428,0.004292,0.004215,0.004261,379986694.0,2025-11-02 19:59:59.999,1612759.69347800,9572,190286167.00,807931.56973000,0
2025-11-02 20:00:00,0.004261,0.004279,0.004237,0.004268,110922250.0,2025-11-02 20:59:59.999,472352.59891800,3813,48664270.00,207221.06351700,0
2025-11-02 21:00:00,0.004269,0.004313,0.004256,0.004287,140343276.0,2025-11-02 21:59:59.999,600908.92457100,4460,87225608.00,373571.51517200,0
2025-11-02 22:00:00,0.004288,0.00429,0.004234,0.004256,156594844.0,2025-11-02 22:59:59.999,667155.34924000,3757,81916762.00,348930.41491400,0
2025-11-02 23:00:00,0.004256,0.004384,0.004255,0.004357,524406388.0,2025-11-02 23:59:59.999,2274652.70931200,11251,316721092.00,1374270.40906900,0
2025-11-03 00:00:00,0.004356,0.004374,0.004245,0.004246,317058428.0,2025-11-03 00:59:59.999,1369363.81599400,8544,139199827.00,601799.29839300,0
2025-11-03 01:00:00,0.004246,0.004272,0.004179,0.004218,489492664.0,2025-11-03 01:59:59.999,2066508.71346200,10602,207974816.00,878499.05677800,0
2025-11-03 02:00:00,0.004218,0.004244,0.00413,0.004196,856287021.0,2025-11-03 02:59:59.999,3582366.70344300,16171,424209874.00,1776190.70800300,0
2025-11-03 03:00:00,0.004195,0.004243,0.00415,0.004169,982792436.0,2025-11-03 03:59:59.999,4118216.68190200,22054,578411999.00,2424095.02009400,0
2025-11-03 04:00:00,0.004169,0.004187,0.004107,0.004147,446003946.0,2025-11-03 04:59:59.999,1848957.44698300,12988,212934062.00,883448.94368200,0
2025-11-03 05:00:00,0.004149,0.004253,0.004128,0.00415,422760075.0,2025-11-03 05:59:59.999,1772207.68023900,11222,256532083.00,1074858.90107500,0
2025-11-03 06:00:00,0.004149,0.004164,0.004045,0.004112,747382991.0,2025-11-03 06:59:59.999,3059954.64683200,16679,343484789.00,1407800.45158300,0
2025-11-03 07:00:00,0.004111,0.004215,0.004087,0.004184,323001958.0,2025-11-03 07:59:59.999,1342965.65077200,10623,185995774.00,773705.42637000,0
2025-11-03 08:00:00,0.004185,0.00427,0.004137,0.004206,638723486.0,2025-11-03 08:59:59.999,2682369.71437400,16136,389914578.00,1636739.13201000,0
2025-11-03 09:00:00,0.004205,0.00426,0.004085,0.004101,633644964.0,2025-11-03 09:59:59.999,2638786.71393000,14356,256042539.00,1066912.16285200,0
2025-11-03 10:00:00,0.004102,0.004136,0.004049,0.004093,675424051.0,2025-11-03 10:59:59.999,2764218.76888500,11967,358727074.00,1469095.20569600,0
2025-11-03 11:00:00,0.004094,0.004169,0.004092,0.004104,290620316.0,2025-11-03 11:59:59.999,1199840.10192500,10076,143421369.00,592577.87982400,0
2025-11-03 12:00:00,0.004103,0.004165,0.004071,0.004079,278193348.0,2025-11-03 12:59:59.999,1143430.39563100,7457,147319305.00,605741.14574800,0
2025-11-03 13:00:00,0.004078,0.004149,0.004016,0.004114,584137871.0,2025-11-03 13:59:59.999,2380650.22537400,13157,290928282.00,1187208.21093800,0
2025-11-03 14:00:00,0.004115,0.004191,0.004086,0.004188,584600012.0,2025-11-03 14:59:59.999,2409630.27227600,13491,225225256.00,930326.54495900,0
2025-11-03 15:00:00,0.004188,0.004193,0.003589,0.00381,5699476232.0,2025-11-03 15:59:59.999,21756359.03202700,71110,2562190048.00,9782360.14871800,0
2025-11-03 16:00:00,0.003811,0.003903,0.003776,0.003857,1962228209.0,2025-11-03 16:59:59.999,7552205.37235000,27054,1021445233.00,3932645.03738700,0
2025-11-03 17:00:00,0.003856,0.003953,0.003837,0.003943,1028867671.0,2025-11-03 17:59:59.999,4019570.54066900,19261,485043910.00,1895424.04643700,0
2025-11-03 18:00:00,0.003943,0.003946,0.003848,0.003851,659848423.0,2025-11-03 18:59:59.999,2570532.08124500,12736,304543209.00,1186387.18294100,0
2025-11-03 19:00:00,0.003851,0.0039,0.003828,0.003854,549056224.0,2025-11-03 19:59:59.999,2118156.61012700,10091,331029472.00,1277235.38789000,0
2025-11-03 20:00:00,0.003855,0.003864,0.003762,0.003784,507853529.0,2025-11-03 20:59:59.999,1942103.80357400,10546,187772261.00,718517.81564400,0
2025-11-03 21:00:00,0.003783,0.003958,0.003767,0.003949,766487768.0,2025-11-03 21:59:59.999,2954661.47725800,16774,376367172.00,1451577.98102800,0
2025-11-03 22:00:00,0.003948,0.003955,0.003839,0.003844,427146858.0,2025-11-03 22:59:59.999,1663580.62873400,8407,197437922.00,769062.79272200,0
2025-11-03 23:00:00,0.003845,0.00388,0.00382,0.003874,236828446.0,2025-11-03 23:59:59.999,911658.82990800,5762,135491014.00,521756.58463800,0
2025-11-04 00:00:00,0.003874,0.003925,0.00381,0.003872,466728264.0,2025-11-04 00:59:59.999,1803072.07172700,11188,235784750.00,912318.81766800,0
2025-11-04 01:00:00,0.003872,0.003926,0.003858,0.003898,449040577.0,2025-11-04 01:59:59.999,1749021.79335500,10431,250432225.00,975862.82340000,0
2025-11-04 02:00:00,0.003897,0.003914,0.00385,0.003895,324182322.0,2025-11-04 02:59:59.999,1258641.78324600,8090,145739550.00,566204.26960300,0
2025-11-04 03:00:00,0.003895,0.003933,0.003882,0.003917,304214642.0,2025-11-04 03:59:59.999,1190190.58135400,8830,163321800.00,639011.24948600,0
2025-11-04 04:00:00,0.003917,0.004009,0.0039,0.003916,471347995.0,2025-11-04 04:59:59.999,1863877.57686800,12062,287195448.00,1135971.19403200,0
2025-11-04 05:00:00,0.003915,0.003917,0.003668,0.003687,1370200869.0,2025-11-04 05:59:59.999,5162340.88043900,26143,614425425.00,2314305.49421500,0
2025-11-04 06:00:00,0.003687,0.00385,0.003683,0.00375,935641427.0,2025-11-04 06:59:59.999,3527574.98332800,17385,519873749.00,1960281.20749500,0
2025-11-04 07:00:00,0.003749,0.003793,0.003673,0.00378,859464463.0,2025-11-04 07:59:59.999,3205287.16178100,17242,474260950.00,1770113.81147200,0
2025-11-04 08:00:00,0.003779,0.003868,0.003716,0.003862,943093615.0,2025-11-04 08:59:59.999,3574149.83457300,20183,588166516.00,2229906.96047700,0
2025-11-04 09:00:00,0.003861,0.003937,0.003858,0.003914,712696865.0,2025-11-04 09:59:59.999,2779707.93745600,14253,380903849.00,1485493.47350700,0
2025-11-04 10:00:00,0.003914,0.003959,0.003889,0.003938,759949375.0,2025-11-04 10:59:59.999,2976542.56105500,14835,461632987.00,1808773.79977400,0
2025-11-04 11:00:00,0.003937,0.003959,0.003873,0.003884,543456338.0,2025-11-04 11:59:59.999,2130081.18130600,11722,301148373.00,1180917.91776600,0
2025-11-04 12:00:00,0.003884,0.003892,0.003852,0.003868,399775104.0,2025-11-04 12:59:59.999,1546719.06286300,8415,202709516.00,784205.95089800,0
2025-11-04 13:00:00,0.003867,0.003875,0.00371,0.003794,1250877992.0,2025-11-04 13:59:59.999,4704744.64330900,19086,411282864.00,1553925.43230500,0
2025-11-04 14:00:00,0.003795,0.003958,0.003756,0.003924,1062976592.0,2025-11-04 14:59:59.999,4096698.34285000,20315,640316417.00,2468611.01722700,0
2025-11-04 15:00:00,0.003925,0.003978,0.003815,0.003839,1259116178.0,2025-11-04 15:59:59.999,4914950.90630700,21044,656730035.00,2569706.43076900,0
2025-11-04 16:00:00,0.003839,0.003892,0.003723,0.00374,955224473.0,2025-11-04 16:59:59.999,3624995.58019100,18392,449593633.00,1705286.53053300,0
2025-11-04 17:00:00,0.00374,0.003834,0.003637,0.003778,1207978577.0,2025-11-04 17:59:59.999,4512895.09390300,22929,600796985.00,2249455.20919000,0
2025-11-04 18:00:00,0.003777,0.003779,0.003583,0.003763,1564942961.0,2025-11-04 18:59:59.999,5766351.37211100,30437,794804835.00,2933310.65108000,0
2025-11-04 19:00:00,0.003762,0.003795,0.003613,0.003628,1610327219.0,2025-11-04 19:59:59.999,5953752.17586700,23469,974712669.00,3607855.84920300,0
2025-11-04 20:00:00,0.003629,0.003656,0.003412,0.003587,2418997369.0,2025-11-04 20:59:59.999,8534039.54736400,33095,1338391251.00,4727661.81517500,0
2025-11-04 21:00:00,0.003588,0.003648,0.003423,0.003639,2540495154.0,2025-11-04 21:59:59.999,8948564.89641200,32229,1571505590.00,5532469.96181900,0
2025-11-04 22:00:00,0.00364,0.003803,0.003621,0.00378,1412864930.0,2025-11-04 22:59:59.999,5256734.32584500,17385,831392792.00,3090584.77640000,0
2025-11-04 23:00:00,0.00378,0.003816,0.003739,0.003752,740123632.0,2025-11-04 23:59:59.999,2789827.11654800,14533,410832279.00,1548722.57062000,0
2025-11-05 00:00:00,0.003753,0.003777,0.00369,0.003723,534565208.0,2025-11-05 00:59:59.999,1992785.99236100,12378,269888071.00,1006305.34205100,0
2025-11-05 01:00:00,0.003724,0.003727,0.003558,0.003702,1104372979.0,2025-11-05 01:59:59.999,4013883.06121500,22797,601335343.00,2185581.85623400,0
2025-11-05 02:00:00,0.003703,0.0039,0.003703,0.0039,1042355510.0,2025-11-05 02:59:59.999,3968147.53302800,18986,582501067.00,2219551.44389600,0
2025-11-05 03:00:00,0.0039,0.003959,0.003866,0.003921,883642507.0,2025-11-05 03:59:59.999,3460470.83191200,18472,467552439.00,1831108.15822100,0
2025-11-05 04:00:00,0.00392,0.00395,0.003859,0.003902,534093935.0,2025-11-05 04:59:59.999,2081606.81789100,12861,248771813.00,970270.44048000,0
2025-11-05 05:00:00,0.003902,0.003945,0.003889,0.003933,412166298.0,2025-11-05 05:59:59.999,1614437.71450500,11238,268945577.00,1053761.36472500,0
2025-11-05 06:00:00,0.003933,0.003965,0.003877,0.003953,417054779.0,2025-11-05 06:59:59.999,1636418.20570900,11162,199742579.00,784422.18287000,0
2025-11-05 07:00:00,0.003953,0.003961,0.003902,0.003915,310107007.0,2025-11-05 07:59:59.999,1219807.02392800,7886,167872665.00,660432.52268500,0
2025-11-05 08:00:00,0.003916,0.003926,0.003841,0.003881,404412156.0,2025-11-05 08:59:59.999,1568554.87330600,10501,206156957.00,799884.54449600,0
2025-11-05 09:00:00,0.00388,0.003924,0.003854,0.003883,299964402.0,2025-11-05 09:59:59.999,1164491.81251800,8400,166991361.00,648521.38669000,0
2025-11-05 10:00:00,0.003883,0.003893,0.003809,0.003827,369344407.0,2025-11-05 10:59:59.999,1422954.87382200,9711,174707048.00,673385.84317400,0
2025-11-05 11:00:00,0.003827,0.003972,0.003822,0.003949,439239212.0,2025-11-05 11:59:59.999,1715155.32842100,11147,264765348.00,1034740.48799300,0
2025-11-05 12:00:00,0.003949,0.003976,0.003898,0.003921,484468402.0,2025-11-05 12:59:59.999,1907097.68987100,9586,288282798.00,1134823.23634300,0
2025-11-05 13:00:00,0.00392,0.004079,0.003919,0.004069,1069268846.0,2025-11-05 13:59:59.999,4286977.83486000,19634,625879556.00,2512542.76621600,0
2025-11-05 14:00:00,0.004069,0.004197,0.003988,0.004151,2009828339.0,2025-11-05 14:59:59.999,8205732.07397300,28149,1360687980.00,5567382.00307200,0
2025-11-05 15:00:00,0.004152,0.004258,0.004126,0.004235,1317647214.0,2025-11-05 15:59:59.999,5539272.81611800,23547,801046167.00,3367694.43304100,0
2025-11-05 16:00:00,0.004236,0.004327,0.004186,0.004315,1048190958.0,2025-11-05 16:59:59.999,4433243.01413400,20314,556275808.00,2354661.47747600,0
2025-11-05 17:00:00,0.004314,0.004316,0.004198,0.004208,557292564.0,2025-11-05 17:59:59.999,2365661.86128200,11858,295836774.00,1254946.98611300,0
2025-11-05 18:00:00,0.004208,0.004256,0.00419,0.004193,344588248.0,2025-11-05 18:59:59.999,1451624.16648700,8519,165193288.00,695977.99679500,0
2025-11-05 19:00:00,0.004192,0.004199,0.004154,0.004168,398319428.0,2025-11-05 19:59:59.999,1662222.84449500,9608,179398983.00,748880.84609600,0
2025-11-05 20:00:00,0.004167,0.00423,0.004137,0.004147,484176539.0,2025-11-05 20:59:59.999,2018938.82337000,10630,245118216.00,1022790.06919100,0
2025-11-05 21:00:00,0.004146,0.004146,0.004105,0.004121,464347535.0,2025-11-05 21:59:59.999,1916154.09901600,9778,197542881.00,815748.66396900,0
2025-11-05 22:00:00,0.004122,0.004194,0.004112,0.004188,226116469.0,2025-11-05 22:59:59.999,937382.48038300,4899,134456238.00,557656.44778500,0
2025-11-05 23:00:00,0.004189,0.004194,0.004136,0.004153,443680945.0,2025-11-05 23:59:59.999,1845600.97203700,8005,194827951.00,810368.35378100,0
2025-11-06 00:00:00,0.004153,0.004169,0.004119,0.004158,217354797.0,2025-11-06 00:59:59.999,899294.84460500,5679,132991784.00,550348.61927900,0
2025-11-06 01:00:00,0.004157,0.004159,0.004054,0.004106,505910524.0,2025-11-06 01:59:59.999,2071374.35518500,10276,260721439.00,1068445.00653500,0
2025-11-06 02:00:00,0.004106,0.00411,0.004026,0.004045,477720797.0,2025-11-06 02:59:59.999,1940696.14619200,10680,249772894.00,1015652.42182800,0
2025-11-06 03:00:00,0.004045,0.004113,0.004037,0.004057,550895335.0,2025-11-06 03:59:59.999,2248358.82132900,9903,350902974.00,1431727.43624500,0
2025-11-06 04:00:00,0.004058,0.004119,0.004052,0.00409,284027991.0,2025-11-06 04:59:59.999,1159659.53606300,6702,162382569.00,662688.59551100,0
2025-11-06 05:00:00,0.00409,0.004112,0.003945,0.00396,496045001.0,2025-11-06 05:59:59.999,1988627.61886900,9640,262105541.00,1051410.57975700,0
2025-11-06 06:00:00,0.00396,0.003981,0.00392,0.003943,468387643.0,2025-11-06 06:59:59.999,1850638.83785900,9651,222987982.00,881513.91029100,0
2025-11-06 07:00:00,0.003944,0.003969,0.003894,0.003894,611259910.0,2025-11-06 07:59:59.999,2395681.78370300,8485,251831084.00,986397.25864700,0
2025-11-06 08:00:00,0.003893,0.003933,0.003883,0.003911,430619880.0,2025-11-06 08:59:59.999,1681173.15806900,6251,234433987.00,915587.27719000,0
2025-11-06 09:00:00,0.003912,0.003945,0.0039,0.003913,254527578.0,2025-11-06 09:59:59.999,998669.77934000,5831,148293516.00,581691.84055000,0
2025-11-06 10:00:00,0.003914,0.003944,0.003888,0.003927,328171354.0,2025-11-06 10:59:59.999,1285180.28405600,6644,200489742.00,785208.67978900,0
2025-11-06 11:00:00,0.003927,0.003936,0.003894,0.003929,266805215.0,2025-11-06 11:59:59.999,1045296.12844800,5346,162397039.00,636105.09920400,0
2025-11-06 12:00:00,0.003929,0.003957,0.00382,0.003844,1223381251.0,2025-11-06 12:59:59.999,4726794.14463600,16184,639042287.00,2468104.63879000,0
2025-11-06 13:00:00,0.003844,0.003938,0.003841,0.003903,484349848.0,2025-11-06 13:59:59.999,1887847.33581200,11330,297616461.00,1159644.28603800,0
2025-11-06 14:00:00,0.003904,0.00393,0.003775,0.003799,1194567062.0,2025-11-06 14:59:59.999,4592882.65993400,14671,453823558.00,1744026.24950000,0
2025-11-06 15:00:00,0.003799,0.00387,0.003739,0.003749,956888832.0,2025-11-06 15:59:59.999,3625868.20476700,17692,492506008.00,1868201.60750700,0
2025-11-06 16:00:00,0.00375,0.003781,0.003651,0.003706,1146308232.0,2025-11-06 16:59:59.999,4243369.38461900,19762,596121440.00,2207664.87909600,0
2025-11-06 17:00:00,0.003707,0.003766,0.003691,0.003754,667222934.0,2025-11-06 17:59:59.999,2485177.14610600,12455,445136505.00,1658334.80778400,0
2025-11-06 18:00:00,0.003753,0.003815,0.003684,0.003772,637177442.0,2025-11-06 18:59:59.999,2391398.86459700,12173,356806834.00,1339542.23421800,0
2025-11-06 19:00:00,0.003771,0.003776,0.003653,0.003704,855492892.0,2025-11-06 19:59:59.999,3178261.90697900,15446,413760906.00,1539620.38189800,0
2025-11-06 20:00:00,0.003705,0.00373,0.003658,0.0037,525855910.0,2025-11-06 20:59:59.999,1940373.22580700,10691,265617393.00,980059.68747300,0
2025-11-06 21:00:00,0.0037,0.003734,0.003686,0.003721,341464558.0,2025-11-06 21:59:59.999,1266762.21754700,6949,193136878.00,716739.01088600,0
2025-11-06 22:00:00,0.00372,0.003737,0.003675,0.00373,300828806.0,2025-11-06 22:59:59.999,1116204.51719000,4920,150145614.00,556678.78591500,0
2025-11-06 23:00:00,0.003729,0.003729,0.003673,0.003702,334472553.0,2025-11-06 23:59:59.999,1235326.92025800,8303,180130879.00,665467.79077100,0
2025-11-07 00:00:00,0.003702,0.003758,0.003674,0.003746,431928699.0,2025-11-07 00:59:59.999,1605161.03990200,11644,210723824.00,783395.26468700,0
2025-11-07 01:00:00,0.003746,0.003779,0.003662,0.00374,482529969.0,2025-11-07 01:59:59.999,1790719.48230800,12224,236546966.00,878224.09586500,0
2025-11-07 02:00:00,0.003739,0.003786,0.003717,0.003783,376054093.0,2025-11-07 02:59:59.999,1409680.26928800,9007,237212924.00,889116.06841500,0
2025-11-07 03:00:00,0.003783,0.003826,0.003771,0.003774,481349405.0,2025-11-07 03:59:59.999,1828541.61745400,10048,259212740.00,984981.16100100,0
2025-11-07 04:00:00,0.003773,0.003785,0.003733,0.003784,280704570.0,2025-11-07 04:59:59.999,1055497.36541200,6775,147819275.00,555827.31722800,0
2025-11-07 05:00:00,0.003784,0.003894,0.003784,0.003882,444824644.0,2025-11-07 05:59:59.999,1714716.86779300,10803,249799920.00,962698.38726200,0
2025-11-07 06:00:00,0.003882,0.003882,0.003811,0.003826,197632574.0,2025-11-07 06:59:59.999,760081.96803000,6882,93771300.00,360680.93026900,0
2025-11-07 07:00:00,0.003825,0.003885,0.003797,0.003881,255219184.0,2025-11-07 07:59:59.999,978787.35964800,6393,128053121.00,491477.69539000,0
2025-11-07 08:00:00,0.00388,0.00395,0.003833,0.003853,507618077.0,2025-11-07 08:59:59.999,1968959.04318600,9564,228842307.00,888105.75416300,0
2025-11-07 09:00:00,0.003853,0.003863,0.003736,0.003761,666238449.0,2025-11-07 09:59:59.999,2524030.66739500,13081,361190240.00,1367266.80211600,0
2025-11-07 10:00:00,0.003761,0.003807,0.003707,0.00373,497471136.0,2025-11-07 10:59:59.999,1865915.51800900,10054,203476629.00,764018.89332800,0
2025-11-07 11:00:00,0.003729,0.003735,0.003631,0.003726,888726281.0,2025-11-07 11:59:59.999,3265000.29672900,16673,448342508.00,1647551.16817800,0
2025-11-07 12:00:00,0.003725,0.003746,0.003609,0.003656,565477313.0,2025-11-07 12:59:59.999,2070785.55791800,12408,306549486.00,1123022.69290500,0
2025-11-07 13:00:00,0.003655,0.003713,0.003624,0.003681,570647689.0,2025-11-07 13:59:59.999,2099897.98232800,12428,337767489.00,1243968.62694600,0
2025-11-07 14:00:00,0.00368,0.004034,0.003665,0.004034,1318715125.0,2025-11-07 14:59:59.999,5041203.78662600,25420,741735836.00,2834965.61596600,0
2025-11-07 15:00:00,0.004034,0.004063,0.003937,0.003964,1968790283.0,2025-11-07 15:59:59.999,7878643.80101800,33721,933447953.00,3737083.39587300,0
2025-11-07 16:00:00,0.003964,0.004153,0.003922,0.004068,1852437786.0,2025-11-07 16:59:59.999,7480390.24938800,28022,1070809438.00,4326734.74879100,0
2025-11-07 17:00:00,0.004068,0.004181,0.004028,0.004163,905436663.0,2025-11-07 17:59:59.999,3726698.76649100,20857,479369639.00,1972444.39239000,0
2025-11-07 18:00:00,0.004164,0.004217,0.004136,0.004174,841462472.0,2025-11-07 18:59:59.999,3510498.29926000,15279,393118200.00,1640889.12919100,0
2025-11-07 19:00:00,0.004172,0.004248,0.004159,0.004237,593593617.0,2025-11-07 19:59:59.999,2497184.25984300,12064,289313314.00,1217336.73043600,0
2025-11-07 20:00:00,0.004237,0.00431,0.004203,0.004281,498774715.0,2025-11-07 20:59:59.999,2129101.71085000,13287,269064953.00,1148743.91370200,0
2025-11-07 21:00:00,0.004282,0.004282,0.00421,0.004223,418760278.0,2025-11-07 21:59:59.999,1775878.05301300,9625,193131919.00,819361.34394600,0
2025-11-07 22:00:00,0.004222,0.004335,0.004191,0.004266,505883336.0,2025-11-07 22:59:59.999,2149282.38774600,8768,327523991.00,1394290.39802300,0
2025-11-07 23:00:00,0.004266,0.004266,0.004159,0.004183,360866207.0,2025-11-07 23:59:59.999,1521369.48818100,7870,116552163.00,491201.30234000,0
2025-11-08 00:00:00,0.004182,0.004212,0.004035,0.004047,635553884.0,2025-11-08 00:59:59.999,2606238.37805500,12043,305504442.00,1250821.48679900,0
2025-11-08 01:00:00,0.004048,0.004152,0.00404,0.004114,705910853.0,2025-11-08 01:59:59.999,2891962.46305200,14118,466264024.00,1910235.09897200,0
2025-11-08 02:00:00,0.004114,0.004209,0.004112,0.004115,246609704.0,2025-11-08 02:59:59.999,1024396.56866200,6854,151481593.00,629676.75901800,0
2025-11-08 03:00:00,0.004114,0.004144,0.004018,0.004037,271114301.0,2025-11-08 03:59:59.999,1108987.80259900,7758,140245672.00,574710.64166600,0
2025-11-08 04:00:00,0.004038,0.004097,0.004016,0.004018,382712716.0,2025-11-08 04:59:59.999,1552187.47118500,13254,160005139.00,649292.76333100,0
2025-11-08 05:00:00,0.004018,0.004043,0.003943,0.003953,391471727.0,2025-11-08 05:59:59.999,1561977.03656400,7729,184087666.00,735558.58293300,0
2025-11-08 06:00:00,0.003953,0.003964,0.003899,0.003925,939347769.0,2025-11-08 06:59:59.999,3684808.69441500,10812,472384743.00,1853714.42029100,0
2025-11-08 07:00:00,0.003925,0.00393,0.003846,0.003897,634336658.0,2025-11-08 07:59:59.999,2459850.05759100,11895,278699405.00,1081137.13763700,0
2025-11-08 08:00:00,0.003897,0.003904,0.003846,0.003889,609017003.0,2025-11-08 08:59:59.999,2364021.11767600,8969,343564183.00,1333905.17119300,0
2025-11-08 09:00:00,0.003889,0.003889,0.003781,0.003806,737909654.0,2025-11-08 09:59:59.999,2824981.42651200,12308,355704426.00,1363400.52801400,0
2025-11-08 10:00:00,0.003806,0.003835,0.003786,0.003825,416444299.0,2025-11-08 10:59:59.999,1584003.98063700,7915,262210256.00,997467.14529300,0
2025-11-08 11:00:00,0.003824,0.00386,0.003804,0.003811,372511823.0,2025-11-08 11:59:59.999,1425272.82208100,8245,228756847.00,875341.52085500,0
2025-11-08 12:00:00,0.00381,0.003852,0.003808,0.003827,256452668.0,2025-11-08 12:59:59.999,981194.97263200,6322,155008217.00,593126.32014800,0
2025-11-08 13:00:00,0.003827,0.003831,0.003738,0.003743,502369389.0,2025-11-08 13:59:59.999,1901325.10930000,10273,228915510.00,866969.66510800,0
2025-11-08 14:00:00,0.003743,0.00376,0.003699,0.003733,992797737.0,2025-11-08 14:59:59.999,3701919.13854600,15764,564746318.00,2106050.46993900,0
2025-11-08 15:00:00,0.003733,0.003737,0.003659,0.003689,738357485.0,2025-11-08 15:59:59.999,2728020.95481000,12840,416973944.00,1540660.30153200,0
2025-11-08 16:00:00,0.00369,0.003736,0.003669,0.003724,704500906.0,2025-11-08 16:59:59.999,2614159.36922600,11993,394587973.00,1464424.15801900,0
2025-11-08 17:00:00,0.003722,0.003779,0.003706,0.003737,892730363.0,2025-11-08 17:59:59.999,3340031.40124900,12177,390942800.00,1464327.45749600,0
2025-11-08 18:00:00,0.003736,0.003794,0.003725,0.003774,443025832.0,2025-11-08 18:59:59.999,1666728.56855900,7263,310862828.00,1170523.83039200,0
2025-11-08 19:00:00,0.003773,0.003785,0.00372,0.003755,279017547.0,2025-11-08 19:59:59.999,1047380.49254600,5472,150979431.00,566937.59342000,0
2025-11-08 20:00:00,0.003755,0.003768,0.003714,0.003742,526656782.0,2025-11-08 20:59:59.999,1970518.76271000,7377,259836013.00,971825.03481400,0
2025-11-08 21:00:00,0.003742,0.003775,0.003731,0.003772,140389702.0,2025-11-08 21:59:59.999,526610.45899100,2510,87352281.00,327650.81250400,0
2025-11-08 22:00:00,0.003773,0.003782,0.003751,0.003771,196618004.0,2025-11-08 22:59:59.999,740603.76072300,3781,102709362.00,386870.15490000,0
2025-11-08 23:00:00,0.003771,0.003811,0.003766,0.003778,357894453.0,2025-11-08 23:59:59.999,1357749.47204300,4711,203646692.00,772285.57967300,0
2025-11-09 00:00:00,0.003779,0.003782,0.003709,0.003729,525712711.0,2025-11-09 00:59:59.999,1961333.32633400,6386,273256725.00,1019197.97333100,0
2025-11-09 01:00:00,0.003728,0.00375,0.003699,0.003737,156196815.0,2025-11-09 01:59:59.999,582114.70011800,3667,79243786.00,295504.19430900,0
2025-11-09 02:00:00,0.003736,0.003741,0.00368,0.003698,440936268.0,2025-11-09 02:59:59.999,1631580.45274200,7495,219740548.00,813037.29245400,0
2025-11-09 03:00:00,0.003699,0.003747,0.003688,0.003746,445321736.0,2025-11-09 03:59:59.999,1648287.46602400,7319,276106031.00,1022258.56785300,0
2025-11-09 04:00:00,0.003747,0.003827,0.003746,0.003761,278673389.0,2025-11-09 04:59:59.999,1056043.39858600,6636,176443454.00,669012.68440400,0
2025-11-09 05:00:00,0.003761,0.003842,0.003744,0.003793,411500175.0,2025-11-09 05:59:59.999,1566309.98094300,7779,234800143.00,893071.52237900,0
2025-11-09 06:00:00,0.003793,0.003845,0.003777,0.003817,377107487.0,2025-11-09 06:59:59.999,1439474.25217600,7117,237873141.00,908202.38684000,0
2025-11-09 07:00:00,0.003817,0.00384,0.003807,0.003813,196172272.0,2025-11-09 07:59:59.999,750247.91600000,4372,104395332.00,399246.36591600,0
2025-11-09 08:00:00,0.003813,0.003837,0.003767,0.003776,240468417.0,2025-11-09 08:59:59.999,915481.59570100,4643,120411145.00,458914.28853300,0
2025-11-09 09:00:00,0.003777,0.003809,0.003739,0.003745,274788892.0,2025-11-09 09:59:59.999,1037597.74582500,5201,161374863.00,609729.79959900,0
2025-11-09 10:00:00,0.003746,0.00378,0.00371,0.003771,365118668.0,2025-11-09 10:59:59.999,1368244.75325800,6895,191042121.00,716374.91372200,0
2025-11-09 11:00:00,0.003772,0.003812,0.00377,0.003781,193905328.0,2025-11-09 11:59:59.999,734866.69504600,5458,107831910.00,408650.42619500,0
2025-11-09 12:00:00,0.00378,0.003818,0.003763,0.003787,247979403.0,2025-11-09 12:59:59.999,941430.58783800,5511,134245060.00,509770.89924600,0
2025-11-09 13:00:00,0.003788,0.00393,0.003773,0.00391,762505905.0,2025-11-09 13:59:59.999,2964282.15523800,12228,438597272.00,1703890.17902000,0
2025-11-09 14:00:00,0.003909,0.003988,0.003855,0.003867,693216477.0,2025-11-09 14:59:59.999,2715527.89752100,13425,354193590.00,1388098.79485100,0
2025-11-09 15:00:00,0.003868,0.004005,0.003857,0.003944,716046612.0,2025-11-09 15:59:59.999,2829338.95477100,14844,346386267.00,1368154.68597000,0
2025-11-09 16:00:00,0.003945,0.004069,0.003943,0.004018,642648755.0,2025-11-09 16:59:59.999,2570251.82660100,12181,361200676.00,1445113.63461600,0
2025-11-09 17:00:00,0.004017,0.004024,0.003946,0.003979,405048468.0,2025-11-09 17:59:59.999,1612451.45669500,8238,199262284.00,792733.58849000,0
2025-11-09 18:00:00,0.00398,0.00411,0.003944,0.004082,487124826.0,2025-11-09 18:59:59.999,1955627.16523200,8956,275025367.00,1107084.68855300,0
2025-11-09 19:00:00,0.004081,0.004193,0.004055,0.004157,754685481.0,2025-11-09 19:59:59.999,3109939.54545100,14891,299374439.00,1235748.15752900,0
2025-11-09 20:00:00,0.004158,0.004228,0.004156,0.004187,766907547.0,2025-11-09 20:59:59.999,3211041.50127600,14046,371272586.00,1555212.55050300,0
2025-11-09 21:00:00,0.004187,0.004192,0.004119,0.004143,659838274.0,2025-11-09 21:59:59.999,2735989.43566200,10160,338813181.00,1404714.13788100,0
2025-11-09 22:00:00,0.004143,0.004173,0.004086,0.00416,578642178.0,2025-11-09 22:59:59.999,2383794.27307300,6707,281347003.00,1158931.43463600,0
2025-11-09 23:00:00,0.00416,0.004202,0.004089,0.00412,538736902.0,2025-11-09 23:59:59.999,2233245.26115300,10688,266769993.00,1106086.59574700,0
2025-11-10 00:00:00,0.004121,0.00429,0.004086,0.004276,796448483.0,2025-11-10 00:59:59.999,3356578.03556100,17416,437265744.00,1845340.98406600,0
2025-11-10 01:00:00,0.004275,0.004409,0.004196,0.004391,1434396346.0,2025-11-10 01:59:59.999,6186210.43687800,29653,783005646.00,3379031.63793200,0
2025-11-10 02:00:00,0.004392,0.004482,0.004365,0.00443,1125326587.0,2025-11-10 02:59:59.999,4975566.02367700,21860,642147924.00,2839041.13113900,0
2025-11-10 03:00:00,0.00443,0.004473,0.004377,0.004402,593259264.0,2025-11-10 03:59:59.999,2622485.22745700,14708,241891298.00,1069510.76797200,0
2025-11-10 04:00:00,0.004402,0.004454,0.004353,0.004443,619819489.0,2025-11-10 04:59:59.999,2724500.46238900,15211,295331616.00,1299215.53218200,0
2025-11-10 05:00:00,0.004443,0.004513,0.004433,0.004487,887172082.0,2025-11-10 05:59:59.999,3966584.79598300,18879,526988613.00,2356745.44617600,0
2025-11-10 06:00:00,0.004488,0.004497,0.004392,0.004424,481573386.0,2025-11-10 06:59:59.999,2133296.91545500,12413,233189830.00,1033002.40389200,0
2025-11-10 07:00:00,0.004424,0.004508,0.004401,0.004431,820074237.0,2025-11-10 07:59:59.999,3650347.36277900,16320,418970158.00,1865343.35067300,0
2025-11-10 08:00:00,0.00443,0.004503,0.004358,0.004392,693377997.0,2025-11-10 08:59:59.999,3068908.51656900,16278,293365878.00,1300701.54924900,0
2025-11-10 09:00:00,0.004393,0.004523,0.004393,0.004492,555420303.0,2025-11-10 09:59:59.999,2479046.46523800,14048,258123205.00,1152188.05733600,0
2025-11-10 10:00:00,0.004493,0.0045,0.004407,0.004449,355311542.0,2025-11-10 10:59:59.999,1580251.86859900,8938,186788652.00,830656.22103900,0
2025-11-10 11:00:00,0.00445,0.004563,0.004446,0.004458,411719797.0,2025-11-10 11:59:59.999,1849600.40619300,9966,214253495.00,963026.64091200,0
2025-11-10 12:00:00,0.004458,0.004606,0.004419,0.004588,1131901920.0,2025-11-10 12:59:59.999,5111608.25189000,19153,655643019.00,2965369.02446000,0
2025-11-10 13:00:00,0.004587,0.004649,0.004513,0.00458,1112034697.0,2025-11-10 13:59:59.999,5096265.64063700,24126,596197655.00,2734707.85307000,0
2025-11-10 14:00:00,0.00458,0.00458,0.004419,0.004495,1321438274.0,2025-11-10 14:59:59.999,5929404.06440200,25579,661764721.00,2970935.88071000,0
2025-11-10 15:00:00,0.004496,0.004518,0.004403,0.004426,724672772.0,2025-11-10 15:59:59.999,3235163.85091400,16808,374612026.00,1673728.36248700,0
2025-11-10 16:00:00,0.004426,0.004467,0.00432,0.004368,784551842.0,2025-11-10 16:59:59.999,3442009.04683600,16100,329962172.00,1448522.49195700,0
2025-11-10 17:00:00,0.004367,0.004414,0.004314,0.004403,1006865106.0,2025-11-10 17:59:59.999,4391582.78771800,17492,392012514.00,1709441.05237100,0
2025-11-10 18:00:00,0.004404,0.004432,0.00436,0.004362,298987560.0,2025-11-10 18:59:59.999,1313711.25167400,7864,165259088.00,726346.62741200,0
2025-11-10 19:00:00,0.004363,0.004381,0.004317,0.004344,361119519.0,2025-11-10 19:59:59.999,1572154.96060000,9588,174055828.00,758162.56707800,0
2025-11-10 20:00:00,0.004343,0.004509,0.004342,0.004465,718144260.0,2025-11-10 20:59:59.999,3192307.95856000,17568,394359739.00,1752504.61437400,0
2025-11-10 21:00:00,0.004465,0.004469,0.004347,0.004414,936960439.0,2025-11-10 21:59:59.999,4114398.03300800,17325,553727396.00,2431882.21442900,0
2025-11-10 22:00:00,0.004413,0.004514,0.004406,0.004513,730962062.0,2025-11-10 22:59:59.999,3258969.72347700,11755,437119917.00,1949526.44731200,0
2025-11-10 23:00:00,0.004514,0.004589,0.004476,0.004506,796400858.0,2025-11-10 23:59:59.999,3607272.68111700,15885,445670284.00,2018485.06987700,0
2025-11-11 00:00:00,0.004507,0.004513,0.004386,0.004461,515336696.0,2025-11-11 00:59:59.999,2286274.82695700,12193,225864427.00,1003189.56678500,0
2025-11-11 01:00:00,0.004461,0.004623,0.004446,0.004457,1001052602.0,2025-11-11 01:59:59.999,4530628.45904100,18398,634694322.00,2871504.25788400,0
2025-11-11 02:00:00,0.004457,0.004776,0.004421,0.004762,1210344405.0,2025-11-11 02:59:59.999,5577260.18774000,27369,800802113.00,3692974.22633700,0
2025-11-11 03:00:00,0.004763,0.004832,0.004688,0.004816,1225804531.0,2025-11-11 03:59:59.999,5840372.04188400,27610,807218768.00,3848809.42498000,0
2025-11-11 04:00:00,0.004815,0.004864,0.004615,0.004629,984859459.0,2025-11-11 04:59:59.999,4668478.16093200,25277,561817173.00,2668534.82526000,0
2025-11-11 05:00:00,0.004629,0.00464,0.004396,0.004418,1274207322.0,2025-11-11 05:59:59.999,5770786.53564000,23052,616142499.00,2789041.62773200,0
2025-11-11 06:00:00,0.004417,0.004447,0.004243,0.004332,1279791630.0,2025-11-11 06:59:59.999,5532842.74114400,24333,587187131.00,2542042.53224000,0
2025-11-11 07:00:00,0.004331,0.004408,0.004291,0.004298,1034753543.0,2025-11-11 07:59:59.999,4496100.55960900,19696,637765088.00,2771701.28162200,0
2025-11-11 08:00:00,0.004298,0.004364,0.00428,0.004317,370352959.0,2025-11-11 08:59:59.999,1598275.04301700,10778,175160736.00,756055.43116000,0
2025-11-11 09:00:00,0.004316,0.004401,0.004297,0.004308,455013597.0,2025-11-11 09:59:59.999,1977098.58974300,11341,225466449.00,980093.97959300,0
2025-11-11 10:00:00,0.004308,0.004387,0.004302,0.004385,395385205.0,2025-11-11 10:59:59.999,1720408.93627900,10253,232740497.00,1012809.10687400,0
2025-11-11 11:00:00,0.004386,0.004446,0.004362,0.004396,494134171.0,2025-11-11 11:59:59.999,2176275.12311100,11418,220983581.00,973638.19413500,0
2025-11-11 12:00:00,0.004396,0.004473,0.004331,0.004404,707196224.0,2025-11-11 12:59:59.999,3108043.95870800,16990,380040475.00,1671293.25238900,0
2025-11-11 13:00:00,0.004404,0.004481,0.004374,0.004413,662797296.0,2025-11-11 13:59:59.999,2926056.37893900,13317,297901174.00,1315401.01577500,0
2025-11-11 14:00:00,0.004414,0.004483,0.004341,0.004482,685950551.0,2025-11-11 14:59:59.999,3020622.07406200,15197,324466231.00,1428062.26432200,0
2025-11-11 15:00:00,0.004481,0.00457,0.00443,0.004569,1513462680.0,2025-11-11 15:59:59.999,6803750.78807700,25640,737112460.00,3314516.96894900,0
2025-11-11 16:00:00,0.004569,0.004597,0.004476,0.004524,660880026.0,2025-11-11 16:59:59.999,2998133.11554300,17194,354324150.00,1607640.28337100,0
2025-11-11 17:00:00,0.004524,0.004549,0.004398,0.004488,592487945.0,2025-11-11 17:59:59.999,2649810.40762400,14780,288111344.00,1288838.10855400,0
2025-11-11 18:00:00,0.004489,0.0045,0.004381,0.004391,348662344.0,2025-11-11 18:59:59.999,1548570.84383700,9779,173327914.00,770109.15653900,0
2025-11-11 19:00:00,0.004391,0.004421,0.004346,0.004384,747070585.0,2025-11-11 19:59:59.999,3281616.24147100,11759,296408958.00,1301771.72136300,0
2025-11-11 20:00:00,0.004385,0.004433,0.004261,0.004275,742202157.0,2025-11-11 20:59:59.999,3219698.18083200,14977,383960951.00,1666512.64095300,0
2025-11-11 21:00:00,0.004276,0.004304,0.004138,0.004198,985846044.0,2025-11-11 21:59:59.999,4157607.36341800,17568,460963366.00,1944892.51888100,0
2025-11-11 22:00:00,0.004197,0.004313,0.004167,0.004268,732432050.0,2025-11-11 22:59:59.999,3093078.52272100,9374,373225068.00,1577650.63936600,0
2025-11-11 23:00:00,0.004267,0.004269,0.004086,0.004101,1115493659.0,2025-11-11 23:59:59.999,4612960.41222400,13625,482263283.00,1995322.94840700,0
2025-11-12 00:00:00,0.004102,0.004171,0.004035,0.004053,1415161790.0,2025-11-12 00:59:59.999,5802986.07117400,18327,670097152.00,2751719.75431200,0
2025-11-12 01:00:00,0.004055,0.004087,0.004013,0.004054,427857169.0,2025-11-12 01:59:59.999,1735235.76156800,8946,222056298.00,900554.25477200,0
2025-11-12 02:00:00,0.004055,0.004118,0.004023,0.004088,603677360.0,2025-11-12 02:59:59.999,2459035.96076700,10665,342049931.00,1393331.70158500,0
2025-11-12 03:00:00,0.004088,0.004194,0.004081,0.004162,881131134.0,2025-11-12 03:59:59.999,3642158.07271800,12843,629095427.00,2599843.91132300,0
2025-11-12 04:00:00,0.004162,0.004265,0.00413,0.004206,804167275.0,2025-11-12 04:59:59.999,3388202.98314800,12117,489438874.00,2061986.84574900,0
2025-11-12 05:00:00,0.004206,0.004279,0.00417,0.00421,770085309.0,2025-11-12 05:59:59.999,3242488.50430400,14043,365520780.00,1541807.31271200,0
2025-11-12 06:00:00,0.004211,0.004328,0.004182,0.004253,716723929.0,2025-11-12 06:59:59.999,3068024.44207900,11900,382894589.00,1637975.27967500,0
2025-11-12 07:00:00,0.004253,0.004266,0.004189,0.004204,227071167.0,2025-11-12 07:59:59.999,960187.98628600,5736,95124283.00,402345.02922900,0
2025-11-12 08:00:00,0.004204,0.004387,0.004204,0.004318,722607292.0,2025-11-12 08:59:59.999,3121138.60298600,13903,401719137.00,1735942.59158500,0
2025-11-12 09:00:00,0.004318,0.00437,0.004293,0.004319,526745918.0,2025-11-12 09:59:59.999,2280718.59330400,12215,270218942.00,1170280.45053000,0
2025-11-12 10:00:00,0.00432,0.0045,0.004316,0.004477,524364939.0,2025-11-12 10:59:59.999,2306793.77816400,12827,274986718.00,1211208.94845200,0
2025-11-12 11:00:00,0.004478,0.004515,0.004412,0.004484,633266545.0,2025-11-12 11:59:59.999,2826609.56683300,14441,335978032.00,1500316.18056800,0
2025-11-12 12:00:00,0.004484,0.004538,0.004432,0.004437,512300514.0,2025-11-12 12:59:59.999,2296779.38808000,12283,250674549.00,1124120.76205000,0
2025-11-12 13:00:00,0.004437,0.004564,0.004338,0.004484,976848737.0,2025-11-12 13:59:59.999,4332098.54038400,17272,467951423.00,2077646.32337200,0
2025-11-12 14:00:00,0.004483,0.004492,0.004273,0.004355,686961497.0,2025-11-12 14:59:59.999,3007066.17589500,16279,328540917.00,1438350.67491100,0
2025-11-12 15:00:00,0.004355,0.004412,0.004193,0.004244,981114942.0,2025-11-12 15:59:59.999,4214761.78851500,21980,495759390.00,2130150.28143900,0
2025-11-12 16:00:00,0.004243,0.004308,0.004079,0.004095,1663122189.0,2025-11-12 16:59:59.999,6931574.66864900,33763,854240040.00,3560462.81671300,0
2025-11-12 17:00:00,0.004096,0.00417,0.004048,0.004096,924315671.0,2025-11-12 17:59:59.999,3790244.13473400,20116,466257943.00,1912064.32880800,0
2025-11-12 18:00:00,0.004097,0.004139,0.003961,0.003997,990583944.0,2025-11-12 18:59:59.999,3998256.94547100,17889,481905813.00,1946896.65936800,0
2025-11-12 19:00:00,0.003995,0.004015,0.003911,0.003919,1236376929.0,2025-11-12 19:59:59.999,4886501.87538200,19964,631702752.00,2498063.88599000,0
2025-11-12 20:00:00,0.003919,0.004017,0.003887,0.003992,984893900.0,2025-11-12 20:59:59.999,3902355.14254900,18239,505703162.00,2003308.27807300,0
2025-11-12 21:00:00,0.003993,0.004039,0.003978,0.004009,375407141.0,2025-11-12 21:59:59.999,1504231.53014900,8113,177599323.00,711750.70305200,0
2025-11-12 22:00:00,0.004009,0.004017,0.003926,0.00393,753309939.0,2025-11-12 22:59:59.999,2976398.61049000,9262,316894956.00,1251568.82273200,0
2025-11-12 23:00:00,0.00393,0.003954,0.003877,0.003921,674198939.0,2025-11-12 23:59:59.999,2644444.09830900,8996,404412275.00,1587643.71163400,0
2025-11-13 00:00:00,0.00392,0.004018,0.00391,0.003967,497434041.0,2025-11-13 00:59:59.999,1966856.65290200,8455,333583072.00,1318505.29671300,0
2025-11-13 01:00:00,0.003966,0.004052,0.00394,0.003948,783641106.0,2025-11-13 01:59:59.999,3124769.55672900,16618,418073307.00,1668134.86963700,0
2025-11-13 02:00:00,0.003948,0.003969,0.003927,0.003934,232813838.0,2025-11-13 02:59:59.999,919035.48951900,6569,131464897.00,519035.20109100,0
2025-11-13 03:00:00,0.003934,0.003979,0.00382,0.003899,2216019733.0,2025-11-13 03:59:59.999,8658853.92535900,26231,759468778.00,2977319.48502600,0
2025-11-13 04:00:00,0.003899,0.003916,0.003855,0.003895,740641161.0,2025-11-13 04:59:59.999,2878071.46616400,13883,395244304.00,1535777.45272900,0
2025-11-13 05:00:00,0.003894,0.004017,0.003854,0.003975,806583260.0,2025-11-13 05:59:59.999,3166126.26957000,14127,367043632.00,1443467.47329900,0
2025-11-13 06:00:00,0.003976,0.004022,0.003955,0.00397,498959097.0,2025-11-13 06:59:59.999,1989589.10906500,11082,238953052.00,953190.75492300,0
2025-11-13 07:00:00,0.00397,0.004003,0.003869,0.003891,713157227.0,2025-11-13 07:59:59.999,2814207.35661200,14322,338606630.00,1337602.49191600,0
2025-11-13 08:00:00,0.003891,0.003947,0.003877,0.003914,366744774.0,2025-11-13 08:59:59.999,1437705.47542100,8888,170976308.00,670250.84933000,0
2025-11-13 09:00:00,0.003916,0.003937,0.003866,0.003886,679189194.0,2025-11-13 09:59:59.999,2645551.70906300,11656,302165733.00,1177699.34333000,0
2025-11-13 10:00:00,0.003887,0.003935,0.003868,0.003887,503539796.0,2025-11-13 10:59:59.999,1961105.40556500,8766,219813852.00,856584.97286200,0
2025-11-13 11:00:00,0.003888,0.003924,0.003878,0.003905,384683403.0,2025-11-13 11:59:59.999,1500907.53944600,7279,167221018.00,652362.21427400,0
2025-11-13 12:00:00,0.003905,0.003982,0.003879,0.003951,612177820.0,2025-11-13 12:59:59.999,2397822.49775400,11257,325341816.00,1274032.68511400,0
2025-11-13 13:00:00,0.003951,0.003963,0.003874,0.003907,413634800.0,2025-11-13 13:59:59.999,1621268.79986700,9971,198027718.00,775728.12194000,0
2025-11-13 14:00:00,0.003906,0.003967,0.00379,0.00392,850106873.0,2025-11-13 14:59:59.999,3292368.35741300,19344,448487686.00,1738308.51489700,0
2025-11-13 15:00:00,0.003919,0.003925,0.003797,0.003829,648980627.0,2025-11-13 15:59:59.999,2500775.12583700,14973,341723312.00,1315629.72289400,0
2025-11-13 16:00:00,0.003828,0.003835,0.003674,0.003689,1280550068.0,2025-11-13 16:59:59.999,4789280.49129500,26072,591819737.00,2212443.23809200,0
2025-11-13 17:00:00,0.00369,0.003697,0.003547,0.003558,1953593412.0,2025-11-13 17:59:59.999,7071932.58383500,32577,724810556.00,2629285.02089800,0
2025-11-13 18:00:00,0.003559,0.003579,0.003507,0.003565,1254226030.0,2025-11-13 18:59:59.999,4444180.61526000,20158,572474864.00,2029539.21597900,0
2025-11-13 19:00:00,0.003565,0.003596,0.003506,0.00353,854544091.0,2025-11-13 19:59:59.999,3034036.27085900,15300,490636528.00,1742636.09486200,0
2025-11-13 20:00:00,0.00353,0.003592,0.003514,0.003552,776710766.0,2025-11-13 20:59:59.999,2758937.07392900,13669,370401691.00,1315785.86048500,0
2025-11-13 21:00:00,0.003551,0.003583,0.003535,0.003565,612061813.0,2025-11-13 21:59:59.999,2179942.34101700,10500,313934665.00,1117983.47769500,0
2025-11-13 22:00:00,0.003564,0.003661,0.003552,0.003643,1544617193.0,2025-11-13 22:59:59.999,5552681.11681200,29168,472481083.00,1701168.45628400,0
2025-11-13 23:00:00,0.003642,0.003697,0.003608,0.003628,538757917.0,2025-11-13 23:59:59.999,1969726.63680200,10223,253422137.00,927138.08975900,0
2025-11-14 00:00:00,0.003628,0.003657,0.003581,0.003653,658267558.0,2025-11-14 00:59:59.999,2383496.02641200,11990,330918727.00,1198688.17088600,0
2025-11-14 01:00:00,0.003652,0.00369,0.003641,0.003669,507129787.0,2025-11-14 01:59:59.999,1859258.57842400,9157,307450802.00,1127213.07236700,0
2025-11-14 02:00:00,0.003669,0.003767,0.003665,0.003723,609761588.0,2025-11-14 02:59:59.999,2268796.46902800,10116,340393550.00,1265801.56985800,0
2025-11-14 03:00:00,0.003723,0.003724,0.003685,0.003707,268849651.0,2025-11-14 03:59:59.999,995643.77194400,5403,144394406.00,534806.57274900,0
2025-11-14 04:00:00,0.003706,0.003706,0.003529,0.003641,1158515917.0,2025-11-14 04:59:59.999,4184912.62389000,23440,509281712.00,1839900.87095800,0
2025-11-14 05:00:00,0.003641,0.003686,0.00359,0.003629,705835348.0,2025-11-14 05:59:59.999,2567630.09772000,13348,376081644.00,1368989.85138900,0
2025-11-14 06:00:00,0.00363,0.003729,0.003562,0.003725,680069690.0,2025-11-14 06:59:59.999,2459400.02596000,12265,354059298.00,1282915.80925100,0
2025-11-14 07:00:00,0.003725,0.003742,0.003641,0.003646,667464021.0,2025-11-14 07:59:59.999,2461888.20546500,14621,310091585.00,1143681.84799300,0
2025-11-14 08:00:00,0.003646,0.003654,0.003589,0.003615,461842979.0,2025-11-14 08:59:59.999,1668222.42633800,7049,163665662.00,591519.30548700,0
2025-11-14 09:00:00,0.003615,0.003633,0.003577,0.003592,392410647.0,2025-11-14 09:59:59.999,1414953.59483100,7067,192379663.00,693904.21063700,0
2025-11-14 10:00:00,0.003592,0.003659,0.003588,0.003626,196929679.0,2025-11-14 10:59:59.999,715749.15046900,4238,101188577.00,367675.06466000,0
2025-11-14 11:00:00,0.003625,0.003653,0.003584,0.003641,536159963.0,2025-11-14 11:59:59.999,1939737.49951200,8973,235589594.00,852274.27557200,0
2025-11-14 12:00:00,0.003641,0.003641,0.003453,0.003566,1410436051.0,2025-11-14 12:59:59.999,4978155.57762600,23012,672290675.00,2375227.02875300,0
2025-11-14 13:00:00,0.003567,0.003583,0.003439,0.003528,976735371.0,2025-11-14 13:59:59.999,3417568.42727400,17884,483521259.00,1692599.45626000,0
2025-11-14 14:00:00,0.003526,0.00359,0.003465,0.003569,886820685.0,2025-11-14 14:59:59.999,3143339.53726200,18896,435879743.00,1545527.64560300,0
2025-11-14 15:00:00,0.003568,0.003617,0.003504,0.003584,671201878.0,2025-11-14 15:59:59.999,2387910.60594300,14438,350181810.00,1246322.16311100,0
2025-11-14 16:00:00,0.003585,0.003653,0.003511,0.003615,687157384.0,2025-11-14 16:59:59.999,2458615.53159900,13897,371458323.00,1329425.61538300,0
2025-11-14 17:00:00,0.003615,0.003636,0.003524,0.003549,451024972.0,2025-11-14 17:59:59.999,1616532.96068200,10408,205637257.00,737251.41382100,0
2025-11-14 18:00:00,0.003549,0.00367,0.003538,0.003605,577104905.0,2025-11-14 18:59:59.999,2081732.71339900,12620,347376853.00,1253352.78060500,0
2025-11-14 19:00:00,0.003604,0.003662,0.003589,0.003645,325205235.0,2025-11-14 19:59:59.999,1182266.44886300,6365,206673475.00,751938.30138800,0
2025-11-14 20:00:00,0.003645,0.003645,0.003488,0.003524,487584248.0,2025-11-14 20:59:59.999,1728201.29721600,11300,198536563.00,703492.22631200,0
2025-11-14 21:00:00,0.003524,0.003595,0.003504,0.003557,390773437.0,2025-11-14 21:59:59.999,1393535.64503300,8796,220393652.00,785870.76952100,0
2025-11-14 22:00:00,0.003556,0.003592,0.003528,0.003539,276282622.0,2025-11-14 22:59:59.999,982415.97581400,5694,149859494.00,533022.50370700,0
2025-11-14 23:00:00,0.00354,0.00354,0.003437,0.003476,573617451.0,2025-11-14 23:59:59.999,2000279.36369600,13139,254371601.00,887956.27617200,0
2025-11-15 00:00:00,0.003476,0.00359,0.003468,0.003583,385092763.0,2025-11-15 00:59:59.999,1364191.28250700,10865,210246594.00,744826.46056200,0
2025-11-15 01:00:00,0.003582,0.003642,0.003563,0.00364,331833169.0,2025-11-15 01:59:59.999,1195134.41222500,8467,154318700.00,555627.29373400,0
2025-11-15 02:00:00,0.003639,0.003678,0.003623,0.003676,243487407.0,2025-11-15 02:59:59.999,887464.81965800,5886,130368435.00,475311.32532000,0
2025-11-15 03:00:00,0.003676,0.003695,0.003624,0.003636,380027792.0,2025-11-15 03:59:59.999,1390009.63759700,8039,206868476.00,756457.42161100,0
2025-11-15 04:00:00,0.003637,0.003646,0.003621,0.003635,143694385.0,2025-11-15 04:59:59.999,522037.20785500,2809,71237344.00,258832.59070000,0
2025-11-15 05:00:00,0.003636,0.003671,0.003613,0.00366,345565745.0,2025-11-15 05:59:59.999,1256294.83869100,5132,152571987.00,554826.92160200,0
2025-11-15 06:00:00,0.00366,0.003669,0.003631,0.003649,173837864.0,2025-11-15 06:59:59.999,634644.03719600,3495,82080530.00,299691.66762600,0
2025-11-15 07:00:00,0.00365,0.00365,0.003608,0.003615,135384446.0,2025-11-15 07:59:59.999,491037.10968100,2968,59260936.00,214975.93047800,0
2025-11-15 08:00:00,0.003616,0.003618,0.003481,0.003503,544747573.0,2025-11-15 08:59:59.999,1935580.95118800,10432,217506952.00,772478.33388700,0
2025-11-15 09:00:00,0.003503,0.00356,0.003493,0.003524,356647154.0,2025-11-15 09:59:59.999,1259451.62867500,7289,181009108.00,639319.90012200,0
2025-11-15 10:00:00,0.003523,0.003538,0.003499,0.003524,357100522.0,2025-11-15 10:59:59.999,1257347.64610300,6772,183147811.00,644732.43749600,0
2025-11-15 11:00:00,0.003524,0.003532,0.003486,0.003503,196631266.0,2025-11-15 11:59:59.999,689420.93333700,3858,100694284.00,353112.10823400,0
2025-11-15 12:00:00,0.003503,0.003573,0.003494,0.003554,186601498.0,2025-11-15 12:59:59.999,659029.92561600,4436,112026985.00,395665.62019700,0
2025-11-15 13:00:00,0.003554,0.003604,0.003539,0.003596,280758489.0,2025-11-15 13:59:59.999,1006375.37888700,6740,149448620.00,535844.02878500,0
2025-11-15 14:00:00,0.003596,0.003597,0.00355,0.003591,290319124.0,2025-11-15 14:59:59.999,1038163.43279100,5600,160637381.00,574602.36742500,0
2025-11-15 15:00:00,0.00359,0.003616,0.003576,0.00358,182693371.0,2025-11-15 15:59:59.999,656691.85210300,4526,85878616.00,308884.32333400,0
2025-11-15 16:00:00,0.00358,0.003594,0.003535,0.003588,218322884.0,2025-11-15 16:59:59.999,778326.99989600,5048,91078213.00,324664.60683000,0
2025-11-15 17:00:00,0.003587,0.003626,0.00357,0.003617,289541419.0,2025-11-15 17:59:59.999,1041236.04686200,6412,137842205.00,495927.16969900,0
2025-11-15 18:00:00,0.003618,0.003628,0.003582,0.003597,215062826.0,2025-11-15 18:59:59.999,776135.94266100,4832,87910964.00,317317.76132900,0
2025-11-15 19:00:00,0.003598,0.003602,0.003564,0.003574,153606430.0,2025-11-15 19:59:59.999,550948.30336500,3226,72653282.00,260664.01678500,0
2025-11-15 20:00:00,0.003575,0.003575,0.00353,0.003537,120848080.0,2025-11-15 20:59:59.999,428545.97705300,3232,53105764.00,188302.39920000,0
2025-11-15 21:00:00,0.003537,0.003568,0.003507,0.003524,207200205.0,2025-11-15 21:59:59.999,733292.51527500,5202,88453007.00,313125.76932800,0
2025-11-15 22:00:00,0.003523,0.003581,0.00351,0.003566,221551802.0,2025-11-15 22:59:59.999,786023.76263900,3381,108061480.00,383694.23868800,0
2025-11-15 23:00:00,0.003566,0.003612,0.00356,0.003591,124781372.0,2025-11-15 23:59:59.999,447393.75628100,3189,69501983.00,248956.86488400,0
2025-11-16 00:00:00,0.003591,0.003603,0.003546,0.003575,246855232.0,2025-11-16 00:59:59.999,881426.14360700,6357,128984231.00,460975.48829200,0
2025-11-16 01:00:00,0.003574,0.003579,0.003466,0.003535,468520530.0,2025-11-16 01:59:59.999,1651152.41115000,12015,214855694.00,757425.16736700,0
2025-11-16 02:00:00,0.003535,0.0036,0.003519,0.003592,268712314.0,2025-11-16 02:59:59.999,959013.15437300,7084,164460153.00,586940.67404300,0
2025-11-16 03:00:00,0.003592,0.003604,0.003566,0.003594,133293487.0,2025-11-16 03:59:59.999,477771.90061400,3398,74858658.00,268485.65240500,0
2025-11-16 04:00:00,0.003594,0.003614,0.003556,0.003574,142147311.0,2025-11-16 04:59:59.999,510387.59438900,4025,66486030.00,238749.42028900,0
2025-11-16 05:00:00,0.003573,0.003633,0.003571,0.003615,245040914.0,2025-11-16 05:59:59.999,885162.08792300,5106,143579726.00,518725.22311200,0
2025-11-16 06:00:00,0.003615,0.003661,0.003609,0.00362,248963060.0,2025-11-16 06:59:59.999,906055.10621600,4907,110851996.00,403586.21659300,0
2025-11-16 07:00:00,0.00362,0.003632,0.003604,0.003632,176330163.0,2025-11-16 07:59:59.999,637307.40778500,3229,92470388.00,334119.44786400,0
2025-11-16 08:00:00,0.003633,0.003638,0.003582,0.003603,148065655.0,2025-11-16 08:59:59.999,533978.68694900,3324,70600119.00,254749.54136000,0
2025-11-16 09:00:00,0.003603,0.003668,0.003581,0.003668,228736529.0,2025-11-16 09:59:59.999,827073.25770800,5313,135343494.00,489562.01046800,0
2025-11-16 10:00:00,0.003668,0.003691,0.003648,0.003656,457133252.0,2025-11-16 10:59:59.999,1676297.34623300,8960,228569589.00,838415.07205900,0
2025-11-16 11:00:00,0.003657,0.003663,0.003534,0.00355,384802100.0,2025-11-16 11:59:59.999,1374745.66207600,9092,189731001.00,677493.07644500,0
2025-11-16 12:00:00,0.003549,0.003582,0.003527,0.003544,309083820.0,2025-11-16 12:59:59.999,1098382.88148400,5687,140673307.00,499776.73255800,0
2025-11-16 13:00:00,0.003543,0.003557,0.00347,0.003489,689436646.0,2025-11-16 13:59:59.999,2421917.93900600,10149,348752515.00,1225493.18686000,0
2025-11-16 14:00:00,0.003489,0.003544,0.003465,0.003521,449001721.0,2025-11-16 14:59:59.999,1571179.92042800,8535,271059287.00,948269.86465400,0
2025-11-16 15:00:00,0.003522,0.003525,0.003352,0.003365,1106494561.0,2025-11-16 15:59:59.999,3773042.65769800,17893,583704783.00,1990459.92966900,0
2025-11-16 16:00:00,0.003365,0.003449,0.003297,0.003311,1098970595.0,2025-11-16 16:59:59.999,3705460.59283200,22652,594546454.00,2007900.05862500,0
2025-11-16 17:00:00,0.00331,0.003356,0.003275,0.003344,1039522178.0,2025-11-16 17:59:59.999,3440122.59561300,20468,527405263.00,1745794.49546900,0
2025-11-16 18:00:00,0.003344,0.003446,0.003333,0.003352,1000940314.0,2025-11-16 18:59:59.999,3389700.03534600,19670,508337744.00,1721737.65858200,0
2025-11-16 19:00:00,0.003352,0.003413,0.003349,0.003372,274866210.0,2025-11-16 19:59:59.999,929839.64952900,7027,160515189.00,543124.95899100,0
2025-11-16 20:00:00,0.003372,0.003407,0.00335,0.00335,269364800.0,2025-11-16 20:59:59.999,909473.25260700,5257,146274569.00,494031.22273000,0
2025-11-16 21:00:00,0.003352,0.003375,0.003305,0.003328,463397432.0,2025-11-16 21:59:59.999,1545423.88313500,10188,222454737.00,742218.44459900,0
2025-11-16 22:00:00,0.003329,0.003398,0.003286,0.003375,508320397.0,2025-11-16 22:59:59.999,1694196.81101900,7754,260891577.00,869424.53643300,0
2025-11-16 23:00:00,0.003375,0.003447,0.003299,0.003422,789727861.0,2025-11-16 23:59:59.999,2667408.60294900,16035,415882075.00,1407774.19972600,0
2025-11-17 00:00:00,0.003421,0.003474,0.003369,0.003442,626233825.0,2025-11-17 00:59:59.999,2142355.36694800,13052,340711861.00,1165988.82233900,0
2025-11-17 01:00:00,0.003442,0.003456,0.003397,0.00341,301079376.0,2025-11-17 01:59:59.999,1030233.09085600,6952,153639289.00,525889.54886200,0
2025-11-17 02:00:00,0.003411,0.003451,0.003399,0.00343,250949021.0,2025-11-17 02:59:59.999,860255.81580800,5650,153206913.00,525134.01070900,0
2025-11-17 03:00:00,0.003431,0.003468,0.00343,0.003442,169431568.0,2025-11-17 03:59:59.999,584348.14093100,3540,101072333.00,348676.37385300,0
2025-11-17 04:00:00,0.003443,0.003446,0.003396,0.003396,158775492.0,2025-11-17 04:59:59.999,543341.49831300,3293,90635164.00,310232.39768900,0
2025-11-17 05:00:00,0.003397,0.003408,0.003374,0.003389,134653211.0,2025-11-17 05:59:59.999,457198.52322700,3148,78361504.00,266170.61503000,0
2025-11-17 06:00:00,0.003389,0.003392,0.003327,0.003368,287599695.0,2025-11-17 06:59:59.999,965569.72948800,3983,169403874.00,569199.86104100,0
2025-11-17 07:00:00,0.003367,0.003404,0.003354,0.003393,284369465.0,2025-11-17 07:59:59.999,960275.04195100,4845,186804683.00,630991.12102700,0
2025-11-17 08:00:00,0.003393,0.003414,0.003361,0.00338,234850426.0,2025-11-17 08:59:59.999,795307.99037100,4510,114129279.00,386652.98334400,0
2025-11-17 09:00:00,0.003381,0.003415,0.003363,0.003371,228133356.0,2025-11-17 09:59:59.999,771026.82030100,3840,122361251.00,413673.46595800,0
2025-11-17 10:00:00,0.00337,0.003403,0.003363,0.003393,353182545.0,2025-11-17 10:59:59.999,1195196.72253600,4829,194529691.00,658278.61405100,0
2025-11-17 11:00:00,0.003393,0.003484,0.003386,0.003426,501980939.0,2025-11-17 11:59:59.999,1729042.73303000,9079,270739807.00,932077.33123300,0
2025-11-17 12:00:00,0.003425,0.003432,0.003366,0.003391,334948674.0,2025-11-17 12:59:59.999,1137837.49303600,6598,122928044.00,417578.56025200,0
2025-11-17 13:00:00,0.003391,0.003395,0.003119,0.003165,3739823278.0,2025-11-17 13:59:59.999,12007883.35949400,43415,1873639270.00,5983334.84182300,0
2025-11-17 14:00:00,0.003164,0.003285,0.00314,0.003195,1832410373.0,2025-11-17 14:59:59.999,5881460.41108800,29098,893062526.00,2866829.35767900,0
2025-11-17 15:00:00,0.003195,0.003216,0.003083,0.003099,1441881039.0,2025-11-17 15:59:59.999,4530560.75051900,22882,756087985.00,2379914.97360300,0
2025-11-17 16:00:00,0.003099,0.003131,0.003026,0.003121,2396540103.0,2025-11-17 16:59:59.999,7346542.80197100,30655,1183028499.00,3630051.58433100,0
2025-11-17 17:00:00,0.003121,0.003125,0.002922,0.002939,2206859035.0,2025-11-17 17:59:59.999,6612211.20773300,22828,950005350.00,2848963.02401400,0
2025-11-17 18:00:00,0.00294,0.002968,0.002885,0.002894,1826962655.0,2025-11-17 18:59:59.999,5318742.27191000,24032,1004752642.00,2925651.95865400,0
2025-11-17 19:00:00,0.002893,0.002963,0.002856,0.002934,1723215287.0,2025-11-17 19:59:59.999,4996180.04836600,26998,1069828390.00,3103877.25615400,0
2025-11-17 20:00:00,0.002934,0.00299,0.002924,0.002959,1072310464.0,2025-11-17 20:59:59.999,3178414.14003400,18657,601779208.00,1784250.54661100,0
2025-11-17 21:00:00,0.00296,0.002985,0.002921,0.002922,532819860.0,2025-11-17 21:59:59.999,1576547.51864300,9692,268145011.00,793180.61492600,0
2025-11-17 22:00:00,0.002923,0.002948,0.002888,0.002895,739540411.0,2025-11-17 22:59:59.999,2161243.75596400,9717,458011452.00,1338503.36581800,0
2025-11-17 23:00:00,0.002896,0.002926,0.002863,0.00289,770354773.0,2025-11-17 23:59:59.999,2223691.49894500,10443,466274408.00,1346545.10493600,0
2025-11-18 00:00:00,0.002891,0.002901,0.002764,0.002882,2233240242.0,2025-11-18 00:59:59.999,6316161.60351500,26008,1095356069.00,3104252.11947900,0
2025-11-18 01:00:00,0.002882,0.002897,0.002805,0.00288,984733199.0,2025-11-18 01:59:59.999,2802693.92126700,13801,515899143.00,1469398.66150600,0
2025-11-18 02:00:00,0.002879,0.00304,0.002856,0.002974,1892140774.0,2025-11-18 02:59:59.999,5613959.23896700,24448,960243941.00,2849544.13400700,0
2025-11-18 03:00:00,0.002973,0.003026,0.002947,0.003009,1203389738.0,2025-11-18 03:59:59.999,3583652.94193900,18471,559671768.00,1667817.00564400,0
2025-11-18 04:00:00,0.00301,0.003044,0.002944,0.003036,677671997.0,2025-11-18 04:59:59.999,2020670.00042500,12865,339986347.00,1014799.86405600,0
2025-11-18 05:00:00,0.003036,0.003043,0.002988,0.002997,625230121.0,2025-11-18 05:59:59.999,1881908.62172400,10396,321212648.00,967415.63730600,0
2025-11-18 06:00:00,0.002998,0.003004,0.00296,0.002981,536980429.0,2025-11-18 06:59:59.999,1601824.78807900,8427,301465458.00,899849.19857900,0
2025-11-18 07:00:00,0.00298,0.003101,0.00296,0.003072,1226273569.0,2025-11-18 07:59:59.999,3741736.75990400,19553,700624052.00,2137154.11189600,0
2025-11-18 08:00:00,0.003071,0.003127,0.00305,0.003093,834203691.0,2025-11-18 08:59:59.999,2573976.59152800,12307,461167424.00,1423191.83460100,0
2025-11-18 09:00:00,0.003093,0.003117,0.003062,0.003103,544187621.0,2025-11-18 09:59:59.999,1679773.65476000,8601,285722254.00,881981.99242200,0
2025-11-18 10:00:00,0.003102,0.003112,0.003066,0.003088,374159868.0,2025-11-18 10:59:59.999,1155316.71735700,6218,221340645.00,683563.63534000,0
2025-11-18 11:00:00,0.003087,0.003111,0.003066,0.003092,244156489.0,2025-11-18 11:59:59.999,754221.34368300,4784,129913806.00,401253.66715400,0
2025-11-18 12:00:00,0.003091,0.003119,0.003072,0.003114,292425904.0,2025-11-18 12:59:59.999,905047.93490800,4957,162478056.00,502883.56865000,0
2025-11-18 13:00:00,0.003113,0.003113,0.003061,0.003105,384491373.0,2025-11-18 13:59:59.999,1184633.84014800,6606,157012941.00,483944.76230400,0
2025-11-18 14:00:00,0.003105,0.003156,0.00308,0.003088,798163102.0,2025-11-18 14:59:59.999,2490632.24365400,12990,388426201.00,1212105.50581900,0
2025-11-18 15:00:00,0.003088,0.003187,0.003082,0.003136,839778836.0,2025-11-18 15:59:59.999,2640029.98806700,15480,436595653.00,1373530.46251600,0
2025-11-18 16:00:00,0.003136,0.003208,0.003122,0.003157,627850777.0,2025-11-18 16:59:59.999,1992044.16379700,10647,322044827.00,1021765.71138000,0
2025-11-18 17:00:00,0.003157,0.003196,0.003113,0.003146,454776624.0,2025-11-18 17:59:59.999,1433861.12090800,8484,220418430.00,694666.87806600,0
2025-11-18 18:00:00,0.003146,0.003183,0.003136,0.00314,339136558.0,2025-11-18 18:59:59.999,1071296.26048000,5967,160877185.00,508497.06616400,0
2025-11-18 19:00:00,0.00314,0.003163,0.003119,0.003132,166014264.0,2025-11-18 19:59:59.999,521269.60742000,3167,81006408.00,254342.72996000,0
2025-11-18 20:00:00,0.003132,0.003173,0.003123,0.003155,251666778.0,2025-11-18 20:59:59.999,793294.53765300,5003,98956047.00,311955.74025200,0
2025-11-18 21:00:00,0.003156,0.003183,0.003131,0.003136,289086702.0,2025-11-18 21:59:59.999,912530.40894000,4977,113575665.00,358420.76644500,0
2025-11-18 22:00:00,0.003136,0.003181,0.003134,0.003161,505644411.0,2025-11-18 22:59:59.999,1596239.27150500,4760,293674853.00,926842.76979600,0
2025-11-18 23:00:00,0.003161,0.003166,0.003121,0.003121,420314963.0,2025-11-18 23:59:59.999,1322603.26092300,5051,219553092.00,691132.81191800,0
2025-11-19 00:00:00,0.003121,0.003124,0.003057,0.003103,533984276.0,2025-11-19 00:59:59.999,1648587.44250600,7091,209979099.00,648247.45037700,0
2025-11-19 01:00:00,0.003104,0.003105,0.00306,0.003082,286355566.0,2025-11-19 01:59:59.999,883093.73114100,5041,116236752.00,358515.07882900,0
2025-11-19 02:00:00,0.003083,0.003123,0.003078,0.003107,253804812.0,2025-11-19 02:59:59.999,787192.18710800,3920,120668436.00,374459.82509000,0
2025-11-19 03:00:00,0.003106,0.003125,0.003037,0.003059,457295768.0,2025-11-19 03:59:59.999,1401883.19177700,5603,211290986.00,647508.45112900,0
2025-11-19 04:00:00,0.003058,0.003067,0.003002,0.003028,574434454.0,2025-11-19 04:59:59.999,1744005.68764300,7160,292115182.00,886802.99825500,0
2025-11-19 05:00:00,0.003028,0.003043,0.002969,0.002995,618473762.0,2025-11-19 05:59:59.999,1858242.18041800,7692,282452427.00,849138.61438800,0
2025-11-19 06:00:00,0.002995,0.003038,0.002982,0.003035,474980739.0,2025-11-19 06:59:59.999,1426903.95414100,6379,237305663.00,713138.25765100,0
2025-11-19 07:00:00,0.003035,0.003077,0.003027,0.003051,278539534.0,2025-11-19 07:59:59.999,849539.91853400,4602,142642861.00,435100.13250200,0
2025-11-19 08:00:00,0.003051,0.0031,0.003049,0.003072,250841351.0,2025-11-19 08:59:59.999,771612.64577800,3870,127891724.00,393577.19963000,0
2025-11-19 09:00:00,0.003071,0.003098,0.003052,0.003077,261247748.0,2025-11-19 09:59:59.999,803080.82372900,3542,142730058.00,438765.07183500,0
2025-11-19 10:00:00,0.003077,0.003092,0.003051,0.003051,149596553.0,2025-11-19 10:59:59.999,459018.94877700,1908,68508018.00,210254.15302200,0
2025-11-19 11:00:00,0.003053,0.003089,0.003048,0.00307,108666435.0,2025-11-19 11:59:59.999,333902.76381500,2032,55760883.00,171356.54864600,0
2025-11-19 12:00:00,0.003071,0.003083,0.003045,0.003055,149766264.0,2025-11-19 12:59:59.999,458795.06473200,2505,75647538.00,231809.09280000,0
2025-11-19 13:00:00,0.003055,0.003057,0.003014,0.003017,231918003.0,2025-11-19 13:59:59.999,703381.20077900,3615,103302548.00,313262.82575300,0
2025-11-19 14:00:00,0.003017,0.003053,0.002983,0.003023,441625042.0,2025-11-19 14:59:59.999,1331688.64702200,6751,204512966.00,616968.27020500,0
2025-11-19 15:00:00,0.003024,0.003076,0.00294,0.002948,1150686594.0,2025-11-19 15:59:59.999,3458490.19549800,15746,492552450.00,1479786.06311300,0
2025-11-19 16:00:00,0.002948,0.00297,0.002883,0.002899,668085114.0,2025-11-19 16:59:59.999,1952968.52277900,8953,356627186.00,1043456.46412600,0
2025-11-19 17:00:00,0.002898,0.002998,0.002897,0.00297,762314454.0,2025-11-19 17:59:59.999,2240952.83936400,8629,433585643.00,1275374.76102200,0
2025-11-19 18:00:00,0.002969,0.00297,0.002902,0.002923,589419525.0,2025-11-19 18:59:59.999,1731912.04028000,9029,310075481.00,911386.44188600,0
2025-11-19 19:00:00,0.002923,0.00293,0.002879,0.002902,359152984.0,2025-11-19 19:59:59.999,1042708.97160200,5402,179466669.00,520904.98795700,0
2025-11-19 20:00:00,0.002902,0.00301,0.002892,0.002997,553858841.0,2025-11-19 20:59:59.999,1639833.55660700,8607,323861311.00,959341.14755100,0
2025-11-19 21:00:00,0.002997,0.003084,0.002993,0.003074,755327802.0,2025-11-19 21:59:59.999,2300649.80761300,12610,370866032.00,1130475.14888300,0
2025-11-19 22:00:00,0.003073,0.003198,0.003057,0.00319,919123069.0,2025-11-19 22:59:59.999,2875454.66385800,10261,505352571.00,1580980.93574500,0
2025-11-19 23:00:00,0.00319,0.003227,0.00316,0.003201,1011552696.0,2025-11-19 23:59:59.999,3225155.55174300,12663,479631968.00,1528895.97873700,0
2025-11-20 00:00:00,0.0032,0.003208,0.003145,0.003171,504015908.0,2025-11-20 00:59:59.999,1600296.28499200,7793,226843206.00,720560.31298100,0
2025-11-20 01:00:00,0.003171,0.003197,0.003168,0.003194,284356841.0,2025-11-20 01:59:59.999,905392.42898800,5294,128485293.00,409215.42956300,0
2025-11-20 02:00:00,0.003195,0.003264,0.003193,0.003227,644428297.0,2025-11-20 02:59:59.999,2083181.21716600,9571,329093667.00,1063594.40243300,0
2025-11-20 03:00:00,0.003228,0.003241,0.00318,0.003186,314496611.0,2025-11-20 03:59:59.999,1008003.22247900,5021,131306806.00,421188.62568300,0
2025-11-20 04:00:00,0.003187,0.003209,0.003162,0.003207,526686300.0,2025-11-20 04:59:59.999,1679927.83402600,6639,293016775.00,935041.08218400,0
2025-11-20 05:00:00,0.003208,0.003208,0.003176,0.00319,265346639.0,2025-11-20 05:59:59.999,845592.90507400,5046,141312786.00,450301.54136300,0
2025-11-20 06:00:00,0.00319,0.003402,0.003187,0.003275,1631935803.0,2025-11-20 06:59:59.999,5381096.60623600,22229,843453447.00,2782219.38034100,0
2025-11-20 07:00:00,0.003274,0.003293,0.003243,0.003268,457405868.0,2025-11-20 07:59:59.999,1494243.18114100,6983,250238437.00,817531.38049800,0
2025-11-20 08:00:00,0.003269,0.003284,0.003252,0.003276,271882305.0,2025-11-20 08:59:59.999,888993.87882700,4494,129404944.00,423161.88304700,0
2025-11-20 09:00:00,0.003275,0.003279,0.003196,0.003213,595299605.0,2025-11-20 09:59:59.999,1928862.12854800,7573,219279365.00,711022.97062000,0
2025-11-20 10:00:00,0.003213,0.003215,0.003159,0.003188,535507465.0,2025-11-20 10:59:59.999,1705458.70509300,6374,164131151.00,522682.19430800,0
2025-11-20 11:00:00,0.003187,0.003209,0.003166,0.003188,479408370.0,2025-11-20 11:59:59.999,1529420.45564900,7272,221892205.00,708286.82950600,0
2025-11-20 12:00:00,0.003188,0.00319,0.003139,0.003184,405796557.0,2025-11-20 12:59:59.999,1283499.82322000,6549,163527652.00,517256.62624000,0
2025-11-20 13:00:00,0.003185,0.003225,0.003149,0.003149,586050704.0,2025-11-20 13:59:59.999,1864482.61514800,10524,259900844.00,827461.67917100,0
2025-11-20 14:00:00,0.003149,0.003179,0.003097,0.003153,676713619.0,2025-11-20 14:59:59.999,2120439.66223700,11627,302128300.00,947104.07710600,0
2025-11-20 15:00:00,0.003153,0.003156,0.003021,0.003025,943036614.0,2025-11-20 15:59:59.999,2888940.23342000,17114,408373901.00,1250721.98364200,0
2025-11-20 16:00:00,0.003025,0.003034,0.002911,0.002946,1529774234.0,2025-11-20 16:59:59.999,4537492.08232200,23993,906118775.00,2687569.57092900,0
2025-11-20 17:00:00,0.002945,0.002959,0.002855,0.002887,1191029901.0,2025-11-20 17:59:59.999,3449326.82839500,19005,621674774.00,1800275.57047300,0
2025-11-20 18:00:00,0.002887,0.00293,0.002859,0.002868,913499357.0,2025-11-20 18:59:59.999,2639716.19943800,13087,594102787.00,1718168.67065700,0
2025-11-20 19:00:00,0.002868,0.00291,0.002831,0.002905,851782949.0,2025-11-20 19:59:59.999,2433389.32156800,15173,483545476.00,1382621.43117200,0
2025-11-20 20:00:00,0.002905,0.002945,0.002872,0.002921,479647397.0,2025-11-20 20:59:59.999,1394315.71419800,7802,305093578.00,886884.96185700,0
2025-11-20 21:00:00,0.002921,0.003026,0.00292,0.002998,652323915.0,2025-11-20 21:59:59.999,1947631.52773600,11434,385017004.00,1149351.82377200,0
2025-11-20 22:00:00,0.002997,0.003028,0.002986,0.003013,275230668.0,2025-11-20 22:59:59.999,827682.12775900,5742,158251611.00,475864.57853800,0
2025-11-20 23:00:00,0.003013,0.003022,0.00293,0.002952,450202239.0,2025-11-20 23:59:59.999,1339970.59603200,8723,208063875.00,619226.54404300,0
2025-11-21 00:00:00,0.002952,0.003001,0.002934,0.002999,525276700.0,2025-11-21 00:59:59.999,1555831.21969300,10695,312897490.00,926832.91249700,0
2025-11-21 01:00:00,0.002999,0.00302,0.002951,0.002958,316163469.0,2025-11-21 01:59:59.999,943727.67181000,6757,179351805.00,535744.99475000,0
2025-11-21 02:00:00,0.002958,0.002976,0.002909,0.00292,536997579.0,2025-11-21 02:59:59.999,1579869.65150700,12856,282777370.00,831873.48489600,0
2025-11-21 03:00:00,0.00292,0.002957,0.002913,0.002914,541303797.0,2025-11-21 03:59:59.999,1586364.78888300,9553,292836207.00,858380.90906000,0
2025-11-21 04:00:00,0.002914,0.002959,0.002877,0.002956,615386727.0,2025-11-21 04:59:59.999,1789133.30975300,9823,319047393.00,926449.91802800,0
2025-11-21 05:00:00,0.002956,0.002956,0.002902,0.002919,243658939.0,2025-11-21 05:59:59.999,713138.66658500,5364,128742828.00,376796.86249800,0
2025-11-21 06:00:00,0.00292,0.002932,0.002879,0.002891,418377309.0,2025-11-21 06:59:59.999,1214015.73818400,6802,201356143.00,584304.34786500,0
2025-11-21 07:00:00,0.002891,0.002903,0.0025,0.002736,4010201365.0,2025-11-21 07:59:59.999,10849346.25701200,47543,1933555746.00,5229998.32207500,0
2025-11-21 08:00:00,0.002736,0.002766,0.002716,0.002733,849150452.0,2025-11-21 08:59:59.999,2325210.24152800,15259,486671955.00,1332890.31898500,0
2025-11-21 09:00:00,0.002734,0.002759,0.00266,0.002671,1307979682.0,2025-11-21 09:59:59.999,3537803.75717000,16587,565109907.00,1528882.08967300,0
2025-11-21 10:00:00,0.002671,0.002718,0.002654,0.002696,972010646.0,2025-11-21 10:59:59.999,2616427.84304400,15553,552429296.00,1488092.59016500,0
2025-11-21 11:00:00,0.002695,0.00274,0.002658,0.00266,776439309.0,2025-11-21 11:59:59.999,2087315.19375500,10160,398462859.00,1071109.70352800,0
2025-11-21 12:00:00,0.002661,0.002752,0.002593,0.00271,1705680759.0,2025-11-21 12:59:59.999,4545554.76952400,27323,834511294.00,2229179.75070600,0
2025-11-21 13:00:00,0.002711,0.002752,0.002696,0.002704,648081859.0,2025-11-21 13:59:59.999,1763043.05657100,9455,343039721.00,933729.79874600,0
2025-11-21 14:00:00,0.002704,0.002782,0.002682,0.002769,1067895622.0,2025-11-21 14:59:59.999,2926605.48987300,16243,549804183.00,1506735.65686700,0
2025-11-21 15:00:00,0.002769,0.00278,0.002732,0.002746,1387818265.0,2025-11-21 15:59:59.999,3820819.75687100,23826,657826862.00,1811334.44316100,0
2025-11-21 16:00:00,0.002747,0.00289,0.002717,0.00289,1905501796.0,2025-11-21 16:59:59.999,5315018.79178500,28298,1213564305.00,3384783.71360300,0
2025-11-21 17:00:00,0.00289,0.002914,0.002826,0.002844,1226110572.0,2025-11-21 17:59:59.999,3517413.41726300,17101,466219345.00,1339410.07507900,0
2025-11-21 18:00:00,0.002845,0.002871,0.002803,0.002839,468469287.0,2025-11-21 18:59:59.999,1326606.06805100,10318,174070261.00,493429.57484600,0
2025-11-21 19:00:00,0.002839,0.002848,0.002791,0.002806,269995725.0,2025-11-21 19:59:59.999,761379.38282400,5574,111323782.00,313831.69698900,0
2025-11-21 20:00:00,0.002805,0.00281,0.002741,0.00276,631816811.0,2025-11-21 20:59:59.999,1748779.36971500,10958,294325418.00,814641.88530000,0
2025-11-21 21:00:00,0.002761,0.00281,0.002743,0.00278,396915157.0,2025-11-21 21:59:59.999,1104253.84022600,7511,233673714.00,650369.77647400,0
2025-11-21 22:00:00,0.00278,0.002794,0.002683,0.002687,549936678.0,2025-11-21 22:59:59.999,1502632.73575200,8901,285000463.00,779339.87410800,0
2025-11-21 23:00:00,0.002687,0.00276,0.00267,0.002741,347882332.0,2025-11-21 23:59:59.999,947077.43842600,7703,187519639.00,510554.04871800,0
2025-11-22 00:00:00,0.002741,0.00278,0.002739,0.002757,325216731.0,2025-11-22 00:59:59.999,896998.44563000,7061,212087127.00,585089.53143100,0
2025-11-22 01:00:00,0.002758,0.002782,0.002747,0.002772,223924964.0,2025-11-22 01:59:59.999,619198.95488200,4476,120360726.00,332899.15271500,0
2025-11-22 02:00:00,0.002773,0.002774,0.002714,0.002728,317454392.0,2025-11-22 02:59:59.999,869306.07377500,5369,170735038.00,467491.85734000,0
2025-11-22 03:00:00,0.002728,0.002744,0.002702,0.002707,278762997.0,2025-11-22 03:59:59.999,759707.92657400,5609,136724077.00,372611.39499700,0
2025-11-22 04:00:00,0.002707,0.002707,0.002651,0.002695,380691892.0,2025-11-22 04:59:59.999,1018192.94535800,6860,204020635.00,545486.72406200,0
2025-11-22 05:00:00,0.002695,0.002714,0.002654,0.002684,369729519.0,2025-11-22 05:59:59.999,989729.65025500,6829,184595197.00,494439.93082700,0
2025-11-22 06:00:00,0.002684,0.002738,0.002666,0.002722,351487384.0,2025-11-22 06:59:59.999,950493.10680400,5873,193199177.00,522455.99354300,0
2025-11-22 07:00:00,0.002722,0.002726,0.002687,0.002695,204515198.0,2025-11-22 07:59:59.999,553683.64445700,3927,105814931.00,286482.46049400,0
2025-11-22 08:00:00,0.002696,0.002697,0.002645,0.002665,452804136.0,2025-11-22 08:59:59.999,1207901.86234000,7727,227280049.00,606267.08785600,0
2025-11-22 09:00:00,0.002666,0.002698,0.002654,0.002686,289730858.0,2025-11-22 09:59:59.999,775231.76448300,5428,146263865.00,391302.42181500,0
2025-11-22 10:00:00,0.002686,0.002704,0.002663,0.002677,229961267.0,2025-11-22 10:59:59.999,616194.76413700,4285,110723278.00,296734.85875700,0
2025-11-22 11:00:00,0.002678,0.002718,0.002677,0.002681,199821181.0,2025-11-22 11:59:59.999,538773.01790700,3281,112251423.00,302749.94045600,0
2025-11-22 12:00:00,0.00268,0.002688,0.002641,0.002658,307711767.0,2025-11-22 12:59:59.999,817744.77143600,4222,176784699.00,469937.82714400,0
2025-11-22 13:00:00,0.002658,0.002669,0.002603,0.002624,336876580.0,2025-11-22 13:59:59.999,884632.86038200,4793,177752478.00,466757.57991900,0
2025-11-22 14:00:00,0.002624,0.002676,0.002623,0.002657,459197156.0,2025-11-22 14:59:59.999,1216447.61806500,6821,248925819.00,659592.48169700,0
2025-11-22 15:00:00,0.002657,0.002662,0.002603,0.002628,370720276.0,2025-11-22 15:59:59.999,974502.04252300,5859,213630532.00,561368.31227400,0
2025-11-22 16:00:00,0.002627,0.002698,0.002624,0.002692,461665270.0,2025-11-22 16:59:59.999,1229835.79498100,6035,243746803.00,649618.06596400,0
2025-11-22 17:00:00,0.002693,0.002695,0.002668,0.002685,277306286.0,2025-11-22 17:59:59.999,743319.11322600,4155,154859034.00,415043.01000500,0
2025-11-22 18:00:00,0.002684,0.002688,0.00265,0.002665,220048669.0,2025-11-22 18:59:59.999,586860.90181300,3490,116073078.00,309560.78286500,0
2025-11-22 19:00:00,0.002664,0.002683,0.002651,0.002654,224752597.0,2025-11-22 19:59:59.999,598995.08601000,3227,143957727.00,383731.04954300,0
2025-11-22 20:00:00,0.002654,0.002671,0.002614,0.00263,216437973.0,2025-11-22 20:59:59.999,571879.22928700,4543,100959628.00,266760.73241500,0
2025-11-22 21:00:00,0.002628,0.002658,0.002618,0.002654,208226919.0,2025-11-22 21:59:59.999,548135.26339400,3986,99210603.00,261232.57957300,0
2025-11-22 22:00:00,0.002654,0.002711,0.002637,0.002706,237802434.0,2025-11-22 22:59:59.999,635359.36242300,2975,116226172.00,310749.98526400,0
2025-11-22 23:00:00,0.002706,0.002706,0.002655,0.00266,160270227.0,2025-11-22 23:59:59.999,427983.60238800,3080,78353113.00,209174.99212300,0
2025-11-23 00:00:00,0.002659,0.002674,0.002629,0.002653,321416140.0,2025-11-23 00:59:59.999,852468.93812900,4851,184413043.00,489176.18652400,0
2025-11-23 01:00:00,0.002654,0.002733,0.002652,0.002691,597113408.0,2025-11-23 01:59:59.999,1608476.86827300,8737,305202098.00,823133.90412000,0
2025-11-23 02:00:00,0.002691,0.002766,0.002679,0.002718,814643508.0,2025-11-23 02:59:59.999,2215301.93739200,9345,449245286.00,1221815.23709100,0
2025-11-23 03:00:00,0.002717,0.002719,0.002687,0.00271,245004377.0,2025-11-23 03:59:59.999,662227.91613100,4451,139860969.00,378059.91048200,0
2025-11-23 04:00:00,0.00271,0.002761,0.002702,0.002741,733439281.0,2025-11-23 04:59:59.999,2004667.19072600,11269,430327371.00,1176345.97119500,0
2025-11-23 05:00:00,0.00274,0.002753,0.002699,0.002739,693739884.0,2025-11-23 05:59:59.999,1890334.19212000,7832,368010186.00,1003193.09508200,0
2025-11-23 06:00:00,0.00274,0.002754,0.002685,0.002692,390833202.0,2025-11-23 06:59:59.999,1061063.78368600,6046,148636511.00,403623.32802600,0
2025-11-23 07:00:00,0.002692,0.002695,0.00265,0.002682,398560552.0,2025-11-23 07:59:59.999,1063590.97310600,5853,179767425.00,480128.90182200,0
2025-11-23 08:00:00,0.002683,0.002689,0.002662,0.002678,156970547.0,2025-11-23 08:59:59.999,420320.68615700,3138,74646069.00,199869.35137500,0
2025-11-23 09:00:00,0.002679,0.002704,0.002674,0.002687,217062000.0,2025-11-23 09:59:59.999,584242.58551200,2788,117377084.00,316026.69170600,0
2025-11-23 10:00:00,0.002686,0.002687,0.002635,0.002652,436345712.0,2025-11-23 10:59:59.999,1157112.28994000,4947,197683726.00,524063.16807000,0
2025-11-23 11:00:00,0.002651,0.002651,0.002586,0.002637,696680862.0,2025-11-23 11:59:59.999,1817761.20207200,11840,377104856.00,983563.58607400,0
2025-11-23 12:00:00,0.002637,0.002686,0.002635,0.00264,442220210.0,2025-11-23 12:59:59.999,1175393.55824700,6786,244050651.00,648761.85677200,0
2025-11-23 13:00:00,0.002641,0.002653,0.002619,0.00264,342305157.0,2025-11-23 13:59:59.999,902428.58387400,5006,150658855.00,397487.39753800,0
2025-11-23 14:00:00,0.00264,0.002659,0.002486,0.002502,2046081879.0,2025-11-23 14:59:59.999,5216992.63272200,24071,979236106.00,2501099.56637700,0
2025-11-23 15:00:00,0.002502,0.002567,0.002471,0.002558,1449590688.0,2025-11-23 15:59:59.999,3645508.41751500,16502,961167739.00,2417246.88545400,0
2025-11-23 16:00:00,0.002559,0.002569,0.002524,0.002527,801378435.0,2025-11-23 16:59:59.999,2041285.83053300,10617,349674874.00,890828.52760000,0
2025-11-23 17:00:00,0.002527,0.002532,0.002479,0.002487,878032752.0,2025-11-23 17:59:59.999,2203162.90280700,12232,464720919.00,1166959.49316100,0
2025-11-23 18:00:00,0.002487,0.002542,0.002486,0.002511,433786594.0,2025-11-23 18:59:59.999,1090495.86113500,5883,292612292.00,735650.71910700,0
2025-11-23 19:00:00,0.002511,0.002592,0.002504,0.002557,527925555.0,2025-11-23 19:59:59.999,1351843.15655300,8479,353603857.00,905148.37289700,0
2025-11-23 20:00:00,0.002557,0.002582,0.002552,0.002568,336483807.0,2025-11-23 20:59:59.999,863021.53918200,4918,157765638.00,404666.26530700,0
2025-11-23 21:00:00,0.002569,0.002604,0.002537,0.002599,563326539.0,2025-11-23 21:59:59.999,1446700.35901500,8656,342488303.00,879263.84157100,0
2025-11-23 22:00:00,0.002599,0.002603,0.002559,0.00257,463546180.0,2025-11-23 22:59:59.999,1193752.61711200,5268,306312809.00,788766.08340500,0
2025-11-23 23:00:00,0.00257,0.002576,0.002517,0.002526,346561489.0,2025-11-23 23:59:59.999,877897.86970200,6324,178029160.00,450917.95172900,0
2025-11-24 00:00:00,0.002526,0.002555,0.002506,0.00253,355734461.0,2025-11-24 00:59:59.999,899099.70335600,7556,184839167.00,467155.94955100,0
2025-11-24 01:00:00,0.002529,0.002557,0.002508,0.002555,244474252.0,2025-11-24 01:59:59.999,616271.52588100,4589,116992787.00,294923.02949000,0
2025-11-24 02:00:00,0.002557,0.002691,0.002547,0.002639,1325770793.0,2025-11-24 02:59:59.999,3505160.62994100,15049,622017568.00,1642296.28119900,0
2025-11-24 03:00:00,0.002639,0.002671,0.002608,0.00264,576790048.0,2025-11-24 03:59:59.999,1521656.26682600,8115,249834094.00,659506.09949200,0
2025-11-24 04:00:00,0.00264,0.002652,0.002588,0.002621,1002284465.0,2025-11-24 04:59:59.999,2626369.36993800,12720,604128304.00,1584513.82819900,0
2025-11-24 05:00:00,0.002621,0.002691,0.002614,0.002649,976244139.0,2025-11-24 05:59:59.999,2593506.86794500,11780,541730348.00,1439977.99551000,0
2025-11-24 06:00:00,0.002648,0.002652,0.002591,0.002635,526670321.0,2025-11-24 06:59:59.999,1381127.50483500,7950,250537454.00,656772.49465700,0
2025-11-24 07:00:00,0.002634,0.002647,0.002614,0.002621,233240965.0,2025-11-24 07:59:59.999,613096.82308700,4249,102983177.00,270746.67274700,0
2025-11-24 08:00:00,0.002621,0.002638,0.002601,0.002637,285841722.0,2025-11-24 08:59:59.999,746910.82958800,4250,120695498.00,315558.33356900,0
2025-11-24 09:00:00,0.002636,0.002636,0.00254,0.002556,754460010.0,2025-11-24 09:59:59.999,1940719.23219400,8016,228991503.00,590268.44478800,0
2025-11-24 10:00:00,0.002556,0.002596,0.002553,0.002572,395512081.0,2025-11-24 10:59:59.999,1019585.23617900,5523,216424180.00,557981.50704000,0
2025-11-24 11:00:00,0.002571,0.002576,0.002551,0.002563,252799545.0,2025-11-24 11:59:59.999,648200.09000500,4155,123500574.00,316783.18749200,0
2025-11-24 12:00:00,0.002562,0.002574,0.002535,0.002541,278637742.0,2025-11-24 12:59:59.999,711993.24375000,4071,171981369.00,439592.70283600,0
2025-11-24 13:00:00,0.002541,0.002626,0.002535,0.002596,451780631.0,2025-11-24 13:59:59.999,1173155.87689300,7165,258588077.00,671342.11896100,0
2025-11-24 14:00:00,0.002595,0.002698,0.002578,0.00266,987144543.0,2025-11-24 14:59:59.999,2612171.09940900,14510,502635029.00,1331092.90752000,0
2025-11-24 15:00:00,0.002661,0.002721,0.002621,0.0027,613730776.0,2025-11-24 15:59:59.999,1640235.98420700,8851,289331107.00,773147.61357200,0
2025-11-24 16:00:00,0.002701,0.002739,0.002692,0.002698,452363987.0,2025-11-24 16:59:59.999,1227340.31996300,6750,214423176.00,582166.95197500,0
2025-11-24 17:00:00,0.002699,0.002807,0.002693,0.002802,715677987.0,2025-11-24 17:59:59.999,1966522.90750500,9080,388431326.00,1068426.77863800,0
2025-11-24 18:00:00,0.002802,0.002827,0.002789,0.002802,771763983.0,2025-11-24 18:59:59.999,2166806.59358800,13030,370265884.00,1040082.84648400,0
2025-11-24 19:00:00,0.002802,0.002814,0.002775,0.002788,550720698.0,2025-11-24 19:59:59.999,1537596.43387600,6701,247848148.00,692133.50446400,0
2025-11-24 20:00:00,0.002789,0.002851,0.002788,0.002822,623365502.0,2025-11-24 20:59:59.999,1760360.77141500,8478,305176554.00,861862.97673300,0
2025-11-24 21:00:00,0.002821,0.00285,0.002819,0.002833,254481065.0,2025-11-24 21:59:59.999,721621.82820000,5239,141049742.00,400051.10878800,0
2025-11-24 22:00:00,0.002833,0.00285,0.002806,0.00282,394116826.0,2025-11-24 22:59:59.999,1115490.23673200,4394,243479163.00,689219.47345200,0
2025-11-24 23:00:00,0.00282,0.002836,0.002796,0.002814,399461521.0,2025-11-24 23:59:59.999,1124553.40730400,5389,185785144.00,523380.93822100,0
2025-11-25 00:00:00,0.002813,0.002814,0.002768,0.002786,494198538.0,2025-11-25 00:59:59.999,1378364.23496100,6685,216042772.00,602746.10758900,0
2025-11-25 01:00:00,0.002786,0.002795,0.002751,0.002764,224642342.0,2025-11-25 01:59:59.999,622494.25081100,3614,82278283.00,228107.22941200,0
2025-11-25 02:00:00,0.002764,0.002776,0.002729,0.002773,352412586.0,2025-11-25 02:59:59.999,969478.99683700,4744,125913966.00,346411.20808400,0
2025-11-25 03:00:00,0.002773,0.002789,0.002744,0.002755,173903216.0,2025-11-25 03:59:59.999,480473.10747000,2818,82996611.00,229345.75452300,0
2025-11-25 04:00:00,0.002754,0.002764,0.002725,0.002751,273924546.0,2025-11-25 04:59:59.999,750794.71175500,4185,133276137.00,365224.38191500,0
2025-11-25 05:00:00,0.002751,0.002779,0.002745,0.002765,252735838.0,2025-11-25 05:59:59.999,698614.66478900,3748,150451999.00,415786.27833200,0
2025-11-25 06:00:00,0.002764,0.002765,0.002719,0.002747,214640519.0,2025-11-25 06:59:59.999,588528.42376300,3263,112119249.00,307435.84715400,0
2025-11-25 07:00:00,0.002747,0.002754,0.00271,0.002717,279017182.0,2025-11-25 07:59:59.999,761006.64488000,4454,154179043.00,420651.51797800,0
2025-11-25 08:00:00,0.002717,0.002742,0.0027,0.002718,474626991.0,2025-11-25 08:59:59.999,1289736.40948200,5921,163847015.00,445538.01914700,0
2025-11-25 09:00:00,0.002718,0.002759,0.002694,0.002757,299168936.0,2025-11-25 09:59:59.999,813963.73029400,5734,141341560.00,384825.88383200,0
2025-11-25 10:00:00,0.002756,0.002761,0.00272,0.00273,249450531.0,2025-11-25 10:59:59.999,682634.91446700,4275,119407911.00,326924.15937700,0
2025-11-25 11:00:00,0.002729,0.002755,0.002718,0.002737,152710875.0,2025-11-25 11:59:59.999,418347.87720400,2903,74019521.00,202739.77486400,0
2025-11-25 12:00:00,0.002737,0.002777,0.002734,0.002764,243723248.0,2025-11-25 12:59:59.999,671458.73495900,4247,126856691.00,349651.24612500,0
2025-11-25 13:00:00,0.002762,0.002788,0.002719,0.002739,384566277.0,2025-11-25 13:59:59.999,1057422.38904400,5394,157617792.00,433759.64018800,0
2025-11-25 14:00:00,0.00274,0.002773,0.002678,0.002725,694077024.0,2025-11-25 14:59:59.999,1894234.98345800,11710,354733475.00,968532.82797600,0
2025-11-25 15:00:00,0.002724,0.002773,0.002686,0.002739,671550972.0,2025-11-25 15:59:59.999,1828755.40804800,10302,413383533.00,1126281.49444400,0
2025-11-25 16:00:00,0.002739,0.00277,0.002717,0.002756,159452128.0,2025-11-25 16:59:59.999,438443.40210700,4057,83934739.00,230928.27711100,0
2025-11-25 17:00:00,0.002755,0.0028,0.002727,0.002778,364521833.0,2025-11-25 17:59:59.999,1007848.85010000,6524,166565639.00,460542.50064100,0
2025-11-25 18:00:00,0.002778,0.002827,0.002758,0.002759,308646153.0,2025-11-25 18:59:59.999,862040.16705800,5770,153158169.00,428238.90347300,0
2025-11-25 19:00:00,0.002759,0.002771,0.002695,0.002747,857440837.0,2025-11-25 19:59:59.999,2330406.60081000,11656,400670978.00,1088836.00907000,0
2025-11-25 20:00:00,0.002748,0.00279,0.002746,0.002765,175103747.0,2025-11-25 20:59:59.999,484627.38113600,4336,69688518.00,192896.44334500,0
2025-11-25 21:00:00,0.002765,0.002774,0.002744,0.002748,197218188.0,2025-11-25 21:59:59.999,544324.42035100,3087,83523179.00,230519.50532500,0
2025-11-25 22:00:00,0.002747,0.002768,0.002676,0.002763,401001683.0,2025-11-25 22:59:59.999,1088982.71084100,6534,182023839.00,494974.34166800,0
2025-11-25 23:00:00,0.002764,0.002854,0.002745,0.002784,1301500606.0,2025-11-25 23:59:59.999,3664421.08759200,14883,891498258.00,2512400.55297400,0
2025-11-26 00:00:00,0.002785,0.002825,0.002785,0.002815,385099568.0,2025-11-26 00:59:59.999,1081533.32726200,7379,177839697.00,499630.12866600,0
2025-11-26 01:00:00,0.002815,0.002849,0.00278,0.00284,310350337.0,2025-11-26 01:59:59.999,870687.93505200,5634,151461005.00,424910.13321800,0
2025-11-26 02:00:00,0.002839,0.00284,0.002808,0.002811,220152764.0,2025-11-26 02:59:59.999,622103.39032000,4057,107942489.00,305103.64290600,0
2025-11-26 03:00:00,0.002812,0.002844,0.002787,0.002791,382366807.0,2025-11-26 03:59:59.999,1077709.88046400,6601,168409081.00,475155.15108800,0
2025-11-26 04:00:00,0.002791,0.002838,0.002789,0.002808,290068091.0,2025-11-26 04:59:59.999,816474.03061200,5999,133332853.00,375328.66337900,0
2025-11-26 05:00:00,0.002808,0.002833,0.0028,0.002823,308080394.0,2025-11-26 05:59:59.999,867797.82182200,4010,104319403.00,293610.24426500,0
2025-11-26 06:00:00,0.002823,0.002858,0.002812,0.002838,387774601.0,2025-11-26 06:59:59.999,1098146.32316200,5432,168552176.00,477406.34374300,0
2025-11-26 07:00:00,0.002837,0.002926,0.002832,0.002904,1126122998.0,2025-11-26 07:59:59.999,3252196.62529100,14644,640834284.00,1848855.42312000,0
2025-11-26 08:00:00,0.002903,0.002903,0.002843,0.002844,336469126.0,2025-11-26 08:59:59.999,965354.30356500,5698,116874853.00,335662.45455300,0
2025-11-26 09:00:00,0.002844,0.002845,0.002789,0.002797,349452234.0,2025-11-26 09:59:59.999,982321.36807300,6559,124121611.00,348975.96685700,0
2025-11-26 10:00:00,0.002797,0.002816,0.002768,0.002799,429024010.0,2025-11-26 10:59:59.999,1198046.94761100,6093,221240545.00,617901.13627000,0
2025-11-26 11:00:00,0.002799,0.002836,0.002786,0.002808,427333194.0,2025-11-26 11:59:59.999,1202392.92651700,6608,178552912.00,502647.31995000,0
2025-11-26 12:00:00,0.002807,0.002817,0.002747,0.002766,444613294.0,2025-11-26 12:59:59.999,1234609.17366000,8275,196631227.00,546278.31476900,0
2025-11-26 13:00:00,0.002765,0.0028,0.002756,0.002781,466168786.0,2025-11-26 13:59:59.999,1293112.52811000,7195,215118640.00,596823.77503000,0
2025-11-26 14:00:00,0.002781,0.002831,0.002755,0.002765,626403209.0,2025-11-26 14:59:59.999,1747641.79178400,9349,275432468.00,768627.96700500,0
2025-11-26 15:00:00,0.002765,0.002809,0.002705,0.002723,1319162536.0,2025-11-26 15:59:59.999,3641480.64454700,16901,515841267.00,1424905.97979000,0
2025-11-26 16:00:00,0.002723,0.002823,0.002721,0.002819,469926918.0,2025-11-26 16:59:59.999,1306712.50721600,7512,199722166.00,554782.01491800,0
2025-11-26 17:00:00,0.00282,0.002971,0.002796,0.002945,776893974.0,2025-11-26 17:59:59.999,2251095.06136100,13731,361392920.00,1049443.31217600,0
2025-11-26 18:00:00,0.002946,0.002981,0.002915,0.002955,1001105424.0,2025-11-26 18:59:59.999,2946318.60194000,15007,400203821.00,1178404.39872100,0
2025-11-26 19:00:00,0.002955,0.002971,0.002921,0.002926,310533087.0,2025-11-26 19:59:59.999,913115.31188300,5589,124998870.00,367555.21031100,0
2025-11-26 20:00:00,0.002926,0.002926,0.002871,0.002896,313633958.0,2025-11-26 20:59:59.999,907090.05059000,5937,154177399.00,446260.51538300,0
2025-11-26 21:00:00,0.002897,0.002966,0.002874,0.002956,284151202.0,2025-11-26 21:59:59.999,828345.58257700,4649,151742260.00,442462.19774500,0
2025-11-26 22:00:00,0.002956,0.00296,0.002919,0.002938,295420508.0,2025-11-26 22:59:59.999,867720.88944400,3380,144390088.00,424278.65298500,0
2025-11-26 23:00:00,0.002937,0.003008,0.002913,0.002929,1118769672.0,2025-11-26 23:59:59.999,3289941.02170200,8368,550702546.00,1623410.71408600,0
2025-11-27 00:00:00,0.002928,0.002956,0.002902,0.002928,403407491.0,2025-11-27 00:59:59.999,1177841.66790700,7144,180468058.00,526973.38330400,0
2025-11-27 01:00:00,0.002928,0.00296,0.002908,0.002955,207669777.0,2025-11-27 01:59:59.999,608876.70004600,4056,74835264.00,219704.50673900,0
2025-11-27 02:00:00,0.002954,0.002996,0.002924,0.002925,734839819.0,2025-11-27 02:59:59.999,2182562.46266300,11398,273807778.00,813712.19990000,0
2025-11-27 03:00:00,0.002925,0.002946,0.002886,0.002887,679794883.0,2025-11-27 03:59:59.999,1983298.11722100,8861,315738407.00,920735.65798800,0
2025-11-27 04:00:00,0.002886,0.002942,0.002886,0.002915,298880859.0,2025-11-27 04:59:59.999,873046.36664700,5097,164392573.00,480109.84745200,0
2025-11-27 05:00:00,0.002914,0.002923,0.002888,0.002891,296563612.0,2025-11-27 05:59:59.999,861064.93407000,5083,147198533.00,427425.27584900,0
2025-11-27 06:00:00,0.002891,0.002928,0.002886,0.002919,288136994.0,2025-11-27 06:59:59.999,839122.67781100,3870,150618581.00,438444.48273300,0
2025-11-27 07:00:00,0.002918,0.002975,0.002906,0.002967,481484979.0,2025-11-27 07:59:59.999,1414093.18415500,7302,257751267.00,757726.86088900,0
2025-11-27 08:00:00,0.002967,0.00298,0.002943,0.002965,303230387.0,2025-11-27 08:59:59.999,896767.42516500,5000,143349630.00,424083.49839100,0
2025-11-27 09:00:00,0.002965,0.002973,0.002933,0.002939,197916788.0,2025-11-27 09:59:59.999,585215.61245800,3228,85270519.00,252197.25321700,0
2025-11-27 10:00:00,0.002939,0.002954,0.002906,0.002919,457270269.0,2025-11-27 10:59:59.999,1337794.25523400,4907,191221529.00,559467.40427500,0
2025-11-27 11:00:00,0.002919,0.002919,0.002894,0.002897,488782032.0,2025-11-27 11:59:59.999,1419165.28301500,5209,237997356.00,690974.28058600,0
2025-11-27 12:00:00,0.002898,0.00292,0.002883,0.002888,278338497.0,2025-11-27 12:59:59.999,807828.27130200,4053,149529733.00,434051.64916500,0
2025-11-27 13:00:00,0.002888,0.002948,0.002888,0.002935,347519921.0,2025-11-27 13:59:59.999,1015603.42219100,4429,160538915.00,469123.08167400,0
2025-11-27 14:00:00,0.002935,0.002947,0.002909,0.00294,398392404.0,2025-11-27 14:59:59.999,1167546.64969800,4197,195799085.00,574017.19185100,0
2025-11-27 15:00:00,0.00294,0.002989,0.002936,0.002983,278572273.0,2025-11-27 15:59:59.999,825835.79226200,4923,128555469.00,381093.48331500,0
2025-11-27 16:00:00,0.002982,0.003046,0.002964,0.003035,566453045.0,2025-11-27 16:59:59.999,1710227.97259900,11107,305801589.00,923251.18405400,0
2025-11-27 17:00:00,0.003034,0.003036,0.002991,0.002998,252526191.0,2025-11-27 17:59:59.999,759850.99630000,4571,97104678.00,292203.57349200,0
2025-11-27 18:00:00,0.002997,0.00302,0.002983,0.003015,211755822.0,2025-11-27 18:59:59.999,636077.21527400,3820,111622130.00,335413.56704600,0
2025-11-27 19:00:00,0.003014,0.003014,0.002986,0.002998,117353737.0,2025-11-27 19:59:59.999,351951.62725000,2387,56684174.00,170014.64158300,0
2025-11-27 20:00:00,0.002998,0.003,0.002982,0.002991,163382293.0,2025-11-27 20:59:59.999,488759.73153100,3013,70571224.00,211084.83057100,0
2025-11-27 21:00:00,0.00299,0.002993,0.002956,0.002957,136239187.0,2025-11-27 21:59:59.999,405798.40541200,2432,61521549.00,183288.07106300,0
2025-11-27 22:00:00,0.002957,0.002964,0.00291,0.002911,163978158.0,2025-11-27 22:59:59.999,482195.80251000,2619,68089949.00,200170.28130500,0
2025-11-27 23:00:00,0.00291,0.002933,0.002904,0.002919,203227435.0,2025-11-27 23:59:59.999,593243.09461000,3821,96657261.00,282162.67067100,0
2025-11-28 00:00:00,0.00292,0.002938,0.002913,0.002922,197765273.0,2025-11-28 00:59:59.999,578226.38485000,3360,93150858.00,272378.66535200,0
2025-11-28 01:00:00,0.002921,0.002934,0.002877,0.002883,264230755.0,2025-11-28 01:59:59.999,767010.64890600,4243,106621935.00,309541.02655500,0
2025-11-28 02:00:00,0.002883,0.002891,0.002862,0.002884,412464035.0,2025-11-28 02:59:59.999,1186266.21247100,4556,214345690.00,616343.54323500,0
2025-11-28 03:00:00,0.002884,0.002924,0.002879,0.002913,346218175.0,2025-11-28 03:59:59.999,1004852.73052600,4107,196868179.00,571690.57825800,0
2025-11-28 04:00:00,0.002913,0.002935,0.002907,0.002919,127351760.0,2025-11-28 04:59:59.999,372056.31128000,2565,62256433.00,181855.16275000,0
2025-11-28 05:00:00,0.002918,0.002935,0.00291,0.002925,136591976.0,2025-11-28 05:59:59.999,399199.66798400,2522,62685533.00,183224.76382200,0
2025-11-28 06:00:00,0.002924,0.002924,0.00289,0.002894,113380456.0,2025-11-28 06:59:59.999,328983.51182900,2444,48463362.00,140550.52332900,0
2025-11-28 07:00:00,0.002895,0.002907,0.00289,0.002898,151316067.0,2025-11-28 07:59:59.999,438446.75708200,3011,64606672.00,187207.05009000,0
2025-11-28 08:00:00,0.002897,0.003138,0.002897,0.003137,905579269.0,2025-11-28 08:59:59.999,2730092.82343600,16328,519729252.00,1569904.18421000,0
2025-11-28 09:00:00,0.003137,0.003149,0.003077,0.003102,482883404.0,2025-11-28 09:59:59.999,1503129.93959800,9568,191198498.00,595389.54624800,0
2025-11-28 10:00:00,0.003102,0.003132,0.003089,0.003108,240785638.0,2025-11-28 10:59:59.999,748253.91320000,5280,105146464.00,326864.19081100,0
2025-11-28 11:00:00,0.003108,0.003108,0.003019,0.00302,401593899.0,2025-11-28 11:59:59.999,1223068.40555700,6924,146981625.00,447250.45638300,0
2025-11-28 12:00:00,0.003019,0.003031,0.003007,0.003011,242539333.0,2025-11-28 12:59:59.999,731635.07798200,4991,130995605.00,395176.69318100,0
2025-11-28 13:00:00,0.003011,0.003087,0.002996,0.003066,352836598.0,2025-11-28 13:59:59.999,1073531.55676400,6358,185242116.00,563534.27764800,0
2025-11-28 14:00:00,0.003065,0.003097,0.003022,0.00305,447064473.0,2025-11-28 14:59:59.999,1370277.71962800,8522,183286608.00,561822.61549300,0
2025-11-28 15:00:00,0.00305,0.003088,0.003038,0.003053,287184896.0,2025-11-28 15:59:59.999,879163.47232900,5772,109379793.00,335016.41111900,0
2025-11-28 16:00:00,0.003053,0.003053,0.00296,0.002966,596555316.0,2025-11-28 16:59:59.999,1788443.29473900,9433,258901623.00,776330.48929800,0
2025-11-28 17:00:00,0.002966,0.002975,0.002887,0.002904,615683868.0,2025-11-28 17:59:59.999,1803014.55769600,10920,292765043.00,857549.17696500,0
2025-11-28 18:00:00,0.002904,0.002932,0.00288,0.002929,324920531.0,2025-11-28 18:59:59.999,944174.33790000,5425,177822191.00,517019.22936400,0
2025-11-28 19:00:00,0.002928,0.002965,0.002928,0.002941,359987612.0,2025-11-28 19:59:59.999,1060337.72916600,5048,172089447.00,506878.28459000,0
2025-11-28 20:00:00,0.002941,0.002941,0.00291,0.002938,214538418.0,2025-11-28 20:59:59.999,628032.31223600,3685,108117435.00,316445.38963900,0
2025-11-28 21:00:00,0.002937,0.002953,0.002916,0.002916,236966762.0,2025-11-28 21:59:59.999,696260.98069400,2897,137332119.00,403896.46734700,0
2025-11-28 22:00:00,0.002916,0.002926,0.002895,0.00292,278969546.0,2025-11-28 22:59:59.999,812339.88337500,3784,141698397.00,412697.53394200,0
2025-11-28 23:00:00,0.002921,0.002956,0.002918,0.002922,225393321.0,2025-11-28 23:59:59.999,661826.82794900,3839,122677143.00,360245.94363800,0
2025-11-29 00:00:00,0.002922,0.002932,0.00291,0.00293,142104168.0,2025-11-29 00:59:59.999,415084.76187300,2665,65843049.00,192358.03725700,0
2025-11-29 01:00:00,0.00293,0.002942,0.002912,0.00292,259575297.0,2025-11-29 01:59:59.999,760103.57666500,3081,120243767.00,352122.48236600,0
2025-11-29 02:00:00,0.00292,0.002932,0.002904,0.002919,146929875.0,2025-11-29 02:59:59.999,428673.96227100,2365,80821920.00,235856.83324500,0
2025-11-29 03:00:00,0.002918,0.002925,0.002898,0.002905,101126182.0,2025-11-29 03:59:59.999,294218.62259700,1908,39935855.00,116272.17253700,0
2025-11-29 04:00:00,0.002906,0.002922,0.002903,0.002919,115526716.0,2025-11-29 04:59:59.999,336307.23713600,2323,69488833.00,202329.17086400,0
2025-11-29 05:00:00,0.002919,0.00292,0.002886,0.002894,96317342.0,2025-11-29 05:59:59.999,279988.42503300,2032,33742761.00,98083.43822900,0
2025-11-29 06:00:00,0.002894,0.002903,0.002868,0.002884,265206360.0,2025-11-29 06:59:59.999,764598.18021700,4249,116599865.00,336192.62601200,0
2025-11-29 07:00:00,0.002884,0.00294,0.002879,0.002903,288948758.0,2025-11-29 07:59:59.999,841368.37864000,5484,161000309.00,468700.72904900,0
2025-11-29 08:00:00,0.002903,0.002903,0.002875,0.002882,122404871.0,2025-11-29 08:59:59.999,353373.60840500,2381,54958310.00,158655.62589100,0
2025-11-29 09:00:00,0.002882,0.00289,0.002869,0.002876,150074521.0,2025-11-29 09:59:59.999,432116.76015200,2440,69355776.00,199645.68089600,0
2025-11-29 10:00:00,0.002876,0.0029,0.002864,0.002889,172765319.0,2025-11-29 10:59:59.999,497967.93424700,2999,85052656.00,245301.86200600,0
2025-11-29 11:00:00,0.002889,0.002927,0.002882,0.002922,176406227.0,2025-11-29 11:59:59.999,511860.60398000,3130,86190111.00,250354.81711100,0
2025-11-29 12:00:00,0.002921,0.002933,0.002907,0.00291,175525214.0,2025-11-29 12:59:59.999,512442.40669900,2547,82002612.00,239324.59516500,0
2025-11-29 13:00:00,0.002909,0.002916,0.002891,0.002905,113234888.0,2025-11-29 13:59:59.999,328800.04839200,2000,31528676.00,91617.98855100,0
2025-11-29 14:00:00,0.002904,0.002905,0.002862,0.002873,251186500.0,2025-11-29 14:59:59.999,722550.71633100,4787,95311436.00,274107.89827300,0
2025-11-29 15:00:00,0.002874,0.002921,0.002874,0.002917,217144136.0,2025-11-29 15:59:59.999,630699.71329000,3944,112608803.00,327276.63741600,0
2025-11-29 16:00:00,0.002916,0.00292,0.00289,0.002904,115249753.0,2025-11-29 16:59:59.999,334454.40648200,2879,48722410.00,141448.78653000,0
2025-11-29 17:00:00,0.002904,0.00291,0.002853,0.002858,309486609.0,2025-11-29 17:59:59.999,889424.52740900,4518,133506232.00,383862.42741100,0
2025-11-29 18:00:00,0.002858,0.002873,0.002828,0.002873,359821326.0,2025-11-29 18:59:59.999,1024492.20022800,6096,197300093.00,561845.18665100,0
2025-11-29 19:00:00,0.002872,0.002882,0.002848,0.002857,229192348.0,2025-11-29 19:59:59.999,656349.68791400,2814,92222300.00,264072.46694400,0
2025-11-29 20:00:00,0.002858,0.002909,0.002846,0.002899,159217996.0,2025-11-29 20:59:59.999,456785.96432000,2135,58699542.00,168606.43645200,0
2025-11-29 21:00:00,0.002899,0.002919,0.002883,0.002902,228079889.0,2025-11-29 21:59:59.999,662065.76928900,2617,108380860.00,314806.94985300,0
2025-11-29 22:00:00,0.002901,0.002911,0.002883,0.002894,95130217.0,2025-11-29 22:59:59.999,275525.99772500,1666,46921029.00,135971.40975700,0
2025-11-29 23:00:00,0.002895,0.002911,0.002883,0.002888,49548996.0,2025-11-29 23:59:59.999,143540.86034900,1269,24381205.00,70663.06993900,0
2025-11-30 00:00:00,0.002888,0.002904,0.002887,0.00289,59715911.0,2025-11-30 00:59:59.999,172842.23358000,1325,30690589.00,88828.64761900,0
2025-11-30 01:00:00,0.00289,0.002908,0.002886,0.002888,110120445.0,2025-11-30 01:59:59.999,318866.09946000,1817,70657134.00,204557.21152800,0
2025-11-30 02:00:00,0.002888,0.0029,0.002872,0.002875,138516774.0,2025-11-30 02:59:59.999,399752.11647100,2382,60403076.00,174257.49017100,0
2025-11-30 03:00:00,0.002874,0.002899,0.002839,0.002889,199088366.0,2025-11-30 03:59:59.999,570862.57835000,4116,98992682.00,283831.83035100,0
2025-11-30 04:00:00,0.00289,0.002906,0.002875,0.002882,95148991.0,2025-11-30 04:59:59.999,275186.69984500,2093,37734694.00,109142.26757800,0
2025-11-30 05:00:00,0.002882,0.002883,0.002849,0.002858,198224455.0,2025-11-30 05:59:59.999,567985.08303100,3505,81416084.00,233304.37663900,0
2025-11-30 06:00:00,0.002858,0.002888,0.00285,0.002877,138947030.0,2025-11-30 06:59:59.999,398542.56066000,2513,60838484.00,174448.85594400,0
2025-11-30 07:00:00,0.002877,0.002892,0.00287,0.002887,115416304.0,2025-11-30 07:59:59.999,332579.43217200,2319,53158117.00,153185.17322800,0
2025-11-30 08:00:00,0.002888,0.002942,0.002879,0.002925,234482829.0,2025-11-30 08:59:59.999,682727.58419900,5428,115564351.00,336454.87543300,0
2025-11-30 09:00:00,0.002924,0.00299,0.002915,0.002979,447468038.0,2025-11-30 09:59:59.999,1319904.42246800,7156,241719107.00,713066.71800600,0
2025-11-30 10:00:00,0.00298,0.003007,0.002966,0.002969,256721317.0,2025-11-30 10:59:59.999,766377.11986800,5435,118126093.00,352826.09531900,0
2025-11-30 11:00:00,0.00297,0.003005,0.002959,0.002983,202502491.0,2025-11-30 11:59:59.999,604546.07913300,4430,70235889.00,209753.95403700,0
2025-11-30 12:00:00,0.002984,0.003043,0.002964,0.003024,252742442.0,2025-11-30 12:59:59.999,757750.31462500,5238,97299201.00,292119.07103800,0
2025-11-30 13:00:00,0.003026,0.003145,0.003025,0.003125,739448872.0,2025-11-30 13:59:59.999,2298333.71526600,14349,366308074.00,1139083.15495500,0
2025-11-30 14:00:00,0.003126,0.003139,0.003058,0.00308,415885358.0,2025-11-30 14:59:59.999,1285969.21694300,8128,122379210.00,378820.32028500,0
2025-11-30 15:00:00,0.00308,0.003106,0.003026,0.003047,396098553.0,2025-11-30 15:59:59.999,1210894.06989600,7908,165972954.00,507949.49103800,0
2025-11-30 16:00:00,0.003046,0.003161,0.003046,0.003134,349512780.0,2025-11-30 16:59:59.999,1091036.62330700,7935,145842041.00,454662.00487400,0
2025-11-30 17:00:00,0.003134,0.003134,0.003074,0.003085,250943799.0,2025-11-30 17:59:59.999,777922.84451200,6338,86419266.00,267952.47185400,0
2025-11-30 18:00:00,0.003086,0.003127,0.003067,0.003114,318612726.0,2025-11-30 18:59:59.999,985420.74344700,5657,148752616.00,460739.30419300,0
2025-11-30 19:00:00,0.003113,0.00316,0.00309,0.003099,252417468.0,2025-11-30 19:59:59.999,788175.32731500,5020,112712946.00,352719.57480500,0
2025-11-30 20:00:00,0.003099,0.003126,0.003066,0.003083,153449317.0,2025-11-30 20:59:59.999,474848.11421200,3528,51728445.00,160085.19197100,0
2025-11-30 21:00:00,0.003083,0.003086,0.003048,0.00306,162963812.0,2025-11-30 21:59:59.999,499718.27926100,3859,64900475.00,198975.24235000,0
2025-11-30 22:00:00,0.003061,0.003097,0.003033,0.003056,178538035.0,2025-11-30 22:59:59.999,547485.89145300,3244,71529600.00,219549.19531000,0
2025-11-30 23:00:00,0.003057,0.003058,0.002945,0.002946,399671404.0,2025-11-30 23:59:59.999,1198076.21654400,6884,165918609.00,497165.05025100,0
2025-12-01 00:00:00,0.002946,0.002956,0.002696,0.002703,2171092075.0,2025-12-01 00:59:59.999,6134428.13947100,29678,973868574.00,2749324.82665200,0
2025-12-01 01:00:00,0.002703,0.002762,0.00269,0.002722,823564309.0,2025-12-01 01:59:59.999,2255035.63881100,10435,456645369.00,1250501.81613100,0
2025-12-01 02:00:00,0.002722,0.002843,0.002719,0.002802,1497570725.0,2025-12-01 02:59:59.999,4181508.61113100,21099,808337656.00,2254204.91977600,0
2025-12-01 03:00:00,0.002802,0.00281,0.002708,0.002712,693856309.0,2025-12-01 03:59:59.999,1907547.31378600,10914,320567257.00,881443.61467000,0
2025-12-01 04:00:00,0.002713,0.002747,0.002674,0.002679,688607317.0,2025-12-01 04:59:59.999,1865207.95957800,10376,336845627.00,913238.79025500,0
2025-12-01 05:00:00,0.002678,0.002719,0.002659,0.002683,431579846.0,2025-12-01 05:59:59.999,1157311.04746000,7570,228405726.00,612657.90886300,0
2025-12-01 06:00:00,0.002683,0.002723,0.002677,0.002695,380090831.0,2025-12-01 06:59:59.999,1026817.38512800,6319,209293968.00,565398.76244400,0
2025-12-01 07:00:00,0.002695,0.002709,0.00269,0.002703,200364214.0,2025-12-01 07:59:59.999,540760.80307300,3859,89705835.00,242141.22223900,0
2025-12-01 08:00:00,0.002702,0.002714,0.002678,0.002696,332076528.0,2025-12-01 08:59:59.999,895873.90614900,5313,154861235.00,417925.36973800,0
2025-12-01 09:00:00,0.002695,0.002704,0.002665,0.002669,322479813.0,2025-12-01 09:59:59.999,865575.95265300,4153,170702404.00,458249.70418500,0
2025-12-01 10:00:00,0.00267,0.002716,0.00267,0.002713,186933921.0,2025-12-01 10:59:59.999,503699.60522300,3469,105788268.00,285033.08374000,0
2025-12-01 11:00:00,0.002712,0.002714,0.002671,0.002683,280979951.0,2025-12-01 11:59:59.999,754270.22262100,3764,121011659.00,324728.35336500,0
2025-12-01 12:00:00,0.002683,0.002684,0.002598,0.002644,794362057.0,2025-12-01 12:59:59.999,2096534.72567200,8435,325574147.00,860132.90519900,0
2025-12-01 13:00:00,0.002644,0.002654,0.002602,0.002609,802736402.0,2025-12-01 13:59:59.999,2114346.75429700,9774,374251726.00,985630.47273600,0
2025-12-01 14:00:00,0.002609,0.002655,0.002574,0.002629,1140887822.0,2025-12-01 14:59:59.999,2977834.10190800,13503,556884511.00,1453130.62684400,0
2025-12-01 15:00:00,0.00263,0.002648,0.002567,0.002619,772496389.0,2025-12-01 15:59:59.999,2012126.43028400,9707,388511605.00,1012137.97902200,0
2025-12-01 16:00:00,0.00262,0.002631,0.00259,0.002592,504586292.0,2025-12-01 16:59:59.999,1316028.14595800,7265,288648143.00,752688.50386800,0
2025-12-01 17:00:00,0.002593,0.002638,0.002589,0.002634,360507495.0,2025-12-01 17:59:59.999,942811.05585300,5678,194441749.00,508623.69513800,0
2025-12-01 18:00:00,0.002635,0.002749,0.002635,0.002746,843991507.0,2025-12-01 18:59:59.999,2272564.38104800,14515,453149358.00,1219687.78601200,0
2025-12-01 19:00:00,0.002746,0.002762,0.002696,0.002722,526171997.0,2025-12-01 19:59:59.999,1433896.80783100,7028,263918722.00,719254.17145200,0
2025-12-01 20:00:00,0.002722,0.002783,0.002721,0.002771,452491787.0,2025-12-01 20:59:59.999,1241177.90770700,6475,214454664.00,588478.12293700,0
2025-12-01 21:00:00,0.002772,0.002798,0.002745,0.00275,456887336.0,2025-12-01 21:59:59.999,1265518.30576400,6644,208592080.00,578137.54144200,0
2025-12-01 22:00:00,0.002749,0.002784,0.002732,0.002759,347930207.0,2025-12-01 22:59:59.999,960355.46018200,4460,159974727.00,441733.02912600,0
2025-12-01 23:00:00,0.002759,0.00282,0.002759,0.002789,578437971.0,2025-12-01 23:59:59.999,1616220.26904200,6245,335684369.00,937906.48425000,0
2025-12-02 00:00:00,0.002788,0.002823,0.002788,0.002799,351357890.0,2025-12-02 00:59:59.999,985603.84983700,5299,196214782.00,550488.34079300,0
2025-12-02 01:00:00,0.002798,0.002845,0.002781,0.002792,427633130.0,2025-12-02 01:59:59.999,1200641.17047700,6086,219372996.00,616215.46498500,0
2025-12-02 02:00:00,0.002792,0.002854,0.002779,0.002827,446671722.0,2025-12-02 02:59:59.999,1262380.24149700,6476,254305951.00,719015.22067000,0
2025-12-02 03:00:00,0.002826,0.002854,0.002814,0.002838,331615203.0,2025-12-02 03:59:59.999,938615.57365400,4164,174611809.00,494541.37924100,0
2025-12-02 04:00:00,0.002837,0.00285,0.002816,0.002834,258411081.0,2025-12-02 04:59:59.999,732014.06697800,3410,134144543.00,380103.71359800,0
2025-12-02 05:00:00,0.002834,0.002876,0.002813,0.002861,279070762.0,2025-12-02 05:59:59.999,793838.88995500,4382,152422871.00,433783.09143500,0
2025-12-02 06:00:00,0.002861,0.002924,0.002841,0.002918,345940904.0,2025-12-02 06:59:59.999,997961.81003600,5697,195554864.00,564267.15303100,0
2025-12-02 07:00:00,0.002917,0.002924,0.002845,0.00286,334448569.0,2025-12-02 07:59:59.999,962696.50644400,5009,160142385.00,460863.60811500,0
2025-12-02 08:00:00,0.00286,0.00286,0.002814,0.002818,246335917.0,2025-12-02 08:59:59.999,697479.97569000,4481,95761958.00,271243.26093300,0
2025-12-02 09:00:00,0.002818,0.002848,0.002815,0.002831,288639540.0,2025-12-02 09:59:59.999,818225.17521400,4394,158486264.00,449224.29375600,0
2025-12-02 10:00:00,0.00283,0.002879,0.002819,0.002866,253898403.0,2025-12-02 10:59:59.999,722803.62473800,4392,157968275.00,449641.99310600,0
2025-12-02 11:00:00,0.002866,0.00292,0.002855,0.002888,363279194.0,2025-12-02 11:59:59.999,1049089.10463900,6286,230542286.00,665493.19102700,0
2025-12-02 12:00:00,0.002887,0.002929,0.002887,0.002902,333076179.0,2025-12-02 12:59:59.999,966545.29930300,4899,179732519.00,521764.71574800,0
2025-12-02 13:00:00,0.002903,0.003003,0.002887,0.002966,874512022.0,2025-12-02 13:59:59.999,2582295.22286800,13672,492296148.00,1455632.82575200,0
2025-12-02 14:00:00,0.002965,0.003026,0.002949,0.003001,704574173.0,2025-12-02 14:59:59.999,2103803.31848500,13437,371439528.00,1109653.82973800,0
2025-12-02 15:00:00,0.003001,0.00308,0.002999,0.003051,785058576.0,2025-12-02 15:59:59.999,2387638.01468100,15562,398585346.00,1212654.40339700,0
2025-12-02 16:00:00,0.00305,0.003121,0.003007,0.003061,1037744067.0,2025-12-02 16:59:59.999,3168513.41901200,14941,500127957.00,1527597.80118700,0
2025-12-02 17:00:00,0.003062,0.003145,0.003055,0.003078,897292249.0,2025-12-02 17:59:59.999,2782007.37997300,14181,539040870.00,1673183.11398200,0
2025-12-02 18:00:00,0.003078,0.003276,0.003077,0.003216,1270117536.0,2025-12-02 18:59:59.999,4049497.63943800,22739,776401366.00,2476002.17909800,0
2025-12-02 19:00:00,0.003215,0.003355,0.003212,0.003256,989346863.0,2025-12-02 19:59:59.999,3251956.88189100,21588,572240747.00,1881186.78534500,0
2025-12-02 20:00:00,0.003256,0.003274,0.003198,0.003211,840676869.0,2025-12-02 20:59:59.999,2720991.22004500,15828,414959152.00,1343338.07106400,0
2025-12-02 21:00:00,0.003212,0.003257,0.003201,0.003247,334083886.0,2025-12-02 21:59:59.999,1079858.48896000,7557,204271447.00,660429.35220800,0
2025-12-02 22:00:00,0.003247,0.003326,0.003245,0.003316,267796351.0,2025-12-02 22:59:59.999,877792.58358100,5759,150040330.00,491828.35972100,0
2025-12-02 23:00:00,0.003316,0.003318,0.003241,0.003263,411505628.0,2025-12-02 23:59:59.999,1346162.07896600,7686,226012490.00,739374.43454900,0
2025-12-03 00:00:00,0.003264,0.003297,0.003253,0.003265,296240856.0,2025-12-03 00:59:59.999,969402.32774000,6281,157476580.00,515383.00214400,0
2025-12-03 01:00:00,0.003265,0.003297,0.003254,0.003272,152841208.0,2025-12-03 01:59:59.999,500354.89760800,3999,95383469.00,312270.92181300,0
2025-12-03 02:00:00,0.003273,0.00333,0.003273,0.003308,357688206.0,2025-12-03 02:59:59.999,1180667.24765200,7589,223952119.00,739309.00829000,0
2025-12-03 03:00:00,0.003308,0.003331,0.003285,0.003312,164484603.0,2025-12-03 03:59:59.999,544623.85366400,4482,100074508.00,331468.37625600,0
2025-12-03 04:00:00,0.003311,0.003399,0.003309,0.003363,547709107.0,2025-12-03 04:59:59.999,1838336.19243400,12223,328551572.00,1102493.88880900,0
2025-12-03 05:00:00,0.003362,0.003379,0.003331,0.003338,201097570.0,2025-12-03 05:59:59.999,673880.48367100,5113,93337069.00,312691.15643100,0
2025-12-03 06:00:00,0.003338,0.003361,0.003299,0.003314,410083117.0,2025-12-03 06:59:59.999,1363073.41435200,6434,241543616.00,803213.08642300,0
2025-12-03 07:00:00,0.003314,0.00332,0.003271,0.003293,329990048.0,2025-12-03 07:59:59.999,1087533.71972500,7477,153537890.00,505862.40961900,0
2025-12-03 08:00:00,0.003292,0.003303,0.003257,0.003265,397448079.0,2025-12-03 08:59:59.999,1305041.09390300,8824,198381205.00,651652.36385600,0
2025-12-03 09:00:00,0.003265,0.003275,0.003244,0.003256,317724678.0,2025-12-03 09:59:59.999,1034860.00333500,6545,173897512.00,566435.14562700,0
2025-12-03 10:00:00,0.003256,0.003278,0.003175,0.003185,358286179.0,2025-12-03 10:59:59.999,1154793.91731500,6885,187130013.00,604035.32325100,0
2025-12-03 11:00:00,0.003185,0.003201,0.003138,0.003146,360458394.0,2025-12-03 11:59:59.999,1142279.27304500,8363,199754316.00,633089.38654500,0
2025-12-03 12:00:00,0.003146,0.003173,0.003107,0.003161,519393654.0,2025-12-03 12:59:59.999,1629086.49746400,8955,263012781.00,825209.66903600,0
2025-12-03 13:00:00,0.00316,0.003174,0.003135,0.003149,273249141.0,2025-12-03 13:59:59.999,862324.45977100,4676,132732547.00,419348.89066200,0
2025-12-03 14:00:00,0.00315,0.003219,0.003091,0.003144,913012814.0,2025-12-03 14:59:59.999,2877581.62675200,14576,476924918.00,1505172.37714600,0
2025-12-03 15:00:00,0.003144,0.003177,0.003137,0.00317,414517583.0,2025-12-03 15:59:59.999,1310120.00391700,6638,257799783.00,815418.56517000,0
2025-12-03 16:00:00,0.00317,0.003186,0.003138,0.003155,408952112.0,2025-12-03 16:59:59.999,1294076.90272500,5975,277057239.00,876989.76128000,0
2025-12-03 17:00:00,0.003155,0.003195,0.003135,0.003187,266865130.0,2025-12-03 17:59:59.999,842620.62220200,4293,117615666.00,371766.91570200,0
2025-12-03 18:00:00,0.003186,0.003212,0.00316,0.003173,215737829.0,2025-12-03 18:59:59.999,688081.34449700,3728,120256023.00,383648.46217400,0
2025-12-03 19:00:00,0.003173,0.003196,0.003163,0.00319,130513210.0,2025-12-03 19:59:59.999,414476.39515900,2380,56401006.00,179270.36368100,0
2025-12-03 20:00:00,0.00319,0.003231,0.003177,0.003204,281009293.0,2025-12-03 20:59:59.999,898315.00099200,3955,170349847.00,544721.24716400,0
2025-12-03 21:00:00,0.003203,0.00322,0.003183,0.003214,385325028.0,2025-12-03 21:59:59.999,1232132.02550300,5629,174923957.00,559713.49498100,0
2025-12-03 22:00:00,0.003213,0.003241,0.00319,0.003216,297048162.0,2025-12-03 22:59:59.999,954565.72438600,4384,150420159.00,483421.92086900,0
2025-12-03 23:00:00,0.003216,0.003233,0.003164,0.003167,204718981.0,2025-12-03 23:59:59.999,653814.56787200,3979,93341169.00,298327.00865100,0
2025-12-04 00:00:00,0.003168,0.003186,0.003143,0.003179,399103335.0,2025-12-04 00:59:59.999,1261995.96623900,4949,148343834.00,469811.04076500,0
2025-12-04 01:00:00,0.003179,0.003228,0.003168,0.003217,217498517.0,2025-12-04 01:59:59.999,697590.11212300,4769,126343605.00,405563.08781900,0
2025-12-04 02:00:00,0.003217,0.003288,0.003212,0.003253,343103603.0,2025-12-04 02:59:59.999,1117126.68735400,5628,190126461.00,618988.30390800,0
2025-12-04 03:00:00,0.003253,0.003257,0.003194,0.003204,185682457.0,2025-12-04 03:59:59.999,597454.12642800,3360,48472536.00,156007.54649000,0
2025-12-04 04:00:00,0.003205,0.003217,0.003183,0.003198,79122043.0,2025-12-04 04:59:59.999,253149.60092800,2111,33500027.00,107244.18579400,0
2025-12-04 05:00:00,0.003199,0.003279,0.003195,0.003267,258447817.0,2025-12-04 05:59:59.999,836839.83347300,5463,139932979.00,453100.40556700,0
2025-12-04 06:00:00,0.003268,0.003309,0.003242,0.003275,276630625.0,2025-12-04 06:59:59.999,907190.35136200,6168,138421668.00,454028.26425800,0
2025-12-04 07:00:00,0.003275,0.003293,0.003236,0.003284,220836173.0,2025-12-04 07:59:59.999,720920.79287600,4972,114974993.00,375720.04378400,0
2025-12-04 08:00:00,0.003284,0.003296,0.003223,0.003235,229816195.0,2025-12-04 08:59:59.999,747477.31152600,4362,92699651.00,301568.54527800,0
2025-12-04 09:00:00,0.003236,0.003252,0.003217,0.003217,121380206.0,2025-12-04 09:59:59.999,392071.45498900,2982,41497430.00,134118.93250300,0
2025-12-04 10:00:00,0.003218,0.00323,0.003184,0.003189,184969899.0,2025-12-04 10:59:59.999,592430.05855100,2594,46553396.00,149266.39601400,0
2025-12-04 11:00:00,0.003189,0.003206,0.003174,0.003196,264191223.0,2025-12-04 11:59:59.999,843102.60859100,4064,141830963.00,452836.48849000,0
2025-12-04 12:00:00,0.003197,0.003198,0.003153,0.003187,253675785.0,2025-12-04 12:59:59.999,805204.65111800,4375,102842352.00,326840.16039900,0
2025-12-04 13:00:00,0.003186,0.003247,0.003173,0.003232,648327625.0,2025-12-04 13:59:59.999,2088982.54709000,9490,399612429.00,1287551.81963200,0
2025-12-04 14:00:00,0.003231,0.003248,0.003138,0.003158,1147263407.0,2025-12-04 14:59:59.999,3677918.18052000,15559,702498513.00,2253842.28055300,0
2025-12-04 15:00:00,0.003158,0.003249,0.003158,0.003234,1912504695.0,2025-12-04 15:59:59.999,6140725.29072500,22321,1330666697.00,4271378.74489600,0
2025-12-04 16:00:00,0.003233,0.003266,0.003206,0.003225,1427941805.0,2025-12-04 16:59:59.999,4609255.02858000,16461,1013701788.00,3271979.92820200,0
2025-12-04 17:00:00,0.003225,0.00323,0.003104,0.003113,1430493935.0,2025-12-04 17:59:59.999,4512451.86539300,13518,865215474.00,2730511.15943600,0
2025-12-04 18:00:00,0.003113,0.003159,0.003084,0.003132,761618148.0,2025-12-04 18:59:59.999,2382875.74649700,10404,505314347.00,1581149.89845500,0
2025-12-04 19:00:00,0.003133,0.003136,0.003058,0.003116,1033811894.0,2025-12-04 19:59:59.999,3194899.22475000,12672,648103887.00,2003401.99607300,0
2025-12-04 20:00:00,0.003116,0.003152,0.003093,0.003146,264254479.0,2025-12-04 20:59:59.999,826476.81065400,4833,133255034.00,416923.60972200,0
2025-12-04 21:00:00,0.003145,0.003157,0.003112,0.003117,115221919.0,2025-12-04 21:59:59.999,361835.15600200,2463,50595904.00,158899.98015100,0
2025-12-04 22:00:00,0.003117,0.00313,0.003112,0.003118,109229585.0,2025-12-04 22:59:59.999,341070.44679000,1961,62050305.00,193740.80385500,0
2025-12-04 23:00:00,0.003118,0.00313,0.003111,0.00312,63138549.0,2025-12-04 23:59:59.999,197068.71783200,1944,28009232.00,87408.30869600,0
2025-12-05 00:00:00,0.00312,0.003124,0.003092,0.003107,175664363.0,2025-12-05 00:59:59.999,546442.47670100,3246,61439643.00,191114.19221200,0
2025-12-05 01:00:00,0.003107,0.003152,0.003098,0.00313,109675958.0,2025-12-05 01:59:59.999,343418.99674200,2881,65521967.00,205304.00165700,0
2025-12-05 02:00:00,0.003129,0.003143,0.00311,0.003125,103247096.0,2025-12-05 02:59:59.999,322947.79130400,2550,47323851.00,148029.31809500,0
2025-12-05 03:00:00,0.003126,0.00313,0.003107,0.003118,94060120.0,2025-12-05 03:59:59.999,293175.80931700,2594,42033006.00,131003.93417800,0
2025-12-05 04:00:00,0.003117,0.003128,0.003097,0.00311,96972910.0,2025-12-05 04:59:59.999,301682.49801000,3217,47045267.00,146389.91719300,0
2025-12-05 05:00:00,0.00311,0.003125,0.003103,0.003114,70864180.0,2025-12-05 05:59:59.999,220747.72192800,2168,25702485.00,80074.40040600,0
2025-12-05 06:00:00,0.003115,0.003153,0.003113,0.003127,146896634.0,2025-12-05 06:59:59.999,459641.50165400,3533,82726456.00,258892.23838800,0
2025-12-05 07:00:00,0.003126,0.003135,0.003114,0.003117,263262968.0,2025-12-05 07:59:59.999,822240.38173800,3432,134023065.00,418635.47489100,0
2025-12-05 08:00:00,0.003117,0.003117,0.003077,0.003095,419716474.0,2025-12-05 08:59:59.999,1300680.02487800,4901,222114992.00,688425.49060000,0
2025-12-05 09:00:00,0.003094,0.003094,0.003023,0.003031,638775920.0,2025-12-05 09:59:59.999,1946966.57648500,7691,324529437.00,989224.29176500,0
2025-12-05 10:00:00,0.00303,0.003047,0.002997,0.003028,798808854.0,2025-12-05 10:59:59.999,2412943.59582300,9313,470965883.00,1422755.04798600,0
2025-12-05 11:00:00,0.003028,0.003047,0.00297,0.002985,489956480.0,2025-12-05 11:59:59.999,1472411.20040500,7198,278414077.00,837375.38114100,0
2025-12-05 12:00:00,0.002984,0.003005,0.00296,0.003002,489659131.0,2025-12-05 12:59:59.999,1462466.91942000,6860,280888468.00,839681.40230400,0
2025-12-05 13:00:00,0.003002,0.003032,0.002934,0.002939,904024066.0,2025-12-05 13:59:59.999,2691200.92715400,11941,555227896.00,1653494.99029300,0
2025-12-05 14:00:00,0.002939,0.002945,0.002852,0.002873,706144752.0,2025-12-05 14:59:59.999,2050214.90547700,12511,416960903.00,1211415.13947900,0
2025-12-05 15:00:00,0.002874,0.003012,0.002859,0.002939,963655135.0,2025-12-05 15:59:59.999,2829193.21576600,16656,560117087.00,1646661.50287900,0
2025-12-05 16:00:00,0.002938,0.002949,0.002841,0.002889,585604855.0,2025-12-05 16:59:59.999,1696146.25230200,12938,270941139.00,785085.25922800,0
2025-12-05 17:00:00,0.002889,0.002924,0.002859,0.002884,378989703.0,2025-12-05 17:59:59.999,1093823.30133100,7132,253755815.00,732320.69940200,0
2025-12-05 18:00:00,0.002884,0.002899,0.002844,0.002853,228888550.0,2025-12-05 18:59:59.999,657306.85607900,5791,114873705.00,330097.59809600,0
2025-12-05 19:00:00,0.002853,0.002895,0.002832,0.002875,174533003.0,2025-12-05 19:59:59.999,500462.16998400,4214,99275771.00,285116.13972500,0
2025-12-05 20:00:00,0.002874,0.00289,0.002829,0.002836,223688194.0,2025-12-05 20:59:59.999,641737.78659200,3492,96546400.00,276620.07935100,0
2025-12-05 21:00:00,0.002836,0.002869,0.002835,0.002853,166932390.0,2025-12-05 21:59:59.999,476537.07316900,2946,91725042.00,261786.10357100,0
2025-12-05 22:00:00,0.002853,0.002873,0.002838,0.002866,138954155.0,2025-12-05 22:59:59.999,395987.67992900,2123,78771864.00,224491.19888600,0
2025-12-05 23:00:00,0.002866,0.002866,0.002826,0.002839,152537675.0,2025-12-05 23:59:59.999,433338.91279000,3257,64146168.00,182215.64074100,0
2025-12-06 00:00:00,0.002839,0.002863,0.002811,0.002842,152813062.0,2025-12-06 00:59:59.999,433976.83822300,2930,82687767.00,235120.93985000,0
2025-12-06 01:00:00,0.002842,0.002882,0.002841,0.002877,69302686.0,2025-12-06 01:59:59.999,198384.19759200,2321,39249717.00,112358.04430700,0
2025-12-06 02:00:00,0.002876,0.002886,0.002857,0.002876,85785397.0,2025-12-06 02:59:59.999,246422.43400700,2364,45338415.00,130171.99352700,0
2025-12-06 03:00:00,0.002877,0.002905,0.002877,0.002892,107618877.0,2025-12-06 03:59:59.999,311094.34969800,2982,59424102.00,171774.22921500,0
2025-12-06 04:00:00,0.002892,0.002914,0.002887,0.002895,107415288.0,2025-12-06 04:59:59.999,311970.82527900,2607,54499102.00,158307.99833800,0
2025-12-06 05:00:00,0.002894,0.002907,0.002882,0.002899,83207910.0,2025-12-06 05:59:59.999,241018.95850200,1855,56534512.00,163752.31211500,0
2025-12-06 06:00:00,0.002899,0.002983,0.002882,0.002947,344154502.0,2025-12-06 06:59:59.999,1012517.26845600,6399,206870452.00,608488.92955500,0
2025-12-06 07:00:00,0.002947,0.002956,0.002902,0.00292,165905262.0,2025-12-06 07:59:59.999,485346.00623700,3878,73678116.00,215514.37927300,0
2025-12-06 08:00:00,0.002921,0.002924,0.002878,0.002887,169595886.0,2025-12-06 08:59:59.999,491526.68677500,3142,66475482.00,192782.00957600,0
2025-12-06 09:00:00,0.002886,0.002915,0.002869,0.002897,192636869.0,2025-12-06 09:59:59.999,557205.78666300,4182,83660868.00,242077.39837200,0
2025-12-06 10:00:00,0.002897,0.002902,0.002884,0.002894,45963658.0,2025-12-06 10:59:59.999,133000.31770400,1436,21551153.00,62362.83214200,0
2025-12-06 11:00:00,0.002893,0.002915,0.002889,0.002905,100012503.0,2025-12-06 11:59:59.999,290792.67627700,2159,55152576.00,160358.32361500,0
2025-12-06 12:00:00,0.002905,0.002905,0.002884,0.00289,79531147.0,2025-12-06 12:59:59.999,230106.63609700,2026,34896585.00,100967.43317400,0
2025-12-06 13:00:00,0.00289,0.00292,0.002864,0.002894,288619994.0,2025-12-06 13:59:59.999,834683.68580000,4196,130700372.00,378076.58424200,0
2025-12-06 14:00:00,0.002893,0.003138,0.002889,0.003112,937621637.0,2025-12-06 14:59:59.999,2854309.38898600,16370,465730007.00,1418028.89074300,0
2025-12-06 15:00:00,0.003112,0.003123,0.002987,0.002999,832403306.0,2025-12-06 15:59:59.999,2527618.15676700,14859,341395036.00,1037582.81459900,0
2025-12-06 16:00:00,0.002998,0.003052,0.002995,0.003038,385075232.0,2025-12-06 16:59:59.999,1164081.06716100,6774,155591604.00,470534.53082300,0
2025-12-06 17:00:00,0.003038,0.00306,0.003019,0.003043,123883501.0,2025-12-06 17:59:59.999,376322.71803400,3076,55235286.00,167808.74462000,0
2025-12-06 18:00:00,0.003043,0.003058,0.002984,0.003006,370543163.0,2025-12-06 18:59:59.999,1119393.78452500,6089,141286578.00,426976.89958500,0
2025-12-06 19:00:00,0.003006,0.003016,0.002977,0.002999,216416084.0,2025-12-06 19:59:59.999,647629.49095600,3815,107691699.00,322187.80789200,0
2025-12-06 20:00:00,0.002999,0.003006,0.002985,0.002997,73136706.0,2025-12-06 20:59:59.999,219084.71132700,1821,32224169.00,96532.16231300,0
2025-12-06 21:00:00,0.002996,0.003019,0.002987,0.003003,146977222.0,2025-12-06 21:59:59.999,441579.03813800,3257,77311049.00,232347.53526000,0
2025-12-06 22:00:00,0.003002,0.003004,0.002979,0.002986,124573335.0,2025-12-06 22:59:59.999,372621.20988100,2027,59194076.00,177110.65396300,0
2025-12-06 23:00:00,0.002987,0.002994,0.002955,0.002984,154886264.0,2025-12-06 23:59:59.999,460175.37320600,2815,60875996.00,180742.44697100,0
2025-12-07 00:00:00,0.002984,0.003025,0.002976,0.003017,205821707.0,2025-12-07 00:59:59.999,618013.52472000,3354,118372128.00,355481.13378700,0
2025-12-07 01:00:00,0.003017,0.003024,0.002973,0.002973,111009993.0,2025-12-07 01:59:59.999,333354.56906100,2865,56920703.00,171083.38414900,0
2025-12-07 02:00:00,0.002972,0.003015,0.002966,0.003004,111711899.0,2025-12-07 02:59:59.999,334067.80303100,2129,63930434.00,191246.37586400,0
2025-12-07 03:00:00,0.003004,0.003004,0.002984,0.002987,51821578.0,2025-12-07 03:59:59.999,155066.75034300,1467,28141240.00,84211.12950800,0
2025-12-07 04:00:00,0.002987,0.003,0.002971,0.002987,69670937.0,2025-12-07 04:59:59.999,207877.89165000,1618,26436055.00,78896.86893300,0
2025-12-07 05:00:00,0.002987,0.003012,0.002987,0.003007,150972241.0,2025-12-07 05:59:59.999,452895.33039100,1905,93399061.00,280198.79338200,0
2025-12-07 06:00:00,0.003006,0.003048,0.003005,0.003041,151293151.0,2025-12-07 06:59:59.999,458604.90294700,2411,100537769.00,304716.71137300,0
2025-12-07 07:00:00,0.003041,0.003042,0.002978,0.002986,164524716.0,2025-12-07 07:59:59.999,494927.67206700,3412,58612509.00,176279.73272500,0
2025-12-07 08:00:00,0.002986,0.002992,0.00295,0.002969,241065170.0,2025-12-07 08:59:59.999,716283.87023400,3465,84132180.00,250354.24493000,0
2025-12-07 09:00:00,0.00297,0.002974,0.002935,0.002938,218139751.0,2025-12-07 09:59:59.999,643238.21394600,3783,70159328.00,206884.94019800,0
2025-12-07 10:00:00,0.002938,0.002971,0.002936,0.002962,146131124.0,2025-12-07 10:59:59.999,432393.31720800,2583,78147353.00,231320.63427500,0
2025-12-07 11:00:00,0.002963,0.003027,0.002961,0.003003,173237167.0,2025-12-07 11:59:59.999,520510.69156000,4115,83105063.00,249682.67862600,0
2025-12-07 12:00:00,0.003004,0.003038,0.002997,0.00302,265676987.0,2025-12-07 12:59:59.999,801266.53989100,4058,125602006.00,379064.20254900,0
2025-12-07 13:00:00,0.003021,0.003022,0.002923,0.002948,482681424.0,2025-12-07 13:59:59.999,1433773.12632600,7517,192445761.00,572093.58240100,0
2025-12-07 14:00:00,0.002948,0.002955,0.002838,0.002887,1220544394.0,2025-12-07 14:59:59.999,3519432.47391700,18252,560926921.00,1616646.09831100,0
2025-12-07 15:00:00,0.002886,0.003006,0.002879,0.003003,616449399.0,2025-12-07 15:59:59.999,1811358.30985600,11191,334099132.00,981391.09693400,0
2025-12-07 16:00:00,0.003003,0.003003,0.002938,0.00297,214104187.0,2025-12-07 16:59:59.999,636106.63016700,5294,101329158.00,301144.75213100,0
2025-12-07 17:00:00,0.002971,0.003087,0.002953,0.003057,806195476.0,2025-12-07 17:59:59.999,2448157.30002600,12474,371323370.00,1126798.08615700,0
2025-12-07 18:00:00,0.003057,0.00311,0.003056,0.003068,278619286.0,2025-12-07 18:59:59.999,858064.50948000,6930,133673148.00,411937.39231200,0
2025-12-07 19:00:00,0.003067,0.003075,0.003039,0.003073,122377079.0,2025-12-07 19:59:59.999,374047.74449300,3163,42338536.00,129460.52962500,0
2025-12-07 20:00:00,0.003073,0.003077,0.003044,0.003055,75053049.0,2025-12-07 20:59:59.999,229524.95331300,1807,37864752.00,115807.45970200,0
2025-12-07 21:00:00,0.003054,0.003056,0.002944,0.00296,393321359.0,2025-12-07 21:59:59.999,1183883.78432000,5917,105389557.00,316165.65831100,0
2025-12-07 22:00:00,0.002959,0.002959,0.002868,0.0029,554767089.0,2025-12-07 22:59:59.999,1611357.47189100,9927,218274934.00,634161.86022800,0
2025-12-07 23:00:00,0.0029,0.002917,0.002867,0.002912,277885686.0,2025-12-07 23:59:59.999,802111.41723300,5527,109273666.00,316083.70027600,0
2025-12-08 00:00:00,0.002914,0.002944,0.002889,0.00292,173001701.0,2025-12-08 00:59:59.999,504663.46415200,3854,85807761.00,250569.79952900,0
2025-12-08 01:00:00,0.00292,0.003026,0.002913,0.002979,419338814.0,2025-12-08 01:59:59.999,1247451.93825100,6403,270072456.00,802463.02201700,0
2025-12-08 02:00:00,0.00298,0.003031,0.002977,0.003022,163407617.0,2025-12-08 02:59:59.999,492010.27757800,3572,84847085.00,255573.09473600,0
2025-12-08 03:00:00,0.003022,0.003037,0.002999,0.003003,99232155.0,2025-12-08 03:59:59.999,298868.31572200,2267,56179514.00,169264.41096900,0
2025-12-08 04:00:00,0.003004,0.00305,0.003001,0.003043,199610344.0,2025-12-08 04:59:59.999,602639.10270700,3332,112308271.00,339148.78477900,0
2025-12-08 05:00:00,0.003042,0.00311,0.003016,0.003097,267306579.0,2025-12-08 05:59:59.999,819702.47866500,5349,158151531.00,484974.79061300,0
2025-12-08 06:00:00,0.003096,0.003105,0.003078,0.003093,147132951.0,2025-12-08 06:59:59.999,454884.56626900,2970,69948938.00,216262.77122100,0
2025-12-08 07:00:00,0.003094,0.003108,0.003067,0.00309,177116540.0,2025-12-08 07:59:59.999,547037.03942800,3263,79608940.00,246056.70952800,0
2025-12-08 08:00:00,0.003089,0.003123,0.003062,0.00312,348375367.0,2025-12-08 08:59:59.999,1077406.16750000,4675,126152405.00,390736.94949800,0
2025-12-08 09:00:00,0.003119,0.003163,0.003109,0.003121,318157640.0,2025-12-08 09:59:59.999,997102.90762100,6612,149166593.00,467597.52386300,0
2025-12-08 10:00:00,0.003122,0.003129,0.003106,0.003124,146515833.0,2025-12-08 10:59:59.999,456703.92913200,2606,64651696.00,201579.73806000,0
2025-12-08 11:00:00,0.003124,0.003138,0.003082,0.003097,237486717.0,2025-12-08 11:59:59.999,737834.28921300,4205,100827624.00,313333.31609300,0
2025-12-08 12:00:00,0.003098,0.003101,0.003074,0.003085,166200294.0,2025-12-08 12:59:59.999,513185.53758400,3156,72704398.00,224489.70780900,0
2025-12-08 13:00:00,0.003086,0.003111,0.00307,0.003093,178412975.0,2025-12-08 13:59:59.999,550971.11455000,3460,69520926.00,214821.39580000,0
2025-12-08 14:00:00,0.003094,0.003132,0.003066,0.003071,361006121.0,2025-12-08 14:59:59.999,1117049.84928400,6397,170692200.00,528796.36262200,0
2025-12-08 15:00:00,0.003071,0.00308,0.003009,0.003042,722704721.0,2025-12-08 15:59:59.999,2196545.66487000,9819,272998566.00,830244.17539600,0
2025-12-08 16:00:00,0.003041,0.003117,0.003025,0.003071,547374600.0,2025-12-08 16:59:59.999,1682087.34255100,8182,231214642.00,710880.66259500,0
2025-12-08 17:00:00,0.003071,0.003105,0.003039,0.003076,574605543.0,2025-12-08 17:59:59.999,1762900.25998900,7539,180449282.00,554050.95711900,0
2025-12-08 18:00:00,0.003076,0.003107,0.003032,0.003043,273152197.0,2025-12-08 18:59:59.999,840267.28711600,5183,134708559.00,415017.34990900,0
2025-12-08 19:00:00,0.003043,0.003067,0.003017,0.003045,251325178.0,2025-12-08 19:59:59.999,763511.83548400,4478,87533115.00,266032.83951200,0
2025-12-08 20:00:00,0.003045,0.003106,0.003044,0.003094,277955338.0,2025-12-08 20:59:59.999,855091.18983300,5051,151832600.00,467000.74172300,0
2025-12-08 21:00:00,0.003094,0.00311,0.003073,0.003104,172568938.0,2025-12-08 21:59:59.999,534135.52338600,3408,90256291.00,279414.87776700,0
2025-12-08 22:00:00,0.003104,0.003112,0.003062,0.003068,188781787.0,2025-12-08 22:59:59.999,581099.13637500,2766,85738548.00,263786.76690600,0
2025-12-08 23:00:00,0.003068,0.003074,0.003038,0.003053,223999106.0,2025-12-08 23:59:59.999,683832.90948600,3490,80023560.00,244415.39660400,0
2025-12-09 00:00:00,0.003054,0.003078,0.003029,0.003038,153360266.0,2025-12-09 00:59:59.999,467453.05117000,2978,65990233.00,201429.03576300,0
2025-12-09 01:00:00,0.003038,0.00304,0.002987,0.003009,394516617.0,2025-12-09 01:59:59.999,1186271.81461800,6999,140167017.00,421633.50861800,0
2025-12-09 02:00:00,0.00301,0.003029,0.003,0.003001,119507567.0,2025-12-09 02:59:59.999,360098.50631300,2724,67807911.00,204284.40313400,0
2025-12-09 03:00:00,0.003001,0.003024,0.002985,0.003015,189220285.0,2025-12-09 03:59:59.999,568028.02774800,3631,92054136.00,276390.68588400,0
2025-12-09 04:00:00,0.003016,0.003027,0.002974,0.002987,208125824.0,2025-12-09 04:59:59.999,623858.80550300,3857,70525565.00,211882.85981500,0
2025-12-09 05:00:00,0.002986,0.003009,0.002969,0.00299,236159850.0,2025-12-09 05:59:59.999,706348.96240700,4118,99749606.00,298515.36485800,0
2025-12-09 06:00:00,0.00299,0.003011,0.002979,0.003003,205921883.0,2025-12-09 06:59:59.999,617031.21715100,3048,125416912.00,375941.74100900,0
2025-12-09 07:00:00,0.003003,0.003008,0.002969,0.002992,288822881.0,2025-12-09 07:59:59.999,863573.28606200,3168,129455496.00,387509.41397800,0
2025-12-09 08:00:00,0.002991,0.002995,0.002965,0.002979,203987075.0,2025-12-09 08:59:59.999,608016.00049300,2519,71584111.00,213607.60010300,0
2025-12-09 09:00:00,0.002979,0.002979,0.002943,0.002948,223446569.0,2025-12-09 09:59:59.999,660966.97957300,3299,106403357.00,314715.52404200,0
2025-12-09 10:00:00,0.002949,0.002961,0.002924,0.002956,231631041.0,2025-12-09 10:59:59.999,681974.86573500,3935,114911904.00,338434.63022300,0
2025-12-09 11:00:00,0.002955,0.002973,0.002941,0.002973,119672681.0,2025-12-09 11:59:59.999,353849.83248800,2243,82128377.00,242869.17085900,0
2025-12-09 12:00:00,0.002972,0.00302,0.00296,0.003008,310455593.0,2025-12-09 12:59:59.999,929664.17757300,5554,171772537.00,513880.85011900,0
2025-12-09 13:00:00,0.003009,0.003013,0.002953,0.002965,217727369.0,2025-12-09 13:59:59.999,649830.93224400,3638,97144866.00,290004.77471500,0
2025-12-09 14:00:00,0.002965,0.00299,0.002955,0.002981,253696519.0,2025-12-09 14:59:59.999,754044.16958800,4863,134837757.00,400762.61087700,0
2025-12-09 15:00:00,0.002982,0.00314,0.002978,0.003116,809470538.0,2025-12-09 15:59:59.999,2479714.70176900,13401,419370152.00,1282398.90990700,0
2025-12-09 16:00:00,0.003116,0.003237,0.003116,0.003197,797948151.0,2025-12-09 16:59:59.999,2534176.42456500,13313,343303203.00,1090144.32290000,0
2025-12-09 17:00:00,0.003197,0.003219,0.003138,0.00317,442512051.0,2025-12-09 17:59:59.999,1404828.14781400,8135,194268815.00,616508.43904000,0
2025-12-09 18:00:00,0.003171,0.0032,0.003146,0.003168,260837183.0,2025-12-09 18:59:59.999,827880.72633200,4805,130107016.00,412852.20142400,0
2025-12-09 19:00:00,0.003168,0.003173,0.003138,0.003145,169464881.0,2025-12-09 19:59:59.999,534852.79438800,3426,78529968.00,247909.94738200,0
2025-12-09 20:00:00,0.003145,0.003145,0.003083,0.003107,255999472.0,2025-12-09 20:59:59.999,796885.44736200,4564,116280715.00,362134.08313100,0
2025-12-09 21:00:00,0.003108,0.003115,0.003007,0.003039,397694751.0,2025-12-09 21:59:59.999,1215968.48877900,6432,158478149.00,484759.71490200,0
2025-12-09 22:00:00,0.00304,0.003088,0.003035,0.003074,187458961.0,2025-12-09 22:59:59.999,574213.29842500,3452,104579488.00,320503.09916000,0
2025-12-09 23:00:00,0.003073,0.003085,0.003057,0.003068,74851429.0,2025-12-09 23:59:59.999,229909.29970000,2241,53756551.00,165155.24208800,0
2025-12-10 00:00:00,0.003068,0.003078,0.003028,0.003029,124845918.0,2025-12-10 00:59:59.999,380507.03485600,3069,53592230.00,163461.27548100,0
2025-12-10 01:00:00,0.003029,0.003037,0.003001,0.003017,158588676.0,2025-12-10 01:59:59.999,478809.20552700,3390,101478453.00,306420.32121600,0
2025-12-10 02:00:00,0.003017,0.003048,0.003005,0.003042,134643915.0,2025-12-10 02:59:59.999,407467.28416100,2660,79730996.00,241357.68422000,0
2025-12-10 03:00:00,0.003042,0.003049,0.00303,0.00304,152971202.0,2025-12-10 03:59:59.999,464892.44114400,2410,85176828.00,258803.29869900,0
2025-12-10 04:00:00,0.00304,0.003072,0.003033,0.003058,127324684.0,2025-12-10 04:59:59.999,388859.59495900,2838,73622507.00,224910.31548700,0
2025-12-10 05:00:00,0.003057,0.003061,0.003035,0.003042,115034335.0,2025-12-10 05:59:59.999,350488.48499300,2255,68936749.00,210084.10600000,0
2025-12-10 06:00:00,0.003043,0.003048,0.003033,0.003039,71657113.0,2025-12-10 06:59:59.999,217762.18955800,1433,38804745.00,117877.66081800,0
2025-12-10 07:00:00,0.003039,0.003048,0.003023,0.003048,94976306.0,2025-12-10 07:59:59.999,288424.45763300,1874,55719713.00,169247.57279800,0
2025-12-10 08:00:00,0.003048,0.003056,0.003037,0.003038,83109967.0,2025-12-10 08:59:59.999,253154.66505000,2120,36040786.00,109818.80820900,0
2025-12-10 09:00:00,0.003039,0.003067,0.003025,0.003063,97681157.0,2025-12-10 09:59:59.999,297582.33184000,2567,54056522.00,164697.80339600,0
2025-12-10 10:00:00,0.003062,0.003092,0.002993,0.003006,256411055.0,2025-12-10 10:59:59.999,776874.35281900,4870,108299644.00,328655.59356500,0
2025-12-10 11:00:00,0.003006,0.00302,0.002987,0.003011,237794503.0,2025-12-10 11:59:59.999,714341.90005600,4175,107126478.00,321964.11241000,0
2025-12-10 12:00:00,0.00301,0.003018,0.002979,0.003,213038332.0,2025-12-10 12:59:59.999,637761.83893600,3704,78774849.00,235808.16031900,0
2025-12-10 13:00:00,0.003,0.003014,0.002984,0.003013,184864560.0,2025-12-10 13:59:59.999,554293.65854500,3102,82208424.00,246527.63451400,0
2025-12-10 14:00:00,0.003012,0.003013,0.002959,0.002979,233753521.0,2025-12-10 14:59:59.999,697928.26272000,4846,132826722.00,396599.11708600,0
2025-12-10 15:00:00,0.002978,0.002998,0.00294,0.002959,401169117.0,2025-12-10 15:59:59.999,1189326.64443300,6421,223431757.00,662356.96837700,0
2025-12-10 16:00:00,0.002959,0.002994,0.002954,0.002963,263094047.0,2025-12-10 16:59:59.999,781594.37947300,4438,153320745.00,455527.25713400,0
2025-12-10 17:00:00,0.002963,0.003004,0.002958,0.002979,724233484.0,2025-12-10 17:59:59.999,2156663.49629900,6008,447465428.00,1332204.68232200,0
2025-12-10 18:00:00,0.002979,0.003045,0.002961,0.003001,368008256.0,2025-12-10 18:59:59.999,1105098.87296200,6228,150908061.00,453941.11281000,0
2025-12-10 19:00:00,0.003002,0.003062,0.002962,0.003025,771510926.0,2025-12-10 19:59:59.999,2324382.53294600,16138,396539848.00,1195382.67803000,0
2025-12-10 20:00:00,0.003026,0.003101,0.002969,0.002978,636335363.0,2025-12-10 20:59:59.999,1932240.26116000,11458,281860695.00,856837.34903200,0
2025-12-10 21:00:00,0.00298,0.002989,0.002895,0.002908,464409440.0,2025-12-10 21:59:59.999,1368770.62840800,8045,222642348.00,655614.82963800,0
2025-12-10 22:00:00,0.002909,0.002928,0.002865,0.002916,326936083.0,2025-12-10 22:59:59.999,947744.68576900,4935,196591300.00,570247.09555500,0
2025-12-10 23:00:00,0.002915,0.002922,0.002868,0.002871,141521681.0,2025-12-10 23:59:59.999,410347.71818600,3354,78122588.00,226705.93228400,0
2025-12-11 00:00:00,0.002871,0.002896,0.002821,0.002833,218583699.0,2025-12-11 00:59:59.999,624957.18383500,4777,98051457.00,280509.88034400,0
2025-12-11 01:00:00,0.002833,0.002838,0.002802,0.002804,277714486.0,2025-12-11 01:59:59.999,782584.81271200,4913,127028967.00,358278.48181900,0
2025-12-11 02:00:00,0.002803,0.002805,0.002758,0.002774,340090096.0,2025-12-11 02:59:59.999,944877.29666200,5342,126493031.00,351052.01513500,0
2025-12-11 03:00:00,0.002775,0.002775,0.00273,0.002742,240536372.0,2025-12-11 03:59:59.999,660644.91177600,4359,111944548.00,307581.12784400,0
2025-12-11 04:00:00,0.002741,0.002769,0.00273,0.002759,262753854.0,2025-12-11 04:59:59.999,722788.50799200,4231,143600004.00,395007.32966800,0
2025-12-11 05:00:00,0.002759,0.002771,0.002748,0.002766,149348240.0,2025-12-11 05:59:59.999,412321.96779300,2561,103710512.00,286283.86172700,0
2025-12-11 06:00:00,0.002765,0.002779,0.002753,0.002774,175636147.0,2025-12-11 06:59:59.999,485786.15716900,3414,120273740.00,332684.54162600,0
2025-12-11 07:00:00,0.002774,0.002786,0.002762,0.002772,138911951.0,2025-12-11 07:59:59.999,385486.03870400,3222,82998960.00,230346.23822300,0
2025-12-11 08:00:00,0.002773,0.002776,0.002758,0.002772,97679251.0,2025-12-11 08:59:59.999,270322.07904800,2802,37403473.00,103502.72210600,0
2025-12-11 09:00:00,0.002771,0.002776,0.002755,0.002762,152543086.0,2025-12-11 09:59:59.999,421787.74490200,2755,62979316.00,174235.17217800,0
2025-12-11 10:00:00,0.002762,0.002766,0.002747,0.00276,199256146.0,2025-12-11 10:59:59.999,549090.89413600,2170,120297477.00,331583.13794100,0
2025-12-11 11:00:00,0.002759,0.00277,0.002751,0.00276,111753047.0,2025-12-11 11:59:59.999,308450.16589900,1937,63259995.00,174660.02508800,0
2025-12-11 12:00:00,0.002761,0.002793,0.002758,0.002778,189757279.0,2025-12-11 12:59:59.999,527273.59010300,2832,139778262.00,388408.98874500,0
2025-12-11 13:00:00,0.002778,0.002786,0.002761,0.002785,96530197.0,2025-12-11 13:59:59.999,267879.01669000,2338,55098183.00,152927.60151900,0
2025-12-11 14:00:00,0.002785,0.002791,0.002744,0.002758,273191591.0,2025-12-11 14:59:59.999,756178.81406200,5060,138260396.00,382859.45549000,0
2025-12-11 15:00:00,0.002757,0.002824,0.002748,0.002769,557825196.0,2025-12-11 15:59:59.999,1552505.13098000,8206,287083990.00,799655.19114000,0
2025-12-11 16:00:00,0.002768,0.002791,0.002748,0.002765,173333078.0,2025-12-11 16:59:59.999,478890.06444900,4017,91388875.00,252586.92794800,0
2025-12-11 17:00:00,0.002765,0.002793,0.002759,0.002768,103271983.0,2025-12-11 17:59:59.999,286900.91768000,2714,46348536.00,128809.36915500,0
2025-12-11 18:00:00,0.002768,0.002845,0.002764,0.002819,235547346.0,2025-12-11 18:59:59.999,661731.27094700,4247,146116037.00,410248.61061300,0
2025-12-11 19:00:00,0.002818,0.002836,0.002784,0.002791,159579073.0,2025-12-11 19:59:59.999,449127.90762700,3665,63524742.00,178912.55703000,0
2025-12-11 20:00:00,0.00279,0.002832,0.002789,0.002827,111419572.0,2025-12-11 20:59:59.999,313035.41200300,3094,56368794.00,158414.11216100,0
2025-12-11 21:00:00,0.002828,0.002904,0.002824,0.002893,492633037.0,2025-12-11 21:59:59.999,1414426.78268400,7612,304609566.00,875202.05523000,0
2025-12-11 22:00:00,0.002892,0.002924,0.002845,0.002857,386627790.0,2025-12-11 22:59:59.999,1117017.43523800,4695,204357966.00,589824.19300000,0
2025-12-11 23:00:00,0.002857,0.002875,0.002849,0.002859,111635743.0,2025-12-11 23:59:59.999,319485.20171300,2617,47480047.00,135951.04267700,0
2025-12-12 00:00:00,0.002859,0.002881,0.002817,0.002821,334337962.0,2025-12-12 00:59:59.999,951954.75106400,4761,157666839.00,449106.81705600,0
2025-12-12 01:00:00,0.002822,0.002859,0.002821,0.002848,71323010.0,2025-12-12 01:59:59.999,202559.72313200,2409,31604522.00,89823.82583900,0
2025-12-12 02:00:00,0.002849,0.002874,0.002841,0.002862,76177525.0,2025-12-12 02:59:59.999,218139.21155300,2125,32123495.00,91984.12598400,0
2025-12-12 03:00:00,0.002862,0.002867,0.002835,0.002847,57567773.0,2025-12-12 03:59:59.999,164049.66421300,1464,21356375.00,60866.41275700,0
2025-12-12 04:00:00,0.002847,0.002854,0.002839,0.002852,33744880.0,2025-12-12 04:59:59.999,96074.44213000,890,15348407.00,43701.61297500,0
2025-12-12 05:00:00,0.002851,0.002863,0.002836,0.00286,59640342.0,2025-12-12 05:59:59.999,170139.27785600,1300,25336229.00,72310.20183500,0
2025-12-12 06:00:00,0.00286,0.002885,0.002851,0.002855,112447525.0,2025-12-12 06:59:59.999,322457.95304300,2088,49675155.00,142437.79422400,0
2025-12-12 07:00:00,0.002856,0.002872,0.00285,0.002867,106953288.0,2025-12-12 07:59:59.999,306139.50559700,1726,62602162.00,179238.08378600,0
2025-12-12 08:00:00,0.002866,0.002868,0.002843,0.002863,102414766.0,2025-12-12 08:59:59.999,292718.85055100,1601,59708600.00,170678.18713300,0
2025-12-12 09:00:00,0.002862,0.00289,0.002855,0.002889,97304396.0,2025-12-12 09:59:59.999,279363.06002100,2040,53501919.00,153578.70246400,0
2025-12-12 10:00:00,0.002888,0.002903,0.002883,0.002883,94606723.0,2025-12-12 10:59:59.999,273842.72277800,1953,45270257.00,131104.13281200,0
2025-12-12 11:00:00,0.002883,0.002899,0.002873,0.002897,59371967.0,2025-12-12 11:59:59.999,171290.17594900,1403,33065520.00,95424.33398700,0
2025-12-12 12:00:00,0.002896,0.00292,0.002887,0.002908,257060295.0,2025-12-12 12:59:59.999,745778.93192500,3018,140525145.00,407835.92497400,0
2025-12-12 13:00:00,0.002908,0.002915,0.002885,0.002892,135924332.0,2025-12-12 13:59:59.999,393785.42504000,2322,58902421.00,170597.64029200,0
2025-12-12 14:00:00,0.002892,0.002892,0.002858,0.002879,227365385.0,2025-12-12 14:59:59.999,653405.45704000,3865,83984211.00,241406.12022900,0
2025-12-12 15:00:00,0.002879,0.00288,0.002735,0.002758,652062586.0,2025-12-12 15:59:59.999,1829778.52786700,11139,270522461.00,758023.95137400,0
2025-12-12 16:00:00,0.002758,0.002765,0.002715,0.002728,361655307.0,2025-12-12 16:59:59.999,990791.39382100,8885,181452833.00,497062.09398200,0
2025-12-12 17:00:00,0.002728,0.002776,0.002726,0.002746,164204757.0,2025-12-12 17:59:59.999,452772.23557900,4297,98627732.00,271869.28203600,0
2025-12-12 18:00:00,0.002747,0.002774,0.002745,0.002749,171046803.0,2025-12-12 18:59:59.999,471971.19017600,3096,80690956.00,222691.27726300,0
2025-12-12 19:00:00,0.002749,0.002749,0.002705,0.002731,214824261.0,2025-12-12 19:59:59.999,584314.11310600,3273,73405606.00,199863.77160200,0
2025-12-12 20:00:00,0.00273,0.002749,0.002724,0.002739,134048163.0,2025-12-12 20:59:59.999,366558.92547100,2493,82162572.00,224714.08149000,0
2025-12-12 21:00:00,0.002739,0.002752,0.002731,0.002746,62442099.0,2025-12-12 21:59:59.999,171183.51754400,1341,32578871.00,89334.31092800,0
2025-12-12 22:00:00,0.002746,0.002782,0.002742,0.002771,170015347.0,2025-12-12 22:59:59.999,470836.67377200,2096,77230618.00,213932.20148800,0
2025-12-12 23:00:00,0.002771,0.002771,0.002757,0.002763,53848166.0,2025-12-12 23:59:59.999,148776.26556700,774,27973676.00,77268.98849200,0
2025-12-13 00:00:00,0.002763,0.002779,0.002763,0.002768,35855752.0,2025-12-13 00:59:59.999,99308.18349000,813,16853208.00,46693.76349900,0
2025-12-13 01:00:00,0.002769,0.002786,0.002766,0.00277,82131014.0,2025-12-13 01:59:59.999,228021.15683700,1314,43365449.00,120333.13032100,0
2025-12-13 02:00:00,0.00277,0.002779,0.002764,0.002769,30552718.0,2025-12-13 02:59:59.999,84642.97681800,694,11227657.00,31127.49715700,0
2025-12-13 03:00:00,0.002769,0.002781,0.002768,0.002775,78345703.0,2025-12-13 03:59:59.999,217322.88286100,930,56504586.00,156744.99554200,0
2025-12-13 04:00:00,0.002775,0.002782,0.002771,0.002772,29010237.0,2025-12-13 04:59:59.999,80496.21081500,604,13019433.00,36118.17879200,0
2025-12-13 05:00:00,0.002771,0.002774,0.002748,0.002755,79593720.0,2025-12-13 05:59:59.999,219439.45874200,1081,30604690.00,84412.50745600,0
2025-12-13 06:00:00,0.002755,0.002757,0.002741,0.002749,82675778.0,2025-12-13 06:59:59.999,227426.52298600,1135,46370224.00,127599.32373900,0
2025-12-13 07:00:00,0.002749,0.002764,0.002748,0.00276,50492901.0,2025-12-13 07:59:59.999,139189.06293600,1179,28152286.00,77624.96049700,0
2025-12-13 08:00:00,0.00276,0.002773,0.002753,0.002762,83031831.0,2025-12-13 08:59:59.999,229246.22147000,1247,43103625.00,119049.79095800,0
2025-12-13 09:00:00,0.002762,0.002765,0.002751,0.002757,37387822.0,2025-12-13 09:59:59.999,103156.46984400,1027,23536281.00,64943.38660900,0
2025-12-13 10:00:00,0.002757,0.0028,0.002756,0.002789,138829845.0,2025-12-13 10:59:59.999,386722.51448700,2010,87636669.00,244058.06871600,0
2025-12-13 11:00:00,0.002789,0.002798,0.002774,0.002787,81508975.0,2025-12-13 11:59:59.999,227266.27405800,1769,26647363.00,74245.73163100,0
2025-12-13 12:00:00,0.002786,0.002812,0.002785,0.002809,118897578.0,2025-12-13 12:59:59.999,332875.15644900,2212,79262996.00,221968.62525400,0
2025-12-13 13:00:00,0.00281,0.002817,0.002785,0.002786,55538431.0,2025-12-13 13:59:59.999,155557.04158000,2039,28010892.00,78475.05174600,0
2025-12-13 14:00:00,0.002787,0.002796,0.002769,0.002775,114317642.0,2025-12-13 14:59:59.999,317825.53369000,3766,53824596.00,149715.52618200,0
2025-12-13 15:00:00,0.002775,0.002793,0.002763,0.00277,60989608.0,2025-12-13 15:59:59.999,169410.73713400,1725,22286732.00,61898.42980100,0
2025-12-13 16:00:00,0.00277,0.00278,0.002765,0.002778,74279130.0,2025-12-13 16:59:59.999,205920.34939500,1356,52166233.00,144648.35311400,0
2025-12-13 17:00:00,0.002777,0.002788,0.002771,0.002785,67647691.0,2025-12-13 17:59:59.999,188125.62610700,1107,41240258.00,114720.96826500,0
2025-12-13 18:00:00,0.002784,0.002794,0.002781,0.002786,37918952.0,2025-12-13 18:59:59.999,105714.60772100,769,17928012.00,49993.34698500,0
2025-12-13 19:00:00,0.002786,0.00281,0.002786,0.002796,50779008.0,2025-12-13 19:59:59.999,142012.98596300,887,26408488.00,73857.16605600,0
2025-12-13 20:00:00,0.002797,0.002805,0.002788,0.002789,32672214.0,2025-12-13 20:59:59.999,91376.50804800,695,12041938.00,33676.70212100,0
2025-12-13 21:00:00,0.002789,0.002794,0.002771,0.002786,100141826.0,2025-12-13 21:59:59.999,278792.51284700,1794,26125921.00,72717.53848400,0
2025-12-13 22:00:00,0.002786,0.002797,0.002785,0.00279,40216854.0,2025-12-13 22:59:59.999,112277.43956100,733,14490830.00,40449.85070800,0
2025-12-13 23:00:00,0.002789,0.002798,0.002785,0.002794,43869009.0,2025-12-13 23:59:59.999,122525.47013000,867,21493289.00,60043.47257000,0
2025-12-14 00:00:00,0.002794,0.002809,0.002788,0.002798,51542950.0,2025-12-14 00:59:59.999,144313.01855400,1161,22611704.00,63317.49140200,0
2025-12-14 01:00:00,0.002799,0.002822,0.002798,0.002813,73343060.0,2025-12-14 01:59:59.999,206011.86536800,1163,47020626.00,132071.42989100,0
2025-12-14 02:00:00,0.002813,0.002841,0.002813,0.002828,88703131.0,2025-12-14 02:59:59.999,250981.05002600,1441,40192509.00,113736.06627400,0
2025-12-14 03:00:00,0.002829,0.002831,0.0028,0.002804,87453327.0,2025-12-14 03:59:59.999,245591.93299700,986,13815368.00,38851.41014000,0
2025-12-14 04:00:00,0.002804,0.002816,0.002792,0.002799,47639121.0,2025-12-14 04:59:59.999,133736.48311600,818,21870594.00,61414.28251100,0
2025-12-14 05:00:00,0.002798,0.002798,0.002751,0.002768,167879378.0,2025-12-14 05:59:59.999,464643.34980500,2419,81436545.00,225418.86302500,0
2025-12-14 06:00:00,0.002768,0.002773,0.002747,0.00276,98290973.0,2025-12-14 06:59:59.999,271075.67208600,1444,47370329.00,130724.35065300,0
2025-12-14 07:00:00,0.002761,0.002774,0.002758,0.00277,54224227.0,2025-12-14 07:59:59.999,150072.72778600,1025,30362783.00,84058.21057500,0
2025-12-14 08:00:00,0.00277,0.00278,0.002757,0.002757,58371379.0,2025-12-14 08:59:59.999,161754.73550000,942,27360420.00,75819.30934200,0
2025-12-14 09:00:00,0.002757,0.002766,0.002752,0.002764,36141132.0,2025-12-14 09:59:59.999,99747.17463600,890,17064198.00,47118.36879500,0
2025-12-14 10:00:00,0.002764,0.002765,0.002736,0.00275,125390669.0,2025-12-14 10:59:59.999,344437.89092700,2878,60806370.00,167053.13761900,0
2025-12-14 11:00:00,0.00275,0.002753,0.002683,0.002719,410879989.0,2025-12-14 11:59:59.999,1115001.65521800,7005,186793162.00,507236.70796200,0
2025-12-14 12:00:00,0.002718,0.002776,0.002705,0.002757,209790367.0,2025-12-14 12:59:59.999,574104.35014200,3347,110064061.00,301281.72739200,0
2025-12-14 13:00:00,0.002756,0.002756,0.00273,0.002752,153797396.0,2025-12-14 13:59:59.999,421766.73207600,2765,76816678.00,210683.11246900,0
2025-12-14 14:00:00,0.002752,0.002758,0.002705,0.002712,93454756.0,2025-12-14 14:59:59.999,254503.17864200,1857,41469077.00,112903.55251900,0
2025-12-14 15:00:00,0.002711,0.002718,0.002686,0.002695,123560992.0,2025-12-14 15:59:59.999,333374.42446300,2488,72867455.00,196594.15831900,0
2025-12-14 16:00:00,0.002694,0.002717,0.002688,0.002702,93564990.0,2025-12-14 16:59:59.999,252608.73369300,2241,48968669.00,132233.53726200,0
2025-12-14 17:00:00,0.002702,0.00271,0.002657,0.002667,214876848.0,2025-12-14 17:59:59.999,574343.02641500,3839,83494133.00,223212.44382600,0
2025-12-14 18:00:00,0.002666,0.002694,0.002664,0.002692,77381814.0,2025-12-14 18:59:59.999,207567.89208500,1637,40577950.00,108828.90869000,0
2025-12-14 19:00:00,0.002691,0.002691,0.002657,0.00267,81055383.0,2025-12-14 19:59:59.999,216253.25950400,1443,40524646.00,108137.20592300,0
2025-12-14 20:00:00,0.002669,0.00268,0.002647,0.00266,184458512.0,2025-12-14 20:59:59.999,490946.12118400,2656,96395203.00,256341.03448700,0
2025-12-14 21:00:00,0.002659,0.002669,0.002639,0.002648,73661708.0,2025-12-14 21:59:59.999,195533.80115900,1907,34596144.00,91798.11111000,0
2025-12-14 22:00:00,0.002649,0.002663,0.002632,0.002648,96234740.0,2025-12-14 22:59:59.999,254703.26396700,1562,59559189.00,157670.53140500,0
2025-12-14 23:00:00,0.002649,0.002667,0.002602,0.002645,219799493.0,2025-12-14 23:59:59.999,579270.66986300,3578,109292583.00,288124.57457000,0
2025-12-15 00:00:00,0.002645,0.002684,0.002642,0.002681,198995347.0,2025-12-15 00:59:59.999,530263.67895300,4113,117259857.00,312692.33381700,0
2025-12-15 01:00:00,0.002682,0.002728,0.002672,0.002708,107009717.0,2025-12-15 01:59:59.999,288888.29071800,2849,57424034.00,155121.63263000,0
2025-12-15 02:00:00,0.002708,0.002744,0.002704,0.002706,121423794.0,2025-12-15 02:59:59.999,330433.67421300,2742,63780897.00,173601.18450900,0
2025-12-15 03:00:00,0.002705,0.002706,0.002683,0.002689,95137580.0,2025-12-15 03:59:59.999,256173.96730000,1725,48194993.00,129785.29344200,0
2025-12-15 04:00:00,0.00269,0.002708,0.002688,0.002699,126268017.0,2025-12-15 04:59:59.999,340667.08757600,1584,71245345.00,192178.52754900,0
2025-12-15 05:00:00,0.002699,0.00271,0.002689,0.002706,75458803.0,2025-12-15 05:59:59.999,203982.65536000,1313,42442188.00,114701.74807300,0
2025-12-15 06:00:00,0.002707,0.002715,0.002695,0.002699,176332593.0,2025-12-15 06:59:59.999,476896.66908700,2197,99553397.00,269284.62391000,0
2025-12-15 07:00:00,0.0027,0.002704,0.002681,0.002686,93740787.0,2025-12-15 07:59:59.999,251927.37501800,1633,40135032.00,107906.37811300,0
2025-12-15 08:00:00,0.002686,0.00269,0.002671,0.002672,93041928.0,2025-12-15 08:59:59.999,249375.24320600,1598,44834900.00,120134.81722200,0
2025-12-15 09:00:00,0.002672,0.002696,0.00267,0.00269,127727901.0,2025-12-15 09:59:59.999,342725.50297600,2402,73968239.00,198453.85221700,0
2025-12-15 10:00:00,0.00269,0.002703,0.002681,0.002686,96288608.0,2025-12-15 10:59:59.999,259031.71890500,1807,59609594.00,160337.64060200,0
2025-12-15 11:00:00,0.002686,0.002693,0.002676,0.002686,58810352.0,2025-12-15 11:59:59.999,157798.66039500,1198,32440296.00,87029.46102900,0
2025-12-15 12:00:00,0.002686,0.002706,0.00267,0.002704,125131101.0,2025-12-15 12:59:59.999,337232.21231200,1913,64214159.00,173099.69356400,0
2025-12-15 13:00:00,0.002703,0.002703,0.002659,0.002672,79347592.0,2025-12-15 13:59:59.999,212779.02578400,1854,36050468.00,96684.83889500,0
2025-12-15 14:00:00,0.002671,0.002714,0.002645,0.002676,358391027.0,2025-12-15 14:59:59.999,962051.92211100,8203,192359478.00,516927.91124000,0
2025-12-15 15:00:00,0.002676,0.002752,0.002529,0.002551,1409962422.0,2025-12-15 15:59:59.999,3696464.24443100,26125,676428495.00,1778815.65795600,0
2025-12-15 16:00:00,0.002552,0.002556,0.002507,0.002516,475559690.0,2025-12-15 16:59:59.999,1203686.78444900,8931,223090170.00,564818.78108100,0
2025-12-15 17:00:00,0.002516,0.002536,0.002461,0.002478,904417434.0,2025-12-15 17:59:59.999,2250753.94731900,11130,254971120.00,635717.53596300,0
2025-12-15 18:00:00,0.002477,0.002523,0.002453,0.002506,684306819.0,2025-12-15 18:59:59.999,1702172.54572100,9734,337782598.00,840963.60323500,0
2025-12-15 19:00:00,0.002506,0.002554,0.002492,0.002502,582325647.0,2025-12-15 19:59:59.999,1467775.08984400,6891,295427030.00,745092.02493000,0
2025-12-15 20:00:00,0.002502,0.002504,0.00246,0.002466,296464347.0,2025-12-15 20:59:59.999,735908.46239000,4646,171118934.00,425215.42843300,0
2025-12-15 21:00:00,0.002467,0.002485,0.00246,0.002482,176123959.0,2025-12-15 21:59:59.999,435725.81345200,2586,68694233.00,169951.10648700,0
2025-12-15 22:00:00,0.002483,0.002507,0.00248,0.002504,208488577.0,2025-12-15 22:59:59.999,520204.47661200,2780,120459423.00,300601.72547900,0
2025-12-15 23:00:00,0.002504,0.002522,0.002498,0.00252,113359498.0,2025-12-15 23:59:59.999,284378.31214900,2166,61086765.00,153296.72577800,0
2025-12-16 00:00:00,0.00252,0.002521,0.00246,0.002461,115998659.0,2025-12-16 00:59:59.999,289631.23047900,2356,53766646.00,134337.53873000,0
2025-12-16 01:00:00,0.002461,0.002485,0.002457,0.002469,103087266.0,2025-12-16 01:59:59.999,254564.08155800,2169,53612875.00,132381.52501000,0
2025-12-16 02:00:00,0.002469,0.002485,0.002449,0.002474,147715160.0,2025-12-16 02:59:59.999,364806.71509200,2295,75987564.00,187834.99757500,0
2025-12-16 03:00:00,0.002474,0.002478,0.00242,0.002453,286570707.0,2025-12-16 03:59:59.999,700253.17666700,3259,128247272.00,313607.65297300,0
2025-12-16 04:00:00,0.002453,0.002455,0.002411,0.002438,197258811.0,2025-12-16 04:59:59.999,479848.56103700,3035,89903042.00,218799.64181900,0
2025-12-16 05:00:00,0.002437,0.002454,0.002428,0.002443,88246569.0,2025-12-16 05:59:59.999,215401.39870100,1697,46151369.00,112643.60130600,0
2025-12-16 06:00:00,0.002442,0.002464,0.002442,0.002458,90219984.0,2025-12-16 06:59:59.999,221575.90811000,1811,67435294.00,165607.40183200,0
2025-12-16 07:00:00,0.002458,0.002461,0.002397,0.002414,392968022.0,2025-12-16 07:59:59.999,953480.20920400,4095,168656189.00,408731.52063800,0
2025-12-16 08:00:00,0.002414,0.002425,0.002405,0.002412,137505747.0,2025-12-16 08:59:59.999,332313.87519200,2259,75373980.00,182112.10432300,0
2025-12-16 09:00:00,0.002412,0.002419,0.002402,0.002409,87791601.0,2025-12-16 09:59:59.999,211555.03228700,1554,52627294.00,126845.68225300,0
2025-12-16 10:00:00,0.00241,0.002451,0.002402,0.002432,456177087.0,2025-12-16 10:59:59.999,1107396.80631600,6241,172474675.00,417923.30162800,0
2025-12-16 11:00:00,0.002433,0.002467,0.002427,0.002462,450370138.0,2025-12-16 11:59:59.999,1101479.40681400,5186,211282400.00,516567.94943800,0
2025-12-16 12:00:00,0.002463,0.002475,0.002443,0.002458,159086877.0,2025-12-16 12:59:59.999,391509.89129900,2723,76611430.00,188419.54147900,0
2025-12-16 13:00:00,0.002457,0.002497,0.002414,0.002416,569786521.0,2025-12-16 13:59:59.999,1401341.96152800,8437,307528697.00,756523.44111600,0
2025-12-16 14:00:00,0.002416,0.002454,0.002393,0.002434,682382826.0,2025-12-16 14:59:59.999,1654848.13705600,9886,327778670.00,795967.93733000,0
2025-12-16 15:00:00,0.002435,0.002448,0.002363,0.002427,952544167.0,2025-12-16 15:59:59.999,2288522.72364000,10737,575512165.00,1384038.09490200,0
2025-12-16 16:00:00,0.002427,0.002428,0.002338,0.002355,604402579.0,2025-12-16 16:59:59.999,1435458.82382600,7498,375330384.00,891355.09700100,0
2025-12-16 17:00:00,0.002356,0.002364,0.002281,0.002309,810340305.0,2025-12-16 17:59:59.999,1883631.32917800,7561,423868933.00,985437.59422300,0
2025-12-16 18:00:00,0.002308,0.002364,0.002306,0.002343,463236954.0,2025-12-16 18:59:59.999,1082109.26187200,5887,281505535.00,657481.41499800,0
2025-12-16 19:00:00,0.002344,0.002367,0.002292,0.002333,545612126.0,2025-12-16 19:59:59.999,1264557.73086100,5904,318445259.00,737549.29348900,0
2025-12-16 20:00:00,0.002332,0.002347,0.002316,0.002318,291859348.0,2025-12-16 20:59:59.999,679753.02125700,4511,138017691.00,321462.09987300,0
2025-12-16 21:00:00,0.002317,0.002349,0.002308,0.002339,168627836.0,2025-12-16 21:59:59.999,392001.38650700,2567,105132369.00,244306.66304000,0
2025-12-16 22:00:00,0.002339,0.002369,0.002318,0.002325,418768092.0,2025-12-16 22:59:59.999,979515.91002900,3401,245206708.00,573497.08946700,0
2025-12-16 23:00:00,0.002325,0.002354,0.002323,0.002343,328540075.0,2025-12-16 23:59:59.999,768769.80155300,3747,219014955.00,512495.23799500,0
2025-12-17 00:00:00,0.002343,0.002343,0.002306,0.002318,151447749.0,2025-12-17 00:59:59.999,350808.66922000,2576,57854585.00,134020.76698200,0
2025-12-17 01:00:00,0.002317,0.002351,0.002291,0.002299,424012534.0,2025-12-17 01:59:59.999,988690.35908800,3772,228959030.00,533524.23348900,0
2025-12-17 02:00:00,0.0023,0.00232,0.002284,0.002317,117200777.0,2025-12-17 02:59:59.999,270039.38269500,2629,60672346.00,139736.39704300,0
2025-12-17 03:00:00,0.002318,0.002355,0.002307,0.002314,147698915.0,2025-12-17 03:59:59.999,343995.47557300,3074,73145077.00,170408.16070300,0
2025-12-17 04:00:00,0.002314,0.002318,0.002289,0.002296,88525183.0,2025-12-17 04:59:59.999,203784.28230100,1621,49863313.00,114802.68102800,0
2025-12-17 05:00:00,0.002296,0.002312,0.002283,0.002303,221092901.0,2025-12-17 05:59:59.999,508483.23917100,2742,99360117.00,228681.67505400,0
2025-12-17 06:00:00,0.002303,0.00232,0.002288,0.002294,123022932.0,2025-12-17 06:59:59.999,283379.98198600,2152,64245525.00,148062.48877300,0
2025-12-17 07:00:00,0.002295,0.002311,0.002288,0.002289,172500494.0,2025-12-17 07:59:59.999,396193.13754400,2349,95927643.00,220344.45313600,0
2025-12-17 08:00:00,0.002289,0.002289,0.002242,0.002257,459096512.0,2025-12-17 08:59:59.999,1037695.93948900,5341,165557257.00,374482.57571600,0
2025-12-17 09:00:00,0.002257,0.002293,0.002256,0.002288,248001070.0,2025-12-17 09:59:59.999,566843.01695200,2647,169858492.00,388282.52737900,0
2025-12-17 10:00:00,0.002287,0.002304,0.002277,0.002287,141317825.0,2025-12-17 10:59:59.999,323706.71433300,2048,61641918.00,141229.67633900,0
2025-12-17 11:00:00,0.002286,0.002309,0.002286,0.002309,216145619.0,2025-12-17 11:59:59.999,495919.46680800,2024,46172863.00,106045.52064600,0
2025-12-17 12:00:00,0.002308,0.002317,0.0023,0.002306,141369887.0,2025-12-17 12:59:59.999,326425.36665600,2301,75853306.00,175159.12844500,0
2025-12-17 13:00:00,0.002306,0.002336,0.002294,0.002319,364049642.0,2025-12-17 13:59:59.999,839355.80003700,3917,166206119.00,383369.85509900,0
2025-12-17 14:00:00,0.002319,0.002349,0.002253,0.002347,790476649.0,2025-12-17 14:59:59.999,1828211.91345800,13297,353036649.00,815589.21027600,0
2025-12-17 15:00:00,0.002347,0.002353,0.002234,0.002247,919802396.0,2025-12-17 15:59:59.999,2107512.76534900,16096,402114159.00,924784.18077100,0
2025-12-17 16:00:00,0.002247,0.002277,0.002173,0.002194,1200939620.0,2025-12-17 16:59:59.999,2645415.07734300,14592,536088297.00,1182143.00693900,0
2025-12-17 17:00:00,0.002193,0.002198,0.002138,0.002147,437697781.0,2025-12-17 17:59:59.999,948907.48904600,5412,196021360.00,425011.10573300,0
2025-12-17 18:00:00,0.002148,0.002167,0.002098,0.002107,523165485.0,2025-12-17 18:59:59.999,1112143.69106400,6236,236239212.00,502765.59965400,0
2025-12-17 19:00:00,0.002107,0.002109,0.002063,0.002081,630969721.0,2025-12-17 19:59:59.999,1317526.86256100,7049,304939117.00,636752.80644000,0
2025-12-17 20:00:00,0.002081,0.002101,0.002071,0.002085,263062955.0,2025-12-17 20:59:59.999,548907.16450100,3241,138458692.00,288893.83187400,0
2025-12-17 21:00:00,0.002085,0.002124,0.002084,0.002092,213790860.0,2025-12-17 21:59:59.999,450060.74615400,2588,120453192.00,253415.93159100,0
2025-12-17 22:00:00,0.002091,0.002123,0.002077,0.002118,209544893.0,2025-12-17 22:59:59.999,438643.42986900,2407,126236741.00,264265.00563400,0
2025-12-17 23:00:00,0.002117,0.002122,0.002086,0.002091,161254090.0,2025-12-17 23:59:59.999,338663.87600200,2157,93880383.00,197199.47667600,0
2025-12-18 00:00:00,0.002091,0.002093,0.002065,0.002074,162094505.0,2025-12-18 00:59:59.999,336105.46584000,2164,84766993.00,175852.66029500,0
2025-12-18 01:00:00,0.002073,0.002073,0.002039,0.002046,227031326.0,2025-12-18 01:59:59.999,465735.39410000,2832,104611229.00,214474.86105200,0
2025-12-18 02:00:00,0.002047,0.002058,0.002029,0.002042,301795538.0,2025-12-18 02:59:59.999,616815.99659900,3312,147547937.00,301551.04390200,0
2025-12-18 03:00:00,0.002043,0.002044,0.002009,0.002015,372262754.0,2025-12-18 03:59:59.999,755149.67071100,3142,146563343.00,297412.88354000,0
2025-12-18 04:00:00,0.002015,0.002051,0.002008,0.002047,272496429.0,2025-12-18 04:59:59.999,552360.48992900,2874,141926614.00,287634.68014800,0
2025-12-18 05:00:00,0.002047,0.002049,0.00202,0.002036,171739753.0,2025-12-18 05:59:59.999,349028.70367800,2052,96333665.00,195731.33966000,0
2025-12-18 06:00:00,0.002036,0.002047,0.002027,0.002033,136593734.0,2025-12-18 06:59:59.999,278248.23415100,1615,66019932.00,134505.42822700,0
2025-12-18 07:00:00,0.002033,0.00204,0.002018,0.002027,208050350.0,2025-12-18 07:59:59.999,421812.95579400,2100,103234131.00,209333.94624100,0
2025-12-18 08:00:00,0.002027,0.002042,0.002018,0.002029,195029631.0,2025-12-18 08:59:59.999,396301.60555000,2204,111807323.00,227090.53053400,0
2025-12-18 09:00:00,0.002029,0.002034,0.002002,0.002022,330042343.0,2025-12-18 09:59:59.999,665333.26603900,2661,129553924.00,261449.66786900,0
2025-12-18 10:00:00,0.002022,0.002046,0.002016,0.002039,225648302.0,2025-12-18 10:59:59.999,459167.93102300,1837,140786010.00,286500.80897000,0
2025-12-18 11:00:00,0.00204,0.002043,0.002024,0.002037,245196317.0,2025-12-18 11:59:59.999,498266.21477300,2049,160318755.00,325814.26569900,0
2025-12-18 12:00:00,0.002038,0.002051,0.002033,0.002036,157597293.0,2025-12-18 12:59:59.999,321301.82550300,1990,108952007.00,222158.36004600,0
2025-12-18 13:00:00,0.002037,0.002087,0.002037,0.002083,824653958.0,2025-12-18 13:59:59.999,1704390.83303300,8834,449977730.00,929617.28811300,0
2025-12-18 14:00:00,0.002083,0.002101,0.002008,0.002016,968735800.0,2025-12-18 14:59:59.999,1976742.12144900,9131,571802455.00,1164755.80371700,0
2025-12-18 15:00:00,0.002016,0.002045,0.001964,0.002037,953678488.0,2025-12-18 15:59:59.999,1910965.99712400,11043,473367987.00,948856.73448500,0
2025-12-18 16:00:00,0.002038,0.00204,0.001984,0.002,448956954.0,2025-12-18 16:59:59.999,899448.20323700,5574,235562665.00,471681.43135300,0
2025-12-18 17:00:00,0.002,0.002,0.001866,0.001888,1436235916.0,2025-12-18 17:59:59.999,2738116.08186900,18345,620215123.00,1182772.65340600,0
2025-12-18 18:00:00,0.001889,0.001923,0.001876,0.001881,493295122.0,2025-12-18 18:59:59.999,936141.83834000,6235,246310998.00,467901.96094600,0
2025-12-18 19:00:00,0.00188,0.001897,0.00183,0.001838,1215797591.0,2025-12-18 19:59:59.999,2263644.08729800,9356,600286074.00,1118096.90197900,0
2025-12-18 20:00:00,0.001838,0.001869,0.001835,0.00185,398369586.0,2025-12-18 20:59:59.999,739117.09120400,4665,158461936.00,294073.66388200,0
2025-12-18 21:00:00,0.001849,0.001924,0.001849,0.0019,863297609.0,2025-12-18 21:59:59.999,1636939.16377900,13339,500023490.00,947782.54997000,0
2025-12-18 22:00:00,0.0019,0.00191,0.001884,0.001885,284299003.0,2025-12-18 22:59:59.999,539674.85252900,2805,179235285.00,340426.27930100,0
2025-12-18 23:00:00,0.001884,0.001884,0.00185,0.00186,325338566.0,2025-12-18 23:59:59.999,606339.43637700,2601,118523955.00,221048.85645900,0
2025-12-19 00:00:00,0.00186,0.001867,0.001817,0.001825,288308100.0,2025-12-19 00:59:59.999,529214.37277500,3442,136424511.00,250412.90727800,0
2025-12-19 01:00:00,0.001825,0.001839,0.001809,0.001825,344062474.0,2025-12-19 01:59:59.999,627004.40425800,3613,120359181.00,219278.09217300,0
2025-12-19 02:00:00,0.001824,0.001891,0.001818,0.001885,352273751.0,2025-12-19 02:59:59.999,652464.20095900,4873,194168046.00,359033.30323000,0
2025-12-19 03:00:00,0.001885,0.001938,0.001873,0.001899,999856548.0,2025-12-19 03:59:59.999,1907466.76925200,9870,496663746.00,948762.19546800,0
2025-12-19 04:00:00,0.001899,0.001922,0.00189,0.001913,242669368.0,2025-12-19 04:59:59.999,462422.01546700,3314,153086110.00,291717.50157100,0
2025-12-19 05:00:00,0.001913,0.001926,0.001894,0.001926,250451168.0,2025-12-19 05:59:59.999,477893.60733200,3027,137253934.00,262010.62271300,0
2025-12-19 06:00:00,0.001926,0.001947,0.001912,0.001941,249871665.0,2025-12-19 06:59:59.999,481601.23085300,2049,138040923.00,266238.37049300,0
2025-12-19 07:00:00,0.00194,0.00199,0.001926,0.001979,944406215.0,2025-12-19 07:59:59.999,1845639.71875600,7993,522700202.00,1022258.49659500,0
2025-12-19 08:00:00,0.001979,0.002018,0.001976,0.001996,646943991.0,2025-12-19 08:59:59.999,1292570.30681200,6217,368249021.00,735839.08757700,0
2025-12-19 09:00:00,0.001994,0.001998,0.00196,0.001965,459498760.0,2025-12-19 09:59:59.999,908093.99299800,3947,197457951.00,390582.11847200,0
2025-12-19 10:00:00,0.001965,0.001984,0.00196,0.00197,279100155.0,2025-12-19 10:59:59.999,551222.78262700,3063,157011540.00,310017.08967000,0
2025-12-19 11:00:00,0.001969,0.001992,0.001967,0.001989,319567063.0,2025-12-19 11:59:59.999,632933.12427500,2748,201093756.00,398323.97083000,0
2025-12-19 12:00:00,0.00199,0.002001,0.001975,0.001976,316706213.0,2025-12-19 12:59:59.999,629215.28037900,3283,174882694.00,347515.82964500,0
2025-12-19 13:00:00,0.001976,0.001989,0.001972,0.001986,397324684.0,2025-12-19 13:59:59.999,787204.01668800,3485,210637913.00,417374.12692900,0
2025-12-19 14:00:00,0.001987,0.002007,0.001965,0.001987,771296464.0,2025-12-19 14:59:59.999,1531070.45702800,9012,392143963.00,778813.92988200,0
2025-12-19 15:00:00,0.001986,0.002019,0.001958,0.001965,636359025.0,2025-12-19 15:59:59.999,1262059.06925200,7374,370391318.00,734582.40158800,0
2025-12-19 16:00:00,0.001965,0.002011,0.001963,0.001994,428590987.0,2025-12-19 16:59:59.999,853382.28516600,4621,220671747.00,439372.76186300,0
2025-12-19 17:00:00,0.001995,0.00201,0.001949,0.00195,422779999.0,2025-12-19 17:59:59.999,835563.76109900,4949,213113637.00,421736.41063100,0
2025-12-19 18:00:00,0.00195,0.001984,0.001946,0.001964,357247152.0,2025-12-19 18:59:59.999,701898.85326500,4361,191710630.00,376543.73533500,0
2025-12-19 19:00:00,0.001964,0.002,0.001957,0.001985,367240325.0,2025-12-19 19:59:59.999,727852.27609100,3002,227672010.00,451398.64286600,0
2025-12-19 20:00:00,0.001985,0.002019,0.001967,0.002017,365068010.0,2025-12-19 20:59:59.999,729525.98385800,4144,228806364.00,457281.03880900,0
2025-12-19 21:00:00,0.002017,0.002017,0.001974,0.001976,128372787.0,2025-12-19 21:59:59.999,255336.34105300,1636,54104604.00,107747.55581300,0
2025-12-19 22:00:00,0.001977,0.001992,0.001966,0.001977,192590808.0,2025-12-19 22:59:59.999,381229.46446000,1880,94092891.00,186275.40574200,0
2025-12-19 23:00:00,0.001976,0.001995,0.001957,0.001991,404404407.0,2025-12-19 23:59:59.999,799402.04393600,3651,216045271.00,427723.66567100,0
2025-12-20 00:00:00,0.001991,0.002008,0.001976,0.001996,294795808.0,2025-12-20 00:59:59.999,587762.80582000,2648,167894291.00,334692.02171900,0
2025-12-20 01:00:00,0.001995,0.001997,0.001987,0.001993,88606366.0,2025-12-20 01:59:59.999,176432.43421700,1128,45755839.00,91116.35549400,0
2025-12-20 02:00:00,0.001992,0.001992,0.001981,0.001982,57606959.0,2025-12-20 02:59:59.999,114402.80554100,962,33347621.00,66202.69930800,0
2025-12-20 03:00:00,0.001981,0.001993,0.001974,0.00198,116026294.0,2025-12-20 03:59:59.999,229989.15677400,1212,59203983.00,117391.72767400,0
2025-12-20 04:00:00,0.001979,0.001988,0.001972,0.001982,93055056.0,2025-12-20 04:59:59.999,184215.65810900,1048,42393753.00,83962.19203700,0
2025-12-20 05:00:00,0.001982,0.001988,0.001975,0.001977,128659768.0,2025-12-20 05:59:59.999,254738.22279800,1291,53279761.00,105510.29930500,0
2025-12-20 06:00:00,0.001976,0.001984,0.001971,0.001976,86500078.0,2025-12-20 06:59:59.999,170985.60101100,890,43441537.00,85884.82335500,0
2025-12-20 07:00:00,0.001976,0.001992,0.001967,0.001977,244176112.0,2025-12-20 07:59:59.999,483339.71770800,2221,109489809.00,216674.10905700,0
2025-12-20 08:00:00,0.001976,0.002034,0.001976,0.002008,304311943.0,2025-12-20 08:59:59.999,612009.38479700,3497,147486980.00,296786.07313600,0
2025-12-20 09:00:00,0.002008,0.002025,0.001971,0.001996,547128086.0,2025-12-20 09:59:59.999,1094028.44476200,5598,263581720.00,527261.62626200,0
2025-12-20 10:00:00,0.001996,0.001996,0.001974,0.001981,174987751.0,2025-12-20 10:59:59.999,347384.86398700,1789,76238164.00,151403.04489800,0
2025-12-20 11:00:00,0.00198,0.001986,0.00197,0.001979,178915787.0,2025-12-20 11:59:59.999,353986.13716400,1632,93196602.00,184434.79565700,0
2025-12-20 12:00:00,0.001979,0.001986,0.001966,0.001974,125249995.0,2025-12-20 12:59:59.999,247382.95187900,1229,65467665.00,129359.07103100,0
2025-12-20 13:00:00,0.001973,0.001978,0.001954,0.00196,175670877.0,2025-12-20 13:59:59.999,344968.39130600,2331,73364691.00,144093.28662300,0
2025-12-20 14:00:00,0.00196,0.00197,0.001942,0.001967,192933502.0,2025-12-20 14:59:59.999,377708.09532900,1654,85140128.00,166771.64349500,0
2025-12-20 15:00:00,0.001968,0.001985,0.00195,0.001983,334061903.0,2025-12-20 15:59:59.999,656617.49945200,3221,145303616.00,285997.57292500,0
2025-12-20 16:00:00,0.001982,0.001996,0.001972,0.001995,183182283.0,2025-12-20 16:59:59.999,362868.23840900,2072,110808636.00,219591.47920200,0
2025-12-20 17:00:00,0.001995,0.002001,0.001981,0.001989,306428518.0,2025-12-20 17:59:59.999,610772.87455000,2139,210346062.00,419330.78890100,0
2025-12-20 18:00:00,0.00199,0.002005,0.001984,0.001999,103945277.0,2025-12-20 18:59:59.999,207303.01020600,1272,63662241.00,126950.00126700,0
2025-12-20 19:00:00,0.001999,0.002,0.00199,0.001992,81504405.0,2025-12-20 19:59:59.999,162675.31017000,1087,48469777.00,96732.60564300,0
2025-12-20 20:00:00,0.001991,0.001998,0.00199,0.001993,43991230.0,2025-12-20 20:59:59.999,87674.22294400,680,20901587.00,41659.18818700,0
2025-12-20 21:00:00,0.001994,0.001997,0.001977,0.001977,79455301.0,2025-12-20 21:59:59.999,158025.81687000,1049,36309189.00,72241.54285800,0
2025-12-20 22:00:00,0.001977,0.001982,0.001971,0.00198,76120153.0,2025-12-20 22:59:59.999,150387.24358300,700,45472050.00,89834.23172500,0
2025-12-20 23:00:00,0.001979,0.001983,0.00196,0.001967,139941711.0,2025-12-20 23:59:59.999,275527.18913900,1228,73029757.00,143745.29188600,0
2025-12-21 00:00:00,0.001967,0.002003,0.001967,0.001989,296332270.0,2025-12-21 00:59:59.999,588942.10391000,2432,179766637.00,357142.39296200,0
2025-12-21 01:00:00,0.001988,0.001988,0.001951,0.001955,185638254.0,2025-12-21 01:59:59.999,365397.23879200,1611,77597543.00,152763.20540800,0
2025-12-21 02:00:00,0.001955,0.001959,0.00194,0.001944,124452892.0,2025-12-21 02:59:59.999,242328.21230500,1603,58146230.00,113193.43468000,0
2025-12-21 03:00:00,0.001945,0.00196,0.001945,0.001951,85706072.0,2025-12-21 03:59:59.999,167381.32820400,904,27054679.00,52843.09766300,0
2025-12-21 04:00:00,0.001951,0.001958,0.001946,0.001952,42107079.0,2025-12-21 04:59:59.999,82191.74704600,548,16252626.00,31716.77994300,0
2025-12-21 05:00:00,0.001951,0.001966,0.001951,0.001953,49791158.0,2025-12-21 05:59:59.999,97570.37039900,724,20404903.00,39958.86428900,0
2025-12-21 06:00:00,0.001953,0.001973,0.001952,0.00197,86384564.0,2025-12-21 06:59:59.999,169739.02266400,906,52339739.00,102828.17385200,0
2025-12-21 07:00:00,0.00197,0.001972,0.001962,0.001967,59705265.0,2025-12-21 07:59:59.999,117385.41203100,685,29513365.00,58018.37250000,0
2025-12-21 08:00:00,0.001966,0.001986,0.001961,0.001974,71765199.0,2025-12-21 08:59:59.999,141874.26335200,1135,35349123.00,69888.99746700,0
2025-12-21 09:00:00,0.001974,0.00199,0.001965,0.001984,120735908.0,2025-12-21 09:59:59.999,238886.62444700,1576,55512242.00,109959.24954200,0
2025-12-21 10:00:00,0.001985,0.001993,0.001954,0.001957,125313599.0,2025-12-21 10:59:59.999,247831.08399800,1414,69062381.00,136697.58121300,0
2025-12-21 11:00:00,0.001956,0.001968,0.001948,0.001959,227893099.0,2025-12-21 11:59:59.999,445677.96421200,1309,124466937.00,243440.89081000,0
2025-12-21 12:00:00,0.001959,0.001967,0.001927,0.001938,152771010.0,2025-12-21 12:59:59.999,297593.00078000,1822,77615139.00,151200.23937600,0
2025-12-21 13:00:00,0.001939,0.001939,0.001881,0.001887,738097137.0,2025-12-21 13:59:59.999,1405334.01013200,6240,337362622.00,642622.01634300,0
2025-12-21 14:00:00,0.001887,0.001911,0.001884,0.001911,161183604.0,2025-12-21 14:59:59.999,306390.01484700,2184,87352658.00,166061.29783900,0
2025-12-21 15:00:00,0.00191,0.001944,0.001903,0.00194,148025240.0,2025-12-21 15:59:59.999,284704.21973500,1828,90555931.00,174065.33578000,0
2025-12-21 16:00:00,0.001939,0.001951,0.001926,0.001943,143389903.0,2025-12-21 16:59:59.999,277921.35018300,1411,59505539.00,115312.70286700,0
2025-12-21 17:00:00,0.001943,0.001957,0.001935,0.001952,156405019.0,2025-12-21 17:59:59.999,304383.43144200,1503,95846917.00,186586.69725700,0
2025-12-21 18:00:00,0.001952,0.001953,0.001923,0.001935,131121317.0,2025-12-21 18:59:59.999,253541.35803000,1390,63506896.00,122873.86823000,0
2025-12-21 19:00:00,0.001935,0.001944,0.001922,0.001939,63977092.0,2025-12-21 19:59:59.999,123641.91680600,1042,27476100.00,53168.08025100,0
2025-12-21 20:00:00,0.001938,0.001938,0.001924,0.001926,76753538.0,2025-12-21 20:59:59.999,147982.45927600,838,30745008.00,59286.91887400,0
2025-12-21 21:00:00,0.001926,0.001948,0.001923,0.001936,108093573.0,2025-12-21 21:59:59.999,209486.83713500,1220,55212982.00,107021.60560500,0
2025-12-21 22:00:00,0.001935,0.001968,0.001932,0.001966,97964072.0,2025-12-21 22:59:59.999,191113.40565200,882,51435097.00,100376.01053100,0
2025-12-21 23:00:00,0.001966,0.00199,0.001966,0.001974,445714102.0,2025-12-21 23:59:59.999,881732.38865600,3242,301661110.00,596719.75374600,0
2025-12-22 00:00:00,0.001975,0.002011,0.001965,0.001965,610372753.0,2025-12-22 00:59:59.999,1212613.15284100,6251,323810113.00,643358.52595700,0
2025-12-22 01:00:00,0.001965,0.002027,0.001963,0.001995,803156871.0,2025-12-22 01:59:59.999,1608709.22001500,7896,469521050.00,939991.64285100,0
2025-12-22 02:00:00,0.001995,0.001995,0.001955,0.001975,479116319.0,2025-12-22 02:59:59.999,942299.99101200,4101,224962767.00,442833.32092100,0
2025-12-22 03:00:00,0.001976,0.002005,0.00197,0.001989,252366213.0,2025-12-22 03:59:59.999,501821.58493200,2924,159728304.00,317610.16288300,0
2025-12-22 04:00:00,0.001989,0.00201,0.001989,0.001994,189165441.0,2025-12-22 04:59:59.999,378235.59477800,2371,109155165.00,218292.89098300,0
2025-12-22 05:00:00,0.001994,0.002024,0.001989,0.002018,557253270.0,2025-12-22 05:59:59.999,1119052.79395500,3293,377757350.00,757989.09461000,0
2025-12-22 06:00:00,0.002018,0.002033,0.00201,0.00201,296243684.0,2025-12-22 06:59:59.999,599206.19228900,2965,141060943.00,285359.76761000,0
2025-12-22 07:00:00,0.00201,0.002028,0.002004,0.002014,248147408.0,2025-12-22 07:59:59.999,500185.84069200,2646,147206692.00,296861.97386600,0
2025-12-22 08:00:00,0.002015,0.002029,0.002004,0.002009,410471571.0,2025-12-22 08:59:59.999,828077.02635500,3576,185380541.00,374034.12876000,0
2025-12-22 09:00:00,0.002009,0.00202,0.002008,0.00202,258941321.0,2025-12-22 09:59:59.999,521321.57584400,2169,127165544.00,256007.94716800,0
2025-12-22 10:00:00,0.00202,0.002027,0.002011,0.002019,220334711.0,2025-12-22 10:59:59.999,445103.23406900,1803,94143570.00,190229.93918800,0
2025-12-22 11:00:00,0.002019,0.002028,0.001987,0.001993,588795356.0,2025-12-22 11:59:59.999,1183906.72446900,4368,225349348.00,453187.41323100,0
2025-12-22 12:00:00,0.001992,0.002038,0.001991,0.002027,834609523.0,2025-12-22 12:59:59.999,1683736.65138800,6536,422552087.00,852257.56656500,0
2025-12-22 13:00:00,0.002027,0.002028,0.001987,0.001995,269938128.0,2025-12-22 13:59:59.999,540509.60097300,2682,108109149.00,216323.05737900,0
2025-12-22 14:00:00,0.001994,0.002008,0.001976,0.001987,364203660.0,2025-12-22 14:59:59.999,724663.90410300,4620,165482370.00,329411.33591200,0
2025-12-22 15:00:00,0.001987,0.001999,0.001951,0.001977,455943026.0,2025-12-22 15:59:59.999,899681.68052800,5575,200379028.00,395548.80490700,0
2025-12-22 16:00:00,0.001978,0.001985,0.001963,0.001972,175754412.0,2025-12-22 16:59:59.999,347073.46708300,2107,95657450.00,188940.48338500,0
2025-12-22 17:00:00,0.001972,0.001973,0.001953,0.001962,242166626.0,2025-12-22 17:59:59.999,474654.01137400,2391,105488940.00,206791.84608100,0
2025-12-22 18:00:00,0.001962,0.001978,0.001954,0.001962,131941112.0,2025-12-22 18:59:59.999,259224.83385700,1541,78202533.00,153637.74689800,0
2025-12-22 19:00:00,0.001962,0.001962,0.001909,0.001914,244321537.0,2025-12-22 19:59:59.999,471626.12028400,3161,108614859.00,209738.99737300,0
2025-12-22 20:00:00,0.001914,0.001933,0.001902,0.001912,310137283.0,2025-12-22 20:59:59.999,593357.03206700,3270,165531869.00,316835.14983600,0
2025-12-22 21:00:00,0.001912,0.00192,0.001906,0.001908,102506828.0,2025-12-22 21:59:59.999,195891.32467600,1117,57164821.00,109239.01850500,0
2025-12-22 22:00:00,0.001908,0.001926,0.001903,0.001922,128094364.0,2025-12-22 22:59:59.999,245020.19182100,1174,64611727.00,123616.69283500,0
2025-12-22 23:00:00,0.001922,0.001922,0.001904,0.001913,190320125.0,2025-12-22 23:59:59.999,364180.31372200,1528,122688142.00,234748.79964300,0
2025-12-23 00:00:00,0.001912,0.001929,0.00191,0.001923,132342484.0,2025-12-23 00:59:59.999,253894.38340800,1565,76727717.00,147231.19719800,0
2025-12-23 01:00:00,0.001923,0.001924,0.001857,0.001879,708033923.0,2025-12-23 01:59:59.999,1329931.02880600,6609,306855426.00,575978.84241700,0
2025-12-23 02:00:00,0.001878,0.001884,0.001853,0.001853,306894378.0,2025-12-23 02:59:59.999,574051.18722700,4227,112949324.00,211286.44343900,0
2025-12-23 03:00:00,0.001853,0.001855,0.001828,0.001848,475306643.0,2025-12-23 03:59:59.999,873690.69136400,5340,223661343.00,411140.20980700,0
2025-12-23 04:00:00,0.001847,0.001854,0.001832,0.001834,170485383.0,2025-12-23 04:59:59.999,314313.10122500,2305,77348951.00,142644.82342000,0
2025-12-23 05:00:00,0.001834,0.00184,0.001818,0.001836,289754153.0,2025-12-23 05:59:59.999,530393.60707200,2873,108848000.00,199227.94958200,0
2025-12-23 06:00:00,0.001835,0.001842,0.001829,0.001838,241001837.0,2025-12-23 06:59:59.999,442731.96023500,2248,105599791.00,194052.11128500,0
2025-12-23 07:00:00,0.001838,0.001842,0.001784,0.001812,473720960.0,2025-12-23 07:59:59.999,861579.70346800,3640,182621755.00,332836.32941500,0
2025-12-23 08:00:00,0.001811,0.001812,0.001755,0.001765,916665977.0,2025-12-23 08:59:59.999,1633982.56784000,6776,433808625.00,773729.68025400,0
2025-12-23 09:00:00,0.001765,0.001777,0.00175,0.001757,872426742.0,2025-12-23 09:59:59.999,1536544.63551500,5689,327798246.00,578024.60262300,0
2025-12-23 10:00:00,0.001757,0.001765,0.001752,0.001762,434402991.0,2025-12-23 10:59:59.999,763909.82813000,2855,236912381.00,416653.42313400,0
2025-12-23 11:00:00,0.001762,0.001785,0.001758,0.001783,474754027.0,2025-12-23 11:59:59.999,840490.11382800,3060,255913142.00,453102.99619700,0
2025-12-23 12:00:00,0.001782,0.00179,0.001759,0.001781,510893721.0,2025-12-23 12:59:59.999,907284.35800100,3766,229602565.00,407719.44250400,0
2025-12-23 13:00:00,0.00178,0.00178,0.00175,0.001768,655201088.0,2025-12-23 13:59:59.999,1154412.70655600,4783,235093802.00,414631.59371400,0
2025-12-23 14:00:00,0.001768,0.00177,0.001701,0.001721,1802821844.0,2025-12-23 14:59:59.999,3109034.12897600,10471,703368187.00,1215022.79494100,0
2025-12-23 15:00:00,0.001721,0.001751,0.001713,0.001741,568182717.0,2025-12-23 15:59:59.999,984180.24771000,4186,285170574.00,493801.30001400,0
2025-12-23 16:00:00,0.001741,0.00176,0.00173,0.001742,353757707.0,2025-12-23 16:59:59.999,616858.71979600,3632,178106604.00,310627.96982200,0
2025-12-23 17:00:00,0.001741,0.001748,0.001711,0.001712,281556505.0,2025-12-23 17:59:59.999,487996.41069400,2511,131814200.00,228457.90135800,0
2025-12-23 18:00:00,0.001712,0.001743,0.001712,0.001733,381587654.0,2025-12-23 18:59:59.999,658869.15975700,3175,210404820.00,363250.91596700,0
2025-12-23 19:00:00,0.001732,0.001732,0.001705,0.001711,308466722.0,2025-12-23 19:59:59.999,529902.71163100,2368,158401843.00,272133.35972800,0
2025-12-23 20:00:00,0.001711,0.001743,0.001706,0.001727,427930057.0,2025-12-23 20:59:59.999,737420.89445300,3408,195268575.00,336478.37711800,0
2025-12-23 21:00:00,0.001727,0.001735,0.001707,0.00173,295472485.0,2025-12-23 21:59:59.999,508899.16201200,2125,133383242.00,229740.01324900,0
2025-12-23 22:00:00,0.001731,0.00174,0.001709,0.00172,298988431.0,2025-12-23 22:59:59.999,514708.21201300,2014,164351088.00,282894.77302000,0
2025-12-23 23:00:00,0.00172,0.001739,0.001714,0.001732,333773698.0,2025-12-23 23:59:59.999,576640.05630500,2522,176186836.00,304455.81284500,0
2025-12-24 00:00:00,0.001733,0.001738,0.001709,0.001719,316746024.0,2025-12-24 00:59:59.999,544858.70182800,2593,154044372.00,264907.62270900,0
2025-12-24 01:00:00,0.001719,0.001721,0.001689,0.001702,375621305.0,2025-12-24 01:59:59.999,640576.26761700,2517,154466652.00,263314.86396600,0
2025-12-24 02:00:00,0.001701,0.001709,0.001685,0.001687,204284527.0,2025-12-24 02:59:59.999,346619.88137300,2089,93044859.00,157893.82913900,0
2025-12-24 03:00:00,0.001687,0.00172,0.001678,0.001714,733440671.0,2025-12-24 03:59:59.999,1245510.89063200,3783,294344444.00,501412.02348300,0
2025-12-24 04:00:00,0.001713,0.001731,0.001707,0.001709,479425779.0,2025-12-24 04:59:59.999,825923.08585800,2253,172760076.00,297421.22690600,0
2025-12-24 05:00:00,0.001709,0.001719,0.001681,0.001692,438925230.0,2025-12-24 05:59:59.999,744445.51002000,2234,273760020.00,464392.17969500,0
2025-12-24 06:00:00,0.001692,0.001702,0.001685,0.001699,395389143.0,2025-12-24 06:59:59.999,669109.71919500,2606,168769879.00,285484.54479900,0
2025-12-24 07:00:00,0.001699,0.001705,0.001688,0.001688,160129072.0,2025-12-24 07:59:59.999,271928.96495400,1385,82875230.00,140757.11369000,0
2025-12-24 08:00:00,0.001689,0.001701,0.001683,0.001693,173310902.0,2025-12-24 08:59:59.999,293220.80384400,1705,77097669.00,130464.72471700,0
2025-12-24 09:00:00,0.001694,0.001707,0.001694,0.001703,168814178.0,2025-12-24 09:59:59.999,287388.38268400,1606,97059545.00,165228.12469200,0
2025-12-24 10:00:00,0.001703,0.001725,0.001703,0.001714,228558558.0,2025-12-24 10:59:59.999,392507.36470400,1872,102370126.00,175715.22574600,0
2025-12-24 11:00:00,0.001713,0.001727,0.001705,0.001722,196450866.0,2025-12-24 11:59:59.999,337124.01011700,2008,107630897.00,184748.25585200,0
2025-12-24 12:00:00,0.001722,0.001726,0.001714,0.001718,165733164.0,2025-12-24 12:59:59.999,284995.86756100,1604,66370846.00,114170.48322200,0
2025-12-24 13:00:00,0.001717,0.001718,0.001707,0.001712,128489516.0,2025-12-24 13:59:59.999,220191.72155100,1256,55209725.00,94633.75670200,0
2025-12-24 14:00:00,0.001713,0.001731,0.001696,0.001725,278424119.0,2025-12-24 14:59:59.999,477933.32639500,3286,124286035.00,213372.20293900,0
2025-12-24 15:00:00,0.001726,0.001774,0.001726,0.001771,453751912.0,2025-12-24 15:59:59.999,794809.05094900,4491,257733416.00,451454.73510700,0
2025-12-24 16:00:00,0.00177,0.001792,0.001744,0.001779,520108666.0,2025-12-24 16:59:59.999,918423.00033400,5118,248585731.00,439298.76255400,0
2025-12-24 17:00:00,0.001779,0.001787,0.001754,0.001759,175292036.0,2025-12-24 17:59:59.999,310456.01391300,2452,78775160.00,139508.69401000,0
2025-12-24 18:00:00,0.001759,0.001768,0.001753,0.001755,116338781.0,2025-12-24 18:59:59.999,204546.73684800,1641,51343346.00,90262.60749500,0
2025-12-24 19:00:00,0.001754,0.001763,0.001747,0.001763,92570850.0,2025-12-24 19:59:59.999,162432.61478500,1236,39584848.00,69477.39883700,0
2025-12-24 20:00:00,0.001763,0.001767,0.001755,0.001758,110638057.0,2025-12-24 20:59:59.999,194965.18714800,1361,55958526.00,98628.36244500,0
2025-12-24 21:00:00,0.001757,0.001762,0.001747,0.00175,114711470.0,2025-12-24 21:59:59.999,201025.27238500,1312,45719311.00,80082.15604700,0
2025-12-24 22:00:00,0.00175,0.001757,0.001742,0.001752,125635933.0,2025-12-24 22:59:59.999,219917.55756400,1078,54490799.00,95381.90917900,0
2025-12-24 23:00:00,0.001751,0.001752,0.001741,0.001743,112909035.0,2025-12-24 23:59:59.999,197006.57200800,946,38035439.00,66380.46912000,0
2025-12-25 00:00:00,0.001743,0.001745,0.001729,0.001732,142375224.0,2025-12-25 00:59:59.999,247316.73047300,1335,60248868.00,104652.14886500,0
2025-12-25 01:00:00,0.001731,0.001738,0.00173,0.001735,61076295.0,2025-12-25 01:59:59.999,106009.93732200,681,29879787.00,51858.58032100,0
2025-12-25 02:00:00,0.001736,0.001762,0.001726,0.001758,245325271.0,2025-12-25 02:59:59.999,428486.03186800,1873,106644217.00,186248.83461900,0
2025-12-25 03:00:00,0.001757,0.001776,0.001748,0.001771,238803837.0,2025-12-25 03:59:59.999,420776.12954900,2413,123953319.00,218306.58014800,0
2025-12-25 04:00:00,0.00177,0.001782,0.00176,0.001769,218885713.0,2025-12-25 04:59:59.999,387272.63700800,1680,119032626.00,210512.69050200,0
2025-12-25 05:00:00,0.001769,0.00177,0.00176,0.001761,93798853.0,2025-12-25 05:59:59.999,165393.58741200,821,33083552.00,58334.50318800,0
2025-12-25 06:00:00,0.001761,0.001771,0.001757,0.001765,111327099.0,2025-12-25 06:59:59.999,196406.21758600,953,45983599.00,81070.20270300,0
2025-12-25 07:00:00,0.001765,0.001767,0.001756,0.001766,67043560.0,2025-12-25 07:59:59.999,118190.53931900,770,21022264.00,37050.23311100,0
2025-12-25 08:00:00,0.001765,0.00177,0.001742,0.001749,114411243.0,2025-12-25 08:59:59.999,200354.76445400,1434,43696657.00,76568.26940100,0
2025-12-25 09:00:00,0.001749,0.001751,0.001737,0.001741,77595763.0,2025-12-25 09:59:59.999,135209.26852100,939,33059533.00,57600.15496000,0
2025-12-25 10:00:00,0.001741,0.001741,0.001729,0.001733,80991483.0,2025-12-25 10:59:59.999,140533.83242100,1069,35716484.00,61988.14267300,0
2025-12-25 11:00:00,0.001732,0.001743,0.001731,0.001736,44891338.0,2025-12-25 11:59:59.999,78040.89541500,768,18741390.00,32586.95043500,0
2025-12-25 12:00:00,0.001735,0.001755,0.001735,0.001754,128042148.0,2025-12-25 12:59:59.999,223166.90209600,1183,48892854.00,85237.25385600,0
2025-12-25 13:00:00,0.001755,0.001768,0.001748,0.00176,92158134.0,2025-12-25 13:59:59.999,161900.42389300,1154,38928262.00,68460.23070700,0
2025-12-25 14:00:00,0.001759,0.001766,0.001742,0.001748,142098385.0,2025-12-25 14:59:59.999,249356.45873600,1460,65136578.00,114228.57067100,0
2025-12-25 15:00:00,0.00175,0.001779,0.001742,0.001774,219694909.0,2025-12-25 15:59:59.999,387646.72620000,2734,104061523.00,183573.93834300,0
2025-12-25 16:00:00,0.001775,0.001872,0.001769,0.001846,1364439388.0,2025-12-25 16:59:59.999,2500480.80164000,12666,686147764.00,1256796.09084200,0
2025-12-25 17:00:00,0.001845,0.001851,0.001817,0.001825,381987972.0,2025-12-25 17:59:59.999,698415.75048700,3919,168197129.00,307594.30115600,0
2025-12-25 18:00:00,0.001826,0.001839,0.001798,0.001803,309655618.0,2025-12-25 18:59:59.999,561710.37487900,3219,122386970.00,222219.30168600,0
2025-12-25 19:00:00,0.001803,0.00181,0.001786,0.001797,295039615.0,2025-12-25 19:59:59.999,529920.14388100,2413,119665031.00,214994.53212900,0
2025-12-25 20:00:00,0.001796,0.001796,0.001783,0.001792,118550135.0,2025-12-25 20:59:59.999,211945.10625500,1435,53299852.00,95267.17769600,0
2025-12-25 21:00:00,0.001792,0.001811,0.00179,0.001804,131907226.0,2025-12-25 21:59:59.999,237806.11585000,1389,64585012.00,116522.20977300,0
2025-12-25 22:00:00,0.001804,0.001804,0.001748,0.001759,414597310.0,2025-12-25 22:59:59.999,738042.69949900,3390,174498381.00,310730.08222600,0
2025-12-25 23:00:00,0.00176,0.001763,0.001727,0.001733,393676428.0,2025-12-25 23:59:59.999,687147.19629400,3505,179731706.00,313932.07020600,0
2025-12-26 00:00:00,0.001732,0.001753,0.001723,0.001753,544351130.0,2025-12-26 00:59:59.999,945281.60869800,5223,287746982.00,499848.88930200,0
2025-12-26 01:00:00,0.001752,0.001768,0.00175,0.001766,159207409.0,2025-12-26 01:59:59.999,280036.50313900,1904,85234147.00,149870.96772900,0
2025-12-26 02:00:00,0.001766,0.001831,0.001764,0.001802,687117408.0,2025-12-26 02:59:59.999,1246440.82618500,6443,336079745.00,609807.83924400,0
2025-12-26 03:00:00,0.001803,0.001803,0.001771,0.001778,290484112.0,2025-12-26 03:59:59.999,518254.06902200,3174,138396729.00,246898.21767000,0
2025-12-26 04:00:00,0.001778,0.001778,0.001761,0.001771,112581269.0,2025-12-26 04:59:59.999,199388.51271500,1275,42566210.00,75382.33548000,0
2025-12-26 05:00:00,0.00177,0.001773,0.001752,0.001761,208746140.0,2025-12-26 05:59:59.999,367350.98858500,2193,90785822.00,159746.09447300,0
2025-12-26 06:00:00,0.001761,0.001781,0.00176,0.001768,149073556.0,2025-12-26 06:59:59.999,263752.12782000,1587,77183294.00,136535.49139200,0
2025-12-26 07:00:00,0.001768,0.001778,0.001733,0.00174,149999620.0,2025-12-26 07:59:59.999,263289.89744900,1865,61955609.00,108810.30650600,0
2025-12-26 08:00:00,0.001739,0.001762,0.001736,0.001757,125206467.0,2025-12-26 08:59:59.999,218987.78829300,1480,81478179.00,142578.61557900,0
2025-12-26 09:00:00,0.001756,0.001785,0.001752,0.001782,157457286.0,2025-12-26 09:59:59.999,278200.76127100,1608,87496925.00,154765.08885100,0
2025-12-26 10:00:00,0.001783,0.001785,0.001771,0.001778,160071789.0,2025-12-26 10:59:59.999,284768.78089800,1628,75687214.00,134668.90886500,0
2025-12-26 11:00:00,0.001778,0.001783,0.00177,0.001776,94708814.0,2025-12-26 11:59:59.999,168185.34126300,1042,45225237.00,80342.07910800,0
2025-12-26 12:00:00,0.001777,0.001794,0.001775,0.001787,143848310.0,2025-12-26 12:59:59.999,256857.45422000,1636,82633248.00,147718.77571800,0
2025-12-26 13:00:00,0.001787,0.001793,0.001783,0.001789,123213088.0,2025-12-26 13:59:59.999,220315.42840600,1268,56601944.00,101211.60730900,0
2025-12-26 14:00:00,0.001789,0.001792,0.00176,0.001769,245336194.0,2025-12-26 14:59:59.999,436399.50045200,2998,102074766.00,181494.16691600,0
2025-12-26 15:00:00,0.001768,0.001798,0.001751,0.001783,339233633.0,2025-12-26 15:59:59.999,604073.70318600,4561,156221601.00,278059.44707700,0
2025-12-26 16:00:00,0.001783,0.001791,0.001757,0.001759,171710408.0,2025-12-26 16:59:59.999,305149.74871000,2141,75705616.00,134511.15695100,0
2025-12-26 17:00:00,0.001759,0.001783,0.001759,0.001775,116850832.0,2025-12-26 17:59:59.999,207431.58282900,1748,63155141.00,112134.55198600,0
2025-12-26 18:00:00,0.001777,0.001787,0.001773,0.001778,183263492.0,2025-12-26 18:59:59.999,326364.07076400,1569,113666920.00,202429.30580300,0
2025-12-26 19:00:00,0.001779,0.00179,0.001779,0.001784,91534307.0,2025-12-26 19:59:59.999,163281.44077900,1160,48397405.00,86308.37253900,0
2025-12-26 20:00:00,0.001784,0.001792,0.00178,0.001788,90003819.0,2025-12-26 20:59:59.999,160840.00702600,979,39143194.00,69957.44472700,0
2025-12-26 21:00:00,0.001789,0.001808,0.001789,0.001796,135409547.0,2025-12-26 21:59:59.999,243791.19260300,1196,49999475.00,89982.69387900,0
2025-12-26 22:00:00,0.001796,0.001823,0.001796,0.001822,263498374.0,2025-12-26 22:59:59.999,475085.66136300,1713,115905207.00,209162.35875200,0
2025-12-26 23:00:00,0.001823,0.001825,0.001805,0.001806,131464617.0,2025-12-26 23:59:59.999,238011.90252500,1226,79388772.00,143667.65307400,0
2025-12-27 00:00:00,0.001807,0.001812,0.0018,0.00181,105959084.0,2025-12-27 00:59:59.999,191243.92388400,1029,63219958.00,114134.29572100,0
2025-12-27 01:00:00,0.00181,0.001835,0.001808,0.00183,236913441.0,2025-12-27 01:59:59.999,431805.95502600,2195,127828544.00,233006.08005000,0
2025-12-27 02:00:00,0.001831,0.001854,0.001821,0.001832,299957303.0,2025-12-27 02:59:59.999,552399.88926400,3306,140473771.00,258823.28241100,0
2025-12-27 03:00:00,0.001832,0.001842,0.001829,0.001831,261866977.0,2025-12-27 03:59:59.999,480139.78593200,1664,97526174.00,178749.20771000,0
2025-12-27 04:00:00,0.001831,0.001845,0.001826,0.001831,117323819.0,2025-12-27 04:59:59.999,215210.20858700,1167,46618003.00,85541.54729500,0
2025-12-27 05:00:00,0.00183,0.00185,0.001823,0.001843,142373919.0,2025-12-27 05:59:59.999,261318.99900400,1160,62099136.00,113964.92186600,0
2025-12-27 06:00:00,0.001842,0.001852,0.001838,0.001851,168033908.0,2025-12-27 06:59:59.999,310092.88648900,1525,68178832.00,125853.22967800,0
2025-12-27 07:00:00,0.00185,0.001867,0.001847,0.001849,256103059.0,2025-12-27 07:59:59.999,475390.17066500,3111,119311174.00,221424.65341400,0
2025-12-27 08:00:00,0.001849,0.001854,0.001829,0.00183,168258617.0,2025-12-27 08:59:59.999,309959.83235300,1596,61075492.00,112506.14695200,0
2025-12-27 09:00:00,0.001831,0.001863,0.001831,0.001855,188966569.0,2025-12-27 09:59:59.999,349705.06149900,2063,116747497.00,216106.82680000,0
2025-12-27 10:00:00,0.001854,0.00186,0.001835,0.00185,275626784.0,2025-12-27 10:59:59.999,509125.12762100,2637,133463289.00,246487.10046000,0
2025-12-27 11:00:00,0.00185,0.00186,0.001843,0.00185,149804760.0,2025-12-27 11:59:59.999,277427.83279200,1841,61192656.00,113330.03491600,0
2025-12-27 12:00:00,0.00185,0.001858,0.001843,0.001853,153015470.0,2025-12-27 12:59:59.999,283327.24896400,1383,77075943.00,142689.12321000,0
2025-12-27 13:00:00,0.001853,0.001853,0.00183,0.001832,162695587.0,2025-12-27 13:59:59.999,299332.92237500,1583,69833132.00,128498.75074600,0
2025-12-27 14:00:00,0.001832,0.001848,0.001826,0.001844,171351568.0,2025-12-27 14:59:59.999,314171.64417300,1850,73946927.00,135678.21055500,0
2025-12-27 15:00:00,0.001844,0.00186,0.001839,0.001857,143032202.0,2025-12-27 15:59:59.999,264227.19362100,1492,72386706.00,133758.68908100,0
2025-12-27 16:00:00,0.001858,0.00186,0.001842,0.001846,118911475.0,2025-12-27 16:59:59.999,219860.43902600,1392,46286545.00,85561.20602600,0
2025-12-27 17:00:00,0.001847,0.001852,0.001841,0.001845,44939550.0,2025-12-27 17:59:59.999,82997.52588700,668,18646981.00,34443.61842100,0
2025-12-27 18:00:00,0.001844,0.001845,0.001831,0.001836,86654639.0,2025-12-27 18:59:59.999,159140.84544100,837,37603661.00,69070.83856200,0
2025-12-27 19:00:00,0.001835,0.00184,0.001832,0.001836,47985117.0,2025-12-27 19:59:59.999,88072.54721100,651,20849647.00,38270.24874600,0
2025-12-27 20:00:00,0.001837,0.001843,0.001834,0.001837,25188315.0,2025-12-27 20:59:59.999,46282.08883500,423,12285441.00,22571.93192100,0
2025-12-27 21:00:00,0.001837,0.001861,0.001836,0.001857,105279912.0,2025-12-27 21:59:59.999,195079.16078800,1225,57538046.00,106484.38132800,0
2025-12-27 22:00:00,0.001858,0.001869,0.00184,0.001851,160661957.0,2025-12-27 22:59:59.999,298027.47564100,1406,81674802.00,151618.28730500,0
2025-12-27 23:00:00,0.001852,0.00188,0.001852,0.001875,253505666.0,2025-12-27 23:59:59.999,473491.17379600,3121,142501252.00,266021.00653500,0
2025-12-28 00:00:00,0.001876,0.001878,0.001858,0.00186,82558868.0,2025-12-28 00:59:59.999,153915.79613100,1022,45121091.00,84104.32670900,0
2025-12-28 01:00:00,0.001861,0.001866,0.001852,0.001855,54217077.0,2025-12-28 01:59:59.999,100648.36946500,922,14343190.00,26638.01880600,0
2025-12-28 02:00:00,0.001854,0.001871,0.001853,0.001867,117061804.0,2025-12-28 02:59:59.999,218093.40496500,1339,65583727.00,122185.61923200,0
2025-12-28 03:00:00,0.001867,0.001869,0.001857,0.001866,40750156.0,2025-12-28 03:59:59.999,75994.99851900,551,24451234.00,45631.32531100,0
2025-12-28 04:00:00,0.001866,0.001874,0.001863,0.001863,52319625.0,2025-12-28 04:59:59.999,97739.47097500,721,24839291.00,46388.43130700,0
2025-12-28 05:00:00,0.001863,0.001865,0.00185,0.001851,56845138.0,2025-12-28 05:59:59.999,105568.00209700,940,27721365.00,51489.09673000,0
2025-12-28 06:00:00,0.001851,0.001864,0.00185,0.00186,25817887.0,2025-12-28 06:59:59.999,47958.88092400,617,12449744.00,23117.93239400,0
2025-12-28 07:00:00,0.001861,0.001862,0.001853,0.001854,28459045.0,2025-12-28 07:59:59.999,52872.23388100,665,12896507.00,23965.93699400,0
2025-12-28 08:00:00,0.001855,0.001868,0.001851,0.001867,71789202.0,2025-12-28 08:59:59.999,133447.67091900,855,34207822.00,63574.71144500,0
2025-12-28 09:00:00,0.001866,0.001886,0.001865,0.001881,121814525.0,2025-12-28 09:59:59.999,228216.42640500,1597,56714594.00,106257.39943000,0
2025-12-28 10:00:00,0.001881,0.001888,0.00187,0.001876,78797365.0,2025-12-28 10:59:59.999,147952.81594000,947,32159899.00,60345.45566100,0
2025-12-28 11:00:00,0.001876,0.001893,0.001872,0.001887,120236060.0,2025-12-28 11:59:59.999,226529.47594300,1629,69757650.00,131430.99263500,0
2025-12-28 12:00:00,0.001888,0.001893,0.001882,0.001891,99790390.0,2025-12-28 12:59:59.999,188451.14045600,1433,44591562.00,84206.43095500,0
2025-12-28 13:00:00,0.001892,0.00191,0.001888,0.0019,294508868.0,2025-12-28 13:59:59.999,559364.97415400,3113,144710767.00,274880.80287200,0
2025-12-28 14:00:00,0.0019,0.001902,0.00189,0.001891,155927618.0,2025-12-28 14:59:59.999,295798.39102700,1545,68377415.00,129753.84116700,0
2025-12-28 15:00:00,0.00189,0.001893,0.001878,0.00188,122783485.0,2025-12-28 15:59:59.999,231483.54418300,1903,58965429.00,111178.93713100,0
2025-12-28 16:00:00,0.00188,0.001886,0.001863,0.001873,103992215.0,2025-12-28 16:59:59.999,194821.95506500,1466,37910190.00,71019.83780600,0
2025-12-28 17:00:00,0.001872,0.001893,0.001872,0.001878,107589717.0,2025-12-28 17:59:59.999,202742.86596700,1302,46796828.00,88162.19732800,0
2025-12-28 18:00:00,0.001878,0.001878,0.001853,0.001855,134291251.0,2025-12-28 18:59:59.999,250238.50837200,1732,53365624.00,99425.91829400,0
2025-12-28 19:00:00,0.001854,0.001864,0.001844,0.001846,73036105.0,2025-12-28 19:59:59.999,135348.01422700,1572,30279452.00,56135.56931200,0
2025-12-28 20:00:00,0.001845,0.001852,0.001839,0.001843,113543692.0,2025-12-28 20:59:59.999,209448.27850800,1220,30755150.00,56730.89041600,0
2025-12-28 21:00:00,0.001843,0.001848,0.001838,0.001843,41031825.0,2025-12-28 21:59:59.999,75608.81042200,697,20351557.00,37519.79080800,0
2025-12-28 22:00:00,0.001843,0.001876,0.001843,0.001873,256472505.0,2025-12-28 22:59:59.999,475219.09014300,1683,170069014.00,315185.11540000,0
2025-12-28 23:00:00,0.001873,0.001889,0.001863,0.001882,208822481.0,2025-12-28 23:59:59.999,392337.67965400,2332,114030711.00,214161.51328600,0
2025-12-29 00:00:00,0.001882,0.001913,0.00187,0.0019,298463488.0,2025-12-29 00:59:59.999,566755.95464400,3898,156951930.00,298041.31441900,0
2025-12-29 01:00:00,0.0019,0.001908,0.001865,0.001902,355060350.0,2025-12-29 01:59:59.999,668297.11396900,4194,204385501.00,384976.25930200,0
2025-12-29 02:00:00,0.001902,0.001919,0.001898,0.001911,178845712.0,2025-12-29 02:59:59.999,341479.84158500,3054,71946587.00,137386.95835200,0
2025-12-29 03:00:00,0.001912,0.001925,0.001906,0.001922,166925631.0,2025-12-29 03:59:59.999,319580.97155600,2458,74357222.00,142439.42260600,0
2025-12-29 04:00:00,0.001921,0.001923,0.001906,0.001909,151160882.0,2025-12-29 04:59:59.999,289329.47550600,2008,68938604.00,131993.01626400,0
2025-12-29 05:00:00,0.001909,0.001911,0.001899,0.001899,149577302.0,2025-12-29 05:59:59.999,285027.52372300,1838,62342953.00,118832.48484800,0
2025-12-29 06:00:00,0.0019,0.001902,0.001878,0.001884,241544804.0,2025-12-29 06:59:59.999,456468.22782700,2647,119883505.00,226633.93023200,0
2025-12-29 07:00:00,0.001885,0.001902,0.001872,0.001895,97608602.0,2025-12-29 07:59:59.999,184212.84601000,1968,42788501.00,80794.26470400,0
2025-12-29 08:00:00,0.001896,0.00191,0.001892,0.001898,91142747.0,2025-12-29 08:59:59.999,173326.97021000,1517,50701125.00,96454.30940000,0
2025-12-29 09:00:00,0.001898,0.0019,0.001853,0.001874,213268664.0,2025-12-29 09:59:59.999,399599.90131900,3542,64990874.00,121761.88701400,0
2025-12-29 10:00:00,0.001874,0.001884,0.001868,0.001871,117907186.0,2025-12-29 10:59:59.999,220998.46493400,1553,61602716.00,115489.75553900,0
2025-12-29 11:00:00,0.00187,0.001881,0.001865,0.001866,79811023.0,2025-12-29 11:59:59.999,149387.97937200,1267,36979684.00,69292.74828600,0
2025-12-29 12:00:00,0.001866,0.001868,0.001806,0.001829,490269894.0,2025-12-29 12:59:59.999,899225.43600500,7058,197249122.00,361058.66523500,0
2025-12-29 13:00:00,0.001828,0.001832,0.00177,0.001778,442284374.0,2025-12-29 13:59:59.999,795228.83178600,4296,239119301.00,429282.74640600,0
2025-12-29 14:00:00,0.001777,0.001795,0.001755,0.001776,577570414.0,2025-12-29 14:59:59.999,1025427.83696800,5636,414326396.00,735721.00222600,0
2025-12-29 15:00:00,0.001775,0.001799,0.001775,0.001788,171094271.0,2025-12-29 15:59:59.999,306124.17782500,2214,112464445.00,201182.36618800,0
2025-12-29 16:00:00,0.001787,0.001793,0.001774,0.001784,99630960.0,2025-12-29 16:59:59.999,177655.06770300,1393,49572598.00,88395.50810300,0
2025-12-29 17:00:00,0.001785,0.00181,0.001785,0.00181,137908071.0,2025-12-29 17:59:59.999,248206.21921800,1557,70043669.00,126164.51091900,0
2025-12-29 18:00:00,0.00181,0.001812,0.001791,0.001792,106265285.0,2025-12-29 18:59:59.999,191585.69885500,1290,50148287.00,90493.57054200,0
2025-12-29 19:00:00,0.001792,0.001806,0.001787,0.001794,100803471.0,2025-12-29 19:59:59.999,181214.75633300,1389,47996704.00,86264.39028100,0
2025-12-29 20:00:00,0.001794,0.001801,0.001771,0.001789,243259075.0,2025-12-29 20:59:59.999,434008.49580000,2190,113207520.00,202340.68529800,0
2025-12-29 21:00:00,0.001788,0.001804,0.001783,0.001794,169223695.0,2025-12-29 21:59:59.999,303219.29664600,1663,72690861.00,130274.89422100,0
2025-12-29 22:00:00,0.001793,0.001814,0.00179,0.001808,98647927.0,2025-12-29 22:59:59.999,177955.32526100,1093,54166255.00,97709.15686200,0
2025-12-29 23:00:00,0.001808,0.001821,0.001804,0.001809,109996641.0,2025-12-29 23:59:59.999,199363.60975900,1550,42064125.00,76282.37089100,0
2025-12-30 00:00:00,0.001809,0.001817,0.001794,0.001798,66887506.0,2025-12-30 00:59:59.999,120479.79844900,1181,31628616.00,56991.07555500,0
2025-12-30 01:00:00,0.001798,0.001801,0.001782,0.001785,115550140.0,2025-12-30 01:59:59.999,206901.56637900,1388,44980541.00,80613.58916800,0
2025-12-30 02:00:00,0.001785,0.001793,0.001775,0.001787,86516931.0,2025-12-30 02:59:59.999,154199.77843400,1212,35028719.00,62437.81551000,0
2025-12-30 03:00:00,0.001787,0.001798,0.001775,0.001793,111063313.0,2025-12-30 03:59:59.999,198175.03087200,1524,47509477.00,84791.91448100,0
2025-12-30 04:00:00,0.001793,0.001802,0.001786,0.001794,43175697.0,2025-12-30 04:59:59.999,77500.28945000,991,19428364.00,34897.32656900,0
2025-12-30 05:00:00,0.001793,0.0018,0.00178,0.001797,65258607.0,2025-12-30 05:59:59.999,116899.42538400,1114,33898874.00,60727.32512700,0
2025-12-30 06:00:00,0.001797,0.001807,0.001796,0.001798,86806861.0,2025-12-30 06:59:59.999,156472.40151900,1048,42706918.00,77001.65352100,0
2025-12-30 07:00:00,0.001797,0.001806,0.00179,0.001799,98522183.0,2025-12-30 07:59:59.999,177186.28753900,1099,58124154.00,104588.10828100,0
2025-12-30 08:00:00,0.001799,0.001828,0.001797,0.001814,178822163.0,2025-12-30 08:59:59.999,324412.33693200,2596,77779801.00,141289.89323000,0
2025-12-30 09:00:00,0.001814,0.00182,0.001806,0.001816,135649874.0,2025-12-30 09:59:59.999,245799.47568100,1578,64471078.00,116890.99024700,0
2025-12-30 10:00:00,0.001816,0.001818,0.001807,0.001807,57803669.0,2025-12-30 10:59:59.999,104754.40612200,812,19256610.00,34923.84177200,0
2025-12-30 11:00:00,0.001809,0.001817,0.001806,0.001812,95332721.0,2025-12-30 11:59:59.999,172662.48896100,924,19951180.00,36135.82693400,0
2025-12-30 12:00:00,0.001812,0.001818,0.001808,0.001812,62517607.0,2025-12-30 12:59:59.999,113390.63723600,927,18453249.00,33474.43155000,0
2025-12-30 13:00:00,0.001813,0.001813,0.001801,0.001809,70463691.0,2025-12-30 13:59:59.999,127431.69906700,947,30841548.00,55786.02723000,0
2025-12-30 14:00:00,0.001808,0.00181,0.001775,0.001798,274623280.0,2025-12-30 14:59:59.999,491497.21542500,3748,131540280.00,235219.83940300,0
2025-12-30 15:00:00,0.001797,0.001807,0.001778,0.001805,110735030.0,2025-12-30 15:59:59.999,198199.37545000,1844,58269569.00,104437.38473400,0
2025-12-30 16:00:00,0.001806,0.001821,0.001797,0.001814,125564339.0,2025-12-30 16:59:59.999,227259.49224500,1913,77316180.00,139944.17675200,0
2025-12-30 17:00:00,0.001814,0.001819,0.001789,0.001797,147406223.0,2025-12-30 17:59:59.999,265804.44709800,1521,78785404.00,141983.64236200,0
2025-12-30 18:00:00,0.001796,0.001801,0.001787,0.001791,76545114.0,2025-12-30 18:59:59.999,137327.00489200,1041,38737928.00,69506.54610900,0
2025-12-30 19:00:00,0.001791,0.001798,0.001776,0.001797,150533460.0,2025-12-30 19:59:59.999,269008.83908500,1711,67822634.00,121145.30500000,0
2025-12-30 20:00:00,0.001797,0.001809,0.001791,0.001801,87100684.0,2025-12-30 20:59:59.999,156998.02039700,981,48456874.00,87319.10035400,0
2025-12-30 21:00:00,0.001801,0.001832,0.0018,0.001824,135115817.0,2025-12-30 21:59:59.999,245784.19301700,1567,57966819.00,105404.27348200,0
2025-12-30 22:00:00,0.001824,0.001838,0.001821,0.001834,147661746.0,2025-12-30 22:59:59.999,270318.93434500,1537,72029000.00,131870.58690200,0
2025-12-30 23:00:00,0.001833,0.001848,0.00183,0.001844,128001448.0,2025-12-30 23:59:59.999,235209.78313700,1321,66694842.00,122545.25702600,0
2025-12-31 00:00:00,0.001843,0.001861,0.001824,0.001856,269439088.0,2025-12-31 00:59:59.999,497194.32540200,2679,93239508.00,172054.26883100,0
2025-12-31 01:00:00,0.001856,0.0019,0.001852,0.001885,415172472.0,2025-12-31 01:59:59.999,781318.19864700,5301,173954164.00,326959.23949900,0
2025-12-31 02:00:00,0.001886,0.001918,0.00188,0.00189,264672589.0,2025-12-31 02:59:59.999,503124.61646600,3403,108834460.00,206750.49579900,0
2025-12-31 03:00:00,0.001889,0.001907,0.001884,0.001906,194468196.0,2025-12-31 03:59:59.999,368944.30337300,2453,102085004.00,193661.43777400,0
2025-12-31 04:00:00,0.001906,0.001928,0.001886,0.001907,382751746.0,2025-12-31 04:59:59.999,732435.85110000,5435,193526389.00,370622.11816000,0
2025-12-31 05:00:00,0.001908,0.001909,0.001875,0.001891,234865315.0,2025-12-31 05:59:59.999,443775.37585300,3206,108756514.00,205414.24878200,0
2025-12-31 06:00:00,0.001891,0.001912,0.001889,0.001903,219785026.0,2025-12-31 06:59:59.999,417774.99268600,2714,92720276.00,176240.74670300,0
2025-12-31 07:00:00,0.001904,0.001918,0.001899,0.001915,138747754.0,2025-12-31 07:59:59.999,264983.02767500,2288,51679623.00,98731.06844300,0
2025-12-31 08:00:00,0.001914,0.001919,0.001889,0.001893,141314713.0,2025-12-31 08:59:59.999,269031.32207700,2071,44933402.00,85614.65721900,0
2025-12-31 09:00:00,0.001893,0.001913,0.001885,0.001912,112660084.0,2025-12-31 09:59:59.999,214488.74772900,1734,36056277.00,68682.87286300,0
2025-12-31 10:00:00,0.001911,0.001914,0.001898,0.001903,145197329.0,2025-12-31 10:59:59.999,276819.09538100,1848,57230147.00,109126.90200400,0
2025-12-31 11:00:00,0.001904,0.001944,0.001903,0.001941,295676290.0,2025-12-31 11:59:59.999,568995.90892900,3552,138309129.00,266004.45234700,0
2025-12-31 12:00:00,0.001941,0.001948,0.001919,0.001926,380590506.0,2025-12-31 12:59:59.999,736898.82842800,4483,237705299.00,460416.77032600,0
2025-12-31 13:00:00,0.001925,0.001947,0.001921,0.001928,267494503.0,2025-12-31 13:59:59.999,517187.02466400,3182,111947872.00,216389.68311600,0
2025-12-31 14:00:00,0.001928,0.001934,0.001896,0.001907,367898699.0,2025-12-31 14:59:59.999,703740.72079800,4142,141568393.00,270757.51312200,0
2025-12-31 15:00:00,0.001906,0.001917,0.001899,0.001903,173818106.0,2025-12-31 15:59:59.999,331814.14127300,3168,77415761.00,147844.94538700,0
2025-12-31 16:00:00,0.001903,0.001915,0.001874,0.001899,448461264.0,2025-12-31 16:59:59.999,849098.57779300,4944,210095479.00,397531.65738500,0
2025-12-31 17:00:00,0.001899,0.001941,0.001897,0.001916,406824041.0,2025-12-31 17:59:59.999,781748.09151700,4821,172372074.00,331565.38135200,0
2025-12-31 18:00:00,0.001916,0.001941,0.001902,0.001916,214960772.0,2025-12-31 18:59:59.999,413630.03905200,3810,96065569.00,184778.33818800,0
2025-12-31 19:00:00,0.001916,0.001971,0.001914,0.001935,275548446.0,2025-12-31 19:59:59.999,536262.32686800,4815,127190150.00,247679.97271200,0
2025-12-31 20:00:00,0.001935,0.00194,0.001907,0.001932,261930248.0,2025-12-31 20:59:59.999,504523.56500300,4435,103023182.00,198493.37700500,0
2025-12-31 21:00:00,0.001931,0.001936,0.00191,0.001913,181827376.0,2025-12-31 21:59:59.999,349186.72056500,2482,61761395.00,118568.28089800,0
2025-12-31 22:00:00,0.001912,0.001916,0.001904,0.001906,132700107.0,2025-12-31 22:59:59.999,253536.93659800,1641,64032827.00,122348.09132500,0
2025-12-31 23:00:00,0.001906,0.001929,0.001899,0.001915,151561153.0,2025-12-31 23:59:59.999,289695.68673500,1597,65688392.00,125603.24368100,0
2026-01-01 00:00:00,0.001915,0.00196,0.001915,0.001931,299334650.0,2026-01-01 00:59:59.999,581464.78747300,3414,138634802.00,269295.65204300,0
2026-01-01 01:00:00,0.001931,0.001972,0.001926,0.001956,501364052.0,2026-01-01 01:59:59.999,981302.39092400,4722,286591292.00,561199.54843900,0
2026-01-01 02:00:00,0.001956,0.001967,0.001945,0.001946,166976261.0,2026-01-01 02:59:59.999,326502.37135400,1811,65670731.00,128461.12302800,0
2026-01-01 03:00:00,0.001945,0.001951,0.001926,0.001927,216491341.0,2026-01-01 03:59:59.999,419996.51381600,2287,107995380.00,209550.81307300,0
2026-01-01 04:00:00,0.001927,0.001927,0.001907,0.001926,158080458.0,2026-01-01 04:59:59.999,303108.28400400,1822,65077549.00,124781.13309300,0
2026-01-01 05:00:00,0.001927,0.00196,0.001927,0.001951,242657750.0,2026-01-01 05:59:59.999,472231.28259300,2751,117035802.00,227560.77772800,0
2026-01-01 06:00:00,0.001952,0.001964,0.001941,0.001944,92317960.0,2026-01-01 06:59:59.999,180103.70144000,1489,48371376.00,94346.82448200,0
2026-01-01 07:00:00,0.001945,0.001959,0.001944,0.001952,69996951.0,2026-01-01 07:59:59.999,136690.84380500,1193,26905991.00,52555.67173600,0
2026-01-01 08:00:00,0.001951,0.001961,0.001937,0.001942,126489618.0,2026-01-01 08:59:59.999,246622.30654300,1500,56426382.00,109956.11469100,0
2026-01-01 09:00:00,0.001943,0.001958,0.001935,0.001951,216559651.0,2026-01-01 09:59:59.999,421720.12363600,1918,116572170.00,227082.05959400,0
2026-01-01 10:00:00,0.001951,0.001971,0.001947,0.001967,173233521.0,2026-01-01 10:59:59.999,339664.17682500,2023,91854893.00,180152.27375400,0
2026-01-01 11:00:00,0.001966,0.001982,0.001962,0.001982,178119349.0,2026-01-01 11:59:59.999,351091.36979300,1989,92499009.00,182315.10573900,0
2026-01-01 12:00:00,0.001982,0.002018,0.001971,0.002002,506418731.0,2026-01-01 12:59:59.999,1011372.86434000,5552,261900271.00,523092.30893500,0
2026-01-01 13:00:00,0.002001,0.002056,0.001996,0.002034,769823784.0,2026-01-01 13:59:59.999,1563771.49570400,8788,344844629.00,699862.97285200,0
2026-01-01 14:00:00,0.002034,0.002057,0.001996,0.002007,493212719.0,2026-01-01 14:59:59.999,996362.73153200,5015,208332969.00,420965.44007700,0
2026-01-01 15:00:00,0.002008,0.002021,0.001995,0.002012,585997688.0,2026-01-01 15:59:59.999,1176592.69667400,4763,313167012.00,629102.07966800,0
2026-01-01 16:00:00,0.002013,0.002064,0.002013,0.002035,1230823399.0,2026-01-01 16:59:59.999,2500803.35392400,10069,850483883.00,1726044.93534600,0
2026-01-01 17:00:00,0.002035,0.002066,0.002029,0.002054,368459199.0,2026-01-01 17:59:59.999,755848.15168500,4432,235597262.00,483498.94740000,0
2026-01-01 18:00:00,0.002054,0.002065,0.00205,0.002053,154088966.0,2026-01-01 18:59:59.999,316967.29269600,2409,82102048.00,168939.53544100,0
2026-01-01 19:00:00,0.002054,0.00209,0.002045,0.002089,197500265.0,2026-01-01 19:59:59.999,408108.57577200,2719,117032981.00,241904.99625200,0
2026-01-01 20:00:00,0.002089,0.00209,0.002062,0.002067,257075355.0,2026-01-01 20:59:59.999,532741.75172300,3142,114094973.00,236554.71735000,0
2026-01-01 21:00:00,0.002068,0.002071,0.00206,0.00207,100378075.0,2026-01-01 21:59:59.999,207292.35308800,1297,38962979.00,80484.81679200,0
2026-01-01 22:00:00,0.002071,0.002098,0.002067,0.002091,192077051.0,2026-01-01 22:59:59.999,399443.99233300,1955,109231829.00,227209.49275600,0
2026-01-01 23:00:00,0.002092,0.002141,0.002078,0.00211,409475922.0,2026-01-01 23:59:59.999,863175.31415400,5427,209959977.00,442297.28884500,0
2026-01-02 00:00:00,0.00211,0.002115,0.002083,0.002103,168378436.0,2026-01-02 00:59:59.999,353500.56520000,2818,90814125.00,190657.60722100,0
2026-01-02 01:00:00,0.002104,0.002151,0.002103,0.002141,257609719.0,2026-01-02 01:59:59.999,548010.25712600,3596,142880152.00,304093.73603000,0
2026-01-02 02:00:00,0.002141,0.002174,0.002126,0.00217,359642301.0,2026-01-02 02:59:59.999,771553.14822000,5169,193373897.00,414952.15999500,0
2026-01-02 03:00:00,0.00217,0.002201,0.002126,0.002176,696932668.0,2026-01-02 03:59:59.999,1509309.59236500,9358,364621196.00,790226.67863100,0
2026-01-02 04:00:00,0.002176,0.002201,0.002159,0.002196,396681751.0,2026-01-02 04:59:59.999,865945.36865500,5801,179065866.00,390812.40380300,0
2026-01-02 05:00:00,0.002196,0.0022,0.002165,0.002174,276450086.0,2026-01-02 05:59:59.999,603847.86600500,4225,115182272.00,251659.37591100,0
2026-01-02 06:00:00,0.002174,0.002238,0.002173,0.002195,822398388.0,2026-01-02 06:59:59.999,1821430.30360300,10102,475125720.00,1052984.07726600,0
2026-01-02 07:00:00,0.002196,0.002209,0.002128,0.002143,398772886.0,2026-01-02 07:59:59.999,862878.54436300,5970,138132960.00,299108.14164300,0
2026-01-02 08:00:00,0.002143,0.00219,0.002141,0.002172,207374281.0,2026-01-02 08:59:59.999,450277.28988800,3255,125108782.00,271774.35332500,0
2026-01-02 09:00:00,0.002171,0.002196,0.002158,0.002186,216623312.0,2026-01-02 09:59:59.999,471503.64186700,3853,85966018.00,187182.78358900,0
2026-01-02 10:00:00,0.002187,0.002209,0.002181,0.002203,212359944.0,2026-01-02 10:59:59.999,465701.73613000,3708,106094300.00,232696.09889200,0
2026-01-02 11:00:00,0.002202,0.002208,0.002155,0.00216,359953356.0,2026-01-02 11:59:59.999,784730.96329800,4679,123543771.00,269691.25522000,0
2026-01-02 12:00:00,0.00216,0.002212,0.002155,0.002191,355668100.0,2026-01-02 12:59:59.999,777731.94358700,4774,156821101.00,342972.60598100,0
2026-01-02 13:00:00,0.00219,0.0022,0.00218,0.002186,269596780.0,2026-01-02 13:59:59.999,590355.53218000,3613,118029730.00,258609.65092800,0
2026-01-02 14:00:00,0.002186,0.002203,0.002143,0.002173,430612530.0,2026-01-02 14:59:59.999,935057.73527300,7679,234717237.00,509923.85697100,0
2026-01-02 15:00:00,0.002174,0.002179,0.002142,0.002163,230397764.0,2026-01-02 15:59:59.999,497748.95899100,4411,99663158.00,215172.08123500,0
2026-01-02 16:00:00,0.002163,0.002241,0.002162,0.002215,605818281.0,2026-01-02 16:59:59.999,1341721.02451100,9320,304688469.00,675433.41806200,0
2026-01-02 17:00:00,0.002215,0.002242,0.002193,0.002199,261470868.0,2026-01-02 17:59:59.999,578782.31849500,4909,140720127.00,311793.16652800,0
2026-01-02 18:00:00,0.002199,0.002209,0.002179,0.002194,157736193.0,2026-01-02 18:59:59.999,346722.51429000,3484,85675114.00,188373.61980500,0
2026-01-02 19:00:00,0.002195,0.00227,0.002193,0.00224,357475784.0,2026-01-02 19:59:59.999,801464.33599000,6231,203406457.00,456012.88092400,0
2026-01-02 20:00:00,0.002241,0.00225,0.002209,0.00221,179850652.0,2026-01-02 20:59:59.999,400526.17011800,3121,92484307.00,205986.59738200,0
2026-01-02 21:00:00,0.00221,0.002267,0.002207,0.002255,255121949.0,2026-01-02 21:59:59.999,570732.65499500,3637,163411404.00,365589.76450900,0
2026-01-02 22:00:00,0.002255,0.002343,0.002249,0.002307,530601840.0,2026-01-02 22:59:59.999,1216552.76519900,6015,289816705.00,663916.94037500,0
2026-01-02 23:00:00,0.002307,0.002307,0.002263,0.002273,261167476.0,2026-01-02 23:59:59.999,596628.71622600,3941,116990333.00,267079.93889200,0
2026-01-03 00:00:00,0.002272,0.002314,0.002264,0.002267,255995152.0,2026-01-03 00:59:59.999,584697.62165200,4750,135515867.00,309375.85395400,0
2026-01-03 01:00:00,0.002266,0.002295,0.002248,0.00228,227572665.0,2026-01-03 01:59:59.999,516975.01893500,4417,133698596.00,303696.56206200,0
2026-01-03 02:00:00,0.00228,0.00233,0.002267,0.002315,588031708.0,2026-01-03 02:59:59.999,1355930.08794400,6528,322430704.00,744203.64391800,0
2026-01-03 03:00:00,0.002314,0.002321,0.002294,0.002302,143827967.0,2026-01-03 03:59:59.999,332215.13850400,2689,80254669.00,185366.41835900,0
2026-01-03 04:00:00,0.002303,0.002308,0.002291,0.002304,133666958.0,2026-01-03 04:59:59.999,307560.98142300,2419,73453967.00,169018.20765300,0
2026-01-03 05:00:00,0.002305,0.002354,0.002298,0.002346,336415003.0,2026-01-03 05:59:59.999,785217.77713500,4943,192902307.00,450047.38510400,0
2026-01-03 06:00:00,0.002345,0.00235,0.002239,0.00231,1055855446.0,2026-01-03 06:59:59.999,2430075.50748800,11037,448010763.00,1030158.14627700,0
2026-01-03 07:00:00,0.00231,0.002313,0.002193,0.002196,840186143.0,2026-01-03 07:59:59.999,1881842.47251500,11979,406157433.00,909454.63756500,0
2026-01-03 08:00:00,0.002196,0.002238,0.002176,0.002205,633430497.0,2026-01-03 08:59:59.999,1396469.05726500,8190,404111272.00,890937.34162000,0
2026-01-03 09:00:00,0.002206,0.002249,0.002185,0.002215,554394691.0,2026-01-03 09:59:59.999,1229113.40908200,6587,278025073.00,617219.92946000,0
2026-01-03 10:00:00,0.002215,0.002226,0.002204,0.002212,145787955.0,2026-01-03 10:59:59.999,322804.89798600,2291,65769689.00,145685.66672200,0
2026-01-03 11:00:00,0.002213,0.002215,0.002194,0.002213,149820801.0,2026-01-03 11:59:59.999,329717.24418400,2058,78576051.00,172876.74712400,0
2026-01-03 12:00:00,0.002213,0.002215,0.002178,0.002206,424154611.0,2026-01-03 12:59:59.999,930844.70986700,4229,127098020.00,279111.75208800,0
2026-01-03 13:00:00,0.002206,0.002236,0.002203,0.002206,296691137.0,2026-01-03 13:59:59.999,658135.26931800,3226,131478136.00,291499.49510900,0
2026-01-03 14:00:00,0.002207,0.002286,0.002202,0.002258,447248267.0,2026-01-03 14:59:59.999,1003690.55026700,5822,303477372.00,680833.45030600,0
2026-01-03 15:00:00,0.002258,0.002269,0.002239,0.002245,235246139.0,2026-01-03 15:59:59.999,529493.29690100,3116,155509547.00,350025.45345600,0
2026-01-03 16:00:00,0.002246,0.002311,0.002239,0.002291,397575935.0,2026-01-03 16:59:59.999,906717.03464000,6301,186215495.00,424592.14652700,0
2026-01-03 17:00:00,0.002292,0.002309,0.002274,0.002275,224132000.0,2026-01-03 17:59:59.999,513552.16648400,3116,124850761.00,286083.96724000,0
2026-01-03 18:00:00,0.002275,0.002345,0.002261,0.00232,621926397.0,2026-01-03 18:59:59.999,1437586.14939800,8052,336457167.00,776810.51077100,0
2026-01-03 19:00:00,0.00232,0.00232,0.002285,0.002289,142953997.0,2026-01-03 19:59:59.999,328426.88884500,2664,60776015.00,139579.17186200,0
2026-01-03 20:00:00,0.002289,0.002289,0.002253,0.002274,262091166.0,2026-01-03 20:59:59.999,594944.26856100,4036,126446379.00,287104.44164000,0
2026-01-03 21:00:00,0.002274,0.002321,0.002268,0.002307,172882961.0,2026-01-03 21:59:59.999,397042.28329800,2899,105984549.00,243352.54875400,0
2026-01-03 22:00:00,0.002306,0.00238,0.002301,0.00236,803205594.0,2026-01-03 22:59:59.999,1877911.26460500,10305,470903037.00,1099909.37047000,0
2026-01-03 23:00:00,0.00236,0.002384,0.002321,0.002328,192618417.0,2026-01-03 23:59:59.999,452136.21603100,3941,96267484.00,226208.28190900,0
2026-01-04 00:00:00,0.002328,0.002386,0.002316,0.002378,698112238.0,2026-01-04 00:59:59.999,1642578.64293100,12112,413352287.00,972159.93978100,0
2026-01-04 01:00:00,0.002377,0.002383,0.002291,0.002307,241514004.0,2026-01-04 01:59:59.999,562162.32608600,4653,102891360.00,239814.75595500,0
2026-01-04 02:00:00,0.002307,0.002327,0.002294,0.002302,154250764.0,2026-01-04 02:59:59.999,355988.13425600,2518,70163567.00,161966.10404700,0
2026-01-04 03:00:00,0.002302,0.002357,0.002297,0.002342,250911519.0,2026-01-04 03:59:59.999,585692.44397700,4127,130897775.00,305562.54874300,0
2026-01-04 04:00:00,0.002342,0.00235,0.002303,0.002304,276495748.0,2026-01-04 04:59:59.999,645410.26431700,4222,140226649.00,327634.16198800,0
2026-01-04 05:00:00,0.002304,0.002318,0.002293,0.002317,141766964.0,2026-01-04 05:59:59.999,326587.98050400,2657,79418639.00,182983.91207600,0
2026-01-04 06:00:00,0.002317,0.002333,0.002259,0.002275,333654330.0,2026-01-04 06:59:59.999,763808.84740500,6076,128813326.00,295265.91589600,0
2026-01-04 07:00:00,0.002274,0.002293,0.002269,0.002285,200050979.0,2026-01-04 07:59:59.999,456381.35550200,4419,92327804.00,210648.54860900,0
2026-01-04 08:00:00,0.002285,0.002314,0.002258,0.002313,538305567.0,2026-01-04 08:59:59.999,1228316.46420600,6444,262917018.00,599380.76914300,0
2026-01-04 09:00:00,0.002314,0.002319,0.002278,0.002309,235662870.0,2026-01-04 09:59:59.999,541821.20904100,4947,126750749.00,291423.46752900,0
2026-01-04 10:00:00,0.002307,0.002348,0.002307,0.002316,472529178.0,2026-01-04 10:59:59.999,1097517.85171500,7478,261621681.00,607320.55955700,0
2026-01-04 11:00:00,0.002317,0.002318,0.002294,0.002305,167512883.0,2026-01-04 11:59:59.999,385865.43266700,3415,77200453.00,177872.60136600,0
2026-01-04 12:00:00,0.002305,0.00234,0.002303,0.002314,536896350.0,2026-01-04 12:59:59.999,1247167.16551600,6625,318566306.00,740082.85932800,0
2026-01-04 13:00:00,0.002314,0.002343,0.002283,0.002334,310377357.0,2026-01-04 13:59:59.999,715895.09757600,6116,133275164.00,307501.77754600,0
2026-01-04 14:00:00,0.002333,0.002367,0.002319,0.002352,261532864.0,2026-01-04 14:59:59.999,613677.51870900,5131,129229196.00,303123.72446700,0
2026-01-04 15:00:00,0.002351,0.002375,0.002323,0.002363,511292852.0,2026-01-04 15:59:59.999,1201068.14420400,7174,253603453.00,595535.93268600,0
2026-01-04 16:00:00,0.002362,0.0024,0.002352,0.002393,313731762.0,2026-01-04 16:59:59.999,745639.17366300,5667,186220395.00,443018.40015400,0
2026-01-04 17:00:00,0.002393,0.002407,0.002354,0.002358,292839908.0,2026-01-04 17:59:59.999,699313.21003800,6322,156415479.00,373641.26190000,0
2026-01-04 18:00:00,0.002358,0.002361,0.002303,0.002325,183103068.0,2026-01-04 18:59:59.999,426463.33190900,4088,83215884.00,193718.93799200,0
2026-01-04 19:00:00,0.002324,0.002325,0.002287,0.002301,174376797.0,2026-01-04 19:59:59.999,401456.72424200,3951,108156974.00,249010.50617300,0
2026-01-04 20:00:00,0.002301,0.002346,0.002298,0.002337,106010227.0,2026-01-04 20:59:59.999,246231.22124300,2375,40191204.00,93483.38529100,0
2026-01-04 21:00:00,0.002337,0.002356,0.002325,0.00233,131886556.0,2026-01-04 21:59:59.999,308810.36927800,3007,70521269.00,165166.46283900,0
2026-01-04 22:00:00,0.00233,0.002351,0.002325,0.002345,126360386.0,2026-01-04 22:59:59.999,295893.85826700,2443,55715923.00,130491.82498200,0
2026-01-04 23:00:00,0.002345,0.002367,0.002341,0.002355,77435037.0,2026-01-04 23:59:59.999,182088.12557000,2754,31184132.00,73369.76619300,0
2026-01-05 00:00:00,0.002354,0.002383,0.00232,0.002377,312015103.0,2026-01-05 00:59:59.999,735021.08630000,6154,123716376.00,291287.21006800,0
2026-01-05 01:00:00,0.002377,0.002417,0.002358,0.002375,434790200.0,2026-01-05 01:59:59.999,1037921.38664900,7871,213003625.00,508067.91550900,0
2026-01-05 02:00:00,0.002376,0.002378,0.002296,0.002315,484194071.0,2026-01-05 02:59:59.999,1127544.36946700,7315,186409676.00,434764.17445300,0
2026-01-05 03:00:00,0.002315,0.002323,0.002304,0.002316,187192054.0,2026-01-05 03:59:59.999,433035.00226100,2927,87758665.00,202940.28329700,0
2026-01-05 04:00:00,0.002315,0.002328,0.002211,0.002261,856946005.0,2026-01-05 04:59:59.999,1930001.16381400,13431,380558296.00,857913.18179600,0
2026-01-05 05:00:00,0.002261,0.002264,0.002222,0.002227,272944379.0,2026-01-05 05:59:59.999,613706.48332900,3961,148725655.00,334555.09002100,0
2026-01-05 06:00:00,0.002227,0.002237,0.002204,0.00222,265742578.0,2026-01-05 06:59:59.999,590969.62342700,4593,152288977.00,338893.80723200,0
2026-01-05 07:00:00,0.00222,0.002256,0.002216,0.00225,189451405.0,2026-01-05 07:59:59.999,424133.46489000,4397,114758260.00,256945.69087500,0
2026-01-05 08:00:00,0.002249,0.002251,0.002219,0.002231,227612225.0,2026-01-05 08:59:59.999,508170.71039300,4258,98043708.00,218860.96406300,0
2026-01-05 09:00:00,0.002231,0.002276,0.002219,0.002251,382630780.0,2026-01-05 09:59:59.999,861693.21731000,5673,203493681.00,458251.70543800,0
2026-01-05 10:00:00,0.002252,0.002259,0.002222,0.002245,198529911.0,2026-01-05 10:59:59.999,445708.44763300,3477,101030863.00,226774.06028300,0
2026-01-05 11:00:00,0.002244,0.002261,0.002231,0.002259,118420396.0,2026-01-05 11:59:59.999,266175.83001600,2543,66244865.00,148914.60005400,0
2026-01-05 12:00:00,0.002259,0.002265,0.002244,0.002261,119359230.0,2026-01-05 12:59:59.999,268817.29891300,2538,32951165.00,74235.17774500,0
2026-01-05 13:00:00,0.002262,0.002308,0.002256,0.002296,405931409.0,2026-01-05 13:59:59.999,927928.57720100,8749,254644810.00,582383.63067400,0
2026-01-05 14:00:00,0.002297,0.002324,0.002286,0.002315,252988561.0,2026-01-05 14:59:59.999,583162.99101000,7425,158136014.00,364555.55707100,0
2026-01-05 15:00:00,0.002316,0.002387,0.002258,0.002349,645434398.0,2026-01-05 15:59:59.999,1505416.88424200,10470,286566948.00,670978.60615300,0
2026-01-05 16:00:00,0.002349,0.00235,0.00227,0.00228,516044636.0,2026-01-05 16:59:59.999,1191941.04206200,9385,269567511.00,623046.71222600,0
2026-01-05 17:00:00,0.002279,0.002345,0.002278,0.002335,221304626.0,2026-01-05 17:59:59.999,510781.55781400,6835,151375726.00,349203.66194200,0
2026-01-05 18:00:00,0.002336,0.002439,0.002335,0.002434,594187903.0,2026-01-05 18:59:59.999,1414538.22195700,12031,348668926.00,830079.12889500,0
2026-01-05 19:00:00,0.002434,0.002466,0.002379,0.002401,707398877.0,2026-01-05 19:59:59.999,1716723.57625500,13983,285096223.00,693130.20126400,0
2026-01-05 20:00:00,0.0024,0.002499,0.002391,0.002455,506260109.0,2026-01-05 20:59:59.999,1243229.08738000,11350,270733497.00,663895.65121400,0
2026-01-05 21:00:00,0.002455,0.002493,0.002444,0.002448,345438766.0,2026-01-05 21:59:59.999,853203.36598600,7739,138594038.00,342410.89912400,0
2026-01-05 22:00:00,0.002448,0.002569,0.002443,0.002532,532806417.0,2026-01-05 22:59:59.999,1336344.83267900,7694,333280648.00,835046.80506600,0
2026-01-05 23:00:00,0.002532,0.002546,0.002504,0.002504,227915787.0,2026-01-05 23:59:59.999,575914.49340800,4771,105888934.00,267815.72903700,0
2026-01-06 00:00:00,0.002505,0.00252,0.002479,0.002497,513674568.0,2026-01-06 00:59:59.999,1281506.86164600,8084,208555941.00,520819.40268400,0
2026-01-06 01:00:00,0.002497,0.002524,0.002447,0.00245,517716301.0,2026-01-06 01:59:59.999,1287376.72584800,8816,147559280.00,367296.23484800,0
2026-01-06 02:00:00,0.00245,0.002452,0.002405,0.002421,382527723.0,2026-01-06 02:59:59.999,927977.90264600,6066,201931539.00,489757.25276600,0
2026-01-06 03:00:00,0.002421,0.002475,0.002409,0.002457,217160428.0,2026-01-06 03:59:59.999,531220.19236000,5080,113052614.00,276276.22173500,0
2026-01-06 04:00:00,0.002458,0.002504,0.002452,0.00247,267522550.0,2026-01-06 04:59:59.999,663148.30567700,4599,150530352.00,373471.49545600,0
2026-01-06 05:00:00,0.002469,0.002479,0.00243,0.002434,207235861.0,2026-01-06 05:59:59.999,507389.48501700,3408,104286739.00,255244.19748700,0
2026-01-06 06:00:00,0.002433,0.002436,0.002395,0.002413,355660215.0,2026-01-06 06:59:59.999,860168.75909500,4568,158829711.00,384557.00234000,0
2026-01-06 07:00:00,0.002413,0.002427,0.002382,0.002417,301060950.0,2026-01-06 07:59:59.999,723130.58307600,5502,171637178.00,411934.67238100,0
2026-01-06 08:00:00,0.002417,0.002466,0.002415,0.002427,213829083.0,2026-01-06 08:59:59.999,521837.28561600,4484,104544389.00,255064.73239100,0
2026-01-06 09:00:00,0.002427,0.002466,0.002424,0.002442,232810279.0,2026-01-06 09:59:59.999,569735.95159600,3646,152221616.00,372474.93316000,0
2026-01-06 10:00:00,0.002441,0.00245,0.002425,0.002439,134230084.0,2026-01-06 10:59:59.999,327080.50093100,2528,80769564.00,196833.30439700,0
2026-01-06 11:00:00,0.002439,0.002489,0.002437,0.002467,380675882.0,2026-01-06 11:59:59.999,940301.36863200,5471,186307961.00,460022.66452700,0
2026-01-06 12:00:00,0.002467,0.002513,0.002462,0.002511,368237020.0,2026-01-06 12:59:59.999,915741.62115600,6142,222006424.00,552464.31473400,0
2026-01-06 13:00:00,0.002512,0.002525,0.00248,0.002499,335237598.0,2026-01-06 13:59:59.999,839735.87430800,5305,172793488.00,432963.28412800,0
2026-01-06 14:00:00,0.0025,0.002569,0.002474,0.002527,1497644384.0,2026-01-06 14:59:59.999,3779303.89020300,17068,785997258.00,1985287.17747400,0
2026-01-06 15:00:00,0.002527,0.002551,0.002443,0.002468,537215038.0,2026-01-06 15:59:59.999,1342417.36782700,10336,254489237.00,638036.96439000,0
2026-01-06 16:00:00,0.002468,0.002481,0.002393,0.002433,804771845.0,2026-01-06 16:59:59.999,1965760.14812300,12123,337243276.00,821353.54923900,0
2026-01-06 17:00:00,0.002432,0.002461,0.002331,0.002346,602853314.0,2026-01-06 17:59:59.999,1438131.36852100,9989,279789691.00,667855.54597500,0
2026-01-06 18:00:00,0.002345,0.002388,0.002334,0.002377,323448482.0,2026-01-06 18:59:59.999,766254.68721700,7181,185563270.00,439729.83577400,0
2026-01-06 19:00:00,0.002377,0.002428,0.002371,0.00238,276664903.0,2026-01-06 19:59:59.999,666601.31446600,3870,205193617.00,494581.54631000,0
2026-01-06 20:00:00,0.00238,0.002462,0.00238,0.002451,226890962.0,2026-01-06 20:59:59.999,550851.90499900,3988,133135643.00,323670.53540200,0
2026-01-06 21:00:00,0.002451,0.002534,0.002442,0.002508,295909345.0,2026-01-06 21:59:59.999,740027.82705700,5868,135952198.00,339906.04633400,0
2026-01-06 22:00:00,0.002509,0.002538,0.002462,0.002516,274546934.0,2026-01-06 22:59:59.999,686276.50665000,4402,122914805.00,307587.64555100,0
2026-01-06 23:00:00,0.002517,0.002718,0.002517,0.002651,1732383444.0,2026-01-06 23:59:59.999,4577419.54762100,20232,965618294.00,2550554.42001600,0
2026-01-07 00:00:00,0.00265,0.00266,0.002589,0.002604,729183278.0,2026-01-07 00:59:59.999,1915009.59845800,11918,272749209.00,716228.53592600,0
2026-01-07 01:00:00,0.002603,0.002626,0.002543,0.002551,510305062.0,2026-01-07 01:59:59.999,1314916.47574200,8948,198975128.00,513480.23867600,0
2026-01-07 02:00:00,0.00255,0.002572,0.002525,0.00256,448711172.0,2026-01-07 02:59:59.999,1144446.64745800,6038,172938179.00,440781.30626400,0
2026-01-07 03:00:00,0.002559,0.002594,0.002531,0.00255,466635132.0,2026-01-07 03:59:59.999,1197581.45126900,5307,263767164.00,677727.20565700,0
2026-01-07 04:00:00,0.002551,0.002558,0.002489,0.002491,202260887.0,2026-01-07 04:59:59.999,510075.39203700,3737,63725489.00,160869.25275100,0
2026-01-07 05:00:00,0.002492,0.002504,0.002473,0.002478,170780356.0,2026-01-07 05:59:59.999,425150.11729800,3136,77704225.00,193634.40808100,0
2026-01-07 06:00:00,0.002478,0.002482,0.002445,0.002446,245939247.0,2026-01-07 06:59:59.999,604308.77440000,5503,109507177.00,269012.14129900,0
2026-01-07 07:00:00,0.002447,0.002527,0.002445,0.002523,408555749.0,2026-01-07 07:59:59.999,1016665.02040200,5767,212083733.00,527701.36925800,0
2026-01-07 08:00:00,0.002523,0.00253,0.002465,0.002481,646639792.0,2026-01-07 08:59:59.999,1618859.04245800,7884,348053502.00,871340.16142200,0
2026-01-07 09:00:00,0.002481,0.002485,0.002425,0.002441,546022473.0,2026-01-07 09:59:59.999,1339824.18003000,8468,268016198.00,657950.93252900,0
2026-01-07 10:00:00,0.002441,0.002477,0.002436,0.002468,182008633.0,2026-01-07 10:59:59.999,447800.74257300,3053,83045441.00,204236.32787200,0
2026-01-07 11:00:00,0.002466,0.00248,0.002463,0.002474,152722613.0,2026-01-07 11:59:59.999,377557.57268300,2606,69798625.00,172551.87410900,0
2026-01-07 12:00:00,0.002474,0.002474,0.002432,0.002435,158402021.0,2026-01-07 12:59:59.999,388882.57436500,3181,58348261.00,143230.84619800,0
2026-01-07 13:00:00,0.002435,0.002447,0.002406,0.00241,195593524.0,2026-01-07 13:59:59.999,475074.82387800,3350,80238895.00,194947.59922800,0
2026-01-07 14:00:00,0.002411,0.002418,0.002298,0.002376,1206080891.0,2026-01-07 14:59:59.999,2835626.12307000,19296,537258705.00,1263968.88233500,0
2026-01-07 15:00:00,0.002377,0.002378,0.002314,0.002341,566880648.0,2026-01-07 15:59:59.999,1328267.46723800,8567,226641495.00,532490.21499100,0
2026-01-07 16:00:00,0.00234,0.002365,0.002317,0.002339,447431635.0,2026-01-07 16:59:59.999,1047299.38265100,5480,196678927.00,460750.31849100,0
2026-01-07 17:00:00,0.00234,0.002357,0.002333,0.002348,131398555.0,2026-01-07 17:59:59.999,308388.04779300,3162,85461418.00,200613.66439900,0
2026-01-07 18:00:00,0.002347,0.002365,0.002335,0.002348,158201894.0,2026-01-07 18:59:59.999,371699.95926100,3106,75338253.00,177034.64408100,0
2026-01-07 19:00:00,0.002348,0.00236,0.002322,0.002351,184099878.0,2026-01-07 19:59:59.999,431582.05731300,3311,102784639.00,241135.38296000,0
2026-01-07 20:00:00,0.002352,0.00236,0.002326,0.002339,141645832.0,2026-01-07 20:59:59.999,331314.72887400,2538,78067101.00,182673.77694100,0
2026-01-07 21:00:00,0.00234,0.002351,0.002331,0.002336,134064126.0,2026-01-07 21:59:59.999,314063.63426600,2223,74482556.00,174518.64491900,0
2026-01-07 22:00:00,0.002335,0.002358,0.002309,0.002326,229278215.0,2026-01-07 22:59:59.999,534893.73456900,2566,99317193.00,231974.50299800,0
2026-01-07 23:00:00,0.002327,0.002362,0.002311,0.002354,251500692.0,2026-01-07 23:59:59.999,589368.25334800,3671,144440494.00,337978.59154300,0
2026-01-08 00:00:00,0.002355,0.002376,0.002329,0.002369,183353066.0,2026-01-08 00:59:59.999,431772.77455300,3359,114542783.00,269932.74431300,0
2026-01-08 01:00:00,0.002369,0.002378,0.002339,0.002341,332317831.0,2026-01-08 01:59:59.999,783343.98604800,4127,91191871.00,215336.37224300,0
2026-01-08 02:00:00,0.002342,0.002358,0.002321,0.002325,134215996.0,2026-01-08 02:59:59.999,313308.51950000,3138,72767283.00,169834.79939600,0
2026-01-08 03:00:00,0.002325,0.002333,0.00224,0.00225,858217294.0,2026-01-08 03:59:59.999,1949683.79300200,9336,360905295.00,818881.58616600,0
2026-01-08 04:00:00,0.00225,0.002302,0.002247,0.00229,320620607.0,2026-01-08 04:59:59.999,728153.39849400,3946,119542129.00,271425.47729700,0
2026-01-08 05:00:00,0.002291,0.002304,0.002278,0.002282,213321684.0,2026-01-08 05:59:59.999,487946.45020700,2759,132897882.00,303876.35157600,0
2026-01-08 06:00:00,0.002282,0.002286,0.00222,0.002228,576594227.0,2026-01-08 06:59:59.999,1294527.53636200,8603,193761433.00,435407.10522200,0
2026-01-08 07:00:00,0.002227,0.002258,0.002196,0.00225,621248605.0,2026-01-08 07:59:59.999,1384080.80255500,7769,330010269.00,737172.58139000,0
2026-01-08 08:00:00,0.00225,0.002255,0.002198,0.002202,251964553.0,2026-01-08 08:59:59.999,561050.90660700,3750,98817399.00,219636.93848600,0
2026-01-08 09:00:00,0.002203,0.002211,0.002111,0.002124,514026670.0,2026-01-08 09:59:59.999,1110422.44528100,7888,213763015.00,462581.98968500,0
2026-01-08 10:00:00,0.002124,0.002137,0.002095,0.002097,993409362.0,2026-01-08 10:59:59.999,2105117.86496300,9561,583994785.00,1237653.37392900,0
2026-01-08 11:00:00,0.002097,0.002109,0.002057,0.002101,915272844.0,2026-01-08 11:59:59.999,1905671.95164300,11408,466575764.00,971796.08828900,0
2026-01-08 12:00:00,0.002101,0.002112,0.002072,0.002072,413603214.0,2026-01-08 12:59:59.999,865949.14541800,6392,197112583.00,412618.37942800,0
2026-01-08 13:00:00,0.002073,0.002098,0.002073,0.002089,289229681.0,2026-01-08 13:59:59.999,603768.87232000,4210,128530795.00,268434.97079400,0
2026-01-08 14:00:00,0.002088,0.002111,0.00205,0.002092,550761882.0,2026-01-08 14:59:59.999,1143096.34689500,8182,307537771.00,637965.81375400,0
2026-01-08 15:00:00,0.002091,0.002166,0.002067,0.002164,802586192.0,2026-01-08 15:59:59.999,1701722.13688200,10336,418430367.00,887722.97469600,0
2026-01-08 16:00:00,0.002165,0.002216,0.002153,0.002206,591229640.0,2026-01-08 16:59:59.999,1288629.99052300,8042,312723506.00,681640.81603200,0
2026-01-08 17:00:00,0.002206,0.002235,0.002179,0.002208,403675833.0,2026-01-08 17:59:59.999,890892.26288400,5699,205791093.00,454328.19044200,0
2026-01-08 18:00:00,0.002207,0.002227,0.002193,0.00221,176760453.0,2026-01-08 18:59:59.999,390301.01687300,3603,69044118.00,152378.24001900,0
2026-01-08 19:00:00,0.00221,0.002229,0.002188,0.002198,206654525.0,2026-01-08 19:59:59.999,456469.46609500,3750,75328925.00,166497.75108100,0
2026-01-08 20:00:00,0.002198,0.002198,0.002152,0.002168,184818468.0,2026-01-08 20:59:59.999,400849.35125900,3748,75935585.00,164773.69159600,0
2026-01-08 21:00:00,0.002168,0.002195,0.002168,0.002186,142337409.0,2026-01-08 21:59:59.999,310941.08312100,2766,56932150.00,124406.50089900,0
2026-01-08 22:00:00,0.002187,0.002209,0.002168,0.002182,136889677.0,2026-01-08 22:59:59.999,299184.98164200,2269,59462649.00,129903.85919000,0
2026-01-08 23:00:00,0.002182,0.002198,0.00218,0.002184,35871440.0,2026-01-08 23:59:59.999,78451.25434000,1152,13309186.00,29104.62780900,0
2026-01-09 00:00:00,0.002185,0.002188,0.002154,0.002161,89223059.0,2026-01-09 00:59:59.999,193431.97302500,1931,42971629.00,93062.51607100,0
2026-01-09 01:00:00,0.002161,0.002187,0.002131,0.002142,248018986.0,2026-01-09 01:59:59.999,534404.85212200,4654,108029306.00,233118.82852100,0
2026-01-09 02:00:00,0.002142,0.002175,0.002137,0.00214,164754006.0,2026-01-09 02:59:59.999,355279.03754700,2828,76284965.00,164327.91247900,0
2026-01-09 03:00:00,0.002141,0.002204,0.00214,0.002193,199507016.0,2026-01-09 03:59:59.999,434282.26218700,4033,115193862.00,250847.98831300,0
2026-01-09 04:00:00,0.002193,0.002223,0.002182,0.002187,197754153.0,2026-01-09 04:59:59.999,435011.42133300,3566,103279333.00,227164.07273000,0
2026-01-09 05:00:00,0.002186,0.002197,0.00218,0.002188,83165753.0,2026-01-09 05:59:59.999,182087.16442600,2421,30815146.00,67470.79240200,0
2026-01-09 06:00:00,0.002188,0.002193,0.002171,0.002182,87455697.0,2026-01-09 06:59:59.999,190778.29593100,2164,43055850.00,93947.04951300,0
2026-01-09 07:00:00,0.002181,0.002197,0.002171,0.002194,152251078.0,2026-01-09 07:59:59.999,332831.67063400,3045,69953270.00,152861.46529800,0
2026-01-09 08:00:00,0.002194,0.0022,0.002123,0.002143,678901964.0,2026-01-09 08:59:59.999,1460558.75979300,6970,328766519.00,706920.16523900,0
2026-01-09 09:00:00,0.002142,0.002188,0.002141,0.002159,161520003.0,2026-01-09 09:59:59.999,350359.93204100,3517,75064174.00,162709.48754100,0
2026-01-09 10:00:00,0.002158,0.002164,0.002149,0.002161,109738975.0,2026-01-09 10:59:59.999,236523.37871900,2230,55056558.00,118675.20505500,0
2026-01-09 11:00:00,0.002161,0.002244,0.002161,0.002226,641557399.0,2026-01-09 11:59:59.999,1420051.19334300,8923,411760341.00,911024.86817800,0
2026-01-09 12:00:00,0.002226,0.002231,0.0022,0.002215,185846078.0,2026-01-09 12:59:59.999,411503.16871700,3517,100445411.00,222416.40911700,0
2026-01-09 13:00:00,0.002214,0.002294,0.002213,0.002289,554707175.0,2026-01-09 13:59:59.999,1256023.60146700,12068,307142080.00,694959.68295700,0
2026-01-09 14:00:00,0.002289,0.002293,0.002176,0.002191,551931900.0,2026-01-09 14:59:59.999,1232016.48081800,10303,235271368.00,524514.29545900,0
2026-01-09 15:00:00,0.00219,0.002261,0.002174,0.002196,563599636.0,2026-01-09 15:59:59.999,1246070.71396700,11847,251486385.00,556225.78637100,0
2026-01-09 16:00:00,0.002197,0.002244,0.002195,0.002232,240466189.0,2026-01-09 16:59:59.999,534777.38436200,5051,101721892.00,226177.49733400,0
2026-01-09 17:00:00,0.002232,0.002526,0.002199,0.002439,3775854392.0,2026-01-09 17:59:59.999,8933056.74605600,52949,1959770253.00,4629713.35361000,0
2026-01-09 18:00:00,0.002439,0.002514,0.002373,0.002497,1222348236.0,2026-01-09 18:59:59.999,2981880.22377200,26241,673160229.00,1643256.80263700,0
2026-01-09 19:00:00,0.002497,0.002519,0.00238,0.002387,767436771.0,2026-01-09 19:59:59.999,1877521.63980200,14135,360090648.00,882725.43453100,0
2026-01-09 20:00:00,0.002386,0.002419,0.002378,0.002402,349746861.0,2026-01-09 20:59:59.999,838458.77417100,7209,173356428.00,415456.79385500,0
2026-01-09 21:00:00,0.002402,0.002425,0.00235,0.002354,588431346.0,2026-01-09 21:59:59.999,1403629.26908900,10233,281196200.00,670769.40459500,0
2026-01-09 22:00:00,0.002354,0.002387,0.00234,0.002356,337566128.0,2026-01-09 22:59:59.999,797313.71602500,4524,182931461.00,432126.68325600,0
2026-01-09 23:00:00,0.002355,0.002366,0.002339,0.002351,198716084.0,2026-01-09 23:59:59.999,467746.95884600,4068,96595528.00,227447.82289500,0
2026-01-10 00:00:00,0.00235,0.002352,0.002277,0.002288,326059521.0,2026-01-10 00:59:59.999,751857.52043900,6262,141395266.00,325722.40274500,0
2026-01-10 01:00:00,0.002288,0.002331,0.002278,0.00232,232517938.0,2026-01-10 01:59:59.999,538166.05948000,3527,103114726.00,238633.31407200,0
2026-01-10 02:00:00,0.002321,0.002324,0.002235,0.002243,450844697.0,2026-01-10 02:59:59.999,1025400.07763300,6406,205689227.00,467004.52404500,0
2026-01-10 03:00:00,0.002244,0.002253,0.002218,0.002235,289898616.0,2026-01-10 03:59:59.999,648360.50604900,3855,149139625.00,333762.52676100,0
2026-01-10 04:00:00,0.002235,0.002267,0.00222,0.002267,244881628.0,2026-01-10 04:59:59.999,549186.34181700,3539,158394727.00,355283.20157400,0
2026-01-10 05:00:00,0.002267,0.002267,0.002249,0.002253,99429115.0,2026-01-10 05:59:59.999,224282.03781000,2052,45421583.00,102476.28834200,0
2026-01-10 06:00:00,0.002254,0.002274,0.002238,0.002262,252590959.0,2026-01-10 06:59:59.999,570372.76740900,3511,95819691.00,216249.97564000,0
2026-01-10 07:00:00,0.002261,0.002276,0.002247,0.002276,222949714.0,2026-01-10 07:59:59.999,503779.69616400,2890,112654187.00,254688.24139600,0
2026-01-10 08:00:00,0.002276,0.002287,0.002262,0.002285,134239897.0,2026-01-10 08:59:59.999,305346.10480500,2563,75462398.00,171690.36289300,0
2026-01-10 09:00:00,0.002284,0.002331,0.002275,0.002329,230210571.0,2026-01-10 09:59:59.999,531000.66740700,4812,120423611.00,277932.03795400,0
2026-01-10 10:00:00,0.002329,0.002376,0.002316,0.002372,652763830.0,2026-01-10 10:59:59.999,1533464.84315200,11030,333299555.00,782425.70363800,0
2026-01-10 11:00:00,0.002372,0.002379,0.002315,0.00235,468446210.0,2026-01-10 11:59:59.999,1097432.49423600,6826,239955548.00,562473.19590800,0
2026-01-10 12:00:00,0.002349,0.002457,0.002347,0.002389,1268987835.0,2026-01-10 12:59:59.999,3063675.18377100,19154,592760579.00,1430904.81586500,0
2026-01-10 13:00:00,0.002389,0.002397,0.002356,0.00238,373277700.0,2026-01-10 13:59:59.999,888098.24282600,6885,194935894.00,464134.87663100,0
2026-01-10 14:00:00,0.002379,0.002393,0.002374,0.002384,274462873.0,2026-01-10 14:59:59.999,653569.14894200,5420,142065894.00,338375.81668500,0
2026-01-10 15:00:00,0.002384,0.002426,0.002363,0.002406,435438163.0,2026-01-10 15:59:59.999,1044509.93215800,7586,216219401.00,518903.06992200,0
2026-01-10 16:00:00,0.002407,0.002425,0.002374,0.00238,223678817.0,2026-01-10 16:59:59.999,536292.65573500,5247,101206957.00,242747.50939100,0
2026-01-10 17:00:00,0.002381,0.002418,0.002334,0.002349,315904383.0,2026-01-10 17:59:59.999,750115.40865200,5999,131194838.00,311918.79009000,0
2026-01-10 18:00:00,0.002349,0.002364,0.002335,0.002354,212943461.0,2026-01-10 18:59:59.999,500239.03574500,3069,116551843.00,273930.39107800,0
2026-01-10 19:00:00,0.002355,0.002379,0.002353,0.002369,142067140.0,2026-01-10 19:59:59.999,336734.12448500,2551,48063653.00,113930.58609700,0
2026-01-10 20:00:00,0.002369,0.00239,0.002331,0.00234,211811287.0,2026-01-10 20:59:59.999,499323.01135200,4226,81906328.00,193038.95853000,0
2026-01-10 21:00:00,0.002339,0.00234,0.002299,0.002304,248612907.0,2026-01-10 21:59:59.999,575543.86629900,3990,127524497.00,295154.81493000,0
2026-01-10 22:00:00,0.002304,0.002307,0.002257,0.00226,325382857.0,2026-01-10 22:59:59.999,742304.35778500,3422,154112962.00,351592.17725600,0
2026-01-10 23:00:00,0.00226,0.002302,0.00226,0.002287,239764825.0,2026-01-10 23:59:59.999,548059.59917400,4360,137894167.00,315038.96920600,0
2026-01-11 00:00:00,0.002288,0.002315,0.002282,0.002304,186930712.0,2026-01-11 00:59:59.999,429237.73289300,3234,87914235.00,202029.48024700,0
2026-01-11 01:00:00,0.002303,0.002306,0.002283,0.002303,102589243.0,2026-01-11 01:59:59.999,235111.45884600,1899,44737142.00,102471.17500600,0
2026-01-11 02:00:00,0.002304,0.002319,0.002301,0.002309,120138331.0,2026-01-11 02:59:59.999,277528.03133100,2339,65805316.00,152027.02557500,0
2026-01-11 03:00:00,0.002309,0.002316,0.002297,0.002305,115810167.0,2026-01-11 03:59:59.999,267217.79471700,2215,56467846.00,130278.06511500,0
2026-01-11 04:00:00,0.002305,0.002317,0.002292,0.002316,123094034.0,2026-01-11 04:59:59.999,283585.56031300,2045,64726308.00,149154.26138600,0
2026-01-11 05:00:00,0.002317,0.002324,0.002305,0.002309,125002538.0,2026-01-11 05:59:59.999,289462.79049600,2095,60926045.00,141088.58153900,0
2026-01-11 06:00:00,0.00231,0.002316,0.002287,0.002315,126885763.0,2026-01-11 06:59:59.999,292151.68477300,1790,37099207.00,85448.63221400,0
2026-01-11 07:00:00,0.002315,0.002351,0.002307,0.002341,183625104.0,2026-01-11 07:59:59.999,428141.80999200,2911,109618111.00,255713.06853200,0
2026-01-11 08:00:00,0.00234,0.002399,0.002318,0.002393,407892642.0,2026-01-11 08:59:59.999,955849.07589600,5110,171959580.00,404512.55907700,0
2026-01-11 09:00:00,0.002394,0.002472,0.002391,0.002435,774905276.0,2026-01-11 09:59:59.999,1885381.65989400,15371,369249960.00,899059.15975100,0
2026-01-11 10:00:00,0.002436,0.002464,0.002428,0.002441,491365767.0,2026-01-11 10:59:59.999,1203652.67278500,8958,241961051.00,592666.18871500,0
2026-01-11 11:00:00,0.002441,0.002459,0.002426,0.002455,231762978.0,2026-01-11 11:59:59.999,566070.60179700,5027,87243762.00,213151.69365400,0
2026-01-11 12:00:00,0.002454,0.002479,0.002435,0.002468,324145429.0,2026-01-11 12:59:59.999,797215.71567400,6556,144388426.00,355207.57405700,0
2026-01-11 13:00:00,0.002468,0.002495,0.002445,0.002463,367879275.0,2026-01-11 13:59:59.999,908860.12139800,6942,177820409.00,439645.16550200,0
2026-01-11 14:00:00,0.002462,0.002496,0.00246,0.00249,175118648.0,2026-01-11 14:59:59.999,433701.32498500,4490,78940658.00,195515.22769400,0
2026-01-11 15:00:00,0.00249,0.002492,0.002417,0.002442,374164290.0,2026-01-11 15:59:59.999,917581.10309300,6157,148462086.00,363941.38436100,0
2026-01-11 16:00:00,0.002441,0.002494,0.002438,0.00247,371889555.0,2026-01-11 16:59:59.999,917307.83602100,8881,178943372.00,441277.65968100,0
2026-01-11 17:00:00,0.002471,0.002521,0.002455,0.002509,321122200.0,2026-01-11 17:59:59.999,798340.27593300,6997,165268348.00,411387.03059600,0
2026-01-11 18:00:00,0.002509,0.002511,0.002476,0.00249,229130029.0,2026-01-11 18:59:59.999,571073.92979000,5466,95051494.00,236874.54988600,0
2026-01-11 19:00:00,0.002491,0.002502,0.002454,0.002455,148489650.0,2026-01-11 19:59:59.999,367906.34596300,3164,49943151.00,123745.69203700,0
2026-01-11 20:00:00,0.002454,0.002454,0.002393,0.002396,312477189.0,2026-01-11 20:59:59.999,756886.31824700,5735,110865077.00,268170.69454900,0
2026-01-11 21:00:00,0.002396,0.002412,0.002369,0.002404,168419039.0,2026-01-11 21:59:59.999,401856.25986700,3440,97002456.00,231464.66081500,0
2026-01-11 22:00:00,0.002404,0.002404,0.002358,0.002371,132717155.0,2026-01-11 22:59:59.999,314545.36640100,2761,51208666.00,121299.53226700,0
2026-01-11 23:00:00,0.002371,0.002409,0.002356,0.002398,186822378.0,2026-01-11 23:59:59.999,445394.37393400,4207,84353002.00,201291.73039500,0
2026-01-12 00:00:00,0.002399,0.002404,0.002342,0.002397,333585174.0,2026-01-12 00:59:59.999,792282.10320200,7019,144337206.00,343212.29767200,0
2026-01-12 01:00:00,0.002396,0.002444,0.002356,0.002373,656080237.0,2026-01-12 01:59:59.999,1575340.12956600,12803,345884261.00,832131.54009800,0
2026-01-12 02:00:00,0.002373,0.002466,0.002373,0.002457,340252117.0,2026-01-12 02:59:59.999,823896.87134900,7426,197342886.00,477578.49494700,0
2026-01-12 03:00:00,0.002457,0.002465,0.002413,0.00242,281944935.0,2026-01-12 03:59:59.999,688585.23476000,5577,117925623.00,288021.63619300,0
2026-01-12 04:00:00,0.00242,0.002438,0.002396,0.002429,194998251.0,2026-01-12 04:59:59.999,470233.78343300,3698,93588507.00,225700.42424300,0
2026-01-12 05:00:00,0.002428,0.002506,0.002416,0.002474,325543513.0,2026-01-12 05:59:59.999,806749.07369600,6817,193137838.00,478576.12016000,0
2026-01-12 06:00:00,0.002475,0.002493,0.002425,0.002434,205049399.0,2026-01-12 06:59:59.999,503455.94800100,5005,101826495.00,250168.13599000,0
2026-01-12 07:00:00,0.002434,0.002448,0.002389,0.002407,208482130.0,2026-01-12 07:59:59.999,502808.33649600,5147,98523977.00,237431.50128300,0
2026-01-12 08:00:00,0.002407,0.002418,0.00233,0.002372,744793151.0,2026-01-12 08:59:59.999,1760107.34097000,11885,318614437.00,752830.82926800,0
2026-01-12 09:00:00,0.002372,0.002431,0.002365,0.002369,602269953.0,2026-01-12 09:59:59.999,1442198.00396900,8838,255092696.00,610971.19766600,0
2026-01-12 10:00:00,0.002369,0.002379,0.002355,0.002362,180042114.0,2026-01-12 10:59:59.999,426280.19529100,3702,72772145.00,172361.09673100,0
2026-01-12 11:00:00,0.002361,0.002409,0.00236,0.002394,224239619.0,2026-01-12 11:59:59.999,535675.56464600,4269,135409324.00,323289.87439700,0
2026-01-12 12:00:00,0.002394,0.002427,0.002365,0.002367,244253340.0,2026-01-12 12:59:59.999,587735.53971200,4211,98547302.00,236915.49691200,0
2026-01-12 13:00:00,0.002367,0.002368,0.002325,0.002337,169430678.0,2026-01-12 13:59:59.999,397964.95903300,4239,77687133.00,182506.23347100,0
2026-01-12 14:00:00,0.002337,0.002409,0.002315,0.002392,445210728.0,2026-01-12 14:59:59.999,1051552.52031300,9684,231306113.00,546227.09852800,0
2026-01-12 15:00:00,0.002392,0.002488,0.002378,0.002485,565963266.0,2026-01-12 15:59:59.999,1379681.21979700,10504,296742740.00,724387.06955100,0
2026-01-12 16:00:00,0.002484,0.002602,0.002463,0.002596,1193709698.0,2026-01-12 16:59:59.999,3029174.00214000,22494,658232773.00,1671658.09086200,0
2026-01-12 17:00:00,0.002597,0.002653,0.00255,0.002589,1273763816.0,2026-01-12 17:59:59.999,3315654.20718800,26691,703239003.00,1832666.89683700,0
2026-01-12 18:00:00,0.00259,0.002633,0.002556,0.002592,494851813.0,2026-01-12 18:59:59.999,1285132.87917000,11533,243355379.00,632696.34652400,0
2026-01-12 19:00:00,0.002591,0.002602,0.002563,0.00257,198744339.0,2026-01-12 19:59:59.999,513145.33944000,5135,95230390.00,245852.55221600,0
2026-01-12 20:00:00,0.002571,0.002577,0.002536,0.002539,298383771.0,2026-01-12 20:59:59.999,762627.09818100,7297,124613965.00,318583.67213500,0
2026-01-12 21:00:00,0.002538,0.002538,0.002451,0.00247,464233611.0,2026-01-12 21:59:59.999,1157278.04498700,8220,209202319.00,520987.79628600,0
2026-01-12 22:00:00,0.002469,0.002481,0.002422,0.00246,624589549.0,2026-01-12 22:59:59.999,1528286.79769000,7367,284612000.00,697144.60488500,0
2026-01-12 23:00:00,0.00246,0.00246,0.002418,0.002438,283329962.0,2026-01-12 23:59:59.999,690549.72893000,3946,129156303.00,314763.86373000,0
2026-01-13 00:00:00,0.002437,0.00249,0.002432,0.002472,406407277.0,2026-01-13 00:59:59.999,998660.02587200,6321,213546764.00,524891.70426400,0
2026-01-13 01:00:00,0.002471,0.002535,0.002431,0.002443,790778998.0,2026-01-13 01:59:59.999,1960760.37529600,13720,364340814.00,906506.51516600,0
2026-01-13 02:00:00,0.002444,0.002485,0.002416,0.002422,337825484.0,2026-01-13 02:59:59.999,827719.34900200,5746,169710971.00,416093.33869000,0
2026-01-13 03:00:00,0.002421,0.002429,0.002403,0.002408,276923289.0,2026-01-13 03:59:59.999,668857.09366200,4215,109045740.00,263313.87010500,0
2026-01-13 04:00:00,0.002408,0.002468,0.002403,0.002466,314058714.0,2026-01-13 04:59:59.999,764631.62484000,4799,208725681.00,508090.24227600,0
2026-01-13 05:00:00,0.002466,0.002524,0.002446,0.002492,591250108.0,2026-01-13 05:59:59.999,1473653.30708300,10097,367650776.00,916864.01994600,0
2026-01-13 06:00:00,0.002492,0.002574,0.002469,0.002567,411899024.0,2026-01-13 06:59:59.999,1037782.62916800,8730,235805143.00,594928.54390200,0
2026-01-13 07:00:00,0.002566,0.002617,0.002506,0.002523,734427173.0,2026-01-13 07:59:59.999,1879209.87611900,12191,408744086.00,1045685.88568800,0
2026-01-13 08:00:00,0.002524,0.002595,0.002521,0.002584,536746720.0,2026-01-13 08:59:59.999,1380040.26599500,10118,295773833.00,759809.83604900,0
2026-01-13 09:00:00,0.002585,0.002614,0.002489,0.002506,678179512.0,2026-01-13 09:59:59.999,1727497.64512800,13048,262084521.00,666762.17859900,0
2026-01-13 10:00:00,0.002507,0.00253,0.002478,0.00253,596481146.0,2026-01-13 10:59:59.999,1493709.67252900,7821,278312612.00,697306.06283200,0
2026-01-13 11:00:00,0.00253,0.002535,0.002459,0.002476,540736104.0,2026-01-13 11:59:59.999,1353560.93336900,8996,250304028.00,626700.02226700,0
2026-01-13 12:00:00,0.002475,0.002523,0.002464,0.002507,352448986.0,2026-01-13 12:59:59.999,877456.66866800,6867,196937964.00,490115.55033000,0
2026-01-13 13:00:00,0.002507,0.002684,0.002475,0.002619,1480101668.0,2026-01-13 13:59:59.999,3827089.86969900,26614,805347797.00,2081086.31850800,0
2026-01-13 14:00:00,0.00262,0.002691,0.002568,0.002636,1056185028.0,2026-01-13 14:59:59.999,2780726.39909700,22251,501143789.00,1322784.07083000,0
2026-01-13 15:00:00,0.002636,0.002656,0.002561,0.002606,935062378.0,2026-01-13 15:59:59.999,2431736.04128800,19247,484622811.00,1260231.16870200,0
2026-01-13 16:00:00,0.002606,0.002658,0.002584,0.002612,723537968.0,2026-01-13 16:59:59.999,1892768.18823600,14570,294129324.00,770094.69983700,0
2026-01-13 17:00:00,0.002612,0.002634,0.002576,0.00259,453850418.0,2026-01-13 17:59:59.999,1181372.26768500,9878,228626825.00,595347.98153000,0
2026-01-13 18:00:00,0.00259,0.002641,0.002581,0.00263,618527733.0,2026-01-13 18:59:59.999,1615975.02846400,10722,386773932.00,1009142.04869600,0
2026-01-13 19:00:00,0.002629,0.0027,0.002624,0.002684,475848406.0,2026-01-13 19:59:59.999,1271185.96998900,10470,203771783.00,544448.27031200,0
2026-01-13 20:00:00,0.002685,0.002702,0.002616,0.002632,360145945.0,2026-01-13 20:59:59.999,957929.63541600,8755,161519664.00,429997.59706000,0
2026-01-13 21:00:00,0.002632,0.002652,0.002598,0.002601,274888238.0,2026-01-13 21:59:59.999,722168.49352100,6339,107551082.00,282792.75722200,0
2026-01-13 22:00:00,0.002602,0.002757,0.002599,0.00273,1458027836.0,2026-01-13 22:59:59.999,3932848.57693400,22211,695200142.00,1874581.15891100,0
2026-01-13 23:00:00,0.002731,0.002756,0.00264,0.002665,537842048.0,2026-01-13 23:59:59.999,1446136.60659700,10463,246839221.00,663166.08273200,0
2026-01-14 00:00:00,0.002665,0.002729,0.002652,0.002693,450529284.0,2026-01-14 00:59:59.999,1210625.53051500,9309,210125008.00,565435.81605800,0
2026-01-14 01:00:00,0.002692,0.002717,0.002676,0.002689,359152027.0,2026-01-14 01:59:59.999,967108.19233900,8727,186429720.00,502165.67402600,0
2026-01-14 02:00:00,0.002689,0.002811,0.002686,0.002785,585172988.0,2026-01-14 02:59:59.999,1616614.94680100,13651,307694396.00,850305.61640300,0
2026-01-14 03:00:00,0.002784,0.002842,0.002768,0.002803,480152678.0,2026-01-14 03:59:59.999,1346724.85685700,9240,275931478.00,774460.29405900,0
2026-01-14 04:00:00,0.002803,0.002827,0.002753,0.002781,519649191.0,2026-01-14 04:59:59.999,1448553.53293100,11253,293867996.00,820253.96809000,0
2026-01-14 05:00:00,0.00278,0.002828,0.00274,0.002746,475688133.0,2026-01-14 05:59:59.999,1325903.54584800,13347,205482740.00,572978.66288800,0
2026-01-14 06:00:00,0.002745,0.002776,0.002722,0.002762,454682569.0,2026-01-14 06:59:59.999,1251640.82587900,9982,196264068.00,540424.04785400,0
2026-01-14 07:00:00,0.002763,0.002873,0.002748,0.002838,826295206.0,2026-01-14 07:59:59.999,2326981.39024100,14714,461014888.00,1300906.37089200,0
2026-01-14 08:00:00,0.002837,0.002877,0.002793,0.0028,570543106.0,2026-01-14 08:59:59.999,1614816.47296600,12622,209330536.00,593003.86954500,0
2026-01-14 09:00:00,0.0028,0.00287,0.002778,0.002819,770891323.0,2026-01-14 09:59:59.999,2181895.56016900,16866,287848887.00,815924.82310600,0
2026-01-14 10:00:00,0.002818,0.002854,0.002807,0.002808,370166896.0,2026-01-14 10:59:59.999,1046137.17265500,8430,174698829.00,493734.80387500,0
2026-01-14 11:00:00,0.002809,0.002844,0.002719,0.002811,1158354460.0,2026-01-14 11:59:59.999,3219228.06238100,17514,569135224.00,1580806.65018600,0
2026-01-14 12:00:00,0.002811,0.002844,0.002791,0.002808,719855570.0,2026-01-14 12:59:59.999,2030708.45282400,10106,280737733.00,791572.03495100,0
2026-01-14 13:00:00,0.002809,0.002831,0.002748,0.002749,467358885.0,2026-01-14 13:59:59.999,1300957.46507600,10032,199287070.00,555145.24022400,0
2026-01-14 14:00:00,0.002749,0.002831,0.002749,0.002811,571369140.0,2026-01-14 14:59:59.999,1602373.72565500,13104,307405886.00,862419.07782900,0
2026-01-14 15:00:00,0.002811,0.002898,0.002779,0.002878,786312360.0,2026-01-14 15:59:59.999,2230556.99685800,15537,355559103.00,1008346.90744300,0
2026-01-14 16:00:00,0.002879,0.003028,0.002871,0.002943,1657976110.0,2026-01-14 16:59:59.999,4901991.53016500,25794,825769885.00,2441412.27698100,0
2026-01-14 17:00:00,0.002942,0.00302,0.002929,0.002951,1058851819.0,2026-01-14 17:59:59.999,3156258.70199200,19531,587033883.00,1750592.71084900,0
2026-01-14 18:00:00,0.00295,0.002993,0.002885,0.002967,861172103.0,2026-01-14 18:59:59.999,2527908.40205100,16578,483467860.00,1417475.27966800,0
2026-01-14 19:00:00,0.002966,0.003015,0.002957,0.002961,602061899.0,2026-01-14 19:59:59.999,1798920.73302000,12835,370228198.00,1106758.69057400,0
2026-01-14 20:00:00,0.002961,0.002966,0.002897,0.002915,370409763.0,2026-01-14 20:59:59.999,1084854.07316600,9845,201631750.00,590385.35348500,0
2026-01-14 21:00:00,0.002914,0.002923,0.002833,0.002843,573818233.0,2026-01-14 21:59:59.999,1644480.02274900,11095,227058261.00,650033.44157400,0
2026-01-14 22:00:00,0.002842,0.002867,0.002792,0.00281,421034558.0,2026-01-14 22:59:59.999,1190087.26660700,8397,233109693.00,658853.50271600,0
2026-01-14 23:00:00,0.00281,0.002839,0.00281,0.002818,176705422.0,2026-01-14 23:59:59.999,499325.39662300,4631,93396976.00,263973.35090300,0
2026-01-15 00:00:00,0.002819,0.00286,0.002797,0.00286,332342039.0,2026-01-15 00:59:59.999,938873.63452200,6387,151147491.00,426920.36499400,0
2026-01-15 01:00:00,0.002859,0.002881,0.002796,0.002826,419659167.0,2026-01-15 01:59:59.999,1191264.85042400,8767,195260109.00,554377.02752700,0
2026-01-15 02:00:00,0.002826,0.002854,0.002755,0.002762,517701240.0,2026-01-15 02:59:59.999,1449862.16675100,8451,262053315.00,733689.18716000,0
2026-01-15 03:00:00,0.002762,0.002764,0.002614,0.002646,1968926076.0,2026-01-15 03:59:59.999,5276703.96441600,23039,1021479531.00,2741671.38052500,0
2026-01-15 04:00:00,0.002646,0.002703,0.00263,0.002692,837943518.0,2026-01-15 04:59:59.999,2229109.62031200,21915,436913646.00,1162079.30319200,0
2026-01-15 05:00:00,0.002692,0.002718,0.002681,0.002707,486104834.0,2026-01-15 05:59:59.999,1311176.70070500,14045,165730436.00,447207.71920300,0
2026-01-15 06:00:00,0.002706,0.002744,0.002681,0.002702,349843514.0,2026-01-15 06:59:59.999,947978.11030000,9462,156348574.00,423955.82270500,0
2026-01-15 07:00:00,0.002701,0.002765,0.002699,0.002756,503953971.0,2026-01-15 07:59:59.999,1384095.99670000,6937,265375448.00,728492.94412000,0
2026-01-15 08:00:00,0.002757,0.00277,0.002727,0.002767,328143347.0,2026-01-15 08:59:59.999,900203.48369700,5985,173789511.00,477060.10801800,0
2026-01-15 09:00:00,0.002766,0.002842,0.002724,0.00282,655292809.0,2026-01-15 09:59:59.999,1823396.41337400,10496,359563699.00,1000925.01999800,0
2026-01-15 10:00:00,0.002819,0.002848,0.002783,0.002823,677159910.0,2026-01-15 10:59:59.999,1909924.49039900,10946,284164489.00,801772.87183700,0
2026-01-15 11:00:00,0.002824,0.002865,0.002822,0.002855,435068316.0,2026-01-15 11:59:59.999,1235276.91910900,6739,243562319.00,691891.24159000,0
2026-01-15 12:00:00,0.002855,0.002879,0.002821,0.00287,483933508.0,2026-01-15 12:59:59.999,1381416.74618300,8484,266452392.00,760902.16171800,0
2026-01-15 13:00:00,0.002869,0.002953,0.002858,0.002943,680367669.0,2026-01-15 13:59:59.999,1981850.65017000,12161,354745166.00,1034769.00976400,0
2026-01-15 14:00:00,0.002944,0.002981,0.002881,0.002908,1643338608.0,2026-01-15 14:59:59.999,4806786.94592900,23369,837003152.00,2450590.58877000,0
2026-01-15 15:00:00,0.002908,0.002949,0.00276,0.002847,1337223403.0,2026-01-15 15:59:59.999,3793715.27403000,22789,615328348.00,1748094.97559800,0
2026-01-15 16:00:00,0.002846,0.002915,0.002816,0.00289,876112174.0,2026-01-15 16:59:59.999,2502383.68600700,16530,391522671.00,1118446.01440000,0
2026-01-15 17:00:00,0.00289,0.002941,0.002834,0.002856,831746294.0,2026-01-15 17:59:59.999,2406780.61260700,13500,375395406.00,1086119.00276300,0
2026-01-15 18:00:00,0.002856,0.002881,0.002735,0.002749,882249711.0,2026-01-15 18:59:59.999,2467779.90776400,14484,456189572.00,1277375.10830400,0
2026-01-15 19:00:00,0.002749,0.002772,0.002701,0.002736,745774097.0,2026-01-15 19:59:59.999,2038562.80648200,11106,317261066.00,867673.35858200,0
2026-01-15 20:00:00,0.002735,0.002756,0.002669,0.002694,631271288.0,2026-01-15 20:59:59.999,1706748.95807000,9938,253832262.00,685374.10211100,0
2026-01-15 21:00:00,0.002694,0.002734,0.002691,0.00272,406350470.0,2026-01-15 21:59:59.999,1104004.77340800,7201,185265501.00,503544.64191600,0
2026-01-15 22:00:00,0.00272,0.002731,0.002684,0.002704,480514556.0,2026-01-15 22:59:59.999,1301706.19434500,7131,182073398.00,493485.53723700,0
2026-01-15 23:00:00,0.002705,0.002728,0.002679,0.002718,373909315.0,2026-01-15 23:59:59.999,1008966.91021500,4434,192120194.00,518466.16134300,0
2026-01-16 00:00:00,0.002719,0.002816,0.002714,0.002755,704355487.0,2026-01-16 00:59:59.999,1956070.95919300,11029,358666997.00,995447.75394400,0
2026-01-16 01:00:00,0.002756,0.002771,0.002734,0.00276,278954530.0,2026-01-16 01:59:59.999,768116.06340300,4743,105685689.00,291035.27011000,0
2026-01-16 02:00:00,0.002761,0.002763,0.00271,0.002759,647371412.0,2026-01-16 02:59:59.999,1769009.72273300,7805,279721155.00,764476.51663800,0
2026-01-16 03:00:00,0.00276,0.002815,0.00276,0.002773,266333004.0,2026-01-16 03:59:59.999,741085.05276500,6613,129634331.00,360858.67943800,0
2026-01-16 04:00:00,0.002773,0.002797,0.002722,0.002739,576121714.0,2026-01-16 04:59:59.999,1590032.48105200,9459,299847706.00,827865.49770100,0
2026-01-16 05:00:00,0.002739,0.002919,0.002735,0.002886,1022004537.0,2026-01-16 05:59:59.999,2915075.65491200,16402,649956373.00,1853886.67873100,0
2026-01-16 06:00:00,0.002887,0.002955,0.002884,0.002911,503198948.0,2026-01-16 06:59:59.999,1469079.27398400,11753,285820677.00,834842.23265100,0
2026-01-16 07:00:00,0.002912,0.002917,0.002886,0.002905,336001868.0,2026-01-16 07:59:59.999,975495.74031300,8877,130561360.00,379122.90663700,0
2026-01-16 08:00:00,0.002905,0.003048,0.002878,0.002978,1235224462.0,2026-01-16 08:59:59.999,3675148.28730400,19298,609667086.00,1816526.48194700,0
2026-01-16 09:00:00,0.002978,0.002992,0.002914,0.002924,606166445.0,2026-01-16 09:59:59.999,1786612.21887800,12093,223791007.00,659932.81924200,0
2026-01-16 10:00:00,0.002924,0.002935,0.002885,0.002891,327203788.0,2026-01-16 10:59:59.999,952231.42573500,7545,172507979.00,502311.37987400,0
2026-01-16 11:00:00,0.002892,0.002941,0.002882,0.002923,609266923.0,2026-01-16 11:59:59.999,1771267.82942000,9417,244410641.00,711377.71723700,0
2026-01-16 12:00:00,0.002922,0.002967,0.002873,0.0029,534465692.0,2026-01-16 12:59:59.999,1557705.17896400,8675,272050305.00,793371.73908700,0
2026-01-16 13:00:00,0.002899,0.002918,0.002856,0.002859,418013974.0,2026-01-16 13:59:59.999,1206356.31611500,8086,160808345.00,464453.86687000,0
2026-01-16 14:00:00,0.002859,0.002889,0.002852,0.002869,362971318.0,2026-01-16 14:59:59.999,1041451.00954000,10326,151845805.00,435801.91502400,0
2026-01-16 15:00:00,0.002868,0.002885,0.002799,0.002823,841436589.0,2026-01-16 15:59:59.999,2387590.03261400,18780,394491487.00,1119411.85218300,0
2026-01-16 16:00:00,0.002823,0.002954,0.002816,0.002943,566374168.0,2026-01-16 16:59:59.999,1641369.70194400,14344,310798771.00,900537.26042700,0
2026-01-16 17:00:00,0.002944,0.00297,0.002876,0.002962,537882950.0,2026-01-16 17:59:59.999,1575534.56237100,10425,294364653.00,862695.82424400,0
2026-01-16 18:00:00,0.002962,0.002978,0.002925,0.00293,279001617.0,2026-01-16 18:59:59.999,823885.13977100,6262,97966202.00,289445.64908400,0
2026-01-16 19:00:00,0.00293,0.00297,0.002906,0.00293,250185914.0,2026-01-16 19:59:59.999,731969.15441500,6453,131446426.00,384583.34030500,0
2026-01-16 20:00:00,0.00293,0.002952,0.002882,0.002941,413584197.0,2026-01-16 20:59:59.999,1203489.11940700,8199,165352489.00,481674.40167800,0
2026-01-16 21:00:00,0.002942,0.002969,0.002866,0.002887,684594279.0,2026-01-16 21:59:59.999,1996463.27596600,12186,282921483.00,823962.20228500,0
2026-01-16 22:00:00,0.002888,0.002897,0.002864,0.002893,301867566.0,2026-01-16 22:59:59.999,869738.08956100,6221,133514415.00,384725.45444000,0
2026-01-16 23:00:00,0.002892,0.002964,0.002891,0.002953,298078845.0,2026-01-16 23:59:59.999,873393.49365400,6532,171248593.00,501754.13625200,0
2026-01-17 00:00:00,0.002953,0.002954,0.002894,0.002931,340577927.0,2026-01-17 00:59:59.999,994245.53590300,7495,132295708.00,386237.92228000,0
2026-01-17 01:00:00,0.00293,0.002954,0.002901,0.002917,409273697.0,2026-01-17 01:59:59.999,1196434.55158000,7632,235514109.00,688948.20814000,0
2026-01-17 02:00:00,0.002917,0.002961,0.002888,0.002952,335033224.0,2026-01-17 02:59:59.999,976870.96247900,6249,209763117.00,611672.88808900,0
2026-01-17 03:00:00,0.002952,0.003024,0.002943,0.002971,441936070.0,2026-01-17 03:59:59.999,1316845.86776500,8411,199360765.00,593813.06247100,0
2026-01-17 04:00:00,0.00297,0.002979,0.002931,0.002951,262492527.0,2026-01-17 04:59:59.999,775802.22358500,5482,147076220.00,434865.50357600,0
2026-01-17 05:00:00,0.002952,0.002956,0.002899,0.002917,230576670.0,2026-01-17 05:59:59.999,673812.48066400,4463,110727905.00,323810.75843900,0
2026-01-17 06:00:00,0.002918,0.003003,0.002894,0.002982,290221789.0,2026-01-17 06:59:59.999,855197.54262400,5286,163352445.00,481838.37581000,0
2026-01-17 07:00:00,0.002981,0.002987,0.002932,0.002946,192919217.0,2026-01-17 07:59:59.999,569845.18411400,4262,79283915.00,234370.58964700,0
2026-01-17 08:00:00,0.002946,0.00302,0.00294,0.002978,409155902.0,2026-01-17 08:59:59.999,1224675.00111200,7414,218451200.00,654051.96234900,0
2026-01-17 09:00:00,0.002979,0.003044,0.002969,0.003025,554849238.0,2026-01-17 09:59:59.999,1670970.89682300,8781,285859644.00,861192.21398700,0
2026-01-17 10:00:00,0.003025,0.003099,0.002998,0.003027,648381776.0,2026-01-17 10:59:59.999,1975057.59973200,12190,363128443.00,1106732.87172600,0
2026-01-17 11:00:00,0.003028,0.003055,0.003005,0.003019,290980685.0,2026-01-17 11:59:59.999,880244.03773100,5099,174950105.00,529359.17309200,0
2026-01-17 12:00:00,0.003018,0.00304,0.002948,0.002957,610960214.0,2026-01-17 12:59:59.999,1825238.90643400,9107,280600260.00,839163.82246500,0
2026-01-17 13:00:00,0.002956,0.00296,0.002894,0.002922,596878774.0,2026-01-17 13:59:59.999,1743989.18152200,10840,307586131.00,899319.84541900,0
2026-01-17 14:00:00,0.002921,0.002921,0.002863,0.002914,711553056.0,2026-01-17 14:59:59.999,2057696.62035500,9342,416336990.00,1204884.58917200,0
2026-01-17 15:00:00,0.002913,0.002932,0.00288,0.002915,485463842.0,2026-01-17 15:59:59.999,1409623.38747200,6560,250583948.00,728120.07601600,0
2026-01-17 16:00:00,0.002914,0.002924,0.002846,0.002856,467350243.0,2026-01-17 16:59:59.999,1348577.85105800,7435,243346637.00,702050.01669700,0
2026-01-17 17:00:00,0.002855,0.002881,0.002855,0.002875,227336934.0,2026-01-17 17:59:59.999,652417.51512100,4679,114228959.00,327791.43910000,0
2026-01-17 18:00:00,0.002875,0.002895,0.002865,0.002881,170567139.0,2026-01-17 18:59:59.999,491695.68174100,3284,83287366.00,240115.78779600,0
2026-01-17 19:00:00,0.002881,0.002899,0.002859,0.00288,129904900.0,2026-01-17 19:59:59.999,373985.10258800,3467,54878213.00,157921.28039600,0
2026-01-17 20:00:00,0.00288,0.002907,0.002875,0.002889,268575521.0,2026-01-17 20:59:59.999,776135.34794200,3587,161885638.00,467808.39886800,0
2026-01-17 21:00:00,0.00289,0.002894,0.002871,0.002874,174512766.0,2026-01-17 21:59:59.999,502544.63089000,2672,82501844.00,237522.92326500,0
2026-01-17 22:00:00,0.002874,0.00288,0.002814,0.002824,400074453.0,2026-01-17 22:59:59.999,1136413.91523000,4652,219680980.00,624569.51753800,0
2026-01-17 23:00:00,0.002823,0.002833,0.002766,0.002802,422122187.0,2026-01-17 23:59:59.999,1179229.03869900,6022,157508473.00,440451.78384400,0
2026-01-18 00:00:00,0.002801,0.002824,0.002792,0.002803,212329954.0,2026-01-18 00:59:59.999,595839.08764900,3956,106274470.00,298243.41843200,0
2026-01-18 01:00:00,0.002804,0.002804,0.002757,0.002782,330100940.0,2026-01-18 01:59:59.999,916801.88245400,4875,136721685.00,379874.50277100,0
2026-01-18 02:00:00,0.002782,0.002803,0.00277,0.002785,204377833.0,2026-01-18 02:59:59.999,568555.01342800,2888,110586730.00,307611.87275300,0
2026-01-18 03:00:00,0.002785,0.002817,0.002777,0.002807,142270402.0,2026-01-18 03:59:59.999,398763.92053800,2732,55772964.00,156363.45344400,0
2026-01-18 04:00:00,0.002806,0.002839,0.002794,0.002832,112486643.0,2026-01-18 04:59:59.999,315930.15417500,2422,61135157.00,171783.58899500,0
2026-01-18 05:00:00,0.002833,0.002836,0.002812,0.002814,92605318.0,2026-01-18 05:59:59.999,261402.45400600,2491,47594156.00,134403.97230500,0
2026-01-18 06:00:00,0.002815,0.002821,0.0028,0.0028,118449861.0,2026-01-18 06:59:59.999,333115.28680300,2020,74290870.00,209017.11688900,0
2026-01-18 07:00:00,0.002801,0.002801,0.002682,0.002706,1770403596.0,2026-01-18 07:59:59.999,4826674.49720300,16778,737817033.00,2013874.93232900,0
2026-01-18 08:00:00,0.002707,0.002728,0.002702,0.002717,399460721.0,2026-01-18 08:59:59.999,1084314.32013300,4766,237382315.00,644359.89536800,0
2026-01-18 09:00:00,0.002718,0.002762,0.002716,0.002753,592914841.0,2026-01-18 09:59:59.999,1628763.48256400,5603,383610662.00,1053237.71890100,0
2026-01-18 10:00:00,0.002752,0.002758,0.002739,0.002755,204319897.0,2026-01-18 10:59:59.999,562036.78728400,2604,98498413.00,270948.49437000,0
2026-01-18 11:00:00,0.002754,0.002755,0.002724,0.002729,143259672.0,2026-01-18 11:59:59.999,392671.71082800,2316,70687849.00,193758.11387200,0
2026-01-18 12:00:00,0.00273,0.002741,0.002711,0.002716,114254762.0,2026-01-18 12:59:59.999,311519.74257800,2418,54316755.00,148108.06821500,0
2026-01-18 13:00:00,0.002715,0.002738,0.002702,0.002725,297023194.0,2026-01-18 13:59:59.999,806026.75496200,3984,155076050.00,420910.98087300,0
2026-01-18 14:00:00,0.002724,0.002748,0.002703,0.002711,284152206.0,2026-01-18 14:59:59.999,775439.35694800,3730,159565819.00,435596.77090400,0
2026-01-18 15:00:00,0.00271,0.002739,0.002705,0.002732,124980822.0,2026-01-18 15:59:59.999,340792.92872100,2171,55240298.00,150686.40879500,0
2026-01-18 16:00:00,0.002732,0.002745,0.002721,0.002727,118142211.0,2026-01-18 16:59:59.999,323092.11881300,1901,57270885.00,156702.85178300,0
2026-01-18 17:00:00,0.002726,0.002745,0.002724,0.002739,92810800.0,2026-01-18 17:59:59.999,253731.98688700,2147,50559934.00,138234.96610600,0
2026-01-18 18:00:00,0.00274,0.002768,0.002731,0.002758,168829239.0,2026-01-18 18:59:59.999,464447.73300800,2796,83952093.00,230932.85995700,0
2026-01-18 19:00:00,0.002759,0.002771,0.002706,0.002712,267414968.0,2026-01-18 19:59:59.999,731284.71847200,3111,118658481.00,324412.10676800,0
2026-01-18 20:00:00,0.002712,0.002713,0.002658,0.00271,526008206.0,2026-01-18 20:59:59.999,1415989.00943300,5960,264668269.00,712328.39816400,0
2026-01-18 21:00:00,0.00271,0.002722,0.002697,0.002712,187158384.0,2026-01-18 21:59:59.999,507612.19581000,2438,64606687.00,175213.78161200,0
2026-01-18 22:00:00,0.002712,0.002721,0.002701,0.002706,109336501.0,2026-01-18 22:59:59.999,296429.70974100,1848,49156696.00,133319.56870200,0
2026-01-18 23:00:00,0.002706,0.002711,0.002584,0.002594,1062417153.0,2026-01-18 23:59:59.999,2803596.04714000,12953,413907775.00,1092739.16430200,0
2026-01-19 00:00:00,0.002594,0.002594,0.002247,0.002505,5628489844.0,2026-01-19 00:59:59.999,13861841.34787600,60177,2351824507.00,5788914.98928400,0
2026-01-19 01:00:00,0.002505,0.002561,0.002495,0.002544,663545682.0,2026-01-19 01:59:59.999,1678642.36801300,8061,416203115.00,1052829.06850200,0
2026-01-19 02:00:00,0.002543,0.002565,0.002526,0.00255,312010069.0,2026-01-19 02:59:59.999,793824.94362700,4601,174832910.00,445240.91063600,0
2026-01-19 03:00:00,0.002549,0.002557,0.002523,0.002528,239657560.0,2026-01-19 03:59:59.999,607946.83243900,3529,108770769.00,275858.44062400,0
2026-01-19 04:00:00,0.002527,0.002544,0.002516,0.002526,224173341.0,2026-01-19 04:59:59.999,567322.79581700,4217,134139639.00,339529.54954500,0
2026-01-19 05:00:00,0.002527,0.002558,0.002515,0.00254,235409855.0,2026-01-19 05:59:59.999,597835.60959600,3682,120195499.00,305386.35528500,0
2026-01-19 06:00:00,0.00254,0.00254,0.002488,0.002494,329790085.0,2026-01-19 06:59:59.999,827889.95674700,3980,137913502.00,346316.73347200,0
2026-01-19 07:00:00,0.002495,0.002503,0.002469,0.002492,540368850.0,2026-01-19 07:59:59.999,1341008.93210300,5675,301182618.00,747342.97819600,0
2026-01-19 08:00:00,0.002492,0.002547,0.002485,0.00254,367850167.0,2026-01-19 08:59:59.999,925559.35660200,6874,236055877.00,594169.56067600,0
2026-01-19 09:00:00,0.002539,0.002539,0.002519,0.002527,115192342.0,2026-01-19 09:59:59.999,291472.99914600,2124,44116498.00,111481.91051100,0
2026-01-19 10:00:00,0.002526,0.002529,0.002504,0.002516,135832747.0,2026-01-19 10:59:59.999,341842.94748800,2452,57893095.00,145712.19237600,0
2026-01-19 11:00:00,0.002517,0.002537,0.002515,0.002525,62232762.0,2026-01-19 11:59:59.999,157211.26572500,1939,29094280.00,73493.71107800,0
2026-01-19 12:00:00,0.002525,0.002525,0.002482,0.002501,214374659.0,2026-01-19 12:59:59.999,535055.26595100,3317,88057914.00,219876.82087100,0
2026-01-19 13:00:00,0.002501,0.002506,0.002458,0.00247,341454236.0,2026-01-19 13:59:59.999,846489.83332900,4406,146485226.00,363320.45386900,0
2026-01-19 14:00:00,0.00247,0.002486,0.002437,0.002474,424075077.0,2026-01-19 14:59:59.999,1043346.95960200,5281,209554876.00,515767.18050200,0
2026-01-19 15:00:00,0.002475,0.002487,0.002462,0.002487,243129776.0,2026-01-19 15:59:59.999,601184.51080600,3227,138074988.00,341373.01714000,0
2026-01-19 16:00:00,0.002487,0.002534,0.002477,0.00253,284315629.0,2026-01-19 16:59:59.999,710554.91954000,3761,193081057.00,482656.47842700,0
2026-01-19 17:00:00,0.00253,0.002575,0.002523,0.002549,376595739.0,2026-01-19 17:59:59.999,960489.02175900,7405,210517672.00,537119.40419500,0
2026-01-19 18:00:00,0.00255,0.002584,0.002542,0.002566,302303816.0,2026-01-19 18:59:59.999,773030.19805400,4982,153466287.00,392570.50881000,0
2026-01-19 19:00:00,0.002566,0.002605,0.002563,0.002597,222599585.0,2026-01-19 19:59:59.999,575109.05213800,3121,142954490.00,369603.36455800,0
2026-01-19 20:00:00,0.002598,0.002634,0.002586,0.00259,487840490.0,2026-01-19 20:59:59.999,1275341.99316200,6187,204170163.00,534061.15372600,0
2026-01-19 21:00:00,0.002591,0.002616,0.002574,0.00258,185308929.0,2026-01-19 21:59:59.999,479984.25252200,3681,86854860.00,225179.30860700,0
2026-01-19 22:00:00,0.00258,0.002587,0.002551,0.002566,300862728.0,2026-01-19 22:59:59.999,772907.28364000,4316,134349329.00,345265.67886100,0
2026-01-19 23:00:00,0.002566,0.002673,0.002566,0.002641,636083849.0,2026-01-19 23:59:59.999,1664521.35223400,9271,392965513.00,1027439.40747000,0
2026-01-20 00:00:00,0.002641,0.002646,0.002581,0.002607,371674514.0,2026-01-20 00:59:59.999,969949.30858900,7292,183362841.00,478668.98097600,0
2026-01-20 01:00:00,0.002607,0.002638,0.002573,0.002591,267251130.0,2026-01-20 01:59:59.999,695556.80029200,5289,115287615.00,300084.03915600,0
2026-01-20 02:00:00,0.002591,0.002615,0.002572,0.002604,247082483.0,2026-01-20 02:59:59.999,640373.58704500,4872,127668342.00,330853.87614900,0
2026-01-20 03:00:00,0.002605,0.002611,0.002576,0.002595,196961076.0,2026-01-20 03:59:59.999,510864.54442000,3749,99063672.00,256852.69277200,0
2026-01-20 04:00:00,0.002595,0.002617,0.002582,0.002594,205332923.0,2026-01-20 04:59:59.999,533686.71535300,3965,99755728.00,259246.22995200,0
2026-01-20 05:00:00,0.002594,0.002618,0.002556,0.002595,440310205.0,2026-01-20 05:59:59.999,1137412.05448900,10456,204923635.00,529418.12663000,0
2026-01-20 06:00:00,0.002595,0.002595,0.002553,0.002568,397022124.0,2026-01-20 06:59:59.999,1020733.33649300,8075,173249068.00,445440.06122400,0
2026-01-20 07:00:00,0.002569,0.002616,0.002536,0.002542,582368301.0,2026-01-20 07:59:59.999,1499693.21098000,9393,286022779.00,736941.61268400,0
2026-01-20 08:00:00,0.002542,0.002564,0.002516,0.002562,471552565.0,2026-01-20 08:59:59.999,1197280.99714400,8018,199519213.00,506799.79683300,0
2026-01-20 09:00:00,0.002563,0.002604,0.002553,0.002596,371910098.0,2026-01-20 09:59:59.999,958837.68341600,6717,191159278.00,492870.09553600,0
2026-01-20 10:00:00,0.002596,0.00264,0.002586,0.002587,215209668.0,2026-01-20 10:59:59.999,562447.85813700,4088,117451479.00,307116.85208800,0
2026-01-20 11:00:00,0.002588,0.002602,0.00256,0.002562,143792124.0,2026-01-20 11:59:59.999,371528.78783300,3128,77050503.00,199260.73143600,0
2026-01-20 12:00:00,0.002563,0.002587,0.002546,0.002548,182081281.0,2026-01-20 12:59:59.999,467591.92598100,3745,92232718.00,236968.87535100,0
2026-01-20 13:00:00,0.002547,0.002553,0.002502,0.002511,294748693.0,2026-01-20 13:59:59.999,743029.07868100,5641,139757747.00,352349.98676900,0
2026-01-20 14:00:00,0.002511,0.002585,0.002504,0.002563,709861429.0,2026-01-20 14:59:59.999,1806313.48595200,10448,359059945.00,913841.92167300,0
2026-01-20 15:00:00,0.002562,0.002622,0.002522,0.002598,990781985.0,2026-01-20 15:59:59.999,2551771.86273000,22745,505810691.00,1304172.19264800,0
2026-01-20 16:00:00,0.002599,0.002624,0.002549,0.002568,602976383.0,2026-01-20 16:59:59.999,1558894.77220800,9871,273946001.00,709314.76722300,0
2026-01-20 17:00:00,0.002567,0.002623,0.002488,0.002513,862488731.0,2026-01-20 17:59:59.999,2199345.19511600,14816,409413077.00,1046339.52799200,0
2026-01-20 18:00:00,0.002512,0.002546,0.002456,0.002468,661163783.0,2026-01-20 18:59:59.999,1650782.16542400,11732,257708204.00,643966.90523600,0
2026-01-20 19:00:00,0.002469,0.002483,0.002433,0.00246,457073954.0,2026-01-20 19:59:59.999,1121090.55783900,11416,217455052.00,533149.95932200,0
2026-01-20 20:00:00,0.00246,0.00257,0.002453,0.002551,524369341.0,2026-01-20 20:59:59.999,1322346.18862800,11259,255180707.00,643958.85150000,0
2026-01-20 21:00:00,0.002552,0.002553,0.00247,0.00248,321947884.0,2026-01-20 21:59:59.999,806488.94298700,9133,135319722.00,338455.51415100,0
2026-01-20 22:00:00,0.00248,0.002485,0.00237,0.002423,1215159583.0,2026-01-20 22:59:59.999,2950148.94760700,15906,506221181.00,1228059.29826500,0
2026-01-20 23:00:00,0.002423,0.002426,0.002388,0.0024,551107433.0,2026-01-20 23:59:59.999,1329217.91030500,11850,225914432.00,544944.10593700,0
2026-01-21 00:00:00,0.0024,0.002484,0.002377,0.002476,732725496.0,2026-01-21 00:59:59.999,1779020.10123100,14246,351598030.00,855730.66904600,0
2026-01-21 01:00:00,0.002476,0.002504,0.002446,0.002449,523124544.0,2026-01-21 01:59:59.999,1296921.48781800,12735,210595531.00,522621.75147000,0
2026-01-21 02:00:00,0.00245,0.002461,0.002431,0.002432,378780699.0,2026-01-21 02:59:59.999,925944.38485300,11016,139480475.00,340958.86243000,0
2026-01-21 03:00:00,0.002432,0.002447,0.002428,0.002433,305588489.0,2026-01-21 03:59:59.999,743987.70927600,8725,110886290.00,269992.63542100,0
2026-01-21 04:00:00,0.002433,0.00249,0.002428,0.002469,329554710.0,2026-01-21 04:59:59.999,810436.62748000,7270,157581630.00,388250.13045200,0
2026-01-21 05:00:00,0.002469,0.002492,0.002462,0.002492,266789468.0,2026-01-21 05:59:59.999,658970.83736400,8780,99371966.00,245568.83994000,0
2026-01-21 06:00:00,0.002491,0.002502,0.002475,0.002498,189604502.0,2026-01-21 06:59:59.999,471611.18743400,3530,98566660.00,245195.90606600,0
2026-01-21 07:00:00,0.002497,0.002527,0.002491,0.002515,244019956.0,2026-01-21 07:59:59.999,612814.30645900,5169,130008530.00,326465.45245700,0
2026-01-21 08:00:00,0.002515,0.002522,0.002488,0.002504,296463774.0,2026-01-21 08:59:59.999,742280.30874400,4299,142787130.00,357468.72793600,0
2026-01-21 09:00:00,0.002503,0.002503,0.002468,0.002489,275995675.0,2026-01-21 09:59:59.999,684882.94945800,5266,118311319.00,293638.25023400,0
2026-01-21 10:00:00,0.002489,0.00253,0.002489,0.002491,214137018.0,2026-01-21 10:59:59.999,539163.50414900,4141,104285613.00,262468.57359100,0
2026-01-21 11:00:00,0.002491,0.002522,0.002472,0.002483,276092256.0,2026-01-21 11:59:59.999,691285.90958100,4108,92968376.00,232688.07878100,0
2026-01-21 12:00:00,0.002483,0.002515,0.002462,0.002503,307282608.0,2026-01-21 12:59:59.999,762618.97365100,6649,144947141.00,359840.01646100,0
2026-01-21 13:00:00,0.002502,0.002524,0.002452,0.002463,343003992.0,2026-01-21 13:59:59.999,850387.43549500,6166,169726448.00,420956.67761000,0
2026-01-21 14:00:00,0.002462,0.00258,0.002459,0.002562,670884565.0,2026-01-21 14:59:59.999,1702858.06026400,15493,352033189.00,892620.62961200,0
2026-01-21 15:00:00,0.002563,0.002611,0.002548,0.002595,579309619.0,2026-01-21 15:59:59.999,1495100.22246100,10063,316148995.00,816325.73209200,0
2026-01-21 16:00:00,0.002595,0.002604,0.002453,0.002458,849675062.0,2026-01-21 16:59:59.999,2144206.45301500,14605,430919768.00,1091809.84699900,0
2026-01-21 17:00:00,0.002459,0.002494,0.002412,0.002433,482899916.0,2026-01-21 17:59:59.999,1180400.73327000,9516,224178617.00,547925.50014000,0
2026-01-21 18:00:00,0.002433,0.002525,0.002409,0.00251,481732263.0,2026-01-21 18:59:59.999,1188378.52991300,8023,293140323.00,723230.54048900,0
2026-01-21 19:00:00,0.002511,0.002744,0.002484,0.002695,1121739193.0,2026-01-21 19:59:59.999,2961212.13511300,20378,610530598.00,1611170.84559400,0
2026-01-21 20:00:00,0.002694,0.002728,0.002637,0.002724,637289528.0,2026-01-21 20:59:59.999,1709299.08745200,13831,340716412.00,913978.65445700,0
2026-01-21 21:00:00,0.002723,0.002768,0.0027,0.002706,669690290.0,2026-01-21 21:59:59.999,1829597.30491000,12091,322577832.00,882633.74052900,0
2026-01-21 22:00:00,0.002706,0.00273,0.002664,0.002666,213217114.0,2026-01-21 22:59:59.999,575098.76934600,4211,100820599.00,272262.42108800,0
2026-01-21 23:00:00,0.002666,0.002722,0.002631,0.002647,382971755.0,2026-01-21 23:59:59.999,1024161.04574700,7879,187178478.00,500609.40010700,0
2026-01-22 00:00:00,0.002648,0.002674,0.002627,0.002666,262531485.0,2026-01-22 00:59:59.999,694176.67641700,5538,107270542.00,283876.58392400,0
2026-01-22 01:00:00,0.002666,0.002679,0.002638,0.002659,151362674.0,2026-01-22 01:59:59.999,402530.18639100,4340,76706394.00,203972.14325400,0
2026-01-22 02:00:00,0.002658,0.002689,0.002633,0.002634,157000633.0,2026-01-22 02:59:59.999,418067.00789300,4179,82743281.00,220465.12024200,0
2026-01-22 03:00:00,0.002635,0.002658,0.002587,0.002606,171408175.0,2026-01-22 03:59:59.999,448351.65250900,3508,72357435.00,189564.53637900,0
2026-01-22 04:00:00,0.002605,0.002665,0.002604,0.002648,125858075.0,2026-01-22 04:59:59.999,331851.53652200,3216,67526032.00,177880.45966600,0
2026-01-22 05:00:00,0.002649,0.002651,0.002624,0.002642,198961141.0,2026-01-22 05:59:59.999,524925.82749600,4067,111252091.00,293537.81329700,0
2026-01-22 06:00:00,0.002642,0.002673,0.002623,0.002666,146871354.0,2026-01-22 06:59:59.999,387922.66027700,4212,81488256.00,215250.97724700,0
2026-01-22 07:00:00,0.002667,0.002669,0.002634,0.002645,106217420.0,2026-01-22 07:59:59.999,281202.50802100,2487,52571092.00,139154.49788300,0
2026-01-22 08:00:00,0.002644,0.002663,0.002638,0.002653,173549603.0,2026-01-22 08:59:59.999,460027.69190400,3773,89637828.00,237526.95067000,0
2026-01-22 09:00:00,0.002653,0.002692,0.002649,0.002677,243695313.0,2026-01-22 09:59:59.999,650291.95299500,4611,127370398.00,339920.66280900,0
2026-01-22 10:00:00,0.002677,0.002679,0.002623,0.00264,298125163.0,2026-01-22 10:59:59.999,788643.10628100,6039,136093438.00,359972.97429000,0
2026-01-22 11:00:00,0.002641,0.002669,0.002615,0.002626,600411553.0,2026-01-22 11:59:59.999,1587664.22590900,11273,312579146.00,826573.58637800,0
2026-01-22 12:00:00,0.002627,0.002629,0.002583,0.002598,988130539.0,2026-01-22 12:59:59.999,2572292.98996200,16705,463726982.00,1207585.68337800,0
2026-01-22 13:00:00,0.002598,0.002621,0.002559,0.002563,1992820296.0,2026-01-22 13:59:59.999,5168387.29302500,28599,991163677.00,2571796.38075300,0
2026-01-22 14:00:00,0.002562,0.002567,0.002479,0.002504,1644382225.0,2026-01-22 14:59:59.999,4160037.07322800,19964,844466256.00,2136674.70638900,0
2026-01-22 15:00:00,0.002503,0.00252,0.002459,0.00248,1130364190.0,2026-01-22 15:59:59.999,2814087.61559700,14870,600508209.00,1495525.37897900,0
2026-01-22 16:00:00,0.002481,0.002545,0.002464,0.002526,449101464.0,2026-01-22 16:59:59.999,1121749.58763500,7426,266831543.00,667327.85164700,0
2026-01-22 17:00:00,0.002526,0.002533,0.002496,0.002531,268218497.0,2026-01-22 17:59:59.999,675070.46535100,5534,114826318.00,289004.64686200,0
2026-01-22 18:00:00,0.00253,0.002533,0.002473,0.002476,226889334.0,2026-01-22 18:59:59.999,569278.74169100,4165,112833951.00,283106.43236800,0
2026-01-22 19:00:00,0.002477,0.002531,0.002472,0.002508,197335887.0,2026-01-22 19:59:59.999,494218.67854200,3906,98891811.00,247556.16953300,0
2026-01-22 20:00:00,0.002508,0.002525,0.00248,0.002498,256105614.0,2026-01-22 20:59:59.999,639915.41569000,3219,84004141.00,210095.36089100,0
2026-01-22 21:00:00,0.002499,0.002517,0.002497,0.002501,111774231.0,2026-01-22 21:59:59.999,280025.43353300,2264,56448472.00,141395.62914000,0
2026-01-22 22:00:00,0.002502,0.002508,0.00248,0.002483,103608096.0,2026-01-22 22:59:59.999,258161.13626400,1608,54074127.00,134726.68107600,0
2026-01-22 23:00:00,0.002482,0.002483,0.002447,0.002468,382870591.0,2026-01-22 23:59:59.999,942598.84140000,4069,197972041.00,487492.58786000,0
2026-01-23 00:00:00,0.002467,0.0025,0.002462,0.002491,189992335.0,2026-01-23 00:59:59.999,470534.46195600,2868,77493738.00,191982.00038300,0
2026-01-23 01:00:00,0.002491,0.002509,0.002475,0.002497,234157309.0,2026-01-23 01:59:59.999,582753.83469700,3028,123654944.00,307700.43900800,0
2026-01-23 02:00:00,0.002496,0.002507,0.00248,0.002481,104344762.0,2026-01-23 02:59:59.999,260381.48270900,2331,57757093.00,144165.43724500,0
2026-01-23 03:00:00,0.002481,0.002517,0.002481,0.002514,105843428.0,2026-01-23 03:59:59.999,264586.82714500,2194,50833187.00,127068.39837000,0
2026-01-23 04:00:00,0.002514,0.002536,0.002503,0.002523,127139527.0,2026-01-23 04:59:59.999,320234.76736400,2388,61808558.00,155629.55867900,0
2026-01-23 05:00:00,0.002522,0.00253,0.002498,0.002512,197040692.0,2026-01-23 05:59:59.999,495211.10969900,2969,96345326.00,242044.23060300,0
2026-01-23 06:00:00,0.002512,0.002525,0.002477,0.002485,237545372.0,2026-01-23 06:59:59.999,592290.95441200,3350,141201656.00,351992.39046500,0
2026-01-23 07:00:00,0.002485,0.002501,0.002476,0.002482,148448580.0,2026-01-23 07:59:59.999,369318.11944100,4183,63739862.00,158616.82187300,0
2026-01-23 08:00:00,0.002482,0.002497,0.002462,0.002466,218156867.0,2026-01-23 08:59:59.999,540894.44343100,5351,101799173.00,252368.80998000,0
2026-01-23 09:00:00,0.002466,0.002488,0.002457,0.002464,331649281.0,2026-01-23 09:59:59.999,819251.32335500,5613,154687465.00,382142.46655200,0
2026-01-23 10:00:00,0.002464,0.002469,0.002444,0.002451,216362994.0,2026-01-23 10:59:59.999,531481.43489600,4213,82317960.00,202141.44444900,0
2026-01-23 11:00:00,0.002451,0.002475,0.002451,0.002461,270804689.0,2026-01-23 11:59:59.999,667788.12783000,3142,175488177.00,432946.82425300,0
2026-01-23 12:00:00,0.002461,0.002468,0.002446,0.002457,82996025.0,2026-01-23 12:59:59.999,203821.25264100,1823,38843275.00,95353.78545800,0
2026-01-23 13:00:00,0.002458,0.002464,0.002447,0.002462,116142721.0,2026-01-23 13:59:59.999,285343.57113100,2324,53270832.00,130892.13550900,0
2026-01-23 14:00:00,0.002461,0.002472,0.002378,0.002389,838394071.0,2026-01-23 14:59:59.999,2028316.29761900,11771,344348264.00,833875.78336500,0
2026-01-23 15:00:00,0.002391,0.002447,0.002372,0.002433,574507601.0,2026-01-23 15:59:59.999,1383568.96623400,9267,281129235.00,677224.21775400,0
2026-01-23 16:00:00,0.002434,0.002497,0.002411,0.002459,604655404.0,2026-01-23 16:59:59.999,1484190.97158600,7749,307576360.00,755379.78156400,0
2026-01-23 17:00:00,0.002461,0.002542,0.002421,0.002492,853261616.0,2026-01-23 17:59:59.999,2113244.23688700,11895,414544166.00,1025972.25989600,0
2026-01-23 18:00:00,0.002492,0.002531,0.002481,0.002498,399460984.0,2026-01-23 18:59:59.999,1001618.46957400,6502,218898421.00,549256.60056100,0
2026-01-23 19:00:00,0.002499,0.002499,0.002392,0.002405,920060884.0,2026-01-23 19:59:59.999,2239171.29724100,11883,452906360.00,1101141.22955600,0
2026-01-23 20:00:00,0.002406,0.002417,0.002358,0.002379,448698914.0,2026-01-23 20:59:59.999,1068116.20302100,6699,201106707.00,479051.85999800,0
2026-01-23 21:00:00,0.002378,0.002397,0.002374,0.00238,159610910.0,2026-01-23 21:59:59.999,380862.64843500,2689,107350052.00,256244.98704400,0
2026-01-23 22:00:00,0.002379,0.002405,0.002379,0.002392,159167219.0,2026-01-23 22:59:59.999,381171.16911700,2454,77743780.00,186218.22315400,0
2026-01-23 23:00:00,0.002391,0.002401,0.00238,0.002397,94298675.0,2026-01-23 23:59:59.999,225569.55599800,2362,46372400.00,110853.06049900,0
2026-01-24 00:00:00,0.002397,0.002405,0.002379,0.002379,110973309.0,2026-01-24 00:59:59.999,264800.97565000,2341,65443495.00,156150.67759500,0
2026-01-24 01:00:00,0.002378,0.002383,0.002364,0.002378,84061017.0,2026-01-24 01:59:59.999,199567.33936600,1703,39344293.00,93425.31280700,0
2026-01-24 02:00:00,0.002378,0.002416,0.002378,0.002416,93852378.0,2026-01-24 02:59:59.999,225079.87999800,2390,62763182.00,150616.79343700,0
2026-01-24 03:00:00,0.002415,0.002448,0.002408,0.002437,253965287.0,2026-01-24 03:59:59.999,617630.71466800,3752,102701558.00,249633.10839700,0
2026-01-24 04:00:00,0.002438,0.002483,0.002424,0.002481,366568002.0,2026-01-24 04:59:59.999,898518.26890300,4823,219373251.00,537925.52164100,0
2026-01-24 05:00:00,0.002481,0.002499,0.002459,0.002497,299014716.0,2026-01-24 05:59:59.999,741015.61390900,5078,158839152.00,393749.35226300,0
2026-01-24 06:00:00,0.002496,0.002524,0.002494,0.002501,317289368.0,2026-01-24 06:59:59.999,795324.59424100,5891,165449479.00,414779.06825900,0
2026-01-24 07:00:00,0.002501,0.002501,0.002481,0.002484,151055251.0,2026-01-24 07:59:59.999,375931.50597900,4315,62604887.00,155820.28881300,0
2026-01-24 08:00:00,0.002483,0.002522,0.002474,0.002513,169324998.0,2026-01-24 08:59:59.999,422384.54568900,3782,78439754.00,195795.28859600,0
2026-01-24 09:00:00,0.002512,0.002512,0.002483,0.00249,76912268.0,2026-01-24 09:59:59.999,191790.33240200,1506,31328117.00,78163.25303700,0
2026-01-24 10:00:00,0.00249,0.0025,0.00248,0.002494,65118478.0,2026-01-24 10:59:59.999,162236.49739600,1334,29022253.00,72315.80176100,0
2026-01-24 11:00:00,0.002492,0.002556,0.002492,0.002541,584621721.0,2026-01-24 11:59:59.999,1476998.37891500,7949,351499901.00,887182.35434900,0
2026-01-24 12:00:00,0.00254,0.002569,0.002533,0.002556,512093352.0,2026-01-24 12:59:59.999,1307822.46617100,5794,275284103.00,703231.94560000,0
2026-01-24 13:00:00,0.002557,0.002561,0.002527,0.002531,292463118.0,2026-01-24 13:59:59.999,743299.01251100,3869,150687227.00,383001.61328000,0
2026-01-24 14:00:00,0.002531,0.002551,0.002507,0.002538,225227347.0,2026-01-24 14:59:59.999,568527.24805700,4378,106414126.00,268750.88097600,0
2026-01-24 15:00:00,0.002539,0.002547,0.0025,0.002517,237177235.0,2026-01-24 15:59:59.999,597624.69491800,4390,107755836.00,271561.38658800,0
2026-01-24 16:00:00,0.002517,0.002545,0.002501,0.002524,194777781.0,2026-01-24 16:59:59.999,490375.14703000,3904,105758509.00,266343.75408100,0
2026-01-24 17:00:00,0.002525,0.002622,0.002524,0.002612,455104641.0,2026-01-24 17:59:59.999,1173322.17075700,7779,221272079.00,571783.10722600,0
2026-01-24 18:00:00,0.002612,0.002653,0.002587,0.002632,509719577.0,2026-01-24 18:59:59.999,1336331.36970700,8611,271632390.00,712496.03057600,0
2026-01-24 19:00:00,0.002633,0.002719,0.002632,0.002702,902072970.0,2026-01-24 19:59:59.999,2418141.10411100,17108,444419021.00,1190793.12355400,0
2026-01-24 20:00:00,0.002701,0.002745,0.002686,0.002741,2075887912.0,2026-01-24 20:59:59.999,5640786.96673000,23960,1253471710.00,3405878.60036700,0
2026-01-24 21:00:00,0.002741,0.00275,0.002693,0.00271,393042735.0,2026-01-24 21:59:59.999,1067492.62994300,8522,198716494.00,539744.39645400,0
2026-01-24 22:00:00,0.00271,0.002807,0.002696,0.002782,533832966.0,2026-01-24 22:59:59.999,1468407.11153000,8604,269668970.00,743548.25635500,0
2026-01-24 23:00:00,0.002783,0.002802,0.002726,0.002736,711545591.0,2026-01-24 23:59:59.999,1962388.70715600,11178,294524326.00,813307.25306900,0
2026-01-25 00:00:00,0.002735,0.002764,0.002711,0.002753,395433595.0,2026-01-25 00:59:59.999,1082008.47001000,8326,194877039.00,533263.65102800,0
2026-01-25 01:00:00,0.002752,0.002782,0.002708,0.002724,528981668.0,2026-01-25 01:59:59.999,1451001.08592000,10303,263190257.00,722435.35243900,0
2026-01-25 02:00:00,0.002724,0.002732,0.002686,0.002699,262471951.0,2026-01-25 02:59:59.999,710413.68239200,4198,131290767.00,355443.91584400,0
2026-01-25 03:00:00,0.002698,0.002706,0.002656,0.002659,284006829.0,2026-01-25 03:59:59.999,759920.57347300,3959,118302750.00,317116.77067600,0
2026-01-25 04:00:00,0.002659,0.002672,0.002641,0.00265,320294696.0,2026-01-25 04:59:59.999,850545.89737200,4367,122604832.00,325505.46437700,0
2026-01-25 05:00:00,0.002651,0.00269,0.002619,0.002678,764653901.0,2026-01-25 05:59:59.999,2032771.80953700,9332,353521283.00,941222.47183500,0
2026-01-25 06:00:00,0.002678,0.002684,0.00264,0.002647,349741911.0,2026-01-25 06:59:59.999,930248.56966400,4885,161604522.00,429724.80783800,0
2026-01-25 07:00:00,0.002646,0.002646,0.002599,0.002621,604673850.0,2026-01-25 07:59:59.999,1579515.94042700,6174,264123174.00,689706.10411000,0
2026-01-25 08:00:00,0.00262,0.002671,0.002616,0.002632,465611914.0,2026-01-25 08:59:59.999,1230539.07904800,7526,234475303.00,620237.01414600,0
2026-01-25 09:00:00,0.002632,0.002641,0.002615,0.002617,287073996.0,2026-01-25 09:59:59.999,754204.85825900,6076,118658870.00,311814.71425800,0
2026-01-25 10:00:00,0.002616,0.002634,0.002605,0.002606,154620805.0,2026-01-25 10:59:59.999,404806.14193700,2640,61598583.00,161298.40025500,0
2026-01-25 11:00:00,0.002606,0.002613,0.002574,0.002585,300698415.0,2026-01-25 11:59:59.999,779547.37101000,4118,145028804.00,376240.09096700,0
2026-01-25 12:00:00,0.002584,0.002611,0.00257,0.002607,290307423.0,2026-01-25 12:59:59.999,751414.70963200,6208,158238366.00,410100.47843500,0
2026-01-25 13:00:00,0.002608,0.002619,0.002573,0.002585,213038553.0,2026-01-25 13:59:59.999,552275.90191000,4813,98954601.00,256782.26739000,0
2026-01-25 14:00:00,0.002584,0.002587,0.00253,0.002565,661975053.0,2026-01-25 14:59:59.999,1690412.46361100,9309,316238462.00,807123.33342800,0
2026-01-25 15:00:00,0.002564,0.002574,0.002554,0.002561,97759643.0,2026-01-25 15:59:59.999,250607.98395100,2531,38881232.00,99688.45492800,0
2026-01-25 16:00:00,0.00256,0.002563,0.002454,0.002455,906097363.0,2026-01-25 16:59:59.999,2270494.04831400,16579,341701576.00,856780.87840700,0
2026-01-25 17:00:00,0.002455,0.002458,0.00239,0.002419,828095376.0,2026-01-25 17:59:59.999,2002715.58750900,12367,407603639.00,985594.14604400,0
2026-01-25 18:00:00,0.002418,0.002419,0.002369,0.002395,1032248791.0,2026-01-25 18:59:59.999,2467137.47649800,13164,621802057.00,1486195.85314600,0
2026-01-25 19:00:00,0.002395,0.002404,0.002323,0.002364,1134753714.0,2026-01-25 19:59:59.999,2678918.35927500,16260,538430605.00,1272193.19157000,0
2026-01-25 20:00:00,0.002364,0.002389,0.002356,0.002381,428432575.0,2026-01-25 20:59:59.999,1015437.20987800,8113,255384780.00,605228.99627100,0
2026-01-25 21:00:00,0.00238,0.002409,0.002371,0.0024,1093992551.0,2026-01-25 21:59:59.999,2615479.24065400,15424,506530049.00,1210650.59107400,0
2026-01-25 22:00:00,0.002401,0.002422,0.002383,0.002421,1256607564.0,2026-01-25 22:59:59.999,3018632.27527800,11658,488308535.00,1173162.97041700,0
2026-01-25 23:00:00,0.002421,0.002493,0.0024,0.002467,891368599.0,2026-01-25 23:59:59.999,2184100.51747200,12573,403784064.00,991236.54729800,0
2026-01-26 00:00:00,0.002467,0.002516,0.002452,0.002513,492150885.0,2026-01-26 00:59:59.999,1225062.02570300,7401,240759192.00,599486.05754300,0
2026-01-26 01:00:00,0.002513,0.002548,0.002488,0.002518,655632783.0,2026-01-26 01:59:59.999,1653497.68190900,12292,322959399.00,814325.74903300,0
2026-01-26 02:00:00,0.002519,0.002522,0.002484,0.002497,258065676.0,2026-01-26 02:59:59.999,644692.85249600,4902,115018628.00,287307.61162900,0
2026-01-26 03:00:00,0.002497,0.002514,0.002489,0.00251,182728542.0,2026-01-26 03:59:59.999,456935.50332300,4000,107068528.00,267736.12385200,0
2026-01-26 04:00:00,0.002511,0.002559,0.002503,0.002522,373394864.0,2026-01-26 04:59:59.999,945126.42485400,6209,189326749.00,479304.26226300,0
2026-01-26 05:00:00,0.002522,0.002532,0.002506,0.002515,253887864.0,2026-01-26 05:59:59.999,639250.18921600,4263,147818779.00,372247.55469500,0
2026-01-26 06:00:00,0.002515,0.002523,0.002503,0.002505,239744078.0,2026-01-26 06:59:59.999,602124.33660500,3574,147337872.00,369982.86594000,0
2026-01-26 07:00:00,0.002504,0.002513,0.002487,0.002505,356879606.0,2026-01-26 07:59:59.999,892107.39311100,6109,186997219.00,467544.78286000,0
2026-01-26 08:00:00,0.002504,0.002542,0.002486,0.00252,297454042.0,2026-01-26 08:59:59.999,748903.98818300,7276,140134054.00,352842.76386900,0
2026-01-26 09:00:00,0.00252,0.002529,0.002497,0.002507,139070476.0,2026-01-26 09:59:59.999,349061.09380900,3722,67309411.00,168899.80597100,0
2026-01-26 10:00:00,0.002506,0.002528,0.002506,0.002517,153159297.0,2026-01-26 10:59:59.999,385672.58744100,2939,85966023.00,216420.99825300,0
2026-01-26 11:00:00,0.002518,0.002536,0.002516,0.002519,140872677.0,2026-01-26 11:59:59.999,355522.81150600,3560,55807946.00,140837.18973000,0
2026-01-26 12:00:00,0.00252,0.002535,0.002503,0.00251,125011481.0,2026-01-26 12:59:59.999,314739.33951000,3188,52512506.00,132178.16409500,0
2026-01-26 13:00:00,0.002511,0.002545,0.002505,0.00254,355652320.0,2026-01-26 13:59:59.999,898692.36046500,5745,162398511.00,410413.42742600,0
2026-01-26 14:00:00,0.00254,0.0026,0.002517,0.002583,595006894.0,2026-01-26 14:59:59.999,1522866.95512300,13111,323251853.00,827437.14180200,0
2026-01-26 15:00:00,0.002582,0.002649,0.002572,0.0026,555229444.0,2026-01-26 15:59:59.999,1448547.67457000,10050,253158127.00,660537.49489700,0
2026-01-26 16:00:00,0.0026,0.002637,0.002576,0.002634,439157899.0,2026-01-26 16:59:59.999,1144798.24086500,9302,216280382.00,563976.30797200,0
2026-01-26 17:00:00,0.002634,0.002642,0.002587,0.002623,425602908.0,2026-01-26 17:59:59.999,1112257.85444300,7697,203289981.00,531943.72876000,0
2026-01-26 18:00:00,0.002623,0.002704,0.00261,0.0027,607364481.0,2026-01-26 18:59:59.999,1616352.95598400,12053,274053441.00,729820.44964000,0
2026-01-26 19:00:00,0.0027,0.002726,0.002673,0.002676,417741893.0,2026-01-26 19:59:59.999,1126924.15625400,7470,163423599.00,440799.74408500,0
2026-01-26 20:00:00,0.002676,0.002728,0.002674,0.002699,287427669.0,2026-01-26 20:59:59.999,775106.33468600,6881,140737985.00,379710.97218300,0
2026-01-26 21:00:00,0.0027,0.002751,0.002689,0.002727,484127431.0,2026-01-26 21:59:59.999,1315983.88044900,9410,232727720.00,632575.88866500,0
2026-01-26 22:00:00,0.002727,0.002786,0.002711,0.002739,459977603.0,2026-01-26 22:59:59.999,1264157.08982700,8335,234356574.00,644650.44011500,0
2026-01-26 23:00:00,0.002738,0.00274,0.002704,0.00271,301745532.0,2026-01-26 23:59:59.999,820588.43754600,6006,143855132.00,391311.39651700,0
2026-01-27 00:00:00,0.002709,0.002725,0.002669,0.002718,397377180.0,2026-01-27 00:59:59.999,1069763.91366400,6203,209956754.00,565323.02291600,0
2026-01-27 01:00:00,0.002717,0.002772,0.002694,0.002747,473553632.0,2026-01-27 01:59:59.999,1290927.46219100,7071,235554215.00,642968.24512300,0
2026-01-27 02:00:00,0.002747,0.002799,0.002747,0.002794,603908214.0,2026-01-27 02:59:59.999,1677504.17063500,10482,351980635.00,978051.80066800,0
2026-01-27 03:00:00,0.002794,0.002921,0.002792,0.002894,1238152886.0,2026-01-27 03:59:59.999,3556888.68477500,20365,700004847.00,2011133.44291800,0
2026-01-27 04:00:00,0.002893,0.003,0.002878,0.002952,962226483.0,2026-01-27 04:59:59.999,2829820.06180300,18948,490153978.00,1441715.22095300,0
2026-01-27 05:00:00,0.002952,0.00299,0.00294,0.002964,874720086.0,2026-01-27 05:59:59.999,2591339.91071600,15226,455103034.00,1348359.79099900,0
2026-01-27 06:00:00,0.002964,0.003005,0.002949,0.002955,792711827.0,2026-01-27 06:59:59.999,2361478.41020000,17253,390271042.00,1163275.86307300,0
2026-01-27 07:00:00,0.002956,0.003135,0.002952,0.003063,2406919424.0,2026-01-27 07:59:59.999,7304838.87659800,44507,1159231340.00,3522586.29104300,0
2026-01-27 08:00:00,0.003063,0.003167,0.003041,0.003096,1331014259.0,2026-01-27 08:59:59.999,4118966.47634200,29804,669229150.00,2071750.74375600,0
2026-01-27 09:00:00,0.003095,0.003104,0.00302,0.003068,1263629325.0,2026-01-27 09:59:59.999,3870238.56165700,22739,703229438.00,2153290.11179300,0
2026-01-27 10:00:00,0.003067,0.00318,0.003067,0.003139,988147974.0,2026-01-27 10:59:59.999,3083746.91692000,18228,553958505.00,1729453.16622700,0
2026-01-27 11:00:00,0.003139,0.003184,0.00309,0.003142,1418249962.0,2026-01-27 11:59:59.999,4441625.27521800,23753,759030163.00,2375527.36461600,0
2026-01-27 12:00:00,0.003141,0.003193,0.003075,0.00315,1539646571.0,2026-01-27 12:59:59.999,4826770.87114000,27336,790370798.00,2480366.62397800,0
2026-01-27 13:00:00,0.003151,0.003169,0.003048,0.003064,1302550296.0,2026-01-27 13:59:59.999,4050033.23594900,21130,561169119.00,1745581.07651100,0
2026-01-27 14:00:00,0.003064,0.003109,0.003018,0.003039,874840040.0,2026-01-27 14:59:59.999,2675659.99655500,14764,413116888.00,1264860.72753700,0
2026-01-27 15:00:00,0.003039,0.003145,0.003028,0.003127,1134145512.0,2026-01-27 15:59:59.999,3504876.20787400,19431,623385042.00,1926334.57270000,0
2026-01-27 16:00:00,0.003127,0.003244,0.00309,0.00317,2144456392.0,2026-01-27 16:59:59.999,6769620.37433300,46912,1143050904.00,3612426.59126200,0
2026-01-27 17:00:00,0.003171,0.003174,0.003055,0.003076,1172581236.0,2026-01-27 17:59:59.999,3643360.08125600,28986,598261926.00,1859264.04220100,0
2026-01-27 18:00:00,0.003076,0.003118,0.003065,0.003088,573601585.0,2026-01-27 18:59:59.999,1770413.26432600,13346,307447436.00,948982.76948000,0
2026-01-27 19:00:00,0.003089,0.003109,0.003041,0.003082,514353883.0,2026-01-27 19:59:59.999,1582851.07609800,9873,243345905.00,749025.56524200,0
2026-01-27 20:00:00,0.003082,0.003163,0.003075,0.003151,521317635.0,2026-01-27 20:59:59.999,1636082.90531100,12155,264263415.00,828942.61004100,0
2026-01-27 21:00:00,0.00315,0.003179,0.003142,0.003157,322552920.0,2026-01-27 21:59:59.999,1019912.93749000,7551,167526154.00,529877.26443300,0
2026-01-27 22:00:00,0.003156,0.003242,0.003154,0.003219,580091609.0,2026-01-27 22:59:59.999,1856742.91148600,11364,333058464.00,1066134.24125100,0
2026-01-27 23:00:00,0.003219,0.003235,0.003154,0.003174,578855186.0,2026-01-27 23:59:59.999,1848705.62267500,13187,291817151.00,932787.81013500,0
2026-01-28 00:00:00,0.003174,0.003271,0.003166,0.003264,847155867.0,2026-01-28 00:59:59.999,2726267.85175100,20503,500986420.00,1611960.85066100,0
2026-01-28 01:00:00,0.003263,0.003329,0.003169,0.0032,934901563.0,2026-01-28 01:59:59.999,3033044.21100300,19593,493987961.00,1605891.67815900,0
2026-01-28 02:00:00,0.003201,0.003235,0.003168,0.003185,644557471.0,2026-01-28 02:59:59.999,2062015.22240100,12610,324227549.00,1037120.51565500,0
2026-01-28 03:00:00,0.003184,0.003219,0.003169,0.003204,297159684.0,2026-01-28 03:59:59.999,948134.05134500,7354,125472318.00,400511.66936500,0
2026-01-28 04:00:00,0.003203,0.003231,0.003175,0.003181,234487958.0,2026-01-28 04:59:59.999,748954.32292100,7166,109715120.00,350558.51361300,0
2026-01-28 05:00:00,0.003182,0.003207,0.003134,0.003141,436410651.0,2026-01-28 05:59:59.999,1382472.78060500,9324,192717675.00,610795.09078100,0
2026-01-28 06:00:00,0.003142,0.003187,0.003129,0.003179,446814185.0,2026-01-28 06:59:59.999,1410573.24130500,9838,245655454.00,775892.18505400,0
2026-01-28 07:00:00,0.00318,0.003184,0.003149,0.003176,296597867.0,2026-01-28 07:59:59.999,938502.02677500,5763,132832676.00,420220.83298800,0
2026-01-28 08:00:00,0.003175,0.003297,0.003173,0.003278,490733986.0,2026-01-28 08:59:59.999,1593007.16896300,11276,257128776.00,834537.37894300,0
2026-01-28 09:00:00,0.003278,0.003356,0.00323,0.003351,689363141.0,2026-01-28 09:59:59.999,2271446.40698400,16005,361601300.00,1192101.68371300,0
2026-01-28 10:00:00,0.003351,0.003361,0.003267,0.003282,332630921.0,2026-01-28 10:59:59.999,1103036.51295100,9685,159829397.00,530523.89438300,0
2026-01-28 11:00:00,0.003281,0.003347,0.003252,0.003253,514857650.0,2026-01-28 11:59:59.999,1700691.45476000,11142,245502523.00,811698.81402000,0
2026-01-28 12:00:00,0.003253,0.003256,0.003178,0.003215,556486931.0,2026-01-28 12:59:59.999,1788199.89401100,11044,244016012.00,783561.50499100,0
2026-01-28 13:00:00,0.003214,0.003229,0.003185,0.003187,341445620.0,2026-01-28 13:59:59.999,1095534.75056600,6948,155281404.00,498497.60002600,0
2026-01-28 14:00:00,0.003188,0.003317,0.003185,0.003199,902829376.0,2026-01-28 14:59:59.999,2929466.68092800,19068,406066009.00,1317576.01503200,0
2026-01-28 15:00:00,0.003199,0.003225,0.003132,0.003188,682937934.0,2026-01-28 15:59:59.999,2172790.82527100,11612,386273065.00,1230365.99884100,0
2026-01-28 16:00:00,0.003188,0.003198,0.003144,0.00316,413632737.0,2026-01-28 16:59:59.999,1308189.41255000,7274,169339266.00,535775.55900700,0
2026-01-28 17:00:00,0.003161,0.003166,0.00309,0.00313,510784371.0,2026-01-28 17:59:59.999,1595333.40215300,10085,228852198.00,715214.14050500,0
2026-01-28 18:00:00,0.00313,0.00313,0.003056,0.003116,489575443.0,2026-01-28 18:59:59.999,1514928.68737600,9173,198895123.00,615797.34647900,0
2026-01-28 19:00:00,0.003116,0.003152,0.003091,0.003112,450753365.0,2026-01-28 19:59:59.999,1404217.02633500,10342,208747075.00,650406.87800700,0
2026-01-28 20:00:00,0.003112,0.00315,0.0031,0.003103,345265716.0,2026-01-28 20:59:59.999,1078284.38070400,7637,174869597.00,546548.65390800,0
2026-01-28 21:00:00,0.003104,0.003151,0.003081,0.003133,418335232.0,2026-01-28 21:59:59.999,1302084.15772800,9052,227691722.00,709408.20864000,0
2026-01-28 22:00:00,0.003133,0.003137,0.003086,0.003087,307728038.0,2026-01-28 22:59:59.999,957357.89863100,5463,118159744.00,367471.08957600,0
2026-01-28 23:00:00,0.003087,0.003092,0.00303,0.003064,370053638.0,2026-01-28 23:59:59.999,1133498.70676900,6878,160604875.00,492124.48019400,0
2026-01-29 00:00:00,0.003065,0.003074,0.003022,0.003037,402135055.0,2026-01-29 00:59:59.999,1223469.93373200,7417,195767011.00,595452.93180400,0
2026-01-29 01:00:00,0.003038,0.00306,0.002974,0.002983,611600281.0,2026-01-29 01:59:59.999,1846349.07108500,12049,271707860.00,820850.52508500,0
2026-01-29 02:00:00,0.002983,0.003045,0.002965,0.002996,918396757.0,2026-01-29 02:59:59.999,2754876.56096300,21599,513790547.00,1540231.84717900,0
2026-01-29 03:00:00,0.002996,0.003056,0.002971,0.002991,731780491.0,2026-01-29 03:59:59.999,2203884.90062700,13309,328650704.00,991720.00824800,0
2026-01-29 04:00:00,0.00299,0.002995,0.002929,0.002961,1888583043.0,2026-01-29 04:59:59.999,5586847.55719100,23222,1326128576.00,3923353.88164300,0
2026-01-29 05:00:00,0.002961,0.003004,0.002911,0.002928,1654964541.0,2026-01-29 05:59:59.999,4881390.55714100,30687,837507498.00,2474265.80284000,0
2026-01-29 06:00:00,0.002928,0.003001,0.002924,0.003,473057071.0,2026-01-29 06:59:59.999,1406080.61246500,9734,298115105.00,886033.83542200,0
2026-01-29 07:00:00,0.003,0.003023,0.00299,0.003009,294572255.0,2026-01-29 07:59:59.999,885571.48275500,5704,171674760.00,516302.41968300,0
2026-01-29 08:00:00,0.003009,0.003018,0.002965,0.002985,267601017.0,2026-01-29 08:59:59.999,801002.33785800,6477,102882446.00,308299.93685600,0
2026-01-29 09:00:00,0.002984,0.003007,0.002968,0.00299,177140477.0,2026-01-29 09:59:59.999,529429.94353300,4513,91597592.00,273858.80993500,0
2026-01-29 10:00:00,0.00299,0.003013,0.002987,0.003005,200721446.0,2026-01-29 10:59:59.999,602622.36892600,4309,112347353.00,337313.38429600,0
2026-01-29 11:00:00,0.003005,0.003025,0.002981,0.002998,209204070.0,2026-01-29 11:59:59.999,627929.39152600,5086,88784935.00,266599.09310900,0
2026-01-29 12:00:00,0.002998,0.003012,0.002946,0.00297,221870614.0,2026-01-29 12:59:59.999,659705.89489600,4412,83072944.00,247205.55733700,0
2026-01-29 13:00:00,0.002969,0.003003,0.002968,0.002999,234271635.0,2026-01-29 13:59:59.999,699817.94287300,4056,122094673.00,364774.28757100,0
2026-01-29 14:00:00,0.002999,0.003038,0.002966,0.002979,735567129.0,2026-01-29 14:59:59.999,2207931.45695900,15684,382599915.00,1150171.87393600,0
2026-01-29 15:00:00,0.00298,0.002989,0.002843,0.002913,2533337674.0,2026-01-29 15:59:59.999,7359139.09070400,47558,1270439816.00,3692547.86946400,0
2026-01-29 16:00:00,0.002912,0.002961,0.002868,0.002936,973267318.0,2026-01-29 16:59:59.999,2833669.61426900,18809,529775683.00,1544090.07614600,0
2026-01-29 17:00:00,0.002936,0.003021,0.002909,0.002911,993926222.0,2026-01-29 17:59:59.999,2939992.21051900,20151,517222615.00,1530640.17428800,0
2026-01-29 18:00:00,0.002911,0.002925,0.002805,0.002831,1193332484.0,2026-01-29 18:59:59.999,3406212.39331000,23057,524141544.00,1497142.39806500,0
2026-01-29 19:00:00,0.00283,0.002894,0.00283,0.002866,526003061.0,2026-01-29 19:59:59.999,1507156.04227300,13015,280268320.00,802914.82460900,0
2026-01-29 20:00:00,0.002867,0.002932,0.002858,0.002917,800584061.0,2026-01-29 20:59:59.999,2324708.08618300,13336,369026835.00,1069798.77609600,0
2026-01-29 21:00:00,0.002917,0.002921,0.002855,0.002864,505009901.0,2026-01-29 21:59:59.999,1455973.44057800,8497,271077289.00,782125.91853200,0
2026-01-29 22:00:00,0.002865,0.002882,0.002786,0.002809,506240282.0,2026-01-29 22:59:59.999,1430419.45306200,8518,251205366.00,709907.51362600,0
2026-01-29 23:00:00,0.002809,0.002848,0.002773,0.002826,513668429.0,2026-01-29 23:59:59.999,1446917.81184900,9899,262001030.00,738927.06172400,0
2026-01-30 00:00:00,0.002826,0.002851,0.002802,0.002803,489641723.0,2026-01-30 00:59:59.999,1383465.04260100,9041,265721135.00,750863.51550200,0
2026-01-30 01:00:00,0.002804,0.002819,0.002689,0.002759,1835224855.0,2026-01-30 01:59:59.999,5055568.30057900,31340,803896121.00,2214450.60373500,0
2026-01-30 02:00:00,0.002759,0.002759,0.00266,0.002716,1371548116.0,2026-01-30 02:59:59.999,3705657.53522400,22548,665674841.00,1799018.53424900,0
2026-01-30 03:00:00,0.002717,0.002769,0.002705,0.002725,485930760.0,2026-01-30 03:59:59.999,1331438.53621000,10384,257829810.00,706524.24167600,0
2026-01-30 04:00:00,0.002725,0.002774,0.00272,0.002738,484413491.0,2026-01-30 04:59:59.999,1330194.01493800,10355,248994060.00,684243.25010200,0
2026-01-30 05:00:00,0.002739,0.002763,0.002732,0.002732,223969438.0,2026-01-30 05:59:59.999,615678.83813400,4805,109153612.00,300185.78584200,0
2026-01-30 06:00:00,0.002731,0.002731,0.002661,0.002689,549226537.0,2026-01-30 06:59:59.999,1475766.09839000,9700,256201527.00,688507.06652200,0
2026-01-30 07:00:00,0.002688,0.002724,0.002679,0.002694,403405167.0,2026-01-30 07:59:59.999,1089661.56559000,8630,174176648.00,470088.43879100,0
2026-01-30 08:00:00,0.002693,0.002738,0.002682,0.002704,449214556.0,2026-01-30 08:59:59.999,1219016.86893000,10193,232231577.00,630293.47135500,0
2026-01-30 09:00:00,0.002705,0.002727,0.002699,0.00272,274909248.0,2026-01-30 09:59:59.999,746183.07669500,7364,155793765.00,422934.55853400,0
2026-01-30 10:00:00,0.002719,0.00278,0.002708,0.002767,351682990.0,2026-01-30 10:59:59.999,967840.64287600,8321,176909621.00,486829.56004500,0
2026-01-30 11:00:00,0.002768,0.002873,0.002757,0.002848,507256184.0,2026-01-30 11:59:59.999,1426873.48955200,11749,261960714.00,737159.13341800,0
2026-01-30 12:00:00,0.002848,0.002871,0.002785,0.002796,598282751.0,2026-01-30 12:59:59.999,1693815.76156100,14307,288500893.00,817394.25752700,0
2026-01-30 13:00:00,0.002796,0.002809,0.002756,0.002772,420069094.0,2026-01-30 13:59:59.999,1168641.25558900,10798,221525196.00,616361.44684100,0
2026-01-30 14:00:00,0.002772,0.002826,0.002746,0.00277,655133423.0,2026-01-30 14:59:59.999,1824069.78189800,17693,346845688.00,965967.88284500,0
2026-01-30 15:00:00,0.002771,0.002789,0.002719,0.002758,530581769.0,2026-01-30 15:59:59.999,1463017.61171500,12565,258004356.00,711323.41001800,0
2026-01-30 16:00:00,0.002757,0.002806,0.002732,0.002779,461069654.0,2026-01-30 16:59:59.999,1277738.31761600,11183,226792603.00,628328.58009400,0
2026-01-30 17:00:00,0.00278,0.002782,0.002739,0.002753,351875134.0,2026-01-30 17:59:59.999,971152.28529700,8687,183040076.00,505296.38342500,0
2026-01-30 18:00:00,0.002753,0.002879,0.002658,0.00286,1210369614.0,2026-01-30 18:59:59.999,3341994.83883400,21047,629839365.00,1740515.28257800,0
2026-01-30 19:00:00,0.00286,0.002937,0.002854,0.002904,709792311.0,2026-01-30 19:59:59.999,2055446.37711200,18055,356865597.00,1033468.08757800,0
2026-01-30 20:00:00,0.002904,0.002904,0.002811,0.002815,685070814.0,2026-01-30 20:59:59.999,1951820.45325900,16959,299405230.00,852931.59045100,0
2026-01-30 21:00:00,0.002816,0.002841,0.002799,0.002825,468868250.0,2026-01-30 21:59:59.999,1322100.29849900,9900,232329727.00,655386.72323600,0
2026-01-30 22:00:00,0.002825,0.00284,0.002774,0.002807,255345963.0,2026-01-30 22:59:59.999,716899.05991400,5439,125602212.00,352906.04983200,0
2026-01-30 23:00:00,0.002807,0.002818,0.002773,0.002817,138522173.0,2026-01-30 23:59:59.999,386651.30469900,4121,71216448.00,198877.32175200,0
2026-01-31 00:00:00,0.002818,0.002829,0.002799,0.002808,201340591.0,2026-01-31 00:59:59.999,566577.96748000,5122,102670016.00,288924.47595900,0
2026-01-31 01:00:00,0.002808,0.002852,0.002802,0.002845,200486659.0,2026-01-31 01:59:59.999,566772.21459400,5475,98460911.00,278300.08801700,0
2026-01-31 02:00:00,0.002845,0.002871,0.002796,0.00286,259199437.0,2026-01-31 02:59:59.999,734080.64154200,6236,137879478.00,390574.45748500,0
2026-01-31 03:00:00,0.00286,0.002872,0.002794,0.002803,302500884.0,2026-01-31 03:59:59.999,857563.90856800,6578,128043879.00,363022.95356600,0
2026-01-31 04:00:00,0.002803,0.002828,0.002784,0.00279,248849515.0,2026-01-31 04:59:59.999,699544.71508900,5723,118446986.00,332929.49936800,0
2026-01-31 05:00:00,0.00279,0.002829,0.002776,0.002812,206834339.0,2026-01-31 05:59:59.999,578845.82644500,5752,111626833.00,312426.05257100,0
2026-01-31 06:00:00,0.002813,0.002819,0.002738,0.002756,264305696.0,2026-01-31 06:59:59.999,731731.83233500,6902,131922134.00,365169.48538300,0
2026-01-31 07:00:00,0.002756,0.002772,0.002721,0.002737,425329886.0,2026-01-31 07:59:59.999,1169347.18347400,8087,229511206.00,631227.92745100,0
2026-01-31 08:00:00,0.002738,0.002757,0.00269,0.002727,874717098.0,2026-01-31 08:59:59.999,2381862.17295500,21194,433181292.00,1179259.07610100,0
2026-01-31 09:00:00,0.002727,0.002747,0.002701,0.002728,295389284.0,2026-01-31 09:59:59.999,805577.54062500,6406,151487260.00,413008.00423900,0
2026-01-31 10:00:00,0.002729,0.002742,0.002708,0.002714,330897813.0,2026-01-31 10:59:59.999,900171.39510800,7602,173636431.00,472264.28092800,0
2026-01-31 11:00:00,0.002715,0.002715,0.002638,0.002655,551214261.0,2026-01-31 11:59:59.999,1471623.97184500,12075,254415525.00,679095.42732500,0
2026-01-31 12:00:00,0.002656,0.002666,0.002612,0.002629,584344945.0,2026-01-31 12:59:59.999,1543061.25460700,11711,259480399.00,685501.63041300,0
2026-01-31 13:00:00,0.002629,0.002642,0.002599,0.002623,623705582.0,2026-01-31 13:59:59.999,1634924.29876400,9383,354214672.00,928859.36990800,0
2026-01-31 14:00:00,0.002624,0.002636,0.002542,0.002602,1964990917.0,2026-01-31 14:59:59.999,5087556.93606800,45768,912432880.00,2364451.03642000,0
2026-01-31 15:00:00,0.002602,0.002636,0.002518,0.00252,1097833127.0,2026-01-31 15:59:59.999,2825829.89115600,16118,511296569.00,1317802.73327700,0
2026-01-31 16:00:00,0.002519,0.002583,0.002495,0.002518,1276625338.0,2026-01-31 16:59:59.999,3240312.01917400,22948,652522261.00,1658189.03854800,0
2026-01-31 17:00:00,0.002518,0.002526,0.00237,0.002493,3264977003.0,2026-01-31 17:59:59.999,8019612.96293600,64064,1534461036.00,3775415.80848600,0
2026-01-31 18:00:00,0.002492,0.002548,0.00235,0.002519,2195769248.0,2026-01-31 18:59:59.999,5386632.68510700,47880,1033677402.00,2538780.30972100,0
2026-01-31 19:00:00,0.00252,0.002582,0.002508,0.002534,894537721.0,2026-01-31 19:59:59.999,2273860.24505600,20248,496487823.00,1261835.76433600,0
2026-01-31 20:00:00,0.002534,0.002587,0.002489,0.002581,569126221.0,2026-01-31 20:59:59.999,1440315.14568700,12459,319555345.00,809866.01826600,0
2026-01-31 21:00:00,0.002581,0.002638,0.002581,0.002623,668845324.0,2026-01-31 21:59:59.999,1745639.12669200,14590,377943001.00,986840.14473700,0
2026-01-31 22:00:00,0.002624,0.002635,0.002594,0.002602,335358174.0,2026-01-31 22:59:59.999,874734.86121700,6289,155075554.00,404599.92491400,0
2026-01-31 23:00:00,0.002602,0.002713,0.002588,0.002691,906529851.0,2026-01-31 23:59:59.999,2405723.37033700,20263,501000007.00,1331564.03520600,0
2026-02-01 00:00:00,0.002691,0.002727,0.002667,0.002685,606801953.0,2026-02-01 00:59:59.999,1637083.57822500,11004,321051383.00,866369.84969100,0
2026-02-01 01:00:00,0.002686,0.002691,0.002631,0.002665,393079547.0,2026-02-01 01:59:59.999,1041592.81659800,7904,160114030.00,424516.49865200,0
2026-02-01 02:00:00,0.002666,0.002714,0.002641,0.002691,383512524.0,2026-02-01 02:59:59.999,1025465.89193300,9032,199313055.00,533461.14656800,0
2026-02-01 03:00:00,0.002692,0.002696,0.002658,0.002673,277608295.0,2026-02-01 03:59:59.999,743500.52332700,6793,133911277.00,358600.64968900,0
2026-02-01 04:00:00,0.002673,0.00273,0.002671,0.002704,334795771.0,2026-02-01 04:59:59.999,904530.00630900,8812,197833950.00,534342.37190100,0
2026-02-01 05:00:00,0.002705,0.002707,0.002644,0.002648,535101011.0,2026-02-01 05:59:59.999,1432838.48394600,11179,252072807.00,675338.44880500,0
2026-02-01 06:00:00,0.002649,0.002668,0.002633,0.002658,245949272.0,2026-02-01 06:59:59.999,652196.13823800,6308,114593044.00,303921.73898600,0
2026-02-01 07:00:00,0.002659,0.002716,0.002641,0.002678,367698704.0,2026-02-01 07:59:59.999,984231.42389700,7782,205174861.00,549061.77996000,0
2026-02-01 08:00:00,0.002678,0.002689,0.002651,0.002654,317408921.0,2026-02-01 08:59:59.999,846877.30730700,6749,111286013.00,296897.58547500,0
2026-02-01 09:00:00,0.002653,0.002684,0.002642,0.002682,301277297.0,2026-02-01 09:59:59.999,802367.02988000,7179,164913445.00,439487.66902300,0
2026-02-01 10:00:00,0.002681,0.002706,0.002611,0.002616,468581463.0,2026-02-01 10:59:59.999,1243668.48459000,9880,206075295.00,548919.60209800,0
2026-02-01 11:00:00,0.002617,0.002646,0.002613,0.002624,234217939.0,2026-02-01 11:59:59.999,615334.93229100,5696,103929615.00,273126.97177300,0
2026-02-01 12:00:00,0.002625,0.002638,0.0026,0.002602,206343152.0,2026-02-01 12:59:59.999,540283.54929300,4767,94742235.00,248013.35399200,0
2026-02-01 13:00:00,0.002602,0.002631,0.002561,0.002577,442680877.0,2026-02-01 13:59:59.999,1145573.61316500,7415,198433387.00,513769.33126500,0
2026-02-01 14:00:00,0.002577,0.002609,0.002538,0.002573,692692120.0,2026-02-01 14:59:59.999,1778888.08368300,13079,342545208.00,880285.19839800,0
2026-02-01 15:00:00,0.002574,0.002574,0.002498,0.002541,693685643.0,2026-02-01 15:59:59.999,1756346.04700800,14902,317258258.00,803739.43123900,0
2026-02-01 16:00:00,0.002541,0.002571,0.002517,0.002531,501725863.0,2026-02-01 16:59:59.999,1276595.93857200,13557,183609185.00,467806.10844700,0
2026-02-01 17:00:00,0.002531,0.002557,0.002518,0.002548,445969926.0,2026-02-01 17:59:59.999,1129911.60846300,9629,246150731.00,623517.55838100,0
2026-02-01 18:00:00,0.002548,0.002646,0.002548,0.0026,602270983.0,2026-02-01 18:59:59.999,1566295.88030200,13801,330599090.00,859367.67865400,0
2026-02-01 19:00:00,0.0026,0.002611,0.002547,0.002559,266585996.0,2026-02-01 19:59:59.999,684529.86484800,6454,128806409.00,330791.51968500,0
2026-02-01 20:00:00,0.002559,0.002574,0.002523,0.002544,337720770.0,2026-02-01 20:59:59.999,859888.30982800,7572,170638082.00,434453.32547900,0
2026-02-01 21:00:00,0.002544,0.002548,0.002476,0.002509,706444036.0,2026-02-01 21:59:59.999,1770639.00291300,11883,302021675.00,756756.75698400,0
2026-02-01 22:00:00,0.00251,0.002567,0.002503,0.002551,342949923.0,2026-02-01 22:59:59.999,871078.78514500,7322,192217723.00,488354.16242800,0
2026-02-01 23:00:00,0.00255,0.002602,0.00247,0.002557,934116291.0,2026-02-01 23:59:59.999,2371544.24581200,20457,460355397.00,1170368.19834100,0
2026-02-02 00:00:00,0.002557,0.002648,0.002533,0.00261,689770081.0,2026-02-02 00:59:59.999,1798614.26863800,11901,349352659.00,910862.29767600,0
2026-02-02 01:00:00,0.002611,0.002631,0.002554,0.002588,715043279.0,2026-02-02 01:59:59.999,1850659.60445200,13398,371376751.00,962188.94917900,0
2026-02-02 02:00:00,0.002588,0.002588,0.002515,0.002521,436118162.0,2026-02-02 02:59:59.999,1111460.04250800,8793,196415025.00,499962.63910400,0
2026-02-02 03:00:00,0.002522,0.002536,0.002429,0.002531,1238326455.0,2026-02-02 03:59:59.999,3068805.45958700,24717,606011806.00,1502734.44165600,0
2026-02-02 04:00:00,0.002532,0.002533,0.002466,0.002478,571221587.0,2026-02-02 04:59:59.999,1425179.02566800,12117,254345464.00,635409.85226100,0
2026-02-02 05:00:00,0.002478,0.002483,0.002382,0.00242,2025328338.0,2026-02-02 05:59:59.999,4897126.92681300,30156,1018016644.00,2462967.83564900,0
2026-02-02 06:00:00,0.002419,0.002493,0.002374,0.002452,1066548339.0,2026-02-02 06:59:59.999,2589707.51892700,21571,495631469.00,1205647.66510200,0
2026-02-02 07:00:00,0.002452,0.00247,0.002431,0.002452,428406941.0,2026-02-02 07:59:59.999,1049352.32517400,9902,235574903.00,577235.22811300,0
2026-02-02 08:00:00,0.002452,0.002475,0.002445,0.002451,341703425.0,2026-02-02 08:59:59.999,839919.95065200,6898,186589621.00,458666.99481500,0
2026-02-02 09:00:00,0.002451,0.002474,0.002423,0.002462,647180687.0,2026-02-02 09:59:59.999,1582238.08296800,9905,340961919.00,833838.67116300,0
2026-02-02 10:00:00,0.002461,0.002487,0.002459,0.00248,307344060.0,2026-02-02 10:59:59.999,760121.99965200,5988,145182489.00,359145.58188200,0
2026-02-02 11:00:00,0.00248,0.002499,0.002469,0.002472,214850248.0,2026-02-02 11:59:59.999,533852.16210500,4861,113217889.00,281423.31494300,0
2026-02-02 12:00:00,0.002473,0.002502,0.002467,0.002496,232653878.0,2026-02-02 12:59:59.999,576601.47228400,4553,135314478.00,335388.21518100,0
2026-02-02 13:00:00,0.002495,0.002526,0.002479,0.002491,376186947.0,2026-02-02 13:59:59.999,939662.47008400,6165,183242619.00,457941.00377200,0
2026-02-02 14:00:00,0.00249,0.002536,0.002443,0.002451,1060341718.0,2026-02-02 14:59:59.999,2638168.55011300,18738,534341893.00,1330812.07680300,0
2026-02-02 15:00:00,0.002452,0.002522,0.002419,0.002483,1243989567.0,2026-02-02 15:59:59.999,3073162.09979000,21999,602472158.00,1489847.30693800,0
2026-02-02 16:00:00,0.002482,0.00252,0.002478,0.002501,608126974.0,2026-02-02 16:59:59.999,1519022.32537200,9878,303090636.00,757153.45806300,0
2026-02-02 17:00:00,0.002502,0.002519,0.002453,0.002457,414027275.0,2026-02-02 17:59:59.999,1029071.11612800,7770,192923766.00,479544.11049100,0
2026-02-02 18:00:00,0.002457,0.002457,0.002413,0.00244,480935076.0,2026-02-02 18:59:59.999,1169892.93206500,8709,258629062.00,628885.23539300,0
2026-02-02 19:00:00,0.002441,0.002444,0.002379,0.002393,372193738.0,2026-02-02 19:59:59.999,895005.14702400,6203,168271119.00,404822.93403700,0
2026-02-02 20:00:00,0.002392,0.002412,0.00235,0.00237,491962658.0,2026-02-02 20:59:59.999,1170205.12606500,7951,254921158.00,606856.37300900,0
2026-02-02 21:00:00,0.00237,0.002413,0.002368,0.002411,297244268.0,2026-02-02 21:59:59.999,711951.40264400,4726,135927980.00,325294.47613400,0
2026-02-02 22:00:00,0.002411,0.00245,0.002411,0.002443,321146704.0,2026-02-02 22:59:59.999,780802.56304800,4107,155549358.00,378088.63646500,0
2026-02-02 23:00:00,0.002444,0.002448,0.0024,0.002405,207359263.0,2026-02-02 23:59:59.999,501714.99666400,4475,99722247.00,241322.17263300,0
2026-02-03 00:00:00,0.002406,0.002412,0.002374,0.002387,361941001.0,2026-02-03 00:59:59.999,864650.13264000,6148,168414384.00,402554.21053900,0
2026-02-03 01:00:00,0.002387,0.002424,0.002368,0.002418,486177584.0,2026-02-03 01:59:59.999,1164031.16199900,6602,283972361.00,679912.89176500,0
2026-02-03 02:00:00,0.002419,0.002419,0.002338,0.00235,455008653.0,2026-02-03 02:59:59.999,1077913.71840000,7536,207082269.00,490443.22240500,0
2026-02-03 03:00:00,0.002351,0.002459,0.002342,0.00245,647917523.0,2026-02-03 03:59:59.999,1560926.39790700,10811,350030214.00,843717.05066300,0
2026-02-03 04:00:00,0.002449,0.002502,0.002432,0.002491,563091667.0,2026-02-03 04:59:59.999,1389333.89759100,10294,308005066.00,760284.88564600,0
2026-02-03 05:00:00,0.002492,0.002495,0.00245,0.00246,330356920.0,2026-02-03 05:59:59.999,817558.02408400,7169,181706924.00,449966.47377400,0
2026-02-03 06:00:00,0.00246,0.002516,0.002433,0.002497,511137554.0,2026-02-03 06:59:59.999,1262820.78406800,9561,294537136.00,727880.20683600,0
2026-02-03 07:00:00,0.002496,0.002526,0.002486,0.002521,249740085.0,2026-02-03 07:59:59.999,627201.04817300,6748,102673969.00,257817.94672100,0
2026-02-03 08:00:00,0.00252,0.00255,0.00249,0.002509,599660653.0,2026-02-03 08:59:59.999,1510266.99142700,11176,302469000.00,761910.48247700,0
2026-02-03 09:00:00,0.002509,0.002513,0.002427,0.002454,444635062.0,2026-02-03 09:59:59.999,1093623.00301200,10139,189477000.00,466158.81155200,0
2026-02-03 10:00:00,0.002454,0.002484,0.002445,0.002447,364784284.0,2026-02-03 10:59:59.999,899297.39875800,5363,160634285.00,396078.27251300,0
2026-02-03 11:00:00,0.002448,0.002487,0.002448,0.002466,200681931.0,2026-02-03 11:59:59.999,495977.35348000,3977,102285067.00,252738.99462900,0
2026-02-03 12:00:00,0.002466,0.002473,0.002441,0.00245,310598070.0,2026-02-03 12:59:59.999,762358.88736400,5433,140316583.00,344482.18392300,0
2026-02-03 13:00:00,0.00245,0.002463,0.002419,0.002437,392413668.0,2026-02-03 13:59:59.999,957114.13612300,5502,182172382.00,444643.19242100,0
2026-02-03 14:00:00,0.002437,0.002447,0.00237,0.002372,602516075.0,2026-02-03 14:59:59.999,1450308.73414700,11584,273612079.00,659088.23075200,0
2026-02-03 15:00:00,0.002372,0.002427,0.002354,0.002415,688676053.0,2026-02-03 15:59:59.999,1648893.32624700,15863,368406882.00,882506.68296500,0
2026-02-03 16:00:00,0.002415,0.002416,0.002364,0.002381,607060474.0,2026-02-03 16:59:59.999,1445166.13183800,10857,260140520.00,619253.22689000,0
2026-02-03 17:00:00,0.002381,0.002384,0.002315,0.002316,521462134.0,2026-02-03 17:59:59.999,1229796.06792000,11059,229154444.00,541152.08126200,0
2026-02-03 18:00:00,0.002316,0.00235,0.002282,0.002307,1220061906.0,2026-02-03 18:59:59.999,2822831.31759700,26609,541805830.00,1254724.41230100,0
2026-02-03 19:00:00,0.002308,0.002492,0.002305,0.002462,1697772189.0,2026-02-03 19:59:59.999,4120707.65481400,30692,999571471.00,2425368.74686600,0
2026-02-03 20:00:00,0.002461,0.002582,0.002427,0.00256,1156574310.0,2026-02-03 20:59:59.999,2918515.46133200,27457,684581065.00,1725904.18330500,0
2026-02-03 21:00:00,0.00256,0.002588,0.0025,0.002509,579962334.0,2026-02-03 21:59:59.999,1473057.60846600,12776,241311535.00,614423.42942200,0
2026-02-03 22:00:00,0.002509,0.002511,0.002455,0.002461,918884959.0,2026-02-03 22:59:59.999,2278780.73306900,14479,396693460.00,983929.57220000,0
2026-02-03 23:00:00,0.002461,0.002464,0.002388,0.002409,541549828.0,2026-02-03 23:59:59.999,1311079.71373200,10108,212247366.00,513921.13652900,0
2026-02-04 00:00:00,0.002409,0.00241,0.002362,0.002371,692547882.0,2026-02-04 00:59:59.999,1648671.84294000,9671,262766269.00,625918.33259700,0
2026-02-04 01:00:00,0.002372,0.002448,0.002372,0.002432,744524959.0,2026-02-04 01:59:59.999,1806547.33717300,10940,333919915.00,810445.15982800,0
2026-02-04 02:00:00,0.002432,0.002445,0.002388,0.002401,318712701.0,2026-02-04 02:59:59.999,770160.68356900,5869,163129105.00,394556.02292900,0
2026-02-04 03:00:00,0.002401,0.00245,0.002391,0.00243,451984124.0,2026-02-04 03:59:59.999,1095058.72891100,7262,245027259.00,593731.99653500,0
2026-02-04 04:00:00,0.00243,0.002443,0.002414,0.002417,264936657.0,2026-02-04 04:59:59.999,642570.47570700,4509,96571715.00,234322.78694200,0
2026-02-04 05:00:00,0.002417,0.002446,0.002393,0.002403,229624995.0,2026-02-04 05:59:59.999,555640.54232100,3711,114954579.00,278593.77775300,0
2026-02-04 06:00:00,0.002404,0.002444,0.002398,0.002439,295844522.0,2026-02-04 06:59:59.999,716121.85866200,4914,161569201.00,391353.20707300,0
2026-02-04 07:00:00,0.002439,0.002439,0.002389,0.002403,317524348.0,2026-02-04 07:59:59.999,763507.40779600,5611,176390744.00,424187.99883700,0
2026-02-04 08:00:00,0.002403,0.002409,0.002342,0.002359,704341542.0,2026-02-04 08:59:59.999,1667347.48377200,11563,334655379.00,793005.50163000,0
2026-02-04 09:00:00,0.002359,0.002375,0.002336,0.002358,401725069.0,2026-02-04 09:59:59.999,945822.86522600,6912,211546705.00,498104.00278800,0
2026-02-04 10:00:00,0.002358,0.00237,0.002352,0.002355,103862789.0,2026-02-04 10:59:59.999,245102.74872500,2477,59518613.00,140465.14837800,0
2026-02-04 11:00:00,0.002354,0.002354,0.002319,0.00233,405717325.0,2026-02-04 11:59:59.999,946683.63294700,7429,198928398.00,464402.20105300,0
2026-02-04 12:00:00,0.002331,0.002342,0.002324,0.002336,177385304.0,2026-02-04 12:59:59.999,413628.31610800,3705,110650854.00,258086.01505800,0
2026-02-04 13:00:00,0.002336,0.002336,0.002256,0.002263,617035580.0,2026-02-04 13:59:59.999,1414791.12394100,10584,324926784.00,745543.17547400,0
2026-02-04 14:00:00,0.002263,0.002321,0.002262,0.00227,795210697.0,2026-02-04 14:59:59.999,1817088.29412300,13257,380015545.00,868719.17597800,0
2026-02-04 15:00:00,0.00227,0.002308,0.002246,0.002275,747571680.0,2026-02-04 15:59:59.999,1700542.39426600,15613,328028596.00,746475.76592600,0
2026-02-04 16:00:00,0.002275,0.002309,0.00225,0.002278,893642539.0,2026-02-04 16:59:59.999,2027974.14608900,16561,374838220.00,851087.10812900,0
2026-02-04 17:00:00,0.002278,0.002297,0.002249,0.002292,488211048.0,2026-02-04 17:59:59.999,1110585.58693000,9475,246462007.00,560704.68660000,0
2026-02-04 18:00:00,0.002292,0.002338,0.002262,0.002309,957222923.0,2026-02-04 18:59:59.999,2205368.46525100,14985,529729599.00,1221123.98021500,0
2026-02-04 19:00:00,0.00231,0.002358,0.002305,0.002353,311132291.0,2026-02-04 19:59:59.999,724856.95378400,7518,177794438.00,414668.26525300,0
2026-02-04 20:00:00,0.002353,0.002385,0.00234,0.002343,510353916.0,2026-02-04 20:59:59.999,1203249.13555400,11934,247777987.00,584230.56437700,0
2026-02-04 21:00:00,0.002344,0.002354,0.002278,0.002295,405910638.0,2026-02-04 21:59:59.999,938338.34020500,9527,154884328.00,358179.12339100,0
2026-02-04 22:00:00,0.002294,0.002311,0.002229,0.002233,1387858236.0,2026-02-04 22:59:59.999,3149425.48508300,23583,452359486.00,1025809.87387300,0
2026-02-04 23:00:00,0.002233,0.002291,0.002227,0.002268,639208390.0,2026-02-04 23:59:59.999,1445984.76373700,11068,243901480.00,551974.30669100,0
2026-02-05 00:00:00,0.002268,0.002283,0.002248,0.00226,404316912.0,2026-02-05 00:59:59.999,915946.41662800,6226,185595692.00,420583.83409300,0
2026-02-05 01:00:00,0.002261,0.002313,0.00225,0.002277,620795073.0,2026-02-05 01:59:59.999,1415959.21425500,11336,284606140.00,649296.43207600,0
2026-02-05 02:00:00,0.002278,0.002311,0.00226,0.002269,410068298.0,2026-02-05 02:59:59.999,936390.79757900,8482,202402082.00,462601.15925400,0
2026-02-05 03:00:00,0.002269,0.002281,0.002239,0.002248,664825077.0,2026-02-05 03:59:59.999,1500474.56336700,8388,226944118.00,512401.07973200,0
2026-02-05 04:00:00,0.002248,0.002277,0.002204,0.002211,1318950145.0,2026-02-05 04:59:59.999,2943468.15410100,15586,555461796.00,1240641.17379000,0
2026-02-05 05:00:00,0.002211,0.002234,0.002172,0.002195,996611558.0,2026-02-05 05:59:59.999,2189030.43368100,14392,401539493.00,881721.86807900,0
2026-02-05 06:00:00,0.002195,0.002203,0.002175,0.002195,382773376.0,2026-02-05 06:59:59.999,837384.90614000,7240,171805224.00,376033.11184000,0
2026-02-05 07:00:00,0.002194,0.00223,0.002193,0.002197,364467159.0,2026-02-05 07:59:59.999,805860.89716600,6852,184280304.00,407606.23641800,0
2026-02-05 08:00:00,0.002198,0.002296,0.002198,0.002264,1183701130.0,2026-02-05 08:59:59.999,2677486.42636300,14768,658857548.00,1489838.58843600,0
2026-02-05 09:00:00,0.002264,0.002296,0.002264,0.002287,941776116.0,2026-02-05 09:59:59.999,2152716.39424200,10431,567697742.00,1297941.04882100,0
2026-02-05 10:00:00,0.002287,0.002319,0.002263,0.002274,626911978.0,2026-02-05 10:59:59.999,1435648.63174500,9994,302763812.00,693646.96480900,0
2026-02-05 11:00:00,0.002273,0.002295,0.002235,0.00227,635088420.0,2026-02-05 11:59:59.999,1436021.36184900,12701,343927104.00,778133.43751300,0
2026-02-05 12:00:00,0.002269,0.00229,0.002244,0.002253,622869217.0,2026-02-05 12:59:59.999,1411668.46603500,12640,360150518.00,816385.05447700,0
2026-02-05 13:00:00,0.002252,0.002262,0.002207,0.002225,395351280.0,2026-02-05 13:59:59.999,882447.60165200,7861,213731423.00,477216.99236200,0
2026-02-05 14:00:00,0.002225,0.002276,0.002212,0.002218,779127871.0,2026-02-05 14:59:59.999,1749129.06623500,14739,428996504.00,962562.75650300,0
2026-02-05 15:00:00,0.002219,0.002228,0.002084,0.002148,2618193171.0,2026-02-05 15:59:59.999,5612307.45015000,43293,1278647633.00,2739039.73711200,0
2026-02-05 16:00:00,0.002149,0.002171,0.002112,0.002137,893706373.0,2026-02-05 16:59:59.999,1914744.73287700,18358,442729575.00,948904.29426400,0
2026-02-05 17:00:00,0.002137,0.002149,0.002076,0.00209,986959555.0,2026-02-05 17:59:59.999,2082445.12032000,18399,421280693.00,888891.24061000,0
2026-02-05 18:00:00,0.002091,0.002109,0.002061,0.0021,1565934997.0,2026-02-05 18:59:59.999,3266938.30063700,20277,650031679.00,1357933.26709800,0
2026-02-05 19:00:00,0.0021,0.002113,0.002063,0.002067,516670603.0,2026-02-05 19:59:59.999,1079724.10484900,11419,258649368.00,540902.55241300,0
2026-02-05 20:00:00,0.002069,0.002085,0.00195,0.001985,2288624996.0,2026-02-05 20:59:59.999,4615747.67204000,34838,1004764690.00,2024664.16551900,0
2026-02-05 21:00:00,0.001985,0.002053,0.00196,0.001974,1581275798.0,2026-02-05 21:59:59.999,3171072.22623600,27633,722151149.00,1448225.21555900,0
2026-02-05 22:00:00,0.001974,0.002015,0.001938,0.001986,977394166.0,2026-02-05 22:59:59.999,1933467.16665200,12672,412270542.00,815473.34685900,0
2026-02-05 23:00:00,0.001985,0.002023,0.001924,0.001932,774843743.0,2026-02-05 23:59:59.999,1527062.90236500,13252,343053345.00,677233.77044000,0
2026-02-06 00:00:00,0.001931,0.001942,0.00166,0.001864,8042139662.0,2026-02-06 00:59:59.999,14387537.58417500,122928,3719088104.00,6662428.29342300,0
2026-02-06 01:00:00,0.001864,0.001997,0.001855,0.001983,1085468821.0,2026-02-06 01:59:59.999,2101797.17359600,20991,531303375.00,1028304.72724400,0
2026-02-06 02:00:00,0.001984,0.002,0.001899,0.001909,720889711.0,2026-02-06 02:59:59.999,1398062.05779100,10966,378385608.00,733669.55349100,0
2026-02-06 03:00:00,0.00191,0.00193,0.001887,0.001905,393481937.0,2026-02-06 03:59:59.999,749031.47967800,6447,206827498.00,393888.37679400,0
2026-02-06 04:00:00,0.001905,0.001959,0.001886,0.001943,913431619.0,2026-02-06 04:59:59.999,1758094.42501100,12222,520502136.00,1002400.28055800,0
2026-02-06 05:00:00,0.001942,0.002042,0.001937,0.002025,995840232.0,2026-02-06 05:59:59.999,1985910.96218300,15671,613406318.00,1223660.75759000,0
2026-02-06 06:00:00,0.002026,0.002044,0.001981,0.001989,2144611490.0,2026-02-06 06:59:59.999,4304273.33110100,28858,1249908870.00,2508522.36895900,0
2026-02-06 07:00:00,0.001989,0.002046,0.001976,0.002016,728451426.0,2026-02-06 07:59:59.999,1463726.19137700,10006,390718709.00,785978.59617200,0
2026-02-06 08:00:00,0.002016,0.002021,0.001989,0.001998,549993159.0,2026-02-06 08:59:59.999,1102083.70210400,8965,259615827.00,520413.34675700,0
2026-02-06 09:00:00,0.001997,0.002066,0.001987,0.002055,640832433.0,2026-02-06 09:59:59.999,1297900.43932900,9112,359877567.00,728808.60023100,0
2026-02-06 10:00:00,0.002056,0.002073,0.002039,0.002051,620561024.0,2026-02-06 10:59:59.999,1273426.27008700,8954,398483859.00,817825.60126000,0
2026-02-06 11:00:00,0.002051,0.002096,0.002044,0.002064,615644118.0,2026-02-06 11:59:59.999,1275263.39364300,10488,395805698.00,819921.24662400,0
2026-02-06 12:00:00,0.002063,0.002068,0.002048,0.002064,508673276.0,2026-02-06 12:59:59.999,1047532.46599100,7366,336274549.00,692662.85071100,0
2026-02-06 13:00:00,0.002064,0.002116,0.002049,0.002053,1234282273.0,2026-02-06 13:59:59.999,2569220.81907000,14660,699605618.00,1455534.41665900,0
2026-02-06 14:00:00,0.002052,0.002105,0.002018,0.00208,1613845152.0,2026-02-06 14:59:59.999,3324548.48946500,21296,946768721.00,1950986.94695000,0
2026-02-06 15:00:00,0.00208,0.002097,0.002042,0.002066,1820380072.0,2026-02-06 15:59:59.999,3766748.64834600,23564,1143117832.00,2365644.40358700,0
2026-02-06 16:00:00,0.002066,0.002159,0.002056,0.00213,1745392111.0,2026-02-06 16:59:59.999,3688232.39108000,22048,1153780488.00,2436352.96010000,0
2026-02-06 17:00:00,0.00213,0.002201,0.00212,0.002131,2589577474.0,2026-02-06 17:59:59.999,5617177.11536500,26250,1735911494.00,3767366.69093200,0
2026-02-06 18:00:00,0.00213,0.002134,0.002079,0.002097,882324871.0,2026-02-06 18:59:59.999,1856463.50052900,12504,431502257.00,908733.02049200,0
2026-02-06 19:00:00,0.002098,0.002162,0.002081,0.002147,1095563524.0,2026-02-06 19:59:59.999,2327311.08360300,13179,717841901.00,1526526.48614100,0
2026-02-06 20:00:00,0.002147,0.002147,0.002099,0.002113,717734014.0,2026-02-06 20:59:59.999,1520859.61034600,12339,378907939.00,803242.03837800,0
2026-02-06 21:00:00,0.002113,0.002127,0.002099,0.002121,190788904.0,2026-02-06 21:59:59.999,403190.58832900,4453,103663323.00,219089.07517800,0
2026-02-06 22:00:00,0.002121,0.002161,0.002118,0.002149,430308880.0,2026-02-06 22:59:59.999,921793.87600300,7039,210380310.00,450743.04148800,0
2026-02-06 23:00:00,0.002149,0.002171,0.002109,0.002114,345246007.0,2026-02-06 23:59:59.999,735902.81235700,7289,174345224.00,371756.08088500,0
2026-02-07 00:00:00,0.002115,0.002115,0.002081,0.002097,291011615.0,2026-02-07 00:59:59.999,609829.72817500,5671,139333461.00,292072.46333500,0
2026-02-07 01:00:00,0.002097,0.002116,0.002074,0.002108,200467582.0,2026-02-07 01:59:59.999,419419.98773300,3961,86398320.00,180906.12410700,0
2026-02-07 02:00:00,0.002107,0.002116,0.002078,0.002086,272840883.0,2026-02-07 02:59:59.999,573463.26964500,3984,100976316.00,212211.55738200,0
2026-02-07 03:00:00,0.002086,0.002109,0.00208,0.0021,171644572.0,2026-02-07 03:59:59.999,359841.59979600,3879,104891992.00,219941.07731700,0
2026-02-07 04:00:00,0.002099,0.002125,0.002086,0.002097,253666355.0,2026-02-07 04:59:59.999,534076.96689600,5219,143764618.00,302807.97545400,0
2026-02-07 05:00:00,0.002096,0.002116,0.002069,0.002075,276519143.0,2026-02-07 05:59:59.999,578051.10880400,5009,132168628.00,276094.31152200,0
2026-02-07 06:00:00,0.002075,0.002084,0.002019,0.00202,509429776.0,2026-02-07 06:59:59.999,1045632.25464900,8000,204640820.00,420827.45603500,0
2026-02-07 07:00:00,0.002021,0.002031,0.00198,0.002009,882225282.0,2026-02-07 07:59:59.999,1769176.29206400,17918,420140133.00,842983.05613100,0
2026-02-07 08:00:00,0.002008,0.002022,0.001995,0.002012,398472208.0,2026-02-07 08:59:59.999,800012.28982900,6500,207468573.00,416468.82807700,0
2026-02-07 09:00:00,0.002012,0.00203,0.002007,0.002015,180327246.0,2026-02-07 09:59:59.999,363813.58016600,3953,94760404.00,191324.78266900,0
2026-02-07 10:00:00,0.002015,0.002017,0.001995,0.00201,125007082.0,2026-02-07 10:59:59.999,250879.21348500,2581,61618793.00,123732.75608000,0
2026-02-07 11:00:00,0.002009,0.002013,0.001992,0.002,110373435.0,2026-02-07 11:59:59.999,220701.66980800,2003,43224035.00,86473.62202100,0
2026-02-07 12:00:00,0.001999,0.002072,0.001996,0.002058,520577248.0,2026-02-07 12:59:59.999,1060531.33827400,9679,287204722.00,584162.27776600,0
2026-02-07 13:00:00,0.002058,0.002064,0.002022,0.002039,207789286.0,2026-02-07 13:59:59.999,423878.97765000,3725,102143306.00,208415.26679100,0
2026-02-07 14:00:00,0.002039,0.002049,0.002016,0.002022,193617128.0,2026-02-07 14:59:59.999,393360.86682700,4087,77873975.00,158191.28805000,0
2026-02-07 15:00:00,0.002023,0.002071,0.00202,0.002069,297268018.0,2026-02-07 15:59:59.999,609607.63646800,5741,156342290.00,320850.59605700,0
2026-02-07 16:00:00,0.002069,0.002126,0.002056,0.00206,3479749335.0,2026-02-07 16:59:59.999,7286662.90843000,66063,1711818244.00,3585118.75720200,0
2026-02-07 17:00:00,0.00206,0.002079,0.002047,0.002074,106601135.0,2026-02-07 17:59:59.999,219778.16613600,2709,46765425.00,96461.93638100,0
2026-02-07 18:00:00,0.002074,0.002116,0.00207,0.002107,258895741.0,2026-02-07 18:59:59.999,543551.37114800,5713,133624815.00,280561.23095300,0
2026-02-07 19:00:00,0.002106,0.002107,0.002087,0.002098,96871122.0,2026-02-07 19:59:59.999,203190.52112900,2524,50656339.00,106253.43654900,0
2026-02-07 20:00:00,0.002098,0.00211,0.002089,0.002104,147252570.0,2026-02-07 20:59:59.999,309248.61486400,2903,90062831.00,189147.40872900,0
2026-02-07 21:00:00,0.002105,0.002126,0.002099,0.002101,214813178.0,2026-02-07 21:59:59.999,454029.60751000,4451,117956847.00,249371.39478400,0
2026-02-07 22:00:00,0.002101,0.002116,0.002099,0.002112,77584799.0,2026-02-07 22:59:59.999,163481.82546900,1732,32175025.00,67794.77411600,0
2026-02-07 23:00:00,0.002112,0.002113,0.002085,0.002097,137596286.0,2026-02-07 23:59:59.999,288346.56015100,3050,68269919.00,143169.14701000,0
2026-02-08 00:00:00,0.002097,0.002097,0.002067,0.002075,153184233.0,2026-02-08 00:59:59.999,318622.97881900,2558,63413238.00,131703.63505600,0
2026-02-08 01:00:00,0.002075,0.002138,0.002075,0.002132,154417220.0,2026-02-08 01:59:59.999,326090.34883900,3948,80589726.00,170204.70913200,0
2026-02-08 02:00:00,0.002133,0.002148,0.002109,0.002129,219286858.0,2026-02-08 02:59:59.999,466581.06227100,5179,96849451.00,206027.54971600,0
2026-02-08 03:00:00,0.002129,0.002143,0.002097,0.002101,224895747.0,2026-02-08 03:59:59.999,476711.04269000,4301,97930836.00,207668.91896500,0
2026-02-08 04:00:00,0.0021,0.00212,0.002097,0.002111,86342682.0,2026-02-08 04:59:59.999,181826.18946000,2621,44663429.00,94072.52909000,0
2026-02-08 05:00:00,0.002112,0.002123,0.002104,0.00211,79070334.0,2026-02-08 05:59:59.999,167041.47193000,1913,34923140.00,73789.05342600,0
2026-02-08 06:00:00,0.00211,0.002153,0.002103,0.002118,238713462.0,2026-02-08 06:59:59.999,508785.33279200,5719,135266966.00,288485.81390000,0
2026-02-08 07:00:00,0.002118,0.00213,0.002103,0.00213,139631695.0,2026-02-08 07:59:59.999,295032.62430700,3764,68695375.00,145207.80481200,0
2026-02-08 08:00:00,0.002129,0.002167,0.002123,0.002152,357430318.0,2026-02-08 08:59:59.999,766206.53872200,7948,205871014.00,441116.47066700,0
2026-02-08 09:00:00,0.002153,0.002199,0.002139,0.002143,469456475.0,2026-02-08 09:59:59.999,1019379.35314400,11442,269109204.00,584639.27084100,0
2026-02-08 10:00:00,0.002143,0.00216,0.002114,0.002142,219237255.0,2026-02-08 10:59:59.999,468847.48573400,5940,121644043.00,260373.66807400,0
2026-02-08 11:00:00,0.002142,0.002173,0.002136,0.00216,197719879.0,2026-02-08 11:59:59.999,426182.64786200,4652,105345786.00,227093.78165800,0
2026-02-08 12:00:00,0.00216,0.002163,0.002125,0.002143,154036042.0,2026-02-08 12:59:59.999,329708.66457600,3768,72302586.00,154784.50010300,0
2026-02-08 13:00:00,0.002142,0.002178,0.002125,0.002165,407329235.0,2026-02-08 13:59:59.999,876766.63551300,7981,229288418.00,493903.34066200,0
2026-02-08 14:00:00,0.002165,0.002179,0.002155,0.002161,143696639.0,2026-02-08 14:59:59.999,311131.74119100,3757,66137876.00,143201.63573400,0
2026-02-08 15:00:00,0.002161,0.002168,0.00212,0.002147,222768353.0,2026-02-08 15:59:59.999,477532.96426000,4765,115021463.00,246499.05222200,0
2026-02-08 16:00:00,0.002146,0.002162,0.002096,0.002101,191330704.0,2026-02-08 16:59:59.999,407115.77334500,5088,84025344.00,178873.77926500,0
2026-02-08 17:00:00,0.002101,0.002137,0.0021,0.002132,201326075.0,2026-02-08 17:59:59.999,426366.40849900,3915,121289952.00,256954.53376600,0
2026-02-08 18:00:00,0.002132,0.002163,0.002112,0.002146,405632066.0,2026-02-08 18:59:59.999,867854.71224300,6813,193699015.00,414288.70795900,0
2026-02-08 19:00:00,0.002145,0.002151,0.002128,0.002141,153801865.0,2026-02-08 19:59:59.999,328820.43947700,3274,71788760.00,153464.87494900,0
2026-02-08 20:00:00,0.00214,0.00214,0.002101,0.002102,333957815.0,2026-02-08 20:59:59.999,706984.19235800,5024,135046987.00,286184.02853900,0
2026-02-08 21:00:00,0.002102,0.002114,0.002079,0.00209,246674104.0,2026-02-08 21:59:59.999,517547.67832900,3794,96531105.00,202738.33683800,0
2026-02-08 22:00:00,0.00209,0.002136,0.00209,0.002119,263629949.0,2026-02-08 22:59:59.999,558598.70530000,3733,158426230.00,335495.21984400,0
2026-02-08 23:00:00,0.002118,0.002156,0.002072,0.002089,633030139.0,2026-02-08 23:59:59.999,1332274.33215800,9184,220731117.00,464665.04132200,0
2026-02-09 00:00:00,0.002089,0.002104,0.002079,0.002103,130444256.0,2026-02-09 00:59:59.999,272869.43023100,4136,57364616.00,120059.74049000,0
2026-02-09 01:00:00,0.002103,0.002128,0.00209,0.00211,198180223.0,2026-02-09 01:59:59.999,416963.66901100,4584,94501446.00,198700.91372000,0
2026-02-09 02:00:00,0.00211,0.002138,0.002104,0.002119,178289913.0,2026-02-09 02:59:59.999,378626.59193000,3231,74098774.00,157403.93558600,0
2026-02-09 03:00:00,0.002119,0.002158,0.002113,0.002149,305914491.0,2026-02-09 03:59:59.999,655086.74901700,5612,180903363.00,387112.19703600,0
2026-02-09 04:00:00,0.002148,0.002156,0.002132,0.002139,192315258.0,2026-02-09 04:59:59.999,412467.37126400,3073,98408153.00,211166.63997800,0
2026-02-09 05:00:00,0.002139,0.002161,0.002132,0.002153,151506369.0,2026-02-09 05:59:59.999,325426.94296300,2705,92598220.00,198774.73526300,0
2026-02-09 06:00:00,0.002153,0.002153,0.002104,0.002112,186617898.0,2026-02-09 06:59:59.999,395967.51468500,3715,93549480.00,198490.11731400,0
2026-02-09 07:00:00,0.002112,0.002138,0.002103,0.00211,267360664.0,2026-02-09 07:59:59.999,567084.97672200,3603,140150545.00,297253.22960400,0
2026-02-09 08:00:00,0.002109,0.002114,0.002059,0.002073,432218337.0,2026-02-09 08:59:59.999,899052.40211600,6429,256533153.00,533370.72357300,0
2026-02-09 09:00:00,0.002073,0.002075,0.002032,0.002044,274534106.0,2026-02-09 09:59:59.999,563141.59796800,4590,90936901.00,186360.82307200,0
2026-02-09 10:00:00,0.002043,0.002047,0.001992,0.002017,414689635.0,2026-02-09 10:59:59.999,836366.69211300,6509,160060636.00,323170.86135600,0
2026-02-09 11:00:00,0.002018,0.002031,0.002005,0.002016,246275679.0,2026-02-09 11:59:59.999,497292.14063300,4070,97851762.00,197513.45488000,0
2026-02-09 12:00:00,0.002016,0.002036,0.002016,0.002036,113401017.0,2026-02-09 12:59:59.999,229901.06304700,2002,71709026.00,145430.70558500,0
2026-02-09 13:00:00,0.002035,0.002038,0.002006,0.002009,120663826.0,2026-02-09 13:59:59.999,244072.09280700,2429,45152234.00,91389.04790500,0
2026-02-09 14:00:00,0.002009,0.002049,0.001981,0.002031,598402945.0,2026-02-09 14:59:59.999,1200849.36562600,8216,288535279.00,579490.31567600,0
2026-02-09 15:00:00,0.002031,0.002061,0.002021,0.002045,356145656.0,2026-02-09 15:59:59.999,727375.19579900,6248,179635729.00,367481.57959300,0
2026-02-09 16:00:00,0.002045,0.00208,0.002029,0.002063,304864143.0,2026-02-09 16:59:59.999,623654.47047800,6022,161914849.00,331345.85331000,0
2026-02-09 17:00:00,0.002063,0.002099,0.002042,0.002091,209120630.0,2026-02-09 17:59:59.999,433678.57547000,4926,100906581.00,209568.94283300,0
2026-02-09 18:00:00,0.002091,0.002102,0.002062,0.002069,143993769.0,2026-02-09 18:59:59.999,299309.78437900,3714,62937738.00,130769.31612800,0
2026-02-09 19:00:00,0.002069,0.002077,0.002055,0.002075,104980998.0,2026-02-09 19:59:59.999,216944.57892100,2584,48519201.00,100228.58205500,0
2026-02-09 20:00:00,0.002074,0.002078,0.002039,0.002051,151589426.0,2026-02-09 20:59:59.999,311676.54862100,3127,61148105.00,125786.33470800,0
2026-02-09 21:00:00,0.002052,0.002053,0.00201,0.002033,242600940.0,2026-02-09 21:59:59.999,492151.12285200,3742,127450523.00,258805.47399500,0
2026-02-09 22:00:00,0.002033,0.002043,0.002026,0.002029,83315917.0,2026-02-09 22:59:59.999,169482.96677600,2027,43616455.00,88727.17583600,0
2026-02-09 23:00:00,0.002028,0.002036,0.001997,0.002003,337784993.0,2026-02-09 23:59:59.999,678587.68583200,5058,160763779.00,322942.95907900,0
2026-02-10 00:00:00,0.002003,0.002007,0.001981,0.001984,230934573.0,2026-02-10 00:59:59.999,459872.67078200,3304,101795058.00,202789.47891200,0
2026-02-10 01:00:00,0.001985,0.002017,0.001984,0.002008,148690902.0,2026-02-10 01:59:59.999,298240.36072600,2834,82074522.00,164651.53895100,0
2026-02-10 02:00:00,0.002008,0.002008,0.001986,0.00199,82583463.0,2026-02-10 02:59:59.999,164809.83696900,2064,38627642.00,77112.81858200,0
2026-02-10 03:00:00,0.001991,0.001997,0.001959,0.001981,444158051.0,2026-02-10 03:59:59.999,877388.43567800,6878,204686052.00,404049.45865700,0
2026-02-10 04:00:00,0.00198,0.002018,0.001977,0.002014,170041436.0,2026-02-10 04:59:59.999,340171.20842300,3016,99940489.00,199885.04091600,0
2026-02-10 05:00:00,0.002015,0.002015,0.001978,0.001987,195068462.0,2026-02-10 05:59:59.999,389440.73587200,3319,86561495.00,172879.52646800,0
2026-02-10 06:00:00,0.001986,0.001991,0.00194,0.001959,540455434.0,2026-02-10 06:59:59.999,1060807.01422400,8487,221240905.00,434286.84614800,0
2026-02-10 07:00:00,0.001958,0.001972,0.001956,0.001965,141443876.0,2026-02-10 07:59:59.999,277736.29777400,3370,76792277.00,150791.64363700,0
2026-02-10 08:00:00,0.001965,0.001998,0.001962,0.001984,202198760.0,2026-02-10 08:59:59.999,400877.20384900,4072,121992201.00,241954.55686000,0
2026-02-10 09:00:00,0.001983,0.002,0.001981,0.001989,196096299.0,2026-02-10 09:59:59.999,390579.92404600,3000,119167700.00,237406.96650600,0
2026-02-10 10:00:00,0.001989,0.001992,0.001966,0.001969,116672396.0,2026-02-10 10:59:59.999,230756.89149900,2504,58126726.00,115038.09829300,0
2026-02-10 11:00:00,0.00197,0.001983,0.001958,0.001965,214853561.0,2026-02-10 11:59:59.999,423175.88908000,3866,101692458.00,200377.51864500,0
2026-02-10 12:00:00,0.001965,0.00197,0.001934,0.001945,332199909.0,2026-02-10 12:59:59.999,647555.71516300,5187,176907526.00,344644.34942400,0
2026-02-10 13:00:00,0.001944,0.001961,0.001941,0.001945,154491931.0,2026-02-10 13:59:59.999,301299.70964900,4455,69408483.00,135365.01011100,0
2026-02-10 14:00:00,0.001945,0.001963,0.001919,0.001939,485991683.0,2026-02-10 14:59:59.999,942507.85711200,9159,216428988.00,420294.45366500,0
2026-02-10 15:00:00,0.001938,0.001966,0.001932,0.001957,290849510.0,2026-02-10 15:59:59.999,567418.29524800,7120,147547790.00,287845.70087500,0
2026-02-10 16:00:00,0.001957,0.001992,0.00194,0.001987,447957709.0,2026-02-10 16:59:59.999,882303.79850500,4627,268118142.00,528412.89076900,0
2026-02-10 17:00:00,0.001988,0.001988,0.001958,0.001974,337501818.0,2026-02-10 17:59:59.999,665766.67439500,5113,133226018.00,263189.96387000,0
2026-02-10 18:00:00,0.001975,0.001979,0.001921,0.001931,288342990.0,2026-02-10 18:59:59.999,560561.07954800,4882,120985219.00,235440.47765400,0
2026-02-10 19:00:00,0.00193,0.001937,0.001901,0.001934,527261508.0,2026-02-10 19:59:59.999,1011039.40970600,7712,198216583.00,380443.24198000,0
2026-02-10 20:00:00,0.001933,0.001937,0.001921,0.001926,136882090.0,2026-02-10 20:59:59.999,263964.74558300,2367,55414981.00,106840.46343300,0
2026-02-10 21:00:00,0.001926,0.001937,0.001907,0.001916,177468683.0,2026-02-10 21:59:59.999,340528.12574800,2463,103241886.00,198096.59970000,0
2026-02-10 22:00:00,0.001917,0.001928,0.001906,0.001908,145428711.0,2026-02-10 22:59:59.999,278869.06380800,2278,55411546.00,106300.63050500,0
2026-02-10 23:00:00,0.001908,0.001922,0.001892,0.001913,223204724.0,2026-02-10 23:59:59.999,425192.61077200,4171,96159492.00,183174.63886500,0
2026-02-11 00:00:00,0.001913,0.001927,0.001911,0.001921,129822001.0,2026-02-11 00:59:59.999,249073.95439700,2291,66802736.00,128188.62687500,0
2026-02-11 01:00:00,0.001922,0.001931,0.001916,0.001924,145427608.0,2026-02-11 01:59:59.999,279664.17183800,2193,87447154.00,168196.04709900,0
2026-02-11 02:00:00,0.001925,0.001944,0.001919,0.001919,108093715.0,2026-02-11 02:59:59.999,208705.94401400,1994,50739655.00,98006.91252900,0
2026-02-11 03:00:00,0.00192,0.001932,0.001896,0.001915,194332216.0,2026-02-11 03:59:59.999,371690.59863200,3782,87069116.00,166445.12703500,0
2026-02-11 04:00:00,0.001916,0.001929,0.001892,0.001897,320670858.0,2026-02-11 04:59:59.999,612756.31157200,5290,144534838.00,276243.69092000,0
2026-02-11 05:00:00,0.001897,0.001904,0.001873,0.001875,250321210.0,2026-02-11 05:59:59.999,472525.98612400,3956,103901146.00,196209.64443500,0
2026-02-11 06:00:00,0.001876,0.00189,0.001865,0.00187,315459693.0,2026-02-11 06:59:59.999,591684.84273500,5884,142739466.00,267801.30194100,0
2026-02-11 07:00:00,0.001871,0.001872,0.001844,0.001861,215657828.0,2026-02-11 07:59:59.999,400943.60222900,4396,96683031.00,179812.76470700,0
2026-02-11 08:00:00,0.001862,0.00187,0.001854,0.001868,186847243.0,2026-02-11 08:59:59.999,347930.01787600,2711,123655917.00,230307.49454600,0
2026-02-11 09:00:00,0.001868,0.001871,0.001856,0.001859,122915454.0,2026-02-11 09:59:59.999,228898.25973800,1933,65801146.00,122565.78550800,0
2026-02-11 10:00:00,0.001858,0.001864,0.001847,0.001851,270281086.0,2026-02-11 10:59:59.999,501274.35077200,4270,135771222.00,251985.92521900,0
2026-02-11 11:00:00,0.00185,0.001862,0.001839,0.001851,484665535.0,2026-02-11 11:59:59.999,895986.03392400,5694,257167493.00,475316.27947800,0
2026-02-11 12:00:00,0.001851,0.001863,0.001844,0.001859,375776644.0,2026-02-11 12:59:59.999,696480.17669800,6013,198681222.00,368306.33463600,0
2026-02-11 13:00:00,0.00186,0.001882,0.001844,0.001881,402480342.0,2026-02-11 13:59:59.999,750583.36541200,7496,216294307.00,403563.21272400,0
2026-02-11 14:00:00,0.001882,0.001919,0.001842,0.001847,577134549.0,2026-02-11 14:59:59.999,1089284.27056500,10497,280250401.00,528875.61890700,0
2026-02-11 15:00:00,0.001846,0.001861,0.001817,0.001855,411914325.0,2026-02-11 15:59:59.999,757385.12336800,7783,216714746.00,398525.33480900,0
2026-02-11 16:00:00,0.001854,0.001891,0.001842,0.001844,221810317.0,2026-02-11 16:59:59.999,412405.83457700,4667,123079172.00,228755.99713600,0
2026-02-11 17:00:00,0.001843,0.001878,0.001833,0.001859,141983142.0,2026-02-11 17:59:59.999,263554.61669400,3778,81160212.00,150689.51271300,0
2026-02-11 18:00:00,0.001859,0.001885,0.001848,0.00188,124337206.0,2026-02-11 18:59:59.999,233064.73945900,2825,58763821.00,110228.92978900,0
2026-02-11 19:00:00,0.00188,0.001897,0.00187,0.001878,161335033.0,2026-02-11 19:59:59.999,303848.32464900,3135,79967461.00,150580.82192600,0
2026-02-11 20:00:00,0.001877,0.00188,0.001859,0.001874,132497035.0,2026-02-11 20:59:59.999,247708.70515500,2245,67377130.00,125965.95894300,0
2026-02-11 21:00:00,0.001875,0.001901,0.001865,0.001882,296219343.0,2026-02-11 21:59:59.999,558670.21455700,4070,207616942.00,391689.81338500,0
2026-02-11 22:00:00,0.001882,0.001883,0.00185,0.001854,88709011.0,2026-02-11 22:59:59.999,165553.39394400,1760,35822024.00,66851.02847300,0
2026-02-11 23:00:00,0.001853,0.001858,0.001833,0.001844,260301477.0,2026-02-11 23:59:59.999,479565.07571800,3888,147663322.00,272015.21044500,0
2026-02-12 00:00:00,0.001844,0.00187,0.001844,0.001861,171051712.0,2026-02-12 00:59:59.999,317478.87297400,3265,78027306.00,144853.82370900,0
2026-02-12 01:00:00,0.001861,0.001882,0.001861,0.001875,123898385.0,2026-02-12 01:59:59.999,231961.82788600,2530,75040447.00,140464.08920900,0
2026-02-12 02:00:00,0.001875,0.001896,0.001869,0.001886,82081093.0,2026-02-12 02:59:59.999,154462.13722700,2068,34732550.00,65333.33718500,0
2026-02-12 03:00:00,0.001886,0.001902,0.001882,0.001898,72258637.0,2026-02-12 03:59:59.999,136632.97031400,1757,39850380.00,75350.84696600,0
2026-02-12 04:00:00,0.001898,0.0019,0.001885,0.001892,96002218.0,2026-02-12 04:59:59.999,181923.49803400,2219,47119935.00,89279.76557400,0
2026-02-12 05:00:00,0.001892,0.001908,0.001884,0.001903,150603190.0,2026-02-12 05:59:59.999,285336.36942600,2646,70368651.00,133392.64482300,0
2026-02-12 06:00:00,0.001904,0.00194,0.001902,0.00192,261047853.0,2026-02-12 06:59:59.999,501691.34200300,3425,158355324.00,304414.64565000,0
2026-02-12 07:00:00,0.00192,0.001942,0.001904,0.001941,217995038.0,2026-02-12 07:59:59.999,419637.99712300,3463,106075925.00,204011.11219000,0
2026-02-12 08:00:00,0.00194,0.00194,0.001905,0.00191,294335408.0,2026-02-12 08:59:59.999,565455.11416900,4081,118824037.00,228355.54522200,0
2026-02-12 09:00:00,0.001911,0.001948,0.001908,0.00194,215920917.0,2026-02-12 09:59:59.999,417065.23602800,3706,105951504.00,204671.67523200,0
2026-02-12 10:00:00,0.001939,0.001964,0.001933,0.001959,368098346.0,2026-02-12 10:59:59.999,716904.40015200,4690,215576384.00,419678.01065500,0
2026-02-12 11:00:00,0.00196,0.00197,0.001953,0.001958,155527872.0,2026-02-12 11:59:59.999,304744.19864400,3540,62346710.00,122154.70334500,0
2026-02-12 12:00:00,0.001958,0.001959,0.001927,0.001934,159996559.0,2026-02-12 12:59:59.999,310735.01282900,3322,67728586.00,131458.42245500,0
2026-02-12 13:00:00,0.001934,0.00198,0.001924,0.001979,377661252.0,2026-02-12 13:59:59.999,735241.73475400,6003,213656225.00,415648.91499600,0
2026-02-12 14:00:00,0.001979,0.002006,0.001957,0.001998,381251333.0,2026-02-12 14:59:59.999,754606.42159900,7134,152406536.00,301490.98816800,0
2026-02-12 15:00:00,0.001998,0.002015,0.001969,0.001976,297121927.0,2026-02-12 15:59:59.999,590641.30134300,7506,135596480.00,269697.72857000,0
2026-02-12 16:00:00,0.001976,0.00198,0.001902,0.001909,533095161.0,2026-02-12 16:59:59.999,1031386.24760400,8562,230884166.00,447195.35837100,0
2026-02-12 17:00:00,0.001909,0.001916,0.001881,0.0019,280606673.0,2026-02-12 17:59:59.999,533326.12285400,5201,132833047.00,252547.39103900,0
2026-02-12 18:00:00,0.0019,0.001932,0.001891,0.001916,499458088.0,2026-02-12 18:59:59.999,954404.20827800,5556,231009111.00,441227.60447000,0
2026-02-12 19:00:00,0.001916,0.001963,0.0019,0.001924,353512525.0,2026-02-12 19:59:59.999,683836.37393800,4451,197433250.00,381669.06710500,0
2026-02-12 20:00:00,0.001925,0.001934,0.001877,0.001886,330085865.0,2026-02-12 20:59:59.999,629470.23558800,4261,169578771.00,323077.14394800,0
2026-02-12 21:00:00,0.001885,0.0019,0.001884,0.001895,136522617.0,2026-02-12 21:59:59.999,258673.40816700,2245,79053600.00,149824.54921600,0
2026-02-12 22:00:00,0.001895,0.001927,0.001889,0.001927,77512431.0,2026-02-12 22:59:59.999,147834.65097300,1305,43671684.00,83277.56725400,0
2026-02-12 23:00:00,0.001927,0.001938,0.001917,0.001922,179628380.0,2026-02-12 23:59:59.999,346080.54961800,2317,102002075.00,196604.74079800,0
2026-02-13 00:00:00,0.001922,0.001936,0.001899,0.001917,133689057.0,2026-02-13 00:59:59.999,256277.74529100,2664,68035094.00,130426.94463400,0
2026-02-13 01:00:00,0.001916,0.001941,0.001913,0.001924,176024638.0,2026-02-13 01:59:59.999,339390.79149700,2467,78983548.00,152244.05285900,0
2026-02-13 02:00:00,0.001925,0.00194,0.001915,0.001934,154023946.0,2026-02-13 02:59:59.999,296094.32371200,2036,85707960.00,164760.30364700,0
2026-02-13 03:00:00,0.001934,0.001936,0.001898,0.0019,157329518.0,2026-02-13 03:59:59.999,301462.44743700,2168,83465910.00,159952.66512200,0
2026-02-13 04:00:00,0.001899,0.001903,0.00189,0.001896,127615255.0,2026-02-13 04:59:59.999,241988.45572700,1870,85096963.00,161356.59719000,0
2026-02-13 05:00:00,0.001897,0.0019,0.001883,0.001885,140510270.0,2026-02-13 05:59:59.999,265492.70179900,2017,65879258.00,124473.23887800,0
2026-02-13 06:00:00,0.001885,0.001916,0.001885,0.001914,130245994.0,2026-02-13 06:59:59.999,247164.78971100,2538,60784825.00,115425.52136600,0
2026-02-13 07:00:00,0.001913,0.001933,0.001908,0.00193,179531121.0,2026-02-13 07:59:59.999,345281.22498600,3021,100156916.00,192662.37814700,0
2026-02-13 08:00:00,0.00193,0.001962,0.001926,0.001954,362367664.0,2026-02-13 08:59:59.999,705374.50370500,4162,192148831.00,374021.09291700,0
2026-02-13 09:00:00,0.001954,0.00198,0.001946,0.001972,597155582.0,2026-02-13 09:59:59.999,1171532.58005500,6949,317887090.00,624126.07025000,0
2026-02-13 10:00:00,0.001971,0.001977,0.001964,0.001969,165233457.0,2026-02-13 10:59:59.999,325578.58943400,3732,90545045.00,178460.67230100,0
2026-02-13 11:00:00,0.001969,0.001971,0.00195,0.00196,108847616.0,2026-02-13 11:59:59.999,213297.90595200,1979,47987586.00,94054.51834800,0
2026-02-13 12:00:00,0.001959,0.001971,0.001943,0.00195,135535731.0,2026-02-13 12:59:59.999,265116.41911100,2293,63624507.00,124529.35706600,0
2026-02-13 13:00:00,0.00195,0.001975,0.001943,0.001966,200497483.0,2026-02-13 13:59:59.999,392882.98337700,4026,90801288.00,178015.45835900,0
2026-02-13 14:00:00,0.001965,0.002016,0.001955,0.002003,489356086.0,2026-02-13 14:59:59.999,974257.74459300,7877,258791981.00,515502.32206300,0
2026-02-13 15:00:00,0.002004,0.002054,0.001999,0.002022,929401678.0,2026-02-13 15:59:59.999,1884876.25254100,14609,387776715.00,785661.28366700,0
2026-02-13 16:00:00,0.002022,0.002088,0.002013,0.002074,1084577330.0,2026-02-13 16:59:59.999,2239584.37508500,15010,506036645.00,1043866.42506000,0
2026-02-13 17:00:00,0.002075,0.002115,0.00207,0.00211,724984907.0,2026-02-13 17:59:59.999,1512064.51993800,12901,419617492.00,874983.71970800,0
2026-02-13 18:00:00,0.002111,0.002165,0.002098,0.002151,737287856.0,2026-02-13 18:59:59.999,1574357.12380000,11727,310452730.00,663673.51176100,0
2026-02-13 19:00:00,0.002151,0.002151,0.002109,0.002122,368117426.0,2026-02-13 19:59:59.999,783384.97731000,7764,185459563.00,394651.92746300,0
2026-02-13 20:00:00,0.002122,0.002136,0.002108,0.002129,207036530.0,2026-02-13 20:59:59.999,439452.28923700,5222,102528332.00,217731.85715700,0
2026-02-13 21:00:00,0.002129,0.002144,0.002117,0.00213,175221430.0,2026-02-13 21:59:59.999,373512.20502300,3988,89577315.00,190996.05365600,0
2026-02-13 22:00:00,0.002129,0.002132,0.002109,0.002114,151406903.0,2026-02-13 22:59:59.999,320622.90310900,3270,75470749.00,159891.74677600,0
2026-02-13 23:00:00,0.002114,0.002118,0.002085,0.002085,261517549.0,2026-02-13 23:59:59.999,548727.27032500,4157,103624795.00,217633.25409600,0
2026-02-14 00:00:00,0.002086,0.002121,0.002077,0.002111,198526222.0,2026-02-14 00:59:59.999,416521.98644800,3709,94873758.00,198971.59873100,0
2026-02-14 01:00:00,0.002111,0.002133,0.002108,0.00212,123884602.0,2026-02-14 01:59:59.999,262818.20302200,2723,61809718.00,131122.73127200,0
2026-02-14 02:00:00,0.00212,0.002131,0.002114,0.002124,97209219.0,2026-02-14 02:59:59.999,206437.49619200,2098,48809029.00,103667.82426800,0
2026-02-14 03:00:00,0.002124,0.002144,0.002119,0.00213,271981698.0,2026-02-14 03:59:59.999,580121.66590000,4441,132960321.00,283659.45903900,0
2026-02-14 04:00:00,0.002129,0.002136,0.002119,0.002119,68514973.0,2026-02-14 04:59:59.999,145761.65957600,1666,33797330.00,71919.67233900,0
2026-02-14 05:00:00,0.002119,0.002143,0.002112,0.002114,223817553.0,2026-02-14 05:59:59.999,476342.55700100,3841,113227667.00,241352.03100900,0
2026-02-14 06:00:00,0.002114,0.002121,0.002091,0.002094,114395990.0,2026-02-14 06:59:59.999,240830.34728700,2559,54615871.00,115005.66193400,0
2026-02-14 07:00:00,0.002094,0.00212,0.002094,0.002113,96046396.0,2026-02-14 07:59:59.999,202598.21978400,2393,66415582.00,140153.40428100,0
2026-02-14 08:00:00,0.002113,0.002139,0.002113,0.002138,218876597.0,2026-02-14 08:59:59.999,465386.57566900,4059,88387803.00,188154.38381400,0
2026-02-14 09:00:00,0.002138,0.002138,0.00212,0.002121,90662567.0,2026-02-14 09:59:59.999,192890.22124000,1537,29265159.00,62263.98370100,0
2026-02-14 10:00:00,0.00212,0.002139,0.002108,0.002135,91080072.0,2026-02-14 10:59:59.999,193374.93409200,2235,43904079.00,93213.81022300,0
2026-02-14 11:00:00,0.002135,0.002177,0.002135,0.002162,315709737.0,2026-02-14 11:59:59.999,682047.16779900,6160,145010406.00,313190.93109900,0
2026-02-14 12:00:00,0.002161,0.002172,0.00215,0.002153,235282398.0,2026-02-14 12:59:59.999,508245.78447700,4544,130342861.00,281643.58491900,0
2026-02-14 13:00:00,0.002153,0.002161,0.00213,0.002143,264281631.0,2026-02-14 13:59:59.999,566567.69767100,6581,100294487.00,214988.18737400,0
2026-02-14 14:00:00,0.002144,0.002172,0.002135,0.00217,215458779.0,2026-02-14 14:59:59.999,463863.07610400,4611,126579890.00,272581.61617000,0
2026-02-14 15:00:00,0.00217,0.002202,0.002165,0.002196,220871052.0,2026-02-14 15:59:59.999,482503.35588100,5856,108800432.00,237789.10447100,0
2026-02-14 16:00:00,0.002196,0.002247,0.002185,0.002247,485366558.0,2026-02-14 16:59:59.999,1074946.15767200,9172,200127608.00,443581.41420600,0
2026-02-14 17:00:00,0.002247,0.002316,0.002245,0.00226,1171783221.0,2026-02-14 17:59:59.999,2674582.62480100,18327,523092045.00,1193760.41713200,0
2026-02-14 18:00:00,0.00226,0.00232,0.002255,0.002293,332815007.0,2026-02-14 18:59:59.999,762513.87056000,7741,171027566.00,391885.06285400,0
2026-02-14 19:00:00,0.002294,0.002343,0.002265,0.002336,480697910.0,2026-02-14 19:59:59.999,1108071.46769800,10297,249213348.00,574817.08387000,0
2026-02-14 20:00:00,0.002337,0.002358,0.00231,0.002352,349748914.0,2026-02-14 20:59:59.999,815017.68430200,7507,173587040.00,404819.31013600,0
2026-02-14 21:00:00,0.002352,0.002373,0.00229,0.002298,552322116.0,2026-02-14 21:59:59.999,1286369.45440100,10412,241634960.00,563028.79014800,0
2026-02-14 22:00:00,0.002298,0.002344,0.002295,0.002323,439395088.0,2026-02-14 22:59:59.999,1021108.23018700,6889,204913461.00,475852.18020600,0
2026-02-14 23:00:00,0.002323,0.002369,0.002306,0.002335,384730244.0,2026-02-14 23:59:59.999,898948.94350800,8689,169773673.00,396750.94749000,0
2026-02-15 00:00:00,0.002334,0.002368,0.002313,0.002358,334640196.0,2026-02-15 00:59:59.999,780413.88574000,8698,145127298.00,338553.05586600,0
2026-02-15 01:00:00,0.002357,0.002381,0.002318,0.002341,431180026.0,2026-02-15 01:59:59.999,1012146.33356800,8751,198754991.00,466334.59963900,0
2026-02-15 02:00:00,0.00234,0.002365,0.002312,0.002333,373626832.0,2026-02-15 02:59:59.999,871159.27328200,8430,164422752.00,383700.99687300,0
2026-02-15 03:00:00,0.002332,0.002342,0.002291,0.002334,541689584.0,2026-02-15 03:59:59.999,1254421.45534800,10611,248139439.00,575039.82857300,0
2026-02-15 04:00:00,0.002334,0.002363,0.002326,0.002346,439903390.0,2026-02-15 04:59:59.999,1031665.85429300,10092,249115567.00,584318.19789000,0
2026-02-15 05:00:00,0.002345,0.002388,0.002342,0.002347,385361638.0,2026-02-15 05:59:59.999,909900.72758300,6192,216137413.00,510275.22718600,0
2026-02-15 06:00:00,0.002347,0.002354,0.002319,0.00232,246702759.0,2026-02-15 06:59:59.999,577057.49482700,3866,89837805.00,210117.76583300,0
2026-02-15 07:00:00,0.00232,0.002356,0.002318,0.002348,163870392.0,2026-02-15 07:59:59.999,383053.02673300,4184,82402390.00,192548.61917900,0
2026-02-15 08:00:00,0.002347,0.002361,0.002286,0.002309,384152648.0,2026-02-15 08:59:59.999,892268.95127300,6654,167055836.00,387944.38530900,0
2026-02-15 09:00:00,0.002309,0.002333,0.002296,0.002305,272876846.0,2026-02-15 09:59:59.999,631020.61342600,5091,119395815.00,276271.17843000,0
2026-02-15 10:00:00,0.002305,0.002305,0.002276,0.002298,355129466.0,2026-02-15 10:59:59.999,813373.12719800,6821,160043435.00,366467.21627100,0
2026-02-15 11:00:00,0.002299,0.00231,0.002288,0.002294,90401387.0,2026-02-15 11:59:59.999,207621.01444100,2482,36906067.00,84770.33052300,0
2026-02-15 12:00:00,0.002295,0.002303,0.002242,0.002243,310023161.0,2026-02-15 12:59:59.999,703371.68016800,6643,117143529.00,266007.48328100,0
2026-02-15 13:00:00,0.002244,0.002277,0.002228,0.002253,497857851.0,2026-02-15 13:59:59.999,1120174.04824200,10126,265397953.00,597245.64813300,0
2026-02-15 14:00:00,0.002252,0.002278,0.002246,0.002249,306669412.0,2026-02-15 14:59:59.999,692714.95897700,6840,143469365.00,324303.68356000,0
2026-02-15 15:00:00,0.002249,0.002257,0.002234,0.002239,129339139.0,2026-02-15 15:59:59.999,290306.56285400,3138,67804825.00,152206.32949900,0
2026-02-15 16:00:00,0.00224,0.00224,0.002211,0.00222,279595505.0,2026-02-15 16:59:59.999,621322.16927600,5720,119428813.00,265445.40361700,0
2026-02-15 17:00:00,0.00222,0.002227,0.00218,0.002191,479160168.0,2026-02-15 17:59:59.999,1054124.06365400,9763,219451435.00,483161.72742600,0
2026-02-15 18:00:00,0.00219,0.002193,0.00217,0.002178,307060451.0,2026-02-15 18:59:59.999,669654.53600100,6744,149734441.00,326597.31350300,0
2026-02-15 19:00:00,0.002177,0.002206,0.00217,0.002193,182528151.0,2026-02-15 19:59:59.999,399212.96356900,4107,92703814.00,202873.08134500,0
2026-02-15 20:00:00,0.002193,0.002201,0.002182,0.002194,111159897.0,2026-02-15 20:59:59.999,243804.18246700,2714,51721229.00,113486.41766100,0
2026-02-15 21:00:00,0.002194,0.002223,0.002194,0.002212,83578285.0,2026-02-15 21:59:59.999,184954.07917600,2362,45331967.00,100262.83629500,0
2026-02-15 22:00:00,0.002211,0.002228,0.002206,0.002208,54257467.0,2026-02-15 22:59:59.999,120326.18336600,1554,27949323.00,61981.62073500,0
2026-02-15 23:00:00,0.002207,0.002207,0.002179,0.002204,128052792.0,2026-02-15 23:59:59.999,280813.42558100,2664,78974920.00,173225.89220200,0
2026-02-16 00:00:00,0.002204,0.00222,0.002199,0.002207,56657408.0,2026-02-16 00:59:59.999,125142.48839900,1498,32464481.00,71718.10298000,0
2026-02-16 01:00:00,0.002207,0.002227,0.002179,0.002196,219824547.0,2026-02-16 01:59:59.999,482958.49856200,3613,116653068.00,256623.09513700,0
2026-02-16 02:00:00,0.002197,0.002209,0.002181,0.002184,80751525.0,2026-02-16 02:59:59.999,177105.87323500,1723,43516263.00,95452.28563200,0
2026-02-16 03:00:00,0.002184,0.002193,0.002179,0.002189,103149905.0,2026-02-16 03:59:59.999,225386.75941400,1669,64209241.00,140308.74522000,0
2026-02-16 04:00:00,0.002188,0.00222,0.002187,0.00222,126823828.0,2026-02-16 04:59:59.999,279657.01413400,2269,78595105.00,173334.56440100,0
2026-02-16 05:00:00,0.00222,0.002226,0.002186,0.002194,123044338.0,2026-02-16 05:59:59.999,270673.26258700,2082,57416786.00,126386.54170200,0
2026-02-16 06:00:00,0.002193,0.002218,0.002185,0.002207,109946756.0,2026-02-16 06:59:59.999,242615.25297900,1995,73427604.00,162060.76046400,0
2026-02-16 07:00:00,0.002206,0.002209,0.002184,0.002185,78492880.0,2026-02-16 07:59:59.999,172407.66375400,1296,41782416.00,91814.98605200,0
2026-02-16 08:00:00,0.002185,0.002213,0.002179,0.002192,127286771.0,2026-02-16 08:59:59.999,279436.64623100,2589,64022087.00,140552.76561900,0
2026-02-16 09:00:00,0.002192,0.002213,0.002191,0.002206,136278494.0,2026-02-16 09:59:59.999,300316.89853700,2975,58844810.00,129689.48531200,0
2026-02-16 10:00:00,0.002205,0.002237,0.002202,0.002222,266396588.0,2026-02-16 10:59:59.999,591265.71488900,3490,136875143.00,303942.78883500,0
2026-02-16 11:00:00,0.002222,0.002228,0.002181,0.002211,174676614.0,2026-02-16 11:59:59.999,384638.54571500,4211,82460941.00,181603.59411400,0
2026-02-16 12:00:00,0.002211,0.002282,0.002204,0.002272,297580530.0,2026-02-16 12:59:59.999,670050.11189000,5964,164566523.00,370818.44320000,0
2026-02-16 13:00:00,0.002273,0.002294,0.002193,0.002199,409190967.0,2026-02-16 13:59:59.999,917125.82369700,8297,180619192.00,405676.19412600,0
2026-02-16 14:00:00,0.002199,0.002225,0.002188,0.00221,173196655.0,2026-02-16 14:59:59.999,381442.00984200,4473,104999056.00,231170.78164400,0
2026-02-16 15:00:00,0.002211,0.00223,0.00215,0.002159,313250689.0,2026-02-16 15:59:59.999,680704.72598400,6889,169137757.00,367852.39939700,0
2026-02-16 16:00:00,0.002158,0.002186,0.002153,0.002182,163372667.0,2026-02-16 16:59:59.999,355057.15740500,3801,98707488.00,214437.69439000,0
2026-02-16 17:00:00,0.002182,0.002191,0.002165,0.00218,92900640.0,2026-02-16 17:59:59.999,202639.35384600,2497,57987356.00,126525.96559000,0
2026-02-16 18:00:00,0.00218,0.002208,0.002179,0.00218,98047540.0,2026-02-16 18:59:59.999,215092.84230000,2444,52235664.00,114594.87804400,0
2026-02-16 19:00:00,0.00218,0.00219,0.002167,0.002173,54058952.0,2026-02-16 19:59:59.999,117818.43250300,2055,28036426.00,61120.79844600,0
2026-02-16 20:00:00,0.002174,0.002215,0.00216,0.002215,141186301.0,2026-02-16 20:59:59.999,309259.16349900,3330,73281233.00,160715.11940300,0
2026-02-16 21:00:00,0.002216,0.002243,0.002203,0.002243,81873335.0,2026-02-16 21:59:59.999,181927.29183300,2299,47857308.00,106404.47824400,0
2026-02-16 22:00:00,0.002243,0.002251,0.002231,0.002238,91253245.0,2026-02-16 22:59:59.999,204560.90996000,1905,48761175.00,109322.62176400,0
2026-02-16 23:00:00,0.002238,0.002239,0.00221,0.002218,103894691.0,2026-02-16 23:59:59.999,230934.86823900,2039,40092912.00,89100.92716500,0
2026-02-17 00:00:00,0.002218,0.002219,0.002195,0.002207,184061878.0,2026-02-17 00:59:59.999,405950.19968200,2736,126605760.00,279227.04171600,0
2026-02-17 01:00:00,0.002207,0.002213,0.002196,0.002202,50648808.0,2026-02-17 01:59:59.999,111654.23626500,1583,24327700.00,53633.63260400,0
2026-02-17 02:00:00,0.002201,0.002243,0.002189,0.002233,118592977.0,2026-02-17 02:59:59.999,263207.88532700,2597,60066047.00,133312.27044600,0
2026-02-17 03:00:00,0.002233,0.002244,0.002224,0.002224,135473884.0,2026-02-17 03:59:59.999,302798.31873100,2695,49770846.00,111181.74031100,0
2026-02-17 04:00:00,0.002225,0.002251,0.002215,0.002233,94562639.0,2026-02-17 04:59:59.999,211113.35995900,2587,49682622.00,110971.79210400,0
2026-02-17 05:00:00,0.002234,0.002237,0.002177,0.002194,164577380.0,2026-02-17 05:59:59.999,362110.07378200,3182,65348126.00,143634.11474200,0
2026-02-17 06:00:00,0.002195,0.002209,0.002194,0.002201,37724213.0,2026-02-17 06:59:59.999,82979.71378900,1016,22110186.00,48628.57795300,0
2026-02-17 07:00:00,0.0022,0.002205,0.002193,0.002196,32731665.0,2026-02-17 07:59:59.999,71960.10696900,966,19601875.00,43097.90683400,0
2026-02-17 08:00:00,0.002195,0.002203,0.002166,0.00217,133843227.0,2026-02-17 08:59:59.999,291778.52020400,2810,66443582.00,144838.35745000,0
2026-02-17 09:00:00,0.00217,0.002177,0.002133,0.002159,242644499.0,2026-02-17 09:59:59.999,521535.09928900,4597,118343220.00,254347.53074900,0
2026-02-17 10:00:00,0.002158,0.002181,0.002144,0.002149,174872932.0,2026-02-17 10:59:59.999,377209.46175100,3170,63642931.00,137637.00714200,0
2026-02-17 11:00:00,0.00215,0.002162,0.002148,0.002161,57640831.0,2026-02-17 11:59:59.999,124225.22647400,1419,33318276.00,71791.74320000,0
2026-02-17 12:00:00,0.00216,0.002191,0.002158,0.002174,172145896.0,2026-02-17 12:59:59.999,375092.49297700,3728,66592379.00,145169.83466900,0
2026-02-17 13:00:00,0.002175,0.002214,0.002171,0.002201,178479203.0,2026-02-17 13:59:59.999,391301.63566300,4085,76703517.00,168155.79826900,0
2026-02-17 14:00:00,0.002202,0.002224,0.002119,0.002133,545836349.0,2026-02-17 14:59:59.999,1178850.34666000,9062,229266694.00,495100.00911400,0
2026-02-17 15:00:00,0.002133,0.002267,0.002132,0.002228,1805107817.0,2026-02-17 15:59:59.999,4005003.04950600,35787,856897386.00,1899966.91335400,0
2026-02-17 16:00:00,0.002228,0.002267,0.00221,0.002236,496570920.0,2026-02-17 16:59:59.999,1111679.05975000,10729,248061468.00,555644.98498200,0
2026-02-17 17:00:00,0.002236,0.002236,0.002184,0.002201,495698580.0,2026-02-17 17:59:59.999,1094208.50959900,9229,204074306.00,450556.82539800,0
2026-02-17 18:00:00,0.002201,0.002292,0.002195,0.002287,497763136.0,2026-02-17 18:59:59.999,1126595.29860800,9986,304452036.00,688480.47225500,0
2026-02-17 19:00:00,0.002287,0.002291,0.002239,0.002245,261155496.0,2026-02-17 19:59:59.999,591305.81249800,5605,129728077.00,293759.47829500,0
2026-02-17 20:00:00,0.002245,0.002251,0.002219,0.002222,108379009.0,2026-02-17 20:59:59.999,242391.98278800,2547,58645276.00,131273.69851900,0
2026-02-17 21:00:00,0.002222,0.00224,0.002221,0.002224,57352249.0,2026-02-17 21:59:59.999,127758.49633700,1536,35113442.00,78218.46592700,0
2026-02-17 22:00:00,0.002224,0.002227,0.002207,0.002217,45483141.0,2026-02-17 22:59:59.999,100768.65622300,1339,28566111.00,63280.62891000,0
2026-02-17 23:00:00,0.002217,0.002222,0.002198,0.002203,65448946.0,2026-02-17 23:59:59.999,144420.61806900,1405,38811182.00,85630.34636300,0
2026-02-18 00:00:00,0.002204,0.002209,0.002173,0.002177,397903469.0,2026-02-18 00:59:59.999,871419.11782900,6109,133513704.00,292539.42822700,0
2026-02-18 01:00:00,0.002178,0.002182,0.002139,0.002147,417434494.0,2026-02-18 01:59:59.999,901207.21634800,10395,161127768.00,348030.17476400,0
2026-02-18 02:00:00,0.002147,0.002185,0.002146,0.002175,352786957.0,2026-02-18 02:59:59.999,765408.49483400,9038,169478097.00,367782.00021400,0
2026-02-18 03:00:00,0.002175,0.002192,0.002166,0.002177,203766029.0,2026-02-18 03:59:59.999,444450.81469500,7180,73210717.00,159656.12254700,0
2026-02-18 04:00:00,0.002177,0.002178,0.002162,0.002164,183565750.0,2026-02-18 04:59:59.999,398054.01568200,6725,51084332.00,110783.92063900,0
2026-02-18 05:00:00,0.002163,0.002179,0.00215,0.002152,268888779.0,2026-02-18 05:59:59.999,581374.44842300,8796,100383127.00,217102.93072500,0
2026-02-18 06:00:00,0.002153,0.002182,0.00215,0.002165,174835427.0,2026-02-18 06:59:59.999,378502.52404700,6071,83683703.00,181378.64224300,0
2026-02-18 07:00:00,0.002165,0.002196,0.002162,0.002178,184939743.0,2026-02-18 07:59:59.999,403310.54122900,4149,116500509.00,254080.42758900,0
2026-02-18 08:00:00,0.002178,0.002242,0.002178,0.002217,565392498.0,2026-02-18 08:59:59.999,1254675.70791300,8053,360592002.00,799438.00408800,0
2026-02-18 09:00:00,0.002216,0.002216,0.002185,0.002193,164720676.0,2026-02-18 09:59:59.999,361855.73913200,2641,113637660.00,249637.23367400,0
2026-02-18 10:00:00,0.002193,0.002204,0.002171,0.002175,230962337.0,2026-02-18 10:59:59.999,505376.97149300,3168,143384106.00,313658.37952600,0
2026-02-18 11:00:00,0.002175,0.002178,0.002151,0.002165,243816067.0,2026-02-18 11:59:59.999,528040.97554700,3585,132433115.00,286790.14622600,0
2026-02-18 12:00:00,0.002165,0.002185,0.002153,0.002155,335361060.0,2026-02-18 12:59:59.999,727757.26882800,4447,153108074.00,332692.36347400,0
2026-02-18 13:00:00,0.002156,0.002164,0.002045,0.002084,2208887619.0,2026-02-18 13:59:59.999,4617209.06513900,26446,1212156856.00,2527085.36690300,0
2026-02-18 14:00:00,0.002084,0.002102,0.002073,0.002095,283290280.0,2026-02-18 14:59:59.999,590877.68831700,5761,140884024.00,293920.48525200,0
2026-02-18 15:00:00,0.002095,0.002152,0.002095,0.002124,300095506.0,2026-02-18 15:59:59.999,638068.15011200,4756,190990454.00,405673.07214900,0
2026-02-18 16:00:00,0.002124,0.00213,0.00208,0.002086,509849665.0,2026-02-18 16:59:59.999,1068289.00769300,6096,248547030.00,520697.83544000,0
2026-02-18 17:00:00,0.002086,0.002107,0.002039,0.002048,515376545.0,2026-02-18 17:59:59.999,1062802.28999800,7234,233424196.00,481262.05039800,0
2026-02-18 18:00:00,0.002049,0.002053,0.002025,0.002027,312437248.0,2026-02-18 18:59:59.999,636684.22919900,5000,155013231.00,316122.15319800,0
2026-02-18 19:00:00,0.002027,0.002039,0.002011,0.002028,203951843.0,2026-02-18 19:59:59.999,412479.43685200,4223,116689257.00,236050.10813300,0
2026-02-18 20:00:00,0.002028,0.002033,0.00201,0.002014,254139070.0,2026-02-18 20:59:59.999,513521.63732000,3953,123425138.00,249575.51055600,0
2026-02-18 21:00:00,0.002015,0.002022,0.002003,0.00201,142394574.0,2026-02-18 21:59:59.999,286317.31190100,1906,77768002.00,156354.29390700,0
2026-02-18 22:00:00,0.002009,0.00201,0.001987,0.002006,207402641.0,2026-02-18 22:59:59.999,413860.22064000,2362,90003271.00,179552.57124200,0
2026-02-18 23:00:00,0.002005,0.002015,0.001999,0.002014,92293420.0,2026-02-18 23:59:59.999,185288.02583400,1357,44566464.00,89478.35695200,0
2026-02-19 00:00:00,0.002015,0.002015,0.001994,0.002004,173044370.0,2026-02-19 00:59:59.999,347237.45086200,2084,87821092.00,176278.23276000,0
2026-02-19 01:00:00,0.002004,0.002037,0.002004,0.002036,117018070.0,2026-02-19 01:59:59.999,236690.32378700,1656,59578389.00,120527.35158800,0
2026-02-19 02:00:00,0.002036,0.002044,0.002028,0.002042,55248539.0,2026-02-19 02:59:59.999,112460.64222400,1192,28189058.00,57373.35316600,0
2026-02-19 03:00:00,0.002042,0.002047,0.002035,0.002042,67708751.0,2026-02-19 03:59:59.999,138266.31662200,1091,29107739.00,59445.67295300,0
2026-02-19 04:00:00,0.002042,0.002045,0.002036,0.002037,52130982.0,2026-02-19 04:59:59.999,106332.39525200,1234,25207955.00,51418.85829800,0
2026-02-19 05:00:00,0.002038,0.002045,0.002025,0.002034,63539093.0,2026-02-19 05:59:59.999,129250.64587200,1585,28492281.00,57964.78306800,0
2026-02-19 06:00:00,0.002033,0.002053,0.002033,0.002042,49472001.0,2026-02-19 06:59:59.999,101119.44035500,1122,31112872.00,63595.47220200,0
2026-02-19 07:00:00,0.002042,0.002066,0.002033,0.002053,209948527.0,2026-02-19 07:59:59.999,429963.41240400,3148,113759395.00,233080.17473600,0
2026-02-19 08:00:00,0.002053,0.002053,0.002028,0.002035,218023094.0,2026-02-19 08:59:59.999,444726.35811600,3165,99273497.00,202467.80691400,0
2026-02-19 09:00:00,0.002036,0.002059,0.00203,0.002033,199756116.0,2026-02-19 09:59:59.999,408470.97397300,3059,90563287.00,185248.73950700,0
2026-02-19 10:00:00,0.002034,0.002037,0.002021,0.002028,162686914.0,2026-02-19 10:59:59.999,330264.62919900,1961,92992368.00,188848.22141800,0
2026-02-19 11:00:00,0.002029,0.002031,0.00201,0.002014,56590996.0,2026-02-19 11:59:59.999,114295.05476500,1032,24426508.00,49358.70410200,0
2026-02-19 12:00:00,0.002014,0.002017,0.002004,0.002005,66530042.0,2026-02-19 12:59:59.999,133753.64350400,1351,34968103.00,70317.66166700,0
2026-02-19 13:00:00,0.002006,0.002006,0.001976,0.001994,523798047.0,2026-02-19 13:59:59.999,1041255.96949200,4649,312870633.00,622113.90360400,0
2026-02-19 14:00:00,0.001994,0.002046,0.001994,0.002038,486721562.0,2026-02-19 14:59:59.999,984097.86792900,4543,292792710.00,591826.67929700,0
2026-02-19 15:00:00,0.002038,0.002046,0.002014,0.002042,331514615.0,2026-02-19 15:59:59.999,673874.86132700,5284,168667054.00,342813.84805000,0
2026-02-19 16:00:00,0.002041,0.002051,0.002026,0.002032,182726667.0,2026-02-19 16:59:59.999,372601.90245000,4440,81677154.00,166667.40400000,0
2026-02-19 17:00:00,0.002032,0.002064,0.002028,0.002036,153735781.0,2026-02-19 17:59:59.999,314172.18285900,2733,81862542.00,167341.37075900,0
2026-02-19 18:00:00,0.002035,0.002075,0.002033,0.002075,119542291.0,2026-02-19 18:59:59.999,246053.01622100,2799,74095587.00,152571.31738200,0
2026-02-19 19:00:00,0.002075,0.002077,0.002039,0.002058,136119441.0,2026-02-19 19:59:59.999,280040.43667800,2224,57163453.00,117700.80791600,0
2026-02-19 20:00:00,0.002058,0.002071,0.002049,0.002068,106845264.0,2026-02-19 20:59:59.999,220240.32593400,1862,61373974.00,126579.64859800,0
2026-02-19 21:00:00,0.002068,0.002073,0.00206,0.002062,66524455.0,2026-02-19 21:59:59.999,137590.59510700,1211,37853649.00,78317.76657200,0
2026-02-19 22:00:00,0.002063,0.002077,0.00206,0.002077,31441312.0,2026-02-19 22:59:59.999,64974.03461600,763,14076884.00,29096.58618800,0
2026-02-19 23:00:00,0.002078,0.002081,0.002065,0.00207,49956997.0,2026-02-19 23:59:59.999,103401.66136200,1045,15348672.00,31771.13115800,0
2026-02-20 00:00:00,0.002069,0.002104,0.002064,0.002093,196106270.0,2026-02-20 00:59:59.999,409027.74620800,3165,91162973.00,190407.25284700,0
2026-02-20 01:00:00,0.002093,0.002104,0.00209,0.002104,102916538.0,2026-02-20 01:59:59.999,216236.93849600,1014,61737775.00,129705.14131100,0
2026-02-20 02:00:00,0.002105,0.002106,0.002091,0.002091,56668627.0,2026-02-20 02:59:59.999,119045.86317800,960,32134892.00,67557.59010700,0
2026-02-20 03:00:00,0.00209,0.00211,0.002089,0.002106,49731051.0,2026-02-20 03:59:59.999,104558.97594100,1346,26358217.00,55382.89672200,0
2026-02-20 04:00:00,0.002105,0.002105,0.002076,0.002092,92142373.0,2026-02-20 04:59:59.999,192379.54350600,1943,36775919.00,76773.03351900,0
2026-02-20 05:00:00,0.002093,0.002115,0.002081,0.002105,123573992.0,2026-02-20 05:59:59.999,259813.70944800,1830,54227075.00,113966.13573900,0
2026-02-20 06:00:00,0.002106,0.002107,0.002094,0.002102,42333196.0,2026-02-20 06:59:59.999,88899.72546500,959,23964459.00,50327.74068400,0
2026-02-20 07:00:00,0.002103,0.002105,0.00207,0.002079,242511488.0,2026-02-20 07:59:59.999,505357.91453800,2753,81046109.00,168956.73091100,0
2026-02-20 08:00:00,0.002079,0.002093,0.002077,0.002084,157887226.0,2026-02-20 08:59:59.999,329225.68955100,1832,64753296.00,135042.77220400,0
2026-02-20 09:00:00,0.002085,0.002105,0.002084,0.002103,50375401.0,2026-02-20 09:59:59.999,105736.03195700,1192,26866371.00,56392.51602700,0
2026-02-20 10:00:00,0.002102,0.002122,0.002101,0.002104,168647884.0,2026-02-20 10:59:59.999,355909.49304700,2579,95779197.00,202144.50883300,0
2026-02-20 11:00:00,0.002104,0.002111,0.002085,0.002088,326918331.0,2026-02-20 11:59:59.999,685447.62364100,5099,154177099.00,323399.97385600,0
2026-02-20 12:00:00,0.002088,0.002118,0.002086,0.002113,180860083.0,2026-02-20 12:59:59.999,380999.38862500,2972,103777171.00,218621.29091600,0
2026-02-20 13:00:00,0.002112,0.002112,0.00205,0.002074,481789071.0,2026-02-20 13:59:59.999,998569.39122200,8943,214458141.00,444724.61528400,0
2026-02-20 14:00:00,0.002073,0.002106,0.002071,0.002098,139617005.0,2026-02-20 14:59:59.999,291711.16757500,4103,67822722.00,141731.43039900,0
2026-02-20 15:00:00,0.002098,0.002151,0.002094,0.002124,520214258.0,2026-02-20 15:59:59.999,1103894.38350100,11066,280310286.00,594681.68416300,0
2026-02-20 16:00:00,0.002124,0.002141,0.002099,0.002115,399232808.0,2026-02-20 16:59:59.999,846313.36248100,9194,174844573.00,370853.16694200,0
2026-02-20 17:00:00,0.002115,0.002119,0.002069,0.002115,352890045.0,2026-02-20 17:59:59.999,738162.89411500,9280,164632040.00,344378.63211700,0
2026-02-20 18:00:00,0.002114,0.002126,0.002098,0.00212,252574238.0,2026-02-20 18:59:59.999,533203.31125400,7257,146448457.00,309105.55028900,0
2026-02-20 19:00:00,0.002121,0.002124,0.002091,0.002095,102751564.0,2026-02-20 19:59:59.999,216382.64077100,2765,54239291.00,114198.46386900,0
2026-02-20 20:00:00,0.002095,0.002105,0.002081,0.002091,57159743.0,2026-02-20 20:59:59.999,119671.65997900,1548,32951814.00,68970.50794800,0
2026-02-20 21:00:00,0.002091,0.002102,0.00209,0.0021,48111729.0,2026-02-20 21:59:59.999,100872.60434900,1124,25862968.00,54227.69936800,0
2026-02-20 22:00:00,0.0021,0.002117,0.002095,0.002114,75230741.0,2026-02-20 22:59:59.999,158458.67706100,1341,46631017.00,98268.77561900,0
2026-02-20 23:00:00,0.002115,0.002117,0.0021,0.002108,69363263.0,2026-02-20 23:59:59.999,146090.19034000,1184,36827353.00,77556.19094100,0
2026-02-21 00:00:00,0.002109,0.002112,0.002097,0.002099,91303331.0,2026-02-21 00:59:59.999,192249.43985000,1221,34411981.00,72472.36859800,0
2026-02-21 01:00:00,0.0021,0.002128,0.002096,0.002126,156410156.0,2026-02-21 01:59:59.999,331338.74700500,1849,72411736.00,153447.18839300,0
2026-02-21 02:00:00,0.002126,0.002137,0.002122,0.002127,110774686.0,2026-02-21 02:59:59.999,235672.07174600,1545,40361719.00,85901.14798500,0
2026-02-21 03:00:00,0.002127,0.002127,0.002106,0.002113,155554419.0,2026-02-21 03:59:59.999,329197.66821900,2813,65315274.00,138254.16769400,0
2026-02-21 04:00:00,0.002113,0.002114,0.002104,0.002112,39795510.0,2026-02-21 04:59:59.999,83994.98312000,876,17193111.00,36290.75330100,0
2026-02-21 05:00:00,0.002111,0.002127,0.002111,0.002124,55594196.0,2026-02-21 05:59:59.999,117913.18458600,994,35238788.00,74726.17280100,0
2026-02-21 06:00:00,0.002124,0.002126,0.002112,0.002114,48158870.0,2026-02-21 06:59:59.999,101946.59698600,985,16634017.00,35230.85436900,0
2026-02-21 07:00:00,0.002113,0.002126,0.002108,0.002113,69223425.0,2026-02-21 07:59:59.999,146532.94959800,1305,40705050.00,86158.56617900,0
2026-02-21 08:00:00,0.002113,0.00213,0.00211,0.002128,49963888.0,2026-02-21 08:59:59.999,105986.95192700,1178,25087920.00,53268.18146500,0
2026-02-21 09:00:00,0.002127,0.00215,0.002123,0.002135,194245232.0,2026-02-21 09:59:59.999,415684.29893400,3025,101813622.00,217952.67129300,0
2026-02-21 10:00:00,0.002135,0.002138,0.002123,0.002126,86534156.0,2026-02-21 10:59:59.999,184503.52133100,1497,35960700.00,76696.91781800,0
2026-02-21 11:00:00,0.002126,0.002132,0.002116,0.00212,85564603.0,2026-02-21 11:59:59.999,181853.82362000,1590,49709425.00,105624.36050700,0
2026-02-21 12:00:00,0.002121,0.002123,0.002096,0.002101,88758257.0,2026-02-21 12:59:59.999,186620.77947600,1486,31433771.00,66140.39845300,0
2026-02-21 13:00:00,0.0021,0.002113,0.002098,0.002113,65734676.0,2026-02-21 13:59:59.999,138209.10510600,996,51832618.00,108989.78159600,0
2026-02-21 14:00:00,0.002112,0.00213,0.002109,0.002119,139107948.0,2026-02-21 14:59:59.999,294892.36495300,3394,75659928.00,160486.49204000,0
2026-02-21 15:00:00,0.002119,0.002121,0.002103,0.002114,51190446.0,2026-02-21 15:59:59.999,108142.10108900,1112,18904863.00,39938.37367400,0
2026-02-21 16:00:00,0.002114,0.00212,0.002099,0.002104,97212918.0,2026-02-21 16:59:59.999,205042.66203300,2061,33328332.00,70304.02803300,0
2026-02-21 17:00:00,0.002103,0.002115,0.002097,0.002108,58884899.0,2026-02-21 17:59:59.999,123996.67280300,1010,24290696.00,51199.50730700,0
2026-02-21 18:00:00,0.002109,0.002123,0.002109,0.002121,70468667.0,2026-02-21 18:59:59.999,149059.38105500,1147,27800856.00,58802.79143200,0
2026-02-21 19:00:00,0.002121,0.002121,0.002106,0.002107,62387081.0,2026-02-21 19:59:59.999,131849.76397800,1035,20726018.00,43796.52158000,0
2026-02-21 20:00:00,0.002107,0.002112,0.002086,0.002092,168903929.0,2026-02-21 20:59:59.999,354283.17875900,2452,49691943.00,104197.36798000,0
2026-02-21 21:00:00,0.002093,0.002107,0.00209,0.002107,50126958.0,2026-02-21 21:59:59.999,105190.70829900,1066,17976044.00,37742.68124700,0
2026-02-21 22:00:00,0.002107,0.00211,0.002096,0.002105,57226065.0,2026-02-21 22:59:59.999,120393.17572000,981,15631681.00,32900.93229300,0
2026-02-21 23:00:00,0.002104,0.002127,0.0021,0.002119,151779670.0,2026-02-21 23:59:59.999,321402.69599700,2328,87616475.00,185490.08766400,0
2026-02-22 00:00:00,0.002118,0.002118,0.002091,0.002105,109969793.0,2026-02-22 00:59:59.999,231255.91569200,1969,41726249.00,87826.95490700,0
2026-02-22 01:00:00,0.002105,0.002123,0.002101,0.002114,101462141.0,2026-02-22 01:59:59.999,214055.55070200,1300,29029823.00,61301.56123200,0
2026-02-22 02:00:00,0.002115,0.00212,0.002092,0.002094,173664593.0,2026-02-22 02:59:59.999,366289.42579600,1901,67688924.00,142887.23845300,0
2026-02-22 03:00:00,0.002095,0.002103,0.002081,0.002097,108326579.0,2026-02-22 03:59:59.999,226524.62387700,1681,42551920.00,89019.41701800,0
2026-02-22 04:00:00,0.002096,0.002098,0.002084,0.002088,104023757.0,2026-02-22 04:59:59.999,217406.56236200,949,44616934.00,93246.42116900,0
2026-02-22 05:00:00,0.002088,0.002091,0.002065,0.002077,239678434.0,2026-02-22 05:59:59.999,497585.19184400,1811,60434740.00,125448.00720700,0
2026-02-22 06:00:00,0.002077,0.002092,0.002074,0.002091,67761642.0,2026-02-22 06:59:59.999,141146.25714800,960,27746053.00,57827.44379800,0
2026-02-22 07:00:00,0.002092,0.002105,0.002082,0.002093,151051659.0,2026-02-22 07:59:59.999,316132.49706000,1786,54657347.00,114566.66194600,0
2026-02-22 08:00:00,0.002093,0.002101,0.002074,0.002074,93792367.0,2026-02-22 08:59:59.999,195837.79385100,1581,39730587.00,82965.89554300,0
2026-02-22 09:00:00,0.002074,0.002089,0.002073,0.002087,61764264.0,2026-02-22 09:59:59.999,128532.12775400,1041,25616178.00,53338.56061700,0
2026-02-22 10:00:00,0.002087,0.002094,0.002083,0.002084,50544779.0,2026-02-22 10:59:59.999,105503.70877600,1038,22489947.00,46957.04673200,0
2026-02-22 11:00:00,0.002084,0.002091,0.002077,0.002079,34141730.0,2026-02-22 11:59:59.999,71143.23801100,788,15070561.00,31431.45944000,0
2026-02-22 12:00:00,0.002079,0.002079,0.002048,0.002056,154985013.0,2026-02-22 12:59:59.999,319119.50372200,2519,76510671.00,157540.18146200,0
2026-02-22 13:00:00,0.002057,0.00206,0.002042,0.002057,127902220.0,2026-02-22 13:59:59.999,262402.56584000,1947,57949352.00,118948.46284400,0
2026-02-22 14:00:00,0.002056,0.002061,0.002036,0.002042,77839048.0,2026-02-22 14:59:59.999,159286.40852900,1581,28467198.00,58252.91659200,0
2026-02-22 15:00:00,0.002041,0.002042,0.002005,0.002035,403005895.0,2026-02-22 15:59:59.999,815307.95303400,5148,167273854.00,338469.40870700,0
2026-02-22 16:00:00,0.002035,0.002035,0.002023,0.002034,48284723.0,2026-02-22 16:59:59.999,97916.37502300,834,20117325.00,40809.12145900,0
2026-02-22 17:00:00,0.002034,0.002034,0.002002,0.00202,216927527.0,2026-02-22 17:59:59.999,437834.08601600,2151,53041366.00,107047.07843100,0
2026-02-22 18:00:00,0.00202,0.002021,0.002007,0.002013,85096259.0,2026-02-22 18:59:59.999,171384.28965000,1005,28250696.00,56930.93734600,0
2026-02-22 19:00:00,0.002013,0.002023,0.002009,0.002023,88777798.0,2026-02-22 19:59:59.999,178922.66416500,740,63471884.00,127944.45318800,0
2026-02-22 20:00:00,0.002023,0.002026,0.002007,0.002018,106039765.0,2026-02-22 20:59:59.999,213781.32932300,1164,26906565.00,54282.92237900,0
2026-02-22 21:00:00,0.002019,0.002039,0.002019,0.002037,30295592.0,2026-02-22 21:59:59.999,61436.41480600,663,16822407.00,34118.59042800,0
2026-02-22 22:00:00,0.002036,0.00204,0.002022,0.002031,89818644.0,2026-02-22 22:59:59.999,182461.54637600,1636,39584707.00,80459.34868100,0
2026-02-22 23:00:00,0.002031,0.002032,0.002009,0.002022,180572829.0,2026-02-22 23:59:59.999,364177.75805600,2417,62494780.00,126119.53252500,0
2026-02-23 00:00:00,0.002022,0.002022,0.001987,0.00199,158737831.0,2026-02-23 00:59:59.999,317736.33231600,2198,74733833.00,149588.79920100,0
2026-02-23 01:00:00,0.001989,0.001991,0.001871,0.00189,2297650296.0,2026-02-23 01:59:59.999,4397740.34604100,32781,1010024497.00,1931860.63455800,0
2026-02-23 02:00:00,0.001891,0.001905,0.001884,0.001891,309834471.0,2026-02-23 02:59:59.999,587030.28350400,5309,157819738.00,299057.75828100,0
2026-02-23 03:00:00,0.001891,0.001901,0.001867,0.001878,445059225.0,2026-02-23 03:59:59.999,838044.21109800,4516,261277997.00,492016.91431600,0
2026-02-23 04:00:00,0.001878,0.001882,0.001861,0.001864,438642870.0,2026-02-23 04:59:59.999,820814.57940200,4887,207776129.00,388782.65426200,0
2026-02-23 05:00:00,0.001864,0.001891,0.001864,0.001874,172374373.0,2026-02-23 05:59:59.999,324333.56893900,2258,112050619.00,210848.37109500,0
2026-02-23 06:00:00,0.001874,0.001914,0.001872,0.001903,402452057.0,2026-02-23 06:59:59.999,765411.75731900,4263,236505485.00,449542.51667900,0
2026-02-23 07:00:00,0.001904,0.001911,0.001897,0.001905,224494334.0,2026-02-23 07:59:59.999,427588.88835100,2726,134335225.00,255880.29946000,0
2026-02-23 08:00:00,0.001905,0.001906,0.001883,0.001888,130867562.0,2026-02-23 08:59:59.999,247809.41146000,1744,55991142.00,106016.24627700,0
2026-02-23 09:00:00,0.001889,0.001935,0.001889,0.001931,316256744.0,2026-02-23 09:59:59.999,605732.13732600,3650,197936858.00,379207.71496900,0
2026-02-23 10:00:00,0.001932,0.001941,0.001916,0.001918,163487232.0,2026-02-23 10:59:59.999,315588.47248100,2133,83639168.00,161551.11949100,0
2026-02-23 11:00:00,0.001918,0.001938,0.001917,0.001931,214012317.0,2026-02-23 11:59:59.999,413235.60890400,2556,123055942.00,237680.23112400,0
2026-02-23 12:00:00,0.00193,0.001956,0.001921,0.001945,204557072.0,2026-02-23 12:59:59.999,396557.07756500,2810,101134725.00,196161.43967100,0
2026-02-23 13:00:00,0.001946,0.001948,0.001922,0.001925,267763736.0,2026-02-23 13:59:59.999,518141.13417600,2607,122504030.00,237128.67064500,0
2026-02-23 14:00:00,0.001925,0.001928,0.001897,0.001914,421266430.0,2026-02-23 14:59:59.999,806964.43069900,6181,227307808.00,435640.06140200,0
2026-02-23 15:00:00,0.001914,0.001918,0.001873,0.001875,412711277.0,2026-02-23 15:59:59.999,781730.44518100,5697,204846283.00,387904.51084000,0
2026-02-23 16:00:00,0.001875,0.001891,0.001857,0.001865,346104413.0,2026-02-23 16:59:59.999,648195.80472600,4392,179899009.00,336882.48132600,0
2026-02-23 17:00:00,0.001866,0.001869,0.001814,0.001839,760708789.0,2026-02-23 17:59:59.999,1397907.33676000,8984,382985081.00,703715.04153800,0
2026-02-23 18:00:00,0.001839,0.001857,0.001828,0.001835,559334440.0,2026-02-23 18:59:59.999,1029608.85053900,5413,325751267.00,599637.35941300,0
2026-02-23 19:00:00,0.001836,0.001839,0.001815,0.00182,326041368.0,2026-02-23 19:59:59.999,595512.80881200,3524,181646998.00,331797.27920400,0
2026-02-23 20:00:00,0.001821,0.001833,0.001809,0.00183,334040349.0,2026-02-23 20:59:59.999,608767.08850600,3500,214447282.00,391009.04731100,0
2026-02-23 21:00:00,0.00183,0.001832,0.001816,0.001823,263836158.0,2026-02-23 21:59:59.999,481250.51555300,2720,135859371.00,247834.44438900,0
2026-02-23 22:00:00,0.001824,0.001836,0.001807,0.001809,325716124.0,2026-02-23 22:59:59.999,594775.18652500,3290,146783614.00,268058.03061700,0
2026-02-23 23:00:00,0.001809,0.001814,0.001789,0.001793,326583855.0,2026-02-23 23:59:59.999,588620.56488900,4059,130795671.00,235861.67583100,0
2026-02-24 00:00:00,0.001792,0.001816,0.001791,0.001812,216777577.0,2026-02-24 00:59:59.999,391760.32252500,2651,111582105.00,201562.38934600,0
2026-02-24 01:00:00,0.001813,0.00183,0.001765,0.001811,1098422385.0,2026-02-24 01:59:59.999,1976645.82149000,13746,486891329.00,877151.00432800,0
2026-02-24 02:00:00,0.00181,0.001819,0.001798,0.001802,179782341.0,2026-02-24 02:59:59.999,325289.56190800,3037,75492397.00,136650.76501500,0
2026-02-24 03:00:00,0.001802,0.001802,0.001766,0.001782,392847085.0,2026-02-24 03:59:59.999,699665.54771100,5192,193401285.00,344190.97890600,0
2026-02-24 04:00:00,0.001783,0.001783,0.001738,0.001751,962468830.0,2026-02-24 04:59:59.999,1687949.84535900,8493,397985069.00,697743.22816100,0
2026-02-24 05:00:00,0.001751,0.001761,0.001729,0.001746,344243854.0,2026-02-24 05:59:59.999,599464.08329400,4359,175031374.00,304959.30159300,0
2026-02-24 06:00:00,0.001745,0.001756,0.001738,0.00174,371323701.0,2026-02-24 06:59:59.999,647966.49811400,2647,140518876.00,245244.10841900,0
2026-02-24 07:00:00,0.00174,0.00176,0.00174,0.001755,116292748.0,2026-02-24 07:59:59.999,203880.23477000,1657,63396880.00,111190.01167100,0
2026-02-24 08:00:00,0.001755,0.001776,0.00175,0.001769,261440528.0,2026-02-24 08:59:59.999,459960.12496000,2459,125038543.00,220096.67914400,0
2026-02-24 09:00:00,0.001768,0.001771,0.001746,0.001751,579784485.0,2026-02-24 09:59:59.999,1016348.59524500,3087,236980542.00,415575.92410000,0
2026-02-24 10:00:00,0.00175,0.001762,0.001736,0.001746,413045982.0,2026-02-24 10:59:59.999,723319.54480100,2750,250753906.00,439351.30986500,0
2026-02-24 11:00:00,0.001746,0.00175,0.001738,0.001739,112696865.0,2026-02-24 11:59:59.999,196466.98491900,1607,55748457.00,97168.28746200,0
2026-02-24 12:00:00,0.00174,0.001752,0.001731,0.001743,283816965.0,2026-02-24 12:59:59.999,494048.26461100,2705,176822083.00,307842.46851900,0
2026-02-24 13:00:00,0.001744,0.00176,0.001726,0.001756,342522514.0,2026-02-24 13:59:59.999,596285.05487600,4170,168962735.00,293926.15465800,0
2026-02-24 14:00:00,0.001756,0.001794,0.001742,0.001786,324255882.0,2026-02-24 14:59:59.999,573224.36183800,4158,167009995.00,295306.41135500,0
2026-02-24 15:00:00,0.001786,0.001797,0.001765,0.001777,2853189204.0,2026-02-24 15:59:59.999,5077981.28252100,43620,1091116020.00,1943485.14853900,0
2026-02-24 16:00:00,0.001777,0.001802,0.001773,0.001789,440791130.0,2026-02-24 16:59:59.999,788587.00585400,6317,159149129.00,284643.15399900,0
2026-02-24 17:00:00,0.001788,0.001789,0.001771,0.001775,162642807.0,2026-02-24 17:59:59.999,289858.57672900,2671,70848887.00,126287.27301500,0
2026-02-24 18:00:00,0.001775,0.00178,0.001759,0.001768,126490208.0,2026-02-24 18:59:59.999,223635.82914900,1519,45481385.00,80469.71011900,0
2026-02-24 19:00:00,0.001768,0.001779,0.001761,0.001765,152893604.0,2026-02-24 19:59:59.999,270031.83336300,1506,51499272.00,91001.99357000,0
2026-02-24 20:00:00,0.001765,0.001768,0.001734,0.001735,224265055.0,2026-02-24 20:59:59.999,393142.55669300,2431,77763683.00,136260.48567300,0
2026-02-24 21:00:00,0.001735,0.001735,0.001708,0.001713,429920902.0,2026-02-24 21:59:59.999,739673.28720900,4664,226690080.00,389904.97258500,0
2026-02-24 22:00:00,0.001713,0.001716,0.001694,0.001705,366081751.0,2026-02-24 22:59:59.999,625095.73801900,3485,189416336.00,323519.85012500,0
2026-02-24 23:00:00,0.001704,0.00171,0.001675,0.001693,624171422.0,2026-02-24 23:59:59.999,1057465.11560900,6083,296263229.00,501935.52565900,0
2026-02-25 00:00:00,0.001694,0.001715,0.001688,0.001707,476197700.0,2026-02-25 00:59:59.999,810153.63113900,3879,239857044.00,408211.42173100,0
2026-02-25 01:00:00,0.001706,0.001795,0.001705,0.001774,1086925393.0,2026-02-25 01:59:59.999,1920153.78082600,14328,559819737.00,988605.46048400,0
2026-02-25 02:00:00,0.001775,0.001787,0.001753,0.001756,408442669.0,2026-02-25 02:59:59.999,722897.03684200,6089,176076357.00,311926.58996700,0
2026-02-25 03:00:00,0.001757,0.001758,0.001715,0.001728,417898121.0,2026-02-25 03:59:59.999,722785.34836000,4863,192950584.00,333583.42005200,0
2026-02-25 04:00:00,0.001728,0.001742,0.001712,0.001734,295755529.0,2026-02-25 04:59:59.999,511115.87493100,3462,167274306.00,289178.98442800,0
2026-02-25 05:00:00,0.001735,0.001738,0.001703,0.001713,250720518.0,2026-02-25 05:59:59.999,430197.46466400,3398,114158285.00,195840.35339200,0
2026-02-25 06:00:00,0.001713,0.001725,0.001706,0.001708,246880866.0,2026-02-25 06:59:59.999,423376.95590200,2696,105455578.00,180948.63117100,0
2026-02-25 07:00:00,0.00171,0.001731,0.0017,0.001729,415608123.0,2026-02-25 07:59:59.999,714150.83133500,5027,233614855.00,401422.52770400,0
2026-02-25 08:00:00,0.001728,0.001746,0.001714,0.00174,411217598.0,2026-02-25 08:59:59.999,710280.87967400,3880,156317376.00,270299.66544400,0
2026-02-25 09:00:00,0.00174,0.001768,0.001738,0.001765,348855464.0,2026-02-25 09:59:59.999,613190.45290800,3640,157556962.00,276918.96156200,0
2026-02-25 10:00:00,0.001765,0.001795,0.001749,0.001771,724245782.0,2026-02-25 10:59:59.999,1282982.55379600,6077,369192397.00,654307.61572800,0
2026-02-25 11:00:00,0.001772,0.001781,0.001758,0.001775,173856105.0,2026-02-25 11:59:59.999,307787.66811700,2577,86010112.00,152233.03045000,0
2026-02-25 12:00:00,0.001775,0.001794,0.001766,0.00178,414822007.0,2026-02-25 12:59:59.999,739298.28410000,4796,218396998.00,389410.57391600,0
2026-02-25 13:00:00,0.001781,0.001812,0.001775,0.0018,491110917.0,2026-02-25 13:59:59.999,882295.22884700,5366,272132916.00,489154.22109200,0
2026-02-25 14:00:00,0.0018,0.001836,0.001799,0.001833,648986576.0,2026-02-25 14:59:59.999,1178493.33558200,8329,312355639.00,567029.21427000,0
2026-02-25 15:00:00,0.001833,0.001853,0.001822,0.001853,672159493.0,2026-02-25 15:59:59.999,1236871.70085300,8793,309108472.00,568821.59553800,0
2026-02-25 16:00:00,0.001853,0.001916,0.001852,0.001898,907633411.0,2026-02-25 16:59:59.999,1709364.88882400,12332,504598222.00,950429.51201000,0
2026-02-25 17:00:00,0.001898,0.001928,0.001891,0.001924,1105526803.0,2026-02-25 17:59:59.999,2113878.88008900,12268,603468934.00,1154340.65679900,0
2026-02-25 18:00:00,0.001923,0.001931,0.001904,0.001923,472548010.0,2026-02-25 18:59:59.999,905279.53147400,6853,196119455.00,375597.84709600,0
2026-02-25 19:00:00,0.001923,0.001936,0.001903,0.001934,476780581.0,2026-02-25 19:59:59.999,913544.73077000,6106,224477776.00,430292.96829600,0
2026-02-25 20:00:00,0.001935,0.001946,0.001911,0.001931,369857915.0,2026-02-25 20:59:59.999,712633.58687700,5716,131390969.00,253332.50703700,0
2026-02-25 21:00:00,0.001931,0.001984,0.001907,0.001935,819234893.0,2026-02-25 21:59:59.999,1588963.88606000,13207,413936978.00,803427.36858500,0
2026-02-25 22:00:00,0.001935,0.001949,0.001893,0.001902,453998255.0,2026-02-25 22:59:59.999,870313.69777700,5486,160784487.00,308969.10186100,0
2026-02-25 23:00:00,0.001901,0.001915,0.001845,0.00188,676058825.0,2026-02-25 23:59:59.999,1271542.61397800,9654,285883409.00,537117.28175300,0
2026-02-26 00:00:00,0.001879,0.00192,0.001869,0.00191,616804195.0,2026-02-26 00:59:59.999,1170867.60439700,9504,344688169.00,654844.27407600,0
2026-02-26 01:00:00,0.00191,0.001924,0.001886,0.001891,418185106.0,2026-02-26 01:59:59.999,796040.47681700,6585,209303022.00,398672.01194100,0
2026-02-26 02:00:00,0.001891,0.0019,0.001871,0.001897,202076411.0,2026-02-26 02:59:59.999,380378.19280100,3727,94238887.00,177541.36251300,0
2026-02-26 03:00:00,0.001896,0.001902,0.001878,0.001879,123449550.0,2026-02-26 03:59:59.999,233014.51612800,2170,70171557.00,132484.52361600,0
2026-02-26 04:00:00,0.001878,0.001891,0.001857,0.001865,579376091.0,2026-02-26 04:59:59.999,1084468.46861900,6492,239502406.00,448582.51615700,0
2026-02-26 05:00:00,0.001865,0.001865,0.001831,0.001838,253445448.0,2026-02-26 05:59:59.999,466635.74208100,3471,132779651.00,244421.88924700,0
2026-02-26 06:00:00,0.001838,0.001848,0.001818,0.00182,155915766.0,2026-02-26 06:59:59.999,285538.82063300,2496,66474883.00,121793.08103100,0
2026-02-26 07:00:00,0.001819,0.001834,0.001819,0.001824,240708187.0,2026-02-26 07:59:59.999,439199.48217000,2645,121761753.00,222311.88445000,0
2026-02-26 08:00:00,0.001824,0.001842,0.001823,0.001827,244964942.0,2026-02-26 08:59:59.999,448670.98684500,3293,129895154.00,237867.67544700,0
2026-02-26 09:00:00,0.001827,0.001857,0.001825,0.001851,195473693.0,2026-02-26 09:59:59.999,361067.24691700,2640,125223837.00,231254.38975800,0
2026-02-26 10:00:00,0.00185,0.001852,0.001806,0.001811,406941537.0,2026-02-26 10:59:59.999,742849.51593300,3770,125227792.00,228913.69416900,0
2026-02-26 11:00:00,0.00181,0.001814,0.001766,0.001775,296577402.0,2026-02-26 11:59:59.999,529708.44073500,3172,161682940.00,288801.21341100,0
2026-02-26 12:00:00,0.001775,0.001792,0.001774,0.001789,192913778.0,2026-02-26 12:59:59.999,343459.82775700,2914,90881566.00,161821.89220100,0
2026-02-26 13:00:00,0.00179,0.001842,0.001751,0.001821,1440990971.0,2026-02-26 13:59:59.999,2595021.99181400,14704,695504584.00,1251320.54145300,0
2026-02-26 14:00:00,0.00182,0.001831,0.001781,0.001802,1251619432.0,2026-02-26 14:59:59.999,2267362.78846600,13882,443200905.00,802169.48236600,0
2026-02-26 15:00:00,0.001802,0.001803,0.001771,0.001793,683385558.0,2026-02-26 15:59:59.999,1220652.11494100,9385,366623553.00,654794.78777600,0
2026-02-26 16:00:00,0.001793,0.001796,0.001734,0.001735,890925435.0,2026-02-26 16:59:59.999,1564273.64529800,9740,404754904.00,711156.63904100,0
2026-02-26 17:00:00,0.001735,0.001772,0.001734,0.00174,653779270.0,2026-02-26 17:59:59.999,1144796.18370100,9279,258113459.00,452715.16113100,0
2026-02-26 18:00:00,0.001739,0.001757,0.001726,0.001756,407212396.0,2026-02-26 18:59:59.999,708532.11308100,5979,215068926.00,374406.48574500,0
2026-02-26 19:00:00,0.001755,0.001782,0.001753,0.001754,369787823.0,2026-02-26 19:59:59.999,652941.63592100,5349,205186885.00,362293.52423900,0
2026-02-26 20:00:00,0.001753,0.00177,0.001732,0.001734,375109739.0,2026-02-26 20:59:59.999,658819.18619000,4248,222234824.00,390875.93518100,0
2026-02-26 21:00:00,0.001733,0.001754,0.001733,0.001752,153338874.0,2026-02-26 21:59:59.999,267538.14455900,1704,112445574.00,196181.91420800,0
2026-02-26 22:00:00,0.001752,0.001775,0.001751,0.00177,82494992.0,2026-02-26 22:59:59.999,145243.29844600,1292,46447826.00,81750.74798900,0
2026-02-26 23:00:00,0.00177,0.001813,0.001764,0.001804,289962398.0,2026-02-26 23:59:59.999,519838.65207600,2980,170964301.00,306416.54038100,0
2026-02-27 00:00:00,0.001804,0.001813,0.001786,0.001806,252243428.0,2026-02-27 00:59:59.999,454617.06929000,4222,126502461.00,227929.54681100,0
2026-02-27 01:00:00,0.001807,0.001807,0.001775,0.001798,401946152.0,2026-02-27 01:59:59.999,718187.09215100,5515,170033973.00,303669.16124000,0
2026-02-27 02:00:00,0.001798,0.001841,0.001793,0.001825,360892677.0,2026-02-27 02:59:59.999,657653.70909700,4456,173115924.00,315105.80573700,0
2026-02-27 03:00:00,0.001825,0.001874,0.001823,0.001869,292054541.0,2026-02-27 03:59:59.999,540093.30285700,3612,129355992.00,239203.42203900,0
2026-02-27 04:00:00,0.00187,0.001942,0.001869,0.001909,823330706.0,2026-02-27 04:59:59.999,1575457.10602200,11144,419974276.00,803790.75883100,0
2026-02-27 05:00:00,0.00191,0.001925,0.001886,0.001895,445290736.0,2026-02-27 05:59:59.999,848572.29294300,5320,217375722.00,413715.18246000,0
2026-02-27 06:00:00,0.001895,0.001905,0.001867,0.001885,359055869.0,2026-02-27 06:59:59.999,675488.23637600,4490,128705648.00,242062.59530100,0
2026-02-27 07:00:00,0.001884,0.001936,0.001875,0.001925,646090332.0,2026-02-27 07:59:59.999,1231173.57156700,7907,288992474.00,551288.73128100,0
2026-02-27 08:00:00,0.001925,0.00197,0.001925,0.001965,701549592.0,2026-02-27 08:59:59.999,1368692.93977300,9444,318443635.00,621305.18631800,0
2026-02-27 09:00:00,0.001964,0.001964,0.001919,0.001928,658331880.0,2026-02-27 09:59:59.999,1275828.19126400,8326,273528385.00,530303.47811900,0
2026-02-27 10:00:00,0.001927,0.001938,0.001887,0.001895,656338914.0,2026-02-27 10:59:59.999,1257259.62230900,8694,272952816.00,523187.66316900,0
2026-02-27 11:00:00,0.001894,0.001905,0.001835,0.001852,679674851.0,2026-02-27 11:59:59.999,1263589.65189900,9784,307631058.00,571540.73722500,0
2026-02-27 12:00:00,0.001852,0.001864,0.001827,0.001841,369970950.0,2026-02-27 12:59:59.999,680569.99024700,5640,154219191.00,283563.21597200,0
2026-02-27 13:00:00,0.001841,0.001862,0.001828,0.001847,443653224.0,2026-02-27 13:59:59.999,818342.88392900,7222,207468416.00,382651.62099800,0
2026-02-27 14:00:00,0.001847,0.001847,0.001802,0.001812,566589059.0,2026-02-27 14:59:59.999,1030711.67311300,7583,235083868.00,427761.08113700,0
2026-02-27 15:00:00,0.001811,0.001831,0.001796,0.001818,429098091.0,2026-02-27 15:59:59.999,778208.34370300,5677,199391453.00,362009.51951600,0
2026-02-27 16:00:00,0.001817,0.001818,0.001786,0.001787,296220474.0,2026-02-27 16:59:59.999,534086.13141300,4249,123235768.00,222468.68086600,0
2026-02-27 17:00:00,0.001787,0.001809,0.001766,0.001806,279730425.0,2026-02-27 17:59:59.999,498947.27819700,3070,141623105.00,252872.12333900,0
2026-02-27 18:00:00,0.001805,0.001818,0.001788,0.001789,395966462.0,2026-02-27 18:59:59.999,714371.11721300,4368,138771161.00,250538.67582900,0
2026-02-27 19:00:00,0.001789,0.001791,0.001774,0.001784,142875629.0,2026-02-27 19:59:59.999,254485.64558100,1979,51350005.00,91540.64633500,0
2026-02-27 20:00:00,0.001784,0.001797,0.001776,0.001785,175507875.0,2026-02-27 20:59:59.999,313468.86875800,2212,88727489.00,158501.53422600,0
2026-02-27 21:00:00,0.001786,0.001798,0.001777,0.001784,231183769.0,2026-02-27 21:59:59.999,413718.91762600,2167,146317676.00,261964.27546200,0
2026-02-27 22:00:00,0.001784,0.001795,0.001753,0.001792,348334602.0,2026-02-27 22:59:59.999,617959.58469000,4360,166498236.00,295935.05443300,0
2026-02-27 23:00:00,0.001792,0.001802,0.001784,0.001793,217153284.0,2026-02-27 23:59:59.999,389499.48954400,2573,98793735.00,177190.88356800,0
2026-02-28 00:00:00,0.001792,0.001824,0.001784,0.00182,315339759.0,2026-02-28 00:59:59.999,567897.49463400,3718,152377842.00,274974.58635700,0
2026-02-28 01:00:00,0.001821,0.001836,0.001798,0.001803,201727210.0,2026-02-28 01:59:59.999,366306.21318200,2366,74584230.00,135529.54619100,0
2026-02-28 02:00:00,0.001803,0.001848,0.001799,0.001845,181221231.0,2026-02-28 02:59:59.999,330933.70624300,2788,116333344.00,212253.26348100,0
2026-02-28 03:00:00,0.001844,0.001851,0.00183,0.001835,217412730.0,2026-02-28 03:59:59.999,399615.75060800,2774,96807957.00,177833.46871200,0
2026-02-28 04:00:00,0.001835,0.001852,0.001831,0.001837,174398479.0,2026-02-28 04:59:59.999,320913.44620100,2986,96245700.00,177069.12324600,0
2026-02-28 05:00:00,0.001838,0.001838,0.001807,0.001819,326058662.0,2026-02-28 05:59:59.999,595217.53582300,3161,149364526.00,272507.82508500,0
2026-02-28 06:00:00,0.001819,0.001821,0.001712,0.001718,1700430419.0,2026-02-28 06:59:59.999,2989626.88760800,26739,788642830.00,1387182.14267900,0
2026-02-28 07:00:00,0.001717,0.001789,0.001705,0.001765,483846436.0,2026-02-28 07:59:59.999,844444.62873500,9533,238424759.00,416827.20594200,0
2026-02-28 08:00:00,0.001764,0.001783,0.001755,0.001758,277608740.0,2026-02-28 08:59:59.999,490972.09279900,4923,166623579.00,294712.49125200,0
2026-02-28 09:00:00,0.001758,0.001779,0.001738,0.001757,393033615.0,2026-02-28 09:59:59.999,689923.57614000,6841,208721855.00,366746.90320000,0
2026-02-28 10:00:00,0.001756,0.001774,0.00173,0.001753,280902727.0,2026-02-28 10:59:59.999,490246.35047800,4741,134307797.00,234797.87084100,0
2026-02-28 11:00:00,0.001753,0.001773,0.001734,0.001738,118690093.0,2026-02-28 11:59:59.999,208829.48540800,2003,75676444.00,133203.98870600,0
2026-02-28 12:00:00,0.001738,0.001763,0.001735,0.001743,193869572.0,2026-02-28 12:59:59.999,339322.96944200,3037,99494474.00,174150.17022300,0
2026-02-28 13:00:00,0.001744,0.001802,0.001724,0.001795,428065271.0,2026-02-28 13:59:59.999,756767.86877200,9812,230908262.00,408290.34214000,0
2026-02-28 14:00:00,0.001796,0.00182,0.001777,0.001785,465841687.0,2026-02-28 14:59:59.999,837417.63227000,9425,244054766.00,439008.49746300,0
2026-02-28 15:00:00,0.001786,0.001795,0.00176,0.001771,383545582.0,2026-02-28 15:59:59.999,679532.34661300,5777,164812584.00,291990.93811000,0
2026-02-28 16:00:00,0.001771,0.001774,0.001754,0.001773,92047663.0,2026-02-28 16:59:59.999,162395.28229800,2285,53329774.00,94114.63669600,0
2026-02-28 17:00:00,0.001773,0.001787,0.001752,0.001781,139553687.0,2026-02-28 17:59:59.999,246521.10196000,2842,69753881.00,123328.58027800,0
2026-02-28 18:00:00,0.001781,0.001813,0.00177,0.001799,336044130.0,2026-02-28 18:59:59.999,601207.23810600,5123,137350703.00,245828.45125300,0
2026-02-28 19:00:00,0.001798,0.001859,0.001784,0.001836,466406829.0,2026-02-28 19:59:59.999,850663.60761600,6726,267099166.00,487157.16726700,0
2026-02-28 20:00:00,0.001836,0.001895,0.001831,0.001892,615300694.0,2026-02-28 20:59:59.999,1149787.35577100,9272,303174496.00,566700.72646000,0
2026-02-28 21:00:00,0.001893,0.001895,0.001867,0.001879,456388566.0,2026-02-28 21:59:59.999,858413.73076000,6614,195408380.00,367627.81940800,0
2026-02-28 22:00:00,0.001879,0.001938,0.001877,0.001921,608835003.0,2026-02-28 22:59:59.999,1164816.07289800,7600,327858512.00,627892.45294500,0
2026-02-28 23:00:00,0.00192,0.001935,0.0019,0.001923,411017974.0,2026-02-28 23:59:59.999,788223.26173300,5861,244491510.00,468849.22469000,0
2026-03-01 00:00:00,0.001923,0.001939,0.001905,0.00191,452565453.0,2026-03-01 00:59:59.999,869487.54187700,6486,279946656.00,538273.93577700,0
2026-03-01 01:00:00,0.001909,0.001964,0.00189,0.001953,594981836.0,2026-03-01 01:59:59.999,1143859.99325300,8129,332619063.00,640726.38653400,0
2026-03-01 02:00:00,0.001953,0.001994,0.00195,0.001954,697847871.0,2026-03-01 02:59:59.999,1373406.92468800,10959,383058033.00,754169.38447800,0
2026-03-01 03:00:00,0.001954,0.001957,0.00192,0.001926,502918666.0,2026-03-01 03:59:59.999,974903.71902400,5400,227666670.00,440874.37963400,0
2026-03-01 04:00:00,0.001927,0.001934,0.001905,0.001933,372409021.0,2026-03-01 04:59:59.999,714243.52322100,4738,168887600.00,324166.24040000,0
2026-03-01 05:00:00,0.001933,0.001972,0.001933,0.001965,565049649.0,2026-03-01 05:59:59.999,1108770.54086900,5632,342556013.00,671958.27637700,0
2026-03-01 06:00:00,0.001966,0.00197,0.001928,0.00194,459259188.0,2026-03-01 06:59:59.999,890994.68580000,5745,223388507.00,433625.47948200,0
2026-03-01 07:00:00,0.001941,0.00198,0.001935,0.001977,383051503.0,2026-03-01 07:59:59.999,752448.97457300,5919,217501440.00,427453.18305500,0
2026-03-01 08:00:00,0.001976,0.001979,0.001933,0.001936,403349251.0,2026-03-01 08:59:59.999,789665.14773300,4973,180838268.00,354146.79142500,0
2026-03-01 09:00:00,0.001936,0.001942,0.001898,0.001903,407502728.0,2026-03-01 09:59:59.999,781413.77817100,4722,201386922.00,386252.02074400,0
2026-03-01 10:00:00,0.001902,0.001918,0.001893,0.001895,423391843.0,2026-03-01 10:59:59.999,805404.15884400,4763,223767451.00,425744.93508900,0
2026-03-01 11:00:00,0.001895,0.001929,0.001895,0.001914,347287247.0,2026-03-01 11:59:59.999,664938.19061900,4694,228390540.00,437178.04854000,0
2026-03-01 12:00:00,0.001913,0.00194,0.001898,0.001901,355317650.0,2026-03-01 12:59:59.999,681119.99609200,4644,189362762.00,363450.53916600,0
2026-03-01 13:00:00,0.001902,0.001975,0.0019,0.001967,510397295.0,2026-03-01 13:59:59.999,992172.32041400,10121,291760118.00,567482.94037200,0
2026-03-01 14:00:00,0.001968,0.001978,0.001927,0.001937,316133176.0,2026-03-01 14:59:59.999,617816.98638300,5999,189687733.00,370569.83285400,0
2026-03-01 15:00:00,0.001937,0.00196,0.001925,0.001939,219993141.0,2026-03-01 15:59:59.999,427063.46382300,3477,139325930.00,270259.18134200,0
2026-03-01 16:00:00,0.00194,0.001978,0.001927,0.001937,660386960.0,2026-03-01 16:59:59.999,1290765.67407800,10593,360940349.00,705920.23064800,0
2026-03-01 17:00:00,0.001937,0.001943,0.001889,0.001924,442991087.0,2026-03-01 17:59:59.999,850152.64793300,6675,228724161.00,439404.55658700,0
2026-03-01 18:00:00,0.001924,0.001961,0.001924,0.001937,253687386.0,2026-03-01 18:59:59.999,493518.15985700,4453,148393400.00,288626.08213400,0
2026-03-01 19:00:00,0.001937,0.001939,0.001911,0.001915,358284703.0,2026-03-01 19:59:59.999,688923.57442500,3729,198004428.00,380733.65529600,0
2026-03-01 20:00:00,0.001914,0.001918,0.00183,0.001849,524167994.0,2026-03-01 20:59:59.999,977205.03798200,6748,241868804.00,450238.34634400,0
2026-03-01 21:00:00,0.001849,0.001893,0.001849,0.00188,370056164.0,2026-03-01 21:59:59.999,694802.46331800,5931,218819408.00,411064.36743300,0
2026-03-01 22:00:00,0.00188,0.001927,0.001871,0.001892,681571259.0,2026-03-01 22:59:59.999,1294351.73900800,9275,321532420.00,610705.46555500,0
2026-03-01 23:00:00,0.001891,0.001933,0.00189,0.001923,264857910.0,2026-03-01 23:59:59.999,508932.02695100,4663,151863216.00,291767.63772000,0
2026-03-02 00:00:00,0.001923,0.001966,0.001922,0.001959,243007933.0,2026-03-02 00:59:59.999,471630.01638400,4091,131610652.00,255109.40907400,0
2026-03-02 01:00:00,0.001959,0.001975,0.00195,0.001961,258899386.0,2026-03-02 01:59:59.999,508398.33483900,3919,124109770.00,243813.55453700,0
2026-03-02 02:00:00,0.001961,0.001972,0.001933,0.001956,353232297.0,2026-03-02 02:59:59.999,690149.96952000,4902,174651448.00,341674.96897000,0
2026-03-02 03:00:00,0.001957,0.001979,0.001944,0.001966,269787801.0,2026-03-02 03:59:59.999,530273.74410600,4204,112617042.00,221486.50228500,0
2026-03-02 04:00:00,0.001967,0.001968,0.001929,0.001934,212952548.0,2026-03-02 04:59:59.999,415110.00845000,2758,65623553.00,127908.59456000,0
2026-03-02 05:00:00,0.001935,0.001941,0.001916,0.001922,244621235.0,2026-03-02 05:59:59.999,471334.77675000,2798,99291868.00,191469.55922300,0
2026-03-02 06:00:00,0.001923,0.001924,0.001894,0.001904,207087449.0,2026-03-02 06:59:59.999,394304.96744800,2528,73075172.00,139319.64713100,0
2026-03-02 07:00:00,0.001903,0.001911,0.00188,0.001895,623980623.0,2026-03-02 07:59:59.999,1180975.91386200,4133,206649398.00,391207.13447100,0
2026-03-02 08:00:00,0.001894,0.001911,0.001875,0.001907,260816137.0,2026-03-02 08:59:59.999,492737.42073000,3772,116857607.00,221105.43444600,0
2026-03-02 09:00:00,0.001906,0.001926,0.001898,0.001911,137068180.0,2026-03-02 09:59:59.999,261948.04522000,3326,80404744.00,153685.98351700,0
2026-03-02 10:00:00,0.00191,0.001918,0.001903,0.00191,75658763.0,2026-03-02 10:59:59.999,144455.61859600,1439,35888977.00,68527.59216400,0
2026-03-02 11:00:00,0.001911,0.00193,0.0019,0.001928,227650099.0,2026-03-02 11:59:59.999,435531.45748000,3844,120182262.00,230022.08266300,0
2026-03-02 12:00:00,0.001927,0.001941,0.001914,0.001917,282701545.0,2026-03-02 12:59:59.999,544100.32976700,3278,115874720.00,223281.58156400,0
2026-03-02 13:00:00,0.001917,0.001928,0.001894,0.0019,280016801.0,2026-03-02 13:59:59.999,535461.79234800,3805,160072618.00,306159.47505200,0
2026-03-02 14:00:00,0.0019,0.002006,0.001898,0.002002,804719296.0,2026-03-02 14:59:59.999,1574634.59307800,10401,492045305.00,963310.47132000,0
2026-03-02 15:00:00,0.002001,0.002084,0.001993,0.002069,2023279164.0,2026-03-02 15:59:59.999,4135401.53253200,26491,1046204975.00,2138527.04249700,0
2026-03-02 16:00:00,0.002069,0.002114,0.002063,0.002088,1142242572.0,2026-03-02 16:59:59.999,2386846.60646800,18143,549777043.00,1148878.14904100,0
2026-03-02 17:00:00,0.002089,0.002091,0.00201,0.002036,915704157.0,2026-03-02 17:59:59.999,1876248.28038500,11609,402668680.00,824672.10009900,0
2026-03-02 18:00:00,0.002037,0.002038,0.002001,0.002004,358322324.0,2026-03-02 18:59:59.999,724384.34132700,4789,204579103.00,413782.30637800,0
2026-03-02 19:00:00,0.002005,0.002018,0.001975,0.002018,885028735.0,2026-03-02 19:59:59.999,1761805.56074200,9589,433301886.00,862705.77466400,0
2026-03-02 20:00:00,0.002017,0.002028,0.001982,0.001991,544084569.0,2026-03-02 20:59:59.999,1089129.00215700,7621,264975251.00,530367.06610800,0
2026-03-02 21:00:00,0.001991,0.002007,0.00198,0.001997,282030359.0,2026-03-02 21:59:59.999,561496.59837400,3126,162852990.00,324048.07720500,0
2026-03-02 22:00:00,0.001998,0.002028,0.001991,0.002019,223594460.0,2026-03-02 22:59:59.999,448464.67679200,1982,118455037.00,237486.62647800,0
2026-03-02 23:00:00,0.00202,0.002021,0.001969,0.001975,420197603.0,2026-03-02 23:59:59.999,835771.78880300,4875,173299780.00,344678.30828100,0
2026-03-03 00:00:00,0.001976,0.001992,0.001958,0.001964,486151575.0,2026-03-03 00:59:59.999,959646.24539600,5638,258369253.00,510494.46190100,0
2026-03-03 01:00:00,0.001964,0.001982,0.001946,0.001966,249641612.0,2026-03-03 01:59:59.999,491033.42647500,3830,101633839.00,199952.64576500,0
2026-03-03 02:00:00,0.001965,0.001973,0.001942,0.001967,378115004.0,2026-03-03 02:59:59.999,740454.81838700,4223,138783799.00,271746.84178100,0
2026-03-03 03:00:00,0.001966,0.001991,0.001956,0.001988,220018485.0,2026-03-03 03:59:59.999,434831.84961900,2297,106613135.00,210850.39308700,0
2026-03-03 04:00:00,0.001989,0.001995,0.001972,0.001976,139431254.0,2026-03-03 04:59:59.999,276824.17348300,1960,63543915.00,126196.48165600,0
2026-03-03 05:00:00,0.001976,0.00201,0.001969,0.001977,342514787.0,2026-03-03 05:59:59.999,680790.31557500,3409,157881616.00,314231.44365500,0
2026-03-03 06:00:00,0.001976,0.001988,0.001968,0.001981,149068005.0,2026-03-03 06:59:59.999,294865.67718100,1884,66913862.00,132407.62831500,0
2026-03-03 07:00:00,0.00198,0.001993,0.001947,0.001957,417957998.0,2026-03-03 07:59:59.999,820557.81770400,4584,203515099.00,399846.86935900,0
2026-03-03 08:00:00,0.001957,0.001962,0.001913,0.00192,493669474.0,2026-03-03 08:59:59.999,955721.33288100,5516,210270366.00,407587.53136900,0
2026-03-03 09:00:00,0.001919,0.001936,0.001901,0.001903,344369918.0,2026-03-03 09:59:59.999,660833.11841400,3971,176180311.00,338625.57547900,0
2026-03-03 10:00:00,0.001902,0.001902,0.001873,0.00188,329386605.0,2026-03-03 10:59:59.999,621358.47320300,3421,203258438.00,383262.85563200,0
2026-03-03 11:00:00,0.00188,0.001887,0.001868,0.001884,242381752.0,2026-03-03 11:59:59.999,455288.27253300,2685,116007864.00,217846.38218800,0
2026-03-03 12:00:00,0.001883,0.001921,0.001883,0.001895,339336051.0,2026-03-03 12:59:59.999,644661.05642600,3175,208763424.00,396589.64736000,0
2026-03-03 13:00:00,0.001895,0.001896,0.001876,0.001889,247457057.0,2026-03-03 13:59:59.999,467478.90736200,3111,133427267.00,252071.47804100,0
2026-03-03 14:00:00,0.00189,0.0019,0.001849,0.001866,1069105926.0,2026-03-03 14:59:59.999,1998373.29725000,8024,566796876.00,1057186.72351300,0
2026-03-03 15:00:00,0.001867,0.001904,0.001858,0.001893,411020919.0,2026-03-03 15:59:59.999,773575.14984500,4838,191777360.00,361100.91424900,0
2026-03-03 16:00:00,0.001894,0.001961,0.001888,0.001921,637415094.0,2026-03-03 16:59:59.999,1225834.40550100,7455,366324960.00,704283.65671700,0
2026-03-03 17:00:00,0.001921,0.001926,0.001883,0.001918,224847781.0,2026-03-03 17:59:59.999,428705.36633000,3736,114290867.00,217740.02359600,0
2026-03-03 18:00:00,0.001919,0.001943,0.001903,0.001919,209027338.0,2026-03-03 18:59:59.999,402324.14212400,3628,112971036.00,217383.24128300,0
2026-03-03 19:00:00,0.00192,0.001926,0.001905,0.001912,188886305.0,2026-03-03 19:59:59.999,361622.64610500,3179,108882054.00,208441.57651500,0
2026-03-03 20:00:00,0.001912,0.001925,0.001904,0.001908,273386824.0,2026-03-03 20:59:59.999,522988.07665600,3069,143841872.00,275360.95767700,0
2026-03-03 21:00:00,0.001908,0.001908,0.001893,0.001901,116125134.0,2026-03-03 21:59:59.999,220551.57376100,1590,80817584.00,153486.30779100,0
2026-03-03 22:00:00,0.001901,0.001924,0.001901,0.001914,264827375.0,2026-03-03 22:59:59.999,506595.69448900,2639,119445424.00,228522.21778800,0
2026-03-03 23:00:00,0.001914,0.001945,0.001913,0.001919,147265932.0,2026-03-03 23:59:59.999,284158.63689800,2321,79167027.00,152784.93336700,0
2026-03-04 00:00:00,0.00192,0.001925,0.001898,0.001912,161587875.0,2026-03-04 00:59:59.999,308930.56461600,2141,82286575.00,157359.77353000,0
2026-03-04 01:00:00,0.001912,0.001931,0.001902,0.001908,344376922.0,2026-03-04 01:59:59.999,659946.03532900,4304,159637501.00,305954.17478500,0
2026-03-04 02:00:00,0.001909,0.001915,0.001895,0.001914,111873744.0,2026-03-04 02:59:59.999,213072.30685700,1285,56137084.00,106925.77108500,0
2026-03-04 03:00:00,0.001914,0.001914,0.00187,0.001878,382173935.0,2026-03-04 03:59:59.999,720586.81209200,5004,130871976.00,247078.05840100,0
2026-03-04 04:00:00,0.001879,0.001887,0.001863,0.001885,158527132.0,2026-03-04 04:59:59.999,297027.54010200,2103,78657468.00,147493.42201600,0
2026-03-04 05:00:00,0.001884,0.001898,0.001873,0.00189,182734036.0,2026-03-04 05:59:59.999,344071.45252700,2019,93088971.00,175168.29976100,0
2026-03-04 06:00:00,0.00189,0.00191,0.001881,0.001906,439742516.0,2026-03-04 06:59:59.999,833191.11926800,3587,262656710.00,497699.43722900,0
2026-03-04 07:00:00,0.001905,0.001941,0.001901,0.001941,317960429.0,2026-03-04 07:59:59.999,611035.59539100,3262,195689209.00,376094.61017300,0
2026-03-04 08:00:00,0.001941,0.002015,0.001933,0.002015,741858089.0,2026-03-04 08:59:59.999,1458616.46251600,10080,381697849.00,749431.85376400,0
2026-03-04 09:00:00,0.002015,0.00207,0.00201,0.00204,952392231.0,2026-03-04 09:59:59.999,1945365.39972300,14505,492256604.00,1006341.45056700,0
2026-03-04 10:00:00,0.002041,0.002054,0.002019,0.002034,309455446.0,2026-03-04 10:59:59.999,629479.18152400,4927,122861323.00,250050.76887200,0
2026-03-04 11:00:00,0.002034,0.00204,0.002002,0.002007,253426392.0,2026-03-04 11:59:59.999,511918.81405000,5124,90895912.00,183602.46682800,0
2026-03-04 12:00:00,0.002007,0.002015,0.001987,0.002006,304471367.0,2026-03-04 12:59:59.999,609392.79408900,3586,122786463.00,245837.70196700,0
2026-03-04 13:00:00,0.002006,0.002064,0.002002,0.002063,400700339.0,2026-03-04 13:59:59.999,813867.65121600,5828,204436888.00,415468.21268100,0
2026-03-04 14:00:00,0.002063,0.002119,0.002061,0.002092,1285487586.0,2026-03-04 14:59:59.999,2683457.72119300,13913,632944867.00,1321785.43100400,0
2026-03-04 15:00:00,0.002092,0.00211,0.002073,0.002104,771356266.0,2026-03-04 15:59:59.999,1614020.03143700,10812,370798652.00,776131.57959200,0
2026-03-04 16:00:00,0.002103,0.002131,0.002065,0.002066,669607601.0,2026-03-04 16:59:59.999,1404042.82638500,9935,315378234.00,661974.05827200,0
2026-03-04 17:00:00,0.002066,0.002094,0.002061,0.002078,346572289.0,2026-03-04 17:59:59.999,719789.33781800,5834,162198664.00,336989.94792200,0
2026-03-04 18:00:00,0.002078,0.002103,0.002064,0.002102,221448747.0,2026-03-04 18:59:59.999,460833.75866000,3678,105734303.00,220226.93514700,0
2026-03-04 19:00:00,0.002103,0.002137,0.002094,0.002123,440864182.0,2026-03-04 19:59:59.999,934926.54615700,6878,216339283.00,458855.57623900,0
2026-03-04 20:00:00,0.002123,0.002133,0.00208,0.00208,514584802.0,2026-03-04 20:59:59.999,1084459.42233400,6639,213685112.00,450187.19501600,0
2026-03-04 21:00:00,0.002081,0.002086,0.002056,0.002085,251561311.0,2026-03-04 21:59:59.999,521038.65506200,3782,91255139.00,189220.52800700,0
2026-03-04 22:00:00,0.002084,0.002105,0.002065,0.002068,238296757.0,2026-03-04 22:59:59.999,497893.62132900,3232,122879450.00,256995.46295500,0
2026-03-04 23:00:00,0.002068,0.002073,0.002037,0.00205,428816052.0,2026-03-04 23:59:59.999,879764.85289700,5625,229460912.00,471038.93997000,0
2026-03-05 00:00:00,0.002049,0.002057,0.002035,0.002037,115831587.0,2026-03-05 00:59:59.999,236684.99043900,1902,61006974.00,124686.02236700,0
2026-03-05 01:00:00,0.002036,0.00205,0.00201,0.002018,163066727.0,2026-03-05 01:59:59.999,330682.59850700,2717,73079069.00,148327.68965900,0
2026-03-05 02:00:00,0.002018,0.002042,0.002016,0.002033,279894002.0,2026-03-05 02:59:59.999,569248.89433900,3105,151562404.00,308106.79333100,0
2026-03-05 03:00:00,0.002033,0.002044,0.002023,0.002031,145164921.0,2026-03-05 03:59:59.999,294955.58283400,2382,65599582.00,133322.51288700,0
2026-03-05 04:00:00,0.002031,0.002049,0.002028,0.002041,163862439.0,2026-03-05 04:59:59.999,334152.61681000,2403,84464731.00,172257.06643400,0
2026-03-05 05:00:00,0.002041,0.002046,0.002027,0.002035,116746788.0,2026-03-05 05:59:59.999,237355.86587300,1833,56365982.00,114571.31391000,0
2026-03-05 06:00:00,0.002035,0.002049,0.002014,0.002047,201958416.0,2026-03-05 06:59:59.999,409960.67734100,2556,90677881.00,184071.26267900,0
2026-03-05 07:00:00,0.002047,0.002056,0.002009,0.002018,295748827.0,2026-03-05 07:59:59.999,601063.84460200,3846,114781160.00,233628.70135800,0
2026-03-05 08:00:00,0.002019,0.002027,0.002008,0.002023,147136786.0,2026-03-05 08:59:59.999,297010.14848200,1945,64309062.00,129891.29046200,0
2026-03-05 09:00:00,0.002022,0.002087,0.002021,0.002087,534758749.0,2026-03-05 09:59:59.999,1099074.84053900,4887,241684781.00,497094.19234500,0
2026-03-05 10:00:00,0.002086,0.002116,0.002077,0.002102,476150120.0,2026-03-05 10:59:59.999,998217.89755400,5928,195005931.00,408671.24479500,0
2026-03-05 11:00:00,0.002102,0.002124,0.002081,0.002101,536710923.0,2026-03-05 11:59:59.999,1129633.41374500,5557,304284012.00,640753.62211300,0
2026-03-05 12:00:00,0.002101,0.002121,0.002084,0.0021,293750516.0,2026-03-05 12:59:59.999,617332.95776700,3691,148913596.00,313061.38996500,0
2026-03-05 13:00:00,0.002101,0.002103,0.002047,0.002065,439957538.0,2026-03-05 13:59:59.999,910455.11793800,5496,209299576.00,433164.26634800,0
2026-03-05 14:00:00,0.002066,0.002084,0.00205,0.002075,511434869.0,2026-03-05 14:59:59.999,1056074.89994400,7649,223150119.00,460973.56354500,0
2026-03-05 15:00:00,0.002076,0.00208,0.002032,0.002053,404416754.0,2026-03-05 15:59:59.999,828087.83429400,5870,196373423.00,402076.94424100,0
2026-03-05 16:00:00,0.002053,0.002055,0.001989,0.002018,626097860.0,2026-03-05 16:59:59.999,1260302.78163700,7195,268029385.00,539647.45351000,0
2026-03-05 17:00:00,0.002018,0.002035,0.001985,0.001988,270396347.0,2026-03-05 17:59:59.999,541971.16346300,3655,136112453.00,272930.19457500,0
2026-03-05 18:00:00,0.001988,0.002016,0.001987,0.002006,216950325.0,2026-03-05 18:59:59.999,434030.23323100,2541,115399705.00,230744.83965800,0
2026-03-05 19:00:00,0.002007,0.002039,0.002006,0.002023,188562459.0,2026-03-05 19:59:59.999,381895.14789500,2556,85194050.00,172555.14494600,0
2026-03-05 20:00:00,0.002023,0.002058,0.002018,0.002051,254366099.0,2026-03-05 20:59:59.999,519525.43985900,3213,146728752.00,299653.06950600,0
2026-03-05 21:00:00,0.00205,0.002064,0.002026,0.002029,199601027.0,2026-03-05 21:59:59.999,407756.22768200,2710,97426598.00,199255.64878200,0
2026-03-05 22:00:00,0.00203,0.00205,0.002027,0.002042,149406144.0,2026-03-05 22:59:59.999,304711.62683000,1916,76840608.00,156829.19917800,0
2026-03-05 23:00:00,0.002042,0.002046,0.002021,0.002025,91112244.0,2026-03-05 23:59:59.999,185201.61752600,1948,33563114.00,68243.26086600,0
2026-03-06 00:00:00,0.002025,0.002034,0.002,0.002006,303836181.0,2026-03-06 00:59:59.999,611924.25455800,2890,107518077.00,216573.48561000,0
2026-03-06 01:00:00,0.002007,0.002024,0.001996,0.002016,361433259.0,2026-03-06 01:59:59.999,725855.84859600,3869,157861750.00,316958.51456700,0
2026-03-06 02:00:00,0.002016,0.002025,0.001997,0.002007,274852395.0,2026-03-06 02:59:59.999,552352.99644800,4217,144149123.00,289772.14537800,0
2026-03-06 03:00:00,0.002008,0.002034,0.002004,0.002033,126862919.0,2026-03-06 03:59:59.999,255819.05682200,2273,78375611.00,158117.92421600,0
2026-03-06 04:00:00,0.002032,0.002038,0.002015,0.002033,214624897.0,2026-03-06 04:59:59.999,435184.82806300,2923,117677072.00,238721.32026900,0
2026-03-06 05:00:00,0.002032,0.002046,0.002016,0.002035,188736148.0,2026-03-06 05:59:59.999,383349.64009700,2857,93563053.00,190021.27187300,0
2026-03-06 06:00:00,0.002035,0.002073,0.002035,0.002071,296616955.0,2026-03-06 06:59:59.999,608529.35858400,3747,174328428.00,357596.90515600,0
2026-03-06 07:00:00,0.002071,0.002092,0.002063,0.002082,242109530.0,2026-03-06 07:59:59.999,503057.21448600,3716,132550433.00,275401.11031400,0
2026-03-06 08:00:00,0.002083,0.002084,0.002057,0.002062,101961474.0,2026-03-06 08:59:59.999,210559.04062800,1901,49983699.00,103182.93429900,0
2026-03-06 09:00:00,0.002063,0.002064,0.002002,0.002029,524615801.0,2026-03-06 09:59:59.999,1062306.99276700,6757,254920101.00,516103.58538900,0
2026-03-06 10:00:00,0.002029,0.002046,0.002019,0.002021,215575989.0,2026-03-06 10:59:59.999,437973.62504400,3016,107764219.00,218951.00946400,0
2026-03-06 11:00:00,0.00202,0.002028,0.002001,0.002006,157340522.0,2026-03-06 11:59:59.999,316980.65725300,2715,68339575.00,137722.00092500,0
2026-03-06 12:00:00,0.002006,0.002009,0.001943,0.001961,887040542.0,2026-03-06 12:59:59.999,1749207.50548500,9520,336975819.00,664158.75548100,0
2026-03-06 13:00:00,0.00196,0.001983,0.001942,0.001943,635052203.0,2026-03-06 13:59:59.999,1248439.57261500,8202,332559017.00,653832.56836600,0
2026-03-06 14:00:00,0.001943,0.001958,0.001883,0.001895,1467402266.0,2026-03-06 14:59:59.999,2806199.10059900,16385,720733164.00,1378482.01307800,0
2026-03-06 15:00:00,0.001895,0.001921,0.001883,0.0019,505029750.0,2026-03-06 15:59:59.999,960295.87056300,5590,243588422.00,463165.83290500,0
2026-03-06 16:00:00,0.001899,0.001908,0.001884,0.001888,250997685.0,2026-03-06 16:59:59.999,475691.91057100,3296,122765744.00,232628.23381200,0
2026-03-06 17:00:00,0.001888,0.001897,0.001841,0.001852,589632082.0,2026-03-06 17:59:59.999,1098481.59489700,5062,264817700.00,493790.69008100,0
2026-03-06 18:00:00,0.001852,0.001873,0.001852,0.001858,383220593.0,2026-03-06 18:59:59.999,714093.64171100,3997,144587030.00,269505.22179200,0
2026-03-06 19:00:00,0.001858,0.001875,0.001844,0.001851,574900172.0,2026-03-06 19:59:59.999,1067817.10304300,5269,203669192.00,378330.64862500,0
2026-03-06 20:00:00,0.001851,0.001868,0.001843,0.001866,706811354.0,2026-03-06 20:59:59.999,1309435.17848100,6802,211708554.00,392358.58321900,0
2026-03-06 21:00:00,0.001866,0.001888,0.001857,0.001887,286687002.0,2026-03-06 21:59:59.999,535596.66965100,2809,145536050.00,271995.86335300,0
2026-03-06 22:00:00,0.001887,0.001888,0.001877,0.001881,128532042.0,2026-03-06 22:59:59.999,241847.89954200,1101,60152424.00,113147.44485100,0
2026-03-06 23:00:00,0.001881,0.001881,0.001854,0.001857,108633180.0,2026-03-06 23:59:59.999,203128.80928500,1684,61024448.00,114006.39224600,0
2026-03-07 00:00:00,0.001858,0.001868,0.001855,0.001858,82121837.0,2026-03-07 00:59:59.999,152815.70006700,1331,45790382.00,85207.31178100,0
2026-03-07 01:00:00,0.001857,0.001868,0.001854,0.001863,75528288.0,2026-03-07 01:59:59.999,140462.55013700,1099,38687000.00,71938.25243700,0
2026-03-07 02:00:00,0.001863,0.001872,0.001855,0.001864,101771840.0,2026-03-07 02:59:59.999,189513.61435100,1111,55102467.00,102591.17180700,0
2026-03-07 03:00:00,0.001865,0.00188,0.001863,0.001864,86339201.0,2026-03-07 03:59:59.999,161413.73475100,1307,41497844.00,77615.74021200,0
2026-03-07 04:00:00,0.001865,0.001872,0.001851,0.001863,146668352.0,2026-03-07 04:59:59.999,272841.65865200,1667,53727559.00,99959.91631000,0
2026-03-07 05:00:00,0.001863,0.001883,0.001856,0.00188,112906924.0,2026-03-07 05:59:59.999,211125.32175900,1207,64114647.00,120031.19816100,0
2026-03-07 06:00:00,0.00188,0.001881,0.001857,0.001861,85643355.0,2026-03-07 06:59:59.999,159748.86098900,1328,45113018.00,84175.60759700,0
2026-03-07 07:00:00,0.001862,0.001866,0.001852,0.001863,146783506.0,2026-03-07 07:59:59.999,272919.03859500,1763,68533750.00,127471.66513000,0
2026-03-07 08:00:00,0.001862,0.001878,0.001861,0.001871,89780926.0,2026-03-07 08:59:59.999,167994.39045800,1455,55973476.00,104704.51447600,0
2026-03-07 09:00:00,0.001872,0.001906,0.001868,0.001905,138096883.0,2026-03-07 09:59:59.999,261013.72012500,2450,78414405.00,148217.02667900,0
2026-03-07 10:00:00,0.001905,0.001926,0.001899,0.001926,131352402.0,2026-03-07 10:59:59.999,250909.62197600,2317,72626797.00,138772.18412500,0
2026-03-07 11:00:00,0.001925,0.001948,0.001913,0.001917,312427728.0,2026-03-07 11:59:59.999,603923.08993400,3991,156496649.00,302702.45248200,0
2026-03-07 12:00:00,0.001917,0.001935,0.001896,0.001901,225018394.0,2026-03-07 12:59:59.999,431195.93987000,3602,99277006.00,190356.71815900,0
2026-03-07 13:00:00,0.001902,0.001935,0.0019,0.001933,181482599.0,2026-03-07 13:59:59.999,348535.55772300,2811,90667445.00,174172.62646500,0
2026-03-07 14:00:00,0.001933,0.001933,0.001905,0.001925,241964777.0,2026-03-07 14:59:59.999,464035.67484700,4096,119313012.00,228775.27195500,0
2026-03-07 15:00:00,0.001925,0.001931,0.001903,0.00192,208436114.0,2026-03-07 15:59:59.999,399813.64934600,3275,87849677.00,168546.87659300,0
2026-03-07 16:00:00,0.00192,0.00193,0.001901,0.001908,80367352.0,2026-03-07 16:59:59.999,153719.81763900,1634,41600678.00,79550.93729000,0
2026-03-07 17:00:00,0.001908,0.001924,0.001908,0.001916,100246563.0,2026-03-07 17:59:59.999,192141.05620400,1651,44550937.00,85420.61070300,0
2026-03-07 18:00:00,0.001916,0.001916,0.001898,0.001903,137652500.0,2026-03-07 18:59:59.999,262223.46596800,2257,57346513.00,109293.96309800,0
2026-03-07 19:00:00,0.001903,0.001903,0.00186,0.001868,230243045.0,2026-03-07 19:59:59.999,433381.84523000,3133,60633327.00,114248.51301400,0
2026-03-07 20:00:00,0.001869,0.001884,0.001869,0.001878,79783321.0,2026-03-07 20:59:59.999,149786.52581400,1722,21803035.00,40953.57511100,0
2026-03-07 21:00:00,0.001878,0.001884,0.001865,0.001877,88695595.0,2026-03-07 21:59:59.999,166209.45957600,1754,23926556.00,44858.85973400,0
2026-03-07 22:00:00,0.001878,0.001879,0.00186,0.001868,74016265.0,2026-03-07 22:59:59.999,138325.74513100,1509,26334867.00,49205.41351100,0
2026-03-07 23:00:00,0.001869,0.001887,0.001867,0.001885,55511174.0,2026-03-07 23:59:59.999,104447.43902000,1021,17718062.00,33350.29243400,0
2026-03-08 00:00:00,0.001885,0.00189,0.001871,0.001877,132775057.0,2026-03-08 00:59:59.999,249305.18113300,1779,46740881.00,87761.04626800,0
2026-03-08 01:00:00,0.001877,0.001899,0.001873,0.001896,102147255.0,2026-03-08 01:59:59.999,192280.36712900,1364,46985858.00,88462.88817600,0
2026-03-08 02:00:00,0.001895,0.001902,0.001874,0.001881,193983356.0,2026-03-08 02:59:59.999,366462.28629500,2604,94509180.00,178715.31353100,0
2026-03-08 03:00:00,0.001881,0.001898,0.001879,0.001882,112210561.0,2026-03-08 03:59:59.999,211935.43842700,1585,48969663.00,92557.65768200,0
2026-03-08 04:00:00,0.001882,0.001888,0.001855,0.001862,218468809.0,2026-03-08 04:59:59.999,408536.64195500,2277,55361787.00,103689.03841400,0
2026-03-08 05:00:00,0.001863,0.001893,0.001863,0.001883,128533327.0,2026-03-08 05:59:59.999,241959.69919400,1752,46533258.00,87567.92977900,0
2026-03-08 06:00:00,0.001884,0.001885,0.001865,0.001872,137332227.0,2026-03-08 06:59:59.999,257354.19223400,1421,42331574.00,79346.47819800,0
2026-03-08 07:00:00,0.001872,0.001896,0.001871,0.001885,92662408.0,2026-03-08 07:59:59.999,174911.85370500,1415,48967723.00,92411.00265200,0
2026-03-08 08:00:00,0.001885,0.001894,0.001869,0.001886,96639750.0,2026-03-08 08:59:59.999,181688.82564700,1418,49957342.00,93936.39247200,0
2026-03-08 09:00:00,0.001887,0.001931,0.001878,0.001926,424689410.0,2026-03-08 09:59:59.999,812773.37889700,4324,259464412.00,496911.94310700,0
2026-03-08 10:00:00,0.001927,0.001949,0.00192,0.001922,181790059.0,2026-03-08 10:59:59.999,351295.27758700,2529,70981293.00,137185.42366000,0
2026-03-08 11:00:00,0.001921,0.001921,0.001897,0.001905,188920397.0,2026-03-08 11:59:59.999,360142.71098100,2836,100195682.00,190923.42294700,0
2026-03-08 12:00:00,0.001904,0.001924,0.00188,0.001915,231450570.0,2026-03-08 12:59:59.999,440162.02345500,3463,103429005.00,196700.58901000,0
2026-03-08 13:00:00,0.001914,0.001919,0.001878,0.001903,230568896.0,2026-03-08 13:59:59.999,437627.30959500,3889,85879235.00,163006.62338800,0
2026-03-08 14:00:00,0.001903,0.001914,0.001889,0.001902,143271232.0,2026-03-08 14:59:59.999,272276.69289700,2212,47649526.00,90642.41125300,0
2026-03-08 15:00:00,0.001901,0.001907,0.001883,0.001899,188186979.0,2026-03-08 15:59:59.999,356239.73079900,2499,69747633.00,132061.89521700,0
2026-03-08 16:00:00,0.001899,0.001937,0.001891,0.001931,367950009.0,2026-03-08 16:59:59.999,704658.43150300,4737,194361448.00,372093.86204000,0
2026-03-08 17:00:00,0.001931,0.001949,0.001915,0.001933,283328518.0,2026-03-08 17:59:59.999,547428.73598900,4167,127197136.00,245737.44101000,0
2026-03-08 18:00:00,0.001934,0.001944,0.001921,0.001935,154260409.0,2026-03-08 18:59:59.999,298285.16483300,2748,68450708.00,132363.29563100,0
2026-03-08 19:00:00,0.001935,0.001996,0.00193,0.001984,376718661.0,2026-03-08 19:59:59.999,742006.72034700,5102,169524802.00,334486.11990000,0
2026-03-08 20:00:00,0.001984,0.002006,0.001968,0.001983,294993978.0,2026-03-08 20:59:59.999,585306.99297600,4695,132771615.00,263405.05868600,0
2026-03-08 21:00:00,0.001984,0.001985,0.001952,0.001963,421277519.0,2026-03-08 21:59:59.999,828402.65751000,3908,243507047.00,478990.10783800,0
2026-03-08 22:00:00,0.001962,0.001962,0.001901,0.001908,812492087.0,2026-03-08 22:59:59.999,1560445.92223400,9598,285323425.00,548181.13776400,0
2026-03-08 23:00:00,0.001909,0.00193,0.001904,0.001917,340787609.0,2026-03-08 23:59:59.999,653463.03725800,3501,145275358.00,278585.67517900,0
2026-03-09 00:00:00,0.001916,0.001979,0.001915,0.001945,409586857.0,2026-03-09 00:59:59.999,797050.51524200,4827,228074840.00,443966.70218300,0
2026-03-09 01:00:00,0.001945,0.001951,0.001916,0.001917,262796346.0,2026-03-09 01:59:59.999,508916.70844200,3342,129396067.00,250819.90441800,0
2026-03-09 02:00:00,0.001917,0.001962,0.001904,0.00195,282261291.0,2026-03-09 02:59:59.999,544774.48015100,3030,132952225.00,256712.81706200,0
2026-03-09 03:00:00,0.001949,0.001997,0.001946,0.001961,479008012.0,2026-03-09 03:59:59.999,943924.90447300,6482,226266124.00,445965.44507900,0
2026-03-09 04:00:00,0.001962,0.00198,0.001954,0.001955,261645766.0,2026-03-09 04:59:59.999,514921.15717900,2378,145851024.00,287084.80955400,0
2026-03-09 05:00:00,0.001955,0.002001,0.00195,0.001992,304321005.0,2026-03-09 05:59:59.999,602192.34408700,4178,148359024.00,293667.29461400,0
2026-03-09 06:00:00,0.001992,0.001993,0.001938,0.00194,292370864.0,2026-03-09 06:59:59.999,574935.73139500,3246,127299912.00,250666.38350700,0
2026-03-09 07:00:00,0.00194,0.001956,0.001916,0.001947,377961155.0,2026-03-09 07:59:59.999,730938.22405300,4350,189866510.00,367442.92933000,0
2026-03-09 08:00:00,0.001946,0.001951,0.001934,0.001937,130590461.0,2026-03-09 08:59:59.999,253687.39803200,1778,72141418.00,140155.63751500,0
2026-03-09 09:00:00,0.001938,0.001965,0.001931,0.001946,244989669.0,2026-03-09 09:59:59.999,477548.75090300,2908,109902286.00,214240.63103800,0
2026-03-09 10:00:00,0.001947,0.001948,0.001926,0.001932,174166758.0,2026-03-09 10:59:59.999,337224.09196000,2171,66148566.00,128093.49057600,0
2026-03-09 11:00:00,0.001932,0.00195,0.00192,0.001944,153118604.0,2026-03-09 11:59:59.999,295939.49007000,2058,81190786.00,157045.32268900,0
2026-03-09 12:00:00,0.001945,0.001962,0.001943,0.001948,152860165.0,2026-03-09 12:59:59.999,298427.11667500,1955,65203300.00,127325.94284000,0
2026-03-09 13:00:00,0.001948,0.00199,0.001945,0.001972,382845920.0,2026-03-09 13:59:59.999,755055.34557600,3988,186576279.00,368070.20163500,0
2026-03-09 14:00:00,0.001972,0.001985,0.00195,0.001965,435715952.0,2026-03-09 14:59:59.999,857770.46154900,4943,217589315.00,428489.25390300,0
2026-03-09 15:00:00,0.001966,0.001967,0.001932,0.001945,265668105.0,2026-03-09 15:59:59.999,517230.18935500,3381,145475734.00,283258.02553700,0
2026-03-09 16:00:00,0.001944,0.001962,0.001939,0.001943,216968541.0,2026-03-09 16:59:59.999,422834.52574800,3771,113833692.00,221812.04531200,0
2026-03-09 17:00:00,0.001944,0.001972,0.001939,0.001969,196905496.0,2026-03-09 17:59:59.999,384748.91398500,3450,103168471.00,201559.49778400,0
2026-03-09 18:00:00,0.001969,0.001983,0.001954,0.001979,340204487.0,2026-03-09 18:59:59.999,670111.77366800,4543,131038091.00,258129.41115300,0
2026-03-09 19:00:00,0.00198,0.002029,0.001968,0.001991,497599586.0,2026-03-09 19:59:59.999,995221.33674500,7349,227805506.00,455286.28175300,0
2026-03-09 20:00:00,0.001992,0.001997,0.001977,0.001986,112218922.0,2026-03-09 20:59:59.999,223120.88514500,2005,54226660.00,107861.31520500,0
2026-03-09 21:00:00,0.001986,0.002008,0.001982,0.002006,92604540.0,2026-03-09 21:59:59.999,184783.26730700,1455,37814238.00,75480.06024800,0
2026-03-09 22:00:00,0.002006,0.002008,0.001963,0.001967,235234813.0,2026-03-09 22:59:59.999,465522.55334700,2193,82140922.00,162670.66221800,0
2026-03-09 23:00:00,0.001967,0.001977,0.001945,0.001954,192814835.0,2026-03-09 23:59:59.999,378265.12340000,2252,79898120.00,156811.05080200,0
2026-03-10 00:00:00,0.001953,0.001973,0.001947,0.001962,167913223.0,2026-03-10 00:59:59.999,329357.13837200,2064,79131557.00,155158.14991600,0
2026-03-10 01:00:00,0.001961,0.001979,0.001946,0.00197,124089373.0,2026-03-10 01:59:59.999,243404.17234900,2102,57466681.00,112774.13149000,0
2026-03-10 02:00:00,0.00197,0.002011,0.001963,0.002003,292168014.0,2026-03-10 02:59:59.999,581161.93196900,4106,163357043.00,324990.75519800,0
2026-03-10 03:00:00,0.002002,0.002036,0.001991,0.001998,419562715.0,2026-03-10 03:59:59.999,846183.37954900,4200,203586138.00,410601.47307300,0
2026-03-10 04:00:00,0.001998,0.002045,0.001991,0.002039,275066283.0,2026-03-10 04:59:59.999,557353.11224000,3813,133264548.00,269932.70777600,0
2026-03-10 05:00:00,0.00204,0.002051,0.002021,0.00203,225053704.0,2026-03-10 05:59:59.999,459253.05851700,3421,120207315.00,245549.51620400,0
2026-03-10 06:00:00,0.002029,0.002031,0.00201,0.002023,83860341.0,2026-03-10 06:59:59.999,169612.39639800,1817,32750397.00,66248.72922400,0
2026-03-10 07:00:00,0.002022,0.002055,0.002019,0.002043,214369737.0,2026-03-10 07:59:59.999,437901.38602600,2653,99478187.00,203057.75771400,0
2026-03-10 08:00:00,0.002044,0.002069,0.002041,0.002048,219674403.0,2026-03-10 08:59:59.999,451706.84411900,3696,106939070.00,219873.90006200,0
2026-03-10 09:00:00,0.002049,0.002069,0.002042,0.002066,208083908.0,2026-03-10 09:59:59.999,428474.82478400,2263,92841201.00,191154.49514000,0
2026-03-10 10:00:00,0.002066,0.002074,0.002049,0.002069,170826025.0,2026-03-10 10:59:59.999,351327.24374500,1947,89821742.00,184642.22531300,0
2026-03-10 11:00:00,0.002069,0.002194,0.002051,0.002072,542624494.0,2026-03-10 11:59:59.999,1124694.37818400,7192,281815083.00,585413.46421900,0
2026-03-10 12:00:00,0.002071,0.002073,0.002034,0.002063,289915478.0,2026-03-10 12:59:59.999,593526.76479000,3319,121115263.00,247893.27321600,0
2026-03-10 13:00:00,0.002063,0.002081,0.002037,0.002053,378683934.0,2026-03-10 13:59:59.999,779525.35562000,5247,157249593.00,323799.95840800,0
2026-03-10 14:00:00,0.002053,0.002089,0.00202,0.002085,529825923.0,2026-03-10 14:59:59.999,1087774.50608700,5888,235618065.00,483789.13245600,0
2026-03-10 15:00:00,0.002085,0.002099,0.002065,0.002089,489130600.0,2026-03-10 15:59:59.999,1018023.75225300,6141,186991515.00,389184.26031300,0
2026-03-10 16:00:00,0.002089,0.002117,0.00207,0.002089,841667467.0,2026-03-10 16:59:59.999,1765743.19475400,9055,271607077.00,570018.21575100,0
2026-03-10 17:00:00,0.002088,0.002089,0.002058,0.002073,398536244.0,2026-03-10 17:59:59.999,827091.78146400,4707,154120841.00,319872.43833700,0
2026-03-10 18:00:00,0.002074,0.002078,0.002029,0.00204,449660513.0,2026-03-10 18:59:59.999,921279.32074000,5873,177895706.00,364939.41751800,0
2026-03-10 19:00:00,0.00204,0.002057,0.002025,0.002042,262020389.0,2026-03-10 19:59:59.999,534290.89209700,3316,110921149.00,226346.66169600,0
2026-03-10 20:00:00,0.002041,0.002061,0.002039,0.002041,128728443.0,2026-03-10 20:59:59.999,263643.44137900,1789,42119995.00,86340.27561600,0
2026-03-10 21:00:00,0.002041,0.002047,0.001985,0.001989,555514700.0,2026-03-10 21:59:59.999,1116582.30700400,4715,141127126.00,283316.30335400,0
2026-03-10 22:00:00,0.001989,0.002011,0.001981,0.001988,495979313.0,2026-03-10 22:59:59.999,989121.65447400,4952,144562300.00,288335.98239700,0
2026-03-10 23:00:00,0.001988,0.002009,0.001988,0.002007,122400497.0,2026-03-10 23:59:59.999,244858.88521400,2010,46537781.00,93085.97261900,0
2026-03-11 00:00:00,0.002006,0.002018,0.001999,0.002012,239880201.0,2026-03-11 00:59:59.999,481721.47002200,2664,122706375.00,246508.68742700,0
2026-03-11 01:00:00,0.002012,0.00202,0.002001,0.002008,194527676.0,2026-03-11 01:59:59.999,391320.70634600,2311,95187546.00,191495.94537100,0
2026-03-11 02:00:00,0.002008,0.002012,0.001996,0.00201,170709497.0,2026-03-11 02:59:59.999,342402.92188200,2316,69039115.00,138521.28105100,0
2026-03-11 03:00:00,0.00201,0.002012,0.001993,0.001996,386690795.0,2026-03-11 03:59:59.999,774040.44519400,3064,221190000.00,443045.87134000,0
2026-03-11 04:00:00,0.001995,0.002019,0.001991,0.002018,282949522.0,2026-03-11 04:59:59.999,566960.25596500,3076,178706803.00,357925.04808200,0
2026-03-11 05:00:00,0.002017,0.002022,0.001988,0.001989,182112248.0,2026-03-11 05:59:59.999,364269.32864900,2206,38176087.00,76296.51466600,0
2026-03-11 06:00:00,0.001989,0.002008,0.001987,0.002002,155411654.0,2026-03-11 06:59:59.999,311110.28305100,1870,99804867.00,199999.34089800,0
2026-03-11 07:00:00,0.002002,0.002005,0.001975,0.001986,168408973.0,2026-03-11 07:59:59.999,334240.95191300,2223,53818222.00,106786.06482400,0
2026-03-11 08:00:00,0.001985,0.00199,0.001974,0.00198,193065814.0,2026-03-11 08:59:59.999,382405.28546200,2891,92519835.00,183345.13816200,0
2026-03-11 09:00:00,0.00198,0.001987,0.00197,0.001973,108082522.0,2026-03-11 09:59:59.999,213870.46685100,1712,63732502.00,126186.51053400,0
2026-03-11 10:00:00,0.001973,0.001992,0.001969,0.001985,85474229.0,2026-03-11 10:59:59.999,169212.22301200,1438,49107632.00,97281.66344400,0
2026-03-11 11:00:00,0.001984,0.001988,0.001969,0.001971,120768968.0,2026-03-11 11:59:59.999,238840.90115700,1668,78968688.00,156151.31825800,0
2026-03-11 12:00:00,0.001972,0.002011,0.001961,0.001981,631137398.0,2026-03-11 12:59:59.999,1256914.50181300,5718,384380187.00,766833.91210200,0
2026-03-11 13:00:00,0.001981,0.002088,0.001978,0.002051,1253893951.0,2026-03-11 13:59:59.999,2552349.71592100,15087,666704297.00,1355544.87729100,0
2026-03-11 14:00:00,0.002052,0.002079,0.002029,0.00203,1084172906.0,2026-03-11 14:59:59.999,2223527.70146300,11317,608276239.00,1247010.47129000,0
2026-03-11 15:00:00,0.002031,0.002058,0.00201,0.002053,632585135.0,2026-03-11 15:59:59.999,1287083.81071300,8552,342068969.00,696912.68372300,0
2026-03-11 16:00:00,0.002053,0.002054,0.002021,0.002045,349104211.0,2026-03-11 16:59:59.999,710648.55631700,5649,136419311.00,277786.83025500,0
2026-03-11 17:00:00,0.002046,0.002061,0.002023,0.002029,364030156.0,2026-03-11 17:59:59.999,743620.12922600,4630,146579689.00,299664.76157500,0
2026-03-11 18:00:00,0.00203,0.002038,0.002008,0.002027,217360331.0,2026-03-11 18:59:59.999,440078.58661800,3037,72848652.00,147459.07986900,0
2026-03-11 19:00:00,0.002028,0.00203,0.002008,0.002021,497010172.0,2026-03-11 19:59:59.999,1003425.13054800,9086,259626733.00,524703.32330500,0
2026-03-11 20:00:00,0.00202,0.00203,0.002015,0.002027,93010616.0,2026-03-11 20:59:59.999,188120.00296300,2010,29356310.00,59395.45377500,0
2026-03-11 21:00:00,0.002028,0.002052,0.002026,0.002048,158041965.0,2026-03-11 21:59:59.999,322166.53533300,3137,99466663.00,202728.66583300,0
