timestamp,open,high,low,close,volume,close_time,quote_asset_volume,number_of_trades,taker_buy_base_volume,taker_buy_quote_volume,ignore
2026-01-22 08:00:00,1.0,1.0038,1.0,1.0008,1033699.0,2026-01-22 08:59:59.999,1034557.33560000,3046,321659.00000000,322059.33900000,0
2026-01-22 09:00:00,1.0007,1.0008,1.0006,1.0007,154164.0,2026-01-22 09:59:59.999,154274.53540000,569,28380.00000000,28402.56810000,0
2026-01-22 10:00:00,1.0007,1.0008,1.0006,1.0006,93938.0,2026-01-22 10:59:59.999,94007.88490000,513,50173.00000000,50213.04090000,0
2026-01-22 11:00:00,1.0007,1.0007,1.0005,1.0006,98979.0,2026-01-22 11:59:59.999,99034.49700000,496,2385.00000000,2386.66950000,0
2026-01-22 12:00:00,1.0007,1.0008,1.0006,1.0008,676107.0,2026-01-22 12:59:59.999,676590.94340000,478,108019.00000000,108105.38800000,0
2026-01-22 13:00:00,1.0008,1.0008,1.0006,1.0007,1006131.0,2026-01-22 13:59:59.999,1006806.57840000,1623,74971.00000000,75025.58650000,0
2026-01-22 14:00:00,1.0007,1.0008,1.0007,1.0008,35772.0,2026-01-22 14:59:59.999,35797.51610000,211,4757.00000000,4760.80560000,0
2026-01-22 15:00:00,1.0008,1.0008,1.0006,1.0008,121590.0,2026-01-22 15:59:59.999,121671.45460000,315,13365.00000000,13375.69200000,0
2026-01-22 16:00:00,1.0007,1.0008,1.0006,1.0007,142373.0,2026-01-22 16:59:59.999,142474.17800000,309,15458.00000000,15470.34230000,0
2026-01-22 17:00:00,1.0007,1.0008,1.0006,1.0007,101600.0,2026-01-22 17:59:59.999,101664.42380000,245,1985.00000000,1986.42690000,0
2026-01-22 18:00:00,1.0006,1.0008,1.0006,1.0007,84188.0,2026-01-22 18:59:59.999,84251.98550000,528,58604.00000000,58650.10250000,0
2026-01-22 19:00:00,1.0007,1.0008,1.0006,1.0008,11309.0,2026-01-22 19:59:59.999,11317.09230000,340,8593.00000000,8599.42740000,0
2026-01-22 20:00:00,1.0008,1.0008,1.0006,1.0008,4599.0,2026-01-22 20:59:59.999,4602.55100000,205,3318.00000000,3320.65440000,0
2026-01-22 21:00:00,1.0008,1.0008,1.0007,1.0007,53460.0,2026-01-22 21:59:59.999,53497.68970000,326,2677.00000000,2679.14160000,0
2026-01-22 22:00:00,1.0008,1.0008,1.0007,1.0007,49162.0,2026-01-22 22:59:59.999,49196.86970000,311,4563.00000000,4566.65040000,0
2026-01-22 23:00:00,1.0007,1.0008,1.0006,1.0008,84713.0,2026-01-22 23:59:59.999,84772.00980000,284,9179.00000000,9186.34320000,0
2026-01-23 00:00:00,1.0008,1.0008,1.0007,1.0007,16176.0,2026-01-23 00:59:59.999,16187.55260000,124,2294.00000000,2295.83520000,0
2026-01-23 01:00:00,1.0007,1.0008,1.0007,1.0007,50335.0,2026-01-23 01:59:59.999,50370.26890000,213,344.00000000,344.27520000,0
2026-01-23 02:00:00,1.0007,1.0008,1.0007,1.0008,13252.0,2026-01-23 02:59:59.999,13261.40840000,94,1320.00000000,1321.05600000,0
2026-01-23 03:00:00,1.0007,1.0008,1.0007,1.0007,19240.0,2026-01-23 03:59:59.999,19254.18070000,86,7127.00000000,7132.70160000,0
2026-01-23 04:00:00,1.0007,1.0009,1.0007,1.0007,2218.0,2026-01-23 04:59:59.999,2219.69320000,48,1261.00000000,1262.02330000,0
2026-01-23 05:00:00,1.0008,1.0009,1.0008,1.0009,25160.0,2026-01-23 05:59:59.999,25180.19190000,61,698.00000000,698.62230000,0
2026-01-23 06:00:00,1.0009,1.001,1.0008,1.001,19962.0,2026-01-23 06:59:59.999,19980.58880000,73,7454.00000000,7461.37780000,0
2026-01-23 07:00:00,1.0009,1.001,1.0009,1.001,5134.0,2026-01-23 07:59:59.999,5138.66150000,34,409.00000000,409.40900000,0
2026-01-23 08:00:00,1.001,1.0012,1.001,1.0011,3271.0,2026-01-23 08:59:59.999,3274.45620000,83,1777.00000000,1778.96220000,0
2026-01-23 09:00:00,1.0011,1.0011,1.0009,1.001,14841.0,2026-01-23 09:59:59.999,14854.79910000,138,4038.00000000,4042.06100000,0
2026-01-23 10:00:00,1.001,1.001,1.0009,1.0009,130259.0,2026-01-23 10:59:59.999,130377.08280000,139,8497.00000000,8505.49700000,0
2026-01-23 11:00:00,1.001,1.001,1.0009,1.001,21144.0,2026-01-23 11:59:59.999,21165.04240000,33,20128.00000000,20148.12800000,0
2026-01-23 12:00:00,1.0009,1.001,1.0009,1.001,8933.0,2026-01-23 12:59:59.999,8941.50200000,577,4623.00000000,4627.62300000,0
2026-01-23 13:00:00,1.001,1.001,1.0009,1.0009,9013.0,2026-01-23 13:59:59.999,9021.51080000,146,3991.00000000,3994.99100000,0
2026-01-23 14:00:00,1.001,1.001,1.0009,1.0009,23370.0,2026-01-23 14:59:59.999,23392.96620000,52,19332.00000000,19351.33200000,0
2026-01-23 15:00:00,1.0009,1.001,1.0009,1.0009,6633.0,2026-01-23 15:59:59.999,6639.59660000,34,6269.00000000,6275.26900000,0
2026-01-23 16:00:00,1.0009,1.001,1.0008,1.0009,87927.0,2026-01-23 16:59:59.999,88005.85860000,179,415.00000000,415.41500000,0
2026-01-23 17:00:00,1.0009,1.001,1.0008,1.001,97783.0,2026-01-23 17:59:59.999,97869.36860000,251,484.00000000,484.48400000,0
2026-01-23 18:00:00,1.0009,1.001,1.0007,1.0008,269780.0,2026-01-23 18:59:59.999,270017.46390000,59,163.00000000,163.14860000,0
2026-01-23 19:00:00,1.0008,1.001,1.0008,1.0009,56203.0,2026-01-23 19:59:59.999,56252.83690000,205,445.00000000,445.42990000,0
2026-01-23 20:00:00,1.001,1.001,1.0009,1.0009,391.0,2026-01-23 20:59:59.999,391.38180000,17,299.00000000,299.29900000,0
2026-01-23 21:00:00,1.001,1.001,1.0009,1.001,1261.0,2026-01-23 21:59:59.999,1262.25430000,117,1194.00000000,1195.19400000,0
2026-01-23 22:00:00,1.0009,1.001,1.0009,1.0009,1501.0,2026-01-23 22:59:59.999,1502.43450000,124,836.00000000,836.83600000,0
2026-01-23 23:00:00,1.0009,1.001,1.0009,1.0009,1410.0,2026-01-23 23:59:59.999,1411.30400000,80,350.00000000,350.35000000,0
2026-01-24 00:00:00,1.001,1.001,1.0009,1.001,2224.0,2026-01-24 00:59:59.999,2226.14980000,31,1482.00000000,1483.48200000,0
2026-01-24 01:00:00,1.001,1.0011,1.0009,1.0011,8344.0,2026-01-24 01:59:59.999,8352.24100000,31,6838.00000000,6844.87390000,0
2026-01-24 02:00:00,1.0011,1.0012,1.001,1.001,73288.0,2026-01-24 02:59:59.999,73363.26220000,43,1868.00000000,1870.07610000,0
2026-01-24 03:00:00,1.0011,1.0012,1.001,1.0012,13228.0,2026-01-24 03:59:59.999,13242.60820000,31,975.00000000,976.13280000,0
2026-01-24 04:00:00,1.0012,1.0012,1.0011,1.0011,1764.0,2026-01-24 04:59:59.999,1766.09400000,22,1536.00000000,1537.84320000,0
2026-01-24 05:00:00,1.0011,1.0012,1.001,1.001,7650.0,2026-01-24 05:59:59.999,7658.52210000,112,2307.00000000,2309.71300000,0
2026-01-24 06:00:00,1.0011,1.0013,1.0011,1.0013,990524.0,2026-01-24 06:59:59.999,991692.62390000,24,990316.00000000,991484.39510000,0
2026-01-24 07:00:00,1.0012,1.0013,1.0011,1.0012,255497.0,2026-01-24 07:59:59.999,255802.99530000,31,200090.00000000,200330.11430000,0
2026-01-24 08:00:00,1.0013,1.0013,1.0012,1.0012,2501.0,2026-01-24 08:59:59.999,2504.09200000,27,908.00000000,909.18040000,0
2026-01-24 09:00:00,1.0012,1.0014,1.0012,1.0014,36799.0,2026-01-24 09:59:59.999,36846.99500000,55,4118.00000000,4123.53560000,0
2026-01-24 10:00:00,1.0013,1.0014,1.0013,1.0013,1456.0,2026-01-24 10:59:59.999,1457.95900000,17,662.00000000,662.92680000,0
2026-01-24 11:00:00,1.0014,1.0014,1.0013,1.0014,3527.0,2026-01-24 11:59:59.999,3531.89940000,31,3143.00000000,3147.40020000,0
2026-01-24 12:00:00,1.0014,1.0014,1.0012,1.0012,393.0,2026-01-24 12:59:59.999,393.52620000,24,224.00000000,224.31310000,0
2026-01-24 13:00:00,1.0012,1.0013,1.0012,1.0012,4218.0,2026-01-24 13:59:59.999,4223.09690000,81,353.00000000,353.45890000,0
2026-01-24 14:00:00,1.0012,1.0013,1.0011,1.0011,46380.0,2026-01-24 14:59:59.999,46431.55200000,111,15.00000000,15.01880000,0
2026-01-24 15:00:00,1.0011,1.0013,1.0011,1.0012,202493.0,2026-01-24 15:59:59.999,202736.13110000,35,201776.00000000,202018.29320000,0
2026-01-24 16:00:00,1.0012,1.0013,1.0011,1.0013,255543.0,2026-01-24 16:59:59.999,255870.12970000,58,200103.00000000,200363.13390000,0
2026-01-24 17:00:00,1.0013,1.0014,1.0011,1.0014,352591.0,2026-01-24 17:59:59.999,353019.66250000,37,201695.00000000,201957.21770000,0
2026-01-24 18:00:00,1.0014,1.0014,1.0013,1.0014,438.0,2026-01-24 18:59:59.999,438.59400000,19,246.00000000,246.34440000,0
2026-01-24 19:00:00,1.0014,1.0014,1.0012,1.0014,17143.0,2026-01-24 19:59:59.999,17164.03630000,60,141.00000000,141.19740000,0
2026-01-24 20:00:00,1.0013,1.0014,1.0013,1.0013,1520.0,2026-01-24 20:59:59.999,1521.98720000,14,112.00000000,112.15680000,0
2026-01-24 21:00:00,1.0013,1.0013,1.0012,1.0012,13895.0,2026-01-24 21:59:59.999,13912.49900000,97,67.00000000,67.08710000,0
2026-01-24 22:00:00,1.0012,1.0013,1.0012,1.0012,366.0,2026-01-24 22:59:59.999,366.45320000,12,140.00000000,140.18200000,0
2026-01-24 23:00:00,1.0012,1.0013,1.0012,1.0012,14144.0,2026-01-24 23:59:59.999,14160.98320000,48,104.00000000,104.13520000,0
2026-01-25 00:00:00,1.0012,1.0014,1.0012,1.0013,13092.0,2026-01-25 00:59:59.999,13107.72790000,41,159.00000000,159.20830000,0
2026-01-25 01:00:00,1.0013,1.0014,1.0012,1.0014,1527.0,2026-01-25 01:59:59.999,1528.95010000,26,963.00000000,964.27060000,0
2026-01-25 02:00:00,1.0014,1.0014,1.0013,1.0013,3331.0,2026-01-25 02:59:59.999,3335.52610000,19,1958.00000000,1960.74120000,0
2026-01-25 03:00:00,1.0013,1.0014,1.0013,1.0014,2319.0,2026-01-25 03:59:59.999,2322.14210000,57,1274.00000000,1275.78360000,0
2026-01-25 04:00:00,1.0014,1.0014,1.0013,1.0014,1752.0,2026-01-25 04:59:59.999,1754.40240000,195,1248.00000000,1249.74720000,0
2026-01-25 05:00:00,1.0014,1.0014,1.0013,1.0014,1380.0,2026-01-25 05:59:59.999,1381.88790000,189,939.00000000,940.31460000,0
2026-01-25 06:00:00,1.0014,1.0014,1.0012,1.0014,14635.0,2026-01-25 06:59:59.999,14653.95030000,260,2866.00000000,2870.01240000,0
2026-01-25 07:00:00,1.0014,1.0014,1.0013,1.0014,13836.0,2026-01-25 07:59:59.999,13854.23610000,206,2493.00000000,2496.49020000,0
2026-01-25 08:00:00,1.0014,1.0014,1.0013,1.0013,22862.0,2026-01-25 08:59:59.999,22891.81860000,162,980.00000000,981.37200000,0
2026-01-25 09:00:00,1.0013,1.0014,1.0012,1.0013,1056.0,2026-01-25 09:59:59.999,1057.37430000,29,650.00000000,650.86960000,0
2026-01-25 10:00:00,1.0012,1.0013,1.0012,1.0012,1306.0,2026-01-25 10:59:59.999,1307.60430000,26,371.00000000,371.48230000,0
2026-01-25 11:00:00,1.0013,1.0013,1.0012,1.0013,486.0,2026-01-25 11:59:59.999,486.59190000,11,87.00000000,87.11310000,0
2026-01-25 12:00:00,1.0013,1.0013,1.0011,1.0012,96142.0,2026-01-25 12:59:59.999,96257.26260000,82,296.00000000,296.38480000,0
2026-01-25 13:00:00,1.0012,1.0012,1.0011,1.0012,203515.0,2026-01-25 13:59:59.999,203739.30400000,46,150.00000000,150.18000000,0
2026-01-25 14:00:00,1.0012,1.0012,1.0011,1.0011,2787.0,2026-01-25 14:59:59.999,2790.19180000,32,1261.00000000,1262.51320000,0
2026-01-25 15:00:00,1.0011,1.0012,1.0011,1.0011,2502.0,2026-01-25 15:59:59.999,2504.81160000,48,594.00000000,594.71280000,0
2026-01-25 16:00:00,1.0011,1.0012,1.0011,1.0012,39861.0,2026-01-25 16:59:59.999,39904.88180000,118,347.00000000,347.41640000,0
2026-01-25 17:00:00,1.0011,1.0012,1.001,1.0011,133296.0,2026-01-25 17:59:59.999,133439.87080000,271,3824.00000000,3828.40190000,0
2026-01-25 18:00:00,1.0011,1.0012,1.001,1.0011,55550.0,2026-01-25 18:59:59.999,55610.69220000,228,55.00000000,55.06600000,0
2026-01-25 19:00:00,1.0011,1.0012,1.0008,1.0008,51179.0,2026-01-25 19:59:59.999,51233.06870000,65,169.00000000,169.16820000,0
2026-01-25 20:00:00,1.0009,1.0009,1.0008,1.0009,16668.0,2026-01-25 20:59:59.999,16682.98410000,24,16497.00000000,16511.84730000,0
2026-01-25 21:00:00,1.0009,1.0009,1.0008,1.0008,631.0,2026-01-25 21:59:59.999,631.54000000,13,352.00000000,352.31680000,0
2026-01-25 22:00:00,1.0008,1.0009,1.0007,1.0008,297086.0,2026-01-25 22:59:59.999,297323.63860000,408,8.00000000,8.00720000,0
2026-01-25 23:00:00,1.0009,1.0009,1.0008,1.0008,43982.0,2026-01-25 23:59:59.999,44017.19770000,87,121.00000000,121.10890000,0
2026-01-26 00:00:00,1.0008,1.0009,1.0008,1.0008,2917.0,2026-01-26 00:59:59.999,2919.34570000,25,121.00000000,121.10890000,0
2026-01-26 01:00:00,1.0008,1.0009,1.0008,1.0008,112035.0,2026-01-26 01:59:59.999,112124.63690000,215,89.00000000,89.08010000,0
2026-01-26 02:00:00,1.0009,1.0009,1.0008,1.0008,428.0,2026-01-26 02:59:59.999,428.34370000,15,13.00000000,13.01170000,0
2026-01-26 03:00:00,1.0009,1.0009,1.0008,1.0009,1119.0,2026-01-26 03:59:59.999,1120.00640000,8,1105.00000000,1105.99450000,0
2026-01-26 04:00:00,1.0009,1.0011,1.0009,1.0011,19775.0,2026-01-26 04:59:59.999,19793.19160000,41,2514.00000000,2516.59720000,0
2026-01-26 05:00:00,1.0011,1.0011,1.001,1.0011,6732.0,2026-01-26 05:59:59.999,6739.20730000,13,4753.00000000,4758.22830000,0
2026-01-26 06:00:00,1.001,1.0011,1.001,1.0011,74319.0,2026-01-26 06:59:59.999,74393.66620000,94,3472.00000000,3475.81920000,0
2026-01-26 07:00:00,1.0011,1.0011,1.0008,1.0009,12372.0,2026-01-26 07:59:59.999,12383.93830000,161,2930.00000000,2932.91000000,0
2026-01-26 08:00:00,1.0009,1.0009,1.0008,1.0009,34927.0,2026-01-26 08:59:59.999,34955.95200000,63,10104.00000000,10113.09360000,0
2026-01-26 09:00:00,1.0009,1.0009,1.0008,1.0009,5086.0,2026-01-26 09:59:59.999,5090.54060000,116,4718.00000000,4722.24620000,0
2026-01-26 10:00:00,1.0009,1.0009,1.0008,1.0008,64008.0,2026-01-26 10:59:59.999,64061.14290000,199,19365.00000000,19382.42850000,0
2026-01-26 11:00:00,1.0009,1.0009,1.0008,1.0009,37922.0,2026-01-26 11:59:59.999,37954.25980000,105,19222.00000000,19239.29980000,0
2026-01-26 12:00:00,1.0009,1.0009,1.0008,1.0008,164549.0,2026-01-26 12:59:59.999,164681.18190000,100,5427.00000000,5431.88430000,0
2026-01-26 13:00:00,1.0007,1.0008,1.0006,1.0006,359557.0,2026-01-26 13:59:59.999,359798.98900000,154,39515.00000000,39544.70350000,0
2026-01-26 14:00:00,1.0007,1.0008,1.0006,1.0007,101795.0,2026-01-26 14:59:59.999,101866.37780000,509,53777.00000000,53816.35950000,0
2026-01-26 15:00:00,1.0008,1.0008,1.0005,1.0005,432187.0,2026-01-26 15:59:59.999,432433.96730000,235,40807.00000000,40832.95740000,0
2026-01-26 16:00:00,1.0005,1.0006,1.0005,1.0005,15388.0,2026-01-26 16:59:59.999,15395.96050000,28,2665.00000000,2666.59900000,0
2026-01-26 17:00:00,1.0006,1.0006,1.0005,1.0005,1286.0,2026-01-26 17:59:59.999,1286.65170000,11,87.00000000,87.05220000,0
2026-01-26 18:00:00,1.0005,1.0006,1.0005,1.0006,532831.0,2026-01-26 18:59:59.999,533150.62030000,29,522696.00000000,523009.61760000,0
2026-01-26 19:00:00,1.0006,1.0007,1.0006,1.0007,5188.0,2026-01-26 19:59:59.999,5191.11700000,15,42.00000000,42.02940000,0
2026-01-26 20:00:00,1.0006,1.0007,1.0006,1.0007,1059.0,2026-01-26 20:59:59.999,1059.73310000,9,977.00000000,977.68390000,0
2026-01-26 21:00:00,1.0006,1.0007,1.0006,1.0007,1314.0,2026-01-26 21:59:59.999,1314.83490000,7,465.00000000,465.32550000,0
2026-01-26 22:00:00,1.0006,1.0007,1.0006,1.0006,1156.0,2026-01-26 22:59:59.999,1156.70570000,58,121.00000000,121.08470000,0
2026-01-26 23:00:00,1.0006,1.0006,1.0006,1.0006,19545.0,2026-01-26 23:59:59.999,19556.72700000,33,0.00000000,0.00000000,0
2026-01-27 00:00:00,1.0007,1.0008,1.0007,1.0007,13351.0,2026-01-27 00:59:59.999,13360.92080000,21,10617.00000000,10625.00700000,0
2026-01-27 01:00:00,1.0007,1.0008,1.0007,1.0007,6429.0,2026-01-27 01:59:59.999,6433.96680000,19,4665.00000000,4668.73200000,0
2026-01-27 02:00:00,1.0007,1.0009,1.0007,1.0009,82156.0,2026-01-27 02:59:59.999,82228.21210000,118,79844.00000000,79914.59010000,0
2026-01-27 03:00:00,1.0008,1.001,1.0008,1.001,41209.0,2026-01-27 03:59:59.999,41245.52620000,101,29213.00000000,29239.92880000,0
2026-01-27 04:00:00,1.001,1.001,1.0009,1.001,52655.0,2026-01-27 04:59:59.999,52707.43440000,99,50449.00000000,50499.44900000,0
2026-01-27 05:00:00,1.0009,1.001,1.0009,1.001,38767.0,2026-01-27 05:59:59.999,38805.74010000,30,38498.00000000,38536.49800000,0
2026-01-27 06:00:00,1.001,1.001,1.0008,1.0009,22217.0,2026-01-27 06:59:59.999,22238.01670000,122,16721.00000000,16737.09100000,0
2026-01-27 07:00:00,1.0009,1.001,1.0009,1.0009,9354.0,2026-01-27 07:59:59.999,9362.43230000,18,137.00000000,137.13700000,0
2026-01-27 08:00:00,1.0009,1.0011,1.0009,1.0011,197196.0,2026-01-27 08:59:59.999,197392.51550000,25,190316.00000000,190506.32350000,0
2026-01-27 09:00:00,1.001,1.0011,1.001,1.0011,40584.0,2026-01-27 09:59:59.999,40628.52860000,40,39446.00000000,39489.39060000,0
2026-01-27 10:00:00,1.0011,1.0011,1.001,1.001,33362.0,2026-01-27 10:59:59.999,33398.56510000,52,32031.00000000,32066.23410000,0
2026-01-27 11:00:00,1.001,1.0011,1.001,1.001,16365.0,2026-01-27 11:59:59.999,16382.29330000,155,9283.00000000,9293.21130000,0
2026-01-27 12:00:00,1.001,1.0011,1.001,1.0011,2891.0,2026-01-27 12:59:59.999,2894.13310000,30,2421.00000000,2423.66310000,0
2026-01-27 13:00:00,1.0011,1.0011,1.001,1.0011,22585.0,2026-01-27 13:59:59.999,22609.73480000,50,21498.00000000,21521.64780000,0
2026-01-27 14:00:00,1.001,1.0011,1.001,1.001,904.0,2026-01-27 14:59:59.999,904.90660000,16,26.00000000,26.02860000,0
2026-01-27 15:00:00,1.0011,1.0011,1.0009,1.0009,2586.0,2026-01-27 15:59:59.999,2588.60330000,84,338.00000000,338.36610000,0
2026-01-27 16:00:00,1.0009,1.001,1.0008,1.0008,411196.0,2026-01-27 16:59:59.999,411560.89970000,126,53212.00000000,53259.90030000,0
2026-01-27 17:00:00,1.0008,1.0009,1.0008,1.0009,283.0,2026-01-27 17:59:59.999,283.25120000,11,248.00000000,248.22320000,0
2026-01-27 18:00:00,1.0009,1.0011,1.0008,1.0011,10548.0,2026-01-27 18:59:59.999,10558.74310000,76,9566.00000000,9575.95750000,0
2026-01-27 19:00:00,1.0011,1.0011,1.001,1.0011,427.0,2026-01-27 19:59:59.999,427.45830000,9,313.00000000,313.34430000,0
2026-01-27 20:00:00,1.0011,1.0011,1.0009,1.0009,8439.0,2026-01-27 20:59:59.999,8447.46250000,68,242.00000000,242.26620000,0
2026-01-27 21:00:00,1.001,1.001,1.0008,1.0008,769.0,2026-01-27 21:59:59.999,769.62140000,21,49.00000000,49.04480000,0
2026-01-27 22:00:00,1.0009,1.001,1.0009,1.0009,8588.0,2026-01-27 22:59:59.999,8595.73020000,32,10.00000000,10.01000000,0
2026-01-27 23:00:00,1.0009,1.0011,1.0009,1.0011,7033.0,2026-01-27 23:59:59.999,7039.95490000,38,4860.00000000,4864.86460000,0
2026-01-28 00:00:00,1.0011,1.0011,1.001,1.0011,8490.0,2026-01-28 00:59:59.999,8498.64160000,132,1516.00000000,1517.66760000,0
2026-01-28 01:00:00,1.0011,1.0012,1.001,1.001,385738.0,2026-01-28 01:59:59.999,386166.14840000,176,343761.00000000,344147.17140000,0
2026-01-28 02:00:00,1.001,1.0012,1.001,1.0012,10647.0,2026-01-28 02:59:59.999,10659.64390000,15,10504.00000000,10516.50090000,0
2026-01-28 03:00:00,1.0012,1.0012,1.0011,1.0011,122729.0,2026-01-28 03:59:59.999,122876.06250000,137,120606.00000000,120750.72720000,0
2026-01-28 04:00:00,1.0012,1.0012,1.001,1.0012,26284.0,2026-01-28 04:59:59.999,26315.29700000,88,24561.00000000,24590.47320000,0
2026-01-28 05:00:00,1.0011,1.0012,1.001,1.0012,136322.0,2026-01-28 05:59:59.999,136473.38690000,154,129614.00000000,129758.48660000,0
2026-01-28 06:00:00,1.0012,1.0012,1.001,1.0011,260647.0,2026-01-28 06:59:59.999,260953.59430000,233,252258.00000000,252555.38190000,0
2026-01-28 07:00:00,1.001,1.0013,1.001,1.0012,448922.0,2026-01-28 07:59:59.999,449464.32810000,130,443706.00000000,444242.31480000,0
2026-01-28 08:00:00,1.0012,1.0014,1.001,1.0011,236913.0,2026-01-28 08:59:59.999,237196.39360000,147,226952.00000000,227224.43650000,0
2026-01-28 09:00:00,1.0011,1.0012,1.001,1.0012,235347.0,2026-01-28 09:59:59.999,235624.45160000,159,234200.00000000,234476.25880000,0
2026-01-28 10:00:00,1.0012,1.0012,1.001,1.0011,139927.0,2026-01-28 10:59:59.999,140086.11590000,108,139104.00000000,139262.28740000,0
2026-01-28 11:00:00,1.001,1.0012,1.001,1.0011,373731.0,2026-01-28 11:59:59.999,374144.71310000,213,373433.00000000,373846.41250000,0
2026-01-28 12:00:00,1.0011,1.0012,1.001,1.0011,206215.0,2026-01-28 12:59:59.999,206437.79130000,123,165404.00000000,165585.98030000,0
2026-01-28 13:00:00,1.0011,1.0012,1.001,1.001,217134.0,2026-01-28 13:59:59.999,217386.93460000,176,213666.00000000,213915.43010000,0
2026-01-28 14:00:00,1.001,1.0013,1.001,1.0012,375926.0,2026-01-28 14:59:59.999,376347.88640000,171,369901.00000000,370315.71540000,0
2026-01-28 15:00:00,1.0011,1.0012,1.001,1.0011,249756.0,2026-01-28 15:59:59.999,250032.78510000,272,189191.00000000,189406.80480000,0
2026-01-28 16:00:00,1.0011,1.0012,1.001,1.0011,548356.0,2026-01-28 16:59:59.999,548961.90970000,233,147405.00000000,147569.95080000,0
2026-01-28 17:00:00,1.0011,1.0012,1.001,1.0011,154475.0,2026-01-28 17:59:59.999,154644.83400000,213,153502.00000000,153670.86100000,0
2026-01-28 18:00:00,1.0011,1.0012,1.001,1.0012,154976.0,2026-01-28 18:59:59.999,155147.49200000,173,134668.00000000,134817.26710000,0
2026-01-28 19:00:00,1.0012,1.0012,1.001,1.0012,184869.0,2026-01-28 19:59:59.999,185074.09310000,317,183240.00000000,183443.44290000,0
2026-01-28 20:00:00,1.0012,1.0012,1.001,1.0012,121124.0,2026-01-28 20:59:59.999,121257.85590000,200,120386.00000000,120519.10340000,0
2026-01-28 21:00:00,1.0012,1.0013,1.0011,1.0012,126964.0,2026-01-28 21:59:59.999,127116.32180000,211,126593.00000000,126744.91370000,0
2026-01-28 22:00:00,1.0012,1.0012,1.0011,1.0011,42850.0,2026-01-28 22:59:59.999,42901.40970000,79,42747.00000000,42798.29640000,0
2026-01-28 23:00:00,1.0012,1.0013,1.0011,1.0012,134558.0,2026-01-28 23:59:59.999,134720.28480000,98,134371.00000000,134533.07910000,0
2026-01-29 00:00:00,1.0012,1.0013,1.0011,1.0011,193688.0,2026-01-29 00:59:59.999,193920.16410000,149,191033.00000000,191262.24360000,0
2026-01-29 01:00:00,1.0012,1.0013,1.0011,1.0012,165050.0,2026-01-29 01:59:59.999,165248.51860000,176,164748.00000000,164946.18640000,0
2026-01-29 02:00:00,1.0012,1.0013,1.0011,1.0011,165670.0,2026-01-29 02:59:59.999,165869.61650000,177,163866.00000000,164063.63210000,0
2026-01-29 03:00:00,1.0012,1.0013,1.0012,1.0013,117877.0,2026-01-29 03:59:59.999,118029.01020000,174,117629.00000000,117780.71260000,0
2026-01-29 04:00:00,1.0012,1.0013,1.0012,1.0013,59875.0,2026-01-29 04:59:59.999,59952.81270000,51,59627.00000000,59704.51510000,0
2026-01-29 05:00:00,1.0013,1.0013,1.0012,1.0012,73558.0,2026-01-29 05:59:59.999,73653.03630000,65,67667.00000000,67754.96710000,0
2026-01-29 06:00:00,1.0013,1.0013,1.0012,1.0012,266544.0,2026-01-29 06:59:59.999,266890.23220000,156,263794.00000000,264136.93220000,0
2026-01-29 07:00:00,1.0012,1.0013,1.0012,1.0013,5095.0,2026-01-29 07:59:59.999,5101.14770000,26,337.00000000,337.43810000,0
2026-01-29 08:00:00,1.0012,1.0013,1.0012,1.0013,91501.0,2026-01-29 08:59:59.999,91619.68890000,129,88877.00000000,88992.54010000,0
2026-01-29 09:00:00,1.0013,1.0013,1.0012,1.0013,215094.0,2026-01-29 09:59:59.999,215373.58080000,246,214680.00000000,214959.08400000,0
2026-01-29 10:00:00,1.0013,1.0014,1.0012,1.0013,190634.0,2026-01-29 10:59:59.999,190882.52190000,204,189999.00000000,190246.75990000,0
2026-01-29 11:00:00,1.0012,1.0014,1.0012,1.0013,404953.0,2026-01-29 11:59:59.999,405465.96670000,298,269718.00000000,270068.68470000,0
2026-01-29 12:00:00,1.0013,1.0013,1.0012,1.0013,204824.0,2026-01-29 12:59:59.999,205090.06790000,211,202791.00000000,203054.62830000,0
2026-01-29 13:00:00,1.0013,1.0013,1.0012,1.0013,208283.0,2026-01-29 13:59:59.999,208553.60070000,223,206611.00000000,206879.59430000,0
2026-01-29 14:00:00,1.0013,1.0015,1.0012,1.0014,316711.0,2026-01-29 14:59:59.999,317139.27030000,416,184019.00000000,184275.89170000,0
2026-01-29 15:00:00,1.0014,1.0015,1.0013,1.0014,1676068.0,2026-01-29 15:59:59.999,1678415.04180000,225,1160981.00000000,1162657.69900000,0
2026-01-29 16:00:00,1.0014,1.0014,1.0011,1.0011,50473.0,2026-01-29 16:59:59.999,50532.50570000,158,14902.00000000,14921.37320000,0
2026-01-29 17:00:00,1.0011,1.0012,1.0011,1.0012,226369.0,2026-01-29 17:59:59.999,226622.38790000,294,43820.00000000,43872.58400000,0
2026-01-29 18:00:00,1.0012,1.0014,1.0011,1.0014,495155.0,2026-01-29 18:59:59.999,495761.94590000,498,419234.00000000,419753.76460000,0
2026-01-29 19:00:00,1.0014,1.0016,1.0013,1.0016,916180.0,2026-01-29 19:59:59.999,917545.77030000,235,42909.00000000,42970.83860000,0
2026-01-29 20:00:00,1.0016,1.0017,1.0015,1.0017,907221.0,2026-01-29 20:59:59.999,908667.38670000,162,4620.00000000,4627.41190000,0
2026-01-29 21:00:00,1.0016,1.0017,1.0014,1.0014,19368.0,2026-01-29 21:59:59.999,19397.14060000,164,7858.00000000,7870.96930000,0
2026-01-29 22:00:00,1.0014,1.0015,1.0014,1.0014,109415.0,2026-01-29 22:59:59.999,109568.32890000,174,1479.00000000,1481.21850000,0
2026-01-29 23:00:00,1.0015,1.0015,1.0014,1.0014,18280.0,2026-01-29 23:59:59.999,18305.60040000,59,91.00000000,91.13580000,0
2026-01-30 00:00:00,1.0013,1.0014,1.0013,1.0013,144741.0,2026-01-30 00:59:59.999,144931.00750000,230,18442.00000000,18467.81880000,0
2026-01-30 01:00:00,1.0013,1.0015,1.0012,1.0013,1135090.0,2026-01-30 01:59:59.999,1136517.20270000,872,120481.00000000,120653.12460000,0
2026-01-30 02:00:00,1.0013,1.0014,1.0012,1.0014,47564.0,2026-01-30 02:59:59.999,47625.58070000,121,471.00000000,471.65940000,0
2026-01-30 03:00:00,1.0014,1.0014,1.0012,1.0013,10034.0,2026-01-30 03:59:59.999,10047.89040000,35,8494.00000000,8505.89160000,0
2026-01-30 04:00:00,1.0013,1.0015,1.0012,1.0014,698170.0,2026-01-30 04:59:59.999,699147.80560000,466,686644.00000000,687606.88220000,0
2026-01-30 05:00:00,1.0014,1.0014,1.0012,1.0014,242513.0,2026-01-30 05:59:59.999,242852.49980000,178,242345.00000000,242684.28300000,0
2026-01-30 06:00:00,1.0013,1.0015,1.0013,1.0014,622350.0,2026-01-30 06:59:59.999,623222.23220000,373,610296.00000000,611152.56200000,0
2026-01-30 07:00:00,1.0014,1.0015,1.0013,1.0014,1107440.0,2026-01-30 07:59:59.999,1108994.71850000,610,1056569.00000000,1058057.18630000,0
2026-01-30 08:00:00,1.0015,1.0016,1.0013,1.0015,824091.0,2026-01-30 08:59:59.999,825328.95970000,451,744238.00000000,745364.16220000,0
2026-01-30 09:00:00,1.0016,1.0016,1.0013,1.0014,2508312.0,2026-01-30 09:59:59.999,2511911.05390000,529,892891.00000000,894208.58300000,0
2026-01-30 10:00:00,1.0014,1.0015,1.0013,1.0014,805134.0,2026-01-30 10:59:59.999,806254.75880000,377,720791.00000000,721802.11290000,0
2026-01-30 11:00:00,1.0014,1.0015,1.0013,1.0013,235171.0,2026-01-30 11:59:59.999,235500.13730000,243,234065.00000000,234392.69950000,0
2026-01-30 12:00:00,1.0014,1.0015,1.0013,1.0015,55025.0,2026-01-30 12:59:59.999,55103.81460000,63,53828.00000000,53905.16010000,0
2026-01-30 13:00:00,1.0015,1.0015,1.0014,1.0014,113521.0,2026-01-30 13:59:59.999,113686.80870000,101,68793.00000000,68896.18950000,0
2026-01-30 14:00:00,1.0014,1.0014,1.0012,1.0012,166832.0,2026-01-30 14:59:59.999,167063.18700000,85,199.00000000,199.27800000,0
2026-01-30 15:00:00,1.0013,1.0013,1.0011,1.0011,912458.0,2026-01-30 15:59:59.999,913580.78670000,508,28689.00000000,28726.29410000,0
2026-01-30 16:00:00,1.0011,1.0013,1.0011,1.0012,11300.0,2026-01-30 16:59:59.999,11313.66860000,12,11053.00000000,11066.38380000,0
2026-01-30 17:00:00,1.0012,1.0013,1.0012,1.0012,16790.0,2026-01-30 17:59:59.999,16810.16830000,22,203.00000000,203.26390000,0
2026-01-30 18:00:00,1.0012,1.0013,1.0012,1.0012,95617.0,2026-01-30 18:59:59.999,95740.97930000,60,92389.00000000,92509.10570000,0
2026-01-30 19:00:00,1.0012,1.0013,1.0012,1.0013,12162.0,2026-01-30 19:59:59.999,12176.62520000,140,308.00000000,308.40040000,0
2026-01-30 20:00:00,1.0013,1.0015,1.0011,1.0013,492752.0,2026-01-30 20:59:59.999,493429.95320000,89,78017.00000000,78126.21630000,0
2026-01-30 21:00:00,1.0014,1.0014,1.0013,1.0013,90190.0,2026-01-30 21:59:59.999,90316.25770000,101,90107.00000000,90233.14980000,0
2026-01-30 22:00:00,1.0014,1.0014,1.0013,1.0013,12543.0,2026-01-30 22:59:59.999,12560.52100000,19,12151.00000000,12168.01140000,0
2026-01-30 23:00:00,1.0014,1.0014,1.0012,1.0013,871.0,2026-01-30 23:59:59.999,872.10120000,19,546.00000000,546.71120000,0
2026-01-31 00:00:00,1.0012,1.0013,1.0012,1.0013,19501.0,2026-01-31 00:59:59.999,19526.13350000,40,17323.00000000,17345.51990000,0
2026-01-31 01:00:00,1.0012,1.0013,1.0012,1.0012,1298.0,2026-01-31 01:59:59.999,1299.58250000,14,249.00000000,249.32370000,0
2026-01-31 02:00:00,1.0013,1.0014,1.0013,1.0013,7539.0,2026-01-31 02:59:59.999,7548.84660000,41,459.00000000,459.64260000,0
2026-01-31 03:00:00,1.0014,1.0014,1.0013,1.0013,1439.0,2026-01-31 03:59:59.999,1440.92040000,79,497.00000000,497.69580000,0
2026-01-31 04:00:00,1.0013,1.0015,1.0013,1.0015,954.0,2026-01-31 04:59:59.999,955.30830000,46,670.00000000,670.93910000,0
2026-01-31 05:00:00,1.0015,1.0015,1.0013,1.0014,758835.0,2026-01-31 05:59:59.999,759893.58470000,40,8829.00000000,8842.16010000,0
2026-01-31 06:00:00,1.0014,1.0015,1.0014,1.0015,451467.0,2026-01-31 06:59:59.999,452099.06880000,35,158.00000000,158.23620000,0
2026-01-31 07:00:00,1.0014,1.0015,1.0014,1.0014,12743.0,2026-01-31 07:59:59.999,12761.51320000,42,6730.00000000,6740.09500000,0
2026-01-31 08:00:00,1.0014,1.0015,1.0014,1.0015,48839.0,2026-01-31 08:59:59.999,48909.21960000,110,18450.00000000,18477.67500000,0
2026-01-31 09:00:00,1.0015,1.0015,1.0014,1.0015,5120.0,2026-01-31 09:59:59.999,5127.24850000,20,805.00000000,806.20750000,0
2026-01-31 10:00:00,1.0014,1.0015,1.0014,1.0014,67819.0,2026-01-31 10:59:59.999,67914.02060000,129,740.00000000,741.11000000,0
2026-01-31 11:00:00,1.0014,1.0015,1.0014,1.0015,4833.0,2026-01-31 11:59:59.999,4839.77180000,33,56.00000000,56.08400000,0
2026-01-31 12:00:00,1.0015,1.0015,1.0013,1.0013,203215.0,2026-01-31 12:59:59.999,203499.48090000,41,202.00000000,202.29960000,0
2026-01-31 13:00:00,1.0013,1.0014,1.0013,1.0013,52503.0,2026-01-31 13:59:59.999,52571.36080000,74,1069.00000000,1070.49660000,0
2026-01-31 14:00:00,1.0014,1.0014,1.001,1.0012,724290.0,2026-01-31 14:59:59.999,725190.09330000,396,242231.00000000,242540.40450000,0
2026-01-31 15:00:00,1.0012,1.0013,1.0012,1.0013,130761.0,2026-01-31 15:59:59.999,130929.49890000,91,15857.00000000,15877.61410000,0
2026-01-31 16:00:00,1.0013,1.0013,1.0012,1.0012,48253.0,2026-01-31 16:59:59.999,48313.55330000,100,26497.00000000,26531.44610000,0
2026-01-31 17:00:00,1.0012,1.0026,1.0012,1.0012,466978.0,2026-01-31 17:59:59.999,467578.41360000,595,294427.00000000,294819.82040000,0
2026-01-31 18:00:00,1.0013,1.0024,1.0012,1.0012,358959.0,2026-01-31 18:59:59.999,359453.22270000,495,239098.00000000,239445.36620000,0
2026-01-31 19:00:00,1.0012,1.0016,1.0011,1.0011,447471.0,2026-01-31 19:59:59.999,448007.87750000,283,169451.00000000,169660.46310000,0
2026-01-31 20:00:00,1.0011,1.0012,1.0011,1.0011,10487.0,2026-01-31 20:59:59.999,10499.22330000,83,6876.00000000,6884.25120000,0
2026-01-31 21:00:00,1.0012,1.0012,1.0011,1.0011,31328.0,2026-01-31 21:59:59.999,31364.74050000,37,22797.00000000,22824.35640000,0
2026-01-31 22:00:00,1.0012,1.0012,1.0011,1.0012,2060.0,2026-01-31 22:59:59.999,2062.32800000,43,620.00000000,620.74400000,0
2026-01-31 23:00:00,1.0011,1.0012,1.0011,1.0012,13147.0,2026-01-31 23:59:59.999,13161.59030000,280,1286.00000000,1287.54320000,0
2026-02-01 00:00:00,1.0011,1.0012,1.0011,1.0012,53739.0,2026-02-01 00:59:59.999,53798.44140000,150,3285.00000000,3288.94200000,0
2026-02-01 01:00:00,1.0011,1.0012,1.0011,1.0011,63440.0,2026-02-01 01:59:59.999,63509.78460000,231,6.00000000,6.00720000,0
2026-02-01 02:00:00,1.0012,1.0012,1.0011,1.0011,5833.0,2026-02-01 02:59:59.999,5839.42480000,52,85.00000000,85.10200000,0
2026-02-01 03:00:00,1.0011,1.0012,1.0011,1.0012,31364.0,2026-02-01 03:59:59.999,31398.75990000,164,2595.00000000,2598.11400000,0
2026-02-01 04:00:00,1.0012,1.0012,1.0011,1.0011,5234.0,2026-02-01 04:59:59.999,5239.78040000,31,230.00000000,230.27600000,0
2026-02-01 05:00:00,1.0011,1.0012,1.0009,1.001,11743.0,2026-02-01 05:59:59.999,11755.68280000,191,948.00000000,949.09700000,0
2026-02-01 06:00:00,1.001,1.001,1.0008,1.0009,2115.0,2026-02-01 06:59:59.999,2116.91100000,61,1945.00000000,1946.77290000,0
2026-02-01 07:00:00,1.0008,1.0008,1.0008,1.0008,8169.0,2026-02-01 07:59:59.999,8175.53520000,26,0.00000000,0.00000000,0
2026-02-01 08:00:00,1.0008,1.0008,1.0008,1.0008,12222.0,2026-02-01 08:59:59.999,12231.77760000,37,0.00000000,0.00000000,0
2026-02-01 09:00:00,1.0008,1.0009,1.0008,1.0008,1683.0,2026-02-01 09:59:59.999,1684.34720000,6,8.00000000,8.00720000,0
2026-02-01 10:00:00,1.0008,1.0008,1.0007,1.0007,64178.0,2026-02-01 10:59:59.999,64228.68920000,69,57646.00000000,57692.11680000,0
2026-02-01 11:00:00,1.0007,1.0008,1.0007,1.0007,21947.0,2026-02-01 11:59:59.999,21963.96370000,22,17650.00000000,17663.95580000,0
2026-02-01 12:00:00,1.0006,1.0006,1.0005,1.0006,6317.0,2026-02-01 12:59:59.999,6320.26450000,33,391.00000000,391.23460000,0
2026-02-01 13:00:00,1.0006,1.0007,1.0005,1.0005,200668.0,2026-02-01 13:59:59.999,200798.79190000,16,200554.00000000,200684.73430000,0
2026-02-01 14:00:00,1.0006,1.0007,1.0006,1.0007,2724.0,2026-02-01 14:59:59.999,2725.89870000,18,2643.00000000,2644.85010000,0
2026-02-01 15:00:00,1.0007,1.0007,1.0006,1.0007,44625.0,2026-02-01 15:59:59.999,44656.07440000,97,42994.00000000,43024.09580000,0
2026-02-01 16:00:00,1.0006,1.0007,1.0005,1.0006,27865.0,2026-02-01 16:59:59.999,27884.02150000,26,23118.00000000,23134.18200000,0
2026-02-01 17:00:00,1.0006,1.0007,1.0006,1.0007,4369.0,2026-02-01 17:59:59.999,4372.04850000,13,4271.00000000,4273.98970000,0
2026-02-01 18:00:00,1.0007,1.0019,1.0005,1.0008,227633.0,2026-02-01 18:59:59.999,227825.80030000,135,219667.00000000,219854.98500000,0
2026-02-01 19:00:00,1.0007,1.0007,1.0006,1.0006,179542.0,2026-02-01 19:59:59.999,179667.67330000,17,18271.00000000,18283.78970000,0
2026-02-01 20:00:00,1.0006,1.0009,1.0006,1.0007,49128.0,2026-02-01 20:59:59.999,49166.16670000,37,48596.00000000,48633.80520000,0
2026-02-01 21:00:00,1.0007,1.0008,1.0007,1.0008,15878.0,2026-02-01 21:59:59.999,15889.15390000,12,393.00000000,393.31440000,0
2026-02-01 22:00:00,1.0008,1.0009,1.0008,1.0008,51684.0,2026-02-01 22:59:59.999,51729.49940000,57,41609.00000000,41646.43940000,0
2026-02-01 23:00:00,1.0007,1.0009,1.0005,1.0007,294737.0,2026-02-01 23:59:59.999,294962.68210000,333,261782.00000000,261987.48370000,0
2026-02-02 00:00:00,1.0007,1.0007,1.0006,1.0006,117013.0,2026-02-02 00:59:59.999,117083.85060000,89,2520.00000000,2521.76400000,0
2026-02-02 01:00:00,1.0006,1.0009,1.0006,1.0006,309051.0,2026-02-02 01:59:59.999,309271.99350000,454,303707.00000000,303924.76170000,0
2026-02-02 02:00:00,1.0007,1.0009,1.0006,1.0008,573825.0,2026-02-02 02:59:59.999,574254.20900000,743,561542.00000000,561963.48580000,0
2026-02-02 03:00:00,1.0008,1.0009,1.0007,1.0008,638972.0,2026-02-02 03:59:59.999,639478.19890000,1336,581470.00000000,581935.94750000,0
2026-02-02 04:00:00,1.0008,1.0009,1.0007,1.0008,458203.0,2026-02-02 04:59:59.999,458572.81360000,746,447595.00000000,447957.38100000,0
2026-02-02 05:00:00,1.0008,1.001,1.0008,1.0009,739065.0,2026-02-02 05:59:59.999,739729.54790000,1047,719976.00000000,720625.27670000,0
2026-02-02 06:00:00,1.0009,1.001,1.0008,1.001,650176.0,2026-02-02 06:59:59.999,650760.86090000,1449,565396.00000000,565913.01730000,0
2026-02-02 07:00:00,1.001,1.0011,1.0008,1.0009,1382875.0,2026-02-02 07:59:59.999,1384253.62200000,898,527787.00000000,528315.39210000,0
2026-02-02 08:00:00,1.001,1.001,1.0008,1.0009,564003.0,2026-02-02 08:59:59.999,564564.71010000,607,542765.00000000,543307.76500000,0
2026-02-02 09:00:00,1.001,1.001,1.0008,1.0009,1071097.0,2026-02-02 09:59:59.999,1072069.00310000,378,267643.00000000,267892.29890000,0
2026-02-02 10:00:00,1.0008,1.0009,1.0008,1.0009,651352.0,2026-02-02 10:59:59.999,651937.51540000,296,644338.00000000,644917.90420000,0
2026-02-02 11:00:00,1.0009,1.001,1.0007,1.0009,970729.0,2026-02-02 11:59:59.999,971536.96620000,461,521598.00000000,522052.47590000,0
2026-02-02 12:00:00,1.0009,1.001,1.0007,1.0007,880885.0,2026-02-02 12:59:59.999,881595.57740000,800,866806.00000000,867506.70470000,0
2026-02-02 13:00:00,1.0007,1.0009,1.0005,1.0007,656833.0,2026-02-02 13:59:59.999,657317.35650000,641,624020.00000000,624484.25150000,0
2026-02-02 14:00:00,1.0007,1.0007,1.0005,1.0006,380053.0,2026-02-02 14:59:59.999,380310.60580000,336,370106.00000000,370358.48390000,0
2026-02-02 15:00:00,1.0006,1.0007,1.0002,1.0004,517681.0,2026-02-02 15:59:59.999,517953.90520000,795,516454.00000000,516726.43760000,0
2026-02-02 16:00:00,1.0004,1.0006,1.0003,1.0006,782129.0,2026-02-02 16:59:59.999,782481.25280000,522,513605.00000000,513836.65010000,0
2026-02-02 17:00:00,1.0006,1.0006,1.0004,1.0005,278783.0,2026-02-02 17:59:59.999,278946.87130000,298,274332.00000000,274493.65060000,0
2026-02-02 18:00:00,1.0005,1.0006,1.0004,1.0006,451126.0,2026-02-02 18:59:59.999,451361.51580000,261,447936.00000000,448170.22990000,0
2026-02-02 19:00:00,1.0006,1.0007,1.0005,1.0006,172432.0,2026-02-02 19:59:59.999,172535.07310000,183,160343.00000000,160440.02860000,0
2026-02-02 20:00:00,1.0006,1.0006,1.0004,1.0005,108395.0,2026-02-02 20:59:59.999,108443.68590000,235,5342.00000000,5345.20460000,0
2026-02-02 21:00:00,1.0006,1.0006,1.0005,1.0005,5188.0,2026-02-02 21:59:59.999,5190.85560000,97,2616.00000000,2617.56960000,0
2026-02-02 22:00:00,1.0006,1.0008,1.0005,1.0007,820.0,2026-02-02 22:59:59.999,820.56650000,14,383.00000000,383.26680000,0
2026-02-02 23:00:00,1.0007,1.0008,1.0007,1.0007,3031.0,2026-02-02 23:59:59.999,3033.39990000,12,2782.00000000,2784.22560000,0
2026-02-03 00:00:00,1.0008,1.0008,1.0007,1.0007,250.0,2026-02-03 00:59:59.999,250.18260000,10,76.00000000,76.06080000,0
2026-02-03 01:00:00,1.0008,1.0008,1.0006,1.0007,35214.0,2026-02-03 01:59:59.999,35236.26160000,68,1750.00000000,1751.24020000,0
2026-02-03 02:00:00,1.0007,1.0008,1.0006,1.0007,329709.0,2026-02-03 02:59:59.999,329938.36510000,285,314234.00000000,314454.08010000,0
2026-02-03 03:00:00,1.0007,1.0008,1.0006,1.0007,501983.0,2026-02-03 03:59:59.999,502334.46760000,385,501273.00000000,501624.04160000,0
2026-02-03 04:00:00,1.0007,1.0009,1.0006,1.0007,508123.0,2026-02-03 04:59:59.999,508514.07410000,279,498605.00000000,498989.42900000,0
2026-02-03 05:00:00,1.0007,1.0007,1.0006,1.0006,485480.0,2026-02-03 05:59:59.999,485819.76260000,174,484746.00000000,485085.32220000,0
2026-02-03 06:00:00,1.0006,1.0008,1.0006,1.0007,666138.0,2026-02-03 06:59:59.999,666606.31340000,345,665486.00000000,665953.92220000,0
2026-02-03 07:00:00,1.0007,1.0008,1.0005,1.0006,597672.0,2026-02-03 07:59:59.999,598090.31580000,367,596985.00000000,597402.93900000,0
2026-02-03 08:00:00,1.0007,1.0008,1.0005,1.0005,48692.0,2026-02-03 08:59:59.999,48724.22760000,57,33591.00000000,33615.16260000,0
2026-02-03 09:00:00,1.0006,1.0006,1.0005,1.0005,127264.0,2026-02-03 09:59:59.999,127328.12610000,92,4941.00000000,4943.96460000,0
2026-02-03 10:00:00,1.0006,1.0006,1.0005,1.0006,3968.0,2026-02-03 10:59:59.999,3970.36300000,78,3790.00000000,3792.27400000,0
2026-02-03 11:00:00,1.0006,1.0008,1.0005,1.0008,14082.0,2026-02-03 11:59:59.999,14091.66530000,94,7386.00000000,7391.64940000,0
2026-02-03 12:00:00,1.0008,1.0008,1.0007,1.0008,7868.0,2026-02-03 12:59:59.999,7874.28790000,91,7803.00000000,7809.24240000,0
2026-02-03 13:00:00,1.0008,1.0008,1.0007,1.0008,114303.0,2026-02-03 13:59:59.999,114384.33620000,98,13241.00000000,13251.59280000,0
2026-02-03 14:00:00,1.0008,1.0008,1.0006,1.0007,43089.0,2026-02-03 14:59:59.999,43115.75340000,193,7459.00000000,7464.37380000,0
2026-02-03 15:00:00,1.0007,1.0007,1.0005,1.0006,89992.0,2026-02-03 15:59:59.999,90046.04410000,102,1964.00000000,1965.36530000,0
2026-02-03 16:00:00,1.0005,1.0007,1.0005,1.0007,22680.0,2026-02-03 16:59:59.999,22693.77270000,100,4254.00000000,4256.97720000,0
2026-02-03 17:00:00,1.0007,1.0009,1.0006,1.0009,35034.0,2026-02-03 17:59:59.999,35061.39640000,139,21631.00000000,21648.14760000,0
2026-02-03 18:00:00,1.0008,1.0009,1.0007,1.0007,109335.0,2026-02-03 18:59:59.999,109417.15500000,240,5021.00000000,5025.46410000,0
2026-02-03 19:00:00,1.0008,1.0009,1.0008,1.0009,371772.0,2026-02-03 19:59:59.999,372105.67260000,97,63283.00000000,63339.46820000,0
2026-02-03 20:00:00,1.0009,1.001,1.0007,1.0008,186538.0,2026-02-03 20:59:59.999,186688.93450000,266,105915.00000000,106003.52840000,0
2026-02-03 21:00:00,1.0008,1.001,1.0008,1.0009,164219.0,2026-02-03 21:59:59.999,164370.83940000,178,105049.00000000,105147.70480000,0
2026-02-03 22:00:00,1.0009,1.0011,1.0009,1.001,43879.0,2026-02-03 22:59:59.999,43923.69520000,131,9186.00000000,9196.10460000,0
2026-02-03 23:00:00,1.001,1.0012,1.001,1.0011,194138.0,2026-02-03 23:59:59.999,194351.22710000,74,190213.00000000,190422.23500000,0
2026-02-04 00:00:00,1.0011,1.0013,1.001,1.0011,6304.0,2026-02-04 00:59:59.999,6311.02250000,109,1131.00000000,1132.36150000,0
2026-02-04 01:00:00,1.0011,1.0012,1.0011,1.0011,1876.0,2026-02-04 01:59:59.999,1878.10530000,112,417.00000000,417.50040000,0
2026-02-04 02:00:00,1.0011,1.0012,1.001,1.001,228857.0,2026-02-04 02:59:59.999,229109.07710000,90,12905.00000000,12919.54700000,0
2026-02-04 03:00:00,1.001,1.0011,1.001,1.0011,2480.0,2026-02-04 03:59:59.999,2482.53390000,101,539.00000000,539.59290000,0
2026-02-04 04:00:00,1.0011,1.0011,1.001,1.001,9752.0,2026-02-04 04:59:59.999,9762.22280000,80,4708.00000000,4713.17880000,0
2026-02-04 05:00:00,1.001,1.0011,1.001,1.001,7429.0,2026-02-04 05:59:59.999,7437.11610000,11,6871.00000000,6878.55810000,0
2026-02-04 06:00:00,1.001,1.0011,1.0009,1.001,36582.0,2026-02-04 06:59:59.999,36620.13670000,37,17317.00000000,17336.04810000,0
2026-02-04 07:00:00,1.001,1.0011,1.001,1.001,208454.0,2026-02-04 07:59:59.999,208665.50560000,84,30516.00000000,30549.56760000,0
2026-02-04 08:00:00,1.001,1.0011,1.0009,1.0009,1294081.0,2026-02-04 08:59:59.999,1295376.68080000,110,51120.00000000,51174.32900000,0
2026-02-04 09:00:00,1.001,1.0012,1.001,1.0011,16865.0,2026-02-04 09:59:59.999,16884.33940000,86,9371.00000000,9382.23740000,0
2026-02-04 10:00:00,1.0011,1.0012,1.0011,1.0011,53108.0,2026-02-04 10:59:59.999,53171.57090000,85,51521.00000000,51582.82520000,0
2026-02-04 11:00:00,1.0011,1.0012,1.0011,1.0011,53278.0,2026-02-04 11:59:59.999,53340.66920000,91,40634.00000000,40682.76080000,0
2026-02-04 12:00:00,1.0011,1.0013,1.001,1.0012,5041.0,2026-02-04 12:59:59.999,5047.06510000,209,3426.00000000,3430.18190000,0
2026-02-04 13:00:00,1.0013,1.0013,1.0011,1.0012,670721.0,2026-02-04 13:59:59.999,671525.46030000,240,4268.00000000,4273.29940000,0
2026-02-04 14:00:00,1.0012,1.0013,1.0011,1.0011,1451455.0,2026-02-04 14:59:59.999,1453195.54710000,49,40389.00000000,40437.53450000,0
2026-02-04 15:00:00,1.0012,1.0013,1.0011,1.0013,1314162.0,2026-02-04 15:59:59.999,1315747.57920000,81,105312.00000000,105447.73150000,0
2026-02-04 16:00:00,1.0013,1.0016,1.0013,1.0015,56375.0,2026-02-04 16:59:59.999,56448.96370000,190,5825.00000000,5833.24750000,0
2026-02-04 17:00:00,1.0015,1.0018,1.0013,1.0017,2459941.0,2026-02-04 17:59:59.999,2463868.01770000,536,32211.00000000,32267.49320000,0
2026-02-04 18:00:00,1.0017,1.0021,1.0016,1.0018,965800.0,2026-02-04 18:59:59.999,967544.93220000,431,258501.00000000,258982.18480000,0
2026-02-04 19:00:00,1.0018,1.0021,1.0016,1.0018,2582416.0,2026-02-04 19:59:59.999,2587000.28080000,205,102815.00000000,103000.55690000,0
2026-02-04 20:00:00,1.0017,1.0018,1.0016,1.0017,1268407.0,2026-02-04 20:59:59.999,1270562.32010000,156,24659.00000000,24701.87520000,0
2026-02-04 21:00:00,1.0018,1.002,1.0016,1.002,2280367.0,2026-02-04 21:59:59.999,2284389.36120000,171,40142.00000000,40214.51670000,0
2026-02-04 22:00:00,1.0019,1.0022,1.0017,1.0018,4815469.0,2026-02-04 22:59:59.999,4825059.01940000,223,25089.00000000,25140.87390000,0
2026-02-04 23:00:00,1.0018,1.0019,1.0018,1.0018,125282.0,2026-02-04 23:59:59.999,125507.51070000,249,31.00000000,31.05890000,0
2026-02-05 00:00:00,1.0018,1.0019,1.0018,1.0019,25923.0,2026-02-05 00:59:59.999,25971.15090000,88,14895.00000000,14923.30050000,0
2026-02-05 01:00:00,1.0019,1.0019,1.0018,1.0018,235326.0,2026-02-05 01:59:59.999,235759.96710000,281,103803.00000000,104000.22570000,0
2026-02-05 02:00:00,1.0018,1.0021,1.0018,1.0019,506007.0,2026-02-05 02:59:59.999,507014.43470000,234,20549.00000000,20590.89250000,0
2026-02-05 03:00:00,1.0019,1.002,1.0015,1.0015,773949.0,2026-02-05 03:59:59.999,775330.36640000,267,2264.00000000,2268.18810000,0
2026-02-05 04:00:00,1.0015,1.0016,1.0015,1.0016,210721.0,2026-02-05 04:59:59.999,211054.56920000,161,174877.00000000,175156.80320000,0
2026-02-05 05:00:00,1.0016,1.002,1.0016,1.0018,97755.0,2026-02-05 05:59:59.999,97924.09630000,133,51349.00000000,51436.88530000,0
2026-02-05 06:00:00,1.0018,1.0019,1.0017,1.0017,108579.0,2026-02-05 06:59:59.999,108780.78620000,157,69589.00000000,69721.16270000,0
2026-02-05 07:00:00,1.0017,1.0019,1.0017,1.0018,461617.0,2026-02-05 07:59:59.999,462447.89610000,126,443124.00000000,443922.96140000,0
2026-02-05 08:00:00,1.0018,1.0019,1.0015,1.0015,3872940.0,2026-02-05 08:59:59.999,3879432.27410000,169,31615.00000000,31668.03200000,0
2026-02-05 09:00:00,1.0016,1.0016,1.0012,1.0012,3621458.0,2026-02-05 09:59:59.999,3626570.68110000,158,53530.00000000,53609.90860000,0
2026-02-05 10:00:00,1.0012,1.0014,1.0012,1.0013,302423.0,2026-02-05 10:59:59.999,302820.19400000,167,287447.00000000,287825.44080000,0
2026-02-05 11:00:00,1.0013,1.0014,1.0012,1.0012,3640720.0,2026-02-05 11:59:59.999,3645649.43740000,334,2049051.00000000,2051917.16250000,0
2026-02-05 12:00:00,1.0012,1.0014,1.0012,1.0013,62025.0,2026-02-05 12:59:59.999,62104.45380000,215,49117.00000000,49180.95030000,0
2026-02-05 13:00:00,1.0013,1.0018,1.0013,1.0016,133557.0,2026-02-05 13:59:59.999,133777.43570000,379,24103.00000000,24144.80320000,0
2026-02-05 14:00:00,1.0017,1.0017,1.0013,1.0013,153791.0,2026-02-05 14:59:59.999,154034.87130000,190,84368.00000000,84505.66780000,0
2026-02-05 15:00:00,1.0014,1.0023,1.0011,1.0015,6759710.0,2026-02-05 15:59:59.999,6771631.84790000,1288,1677543.00000000,1680230.59280000,0
2026-02-05 16:00:00,1.0015,1.0019,1.0012,1.0017,1756608.0,2026-02-05 16:59:59.999,1759273.88220000,432,241344.00000000,241697.63730000,0
2026-02-05 17:00:00,1.0017,1.0018,1.0013,1.0017,6470233.0,2026-02-05 17:59:59.999,6480163.82130000,278,5517655.00000000,5526092.50800000,0
2026-02-05 18:00:00,1.0018,1.0019,1.0015,1.0018,2024476.0,2026-02-05 18:59:59.999,2027953.87450000,242,446569.00000000,447371.67720000,0
2026-02-05 19:00:00,1.0018,1.002,1.0018,1.0018,51702.0,2026-02-05 19:59:59.999,51800.26920000,189,27826.00000000,27879.70710000,0
2026-02-05 20:00:00,1.0018,1.0021,1.0017,1.0021,389410.0,2026-02-05 20:59:59.999,390193.32670000,513,265421.00000000,265967.38440000,0
2026-02-05 21:00:00,1.0021,1.0021,1.0016,1.0018,104971.0,2026-02-05 21:59:59.999,105170.61560000,312,57413.00000000,57522.08370000,0
2026-02-05 22:00:00,1.0019,1.002,1.0016,1.0017,194119.0,2026-02-05 22:59:59.999,194460.27540000,227,155820.00000000,156093.09810000,0
2026-02-05 23:00:00,1.0017,1.0017,1.0014,1.0016,67434.0,2026-02-05 23:59:59.999,67537.70590000,174,57908.00000000,57997.53440000,0
2026-02-06 00:00:00,1.0015,1.0017,1.0012,1.0015,798133.0,2026-02-06 00:59:59.999,799300.92230000,1473,457809.00000000,458509.08840000,0
2026-02-06 01:00:00,1.0015,1.0015,1.0012,1.0013,528105.0,2026-02-06 01:59:59.999,528817.56960000,2698,520772.00000000,521475.50400000,0
2026-02-06 02:00:00,1.0013,1.0015,1.001,1.0011,2515595.0,2026-02-06 02:59:59.999,2518717.46520000,1988,2444651.00000000,2447690.57540000,0
2026-02-06 03:00:00,1.0009,1.0011,1.0009,1.0011,60203.0,2026-02-06 03:59:59.999,60268.18750000,189,57205.00000000,57267.45870000,0
2026-02-06 04:00:00,1.0011,1.0012,1.0009,1.0012,2817841.0,2026-02-06 04:59:59.999,2820962.45640000,1305,2693572.00000000,2696566.74290000,0
2026-02-06 05:00:00,1.0011,1.0013,1.001,1.0012,713527.0,2026-02-06 05:59:59.999,714383.13390000,618,694459.00000000,695294.16500000,0
2026-02-06 06:00:00,1.0012,1.0013,1.001,1.0013,958217.0,2026-02-06 06:59:59.999,959331.74520000,1280,870720.00000000,871737.88720000,0
2026-02-06 07:00:00,1.0012,1.0013,1.0011,1.0013,389741.0,2026-02-06 07:59:59.999,390235.25200000,534,366201.00000000,366667.01070000,0
2026-02-06 08:00:00,1.0013,1.0014,1.0011,1.0013,507107.0,2026-02-06 08:59:59.999,507764.38910000,750,496757.00000000,497402.79070000,0
2026-02-06 09:00:00,1.0013,1.0015,1.0012,1.0014,656373.0,2026-02-06 09:59:59.999,657252.99650000,453,596909.00000000,597701.56640000,0
2026-02-06 10:00:00,1.0014,1.0014,1.0012,1.0014,729503.0,2026-02-06 10:59:59.999,730510.20460000,554,678681.00000000,679627.00290000,0
2026-02-06 11:00:00,1.0014,1.0014,1.0011,1.0012,1655554.0,2026-02-06 11:59:59.999,1657605.41560000,785,1609030.00000000,1611020.97040000,0
2026-02-06 12:00:00,1.0011,1.0013,1.0009,1.0012,840933.0,2026-02-06 12:59:59.999,841924.16750000,137,737511.00000000,738395.95420000,0
2026-02-06 13:00:00,1.0012,1.0012,1.0008,1.001,108091.0,2026-02-06 13:59:59.999,108199.47920000,127,106671.00000000,106778.21090000,0
2026-02-06 14:00:00,1.001,1.001,1.0004,1.0006,200215.0,2026-02-06 14:59:59.999,200321.38720000,162,107891.00000000,107947.33160000,0
2026-02-06 15:00:00,1.0005,1.0009,1.0002,1.0004,303632.0,2026-02-06 15:59:59.999,303824.83290000,410,265034.00000000,265205.41150000,0
2026-02-06 16:00:00,1.0004,1.001,1.0001,1.0005,249828.0,2026-02-06 16:59:59.999,249918.90340000,629,68818.00000000,68845.00480000,0
2026-02-06 17:00:00,1.0005,1.0006,1.0003,1.0006,142156.0,2026-02-06 17:59:59.999,142225.81870000,280,113403.00000000,113459.99300000,0
2026-02-06 18:00:00,1.0006,1.0006,1.0003,1.0006,66473.0,2026-02-06 18:59:59.999,66507.20360000,198,28199.00000000,28214.56530000,0
2026-02-06 19:00:00,1.0006,1.0011,1.0005,1.0009,67390.0,2026-02-06 19:59:59.999,67450.36430000,162,18511.00000000,18523.08280000,0
2026-02-06 20:00:00,1.001,1.001,1.0005,1.0005,46238.0,2026-02-06 20:59:59.999,46268.46080000,202,5341.00000000,5345.73960000,0
2026-02-06 21:00:00,1.0005,1.0007,1.0005,1.0006,12845.0,2026-02-06 21:59:59.999,12851.86080000,195,801.00000000,801.56070000,0
2026-02-06 22:00:00,1.0006,1.0008,1.0005,1.0008,121092.0,2026-02-06 22:59:59.999,121177.88640000,361,49386.00000000,49421.81780000,0
2026-02-06 23:00:00,1.0008,1.0008,1.0006,1.0008,60730.0,2026-02-06 23:59:59.999,60771.83410000,161,1787.00000000,1788.42960000,0
2026-02-07 00:00:00,1.0007,1.0008,1.0004,1.0006,73295.0,2026-02-07 00:59:59.999,73335.60330000,272,20970.00000000,20982.12330000,0
2026-02-07 01:00:00,1.0006,1.0007,1.0005,1.0006,51956.0,2026-02-07 01:59:59.999,51983.32260000,211,12739.00000000,12746.71350000,0
2026-02-07 02:00:00,1.0006,1.0006,1.0005,1.0006,1238.0,2026-02-07 02:59:59.999,1238.73670000,73,1177.00000000,1177.70620000,0
2026-02-07 03:00:00,1.0006,1.0006,1.0004,1.0005,40206.0,2026-02-07 03:59:59.999,40226.13630000,182,1157.00000000,1157.65660000,0
2026-02-07 04:00:00,1.0005,1.0005,1.0004,1.0005,2555.0,2026-02-07 04:59:59.999,2556.26440000,177,2424.00000000,2425.21200000,0
2026-02-07 05:00:00,1.0005,1.0005,1.0003,1.0004,2243.0,2026-02-07 05:59:59.999,2244.00300000,206,1144.00000000,1144.56720000,0
2026-02-07 06:00:00,1.0004,1.0004,1.0002,1.0004,28091.0,2026-02-07 06:59:59.999,28099.63720000,271,2129.00000000,2129.85100000,0
2026-02-07 07:00:00,1.0004,1.0005,1.0003,1.0005,18817.0,2026-02-07 07:59:59.999,18824.56420000,167,10052.00000000,10056.09910000,0
2026-02-07 08:00:00,1.0004,1.0005,1.0003,1.0005,15636.0,2026-02-07 08:59:59.999,15642.22030000,248,8357.00000000,8360.46840000,0
2026-02-07 09:00:00,1.0005,1.0005,1.0002,1.0003,71540.0,2026-02-07 09:59:59.999,71563.14480000,305,4061.00000000,4062.91810000,0
2026-02-07 10:00:00,1.0003,1.0007,1.0003,1.0006,390943.0,2026-02-07 10:59:59.999,391151.65330000,439,314696.00000000,314867.94660000,0
2026-02-07 11:00:00,1.0006,1.0008,1.0005,1.0008,42901.0,2026-02-07 11:59:59.999,42926.75470000,211,31138.00000000,31157.66000000,0
2026-02-07 12:00:00,1.0007,1.0011,1.0007,1.0009,229137.0,2026-02-07 12:59:59.999,229341.86560000,140,9519.00000000,9527.34680000,0
2026-02-07 13:00:00,1.0008,1.001,1.0008,1.001,424852.0,2026-02-07 13:59:59.999,425235.14150000,139,9719.00000000,9728.70760000,0
2026-02-07 14:00:00,1.001,1.001,1.0008,1.001,19938.0,2026-02-07 14:59:59.999,19956.19760000,161,3480.00000000,3483.47940000,0
2026-02-07 15:00:00,1.0009,1.001,1.0008,1.0009,20027.0,2026-02-07 15:59:59.999,20044.71950000,168,844.00000000,844.81840000,0
2026-02-07 16:00:00,1.0009,1.001,1.0007,1.0008,433920.0,2026-02-07 16:59:59.999,434275.18750000,526,214360.00000000,214554.65110000,0
2026-02-07 17:00:00,1.0008,1.0008,1.0005,1.0007,3372.0,2026-02-07 17:59:59.999,3374.33880000,80,613.00000000,613.45880000,0
2026-02-07 18:00:00,1.0007,1.0007,1.0005,1.0007,26425.0,2026-02-07 18:59:59.999,26441.36890000,72,11421.00000000,11428.99470000,0
2026-02-07 19:00:00,1.0006,1.0008,1.0006,1.0007,209461.0,2026-02-07 19:59:59.999,209587.99470000,92,6870.00000000,6875.42630000,0
2026-02-07 20:00:00,1.0007,1.0007,1.0006,1.0007,5926.0,2026-02-07 20:59:59.999,5929.62820000,72,726.00000000,726.50820000,0
2026-02-07 21:00:00,1.0007,1.0007,1.0004,1.0007,3420.0,2026-02-07 21:59:59.999,3421.78300000,98,764.00000000,764.53300000,0
2026-02-07 22:00:00,1.0007,1.0007,1.0006,1.0006,1377.0,2026-02-07 22:59:59.999,1377.87340000,78,472.00000000,472.33040000,0
2026-02-07 23:00:00,1.0006,1.0007,1.0005,1.0005,7365.0,2026-02-07 23:59:59.999,7369.41620000,81,233.00000000,233.15700000,0
2026-02-08 00:00:00,1.0005,1.0006,1.0005,1.0005,11397.0,2026-02-08 00:59:59.999,11402.70690000,74,84.00000000,84.05040000,0
2026-02-08 01:00:00,1.0005,1.0007,1.0005,1.0005,24540.0,2026-02-08 01:59:59.999,24556.23420000,105,23615.00000000,23630.76580000,0
2026-02-08 02:00:00,1.0005,1.0007,1.0005,1.0006,1061.0,2026-02-08 02:59:59.999,1061.60620000,73,219.00000000,219.13660000,0
2026-02-08 03:00:00,1.0006,1.0007,1.0006,1.0006,3828.0,2026-02-08 03:59:59.999,3830.31630000,69,195.00000000,195.13650000,0
2026-02-08 04:00:00,1.0006,1.0007,1.0006,1.0007,6969.0,2026-02-08 04:59:59.999,6973.64260000,68,4612.00000000,4615.22840000,0
2026-02-08 05:00:00,1.0007,1.0007,1.0006,1.0007,619.0,2026-02-08 05:59:59.999,619.41510000,68,437.00000000,437.30590000,0
2026-02-08 06:00:00,1.0007,1.0007,1.0006,1.0007,2042.0,2026-02-08 06:59:59.999,2043.34460000,72,1194.00000000,1194.83580000,0
2026-02-08 07:00:00,1.0007,1.0007,1.0006,1.0007,490.0,2026-02-08 07:59:59.999,490.33650000,66,425.00000000,425.29750000,0
2026-02-08 08:00:00,1.0007,1.0007,1.0005,1.0007,21322.0,2026-02-08 08:59:59.999,21335.16550000,115,3728.00000000,3730.60960000,0
2026-02-08 09:00:00,1.0007,1.0007,1.0006,1.0007,2615.0,2026-02-08 09:59:59.999,2616.75960000,115,1906.00000000,1907.33420000,0
2026-02-08 10:00:00,1.0006,1.0007,1.0006,1.0007,1606.0,2026-02-08 10:59:59.999,1607.03880000,142,752.00000000,752.52640000,0
2026-02-08 11:00:00,1.0006,1.0008,1.0005,1.0008,208737.0,2026-02-08 11:59:59.999,208862.96450000,117,205616.00000000,205740.32040000,0
2026-02-08 12:00:00,1.0007,1.0008,1.0006,1.0008,11762.0,2026-02-08 12:59:59.999,11770.29240000,83,602.00000000,602.48160000,0
2026-02-08 13:00:00,1.0008,1.0008,1.0005,1.0007,81757.0,2026-02-08 13:59:59.999,81807.24860000,335,509.00000000,509.36680000,0
2026-02-08 14:00:00,1.0006,1.0007,1.0005,1.0006,96552.0,2026-02-08 14:59:59.999,96600.44680000,165,885.00000000,885.57330000,0
2026-02-08 15:00:00,1.0006,1.0006,1.0005,1.0005,19668.0,2026-02-08 15:59:59.999,19678.11850000,230,2845.00000000,2846.70700000,0
2026-02-08 16:00:00,1.0005,1.0006,1.0005,1.0005,11524.0,2026-02-08 16:59:59.999,11530.28290000,74,5209.00000000,5212.12540000,0
2026-02-08 17:00:00,1.0005,1.0006,1.0005,1.0005,29881.0,2026-02-08 17:59:59.999,29895.96910000,129,286.00000000,286.17160000,0
2026-02-08 18:00:00,1.0005,1.0006,1.0004,1.0005,2237.0,2026-02-08 18:59:59.999,2238.13080000,75,163.00000000,163.09720000,0
2026-02-08 19:00:00,1.0005,1.0007,1.0005,1.0005,9547.0,2026-02-08 19:59:59.999,9552.70550000,77,8383.00000000,8388.12280000,0
2026-02-08 20:00:00,1.0005,1.0006,1.0005,1.0005,1850.0,2026-02-08 20:59:59.999,1850.94440000,109,194.00000000,194.11640000,0
2026-02-08 21:00:00,1.0006,1.0006,1.0004,1.0004,2558.0,2026-02-08 21:59:59.999,2559.17980000,216,1462.00000000,1462.73510000,0
2026-02-08 22:00:00,1.0005,1.0005,1.0003,1.0004,21736.0,2026-02-08 22:59:59.999,21744.73490000,411,684.00000000,684.34110000,0
2026-02-08 23:00:00,1.0004,1.0005,1.0004,1.0005,5779.0,2026-02-08 23:59:59.999,5781.87090000,85,5593.00000000,5595.79650000,0
2026-02-09 00:00:00,1.0005,1.0006,1.0004,1.0005,23361.0,2026-02-09 00:59:59.999,23374.77200000,166,22767.00000000,22780.51110000,0
2026-02-09 01:00:00,1.0005,1.0007,1.0004,1.0005,489669.0,2026-02-09 01:59:59.999,489969.27390000,704,473890.00000000,474182.37430000,0
2026-02-09 02:00:00,1.0006,1.0007,1.0005,1.0006,540003.0,2026-02-09 02:59:59.999,540328.89040000,646,534808.00000000,535131.29290000,0
2026-02-09 03:00:00,1.0007,1.0008,1.0006,1.0008,1073524.0,2026-02-09 03:59:59.999,1074275.03010000,355,1052875.00000000,1053613.64070000,0
2026-02-09 04:00:00,1.0007,1.0008,1.0007,1.0008,556618.0,2026-02-09 04:59:59.999,557061.24930000,264,536167.00000000,536595.93360000,0
2026-02-09 05:00:00,1.0008,1.0008,1.0007,1.0008,543902.0,2026-02-09 05:59:59.999,544336.48160000,260,537502.00000000,537932.00160000,0
2026-02-09 06:00:00,1.0008,1.0008,1.0007,1.0008,301062.0,2026-02-09 06:59:59.999,301301.86440000,189,291210.00000000,291442.96800000,0
2026-02-09 07:00:00,1.0008,1.0008,1.0007,1.0008,10638.0,2026-02-09 07:59:59.999,10645.50190000,94,553.00000000,553.44240000,0
2026-02-09 08:00:00,1.0008,1.0008,1.0007,1.0008,472712.0,2026-02-09 08:59:59.999,473084.80670000,443,419083.00000000,419418.26640000,0
2026-02-09 09:00:00,1.0008,1.0009,1.0007,1.0009,588601.0,2026-02-09 09:59:59.999,589072.43770000,671,560323.00000000,560774.25590000,0
2026-02-09 10:00:00,1.0009,1.001,1.0008,1.001,1043425.0,2026-02-09 10:59:59.999,1044402.35520000,616,959320.00000000,960221.68850000,0
2026-02-09 11:00:00,1.001,1.001,1.0009,1.001,756335.0,2026-02-09 11:59:59.999,757037.86630000,435,334155.00000000,334477.90430000,0
2026-02-09 12:00:00,1.001,1.001,1.0008,1.0009,336666.0,2026-02-09 12:59:59.999,336968.85600000,285,328406.00000000,328701.56900000,0
2026-02-09 13:00:00,1.0009,1.0009,1.0007,1.0008,839686.0,2026-02-09 13:59:59.999,840380.96590000,531,597352.00000000,597855.23490000,0
2026-02-09 14:00:00,1.0008,1.0008,1.0007,1.0008,105615.0,2026-02-09 14:59:59.999,105698.35440000,136,94239.00000000,94314.39120000,0
2026-02-09 15:00:00,1.0008,1.0008,1.0003,1.0005,1092061.0,2026-02-09 15:59:59.999,1092625.06990000,245,30542.00000000,30556.28720000,0
2026-02-09 16:00:00,1.0005,1.0006,1.0004,1.0005,426476.0,2026-02-09 16:59:59.999,426689.60290000,39,418536.00000000,418745.63350000,0
2026-02-09 17:00:00,1.0004,1.0006,1.0004,1.0005,206643.0,2026-02-09 17:59:59.999,206746.32140000,28,205707.00000000,205809.85950000,0
2026-02-09 18:00:00,1.0006,1.0007,1.0005,1.0005,413337.0,2026-02-09 18:59:59.999,413584.77020000,56,403719.00000000,403961.23230000,0
2026-02-09 19:00:00,1.0006,1.0006,1.0004,1.0004,2024159.0,2026-02-09 19:59:59.999,2025253.19930000,115,2013614.00000000,2014702.16640000,0
2026-02-09 20:00:00,1.0004,1.0005,1.0003,1.0003,1700.0,2026-02-09 20:59:59.999,1700.66720000,85,40.00000000,40.01880000,0
2026-02-09 21:00:00,1.0004,1.0006,1.0003,1.0004,1013277.0,2026-02-09 21:59:59.999,1013723.94050000,96,1012190.00000000,1012636.52080000,0
2026-02-09 22:00:00,1.0004,1.0005,1.0003,1.0004,59321.0,2026-02-09 22:59:59.999,59345.55920000,94,8315.00000000,8319.15750000,0
2026-02-09 23:00:00,1.0004,1.0006,1.0004,1.0004,208961.0,2026-02-09 23:59:59.999,209065.91060000,107,208434.00000000,208538.69840000,0
2026-02-10 00:00:00,1.0006,1.0006,1.0004,1.0005,4595.0,2026-02-10 00:59:59.999,4596.97590000,76,742.00000000,742.42220000,0
2026-02-10 01:00:00,1.0005,1.0006,1.0004,1.0006,174949.0,2026-02-10 01:59:59.999,175053.58340000,93,174861.00000000,174965.54490000,0
2026-02-10 02:00:00,1.0006,1.0006,1.0004,1.0005,492697.0,2026-02-10 02:59:59.999,492992.47560000,238,491965.00000000,492260.17480000,0
2026-02-10 03:00:00,1.0006,1.0008,1.0005,1.0008,546048.0,2026-02-10 03:59:59.999,546394.92110000,458,543701.00000000,544046.74640000,0
2026-02-10 04:00:00,1.0006,1.0009,1.0006,1.0007,204368.0,2026-02-10 04:59:59.999,204534.97700000,285,196975.00000000,197136.20200000,0
2026-02-10 05:00:00,1.0007,1.0009,1.0006,1.0007,607582.0,2026-02-10 05:59:59.999,608081.90530000,498,598674.00000000,599167.75380000,0
2026-02-10 06:00:00,1.0007,1.0009,1.0006,1.0007,507503.0,2026-02-10 06:59:59.999,507895.12100000,455,505917.00000000,506308.11250000,0
2026-02-10 07:00:00,1.0006,1.001,1.0006,1.001,408487.0,2026-02-10 07:59:59.999,408890.13170000,321,408056.00000000,408458.74900000,0
2026-02-10 08:00:00,1.001,1.001,1.0008,1.0009,177624.0,2026-02-10 08:59:59.999,177799.52130000,151,163654.00000000,163816.97810000,0
2026-02-10 09:00:00,1.0009,1.001,1.0007,1.001,457353.0,2026-02-10 09:59:59.999,457787.88040000,446,420331.00000000,420736.07070000,0
2026-02-10 10:00:00,1.001,1.001,1.0006,1.0008,408567.0,2026-02-10 10:59:59.999,408961.88990000,423,388225.00000000,388603.72150000,0
2026-02-10 11:00:00,1.0008,1.001,1.0006,1.0007,665706.0,2026-02-10 11:59:59.999,666332.67410000,347,562974.00000000,563532.76600000,0
2026-02-10 12:00:00,1.0008,1.001,1.0007,1.0008,588272.0,2026-02-10 12:59:59.999,588795.68320000,723,559540.00000000,560043.09310000,0
2026-02-10 13:00:00,1.0008,1.0009,1.0006,1.0006,582656.0,2026-02-10 13:59:59.999,583120.91180000,579,472565.00000000,472962.81830000,0
2026-02-10 14:00:00,1.0008,1.0008,1.0006,1.0008,342095.0,2026-02-10 14:59:59.999,342366.85410000,235,340257.00000000,340527.73640000,0
2026-02-10 15:00:00,1.0008,1.0008,1.0004,1.0005,135923.0,2026-02-10 15:59:59.999,135983.21990000,182,15262.00000000,15272.10120000,0
2026-02-10 16:00:00,1.0005,1.0005,1.0001,1.0002,6108347.0,2026-02-10 16:59:59.999,6109526.26750000,136,327183.00000000,327247.53900000,0
2026-02-10 17:00:00,1.0002,1.0004,1.0002,1.0004,671306.0,2026-02-10 17:59:59.999,671461.83380000,87,220702.00000000,220767.71240000,0
2026-02-10 18:00:00,1.0003,1.0005,1.0003,1.0005,8659.0,2026-02-10 18:59:59.999,8662.65170000,85,7571.00000000,7574.31950000,0
2026-02-10 19:00:00,1.0005,1.0005,1.0004,1.0005,6874.0,2026-02-10 19:59:59.999,6877.33880000,79,5892.00000000,5894.94600000,0
2026-02-10 20:00:00,1.0005,1.0005,1.0004,1.0005,7471.0,2026-02-10 20:59:59.999,7474.49690000,79,5085.00000000,5087.54250000,0
2026-02-10 21:00:00,1.0004,1.0006,1.0004,1.0006,206514.0,2026-02-10 21:59:59.999,206617.66540000,72,205578.00000000,205681.19900000,0
2026-02-10 22:00:00,1.0006,1.0006,1.0005,1.0006,23864.0,2026-02-10 22:59:59.999,23877.10250000,156,11705.00000000,11712.02300000,0
2026-02-10 23:00:00,1.0006,1.0006,1.0005,1.0006,8522.0,2026-02-10 23:59:59.999,8527.07650000,85,8155.00000000,8159.89300000,0
2026-02-11 00:00:00,1.0006,1.0006,1.0005,1.0006,3356.0,2026-02-11 00:59:59.999,3357.97480000,79,2968.00000000,2969.78080000,0
2026-02-11 01:00:00,1.0006,1.0006,1.0005,1.0006,62566.0,2026-02-11 01:59:59.999,62603.48280000,208,61998.00000000,62035.19880000,0
2026-02-11 02:00:00,1.0006,1.0006,1.0005,1.0006,309150.0,2026-02-11 02:59:59.999,309335.45780000,170,308828.00000000,309013.29680000,0
2026-02-11 03:00:00,1.0006,1.0006,1.0005,1.0006,182889.0,2026-02-11 03:59:59.999,182998.58630000,181,181418.00000000,181526.85080000,0
2026-02-11 04:00:00,1.0006,1.0006,1.0005,1.0006,605303.0,2026-02-11 04:59:59.999,605666.13970000,304,604882.00000000,605244.92920000,0
2026-02-11 05:00:00,1.0006,1.0007,1.0005,1.0006,277272.0,2026-02-11 05:59:59.999,277441.63940000,182,274864.00000000,275032.43540000,0
2026-02-11 06:00:00,1.0006,1.0007,1.0005,1.0007,1239081.0,2026-02-11 06:59:59.999,1239824.35880000,267,1210276.00000000,1211002.23350000,0
2026-02-11 07:00:00,1.0007,1.0009,1.0005,1.0008,672005.0,2026-02-11 07:59:59.999,672427.80910000,354,371412.00000000,371654.53660000,0
2026-02-11 08:00:00,1.0007,1.0008,1.0004,1.0006,456445.0,2026-02-11 08:59:59.999,456734.13120000,399,423188.00000000,423457.68130000,0
2026-02-11 09:00:00,1.0006,1.0007,1.0004,1.0006,580650.0,2026-02-11 09:59:59.999,581010.96240000,473,556317.00000000,556665.08560000,0
2026-02-11 10:00:00,1.0006,1.0007,1.0005,1.0006,501681.0,2026-02-11 10:59:59.999,501985.85200000,438,499713.00000000,500016.86800000,0
2026-02-11 11:00:00,1.0006,1.0007,1.0004,1.0006,566177.0,2026-02-11 11:59:59.999,566488.62460000,712,507036.00000000,507322.58730000,0
2026-02-11 12:00:00,1.0006,1.0006,1.0004,1.0005,393528.0,2026-02-11 12:59:59.999,393743.92910000,301,320658.00000000,320843.93700000,0
2026-02-11 13:00:00,1.0004,1.0006,1.0004,1.0005,397616.0,2026-02-11 13:59:59.999,397814.05640000,129,378656.00000000,378845.61210000,0
2026-02-11 14:00:00,1.0004,1.0006,1.0002,1.0004,2737315.0,2026-02-11 14:59:59.999,2738198.71490000,704,271440.00000000,271559.61910000,0
2026-02-11 15:00:00,1.0004,1.0004,1.0003,1.0004,1005018.0,2026-02-11 15:59:59.999,1005320.43660000,327,9323.00000000,9326.72810000,0
2026-02-11 16:00:00,1.0003,1.0004,1.0003,1.0004,7569.0,2026-02-11 16:59:59.999,7571.57740000,94,3067.00000000,3068.22680000,0
2026-02-11 17:00:00,1.0004,1.0007,1.0003,1.0007,29061.0,2026-02-11 17:59:59.999,29077.05690000,179,19937.00000000,19947.83700000,0
2026-02-11 18:00:00,1.0007,1.0007,1.0006,1.0007,100999.0,2026-02-11 18:59:59.999,101068.45990000,80,88605.00000000,88667.02350000,0
2026-02-11 19:00:00,1.0007,1.0007,1.0006,1.0007,12062.0,2026-02-11 19:59:59.999,12070.28580000,195,10486.00000000,10493.34020000,0
2026-02-11 20:00:00,1.0006,1.0007,1.0006,1.0007,209012.0,2026-02-11 20:59:59.999,209158.22250000,88,208153.00000000,208298.70710000,0
2026-02-11 21:00:00,1.0007,1.0007,1.0006,1.0006,3885.0,2026-02-11 21:59:59.999,3887.56030000,85,2293.00000000,2294.60510000,0
2026-02-11 22:00:00,1.0006,1.0008,1.0006,1.0007,39527.0,2026-02-11 22:59:59.999,39557.09430000,174,26116.00000000,26136.82460000,0
2026-02-11 23:00:00,1.0007,1.0008,1.0006,1.0006,7525.0,2026-02-11 23:59:59.999,7530.19170000,93,381.00000000,381.30100000,0
2026-02-12 00:00:00,1.0006,1.0008,1.0006,1.0006,30377.0,2026-02-12 00:59:59.999,30399.03250000,174,28689.00000000,28710.01970000,0
2026-02-12 01:00:00,1.0007,1.0008,1.0006,1.0006,393741.0,2026-02-12 01:59:59.999,394033.24620000,318,344312.00000000,344573.60180000,0
2026-02-12 02:00:00,1.0006,1.0008,1.0006,1.0007,450325.0,2026-02-12 02:59:59.999,450684.29990000,307,449566.00000000,449924.78480000,0
2026-02-12 03:00:00,1.0008,1.0008,1.0005,1.0006,539501.0,2026-02-12 03:59:59.999,539900.25710000,265,515463.00000000,515846.15890000,0
2026-02-12 04:00:00,1.0006,1.0008,1.0006,1.0007,215873.0,2026-02-12 04:59:59.999,216024.06210000,102,207662.00000000,207807.40150000,0
2026-02-12 05:00:00,1.0007,1.0008,1.0006,1.0006,28874.0,2026-02-12 05:59:59.999,28894.34140000,68,1303.00000000,1304.04240000,0
2026-02-12 06:00:00,1.0006,1.0008,1.0006,1.0007,604760.0,2026-02-12 06:59:59.999,605183.30920000,85,597331.00000000,597749.13270000,0
2026-02-12 07:00:00,1.0008,1.0008,1.0006,1.0007,873979.0,2026-02-12 07:59:59.999,874611.50680000,261,833724.00000000,834329.36660000,0
2026-02-12 08:00:00,1.0006,1.0008,1.0006,1.0008,4715.0,2026-02-12 08:59:59.999,4718.30920000,10,4556.00000000,4559.20880000,0
2026-02-12 09:00:00,1.0006,1.0008,1.0006,1.0007,87147.0,2026-02-12 09:59:59.999,87200.18240000,44,8883.00000000,8889.22400000,0
2026-02-12 10:00:00,1.0007,1.0007,1.0006,1.0007,54432.0,2026-02-12 10:59:59.999,54469.35480000,95,46956.00000000,46988.86920000,0
2026-02-12 11:00:00,1.0007,1.0007,1.0005,1.0005,38396.0,2026-02-12 11:59:59.999,38415.96630000,33,30401.00000000,30416.25790000,0
2026-02-12 12:00:00,1.0005,1.0005,1.0003,1.0004,232080.0,2026-02-12 12:59:59.999,232174.01350000,87,12114.00000000,12120.05640000,0
2026-02-12 13:00:00,1.0003,1.0005,1.0003,1.0004,209540.0,2026-02-12 13:59:59.999,209635.15980000,97,154411.00000000,154488.08850000,0
2026-02-12 14:00:00,1.0003,1.0004,1.0002,1.0002,554578.0,2026-02-12 14:59:59.999,554744.09820000,165,9185.00000000,9188.65760000,0
2026-02-12 15:00:00,1.0002,1.0003,1.0,1.0002,3241500.0,2026-02-12 15:59:59.999,3242075.40760000,146,315862.00000000,315924.67550000,0
2026-02-12 16:00:00,1.0002,1.0006,1.0002,1.0004,230599.0,2026-02-12 16:59:59.999,230690.58810000,301,125057.00000000,125108.05470000,0
2026-02-12 17:00:00,1.0005,1.0006,1.0004,1.0005,58716.0,2026-02-12 17:59:59.999,58746.91730000,140,35485.00000000,35504.85690000,0
2026-02-12 18:00:00,1.0005,1.0006,1.0005,1.0005,12412.0,2026-02-12 18:59:59.999,12418.37290000,140,1669.00000000,1670.00140000,0
2026-02-12 19:00:00,1.0006,1.0006,1.0005,1.0006,16660.0,2026-02-12 19:59:59.999,16669.35740000,143,9592.00000000,9597.75520000,0
2026-02-12 20:00:00,1.0006,1.0007,1.0006,1.0006,9655.0,2026-02-12 20:59:59.999,9661.40470000,74,6117.00000000,6121.28190000,0
2026-02-12 21:00:00,1.0006,1.0007,1.0006,1.0006,20525.0,2026-02-12 21:59:59.999,20539.05530000,23,17403.00000000,17415.18210000,0
2026-02-12 22:00:00,1.0007,1.0007,1.0006,1.0006,40299.0,2026-02-12 22:59:59.999,40326.94710000,43,37677.00000000,37703.37390000,0
2026-02-12 23:00:00,1.0006,1.0007,1.0006,1.0006,19254.0,2026-02-12 23:59:59.999,19265.57040000,103,180.00000000,180.12600000,0
2026-02-13 00:00:00,1.0006,1.0007,1.0006,1.0006,9097.0,2026-02-13 00:59:59.999,9102.77880000,88,3206.00000000,3208.24420000,0
2026-02-13 01:00:00,1.0006,1.0007,1.0006,1.0006,4943.0,2026-02-13 01:59:59.999,4946.00770000,74,419.00000000,419.29330000,0
2026-02-13 02:00:00,1.0006,1.0008,1.0006,1.0006,251586.0,2026-02-13 02:59:59.999,251761.54670000,82,245920.00000000,246092.14520000,0
2026-02-13 03:00:00,1.0006,1.0008,1.0006,1.0007,263893.0,2026-02-13 03:59:59.999,264103.75270000,114,260501.00000000,260709.40080000,0
2026-02-13 04:00:00,1.0007,1.0008,1.0006,1.0006,11809.0,2026-02-13 04:59:59.999,11818.30730000,94,10877.00000000,10885.70100000,0
2026-02-13 05:00:00,1.0008,1.0008,1.0006,1.0007,4254.0,2026-02-13 05:59:59.999,4257.29630000,32,3515.00000000,3517.81200000,0
2026-02-13 06:00:00,1.0008,1.0008,1.0006,1.0006,13012.0,2026-02-13 06:59:59.999,13020.20050000,101,2673.00000000,2674.93050000,0
2026-02-13 07:00:00,1.0006,1.0007,1.0006,1.0007,16437.0,2026-02-13 07:59:59.999,16446.96460000,204,1024.00000000,1024.71680000,0
2026-02-13 08:00:00,1.0007,1.0008,1.0006,1.0006,498135.0,2026-02-13 08:59:59.999,498517.77600000,67,424995.00000000,425333.89070000,0
2026-02-13 09:00:00,1.0006,1.0007,1.0006,1.0007,30594.0,2026-02-13 09:59:59.999,30615.39450000,17,30381.00000000,30402.26670000,0
2026-02-13 10:00:00,1.0007,1.0007,1.0006,1.0007,98463.0,2026-02-13 10:59:59.999,98531.37030000,88,92925.00000000,92990.04750000,0
2026-02-13 11:00:00,1.0007,1.0007,1.0006,1.0007,1994.0,2026-02-13 11:59:59.999,1995.36540000,80,1690.00000000,1691.18300000,0
2026-02-13 12:00:00,1.0007,1.0007,1.0006,1.0007,42117.0,2026-02-13 12:59:59.999,42145.26960000,97,29994.00000000,30014.99580000,0
2026-02-13 13:00:00,1.0007,1.0007,1.0005,1.0007,26565.0,2026-02-13 13:59:59.999,26583.47570000,114,25369.00000000,25386.75830000,0
2026-02-13 14:00:00,1.0007,1.0007,1.0004,1.0006,699657.0,2026-02-13 14:59:59.999,700020.60200000,264,68633.00000000,68678.96230000,0
2026-02-13 15:00:00,1.0006,1.0006,1.0003,1.0005,22400.0,2026-02-13 15:59:59.999,22411.20680000,127,13903.00000000,13910.85790000,0
2026-02-13 16:00:00,1.0005,1.0005,1.0003,1.0005,434079.0,2026-02-13 16:59:59.999,434253.01030000,234,5914.00000000,5916.94870000,0
2026-02-13 17:00:00,1.0005,1.0007,1.0004,1.0005,7289.0,2026-02-13 17:59:59.999,7293.29110000,76,6958.00000000,6962.11540000,0
2026-02-13 18:00:00,1.0005,1.0007,1.0004,1.0004,413355.0,2026-02-13 18:59:59.999,413541.28240000,94,543.00000000,543.32140000,0
2026-02-13 19:00:00,1.0004,1.0005,1.0003,1.0005,3531.0,2026-02-13 19:59:59.999,3532.48330000,95,1530.00000000,1530.69610000,0
2026-02-13 20:00:00,1.0005,1.0005,1.0004,1.0005,14405.0,2026-02-13 20:59:59.999,14411.70280000,80,9408.00000000,9412.70400000,0
2026-02-13 21:00:00,1.0005,1.0005,1.0004,1.0005,1786.0,2026-02-13 21:59:59.999,1786.79490000,92,805.00000000,805.40250000,0
2026-02-13 22:00:00,1.0005,1.0005,1.0004,1.0005,2561.0,2026-02-13 22:59:59.999,2562.09140000,81,670.00000000,670.33500000,0
2026-02-13 23:00:00,1.0005,1.0006,1.0004,1.0006,216896.0,2026-02-13 23:59:59.999,217004.49170000,97,216845.00000000,216953.47130000,0
2026-02-14 00:00:00,1.0006,1.0006,1.0004,1.0004,3218.0,2026-02-14 00:59:59.999,3219.49630000,115,1920.00000000,1920.97140000,0
2026-02-14 01:00:00,1.0004,1.0005,1.0004,1.0005,3212.0,2026-02-14 01:59:59.999,3213.35710000,116,723.00000000,723.36150000,0
2026-02-14 02:00:00,1.0005,1.0005,1.0004,1.0005,1597.0,2026-02-14 02:59:59.999,1597.75700000,156,1182.00000000,1182.59100000,0
2026-02-14 03:00:00,1.0005,1.0005,1.0004,1.0005,3190.0,2026-02-14 03:59:59.999,3191.39840000,189,1224.00000000,1224.61200000,0
2026-02-14 04:00:00,1.0005,1.0005,1.0003,1.0003,386406.0,2026-02-14 04:59:59.999,386536.45230000,376,70819.00000000,70854.32460000,0
2026-02-14 05:00:00,1.0004,1.0004,1.0003,1.0003,37635.0,2026-02-14 05:59:59.999,37646.80090000,178,5104.00000000,5106.04160000,0
2026-02-14 06:00:00,1.0003,1.0004,1.0003,1.0003,21199.0,2026-02-14 06:59:59.999,21205.43510000,110,754.00000000,754.30160000,0
2026-02-14 07:00:00,1.0003,1.0004,1.0003,1.0003,11609.0,2026-02-14 07:59:59.999,11612.58730000,112,1046.00000000,1046.41840000,0
2026-02-14 08:00:00,1.0003,1.0005,1.0003,1.0003,130633.0,2026-02-14 08:59:59.999,130674.00350000,147,15380.00000000,15386.42760000,0
2026-02-14 09:00:00,1.0003,1.0005,1.0003,1.0003,32839.0,2026-02-14 09:59:59.999,32851.28470000,228,18759.00000000,18767.05620000,0
2026-02-14 10:00:00,1.0004,1.0004,1.0003,1.0003,70157.0,2026-02-14 10:59:59.999,70178.10570000,110,586.00000000,586.23440000,0
2026-02-14 11:00:00,1.0003,1.0005,1.0003,1.0004,36674.0,2026-02-14 11:59:59.999,36688.55720000,142,33917.00000000,33930.64690000,0
2026-02-14 12:00:00,1.0005,1.0005,1.0004,1.0005,4136.0,2026-02-14 12:59:59.999,4137.87640000,123,2220.00000000,2221.11000000,0
2026-02-14 13:00:00,1.0005,1.0005,1.0003,1.0003,4687.0,2026-02-14 13:59:59.999,4688.74420000,135,2336.00000000,2336.99380000,0
2026-02-14 14:00:00,1.0004,1.0004,1.0003,1.0004,3462.0,2026-02-14 14:59:59.999,3463.19130000,120,1527.00000000,1527.61080000,0
2026-02-14 15:00:00,1.0004,1.0004,1.0003,1.0003,150169.0,2026-02-14 15:59:59.999,150214.24870000,162,1980.00000000,1980.79200000,0
2026-02-14 16:00:00,1.0003,1.0004,1.0002,1.0004,1001393.0,2026-02-14 16:59:59.999,1001752.38400000,160,946456.00000000,946802.28010000,0
2026-02-14 17:00:00,1.0003,1.0004,1.0003,1.0004,8977.0,2026-02-14 17:59:59.999,8980.54090000,91,8478.00000000,8481.39120000,0
2026-02-14 18:00:00,1.0004,1.0004,1.0003,1.0004,39695.0,2026-02-14 18:59:59.999,39706.96540000,192,569.00000000,569.22760000,0
2026-02-14 19:00:00,1.0004,1.0004,1.0003,1.0004,641.0,2026-02-14 19:59:59.999,641.25430000,21,620.00000000,620.24800000,0
2026-02-14 20:00:00,1.0004,1.0005,1.0003,1.0005,455643.0,2026-02-14 20:59:59.999,455835.01040000,155,453743.00000000,453934.40990000,0
2026-02-14 21:00:00,1.0005,1.0005,1.0004,1.0005,2415.0,2026-02-14 21:59:59.999,2416.02450000,49,585.00000000,585.29250000,0
2026-02-14 22:00:00,1.0005,1.0005,1.0004,1.0005,2045.0,2026-02-14 22:59:59.999,2045.90610000,59,881.00000000,881.44050000,0
2026-02-14 23:00:00,1.0005,1.0005,1.0004,1.0005,1632.0,2026-02-14 23:59:59.999,1632.72120000,54,684.00000000,684.34200000,0
2026-02-15 00:00:00,1.0005,1.0005,1.0004,1.0005,14838.0,2026-02-15 00:59:59.999,14844.01880000,195,836.00000000,836.41800000,0
2026-02-15 01:00:00,1.0004,1.0005,1.0004,1.0005,14965.0,2026-02-15 01:59:59.999,14971.02020000,67,342.00000000,342.17100000,0
2026-02-15 02:00:00,1.0005,1.0005,1.0003,1.0003,1958.0,2026-02-15 02:59:59.999,1958.82870000,139,669.00000000,669.33450000,0
2026-02-15 03:00:00,1.0003,1.0005,1.0003,1.0003,24592.0,2026-02-15 03:59:59.999,24602.26090000,101,11414.00000000,11419.70110000,0
2026-02-15 04:00:00,1.0004,1.0004,1.0002,1.0002,57160.0,2026-02-15 04:59:59.999,57171.95130000,141,3602.00000000,3603.09690000,0
2026-02-15 05:00:00,1.0002,1.0003,1.0002,1.0003,22060.0,2026-02-15 05:59:59.999,22066.50590000,46,20939.00000000,20945.28170000,0
2026-02-15 06:00:00,1.0002,1.0003,1.0002,1.0003,40075.0,2026-02-15 06:59:59.999,40086.75050000,132,37355.00000000,37366.20650000,0
2026-02-15 07:00:00,1.0003,1.0004,1.0002,1.0004,21083.0,2026-02-15 07:59:59.999,21087.58790000,80,2984.00000000,2984.96750000,0
2026-02-15 08:00:00,1.0004,1.0004,1.0002,1.0003,107981.0,2026-02-15 08:59:59.999,108023.84000000,180,104555.00000000,104596.82200000,0
2026-02-15 09:00:00,1.0003,1.0004,1.0003,1.0003,38645.0,2026-02-15 09:59:59.999,38657.85160000,251,12581.00000000,12586.03240000,0
2026-02-15 10:00:00,1.0003,1.0004,1.0003,1.0003,19378.0,2026-02-15 10:59:59.999,19384.99890000,173,11855.00000000,11859.74200000,0
2026-02-15 11:00:00,1.0003,1.0004,1.0003,1.0004,14552.0,2026-02-15 11:59:59.999,14557.63060000,78,12650.00000000,12655.06000000,0
2026-02-15 12:00:00,1.0004,1.0005,1.0003,1.0004,199983.0,2026-02-15 12:59:59.999,200063.00270000,57,194640.00000000,194717.88240000,0
2026-02-15 13:00:00,1.0005,1.0005,1.0003,1.0005,2375.0,2026-02-15 13:59:59.999,2376.01230000,59,911.00000000,911.45550000,0
2026-02-15 14:00:00,1.0005,1.0005,1.0003,1.0004,18154.0,2026-02-15 14:59:59.999,18162.95310000,43,17329.00000000,17337.66450000,0
2026-02-15 15:00:00,1.0005,1.0005,1.0003,1.0005,13635.0,2026-02-15 15:59:59.999,13640.91010000,172,9087.00000000,9091.54350000,0
2026-02-15 16:00:00,1.0005,1.0005,1.0003,1.0003,12639.0,2026-02-15 16:59:59.999,12644.70600000,327,9430.00000000,9434.71500000,0
2026-02-15 17:00:00,1.0003,1.0005,1.0003,1.0004,241707.0,2026-02-15 17:59:59.999,241806.33410000,114,235032.00000000,235129.19260000,0
2026-02-15 18:00:00,1.0004,1.0005,1.0004,1.0004,8346.0,2026-02-15 18:59:59.999,8350.12530000,33,7869.00000000,7872.93450000,0
2026-02-15 19:00:00,1.0004,1.0005,1.0003,1.0004,771.0,2026-02-15 19:59:59.999,771.31170000,35,122.00000000,122.06100000,0
2026-02-15 20:00:00,1.0004,1.0005,1.0004,1.0004,1320.0,2026-02-15 20:59:59.999,1320.58080000,26,528.00000000,528.26400000,0
2026-02-15 21:00:00,1.0004,1.0005,1.0004,1.0004,9310.0,2026-02-15 21:59:59.999,9314.05470000,79,3307.00000000,3308.65350000,0
2026-02-15 22:00:00,1.0004,1.0005,1.0004,1.0004,65675.0,2026-02-15 22:59:59.999,65707.33020000,194,60602.00000000,60632.30100000,0
2026-02-15 23:00:00,1.0004,1.0005,1.0004,1.0005,8171.0,2026-02-15 23:59:59.999,8175.04370000,27,7753.00000000,7756.87650000,0
2026-02-16 00:00:00,1.0005,1.0005,1.0004,1.0005,5102.0,2026-02-16 00:59:59.999,5104.38010000,13,3393.00000000,3394.69650000,0
2026-02-16 01:00:00,1.0005,1.0005,1.0003,1.0005,1466484.0,2026-02-16 01:59:59.999,1467217.04090000,66,1462292.00000000,1463023.14600000,0
2026-02-16 02:00:00,1.0005,1.0006,1.0004,1.0005,1002198.0,2026-02-16 02:59:59.999,1002699.01870000,53,1001180.00000000,1001680.59150000,0
2026-02-16 03:00:00,1.0005,1.0005,1.0004,1.0005,212490.0,2026-02-16 03:59:59.999,212595.48270000,69,204478.00000000,204580.23900000,0
2026-02-16 04:00:00,1.0004,1.0005,1.0004,1.0004,201239.0,2026-02-16 04:59:59.999,201339.54590000,55,200503.00000000,200603.25150000,0
2026-02-16 05:00:00,1.0005,1.0006,1.0003,1.0004,313164.0,2026-02-16 05:59:59.999,313313.78160000,155,210065.00000000,210170.03860000,0
2026-02-16 06:00:00,1.0004,1.0005,1.0004,1.0004,26183.0,2026-02-16 06:59:59.999,26193.57280000,90,996.00000000,996.49800000,0
2026-02-16 07:00:00,1.0004,1.0005,1.0004,1.0004,37681.0,2026-02-16 07:59:59.999,37697.42740000,158,13550.00000000,13556.77500000,0
2026-02-16 08:00:00,1.0004,1.0005,1.0004,1.0004,113171.0,2026-02-16 08:59:59.999,113226.31690000,140,100485.00000000,100535.24250000,0
2026-02-16 09:00:00,1.0005,1.0005,1.0004,1.0004,247178.0,2026-02-16 09:59:59.999,247300.62450000,178,237533.00000000,237651.76650000,0
2026-02-16 10:00:00,1.0004,1.0005,1.0004,1.0004,2312.0,2026-02-16 10:59:59.999,2312.93850000,73,137.00000000,137.06850000,0
2026-02-16 11:00:00,1.0004,1.0005,1.0004,1.0004,2746.0,2026-02-16 11:59:59.999,2747.11340000,93,150.00000000,150.07500000,0
2026-02-16 12:00:00,1.0004,1.0005,1.0004,1.0004,14423.0,2026-02-16 12:59:59.999,14428.82100000,236,518.00000000,518.25900000,0
2026-02-16 13:00:00,1.0004,1.0005,1.0004,1.0005,52443.0,2026-02-16 13:59:59.999,52468.39810000,306,44209.00000000,44231.10450000,0
2026-02-16 14:00:00,1.0004,1.0005,1.0004,1.0004,2447.0,2026-02-16 14:59:59.999,2448.04790000,159,691.00000000,691.34550000,0
2026-02-16 15:00:00,1.0005,1.0005,1.0004,1.0005,21094.0,2026-02-16 15:59:59.999,21102.79090000,170,3533.00000000,3534.76650000,0
2026-02-16 16:00:00,1.0005,1.0006,1.0004,1.0006,115826.0,2026-02-16 16:59:59.999,115883.93560000,90,115741.00000000,115798.90160000,0
2026-02-16 17:00:00,1.0006,1.0006,1.0004,1.0005,27825.0,2026-02-16 17:59:59.999,27838.43900000,87,23048.00000000,23059.52610000,0
2026-02-16 18:00:00,1.0005,1.0005,1.0003,1.0005,17039.0,2026-02-16 18:59:59.999,17046.59200000,112,7771.00000000,7774.88550000,0
2026-02-16 19:00:00,1.0005,1.0005,1.0003,1.0004,9705.0,2026-02-16 19:59:59.999,9709.01120000,206,1940.00000000,1940.96800000,0
2026-02-16 20:00:00,1.0004,1.0005,1.0003,1.0004,1006169.0,2026-02-16 20:59:59.999,1006571.45030000,98,1005974.00000000,1006376.39180000,0
2026-02-16 21:00:00,1.0004,1.0005,1.0004,1.0005,23463.0,2026-02-16 21:59:59.999,23473.28550000,96,19218.00000000,19226.58750000,0
2026-02-16 22:00:00,1.0005,1.0005,1.0003,1.0004,3285.0,2026-02-16 22:59:59.999,3286.30070000,91,2991.00000000,2992.20930000,0
2026-02-16 23:00:00,1.0004,1.0005,1.0003,1.0004,129270.0,2026-02-16 23:59:59.999,129321.69810000,110,129086.00000000,129137.64290000,0
2026-02-17 00:00:00,1.0004,1.0005,1.0003,1.0005,3915.0,2026-02-17 00:59:59.999,3916.25610000,78,422.00000000,422.20490000,0
2026-02-17 01:00:00,1.0005,1.0005,1.0003,1.0005,11600.0,2026-02-17 01:59:59.999,11605.79460000,83,11573.00000000,11578.78650000,0
2026-02-17 02:00:00,1.0005,1.0005,1.0003,1.0003,1782.0,2026-02-17 02:59:59.999,1782.76320000,43,989.00000000,989.49450000,0
2026-02-17 03:00:00,1.0005,1.0005,1.0003,1.0004,13373.0,2026-02-17 03:59:59.999,13379.40820000,92,11034.00000000,11039.51700000,0
2026-02-17 04:00:00,1.0005,1.0005,1.0004,1.0005,4571.0,2026-02-17 04:59:59.999,4573.05260000,126,2242.00000000,2243.12100000,0
2026-02-17 05:00:00,1.0005,1.0005,1.0004,1.0005,9374.0,2026-02-17 05:59:59.999,9378.57110000,93,8215.00000000,8219.10750000,0
2026-02-17 06:00:00,1.0005,1.0005,1.0004,1.0005,1118.0,2026-02-17 06:59:59.999,1118.49190000,59,447.00000000,447.22350000,0
2026-02-17 07:00:00,1.0005,1.0005,1.0004,1.0005,6284.0,2026-02-17 07:59:59.999,6286.71430000,44,2007.00000000,2008.00350000,0
2026-02-17 08:00:00,1.0005,1.0005,1.0004,1.0004,4245.0,2026-02-17 08:59:59.999,4246.75130000,44,533.00000000,533.26650000,0
2026-02-17 09:00:00,1.0005,1.0005,1.0003,1.0003,184574.0,2026-02-17 09:59:59.999,184641.56240000,92,100148.00000000,100188.07680000,0
2026-02-17 10:00:00,1.0003,1.0005,1.0003,1.0003,83156.0,2026-02-17 10:59:59.999,83189.21480000,53,68354.00000000,68381.37280000,0
2026-02-17 11:00:00,1.0005,1.0005,1.0004,1.0004,17327.0,2026-02-17 11:59:59.999,17334.57010000,95,6393.00000000,6396.19650000,0
2026-02-17 12:00:00,1.0004,1.0005,1.0004,1.0004,2434.0,2026-02-17 12:59:59.999,2435.07920000,79,1056.00000000,1056.52800000,0
2026-02-17 13:00:00,1.0004,1.0005,1.0004,1.0004,2890.0,2026-02-17 13:59:59.999,2891.35140000,161,1954.00000000,1954.97700000,0
2026-02-17 14:00:00,1.0005,1.0005,1.0003,1.0004,116063.0,2026-02-17 14:59:59.999,116110.18030000,144,33068.00000000,33082.29700000,0
2026-02-17 15:00:00,1.0003,1.0006,1.0003,1.0003,457371.0,2026-02-17 15:59:59.999,457597.56800000,169,417942.00000000,418153.18380000,0
2026-02-17 16:00:00,1.0004,1.0004,1.0003,1.0004,429023.0,2026-02-17 16:59:59.999,429191.78000000,131,400731.00000000,400891.29240000,0
2026-02-17 17:00:00,1.0004,1.0004,1.0003,1.0004,22196.0,2026-02-17 17:59:59.999,22204.85590000,35,21971.00000000,21979.78840000,0
2026-02-17 18:00:00,1.0004,1.0004,1.0003,1.0004,1287.0,2026-02-17 18:59:59.999,1287.44620000,86,601.00000000,601.24040000,0
2026-02-17 19:00:00,1.0004,1.0004,1.0004,1.0004,698.0,2026-02-17 19:59:59.999,698.27920000,79,698.00000000,698.27920000,0
2026-02-17 20:00:00,1.0004,1.0004,1.0003,1.0004,935.0,2026-02-17 20:59:59.999,935.33280000,75,523.00000000,523.20920000,0
2026-02-17 21:00:00,1.0003,1.0004,1.0003,1.0003,14812.0,2026-02-17 21:59:59.999,14816.51160000,96,680.00000000,680.27200000,0
2026-02-17 22:00:00,1.0003,1.0004,1.0003,1.0003,15447.0,2026-02-17 22:59:59.999,15452.91510000,139,12810.00000000,12815.12400000,0
2026-02-17 23:00:00,1.0003,1.0004,1.0003,1.0004,8028.0,2026-02-17 23:59:59.999,8031.15420000,120,7458.00000000,7460.98320000,0
2026-02-18 00:00:00,1.0003,1.0004,1.0003,1.0004,30569.0,2026-02-18 00:59:59.999,30580.96620000,93,27955.00000000,27966.18200000,0
2026-02-18 01:00:00,1.0004,1.0005,1.0003,1.0005,15904.0,2026-02-18 01:59:59.999,15910.28140000,100,15056.00000000,15062.02520000,0
2026-02-18 02:00:00,1.0004,1.0006,1.0004,1.0005,747388.0,2026-02-18 02:59:59.999,747760.47090000,165,735076.00000000,735443.54290000,0
2026-02-18 03:00:00,1.0004,1.0006,1.0004,1.0005,631296.0,2026-02-18 03:59:59.999,631633.10910000,147,627971.00000000,628306.73130000,0
2026-02-18 04:00:00,1.0004,1.0005,1.0004,1.0005,102039.0,2026-02-18 04:59:59.999,102089.79210000,97,99765.00000000,99814.88250000,0
2026-02-18 05:00:00,1.0004,1.0005,1.0004,1.0004,256457.0,2026-02-18 05:59:59.999,256584.67050000,140,250877.00000000,251002.43850000,0
2026-02-18 06:00:00,1.0005,1.0005,1.0004,1.0005,100899.0,2026-02-18 06:59:59.999,100949.42820000,82,100686.00000000,100736.34300000,0
2026-02-18 07:00:00,1.0005,1.0005,1.0004,1.0004,489.0,2026-02-18 07:59:59.999,489.22710000,36,315.00000000,315.15750000,0
2026-02-18 08:00:00,1.0004,1.0005,1.0004,1.0005,10685.0,2026-02-18 08:59:59.999,10689.31700000,28,430.00000000,430.21500000,0
2026-02-18 09:00:00,1.0005,1.0005,1.0004,1.0004,905.0,2026-02-18 09:59:59.999,905.42030000,32,583.00000000,583.29150000,0
2026-02-18 10:00:00,1.0005,1.0005,1.0004,1.0005,201340.0,2026-02-18 10:59:59.999,201440.55940000,40,200234.00000000,200334.11700000,0
2026-02-18 11:00:00,1.0005,1.0005,1.0004,1.0004,17888.0,2026-02-18 11:59:59.999,17896.34440000,86,11892.00000000,11897.94600000,0
2026-02-18 12:00:00,1.0005,1.0005,1.0003,1.0004,113815.0,2026-02-18 12:59:59.999,113860.51610000,90,100974.00000000,101014.41360000,0
2026-02-18 13:00:00,1.0004,1.0005,1.0003,1.0005,439412.0,2026-02-18 13:59:59.999,439587.41880000,140,433705.00000000,433878.70590000,0
2026-02-18 14:00:00,1.0005,1.0005,1.0003,1.0003,34903.0,2026-02-18 14:59:59.999,34916.98810000,222,11606.00000000,11611.74750000,0
2026-02-18 15:00:00,1.0003,1.0004,1.0002,1.0002,154543.0,2026-02-18 15:59:59.999,154576.19980000,180,1943.00000000,1943.62890000,0
2026-02-18 16:00:00,1.0002,1.0004,1.0002,1.0002,13386.0,2026-02-18 16:59:59.999,13390.01960000,153,11043.00000000,11046.55100000,0
2026-02-18 17:00:00,1.0002,1.0004,1.0002,1.0004,21619.0,2026-02-18 17:59:59.999,21625.24310000,125,10129.00000000,10132.90990000,0
2026-02-18 18:00:00,1.0004,1.0004,1.0002,1.0004,202050.0,2026-02-18 18:59:59.999,202116.08650000,192,118504.00000000,118551.34450000,0
2026-02-18 19:00:00,1.0003,1.0004,1.0003,1.0004,127188.0,2026-02-18 19:59:59.999,127226.22500000,443,686.00000000,686.27440000,0
2026-02-18 20:00:00,1.0003,1.0004,1.0003,1.0004,23093.0,2026-02-18 20:59:59.999,23099.96990000,118,420.00000000,420.16800000,0
2026-02-18 21:00:00,1.0004,1.0004,1.0003,1.0003,1834.0,2026-02-18 21:59:59.999,1834.56480000,121,146.00000000,146.05840000,0
2026-02-18 22:00:00,1.0003,1.0004,1.0003,1.0003,171777.0,2026-02-18 22:59:59.999,171845.47990000,147,169468.00000000,169535.78720000,0
2026-02-18 23:00:00,1.0004,1.0006,1.0003,1.0004,716388.0,2026-02-18 23:59:59.999,716772.78670000,122,702677.00000000,703056.36110000,0
2026-02-19 00:00:00,1.0004,1.0004,1.0003,1.0004,20267.0,2026-02-19 00:59:59.999,20274.37040000,85,12903.00000000,12908.16120000,0
2026-02-19 01:00:00,1.0004,1.0004,1.0003,1.0003,4706.0,2026-02-19 01:59:59.999,4707.47120000,78,594.00000000,594.23760000,0
2026-02-19 02:00:00,1.0004,1.0004,1.0003,1.0004,1522.0,2026-02-19 02:59:59.999,1522.49900000,91,424.00000000,424.16960000,0
2026-02-19 03:00:00,1.0003,1.0005,1.0003,1.0005,606187.0,2026-02-19 03:59:59.999,606425.68870000,124,567775.00000000,568002.14310000,0
2026-02-19 04:00:00,1.0004,1.0005,1.0004,1.0005,821.0,2026-02-19 04:59:59.999,821.38170000,81,533.00000000,533.26650000,0
2026-02-19 05:00:00,1.0005,1.0005,1.0004,1.0005,3175.0,2026-02-19 05:59:59.999,3176.38790000,179,1179.00000000,1179.58950000,0
2026-02-19 06:00:00,1.0004,1.0006,1.0003,1.0004,319688.0,2026-02-19 06:59:59.999,319839.32410000,215,264886.00000000,265017.76370000,0
2026-02-19 07:00:00,1.0004,1.0004,1.0003,1.0004,53316.0,2026-02-19 07:59:59.999,53335.22890000,160,32341.00000000,32353.93640000,0
2026-02-19 08:00:00,1.0004,1.0004,1.0002,1.0004,109884.0,2026-02-19 08:59:59.999,109914.22520000,139,15914.00000000,15918.82020000,0
2026-02-19 09:00:00,1.0003,1.0004,1.0003,1.0004,144654.0,2026-02-19 09:59:59.999,144702.28420000,195,48880.00000000,48899.55200000,0
2026-02-19 10:00:00,1.0003,1.0005,1.0003,1.0005,287324.0,2026-02-19 10:59:59.999,287437.75310000,130,274976.00000000,275086.01830000,0
2026-02-19 11:00:00,1.0005,1.0005,1.0004,1.0005,8157.0,2026-02-19 11:59:59.999,8160.38160000,85,1188.00000000,1188.59400000,0
2026-02-19 12:00:00,1.0004,1.0005,1.0004,1.0005,11374.0,2026-02-19 12:59:59.999,11378.76740000,131,2178.00000000,2179.08900000,0
2026-02-19 13:00:00,1.0005,1.0005,1.0003,1.0003,198901.0,2026-02-19 13:59:59.999,198980.51760000,157,126130.00000000,126180.47910000,0
2026-02-19 14:00:00,1.0003,1.0005,1.0003,1.0003,28411.0,2026-02-19 14:59:59.999,28420.30520000,173,7268.00000000,7270.93650000,0
2026-02-19 15:00:00,1.0003,1.0004,1.0003,1.0004,30583.0,2026-02-19 15:59:59.999,30592.28790000,114,1130.00000000,1130.45200000,0
2026-02-19 16:00:00,1.0004,1.0005,1.0003,1.0004,1234170.0,2026-02-19 16:59:59.999,1234662.01470000,189,1216139.00000000,1216625.58940000,0
2026-02-19 17:00:00,1.0004,1.0004,1.0002,1.0003,26196.0,2026-02-19 17:59:59.999,26204.33720000,123,6997.00000000,6999.64380000,0
2026-02-19 18:00:00,1.0003,1.0004,1.0002,1.0003,89450.0,2026-02-19 18:59:59.999,89468.22230000,106,3244.00000000,3244.98110000,0
2026-02-19 19:00:00,1.0003,1.0003,1.0002,1.0003,301541.0,2026-02-19 19:59:59.999,301631.43400000,83,301258.00000000,301348.37740000,0
2026-02-19 20:00:00,1.0003,1.0003,1.0002,1.0002,70674.0,2026-02-19 20:59:59.999,70695.15780000,84,70230.00000000,70251.06900000,0
2026-02-19 21:00:00,1.0002,1.0003,1.0002,1.0002,2413.0,2026-02-19 21:59:59.999,2413.54690000,73,643.00000000,643.19290000,0
2026-02-19 22:00:00,1.0003,1.0004,1.0002,1.0004,210155.0,2026-02-19 22:59:59.999,210225.15460000,122,207433.00000000,207502.60520000,0
2026-02-19 23:00:00,1.0004,1.0005,1.0003,1.0004,542694.0,2026-02-19 23:59:59.999,542925.15220000,107,542035.00000000,542265.93610000,0
2026-02-20 00:00:00,1.0005,1.0005,1.0003,1.0004,1379.0,2026-02-20 00:59:59.999,1379.53230000,77,963.00000000,963.40300000,0
2026-02-20 01:00:00,1.0004,1.0005,1.0003,1.0004,1669.0,2026-02-20 01:59:59.999,1669.65480000,91,1517.00000000,1517.60920000,0
2026-02-20 02:00:00,1.0004,1.0005,1.0003,1.0004,3817.0,2026-02-20 02:59:59.999,3818.54600000,96,3233.00000000,3234.37080000,0
2026-02-20 03:00:00,1.0004,1.0005,1.0003,1.0004,969860.0,2026-02-20 03:59:59.999,970323.26320000,124,968606.00000000,969068.80140000,0
2026-02-20 04:00:00,1.0004,1.0006,1.0004,1.0004,5119.0,2026-02-20 04:59:59.999,5121.36500000,142,3066.00000000,3067.53540000,0
2026-02-20 05:00:00,1.0005,1.0005,1.0004,1.0004,2706.0,2026-02-20 05:59:59.999,2707.16030000,109,779.00000000,779.38950000,0
2026-02-20 06:00:00,1.0004,1.0005,1.0004,1.0005,21526.0,2026-02-20 06:59:59.999,21534.63300000,62,226.00000000,226.11300000,0
2026-02-20 07:00:00,1.0005,1.0005,1.0004,1.0005,310.0,2026-02-20 07:59:59.999,310.14630000,17,223.00000000,223.11150000,0
2026-02-20 08:00:00,1.0004,1.0005,1.0003,1.0003,22969.0,2026-02-20 08:59:59.999,22978.22100000,96,572.00000000,572.28600000,0
2026-02-20 09:00:00,1.0003,1.0005,1.0003,1.0003,114206.0,2026-02-20 09:59:59.999,114250.90370000,52,106315.00000000,106357.53640000,0
2026-02-20 10:00:00,1.0003,1.0005,1.0003,1.0005,261435.0,2026-02-20 10:59:59.999,261537.65620000,107,242252.00000000,242348.90130000,0
2026-02-20 11:00:00,1.0005,1.0005,1.0004,1.0004,24725.0,2026-02-20 11:59:59.999,24735.91440000,46,10244.00000000,10249.12200000,0
2026-02-20 12:00:00,1.0005,1.0005,1.0003,1.0004,16125.0,2026-02-20 12:59:59.999,16131.40190000,139,3841.00000000,3842.62650000,0
2026-02-20 13:00:00,1.0003,1.0004,1.0002,1.0002,221068.0,2026-02-20 13:59:59.999,221148.27720000,445,152756.00000000,152816.11660000,0
2026-02-20 14:00:00,1.0002,1.0003,1.0002,1.0002,27776.0,2026-02-20 14:59:59.999,27783.01010000,166,14549.00000000,14553.36470000,0
2026-02-20 15:00:00,1.0003,1.0003,1.0002,1.0003,35284.0,2026-02-20 15:59:59.999,35293.20070000,125,21439.00000000,21445.43170000,0
2026-02-20 16:00:00,1.0003,1.0003,1.0001,1.0002,426811.0,2026-02-20 16:59:59.999,426898.40310000,302,372878.00000000,372954.68680000,0
2026-02-20 17:00:00,1.0002,1.0004,1.0002,1.0002,1164933.0,2026-02-20 17:59:59.999,1165348.66920000,208,1136162.00000000,1136569.52840000,0
2026-02-20 18:00:00,1.0002,1.0004,1.0002,1.0003,134013.0,2026-02-20 18:59:59.999,134055.99950000,175,116065.00000000,116102.68250000,0
2026-02-20 19:00:00,1.0003,1.0004,1.0003,1.0003,5456.0,2026-02-20 19:59:59.999,5458.01290000,96,3761.00000000,3762.50440000,0
2026-02-20 20:00:00,1.0003,1.0004,1.0003,1.0004,4640.0,2026-02-20 20:59:59.999,4641.76230000,92,3703.00000000,3704.48120000,0
2026-02-20 21:00:00,1.0003,1.0004,1.0003,1.0003,13274.0,2026-02-20 21:59:59.999,13279.03260000,106,10504.00000000,10508.20160000,0
2026-02-20 22:00:00,1.0003,1.0005,1.0003,1.0003,35329.0,2026-02-20 22:59:59.999,35342.05230000,181,15238.00000000,15244.09940000,0
2026-02-20 23:00:00,1.0003,1.0005,1.0003,1.0003,2192.0,2026-02-20 23:59:59.999,2192.73370000,106,743.00000000,743.29900000,0
2026-02-21 00:00:00,1.0003,1.0004,1.0003,1.0003,2128.0,2026-02-21 00:59:59.999,2128.78780000,113,1494.00000000,1494.59760000,0
2026-02-21 01:00:00,1.0003,1.0004,1.0003,1.0003,1510.0,2026-02-21 01:59:59.999,1510.54870000,116,957.00000000,957.38280000,0
2026-02-21 02:00:00,1.0004,1.0004,1.0003,1.0003,1605.0,2026-02-21 02:59:59.999,1605.51020000,84,287.00000000,287.11480000,0
2026-02-21 03:00:00,1.0003,1.0004,1.0003,1.0003,2597.0,2026-02-21 03:59:59.999,2597.82920000,106,501.00000000,501.20040000,0
2026-02-21 04:00:00,1.0003,1.0004,1.0003,1.0004,2292.0,2026-02-21 04:59:59.999,2292.78000000,120,924.00000000,924.36960000,0
2026-02-21 05:00:00,1.0004,1.0004,1.0003,1.0004,1003.0,2026-02-21 05:59:59.999,1003.38800000,75,871.00000000,871.34840000,0
2026-02-21 06:00:00,1.0004,1.0004,1.0003,1.0004,3815.0,2026-02-21 06:59:59.999,3816.40070000,133,2562.00000000,2563.02480000,0
2026-02-21 07:00:00,1.0004,1.0004,1.0003,1.0004,14644.0,2026-02-21 07:59:59.999,14648.48480000,105,916.00000000,916.36640000,0
2026-02-21 08:00:00,1.0004,1.0004,1.0003,1.0004,639.0,2026-02-21 08:59:59.999,639.24440000,83,527.00000000,527.21080000,0
2026-02-21 09:00:00,1.0004,1.0004,1.0003,1.0004,14809.0,2026-02-21 09:59:59.999,14814.90610000,195,14634.00000000,14639.85360000,0
2026-02-21 10:00:00,1.0003,1.0004,1.0003,1.0004,2323.0,2026-02-21 10:59:59.999,2323.85160000,132,1547.00000000,1547.61880000,0
2026-02-21 11:00:00,1.0004,1.0004,1.0003,1.0003,1938.0,2026-02-21 11:59:59.999,1938.70230000,133,1209.00000000,1209.48360000,0
2026-02-21 12:00:00,1.0004,1.0004,1.0003,1.0003,4031.0,2026-02-21 12:59:59.999,4032.31870000,220,1094.00000000,1094.43760000,0
2026-02-21 13:00:00,1.0003,1.0004,1.0003,1.0003,3632.0,2026-02-21 13:59:59.999,3633.21390000,173,1243.00000000,1243.49720000,0
2026-02-21 14:00:00,1.0004,1.0004,1.0003,1.0003,13630.0,2026-02-21 14:59:59.999,13634.33760000,209,2486.00000000,2486.99440000,0
2026-02-21 15:00:00,1.0004,1.0004,1.0003,1.0003,11979.0,2026-02-21 15:59:59.999,11983.17500000,129,5813.00000000,5815.32520000,0
2026-02-21 16:00:00,1.0003,1.0004,1.0003,1.0003,2924.0,2026-02-21 16:59:59.999,2925.06130000,110,1841.00000000,1841.73640000,0
2026-02-21 17:00:00,1.0004,1.0004,1.0003,1.0003,1587.0,2026-02-21 17:59:59.999,1587.54040000,51,643.00000000,643.25720000,0
2026-02-21 18:00:00,1.0004,1.0004,1.0003,1.0003,1164.0,2026-02-21 18:59:59.999,1164.38230000,28,331.00000000,331.13240000,0
2026-02-21 19:00:00,1.0004,1.0004,1.0003,1.0003,564.0,2026-02-21 19:59:59.999,564.18490000,32,157.00000000,157.06280000,0
2026-02-21 20:00:00,1.0003,1.0004,1.0003,1.0003,1538.0,2026-02-21 20:59:59.999,1538.50180000,97,404.00000000,404.16160000,0
2026-02-21 21:00:00,1.0003,1.0004,1.0003,1.0003,1103.0,2026-02-21 21:59:59.999,1103.35890000,78,280.00000000,280.11200000,0
2026-02-21 22:00:00,1.0003,1.0004,1.0003,1.0004,661.0,2026-02-21 22:59:59.999,661.24050000,25,422.00000000,422.16880000,0
2026-02-21 23:00:00,1.0004,1.0004,1.0003,1.0003,3773.0,2026-02-21 23:59:59.999,3774.19230000,29,604.00000000,604.24160000,0
2026-02-22 00:00:00,1.0003,1.0004,1.0003,1.0003,13823.0,2026-02-22 00:59:59.999,13827.22080000,220,739.00000000,739.29560000,0
2026-02-22 01:00:00,1.0003,1.0004,1.0003,1.0004,1056.0,2026-02-22 01:59:59.999,1056.37240000,53,556.00000000,556.22240000,0
2026-02-22 02:00:00,1.0004,1.0004,1.0003,1.0003,676656.0,2026-02-22 02:59:59.999,676926.58240000,105,671810.00000000,672078.72400000,0
2026-02-22 03:00:00,1.0003,1.0004,1.0003,1.0003,923.0,2026-02-22 03:59:59.999,923.31300000,32,361.00000000,361.14440000,0
2026-02-22 04:00:00,1.0003,1.0004,1.0003,1.0003,212094.0,2026-02-22 04:59:59.999,212178.79160000,51,211634.00000000,211718.65360000,0
2026-02-22 05:00:00,1.0003,1.0004,1.0003,1.0003,1455.0,2026-02-22 05:59:59.999,1455.45050000,22,140.00000000,140.05600000,0
2026-02-22 06:00:00,1.0003,1.0004,1.0003,1.0003,3074.0,2026-02-22 06:59:59.999,3075.01250000,63,903.00000000,903.36120000,0
2026-02-22 07:00:00,1.0004,1.0004,1.0002,1.0003,263553.0,2026-02-22 07:59:59.999,263632.25220000,123,3568.00000000,3569.27410000,0
2026-02-22 08:00:00,1.0002,1.0003,1.0002,1.0002,2278.0,2026-02-22 08:59:59.999,2278.52640000,49,708.00000000,708.21240000,0
2026-02-22 09:00:00,1.0002,1.0003,1.0002,1.0002,1433.0,2026-02-22 09:59:59.999,1433.37110000,43,845.00000000,845.25350000,0
2026-02-22 10:00:00,1.0002,1.0003,1.0002,1.0002,31165.0,2026-02-22 10:59:59.999,31171.29110000,42,581.00000000,581.17430000,0
2026-02-22 11:00:00,1.0002,1.0003,1.0002,1.0003,11572.0,2026-02-22 11:59:59.999,11574.41540000,67,9989.00000000,9991.09880000,0
2026-02-22 12:00:00,1.0003,1.0003,1.0002,1.0003,3172.0,2026-02-22 12:59:59.999,3172.80200000,182,1676.00000000,1676.50280000,0
2026-02-22 13:00:00,1.0002,1.0003,1.0002,1.0002,11204.0,2026-02-22 13:59:59.999,11207.20700000,56,9662.00000000,9664.89860000,0
2026-02-22 14:00:00,1.0002,1.0003,1.0002,1.0002,11936.0,2026-02-22 14:59:59.999,11938.53280000,95,1456.00000000,1456.43680000,0
2026-02-22 15:00:00,1.0002,1.0003,1.0002,1.0002,17369.0,2026-02-22 15:59:59.999,17372.53800000,70,642.00000000,642.19260000,0
2026-02-22 16:00:00,1.0002,1.0004,1.0002,1.0003,310970.0,2026-02-22 16:59:59.999,311063.51320000,251,305230.00000000,305322.35600000,0
2026-02-22 17:00:00,1.0003,1.0004,1.0003,1.0003,1076.0,2026-02-22 17:59:59.999,1076.35530000,69,325.00000000,325.13000000,0
2026-02-22 18:00:00,1.0003,1.0004,1.0003,1.0003,1659.0,2026-02-22 18:59:59.999,1659.50980000,61,121.00000000,121.04840000,0
2026-02-22 19:00:00,1.0003,1.0004,1.0003,1.0004,3116.0,2026-02-22 19:59:59.999,3116.95470000,110,199.00000000,199.07960000,0
2026-02-22 20:00:00,1.0003,1.0004,1.0003,1.0003,19682.0,2026-02-22 20:59:59.999,19687.98450000,240,799.00000000,799.31960000,0
2026-02-22 21:00:00,1.0003,1.0004,1.0003,1.0003,93310.0,2026-02-22 21:59:59.999,93338.05710000,131,641.00000000,641.25640000,0
2026-02-22 22:00:00,1.0004,1.0004,1.0003,1.0003,26814.0,2026-02-22 22:59:59.999,26822.10810000,256,639.00000000,639.25560000,0
2026-02-22 23:00:00,1.0003,1.0004,1.0003,1.0003,5805.0,2026-02-22 23:59:59.999,5806.75340000,146,119.00000000,119.04760000,0
2026-02-23 00:00:00,1.0003,1.0004,1.0002,1.0003,4843.0,2026-02-23 00:59:59.999,4844.46380000,177,270.00000000,270.10800000,0
2026-02-23 01:00:00,1.0003,1.0004,1.0001,1.0002,1371891.0,2026-02-23 01:59:59.999,1372167.73700000,177,1353861.00000000,1354134.12830000,0
2026-02-23 02:00:00,1.0001,1.0003,1.0001,1.0002,271308.0,2026-02-23 02:59:59.999,271387.62760000,394,259800.00000000,259877.84620000,0
2026-02-23 03:00:00,1.0003,1.0003,1.0002,1.0003,430858.0,2026-02-23 03:59:59.999,430986.19680000,361,423457.00000000,423583.71660000,0
2026-02-23 04:00:00,1.0003,1.0004,1.0002,1.0003,992387.0,2026-02-23 04:59:59.999,992682.20400000,273,967245.00000000,967535.17560000,0
2026-02-23 05:00:00,1.0002,1.0004,1.0001,1.0001,1394851.0,2026-02-23 05:59:59.999,1395260.36040000,438,1376838.00000000,1377244.68740000,0
2026-02-23 06:00:00,1.0003,1.0003,1.0001,1.0002,334497.0,2026-02-23 06:59:59.999,334596.99260000,217,331043.00000000,331142.31290000,0
2026-02-23 07:00:00,1.0003,1.0003,1.0002,1.0002,11516.0,2026-02-23 07:59:59.999,11519.32510000,112,10219.00000000,10222.06570000,0
2026-02-23 08:00:00,1.0002,1.0003,1.0002,1.0002,6780.0,2026-02-23 08:59:59.999,6781.38720000,76,312.00000000,312.09360000,0
2026-02-23 09:00:00,1.0002,1.0003,1.0,1.0002,12232.0,2026-02-23 09:59:59.999,12234.14560000,228,2364.00000000,2364.64270000,0
2026-02-23 10:00:00,1.0002,1.0002,1.0,1.0001,11316.0,2026-02-23 10:59:59.999,11316.76190000,178,6029.00000000,6029.76190000,0
2026-02-23 11:00:00,1.0001,1.0002,1.0,1.0002,6187.0,2026-02-23 11:59:59.999,6187.68310000,64,6140.00000000,6140.68310000,0
2026-02-23 12:00:00,1.0,1.0001,1.0,1.0001,1744.0,2026-02-23 12:59:59.999,1744.11070000,34,1107.00000000,1107.11070000,0
2026-02-23 13:00:00,1.0,1.0001,0.9999,1.0,20012.0,2026-02-23 13:59:59.999,20012.35700000,139,10097.00000000,10097.71940000,0
2026-02-23 14:00:00,0.9999,1.0001,0.9998,1.0001,178417.0,2026-02-23 14:59:59.999,178406.45120000,310,8783.00000000,8783.10910000,0
2026-02-23 15:00:00,1.0001,1.0002,0.9999,1.0,86475.0,2026-02-23 15:59:59.999,86478.01900000,348,26266.00000000,26269.12640000,0
2026-02-23 16:00:00,1.0,1.0001,1.0,1.0,12088.0,2026-02-23 16:59:59.999,12088.10090000,107,1009.00000000,1009.10090000,0
2026-02-23 17:00:00,1.0,1.0001,0.9999,0.9999,9852.0,2026-02-23 17:59:59.999,9851.99250000,179,4777.00000000,4777.26250000,0
2026-02-23 18:00:00,0.9999,1.0001,0.9999,1.0001,50687.0,2026-02-23 18:59:59.999,50689.83650000,163,49870.00000000,49872.84400000,0
2026-02-23 19:00:00,1.0001,1.0001,1.0,1.0001,2127.0,2026-02-23 19:59:59.999,2127.08640000,76,864.00000000,864.08640000,0
2026-02-23 20:00:00,1.0001,1.0001,1.0,1.0,2674.0,2026-02-23 20:59:59.999,2674.20480000,160,2048.00000000,2048.20480000,0
2026-02-23 21:00:00,1.0001,1.0001,1.0,1.0,923.0,2026-02-23 21:59:59.999,923.04610000,104,461.00000000,461.04610000,0
2026-02-23 22:00:00,1.0,1.0003,1.0,1.0003,23217.0,2026-02-23 22:59:59.999,23220.33160000,135,14412.00000000,14414.46630000,0
2026-02-23 23:00:00,1.0003,1.0003,1.0001,1.0003,4294.0,2026-02-23 23:59:59.999,4294.98580000,112,2142.00000000,2142.64140000,0
2026-02-24 00:00:00,1.0003,1.0004,1.0002,1.0004,338088.0,2026-02-24 00:59:59.999,338189.08440000,175,334146.00000000,334246.28980000,0
2026-02-24 01:00:00,1.0003,1.0004,1.0003,1.0003,26071.0,2026-02-24 01:59:59.999,26080.47360000,190,16523.00000000,16529.60920000,0
2026-02-24 02:00:00,1.0004,1.0005,1.0003,1.0004,1233185.0,2026-02-24 02:59:59.999,1233677.98830000,167,1230307.00000000,1230799.12350000,0
2026-02-24 03:00:00,1.0004,1.0004,1.0003,1.0004,536145.0,2026-02-24 03:59:59.999,536358.89830000,573,530548.00000000,530760.21920000,0
2026-02-24 04:00:00,1.0004,1.0005,1.0003,1.0004,450549.0,2026-02-24 04:59:59.999,450729.33330000,941,450147.00000000,450327.21270000,0
2026-02-24 05:00:00,1.0004,1.0005,1.0003,1.0004,440675.0,2026-02-24 05:59:59.999,440851.15630000,732,439280.00000000,439455.73780000,0
2026-02-24 06:00:00,1.0004,1.0004,1.0003,1.0004,450974.0,2026-02-24 06:59:59.999,451154.36270000,661,450705.00000000,450885.28200000,0
2026-02-24 07:00:00,1.0004,1.0005,1.0003,1.0004,387311.0,2026-02-24 07:59:59.999,387468.11810000,636,376230.00000000,376383.78590000,0
2026-02-24 08:00:00,1.0004,1.0004,1.0003,1.0004,344411.0,2026-02-24 08:59:59.999,344548.65910000,315,343358.00000000,343495.34320000,0
2026-02-24 09:00:00,1.0004,1.0004,1.0003,1.0003,11405.0,2026-02-24 09:59:59.999,11408.50560000,213,841.00000000,841.33640000,0
2026-02-24 10:00:00,1.0003,1.0004,1.0002,1.0002,27880.0,2026-02-24 10:59:59.999,27887.97950000,293,1481.00000000,1481.51010000,0
2026-02-24 11:00:00,1.0002,1.0003,1.0002,1.0002,10022.0,2026-02-24 11:59:59.999,10024.12670000,159,1223.00000000,1223.36690000,0
2026-02-24 12:00:00,1.0002,1.0003,1.0002,1.0002,40441.0,2026-02-24 12:59:59.999,40449.41360000,228,3254.00000000,3254.97620000,0
2026-02-24 13:00:00,1.0002,1.0003,1.0001,1.0002,108803.0,2026-02-24 13:59:59.999,108824.63400000,169,10954.00000000,10957.28500000,0
2026-02-24 14:00:00,1.0003,1.0003,1.0,1.0,53731.0,2026-02-24 14:59:59.999,53738.00630000,284,4242.00000000,4242.47540000,0
2026-02-24 15:00:00,1.0,1.0001,1.0,1.0,5805.0,2026-02-24 15:59:59.999,5805.11800000,109,1180.00000000,1180.11800000,0
2026-02-24 16:00:00,1.0001,1.0001,1.0,1.0,64554.0,2026-02-24 16:59:59.999,64555.69720000,144,16972.00000000,16973.69720000,0
2026-02-24 17:00:00,1.0,1.0001,1.0,1.0,17099.0,2026-02-24 17:59:59.999,17100.18370000,135,11837.00000000,11838.18370000,0
2026-02-24 18:00:00,1.0001,1.0001,1.0,1.0,6267.0,2026-02-24 18:59:59.999,6267.32490000,140,3249.00000000,3249.32490000,0
2026-02-24 19:00:00,1.0,1.0001,1.0,1.0,84706.0,2026-02-24 19:59:59.999,84706.02060000,112,206.00000000,206.02060000,0
2026-02-24 20:00:00,1.0,1.0001,1.0,1.0,3095.0,2026-02-24 20:59:59.999,3095.07690000,158,769.00000000,769.07690000,0
2026-02-24 21:00:00,1.0,1.0001,1.0,1.0001,8762.0,2026-02-24 21:59:59.999,8762.67470000,155,6747.00000000,6747.67470000,0
2026-02-24 22:00:00,1.0,1.0001,1.0,1.0001,937159.0,2026-02-24 22:59:59.999,937252.63640000,73,936364.00000000,936457.63640000,0
2026-02-24 23:00:00,1.0001,1.0001,1.0,1.0,1352.0,2026-02-24 23:59:59.999,1352.08950000,25,895.00000000,895.08950000,0
2026-02-25 00:00:00,1.0001,1.0001,1.0,1.0001,1098.0,2026-02-25 00:59:59.999,1098.06550000,22,655.00000000,655.06550000,0
2026-02-25 01:00:00,1.0001,1.0001,1.0,1.0,190916.0,2026-02-25 01:59:59.999,190934.61510000,409,186151.00000000,186169.61510000,0
2026-02-25 02:00:00,1.0,1.0001,1.0,1.0,124340.0,2026-02-25 02:59:59.999,124351.92040000,218,119204.00000000,119215.92040000,0
2026-02-25 03:00:00,1.0001,1.0001,1.0,1.0,7855.0,2026-02-25 03:59:59.999,7855.06470000,100,647.00000000,647.06470000,0
2026-02-25 04:00:00,1.0001,1.0002,1.0,1.0,109492.0,2026-02-25 04:59:59.999,109502.72610000,327,107254.00000000,107264.72610000,0
2026-02-25 05:00:00,1.0,1.0002,1.0,1.0002,1168883.0,2026-02-25 05:59:59.999,1169000.13880000,192,1168099.00000000,1168216.12500000,0
2026-02-25 06:00:00,1.0001,1.0002,1.0001,1.0001,6804.0,2026-02-25 06:59:59.999,6805.04280000,123,3624.00000000,3624.72480000,0
2026-02-25 07:00:00,1.0001,1.0003,1.0001,1.0001,568033.0,2026-02-25 07:59:59.999,568146.49100000,47,538506.00000000,538613.71680000,0
2026-02-25 08:00:00,1.0002,1.0002,1.0001,1.0002,144637.0,2026-02-25 08:59:59.999,144665.88090000,84,144172.00000000,144200.83440000,0
2026-02-25 09:00:00,1.0002,1.0003,1.0001,1.0003,8725.0,2026-02-25 09:59:59.999,8726.79570000,81,8459.00000000,8460.76720000,0
2026-02-25 10:00:00,1.0003,1.0003,1.0002,1.0002,6529.0,2026-02-25 10:59:59.999,6530.31200000,20,6074.00000000,6075.22100000,0
2026-02-25 11:00:00,1.0003,1.0003,1.0002,1.0002,1336.0,2026-02-25 11:59:59.999,1336.31950000,38,523.00000000,523.15690000,0
2026-02-25 12:00:00,1.0002,1.0003,1.0,1.0,113972.0,2026-02-25 12:59:59.999,113978.64070000,167,8001.00000000,8002.13050000,0
2026-02-25 13:00:00,1.0001,1.0001,0.9999,0.9999,11175.0,2026-02-25 13:59:59.999,11175.46720000,232,5264.00000000,5264.48290000,0
2026-02-25 14:00:00,1.0,1.0001,0.9999,0.9999,19702.0,2026-02-25 14:59:59.999,19702.15040000,262,17289.00000000,17289.19930000,0
2026-02-25 15:00:00,0.9999,1.0,0.9999,0.9999,5988.0,2026-02-25 15:59:59.999,5987.75210000,346,3509.00000000,3509.00000000,0
2026-02-25 16:00:00,1.0,1.0,0.9998,0.9999,12026.0,2026-02-25 16:59:59.999,12025.02040000,237,6183.00000000,6182.64450000,0
2026-02-25 17:00:00,0.9999,1.0,0.9998,1.0,681681.0,2026-02-25 17:59:59.999,681612.92500000,196,619376.00000000,619314.21790000,0
2026-02-25 18:00:00,0.9999,1.0,0.9999,1.0,94669.0,2026-02-25 18:59:59.999,94666.50710000,89,69740.00000000,69740.00000000,0
2026-02-25 19:00:00,1.0,1.0,0.9997,0.9999,269799.0,2026-02-25 19:59:59.999,269770.97950000,161,1473.00000000,1472.88550000,0
2026-02-25 20:00:00,0.9999,1.0,0.9998,0.9998,534634.0,2026-02-25 20:59:59.999,534578.64380000,43,534094.00000000,534038.75180000,0
2026-02-25 21:00:00,0.9997,0.9998,0.9997,0.9998,10974.0,2026-02-25 21:59:59.999,10971.76790000,110,10601.00000000,10598.87980000,0
2026-02-25 22:00:00,0.9998,0.9999,0.9997,0.9999,935165.0,2026-02-25 22:59:59.999,935048.81580000,57,934059.00000000,933943.14760000,0
2026-02-25 23:00:00,0.9999,0.9999,0.9998,0.9999,74789.0,2026-02-25 23:59:59.999,74781.45320000,56,74103.00000000,74095.58970000,0
2026-02-26 00:00:00,0.9999,0.9999,0.9997,0.9998,2530.0,2026-02-26 00:59:59.999,2529.53360000,98,1137.00000000,1136.82740000,0
2026-02-26 01:00:00,0.9997,0.9998,0.9997,0.9997,2671.0,2026-02-26 01:59:59.999,2670.23860000,52,399.00000000,398.92020000,0
2026-02-26 02:00:00,0.9997,1.0,0.9997,0.9999,2676993.0,2026-02-26 02:59:59.999,2676702.05210000,112,2644352.00000000,2644066.38410000,0
2026-02-26 03:00:00,1.0,1.0,0.9999,0.9999,217326.0,2026-02-26 03:59:59.999,217304.86340000,68,205981.00000000,205960.99790000,0
2026-02-26 04:00:00,1.0,1.0,0.9998,0.9999,522303.0,2026-02-26 04:59:59.999,522250.61700000,54,1107.00000000,1106.91910000,0
2026-02-26 05:00:00,0.9998,0.9999,0.9998,0.9999,211685.0,2026-02-26 05:59:59.999,211663.73540000,64,210724.00000000,210702.92760000,0
2026-02-26 06:00:00,0.9999,1.0,0.9999,0.9999,21974.0,2026-02-26 06:59:59.999,21973.87350000,42,20709.00000000,20709.00000000,0
2026-02-26 07:00:00,1.0,1.0,0.9999,0.9999,1034.0,2026-02-26 07:59:59.999,1033.94140000,28,448.00000000,448.00000000,0
2026-02-26 08:00:00,1.0,1.0,0.9998,0.9998,25993.0,2026-02-26 08:59:59.999,25988.29270000,133,4787.00000000,4786.52320000,0
2026-02-26 09:00:00,0.9998,1.0001,0.9998,1.0,1485546.0,2026-02-26 09:59:59.999,1485528.29760000,598,1286731.00000000,1286733.37200000,0
2026-02-26 10:00:00,1.0,1.0001,0.9999,1.0001,428401.0,2026-02-26 10:59:59.999,428400.27870000,92,420572.00000000,420572.05990000,0
2026-02-26 11:00:00,1.0001,1.0001,1.0,1.0,158473.0,2026-02-26 11:59:59.999,158488.70160000,108,157016.00000000,157031.70160000,0
2026-02-26 12:00:00,1.0001,1.0001,1.0,1.0,101178.0,2026-02-26 12:59:59.999,101179.82870000,100,24369.00000000,24370.82870000,0
2026-02-26 13:00:00,0.9999,1.0,0.9999,1.0,9132.0,2026-02-26 13:59:59.999,9131.74770000,44,6609.00000000,6609.00000000,0
2026-02-26 14:00:00,0.9999,1.0001,0.9999,1.0,1435643.0,2026-02-26 14:59:59.999,1435696.52910000,180,1402129.00000000,1402182.59110000,0
2026-02-26 15:00:00,1.0001,1.0001,0.9999,1.0,383656.0,2026-02-26 15:59:59.999,383654.45780000,234,340109.00000000,340109.75540000,0
2026-02-26 16:00:00,1.0,1.0,0.9999,0.9999,22577.0,2026-02-26 16:59:59.999,22575.66310000,83,9208.00000000,9208.00000000,0
2026-02-26 17:00:00,1.0,1.0,0.9999,1.0,34106.0,2026-02-26 17:59:59.999,34105.85170000,109,32623.00000000,32623.00000000,0
2026-02-26 18:00:00,0.9999,1.0,0.9999,0.9999,18851.0,2026-02-26 18:59:59.999,18850.66530000,229,15504.00000000,15504.00000000,0
2026-02-26 19:00:00,1.0,1.0,0.9999,0.9999,108296.0,2026-02-26 19:59:59.999,108294.58360000,134,94132.00000000,94132.00000000,0
2026-02-26 20:00:00,0.9999,1.0,0.9999,0.9999,724922.0,2026-02-26 20:59:59.999,724921.30630000,111,717869.00000000,717869.00000000,0
2026-02-26 21:00:00,1.0,1.0,0.9999,0.9999,1614175.0,2026-02-26 21:59:59.999,1614174.86580000,210,1612833.00000000,1612833.00000000,0
2026-02-26 22:00:00,0.9999,1.0,0.9999,1.0,10719.0,2026-02-26 22:59:59.999,10718.97380000,36,10457.00000000,10457.00000000,0
2026-02-26 23:00:00,0.9999,1.0,0.9999,1.0,79157.0,2026-02-26 23:59:59.999,79156.48660000,145,74023.00000000,74023.00000000,0
2026-02-27 00:00:00,1.0,1.0,0.9999,1.0,128876.0,2026-02-27 00:59:59.999,128874.84980000,124,117374.00000000,117374.00000000,0
2026-02-27 01:00:00,1.0,1.0,0.9999,0.9999,78520.0,2026-02-27 01:59:59.999,78518.74100000,193,65930.00000000,65930.00000000,0
2026-02-27 02:00:00,1.0,1.0,0.9998,0.9999,1162467.0,2026-02-27 02:59:59.999,1162437.53810000,239,1088230.00000000,1088207.96570000,0
2026-02-27 03:00:00,1.0,1.0,0.9999,1.0,136818.0,2026-02-27 03:59:59.999,136817.77800000,104,134598.00000000,134598.00000000,0
2026-02-27 04:00:00,1.0,1.0,0.9999,1.0,165242.0,2026-02-27 04:59:59.999,165234.63830000,134,91625.00000000,91625.00000000,0
2026-02-27 05:00:00,1.0,1.0001,0.9999,1.0,847490.0,2026-02-27 05:59:59.999,847483.35380000,174,790470.00000000,790469.05580000,0
2026-02-27 06:00:00,1.0,1.0,0.9999,1.0,74859.0,2026-02-27 06:59:59.999,74858.48520000,75,69711.00000000,69711.00000000,0
2026-02-27 07:00:00,1.0,1.0,0.9999,1.0,93993.0,2026-02-27 07:59:59.999,93992.94500000,209,93443.00000000,93443.00000000,0
2026-02-27 08:00:00,1.0,1.0,0.9999,0.9999,112067.0,2026-02-27 08:59:59.999,112066.29020000,312,104969.00000000,104969.00000000,0
2026-02-27 09:00:00,1.0,1.0,0.9999,1.0,163851.0,2026-02-27 09:59:59.999,163850.85020000,118,162353.00000000,162353.00000000,0
2026-02-27 10:00:00,1.0,1.0,0.9999,1.0,314497.0,2026-02-27 10:59:59.999,314476.94350000,293,113932.00000000,113932.00000000,0
2026-02-27 11:00:00,0.9999,1.0,0.9999,1.0,131566.0,2026-02-27 11:59:59.999,131564.29620000,273,114528.00000000,114528.00000000,0
2026-02-27 12:00:00,1.0,1.0001,0.9999,1.0001,397558.0,2026-02-27 12:59:59.999,397561.79650000,164,386077.00000000,386081.16620000,0
2026-02-27 13:00:00,1.0001,1.0001,1.0,1.0001,197740.0,2026-02-27 13:59:59.999,197757.04480000,150,170448.00000000,170465.04480000,0
2026-02-27 14:00:00,1.0,1.0001,0.9999,0.9999,429843.0,2026-02-27 14:59:59.999,429851.38870000,459,261446.00000000,261454.63770000,0
2026-02-27 15:00:00,1.0,1.0,0.9998,0.9998,610492.0,2026-02-27 15:59:59.999,610475.40370000,1037,478645.00000000,478641.60310000,0
2026-02-27 16:00:00,0.9999,1.0,0.9998,1.0,433272.0,2026-02-27 16:59:59.999,433269.08240000,381,429662.00000000,429659.67530000,0
2026-02-27 17:00:00,1.0,1.0,0.9999,1.0,404782.0,2026-02-27 17:59:59.999,404776.54150000,358,350197.00000000,350197.00000000,0
2026-02-27 18:00:00,1.0,1.0001,0.9999,1.0001,711209.0,2026-02-27 18:59:59.999,711205.28310000,314,565260.00000000,565266.73440000,0
2026-02-27 19:00:00,1.0001,1.0002,1.0,1.0002,543010.0,2026-02-27 19:59:59.999,543069.76260000,254,535357.00000000,535416.54810000,0
2026-02-27 20:00:00,1.0002,1.0003,1.0001,1.0003,449507.0,2026-02-27 20:59:59.999,449598.40120000,312,449073.00000000,449164.35780000,0
2026-02-27 21:00:00,1.0003,1.0003,1.0001,1.0002,476281.0,2026-02-27 21:59:59.999,476376.09730000,333,445325.00000000,445414.09850000,0
2026-02-27 22:00:00,1.0002,1.0002,1.0,1.0001,1941133.0,2026-02-27 22:59:59.999,1941193.32830000,591,1125671.00000000,1125726.26930000,0
2026-02-27 23:00:00,1.0001,1.0001,1.0,1.0001,384398.0,2026-02-27 23:59:59.999,384433.41010000,236,354101.00000000,354136.41010000,0
2026-02-28 00:00:00,1.0001,1.0001,1.0,1.0001,347453.0,2026-02-28 00:59:59.999,347485.62560000,210,326256.00000000,326288.62560000,0
2026-02-28 01:00:00,1.0001,1.0001,1.0,1.0001,35895.0,2026-02-28 01:59:59.999,35898.27680000,198,32768.00000000,32771.27680000,0
2026-02-28 02:00:00,1.0,1.0001,1.0,1.0,46053.0,2026-02-28 02:59:59.999,46056.90040000,123,39004.00000000,39007.90040000,0
2026-02-28 03:00:00,1.0,1.0001,1.0,1.0001,51436.0,2026-02-28 03:59:59.999,51440.76110000,116,47611.00000000,47615.76110000,0
2026-02-28 04:00:00,1.0001,1.0001,1.0,1.0001,30781.0,2026-02-28 04:59:59.999,30783.68160000,160,26816.00000000,26818.68160000,0
2026-02-28 05:00:00,1.0,1.0002,1.0,1.0002,578552.0,2026-02-28 05:59:59.999,578611.64690000,151,510771.00000000,510825.52770000,0
2026-02-28 06:00:00,1.0002,1.0002,1.0,1.0,234945.0,2026-02-28 06:59:59.999,234970.85470000,428,166802.00000000,166821.08230000,0
2026-02-28 07:00:00,1.0001,1.0002,1.0,1.0,195525.0,2026-02-28 07:59:59.999,195540.69260000,244,155801.00000000,155816.69260000,0
2026-02-28 08:00:00,1.0,1.0001,1.0,1.0,42289.0,2026-02-28 08:59:59.999,42292.18150000,136,31815.00000000,31818.18150000,0
2026-02-28 09:00:00,1.0,1.0001,1.0,1.0,86035.0,2026-02-28 09:59:59.999,86042.78980000,325,77898.00000000,77905.78980000,0
2026-02-28 10:00:00,1.0,1.0001,0.9999,0.9999,457933.0,2026-02-28 10:59:59.999,457955.96620000,525,314552.00000000,314575.01450000,0
2026-02-28 11:00:00,0.9999,1.0,0.9999,1.0,526449.0,2026-02-28 11:59:59.999,526448.43230000,983,520772.00000000,520772.00000000,0
2026-02-28 12:00:00,1.0,1.0001,0.9999,0.9999,539119.0,2026-02-28 12:59:59.999,539114.25030000,713,489810.00000000,489810.18120000,0
2026-02-28 13:00:00,1.0,1.0001,0.9999,1.0,458382.0,2026-02-28 13:59:59.999,458404.59230000,601,391371.00000000,391394.45990000,0
2026-02-28 14:00:00,0.9999,1.0,0.9999,1.0,134418.0,2026-02-28 14:59:59.999,134417.54690000,216,129887.00000000,129887.00000000,0
2026-02-28 15:00:00,1.0,1.0,0.9999,1.0,313398.0,2026-02-28 15:59:59.999,313397.36870000,822,307085.00000000,307085.00000000,0
2026-02-28 16:00:00,1.0,1.0,0.9999,1.0,106164.0,2026-02-28 16:59:59.999,106163.87860000,260,104950.00000000,104950.00000000,0
2026-02-28 17:00:00,1.0,1.0,0.9999,1.0,62707.0,2026-02-28 17:59:59.999,62704.64980000,164,39205.00000000,39205.00000000,0
2026-02-28 18:00:00,1.0,1.0,0.9999,1.0,43075.0,2026-02-28 18:59:59.999,43074.41760000,185,37251.00000000,37251.00000000,0
2026-02-28 19:00:00,1.0,1.0,0.9999,1.0,66795.0,2026-02-28 19:59:59.999,66794.79460000,202,64741.00000000,64741.00000000,0
2026-02-28 20:00:00,1.0,1.0,0.9999,0.9999,39064.0,2026-02-28 20:59:59.999,39063.71950000,153,36259.00000000,36259.00000000,0
2026-02-28 21:00:00,0.9999,1.0,0.9999,0.9999,30025.0,2026-02-28 21:59:59.999,30023.62080000,157,16233.00000000,16233.00000000,0
2026-02-28 22:00:00,1.0,1.0,0.9999,0.9999,21142.0,2026-02-28 22:59:59.999,21140.82560000,319,9398.00000000,9398.00000000,0
2026-02-28 23:00:00,0.9999,1.0,0.9999,1.0,19019.0,2026-02-28 23:59:59.999,19018.36840000,122,12703.00000000,12703.00000000,0
2026-03-01 00:00:00,1.0,1.0,0.9999,1.0,26166.0,2026-03-01 00:59:59.999,26165.93060000,170,25472.00000000,25472.00000000,0
2026-03-01 01:00:00,1.0,1.0,0.9999,1.0,39522.0,2026-03-01 01:59:59.999,39521.51200000,252,34642.00000000,34642.00000000,0
2026-03-01 02:00:00,1.0,1.0,0.9999,0.9999,49418.0,2026-03-01 02:59:59.999,49416.68050000,351,36223.00000000,36223.00000000,0
2026-03-01 03:00:00,0.9999,1.0,0.9999,0.9999,12816.0,2026-03-01 03:59:59.999,12815.64280000,137,9244.00000000,9244.00000000,0
2026-03-01 04:00:00,1.0,1.0,0.9999,0.9999,109111.0,2026-03-01 04:59:59.999,109109.68080000,525,95919.00000000,95919.00000000,0
2026-03-01 05:00:00,1.0,1.0,0.9999,1.0,11488.0,2026-03-01 05:59:59.999,11487.49120000,267,6400.00000000,6400.00000000,0
2026-03-01 06:00:00,0.9999,1.0,0.9999,1.0,32005.0,2026-03-01 06:59:59.999,32003.75740000,229,19579.00000000,19579.00000000,0
2026-03-01 07:00:00,1.0,1.0,0.9999,1.0,20113.0,2026-03-01 07:59:59.999,20112.25780000,356,12691.00000000,12691.00000000,0
2026-03-01 08:00:00,1.0,1.0,0.9999,1.0,81436.0,2026-03-01 08:59:59.999,81430.28300000,231,24266.00000000,24266.00000000,0
2026-03-01 09:00:00,1.0,1.0,0.9999,1.0,21209.0,2026-03-01 09:59:59.999,21208.92310000,128,20440.00000000,20440.00000000,0
2026-03-01 10:00:00,1.0,1.0,0.9999,1.0,23511.0,2026-03-01 10:59:59.999,23510.39620000,200,17473.00000000,17473.00000000,0
2026-03-01 11:00:00,1.0,1.0,0.9999,1.0,37534.0,2026-03-01 11:59:59.999,37533.80770000,145,35611.00000000,35611.00000000,0
2026-03-01 12:00:00,0.9999,1.0,0.9999,0.9999,48010.0,2026-03-01 12:59:59.999,48009.62950000,121,44305.00000000,44305.00000000,0
2026-03-01 13:00:00,0.9999,1.0001,0.9999,0.9999,120777.0,2026-03-01 13:59:59.999,120774.21710000,249,86238.00000000,86238.67100000,0
2026-03-01 14:00:00,1.0,1.0,0.9999,1.0,28731.0,2026-03-01 14:59:59.999,28730.25770000,128,21308.00000000,21308.00000000,0
2026-03-01 15:00:00,1.0,1.0,0.9999,1.0,28893.0,2026-03-01 15:59:59.999,28892.65110000,91,25404.00000000,25404.00000000,0
2026-03-01 16:00:00,1.0,1.0,0.9999,0.9999,24097.0,2026-03-01 16:59:59.999,24095.76920000,193,11789.00000000,11789.00000000,0
2026-03-01 17:00:00,0.9999,1.0,0.9999,0.9999,12280.0,2026-03-01 17:59:59.999,12279.80630000,95,10343.00000000,10343.00000000,0
2026-03-01 18:00:00,1.0,1.0,0.9999,1.0,14139.0,2026-03-01 18:59:59.999,14138.94270000,128,13566.00000000,13566.00000000,0
2026-03-01 19:00:00,1.0,1.0,0.9999,1.0,143135.0,2026-03-01 19:59:59.999,143122.10980000,206,14233.00000000,14233.00000000,0
2026-03-01 20:00:00,1.0,1.0,0.9999,0.9999,7742.0,2026-03-01 20:59:59.999,7741.89090000,63,6651.00000000,6651.00000000,0
2026-03-01 21:00:00,0.9999,1.0,0.9999,1.0,21549.0,2026-03-01 21:59:59.999,21548.88840000,59,20433.00000000,20433.00000000,0
2026-03-01 22:00:00,0.9999,1.0,0.9998,0.9999,29827.0,2026-03-01 22:59:59.999,29824.57510000,127,5658.00000000,5658.00000000,0
2026-03-01 23:00:00,0.9999,1.0,0.9998,0.9999,54567.0,2026-03-01 23:59:59.999,54562.03170000,209,26417.00000000,26414.95240000,0
2026-03-02 00:00:00,1.0,1.0,0.9998,1.0,256221.0,2026-03-02 00:59:59.999,256218.60720000,589,232567.00000000,232567.00000000,0
2026-03-02 01:00:00,1.0,1.0,0.9999,1.0,110235.0,2026-03-02 01:59:59.999,110234.79520000,342,108187.00000000,108187.00000000,0
2026-03-02 02:00:00,1.0,1.0,0.9999,1.0,132884.0,2026-03-02 02:59:59.999,132883.47660000,346,127650.00000000,127650.00000000,0
2026-03-02 03:00:00,0.9999,1.0001,0.9999,1.0,459908.0,2026-03-02 03:59:59.999,459946.24530000,816,455581.00000000,455619.24620000,0
2026-03-02 04:00:00,1.0,1.0002,1.0,1.0,313144.0,2026-03-02 04:59:59.999,313175.06560000,431,310424.00000000,310455.06560000,0
2026-03-02 05:00:00,1.0,1.0002,1.0,1.0,522176.0,2026-03-02 05:59:59.999,522227.50150000,845,513914.00000000,513965.50150000,0
2026-03-02 06:00:00,1.0001,1.0002,1.0,1.0,555530.0,2026-03-02 06:59:59.999,555585.74170000,912,554190.00000000,554245.74170000,0
2026-03-02 07:00:00,1.0001,1.0002,1.0,1.0,370184.0,2026-03-02 07:59:59.999,370220.75410000,775,367504.00000000,367540.75410000,0
2026-03-02 08:00:00,1.0,1.0002,1.0,1.0001,506767.0,2026-03-02 08:59:59.999,506817.88400000,810,504375.00000000,504425.88400000,0
2026-03-02 09:00:00,1.0,1.0001,1.0,1.0,324533.0,2026-03-02 09:59:59.999,324564.77540000,522,317754.00000000,317785.77540000,0
2026-03-02 10:00:00,1.0001,1.0002,1.0,1.0002,1165959.0,2026-03-02 10:59:59.999,1166083.42300000,468,1137979.00000000,1138100.66530000,0
2026-03-02 11:00:00,1.0002,1.0002,1.0001,1.0001,16537.0,2026-03-02 11:59:59.999,16538.98950000,43,3358.00000000,3358.67160000,0
2026-03-02 12:00:00,1.0002,1.0003,1.0001,1.0003,303137.0,2026-03-02 12:59:59.999,303196.76380000,226,294487.00000000,294545.89880000,0
2026-03-02 13:00:00,1.0002,1.0004,1.0002,1.0004,55173.0,2026-03-02 13:59:59.999,55190.08760000,143,14379.00000000,14384.09600000,0
2026-03-02 14:00:00,1.0003,1.0005,1.0002,1.0004,303645.0,2026-03-02 14:59:59.999,303751.47570000,197,277397.00000000,277495.59100000,0
2026-03-02 15:00:00,1.0004,1.0004,1.0,1.0001,191075.0,2026-03-02 15:59:59.999,191097.41430000,363,142176.00000000,142191.69290000,0
2026-03-02 16:00:00,1.0001,1.0001,0.9998,0.9998,553203.0,2026-03-02 16:59:59.999,553155.10830000,382,369242.00000000,369209.41700000,0
2026-03-02 17:00:00,0.9999,1.0,0.9998,1.0,182744.0,2026-03-02 17:59:59.999,182723.96230000,179,153184.00000000,153169.05840000,0
2026-03-02 18:00:00,0.9999,1.0,0.9998,0.9999,113007.0,2026-03-02 18:59:59.999,112995.78320000,163,15387.00000000,15385.62680000,0
2026-03-02 19:00:00,0.9999,0.9999,0.9998,0.9999,201184.0,2026-03-02 19:59:59.999,201163.65390000,151,198907.00000000,198887.10930000,0
2026-03-02 20:00:00,0.9999,1.0,0.9998,0.9999,4812342.0,2026-03-02 20:59:59.999,4811860.71090000,180,296989.00000000,296959.33550000,0
2026-03-02 21:00:00,0.9999,0.9999,0.9998,0.9999,129544.0,2026-03-02 21:59:59.999,129530.92420000,154,128330.00000000,128317.16700000,0
2026-03-02 22:00:00,0.9999,1.0,0.9998,0.9999,82084.0,2026-03-02 22:59:59.999,82075.91070000,200,77370.00000000,77362.43720000,0
2026-03-02 23:00:00,0.9999,1.0001,0.9999,1.0001,484912.0,2026-03-02 23:59:59.999,484905.85320000,306,405016.00000000,405016.00640000,0
2026-03-03 00:00:00,1.0,1.0001,0.9999,1.0001,471976.0,2026-03-03 00:59:59.999,472001.22220000,597,321508.00000000,321533.32220000,0
2026-03-03 01:00:00,1.0001,1.0002,0.9999,1.0002,586720.0,2026-03-03 01:59:59.999,586776.80460000,1151,505315.00000000,505371.85590000,0
2026-03-03 02:00:00,1.0002,1.0003,1.0001,1.0002,495709.0,2026-03-03 02:59:59.999,495814.07360000,591,461891.00000000,461990.69030000,0
2026-03-03 03:00:00,1.0002,1.0003,1.0001,1.0003,399464.0,2026-03-03 03:59:59.999,399543.10150000,574,391026.00000000,391104.25660000,0
2026-03-03 04:00:00,1.0003,1.0003,1.0001,1.0001,503485.0,2026-03-03 04:59:59.999,503592.16540000,486,454034.00000000,454134.21980000,0
2026-03-03 05:00:00,1.0002,1.0003,1.0001,1.0002,584899.0,2026-03-03 05:59:59.999,585017.97040000,796,579815.00000000,579933.46100000,0
2026-03-03 06:00:00,1.0003,1.0004,1.0001,1.0002,495313.0,2026-03-03 06:59:59.999,495458.93340000,443,468592.00000000,468732.65080000,0
2026-03-03 07:00:00,1.0003,1.0004,1.0002,1.0002,468117.0,2026-03-03 07:59:59.999,468256.46520000,538,455590.00000000,455726.95980000,0
2026-03-03 08:00:00,1.0003,1.0004,1.0002,1.0003,485956.0,2026-03-03 08:59:59.999,486101.90380000,618,484330.00000000,484475.52680000,0
2026-03-03 09:00:00,1.0003,1.0004,1.0001,1.0002,544867.0,2026-03-03 09:59:59.999,544986.64040000,746,471148.00000000,471256.33040000,0
2026-03-03 10:00:00,1.0002,1.0005,1.0001,1.0003,505052.0,2026-03-03 10:59:59.999,505200.32410000,461,471990.00000000,472130.59640000,0
2026-03-03 11:00:00,1.0002,1.0005,1.0002,1.0002,539458.0,2026-03-03 11:59:59.999,539626.98040000,895,441937.00000000,442082.40210000,0
2026-03-03 12:00:00,1.0002,1.0004,1.0002,1.0003,433322.0,2026-03-03 12:59:59.999,433478.72160000,548,430832.00000000,430988.07390000,0
2026-03-03 13:00:00,1.0003,1.0004,1.0002,1.0003,535429.0,2026-03-03 13:59:59.999,535637.19460000,497,499393.00000000,499590.31150000,0
2026-03-03 14:00:00,1.0003,1.0004,1.0002,1.0002,203569.0,2026-03-03 14:59:59.999,203630.66730000,296,176743.00000000,176798.10360000,0
2026-03-03 15:00:00,1.0002,1.0003,1.0001,1.0001,80422.0,2026-03-03 15:59:59.999,80435.32700000,84,5374.00000000,5375.18920000,0
2026-03-03 16:00:00,1.0001,1.0002,0.9999,1.0,371304.0,2026-03-03 16:59:59.999,371325.08940000,178,182317.00000000,182321.46940000,0
2026-03-03 17:00:00,0.9999,1.0001,0.9999,1.0001,280284.0,2026-03-03 17:59:59.999,280284.78010000,164,245093.00000000,245093.96670000,0
2026-03-03 18:00:00,1.0,1.0001,0.9999,1.0,111954.0,2026-03-03 18:59:59.999,111948.28230000,201,26944.00000000,26944.80940000,0
2026-03-03 19:00:00,1.0,1.0,0.9999,1.0,18471.0,2026-03-03 19:59:59.999,18470.80730000,120,16544.00000000,16544.00000000,0
2026-03-03 20:00:00,0.9999,1.0001,0.9999,1.0001,39624.0,2026-03-03 20:59:59.999,39624.30900000,152,37973.00000000,37973.31190000,0
2026-03-03 21:00:00,1.0001,1.0001,1.0,1.0001,43984.0,2026-03-03 21:59:59.999,43985.79490000,454,17949.00000000,17950.79490000,0
2026-03-03 22:00:00,1.0,1.0001,0.9999,0.9999,40702.0,2026-03-03 22:59:59.999,40701.63240000,189,21016.00000000,21016.34700000,0
2026-03-03 23:00:00,0.9999,1.0001,0.9999,1.0001,68401.0,2026-03-03 23:59:59.999,68401.98800000,188,61104.00000000,61105.38970000,0
2026-03-04 00:00:00,1.0,1.0002,1.0,1.0002,254737.0,2026-03-04 00:59:59.999,254774.21200000,523,245776.00000000,245812.89900000,0
2026-03-04 01:00:00,1.0002,1.0003,1.0001,1.0002,536291.0,2026-03-04 01:59:59.999,536398.77400000,497,534959.00000000,535066.64080000,0
2026-03-04 02:00:00,1.0002,1.0003,1.0001,1.0002,513606.0,2026-03-04 02:59:59.999,513705.93000000,596,478709.00000000,478805.44030000,0
2026-03-04 03:00:00,1.0002,1.0003,1.0001,1.0002,473100.0,2026-03-04 03:59:59.999,473194.71370000,423,465547.00000000,465640.95840000,0
2026-03-04 04:00:00,1.0002,1.0003,1.0001,1.0003,453560.0,2026-03-04 04:59:59.999,453667.33090000,814,434538.00000000,434643.30150000,0
2026-03-04 05:00:00,1.0002,1.0003,1.0002,1.0003,475485.0,2026-03-04 05:59:59.999,475626.84420000,347,467472.00000000,467612.24160000,0
2026-03-04 06:00:00,1.0003,1.0003,1.0001,1.0003,670873.0,2026-03-04 06:59:59.999,671024.45610000,658,468048.00000000,468175.10370000,0
2026-03-04 07:00:00,1.0003,1.0003,1.0,1.0001,838715.0,2026-03-04 07:59:59.999,838892.73490000,656,473033.00000000,473167.85100000,0
2026-03-04 08:00:00,1.0003,1.0003,1.0,1.0002,422553.0,2026-03-04 08:59:59.999,422641.43260000,522,407271.00000000,407357.93400000,0
2026-03-04 09:00:00,1.0002,1.0002,1.0,1.0001,674864.0,2026-03-04 09:59:59.999,674922.35960000,1164,483006.00000000,483061.21020000,0
2026-03-04 10:00:00,1.0001,1.0002,1.0,1.0002,525579.0,2026-03-04 10:59:59.999,525643.53620000,505,474676.00000000,474736.17280000,0
2026-03-04 11:00:00,1.0002,1.0003,1.0,1.0001,663028.0,2026-03-04 11:59:59.999,663127.12720000,538,500006.00000000,500089.05660000,0
2026-03-04 12:00:00,1.0001,1.0002,1.0,1.0001,785124.0,2026-03-04 12:59:59.999,785194.39060000,626,565264.00000000,565322.19570000,0
2026-03-04 13:00:00,1.0001,1.0002,1.0,1.0001,577149.0,2026-03-04 13:59:59.999,577204.10240000,833,530479.00000000,530532.10150000,0
2026-03-04 14:00:00,1.0001,1.0002,0.9999,1.0,388780.0,2026-03-04 14:59:59.999,388809.52230000,591,299378.00000000,299407.54660000,0
2026-03-04 15:00:00,0.9999,1.0,0.9997,0.9998,480787.0,2026-03-04 15:59:59.999,480733.81190000,333,368529.00000000,368490.61790000,0
2026-03-04 16:00:00,0.9998,1.0,0.9995,0.9999,2425429.0,2026-03-04 16:59:59.999,2425125.49640000,1035,1553338.00000000,1553148.75100000,0
2026-03-04 17:00:00,0.9999,1.0,0.9998,0.9999,455177.0,2026-03-04 17:59:59.999,455152.17130000,759,445839.00000000,445815.89100000,0
2026-03-04 18:00:00,0.9998,1.0,0.9997,0.9998,2426283.0,2026-03-04 18:59:59.999,2425814.04930000,448,2323507.00000000,2323058.75240000,0
2026-03-04 19:00:00,0.9998,0.9998,0.9993,0.9993,1061980.0,2026-03-04 19:59:59.999,1061491.77060000,241,1042353.00000000,1041875.60650000,0
2026-03-04 20:00:00,0.9994,1.0,0.9993,0.9999,2521186.0,2026-03-04 20:59:59.999,2520185.61400000,208,2515265.00000000,2514267.13810000,0
2026-03-04 21:00:00,0.9999,1.0,0.9996,0.9997,47744.0,2026-03-04 21:59:59.999,47734.18170000,180,19010.00000000,19008.71470000,0
2026-03-04 22:00:00,0.9996,0.9999,0.9996,0.9999,19635.0,2026-03-04 22:59:59.999,19630.28140000,135,18556.00000000,18551.64630000,0
2026-03-04 23:00:00,0.9999,0.9999,0.9998,0.9999,52693.0,2026-03-04 23:59:59.999,52686.73970000,314,42783.00000000,42778.72170000,0
2026-03-05 00:00:00,0.9999,0.9999,0.9997,0.9998,175451.0,2026-03-05 00:59:59.999,175422.06230000,456,109330.00000000,109317.06910000,0
2026-03-05 01:00:00,0.9998,1.0,0.9997,1.0,346335.0,2026-03-05 01:59:59.999,346271.92440000,248,337524.00000000,337462.60190000,0
2026-03-05 02:00:00,1.0,1.0,0.9999,1.0,48026.0,2026-03-05 02:59:59.999,48025.51030000,126,43129.00000000,43129.00000000,0
2026-03-05 03:00:00,1.0,1.0,0.9999,1.0,59318.0,2026-03-05 03:59:59.999,59317.56690000,269,54987.00000000,54987.00000000,0
2026-03-05 04:00:00,1.0,1.0,0.9999,1.0,69862.0,2026-03-05 04:59:59.999,69860.15250000,329,51387.00000000,51387.00000000,0
2026-03-05 05:00:00,1.0,1.0,0.9999,1.0,52303.0,2026-03-05 05:59:59.999,52302.40340000,160,46337.00000000,46337.00000000,0
2026-03-05 06:00:00,0.9999,1.0,0.9998,1.0,470235.0,2026-03-05 06:59:59.999,470181.45630000,231,287372.00000000,287346.92460000,0
2026-03-05 07:00:00,1.0,1.0,0.9999,1.0,39496.0,2026-03-05 07:59:59.999,39495.55130000,161,35009.00000000,35009.00000000,0
2026-03-05 08:00:00,1.0,1.0,0.9998,1.0,255652.0,2026-03-05 08:59:59.999,255627.47850000,337,191149.00000000,191132.55220000,0
2026-03-05 09:00:00,0.9999,1.0,0.9998,0.9999,4087899.0,2026-03-05 09:59:59.999,4087490.93390000,298,61420.00000000,61416.79990000,0
2026-03-05 10:00:00,0.9998,0.9999,0.9998,0.9998,92286.0,2026-03-05 10:59:59.999,92272.29250000,384,47497.00000000,47492.25030000,0
2026-03-05 11:00:00,0.9998,0.9999,0.9997,0.9998,372521.0,2026-03-05 11:59:59.999,372447.86480000,255,279124.00000000,279071.61440000,0
2026-03-05 12:00:00,0.9998,0.9999,0.9998,0.9999,98293.0,2026-03-05 12:59:59.999,98277.20850000,223,38671.00000000,38667.13290000,0
2026-03-05 13:00:00,0.9999,0.9999,0.9998,0.9999,65503.0,2026-03-05 13:59:59.999,65495.07120000,432,51718.00000000,51712.82820000,0
2026-03-05 14:00:00,0.9998,0.9999,0.9997,0.9998,75298.0,2026-03-05 14:59:59.999,75283.76820000,277,31602.00000000,31597.80760000,0
2026-03-05 15:00:00,0.9998,0.9999,0.9997,0.9999,49025.0,2026-03-05 15:59:59.999,49017.91010000,215,38440.00000000,38435.12650000,0
2026-03-05 16:00:00,0.9999,0.9999,0.9997,0.9999,275044.0,2026-03-05 16:59:59.999,274991.80960000,268,251883.00000000,251835.61760000,0
2026-03-05 17:00:00,0.9999,1.0,0.9998,0.9999,180109.0,2026-03-05 17:59:59.999,180089.48100000,237,160823.00000000,160807.12090000,0
2026-03-05 18:00:00,0.9999,1.0,0.9999,0.9999,56057.0,2026-03-05 18:59:59.999,56054.79360000,291,33993.00000000,33993.00000000,0
2026-03-05 19:00:00,1.0,1.0,0.9999,0.9999,30232.0,2026-03-05 19:59:59.999,30230.09140000,347,11146.00000000,11146.00000000,0
2026-03-05 20:00:00,0.9999,1.0,0.9999,0.9999,32540.0,2026-03-05 20:59:59.999,32538.92290000,189,21769.00000000,21769.00000000,0
2026-03-05 21:00:00,1.0,1.0,0.9999,1.0,31151.0,2026-03-05 21:59:59.999,31150.69170000,217,28068.00000000,28068.00000000,0
2026-03-05 22:00:00,1.0,1.0,0.9999,0.9999,35954.0,2026-03-05 22:59:59.999,35952.18240000,316,17778.00000000,17778.00000000,0
2026-03-05 23:00:00,1.0,1.0,0.9999,0.9999,46564.0,2026-03-05 23:59:59.999,46562.17770000,325,28341.00000000,28341.00000000,0
2026-03-06 00:00:00,0.9999,1.0,0.9999,1.0,54841.0,2026-03-06 00:59:59.999,54837.60170000,268,20858.00000000,20858.00000000,0
2026-03-06 01:00:00,1.0,1.0,0.9999,0.9999,208807.0,2026-03-06 01:59:59.999,208804.66280000,398,185435.00000000,185435.00000000,0
2026-03-06 02:00:00,0.9999,1.0,0.9998,0.9999,1363148.0,2026-03-06 02:59:59.999,1363015.60100000,113,48697.00000000,48696.89410000,0
2026-03-06 03:00:00,0.9999,1.0,0.9999,1.0,73916.0,2026-03-06 03:59:59.999,73911.66990000,140,30615.00000000,30615.00000000,0
2026-03-06 04:00:00,1.0,1.0,0.9999,1.0,93109.0,2026-03-06 04:59:59.999,93104.90080000,238,52117.00000000,52117.00000000,0
2026-03-06 05:00:00,1.0,1.0,0.9999,1.0,75354.0,2026-03-06 05:59:59.999,75350.74070000,457,42761.00000000,42761.00000000,0
2026-03-06 06:00:00,1.0,1.0001,0.9999,1.0001,612492.0,2026-03-06 06:59:59.999,612493.28420000,196,216803.00000000,216805.16850000,0
2026-03-06 07:00:00,1.0,1.0001,0.9999,0.9999,86110.0,2026-03-06 07:59:59.999,86110.77430000,146,23694.00000000,23695.36790000,0
2026-03-06 08:00:00,1.0,1.0,0.9999,0.9999,36876.0,2026-03-06 08:59:59.999,36873.94470000,143,16323.00000000,16323.00000000,0
2026-03-06 09:00:00,1.0,1.0,0.9999,1.0,55145.0,2026-03-06 09:59:59.999,55143.65070000,114,41652.00000000,41652.00000000,0
2026-03-06 10:00:00,0.9999,1.0001,0.9999,1.0,91871.0,2026-03-06 10:59:59.999,91872.19920000,54,74061.00000000,74062.21540000,0
2026-03-06 11:00:00,1.0001,1.0001,1.0,1.0001,41355.0,2026-03-06 11:59:59.999,41357.68990000,76,26899.00000000,26901.68990000,0
2026-03-06 12:00:00,1.0001,1.0001,1.0,1.0,144511.0,2026-03-06 12:59:59.999,144513.24740000,309,22474.00000000,22476.24740000,0
2026-03-06 13:00:00,0.9999,1.0001,0.9999,1.0,475684.0,2026-03-06 13:59:59.999,475662.27020000,550,446997.00000000,446978.13890000,0
2026-03-06 14:00:00,1.0,1.0001,0.9999,1.0001,326953.0,2026-03-06 14:59:59.999,326958.68650000,337,260277.00000000,260282.76780000,0
2026-03-06 15:00:00,1.0,1.0001,0.9998,0.9998,201924.0,2026-03-06 15:59:59.999,201914.06360000,195,13854.00000000,13854.05300000,0
2026-03-06 16:00:00,0.9999,1.0,0.9998,1.0,309373.0,2026-03-06 16:59:59.999,309341.84620000,217,285140.00000000,285112.61140000,0
2026-03-06 17:00:00,1.0,1.0,0.9998,0.9999,535938.0,2026-03-06 17:59:59.999,535875.47040000,219,361779.00000000,361744.55940000,0
2026-03-06 18:00:00,0.9998,0.9999,0.9995,0.9995,2735237.0,2026-03-06 18:59:59.999,2734493.04750000,270,63920.00000000,63899.12980000,0
2026-03-06 19:00:00,0.9995,1.0,0.9995,1.0,378720.0,2026-03-06 19:59:59.999,378679.16590000,184,168362.00000000,168342.20170000,0
2026-03-06 20:00:00,0.9999,1.0001,0.9999,1.0001,538666.0,2026-03-06 20:59:59.999,538673.81140000,163,412340.00000000,412348.38820000,0
2026-03-06 21:00:00,1.0001,1.0001,1.0,1.0001,11780.0,2026-03-06 21:59:59.999,11780.76270000,98,7627.00000000,7627.76270000,0
2026-03-06 22:00:00,1.0,1.0001,1.0,1.0,8672.0,2026-03-06 22:59:59.999,8672.54460000,107,5446.00000000,5446.54460000,0
2026-03-06 23:00:00,1.0,1.0001,1.0,1.0,14501.0,2026-03-06 23:59:59.999,14501.44460000,444,4446.00000000,4446.44460000,0
2026-03-07 00:00:00,1.0,1.0001,1.0,1.0001,27702.0,2026-03-07 00:59:59.999,27703.40330000,400,14033.00000000,14034.40330000,0
2026-03-07 01:00:00,1.0001,1.0001,1.0,1.0001,37996.0,2026-03-07 01:59:59.999,37997.68370000,206,16837.00000000,16838.68370000,0
2026-03-07 02:00:00,1.0,1.0001,1.0,1.0001,21414.0,2026-03-07 02:59:59.999,21414.77920000,189,7792.00000000,7792.77920000,0
2026-03-07 03:00:00,1.0001,1.0001,0.9999,0.9999,72475.0,2026-03-07 03:59:59.999,72471.06480000,168,22515.00000000,22515.56570000,0
2026-03-07 04:00:00,0.9999,1.0001,0.9999,1.0001,378278.0,2026-03-07 04:59:59.999,378275.73580000,234,345288.00000000,345288.22640000,0
2026-03-07 05:00:00,1.0001,1.0001,1.0,1.0001,99157.0,2026-03-07 05:59:59.999,99162.24470000,434,52447.00000000,52452.24470000,0
2026-03-07 06:00:00,1.0001,1.0002,1.0,1.0002,1600184.0,2026-03-07 06:59:59.999,1600343.21880000,174,1578116.00000000,1578274.03190000,0
2026-03-07 07:00:00,1.0002,1.0002,1.0001,1.0002,66972.0,2026-03-07 07:59:59.999,66983.97210000,173,52749.00000000,52759.54980000,0
2026-03-07 08:00:00,1.0002,1.0002,1.0001,1.0001,21407.0,2026-03-07 08:59:59.999,21409.63600000,98,4953.00000000,4953.99060000,0
2026-03-07 09:00:00,1.0002,1.0002,1.0001,1.0002,363109.0,2026-03-07 09:59:59.999,363178.75540000,400,334445.00000000,334511.88900000,0
2026-03-07 10:00:00,1.0002,1.0002,1.0001,1.0002,16775.0,2026-03-07 10:59:59.999,16778.10930000,137,14318.00000000,14320.86360000,0
2026-03-07 11:00:00,1.0001,1.0002,1.0,1.0002,2693433.0,2026-03-07 11:59:59.999,2693716.56040000,222,2134031.00000000,2134259.46820000,0
2026-03-07 12:00:00,1.0001,1.0002,1.0,1.0001,897800.0,2026-03-07 12:59:59.999,897887.32370000,186,851321.00000000,851406.18340000,0
2026-03-07 13:00:00,1.0001,1.0001,1.0,1.0,33288.0,2026-03-07 13:59:59.999,33289.11440000,218,11144.00000000,11145.11440000,0
2026-03-07 14:00:00,1.0,1.0001,1.0,1.0,368780.0,2026-03-07 14:59:59.999,368814.50930000,185,345093.00000000,345127.50930000,0
2026-03-07 15:00:00,1.0001,1.0001,1.0,1.0001,57494.0,2026-03-07 15:59:59.999,57496.84490000,319,28449.00000000,28451.84490000,0
2026-03-07 16:00:00,1.0,1.0001,1.0,1.0001,26790.0,2026-03-07 16:59:59.999,26791.62580000,157,16258.00000000,16259.62580000,0
2026-03-07 17:00:00,1.0001,1.0001,1.0,1.0001,18829.0,2026-03-07 17:59:59.999,18830.81060000,243,18106.00000000,18107.81060000,0
2026-03-07 18:00:00,1.0,1.0001,0.9999,1.0,1228011.0,2026-03-07 18:59:59.999,1228004.92760000,224,1033908.00000000,1033908.00550000,0
2026-03-07 19:00:00,1.0,1.0001,0.9999,1.0,618276.0,2026-03-07 19:59:59.999,618286.05120000,149,561677.00000000,561687.23660000,0
2026-03-07 20:00:00,1.0001,1.0001,1.0,1.0001,26812.0,2026-03-07 20:59:59.999,26814.16150000,40,21615.00000000,21617.16150000,0
2026-03-07 21:00:00,1.0,1.0001,1.0,1.0001,18978.0,2026-03-07 21:59:59.999,18979.19980000,26,11998.00000000,11999.19980000,0
2026-03-07 22:00:00,1.0001,1.0001,1.0,1.0,32787.0,2026-03-07 22:59:59.999,32788.72880000,93,17288.00000000,17289.72880000,0
2026-03-07 23:00:00,1.0001,1.0001,1.0,1.0,71904.0,2026-03-07 23:59:59.999,71909.30350000,298,53035.00000000,53040.30350000,0
2026-03-08 00:00:00,1.0001,1.0001,0.9999,1.0001,261715.0,2026-03-08 00:59:59.999,261714.56480000,311,33421.00000000,33421.27450000,0
2026-03-08 01:00:00,1.0001,1.0001,1.0,1.0001,28305.0,2026-03-08 01:59:59.999,28307.39000000,212,23900.00000000,23902.39000000,0
2026-03-08 02:00:00,1.0001,1.0001,1.0,1.0001,37312.0,2026-03-08 02:59:59.999,37315.17900000,209,31790.00000000,31793.17900000,0
2026-03-08 03:00:00,1.0001,1.0002,1.0,1.0,554661.0,2026-03-08 03:59:59.999,554718.23730000,364,473310.00000000,473360.44500000,0
2026-03-08 04:00:00,1.0,1.0001,0.9999,1.0001,89808.0,2026-03-08 04:59:59.999,89811.14240000,188,31714.00000000,31717.14400000,0
2026-03-08 05:00:00,1.0001,1.0001,1.0,1.0001,43251.0,2026-03-08 05:59:59.999,43253.61970000,193,26197.00000000,26199.61970000,0
2026-03-08 06:00:00,1.0,1.0001,1.0,1.0,12069.0,2026-03-08 06:59:59.999,12069.66730000,164,6673.00000000,6673.66730000,0
2026-03-08 07:00:00,1.0001,1.0001,1.0,1.0001,98268.0,2026-03-08 07:59:59.999,98275.92860000,471,79286.00000000,79293.92860000,0
2026-03-08 08:00:00,1.0,1.0001,1.0,1.0001,17721.0,2026-03-08 08:59:59.999,17721.91470000,391,9147.00000000,9147.91470000,0
2026-03-08 09:00:00,1.0,1.0001,1.0,1.0001,22873.0,2026-03-08 09:59:59.999,22874.90380000,214,19038.00000000,19039.90380000,0
2026-03-08 10:00:00,1.0001,1.0001,1.0,1.0001,29841.0,2026-03-08 10:59:59.999,29842.58910000,166,15891.00000000,15892.58910000,0
2026-03-08 11:00:00,1.0001,1.0001,1.0,1.0,37795.0,2026-03-08 11:59:59.999,37796.41440000,248,14144.00000000,14145.41440000,0
2026-03-08 12:00:00,1.0,1.0001,1.0,1.0001,44138.0,2026-03-08 12:59:59.999,44139.95030000,351,19503.00000000,19504.95030000,0
2026-03-08 13:00:00,1.0,1.0001,1.0,1.0001,55733.0,2026-03-08 13:59:59.999,55736.29060000,272,32906.00000000,32909.29060000,0
2026-03-08 14:00:00,1.0001,1.0001,1.0,1.0001,50247.0,2026-03-08 14:59:59.999,50251.43880000,78,44388.00000000,44392.43880000,0
2026-03-08 15:00:00,1.0001,1.0001,1.0,1.0001,51910.0,2026-03-08 15:59:59.999,51914.26830000,229,42683.00000000,42687.26830000,0
2026-03-08 16:00:00,1.0,1.0001,1.0,1.0001,65845.0,2026-03-08 16:59:59.999,65848.39670000,341,33967.00000000,33970.39670000,0
2026-03-08 17:00:00,1.0,1.0001,1.0,1.0001,26534.0,2026-03-08 17:59:59.999,26535.23590000,160,12359.00000000,12360.23590000,0
2026-03-08 18:00:00,1.0001,1.0001,1.0,1.0001,12970.0,2026-03-08 18:59:59.999,12970.90980000,254,9098.00000000,9098.90980000,0
2026-03-08 19:00:00,1.0001,1.0001,1.0,1.0,18947.0,2026-03-08 19:59:59.999,18948.54270000,349,15427.00000000,15428.54270000,0
2026-03-08 20:00:00,1.0001,1.0001,1.0,1.0,89697.0,2026-03-08 20:59:59.999,89698.27890000,186,12789.00000000,12790.27890000,0
2026-03-08 21:00:00,1.0001,1.0001,1.0,1.0001,4210.0,2026-03-08 21:59:59.999,4210.31560000,39,3156.00000000,3156.31560000,0
2026-03-08 22:00:00,1.0,1.0002,0.9999,1.0,585188.0,2026-03-08 22:59:59.999,585202.93320000,134,338256.00000000,338269.06780000,0
2026-03-08 23:00:00,1.0,1.0001,0.9999,1.0001,392195.0,2026-03-08 23:59:59.999,392194.88730000,277,334205.00000000,334205.82540000,0
2026-03-09 00:00:00,1.0001,1.0001,1.0,1.0,362957.0,2026-03-09 00:59:59.999,362992.38480000,243,353848.00000000,353883.38480000,0
2026-03-09 01:00:00,1.0001,1.0001,1.0,1.0001,49755.0,2026-03-09 01:59:59.999,49758.50670000,257,35067.00000000,35070.50670000,0
2026-03-09 02:00:00,1.0001,1.0001,1.0,1.0,92584.0,2026-03-09 02:59:59.999,92592.15840000,213,81584.00000000,81592.15840000,0
2026-03-09 03:00:00,1.0,1.0002,1.0,1.0002,812523.0,2026-03-09 03:59:59.999,812606.22560000,336,771163.00000000,771242.97890000,0
2026-03-09 04:00:00,1.0002,1.0002,1.0001,1.0002,34417.0,2026-03-09 04:59:59.999,34422.03490000,209,15932.00000000,15935.18640000,0
2026-03-09 05:00:00,1.0001,1.0002,1.0001,1.0002,38726.0,2026-03-09 05:59:59.999,38730.79280000,252,9202.00000000,9203.84040000,0
2026-03-09 06:00:00,1.0002,1.0003,1.0001,1.0003,363513.0,2026-03-09 06:59:59.999,363585.02280000,253,353648.00000000,353718.80050000,0
2026-03-09 07:00:00,1.0003,1.0003,1.0001,1.0001,52149.0,2026-03-09 07:59:59.999,52158.67970000,246,25107.00000000,25112.17970000,0
2026-03-09 08:00:00,1.0001,1.0003,1.0001,1.0003,305410.0,2026-03-09 08:59:59.999,305472.77940000,374,261664.00000000,261719.13980000,0
2026-03-09 09:00:00,1.0003,1.0003,1.0002,1.0003,238626.0,2026-03-09 09:59:59.999,238696.66330000,237,229381.00000000,229449.81430000,0
2026-03-09 10:00:00,1.0003,1.0003,1.0002,1.0003,24858.0,2026-03-09 10:59:59.999,24865.01550000,195,20439.00000000,20445.13170000,0
2026-03-09 11:00:00,1.0003,1.0003,1.0002,1.0003,91323.0,2026-03-09 11:59:59.999,91345.17850000,196,39139.00000000,39150.74170000,0
2026-03-09 12:00:00,1.0003,1.0003,1.0002,1.0003,93658.0,2026-03-09 12:59:59.999,93681.09240000,530,43608.00000000,43621.08240000,0
2026-03-09 13:00:00,1.0003,1.0003,1.0001,1.0002,41396.0,2026-03-09 13:59:59.999,41405.45420000,217,13098.00000000,13101.81040000,0
2026-03-09 14:00:00,1.0001,1.0002,1.0,1.0001,365553.0,2026-03-09 14:59:59.999,365620.47660000,306,334116.00000000,334180.50370000,0
2026-03-09 15:00:00,1.0001,1.0001,0.9999,1.0,162926.0,2026-03-09 15:59:59.999,162925.26940000,243,15378.00000000,15378.11090000,0
2026-03-09 16:00:00,1.0,1.0,0.9998,0.9999,389448.0,2026-03-09 16:59:59.999,389410.13760000,1272,340269.00000000,340237.37860000,0
2026-03-09 17:00:00,0.9999,1.0,0.9998,0.9999,653340.0,2026-03-09 17:59:59.999,653274.70810000,212,647068.00000000,647003.78810000,0
2026-03-09 18:00:00,1.0,1.0,0.9999,0.9999,30588.0,2026-03-09 18:59:59.999,30587.13620000,137,21950.00000000,21950.00000000,0
2026-03-09 19:00:00,0.9999,1.0,0.9999,0.9999,716358.0,2026-03-09 19:59:59.999,716289.17850000,166,655748.00000000,655685.23950000,0
2026-03-09 20:00:00,0.9999,0.9999,0.9997,0.9998,1139201.0,2026-03-09 20:59:59.999,1138973.64380000,179,954592.00000000,954401.60680000,0
2026-03-09 21:00:00,0.9998,1.0,0.9998,1.0,7412.0,2026-03-09 21:59:59.999,7411.30760000,36,6345.00000000,6344.52100000,0
2026-03-09 22:00:00,0.9999,1.0,0.9999,1.0,59555.0,2026-03-09 22:59:59.999,59549.70080000,32,6563.00000000,6563.00000000,0
2026-03-09 23:00:00,1.0,1.0,0.9998,1.0,80219.0,2026-03-09 23:59:59.999,80210.07730000,347,28144.00000000,28141.92470000,0
2026-03-10 00:00:00,0.9999,1.0,0.9998,1.0,40534.0,2026-03-10 00:59:59.999,40531.56510000,211,16224.00000000,16224.00000000,0
2026-03-10 01:00:00,1.0,1.0,0.9999,0.9999,26106.0,2026-03-10 01:59:59.999,26105.54780000,203,21584.00000000,21584.00000000,0
2026-03-10 02:00:00,0.9999,1.0,0.9999,1.0,38849.0,2026-03-10 02:59:59.999,38846.88990000,362,17748.00000000,17748.00000000,0
2026-03-10 03:00:00,1.0,1.0,0.9999,0.9999,85618.0,2026-03-10 03:59:59.999,85615.40800000,777,59698.00000000,59698.00000000,0
2026-03-10 04:00:00,1.0,1.0,0.9999,1.0,34705.0,2026-03-10 04:59:59.999,34704.34350000,238,28140.00000000,28140.00000000,0
2026-03-10 05:00:00,0.9999,1.0,0.9999,1.0,37296.0,2026-03-10 05:59:59.999,37295.23810000,264,29677.00000000,29677.00000000,0
2026-03-10 06:00:00,1.0,1.0,0.9999,1.0,33149.0,2026-03-10 06:59:59.999,33147.52430000,203,18392.00000000,18392.00000000,0
2026-03-10 07:00:00,1.0,1.0,0.9998,1.0,365428.0,2026-03-10 07:59:59.999,365394.94880000,522,57552.00000000,57549.75740000,0
2026-03-10 08:00:00,1.0,1.0,0.9999,1.0,87714.0,2026-03-10 08:59:59.999,87712.54630000,255,73177.00000000,73177.00000000,0
2026-03-10 09:00:00,1.0,1.0,0.9999,1.0,28721.0,2026-03-10 09:59:59.999,28720.30860000,178,21807.00000000,21807.00000000,0
2026-03-10 10:00:00,1.0,1.0,0.9999,1.0,102476.0,2026-03-10 10:59:59.999,102468.32840000,274,25760.00000000,25760.00000000,0
2026-03-10 11:00:00,1.0,1.0,0.9999,0.9999,424123.0,2026-03-10 11:59:59.999,424120.31680000,421,399291.00000000,399290.80000000,0
2026-03-10 12:00:00,1.0,1.0,0.9998,1.0,912821.0,2026-03-10 12:59:59.999,912750.32670000,249,618397.00000000,618368.47840000,0
2026-03-10 13:00:00,1.0,1.0,0.9998,0.9999,268720.0,2026-03-10 13:59:59.999,268696.49450000,229,259218.00000000,259195.84100000,0
2026-03-10 14:00:00,1.0,1.0,0.9998,1.0,498768.0,2026-03-10 14:59:59.999,498723.20850000,232,277574.00000000,277551.32950000,0
2026-03-10 15:00:00,1.0,1.0,0.9997,0.9997,951620.0,2026-03-10 15:59:59.999,951501.06720000,388,648103.00000000,648038.59400000,0
2026-03-10 16:00:00,0.9997,0.9999,0.9997,0.9999,829294.0,2026-03-10 16:59:59.999,829129.63050000,321,776590.00000000,776436.77270000,0
2026-03-10 17:00:00,0.9999,0.9999,0.9997,0.9999,931125.0,2026-03-10 17:59:59.999,930938.92610000,209,222852.00000000,222807.64260000,0
2026-03-10 18:00:00,0.9999,0.9999,0.9997,0.9999,874623.0,2026-03-10 18:59:59.999,874447.47930000,165,848104.00000000,847934.85930000,0
2026-03-10 19:00:00,0.9999,1.0,0.9998,0.9999,228908.0,2026-03-10 19:59:59.999,228885.66400000,128,222128.00000000,222106.44200000,0
2026-03-10 20:00:00,0.9999,1.0,0.9998,0.9999,503279.0,2026-03-10 20:59:59.999,503228.85530000,90,223796.00000000,223774.06040000,0
2026-03-10 21:00:00,1.0,1.0,0.9999,1.0,13467.0,2026-03-10 21:59:59.999,13466.35460000,95,7013.00000000,7013.00000000,0
2026-03-10 22:00:00,1.0,1.0,0.9999,0.9999,22943.0,2026-03-10 22:59:59.999,22941.66520000,117,9595.00000000,9595.00000000,0
2026-03-10 23:00:00,1.0,1.0,0.9999,0.9999,58675.0,2026-03-10 23:59:59.999,58671.45490000,363,23224.00000000,23224.00000000,0
2026-03-11 00:00:00,1.0,1.0,0.9999,0.9999,26083.0,2026-03-11 00:59:59.999,26081.88610000,237,14944.00000000,14944.00000000,0
2026-03-11 01:00:00,0.9999,1.0,0.9998,0.9998,29940.0,2026-03-11 01:59:59.999,29935.69180000,160,14646.00000000,14644.53640000,0
2026-03-11 02:00:00,0.9999,1.0,0.9998,0.9999,354814.0,2026-03-11 02:59:59.999,354792.01860000,60,351413.00000000,351391.36110000,0
2026-03-11 03:00:00,1.0,1.0,0.9999,1.0,45353.0,2026-03-11 03:59:59.999,45350.59860000,161,21339.00000000,21339.00000000,0
2026-03-11 04:00:00,1.0,1.0,0.9999,0.9999,36775.0,2026-03-11 04:59:59.999,36773.53880000,287,22163.00000000,22163.00000000,0
2026-03-11 05:00:00,0.9999,1.0001,0.9999,1.0,130376.0,2026-03-11 05:59:59.999,130375.07210000,267,119008.00000000,119008.02510000,0
2026-03-11 06:00:00,1.0001,1.0001,1.0,1.0001,126086.0,2026-03-11 06:59:59.999,126087.47760000,139,14776.00000000,14777.47760000,0
2026-03-11 07:00:00,1.0,1.0001,1.0,1.0,5392110.0,2026-03-11 07:59:59.999,5392646.86160000,139,3810665.00000000,3811046.06650000,0
2026-03-11 08:00:00,1.0,1.0001,0.9999,1.0,141896.0,2026-03-11 08:59:59.999,141892.39930000,320,27401.00000000,27403.41470000,0
2026-03-11 09:00:00,1.0,1.0,0.9999,0.9999,39203.0,2026-03-11 09:59:59.999,39201.10170000,72,20220.00000000,20220.00000000,0
2026-03-11 10:00:00,1.0,1.0001,0.9999,1.0,529199.0,2026-03-11 10:59:59.999,529199.83000000,132,359412.00000000,359413.11210000,0
2026-03-11 11:00:00,1.0,1.0,0.9998,1.0,147821.0,2026-03-11 11:59:59.999,147808.82570000,201,68515.00000000,68514.91670000,0
2026-03-11 12:00:00,0.9999,1.0001,0.9999,0.9999,688980.0,2026-03-11 12:59:59.999,688976.08410000,1066,649192.00000000,649192.06290000,0
2026-03-11 13:00:00,1.0,1.0,0.9998,0.9999,487176.0,2026-03-11 13:59:59.999,487159.25070000,946,365698.00000000,365695.92030000,0
2026-03-11 14:00:00,1.0,1.0,0.9998,1.0,202239.0,2026-03-11 14:59:59.999,202236.83430000,406,186164.00000000,186163.44700000,0
2026-03-11 15:00:00,1.0,1.0,0.9997,0.9999,557845.0,2026-03-11 15:59:59.999,557817.20180000,1020,476676.00000000,476658.09060000,0
2026-03-11 16:00:00,0.9999,0.9999,0.9997,0.9999,543108.0,2026-03-11 16:59:59.999,543050.52360000,979,511592.00000000,511540.84080000,0
2026-03-11 17:00:00,0.9999,0.9999,0.9997,0.9998,787098.0,2026-03-11 17:59:59.999,786979.99010000,605,725977.00000000,725871.21860000,0
2026-03-11 18:00:00,0.9999,0.9999,0.9998,0.9999,240930.0,2026-03-11 18:59:59.999,240883.12440000,192,213145.00000000,213103.68140000,0
2026-03-11 19:00:00,0.9999,0.9999,0.9998,0.9998,14144.0,2026-03-11 19:59:59.999,14142.12240000,96,9512.00000000,9511.04880000,0
2026-03-11 20:00:00,0.9999,1.0,0.9998,1.0,622775.0,2026-03-11 20:59:59.999,622711.76150000,89,612972.00000000,612910.72210000,0
2026-03-11 21:00:00,1.0,1.0,0.9999,0.9999,10582.0,2026-03-11 21:59:59.999,10581.01210000,19,703.00000000,703.00000000,0
