timestamp,open,high,low,close,volume,close_time,quote_asset_volume,number_of_trades,taker_buy_base_volume,taker_buy_quote_volume,ignore
2025-09-17 08:00:00,0.07558,0.095,0.07222,0.07382,204540523.0,2025-09-17 08:59:59.999,15920014.66589000,84547,109051784.00000000,8539932.46731000,0
2025-09-17 09:00:00,0.07386,0.07653,0.07306,0.07553,38223300.0,2025-09-17 09:59:59.999,2866598.66283000,19578,18904370.00000000,1418280.93307000,0
2025-09-17 10:00:00,0.07553,0.07633,0.0734,0.07387,25755653.0,2025-09-17 10:59:59.999,1923876.48343000,15658,12606749.00000000,942542.24485000,0
2025-09-17 11:00:00,0.07389,0.07422,0.07355,0.07396,16939446.0,2025-09-17 11:59:59.999,1253900.02411000,8961,6889615.00000000,510137.61057000,0
2025-09-17 12:00:00,0.07397,0.07435,0.07291,0.07423,18875671.0,2025-09-17 12:59:59.999,1391949.72180000,6967,9520378.00000000,703252.45153000,0
2025-09-17 13:00:00,0.07424,0.07665,0.074,0.07653,17194089.0,2025-09-17 13:59:59.999,1292476.13960000,11407,9012800.00000000,677710.93661000,0
2025-09-17 14:00:00,0.0765,0.07679,0.07482,0.07648,14668963.0,2025-09-17 14:59:59.999,1117643.15566000,10228,6990450.00000000,533236.54561000,0
2025-09-17 15:00:00,0.07648,0.07763,0.07635,0.07716,17805146.0,2025-09-17 15:59:59.999,1374110.11942000,9874,10512695.00000000,811646.24356000,0
2025-09-17 16:00:00,0.07715,0.07758,0.07467,0.07756,23987600.0,2025-09-17 16:59:59.999,1837930.86160000,11374,12166852.00000000,934194.99572000,0
2025-09-17 17:00:00,0.07756,0.0801,0.07739,0.07968,37460363.0,2025-09-17 17:59:59.999,2970903.76415000,18752,23257041.00000000,1845067.06273000,0
2025-09-17 18:00:00,0.07957,0.08021,0.07741,0.07819,30356831.0,2025-09-17 18:59:59.999,2389499.66704000,14768,14031552.00000000,1104712.98681000,0
2025-09-17 19:00:00,0.07814,0.07967,0.0781,0.07947,17106993.0,2025-09-17 19:59:59.999,1351790.96022000,8435,8016357.00000000,632857.60771000,0
2025-09-17 20:00:00,0.07949,0.07961,0.07702,0.07768,8061620.0,2025-09-17 20:59:59.999,632895.13004000,4334,3311955.00000000,260383.69041000,0
2025-09-17 21:00:00,0.07767,0.07769,0.07655,0.07698,6230009.0,2025-09-17 21:59:59.999,479871.46652000,3841,2747775.00000000,211652.83151000,0
2025-09-17 22:00:00,0.07699,0.07815,0.07692,0.07803,4295111.0,2025-09-17 22:59:59.999,332961.15833000,3084,1796650.00000000,139388.22747000,0
2025-09-17 23:00:00,0.07802,0.0784,0.07665,0.07688,4577405.0,2025-09-17 23:59:59.999,353699.52505000,3311,2387817.00000000,184540.01058000,0
2025-09-18 00:00:00,0.07686,0.07745,0.07673,0.07706,10563799.0,2025-09-18 00:59:59.999,815636.41223000,2890,7450609.00000000,575802.05542000,0
2025-09-18 01:00:00,0.07704,0.07728,0.07598,0.07646,6320768.0,2025-09-18 01:59:59.999,483612.00436000,3627,2893863.00000000,221582.79303000,0
2025-09-18 02:00:00,0.07646,0.07649,0.07529,0.07568,9796439.0,2025-09-18 02:59:59.999,742592.23497000,5006,5668045.00000000,429818.51285000,0
2025-09-18 03:00:00,0.07567,0.07641,0.07542,0.07597,9654784.0,2025-09-18 03:59:59.999,733913.33339000,4309,5171353.00000000,393075.05597000,0
2025-09-18 04:00:00,0.07598,0.07639,0.07585,0.07592,4177670.0,2025-09-18 04:59:59.999,317917.03421000,3217,2058407.00000000,156674.02060000,0
2025-09-18 05:00:00,0.0759,0.0761,0.07532,0.07609,4934545.0,2025-09-18 05:59:59.999,373342.24086000,3446,2086673.00000000,157901.23545000,0
2025-09-18 06:00:00,0.07608,0.07624,0.07504,0.07528,7280691.0,2025-09-18 06:59:59.999,550522.85472000,3103,2929002.00000000,221030.44796000,0
2025-09-18 07:00:00,0.07529,0.07556,0.07373,0.07515,9472635.0,2025-09-18 07:59:59.999,708331.95435000,3979,4595436.00000000,344493.09985000,0
2025-09-18 08:00:00,0.07515,0.0762,0.07506,0.07588,5397855.0,2025-09-18 08:59:59.999,407621.41886000,3230,2850406.00000000,215311.26825000,0
2025-09-18 09:00:00,0.07589,0.07732,0.07587,0.07627,24578083.0,2025-09-18 09:59:59.999,1882295.18405000,17637,14343438.00000000,1099096.26254000,0
2025-09-18 10:00:00,0.07626,0.07679,0.07564,0.07581,28147510.0,2025-09-18 10:59:59.999,2146342.15317000,29161,12105488.00000000,923426.83838000,0
2025-09-18 11:00:00,0.07582,0.07744,0.07572,0.07716,17684335.0,2025-09-18 11:59:59.999,1357096.85987000,12222,6903041.00000000,529549.46735000,0
2025-09-18 12:00:00,0.07716,0.0775,0.07581,0.0764,11764176.0,2025-09-18 12:59:59.999,900731.87900000,8352,5009011.00000000,383957.69336000,0
2025-09-18 13:00:00,0.07639,0.07673,0.07592,0.07628,5767374.0,2025-09-18 13:59:59.999,440191.57321000,5282,2622731.00000000,200247.18443000,0
2025-09-18 14:00:00,0.07627,0.07698,0.0762,0.07636,5624937.0,2025-09-18 14:59:59.999,430559.15624000,4322,2172992.00000000,166360.82378000,0
2025-09-18 15:00:00,0.07635,0.07686,0.07593,0.07617,4593031.0,2025-09-18 15:59:59.999,350466.09933000,2847,1716322.00000000,130948.50861000,0
2025-09-18 16:00:00,0.07616,0.07707,0.0761,0.07656,4221110.0,2025-09-18 16:59:59.999,323312.64446000,4100,1742462.00000000,133482.26902000,0
2025-09-18 17:00:00,0.07658,0.07779,0.07658,0.07747,4663969.0,2025-09-18 17:59:59.999,360945.53787000,3344,2108261.00000000,163045.52681000,0
2025-09-18 18:00:00,0.07749,0.07839,0.07746,0.07778,4694329.0,2025-09-18 18:59:59.999,365574.23156000,4082,1678134.00000000,130681.32587000,0
2025-09-18 19:00:00,0.07779,0.07805,0.0774,0.07754,2764974.0,2025-09-18 19:59:59.999,214987.30215000,3136,1109413.00000000,86292.76048000,0
2025-09-18 20:00:00,0.07753,0.07795,0.07705,0.07795,4689384.0,2025-09-18 20:59:59.999,363288.04730000,3559,1147847.00000000,88921.96200000,0
2025-09-18 21:00:00,0.07793,0.07819,0.07708,0.07746,6133681.0,2025-09-18 21:59:59.999,476483.31023000,4611,1536596.00000000,119399.67207000,0
2025-09-18 22:00:00,0.07747,0.07784,0.07716,0.07782,2949968.0,2025-09-18 22:59:59.999,228470.26712000,4272,947916.00000000,73443.54542000,0
2025-09-18 23:00:00,0.07781,0.0781,0.07733,0.07753,4254427.0,2025-09-18 23:59:59.999,330402.49527000,3397,1712243.00000000,133187.35869000,0
2025-09-19 00:00:00,0.07753,0.07795,0.07734,0.0774,2840551.0,2025-09-19 00:59:59.999,220188.51192000,3045,1239841.00000000,96057.42526000,0
2025-09-19 01:00:00,0.0774,0.07748,0.07637,0.07652,4787355.0,2025-09-19 01:59:59.999,368261.88352000,3970,1775299.00000000,136637.11904000,0
2025-09-19 02:00:00,0.07651,0.07709,0.07614,0.07677,4608142.0,2025-09-19 02:59:59.999,353524.99120000,3354,3071680.00000000,235813.93455000,0
2025-09-19 03:00:00,0.07676,0.07708,0.07566,0.07583,2861185.0,2025-09-19 03:59:59.999,218492.84381000,2332,1291175.00000000,98820.25916000,0
2025-09-19 04:00:00,0.07582,0.07591,0.07497,0.07551,4329762.0,2025-09-19 04:59:59.999,326062.65870000,3658,1423176.00000000,107241.15144000,0
2025-09-19 05:00:00,0.07552,0.07587,0.07487,0.07525,5234373.0,2025-09-19 05:59:59.999,394553.05420000,4136,2017051.00000000,152015.28211000,0
2025-09-19 06:00:00,0.07524,0.07536,0.07458,0.0746,2484904.0,2025-09-19 06:59:59.999,186547.26873000,2446,1234230.00000000,92725.14024000,0
2025-09-19 07:00:00,0.07461,0.07593,0.07456,0.07514,7003631.0,2025-09-19 07:59:59.999,528116.24363000,3933,4366873.00000000,329320.59383000,0
2025-09-19 08:00:00,0.07514,0.07558,0.07482,0.07496,2150704.0,2025-09-19 08:59:59.999,161795.43019000,1959,1172897.00000000,88243.40645000,0
2025-09-19 09:00:00,0.07497,0.07523,0.07418,0.07428,3712023.0,2025-09-19 09:59:59.999,277224.27068000,4027,1594707.00000000,119135.13133000,0
2025-09-19 10:00:00,0.07429,0.0751,0.07426,0.07474,4925463.0,2025-09-19 10:59:59.999,367954.61037000,3490,2732291.00000000,204123.88255000,0
2025-09-19 11:00:00,0.07474,0.07481,0.07403,0.07428,3037828.0,2025-09-19 11:59:59.999,225773.51128000,3258,1520160.00000000,112994.39132000,0
2025-09-19 12:00:00,0.07428,0.07486,0.07428,0.07485,3075720.0,2025-09-19 12:59:59.999,229393.33183000,3030,1557268.00000000,116156.59421000,0
2025-09-19 13:00:00,0.07484,0.07517,0.07419,0.07484,2650250.0,2025-09-19 13:59:59.999,197829.85586000,3231,1231787.00000000,91957.69633000,0
2025-09-19 14:00:00,0.07484,0.07542,0.07434,0.07446,3569695.0,2025-09-19 14:59:59.999,267588.93759000,5022,1650274.00000000,123761.91913000,0
2025-09-19 15:00:00,0.07444,0.07448,0.07311,0.0736,10097717.0,2025-09-19 15:59:59.999,742841.69074000,7262,5102937.00000000,375602.40120000,0
2025-09-19 16:00:00,0.07361,0.07444,0.07361,0.0742,2449941.0,2025-09-19 16:59:59.999,181665.95968000,3219,1346083.00000000,99798.10111000,0
2025-09-19 17:00:00,0.0742,0.07433,0.07334,0.07334,4279227.0,2025-09-19 17:59:59.999,315797.16929000,4518,2242058.00000000,165468.45814000,0
2025-09-19 18:00:00,0.07336,0.07388,0.07256,0.0726,5901877.0,2025-09-19 18:59:59.999,430829.17329000,5681,2764517.00000000,201962.16327000,0
2025-09-19 19:00:00,0.07259,0.07292,0.07227,0.07241,4570679.0,2025-09-19 19:59:59.999,332126.92022000,3892,2720505.00000000,197795.53108000,0
2025-09-19 20:00:00,0.07241,0.0728,0.0724,0.07261,2878478.0,2025-09-19 20:59:59.999,209159.85856000,3082,1790578.00000000,130132.82243000,0
2025-09-19 21:00:00,0.07262,0.07268,0.07173,0.07191,5426679.0,2025-09-19 21:59:59.999,391271.93467000,3404,1993848.00000000,143737.66180000,0
2025-09-19 22:00:00,0.07191,0.0724,0.07189,0.07204,1576293.0,2025-09-19 22:59:59.999,113713.87858000,1533,623493.00000000,44984.13450000,0
2025-09-19 23:00:00,0.07204,0.07267,0.07176,0.07262,5374966.0,2025-09-19 23:59:59.999,387655.83349000,5464,3416855.00000000,246399.72381000,0
2025-09-20 00:00:00,0.07262,0.0728,0.07199,0.07257,5247804.0,2025-09-20 00:59:59.999,380799.55163000,5141,3160968.00000000,229376.68622000,0
2025-09-20 01:00:00,0.07258,0.07279,0.07237,0.07274,3591317.0,2025-09-20 01:59:59.999,260830.41757000,3926,2095337.00000000,152169.21821000,0
2025-09-20 02:00:00,0.07273,0.07289,0.07202,0.07238,3061355.0,2025-09-20 02:59:59.999,221739.00389000,3924,1824468.00000000,132134.26278000,0
2025-09-20 03:00:00,0.07239,0.07272,0.07192,0.07266,3457026.0,2025-09-20 03:59:59.999,249835.68654000,4402,1848040.00000000,133536.64252000,0
2025-09-20 04:00:00,0.07265,0.07266,0.07196,0.07233,7989301.0,2025-09-20 04:59:59.999,577474.89638000,3426,4904425.00000000,354311.26167000,0
2025-09-20 05:00:00,0.07232,0.07279,0.07219,0.07268,3070167.0,2025-09-20 05:59:59.999,222486.39169000,3521,1650665.00000000,119637.40384000,0
2025-09-20 06:00:00,0.07267,0.07269,0.07033,0.07048,41599526.0,2025-09-20 06:59:59.999,2968439.02750000,19725,10473866.00000000,747787.02711000,0
2025-09-20 07:00:00,0.07048,0.07122,0.06994,0.07101,20154973.0,2025-09-20 07:59:59.999,1424436.57980000,11630,10796715.00000000,763952.05756000,0
2025-09-20 08:00:00,0.071,0.07112,0.07016,0.07044,7714943.0,2025-09-20 08:59:59.999,545749.34692000,8418,3265659.00000000,230891.50791000,0
2025-09-20 09:00:00,0.07042,0.0709,0.06964,0.06994,13027727.0,2025-09-20 09:59:59.999,915726.96967000,6289,3563724.00000000,250638.66781000,0
2025-09-20 10:00:00,0.06993,0.07051,0.06881,0.06978,18282811.0,2025-09-20 10:59:59.999,1273556.78807000,9602,5397280.00000000,376315.25829000,0
2025-09-20 11:00:00,0.06977,0.06998,0.069,0.06931,28852124.0,2025-09-20 11:59:59.999,2002475.82483000,11132,8609434.00000000,597834.14492000,0
2025-09-20 12:00:00,0.06932,0.06999,0.0689,0.06998,10374155.0,2025-09-20 12:59:59.999,719730.31626000,6483,4434749.00000000,308029.19185000,0
2025-09-20 13:00:00,0.06997,0.0702,0.06899,0.06932,18007590.0,2025-09-20 13:59:59.999,1252446.50544000,8173,5239659.00000000,364663.16898000,0
2025-09-20 14:00:00,0.06932,0.06994,0.069,0.06994,10146827.0,2025-09-20 14:59:59.999,702917.61468000,4992,6980671.00000000,483246.73609000,0
2025-09-20 15:00:00,0.0699,0.07036,0.06978,0.07004,4651435.0,2025-09-20 15:59:59.999,326006.44656000,4601,2579351.00000000,180765.51950000,0
2025-09-20 16:00:00,0.07004,0.07096,0.06992,0.07084,6887420.0,2025-09-20 16:59:59.999,485328.90579000,5923,4022203.00000000,283603.17801000,0
2025-09-20 17:00:00,0.07084,0.07095,0.07019,0.07023,4727667.0,2025-09-20 17:59:59.999,333773.25787000,5357,1988430.00000000,140402.54695000,0
2025-09-20 18:00:00,0.07022,0.07042,0.06958,0.06973,3639756.0,2025-09-20 18:59:59.999,254677.31973000,4272,1781880.00000000,124685.73030000,0
2025-09-20 19:00:00,0.06972,0.06995,0.06922,0.06965,4044274.0,2025-09-20 19:59:59.999,281328.92482000,3805,1936524.00000000,134781.13832000,0
2025-09-20 20:00:00,0.06965,0.06989,0.06934,0.06975,3409026.0,2025-09-20 20:59:59.999,237486.36780000,2520,985801.00000000,68715.50895000,0
2025-09-20 21:00:00,0.06976,0.06987,0.06939,0.06953,2381937.0,2025-09-20 21:59:59.999,165822.91227000,2349,1004385.00000000,69922.95214000,0
2025-09-20 22:00:00,0.06953,0.06989,0.0694,0.06975,4869446.0,2025-09-20 22:59:59.999,338949.95222000,3140,1286783.00000000,89609.51196000,0
2025-09-20 23:00:00,0.06976,0.06984,0.0693,0.06941,3097296.0,2025-09-20 23:59:59.999,215297.97833000,2739,1093692.00000000,75984.40334000,0
2025-09-21 00:00:00,0.06941,0.07012,0.069,0.07,5560450.0,2025-09-21 00:59:59.999,386391.70904000,5718,2664939.00000000,185271.74935000,0
2025-09-21 01:00:00,0.07001,0.07021,0.06949,0.06975,5095938.0,2025-09-21 01:59:59.999,355949.68465000,3963,2479793.00000000,173133.93107000,0
2025-09-21 02:00:00,0.06975,0.06995,0.06926,0.06986,3909462.0,2025-09-21 02:59:59.999,272563.39702000,4477,2096731.00000000,146200.95254000,0
2025-09-21 03:00:00,0.06985,0.07084,0.06985,0.07032,7973266.0,2025-09-21 03:59:59.999,561070.75677000,6211,3547703.00000000,249625.54525000,0
2025-09-21 04:00:00,0.07033,0.07061,0.06964,0.06985,5443511.0,2025-09-21 04:59:59.999,380962.17001000,4124,2286743.00000000,160154.71355000,0
2025-09-21 05:00:00,0.06985,0.07081,0.06985,0.07058,6680528.0,2025-09-21 05:59:59.999,470404.72749000,5243,4002290.00000000,281849.07184000,0
2025-09-21 06:00:00,0.07059,0.07115,0.07029,0.07113,6503141.0,2025-09-21 06:59:59.999,460615.74944000,6153,3723242.00000000,263814.97746000,0
2025-09-21 07:00:00,0.07113,0.0721,0.07084,0.07103,10429941.0,2025-09-21 07:59:59.999,746284.15856000,10264,6316634.00000000,452177.73641000,0
2025-09-21 08:00:00,0.07104,0.07146,0.07059,0.07121,7202961.0,2025-09-21 08:59:59.999,511102.34612000,5590,2940167.00000000,208571.25535000,0
2025-09-21 09:00:00,0.0712,0.0713,0.06937,0.07029,12193059.0,2025-09-21 09:59:59.999,852445.08142000,8029,6714787.00000000,468825.41380000,0
2025-09-21 10:00:00,0.07028,0.07075,0.0699,0.07002,3822541.0,2025-09-21 10:59:59.999,268874.46156000,4326,1892782.00000000,133127.91734000,0
2025-09-21 11:00:00,0.07001,0.07044,0.06986,0.07008,2497150.0,2025-09-21 11:59:59.999,174994.65042000,3382,1300408.00000000,91130.50145000,0
2025-09-21 12:00:00,0.07008,0.07075,0.06998,0.07004,3980681.0,2025-09-21 12:59:59.999,279901.46179000,4118,1996796.00000000,140404.44638000,0
2025-09-21 13:00:00,0.07003,0.0704,0.06994,0.0704,2630578.0,2025-09-21 13:59:59.999,184449.55575000,2350,1211845.00000000,84974.43132000,0
2025-09-21 14:00:00,0.07039,0.07063,0.07009,0.07049,3171144.0,2025-09-21 14:59:59.999,223217.29332000,3137,1556815.00000000,109609.19876000,0
2025-09-21 15:00:00,0.07048,0.07059,0.06994,0.07018,3687477.0,2025-09-21 15:59:59.999,258967.65671000,2858,1330188.00000000,93432.93174000,0
2025-09-21 16:00:00,0.07018,0.07055,0.06946,0.06975,4545588.0,2025-09-21 16:59:59.999,317673.26041000,4434,2123385.00000000,148397.76098000,0
2025-09-21 17:00:00,0.06975,0.07006,0.06937,0.06977,5868093.0,2025-09-21 17:59:59.999,408658.08102000,4544,2332848.00000000,162425.02543000,0
2025-09-21 18:00:00,0.06977,0.07037,0.0697,0.07012,2610563.0,2025-09-21 18:59:59.999,182945.70437000,2393,1227579.00000000,86029.70575000,0
2025-09-21 19:00:00,0.07012,0.07018,0.06939,0.06946,2191426.0,2025-09-21 19:59:59.999,152602.13902000,2267,989186.00000000,68897.38467000,0
2025-09-21 20:00:00,0.0695,0.06972,0.06942,0.06963,1520327.0,2025-09-21 20:59:59.999,105776.66076000,1907,695375.00000000,48371.28667000,0
2025-09-21 21:00:00,0.06963,0.06972,0.06921,0.06943,1625901.0,2025-09-21 21:59:59.999,112949.94034000,1528,721274.00000000,50096.63966000,0
2025-09-21 22:00:00,0.06941,0.06985,0.0688,0.06982,3229131.0,2025-09-21 22:59:59.999,223444.58525000,3416,1347939.00000000,93292.82774000,0
2025-09-21 23:00:00,0.06983,0.07,0.06923,0.0695,4565053.0,2025-09-21 23:59:59.999,318171.12610000,3370,1297445.00000000,90347.41164000,0
2025-09-22 00:00:00,0.0695,0.06975,0.06665,0.06723,18495129.0,2025-09-22 00:59:59.999,1252678.47127000,15416,9245021.00000000,625796.54126000,0
2025-09-22 01:00:00,0.06722,0.06872,0.06715,0.06814,4089282.0,2025-09-22 01:59:59.999,277927.86841000,6108,1540886.00000000,104738.84019000,0
2025-09-22 02:00:00,0.06813,0.06847,0.06736,0.06768,13014759.0,2025-09-22 02:59:59.999,882721.52722000,9460,8844343.00000000,599483.41504000,0
2025-09-22 03:00:00,0.06767,0.0677,0.06735,0.06745,9303250.0,2025-09-22 03:59:59.999,628804.28410000,4930,6853913.00000000,463266.64396000,0
2025-09-22 04:00:00,0.06746,0.06752,0.06707,0.06714,10088590.0,2025-09-22 04:59:59.999,679403.16057000,5231,7799272.00000000,525296.02307000,0
2025-09-22 05:00:00,0.06713,0.0676,0.06619,0.06619,9586833.0,2025-09-22 05:59:59.999,643186.22122000,4439,4753652.00000000,319229.54610000,0
2025-09-22 06:00:00,0.06618,0.06629,0.06139,0.06541,33494565.0,2025-09-22 06:59:59.999,2174779.43400000,18298,15730956.00000000,1022458.21130000,0
2025-09-22 07:00:00,0.06542,0.06593,0.065,0.06504,6363745.0,2025-09-22 07:59:59.999,415706.83556000,5407,2964184.00000000,193622.23336000,0
2025-09-22 08:00:00,0.06505,0.0656,0.06488,0.0652,7477152.0,2025-09-22 08:59:59.999,488024.52227000,5948,3745461.00000000,244549.21706000,0
2025-09-22 09:00:00,0.0652,0.06552,0.06462,0.06474,8857526.0,2025-09-22 09:59:59.999,576819.53768000,5685,4167897.00000000,271531.97973000,0
2025-09-22 10:00:00,0.06473,0.0651,0.06446,0.06485,12683544.0,2025-09-22 10:59:59.999,821262.97327000,6161,4858001.00000000,314687.68004000,0
2025-09-22 11:00:00,0.06484,0.06519,0.064,0.06509,20283436.0,2025-09-22 11:59:59.999,1309503.46563000,6413,9692365.00000000,625549.01867000,0
2025-09-22 12:00:00,0.0651,0.06725,0.0651,0.06705,14251470.0,2025-09-22 12:59:59.999,945298.52493000,5801,6778420.00000000,449764.00519000,0
2025-09-22 13:00:00,0.06703,0.06928,0.06701,0.06863,17013683.0,2025-09-22 13:59:59.999,1159950.93190000,11038,10022087.00000000,683454.62270000,0
2025-09-22 14:00:00,0.06862,0.06904,0.06747,0.0676,5845263.0,2025-09-22 14:59:59.999,399150.36401000,4809,1764477.00000000,120647.09612000,0
2025-09-22 15:00:00,0.06759,0.06882,0.06743,0.06854,8096680.0,2025-09-22 15:59:59.999,552144.17226000,4896,4012454.00000000,273446.44122000,0
2025-09-22 16:00:00,0.06853,0.0687,0.06786,0.06868,3670043.0,2025-09-22 16:59:59.999,250512.89132000,4032,1498380.00000000,102302.49350000,0
2025-09-22 17:00:00,0.06867,0.06879,0.06745,0.06797,6551078.0,2025-09-22 17:59:59.999,445082.48518000,4417,2070216.00000000,140602.50904000,0
2025-09-22 18:00:00,0.06797,0.06811,0.06734,0.06744,2208803.0,2025-09-22 18:59:59.999,149725.97758000,2796,1157071.00000000,78397.03533000,0
2025-09-22 19:00:00,0.06746,0.06761,0.06654,0.06681,5509718.0,2025-09-22 19:59:59.999,369710.82940000,4305,2138476.00000000,143525.51823000,0
2025-09-22 20:00:00,0.0668,0.0672,0.06662,0.06676,1918565.0,2025-09-22 20:59:59.999,128363.00342000,2272,810601.00000000,54219.40961000,0
2025-09-22 21:00:00,0.06677,0.06729,0.06662,0.06715,1525402.0,2025-09-22 21:59:59.999,102115.16126000,1370,887056.00000000,59346.95502000,0
2025-09-22 22:00:00,0.06716,0.06717,0.06655,0.06659,855056.0,2025-09-22 22:59:59.999,57093.36562000,839,403762.00000000,26949.07998000,0
2025-09-22 23:00:00,0.0666,0.06675,0.06658,0.06665,893073.0,2025-09-22 23:59:59.999,59540.79373000,784,372259.00000000,24820.21312000,0
2025-09-23 00:00:00,0.06665,0.06671,0.0657,0.0657,1474904.0,2025-09-23 00:59:59.999,97691.17217000,1438,792534.00000000,52499.76795000,0
2025-09-23 01:00:00,0.06571,0.06599,0.06532,0.0655,1829340.0,2025-09-23 01:59:59.999,120125.24941000,1646,946647.00000000,62168.53339000,0
2025-09-23 02:00:00,0.0655,0.0658,0.06489,0.06489,1875271.0,2025-09-23 02:59:59.999,122440.17500000,2015,916846.00000000,59857.33576000,0
2025-09-23 03:00:00,0.0649,0.06647,0.06476,0.06603,3771149.0,2025-09-23 03:59:59.999,247848.40268000,4056,1846161.00000000,121398.08557000,0
2025-09-23 04:00:00,0.06603,0.06644,0.06546,0.06546,2112431.0,2025-09-23 04:59:59.999,139208.60910000,2922,1116173.00000000,73508.48278000,0
2025-09-23 05:00:00,0.06545,0.06592,0.06513,0.06565,2488697.0,2025-09-23 05:59:59.999,163045.95859000,2736,1339181.00000000,87750.18124000,0
2025-09-23 06:00:00,0.06565,0.06674,0.06564,0.06642,3801701.0,2025-09-23 06:59:59.999,251647.38467000,3645,2012324.00000000,133201.10275000,0
2025-09-23 07:00:00,0.06641,0.06671,0.0659,0.06606,6226884.0,2025-09-23 07:59:59.999,412399.19455000,3525,3413659.00000000,226116.11981000,0
2025-09-23 08:00:00,0.06605,0.0665,0.06583,0.06646,2080030.0,2025-09-23 08:59:59.999,137635.14703000,2053,1149448.00000000,76050.34311000,0
2025-09-23 09:00:00,0.06647,0.06673,0.06577,0.06607,4223447.0,2025-09-23 09:59:59.999,279744.67011000,3309,2224363.00000000,147387.12779000,0
2025-09-23 10:00:00,0.06607,0.06608,0.06542,0.06589,4747120.0,2025-09-23 10:59:59.999,312466.97195000,2943,1641545.00000000,108116.25869000,0
2025-09-23 11:00:00,0.0659,0.06654,0.06576,0.06632,2157400.0,2025-09-23 11:59:59.999,142828.76037000,2002,1047114.00000000,69298.56711000,0
2025-09-23 12:00:00,0.06632,0.06679,0.06611,0.06659,2747777.0,2025-09-23 12:59:59.999,182786.61272000,2303,1286315.00000000,85579.83967000,0
2025-09-23 13:00:00,0.0666,0.06692,0.06642,0.06674,2389556.0,2025-09-23 13:59:59.999,159344.08885000,2627,854528.00000000,56963.23331000,0
2025-09-23 14:00:00,0.06675,0.06753,0.06662,0.06687,3977083.0,2025-09-23 14:59:59.999,267105.11745000,3405,2021128.00000000,135763.98496000,0
2025-09-23 15:00:00,0.06687,0.06885,0.06645,0.06868,10578364.0,2025-09-23 15:59:59.999,715856.92270000,7393,6165002.00000000,417052.60539000,0
2025-09-23 16:00:00,0.06867,0.06899,0.06806,0.06859,4749697.0,2025-09-23 16:59:59.999,325324.43006000,5923,2612489.00000000,178852.79597000,0
2025-09-23 17:00:00,0.0686,0.06895,0.06836,0.06851,3412913.0,2025-09-23 17:59:59.999,234034.56686000,3690,1209535.00000000,82922.50033000,0
2025-09-23 18:00:00,0.06852,0.06869,0.06816,0.06827,5102748.0,2025-09-23 18:59:59.999,349126.80450000,5872,1995349.00000000,136571.05530000,0
2025-09-23 19:00:00,0.06828,0.06948,0.068,0.06817,4219781.0,2025-09-23 19:59:59.999,290570.51931000,5075,1902181.00000000,130958.98805000,0
2025-09-23 20:00:00,0.06818,0.06887,0.06813,0.06861,2281869.0,2025-09-23 20:59:59.999,156287.63448000,3460,1024246.00000000,70140.20022000,0
2025-09-23 21:00:00,0.06861,0.06901,0.06787,0.06899,3110369.0,2025-09-23 21:59:59.999,213007.27039000,2736,1700318.00000000,116553.30336000,0
2025-09-23 22:00:00,0.06898,0.06905,0.06824,0.0685,1678547.0,2025-09-23 22:59:59.999,115363.92381000,3374,860677.00000000,59143.46412000,0
2025-09-23 23:00:00,0.06852,0.06879,0.06804,0.06807,2363293.0,2025-09-23 23:59:59.999,161811.24299000,3979,1293932.00000000,88574.86556000,0
2025-09-24 00:00:00,0.06807,0.06923,0.06807,0.06901,3566950.0,2025-09-24 00:59:59.999,245532.59700000,5651,1840166.00000000,126707.77124000,0
2025-09-24 01:00:00,0.06901,0.07103,0.06892,0.07098,11120022.0,2025-09-24 01:59:59.999,782425.97546000,10090,7025297.00000000,494302.00523000,0
2025-09-24 02:00:00,0.07097,0.07097,0.06928,0.06975,13700411.0,2025-09-24 02:59:59.999,958425.47309000,9703,5452697.00000000,381507.67619000,0
2025-09-24 03:00:00,0.06974,0.07005,0.06859,0.06885,3176645.0,2025-09-24 03:59:59.999,219357.17384000,4907,1608366.00000000,111073.12882000,0
2025-09-24 04:00:00,0.06884,0.06974,0.06808,0.06885,4065032.0,2025-09-24 04:59:59.999,279874.58455000,6672,2177092.00000000,149913.37013000,0
2025-09-24 05:00:00,0.06884,0.0707,0.06879,0.07022,4193761.0,2025-09-24 05:59:59.999,293375.87493000,5647,1957487.00000000,136976.62460000,0
2025-09-24 06:00:00,0.07022,0.07023,0.06915,0.06924,6983370.0,2025-09-24 06:59:59.999,485921.37437000,5620,2220874.00000000,154704.48382000,0
2025-09-24 07:00:00,0.06923,0.06939,0.0686,0.0687,2165901.0,2025-09-24 07:59:59.999,149267.85512000,3015,1145850.00000000,78974.76978000,0
2025-09-24 08:00:00,0.0687,0.06913,0.06831,0.06872,3509912.0,2025-09-24 08:59:59.999,241077.97672000,3607,1906937.00000000,130997.39632000,0
2025-09-24 09:00:00,0.06872,0.06895,0.06843,0.06872,1357911.0,2025-09-24 09:59:59.999,93310.95379000,2081,643724.00000000,44248.77224000,0
2025-09-24 10:00:00,0.06872,0.06912,0.0686,0.06907,1450918.0,2025-09-24 10:59:59.999,99868.06953000,2058,614874.00000000,42317.04009000,0
2025-09-24 11:00:00,0.06906,0.06965,0.06878,0.06947,2967065.0,2025-09-24 11:59:59.999,205480.89826000,3819,1711818.00000000,118488.77784000,0
2025-09-24 12:00:00,0.06949,0.06986,0.06923,0.0695,2114364.0,2025-09-24 12:59:59.999,146921.99215000,2868,1040296.00000000,72256.24817000,0
2025-09-24 13:00:00,0.0695,0.06982,0.06921,0.06945,1683847.0,2025-09-24 13:59:59.999,117053.84655000,2929,714589.00000000,49652.17611000,0
2025-09-24 14:00:00,0.06945,0.07081,0.06945,0.07076,2857404.0,2025-09-24 14:59:59.999,200389.03846000,3512,1292577.00000000,90679.56844000,0
2025-09-24 15:00:00,0.07076,0.0723,0.07052,0.07068,15342547.0,2025-09-24 15:59:59.999,1092520.99304000,11779,8604651.00000000,613432.30387000,0
2025-09-24 16:00:00,0.07068,0.0712,0.07011,0.07079,6705735.0,2025-09-24 16:59:59.999,472988.73239000,6032,2722870.00000000,192084.73472000,0
2025-09-24 17:00:00,0.0708,0.0708,0.06917,0.06938,7739111.0,2025-09-24 17:59:59.999,540268.88329000,6780,2134016.00000000,148930.86817000,0
2025-09-24 18:00:00,0.06938,0.06954,0.0686,0.06863,5603208.0,2025-09-24 18:59:59.999,385904.14524000,4363,3311070.00000000,227882.43033000,0
2025-09-24 19:00:00,0.06862,0.06869,0.06773,0.06808,9904577.0,2025-09-24 19:59:59.999,675085.87722000,6739,6102206.00000000,415834.83437000,0
2025-09-24 20:00:00,0.06808,0.06866,0.06788,0.06831,2180150.0,2025-09-24 20:59:59.999,148632.89780000,2241,1285028.00000000,87593.32074000,0
2025-09-24 21:00:00,0.0683,0.0683,0.0673,0.06734,2354701.0,2025-09-24 21:59:59.999,159618.37278000,1714,1430708.00000000,96976.29055000,0
2025-09-24 22:00:00,0.06732,0.0677,0.06723,0.06728,2313800.0,2025-09-24 22:59:59.999,156040.06312000,2220,1374765.00000000,92681.91272000,0
2025-09-24 23:00:00,0.06728,0.06747,0.06682,0.06686,1969052.0,2025-09-24 23:59:59.999,132221.28327000,1953,1115270.00000000,74864.58756000,0
2025-09-25 00:00:00,0.06687,0.06711,0.06633,0.06665,2585408.0,2025-09-25 00:59:59.999,172500.79561000,2912,1350250.00000000,90092.37393000,0
2025-09-25 01:00:00,0.06665,0.067,0.06559,0.06573,12788899.0,2025-09-25 01:59:59.999,844861.40956000,6673,5218531.00000000,344905.76468000,0
2025-09-25 02:00:00,0.06574,0.06631,0.06541,0.06584,5915217.0,2025-09-25 02:59:59.999,389309.55071000,4832,2575175.00000000,169325.86724000,0
2025-09-25 03:00:00,0.06583,0.06583,0.06515,0.06526,2091888.0,2025-09-25 03:59:59.999,136789.91046000,2641,773303.00000000,50581.00726000,0
2025-09-25 04:00:00,0.06526,0.0657,0.06471,0.06509,5616556.0,2025-09-25 04:59:59.999,365910.01523000,4399,1756555.00000000,114479.81203000,0
2025-09-25 05:00:00,0.06508,0.06595,0.06496,0.06563,3597036.0,2025-09-25 05:59:59.999,235903.58753000,2576,1448517.00000000,94961.96408000,0
2025-09-25 06:00:00,0.06564,0.06589,0.06531,0.06536,2220367.0,2025-09-25 06:59:59.999,145567.10397000,2896,863444.00000000,56585.70055000,0
2025-09-25 07:00:00,0.06537,0.06596,0.06514,0.06526,6154303.0,2025-09-25 07:59:59.999,402262.83815000,3293,2217363.00000000,145013.56812000,0
2025-09-25 08:00:00,0.06528,0.06543,0.06503,0.06513,1643187.0,2025-09-25 08:59:59.999,107240.10395000,1839,899901.00000000,58744.45657000,0
2025-09-25 09:00:00,0.06513,0.06572,0.06488,0.06492,1889886.0,2025-09-25 09:59:59.999,123547.18885000,2303,796151.00000000,52048.74462000,0
2025-09-25 10:00:00,0.06493,0.06568,0.06493,0.06518,1837930.0,2025-09-25 10:59:59.999,120055.26843000,1696,709423.00000000,46288.57060000,0
2025-09-25 11:00:00,0.0652,0.06541,0.065,0.06509,2003478.0,2025-09-25 11:59:59.999,130655.89194000,2115,655919.00000000,42791.79531000,0
2025-09-25 12:00:00,0.06509,0.06564,0.0642,0.06513,5588058.0,2025-09-25 12:59:59.999,363761.95222000,4761,2422301.00000000,157650.38722000,0
2025-09-25 13:00:00,0.06514,0.06552,0.06467,0.06507,6005887.0,2025-09-25 13:59:59.999,390398.98537000,4695,3349653.00000000,217663.78808000,0
2025-09-25 14:00:00,0.06508,0.06737,0.06508,0.06632,7928487.0,2025-09-25 14:59:59.999,525613.76412000,7583,4856909.00000000,321867.57868000,0
2025-09-25 15:00:00,0.06634,0.06655,0.06538,0.06578,3124444.0,2025-09-25 15:59:59.999,206101.05418000,3607,1604534.00000000,105860.31190000,0
2025-09-25 16:00:00,0.06578,0.06591,0.06435,0.06479,8439573.0,2025-09-25 16:59:59.999,547264.20122000,5245,4003721.00000000,259548.11260000,0
2025-09-25 17:00:00,0.06479,0.06555,0.06375,0.06418,19797242.0,2025-09-25 17:59:59.999,1279000.72919000,12991,9157784.00000000,591612.27558000,0
2025-09-25 18:00:00,0.06417,0.06646,0.06395,0.06633,9077460.0,2025-09-25 18:59:59.999,589617.19706000,6125,4873473.00000000,317067.02340000,0
2025-09-25 19:00:00,0.06632,0.06656,0.06554,0.0656,5611887.0,2025-09-25 19:59:59.999,371296.62009000,4088,3152384.00000000,208505.22059000,0
2025-09-25 20:00:00,0.06561,0.06573,0.06459,0.06462,1806536.0,2025-09-25 20:59:59.999,117587.40301000,2454,630989.00000000,41120.65682000,0
2025-09-25 21:00:00,0.06461,0.06495,0.06379,0.06465,3375265.0,2025-09-25 21:59:59.999,216686.57558000,2040,731665.00000000,47133.38467000,0
2025-09-25 22:00:00,0.06466,0.06546,0.06445,0.06519,2426767.0,2025-09-25 22:59:59.999,157601.50146000,2395,1077507.00000000,69913.49993000,0
2025-09-25 23:00:00,0.06518,0.06537,0.06455,0.06499,3615273.0,2025-09-25 23:59:59.999,234278.05860000,2428,1346749.00000000,87284.69348000,0
2025-09-26 00:00:00,0.065,0.06571,0.06466,0.06554,2474506.0,2025-09-26 00:59:59.999,161465.17231000,3119,1280235.00000000,83555.71024000,0
2025-09-26 01:00:00,0.06556,0.06599,0.0651,0.06521,3206394.0,2025-09-26 01:59:59.999,210323.47969000,3391,1994967.00000000,130916.25225000,0
2025-09-26 02:00:00,0.0652,0.06547,0.06487,0.06517,1982628.0,2025-09-26 02:59:59.999,129246.42617000,2226,1053836.00000000,68717.62529000,0
2025-09-26 03:00:00,0.06516,0.06542,0.06493,0.06523,3688214.0,2025-09-26 03:59:59.999,240119.86445000,5318,1256871.00000000,81837.40436000,0
2025-09-26 04:00:00,0.06525,0.06581,0.06487,0.06489,1663739.0,2025-09-26 04:59:59.999,108839.44585000,2212,724072.00000000,47342.75172000,0
2025-09-26 05:00:00,0.06488,0.06541,0.0647,0.06483,2605317.0,2025-09-26 05:59:59.999,169228.18870000,2101,774233.00000000,50310.63510000,0
2025-09-26 06:00:00,0.06484,0.06516,0.06443,0.06453,2541156.0,2025-09-26 06:59:59.999,164779.96947000,2580,980564.00000000,63594.74060000,0
2025-09-26 07:00:00,0.06453,0.06513,0.06419,0.06501,2363369.0,2025-09-26 07:59:59.999,152761.92427000,2585,786740.00000000,50865.19351000,0
2025-09-26 08:00:00,0.06501,0.06506,0.06457,0.06477,973031.0,2025-09-26 08:59:59.999,63058.17522000,1362,324046.00000000,20992.55832000,0
2025-09-26 09:00:00,0.06478,0.06512,0.0643,0.06465,2921944.0,2025-09-26 09:59:59.999,189151.75934000,3138,1169723.00000000,75761.14017000,0
2025-09-26 10:00:00,0.06467,0.0647,0.06406,0.06443,2491048.0,2025-09-26 10:59:59.999,160308.89623000,2538,894936.00000000,57545.76120000,0
2025-09-26 11:00:00,0.06442,0.06533,0.0644,0.06509,2256807.0,2025-09-26 11:59:59.999,146478.94342000,1976,832907.00000000,54075.34022000,0
2025-09-26 12:00:00,0.06509,0.06546,0.06387,0.06514,6169858.0,2025-09-26 12:59:59.999,398609.57283000,5550,3241744.00000000,209515.35865000,0
2025-09-26 13:00:00,0.06514,0.06585,0.06466,0.06567,2841324.0,2025-09-26 13:59:59.999,185176.78285000,3622,1310719.00000000,85362.25675000,0
2025-09-26 14:00:00,0.06566,0.06579,0.06508,0.06557,1991227.0,2025-09-26 14:59:59.999,130471.75561000,3286,748023.00000000,49024.78402000,0
2025-09-26 15:00:00,0.06555,0.06659,0.06552,0.06632,2412512.0,2025-09-26 15:59:59.999,159714.23812000,3163,1161074.00000000,76823.57082000,0
2025-09-26 16:00:00,0.06631,0.06679,0.06619,0.06664,2818823.0,2025-09-26 16:59:59.999,187541.58820000,3489,1216585.00000000,80945.05185000,0
2025-09-26 17:00:00,0.06663,0.0688,0.06649,0.06868,5049507.0,2025-09-26 17:59:59.999,342938.73824000,5546,2335523.00000000,158645.65544000,0
2025-09-26 18:00:00,0.06868,0.06918,0.06842,0.06863,5299282.0,2025-09-26 18:59:59.999,364781.08675000,4668,2259975.00000000,155616.30584000,0
2025-09-26 19:00:00,0.06861,0.06907,0.06823,0.06893,4502478.0,2025-09-26 19:59:59.999,309393.34906000,3686,2741187.00000000,188442.99447000,0
2025-09-26 20:00:00,0.06893,0.06895,0.06746,0.06785,4141162.0,2025-09-26 20:59:59.999,282001.82852000,3228,1115948.00000000,76093.35899000,0
2025-09-26 21:00:00,0.06784,0.06784,0.06748,0.06766,1928367.0,2025-09-26 21:59:59.999,130454.13301000,1978,1039918.00000000,70343.84876000,0
2025-09-26 22:00:00,0.06767,0.06784,0.06716,0.06721,1740009.0,2025-09-26 22:59:59.999,117307.00967000,1576,482162.00000000,32548.12166000,0
2025-09-26 23:00:00,0.0672,0.06755,0.06702,0.06718,1231306.0,2025-09-26 23:59:59.999,82835.20645000,1811,626431.00000000,42146.08323000,0
2025-09-27 00:00:00,0.0672,0.06737,0.06658,0.06683,1222634.0,2025-09-27 00:59:59.999,81850.38571000,1723,672169.00000000,44981.53844000,0
2025-09-27 01:00:00,0.06684,0.06697,0.0661,0.0664,1447186.0,2025-09-27 01:59:59.999,96262.67580000,1626,444107.00000000,29565.10493000,0
2025-09-27 02:00:00,0.06641,0.06732,0.06641,0.06723,2247055.0,2025-09-27 02:59:59.999,150252.25663000,2059,1075271.00000000,71870.02877000,0
2025-09-27 03:00:00,0.06724,0.06742,0.06679,0.06715,929785.0,2025-09-27 03:59:59.999,62464.49175000,1343,396103.00000000,26596.29171000,0
2025-09-27 04:00:00,0.06717,0.06758,0.06706,0.06719,893056.0,2025-09-27 04:59:59.999,60127.22621000,1140,357085.00000000,24054.86292000,0
2025-09-27 05:00:00,0.06719,0.06721,0.06686,0.06709,1016283.0,2025-09-27 05:59:59.999,68146.30565000,1253,278339.00000000,18660.95724000,0
2025-09-27 06:00:00,0.06709,0.06709,0.06616,0.06672,3553325.0,2025-09-27 06:59:59.999,236639.06210000,2330,1155461.00000000,77024.41444000,0
2025-09-27 07:00:00,0.06673,0.06686,0.06609,0.06612,1363827.0,2025-09-27 07:59:59.999,90612.19659000,1636,503274.00000000,33427.75733000,0
2025-09-27 08:00:00,0.06612,0.06612,0.06521,0.06521,3351361.0,2025-09-27 08:59:59.999,220411.72998000,3062,1294710.00000000,85213.54031000,0
2025-09-27 09:00:00,0.06525,0.06532,0.06494,0.06513,3459942.0,2025-09-27 09:59:59.999,225159.57130000,2466,911856.00000000,59348.39837000,0
2025-09-27 10:00:00,0.06513,0.06537,0.06495,0.06513,2121472.0,2025-09-27 10:59:59.999,138230.31732000,1729,647378.00000000,42185.19962000,0
2025-09-27 11:00:00,0.06512,0.06579,0.06501,0.06545,2446408.0,2025-09-27 11:59:59.999,160181.33955000,2120,1331356.00000000,87210.80778000,0
2025-09-27 12:00:00,0.06545,0.06592,0.06518,0.06584,1160398.0,2025-09-27 12:59:59.999,76091.07425000,1565,580795.00000000,38079.24936000,0
2025-09-27 13:00:00,0.06583,0.06598,0.0653,0.06553,2532504.0,2025-09-27 13:59:59.999,166411.51844000,1793,1441638.00000000,94790.91406000,0
2025-09-27 14:00:00,0.06552,0.06599,0.06544,0.06565,2806491.0,2025-09-27 14:59:59.999,184407.39657000,1965,818401.00000000,53801.74154000,0
2025-09-27 15:00:00,0.06566,0.06619,0.06543,0.06595,2254318.0,2025-09-27 15:59:59.999,148462.15090000,2246,1346745.00000000,88775.45437000,0
2025-09-27 16:00:00,0.06596,0.066,0.06525,0.0654,764045.0,2025-09-27 16:59:59.999,50076.21908000,1200,384798.00000000,25214.35508000,0
2025-09-27 17:00:00,0.06541,0.0655,0.06491,0.06549,1530124.0,2025-09-27 17:59:59.999,99813.02375000,2202,813088.00000000,53018.16687000,0
2025-09-27 18:00:00,0.06548,0.06548,0.06505,0.06511,854533.0,2025-09-27 18:59:59.999,55747.34895000,1090,367635.00000000,23981.27058000,0
2025-09-27 19:00:00,0.06511,0.06534,0.06496,0.06506,590301.0,2025-09-27 19:59:59.999,38443.79841000,773,341238.00000000,22219.93685000,0
2025-09-27 20:00:00,0.06507,0.06534,0.06493,0.06504,722511.0,2025-09-27 20:59:59.999,47024.04356000,1135,369011.00000000,24029.51984000,0
2025-09-27 21:00:00,0.06505,0.06521,0.06497,0.06509,644851.0,2025-09-27 21:59:59.999,41950.61902000,890,324103.00000000,21089.72528000,0
2025-09-27 22:00:00,0.06509,0.0655,0.06486,0.06492,1026889.0,2025-09-27 22:59:59.999,66977.27332000,1345,595967.00000000,38900.40045000,0
2025-09-27 23:00:00,0.06494,0.06512,0.06455,0.06458,1810137.0,2025-09-27 23:59:59.999,117238.33700000,2150,1071790.00000000,69422.53247000,0
2025-09-28 00:00:00,0.06458,0.06483,0.06437,0.06453,1694119.0,2025-09-28 00:59:59.999,109348.49750000,1813,918699.00000000,59257.01892000,0
2025-09-28 01:00:00,0.06454,0.06489,0.06444,0.06463,1787619.0,2025-09-28 01:59:59.999,115589.31996000,1933,755562.00000000,48843.72704000,0
2025-09-28 02:00:00,0.06463,0.06477,0.0643,0.06437,1231240.0,2025-09-28 02:59:59.999,79401.05952000,1251,507359.00000000,32734.35581000,0
2025-09-28 03:00:00,0.06437,0.06443,0.06413,0.06423,535793.0,2025-09-28 03:59:59.999,34468.05211000,602,148874.00000000,9573.20484000,0
2025-09-28 04:00:00,0.06421,0.06436,0.0641,0.0642,1622220.0,2025-09-28 04:59:59.999,104097.03149000,1168,930302.00000000,59684.48342000,0
2025-09-28 05:00:00,0.0642,0.06452,0.06396,0.06451,2628522.0,2025-09-28 05:59:59.999,168751.18835000,1715,1431738.00000000,91930.88431000,0
2025-09-28 06:00:00,0.06451,0.06509,0.0644,0.06499,870196.0,2025-09-28 06:59:59.999,56279.00637000,1078,379788.00000000,24571.19749000,0
2025-09-28 07:00:00,0.06498,0.06546,0.06493,0.06535,1031899.0,2025-09-28 07:59:59.999,67300.31201000,1626,404519.00000000,26378.96581000,0
2025-09-28 08:00:00,0.06535,0.06544,0.06474,0.06517,1375720.0,2025-09-28 08:59:59.999,89468.76681000,1725,537540.00000000,34942.75082000,0
2025-09-28 09:00:00,0.06516,0.06615,0.06443,0.06515,9325823.0,2025-09-28 09:59:59.999,609724.41137000,3942,4315363.00000000,283548.71118000,0
2025-09-28 10:00:00,0.06514,0.06563,0.06514,0.06556,1322350.0,2025-09-28 10:59:59.999,86483.00205000,1328,490988.00000000,32098.93762000,0
2025-09-28 11:00:00,0.06556,0.06612,0.06528,0.06611,2392592.0,2025-09-28 11:59:59.999,156971.96133000,2439,1195401.00000000,78434.18144000,0
2025-09-28 12:00:00,0.0661,0.06628,0.06558,0.06624,1733761.0,2025-09-28 12:59:59.999,114272.20781000,2192,650638.00000000,42898.35040000,0
2025-09-28 13:00:00,0.06624,0.06818,0.06614,0.06729,9391472.0,2025-09-28 13:59:59.999,633208.19485000,8837,4454940.00000000,300319.00902000,0
2025-09-28 14:00:00,0.06729,0.0674,0.06653,0.06718,4079327.0,2025-09-28 14:59:59.999,272849.22639000,4102,1777787.00000000,118912.19151000,0
2025-09-28 15:00:00,0.06719,0.06787,0.06685,0.06778,2322757.0,2025-09-28 15:59:59.999,156335.44866000,2277,819100.00000000,55078.70503000,0
2025-09-28 16:00:00,0.06777,0.06784,0.06711,0.06735,1891366.0,2025-09-28 16:59:59.999,127612.08218000,2646,635172.00000000,42854.88396000,0
2025-09-28 17:00:00,0.06735,0.06804,0.06711,0.06787,4477744.0,2025-09-28 17:59:59.999,302479.81728000,3774,2341500.00000000,158196.22762000,0
2025-09-28 18:00:00,0.06788,0.06857,0.06734,0.06848,1924860.0,2025-09-28 18:59:59.999,130970.84035000,2932,991502.00000000,67516.68392000,0
2025-09-28 19:00:00,0.06847,0.06909,0.06812,0.06851,3360635.0,2025-09-28 19:59:59.999,230583.93336000,4852,1715158.00000000,117705.19813000,0
2025-09-28 20:00:00,0.06849,0.06892,0.06808,0.06854,2195964.0,2025-09-28 20:59:59.999,150414.72349000,3215,852485.00000000,58391.49832000,0
2025-09-28 21:00:00,0.06854,0.06864,0.06781,0.06807,2298394.0,2025-09-28 21:59:59.999,156532.40093000,1680,1051390.00000000,71541.57273000,0
2025-09-28 22:00:00,0.06806,0.06899,0.06806,0.06875,1464028.0,2025-09-28 22:59:59.999,100528.28346000,2311,708319.00000000,48632.20953000,0
2025-09-28 23:00:00,0.06876,0.06899,0.06852,0.06861,725134.0,2025-09-28 23:59:59.999,49826.93615000,1336,383389.00000000,26339.49187000,0
2025-09-29 00:00:00,0.06862,0.06876,0.06798,0.06798,1080244.0,2025-09-29 00:59:59.999,73732.54284000,1628,508169.00000000,34694.13404000,0
2025-09-29 01:00:00,0.068,0.06809,0.06718,0.06734,1875909.0,2025-09-29 01:59:59.999,127095.60927000,2214,821344.00000000,55654.46660000,0
2025-09-29 02:00:00,0.06735,0.0677,0.06725,0.06764,627906.0,2025-09-29 02:59:59.999,42371.81805000,1160,295822.00000000,19961.14760000,0
2025-09-29 03:00:00,0.06763,0.06822,0.0676,0.06801,1805641.0,2025-09-29 03:59:59.999,122640.99336000,1674,805036.00000000,54654.86425000,0
2025-09-29 04:00:00,0.06802,0.06814,0.06746,0.0677,1336138.0,2025-09-29 04:59:59.999,90573.86294000,1564,473298.00000000,32085.12338000,0
2025-09-29 05:00:00,0.0677,0.0677,0.06692,0.06726,991418.0,2025-09-29 05:59:59.999,66612.90426000,1109,461240.00000000,30988.43428000,0
2025-09-29 06:00:00,0.06725,0.06728,0.0667,0.06692,2165064.0,2025-09-29 06:59:59.999,145200.62448000,2148,1249867.00000000,83844.04188000,0
2025-09-29 07:00:00,0.06691,0.068,0.06675,0.06776,2752836.0,2025-09-29 07:59:59.999,185868.73913000,2788,1019245.00000000,68773.85721000,0
2025-09-29 08:00:00,0.06776,0.06825,0.0675,0.06774,1903087.0,2025-09-29 08:59:59.999,129188.09183000,1791,689494.00000000,46829.49527000,0
2025-09-29 09:00:00,0.06774,0.06783,0.06717,0.06736,1474409.0,2025-09-29 09:59:59.999,99595.23496000,1706,534116.00000000,36038.97718000,0
2025-09-29 10:00:00,0.06736,0.06818,0.06729,0.06797,2061561.0,2025-09-29 10:59:59.999,139862.64074000,1866,827864.00000000,56137.19814000,0
2025-09-29 11:00:00,0.06797,0.06849,0.06746,0.06833,3435221.0,2025-09-29 11:59:59.999,233923.97348000,3392,1616266.00000000,110031.55263000,0
2025-09-29 12:00:00,0.06831,0.06887,0.06713,0.06725,4496609.0,2025-09-29 12:59:59.999,306627.07372000,4514,1642805.00000000,111950.44995000,0
2025-09-29 13:00:00,0.06725,0.0681,0.06578,0.068,5826503.0,2025-09-29 13:59:59.999,390608.35486000,7086,2847850.00000000,191167.83806000,0
2025-09-29 14:00:00,0.068,0.06877,0.06776,0.06809,8086524.0,2025-09-29 14:59:59.999,551094.42370000,6919,4395253.00000000,299496.76881000,0
2025-09-29 15:00:00,0.06808,0.06821,0.06673,0.06681,6611387.0,2025-09-29 15:59:59.999,445583.20101000,4623,2844569.00000000,191671.25254000,0
2025-09-29 16:00:00,0.06681,0.06714,0.06656,0.06659,2413030.0,2025-09-29 16:59:59.999,161397.33824000,2299,998027.00000000,66783.98794000,0
2025-09-29 17:00:00,0.06658,0.06708,0.06604,0.06688,3111843.0,2025-09-29 17:59:59.999,207119.09321000,3189,1448389.00000000,96414.55912000,0
2025-09-29 18:00:00,0.06687,0.06687,0.06594,0.06597,4020891.0,2025-09-29 18:59:59.999,266079.68249000,2428,2258475.00000000,149392.05581000,0
2025-09-29 19:00:00,0.06598,0.06606,0.06531,0.06583,4777528.0,2025-09-29 19:59:59.999,313955.34718000,2748,2373245.00000000,155953.70858000,0
2025-09-29 20:00:00,0.06583,0.06665,0.06582,0.06603,4467612.0,2025-09-29 20:59:59.999,295964.26344000,3002,2032808.00000000,134522.72845000,0
2025-09-29 21:00:00,0.06604,0.06654,0.06603,0.06611,922889.0,2025-09-29 21:59:59.999,61173.34295000,890,297293.00000000,19710.59908000,0
2025-09-29 22:00:00,0.0661,0.06611,0.06577,0.0658,922285.0,2025-09-29 22:59:59.999,60816.37851000,1209,335534.00000000,22127.32550000,0
2025-09-29 23:00:00,0.06581,0.06583,0.06534,0.0656,757458.0,2025-09-29 23:59:59.999,49642.43006000,956,336347.00000000,22045.18859000,0
2025-09-30 00:00:00,0.06558,0.06598,0.06544,0.06553,2777276.0,2025-09-30 00:59:59.999,182199.85394000,3580,1317849.00000000,86428.26187000,0
2025-09-30 01:00:00,0.06552,0.06601,0.06528,0.06574,2495893.0,2025-09-30 01:59:59.999,163691.33557000,2236,1158611.00000000,75966.14985000,0
2025-09-30 02:00:00,0.06573,0.06573,0.06538,0.06539,612956.0,2025-09-30 02:59:59.999,40169.63648000,1129,203070.00000000,13305.21865000,0
2025-09-30 03:00:00,0.06538,0.06568,0.06521,0.06526,1810624.0,2025-09-30 03:59:59.999,118385.14896000,1640,273683.00000000,17917.88616000,0
2025-09-30 04:00:00,0.06528,0.06529,0.06469,0.0647,2732522.0,2025-09-30 04:59:59.999,177534.10700000,1641,1196807.00000000,77729.71749000,0
2025-09-30 05:00:00,0.06472,0.06494,0.06422,0.06469,4868020.0,2025-09-30 05:59:59.999,313587.04864000,2562,2403837.00000000,154779.38460000,0
2025-09-30 06:00:00,0.06468,0.06532,0.06453,0.06503,2909533.0,2025-09-30 06:59:59.999,189150.29212000,2405,1410843.00000000,91744.78339000,0
2025-09-30 07:00:00,0.06503,0.06545,0.06483,0.06525,2599001.0,2025-09-30 07:59:59.999,169545.32551000,2869,1226878.00000000,80062.63511000,0
2025-09-30 08:00:00,0.06526,0.06589,0.06517,0.06578,3912950.0,2025-09-30 08:59:59.999,256285.22993000,3971,1147666.00000000,75190.71122000,0
2025-09-30 09:00:00,0.0658,0.06614,0.06509,0.06566,6172778.0,2025-09-30 09:59:59.999,405079.79409000,5075,1955955.00000000,128259.42055000,0
2025-09-30 10:00:00,0.06565,0.06659,0.06555,0.06647,2258755.0,2025-09-30 10:59:59.999,149189.23320000,2146,744680.00000000,49158.14040000,0
2025-09-30 11:00:00,0.06646,0.06751,0.06646,0.06663,3538138.0,2025-09-30 11:59:59.999,236570.63706000,3446,1388040.00000000,92778.69349000,0
2025-09-30 12:00:00,0.06664,0.06692,0.06568,0.06604,8791013.0,2025-09-30 12:59:59.999,581907.75259000,4596,4006237.00000000,264881.89953000,0
2025-09-30 13:00:00,0.06603,0.06642,0.06556,0.06592,2520163.0,2025-09-30 13:59:59.999,166289.95003000,3306,934393.00000000,61655.11571000,0
2025-09-30 14:00:00,0.06592,0.06638,0.06538,0.06626,3542467.0,2025-09-30 14:59:59.999,232939.02962000,3746,1473252.00000000,96838.09317000,0
2025-09-30 15:00:00,0.06626,0.06626,0.06491,0.06531,3903942.0,2025-09-30 15:59:59.999,254730.93861000,4155,1640018.00000000,106896.77825000,0
2025-09-30 16:00:00,0.06532,0.06768,0.06511,0.0672,8473993.0,2025-09-30 16:59:59.999,565131.61813000,7558,3772743.00000000,251148.31080000,0
2025-09-30 17:00:00,0.0672,0.06876,0.06681,0.06784,9682373.0,2025-09-30 17:59:59.999,659807.46725000,7884,6270331.00000000,427725.55672000,0
2025-09-30 18:00:00,0.06783,0.0685,0.0677,0.06811,2648674.0,2025-09-30 18:59:59.999,180488.85381000,3603,1067736.00000000,72736.93288000,0
2025-09-30 19:00:00,0.06813,0.06838,0.06743,0.06791,3401747.0,2025-09-30 19:59:59.999,230647.98569000,3948,1474285.00000000,99964.45147000,0
2025-09-30 20:00:00,0.0679,0.06886,0.06777,0.06835,2855013.0,2025-09-30 20:59:59.999,195199.94246000,3413,1214362.00000000,83021.29297000,0
2025-09-30 21:00:00,0.06836,0.06888,0.06796,0.06803,6836407.0,2025-09-30 21:59:59.999,467675.52304000,4293,2824210.00000000,193243.23450000,0
2025-09-30 22:00:00,0.06802,0.06828,0.06761,0.06773,3440895.0,2025-09-30 22:59:59.999,233737.75987000,3688,1829402.00000000,124234.84361000,0
2025-09-30 23:00:00,0.06773,0.06809,0.06744,0.06799,2161312.0,2025-09-30 23:59:59.999,146414.28963000,2613,1162172.00000000,78727.45791000,0
2025-10-01 00:00:00,0.06799,0.06846,0.0678,0.068,4376504.0,2025-10-01 00:59:59.999,298218.05571000,4505,2214177.00000000,150844.62594000,0
2025-10-01 01:00:00,0.068,0.06853,0.06767,0.06853,2892211.0,2025-10-01 01:59:59.999,196587.01747000,3369,1747880.00000000,118810.56427000,0
2025-10-01 02:00:00,0.06854,0.06887,0.06824,0.0688,1711769.0,2025-10-01 02:59:59.999,117424.75005000,2528,540364.00000000,37061.94803000,0
2025-10-01 03:00:00,0.0688,0.06892,0.06733,0.06739,4119274.0,2025-10-01 03:59:59.999,280515.86767000,4776,1352550.00000000,91996.39930000,0
2025-10-01 04:00:00,0.0674,0.0682,0.06739,0.06743,2294822.0,2025-10-01 04:59:59.999,155764.70711000,3316,996158.00000000,67607.29265000,0
2025-10-01 05:00:00,0.06743,0.06834,0.06743,0.06783,5500999.0,2025-10-01 05:59:59.999,373623.94811000,4624,3671781.00000000,249395.42702000,0
2025-10-01 06:00:00,0.06782,0.0684,0.06718,0.06759,3623889.0,2025-10-01 06:59:59.999,245762.60806000,4659,1682438.00000000,113981.41814000,0
2025-10-01 07:00:00,0.0676,0.06796,0.06735,0.06735,1903702.0,2025-10-01 07:59:59.999,128779.47819000,2995,665720.00000000,45042.81939000,0
2025-10-01 08:00:00,0.06734,0.07011,0.06734,0.07002,6523499.0,2025-10-01 08:59:59.999,449915.49363000,7052,3441597.00000000,237713.31556000,0
2025-10-01 09:00:00,0.07001,0.07034,0.06956,0.07032,4226812.0,2025-10-01 09:59:59.999,295660.58723000,4530,1845727.00000000,129084.35974000,0
2025-10-01 10:00:00,0.07031,0.07039,0.06957,0.07039,6601841.0,2025-10-01 10:59:59.999,462039.17361000,4607,3106639.00000000,217241.59988000,0
2025-10-01 11:00:00,0.07038,0.072,0.07011,0.07151,12679614.0,2025-10-01 11:59:59.999,901642.66571000,7453,7802114.00000000,555824.11547000,0
2025-10-01 12:00:00,0.07153,0.07243,0.07105,0.07181,9431939.0,2025-10-01 12:59:59.999,677650.23561000,8922,5240888.00000000,376575.52215000,0
2025-10-01 13:00:00,0.07184,0.07235,0.07108,0.07204,8085865.0,2025-10-01 13:59:59.999,579649.58898000,7206,4345836.00000000,311808.91806000,0
2025-10-01 14:00:00,0.07203,0.07213,0.07056,0.07143,14636054.0,2025-10-01 14:59:59.999,1046444.97393000,10453,6191583.00000000,443247.86556000,0
2025-10-01 15:00:00,0.07144,0.07235,0.07058,0.07085,23249946.0,2025-10-01 15:59:59.999,1658441.68636000,13014,9495012.00000000,677934.85405000,0
2025-10-01 16:00:00,0.07084,0.07084,0.06902,0.06951,13896283.0,2025-10-01 16:59:59.999,972788.96608000,8862,6215393.00000000,434806.47248000,0
2025-10-01 17:00:00,0.06952,0.07115,0.06949,0.0711,5476510.0,2025-10-01 17:59:59.999,384818.81696000,5979,2721110.00000000,191199.60332000,0
2025-10-01 18:00:00,0.07109,0.07275,0.07091,0.07264,8564601.0,2025-10-01 18:59:59.999,616447.76503000,9288,4712358.00000000,339222.94191000,0
2025-10-01 19:00:00,0.07262,0.07299,0.07228,0.07235,6612197.0,2025-10-01 19:59:59.999,480706.08929000,5778,2976591.00000000,216452.34587000,0
2025-10-01 20:00:00,0.07235,0.07237,0.0709,0.07104,3852719.0,2025-10-01 20:59:59.999,276154.48607000,4349,1666975.00000000,119521.25611000,0
2025-10-01 21:00:00,0.07105,0.0713,0.07095,0.07108,1099756.0,2025-10-01 21:59:59.999,78233.25221000,1492,395666.00000000,28147.02829000,0
2025-10-01 22:00:00,0.07109,0.07128,0.07068,0.07092,1110536.0,2025-10-01 22:59:59.999,78764.41665000,1406,350085.00000000,24829.38715000,0
2025-10-01 23:00:00,0.07091,0.07099,0.07057,0.07077,1173238.0,2025-10-01 23:59:59.999,83050.19923000,2099,579008.00000000,40982.65405000,0
2025-10-02 00:00:00,0.07078,0.07115,0.07047,0.07049,1164627.0,2025-10-02 00:59:59.999,82435.35846000,1928,486213.00000000,34407.64017000,0
2025-10-02 01:00:00,0.0705,0.07114,0.06927,0.07112,10465701.0,2025-10-02 01:59:59.999,734058.61868000,6321,1941195.00000000,136578.94282000,0
2025-10-02 02:00:00,0.07112,0.0718,0.07082,0.07133,5753157.0,2025-10-02 02:59:59.999,410188.10148000,5488,3115848.00000000,222145.90846000,0
2025-10-02 03:00:00,0.07132,0.07132,0.0706,0.07073,1600478.0,2025-10-02 03:59:59.999,113526.56309000,2458,866848.00000000,61476.44731000,0
2025-10-02 04:00:00,0.07075,0.07087,0.07009,0.07036,1880173.0,2025-10-02 04:59:59.999,132412.69793000,2433,742027.00000000,52290.17722000,0
2025-10-02 05:00:00,0.07037,0.0712,0.07029,0.07041,2661540.0,2025-10-02 05:59:59.999,188228.78180000,2632,1225920.00000000,86688.70100000,0
2025-10-02 06:00:00,0.0704,0.07092,0.07031,0.07058,1523679.0,2025-10-02 06:59:59.999,107641.33970000,2080,864715.00000000,61086.04803000,0
2025-10-02 07:00:00,0.07058,0.07094,0.07028,0.07031,1566094.0,2025-10-02 07:59:59.999,110549.45912000,2322,660899.00000000,46670.43949000,0
2025-10-02 08:00:00,0.07031,0.07077,0.06999,0.07018,2245752.0,2025-10-02 08:59:59.999,157863.37403000,2239,751127.00000000,52881.48744000,0
2025-10-02 09:00:00,0.07018,0.07041,0.06974,0.0702,4427093.0,2025-10-02 09:59:59.999,310009.31887000,2655,2364390.00000000,165602.38317000,0
2025-10-02 10:00:00,0.0702,0.07074,0.06998,0.07041,4466495.0,2025-10-02 10:59:59.999,314513.08563000,3806,2855389.00000000,201120.22696000,0
2025-10-02 11:00:00,0.0704,0.07101,0.0702,0.07079,8566679.0,2025-10-02 11:59:59.999,605045.33157000,4642,6286601.00000000,444076.72192000,0
2025-10-02 12:00:00,0.07078,0.07108,0.07038,0.07074,5530180.0,2025-10-02 12:59:59.999,390934.69764000,4915,3089932.00000000,218509.13715000,0
2025-10-02 13:00:00,0.07074,0.0709,0.07006,0.07041,6532989.0,2025-10-02 13:59:59.999,460558.59976000,5933,3738184.00000000,263476.65749000,0
2025-10-02 14:00:00,0.0704,0.07054,0.06991,0.0702,3213513.0,2025-10-02 14:59:59.999,225554.36869000,4068,1766858.00000000,124048.69458000,0
2025-10-02 15:00:00,0.07016,0.07036,0.06952,0.0697,4617692.0,2025-10-02 15:59:59.999,322610.76345000,4649,2199639.00000000,153657.81205000,0
2025-10-02 16:00:00,0.0697,0.06986,0.06905,0.0691,2795930.0,2025-10-02 16:59:59.999,194349.69630000,3547,1831201.00000000,127281.06413000,0
2025-10-02 17:00:00,0.06911,0.06932,0.06905,0.06915,1215804.0,2025-10-02 17:59:59.999,84094.97870000,1679,760774.00000000,52620.78941000,0
2025-10-02 18:00:00,0.06914,0.06976,0.06913,0.06969,3790940.0,2025-10-02 18:59:59.999,263389.24890000,2427,1770994.00000000,122873.10636000,0
2025-10-02 19:00:00,0.06968,0.0705,0.06961,0.07023,6246094.0,2025-10-02 19:59:59.999,438098.53224000,4924,4345169.00000000,304741.43624000,0
2025-10-02 20:00:00,0.07024,0.07048,0.06989,0.07016,2146707.0,2025-10-02 20:59:59.999,150493.19392000,1979,1096792.00000000,76862.22352000,0
2025-10-02 21:00:00,0.07015,0.07072,0.07009,0.07046,1441477.0,2025-10-02 21:59:59.999,101642.78890000,1691,779425.00000000,54954.31521000,0
2025-10-02 22:00:00,0.07045,0.07077,0.07016,0.07065,1806419.0,2025-10-02 22:59:59.999,127254.23255000,2201,699621.00000000,49296.70789000,0
2025-10-02 23:00:00,0.07064,0.07078,0.06995,0.07013,1390990.0,2025-10-02 23:59:59.999,97745.41781000,2252,500274.00000000,35118.92222000,0
2025-10-03 00:00:00,0.07013,0.07025,0.06965,0.07017,1015149.0,2025-10-03 00:59:59.999,71010.00815000,2191,437185.00000000,30576.06442000,0
2025-10-03 01:00:00,0.07016,0.0706,0.06968,0.06982,2401700.0,2025-10-03 01:59:59.999,168456.97496000,4032,1146637.00000000,80411.05844000,0
2025-10-03 02:00:00,0.06981,0.07006,0.06939,0.06974,1822324.0,2025-10-03 02:59:59.999,127051.68072000,2566,868473.00000000,60576.89217000,0
2025-10-03 03:00:00,0.06975,0.07022,0.06953,0.0697,1334779.0,2025-10-03 03:59:59.999,93300.11822000,2123,605092.00000000,42294.68605000,0
2025-10-03 04:00:00,0.06971,0.07019,0.06954,0.06997,1803948.0,2025-10-03 04:59:59.999,126172.40061000,3259,1209463.00000000,84589.71431000,0
2025-10-03 05:00:00,0.06995,0.07,0.06919,0.06941,1741964.0,2025-10-03 05:59:59.999,121034.45974000,2295,985651.00000000,68465.72898000,0
2025-10-03 06:00:00,0.06944,0.06944,0.06821,0.06855,3877162.0,2025-10-03 06:59:59.999,266959.77685000,4177,2326886.00000000,160315.28868000,0
2025-10-03 07:00:00,0.06856,0.0687,0.06828,0.06861,1969152.0,2025-10-03 07:59:59.999,134846.30993000,2295,1382183.00000000,94651.82268000,0
2025-10-03 08:00:00,0.06861,0.06913,0.06835,0.0691,1705326.0,2025-10-03 08:59:59.999,117219.31759000,2150,1163652.00000000,79972.08505000,0
2025-10-03 09:00:00,0.0691,0.06922,0.06883,0.06911,1852216.0,2025-10-03 09:59:59.999,127962.92376000,2052,779754.00000000,53862.63933000,0
2025-10-03 10:00:00,0.0691,0.06936,0.0689,0.06917,1355382.0,2025-10-03 10:59:59.999,93773.64373000,1944,773680.00000000,53531.99608000,0
2025-10-03 11:00:00,0.06916,0.06936,0.06845,0.06858,6511506.0,2025-10-03 11:59:59.999,447506.13534000,3507,2646279.00000000,181677.75011000,0
2025-10-03 12:00:00,0.06859,0.06881,0.06828,0.0683,2031142.0,2025-10-03 12:59:59.999,139150.92968000,2660,1057618.00000000,72441.76883000,0
2025-10-03 13:00:00,0.06829,0.06902,0.06793,0.06859,2516622.0,2025-10-03 13:59:59.999,172346.85671000,4020,1278060.00000000,87589.45506000,0
2025-10-03 14:00:00,0.06857,0.06911,0.06811,0.06903,5386202.0,2025-10-03 14:59:59.999,369412.83609000,5772,3471962.00000000,238182.68307000,0
2025-10-03 15:00:00,0.06903,0.07001,0.06892,0.06998,4166862.0,2025-10-03 15:59:59.999,289369.11196000,5414,1552164.00000000,107850.33713000,0
2025-10-03 16:00:00,0.07,0.07056,0.06982,0.06994,1754082.0,2025-10-03 16:59:59.999,123046.38912000,3091,843656.00000000,59183.38391000,0
2025-10-03 17:00:00,0.06993,0.06993,0.06902,0.06925,2916285.0,2025-10-03 17:59:59.999,202524.08300000,4661,1052279.00000000,73051.67010000,0
2025-10-03 18:00:00,0.06926,0.07001,0.06872,0.06981,1808613.0,2025-10-03 18:59:59.999,125419.43714000,3066,806738.00000000,55920.82777000,0
2025-10-03 19:00:00,0.0698,0.06999,0.06951,0.06954,911003.0,2025-10-03 19:59:59.999,63509.47263000,1941,378652.00000000,26395.10462000,0
2025-10-03 20:00:00,0.06954,0.0698,0.0692,0.0698,1114171.0,2025-10-03 20:59:59.999,77469.00977000,1468,471631.00000000,32802.94615000,0
2025-10-03 21:00:00,0.06981,0.07008,0.06975,0.07,769726.0,2025-10-03 21:59:59.999,53827.94800000,897,293812.00000000,20538.64551000,0
2025-10-03 22:00:00,0.07001,0.07015,0.06932,0.06959,3584234.0,2025-10-03 22:59:59.999,250025.94939000,2392,1165682.00000000,81375.56552000,0
2025-10-03 23:00:00,0.06959,0.06985,0.0693,0.06944,1087372.0,2025-10-03 23:59:59.999,75601.75651000,1433,529971.00000000,36841.00194000,0
2025-10-04 00:00:00,0.06944,0.06983,0.069,0.06924,1436608.0,2025-10-04 00:59:59.999,99693.58234000,2193,595291.00000000,41325.61166000,0
2025-10-04 01:00:00,0.06925,0.06926,0.06856,0.06864,4988513.0,2025-10-04 01:59:59.999,343221.94612000,2745,2680720.00000000,184337.36269000,0
2025-10-04 02:00:00,0.06865,0.06886,0.06834,0.0686,1005231.0,2025-10-04 02:59:59.999,68918.88806000,1557,328031.00000000,22490.24110000,0
2025-10-04 03:00:00,0.06859,0.06883,0.06823,0.06873,1701304.0,2025-10-04 03:59:59.999,116751.21434000,1501,721078.00000000,49497.96023000,0
2025-10-04 04:00:00,0.06872,0.06904,0.06845,0.06875,2491681.0,2025-10-04 04:59:59.999,171309.59402000,1574,1074354.00000000,73815.32996000,0
2025-10-04 05:00:00,0.06876,0.0693,0.06859,0.06883,1456175.0,2025-10-04 05:59:59.999,100330.98518000,1777,574133.00000000,39569.91232000,0
2025-10-04 06:00:00,0.06881,0.06922,0.06873,0.06902,629381.0,2025-10-04 06:59:59.999,43427.46571000,1166,282314.00000000,19481.86142000,0
2025-10-04 07:00:00,0.06901,0.06927,0.06868,0.06892,794117.0,2025-10-04 07:59:59.999,54825.94335000,1201,459592.00000000,31751.70185000,0
2025-10-04 08:00:00,0.06894,0.06905,0.06823,0.0684,1481617.0,2025-10-04 08:59:59.999,101521.58620000,1755,492922.00000000,33785.35164000,0
2025-10-04 09:00:00,0.06839,0.06864,0.0677,0.06779,1364464.0,2025-10-04 09:59:59.999,92982.41652000,1698,404723.00000000,27588.06562000,0
2025-10-04 10:00:00,0.06778,0.06801,0.0674,0.06745,1662941.0,2025-10-04 10:59:59.999,112709.47146000,2249,782140.00000000,53027.19332000,0
2025-10-04 11:00:00,0.06744,0.0679,0.06717,0.06749,2370284.0,2025-10-04 11:59:59.999,160001.50138000,2073,714867.00000000,48265.28935000,0
2025-10-04 12:00:00,0.06749,0.06763,0.0669,0.06705,4439612.0,2025-10-04 12:59:59.999,298396.64322000,1916,3201046.00000000,215128.74202000,0
2025-10-04 13:00:00,0.06704,0.06762,0.06704,0.06739,1985240.0,2025-10-04 13:59:59.999,133682.04660000,1964,1180639.00000000,79449.38984000,0
2025-10-04 14:00:00,0.06739,0.06764,0.06692,0.06693,1345825.0,2025-10-04 14:59:59.999,90541.16080000,1869,509998.00000000,34286.51775000,0
2025-10-04 15:00:00,0.06693,0.06731,0.0666,0.06685,2289845.0,2025-10-04 15:59:59.999,153375.01484000,3261,939288.00000000,62937.33439000,0
2025-10-04 16:00:00,0.06686,0.0672,0.06665,0.06704,1523926.0,2025-10-04 16:59:59.999,102008.24237000,2313,718165.00000000,48066.00291000,0
2025-10-04 17:00:00,0.06705,0.06726,0.0667,0.06685,1122525.0,2025-10-04 17:59:59.999,75217.55210000,1418,536225.00000000,35934.04953000,0
2025-10-04 18:00:00,0.06687,0.06705,0.06659,0.06668,2031001.0,2025-10-04 18:59:59.999,135508.93823000,1750,1084392.00000000,72324.60541000,0
2025-10-04 19:00:00,0.0667,0.06695,0.06656,0.06683,784317.0,2025-10-04 19:59:59.999,52356.79768000,1038,249470.00000000,16657.72327000,0
2025-10-04 20:00:00,0.06683,0.06705,0.06667,0.06667,763629.0,2025-10-04 20:59:59.999,51052.59485000,1375,415634.00000000,27782.18360000,0
2025-10-04 21:00:00,0.06669,0.06683,0.06666,0.0667,766362.0,2025-10-04 21:59:59.999,51156.72766000,894,253355.00000000,16911.47996000,0
2025-10-04 22:00:00,0.0667,0.06739,0.06663,0.06726,968100.0,2025-10-04 22:59:59.999,64867.09748000,1421,378069.00000000,25327.57599000,0
2025-10-04 23:00:00,0.06725,0.06725,0.06697,0.06718,640385.0,2025-10-04 23:59:59.999,42957.33254000,987,220134.00000000,14770.49927000,0
2025-10-05 00:00:00,0.06717,0.06753,0.06687,0.06688,1115361.0,2025-10-05 00:59:59.999,75059.06488000,1488,514447.00000000,34628.81196000,0
2025-10-05 01:00:00,0.06688,0.06751,0.06688,0.06742,791940.0,2025-10-05 01:59:59.999,53256.10304000,1458,348861.00000000,23443.51386000,0
2025-10-05 02:00:00,0.06742,0.06847,0.06732,0.06837,1563072.0,2025-10-05 02:59:59.999,106144.03157000,3034,920941.00000000,62563.69428000,0
2025-10-05 03:00:00,0.0684,0.06866,0.06805,0.06809,1014327.0,2025-10-05 03:59:59.999,69370.06552000,2085,517769.00000000,35408.27478000,0
2025-10-05 04:00:00,0.06809,0.06865,0.06789,0.06854,1357100.0,2025-10-05 04:59:59.999,92568.63470000,2199,744843.00000000,50812.11348000,0
2025-10-05 05:00:00,0.06853,0.06887,0.06822,0.06834,1403001.0,2025-10-05 05:59:59.999,96239.05093000,2277,561502.00000000,38527.08945000,0
2025-10-05 06:00:00,0.06835,0.06863,0.06815,0.06855,1048012.0,2025-10-05 06:59:59.999,71634.34739000,1567,491585.00000000,33605.23105000,0
2025-10-05 07:00:00,0.06853,0.06915,0.06853,0.06902,2514468.0,2025-10-05 07:59:59.999,173104.47526000,2831,1217646.00000000,83843.25496000,0
2025-10-05 08:00:00,0.06905,0.0692,0.06868,0.06919,1309560.0,2025-10-05 08:59:59.999,90257.95954000,1847,653757.00000000,45053.12400000,0
2025-10-05 09:00:00,0.06916,0.0702,0.06912,0.06973,3635697.0,2025-10-05 09:59:59.999,253364.08233000,4596,1301144.00000000,90649.14384000,0
2025-10-05 10:00:00,0.06971,0.06977,0.06905,0.06905,2121919.0,2025-10-05 10:59:59.999,147154.26741000,3022,846121.00000000,58676.12570000,0
2025-10-05 11:00:00,0.06908,0.06934,0.0686,0.06909,3182279.0,2025-10-05 11:59:59.999,219558.26113000,3630,2005468.00000000,138385.68980000,0
2025-10-05 12:00:00,0.06907,0.06909,0.06846,0.06855,1450094.0,2025-10-05 12:59:59.999,99682.76710000,2403,828247.00000000,56941.74982000,0
2025-10-05 13:00:00,0.06857,0.06889,0.06852,0.06865,1012013.0,2025-10-05 13:59:59.999,69510.36252000,1991,541911.00000000,37224.01758000,0
2025-10-05 14:00:00,0.06867,0.06894,0.06823,0.06868,2030150.0,2025-10-05 14:59:59.999,139072.34512000,2329,990927.00000000,67871.65691000,0
2025-10-05 15:00:00,0.06869,0.06951,0.06869,0.06923,2531166.0,2025-10-05 15:59:59.999,175190.68907000,2999,924474.00000000,63938.72367000,0
2025-10-05 16:00:00,0.06923,0.06936,0.06834,0.0687,2668504.0,2025-10-05 16:59:59.999,183745.90618000,3542,978966.00000000,67404.48414000,0
2025-10-05 17:00:00,0.06871,0.06881,0.06797,0.06812,2086206.0,2025-10-05 17:59:59.999,142574.54593000,2543,1001630.00000000,68437.28016000,0
2025-10-05 18:00:00,0.06812,0.06843,0.06781,0.06785,3055375.0,2025-10-05 18:59:59.999,208147.27855000,3567,1110848.00000000,75687.74966000,0
2025-10-05 19:00:00,0.06784,0.06786,0.0671,0.06713,2544647.0,2025-10-05 19:59:59.999,171701.80036000,3124,1090564.00000000,73596.27933000,0
2025-10-05 20:00:00,0.06714,0.06756,0.06708,0.06729,1448448.0,2025-10-05 20:59:59.999,97468.30732000,2464,564153.00000000,37958.06355000,0
2025-10-05 21:00:00,0.06728,0.06755,0.06709,0.06752,1039142.0,2025-10-05 21:59:59.999,69939.88475000,1351,452645.00000000,30459.83926000,0
2025-10-05 22:00:00,0.06753,0.06781,0.06724,0.06756,1538792.0,2025-10-05 22:59:59.999,103844.15536000,2244,603503.00000000,40723.65117000,0
2025-10-05 23:00:00,0.06754,0.06754,0.06704,0.06717,1579468.0,2025-10-05 23:59:59.999,106267.08029000,1996,685003.00000000,46105.12432000,0
2025-10-06 00:00:00,0.06718,0.06803,0.06704,0.06745,3359010.0,2025-10-06 00:59:59.999,226805.19007000,5361,1600893.00000000,108074.23559000,0
2025-10-06 01:00:00,0.06745,0.06831,0.06715,0.06784,1884097.0,2025-10-06 01:59:59.999,127720.45809000,3314,968053.00000000,65595.33089000,0
2025-10-06 02:00:00,0.06783,0.06806,0.06744,0.06788,1650769.0,2025-10-06 02:59:59.999,111857.13462000,3051,745174.00000000,50492.52489000,0
2025-10-06 03:00:00,0.06786,0.068,0.06742,0.06761,1039844.0,2025-10-06 03:59:59.999,70384.16044000,1644,594815.00000000,40239.42269000,0
2025-10-06 04:00:00,0.06759,0.06804,0.06741,0.06789,1637032.0,2025-10-06 04:59:59.999,110847.74026000,2548,1004682.00000000,68021.82840000,0
2025-10-06 05:00:00,0.0679,0.06835,0.06763,0.06819,1654789.0,2025-10-06 05:59:59.999,112450.90595000,2601,721892.00000000,49027.38992000,0
2025-10-06 06:00:00,0.06819,0.06879,0.06814,0.06836,2381651.0,2025-10-06 06:59:59.999,163279.90857000,2564,904297.00000000,61970.28658000,0
2025-10-06 07:00:00,0.06836,0.06854,0.0677,0.06798,2230469.0,2025-10-06 07:59:59.999,151963.71326000,2690,1148535.00000000,78286.95769000,0
2025-10-06 08:00:00,0.06799,0.06826,0.06784,0.06804,1371402.0,2025-10-06 08:59:59.999,93294.39012000,2161,477143.00000000,32457.17460000,0
2025-10-06 09:00:00,0.06803,0.06832,0.06785,0.06797,1485882.0,2025-10-06 09:59:59.999,101095.36408000,2246,675449.00000000,45959.57924000,0
2025-10-06 10:00:00,0.06796,0.06803,0.06762,0.06787,2448988.0,2025-10-06 10:59:59.999,166151.56844000,2560,1099991.00000000,74635.56133000,0
2025-10-06 11:00:00,0.06787,0.06823,0.06771,0.06808,1421746.0,2025-10-06 11:59:59.999,96562.30579000,1983,834419.00000000,56655.20444000,0
2025-10-06 12:00:00,0.0681,0.06823,0.06792,0.06811,2369689.0,2025-10-06 12:59:59.999,161368.20721000,2959,767404.00000000,52257.10319000,0
2025-10-06 13:00:00,0.0681,0.0683,0.06767,0.06829,2189763.0,2025-10-06 13:59:59.999,148790.51678000,2621,740525.00000000,50340.33790000,0
2025-10-06 14:00:00,0.0683,0.06883,0.06811,0.06825,1999693.0,2025-10-06 14:59:59.999,136853.23257000,2476,1074212.00000000,73538.31357000,0
2025-10-06 15:00:00,0.06826,0.06886,0.06826,0.06854,1585440.0,2025-10-06 15:59:59.999,108832.92985000,1842,792126.00000000,54370.68215000,0
2025-10-06 16:00:00,0.06856,0.06866,0.06808,0.06826,1665722.0,2025-10-06 16:59:59.999,113671.03531000,2022,845517.00000000,57704.73629000,0
2025-10-06 17:00:00,0.06826,0.06864,0.06825,0.06852,1192695.0,2025-10-06 17:59:59.999,81663.19709000,1615,665822.00000000,45583.26895000,0
2025-10-06 18:00:00,0.06851,0.06967,0.06848,0.06946,2066705.0,2025-10-06 18:59:59.999,142679.31843000,2135,1064734.00000000,73466.25693000,0
2025-10-06 19:00:00,0.06948,0.06948,0.06884,0.06899,3628590.0,2025-10-06 19:59:59.999,250964.95226000,2730,1031582.00000000,71362.08868000,0
2025-10-06 20:00:00,0.06899,0.06933,0.06898,0.06921,970527.0,2025-10-06 20:59:59.999,67119.16482000,1192,356333.00000000,24645.85593000,0
2025-10-06 21:00:00,0.0692,0.0693,0.06889,0.0692,847216.0,2025-10-06 21:59:59.999,58535.93951000,946,271424.00000000,18762.22784000,0
2025-10-06 22:00:00,0.06923,0.06936,0.06879,0.06919,1396534.0,2025-10-06 22:59:59.999,96486.23207000,2031,687445.00000000,47480.08585000,0
2025-10-06 23:00:00,0.0692,0.06941,0.06901,0.06933,918084.0,2025-10-06 23:59:59.999,63593.57387000,1596,341777.00000000,23671.48733000,0
2025-10-07 00:00:00,0.06932,0.06988,0.06918,0.06966,1894762.0,2025-10-07 00:59:59.999,131799.12834000,2255,854807.00000000,59450.42249000,0
2025-10-07 01:00:00,0.06966,0.0702,0.06934,0.06947,4412301.0,2025-10-07 01:59:59.999,308321.11355000,2851,1914887.00000000,133908.49741000,0
2025-10-07 02:00:00,0.06949,0.06959,0.06906,0.0693,2281863.0,2025-10-07 02:59:59.999,158189.04872000,2554,748064.00000000,51855.14049000,0
2025-10-07 03:00:00,0.06931,0.06986,0.06913,0.06933,1298922.0,2025-10-07 03:59:59.999,90253.14928000,2043,577815.00000000,40160.40539000,0
2025-10-07 04:00:00,0.06932,0.07042,0.06885,0.07011,4585601.0,2025-10-07 04:59:59.999,319807.65202000,3499,2269285.00000000,158433.02554000,0
2025-10-07 05:00:00,0.07012,0.07028,0.06979,0.06988,2277728.0,2025-10-07 05:59:59.999,159574.54031000,2391,967005.00000000,67750.27691000,0
2025-10-07 06:00:00,0.06989,0.07003,0.06905,0.06918,1900797.0,2025-10-07 06:59:59.999,132076.92938000,2560,779889.00000000,54165.09118000,0
2025-10-07 07:00:00,0.06918,0.06987,0.06901,0.06978,2201108.0,2025-10-07 07:59:59.999,152744.12479000,2843,917911.00000000,63719.79138000,0
2025-10-07 08:00:00,0.06978,0.07001,0.06929,0.06963,3303195.0,2025-10-07 08:59:59.999,229922.78574000,4015,1340174.00000000,93280.33842000,0
2025-10-07 09:00:00,0.06962,0.06988,0.06932,0.06957,1581226.0,2025-10-07 09:59:59.999,110101.73124000,2313,660900.00000000,46008.06470000,0
2025-10-07 10:00:00,0.06953,0.0702,0.06941,0.07006,2335177.0,2025-10-07 10:59:59.999,163373.64564000,2251,982304.00000000,68718.64852000,0
2025-10-07 11:00:00,0.07007,0.07014,0.06975,0.07003,1736013.0,2025-10-07 11:59:59.999,121482.18582000,1664,650143.00000000,45498.99893000,0
2025-10-07 12:00:00,0.07002,0.07002,0.06933,0.06974,1958053.0,2025-10-07 12:59:59.999,136212.04238000,2524,960550.00000000,66802.46344000,0
2025-10-07 13:00:00,0.06975,0.07009,0.06809,0.06883,5557995.0,2025-10-07 13:59:59.999,383594.87331000,4524,3800592.00000000,262036.00142000,0
2025-10-07 14:00:00,0.06882,0.06889,0.06722,0.06724,4112273.0,2025-10-07 14:59:59.999,279336.62852000,5524,1984841.00000000,134842.23936000,0
2025-10-07 15:00:00,0.06725,0.06791,0.06676,0.06776,5797342.0,2025-10-07 15:59:59.999,389786.13305000,6102,2180190.00000000,146897.48921000,0
2025-10-07 16:00:00,0.06774,0.06855,0.06714,0.06812,3380629.0,2025-10-07 16:59:59.999,229330.97266000,4213,1545824.00000000,104901.77069000,0
2025-10-07 17:00:00,0.06811,0.0683,0.06746,0.06758,2778929.0,2025-10-07 17:59:59.999,188874.64092000,2877,710898.00000000,48328.57406000,0
2025-10-07 18:00:00,0.06759,0.06771,0.06699,0.06701,2094212.0,2025-10-07 18:59:59.999,141001.18622000,2411,948179.00000000,63796.56101000,0
2025-10-07 19:00:00,0.067,0.0674,0.0668,0.06708,1476853.0,2025-10-07 19:59:59.999,99007.60178000,1863,576961.00000000,38679.92664000,0
2025-10-07 20:00:00,0.0671,0.06745,0.06708,0.06725,757750.0,2025-10-07 20:59:59.999,50974.34908000,1384,300438.00000000,20204.40402000,0
2025-10-07 21:00:00,0.06724,0.06744,0.06686,0.06705,1063537.0,2025-10-07 21:59:59.999,71421.08565000,852,278778.00000000,18715.20192000,0
2025-10-07 22:00:00,0.06703,0.06729,0.06678,0.067,983566.0,2025-10-07 22:59:59.999,65946.66911000,1668,454404.00000000,30465.73614000,0
2025-10-07 23:00:00,0.06699,0.06702,0.06627,0.0667,1323829.0,2025-10-07 23:59:59.999,88191.39624000,1845,677583.00000000,45124.73477000,0
2025-10-08 00:00:00,0.06669,0.06692,0.06629,0.06671,1063699.0,2025-10-08 00:59:59.999,70914.34778000,1707,354911.00000000,23666.12239000,0
2025-10-08 01:00:00,0.0667,0.06725,0.06662,0.06707,1200114.0,2025-10-08 01:59:59.999,80303.60823000,1700,617218.00000000,41302.95492000,0
2025-10-08 02:00:00,0.06705,0.06735,0.06685,0.06697,921341.0,2025-10-08 02:59:59.999,61834.96603000,1484,555984.00000000,37322.12705000,0
2025-10-08 03:00:00,0.06696,0.06709,0.06611,0.06624,2899702.0,2025-10-08 03:59:59.999,192587.36983000,3122,1480561.00000000,98320.78685000,0
2025-10-08 04:00:00,0.06625,0.06658,0.06593,0.06648,1358884.0,2025-10-08 04:59:59.999,90163.44756000,2045,522146.00000000,34617.32342000,0
2025-10-08 05:00:00,0.06648,0.06653,0.06622,0.06626,1217127.0,2025-10-08 05:59:59.999,80793.61520000,1749,373100.00000000,24761.33603000,0
2025-10-08 06:00:00,0.06628,0.06636,0.06593,0.06618,1613783.0,2025-10-08 06:59:59.999,106796.75561000,2097,772729.00000000,51140.33807000,0
2025-10-08 07:00:00,0.06622,0.06667,0.06608,0.06665,1342891.0,2025-10-08 07:59:59.999,89068.43835000,1828,710889.00000000,47141.83003000,0
2025-10-08 08:00:00,0.06666,0.06715,0.06647,0.06668,1829360.0,2025-10-08 08:59:59.999,122211.47339000,2129,701550.00000000,46849.15829000,0
2025-10-08 09:00:00,0.0667,0.06678,0.06631,0.0665,633947.0,2025-10-08 09:59:59.999,42149.39838000,1106,272164.00000000,18095.20179000,0
2025-10-08 10:00:00,0.06651,0.06708,0.0665,0.06684,1418210.0,2025-10-08 10:59:59.999,94836.06912000,1601,750628.00000000,50196.12170000,0
2025-10-08 11:00:00,0.06685,0.06702,0.06674,0.0669,1121689.0,2025-10-08 11:59:59.999,75032.18862000,1435,623676.00000000,41724.21931000,0
2025-10-08 12:00:00,0.0669,0.06737,0.06677,0.06727,966691.0,2025-10-08 12:59:59.999,64853.06376000,1352,360109.00000000,24154.64570000,0
2025-10-08 13:00:00,0.06727,0.06746,0.06659,0.06721,1751060.0,2025-10-08 13:59:59.999,117317.97583000,2370,515082.00000000,34528.15551000,0
2025-10-08 14:00:00,0.06722,0.06776,0.06683,0.06696,1622316.0,2025-10-08 14:59:59.999,109121.47083000,2422,904330.00000000,60809.14510000,0
2025-10-08 15:00:00,0.06697,0.06743,0.0666,0.06692,3770229.0,2025-10-08 15:59:59.999,252528.20101000,2595,973922.00000000,65357.96731000,0
2025-10-08 16:00:00,0.06693,0.06734,0.06682,0.06733,1963964.0,2025-10-08 16:59:59.999,131601.19751000,2020,875911.00000000,58708.67980000,0
2025-10-08 17:00:00,0.06734,0.06796,0.06734,0.06781,1425655.0,2025-10-08 17:59:59.999,96481.68648000,1822,574059.00000000,38878.63546000,0
2025-10-08 18:00:00,0.06782,0.06852,0.06769,0.06839,2313076.0,2025-10-08 18:59:59.999,157731.91578000,2196,999944.00000000,68179.16698000,0
2025-10-08 19:00:00,0.06839,0.06895,0.06813,0.06837,2541575.0,2025-10-08 19:59:59.999,174159.38746000,2451,893550.00000000,61314.37080000,0
2025-10-08 20:00:00,0.06837,0.06844,0.06796,0.06801,1126317.0,2025-10-08 20:59:59.999,76822.74352000,1508,340549.00000000,23241.80548000,0
2025-10-08 21:00:00,0.068,0.06839,0.06791,0.06818,1037011.0,2025-10-08 21:59:59.999,70623.05465000,816,215122.00000000,14673.72254000,0
2025-10-08 22:00:00,0.06819,0.06921,0.06819,0.06889,1749127.0,2025-10-08 22:59:59.999,120308.08302000,1992,759401.00000000,52193.36297000,0
2025-10-08 23:00:00,0.06888,0.06918,0.06855,0.06897,981443.0,2025-10-08 23:59:59.999,67591.06865000,1640,427575.00000000,29432.86373000,0
2025-10-09 00:00:00,0.06896,0.06903,0.06859,0.06867,1488708.0,2025-10-09 00:59:59.999,102428.15443000,2013,485790.00000000,33429.57739000,0
2025-10-09 01:00:00,0.06867,0.0687,0.06768,0.06801,2133716.0,2025-10-09 01:59:59.999,145139.91369000,2316,1065960.00000000,72419.09833000,0
2025-10-09 02:00:00,0.06801,0.06801,0.06671,0.06683,2360498.0,2025-10-09 02:59:59.999,158506.63177000,2782,798911.00000000,53662.74347000,0
2025-10-09 03:00:00,0.06685,0.06754,0.06685,0.06751,968093.0,2025-10-09 03:59:59.999,65080.77905000,1508,462452.00000000,31092.93087000,0
2025-10-09 04:00:00,0.0675,0.06806,0.06744,0.06806,1073399.0,2025-10-09 04:59:59.999,72645.16633000,1589,511612.00000000,34615.21766000,0
2025-10-09 05:00:00,0.06806,0.06826,0.06789,0.06796,969600.0,2025-10-09 05:59:59.999,66002.46494000,1389,311887.00000000,21229.05791000,0
2025-10-09 06:00:00,0.06795,0.068,0.0678,0.0678,1478517.0,2025-10-09 06:59:59.999,100298.35646000,1084,345787.00000000,23469.30716000,0
2025-10-09 07:00:00,0.0678,0.0681,0.06715,0.06722,4242225.0,2025-10-09 07:59:59.999,287217.59264000,2329,1062536.00000000,71829.00170000,0
2025-10-09 08:00:00,0.0672,0.0673,0.06587,0.06604,2532311.0,2025-10-09 08:59:59.999,168725.42094000,3397,954279.00000000,63596.35785000,0
2025-10-09 09:00:00,0.06604,0.06642,0.06592,0.06607,1239631.0,2025-10-09 09:59:59.999,81995.03577000,2330,622666.00000000,41189.06238000,0
2025-10-09 10:00:00,0.06608,0.0663,0.06574,0.06614,1344752.0,2025-10-09 10:59:59.999,88800.82888000,2049,542445.00000000,35827.77641000,0
2025-10-09 11:00:00,0.06612,0.06654,0.06609,0.06625,985956.0,2025-10-09 11:59:59.999,65382.90623000,1707,333835.00000000,22135.44913000,0
2025-10-09 12:00:00,0.06626,0.06735,0.0662,0.06724,3725298.0,2025-10-09 12:59:59.999,249222.50925000,2735,2036151.00000000,136023.50560000,0
2025-10-09 13:00:00,0.06724,0.0673,0.06668,0.06671,3409895.0,2025-10-09 13:59:59.999,228757.58472000,2413,813497.00000000,54567.05411000,0
2025-10-09 14:00:00,0.06668,0.06698,0.0659,0.06642,1454194.0,2025-10-09 14:59:59.999,96489.82940000,3090,787177.00000000,52167.70090000,0
2025-10-09 15:00:00,0.06643,0.06694,0.06627,0.06639,1607960.0,2025-10-09 15:59:59.999,107068.84571000,2616,654988.00000000,43599.52641000,0
2025-10-09 16:00:00,0.0664,0.06655,0.06602,0.06613,1243330.0,2025-10-09 16:59:59.999,82483.86910000,2101,474483.00000000,31471.49379000,0
2025-10-09 17:00:00,0.06612,0.06686,0.06608,0.06686,1431676.0,2025-10-09 17:59:59.999,95350.98756000,2083,625640.00000000,41676.65794000,0
2025-10-09 18:00:00,0.06683,0.06701,0.06656,0.06656,951672.0,2025-10-09 18:59:59.999,63587.49661000,1262,324644.00000000,21695.06193000,0
2025-10-09 19:00:00,0.06655,0.06696,0.06652,0.06667,883914.0,2025-10-09 19:59:59.999,58965.30442000,1256,219122.00000000,14617.08562000,0
2025-10-09 20:00:00,0.06669,0.06689,0.06646,0.06667,1264041.0,2025-10-09 20:59:59.999,84225.51551000,1492,576956.00000000,38447.78033000,0
2025-10-09 21:00:00,0.06668,0.06701,0.06665,0.06674,658461.0,2025-10-09 21:59:59.999,43988.03073000,768,195389.00000000,13053.66729000,0
2025-10-09 22:00:00,0.06674,0.06711,0.06648,0.06692,1120391.0,2025-10-09 22:59:59.999,74719.48921000,1303,407545.00000000,27178.05137000,0
2025-10-09 23:00:00,0.06691,0.06695,0.06676,0.06694,408684.0,2025-10-09 23:59:59.999,27329.90652000,499,89544.00000000,5987.28670000,0
2025-10-10 00:00:00,0.06693,0.06701,0.06677,0.06694,437056.0,2025-10-10 00:59:59.999,29236.11553000,641,154721.00000000,10347.72640000,0
2025-10-10 01:00:00,0.06694,0.06775,0.06691,0.06768,1045321.0,2025-10-10 01:59:59.999,70435.83726000,1147,410265.00000000,27641.42824000,0
2025-10-10 02:00:00,0.06769,0.06815,0.06746,0.06777,1333603.0,2025-10-10 02:59:59.999,90442.03162000,1687,567089.00000000,38452.84435000,0
2025-10-10 03:00:00,0.06779,0.06846,0.06746,0.06792,1832179.0,2025-10-10 03:59:59.999,124538.34301000,2281,739361.00000000,50254.40990000,0
2025-10-10 04:00:00,0.06792,0.0682,0.06759,0.06774,1150497.0,2025-10-10 04:59:59.999,78130.77572000,1333,523848.00000000,35565.93650000,0
2025-10-10 05:00:00,0.06773,0.06846,0.06741,0.06824,1659250.0,2025-10-10 05:59:59.999,112770.77072000,1595,968296.00000000,65838.12422000,0
2025-10-10 06:00:00,0.06825,0.06852,0.06755,0.06791,1995317.0,2025-10-10 06:59:59.999,136067.29625000,1906,1206398.00000000,82316.68563000,0
2025-10-10 07:00:00,0.0679,0.06811,0.06741,0.06744,1965171.0,2025-10-10 07:59:59.999,133209.41748000,2319,825478.00000000,55960.12802000,0
2025-10-10 08:00:00,0.06744,0.06829,0.0674,0.06821,1732451.0,2025-10-10 08:59:59.999,117586.16443000,2102,724901.00000000,49217.59734000,0
2025-10-10 09:00:00,0.0682,0.06834,0.06771,0.0681,1318511.0,2025-10-10 09:59:59.999,89761.52583000,1827,523367.00000000,35628.54576000,0
2025-10-10 10:00:00,0.06809,0.06828,0.06802,0.06823,1378343.0,2025-10-10 10:59:59.999,93957.63868000,1318,707830.00000000,48265.30302000,0
2025-10-10 11:00:00,0.06825,0.06838,0.06781,0.06787,1255344.0,2025-10-10 11:59:59.999,85402.45992000,1728,619623.00000000,42130.26242000,0
2025-10-10 12:00:00,0.06787,0.06801,0.06771,0.06789,855675.0,2025-10-10 12:59:59.999,58069.15419000,1224,302954.00000000,20561.56772000,0
2025-10-10 13:00:00,0.0679,0.06866,0.0679,0.06828,1828676.0,2025-10-10 13:59:59.999,124891.21309000,2441,772631.00000000,52761.18860000,0
2025-10-10 14:00:00,0.06828,0.0684,0.0672,0.06723,1904555.0,2025-10-10 14:59:59.999,129249.35855000,2736,690251.00000000,46810.99686000,0
2025-10-10 15:00:00,0.06722,0.06726,0.06422,0.06496,9779476.0,2025-10-10 15:59:59.999,639644.75947000,8258,3874025.00000000,253028.98672000,0
2025-10-10 16:00:00,0.06496,0.06592,0.06474,0.06561,8466174.0,2025-10-10 16:59:59.999,554469.81679000,3733,6233109.00000000,408305.24897000,0
2025-10-10 17:00:00,0.06563,0.06569,0.06516,0.06531,1910826.0,2025-10-10 17:59:59.999,125160.73100000,2352,876208.00000000,57392.79686000,0
2025-10-10 18:00:00,0.06532,0.06554,0.06464,0.0647,2401967.0,2025-10-10 18:59:59.999,156079.55589000,2557,1186345.00000000,77040.13201000,0
2025-10-10 19:00:00,0.06472,0.06525,0.06453,0.06498,3392271.0,2025-10-10 19:59:59.999,219847.22491000,3067,1918714.00000000,124379.73283000,0
2025-10-10 20:00:00,0.06497,0.06529,0.06306,0.06381,6238391.0,2025-10-10 20:59:59.999,402557.52101000,4381,1944467.00000000,125750.53576000,0
2025-10-10 21:00:00,0.06392,0.06422,0.03491,0.0554,35283638.0,2025-10-10 21:59:59.999,1836902.85557000,18713,20134032.00000000,1034778.27206000,0
2025-10-10 22:00:00,0.05541,0.06024,0.05188,0.05977,42461803.0,2025-10-10 22:59:59.999,2395301.16944000,34488,23857620.00000000,1350132.47614000,0
2025-10-10 23:00:00,0.05984,0.06303,0.05903,0.06107,27857536.0,2025-10-10 23:59:59.999,1692975.97988000,22483,16783994.00000000,1022064.18536000,0
2025-10-11 00:00:00,0.06112,0.06313,0.06051,0.06137,17820976.0,2025-10-11 00:59:59.999,1103046.42261000,11586,7810675.00000000,483099.39460000,0
2025-10-11 01:00:00,0.06141,0.06189,0.05934,0.05934,13222466.0,2025-10-11 01:59:59.999,803171.01350000,6273,5334662.00000000,323837.27246000,0
2025-10-11 02:00:00,0.05933,0.06167,0.05925,0.06033,8386990.0,2025-10-11 02:59:59.999,507760.31274000,5654,2884967.00000000,174738.73560000,0
2025-10-11 03:00:00,0.06037,0.06041,0.05809,0.05851,9742801.0,2025-10-11 03:59:59.999,572178.70613000,5072,3968485.00000000,233214.97529000,0
2025-10-11 04:00:00,0.05851,0.05911,0.05834,0.05867,2835038.0,2025-10-11 04:59:59.999,166604.71853000,2195,1186261.00000000,69716.80101000,0
2025-10-11 05:00:00,0.05871,0.05878,0.05681,0.05766,4998547.0,2025-10-11 05:59:59.999,288820.46726000,3669,2301586.00000000,132850.99179000,0
2025-10-11 06:00:00,0.05768,0.0589,0.057,0.05786,15585526.0,2025-10-11 06:59:59.999,904898.40391000,5361,9583511.00000000,556288.04635000,0
2025-10-11 07:00:00,0.05786,0.0579,0.05726,0.05747,4810376.0,2025-10-11 07:59:59.999,276756.95146000,3128,2272637.00000000,130804.34196000,0
2025-10-11 08:00:00,0.05757,0.06006,0.0572,0.05887,6657519.0,2025-10-11 08:59:59.999,390494.51103000,7284,3671258.00000000,215123.51961000,0
2025-10-11 09:00:00,0.05888,0.0593,0.05859,0.0589,3795576.0,2025-10-11 09:59:59.999,223795.87501000,4878,2175351.00000000,128303.64002000,0
2025-10-11 10:00:00,0.05892,0.05917,0.05849,0.05887,2265855.0,2025-10-11 10:59:59.999,133341.25628000,3388,1234083.00000000,72594.74965000,0
2025-10-11 11:00:00,0.05887,0.059,0.05842,0.05867,2850777.0,2025-10-11 11:59:59.999,167726.39431000,2814,2060035.00000000,121262.31890000,0
2025-10-11 12:00:00,0.05866,0.05884,0.0582,0.05855,4605436.0,2025-10-11 12:59:59.999,269472.49471000,2987,2599909.00000000,152168.59088000,0
2025-10-11 13:00:00,0.05856,0.05907,0.05813,0.05893,3495090.0,2025-10-11 13:59:59.999,204761.82747000,2677,2116389.00000000,123987.41454000,0
2025-10-11 14:00:00,0.05894,0.05904,0.05832,0.05852,2612694.0,2025-10-11 14:59:59.999,153247.30315000,2067,1400537.00000000,82156.46095000,0
2025-10-11 15:00:00,0.05852,0.05894,0.05838,0.05869,1946685.0,2025-10-11 15:59:59.999,114153.65090000,2413,1163016.00000000,68212.56933000,0
2025-10-11 16:00:00,0.05868,0.05888,0.05837,0.05856,1843964.0,2025-10-11 16:59:59.999,108067.78733000,2273,1064406.00000000,62422.02920000,0
2025-10-11 17:00:00,0.05854,0.05889,0.05823,0.05853,4022679.0,2025-10-11 17:59:59.999,235396.03866000,2184,2039378.00000000,119362.01840000,0
2025-10-11 18:00:00,0.05854,0.05898,0.05823,0.05864,1155956.0,2025-10-11 18:59:59.999,67789.19915000,1346,603376.00000000,35369.57830000,0
2025-10-11 19:00:00,0.05861,0.05873,0.05798,0.05848,8178304.0,2025-10-11 19:59:59.999,477127.11559000,4585,4525994.00000000,263957.02134000,0
2025-10-11 20:00:00,0.05848,0.05866,0.05775,0.05814,7774492.0,2025-10-11 20:59:59.999,452251.20012000,6238,4992035.00000000,290362.58819000,0
2025-10-11 21:00:00,0.05815,0.05857,0.056,0.05819,18162022.0,2025-10-11 21:59:59.999,1037309.76528000,5957,7744655.00000000,439475.32058000,0
2025-10-11 22:00:00,0.05821,0.05848,0.05802,0.05805,1534101.0,2025-10-11 22:59:59.999,89308.89939000,2196,647899.00000000,37734.93721000,0
2025-10-11 23:00:00,0.05805,0.05817,0.05781,0.058,1553237.0,2025-10-11 23:59:59.999,90104.57852000,2128,967562.00000000,56133.37739000,0
2025-10-12 00:00:00,0.05798,0.05868,0.05773,0.05798,2386044.0,2025-10-12 00:59:59.999,138631.62047000,2017,884041.00000000,51328.28103000,0
2025-10-12 01:00:00,0.05797,0.05826,0.05783,0.05797,2811366.0,2025-10-12 01:59:59.999,163116.58286000,2265,1319199.00000000,76556.15934000,0
2025-10-12 02:00:00,0.05795,0.05827,0.05785,0.05795,2077686.0,2025-10-12 02:59:59.999,120528.42308000,1913,1072669.00000000,62250.49473000,0
2025-10-12 03:00:00,0.05795,0.05894,0.05786,0.05846,1768135.0,2025-10-12 03:59:59.999,103356.87576000,1848,1215388.00000000,71010.21705000,0
2025-10-12 04:00:00,0.05846,0.0595,0.05846,0.05919,1425581.0,2025-10-12 04:59:59.999,84125.56390000,1482,817831.00000000,48198.46688000,0
2025-10-12 05:00:00,0.0592,0.05928,0.05891,0.05891,1253250.0,2025-10-12 05:59:59.999,74017.92621000,1465,624335.00000000,36877.40489000,0
2025-10-12 06:00:00,0.05891,0.05959,0.05891,0.0594,949727.0,2025-10-12 06:59:59.999,56294.94141000,1115,677399.00000000,40151.12400000,0
2025-10-12 07:00:00,0.0594,0.05956,0.05901,0.05911,954164.0,2025-10-12 07:59:59.999,56499.75628000,1391,472388.00000000,27969.01253000,0
2025-10-12 08:00:00,0.05911,0.05931,0.05878,0.05878,1312279.0,2025-10-12 08:59:59.999,77614.67965000,1462,598373.00000000,35406.84013000,0
2025-10-12 09:00:00,0.05879,0.05928,0.05847,0.05926,1260595.0,2025-10-12 09:59:59.999,74098.79642000,1498,784786.00000000,46134.68788000,0
2025-10-12 10:00:00,0.05926,0.0594,0.05845,0.05845,1648674.0,2025-10-12 10:59:59.999,97260.49451000,1823,1075743.00000000,63425.38520000,0
2025-10-12 11:00:00,0.05846,0.05871,0.05821,0.05848,1627588.0,2025-10-12 11:59:59.999,95182.18552000,2018,1171415.00000000,68497.70241000,0
2025-10-12 12:00:00,0.05849,0.05899,0.05849,0.0587,1221877.0,2025-10-12 12:59:59.999,71810.95519000,1405,768541.00000000,45177.66467000,0
2025-10-12 13:00:00,0.0587,0.05894,0.05807,0.05839,1607845.0,2025-10-12 13:59:59.999,93907.61067000,1770,1044148.00000000,60991.72678000,0
2025-10-12 14:00:00,0.05838,0.05999,0.05815,0.05947,3549210.0,2025-10-12 14:59:59.999,208977.71424000,4008,1736868.00000000,102420.20510000,0
2025-10-12 15:00:00,0.05947,0.06128,0.05947,0.06074,4089185.0,2025-10-12 15:59:59.999,247548.59420000,5676,1553608.00000000,93988.97081000,0
2025-10-12 16:00:00,0.06073,0.06219,0.0607,0.06173,2955000.0,2025-10-12 16:59:59.999,180986.02826000,5190,1422711.00000000,87202.04595000,0
2025-10-12 17:00:00,0.06171,0.06211,0.0613,0.06174,1947283.0,2025-10-12 17:59:59.999,120314.37506000,2936,851329.00000000,52592.67654000,0
2025-10-12 18:00:00,0.06173,0.06187,0.06098,0.06149,2190668.0,2025-10-12 18:59:59.999,134583.91393000,2721,967055.00000000,59389.96936000,0
2025-10-12 19:00:00,0.06147,0.06258,0.06146,0.06249,1365129.0,2025-10-12 19:59:59.999,84685.38372000,1923,666805.00000000,41331.94756000,0
2025-10-12 20:00:00,0.0625,0.06307,0.06209,0.06293,2996913.0,2025-10-12 20:59:59.999,187653.78397000,3060,1379558.00000000,86307.65852000,0
2025-10-12 21:00:00,0.06291,0.06354,0.06254,0.0634,2208394.0,2025-10-12 21:59:59.999,139230.10988000,1758,1179076.00000000,74259.77895000,0
2025-10-12 22:00:00,0.06341,0.06383,0.06316,0.06339,1262550.0,2025-10-12 22:59:59.999,80062.32409000,2240,760065.00000000,48177.71069000,0
2025-10-12 23:00:00,0.06341,0.06344,0.06279,0.06301,1790377.0,2025-10-12 23:59:59.999,112855.96238000,1912,878178.00000000,55366.55189000,0
2025-10-13 00:00:00,0.06303,0.06372,0.06243,0.06252,1585085.0,2025-10-13 00:59:59.999,99897.66152000,3237,857950.00000000,54047.75001000,0
2025-10-13 01:00:00,0.06251,0.06318,0.06196,0.06312,2516094.0,2025-10-13 01:59:59.999,156785.19686000,3237,1304502.00000000,81226.99078000,0
2025-10-13 02:00:00,0.06312,0.06332,0.06213,0.06249,1904631.0,2025-10-13 02:59:59.999,119317.26010000,2745,942306.00000000,58967.34027000,0
2025-10-13 03:00:00,0.0625,0.06305,0.06224,0.06247,2225798.0,2025-10-13 03:59:59.999,139510.77195000,2601,1122315.00000000,70258.28334000,0
2025-10-13 04:00:00,0.06248,0.06283,0.06228,0.06277,982001.0,2025-10-13 04:59:59.999,61386.83005000,1636,595394.00000000,37201.44144000,0
2025-10-13 05:00:00,0.06276,0.0628,0.06235,0.0625,1068132.0,2025-10-13 05:59:59.999,66832.13489000,1654,646080.00000000,40414.23668000,0
2025-10-13 06:00:00,0.06251,0.06333,0.06219,0.06298,1365078.0,2025-10-13 06:59:59.999,85662.55073000,2279,614374.00000000,38561.43877000,0
2025-10-13 07:00:00,0.06297,0.06363,0.0628,0.06293,1412471.0,2025-10-13 07:59:59.999,89272.30768000,2110,561955.00000000,35511.88795000,0
2025-10-13 08:00:00,0.06294,0.06343,0.06275,0.06329,2435147.0,2025-10-13 08:59:59.999,153499.85989000,2364,1662343.00000000,104799.93693000,0
2025-10-13 09:00:00,0.06328,0.06374,0.06304,0.06356,1984068.0,2025-10-13 09:59:59.999,125694.42825000,2633,1053783.00000000,66756.49237000,0
2025-10-13 10:00:00,0.06355,0.06381,0.06304,0.06378,2529141.0,2025-10-13 10:59:59.999,160483.14828000,3210,1067262.00000000,67774.14143000,0
2025-10-13 11:00:00,0.06378,0.06486,0.06284,0.06423,7017357.0,2025-10-13 11:59:59.999,447525.60089000,7384,2920815.00000000,186194.12456000,0
2025-10-13 12:00:00,0.06422,0.06569,0.06311,0.06329,7328179.0,2025-10-13 12:59:59.999,473180.31386000,10426,2958387.00000000,191208.96501000,0
2025-10-13 13:00:00,0.0633,0.06424,0.06204,0.06375,10997417.0,2025-10-13 13:59:59.999,693902.40337000,13502,3984937.00000000,251569.82557000,0
2025-10-13 14:00:00,0.06375,0.064,0.06236,0.06286,6948048.0,2025-10-13 14:59:59.999,438520.78210000,7168,3769566.00000000,237905.45874000,0
2025-10-13 15:00:00,0.06288,0.0636,0.0628,0.06353,2727215.0,2025-10-13 15:59:59.999,172473.15443000,3292,1731974.00000000,109548.86360000,0
2025-10-13 16:00:00,0.06354,0.06414,0.06345,0.06401,2514455.0,2025-10-13 16:59:59.999,160454.85495000,3233,1568441.00000000,100082.56092000,0
2025-10-13 17:00:00,0.06402,0.0652,0.06402,0.06514,2871600.0,2025-10-13 17:59:59.999,185315.50466000,4598,1284050.00000000,82841.15969000,0
2025-10-13 18:00:00,0.06513,0.06522,0.0644,0.06468,2760175.0,2025-10-13 18:59:59.999,178913.73138000,3921,1379326.00000000,89406.99813000,0
2025-10-13 19:00:00,0.06467,0.06529,0.06456,0.0651,1533825.0,2025-10-13 19:59:59.999,99600.96404000,2940,869084.00000000,56413.89834000,0
2025-10-13 20:00:00,0.06509,0.06528,0.06494,0.06527,1220897.0,2025-10-13 20:59:59.999,79457.96506000,2064,683512.00000000,44480.29005000,0
2025-10-13 21:00:00,0.06526,0.06554,0.06501,0.06517,768744.0,2025-10-13 21:59:59.999,50151.57429000,863,482296.00000000,31455.94126000,0
2025-10-13 22:00:00,0.06515,0.06569,0.06515,0.0654,848914.0,2025-10-13 22:59:59.999,55528.80236000,1215,513960.00000000,33612.00016000,0
2025-10-13 23:00:00,0.06539,0.06566,0.06512,0.06533,1364816.0,2025-10-13 23:59:59.999,89216.57100000,1712,718269.00000000,46956.90686000,0
2025-10-14 00:00:00,0.06534,0.06551,0.06478,0.06499,1121282.0,2025-10-14 00:59:59.999,73089.60525000,1931,506454.00000000,33010.49466000,0
2025-10-14 01:00:00,0.06498,0.06516,0.06457,0.06476,1349817.0,2025-10-14 01:59:59.999,87581.14013000,1718,564800.00000000,36641.67249000,0
2025-10-14 02:00:00,0.06477,0.06484,0.06413,0.06423,1544939.0,2025-10-14 02:59:59.999,99546.27814000,2216,655454.00000000,42228.87933000,0
2025-10-14 03:00:00,0.06425,0.06429,0.06357,0.06395,2249517.0,2025-10-14 03:59:59.999,143786.22026000,3736,1070079.00000000,68393.82187000,0
2025-10-14 04:00:00,0.06397,0.06421,0.06278,0.06284,3301584.0,2025-10-14 04:59:59.999,209413.15761000,5676,1593852.00000000,101117.17603000,0
2025-10-14 05:00:00,0.06283,0.06344,0.06214,0.06229,2769922.0,2025-10-14 05:59:59.999,173759.41013000,5414,1593246.00000000,99909.03450000,0
2025-10-14 06:00:00,0.06229,0.06269,0.05943,0.06027,8257040.0,2025-10-14 06:59:59.999,504898.02595000,8985,3697906.00000000,226146.62094000,0
2025-10-14 07:00:00,0.06028,0.0607,0.05975,0.06005,4669573.0,2025-10-14 07:59:59.999,280918.96990000,7575,2397294.00000000,144179.88238000,0
2025-10-14 08:00:00,0.06004,0.06133,0.05966,0.06119,3049439.0,2025-10-14 08:59:59.999,184275.06942000,5636,1535669.00000000,92853.77201000,0
2025-10-14 09:00:00,0.06119,0.06218,0.06114,0.06174,4194870.0,2025-10-14 09:59:59.999,259147.58771000,6266,1883737.00000000,116409.80408000,0
2025-10-14 10:00:00,0.06175,0.06177,0.06006,0.06102,4435364.0,2025-10-14 10:59:59.999,269837.54293000,6925,2247892.00000000,136731.19232000,0
2025-10-14 11:00:00,0.06103,0.06185,0.06072,0.06086,5313941.0,2025-10-14 11:59:59.999,325810.83549000,6800,2868744.00000000,176057.38407000,0
2025-10-14 12:00:00,0.06086,0.06097,0.06021,0.06032,2476409.0,2025-10-14 12:59:59.999,149840.10990000,4345,1193706.00000000,72229.11693000,0
2025-10-14 13:00:00,0.06033,0.0613,0.05984,0.0611,3261185.0,2025-10-14 13:59:59.999,197646.26340000,6385,1566483.00000000,94885.31170000,0
2025-10-14 14:00:00,0.0611,0.06223,0.06079,0.06132,10132071.0,2025-10-14 14:59:59.999,621906.85153000,10982,4547879.00000000,279349.97304000,0
2025-10-14 15:00:00,0.06132,0.06311,0.06115,0.06301,6032625.0,2025-10-14 15:59:59.999,372970.89251000,8444,3391234.00000000,210071.88779000,0
2025-10-14 16:00:00,0.06301,0.06475,0.0624,0.06262,8416050.0,2025-10-14 16:59:59.999,533360.13413000,12046,4714238.00000000,298774.53253000,0
2025-10-14 17:00:00,0.06263,0.06323,0.06197,0.06268,3753740.0,2025-10-14 17:59:59.999,235831.31007000,7810,1790976.00000000,112544.65783000,0
2025-10-14 18:00:00,0.06268,0.06315,0.062,0.06227,3402234.0,2025-10-14 18:59:59.999,212542.38799000,3812,1712235.00000000,106981.86508000,0
2025-10-14 19:00:00,0.06228,0.06278,0.06146,0.06211,3636947.0,2025-10-14 19:59:59.999,225836.82680000,5094,2362207.00000000,146677.89227000,0
2025-10-14 20:00:00,0.06211,0.06272,0.06175,0.06241,1757574.0,2025-10-14 20:59:59.999,109556.31690000,2477,1145195.00000000,71394.60571000,0
2025-10-14 21:00:00,0.06241,0.06285,0.06213,0.06278,1082391.0,2025-10-14 21:59:59.999,67580.12080000,1017,875889.00000000,54693.74199000,0
2025-10-14 22:00:00,0.0628,0.06324,0.06275,0.06297,956983.0,2025-10-14 22:59:59.999,60255.62456000,1221,684449.00000000,43099.52203000,0
2025-10-14 23:00:00,0.06295,0.06364,0.06295,0.06341,1058196.0,2025-10-14 23:59:59.999,67093.42262000,1360,758843.00000000,48116.25372000,0
2025-10-15 00:00:00,0.0634,0.06389,0.06305,0.06389,1919587.0,2025-10-15 00:59:59.999,121716.17244000,3021,1307562.00000000,82921.73110000,0
2025-10-15 01:00:00,0.06389,0.06399,0.06308,0.06388,2297490.0,2025-10-15 01:59:59.999,145872.60649000,2593,1470200.00000000,93307.72100000,0
2025-10-15 02:00:00,0.06388,0.06432,0.06371,0.06377,1784952.0,2025-10-15 02:59:59.999,114143.99095000,2316,1151218.00000000,73606.31196000,0
2025-10-15 03:00:00,0.06378,0.06391,0.06316,0.06326,1748020.0,2025-10-15 03:59:59.999,111141.05316000,2042,1087442.00000000,69157.27337000,0
2025-10-15 04:00:00,0.06326,0.06377,0.06292,0.06376,1605965.0,2025-10-15 04:59:59.999,101810.53910000,1678,1075401.00000000,68214.04696000,0
2025-10-15 05:00:00,0.06377,0.06387,0.06334,0.06371,1698754.0,2025-10-15 05:59:59.999,108272.67336000,1406,1324863.00000000,84446.59104000,0
2025-10-15 06:00:00,0.06371,0.06429,0.06333,0.06419,2091503.0,2025-10-15 06:59:59.999,133444.27659000,2154,1536572.00000000,98010.21812000,0
2025-10-15 07:00:00,0.0642,0.06463,0.06401,0.06463,1891293.0,2025-10-15 07:59:59.999,121596.05362000,2029,885956.00000000,56976.37270000,0
2025-10-15 08:00:00,0.06462,0.0649,0.06272,0.06286,4189803.0,2025-10-15 08:59:59.999,267280.46410000,4130,2130950.00000000,135858.26408000,0
2025-10-15 09:00:00,0.06286,0.06323,0.06231,0.06245,1528431.0,2025-10-15 09:59:59.999,95833.99756000,1985,825988.00000000,51792.00601000,0
2025-10-15 10:00:00,0.06245,0.06254,0.06197,0.06208,894727.0,2025-10-15 10:59:59.999,55692.78763000,1590,627905.00000000,39076.64164000,0
2025-10-15 11:00:00,0.06207,0.06223,0.06128,0.06166,3215761.0,2025-10-15 11:59:59.999,198588.40388000,2556,1142919.00000000,70688.93154000,0
2025-10-15 12:00:00,0.06165,0.06171,0.06098,0.06144,1811634.0,2025-10-15 12:59:59.999,111072.84661000,2303,1207130.00000000,74019.97696000,0
2025-10-15 13:00:00,0.06143,0.06177,0.06071,0.0614,2184746.0,2025-10-15 13:59:59.999,133818.61979000,3489,1196192.00000000,73270.49229000,0
2025-10-15 14:00:00,0.06141,0.06214,0.06084,0.06111,2420131.0,2025-10-15 14:59:59.999,148925.27289000,3296,1618869.00000000,99605.11015000,0
2025-10-15 15:00:00,0.06111,0.06115,0.05997,0.06009,4714022.0,2025-10-15 15:59:59.999,285870.23144000,3688,2414319.00000000,146371.60186000,0
2025-10-15 16:00:00,0.0601,0.06062,0.0599,0.06027,1980490.0,2025-10-15 16:59:59.999,119389.89070000,2679,1147702.00000000,69189.75131000,0
2025-10-15 17:00:00,0.06026,0.06042,0.05988,0.06031,1518920.0,2025-10-15 17:59:59.999,91378.39513000,1709,665484.00000000,40031.64465000,0
2025-10-15 18:00:00,0.06032,0.06038,0.05855,0.06021,14826232.0,2025-10-15 18:59:59.999,881632.99115000,6767,5299551.00000000,315629.79525000,0
2025-10-15 19:00:00,0.0602,0.06046,0.05964,0.05972,2262834.0,2025-10-15 19:59:59.999,135793.25188000,2641,1589601.00000000,95389.76369000,0
2025-10-15 20:00:00,0.05973,0.06012,0.05894,0.05953,3478119.0,2025-10-15 20:59:59.999,206620.35006000,3371,2448605.00000000,145431.58929000,0
2025-10-15 21:00:00,0.05952,0.05993,0.05923,0.05961,1060559.0,2025-10-15 21:59:59.999,63180.63066000,1196,593694.00000000,35364.62148000,0
2025-10-15 22:00:00,0.05961,0.05999,0.05948,0.0596,828372.0,2025-10-15 22:59:59.999,49495.91505000,1496,470985.00000000,28135.97882000,0
2025-10-15 23:00:00,0.05959,0.06001,0.05959,0.05991,1257322.0,2025-10-15 23:59:59.999,75252.00286000,1736,718959.00000000,43030.47616000,0
2025-10-16 00:00:00,0.05991,0.06006,0.05957,0.0597,1301037.0,2025-10-16 00:59:59.999,77839.76722000,1762,880898.00000000,52698.97437000,0
2025-10-16 01:00:00,0.05969,0.06045,0.05965,0.06028,815769.0,2025-10-16 01:59:59.999,49011.46231000,1107,468357.00000000,28138.94604000,0
2025-10-16 02:00:00,0.0603,0.06056,0.05996,0.06031,965598.0,2025-10-16 02:59:59.999,58172.33445000,1223,631561.00000000,38026.48773000,0
2025-10-16 03:00:00,0.06031,0.06033,0.06007,0.06013,653841.0,2025-10-16 03:59:59.999,39350.38726000,771,480487.00000000,28915.72662000,0
2025-10-16 04:00:00,0.06014,0.06036,0.05965,0.05981,1147715.0,2025-10-16 04:59:59.999,69002.37802000,1121,711365.00000000,42755.01175000,0
2025-10-16 05:00:00,0.0598,0.0601,0.05952,0.05972,890040.0,2025-10-16 05:59:59.999,53194.58460000,1171,560659.00000000,33520.68194000,0
2025-10-16 06:00:00,0.05973,0.0605,0.05973,0.06029,1343187.0,2025-10-16 06:59:59.999,80832.46896000,1429,622507.00000000,37474.31462000,0
2025-10-16 07:00:00,0.06029,0.06034,0.0591,0.05953,3752193.0,2025-10-16 07:59:59.999,223505.15842000,2808,2195233.00000000,130743.08536000,0
2025-10-16 08:00:00,0.05954,0.05964,0.05927,0.05944,926268.0,2025-10-16 08:59:59.999,55074.84498000,1122,655971.00000000,39005.48175000,0
2025-10-16 09:00:00,0.05945,0.06041,0.05853,0.06016,4217178.0,2025-10-16 09:59:59.999,250685.60717000,4376,2521150.00000000,149686.94481000,0
2025-10-16 10:00:00,0.06017,0.06052,0.06001,0.06025,2836833.0,2025-10-16 10:59:59.999,171141.18963000,2451,1484797.00000000,89577.91201000,0
2025-10-16 11:00:00,0.06024,0.06036,0.05974,0.06009,1582236.0,2025-10-16 11:59:59.999,94806.86811000,1314,533779.00000000,32012.97397000,0
2025-10-16 12:00:00,0.0601,0.0603,0.06,0.0601,905207.0,2025-10-16 12:59:59.999,54450.12072000,1137,481080.00000000,28935.92444000,0
2025-10-16 13:00:00,0.06009,0.06036,0.05966,0.0598,1330612.0,2025-10-16 13:59:59.999,79961.89472000,1630,841914.00000000,50596.81546000,0
2025-10-16 14:00:00,0.05979,0.06034,0.05922,0.05967,1532938.0,2025-10-16 14:59:59.999,91537.75240000,2269,852699.00000000,50921.32066000,0
2025-10-16 15:00:00,0.05969,0.05982,0.05877,0.05908,3373884.0,2025-10-16 15:59:59.999,199953.04981000,4091,2104465.00000000,124687.61418000,0
2025-10-16 16:00:00,0.05907,0.06038,0.05869,0.06031,3959512.0,2025-10-16 16:59:59.999,235012.47859000,4972,1993874.00000000,118204.38845000,0
2025-10-16 17:00:00,0.06032,0.06032,0.05979,0.06006,1973626.0,2025-10-16 17:59:59.999,118437.39085000,2962,923188.00000000,55399.99065000,0
2025-10-16 18:00:00,0.06006,0.06033,0.05955,0.06018,2624978.0,2025-10-16 18:59:59.999,157211.03420000,3196,1529965.00000000,91676.18323000,0
2025-10-16 19:00:00,0.06017,0.06041,0.05975,0.06028,3665021.0,2025-10-16 19:59:59.999,220182.16637000,4082,1808087.00000000,108591.08879000,0
2025-10-16 20:00:00,0.06028,0.06035,0.05988,0.06022,1822251.0,2025-10-16 20:59:59.999,109621.23282000,2679,823678.00000000,49542.67817000,0
2025-10-16 21:00:00,0.06023,0.06048,0.06016,0.06031,2104980.0,2025-10-16 21:59:59.999,126956.15342000,2019,801840.00000000,48368.60878000,0
2025-10-16 22:00:00,0.06032,0.06038,0.0596,0.05985,3856886.0,2025-10-16 22:59:59.999,231760.06252000,3151,1136434.00000000,68370.78435000,0
2025-10-16 23:00:00,0.05984,0.06034,0.0597,0.0603,5514574.0,2025-10-16 23:59:59.999,330581.50820000,2605,3874220.00000000,232168.31309000,0
2025-10-17 00:00:00,0.06029,0.06038,0.06017,0.06033,1421747.0,2025-10-17 00:59:59.999,85740.03827000,1917,885756.00000000,53419.44325000,0
2025-10-17 01:00:00,0.06032,0.06039,0.05974,0.05999,2568457.0,2025-10-17 01:59:59.999,154421.77181000,2004,1159597.00000000,69823.86536000,0
2025-10-17 02:00:00,0.05998,0.0601,0.05956,0.05994,3715189.0,2025-10-17 02:59:59.999,222254.34082000,1854,2913267.00000000,174290.33084000,0
2025-10-17 03:00:00,0.05994,0.06035,0.05993,0.06032,1333532.0,2025-10-17 03:59:59.999,80312.03709000,1527,998809.00000000,60162.40022000,0
2025-10-17 04:00:00,0.06032,0.06048,0.05998,0.0603,2382278.0,2025-10-17 04:59:59.999,143495.02403000,2024,1431781.00000000,86256.57020000,0
2025-10-17 05:00:00,0.0603,0.06039,0.06014,0.0603,1669399.0,2025-10-17 05:59:59.999,100641.77108000,1936,877729.00000000,52916.41786000,0
2025-10-17 06:00:00,0.0603,0.06037,0.05893,0.05958,5215780.0,2025-10-17 06:59:59.999,311693.35261000,4321,2147429.00000000,128115.56393000,0
2025-10-17 07:00:00,0.05959,0.05964,0.05873,0.05901,10322625.0,2025-10-17 07:59:59.999,609973.33481000,8467,6638168.00000000,392324.02570000,0
2025-10-17 08:00:00,0.05902,0.05934,0.05826,0.05871,7472952.0,2025-10-17 08:59:59.999,439005.55870000,6429,4126149.00000000,242409.24296000,0
2025-10-17 09:00:00,0.05871,0.05939,0.058,0.05854,13417200.0,2025-10-17 09:59:59.999,787935.45164000,7558,5365411.00000000,315403.46498000,0
2025-10-17 10:00:00,0.05854,0.05936,0.058,0.05927,4447745.0,2025-10-17 10:59:59.999,260429.82480000,2423,3159688.00000000,185017.85558000,0
2025-10-17 11:00:00,0.05928,0.06045,0.05907,0.06023,2680253.0,2025-10-17 11:59:59.999,160734.77485000,2689,1532462.00000000,91905.63854000,0
2025-10-17 12:00:00,0.06023,0.06035,0.0597,0.05991,1681513.0,2025-10-17 12:59:59.999,101004.73608000,2478,797842.00000000,47922.07444000,0
2025-10-17 13:00:00,0.05992,0.06005,0.05898,0.05939,8843840.0,2025-10-17 13:59:59.999,526803.62149000,4652,6598075.00000000,392994.26113000,0
2025-10-17 14:00:00,0.05938,0.05938,0.05822,0.05888,5598947.0,2025-10-17 14:59:59.999,328915.40975000,4788,3028183.00000000,178096.22924000,0
2025-10-17 15:00:00,0.05886,0.05969,0.05883,0.05969,8055819.0,2025-10-17 15:59:59.999,476968.91124000,3024,5477781.00000000,324627.20838000,0
2025-10-17 16:00:00,0.05969,0.06038,0.05963,0.05985,2893837.0,2025-10-17 16:59:59.999,173623.92127000,3053,1525779.00000000,91543.20543000,0
2025-10-17 17:00:00,0.05986,0.06004,0.05941,0.05978,1646108.0,2025-10-17 17:59:59.999,98370.45427000,1833,893500.00000000,53406.27321000,0
2025-10-17 18:00:00,0.05979,0.06036,0.05974,0.05982,1737491.0,2025-10-17 18:59:59.999,104405.42466000,1420,986531.00000000,59294.94617000,0
2025-10-17 19:00:00,0.05983,0.06004,0.05953,0.05961,906795.0,2025-10-17 19:59:59.999,54223.11701000,1286,511874.00000000,30622.29007000,0
2025-10-17 20:00:00,0.05961,0.05979,0.05907,0.05922,1867797.0,2025-10-17 20:59:59.999,110963.40850000,1867,900867.00000000,53549.18707000,0
2025-10-17 21:00:00,0.05922,0.05962,0.05918,0.05929,1506040.0,2025-10-17 21:59:59.999,89421.92762000,1123,872310.00000000,51788.49040000,0
2025-10-17 22:00:00,0.0593,0.05932,0.05846,0.0589,2245382.0,2025-10-17 22:59:59.999,132203.86944000,1663,1004512.00000000,59053.83948000,0
2025-10-17 23:00:00,0.05889,0.05895,0.05868,0.05883,851545.0,2025-10-17 23:59:59.999,50077.30107000,787,487853.00000000,28691.83274000,0
2025-10-18 00:00:00,0.05885,0.05902,0.0587,0.05892,645115.0,2025-10-18 00:59:59.999,37971.36618000,744,374975.00000000,22072.49828000,0
2025-10-18 01:00:00,0.05893,0.05934,0.05871,0.0592,937384.0,2025-10-18 01:59:59.999,55322.14343000,1242,376493.00000000,22213.11895000,0
2025-10-18 02:00:00,0.05922,0.05934,0.05875,0.05887,459374.0,2025-10-18 02:59:59.999,27140.17731000,799,214333.00000000,12662.47614000,0
2025-10-18 03:00:00,0.05887,0.05904,0.05884,0.05888,357771.0,2025-10-18 03:59:59.999,21080.96853000,542,154016.00000000,9074.31329000,0
2025-10-18 04:00:00,0.05889,0.05896,0.05844,0.05865,2592668.0,2025-10-18 04:59:59.999,152027.47084000,1511,1373668.00000000,80590.60493000,0
2025-10-18 05:00:00,0.05866,0.05968,0.05866,0.0593,3026970.0,2025-10-18 05:59:59.999,179464.97927000,1509,2377005.00000000,140924.31238000,0
2025-10-18 06:00:00,0.05933,0.05989,0.05922,0.0593,2582055.0,2025-10-18 06:59:59.999,153775.32114000,1362,2120564.00000000,126262.50492000,0
2025-10-18 07:00:00,0.0593,0.05992,0.05916,0.05933,788065.0,2025-10-18 07:59:59.999,46864.17669000,1201,446253.00000000,26544.71450000,0
2025-10-18 08:00:00,0.05932,0.05949,0.0592,0.05922,354802.0,2025-10-18 08:59:59.999,21044.07763000,544,207959.00000000,12332.96360000,0
2025-10-18 09:00:00,0.05923,0.05938,0.05904,0.05925,444955.0,2025-10-18 09:59:59.999,26348.13472000,592,221972.00000000,13142.14095000,0
2025-10-18 10:00:00,0.05926,0.05933,0.05912,0.05928,248823.0,2025-10-18 10:59:59.999,14738.63776000,401,127210.00000000,7533.48901000,0
2025-10-18 11:00:00,0.05929,0.0594,0.05915,0.05932,439765.0,2025-10-18 11:59:59.999,26072.50940000,659,224525.00000000,13310.24624000,0
2025-10-18 12:00:00,0.05933,0.05935,0.05918,0.05921,271844.0,2025-10-18 12:59:59.999,16111.04334000,381,166908.00000000,9890.84238000,0
2025-10-18 13:00:00,0.05921,0.05926,0.05881,0.05896,765034.0,2025-10-18 13:59:59.999,45175.83846000,663,368167.00000000,21748.57491000,0
2025-10-18 14:00:00,0.05895,0.05933,0.05884,0.05914,261997.0,2025-10-18 14:59:59.999,15486.04711000,416,121734.00000000,7186.29563000,0
2025-10-18 15:00:00,0.05913,0.05917,0.05875,0.05891,1115689.0,2025-10-18 15:59:59.999,65766.66254000,757,688865.00000000,40623.71345000,0
2025-10-18 16:00:00,0.05893,0.05894,0.05844,0.05873,1070576.0,2025-10-18 16:59:59.999,62771.07724000,1079,722861.00000000,42388.87038000,0
2025-10-18 17:00:00,0.05872,0.05904,0.05854,0.05901,495776.0,2025-10-18 17:59:59.999,29134.52844000,552,252071.00000000,14812.90351000,0
2025-10-18 18:00:00,0.05899,0.05906,0.05883,0.05886,172828.0,2025-10-18 18:59:59.999,10181.69716000,227,105274.00000000,6201.62373000,0
2025-10-18 19:00:00,0.05887,0.05902,0.05882,0.05902,129368.0,2025-10-18 19:59:59.999,7619.14300000,166,92232.00000000,5431.17184000,0
2025-10-18 20:00:00,0.05902,0.05911,0.05893,0.059,321078.0,2025-10-18 20:59:59.999,18949.86416000,398,146906.00000000,8669.06337000,0
2025-10-18 21:00:00,0.05899,0.05902,0.05886,0.059,209212.0,2025-10-18 21:59:59.999,12329.17226000,209,133048.00000000,7840.86401000,0
2025-10-18 22:00:00,0.05901,0.05908,0.05886,0.05893,302386.0,2025-10-18 22:59:59.999,17834.62923000,383,125695.00000000,7409.05365000,0
2025-10-18 23:00:00,0.05893,0.05917,0.05882,0.0591,300298.0,2025-10-18 23:59:59.999,17727.70689000,306,158587.00000000,9367.58963000,0
2025-10-19 00:00:00,0.05909,0.05915,0.05888,0.05897,314128.0,2025-10-19 00:59:59.999,18531.61910000,446,173428.00000000,10226.98042000,0
2025-10-19 01:00:00,0.05896,0.05902,0.05836,0.05861,6075561.0,2025-10-19 01:59:59.999,356326.54504000,1992,3346071.00000000,196165.07097000,0
2025-10-19 02:00:00,0.0586,0.0586,0.05843,0.05852,343173.0,2025-10-19 02:59:59.999,20082.05088000,387,229271.00000000,13415.97157000,0
2025-10-19 03:00:00,0.05851,0.05893,0.05846,0.05885,1155935.0,2025-10-19 03:59:59.999,67854.24427000,531,1003446.00000000,58904.61868000,0
2025-10-19 04:00:00,0.05885,0.05911,0.05878,0.05889,1079802.0,2025-10-19 04:59:59.999,63613.32200000,757,596844.00000000,35165.51558000,0
2025-10-19 05:00:00,0.0589,0.05896,0.05868,0.05873,458088.0,2025-10-19 05:59:59.999,26942.96310000,436,253535.00000000,14908.71782000,0
2025-10-19 06:00:00,0.05873,0.05875,0.05831,0.05848,1904771.0,2025-10-19 06:59:59.999,111372.82215000,956,1009787.00000000,59059.90634000,0
2025-10-19 07:00:00,0.05846,0.05864,0.05846,0.05855,284267.0,2025-10-19 07:59:59.999,16638.88974000,247,202152.00000000,11831.74829000,0
2025-10-19 08:00:00,0.05856,0.05988,0.05856,0.05908,4244748.0,2025-10-19 08:59:59.999,251395.40914000,3096,3104083.00000000,183785.86843000,0
2025-10-19 09:00:00,0.05907,0.05945,0.05866,0.05918,3428085.0,2025-10-19 09:59:59.999,202532.42933000,2082,1524022.00000000,90073.10797000,0
2025-10-19 10:00:00,0.05917,0.05962,0.05905,0.05931,1894053.0,2025-10-19 10:59:59.999,112392.77262000,1465,656971.00000000,38997.78645000,0
2025-10-19 11:00:00,0.05933,0.0596,0.05913,0.05929,1605189.0,2025-10-19 11:59:59.999,95355.60772000,1254,781207.00000000,46415.22491000,0
2025-10-19 12:00:00,0.05929,0.05932,0.05909,0.05927,819695.0,2025-10-19 12:59:59.999,48528.02898000,579,404553.00000000,23962.14518000,0
2025-10-19 13:00:00,0.05929,0.05999,0.05922,0.05989,2250166.0,2025-10-19 13:59:59.999,133878.62858000,1584,998194.00000000,59470.25754000,0
2025-10-19 14:00:00,0.0599,0.05992,0.05949,0.05965,2251791.0,2025-10-19 14:59:59.999,134455.69152000,1825,771217.00000000,46076.93267000,0
2025-10-19 15:00:00,0.05965,0.05966,0.0591,0.05931,1397865.0,2025-10-19 15:59:59.999,82987.81511000,990,713094.00000000,42326.49545000,0
2025-10-19 16:00:00,0.05931,0.05942,0.05919,0.05925,806319.0,2025-10-19 16:59:59.999,47832.94136000,520,225721.00000000,13388.41667000,0
2025-10-19 17:00:00,0.05925,0.05959,0.05887,0.05903,1689337.0,2025-10-19 17:59:59.999,100023.85697000,1211,771516.00000000,45731.29460000,0
2025-10-19 18:00:00,0.05904,0.05925,0.05898,0.05922,767391.0,2025-10-19 18:59:59.999,45343.37373000,430,567716.00000000,33546.90979000,0
2025-10-19 19:00:00,0.05922,0.05932,0.05907,0.05923,1094619.0,2025-10-19 19:59:59.999,64831.79280000,569,835505.00000000,49487.24072000,0
2025-10-19 20:00:00,0.05922,0.05953,0.05832,0.05894,9631150.0,2025-10-19 20:59:59.999,567734.73397000,3283,2988800.00000000,176714.64563000,0
2025-10-19 21:00:00,0.05893,0.05894,0.05863,0.05885,1089519.0,2025-10-19 21:59:59.999,64097.22048000,357,828990.00000000,48792.63008000,0
2025-10-19 22:00:00,0.05886,0.05917,0.05871,0.05902,866888.0,2025-10-19 22:59:59.999,51037.02282000,770,671148.00000000,39513.96144000,0
2025-10-19 23:00:00,0.05901,0.05901,0.05864,0.05873,488880.0,2025-10-19 23:59:59.999,28768.95048000,522,334700.00000000,19689.23791000,0
2025-10-20 00:00:00,0.05872,0.05882,0.05833,0.05879,2817119.0,2025-10-20 00:59:59.999,165054.70318000,2023,2222806.00000000,130250.51843000,0
2025-10-20 01:00:00,0.05879,0.05881,0.05846,0.05846,1776385.0,2025-10-20 01:59:59.999,104063.81956000,1409,875013.00000000,51287.86539000,0
2025-10-20 02:00:00,0.05849,0.05891,0.05847,0.05869,791918.0,2025-10-20 02:59:59.999,46469.75769000,759,492566.00000000,28898.08655000,0
2025-10-20 03:00:00,0.05869,0.05947,0.0585,0.05932,1297521.0,2025-10-20 03:59:59.999,76409.57448000,1261,649944.00000000,38290.58746000,0
2025-10-20 04:00:00,0.05932,0.0595,0.05916,0.0593,1265968.0,2025-10-20 04:59:59.999,75108.72972000,1025,624916.00000000,37047.29083000,0
2025-10-20 05:00:00,0.0593,0.05939,0.05921,0.05932,2306977.0,2025-10-20 05:59:59.999,136799.33772000,1104,419386.00000000,24876.82767000,0
2025-10-20 06:00:00,0.05931,0.05982,0.05925,0.05968,2673201.0,2025-10-20 06:59:59.999,158840.83092000,1636,1503039.00000000,89322.18648000,0
2025-10-20 07:00:00,0.05968,0.05999,0.05927,0.05935,1623826.0,2025-10-20 07:59:59.999,96730.08230000,1545,742020.00000000,44218.79919000,0
2025-10-20 08:00:00,0.05936,0.05956,0.05919,0.05922,2565379.0,2025-10-20 08:59:59.999,152284.04326000,1371,778269.00000000,46191.34580000,0
2025-10-20 09:00:00,0.05921,0.05922,0.05884,0.05915,1234227.0,2025-10-20 09:59:59.999,72799.31831000,1399,572042.00000000,33750.67798000,0
2025-10-20 10:00:00,0.05915,0.05923,0.05862,0.05889,995658.0,2025-10-20 10:59:59.999,58657.84018000,824,394616.00000000,23258.71393000,0
2025-10-20 11:00:00,0.05889,0.05892,0.05856,0.05882,1972418.0,2025-10-20 11:59:59.999,115866.01884000,1016,851513.00000000,50029.09945000,0
2025-10-20 12:00:00,0.05881,0.05895,0.05871,0.05882,1207357.0,2025-10-20 12:59:59.999,71016.73644000,480,912310.00000000,53666.26456000,0
2025-10-20 13:00:00,0.05883,0.05898,0.05861,0.05873,794850.0,2025-10-20 13:59:59.999,46744.77198000,715,505053.00000000,29688.48979000,0
2025-10-20 14:00:00,0.05873,0.05926,0.05861,0.05924,1022935.0,2025-10-20 14:59:59.999,60167.18815000,747,441867.00000000,25992.76442000,0
2025-10-20 15:00:00,0.05925,0.05934,0.05888,0.05888,673935.0,2025-10-20 15:59:59.999,39903.14039000,797,217178.00000000,12859.32480000,0
2025-10-20 16:00:00,0.05887,0.05888,0.058,0.05834,5399877.0,2025-10-20 16:59:59.999,315334.80555000,3632,3560609.00000000,208066.62558000,0
2025-10-20 17:00:00,0.05835,0.05856,0.05824,0.0583,1773359.0,2025-10-20 17:59:59.999,103574.84855000,1590,1082234.00000000,63218.32578000,0
2025-10-20 18:00:00,0.05829,0.05867,0.05817,0.05851,961139.0,2025-10-20 18:59:59.999,56083.47877000,759,599565.00000000,34975.80496000,0
2025-10-20 19:00:00,0.0585,0.05864,0.05839,0.05853,551115.0,2025-10-20 19:59:59.999,32230.73448000,523,304613.00000000,17818.63804000,0
2025-10-20 20:00:00,0.05852,0.05867,0.05844,0.0586,562484.0,2025-10-20 20:59:59.999,32925.28882000,489,271009.00000000,15870.38306000,0
2025-10-20 21:00:00,0.0586,0.05889,0.05811,0.05829,1466783.0,2025-10-20 21:59:59.999,85770.42211000,556,624432.00000000,36528.46037000,0
2025-10-20 22:00:00,0.0583,0.0585,0.05824,0.05841,427455.0,2025-10-20 22:59:59.999,24965.58464000,396,162147.00000000,9463.86140000,0
2025-10-20 23:00:00,0.0584,0.05841,0.05821,0.05834,430972.0,2025-10-20 23:59:59.999,25126.95068000,341,247320.00000000,14423.87767000,0
2025-10-21 00:00:00,0.0583,0.05843,0.0583,0.05833,212350.0,2025-10-21 00:59:59.999,12398.17403000,261,106746.00000000,6232.66450000,0
2025-10-21 01:00:00,0.05833,0.05845,0.05818,0.05834,836711.0,2025-10-21 01:59:59.999,48801.26020000,665,613777.00000000,35796.73485000,0
2025-10-21 02:00:00,0.05834,0.05838,0.05816,0.05825,787316.0,2025-10-21 02:59:59.999,45861.68430000,573,603868.00000000,35177.75644000,0
2025-10-21 03:00:00,0.05824,0.05832,0.05803,0.05823,648933.0,2025-10-21 03:59:59.999,37761.47873000,504,495439.00000000,28833.08455000,0
2025-10-21 04:00:00,0.05822,0.05837,0.058,0.05812,3222930.0,2025-10-21 04:59:59.999,187499.56532000,2051,2300491.00000000,133869.00890000,0
2025-10-21 05:00:00,0.05812,0.05883,0.058,0.0588,2556911.0,2025-10-21 05:59:59.999,149116.46457000,1717,1967868.00000000,114766.60994000,0
2025-10-21 06:00:00,0.05881,0.05946,0.05871,0.05898,2552887.0,2025-10-21 06:59:59.999,150877.90118000,1969,1485674.00000000,87784.99951000,0
2025-10-21 07:00:00,0.05898,0.06103,0.05892,0.06062,7006007.0,2025-10-21 07:59:59.999,420729.14622000,5289,3759129.00000000,225990.99129000,0
2025-10-21 08:00:00,0.06052,0.06223,0.06001,0.06069,21001570.0,2025-10-21 08:59:59.999,1286299.06121000,10014,11567481.00000000,708957.29557000,0
2025-10-21 09:00:00,0.06067,0.06118,0.05989,0.06116,5914541.0,2025-10-21 09:59:59.999,357511.43112000,5030,2941548.00000000,177777.93227000,0
2025-10-21 10:00:00,0.06116,0.0614,0.06037,0.06077,2991712.0,2025-10-21 10:59:59.999,181891.95075000,2973,1496674.00000000,91036.14671000,0
2025-10-21 11:00:00,0.06076,0.06076,0.05996,0.0604,3783995.0,2025-10-21 11:59:59.999,228615.39157000,2328,1521980.00000000,91985.37612000,0
2025-10-21 12:00:00,0.0604,0.06083,0.05989,0.05989,2051808.0,2025-10-21 12:59:59.999,123845.18101000,1702,761773.00000000,46002.77482000,0
2025-10-21 13:00:00,0.0599,0.06005,0.05913,0.05935,3206541.0,2025-10-21 13:59:59.999,190969.79295000,2362,1218671.00000000,72654.54282000,0
2025-10-21 14:00:00,0.05933,0.06041,0.0592,0.0604,3436958.0,2025-10-21 14:59:59.999,205496.55564000,2776,1535702.00000000,91836.30813000,0
2025-10-21 15:00:00,0.06041,0.0614,0.06017,0.06138,5261966.0,2025-10-21 15:59:59.999,320383.52045000,2049,2676435.00000000,162859.12401000,0
2025-10-21 16:00:00,0.06138,0.06177,0.06107,0.06114,3340682.0,2025-10-21 16:59:59.999,204957.06327000,1292,1512966.00000000,92825.67218000,0
2025-10-21 17:00:00,0.06113,0.06136,0.06057,0.061,3830838.0,2025-10-21 17:59:59.999,233778.96387000,1624,1662855.00000000,101616.57973000,0
2025-10-21 18:00:00,0.06099,0.06111,0.06037,0.0605,1462608.0,2025-10-21 18:59:59.999,88565.06568000,894,758892.00000000,45956.98546000,0
2025-10-21 19:00:00,0.0605,0.06053,0.05964,0.05964,2460943.0,2025-10-21 19:59:59.999,148265.94317000,707,509880.00000000,30631.48535000,0
2025-10-21 20:00:00,0.05964,0.05973,0.05923,0.05947,619425.0,2025-10-21 20:59:59.999,36827.48039000,479,329315.00000000,19583.35010000,0
2025-10-21 21:00:00,0.05941,0.05968,0.05895,0.0593,586831.0,2025-10-21 21:59:59.999,34809.40263000,500,310343.00000000,18408.62252000,0
2025-10-21 22:00:00,0.05924,0.05925,0.05838,0.05855,1906498.0,2025-10-21 22:59:59.999,111720.84151000,971,833106.00000000,48838.26990000,0
2025-10-21 23:00:00,0.05856,0.05866,0.05785,0.05804,8641396.0,2025-10-21 23:59:59.999,502787.51334000,2106,3276286.00000000,191019.50641000,0
2025-10-22 00:00:00,0.05805,0.05838,0.05772,0.058,10019042.0,2025-10-22 00:59:59.999,581498.25885000,1842,7582988.00000000,440154.83106000,0
2025-10-22 01:00:00,0.058,0.0583,0.05788,0.05798,2160040.0,2025-10-22 01:59:59.999,125412.34540000,1228,1387507.00000000,80568.88869000,0
2025-10-22 02:00:00,0.05798,0.05804,0.05766,0.05793,1669986.0,2025-10-22 02:59:59.999,96607.22944000,1052,1011431.00000000,58525.45056000,0
2025-10-22 03:00:00,0.05796,0.058,0.05751,0.0578,2406999.0,2025-10-22 03:59:59.999,138957.37214000,1033,945365.00000000,54627.76871000,0
2025-10-22 04:00:00,0.05782,0.05806,0.05772,0.05798,757274.0,2025-10-22 04:59:59.999,43839.27682000,470,556414.00000000,32210.28306000,0
2025-10-22 05:00:00,0.05797,0.05836,0.05773,0.05832,2447004.0,2025-10-22 05:59:59.999,141882.13257000,834,1649569.00000000,95665.40173000,0
2025-10-22 06:00:00,0.05827,0.05832,0.058,0.05802,501194.0,2025-10-22 06:59:59.999,29156.14481000,373,214983.00000000,12508.21324000,0
2025-10-22 07:00:00,0.05798,0.0585,0.05792,0.05843,1834383.0,2025-10-22 07:59:59.999,106781.26456000,717,1176515.00000000,68424.05125000,0
2025-10-22 08:00:00,0.05842,0.05891,0.05805,0.05882,1534850.0,2025-10-22 08:59:59.999,89865.87168000,741,928471.00000000,54382.90857000,0
2025-10-22 09:00:00,0.05878,0.059,0.05855,0.05859,1742802.0,2025-10-22 09:59:59.999,102417.52625000,761,813587.00000000,47801.40424000,0
2025-10-22 10:00:00,0.05863,0.0587,0.05819,0.0582,1514340.0,2025-10-22 10:59:59.999,88386.96859000,598,1044112.00000000,60902.85501000,0
2025-10-22 11:00:00,0.0582,0.05855,0.05777,0.05817,1394542.0,2025-10-22 11:59:59.999,81096.96176000,902,745953.00000000,43378.46635000,0
2025-10-22 12:00:00,0.05817,0.05851,0.05809,0.05824,565059.0,2025-10-22 12:59:59.999,32927.70171000,433,294595.00000000,17169.81757000,0
2025-10-22 13:00:00,0.05825,0.05875,0.05808,0.05859,892309.0,2025-10-22 13:59:59.999,52065.38190000,636,470334.00000000,27439.95048000,0
2025-10-22 14:00:00,0.05854,0.05865,0.05715,0.05804,5860577.0,2025-10-22 14:59:59.999,337961.01599000,2035,2348072.00000000,135498.79155000,0
2025-10-22 15:00:00,0.05805,0.05984,0.0574,0.05882,10698757.0,2025-10-22 15:59:59.999,626593.79392000,3693,7426787.00000000,434652.01464000,0
2025-10-22 16:00:00,0.05879,0.0593,0.05849,0.05892,7567009.0,2025-10-22 16:59:59.999,446144.50841000,2172,5304640.00000000,312881.93388000,0
2025-10-22 17:00:00,0.05892,0.05921,0.05823,0.0585,2087493.0,2025-10-22 17:59:59.999,122772.14309000,1105,898214.00000000,52772.34747000,0
2025-10-22 18:00:00,0.05851,0.0588,0.05803,0.05842,7618495.0,2025-10-22 18:59:59.999,445523.70813000,1494,6008519.00000000,351381.82371000,0
2025-10-22 19:00:00,0.05847,0.05898,0.0582,0.05858,1133496.0,2025-10-22 19:59:59.999,66422.96422000,640,507347.00000000,29709.80073000,0
2025-10-22 20:00:00,0.05858,0.05861,0.05824,0.05839,1284685.0,2025-10-22 20:59:59.999,75026.31181000,523,771363.00000000,45039.95435000,0
2025-10-22 21:00:00,0.05837,0.0584,0.05776,0.05825,2009018.0,2025-10-22 21:59:59.999,116855.34103000,896,1108908.00000000,64541.88282000,0
2025-10-22 22:00:00,0.05826,0.05859,0.05772,0.05794,1828364.0,2025-10-22 22:59:59.999,106110.12073000,972,796362.00000000,46180.25038000,0
2025-10-22 23:00:00,0.05795,0.05838,0.05791,0.05804,1877788.0,2025-10-22 23:59:59.999,109117.31070000,1133,641016.00000000,37254.66474000,0
2025-10-23 00:00:00,0.05803,0.05815,0.05794,0.058,693464.0,2025-10-23 00:59:59.999,40251.57022000,743,357329.00000000,20739.43695000,0
2025-10-23 01:00:00,0.058,0.05819,0.05797,0.05802,372192.0,2025-10-23 01:59:59.999,21617.58377000,502,188886.00000000,10967.88847000,0
2025-10-23 02:00:00,0.05801,0.05815,0.05795,0.05798,291092.0,2025-10-23 02:59:59.999,16896.05195000,338,139825.00000000,8113.24543000,0
2025-10-23 03:00:00,0.05799,0.05816,0.05789,0.05796,496054.0,2025-10-23 03:59:59.999,28792.67092000,410,214485.00000000,12445.18546000,0
2025-10-23 04:00:00,0.05795,0.05868,0.0579,0.05833,931123.0,2025-10-23 04:59:59.999,54267.64130000,777,637939.00000000,37143.76312000,0
2025-10-23 05:00:00,0.05831,0.05911,0.0582,0.05862,1638639.0,2025-10-23 05:59:59.999,96161.18655000,1506,964253.00000000,56584.24413000,0
2025-10-23 06:00:00,0.05863,0.05913,0.05861,0.05894,952282.0,2025-10-23 06:59:59.999,56072.02113000,919,386777.00000000,22770.72094000,0
2025-10-23 07:00:00,0.05895,0.05929,0.05868,0.05879,745056.0,2025-10-23 07:59:59.999,43896.72251000,745,301707.00000000,17775.90887000,0
2025-10-23 08:00:00,0.0588,0.05895,0.0587,0.05876,473926.0,2025-10-23 08:59:59.999,27885.50535000,619,200550.00000000,11798.23753000,0
2025-10-23 09:00:00,0.05877,0.05885,0.05871,0.05875,402840.0,2025-10-23 09:59:59.999,23680.49948000,428,212292.00000000,12478.21364000,0
2025-10-23 10:00:00,0.05876,0.05991,0.05874,0.05961,5990056.0,2025-10-23 10:59:59.999,356244.22250000,2152,2954862.00000000,175530.35078000,0
2025-10-23 11:00:00,0.0596,0.05967,0.05932,0.05945,2481389.0,2025-10-23 11:59:59.999,147823.66692000,636,540270.00000000,32160.89371000,0
2025-10-23 12:00:00,0.05945,0.05951,0.05914,0.05948,530901.0,2025-10-23 12:59:59.999,31513.06091000,652,217583.00000000,12911.18496000,0
2025-10-23 13:00:00,0.05947,0.05978,0.05925,0.05975,766356.0,2025-10-23 13:59:59.999,45660.24861000,828,425050.00000000,25329.29964000,0
2025-10-23 14:00:00,0.05976,0.05988,0.05943,0.0597,565122.0,2025-10-23 14:59:59.999,33710.10298000,817,213366.00000000,12723.51111000,0
2025-10-23 15:00:00,0.05972,0.05982,0.05929,0.05952,814555.0,2025-10-23 15:59:59.999,48510.43739000,908,412534.00000000,24564.52714000,0
2025-10-23 16:00:00,0.05953,0.06006,0.05951,0.05995,788991.0,2025-10-23 16:59:59.999,47096.01404000,772,301777.00000000,18011.86447000,0
2025-10-23 17:00:00,0.05995,0.06049,0.05975,0.06004,3030686.0,2025-10-23 17:59:59.999,182232.13121000,2226,912836.00000000,54848.29211000,0
2025-10-23 18:00:00,0.06004,0.06058,0.05991,0.05991,2454994.0,2025-10-23 18:59:59.999,147853.07547000,1692,1525188.00000000,91863.24688000,0
2025-10-23 19:00:00,0.05993,0.05994,0.05952,0.05952,333432.0,2025-10-23 19:59:59.999,19910.17707000,529,225096.00000000,13440.15769000,0
2025-10-23 20:00:00,0.05951,0.05951,0.0587,0.0589,3083978.0,2025-10-23 20:59:59.999,181981.02412000,1928,729737.00000000,43125.24776000,0
2025-10-23 21:00:00,0.05888,0.05899,0.05874,0.05876,333363.0,2025-10-23 21:59:59.999,19628.86873000,269,183117.00000000,10778.46032000,0
2025-10-23 22:00:00,0.05874,0.05891,0.05862,0.05869,567067.0,2025-10-23 22:59:59.999,33336.94855000,544,343150.00000000,20169.35603000,0
2025-10-23 23:00:00,0.0587,0.05871,0.05841,0.05857,767596.0,2025-10-23 23:59:59.999,44922.90487000,753,543113.00000000,31779.87291000,0
2025-10-24 00:00:00,0.05858,0.05871,0.05852,0.05867,585539.0,2025-10-24 00:59:59.999,34328.19711000,642,284491.00000000,16679.27285000,0
2025-10-24 01:00:00,0.05867,0.05909,0.05853,0.05903,987990.0,2025-10-24 01:59:59.999,58071.62249000,707,727728.00000000,42777.31646000,0
2025-10-24 02:00:00,0.05902,0.05954,0.05881,0.05941,1591042.0,2025-10-24 02:59:59.999,94209.90031000,1014,980747.00000000,58087.72011000,0
2025-10-24 03:00:00,0.0594,0.05959,0.0592,0.0594,644487.0,2025-10-24 03:59:59.999,38273.39416000,502,337965.00000000,20066.02466000,0
2025-10-24 04:00:00,0.0594,0.05988,0.05926,0.05982,722425.0,2025-10-24 04:59:59.999,43103.91749000,832,470037.00000000,28058.15819000,0
2025-10-24 05:00:00,0.05982,0.05984,0.0597,0.05972,411638.0,2025-10-24 05:59:59.999,24603.38803000,418,200524.00000000,11986.42522000,0
2025-10-24 06:00:00,0.05973,0.05981,0.05958,0.05975,509922.0,2025-10-24 06:59:59.999,30437.90501000,494,334750.00000000,19979.78967000,0
2025-10-24 07:00:00,0.05974,0.05983,0.0592,0.0594,1021348.0,2025-10-24 07:59:59.999,60780.81817000,888,611610.00000000,36372.74271000,0
2025-10-24 08:00:00,0.05941,0.05952,0.05918,0.05937,566250.0,2025-10-24 08:59:59.999,33602.18328000,631,332272.00000000,19715.46161000,0
2025-10-24 09:00:00,0.05936,0.05937,0.05915,0.05931,729487.0,2025-10-24 09:59:59.999,43237.50470000,577,428919.00000000,25425.92946000,0
2025-10-24 10:00:00,0.05932,0.05982,0.05887,0.05943,1864654.0,2025-10-24 10:59:59.999,110533.24770000,1291,1446486.00000000,85789.69834000,0
2025-10-24 11:00:00,0.05941,0.05941,0.05893,0.05924,787607.0,2025-10-24 11:59:59.999,46581.36116000,897,516413.00000000,30543.19917000,0
2025-10-24 12:00:00,0.05925,0.06025,0.05902,0.05954,1906648.0,2025-10-24 12:59:59.999,113654.21331000,2126,865989.00000000,51587.14670000,0
2025-10-24 13:00:00,0.05954,0.0596,0.05908,0.05931,1153942.0,2025-10-24 13:59:59.999,68522.13260000,1365,598814.00000000,35565.17377000,0
2025-10-24 14:00:00,0.05931,0.05931,0.05873,0.05903,1091061.0,2025-10-24 14:59:59.999,64386.60117000,1271,465835.00000000,27491.15463000,0
2025-10-24 15:00:00,0.05902,0.05906,0.05783,0.05821,7586020.0,2025-10-24 15:59:59.999,443413.64852000,1704,4440518.00000000,259433.58843000,0
2025-10-24 16:00:00,0.05821,0.05824,0.05726,0.05765,7657416.0,2025-10-24 16:59:59.999,442380.07888000,3404,2109805.00000000,121692.73286000,0
2025-10-24 17:00:00,0.05766,0.05818,0.05766,0.0578,669131.0,2025-10-24 17:59:59.999,38756.60224000,611,346869.00000000,20086.45926000,0
2025-10-24 18:00:00,0.05778,0.05786,0.05766,0.05782,720116.0,2025-10-24 18:59:59.999,41581.14393000,564,484513.00000000,27973.30729000,0
2025-10-24 19:00:00,0.05782,0.05817,0.0578,0.05788,921839.0,2025-10-24 19:59:59.999,53449.56321000,594,351228.00000000,20366.38375000,0
2025-10-24 20:00:00,0.05788,0.05818,0.05788,0.0581,320080.0,2025-10-24 20:59:59.999,18581.54121000,311,164118.00000000,9528.52317000,0
2025-10-24 21:00:00,0.0581,0.05822,0.058,0.05809,641407.0,2025-10-24 21:59:59.999,37280.45648000,350,219027.00000000,12723.36663000,0
2025-10-24 22:00:00,0.05809,0.05825,0.05804,0.05812,540196.0,2025-10-24 22:59:59.999,31415.46321000,289,425565.00000000,24744.48324000,0
2025-10-24 23:00:00,0.05811,0.05813,0.05784,0.05791,1103631.0,2025-10-24 23:59:59.999,63972.31610000,541,474170.00000000,27496.54683000,0
2025-10-25 00:00:00,0.05789,0.05809,0.05781,0.05809,1649342.0,2025-10-25 00:59:59.999,95608.07459000,921,899976.00000000,52145.40022000,0
2025-10-25 01:00:00,0.0581,0.05827,0.05799,0.05814,1169972.0,2025-10-25 01:59:59.999,68056.67511000,494,501686.00000000,29175.61037000,0
2025-10-25 02:00:00,0.05816,0.0582,0.0581,0.05813,105799.0,2025-10-25 02:59:59.999,6151.97658000,142,58014.00000000,3373.20283000,0
2025-10-25 03:00:00,0.05812,0.05817,0.05798,0.05814,449812.0,2025-10-25 03:59:59.999,26122.23873000,318,340454.00000000,19771.73249000,0
2025-10-25 04:00:00,0.05817,0.05819,0.05797,0.05802,405544.0,2025-10-25 04:59:59.999,23555.59598000,245,278282.00000000,16165.92373000,0
2025-10-25 05:00:00,0.05796,0.05807,0.05769,0.05806,802961.0,2025-10-25 05:59:59.999,46458.20185000,481,540370.00000000,31264.35598000,0
2025-10-25 06:00:00,0.05809,0.05809,0.05766,0.05774,985265.0,2025-10-25 06:59:59.999,56938.72175000,470,483699.00000000,27969.11605000,0
2025-10-25 07:00:00,0.05772,0.05792,0.05756,0.05777,1042249.0,2025-10-25 07:59:59.999,60161.13270000,450,699671.00000000,40404.27991000,0
2025-10-25 08:00:00,0.05776,0.05801,0.05775,0.05799,380664.0,2025-10-25 08:59:59.999,22049.83582000,235,150305.00000000,8699.17173000,0
2025-10-25 09:00:00,0.05799,0.05807,0.05793,0.05793,302365.0,2025-10-25 09:59:59.999,17537.91546000,296,135348.00000000,7849.89214000,0
2025-10-25 10:00:00,0.05793,0.05806,0.0579,0.05796,1091666.0,2025-10-25 10:59:59.999,63227.87216000,324,188656.00000000,10935.94034000,0
2025-10-25 11:00:00,0.05795,0.05805,0.05791,0.05797,490791.0,2025-10-25 11:59:59.999,28452.20135000,204,223856.00000000,12973.91503000,0
2025-10-25 12:00:00,0.05796,0.05811,0.05795,0.05802,216496.0,2025-10-25 12:59:59.999,12565.23939000,221,151272.00000000,8781.07646000,0
2025-10-25 13:00:00,0.05802,0.05807,0.05787,0.05804,218592.0,2025-10-25 13:59:59.999,12670.96689000,222,94914.00000000,5503.45363000,0
2025-10-25 14:00:00,0.05803,0.0582,0.05801,0.0582,440951.0,2025-10-25 14:59:59.999,25610.54831000,303,183044.00000000,10632.90740000,0
2025-10-25 15:00:00,0.05819,0.0585,0.05808,0.05823,2088036.0,2025-10-25 15:59:59.999,121734.51481000,457,989762.00000000,57650.98583000,0
2025-10-25 16:00:00,0.05822,0.05874,0.05822,0.0587,774973.0,2025-10-25 16:59:59.999,45379.67081000,488,428456.00000000,25083.45416000,0
2025-10-25 17:00:00,0.0587,0.0587,0.0584,0.05843,328047.0,2025-10-25 17:59:59.999,19205.63723000,231,119933.00000000,7018.99738000,0
2025-10-25 18:00:00,0.05837,0.05862,0.05827,0.05851,340254.0,2025-10-25 18:59:59.999,19888.94249000,283,222307.00000000,13005.04870000,0
2025-10-25 19:00:00,0.05851,0.05851,0.05829,0.0583,377567.0,2025-10-25 19:59:59.999,22041.55150000,351,267353.00000000,15608.23047000,0
2025-10-25 20:00:00,0.05831,0.05838,0.05816,0.0582,282761.0,2025-10-25 20:59:59.999,16477.68021000,338,142207.00000000,8286.93227000,0
2025-10-25 21:00:00,0.05819,0.05819,0.05779,0.05787,470793.0,2025-10-25 21:59:59.999,27295.29523000,265,329001.00000000,19073.67474000,0
2025-10-25 22:00:00,0.05785,0.05785,0.05736,0.05764,5082658.0,2025-10-25 22:59:59.999,292419.51221000,1547,3349381.00000000,192724.94624000,0
2025-10-25 23:00:00,0.05764,0.0577,0.05742,0.05761,843655.0,2025-10-25 23:59:59.999,48581.28284000,329,520606.00000000,29958.98227000,0
2025-10-26 00:00:00,0.0576,0.05819,0.05746,0.0579,1169681.0,2025-10-26 00:59:59.999,67735.10416000,399,468452.00000000,27144.76104000,0
2025-10-26 01:00:00,0.0579,0.05811,0.05766,0.05776,1908014.0,2025-10-26 01:59:59.999,110553.69914000,571,578392.00000000,33520.91734000,0
2025-10-26 02:00:00,0.05772,0.05772,0.05751,0.05762,270448.0,2025-10-26 02:59:59.999,15574.54225000,249,222690.00000000,12823.98874000,0
2025-10-26 03:00:00,0.05753,0.05771,0.05751,0.05769,166737.0,2025-10-26 03:59:59.999,9605.15783000,139,99255.00000000,5717.24403000,0
2025-10-26 04:00:00,0.05769,0.05782,0.05769,0.0577,218736.0,2025-10-26 04:59:59.999,12632.42913000,275,96217.00000000,5556.91380000,0
2025-10-26 05:00:00,0.0577,0.05783,0.05755,0.05782,670062.0,2025-10-26 05:59:59.999,38614.27506000,337,514648.00000000,29659.29733000,0
2025-10-26 06:00:00,0.0578,0.05794,0.05776,0.05779,245373.0,2025-10-26 06:59:59.999,14185.63264000,232,97528.00000000,5640.96022000,0
2025-10-26 07:00:00,0.05776,0.05781,0.05759,0.05767,329235.0,2025-10-26 07:59:59.999,19000.53681000,304,164848.00000000,9512.89083000,0
2025-10-26 08:00:00,0.05773,0.05782,0.05726,0.05739,4506813.0,2025-10-26 08:59:59.999,258880.23904000,779,3392086.00000000,194796.11432000,0
2025-10-26 09:00:00,0.05741,0.05793,0.05713,0.05781,2394134.0,2025-10-26 09:59:59.999,137399.75603000,827,1704567.00000000,97821.51289000,0
2025-10-26 10:00:00,0.05785,0.05793,0.05764,0.05782,823353.0,2025-10-26 10:59:59.999,47598.57206000,423,441140.00000000,25508.86505000,0
2025-10-26 11:00:00,0.05784,0.05886,0.05768,0.05844,4111903.0,2025-10-26 11:59:59.999,239768.20318000,1810,2177332.00000000,127125.42694000,0
2025-10-26 12:00:00,0.05844,0.059,0.05844,0.05863,1631873.0,2025-10-26 12:59:59.999,95778.54268000,1753,1110555.00000000,65181.34660000,0
2025-10-26 13:00:00,0.05864,0.05914,0.05859,0.05892,1870614.0,2025-10-26 13:59:59.999,110145.95662000,1037,1225089.00000000,72127.55474000,0
2025-10-26 14:00:00,0.05893,0.05893,0.05851,0.05868,552307.0,2025-10-26 14:59:59.999,32409.67035000,510,321010.00000000,18835.50103000,0
2025-10-26 15:00:00,0.05869,0.05896,0.05849,0.05896,720654.0,2025-10-26 15:59:59.999,42271.87854000,471,418627.00000000,24547.87358000,0
2025-10-26 16:00:00,0.05896,0.05944,0.05864,0.05944,1414048.0,2025-10-26 16:59:59.999,83555.83862000,749,548557.00000000,32429.98262000,0
2025-10-26 17:00:00,0.05942,0.05957,0.05927,0.05933,580636.0,2025-10-26 17:59:59.999,34505.49865000,366,256723.00000000,15257.67479000,0
2025-10-26 18:00:00,0.05931,0.05956,0.05916,0.05924,444152.0,2025-10-26 18:59:59.999,26349.76902000,379,180378.00000000,10693.32383000,0
2025-10-26 19:00:00,0.05922,0.05944,0.05917,0.05941,610482.0,2025-10-26 19:59:59.999,36195.57624000,425,356919.00000000,21166.34530000,0
2025-10-26 20:00:00,0.05939,0.05943,0.05903,0.05924,331570.0,2025-10-26 20:59:59.999,19632.79802000,442,98001.00000000,5801.25018000,0
2025-10-26 21:00:00,0.05924,0.05932,0.05905,0.05923,453726.0,2025-10-26 21:59:59.999,26860.81816000,630,162224.00000000,9600.34854000,0
2025-10-26 22:00:00,0.05923,0.05992,0.05922,0.05955,1024501.0,2025-10-26 22:59:59.999,60971.69183000,663,651510.00000000,38761.72367000,0
2025-10-26 23:00:00,0.05956,0.05965,0.05915,0.05916,714101.0,2025-10-26 23:59:59.999,42398.35147000,455,309181.00000000,18348.52654000,0
2025-10-27 00:00:00,0.05918,0.05992,0.05912,0.05974,3553059.0,2025-10-27 00:59:59.999,211718.04527000,918,1885770.00000000,112299.04668000,0
2025-10-27 01:00:00,0.05974,0.06005,0.05972,0.06,1953009.0,2025-10-27 01:59:59.999,116944.46663000,942,321596.00000000,19269.89695000,0
2025-10-27 02:00:00,0.05998,0.0605,0.05966,0.05992,2319754.0,2025-10-27 02:59:59.999,139454.49740000,1184,1424843.00000000,85686.19211000,0
2025-10-27 03:00:00,0.05991,0.05999,0.05972,0.05982,315017.0,2025-10-27 03:59:59.999,18855.61864000,345,186575.00000000,11166.94121000,0
2025-10-27 04:00:00,0.05985,0.06002,0.05974,0.06001,369858.0,2025-10-27 04:59:59.999,22159.11934000,350,147445.00000000,8838.12817000,0
2025-10-27 05:00:00,0.06002,0.06036,0.05995,0.06007,2628959.0,2025-10-27 05:59:59.999,158065.41397000,721,591308.00000000,35583.40467000,0
2025-10-27 06:00:00,0.06006,0.06006,0.05977,0.05992,440065.0,2025-10-27 06:59:59.999,26359.39198000,448,216143.00000000,12944.77039000,0
2025-10-27 07:00:00,0.05991,0.05999,0.05936,0.05962,1181281.0,2025-10-27 07:59:59.999,70408.16901000,688,389179.00000000,23193.79471000,0
2025-10-27 08:00:00,0.05963,0.06064,0.0596,0.06001,3900177.0,2025-10-27 08:59:59.999,234881.43082000,2157,1592500.00000000,95988.40372000,0
2025-10-27 09:00:00,0.06002,0.06003,0.05942,0.05947,903173.0,2025-10-27 09:59:59.999,53872.01333000,854,378392.00000000,22565.77759000,0
2025-10-27 10:00:00,0.05946,0.05946,0.05911,0.05926,1185755.0,2025-10-27 10:59:59.999,70303.26718000,772,621617.00000000,36842.66904000,0
2025-10-27 11:00:00,0.0593,0.05942,0.0589,0.05896,565761.0,2025-10-27 11:59:59.999,33416.85992000,617,285724.00000000,16868.92022000,0
2025-10-27 12:00:00,0.05898,0.05898,0.05867,0.05871,713103.0,2025-10-27 12:59:59.999,41940.34418000,578,338943.00000000,19941.41240000,0
2025-10-27 13:00:00,0.05871,0.05897,0.0581,0.05866,1059517.0,2025-10-27 13:59:59.999,62133.08344000,900,514061.00000000,30167.87013000,0
2025-10-27 14:00:00,0.05869,0.05876,0.05812,0.05823,702059.0,2025-10-27 14:59:59.999,40951.24097000,663,303122.00000000,17683.17301000,0
2025-10-27 15:00:00,0.05825,0.05846,0.05818,0.05829,765167.0,2025-10-27 15:59:59.999,44612.68768000,582,424216.00000000,24736.61279000,0
2025-10-27 16:00:00,0.0583,0.05898,0.0583,0.05882,1020043.0,2025-10-27 16:59:59.999,59796.42037000,678,567803.00000000,33294.95633000,0
2025-10-27 17:00:00,0.05883,0.05904,0.05872,0.05886,682428.0,2025-10-27 17:59:59.999,40188.96187000,506,181897.00000000,10714.85031000,0
2025-10-27 18:00:00,0.05884,0.05894,0.05868,0.05875,564094.0,2025-10-27 18:59:59.999,33163.86722000,467,307049.00000000,18048.08660000,0
2025-10-27 19:00:00,0.05876,0.05899,0.05865,0.05871,964667.0,2025-10-27 19:59:59.999,56710.08702000,651,507815.00000000,29847.36620000,0
2025-10-27 20:00:00,0.05871,0.05879,0.05861,0.05863,1389572.0,2025-10-27 20:59:59.999,81589.57163000,789,992163.00000000,58256.58970000,0
2025-10-27 21:00:00,0.05863,0.05881,0.05861,0.05865,407553.0,2025-10-27 21:59:59.999,23925.52517000,387,168880.00000000,9913.78443000,0
2025-10-27 22:00:00,0.05864,0.05886,0.05849,0.05856,532361.0,2025-10-27 22:59:59.999,31242.93777000,552,167019.00000000,9797.39549000,0
2025-10-27 23:00:00,0.05857,0.05924,0.05849,0.0591,2852331.0,2025-10-27 23:59:59.999,168156.65816000,1255,1273337.00000000,75016.68519000,0
2025-10-28 00:00:00,0.0591,0.05935,0.0591,0.05921,1024525.0,2025-10-28 00:59:59.999,60675.16675000,984,501300.00000000,29690.52650000,0
2025-10-28 01:00:00,0.05922,0.05959,0.05922,0.05958,885419.0,2025-10-28 01:59:59.999,52669.37248000,897,385398.00000000,22921.21059000,0
2025-10-28 02:00:00,0.05958,0.06032,0.05923,0.06003,6648169.0,2025-10-28 02:59:59.999,397637.47929000,2386,2247645.00000000,134535.18074000,0
2025-10-28 03:00:00,0.06003,0.06005,0.05922,0.05936,1446086.0,2025-10-28 03:59:59.999,86153.21211000,1519,701246.00000000,41765.56162000,0
2025-10-28 04:00:00,0.05936,0.0597,0.05928,0.05963,597920.0,2025-10-28 04:59:59.999,35540.81491000,801,260943.00000000,15521.78976000,0
2025-10-28 05:00:00,0.05963,0.05969,0.05903,0.0591,1316898.0,2025-10-28 05:59:59.999,78100.76362000,1245,726812.00000000,43118.36575000,0
2025-10-28 06:00:00,0.0591,0.05966,0.05902,0.05966,783007.0,2025-10-28 06:59:59.999,46417.52855000,924,370082.00000000,21950.01564000,0
2025-10-28 07:00:00,0.05966,0.05974,0.05887,0.05888,1051042.0,2025-10-28 07:59:59.999,62377.00720000,1090,599392.00000000,35546.81653000,0
2025-10-28 08:00:00,0.05888,0.05897,0.05873,0.05877,750645.0,2025-10-28 08:59:59.999,44184.25601000,722,443386.00000000,26098.16738000,0
2025-10-28 09:00:00,0.05878,0.05942,0.05852,0.05915,3641617.0,2025-10-28 09:59:59.999,214884.59876000,2173,1870822.00000000,110366.68893000,0
2025-10-28 10:00:00,0.05915,0.05916,0.059,0.05903,627220.0,2025-10-28 10:59:59.999,37041.29686000,540,200208.00000000,11823.26176000,0
2025-10-28 11:00:00,0.05904,0.05912,0.05878,0.05879,1504618.0,2025-10-28 11:59:59.999,88773.65931000,726,267391.00000000,15774.40400000,0
2025-10-28 12:00:00,0.05879,0.05908,0.05863,0.05902,530238.0,2025-10-28 12:59:59.999,31196.08515000,732,255383.00000000,15023.25384000,0
2025-10-28 13:00:00,0.05902,0.05943,0.05902,0.05939,747536.0,2025-10-28 13:59:59.999,44327.08947000,1087,394523.00000000,23389.71770000,0
2025-10-28 14:00:00,0.0594,0.05951,0.05835,0.05904,1349272.0,2025-10-28 14:59:59.999,79538.27036000,1833,709304.00000000,41789.77408000,0
2025-10-28 15:00:00,0.05905,0.0592,0.05869,0.05892,755808.0,2025-10-28 15:59:59.999,44545.88161000,1061,371511.00000000,21890.62791000,0
2025-10-28 16:00:00,0.05889,0.05901,0.05858,0.05882,788747.0,2025-10-28 16:59:59.999,46401.16655000,1161,436587.00000000,25674.54620000,0
2025-10-28 17:00:00,0.05882,0.05889,0.05858,0.05877,625127.0,2025-10-28 17:59:59.999,36731.52611000,724,332319.00000000,19522.55398000,0
2025-10-28 18:00:00,0.05876,0.05878,0.05846,0.05863,934120.0,2025-10-28 18:59:59.999,54766.79925000,893,621404.00000000,36430.35545000,0
2025-10-28 19:00:00,0.05864,0.05867,0.05815,0.05835,2771598.0,2025-10-28 19:59:59.999,161864.67209000,2002,2065644.00000000,120613.21542000,0
2025-10-28 20:00:00,0.05834,0.05846,0.05781,0.05829,3002137.0,2025-10-28 20:59:59.999,174658.63801000,2840,1954320.00000000,113727.97756000,0
2025-10-28 21:00:00,0.05828,0.05855,0.05784,0.05831,1284699.0,2025-10-28 21:59:59.999,74822.34031000,1020,701042.00000000,40819.06679000,0
2025-10-28 22:00:00,0.05831,0.05879,0.05824,0.0584,1638027.0,2025-10-28 22:59:59.999,95815.90533000,1423,798380.00000000,46685.43054000,0
2025-10-28 23:00:00,0.05839,0.05839,0.05817,0.05833,478450.0,2025-10-28 23:59:59.999,27889.66268000,475,346401.00000000,20191.45584000,0
2025-10-29 00:00:00,0.05833,0.05847,0.05824,0.05829,300010.0,2025-10-29 00:59:59.999,17506.44242000,406,178823.00000000,10434.86109000,0
2025-10-29 01:00:00,0.05829,0.05858,0.05824,0.05843,306950.0,2025-10-29 01:59:59.999,17918.25641000,401,175939.00000000,10265.16289000,0
2025-10-29 02:00:00,0.05842,0.05857,0.05835,0.05847,364011.0,2025-10-29 02:59:59.999,21278.15225000,329,225956.00000000,13209.83000000,0
2025-10-29 03:00:00,0.05846,0.05846,0.05824,0.05827,521469.0,2025-10-29 03:59:59.999,30402.76237000,448,356210.00000000,20765.22745000,0
2025-10-29 04:00:00,0.05827,0.05852,0.05824,0.05833,659087.0,2025-10-29 04:59:59.999,38471.34702000,432,428519.00000000,25010.95717000,0
2025-10-29 05:00:00,0.05832,0.05841,0.05826,0.05831,343381.0,2025-10-29 05:59:59.999,20027.05406000,372,178104.00000000,10385.98389000,0
2025-10-29 06:00:00,0.0583,0.05835,0.05827,0.0583,198507.0,2025-10-29 06:59:59.999,11574.45715000,223,117861.00000000,6872.19621000,0
2025-10-29 07:00:00,0.0583,0.05838,0.05823,0.05828,258839.0,2025-10-29 07:59:59.999,15090.05100000,315,175358.00000000,10223.66000000,0
2025-10-29 08:00:00,0.05827,0.05834,0.05818,0.0582,457058.0,2025-10-29 08:59:59.999,26622.39096000,383,249765.00000000,14550.61615000,0
2025-10-29 09:00:00,0.05821,0.05835,0.0581,0.05821,316134.0,2025-10-29 09:59:59.999,18405.61515000,318,123870.00000000,7210.79809000,0
2025-10-29 10:00:00,0.05822,0.05858,0.05821,0.05832,306771.0,2025-10-29 10:59:59.999,17919.70839000,349,207339.00000000,12115.13538000,0
2025-10-29 11:00:00,0.05832,0.05857,0.05829,0.05847,277290.0,2025-10-29 11:59:59.999,16207.49971000,377,161241.00000000,9422.06216000,0
2025-10-29 12:00:00,0.05847,0.05855,0.05818,0.05826,1110888.0,2025-10-29 12:59:59.999,64796.70260000,693,463900.00000000,27054.41159000,0
2025-10-29 13:00:00,0.05827,0.05863,0.05827,0.05849,917909.0,2025-10-29 13:59:59.999,53660.84491000,847,696339.00000000,40707.15600000,0
2025-10-29 14:00:00,0.05849,0.05855,0.05828,0.05836,453107.0,2025-10-29 14:59:59.999,26461.02787000,469,257834.00000000,15055.56133000,0
2025-10-29 15:00:00,0.05837,0.05842,0.05795,0.05841,1703101.0,2025-10-29 15:59:59.999,99059.61307000,771,926816.00000000,53903.17947000,0
2025-10-29 16:00:00,0.05842,0.05875,0.05836,0.05842,838641.0,2025-10-29 16:59:59.999,49065.76743000,467,331114.00000000,19371.10795000,0
2025-10-29 17:00:00,0.05844,0.0588,0.0583,0.0585,2258534.0,2025-10-29 17:59:59.999,131908.67893000,892,471301.00000000,27561.34181000,0
2025-10-29 18:00:00,0.05852,0.05862,0.05708,0.05832,7691877.0,2025-10-29 18:59:59.999,445818.80903000,4006,2807791.00000000,162367.98710000,0
2025-10-29 19:00:00,0.05832,0.05898,0.05823,0.05874,1279018.0,2025-10-29 19:59:59.999,75037.47624000,1355,628901.00000000,36890.17501000,0
2025-10-29 20:00:00,0.05876,0.05936,0.05851,0.05915,901950.0,2025-10-29 20:59:59.999,53183.75049000,689,458359.00000000,27033.93063000,0
2025-10-29 21:00:00,0.05915,0.05941,0.05909,0.05933,298773.0,2025-10-29 21:59:59.999,17700.01352000,212,106525.00000000,6309.91967000,0
2025-10-29 22:00:00,0.05933,0.05955,0.05912,0.05926,804674.0,2025-10-29 22:59:59.999,47738.51082000,584,325236.00000000,19283.98467000,0
2025-10-29 23:00:00,0.05928,0.05929,0.05864,0.05866,1607387.0,2025-10-29 23:59:59.999,94978.94324000,1134,1088668.00000000,64351.98702000,0
2025-10-30 00:00:00,0.05867,0.05932,0.05858,0.05929,930047.0,2025-10-30 00:59:59.999,54825.74595000,673,598121.00000000,35268.09015000,0
2025-10-30 01:00:00,0.05929,0.05956,0.05912,0.05942,796700.0,2025-10-30 01:59:59.999,47262.30751000,433,472953.00000000,28053.57327000,0
2025-10-30 02:00:00,0.05936,0.05992,0.05927,0.05988,993177.0,2025-10-30 02:59:59.999,59211.55295000,469,604604.00000000,36057.30119000,0
2025-10-30 03:00:00,0.05988,0.06039,0.05978,0.06035,2186807.0,2025-10-30 03:59:59.999,131522.30270000,909,1411020.00000000,84886.57494000,0
2025-10-30 04:00:00,0.06036,0.06069,0.05859,0.05921,3942432.0,2025-10-30 04:59:59.999,233916.26953000,1970,2080042.00000000,123416.51691000,0
2025-10-30 05:00:00,0.05917,0.06032,0.05908,0.06022,1299818.0,2025-10-30 05:59:59.999,77436.20109000,882,516823.00000000,30773.06219000,0
2025-10-30 06:00:00,0.0602,0.06023,0.0595,0.05952,896144.0,2025-10-30 06:59:59.999,53588.25295000,837,450417.00000000,26920.53737000,0
2025-10-30 07:00:00,0.05952,0.06017,0.05945,0.05986,1471511.0,2025-10-30 07:59:59.999,88073.67607000,757,1121264.00000000,67117.54075000,0
2025-10-30 08:00:00,0.05987,0.05987,0.05872,0.05874,1846537.0,2025-10-30 08:59:59.999,109646.64525000,1051,1087099.00000000,64553.87980000,0
2025-10-30 09:00:00,0.05872,0.05877,0.05787,0.05796,1999538.0,2025-10-30 09:59:59.999,116388.10782000,1590,1304518.00000000,75935.06987000,0
2025-10-30 10:00:00,0.05794,0.05802,0.05767,0.05774,1177946.0,2025-10-30 10:59:59.999,68096.06717000,844,578833.00000000,33470.14177000,0
2025-10-30 11:00:00,0.05774,0.05778,0.05747,0.05762,787884.0,2025-10-30 11:59:59.999,45394.38674000,556,427845.00000000,24647.21359000,0
2025-10-30 12:00:00,0.05762,0.05796,0.05729,0.05744,1467455.0,2025-10-30 12:59:59.999,84554.84434000,907,592607.00000000,34134.67787000,0
2025-10-30 13:00:00,0.05744,0.05766,0.05656,0.0567,2164893.0,2025-10-30 13:59:59.999,123741.58529000,988,1000459.00000000,57133.90919000,0
2025-10-30 14:00:00,0.05669,0.05793,0.05657,0.05764,4969610.0,2025-10-30 14:59:59.999,284511.07030000,1374,3730859.00000000,213566.75715000,0
2025-10-30 15:00:00,0.05771,0.0579,0.0571,0.0572,8053042.0,2025-10-30 15:59:59.999,463431.86324000,2414,5088568.00000000,293068.21755000,0
2025-10-30 16:00:00,0.05721,0.05777,0.05709,0.05759,2596282.0,2025-10-30 16:59:59.999,149473.40700000,1390,1902870.00000000,109519.73750000,0
2025-10-30 17:00:00,0.0576,0.05768,0.05663,0.05687,4686996.0,2025-10-30 17:59:59.999,267912.01772000,2118,2781095.00000000,159035.47177000,0
2025-10-30 18:00:00,0.05687,0.05703,0.05635,0.05642,1820260.0,2025-10-30 18:59:59.999,103276.68734000,879,970436.00000000,55032.06366000,0
2025-10-30 19:00:00,0.05644,0.05685,0.0562,0.05646,2354450.0,2025-10-30 19:59:59.999,133076.02477000,1067,1338453.00000000,75634.16342000,0
2025-10-30 20:00:00,0.05643,0.05727,0.05627,0.05718,1674608.0,2025-10-30 20:59:59.999,94860.62373000,867,886119.00000000,50203.93380000,0
2025-10-30 21:00:00,0.05721,0.0574,0.05702,0.0573,376503.0,2025-10-30 21:59:59.999,21531.76165000,215,136648.00000000,7810.95038000,0
2025-10-30 22:00:00,0.05731,0.05753,0.05726,0.05749,431143.0,2025-10-30 22:59:59.999,24756.41692000,513,174780.00000000,10037.37091000,0
2025-10-30 23:00:00,0.0575,0.05761,0.05742,0.05755,808855.0,2025-10-30 23:59:59.999,46515.48575000,717,388243.00000000,22324.19166000,0
2025-10-31 00:00:00,0.05754,0.05768,0.05742,0.05766,751883.0,2025-10-31 00:59:59.999,43279.35734000,737,537917.00000000,30965.57097000,0
2025-10-31 01:00:00,0.05765,0.05768,0.05753,0.05765,1044000.0,2025-10-31 01:59:59.999,60196.01957000,564,766657.00000000,44208.97264000,0
2025-10-31 02:00:00,0.05766,0.05767,0.05739,0.05747,340295.0,2025-10-31 02:59:59.999,19575.95578000,380,168852.00000000,9710.99335000,0
2025-10-31 03:00:00,0.05747,0.0575,0.05727,0.05729,458796.0,2025-10-31 03:59:59.999,26311.12325000,406,169915.00000000,9744.65460000,0
2025-10-31 04:00:00,0.0573,0.05757,0.0573,0.05746,520832.0,2025-10-31 04:59:59.999,29933.98879000,527,318009.00000000,18275.97119000,0
2025-10-31 05:00:00,0.05746,0.05746,0.057,0.05701,980642.0,2025-10-31 05:59:59.999,56107.24175000,516,404220.00000000,23111.91958000,0
2025-10-31 06:00:00,0.05702,0.05712,0.05676,0.05679,541654.0,2025-10-31 06:59:59.999,30843.64081000,336,226539.00000000,12888.77532000,0
2025-10-31 07:00:00,0.05679,0.05691,0.05596,0.05673,8553812.0,2025-10-31 07:59:59.999,482750.62251000,2425,2794530.00000000,157922.65699000,0
2025-10-31 08:00:00,0.05669,0.05682,0.05663,0.0567,547007.0,2025-10-31 08:59:59.999,31019.87571000,408,260981.00000000,14796.96492000,0
2025-10-31 09:00:00,0.05671,0.05676,0.05661,0.05665,168007.0,2025-10-31 09:59:59.999,9522.26650000,180,81873.00000000,4640.26934000,0
2025-10-31 10:00:00,0.05666,0.05668,0.05649,0.05655,964593.0,2025-10-31 10:59:59.999,54579.27768000,628,784837.00000000,44410.65594000,0
2025-10-31 11:00:00,0.05655,0.05665,0.05547,0.0566,15236396.0,2025-10-31 11:59:59.999,852516.77391000,4369,8237543.00000000,461004.55525000,0
2025-10-31 12:00:00,0.05661,0.05704,0.05644,0.05687,2267972.0,2025-10-31 12:59:59.999,128950.57956000,1388,1108397.00000000,63036.72542000,0
2025-10-31 13:00:00,0.05688,0.05713,0.05669,0.05692,1848962.0,2025-10-31 13:59:59.999,105255.66711000,1408,811984.00000000,46250.55075000,0
2025-10-31 14:00:00,0.05694,0.05738,0.05665,0.05737,2519336.0,2025-10-31 14:59:59.999,143366.13930000,1807,891341.00000000,50767.32751000,0
2025-10-31 15:00:00,0.05737,0.0576,0.05724,0.05736,1533889.0,2025-10-31 15:59:59.999,88108.82156000,1587,598615.00000000,34399.63748000,0
2025-10-31 16:00:00,0.05736,0.0576,0.05591,0.05607,3405155.0,2025-10-31 16:59:59.999,192833.07804000,2456,1981288.00000000,111911.09055000,0
2025-10-31 17:00:00,0.05607,0.05615,0.05558,0.05596,794334.0,2025-10-31 17:59:59.999,44444.63329000,1161,434346.00000000,24294.67044000,0
2025-10-31 18:00:00,0.05597,0.05633,0.0559,0.05616,842064.0,2025-10-31 18:59:59.999,47298.56726000,1061,411088.00000000,23081.02211000,0
2025-10-31 19:00:00,0.05615,0.05744,0.05595,0.05742,1599133.0,2025-10-31 19:59:59.999,90799.35071000,1688,648864.00000000,36813.60796000,0
2025-10-31 20:00:00,0.05741,0.05743,0.05675,0.05678,1062761.0,2025-10-31 20:59:59.999,60609.31930000,1321,245718.00000000,14021.97404000,0
2025-10-31 21:00:00,0.05678,0.05698,0.05664,0.05694,1139220.0,2025-10-31 21:59:59.999,64706.17168000,1127,268090.00000000,15224.33972000,0
2025-10-31 22:00:00,0.05695,0.0571,0.05637,0.05638,908402.0,2025-10-31 22:59:59.999,51605.00477000,837,306292.00000000,17383.27557000,0
2025-10-31 23:00:00,0.05637,0.05637,0.05588,0.05598,3106298.0,2025-10-31 23:59:59.999,174202.20997000,1641,1535143.00000000,86064.58591000,0
2025-11-01 00:00:00,0.05599,0.05615,0.05598,0.05615,400812.0,2025-11-01 00:59:59.999,22475.42881000,356,211127.00000000,11836.07157000,0
2025-11-01 01:00:00,0.05615,0.05622,0.05603,0.05606,438781.0,2025-11-01 01:59:59.999,24621.22637000,362,227693.00000000,12774.36865000,0
2025-11-01 02:00:00,0.05605,0.05627,0.05595,0.05622,709753.0,2025-11-01 02:59:59.999,39818.42746000,471,494523.00000000,27740.47891000,0
2025-11-01 03:00:00,0.05624,0.05652,0.05622,0.05646,233578.0,2025-11-01 03:59:59.999,13176.88886000,285,163985.00000000,9251.71874000,0
2025-11-01 04:00:00,0.05646,0.05652,0.05567,0.05593,3683025.0,2025-11-01 04:59:59.999,206332.66734000,1405,1089228.00000000,60982.96929000,0
2025-11-01 05:00:00,0.05593,0.05615,0.05583,0.056,905553.0,2025-11-01 05:59:59.999,50677.13316000,682,530214.00000000,29668.19762000,0
2025-11-01 06:00:00,0.05601,0.05603,0.05586,0.0559,465941.0,2025-11-01 06:59:59.999,26061.83137000,377,325159.00000000,18185.95439000,0
2025-11-01 07:00:00,0.05591,0.05612,0.05589,0.05594,685736.0,2025-11-01 07:59:59.999,38394.57315000,815,401222.00000000,22461.93856000,0
2025-11-01 08:00:00,0.05594,0.05603,0.05574,0.05602,1043524.0,2025-11-01 08:59:59.999,58294.30378000,945,644113.00000000,35979.30707000,0
2025-11-01 09:00:00,0.05603,0.05614,0.0558,0.0558,308866.0,2025-11-01 09:59:59.999,17298.10338000,399,138923.00000000,7781.68099000,0
2025-11-01 10:00:00,0.05582,0.05597,0.05578,0.05587,389169.0,2025-11-01 10:59:59.999,21750.18587000,590,142060.00000000,7938.88965000,0
2025-11-01 11:00:00,0.05587,0.05603,0.05572,0.05603,728640.0,2025-11-01 11:59:59.999,40700.14405000,457,280142.00000000,15653.91117000,0
2025-11-01 12:00:00,0.05603,0.05621,0.056,0.05609,614572.0,2025-11-01 12:59:59.999,34491.71495000,605,319218.00000000,17917.10806000,0
2025-11-01 13:00:00,0.05609,0.05615,0.05574,0.05602,812601.0,2025-11-01 13:59:59.999,45461.24200000,621,286157.00000000,16008.52961000,0
2025-11-01 14:00:00,0.05602,0.05605,0.05567,0.05582,698105.0,2025-11-01 14:59:59.999,38967.26538000,659,355388.00000000,19828.04586000,0
2025-11-01 15:00:00,0.05582,0.05618,0.05575,0.05594,864109.0,2025-11-01 15:59:59.999,48301.38440000,737,543446.00000000,30364.39794000,0
2025-11-01 16:00:00,0.05595,0.05601,0.05582,0.05592,1042520.0,2025-11-01 16:59:59.999,58349.96578000,567,730678.00000000,40906.15425000,0
2025-11-01 17:00:00,0.05591,0.05602,0.0559,0.05593,353725.0,2025-11-01 17:59:59.999,19796.40780000,334,178006.00000000,9963.43737000,0
2025-11-01 18:00:00,0.05592,0.05599,0.05579,0.05584,213907.0,2025-11-01 18:59:59.999,11950.12168000,261,124249.00000000,6941.82746000,0
2025-11-01 19:00:00,0.05583,0.05591,0.0558,0.05589,263712.0,2025-11-01 19:59:59.999,14731.12326000,151,179252.00000000,10011.20683000,0
2025-11-01 20:00:00,0.05589,0.056,0.05589,0.05591,2938333.0,2025-11-01 20:59:59.999,164532.48012000,412,2548211.00000000,142693.21284000,0
2025-11-01 21:00:00,0.0559,0.05595,0.0557,0.05572,373611.0,2025-11-01 21:59:59.999,20862.18158000,222,236602.00000000,13210.02732000,0
2025-11-01 22:00:00,0.05571,0.05588,0.05562,0.05588,613046.0,2025-11-01 22:59:59.999,34173.31887000,508,572384.00000000,31905.37652000,0
2025-11-01 23:00:00,0.05588,0.05599,0.05585,0.05598,239601.0,2025-11-01 23:59:59.999,13402.15570000,148,87349.00000000,4884.43746000,0
2025-11-02 00:00:00,0.05597,0.056,0.05583,0.05593,356781.0,2025-11-02 00:59:59.999,19952.89624000,237,150044.00000000,8394.57861000,0
2025-11-02 01:00:00,0.05592,0.056,0.05587,0.05597,1049352.0,2025-11-02 01:59:59.999,58735.78985000,345,873656.00000000,48912.15157000,0
2025-11-02 02:00:00,0.05596,0.056,0.05576,0.05577,1649776.0,2025-11-02 02:59:59.999,92350.44917000,313,1213918.00000000,67958.78761000,0
2025-11-02 03:00:00,0.05577,0.0558,0.05548,0.05574,1138531.0,2025-11-02 03:59:59.999,63361.57927000,736,880100.00000000,48987.90196000,0
2025-11-02 04:00:00,0.05572,0.0561,0.05571,0.0561,1172431.0,2025-11-02 04:59:59.999,65634.73831000,413,1013788.00000000,56758.11128000,0
2025-11-02 05:00:00,0.05608,0.05634,0.056,0.05634,343323.0,2025-11-02 05:59:59.999,19273.72337000,353,114756.00000000,6440.74820000,0
2025-11-02 06:00:00,0.05634,0.05634,0.05624,0.05627,387258.0,2025-11-02 06:59:59.999,21800.38356000,400,126595.00000000,7126.51582000,0
2025-11-02 07:00:00,0.05628,0.05629,0.05604,0.05615,462617.0,2025-11-02 07:59:59.999,25978.55929000,452,181679.00000000,10197.63043000,0
2025-11-02 08:00:00,0.05615,0.05622,0.05584,0.05587,366037.0,2025-11-02 08:59:59.999,20500.52261000,344,91925.00000000,5152.43553000,0
2025-11-02 09:00:00,0.05589,0.05596,0.05557,0.05573,465011.0,2025-11-02 09:59:59.999,25927.27597000,482,321503.00000000,17913.58055000,0
2025-11-02 10:00:00,0.05574,0.05584,0.05548,0.05579,3422565.0,2025-11-02 10:59:59.999,190228.04214000,1493,2415630.00000000,134236.86346000,0
2025-11-02 11:00:00,0.05578,0.05632,0.05577,0.05627,612309.0,2025-11-02 11:59:59.999,34326.20522000,568,258184.00000000,14490.66781000,0
2025-11-02 12:00:00,0.05628,0.0563,0.05593,0.05593,573322.0,2025-11-02 12:59:59.999,32195.42110000,400,146783.00000000,8229.50419000,0
2025-11-02 13:00:00,0.05595,0.05595,0.05555,0.05562,876997.0,2025-11-02 13:59:59.999,48842.98800000,882,360610.00000000,20084.05850000,0
2025-11-02 14:00:00,0.05562,0.05571,0.05525,0.05549,2784904.0,2025-11-02 14:59:59.999,154562.95544000,1787,2147996.00000000,119230.05253000,0
2025-11-02 15:00:00,0.05549,0.05561,0.05535,0.0554,957359.0,2025-11-02 15:59:59.999,53131.06844000,674,566979.00000000,31467.72172000,0
2025-11-02 16:00:00,0.05539,0.05563,0.05525,0.0554,1378998.0,2025-11-02 16:59:59.999,76416.40490000,1211,942776.00000000,52235.82850000,0
2025-11-02 17:00:00,0.05539,0.05542,0.05522,0.05538,878563.0,2025-11-02 17:59:59.999,48597.72766000,838,627727.00000000,34728.66138000,0
2025-11-02 18:00:00,0.05539,0.05547,0.05532,0.05536,419893.0,2025-11-02 18:59:59.999,23253.91457000,391,308426.00000000,17081.20593000,0
2025-11-02 19:00:00,0.05536,0.05543,0.05532,0.05539,415918.0,2025-11-02 19:59:59.999,23029.61951000,357,316192.00000000,17507.95056000,0
2025-11-02 20:00:00,0.05539,0.05557,0.05539,0.05557,253164.0,2025-11-02 20:59:59.999,14041.76018000,244,120338.00000000,6676.19110000,0
2025-11-02 21:00:00,0.05556,0.05579,0.05556,0.05561,361165.0,2025-11-02 21:59:59.999,20121.24088000,359,60280.00000000,3357.01403000,0
2025-11-02 22:00:00,0.05562,0.05562,0.05535,0.0554,327915.0,2025-11-02 22:59:59.999,18202.05030000,285,111035.00000000,6158.83034000,0
2025-11-02 23:00:00,0.0554,0.05596,0.0554,0.05595,629486.0,2025-11-02 23:59:59.999,35070.54933000,689,280372.00000000,15618.12363000,0
2025-11-03 00:00:00,0.05596,0.05624,0.05554,0.05556,696000.0,2025-11-03 00:59:59.999,38984.69238000,694,251429.00000000,14053.72714000,0
2025-11-03 01:00:00,0.05555,0.05589,0.05527,0.05537,1930700.0,2025-11-03 01:59:59.999,107258.20322000,1362,825634.00000000,45878.21118000,0
2025-11-03 02:00:00,0.05537,0.05541,0.05493,0.05533,1879202.0,2025-11-03 02:59:59.999,103768.47377000,1575,827984.00000000,45720.32220000,0
2025-11-03 03:00:00,0.05534,0.0554,0.0548,0.05538,4632981.0,2025-11-03 03:59:59.999,255589.23844000,3207,2413054.00000000,133069.32210000,0
2025-11-03 04:00:00,0.05539,0.05563,0.0553,0.05536,2149238.0,2025-11-03 04:59:59.999,118916.50021000,890,825242.00000000,45674.30901000,0
2025-11-03 05:00:00,0.05535,0.0556,0.05488,0.05502,6332906.0,2025-11-03 05:59:59.999,349809.61552000,1495,1139975.00000000,62839.63577000,0
2025-11-03 06:00:00,0.05501,0.05516,0.05459,0.05491,2013460.0,2025-11-03 06:59:59.999,110647.08198000,1803,1421043.00000000,78091.18176000,0
2025-11-03 07:00:00,0.0549,0.05505,0.05471,0.05492,2050451.0,2025-11-03 07:59:59.999,112479.00583000,1037,958669.00000000,52625.16913000,0
2025-11-03 08:00:00,0.05491,0.05501,0.05447,0.05457,2340529.0,2025-11-03 08:59:59.999,127975.59497000,1531,1226684.00000000,67082.44138000,0
2025-11-03 09:00:00,0.05456,0.05477,0.05418,0.0543,1968371.0,2025-11-03 09:59:59.999,107279.42130000,1376,1334816.00000000,72702.93749000,0
2025-11-03 10:00:00,0.05431,0.05444,0.054,0.05413,2500318.0,2025-11-03 10:59:59.999,135704.32261000,1556,1755124.00000000,95274.43945000,0
2025-11-03 11:00:00,0.05413,0.05449,0.05398,0.05422,3200151.0,2025-11-03 11:59:59.999,173392.58393000,1512,2104664.00000000,114079.08511000,0
2025-11-03 12:00:00,0.05421,0.05519,0.05411,0.05421,7065802.0,2025-11-03 12:59:59.999,386344.26187000,2607,3518060.00000000,192215.49490000,0
2025-11-03 13:00:00,0.05422,0.05422,0.05383,0.05404,3999370.0,2025-11-03 13:59:59.999,215884.06632000,1940,2941371.00000000,158757.61165000,0
2025-11-03 14:00:00,0.05405,0.05446,0.05403,0.05442,1848379.0,2025-11-03 14:59:59.999,100140.72864000,1108,963399.00000000,52205.80546000,0
2025-11-03 15:00:00,0.05446,0.05447,0.05251,0.05297,13816722.0,2025-11-03 15:59:59.999,735921.28700000,8808,5171044.00000000,275213.72808000,0
2025-11-03 16:00:00,0.05297,0.05553,0.05286,0.05549,6408169.0,2025-11-03 16:59:59.999,348540.49174000,4641,3231361.00000000,175272.74574000,0
2025-11-03 17:00:00,0.05546,0.05549,0.05481,0.05497,4552351.0,2025-11-03 17:59:59.999,250740.97613000,2828,2347828.00000000,129332.08091000,0
2025-11-03 18:00:00,0.05496,0.05496,0.05436,0.05449,1295026.0,2025-11-03 18:59:59.999,70760.52756000,1136,917990.00000000,50158.73459000,0
2025-11-03 19:00:00,0.0545,0.0546,0.05416,0.05423,2484459.0,2025-11-03 19:59:59.999,135018.69844000,1598,1639309.00000000,89120.97714000,0
2025-11-03 20:00:00,0.05423,0.05451,0.05351,0.05365,3268054.0,2025-11-03 20:59:59.999,176554.72853000,2070,2225636.00000000,120214.87808000,0
2025-11-03 21:00:00,0.05364,0.05449,0.05327,0.05423,2191564.0,2025-11-03 21:59:59.999,118146.57730000,1759,874885.00000000,47115.38672000,0
2025-11-03 22:00:00,0.05422,0.05429,0.05377,0.05393,972322.0,2025-11-03 22:59:59.999,52546.80989000,629,229727.00000000,12414.93247000,0
2025-11-03 23:00:00,0.05392,0.05414,0.05374,0.0539,1220900.0,2025-11-03 23:59:59.999,65782.07417000,774,655943.00000000,35347.46352000,0
2025-11-04 00:00:00,0.05392,0.05436,0.05377,0.05405,900933.0,2025-11-04 00:59:59.999,48679.38980000,570,604151.00000000,32621.97659000,0
2025-11-04 01:00:00,0.05412,0.05417,0.05367,0.05381,1831843.0,2025-11-04 01:59:59.999,98756.03947000,774,1049815.00000000,56601.04921000,0
2025-11-04 02:00:00,0.05378,0.05448,0.05371,0.05411,2206168.0,2025-11-04 02:59:59.999,119231.16628000,1052,1314539.00000000,70974.45956000,0
2025-11-04 03:00:00,0.05412,0.05451,0.05402,0.05423,878675.0,2025-11-04 03:59:59.999,47634.51166000,500,385483.00000000,20875.68143000,0
2025-11-04 04:00:00,0.05424,0.05436,0.05391,0.05398,2236714.0,2025-11-04 04:59:59.999,121107.32153000,914,1343845.00000000,72769.38904000,0
2025-11-04 05:00:00,0.05397,0.05407,0.05277,0.05291,6476652.0,2025-11-04 05:59:59.999,345983.27078000,2421,4717511.00000000,252140.15647000,0
2025-11-04 06:00:00,0.05285,0.05381,0.05215,0.05231,17142452.0,2025-11-04 06:59:59.999,905538.77810000,4485,10507598.00000000,555176.97219000,0
2025-11-04 07:00:00,0.05229,0.05237,0.05142,0.05171,5793045.0,2025-11-04 07:59:59.999,300778.40541000,2636,3084447.00000000,160022.14912000,0
2025-11-04 08:00:00,0.05172,0.05207,0.0512,0.05155,2085815.0,2025-11-04 08:59:59.999,107640.31059000,2211,1099648.00000000,56738.88896000,0
2025-11-04 09:00:00,0.05155,0.05162,0.05115,0.05143,1464348.0,2025-11-04 09:59:59.999,75211.44699000,1483,924010.00000000,47454.08377000,0
2025-11-04 10:00:00,0.05143,0.0516,0.05108,0.05111,2120667.0,2025-11-04 10:59:59.999,108913.97494000,1549,1309019.00000000,67207.98940000,0
2025-11-04 11:00:00,0.05111,0.05139,0.05091,0.05097,3319525.0,2025-11-04 11:59:59.999,169628.35465000,1954,2133299.00000000,109037.76451000,0
2025-11-04 12:00:00,0.05096,0.05122,0.05085,0.0511,3034623.0,2025-11-04 12:59:59.999,154998.42556000,1184,1268400.00000000,64777.06039000,0
2025-11-04 13:00:00,0.0511,0.05145,0.0511,0.05132,1681007.0,2025-11-04 13:59:59.999,86149.84839000,1151,1279823.00000000,65590.32042000,0
2025-11-04 14:00:00,0.05132,0.05236,0.05114,0.05225,3201111.0,2025-11-04 14:59:59.999,165235.86420000,2366,2095161.00000000,108165.83744000,0
2025-11-04 15:00:00,0.05226,0.0533,0.05225,0.05281,6549655.0,2025-11-04 15:59:59.999,346008.69395000,4995,3103636.00000000,163894.11181000,0
2025-11-04 16:00:00,0.0528,0.05327,0.05248,0.05253,3259936.0,2025-11-04 16:59:59.999,172500.94545000,2509,1605118.00000000,84899.77613000,0
2025-11-04 17:00:00,0.05252,0.05252,0.05109,0.05221,7318114.0,2025-11-04 17:59:59.999,379770.53935000,5608,3948367.00000000,204707.45389000,0
2025-11-04 18:00:00,0.05221,0.05263,0.05157,0.05241,7082858.0,2025-11-04 18:59:59.999,369136.90323000,5065,4725226.00000000,246250.60553000,0
2025-11-04 19:00:00,0.0524,0.05291,0.05185,0.05194,3045929.0,2025-11-04 19:59:59.999,159845.93041000,2430,1459956.00000000,76570.04461000,0
2025-11-04 20:00:00,0.05194,0.05302,0.05029,0.05225,10657349.0,2025-11-04 20:59:59.999,551749.45248000,8377,5987881.00000000,309504.22475000,0
2025-11-04 21:00:00,0.05226,0.05257,0.05109,0.05235,9970817.0,2025-11-04 21:59:59.999,517591.51341000,7044,5620354.00000000,291686.32344000,0
2025-11-04 22:00:00,0.05236,0.05327,0.05216,0.05302,3741673.0,2025-11-04 22:59:59.999,198086.36337000,2001,2075058.00000000,109923.80079000,0
2025-11-04 23:00:00,0.05302,0.0531,0.05272,0.05302,1366861.0,2025-11-04 23:59:59.999,72408.27408000,1034,715786.00000000,37929.44491000,0
2025-11-05 00:00:00,0.05302,0.05307,0.05221,0.05221,1208207.0,2025-11-05 00:59:59.999,63530.61524000,1052,815904.00000000,42886.40846000,0
2025-11-05 01:00:00,0.05222,0.05268,0.05154,0.05251,5646618.0,2025-11-05 01:59:59.999,293109.00808000,3893,3993742.00000000,207292.51454000,0
2025-11-05 02:00:00,0.05252,0.0534,0.05252,0.05337,5999359.0,2025-11-05 02:59:59.999,318228.78058000,3308,4246364.00000000,225313.35536000,0
2025-11-05 03:00:00,0.05338,0.05342,0.05284,0.05307,3359286.0,2025-11-05 03:59:59.999,178590.48502000,1922,1955753.00000000,103970.64790000,0
2025-11-05 04:00:00,0.05307,0.05377,0.05306,0.05348,4095160.0,2025-11-05 04:59:59.999,218719.52705000,1779,1708577.00000000,91220.10756000,0
2025-11-05 05:00:00,0.05349,0.05379,0.05314,0.05326,3048467.0,2025-11-05 05:59:59.999,163090.42279000,1271,1262195.00000000,67489.02622000,0
2025-11-05 06:00:00,0.05326,0.0536,0.05298,0.05311,3900638.0,2025-11-05 06:59:59.999,207757.67239000,1399,1261844.00000000,67196.29947000,0
2025-11-05 07:00:00,0.05311,0.05311,0.05154,0.05166,6545764.0,2025-11-05 07:59:59.999,342209.73735000,2302,2531004.00000000,132249.66054000,0
2025-11-05 08:00:00,0.05167,0.05191,0.0512,0.05139,3564161.0,2025-11-05 08:59:59.999,183887.25900000,2049,2155858.00000000,111266.31711000,0
2025-11-05 09:00:00,0.05139,0.05182,0.05128,0.05167,1470341.0,2025-11-05 09:59:59.999,75811.09860000,1046,1045993.00000000,53942.35448000,0
2025-11-05 10:00:00,0.05166,0.05178,0.05125,0.0514,2084176.0,2025-11-05 10:59:59.999,107436.77572000,836,957940.00000000,49382.75108000,0
2025-11-05 11:00:00,0.05135,0.05145,0.05114,0.05134,2074623.0,2025-11-05 11:59:59.999,106562.37427000,1015,1340485.00000000,68889.82495000,0
2025-11-05 12:00:00,0.05132,0.052,0.05031,0.05177,12641704.0,2025-11-05 12:59:59.999,647683.94527000,2464,6539773.00000000,335270.66208000,0
2025-11-05 13:00:00,0.05175,0.052,0.05146,0.05169,2567464.0,2025-11-05 13:59:59.999,132549.72277000,877,1006122.00000000,51985.76567000,0
2025-11-05 14:00:00,0.05168,0.05228,0.05154,0.05193,2384678.0,2025-11-05 14:59:59.999,123640.65622000,805,955450.00000000,49523.71607000,0
2025-11-05 15:00:00,0.05191,0.05204,0.05161,0.05204,1864768.0,2025-11-05 15:59:59.999,96555.50916000,699,698248.00000000,36174.25073000,0
2025-11-05 16:00:00,0.05205,0.05205,0.0516,0.05191,1204166.0,2025-11-05 16:59:59.999,62330.89057000,762,836717.00000000,43303.97384000,0
2025-11-05 17:00:00,0.0519,0.0525,0.05183,0.05226,1475752.0,2025-11-05 17:59:59.999,77129.99763000,887,486152.00000000,25383.47676000,0
2025-11-05 18:00:00,0.0523,0.05248,0.05215,0.05223,2058588.0,2025-11-05 18:59:59.999,107661.33084000,597,619762.00000000,32405.75919000,0
2025-11-05 19:00:00,0.05222,0.05239,0.05211,0.05227,714817.0,2025-11-05 19:59:59.999,37348.54328000,388,289871.00000000,15146.18547000,0
2025-11-05 20:00:00,0.05227,0.05253,0.05202,0.05205,691191.0,2025-11-05 20:59:59.999,36096.81382000,410,277741.00000000,14499.17873000,0
2025-11-05 21:00:00,0.05206,0.05226,0.05201,0.05211,1750785.0,2025-11-05 21:59:59.999,91167.63474000,774,710354.00000000,37004.33437000,0
2025-11-05 22:00:00,0.0521,0.05215,0.05201,0.05201,704633.0,2025-11-05 22:59:59.999,36667.78696000,331,270907.00000000,14099.76479000,0
2025-11-05 23:00:00,0.05201,0.05207,0.05164,0.05165,2033489.0,2025-11-05 23:59:59.999,105677.18853000,378,408303.00000000,21188.97814000,0
2025-11-06 00:00:00,0.05162,0.05308,0.0516,0.05173,5091640.0,2025-11-06 00:59:59.999,266091.35231000,2165,2286053.00000000,119620.85545000,0
2025-11-06 01:00:00,0.05173,0.05193,0.0516,0.05185,1933309.0,2025-11-06 01:59:59.999,99905.73822000,771,685109.00000000,35406.98848000,0
2025-11-06 02:00:00,0.05184,0.05184,0.05155,0.05184,1055057.0,2025-11-06 02:59:59.999,54505.05566000,606,532376.00000000,27515.87520000,0
2025-11-06 03:00:00,0.05181,0.05191,0.05166,0.05171,751717.0,2025-11-06 03:59:59.999,38914.99477000,559,381797.00000000,19760.36611000,0
2025-11-06 04:00:00,0.05172,0.0519,0.05161,0.05171,891200.0,2025-11-06 04:59:59.999,46132.06071000,502,541356.00000000,28036.72923000,0
2025-11-06 05:00:00,0.05168,0.05168,0.05151,0.05151,1934662.0,2025-11-06 05:59:59.999,99669.93893000,447,217576.00000000,11216.90995000,0
2025-11-06 06:00:00,0.05151,0.05158,0.05114,0.05115,1032443.0,2025-11-06 06:59:59.999,53078.14539000,523,473134.00000000,24309.52999000,0
2025-11-06 07:00:00,0.05115,0.05129,0.05082,0.05091,2415883.0,2025-11-06 07:59:59.999,123258.30542000,719,1576929.00000000,80447.09001000,0
2025-11-06 08:00:00,0.05088,0.05129,0.05088,0.05116,690272.0,2025-11-06 08:59:59.999,35271.91866000,424,334402.00000000,17082.88785000,0
2025-11-06 09:00:00,0.05117,0.05137,0.05112,0.05118,539217.0,2025-11-06 09:59:59.999,27615.19931000,248,307332.00000000,15738.66237000,0
2025-11-06 10:00:00,0.0512,0.05124,0.05093,0.05113,1452832.0,2025-11-06 10:59:59.999,74244.62473000,745,832504.00000000,42556.19065000,0
2025-11-06 11:00:00,0.05112,0.05128,0.05112,0.05116,863408.0,2025-11-06 11:59:59.999,44173.01664000,551,256957.00000000,13154.47938000,0
2025-11-06 12:00:00,0.05117,0.05144,0.05105,0.0511,1334486.0,2025-11-06 12:59:59.999,68367.18571000,694,757516.00000000,38822.32324000,0
2025-11-06 13:00:00,0.05108,0.05194,0.05108,0.05171,2482305.0,2025-11-06 13:59:59.999,128362.35956000,1047,1342145.00000000,69437.88747000,0
2025-11-06 14:00:00,0.05172,0.05182,0.05094,0.05103,2340254.0,2025-11-06 14:59:59.999,120083.49506000,982,1351911.00000000,69357.49561000,0
2025-11-06 15:00:00,0.05104,0.05144,0.05041,0.05046,2722450.0,2025-11-06 15:59:59.999,138677.81157000,1184,1826521.00000000,93035.08306000,0
2025-11-06 16:00:00,0.05047,0.05065,0.05,0.05024,3751659.0,2025-11-06 16:59:59.999,188151.01316000,1105,1787994.00000000,89821.43390000,0
2025-11-06 17:00:00,0.05025,0.05057,0.05009,0.05046,1627846.0,2025-11-06 17:59:59.999,81932.60637000,678,516760.00000000,26023.24086000,0
2025-11-06 18:00:00,0.05046,0.05058,0.05001,0.05037,970591.0,2025-11-06 18:59:59.999,48824.26242000,471,439462.00000000,22088.85872000,0
2025-11-06 19:00:00,0.05036,0.0504,0.05,0.05016,1548950.0,2025-11-06 19:59:59.999,77627.98616000,602,464923.00000000,23319.84542000,0
2025-11-06 20:00:00,0.05017,0.05045,0.05006,0.05022,795443.0,2025-11-06 20:59:59.999,39975.84589000,402,291950.00000000,14668.90679000,0
2025-11-06 21:00:00,0.05022,0.0505,0.05011,0.05039,3156386.0,2025-11-06 21:59:59.999,158713.58189000,1080,1643033.00000000,82630.60453000,0
2025-11-06 22:00:00,0.05039,0.05079,0.05016,0.05025,1280497.0,2025-11-06 22:59:59.999,64690.40941000,761,616589.00000000,31153.98158000,0
2025-11-06 23:00:00,0.05024,0.05028,0.04975,0.05004,1950289.0,2025-11-06 23:59:59.999,97455.42415000,936,569709.00000000,28452.55201000,0
2025-11-07 00:00:00,0.05005,0.05031,0.04988,0.05018,1008968.0,2025-11-07 00:59:59.999,50602.05049000,987,349279.00000000,17525.90599000,0
2025-11-07 01:00:00,0.05018,0.05029,0.04974,0.05023,1593219.0,2025-11-07 01:59:59.999,79746.63758000,1497,664925.00000000,33250.72075000,0
2025-11-07 02:00:00,0.05024,0.05029,0.04995,0.05027,1663263.0,2025-11-07 02:59:59.999,83509.75833000,1478,630549.00000000,31663.31247000,0
2025-11-07 03:00:00,0.05028,0.05077,0.05022,0.05046,2649059.0,2025-11-07 03:59:59.999,133780.07990000,1798,1254813.00000000,63370.31052000,0
2025-11-07 04:00:00,0.05047,0.05057,0.05003,0.05026,1432396.0,2025-11-07 04:59:59.999,71975.40973000,1093,804000.00000000,40384.47845000,0
2025-11-07 05:00:00,0.05027,0.05051,0.05021,0.05033,1045142.0,2025-11-07 05:59:59.999,52600.29659000,1012,468012.00000000,23555.74889000,0
2025-11-07 06:00:00,0.05033,0.05038,0.05018,0.05025,1052574.0,2025-11-07 06:59:59.999,52898.99139000,754,491003.00000000,24679.51076000,0
2025-11-07 07:00:00,0.05025,0.051,0.05013,0.05097,1369921.0,2025-11-07 07:59:59.999,69212.00578000,740,597684.00000000,30218.38707000,0
2025-11-07 08:00:00,0.05097,0.05116,0.05057,0.05065,1261480.0,2025-11-07 08:59:59.999,64183.52227000,1031,496137.00000000,25244.59184000,0
2025-11-07 09:00:00,0.05064,0.05077,0.05015,0.0505,3651743.0,2025-11-07 09:59:59.999,184390.79534000,1548,842864.00000000,42538.45794000,0
2025-11-07 10:00:00,0.05049,0.05071,0.05007,0.05027,2489729.0,2025-11-07 10:59:59.999,125559.60204000,1637,1281426.00000000,64531.23842000,0
2025-11-07 11:00:00,0.05027,0.05032,0.04982,0.05021,2233952.0,2025-11-07 11:59:59.999,111836.93282000,1760,980548.00000000,49086.65120000,0
2025-11-07 12:00:00,0.05021,0.05033,0.04943,0.0496,4315735.0,2025-11-07 12:59:59.999,214831.44463000,2010,2822610.00000000,140528.08479000,0
2025-11-07 13:00:00,0.04958,0.05,0.0494,0.04987,2343757.0,2025-11-07 13:59:59.999,116698.87586000,1021,1819686.00000000,90646.66947000,0
2025-11-07 14:00:00,0.04987,0.05158,0.04974,0.05148,8640800.0,2025-11-07 14:59:59.999,436355.28241000,3861,6284291.00000000,317359.40558000,0
2025-11-07 15:00:00,0.05149,0.05199,0.05125,0.05189,2870313.0,2025-11-07 15:59:59.999,148442.86006000,3109,1205932.00000000,62356.22576000,0
2025-11-07 16:00:00,0.05189,0.05235,0.05151,0.05215,3117991.0,2025-11-07 16:59:59.999,161728.83485000,2926,1916241.00000000,99395.05141000,0
2025-11-07 17:00:00,0.05216,0.05341,0.0518,0.05336,4146569.0,2025-11-07 17:59:59.999,219244.36490000,4042,1697054.00000000,89734.54031000,0
2025-11-07 18:00:00,0.05336,0.05519,0.05336,0.05469,8242303.0,2025-11-07 18:59:59.999,448547.46788000,5450,3277372.00000000,178045.34920000,0
2025-11-07 19:00:00,0.05468,0.05501,0.05447,0.0549,1778695.0,2025-11-07 19:59:59.999,97326.31738000,2256,897280.00000000,49087.06321000,0
2025-11-07 20:00:00,0.05491,0.05535,0.0546,0.05527,1268635.0,2025-11-07 20:59:59.999,69750.80941000,1858,605010.00000000,33250.11175000,0
2025-11-07 21:00:00,0.05528,0.0556,0.05526,0.05558,985979.0,2025-11-07 21:59:59.999,54630.33776000,1188,371172.00000000,20566.72130000,0
2025-11-07 22:00:00,0.05557,0.05563,0.05438,0.05506,2775161.0,2025-11-07 22:59:59.999,152291.52121000,1847,1856270.00000000,101785.66586000,0
2025-11-07 23:00:00,0.05506,0.05601,0.05499,0.05531,3957211.0,2025-11-07 23:59:59.999,219752.17943000,3205,1563523.00000000,86776.20990000,0
2025-11-08 00:00:00,0.05532,0.05631,0.05484,0.05484,2905514.0,2025-11-08 00:59:59.999,161796.35514000,3384,1230314.00000000,68499.65212000,0
2025-11-08 01:00:00,0.05485,0.0553,0.05478,0.05513,3205834.0,2025-11-08 01:59:59.999,176516.09263000,2369,1998089.00000000,109978.54733000,0
2025-11-08 02:00:00,0.05513,0.05559,0.0551,0.05528,993167.0,2025-11-08 02:59:59.999,54946.83509000,1397,472489.00000000,26135.28959000,0
2025-11-08 03:00:00,0.05529,0.05559,0.05488,0.05488,1747610.0,2025-11-08 03:59:59.999,96638.11276000,2059,990620.00000000,54780.99078000,0
2025-11-08 04:00:00,0.05489,0.05536,0.05488,0.05498,1005382.0,2025-11-08 04:59:59.999,55463.76444000,1557,517444.00000000,28542.66089000,0
2025-11-08 05:00:00,0.05497,0.05506,0.05384,0.05388,2573388.0,2025-11-08 05:59:59.999,140030.01918000,2632,1481544.00000000,80598.49261000,0
2025-11-08 06:00:00,0.0539,0.05416,0.05363,0.05373,1229669.0,2025-11-08 06:59:59.999,66199.46618000,1824,601053.00000000,32346.88180000,0
2025-11-08 07:00:00,0.05372,0.05406,0.05329,0.05394,1801816.0,2025-11-08 07:59:59.999,96707.16232000,1989,1110603.00000000,59592.00346000,0
2025-11-08 08:00:00,0.05395,0.05411,0.05349,0.05388,1464445.0,2025-11-08 08:59:59.999,78834.96854000,1663,770849.00000000,41512.37644000,0
2025-11-08 09:00:00,0.05387,0.05387,0.0532,0.05343,1508025.0,2025-11-08 09:59:59.999,80779.35379000,1565,860707.00000000,46106.92341000,0
2025-11-08 10:00:00,0.05343,0.05346,0.05323,0.05326,970281.0,2025-11-08 10:59:59.999,51765.15121000,1158,415505.00000000,22164.40311000,0
2025-11-08 11:00:00,0.05326,0.05355,0.05286,0.05295,1729996.0,2025-11-08 11:59:59.999,91983.50997000,1682,909422.00000000,48350.55240000,0
2025-11-08 12:00:00,0.05294,0.05304,0.05278,0.05286,1313626.0,2025-11-08 12:59:59.999,69509.75028000,1442,576224.00000000,30485.79107000,0
2025-11-08 13:00:00,0.05287,0.05289,0.05211,0.05216,1622184.0,2025-11-08 13:59:59.999,85351.58423000,1716,976640.00000000,51386.03718000,0
2025-11-08 14:00:00,0.05217,0.05224,0.05157,0.05208,1674276.0,2025-11-08 14:59:59.999,86913.21296000,2288,784774.00000000,40735.20748000,0
2025-11-08 15:00:00,0.05209,0.05215,0.05104,0.05123,1566018.0,2025-11-08 15:59:59.999,80755.12172000,2222,896789.00000000,46234.79411000,0
2025-11-08 16:00:00,0.05122,0.05141,0.05078,0.05097,6080556.0,2025-11-08 16:59:59.999,310449.62635000,3240,4380169.00000000,223661.95324000,0
2025-11-08 17:00:00,0.05096,0.05117,0.05078,0.05105,998971.0,2025-11-08 17:59:59.999,50966.67456000,1307,532748.00000000,27175.70783000,0
2025-11-08 18:00:00,0.05105,0.05135,0.05104,0.05118,1034428.0,2025-11-08 18:59:59.999,52940.80335000,1170,552349.00000000,28272.09354000,0
2025-11-08 19:00:00,0.05117,0.05122,0.05074,0.05086,1157771.0,2025-11-08 19:59:59.999,58961.15009000,1160,594052.00000000,30267.88785000,0
2025-11-08 20:00:00,0.05085,0.05137,0.05081,0.05131,1996582.0,2025-11-08 20:59:59.999,102042.34312000,1529,1238713.00000000,63316.18085000,0
2025-11-08 21:00:00,0.05133,0.05134,0.05111,0.05126,718266.0,2025-11-08 21:59:59.999,36786.64203000,823,330270.00000000,16915.53256000,0
2025-11-08 22:00:00,0.05126,0.05137,0.05107,0.05117,1093910.0,2025-11-08 22:59:59.999,56038.03325000,720,684215.00000000,35054.95853000,0
2025-11-08 23:00:00,0.05118,0.05154,0.05114,0.05142,1263083.0,2025-11-08 23:59:59.999,64856.65472000,721,559356.00000000,28713.94811000,0
2025-11-09 00:00:00,0.05141,0.05176,0.0514,0.05164,1055058.0,2025-11-09 00:59:59.999,54342.31811000,717,433145.00000000,22318.22843000,0
2025-11-09 01:00:00,0.05165,0.05188,0.05162,0.05187,412534.0,2025-11-09 01:59:59.999,21353.02599000,490,202118.00000000,10463.13439000,0
2025-11-09 02:00:00,0.05184,0.05199,0.0515,0.05152,1770185.0,2025-11-09 02:59:59.999,91536.91944000,1075,761733.00000000,39369.09177000,0
2025-11-09 03:00:00,0.05151,0.05169,0.05132,0.05164,1353431.0,2025-11-09 03:59:59.999,69702.85401000,902,754101.00000000,38842.39790000,0
2025-11-09 04:00:00,0.05161,0.05215,0.05161,0.05181,1227150.0,2025-11-09 04:59:59.999,63760.96002000,1121,470251.00000000,24391.86179000,0
2025-11-09 05:00:00,0.05181,0.05204,0.05168,0.05203,484395.0,2025-11-09 05:59:59.999,25109.74722000,526,321152.00000000,16638.88118000,0
2025-11-09 06:00:00,0.05202,0.05231,0.05192,0.0521,552774.0,2025-11-09 06:59:59.999,28814.58103000,610,221963.00000000,11561.99901000,0
2025-11-09 07:00:00,0.05209,0.05242,0.05209,0.05234,490432.0,2025-11-09 07:59:59.999,25638.40747000,660,292771.00000000,15300.20206000,0
2025-11-09 08:00:00,0.05233,0.05243,0.05213,0.05229,815674.0,2025-11-09 08:59:59.999,42661.97141000,815,360417.00000000,18850.78674000,0
2025-11-09 09:00:00,0.0523,0.05263,0.05221,0.05228,548013.0,2025-11-09 09:59:59.999,28715.25548000,654,386802.00000000,20264.08199000,0
2025-11-09 10:00:00,0.05227,0.05242,0.05202,0.0524,629405.0,2025-11-09 10:59:59.999,32856.31069000,738,348493.00000000,18187.50256000,0
2025-11-09 11:00:00,0.0524,0.05289,0.05237,0.05262,987025.0,2025-11-09 11:59:59.999,52014.38386000,879,585416.00000000,30835.11867000,0
2025-11-09 12:00:00,0.05262,0.0535,0.0526,0.05338,1795998.0,2025-11-09 12:59:59.999,95305.23438000,1587,917797.00000000,48695.10843000,0
2025-11-09 13:00:00,0.05337,0.05339,0.053,0.05325,2468033.0,2025-11-09 13:59:59.999,131128.73197000,1611,867227.00000000,46077.66037000,0
2025-11-09 14:00:00,0.05325,0.05422,0.05321,0.05361,2278383.0,2025-11-09 14:59:59.999,122457.90989000,2253,976813.00000000,52494.58175000,0
2025-11-09 15:00:00,0.05362,0.0542,0.05362,0.05418,2352721.0,2025-11-09 15:59:59.999,126972.52730000,2278,1196668.00000000,64577.52309000,0
2025-11-09 16:00:00,0.05416,0.0551,0.05399,0.05437,2762898.0,2025-11-09 16:59:59.999,150728.00040000,3050,1456905.00000000,79465.00226000,0
2025-11-09 17:00:00,0.05438,0.05444,0.05399,0.05433,867771.0,2025-11-09 17:59:59.999,47017.57074000,1008,464317.00000000,25161.27072000,0
2025-11-09 18:00:00,0.05432,0.0546,0.05404,0.05454,627512.0,2025-11-09 18:59:59.999,34026.21873000,653,367756.00000000,19945.74499000,0
2025-11-09 19:00:00,0.05453,0.0548,0.05445,0.0548,644617.0,2025-11-09 19:59:59.999,35180.94256000,751,344065.00000000,18775.23314000,0
2025-11-09 20:00:00,0.0548,0.05488,0.0543,0.05432,704742.0,2025-11-09 20:59:59.999,38433.56571000,845,463258.00000000,25257.89013000,0
2025-11-09 21:00:00,0.05432,0.05446,0.05416,0.05428,713399.0,2025-11-09 21:59:59.999,38755.12393000,708,491125.00000000,26682.94313000,0
2025-11-09 22:00:00,0.05429,0.05433,0.054,0.05419,492413.0,2025-11-09 22:59:59.999,26679.55950000,454,319589.00000000,17316.02127000,0
2025-11-09 23:00:00,0.05422,0.05472,0.05422,0.05462,1168843.0,2025-11-09 23:59:59.999,63598.09338000,1208,838479.00000000,45614.98851000,0
2025-11-10 00:00:00,0.05462,0.0552,0.05438,0.05497,1227476.0,2025-11-10 00:59:59.999,67353.54129000,1497,671205.00000000,36809.53603000,0
2025-11-10 01:00:00,0.05499,0.05526,0.05475,0.05502,934660.0,2025-11-10 01:59:59.999,51403.88585000,1172,577926.00000000,31785.93648000,0
2025-11-10 02:00:00,0.05501,0.05526,0.05475,0.05522,1203501.0,2025-11-10 02:59:59.999,66146.99642000,1191,806023.00000000,44299.20918000,0
2025-11-10 03:00:00,0.05523,0.05538,0.05492,0.05494,842439.0,2025-11-10 03:59:59.999,46457.45930000,930,527802.00000000,29108.09775000,0
2025-11-10 04:00:00,0.05495,0.05503,0.05459,0.05467,821640.0,2025-11-10 04:59:59.999,45054.17553000,832,610252.00000000,33462.71545000,0
2025-11-10 05:00:00,0.05467,0.05544,0.05458,0.05532,1873399.0,2025-11-10 05:59:59.999,102875.36142000,1481,1070593.00000000,58826.18526000,0
2025-11-10 06:00:00,0.05533,0.05609,0.05527,0.05593,1606525.0,2025-11-10 06:59:59.999,89378.91459000,1335,1054221.00000000,58671.22360000,0
2025-11-10 07:00:00,0.05591,0.0562,0.05567,0.05581,1262757.0,2025-11-10 07:59:59.999,70624.88879000,1399,653668.00000000,36555.47250000,0
2025-11-10 08:00:00,0.05582,0.05593,0.05535,0.05558,942870.0,2025-11-10 08:59:59.999,52430.42383000,950,598291.00000000,33256.49772000,0
2025-11-10 09:00:00,0.05559,0.05623,0.05555,0.05608,521769.0,2025-11-10 09:59:59.999,29131.76595000,670,317083.00000000,17690.38124000,0
2025-11-10 10:00:00,0.05608,0.05615,0.05537,0.05555,2921383.0,2025-11-10 10:59:59.999,162528.52234000,1574,1825621.00000000,101553.88119000,0
2025-11-10 11:00:00,0.05557,0.05569,0.05542,0.05543,938534.0,2025-11-10 11:59:59.999,52118.63315000,852,445412.00000000,24735.32688000,0
2025-11-10 12:00:00,0.05543,0.05556,0.05528,0.05534,464096.0,2025-11-10 12:59:59.999,25711.23877000,456,265063.00000000,14686.72124000,0
2025-11-10 13:00:00,0.05533,0.05569,0.05523,0.0555,621518.0,2025-11-10 13:59:59.999,34444.13811000,657,279339.00000000,15483.23447000,0
2025-11-10 14:00:00,0.0555,0.0555,0.05486,0.05511,1471112.0,2025-11-10 14:59:59.999,81088.60641000,1654,985462.00000000,54346.16564000,0
2025-11-10 15:00:00,0.05512,0.05573,0.05507,0.0552,1781903.0,2025-11-10 15:59:59.999,98627.41377000,2492,798953.00000000,44193.57491000,0
2025-11-10 16:00:00,0.05521,0.05533,0.05483,0.05492,1601479.0,2025-11-10 16:59:59.999,88131.71556000,1430,807560.00000000,44475.77199000,0
2025-11-10 17:00:00,0.05491,0.05522,0.0549,0.05513,960725.0,2025-11-10 17:59:59.999,52903.82982000,980,417379.00000000,22985.44897000,0
2025-11-10 18:00:00,0.05514,0.05539,0.05501,0.05509,655911.0,2025-11-10 18:59:59.999,36218.24952000,628,241763.00000000,13349.04376000,0
2025-11-10 19:00:00,0.0551,0.05565,0.05509,0.05543,655157.0,2025-11-10 19:59:59.999,36257.01418000,662,265548.00000000,14695.13394000,0
2025-11-10 20:00:00,0.05541,0.0557,0.0552,0.05521,1081132.0,2025-11-10 20:59:59.999,59871.11533000,942,514301.00000000,28470.12982000,0
2025-11-10 21:00:00,0.05522,0.05524,0.0549,0.05505,1071379.0,2025-11-10 21:59:59.999,58926.31294000,842,656850.00000000,36126.50865000,0
2025-11-10 22:00:00,0.05505,0.05699,0.05493,0.05682,3526833.0,2025-11-10 22:59:59.999,198553.93096000,2297,1415249.00000000,79682.30223000,0
2025-11-10 23:00:00,0.05682,0.0592,0.05676,0.05717,9480433.0,2025-11-10 23:59:59.999,550291.73320000,7385,4258569.00000000,246982.50646000,0
2025-11-11 00:00:00,0.05716,0.05747,0.05693,0.05725,8013213.0,2025-11-11 00:59:59.999,458351.90302000,4501,2584428.00000000,147846.80559000,0
2025-11-11 01:00:00,0.05724,0.05774,0.05655,0.05661,2010431.0,2025-11-11 01:59:59.999,115018.46907000,2796,943824.00000000,54021.92717000,0
2025-11-11 02:00:00,0.05663,0.05695,0.05619,0.05695,1681013.0,2025-11-11 02:59:59.999,95124.09945000,1836,939363.00000000,53168.17537000,0
2025-11-11 03:00:00,0.05696,0.05712,0.05673,0.05686,737237.0,2025-11-11 03:59:59.999,41960.07705000,822,375830.00000000,21384.00734000,0
2025-11-11 04:00:00,0.05689,0.05756,0.05669,0.05679,2909916.0,2025-11-11 04:59:59.999,165961.74782000,2084,1732919.00000000,98853.73178000,0
2025-11-11 05:00:00,0.05679,0.05682,0.0562,0.05627,1859822.0,2025-11-11 05:59:59.999,105071.72652000,1504,1043542.00000000,58946.50927000,0
2025-11-11 06:00:00,0.05623,0.05644,0.05593,0.05623,1652013.0,2025-11-11 06:59:59.999,92775.47707000,1269,760763.00000000,42702.22211000,0
2025-11-11 07:00:00,0.05622,0.05623,0.05543,0.05551,1795485.0,2025-11-11 07:59:59.999,100135.33700000,1491,1137206.00000000,63445.32158000,0
2025-11-11 08:00:00,0.0555,0.05601,0.05546,0.0558,1223993.0,2025-11-11 08:59:59.999,68247.67311000,1000,655640.00000000,36573.02367000,0
2025-11-11 09:00:00,0.0558,0.05599,0.05547,0.05547,1097831.0,2025-11-11 09:59:59.999,61204.88888000,1014,652645.00000000,36386.83330000,0
2025-11-11 10:00:00,0.05547,0.05571,0.0547,0.05476,2269315.0,2025-11-11 10:59:59.999,125129.13337000,1967,1287767.00000000,71036.43728000,0
2025-11-11 11:00:00,0.05477,0.0551,0.05431,0.05448,2410855.0,2025-11-11 11:59:59.999,131905.19591000,2557,1428633.00000000,78119.02193000,0
2025-11-11 12:00:00,0.05448,0.05465,0.05336,0.05336,2351327.0,2025-11-11 12:59:59.999,126839.21997000,2273,1138624.00000000,61460.89843000,0
2025-11-11 13:00:00,0.05337,0.0536,0.05316,0.05319,2720354.0,2025-11-11 13:59:59.999,145171.76200000,2310,1625298.00000000,86749.67624000,0
2025-11-11 14:00:00,0.05318,0.05365,0.05311,0.05364,2166315.0,2025-11-11 14:59:59.999,115333.04799000,1950,816955.00000000,43498.56538000,0
2025-11-11 15:00:00,0.05364,0.05364,0.05311,0.05321,1584494.0,2025-11-11 15:59:59.999,84444.70727000,1997,604032.00000000,32176.67532000,0
2025-11-11 16:00:00,0.05324,0.05351,0.05313,0.05331,1324422.0,2025-11-11 16:59:59.999,70671.67553000,1738,484217.00000000,25839.62741000,0
2025-11-11 17:00:00,0.05332,0.05381,0.05313,0.05336,1427600.0,2025-11-11 17:59:59.999,76300.10863000,1851,607976.00000000,32510.13718000,0
2025-11-11 18:00:00,0.05335,0.05339,0.05271,0.05271,2816188.0,2025-11-11 18:59:59.999,149439.90458000,1709,689844.00000000,36569.77799000,0
2025-11-11 19:00:00,0.05274,0.05288,0.05229,0.05242,1844669.0,2025-11-11 19:59:59.999,96933.69184000,1968,894869.00000000,47015.81729000,0
2025-11-11 20:00:00,0.05242,0.05266,0.05174,0.0518,2579584.0,2025-11-11 20:59:59.999,134801.57031000,2097,1208719.00000000,63141.79796000,0
2025-11-11 21:00:00,0.0518,0.05192,0.0516,0.05173,5433425.0,2025-11-11 21:59:59.999,281006.78157000,1907,4012870.00000000,207508.26051000,0
2025-11-11 22:00:00,0.05173,0.05262,0.0516,0.05252,2151905.0,2025-11-11 22:59:59.999,112269.87134000,1496,960355.00000000,50100.76614000,0
2025-11-11 23:00:00,0.05254,0.05294,0.05234,0.05236,2195435.0,2025-11-11 23:59:59.999,115527.54244000,2125,1291267.00000000,67932.09084000,0
2025-11-12 00:00:00,0.05237,0.0526,0.05218,0.05229,1433488.0,2025-11-12 00:59:59.999,75110.72432000,2366,734856.00000000,38501.99418000,0
2025-11-12 01:00:00,0.05229,0.05275,0.05216,0.05253,3125848.0,2025-11-12 01:59:59.999,163844.56557000,2608,1911540.00000000,100151.40409000,0
2025-11-12 02:00:00,0.0525,0.05282,0.0524,0.05273,1714033.0,2025-11-12 02:59:59.999,90181.57196000,2390,794277.00000000,41791.17872000,0
2025-11-12 03:00:00,0.05272,0.05301,0.05263,0.05291,1556963.0,2025-11-12 03:59:59.999,82158.37192000,2001,717443.00000000,37866.13410000,0
2025-11-12 04:00:00,0.05291,0.05309,0.05275,0.05294,1276738.0,2025-11-12 04:59:59.999,67557.11980000,1979,464711.00000000,24593.37958000,0
2025-11-12 05:00:00,0.05294,0.05468,0.05286,0.05448,7156999.0,2025-11-12 05:59:59.999,385550.27394000,4967,4298950.00000000,231343.75880000,0
2025-11-12 06:00:00,0.05447,0.05573,0.05442,0.05498,9728969.0,2025-11-12 06:59:59.999,535681.21654000,6841,4934735.00000000,271573.63272000,0
2025-11-12 07:00:00,0.05497,0.056,0.05495,0.05549,5561328.0,2025-11-12 07:59:59.999,309456.36296000,4481,2907751.00000000,161711.48726000,0
2025-11-12 08:00:00,0.05549,0.05678,0.05501,0.05636,6862088.0,2025-11-12 08:59:59.999,383312.27071000,4277,3892790.00000000,217344.59406000,0
2025-11-12 09:00:00,0.05634,0.05753,0.05632,0.05745,6462989.0,2025-11-12 09:59:59.999,369347.16281000,5841,2851882.00000000,162883.88433000,0
2025-11-12 10:00:00,0.05745,0.06069,0.05732,0.05955,17514989.0,2025-11-12 10:59:59.999,1041197.14991000,18892,9880623.00000000,588041.07191000,0
2025-11-12 11:00:00,0.05957,0.06198,0.05911,0.06192,22652879.0,2025-11-12 11:59:59.999,1379193.73560000,23224,13881492.00000000,845576.38058000,0
2025-11-12 12:00:00,0.06192,0.06322,0.0602,0.06033,36423812.0,2025-11-12 12:59:59.999,2262467.76022000,29790,20140930.00000000,1253466.11808000,0
2025-11-12 13:00:00,0.06037,0.06082,0.05921,0.05945,19496608.0,2025-11-12 13:59:59.999,1167596.74845000,16552,8900350.00000000,533135.38027000,0
2025-11-12 14:00:00,0.05944,0.06062,0.05877,0.05886,14084422.0,2025-11-12 14:59:59.999,840565.36713000,11188,7163168.00000000,427607.00326000,0
2025-11-12 15:00:00,0.05888,0.0604,0.05867,0.05923,10046270.0,2025-11-12 15:59:59.999,598919.34150000,10105,4288854.00000000,256036.83517000,0
2025-11-12 16:00:00,0.05923,0.05953,0.05752,0.05791,10215117.0,2025-11-12 16:59:59.999,594517.79722000,10514,4241357.00000000,246812.24473000,0
2025-11-12 17:00:00,0.05792,0.05868,0.05738,0.05859,5322342.0,2025-11-12 17:59:59.999,308717.74747000,6677,2583750.00000000,149873.16092000,0
2025-11-12 18:00:00,0.0586,0.05868,0.05756,0.05796,4685058.0,2025-11-12 18:59:59.999,271233.15538000,4688,2927451.00000000,169422.50427000,0
2025-11-12 19:00:00,0.05792,0.0594,0.05762,0.05899,9256237.0,2025-11-12 19:59:59.999,542097.14928000,7996,4955614.00000000,290360.71036000,0
2025-11-12 20:00:00,0.05898,0.06034,0.05885,0.05903,10372316.0,2025-11-12 20:59:59.999,618840.67273000,8684,4750067.00000000,283420.21003000,0
2025-11-12 21:00:00,0.05904,0.05957,0.05833,0.05922,10644075.0,2025-11-12 21:59:59.999,628230.83968000,9411,4985199.00000000,294426.98204000,0
2025-11-12 22:00:00,0.05922,0.05922,0.05833,0.05905,3717501.0,2025-11-12 22:59:59.999,218267.85085000,3057,1330912.00000000,78133.24143000,0
2025-11-12 23:00:00,0.05904,0.05904,0.0583,0.05839,1840017.0,2025-11-12 23:59:59.999,107972.32770000,2015,955502.00000000,56075.02617000,0
2025-11-13 00:00:00,0.0584,0.05926,0.05826,0.05856,3165737.0,2025-11-13 00:59:59.999,186223.53811000,3782,1460018.00000000,85834.21966000,0
2025-11-13 01:00:00,0.05855,0.05917,0.0578,0.05789,3280680.0,2025-11-13 01:59:59.999,192010.43588000,3680,1465513.00000000,85737.57914000,0
2025-11-13 02:00:00,0.05788,0.05797,0.05708,0.05763,4400513.0,2025-11-13 02:59:59.999,252791.51625000,3422,1818328.00000000,104551.17228000,0
2025-11-13 03:00:00,0.05763,0.05838,0.05715,0.05789,4837775.0,2025-11-13 03:59:59.999,279776.70290000,3932,2584905.00000000,149324.80894000,0
2025-11-13 04:00:00,0.05789,0.05958,0.05723,0.05903,8610159.0,2025-11-13 04:59:59.999,503568.65272000,8791,4811921.00000000,281278.95638000,0
2025-11-13 05:00:00,0.05902,0.05927,0.05776,0.05799,6577857.0,2025-11-13 05:59:59.999,383254.20373000,6611,2890488.00000000,168252.01395000,0
2025-11-13 06:00:00,0.05799,0.05859,0.05683,0.05694,10218694.0,2025-11-13 06:59:59.999,590448.34449000,6497,4318749.00000000,250173.11674000,0
2025-11-13 07:00:00,0.05694,0.05714,0.05647,0.05667,3356490.0,2025-11-13 07:59:59.999,190686.04307000,3506,1801044.00000000,102299.04426000,0
2025-11-13 08:00:00,0.05667,0.05706,0.05641,0.05696,1841986.0,2025-11-13 08:59:59.999,104493.70308000,2057,915908.00000000,51953.54824000,0
2025-11-13 09:00:00,0.05695,0.05695,0.05645,0.05668,1774721.0,2025-11-13 09:59:59.999,100535.66046000,2098,1039467.00000000,58890.22230000,0
2025-11-13 10:00:00,0.0567,0.05732,0.05656,0.05727,2472316.0,2025-11-13 10:59:59.999,141022.37174000,2518,1503543.00000000,85744.93601000,0
2025-11-13 11:00:00,0.05726,0.05748,0.05695,0.05715,1951772.0,2025-11-13 11:59:59.999,111642.65618000,1942,1301116.00000000,74423.12534000,0
2025-11-13 12:00:00,0.05717,0.0578,0.05701,0.05736,2855386.0,2025-11-13 12:59:59.999,163520.24147000,3013,1599186.00000000,91592.61979000,0
2025-11-13 13:00:00,0.05735,0.05743,0.05693,0.05733,2197361.0,2025-11-13 13:59:59.999,125746.05383000,2286,1522604.00000000,87139.78914000,0
2025-11-13 14:00:00,0.05733,0.05866,0.05733,0.05861,3060684.0,2025-11-13 14:59:59.999,176842.22096000,4045,1705351.00000000,98536.11534000,0
2025-11-13 15:00:00,0.0586,0.05892,0.05777,0.05795,3020241.0,2025-11-13 15:59:59.999,176312.48609000,3182,1665360.00000000,97134.97418000,0
2025-11-13 16:00:00,0.05795,0.05812,0.0568,0.05691,2553045.0,2025-11-13 16:59:59.999,146877.24400000,2996,1470112.00000000,84488.06167000,0
2025-11-13 17:00:00,0.05692,0.05767,0.05636,0.05655,3650960.0,2025-11-13 17:59:59.999,208148.25092000,3783,2400894.00000000,136856.68576000,0
2025-11-13 18:00:00,0.05656,0.0568,0.05591,0.05648,2730825.0,2025-11-13 18:59:59.999,154003.63151000,3561,1558467.00000000,87845.23324000,0
2025-11-13 19:00:00,0.05649,0.05677,0.05479,0.05494,5272033.0,2025-11-13 19:59:59.999,293650.77835000,4709,2252841.00000000,125329.52197000,0
2025-11-13 20:00:00,0.05494,0.05503,0.05427,0.05433,2933013.0,2025-11-13 20:59:59.999,160376.32606000,3081,1273139.00000000,69596.97068000,0
2025-11-13 21:00:00,0.05434,0.05463,0.0539,0.05428,2060960.0,2025-11-13 21:59:59.999,111712.76455000,2465,1167242.00000000,63259.48485000,0
2025-11-13 22:00:00,0.05429,0.05514,0.05417,0.0549,3958158.0,2025-11-13 22:59:59.999,216839.15766000,2594,2343562.00000000,128363.26448000,0
2025-11-13 23:00:00,0.05489,0.05577,0.05479,0.05505,3530997.0,2025-11-13 23:59:59.999,195199.69063000,3654,1723779.00000000,95387.15718000,0
2025-11-14 00:00:00,0.05506,0.05531,0.05435,0.05446,3233481.0,2025-11-14 00:59:59.999,177500.49996000,4325,1418375.00000000,77831.65697000,0
2025-11-14 01:00:00,0.05447,0.05469,0.05414,0.05423,2310402.0,2025-11-14 01:59:59.999,125706.74143000,4500,943900.00000000,51369.13687000,0
2025-11-14 02:00:00,0.05424,0.05461,0.05423,0.05446,2009606.0,2025-11-14 02:59:59.999,109412.75464000,3066,1028166.00000000,55973.16010000,0
2025-11-14 03:00:00,0.05447,0.05469,0.05418,0.05462,1445356.0,2025-11-14 03:59:59.999,78765.60984000,2022,848439.00000000,46246.55166000,0
2025-11-14 04:00:00,0.05462,0.05464,0.05365,0.05463,3200302.0,2025-11-14 04:59:59.999,173581.31642000,4157,1643055.00000000,89123.25293000,0
2025-11-14 05:00:00,0.05464,0.05544,0.05461,0.05501,3502900.0,2025-11-14 05:59:59.999,192975.55833000,4613,1933362.00000000,106526.11595000,0
2025-11-14 06:00:00,0.05501,0.05593,0.05458,0.05589,3510390.0,2025-11-14 06:59:59.999,193118.75304000,4356,1932746.00000000,106256.87823000,0
2025-11-14 07:00:00,0.0559,0.05661,0.05554,0.05611,3691870.0,2025-11-14 07:59:59.999,207211.80039000,4731,1521225.00000000,85358.72134000,0
2025-11-14 08:00:00,0.0561,0.05635,0.05547,0.05612,5078282.0,2025-11-14 08:59:59.999,283718.37570000,4275,2540911.00000000,141800.25963000,0
2025-11-14 09:00:00,0.05612,0.0569,0.05503,0.0551,4997408.0,2025-11-14 09:59:59.999,280359.56630000,6043,2217126.00000000,124265.50537000,0
2025-11-14 10:00:00,0.05511,0.0552,0.05408,0.05448,3518192.0,2025-11-14 10:59:59.999,192790.72527000,4240,1775886.00000000,97278.30088000,0
2025-11-14 11:00:00,0.0545,0.0545,0.05286,0.05299,4068504.0,2025-11-14 11:59:59.999,217651.88815000,5121,1887623.00000000,100899.83535000,0
2025-11-14 12:00:00,0.05299,0.05301,0.05183,0.05219,8431767.0,2025-11-14 12:59:59.999,439839.55169000,8526,3783030.00000000,197422.18872000,0
2025-11-14 13:00:00,0.05218,0.05281,0.05144,0.05201,5863301.0,2025-11-14 13:59:59.999,305005.13353000,7352,3134515.00000000,163195.26419000,0
2025-11-14 14:00:00,0.05202,0.05359,0.05166,0.05337,6537930.0,2025-11-14 14:59:59.999,344328.10343000,8997,3226224.00000000,170057.49000000,0
2025-11-14 15:00:00,0.05337,0.05349,0.05262,0.05298,4072109.0,2025-11-14 15:59:59.999,215707.45780000,6835,1568360.00000000,83099.71591000,0
2025-11-14 16:00:00,0.05299,0.0537,0.05249,0.05316,4056777.0,2025-11-14 16:59:59.999,215604.77818000,5950,1894746.00000000,100718.16498000,0
2025-11-14 17:00:00,0.05316,0.0533,0.0523,0.05239,3708193.0,2025-11-14 17:59:59.999,196375.31716000,3419,1226454.00000000,64825.11081000,0
2025-11-14 18:00:00,0.05238,0.05274,0.05165,0.05169,2848277.0,2025-11-14 18:59:59.999,148479.89800000,3753,1541214.00000000,80322.26194000,0
2025-11-14 19:00:00,0.05168,0.05242,0.05155,0.05195,3922273.0,2025-11-14 19:59:59.999,203643.48065000,4709,2246917.00000000,116598.45695000,0
2025-11-14 20:00:00,0.05196,0.05216,0.05089,0.05093,4009102.0,2025-11-14 20:59:59.999,206772.13027000,4546,2013238.00000000,103989.99042000,0
2025-11-14 21:00:00,0.05094,0.05146,0.05059,0.05078,2815298.0,2025-11-14 21:59:59.999,143438.56544000,3947,1260510.00000000,64195.81093000,0
2025-11-14 22:00:00,0.05079,0.05104,0.05037,0.05048,1038667.0,2025-11-14 22:59:59.999,52645.74174000,1035,538438.00000000,27283.12937000,0
2025-11-14 23:00:00,0.05048,0.05101,0.05006,0.05064,2875726.0,2025-11-14 23:59:59.999,145151.06867000,2058,2112744.00000000,106636.87803000,0
2025-11-15 00:00:00,0.05063,0.0507,0.05018,0.05036,1792685.0,2025-11-15 00:59:59.999,90532.53515000,2035,996554.00000000,50320.21314000,0
2025-11-15 01:00:00,0.05038,0.05087,0.05025,0.05067,976029.0,2025-11-15 01:59:59.999,49346.12476000,1508,451811.00000000,22835.08918000,0
2025-11-15 02:00:00,0.05068,0.05098,0.0505,0.05096,1759244.0,2025-11-15 02:59:59.999,89266.88113000,1629,773972.00000000,39247.51789000,0
2025-11-15 03:00:00,0.05095,0.0525,0.05074,0.0519,6807625.0,2025-11-15 03:59:59.999,353214.38644000,5533,3155454.00000000,163700.81636000,0
2025-11-15 04:00:00,0.05191,0.05206,0.05142,0.05152,1579650.0,2025-11-15 04:59:59.999,81715.16688000,1415,728501.00000000,37696.68197000,0
2025-11-15 05:00:00,0.05153,0.05204,0.05139,0.05183,1625424.0,2025-11-15 05:59:59.999,84067.68388000,1723,988670.00000000,51128.99046000,0
2025-11-15 06:00:00,0.05183,0.05254,0.05161,0.05204,4042443.0,2025-11-15 06:59:59.999,210761.65148000,2682,2655543.00000000,138350.49064000,0
2025-11-15 07:00:00,0.05203,0.0521,0.05161,0.05169,1195889.0,2025-11-15 07:59:59.999,62038.60653000,1507,564628.00000000,29295.67542000,0
2025-11-15 08:00:00,0.05169,0.05179,0.0511,0.05123,1058175.0,2025-11-15 08:59:59.999,54456.54970000,1617,631673.00000000,32505.82728000,0
2025-11-15 09:00:00,0.05123,0.05154,0.05107,0.05114,2074334.0,2025-11-15 09:59:59.999,106461.28865000,2227,1143495.00000000,58671.97287000,0
2025-11-15 10:00:00,0.05114,0.05122,0.0509,0.0511,2441992.0,2025-11-15 10:59:59.999,124663.13732000,1923,1904055.00000000,97207.49529000,0
2025-11-15 11:00:00,0.05109,0.05119,0.05085,0.05114,1367458.0,2025-11-15 11:59:59.999,69727.05781000,1478,658182.00000000,33584.90751000,0
2025-11-15 12:00:00,0.05113,0.05218,0.05093,0.05186,3161872.0,2025-11-15 12:59:59.999,163613.06483000,3445,1821025.00000000,94214.89456000,0
2025-11-15 13:00:00,0.05185,0.05226,0.05159,0.05218,3205877.0,2025-11-15 13:59:59.999,166517.35992000,1796,954766.00000000,49600.57924000,0
2025-11-15 14:00:00,0.05219,0.05229,0.052,0.052,1520754.0,2025-11-15 14:59:59.999,79322.78379000,1312,758455.00000000,39566.02282000,0
2025-11-15 15:00:00,0.052,0.05237,0.052,0.05201,2004807.0,2025-11-15 15:59:59.999,104490.98992000,1446,691140.00000000,36045.59236000,0
2025-11-15 16:00:00,0.05201,0.05243,0.052,0.05218,3311861.0,2025-11-15 16:59:59.999,172422.00918000,1378,1032801.00000000,53803.25627000,0
2025-11-15 17:00:00,0.05219,0.05244,0.05203,0.05228,1050013.0,2025-11-15 17:59:59.999,54835.74995000,1374,588043.00000000,30710.19212000,0
2025-11-15 18:00:00,0.05228,0.05238,0.05201,0.05209,1122866.0,2025-11-15 18:59:59.999,58576.45515000,1197,677312.00000000,35334.83663000,0
2025-11-15 19:00:00,0.0521,0.05222,0.052,0.05204,1225433.0,2025-11-15 19:59:59.999,63799.42889000,1049,505196.00000000,26310.80940000,0
2025-11-15 20:00:00,0.05204,0.05223,0.052,0.0521,2515584.0,2025-11-15 20:59:59.999,130929.49389000,1186,724325.00000000,37731.65458000,0
2025-11-15 21:00:00,0.0521,0.05229,0.05162,0.05163,1179515.0,2025-11-15 21:59:59.999,61342.01181000,1123,446159.00000000,23188.11677000,0
2025-11-15 22:00:00,0.05162,0.05179,0.0515,0.05164,774760.0,2025-11-15 22:59:59.999,40012.05130000,830,482434.00000000,24909.65510000,0
2025-11-15 23:00:00,0.05164,0.05175,0.05141,0.05141,1152350.0,2025-11-15 23:59:59.999,59483.02050000,1109,419681.00000000,21666.81879000,0
2025-11-16 00:00:00,0.05144,0.05176,0.05106,0.05128,2451624.0,2025-11-16 00:59:59.999,126077.45172000,2145,944229.00000000,48552.25942000,0
2025-11-16 01:00:00,0.05127,0.05178,0.05098,0.05145,4495189.0,2025-11-16 01:59:59.999,230913.96368000,3197,2529064.00000000,129879.25651000,0
2025-11-16 02:00:00,0.05143,0.05167,0.05121,0.05158,1295368.0,2025-11-16 02:59:59.999,66679.72138000,1878,500360.00000000,25758.15148000,0
2025-11-16 03:00:00,0.05158,0.05162,0.05134,0.05144,1192892.0,2025-11-16 03:59:59.999,61387.52029000,1408,480603.00000000,24730.97139000,0
2025-11-16 04:00:00,0.05144,0.05145,0.05105,0.05113,1229142.0,2025-11-16 04:59:59.999,62953.02078000,1286,557615.00000000,28567.98584000,0
2025-11-16 05:00:00,0.05114,0.05136,0.05097,0.05098,1094107.0,2025-11-16 05:59:59.999,56008.39018000,1449,507027.00000000,25951.78945000,0
2025-11-16 06:00:00,0.051,0.05118,0.05071,0.05072,1352143.0,2025-11-16 06:59:59.999,68897.60371000,1372,740150.00000000,37718.06842000,0
2025-11-16 07:00:00,0.05073,0.05127,0.05062,0.05124,2826742.0,2025-11-16 07:59:59.999,143725.05424000,2010,1746447.00000000,88741.09251000,0
2025-11-16 08:00:00,0.05123,0.05123,0.05068,0.05068,1999258.0,2025-11-16 08:59:59.999,101633.82492000,1519,642444.00000000,32660.25342000,0
2025-11-16 09:00:00,0.05068,0.05105,0.05042,0.05097,1691620.0,2025-11-16 09:59:59.999,85726.87025000,1471,690933.00000000,35027.96563000,0
2025-11-16 10:00:00,0.05098,0.05142,0.05085,0.05105,1503910.0,2025-11-16 10:59:59.999,76763.85035000,1481,598133.00000000,30531.48300000,0
2025-11-16 11:00:00,0.05104,0.05142,0.05032,0.05043,3025693.0,2025-11-16 11:59:59.999,153723.84613000,3382,1794101.00000000,91264.74231000,0
2025-11-16 12:00:00,0.05044,0.05086,0.05027,0.0503,1740625.0,2025-11-16 12:59:59.999,88045.38385000,1782,838333.00000000,42422.13644000,0
2025-11-16 13:00:00,0.0503,0.05041,0.05009,0.05027,1213039.0,2025-11-16 13:59:59.999,60929.87175000,1394,708005.00000000,35548.28280000,0
2025-11-16 14:00:00,0.05026,0.0504,0.0501,0.05027,1158142.0,2025-11-16 14:59:59.999,58218.40362000,1117,476306.00000000,23934.99080000,0
2025-11-16 15:00:00,0.05026,0.05031,0.04947,0.04954,1802405.0,2025-11-16 15:59:59.999,89970.45227000,1574,882155.00000000,44029.17517000,0
2025-11-16 16:00:00,0.04954,0.04993,0.04902,0.04916,3741198.0,2025-11-16 16:59:59.999,185056.58239000,2927,1587632.00000000,78668.57768000,0
2025-11-16 17:00:00,0.04918,0.04982,0.04918,0.04974,3378111.0,2025-11-16 17:59:59.999,166961.61858000,2578,1573295.00000000,77761.93796000,0
2025-11-16 18:00:00,0.04973,0.0502,0.04927,0.04932,1745765.0,2025-11-16 18:59:59.999,86971.18002000,1970,760987.00000000,37888.38479000,0
2025-11-16 19:00:00,0.04931,0.05006,0.0493,0.04965,1491838.0,2025-11-16 19:59:59.999,74191.93602000,1572,695608.00000000,34582.81279000,0
2025-11-16 20:00:00,0.04966,0.05001,0.04953,0.04958,634080.0,2025-11-16 20:59:59.999,31549.76064000,728,327648.00000000,16292.76811000,0
2025-11-16 21:00:00,0.04958,0.04972,0.04922,0.04949,840409.0,2025-11-16 21:59:59.999,41537.05572000,852,458602.00000000,22661.28407000,0
2025-11-16 22:00:00,0.04951,0.05004,0.04919,0.04983,1111560.0,2025-11-16 22:59:59.999,55145.59676000,825,597532.00000000,29617.44490000,0
2025-11-16 23:00:00,0.04985,0.05018,0.04936,0.05,1664192.0,2025-11-16 23:59:59.999,83068.49640000,1560,647975.00000000,32305.31097000,0
2025-11-17 00:00:00,0.04999,0.05079,0.04987,0.05057,1524749.0,2025-11-17 00:59:59.999,76742.27825000,1821,751200.00000000,37801.00329000,0
2025-11-17 01:00:00,0.05057,0.05089,0.05035,0.05039,2401242.0,2025-11-17 01:59:59.999,121529.95564000,1699,1536982.00000000,77776.89434000,0
2025-11-17 02:00:00,0.05039,0.05055,0.05004,0.05048,2996496.0,2025-11-17 02:59:59.999,150812.81084000,1970,1469651.00000000,73922.63964000,0
2025-11-17 03:00:00,0.05047,0.05124,0.05046,0.05103,2351547.0,2025-11-17 03:59:59.999,119673.55942000,1798,1216005.00000000,61915.20916000,0
2025-11-17 04:00:00,0.05105,0.05142,0.05072,0.05075,2040402.0,2025-11-17 04:59:59.999,104216.39639000,1795,1230922.00000000,62882.07438000,0
2025-11-17 05:00:00,0.05078,0.05078,0.05054,0.05064,569665.0,2025-11-17 05:59:59.999,28860.62443000,749,368495.00000000,18670.34308000,0
2025-11-17 06:00:00,0.05066,0.05076,0.05044,0.05069,914911.0,2025-11-17 06:59:59.999,46294.50181000,901,422816.00000000,21394.19761000,0
2025-11-17 07:00:00,0.05069,0.051,0.05061,0.05093,919804.0,2025-11-17 07:59:59.999,46721.40229000,913,493179.00000000,25053.54729000,0
2025-11-17 08:00:00,0.05092,0.05126,0.05082,0.05083,716375.0,2025-11-17 08:59:59.999,36553.74735000,808,391010.00000000,19957.95247000,0
2025-11-17 09:00:00,0.05085,0.05111,0.05069,0.0507,660082.0,2025-11-17 09:59:59.999,33562.00644000,690,340481.00000000,17301.51689000,0
2025-11-17 10:00:00,0.05073,0.05108,0.05067,0.05084,1499680.0,2025-11-17 10:59:59.999,76281.54391000,1043,936595.00000000,47636.17168000,0
2025-11-17 11:00:00,0.05084,0.05104,0.05081,0.05082,549134.0,2025-11-17 11:59:59.999,27944.57685000,564,226641.00000000,11531.61539000,0
2025-11-17 12:00:00,0.05083,0.05097,0.0508,0.0509,543443.0,2025-11-17 12:59:59.999,27658.67105000,598,310076.00000000,15781.19552000,0
2025-11-17 13:00:00,0.05091,0.05097,0.04988,0.05019,4484068.0,2025-11-17 13:59:59.999,227078.49276000,3209,1597849.00000000,80798.05065000,0
2025-11-17 14:00:00,0.05018,0.05175,0.04998,0.05086,4128002.0,2025-11-17 14:59:59.999,210001.72699000,5607,2132872.00000000,108654.81655000,0
2025-11-17 15:00:00,0.05087,0.05125,0.05047,0.05089,2561498.0,2025-11-17 15:59:59.999,130362.12067000,3652,1292493.00000000,65798.75749000,0
2025-11-17 16:00:00,0.05088,0.05157,0.05028,0.05153,4394855.0,2025-11-17 16:59:59.999,223040.09654000,4759,1994550.00000000,101187.07048000,0
2025-11-17 17:00:00,0.05152,0.05156,0.04993,0.05,1993804.0,2025-11-17 17:59:59.999,100986.45325000,2431,949146.00000000,48045.18485000,0
2025-11-17 18:00:00,0.04998,0.05003,0.04915,0.0494,3201118.0,2025-11-17 18:59:59.999,158689.69951000,3606,1769458.00000000,87749.60877000,0
2025-11-17 19:00:00,0.0494,0.04963,0.04902,0.04922,3920040.0,2025-11-17 19:59:59.999,193171.62100000,2925,1889934.00000000,93176.92826000,0
2025-11-17 20:00:00,0.04922,0.04937,0.04858,0.04913,2101954.0,2025-11-17 20:59:59.999,102881.96781000,2908,965549.00000000,47255.83762000,0
2025-11-17 21:00:00,0.04915,0.04942,0.04863,0.04888,791525.0,2025-11-17 21:59:59.999,38796.25033000,1400,443704.00000000,21739.14030000,0
2025-11-17 22:00:00,0.04889,0.04915,0.04871,0.04892,817797.0,2025-11-17 22:59:59.999,40030.94561000,891,472035.00000000,23108.19872000,0
2025-11-17 23:00:00,0.04893,0.049,0.04857,0.04875,1826860.0,2025-11-17 23:59:59.999,89012.49198000,922,1163092.00000000,56639.50133000,0
2025-11-18 00:00:00,0.04876,0.04911,0.04784,0.04847,3343254.0,2025-11-18 00:59:59.999,161835.41080000,2679,1614695.00000000,78374.56256000,0
2025-11-18 01:00:00,0.04848,0.04892,0.04814,0.04838,2269750.0,2025-11-18 01:59:59.999,109993.03132000,2039,1435744.00000000,69535.06911000,0
2025-11-18 02:00:00,0.04837,0.04883,0.048,0.04823,1876881.0,2025-11-18 02:59:59.999,90945.70755000,2348,1002748.00000000,48557.77306000,0
2025-11-18 03:00:00,0.04821,0.04886,0.04782,0.04883,2182355.0,2025-11-18 03:59:59.999,105447.36557000,2409,1188122.00000000,57391.65164000,0
2025-11-18 04:00:00,0.04884,0.04884,0.04797,0.04849,1560465.0,2025-11-18 04:59:59.999,75549.62449000,2056,756280.00000000,36604.73272000,0
2025-11-18 05:00:00,0.04849,0.04935,0.04815,0.049,2222599.0,2025-11-18 05:59:59.999,108699.64451000,2256,1135810.00000000,55518.59149000,0
2025-11-18 06:00:00,0.04899,0.04939,0.04847,0.04858,1837879.0,2025-11-18 06:59:59.999,89886.12597000,1632,1111036.00000000,54342.72586000,0
2025-11-18 07:00:00,0.04856,0.04937,0.04845,0.0492,3880140.0,2025-11-18 07:59:59.999,190162.53277000,2466,2539269.00000000,124317.93094000,0
2025-11-18 08:00:00,0.04919,0.0496,0.04916,0.04947,1377476.0,2025-11-18 08:59:59.999,68066.28201000,1529,717405.00000000,35452.00544000,0
2025-11-18 09:00:00,0.04946,0.04976,0.04923,0.04936,2800145.0,2025-11-18 09:59:59.999,138673.63723000,1552,1050709.00000000,51987.45231000,0
2025-11-18 10:00:00,0.04936,0.0496,0.04921,0.04954,3474252.0,2025-11-18 10:59:59.999,171695.80157000,1834,1702143.00000000,84157.86653000,0
2025-11-18 11:00:00,0.04955,0.05,0.04954,0.04967,1469288.0,2025-11-18 11:59:59.999,73120.07127000,1327,691039.00000000,34375.52412000,0
2025-11-18 12:00:00,0.04966,0.04996,0.04958,0.04968,1817057.0,2025-11-18 12:59:59.999,90515.22578000,1195,877327.00000000,43701.25155000,0
2025-11-18 13:00:00,0.04967,0.0497,0.04913,0.04941,1500646.0,2025-11-18 13:59:59.999,74166.13365000,1287,764994.00000000,37807.91222000,0
2025-11-18 14:00:00,0.04942,0.05004,0.04938,0.04949,2051351.0,2025-11-18 14:59:59.999,102058.44489000,2573,1029366.00000000,51199.97761000,0
2025-11-18 15:00:00,0.04948,0.05031,0.04937,0.05005,2435867.0,2025-11-18 15:59:59.999,121677.89558000,2907,1344536.00000000,67120.44544000,0
2025-11-18 16:00:00,0.05004,0.05142,0.05001,0.05139,3683477.0,2025-11-18 16:59:59.999,186739.12490000,3121,1976847.00000000,100145.76097000,0
2025-11-18 17:00:00,0.05139,0.05188,0.05109,0.05164,3295904.0,2025-11-18 17:59:59.999,169864.41750000,2469,1867582.00000000,96236.15851000,0
2025-11-18 18:00:00,0.05164,0.05175,0.05071,0.05107,2441169.0,2025-11-18 18:59:59.999,125052.08920000,2545,1117534.00000000,57204.93472000,0
2025-11-18 19:00:00,0.05108,0.05195,0.05108,0.05159,2752970.0,2025-11-18 19:59:59.999,142262.55780000,2101,1499251.00000000,77497.99466000,0
2025-11-18 20:00:00,0.05159,0.05171,0.05146,0.05146,572089.0,2025-11-18 20:59:59.999,29513.12345000,829,224461.00000000,11579.19456000,0
2025-11-18 21:00:00,0.05145,0.0517,0.05125,0.05125,621985.0,2025-11-18 21:59:59.999,32020.82649000,803,210186.00000000,10820.31188000,0
2025-11-18 22:00:00,0.05127,0.05199,0.05127,0.0518,717925.0,2025-11-18 22:59:59.999,37078.21893000,615,269553.00000000,13905.76720000,0
2025-11-18 23:00:00,0.0518,0.05184,0.05139,0.05149,1263508.0,2025-11-18 23:59:59.999,65107.04208000,925,309474.00000000,15939.04364000,0
2025-11-19 00:00:00,0.0515,0.05166,0.05106,0.0515,1164958.0,2025-11-19 00:59:59.999,59893.45719000,1454,565232.00000000,29058.31965000,0
2025-11-19 01:00:00,0.0515,0.05156,0.05111,0.05134,957362.0,2025-11-19 01:59:59.999,49123.96600000,1429,353618.00000000,18150.91257000,0
2025-11-19 02:00:00,0.05135,0.05173,0.05127,0.0516,1585458.0,2025-11-19 02:59:59.999,81798.99552000,1244,645063.00000000,33270.63685000,0
2025-11-19 03:00:00,0.0516,0.05165,0.05111,0.05121,855587.0,2025-11-19 03:59:59.999,43932.01165000,964,453844.00000000,23303.97788000,0
2025-11-19 04:00:00,0.05122,0.05125,0.0506,0.05068,1463977.0,2025-11-19 04:59:59.999,74436.96904000,1573,843516.00000000,42885.78540000,0
2025-11-19 05:00:00,0.0507,0.05081,0.0494,0.04969,2820058.0,2025-11-19 05:59:59.999,140832.43177000,3884,1364438.00000000,68183.40946000,0
2025-11-19 06:00:00,0.04971,0.05029,0.04969,0.05025,1412089.0,2025-11-19 06:59:59.999,70636.12066000,1947,574582.00000000,28758.80824000,0
2025-11-19 07:00:00,0.05025,0.05064,0.05017,0.05049,1047070.0,2025-11-19 07:59:59.999,52764.19937000,1120,426273.00000000,21486.11599000,0
2025-11-19 08:00:00,0.05051,0.05064,0.05031,0.05033,839745.0,2025-11-19 08:59:59.999,42400.16574000,809,422183.00000000,21314.14947000,0
2025-11-19 09:00:00,0.05032,0.05039,0.05011,0.05037,917300.0,2025-11-19 09:59:59.999,46103.44948000,772,503734.00000000,25321.91299000,0
2025-11-19 10:00:00,0.05034,0.05067,0.05025,0.05038,1698028.0,2025-11-19 10:59:59.999,85628.61004000,830,635890.00000000,32079.22989000,0
2025-11-19 11:00:00,0.05037,0.05054,0.0503,0.05032,673723.0,2025-11-19 11:59:59.999,33969.35610000,833,375430.00000000,18927.58888000,0
2025-11-19 12:00:00,0.05031,0.05049,0.05023,0.05038,764209.0,2025-11-19 12:59:59.999,38483.59309000,907,428524.00000000,21578.28881000,0
2025-11-19 13:00:00,0.0504,0.05042,0.04996,0.04997,1125020.0,2025-11-19 13:59:59.999,56465.81301000,1351,581466.00000000,29189.14367000,0
2025-11-19 14:00:00,0.04998,0.05008,0.04965,0.04991,1703119.0,2025-11-19 14:59:59.999,84969.95593000,2349,913078.00000000,45540.16465000,0
2025-11-19 15:00:00,0.04992,0.05039,0.04846,0.04864,6310018.0,2025-11-19 15:59:59.999,311437.78841000,4615,2371886.00000000,116768.86099000,0
2025-11-19 16:00:00,0.04863,0.0489,0.04825,0.04846,3738041.0,2025-11-19 16:59:59.999,181608.65682000,4208,2046644.00000000,99442.04138000,0
2025-11-19 17:00:00,0.04846,0.0486,0.04794,0.04821,2295818.0,2025-11-19 17:59:59.999,110716.18689000,2645,1043130.00000000,50302.78158000,0
2025-11-19 18:00:00,0.0482,0.04838,0.0479,0.04815,3700528.0,2025-11-19 18:59:59.999,177951.97316000,2587,2122839.00000000,102055.63923000,0
2025-11-19 19:00:00,0.04815,0.04869,0.04806,0.0483,2903819.0,2025-11-19 19:59:59.999,140459.12855000,2416,1873596.00000000,90619.32187000,0
2025-11-19 20:00:00,0.0483,0.04896,0.04817,0.04889,1154716.0,2025-11-19 20:59:59.999,56024.47669000,1427,624435.00000000,30301.87099000,0
2025-11-19 21:00:00,0.04887,0.0498,0.04875,0.04964,1505354.0,2025-11-19 21:59:59.999,74305.67058000,2217,729068.00000000,35985.42744000,0
2025-11-19 22:00:00,0.04964,0.04965,0.04924,0.0493,685232.0,2025-11-19 22:59:59.999,33882.40986000,914,358452.00000000,17722.72047000,0
2025-11-19 23:00:00,0.04929,0.04976,0.04921,0.04967,1014394.0,2025-11-19 23:59:59.999,50306.07789000,1063,477225.00000000,23659.95028000,0
2025-11-20 00:00:00,0.04967,0.05002,0.04944,0.04969,1918330.0,2025-11-20 00:59:59.999,95542.99754000,1249,1296568.00000000,64619.25074000,0
2025-11-20 01:00:00,0.04969,0.04992,0.04967,0.04979,975119.0,2025-11-20 01:59:59.999,48541.87928000,1167,608852.00000000,30311.01940000,0
2025-11-20 02:00:00,0.04979,0.04995,0.0497,0.0498,748258.0,2025-11-20 02:59:59.999,37283.61872000,998,380929.00000000,18979.62096000,0
2025-11-20 03:00:00,0.04982,0.04988,0.04967,0.04969,529176.0,2025-11-20 03:59:59.999,26329.06842000,671,311283.00000000,15490.63369000,0
2025-11-20 04:00:00,0.0497,0.04997,0.04962,0.04991,1034760.0,2025-11-20 04:59:59.999,51491.91980000,845,553192.00000000,27526.79180000,0
2025-11-20 05:00:00,0.04993,0.05012,0.04979,0.04983,1796197.0,2025-11-20 05:59:59.999,89747.78762000,819,617429.00000000,30837.81760000,0
2025-11-20 06:00:00,0.04983,0.04999,0.04968,0.04976,762091.0,2025-11-20 06:59:59.999,37990.18765000,713,509901.00000000,25418.79551000,0
2025-11-20 07:00:00,0.04976,0.04982,0.04963,0.04971,786460.0,2025-11-20 07:59:59.999,39112.65489000,600,380887.00000000,18943.75480000,0
2025-11-20 08:00:00,0.04972,0.04983,0.04968,0.04975,516646.0,2025-11-20 08:59:59.999,25707.07228000,611,259374.00000000,12906.25144000,0
2025-11-20 09:00:00,0.04977,0.0498,0.04951,0.04962,1357561.0,2025-11-20 09:59:59.999,67362.10104000,881,735321.00000000,36487.95967000,0
2025-11-20 10:00:00,0.04963,0.04981,0.04953,0.04964,768744.0,2025-11-20 10:59:59.999,38183.38190000,649,298009.00000000,14799.92326000,0
2025-11-20 11:00:00,0.04964,0.04966,0.04915,0.04929,2573179.0,2025-11-20 11:59:59.999,127133.82880000,1277,853573.00000000,42111.53481000,0
2025-11-20 12:00:00,0.04931,0.04997,0.04924,0.04993,828554.0,2025-11-20 12:59:59.999,41059.66282000,906,412281.00000000,20420.94545000,0
2025-11-20 13:00:00,0.04992,0.05027,0.04942,0.04947,1804974.0,2025-11-20 13:59:59.999,89833.06469000,2115,859481.00000000,42764.26918000,0
2025-11-20 14:00:00,0.04948,0.04985,0.04902,0.04962,2988852.0,2025-11-20 14:59:59.999,147716.87998000,4066,1521920.00000000,75203.01726000,0
2025-11-20 15:00:00,0.04963,0.04965,0.04877,0.04879,3789535.0,2025-11-20 15:59:59.999,186196.42635000,3464,1240472.00000000,60980.80799000,0
2025-11-20 16:00:00,0.04878,0.04887,0.04768,0.04785,7149971.0,2025-11-20 16:59:59.999,344296.28088000,6567,2878781.00000000,138560.34965000,0
2025-11-20 17:00:00,0.04783,0.04806,0.04722,0.04785,3174992.0,2025-11-20 17:59:59.999,151504.55405000,3844,1311753.00000000,62550.21546000,0
2025-11-20 18:00:00,0.04785,0.04792,0.04729,0.04735,1672873.0,2025-11-20 18:59:59.999,79599.11249000,2107,821141.00000000,39073.49426000,0
2025-11-20 19:00:00,0.04735,0.04813,0.04721,0.04804,1377746.0,2025-11-20 19:59:59.999,65648.00595000,1958,584568.00000000,27846.99045000,0
2025-11-20 20:00:00,0.04804,0.04843,0.04783,0.04826,1281444.0,2025-11-20 20:59:59.999,61730.23096000,1578,348502.00000000,16786.59113000,0
2025-11-20 21:00:00,0.04827,0.04873,0.04827,0.04844,835639.0,2025-11-20 21:59:59.999,40516.19202000,1085,379314.00000000,18387.60420000,0
2025-11-20 22:00:00,0.04844,0.04908,0.04844,0.0488,914585.0,2025-11-20 22:59:59.999,44722.42115000,754,408501.00000000,19976.98705000,0
2025-11-20 23:00:00,0.04882,0.04884,0.04822,0.04843,1776194.0,2025-11-20 23:59:59.999,86100.45479000,1919,732436.00000000,35487.92609000,0
2025-11-21 00:00:00,0.04844,0.04893,0.04843,0.04885,1006932.0,2025-11-21 00:59:59.999,49011.49265000,1298,493966.00000000,24047.05021000,0
2025-11-21 01:00:00,0.04886,0.04903,0.04876,0.04887,913102.0,2025-11-21 01:59:59.999,44626.46526000,1203,428183.00000000,20926.56005000,0
2025-11-21 02:00:00,0.04887,0.04887,0.04792,0.04801,2347991.0,2025-11-21 02:59:59.999,113772.72516000,2669,1100003.00000000,53234.38385000,0
2025-11-21 03:00:00,0.048,0.04842,0.04781,0.04783,2436657.0,2025-11-21 03:59:59.999,117272.43435000,2094,1003153.00000000,48291.98474000,0
2025-11-21 04:00:00,0.04784,0.04784,0.04709,0.04767,4881533.0,2025-11-21 04:59:59.999,231597.21982000,3432,3009995.00000000,142813.04564000,0
2025-11-21 05:00:00,0.04767,0.04825,0.04752,0.04793,4155716.0,2025-11-21 05:59:59.999,199241.68588000,2077,1840458.00000000,88183.06540000,0
2025-11-21 06:00:00,0.04794,0.048,0.04744,0.04748,1379610.0,2025-11-21 06:59:59.999,65716.46971000,1419,649511.00000000,30926.98114000,0
2025-11-21 07:00:00,0.04747,0.0476,0.04555,0.04656,6552185.0,2025-11-21 07:59:59.999,305460.71631000,6294,3323528.00000000,155099.94405000,0
2025-11-21 08:00:00,0.04656,0.0471,0.04601,0.04617,8628729.0,2025-11-21 08:59:59.999,401324.34636000,3902,3059175.00000000,142376.42781000,0
2025-11-21 09:00:00,0.04618,0.0464,0.04555,0.04558,2198974.0,2025-11-21 09:59:59.999,100983.25777000,1915,941603.00000000,43271.74788000,0
2025-11-21 10:00:00,0.04557,0.04578,0.04503,0.04513,3507254.0,2025-11-21 10:59:59.999,159020.10948000,3176,1849644.00000000,83829.97142000,0
2025-11-21 11:00:00,0.04511,0.04577,0.04508,0.04524,5813336.0,2025-11-21 11:59:59.999,264187.60585000,2452,3016051.00000000,136990.40047000,0
2025-11-21 12:00:00,0.04524,0.0465,0.0444,0.04633,12659022.0,2025-11-21 12:59:59.999,574867.79230000,6880,7641033.00000000,346782.67350000,0
2025-11-21 13:00:00,0.04634,0.04683,0.04618,0.0465,2204210.0,2025-11-21 13:59:59.999,102551.28575000,2522,1258034.00000000,58508.02448000,0
2025-11-21 14:00:00,0.0465,0.04734,0.04642,0.04709,1827372.0,2025-11-21 14:59:59.999,85667.21543000,2587,929056.00000000,43517.74938000,0
2025-11-21 15:00:00,0.0471,0.04716,0.0454,0.04565,6095176.0,2025-11-21 15:59:59.999,281559.45685000,4967,2441946.00000000,112816.41357000,0
2025-11-21 16:00:00,0.04566,0.04712,0.04515,0.04673,13147262.0,2025-11-21 16:59:59.999,610616.97346000,9377,5446569.00000000,252530.57521000,0
2025-11-21 17:00:00,0.04674,0.04747,0.04571,0.04578,8042810.0,2025-11-21 17:59:59.999,376413.16128000,6456,4070635.00000000,190460.55561000,0
2025-11-21 18:00:00,0.0458,0.04651,0.04564,0.04625,2813217.0,2025-11-21 18:59:59.999,129627.53844000,3018,1339230.00000000,61696.52072000,0
2025-11-21 19:00:00,0.04624,0.04641,0.04597,0.04608,1038667.0,2025-11-21 19:59:59.999,47963.53930000,1166,583473.00000000,26944.19762000,0
2025-11-21 20:00:00,0.04609,0.04613,0.04527,0.04554,2135125.0,2025-11-21 20:59:59.999,97297.13429000,2092,1012562.00000000,46126.48655000,0
2025-11-21 21:00:00,0.04553,0.04593,0.04508,0.04509,2078175.0,2025-11-21 21:59:59.999,94579.24846000,2286,1021882.00000000,46527.00626000,0
2025-11-21 22:00:00,0.04509,0.04513,0.04289,0.04291,15962916.0,2025-11-21 22:59:59.999,704072.59174000,4077,9332800.00000000,411413.71293000,0
2025-11-21 23:00:00,0.04291,0.04445,0.04291,0.04407,3524394.0,2025-11-21 23:59:59.999,153943.18131000,2846,1882763.00000000,82270.84563000,0
2025-11-22 00:00:00,0.04408,0.04472,0.04401,0.04415,5189137.0,2025-11-22 00:59:59.999,230503.42827000,2741,2326992.00000000,103300.54026000,0
2025-11-22 01:00:00,0.04416,0.04455,0.04409,0.04455,985084.0,2025-11-22 01:59:59.999,43633.66375000,1338,478020.00000000,21171.26739000,0
2025-11-22 02:00:00,0.04455,0.04525,0.04423,0.04457,3276553.0,2025-11-22 02:59:59.999,146683.56292000,3400,1215576.00000000,54358.98895000,0
2025-11-22 03:00:00,0.04456,0.0448,0.04434,0.0447,1717297.0,2025-11-22 03:59:59.999,76613.09761000,2419,914861.00000000,40811.58197000,0
2025-11-22 04:00:00,0.04471,0.04493,0.04412,0.04492,2072136.0,2025-11-22 04:59:59.999,92061.13478000,3068,1026310.00000000,45572.19144000,0
2025-11-22 05:00:00,0.04492,0.04496,0.04422,0.04454,1765437.0,2025-11-22 05:59:59.999,78710.02797000,3542,805288.00000000,35917.45979000,0
2025-11-22 06:00:00,0.04455,0.04509,0.04436,0.04495,1084827.0,2025-11-22 06:59:59.999,48580.04352000,1724,400017.00000000,17911.28952000,0
2025-11-22 07:00:00,0.04495,0.04526,0.04461,0.04515,2576376.0,2025-11-22 07:59:59.999,115691.65380000,1640,1752074.00000000,78640.08736000,0
2025-11-22 08:00:00,0.04515,0.04521,0.0442,0.04439,1410408.0,2025-11-22 08:59:59.999,62765.07237000,1747,702753.00000000,31255.10334000,0
2025-11-22 09:00:00,0.04439,0.0449,0.04426,0.04444,1026394.0,2025-11-22 09:59:59.999,45716.67714000,1238,468462.00000000,20859.01453000,0
2025-11-22 10:00:00,0.04445,0.04467,0.04419,0.0442,1083714.0,2025-11-22 10:59:59.999,48140.24104000,1232,408651.00000000,18141.19878000,0
2025-11-22 11:00:00,0.04419,0.04419,0.03998,0.04108,53516697.0,2025-11-22 11:59:59.999,2234739.37684000,17574,27138439.00000000,1131477.64282000,0
2025-11-22 12:00:00,0.04109,0.04135,0.0407,0.04116,5928860.0,2025-11-22 12:59:59.999,243355.36297000,5294,3054624.00000000,125450.18799000,0
2025-11-22 13:00:00,0.04118,0.04152,0.04107,0.0412,3156344.0,2025-11-22 13:59:59.999,130260.41001000,4222,1886349.00000000,77860.47645000,0
2025-11-22 14:00:00,0.0412,0.04176,0.04119,0.04146,2000769.0,2025-11-22 14:59:59.999,83127.19405000,2973,709234.00000000,29450.55980000,0
2025-11-22 15:00:00,0.04147,0.04174,0.04106,0.04147,4972550.0,2025-11-22 15:59:59.999,205477.17366000,3594,1559721.00000000,64411.02732000,0
2025-11-22 16:00:00,0.0415,0.04244,0.04146,0.04207,6068660.0,2025-11-22 16:59:59.999,255570.94162000,2515,2653859.00000000,111728.18727000,0
2025-11-22 17:00:00,0.04208,0.04211,0.04168,0.04173,1255854.0,2025-11-22 17:59:59.999,52591.22309000,1271,751221.00000000,31463.31819000,0
2025-11-22 18:00:00,0.04174,0.04193,0.04161,0.04178,2072645.0,2025-11-22 18:59:59.999,86540.13510000,1550,1311696.00000000,54775.41920000,0
2025-11-22 19:00:00,0.04177,0.04185,0.04163,0.04169,1837533.0,2025-11-22 19:59:59.999,76734.28455000,1494,1269510.00000000,53013.02004000,0
2025-11-22 20:00:00,0.04169,0.04204,0.04167,0.04191,1798977.0,2025-11-22 20:59:59.999,75303.49649000,1546,1264643.00000000,52939.89027000,0
2025-11-22 21:00:00,0.04191,0.0423,0.04182,0.04202,1549537.0,2025-11-22 21:59:59.999,65077.53158000,1325,723729.00000000,30411.46241000,0
2025-11-22 22:00:00,0.04203,0.04274,0.04192,0.04238,3837884.0,2025-11-22 22:59:59.999,161973.48299000,1693,1843517.00000000,77789.71070000,0
2025-11-22 23:00:00,0.04239,0.0424,0.04179,0.04179,2294928.0,2025-11-22 23:59:59.999,96528.43804000,1482,1185782.00000000,49859.67704000,0
2025-11-23 00:00:00,0.04179,0.04193,0.0417,0.04181,1775870.0,2025-11-23 00:59:59.999,74255.53231000,1711,1134857.00000000,47457.34617000,0
2025-11-23 01:00:00,0.04181,0.04223,0.0418,0.04214,1194160.0,2025-11-23 01:59:59.999,50224.03004000,1152,598870.00000000,25185.88371000,0
2025-11-23 02:00:00,0.04214,0.04275,0.04211,0.04243,1278736.0,2025-11-23 02:59:59.999,54282.79089000,1339,571245.00000000,24255.08127000,0
2025-11-23 03:00:00,0.04243,0.04262,0.04239,0.04248,969820.0,2025-11-23 03:59:59.999,41224.99097000,1000,586851.00000000,24953.71967000,0
2025-11-23 04:00:00,0.0425,0.0431,0.04249,0.04269,2483262.0,2025-11-23 04:59:59.999,106280.84742000,1319,808189.00000000,34567.38776000,0
2025-11-23 05:00:00,0.04269,0.04295,0.0426,0.04277,1441205.0,2025-11-23 05:59:59.999,61633.89266000,1055,861480.00000000,36854.13259000,0
2025-11-23 06:00:00,0.04277,0.04294,0.04225,0.04228,1900150.0,2025-11-23 06:59:59.999,80924.37934000,1769,1243770.00000000,52951.78594000,0
2025-11-23 07:00:00,0.0423,0.04233,0.04194,0.04231,1723402.0,2025-11-23 07:59:59.999,72678.17169000,1127,990828.00000000,41800.57768000,0
2025-11-23 08:00:00,0.04231,0.04246,0.04219,0.04236,651803.0,2025-11-23 08:59:59.999,27586.84248000,754,241677.00000000,10226.90614000,0
2025-11-23 09:00:00,0.04237,0.04272,0.04236,0.04259,606263.0,2025-11-23 09:59:59.999,25797.48621000,765,220364.00000000,9377.49305000,0
2025-11-23 10:00:00,0.0426,0.04264,0.04247,0.04253,817616.0,2025-11-23 10:59:59.999,34797.40247000,894,317867.00000000,13528.62479000,0
2025-11-23 11:00:00,0.04253,0.04279,0.04243,0.04269,935344.0,2025-11-23 11:59:59.999,39833.64946000,970,538812.00000000,22941.35839000,0
2025-11-23 12:00:00,0.04271,0.04352,0.04271,0.04303,4129196.0,2025-11-23 12:59:59.999,178128.97991000,2037,1551860.00000000,66899.14973000,0
2025-11-23 13:00:00,0.04303,0.04309,0.04267,0.04281,1154413.0,2025-11-23 13:59:59.999,49433.90773000,1266,539400.00000000,23106.32018000,0
2025-11-23 14:00:00,0.0428,0.04294,0.04229,0.04233,1574549.0,2025-11-23 14:59:59.999,66992.46169000,1329,807784.00000000,34385.20036000,0
2025-11-23 15:00:00,0.04233,0.0431,0.04226,0.04303,1988869.0,2025-11-23 15:59:59.999,84821.26410000,1588,1076965.00000000,45973.38193000,0
2025-11-23 16:00:00,0.04304,0.04344,0.04288,0.04288,1489951.0,2025-11-23 16:59:59.999,64295.23997000,1184,743752.00000000,32128.95948000,0
2025-11-23 17:00:00,0.0429,0.04305,0.04279,0.04282,1271805.0,2025-11-23 17:59:59.999,54613.74010000,1094,507237.00000000,21771.73487000,0
2025-11-23 18:00:00,0.04283,0.04346,0.04282,0.0433,1201207.0,2025-11-23 18:59:59.999,51878.38464000,1225,738765.00000000,31902.85755000,0
2025-11-23 19:00:00,0.04331,0.04355,0.04322,0.04346,703024.0,2025-11-23 19:59:59.999,30491.71647000,1087,359690.00000000,15601.53161000,0
2025-11-23 20:00:00,0.04346,0.04356,0.04336,0.04345,805298.0,2025-11-23 20:59:59.999,35005.01027000,912,376999.00000000,16389.63953000,0
2025-11-23 21:00:00,0.04345,0.04395,0.04334,0.04382,2269650.0,2025-11-23 21:59:59.999,99036.90396000,1463,1165056.00000000,50829.54517000,0
2025-11-23 22:00:00,0.04383,0.04385,0.04346,0.04352,960839.0,2025-11-23 22:59:59.999,41929.19931000,823,572339.00000000,24979.76602000,0
2025-11-23 23:00:00,0.04354,0.04365,0.04322,0.04329,1337276.0,2025-11-23 23:59:59.999,58036.75451000,1483,904155.00000000,39244.09813000,0
2025-11-24 00:00:00,0.04328,0.04366,0.04316,0.04354,1726738.0,2025-11-24 00:59:59.999,74839.70391000,2041,1049135.00000000,45472.02625000,0
2025-11-24 01:00:00,0.04353,0.04426,0.0431,0.04342,15166371.0,2025-11-24 01:59:59.999,663367.55730000,4305,8202156.00000000,358799.56974000,0
2025-11-24 02:00:00,0.04343,0.04403,0.04343,0.04368,1850612.0,2025-11-24 02:59:59.999,81039.08956000,1958,964864.00000000,42235.51491000,0
2025-11-24 03:00:00,0.04368,0.04389,0.0435,0.04366,872863.0,2025-11-24 03:59:59.999,38143.04754000,1124,440605.00000000,19258.07023000,0
2025-11-24 04:00:00,0.04366,0.04385,0.04317,0.04331,1122235.0,2025-11-24 04:59:59.999,48772.67755000,1354,646984.00000000,28107.49569000,0
2025-11-24 05:00:00,0.0433,0.04406,0.04329,0.04392,2874469.0,2025-11-24 05:59:59.999,125945.93478000,2276,1425301.00000000,62417.56619000,0
2025-11-24 06:00:00,0.04393,0.04401,0.04292,0.04341,9339669.0,2025-11-24 06:59:59.999,404612.75163000,4108,4492500.00000000,194301.22989000,0
2025-11-24 07:00:00,0.0434,0.04373,0.04323,0.04344,1979038.0,2025-11-24 07:59:59.999,85987.88680000,2348,1028959.00000000,44695.60348000,0
2025-11-24 08:00:00,0.04344,0.04368,0.04292,0.04329,4454240.0,2025-11-24 08:59:59.999,193037.30491000,2540,1140175.00000000,49325.61552000,0
2025-11-24 09:00:00,0.04328,0.04337,0.04281,0.04305,1544576.0,2025-11-24 09:59:59.999,66517.24055000,1728,733079.00000000,31551.75919000,0
2025-11-24 10:00:00,0.04305,0.04324,0.04297,0.0431,1837527.0,2025-11-24 10:59:59.999,79191.10131000,1683,658072.00000000,28369.43275000,0
2025-11-24 11:00:00,0.04309,0.04326,0.0429,0.04313,1143384.0,2025-11-24 11:59:59.999,49212.64763000,986,638056.00000000,27464.19395000,0
2025-11-24 12:00:00,0.04312,0.04314,0.04174,0.04238,7732473.0,2025-11-24 12:59:59.999,326823.07872000,4864,4400909.00000000,186156.29787000,0
2025-11-24 13:00:00,0.04238,0.04251,0.04217,0.04229,1264125.0,2025-11-24 13:59:59.999,53534.26063000,1214,613488.00000000,25991.85403000,0
2025-11-24 14:00:00,0.04225,0.04285,0.04216,0.04261,1431736.0,2025-11-24 14:59:59.999,60727.73283000,1931,799254.00000000,33876.58672000,0
2025-11-24 15:00:00,0.04262,0.04296,0.04237,0.04288,1907121.0,2025-11-24 15:59:59.999,81306.82437000,2057,1009033.00000000,43017.70717000,0
2025-11-24 16:00:00,0.04289,0.04303,0.04271,0.04285,1791321.0,2025-11-24 16:59:59.999,76792.42346000,1836,641558.00000000,27506.71668000,0
2025-11-24 17:00:00,0.04285,0.0438,0.04282,0.04378,3094605.0,2025-11-24 17:59:59.999,134506.18066000,2239,953321.00000000,41423.27215000,0
2025-11-24 18:00:00,0.04379,0.04463,0.04371,0.04411,3818531.0,2025-11-24 18:59:59.999,168082.78447000,2695,1796363.00000000,79180.92238000,0
2025-11-24 19:00:00,0.04411,0.04419,0.04387,0.04388,1539300.0,2025-11-24 19:59:59.999,67781.76779000,1637,964417.00000000,42477.89927000,0
2025-11-24 20:00:00,0.04389,0.04413,0.04383,0.04398,1116210.0,2025-11-24 20:59:59.999,49095.81065000,1451,691432.00000000,30402.10747000,0
2025-11-24 21:00:00,0.04398,0.04432,0.0437,0.04375,1129487.0,2025-11-24 21:59:59.999,49688.71785000,1590,616567.00000000,27114.93309000,0
2025-11-24 22:00:00,0.04375,0.04398,0.04359,0.04366,851785.0,2025-11-24 22:59:59.999,37284.75022000,1103,507694.00000000,22219.86495000,0
2025-11-24 23:00:00,0.04365,0.04378,0.04345,0.0435,1249253.0,2025-11-24 23:59:59.999,54457.60227000,1331,852166.00000000,37147.98203000,0
2025-11-25 00:00:00,0.04351,0.04374,0.0434,0.04347,825729.0,2025-11-25 00:59:59.999,35966.70304000,1311,320467.00000000,13953.34802000,0
2025-11-25 01:00:00,0.04349,0.04357,0.0432,0.0432,1372981.0,2025-11-25 01:59:59.999,59593.57575000,1591,763765.00000000,33148.13643000,0
2025-11-25 02:00:00,0.0432,0.04331,0.04303,0.04331,1345335.0,2025-11-25 02:59:59.999,58093.00906000,1483,871997.00000000,37649.39632000,0
2025-11-25 03:00:00,0.04331,0.04355,0.04314,0.04323,978907.0,2025-11-25 03:59:59.999,42426.71578000,1294,536608.00000000,23257.99225000,0
2025-11-25 04:00:00,0.04323,0.0436,0.04319,0.0435,973858.0,2025-11-25 04:59:59.999,42268.01115000,1368,506601.00000000,21993.45204000,0
2025-11-25 05:00:00,0.0435,0.04374,0.0434,0.04354,902412.0,2025-11-25 05:59:59.999,39293.68727000,1214,466057.00000000,20287.03716000,0
2025-11-25 06:00:00,0.04355,0.04364,0.04319,0.04342,952121.0,2025-11-25 06:59:59.999,41327.39743000,1238,626209.00000000,27185.75460000,0
2025-11-25 07:00:00,0.04342,0.04354,0.0432,0.04321,1211308.0,2025-11-25 07:59:59.999,52552.21382000,1499,646767.00000000,28050.19505000,0
2025-11-25 08:00:00,0.04321,0.04345,0.04317,0.0432,996481.0,2025-11-25 08:59:59.999,43159.29304000,1368,490068.00000000,21220.62141000,0
2025-11-25 09:00:00,0.04321,0.04347,0.04304,0.04347,1496841.0,2025-11-25 09:59:59.999,64742.14341000,1500,413181.00000000,17855.41142000,0
2025-11-25 10:00:00,0.04346,0.04356,0.04317,0.04353,771089.0,2025-11-25 10:59:59.999,33437.69283000,1153,311872.00000000,13528.53133000,0
2025-11-25 11:00:00,0.04354,0.04354,0.04313,0.04317,843241.0,2025-11-25 11:59:59.999,36489.44393000,1231,293010.00000000,12686.66671000,0
2025-11-25 12:00:00,0.04318,0.04372,0.04315,0.04338,1135013.0,2025-11-25 12:59:59.999,49378.98715000,1221,517744.00000000,22517.85757000,0
2025-11-25 13:00:00,0.04337,0.04361,0.04322,0.04332,891999.0,2025-11-25 13:59:59.999,38715.26495000,1216,472689.00000000,20505.29930000,0
2025-11-25 14:00:00,0.04333,0.04361,0.04293,0.04341,1781709.0,2025-11-25 14:59:59.999,77163.41030000,2402,975420.00000000,42243.13455000,0
2025-11-25 15:00:00,0.0434,0.04369,0.04301,0.04354,1172621.0,2025-11-25 15:59:59.999,50860.93573000,1867,536699.00000000,23262.19646000,0
2025-11-25 16:00:00,0.04355,0.0439,0.04327,0.04334,4875006.0,2025-11-25 16:59:59.999,212265.61915000,2334,2466813.00000000,107369.11154000,0
2025-11-25 17:00:00,0.04335,0.04337,0.04286,0.04307,2674921.0,2025-11-25 17:59:59.999,115257.79664000,1997,933979.00000000,40241.62349000,0
2025-11-25 18:00:00,0.04307,0.04345,0.04288,0.04288,2300242.0,2025-11-25 18:59:59.999,99290.53615000,1375,1566562.00000000,67658.51737000,0
2025-11-25 19:00:00,0.0429,0.04296,0.04242,0.04283,2414576.0,2025-11-25 19:59:59.999,103216.76911000,1700,1579076.00000000,67515.25887000,0
2025-11-25 20:00:00,0.04284,0.04301,0.04267,0.04275,2101033.0,2025-11-25 20:59:59.999,89896.94623000,1641,797601.00000000,34145.58695000,0
2025-11-25 21:00:00,0.04276,0.04288,0.04246,0.04249,1155179.0,2025-11-25 21:59:59.999,49295.31415000,974,570740.00000000,24339.01757000,0
2025-11-25 22:00:00,0.04248,0.04296,0.04223,0.04291,2213992.0,2025-11-25 22:59:59.999,94206.40953000,1121,1267164.00000000,53877.99948000,0
2025-11-25 23:00:00,0.04291,0.04317,0.04273,0.04292,1601928.0,2025-11-25 23:59:59.999,68808.03757000,1423,491527.00000000,21111.00760000,0
2025-11-26 00:00:00,0.04293,0.04313,0.0428,0.04303,1626210.0,2025-11-26 00:59:59.999,69944.09417000,1442,698515.00000000,30045.16263000,0
2025-11-26 01:00:00,0.04303,0.04346,0.0429,0.0433,1373646.0,2025-11-26 01:59:59.999,59331.46352000,1361,577824.00000000,24946.62782000,0
2025-11-26 02:00:00,0.04331,0.04336,0.0429,0.04312,2451971.0,2025-11-26 02:59:59.999,105689.14278000,1519,689808.00000000,29756.00762000,0
2025-11-26 03:00:00,0.04312,0.0432,0.04283,0.04292,777509.0,2025-11-26 03:59:59.999,33469.15772000,823,369836.00000000,15918.08795000,0
2025-11-26 04:00:00,0.0429,0.04314,0.04278,0.04299,1108000.0,2025-11-26 04:59:59.999,47614.14314000,901,772509.00000000,33185.80873000,0
2025-11-26 05:00:00,0.04299,0.04333,0.04298,0.04323,902159.0,2025-11-26 05:59:59.999,38962.85592000,594,517576.00000000,22361.59525000,0
2025-11-26 06:00:00,0.04322,0.04342,0.04312,0.04341,555835.0,2025-11-26 06:59:59.999,24038.07073000,539,316034.00000000,13666.83123000,0
2025-11-26 07:00:00,0.04341,0.04347,0.04321,0.04334,437092.0,2025-11-26 07:59:59.999,18940.91232000,496,264026.00000000,11440.59917000,0
2025-11-26 08:00:00,0.04333,0.04337,0.04296,0.04296,317580.0,2025-11-26 08:59:59.999,13704.87728000,478,193546.00000000,8350.96784000,0
2025-11-26 09:00:00,0.04297,0.04322,0.04272,0.04286,1274304.0,2025-11-26 09:59:59.999,54722.09855000,958,689127.00000000,29608.14202000,0
2025-11-26 10:00:00,0.04285,0.04303,0.04253,0.04274,1000185.0,2025-11-26 10:59:59.999,42767.47723000,793,716451.00000000,30628.92225000,0
2025-11-26 11:00:00,0.04274,0.04274,0.04243,0.04247,806163.0,2025-11-26 11:59:59.999,34275.37523000,701,512704.00000000,21795.50345000,0
2025-11-26 12:00:00,0.04246,0.04254,0.04212,0.04247,1515263.0,2025-11-26 12:59:59.999,64158.35036000,1389,1000831.00000000,42371.73687000,0
2025-11-26 13:00:00,0.04246,0.0429,0.0424,0.04284,975901.0,2025-11-26 13:59:59.999,41610.02124000,831,665011.00000000,28357.80061000,0
2025-11-26 14:00:00,0.04283,0.04285,0.04237,0.04244,1091333.0,2025-11-26 14:59:59.999,46569.29948000,1228,666581.00000000,28434.44577000,0
2025-11-26 15:00:00,0.04243,0.04271,0.04228,0.04245,1840333.0,2025-11-26 15:59:59.999,78249.58967000,1391,843681.00000000,35855.57646000,0
2025-11-26 16:00:00,0.04245,0.04355,0.04241,0.0428,5338798.0,2025-11-26 16:59:59.999,229382.97653000,3585,2292754.00000000,98515.05892000,0
2025-11-26 17:00:00,0.04282,0.04392,0.04279,0.04385,3063747.0,2025-11-26 17:59:59.999,132700.42639000,2193,1630767.00000000,70509.80891000,0
2025-11-26 18:00:00,0.04385,0.04521,0.04384,0.04478,6553515.0,2025-11-26 18:59:59.999,292113.86267000,3918,2952794.00000000,131962.19917000,0
2025-11-26 19:00:00,0.04481,0.04616,0.04476,0.0453,6905791.0,2025-11-26 19:59:59.999,312402.01495000,4191,3475635.00000000,157331.91383000,0
2025-11-26 20:00:00,0.0453,0.04555,0.04507,0.04538,1129799.0,2025-11-26 20:59:59.999,51170.08724000,1342,436263.00000000,19753.76197000,0
2025-11-26 21:00:00,0.04538,0.04567,0.04505,0.04539,1325353.0,2025-11-26 21:59:59.999,60135.86701000,1303,607628.00000000,27588.01962000,0
2025-11-26 22:00:00,0.0454,0.04563,0.04533,0.04553,415083.0,2025-11-26 22:59:59.999,18866.23625000,452,136467.00000000,6203.81781000,0
2025-11-26 23:00:00,0.04551,0.04645,0.04544,0.0464,4136533.0,2025-11-26 23:59:59.999,190280.39546000,2569,2320852.00000000,106753.94716000,0
2025-11-27 00:00:00,0.04639,0.04717,0.04608,0.04633,4328614.0,2025-11-27 00:59:59.999,201554.73426000,3746,1652891.00000000,77018.27339000,0
2025-11-27 01:00:00,0.04636,0.04694,0.0463,0.04692,1766886.0,2025-11-27 01:59:59.999,82172.90673000,1617,1075538.00000000,49997.67519000,0
2025-11-27 02:00:00,0.04691,0.04743,0.04665,0.04678,1475005.0,2025-11-27 02:59:59.999,69427.81027000,1881,683440.00000000,32155.34249000,0
2025-11-27 03:00:00,0.04678,0.04714,0.04658,0.0471,1611111.0,2025-11-27 03:59:59.999,75476.37456000,1719,792281.00000000,37102.29637000,0
2025-11-27 04:00:00,0.0471,0.04748,0.04664,0.04674,1507752.0,2025-11-27 04:59:59.999,70982.63218000,1706,730058.00000000,34365.79596000,0
2025-11-27 05:00:00,0.04672,0.04731,0.04658,0.04722,2890658.0,2025-11-27 05:59:59.999,135760.63869000,2221,1507196.00000000,70834.24357000,0
2025-11-27 06:00:00,0.04722,0.04897,0.04717,0.04771,15949228.0,2025-11-27 06:59:59.999,770292.49354000,14111,8850378.00000000,427764.64308000,0
2025-11-27 07:00:00,0.04771,0.04809,0.04679,0.04688,4034218.0,2025-11-27 07:59:59.999,191010.75204000,3764,2049327.00000000,97025.08663000,0
2025-11-27 08:00:00,0.04689,0.04699,0.04631,0.0465,3238551.0,2025-11-27 08:59:59.999,150823.48707000,3013,1834118.00000000,85397.08831000,0
2025-11-27 09:00:00,0.04651,0.0471,0.04643,0.04663,2004470.0,2025-11-27 09:59:59.999,93701.85780000,1707,1131244.00000000,52845.85136000,0
2025-11-27 10:00:00,0.04662,0.0472,0.04662,0.04706,1405843.0,2025-11-27 10:59:59.999,65913.83135000,1241,767086.00000000,35964.81577000,0
2025-11-27 11:00:00,0.04707,0.04735,0.04684,0.04725,1164763.0,2025-11-27 11:59:59.999,54856.06804000,1046,704358.00000000,33179.83748000,0
2025-11-27 12:00:00,0.04724,0.04779,0.0472,0.04723,3315102.0,2025-11-27 12:59:59.999,157488.16460000,3270,1635966.00000000,77753.93275000,0
2025-11-27 13:00:00,0.04723,0.04761,0.04723,0.04746,2011784.0,2025-11-27 13:59:59.999,95411.72463000,1809,1101214.00000000,52209.61774000,0
2025-11-27 14:00:00,0.04745,0.04761,0.04727,0.04736,1946377.0,2025-11-27 14:59:59.999,92318.33489000,1643,1122082.00000000,53225.70759000,0
2025-11-27 15:00:00,0.04738,0.0479,0.04728,0.04778,1651657.0,2025-11-27 15:59:59.999,78569.42945000,1631,1018952.00000000,48478.41893000,0
2025-11-27 16:00:00,0.04777,0.04799,0.04758,0.04788,1485025.0,2025-11-27 16:59:59.999,71024.72879000,1422,861867.00000000,41220.86043000,0
2025-11-27 17:00:00,0.04788,0.04935,0.04788,0.04851,9930894.0,2025-11-27 17:59:59.999,482679.79458000,7948,5251404.00000000,255405.03418000,0
2025-11-27 18:00:00,0.04851,0.04925,0.04829,0.04913,2275927.0,2025-11-27 18:59:59.999,110827.74146000,2115,1174017.00000000,57200.47069000,0
2025-11-27 19:00:00,0.04914,0.04915,0.04858,0.04883,2760286.0,2025-11-27 19:59:59.999,134646.52502000,2207,1388550.00000000,67710.79092000,0
2025-11-27 20:00:00,0.04884,0.04956,0.0488,0.04925,3376733.0,2025-11-27 20:59:59.999,166016.53425000,3406,1780907.00000000,87588.30972000,0
2025-11-27 21:00:00,0.04925,0.04992,0.04911,0.04958,2788811.0,2025-11-27 21:59:59.999,138279.55029000,2738,1652121.00000000,81952.52620000,0
2025-11-27 22:00:00,0.04957,0.04992,0.04929,0.04947,2166646.0,2025-11-27 22:59:59.999,107512.26583000,1944,1295124.00000000,64275.86770000,0
2025-11-27 23:00:00,0.04946,0.04992,0.04896,0.04933,6565309.0,2025-11-27 23:59:59.999,323351.28107000,3474,2627970.00000000,129454.33696000,0
2025-11-28 00:00:00,0.04933,0.04933,0.04866,0.04868,3006690.0,2025-11-28 00:59:59.999,147137.68198000,2840,1891667.00000000,92601.27772000,0
2025-11-28 01:00:00,0.04871,0.04929,0.04855,0.0487,1980005.0,2025-11-28 01:59:59.999,96777.17138000,2308,1142006.00000000,55791.10457000,0
2025-11-28 02:00:00,0.0487,0.04915,0.04844,0.04895,1875295.0,2025-11-28 02:59:59.999,91301.81713000,2336,1324101.00000000,64434.51714000,0
2025-11-28 03:00:00,0.04895,0.04953,0.04879,0.0494,1487539.0,2025-11-28 03:59:59.999,73143.40638000,1655,884228.00000000,43450.34717000,0
2025-11-28 04:00:00,0.0494,0.04982,0.04933,0.04944,1168281.0,2025-11-28 04:59:59.999,57912.84836000,1627,650644.00000000,32250.56336000,0
2025-11-28 05:00:00,0.04945,0.05,0.0494,0.0496,4676455.0,2025-11-28 05:59:59.999,233288.44910000,2689,3502513.00000000,174830.43721000,0
2025-11-28 06:00:00,0.04959,0.04966,0.049,0.04948,2612727.0,2025-11-28 06:59:59.999,128897.34346000,2619,1309724.00000000,64612.92560000,0
2025-11-28 07:00:00,0.04947,0.04981,0.04945,0.04974,1291763.0,2025-11-28 07:59:59.999,64104.64853000,1472,858796.00000000,42614.34554000,0
2025-11-28 08:00:00,0.04975,0.0509,0.04966,0.05047,5950302.0,2025-11-28 08:59:59.999,299127.66405000,5878,3674774.00000000,184664.99200000,0
2025-11-28 09:00:00,0.05048,0.05062,0.05007,0.05031,2454725.0,2025-11-28 09:59:59.999,123563.15331000,2670,1315978.00000000,66253.42457000,0
2025-11-28 10:00:00,0.05031,0.05111,0.05001,0.05057,3724897.0,2025-11-28 10:59:59.999,188491.67825000,3881,1976662.00000000,100170.79874000,0
2025-11-28 11:00:00,0.05056,0.0507,0.05012,0.05066,1915847.0,2025-11-28 11:59:59.999,96623.88802000,2280,958575.00000000,48351.13486000,0
2025-11-28 12:00:00,0.05067,0.0518,0.05063,0.05164,4128517.0,2025-11-28 12:59:59.999,211270.99757000,4302,2229710.00000000,114121.40008000,0
2025-11-28 13:00:00,0.05165,0.05384,0.05063,0.05369,16860096.0,2025-11-28 13:59:59.999,880049.72681000,17089,10807883.00000000,564607.23274000,0
2025-11-28 14:00:00,0.05368,0.0545,0.05257,0.05325,24273713.0,2025-11-28 14:59:59.999,1297792.37090000,21454,13054330.00000000,698169.28863000,0
2025-11-28 15:00:00,0.05327,0.05348,0.05185,0.05192,8286634.0,2025-11-28 15:59:59.999,435118.45022000,8548,3361609.00000000,176615.16566000,0
2025-11-28 16:00:00,0.05193,0.05242,0.05163,0.05215,4551986.0,2025-11-28 16:59:59.999,237008.19988000,4989,1932078.00000000,100644.37259000,0
2025-11-28 17:00:00,0.05216,0.05259,0.05184,0.05238,4871405.0,2025-11-28 17:59:59.999,254090.69267000,4103,1465695.00000000,76560.45346000,0
2025-11-28 18:00:00,0.05239,0.05308,0.05141,0.05175,6644640.0,2025-11-28 18:59:59.999,346316.75999000,5606,3001406.00000000,156451.57512000,0
2025-11-28 19:00:00,0.05175,0.05225,0.0517,0.05179,1558097.0,2025-11-28 19:59:59.999,81014.91518000,2224,805800.00000000,41896.83606000,0
2025-11-28 20:00:00,0.05178,0.05178,0.04962,0.04962,6641329.0,2025-11-28 20:59:59.999,336536.09695000,6477,3242090.00000000,164450.94738000,0
2025-11-28 21:00:00,0.04968,0.05172,0.04967,0.05043,6559983.0,2025-11-28 21:59:59.999,333236.59679000,7503,3425625.00000000,173857.32133000,0
2025-11-28 22:00:00,0.05044,0.05044,0.05004,0.05032,1766093.0,2025-11-28 22:59:59.999,88769.65060000,2050,1081010.00000000,54347.12832000,0
2025-11-28 23:00:00,0.05033,0.05047,0.04956,0.04975,3075022.0,2025-11-28 23:59:59.999,153839.53799000,3080,1869158.00000000,93456.07284000,0
2025-11-29 00:00:00,0.04975,0.05015,0.04975,0.04993,1310836.0,2025-11-29 00:59:59.999,65495.95731000,1523,925657.00000000,46251.78350000,0
2025-11-29 01:00:00,0.04994,0.05022,0.04965,0.04989,1823992.0,2025-11-29 01:59:59.999,91044.46163000,1468,1148580.00000000,57337.89650000,0
2025-11-29 02:00:00,0.0499,0.05018,0.04977,0.05009,1176795.0,2025-11-29 02:59:59.999,58786.10286000,1066,844870.00000000,42203.29610000,0
2025-11-29 03:00:00,0.05009,0.05027,0.04992,0.05005,1119254.0,2025-11-29 03:59:59.999,56023.06467000,1125,754486.00000000,37762.93341000,0
2025-11-29 04:00:00,0.05004,0.05119,0.04996,0.05104,7615378.0,2025-11-29 04:59:59.999,386742.26043000,3756,3901337.00000000,197780.69961000,0
2025-11-29 05:00:00,0.05104,0.05132,0.05085,0.0511,1553071.0,2025-11-29 05:59:59.999,79306.50814000,1877,1000220.00000000,51071.22210000,0
2025-11-29 06:00:00,0.05109,0.05145,0.0507,0.05082,2088346.0,2025-11-29 06:59:59.999,106678.80209000,2913,922276.00000000,47078.31059000,0
2025-11-29 07:00:00,0.05082,0.05214,0.0508,0.05179,6186177.0,2025-11-29 07:59:59.999,319465.84923000,4547,3610433.00000000,186129.33365000,0
2025-11-29 08:00:00,0.05178,0.05276,0.05178,0.05196,4353278.0,2025-11-29 08:59:59.999,227781.28037000,4424,2550266.00000000,133443.85729000,0
2025-11-29 09:00:00,0.05197,0.05237,0.05164,0.05222,1305743.0,2025-11-29 09:59:59.999,67875.72937000,2032,607639.00000000,31582.56985000,0
2025-11-29 10:00:00,0.05223,0.05241,0.05174,0.05235,1733622.0,2025-11-29 10:59:59.999,90403.74343000,2524,945464.00000000,49307.58864000,0
2025-11-29 11:00:00,0.05235,0.05328,0.05215,0.05289,4691597.0,2025-11-29 11:59:59.999,247426.72405000,5003,1595913.00000000,84237.08964000,0
2025-11-29 12:00:00,0.05288,0.0542,0.05255,0.05333,12715772.0,2025-11-29 12:59:59.999,680602.78034000,7562,6855521.00000000,366444.18776000,0
2025-11-29 13:00:00,0.05332,0.05427,0.05303,0.05406,5420240.0,2025-11-29 13:59:59.999,289856.45827000,5256,2502066.00000000,133775.84354000,0
2025-11-29 14:00:00,0.05405,0.05599,0.05403,0.05545,10967621.0,2025-11-29 14:59:59.999,604155.46224000,16763,6314384.00000000,348248.83211000,0
2025-11-29 15:00:00,0.05544,0.05572,0.05464,0.05512,4335358.0,2025-11-29 15:59:59.999,238800.74201000,7335,2004657.00000000,110539.04597000,0
2025-11-29 16:00:00,0.05512,0.0569,0.05446,0.05461,14878694.0,2025-11-29 16:59:59.999,830944.76817000,21144,8331052.00000000,465954.31324000,0
2025-11-29 17:00:00,0.05463,0.05567,0.05412,0.05536,6146186.0,2025-11-29 17:59:59.999,336961.10932000,6802,3271237.00000000,179164.88883000,0
2025-11-29 18:00:00,0.05538,0.05579,0.05375,0.05447,5722505.0,2025-11-29 18:59:59.999,313488.70088000,7777,3095246.00000000,169467.96038000,0
2025-11-29 19:00:00,0.05446,0.05496,0.05427,0.05475,2395322.0,2025-11-29 19:59:59.999,131011.48954000,2581,1013354.00000000,55422.77337000,0
2025-11-29 20:00:00,0.05476,0.05589,0.05438,0.0552,6425306.0,2025-11-29 20:59:59.999,354867.20720000,8204,3411646.00000000,188508.71280000,0
2025-11-29 21:00:00,0.05521,0.05547,0.05459,0.05507,2811745.0,2025-11-29 21:59:59.999,154634.04426000,3238,1335643.00000000,73494.92848000,0
2025-11-29 22:00:00,0.05508,0.05543,0.0539,0.05412,3290469.0,2025-11-29 22:59:59.999,179882.83453000,3997,1706876.00000000,93215.97197000,0
2025-11-29 23:00:00,0.05412,0.05492,0.05402,0.05436,3474303.0,2025-11-29 23:59:59.999,189139.96084000,4337,1920043.00000000,104528.92548000,0
2025-11-30 00:00:00,0.05437,0.05481,0.05399,0.05442,3042860.0,2025-11-30 00:59:59.999,165625.77417000,4311,1605038.00000000,87357.49607000,0
2025-11-30 01:00:00,0.05443,0.05529,0.05399,0.05409,3439151.0,2025-11-30 01:59:59.999,187432.41735000,4355,1560298.00000000,85028.97401000,0
2025-11-30 02:00:00,0.05408,0.05474,0.05402,0.05431,3429352.0,2025-11-30 02:59:59.999,186898.02386000,3916,1947851.00000000,106128.82303000,0
2025-11-30 03:00:00,0.05431,0.05514,0.05403,0.05508,3080721.0,2025-11-30 03:59:59.999,168134.99883000,4312,1682232.00000000,91847.66062000,0
2025-11-30 04:00:00,0.05507,0.05524,0.05324,0.05362,4116437.0,2025-11-30 04:59:59.999,223052.18200000,4661,2120323.00000000,115259.54188000,0
2025-11-30 05:00:00,0.05363,0.05374,0.05302,0.05309,1665595.0,2025-11-30 05:59:59.999,88898.43875000,2493,924903.00000000,49361.84998000,0
2025-11-30 06:00:00,0.0531,0.05342,0.05302,0.05327,1341949.0,2025-11-30 06:59:59.999,71423.82605000,2103,745954.00000000,39699.43829000,0
2025-11-30 07:00:00,0.05329,0.05353,0.05314,0.05349,1336341.0,2025-11-30 07:59:59.999,71305.17498000,1681,678839.00000000,36208.77103000,0
2025-11-30 08:00:00,0.05349,0.05677,0.05341,0.05638,21647562.0,2025-11-30 08:59:59.999,1195852.11966000,23809,15399782.00000000,850115.35276000,0
2025-11-30 09:00:00,0.05637,0.05666,0.05481,0.05499,7278662.0,2025-11-30 09:59:59.999,404713.58998000,8441,3864332.00000000,214977.84248000,0
2025-11-30 10:00:00,0.05498,0.05554,0.05476,0.05531,1768685.0,2025-11-30 10:59:59.999,97594.08095000,2694,872131.00000000,48132.41320000,0
2025-11-30 11:00:00,0.05532,0.0559,0.05489,0.05521,3814744.0,2025-11-30 11:59:59.999,211420.22789000,4553,2065088.00000000,114544.41767000,0
2025-11-30 12:00:00,0.05522,0.05565,0.05484,0.05538,2249742.0,2025-11-30 12:59:59.999,124447.05051000,3009,860922.00000000,47641.09389000,0
2025-11-30 13:00:00,0.0554,0.0558,0.05535,0.05563,1223017.0,2025-11-30 13:59:59.999,68000.33600000,2019,601305.00000000,33427.53252000,0
2025-11-30 14:00:00,0.05564,0.05624,0.05561,0.05603,2237926.0,2025-11-30 14:59:59.999,125070.47826000,3204,1192711.00000000,66651.71954000,0
2025-11-30 15:00:00,0.05604,0.0564,0.05549,0.05577,2480235.0,2025-11-30 15:59:59.999,138779.83551000,3894,1248966.00000000,69950.11861000,0
2025-11-30 16:00:00,0.05578,0.05624,0.05562,0.05592,2402668.0,2025-11-30 16:59:59.999,134413.88894000,3153,1328287.00000000,74325.11613000,0
2025-11-30 17:00:00,0.05591,0.05618,0.05528,0.05577,2437390.0,2025-11-30 17:59:59.999,135623.25580000,3605,670038.00000000,37296.67059000,0
2025-11-30 18:00:00,0.05578,0.05591,0.05522,0.05569,2189406.0,2025-11-30 18:59:59.999,121682.30594000,2853,647586.00000000,35999.89756000,0
2025-11-30 19:00:00,0.05568,0.05595,0.05545,0.05554,863945.0,2025-11-30 19:59:59.999,48122.04583000,1522,432078.00000000,24072.94466000,0
2025-11-30 20:00:00,0.05554,0.05615,0.05554,0.05597,1319148.0,2025-11-30 20:59:59.999,73800.79686000,1685,628411.00000000,35160.81693000,0
2025-11-30 21:00:00,0.05596,0.05623,0.05587,0.05597,909270.0,2025-11-30 21:59:59.999,50989.60519000,1532,316738.00000000,17759.33753000,0
2025-11-30 22:00:00,0.05597,0.05641,0.05523,0.05541,1724311.0,2025-11-30 22:59:59.999,96165.97503000,1944,702564.00000000,39165.80188000,0
2025-11-30 23:00:00,0.05542,0.05557,0.05504,0.05518,2371285.0,2025-11-30 23:59:59.999,131108.93963000,3256,1110119.00000000,61399.89192000,0
2025-12-01 00:00:00,0.05519,0.05531,0.05239,0.05249,6717870.0,2025-12-01 00:59:59.999,361338.69475000,9351,3064900.00000000,164822.97530000,0
2025-12-01 01:00:00,0.0525,0.05326,0.0523,0.05272,5312502.0,2025-12-01 01:59:59.999,280447.90166000,4785,2241926.00000000,118430.30767000,0
2025-12-01 02:00:00,0.05272,0.05312,0.05236,0.05258,2103129.0,2025-12-01 02:59:59.999,110852.96840000,2761,994631.00000000,52375.61735000,0
2025-12-01 03:00:00,0.05257,0.05258,0.05117,0.05141,7695046.0,2025-12-01 03:59:59.999,397354.19860000,4400,3312840.00000000,171180.88571000,0
2025-12-01 04:00:00,0.05143,0.05144,0.05047,0.05068,3441805.0,2025-12-01 04:59:59.999,174942.39780000,4225,1840969.00000000,93642.85953000,0
2025-12-01 05:00:00,0.0507,0.05095,0.05041,0.05067,1985480.0,2025-12-01 05:59:59.999,100560.05135000,2106,1011694.00000000,51233.89220000,0
2025-12-01 06:00:00,0.05066,0.05132,0.05066,0.051,3271150.0,2025-12-01 06:59:59.999,166646.55582000,3089,1788622.00000000,91106.98029000,0
2025-12-01 07:00:00,0.051,0.05132,0.05078,0.05103,2257850.0,2025-12-01 07:59:59.999,115265.82566000,2319,786959.00000000,40210.03663000,0
2025-12-01 08:00:00,0.05102,0.05146,0.05091,0.05129,2415374.0,2025-12-01 08:59:59.999,123696.87671000,3105,1074139.00000000,55020.94324000,0
2025-12-01 09:00:00,0.05128,0.05144,0.04996,0.05024,6624210.0,2025-12-01 09:59:59.999,334560.14823000,3781,3554528.00000000,179219.79650000,0
2025-12-01 10:00:00,0.05024,0.05066,0.05017,0.05053,1453394.0,2025-12-01 10:59:59.999,73343.27972000,2161,722638.00000000,36465.49137000,0
2025-12-01 11:00:00,0.05053,0.0507,0.05042,0.05046,1206506.0,2025-12-01 11:59:59.999,60972.08416000,1699,620316.00000000,31358.04468000,0
2025-12-01 12:00:00,0.05046,0.05048,0.04946,0.04985,4411734.0,2025-12-01 12:59:59.999,220330.68434000,3378,2629602.00000000,131215.26295000,0
2025-12-01 13:00:00,0.04985,0.05011,0.04922,0.04927,2835741.0,2025-12-01 13:59:59.999,140753.57531000,3215,1583012.00000000,78544.79966000,0
2025-12-01 14:00:00,0.04928,0.04992,0.04915,0.04943,2244245.0,2025-12-01 14:59:59.999,110914.53904000,3089,1291349.00000000,63784.55297000,0
2025-12-01 15:00:00,0.04945,0.04953,0.04842,0.04897,2889773.0,2025-12-01 15:59:59.999,141466.99961000,3468,1350313.00000000,66154.94326000,0
2025-12-01 16:00:00,0.04898,0.04924,0.04875,0.0491,2040401.0,2025-12-01 16:59:59.999,100026.77302000,2522,1237795.00000000,60691.19120000,0
2025-12-01 17:00:00,0.04909,0.04972,0.04909,0.04914,2522022.0,2025-12-01 17:59:59.999,124545.60155000,2520,1353620.00000000,66820.67188000,0
2025-12-01 18:00:00,0.04915,0.05103,0.04913,0.05098,6954941.0,2025-12-01 18:59:59.999,350578.93895000,5890,3233606.00000000,162671.06320000,0
2025-12-01 19:00:00,0.05097,0.05113,0.04986,0.05023,3643906.0,2025-12-01 19:59:59.999,183075.44260000,3459,1729630.00000000,86844.94687000,0
2025-12-01 20:00:00,0.05024,0.05084,0.04999,0.05028,2121158.0,2025-12-01 20:59:59.999,106826.92290000,2921,992670.00000000,49947.05000000,0
2025-12-01 21:00:00,0.05029,0.05095,0.05028,0.05095,1509261.0,2025-12-01 21:59:59.999,76311.43206000,2396,744297.00000000,37645.71076000,0
2025-12-01 22:00:00,0.05095,0.05147,0.05086,0.0513,1188818.0,2025-12-01 22:59:59.999,60724.85113000,1131,550971.00000000,28127.20472000,0
2025-12-01 23:00:00,0.05129,0.05196,0.05123,0.05173,1974073.0,2025-12-01 23:59:59.999,102118.31678000,1987,1160998.00000000,60085.65149000,0
2025-12-02 00:00:00,0.05174,0.05229,0.05169,0.0519,1681522.0,2025-12-02 00:59:59.999,87434.03818000,2342,757114.00000000,39371.82237000,0
2025-12-02 01:00:00,0.0519,0.05241,0.05163,0.05183,1083184.0,2025-12-02 01:59:59.999,56238.25353000,1922,552294.00000000,28682.55049000,0
2025-12-02 02:00:00,0.05181,0.05229,0.05157,0.05224,1288949.0,2025-12-02 02:59:59.999,66956.26554000,1595,826749.00000000,42915.52320000,0
2025-12-02 03:00:00,0.05224,0.05257,0.05191,0.05248,1249036.0,2025-12-02 03:59:59.999,65100.26618000,1391,410632.00000000,21413.30363000,0
2025-12-02 04:00:00,0.05248,0.053,0.0524,0.05282,2741599.0,2025-12-02 04:59:59.999,144604.20432000,3150,1623932.00000000,85630.85810000,0
2025-12-02 05:00:00,0.05282,0.05384,0.05261,0.05321,4019671.0,2025-12-02 05:59:59.999,214895.13227000,4601,1790738.00000000,95629.04767000,0
2025-12-02 06:00:00,0.05321,0.0544,0.05276,0.05425,2879975.0,2025-12-02 06:59:59.999,154107.98114000,3782,1742677.00000000,93240.43098000,0
2025-12-02 07:00:00,0.05424,0.05432,0.05347,0.05382,1802267.0,2025-12-02 07:59:59.999,96959.19995000,2398,1019629.00000000,54864.75168000,0
2025-12-02 08:00:00,0.05383,0.05386,0.05315,0.0533,1916034.0,2025-12-02 08:59:59.999,102290.64380000,2250,871363.00000000,46519.85176000,0
2025-12-02 09:00:00,0.05331,0.05352,0.05299,0.05346,1957561.0,2025-12-02 09:59:59.999,104215.94709000,2408,1058532.00000000,56378.06490000,0
2025-12-02 10:00:00,0.05347,0.0541,0.05338,0.05381,951637.0,2025-12-02 10:59:59.999,51086.46702000,1672,416112.00000000,22333.21330000,0
2025-12-02 11:00:00,0.0538,0.05421,0.05375,0.05392,1129849.0,2025-12-02 11:59:59.999,60990.27885000,1606,612227.00000000,33042.44024000,0
2025-12-02 12:00:00,0.05393,0.05426,0.05341,0.0537,1430655.0,2025-12-02 12:59:59.999,76856.05041000,1818,756505.00000000,40616.40083000,0
2025-12-02 13:00:00,0.0537,0.05526,0.0534,0.05493,6694135.0,2025-12-02 13:59:59.999,363411.71706000,6616,3963754.00000000,214730.59193000,0
2025-12-02 14:00:00,0.05493,0.05699,0.0549,0.05695,5249186.0,2025-12-02 14:59:59.999,293711.13517000,6741,2788352.00000000,156035.66257000,0
2025-12-02 15:00:00,0.05696,0.05872,0.05693,0.05743,11869108.0,2025-12-02 15:59:59.999,686679.00132000,13601,6344959.00000000,366932.88620000,0
2025-12-02 16:00:00,0.05746,0.05756,0.05629,0.05667,14514517.0,2025-12-02 16:59:59.999,827585.33254000,6941,6837352.00000000,389330.16909000,0
2025-12-02 17:00:00,0.05666,0.05712,0.05617,0.05621,2544871.0,2025-12-02 17:59:59.999,144374.03931000,3395,1263520.00000000,71628.07023000,0
2025-12-02 18:00:00,0.05619,0.05665,0.05617,0.05651,3299175.0,2025-12-02 18:59:59.999,186329.77052000,2092,1716993.00000000,96954.19878000,0
2025-12-02 19:00:00,0.05651,0.05691,0.05632,0.05683,9722531.0,2025-12-02 19:59:59.999,550193.86343000,3946,2402154.00000000,135888.78812000,0
2025-12-02 20:00:00,0.05684,0.05713,0.05609,0.0566,7258687.0,2025-12-02 20:59:59.999,411421.47392000,4935,2304216.00000000,130571.34113000,0
2025-12-02 21:00:00,0.05659,0.05664,0.05476,0.05532,17275960.0,2025-12-02 21:59:59.999,960657.75057000,7224,8016447.00000000,445523.27455000,0
2025-12-02 22:00:00,0.05532,0.05555,0.05508,0.05532,1701424.0,2025-12-02 22:59:59.999,94048.33780000,1493,991505.00000000,54799.24222000,0
2025-12-02 23:00:00,0.05531,0.05563,0.05523,0.05555,3008318.0,2025-12-02 23:59:59.999,166893.57147000,2183,988102.00000000,54817.33560000,0
2025-12-03 00:00:00,0.05555,0.05563,0.05492,0.05525,3209419.0,2025-12-03 00:59:59.999,177331.28733000,2538,1058252.00000000,58480.89794000,0
2025-12-03 01:00:00,0.05525,0.05651,0.05525,0.05579,3710349.0,2025-12-03 01:59:59.999,207668.45162000,3608,1229279.00000000,68766.27499000,0
2025-12-03 02:00:00,0.0558,0.05651,0.05572,0.05637,3406275.0,2025-12-03 02:59:59.999,191099.23593000,3514,1792402.00000000,100562.68754000,0
2025-12-03 03:00:00,0.05636,0.05643,0.056,0.05607,1105741.0,2025-12-03 03:59:59.999,62066.27281000,1551,579964.00000000,32555.76294000,0
2025-12-03 04:00:00,0.05607,0.05659,0.056,0.05635,751810.0,2025-12-03 04:59:59.999,42390.21803000,1533,316835.00000000,17856.70035000,0
2025-12-03 05:00:00,0.05635,0.05709,0.05635,0.05669,4711035.0,2025-12-03 05:59:59.999,267596.41247000,3238,3145924.00000000,178697.80552000,0
2025-12-03 06:00:00,0.0567,0.05721,0.0567,0.05692,1456246.0,2025-12-03 06:59:59.999,82925.61412000,1757,658373.00000000,37482.60477000,0
2025-12-03 07:00:00,0.05693,0.05745,0.05687,0.05739,1680445.0,2025-12-03 07:59:59.999,96190.34546000,1504,829903.00000000,47508.61812000,0
2025-12-03 08:00:00,0.05739,0.05827,0.05719,0.05825,1696274.0,2025-12-03 08:59:59.999,97863.88933000,1754,754272.00000000,43531.72865000,0
2025-12-03 09:00:00,0.05824,0.05845,0.05739,0.05743,2244206.0,2025-12-03 09:59:59.999,130006.00507000,3317,930062.00000000,53847.19263000,0
2025-12-03 10:00:00,0.05743,0.0575,0.05624,0.05624,4881133.0,2025-12-03 10:59:59.999,277783.08779000,4903,1410828.00000000,80377.89636000,0
2025-12-03 11:00:00,0.0563,0.05655,0.05574,0.05595,13407856.0,2025-12-03 11:59:59.999,753939.10347000,7016,3509359.00000000,197399.38199000,0
2025-12-03 12:00:00,0.05595,0.05622,0.05497,0.05514,4109004.0,2025-12-03 12:59:59.999,228032.15730000,3041,2105321.00000000,116779.19924000,0
2025-12-03 13:00:00,0.05513,0.05522,0.05435,0.05448,4865703.0,2025-12-03 13:59:59.999,266140.57463000,2150,2181143.00000000,119337.56570000,0
2025-12-03 14:00:00,0.05446,0.0553,0.05354,0.05456,5491880.0,2025-12-03 14:59:59.999,299147.60012000,5076,3538166.00000000,192652.42717000,0
2025-12-03 15:00:00,0.05456,0.05496,0.05421,0.05432,1830674.0,2025-12-03 15:59:59.999,99837.72078000,2568,826512.00000000,45082.52772000,0
2025-12-03 16:00:00,0.05433,0.05496,0.05408,0.05482,1961970.0,2025-12-03 16:59:59.999,106944.58475000,2670,900576.00000000,49045.32133000,0
2025-12-03 17:00:00,0.05481,0.05489,0.05428,0.05458,2061776.0,2025-12-03 17:59:59.999,112597.53533000,2496,823609.00000000,44995.95767000,0
2025-12-03 18:00:00,0.05461,0.05501,0.05446,0.05452,1740715.0,2025-12-03 18:59:59.999,95250.45301000,1852,610428.00000000,33420.20097000,0
2025-12-03 19:00:00,0.05453,0.05475,0.0543,0.05451,971719.0,2025-12-03 19:59:59.999,53012.66490000,1236,434184.00000000,23683.01050000,0
2025-12-03 20:00:00,0.05451,0.05516,0.05444,0.05481,1784158.0,2025-12-03 20:59:59.999,97825.68720000,1845,945483.00000000,51800.08250000,0
2025-12-03 21:00:00,0.05481,0.05708,0.05478,0.05697,6435987.0,2025-12-03 21:59:59.999,360397.47104000,2839,3205250.00000000,179378.52267000,0
2025-12-03 22:00:00,0.05696,0.05745,0.05628,0.05634,3177825.0,2025-12-03 22:59:59.999,180703.33728000,2988,1523926.00000000,86620.98001000,0
2025-12-03 23:00:00,0.05634,0.05669,0.0558,0.05582,1552530.0,2025-12-03 23:59:59.999,87212.07204000,1694,805730.00000000,45242.49194000,0
2025-12-04 00:00:00,0.05583,0.05602,0.05534,0.05573,1592838.0,2025-12-04 00:59:59.999,88579.05712000,1750,667903.00000000,37149.05221000,0
2025-12-04 01:00:00,0.05571,0.05633,0.05568,0.05579,1464377.0,2025-12-04 01:59:59.999,81956.35859000,1826,743819.00000000,41641.24843000,0
2025-12-04 02:00:00,0.05579,0.05653,0.05552,0.05593,2660901.0,2025-12-04 02:59:59.999,149304.22026000,2427,894984.00000000,50165.52319000,0
2025-12-04 03:00:00,0.05593,0.05654,0.05565,0.05643,2049414.0,2025-12-04 03:59:59.999,114841.81808000,2106,1065635.00000000,59715.03054000,0
2025-12-04 04:00:00,0.05643,0.05654,0.0558,0.05622,1700621.0,2025-12-04 04:59:59.999,95530.17270000,2120,915623.00000000,51439.94763000,0
2025-12-04 05:00:00,0.05621,0.05631,0.05557,0.0556,985964.0,2025-12-04 05:59:59.999,55158.78928000,1136,349979.00000000,19562.59031000,0
2025-12-04 06:00:00,0.05561,0.05616,0.05534,0.0561,1894284.0,2025-12-04 06:59:59.999,105331.33574000,1352,1226455.00000000,68148.17445000,0
2025-12-04 07:00:00,0.05611,0.05643,0.0559,0.05608,1138011.0,2025-12-04 07:59:59.999,63852.76385000,1353,388878.00000000,21823.99009000,0
2025-12-04 08:00:00,0.05609,0.05714,0.05597,0.05705,3010787.0,2025-12-04 08:59:59.999,170163.54422000,2648,1342611.00000000,75976.17339000,0
2025-12-04 09:00:00,0.05706,0.05736,0.05673,0.05717,2502041.0,2025-12-04 09:59:59.999,142774.91160000,2551,761294.00000000,43480.86343000,0
2025-12-04 10:00:00,0.05716,0.0573,0.05653,0.05698,3275777.0,2025-12-04 10:59:59.999,186305.14269000,3334,720633.00000000,41020.49789000,0
2025-12-04 11:00:00,0.05699,0.05752,0.05693,0.05699,3499710.0,2025-12-04 11:59:59.999,200502.23563000,2242,1832846.00000000,105129.84133000,0
2025-12-04 12:00:00,0.05699,0.05724,0.05657,0.05709,2479771.0,2025-12-04 12:59:59.999,141281.97830000,2272,1289372.00000000,73496.77246000,0
2025-12-04 13:00:00,0.05709,0.05718,0.05665,0.05686,2113859.0,2025-12-04 13:59:59.999,120349.70243000,2543,796115.00000000,45336.08805000,0
2025-12-04 14:00:00,0.05686,0.0572,0.05635,0.05645,2167935.0,2025-12-04 14:59:59.999,123314.90837000,2761,933494.00000000,53100.28391000,0
2025-12-04 15:00:00,0.05645,0.05725,0.05645,0.057,1769908.0,2025-12-04 15:59:59.999,100741.31685000,2269,958401.00000000,54597.49984000,0
2025-12-04 16:00:00,0.05701,0.05722,0.05498,0.0565,7440266.0,2025-12-04 16:59:59.999,417261.92783000,9012,3597406.00000000,201782.22701000,0
2025-12-04 17:00:00,0.05651,0.05653,0.05579,0.05624,2779586.0,2025-12-04 17:59:59.999,156154.84187000,4164,1236830.00000000,69483.61550000,0
2025-12-04 18:00:00,0.05625,0.05644,0.05593,0.05624,899571.0,2025-12-04 18:59:59.999,50526.50624000,1290,434738.00000000,24424.89877000,0
2025-12-04 19:00:00,0.05624,0.05624,0.05491,0.05592,1831607.0,2025-12-04 19:59:59.999,101605.64532000,3209,992373.00000000,55014.54399000,0
2025-12-04 20:00:00,0.05592,0.05639,0.05563,0.0563,1344972.0,2025-12-04 20:59:59.999,75352.22321000,1907,718676.00000000,40265.44869000,0
2025-12-04 21:00:00,0.0563,0.05657,0.05606,0.05609,848016.0,2025-12-04 21:59:59.999,47811.74592000,1229,457639.00000000,25803.46021000,0
2025-12-04 22:00:00,0.0561,0.05633,0.05608,0.05614,554050.0,2025-12-04 22:59:59.999,31139.14844000,742,236546.00000000,13291.55348000,0
2025-12-04 23:00:00,0.05613,0.05644,0.05582,0.05598,1843977.0,2025-12-04 23:59:59.999,103491.84754000,2279,448134.00000000,25140.84838000,0
2025-12-05 00:00:00,0.05598,0.05623,0.0555,0.05557,2857838.0,2025-12-05 00:59:59.999,159569.72546000,2298,1754685.00000000,97956.84462000,0
2025-12-05 01:00:00,0.05557,0.05613,0.05543,0.05595,1087801.0,2025-12-05 01:59:59.999,60720.50215000,1276,662817.00000000,36985.93828000,0
2025-12-05 02:00:00,0.05595,0.05606,0.05573,0.05579,708794.0,2025-12-05 02:59:59.999,39639.96620000,1036,290639.00000000,16253.31100000,0
2025-12-05 03:00:00,0.0558,0.056,0.05575,0.05585,627654.0,2025-12-05 03:59:59.999,35081.26514000,844,273373.00000000,15275.31903000,0
2025-12-05 04:00:00,0.05586,0.05617,0.0557,0.056,798883.0,2025-12-05 04:59:59.999,44716.71984000,986,379554.00000000,21257.10657000,0
2025-12-05 05:00:00,0.056,0.05622,0.05596,0.05618,710005.0,2025-12-05 05:59:59.999,39829.75807000,823,299168.00000000,16784.08556000,0
2025-12-05 06:00:00,0.05619,0.0566,0.05603,0.0563,1544144.0,2025-12-05 06:59:59.999,87013.34669000,1624,624101.00000000,35195.02859000,0
2025-12-05 07:00:00,0.0563,0.05665,0.05569,0.05593,3654288.0,2025-12-05 07:59:59.999,205624.64028000,4647,1439564.00000000,81047.94523000,0
2025-12-05 08:00:00,0.05593,0.05607,0.05581,0.05605,998912.0,2025-12-05 08:59:59.999,55870.22415000,1128,321875.00000000,18001.87642000,0
2025-12-05 09:00:00,0.05605,0.05605,0.05527,0.05551,1277264.0,2025-12-05 09:59:59.999,71125.55450000,2280,410980.00000000,22908.87367000,0
2025-12-05 10:00:00,0.05549,0.05572,0.05528,0.05554,1007521.0,2025-12-05 10:59:59.999,55906.03505000,1768,267192.00000000,14823.71039000,0
2025-12-05 11:00:00,0.05555,0.05558,0.05459,0.05488,1811825.0,2025-12-05 11:59:59.999,99695.30421000,2216,698631.00000000,38393.16416000,0
2025-12-05 12:00:00,0.05489,0.05516,0.05417,0.0542,3537612.0,2025-12-05 12:59:59.999,193203.75363000,2595,1129749.00000000,61659.68780000,0
2025-12-05 13:00:00,0.05419,0.05446,0.05371,0.05387,2434119.0,2025-12-05 13:59:59.999,131570.37000000,2162,946344.00000000,51124.03667000,0
2025-12-05 14:00:00,0.05386,0.0541,0.05367,0.05377,1537015.0,2025-12-05 14:59:59.999,82827.92245000,1806,747509.00000000,40284.10802000,0
2025-12-05 15:00:00,0.05378,0.05478,0.05378,0.05453,3647622.0,2025-12-05 15:59:59.999,198716.99996000,5051,1423570.00000000,77484.14222000,0
2025-12-05 16:00:00,0.05452,0.05454,0.05152,0.05223,9899661.0,2025-12-05 16:59:59.999,520271.54458000,10888,4761024.00000000,249891.75214000,0
2025-12-05 17:00:00,0.05223,0.0525,0.05209,0.05234,1293860.0,2025-12-05 17:59:59.999,67660.48631000,1816,590017.00000000,30854.37195000,0
2025-12-05 18:00:00,0.05233,0.05275,0.05194,0.05199,1437938.0,2025-12-05 18:59:59.999,75340.66043000,1620,701766.00000000,36784.25225000,0
2025-12-05 19:00:00,0.05198,0.05241,0.05183,0.05217,1064921.0,2025-12-05 19:59:59.999,55562.68405000,1181,549989.00000000,28693.79681000,0
2025-12-05 20:00:00,0.05214,0.05224,0.05186,0.05198,841118.0,2025-12-05 20:59:59.999,43783.53323000,788,446270.00000000,23241.22146000,0
2025-12-05 21:00:00,0.05197,0.05228,0.05197,0.05221,550743.0,2025-12-05 21:59:59.999,28714.91151000,571,279355.00000000,14563.86768000,0
2025-12-05 22:00:00,0.05222,0.0524,0.05212,0.05227,337565.0,2025-12-05 22:59:59.999,17633.20161000,295,167087.00000000,8725.33252000,0
2025-12-05 23:00:00,0.05226,0.05237,0.0521,0.05227,650630.0,2025-12-05 23:59:59.999,33966.63293000,348,450658.00000000,23520.60247000,0
2025-12-06 00:00:00,0.05227,0.05227,0.05195,0.05208,814244.0,2025-12-06 00:59:59.999,42406.01349000,701,416232.00000000,21669.59830000,0
2025-12-06 01:00:00,0.05207,0.05248,0.05207,0.05229,489440.0,2025-12-06 01:59:59.999,25594.81900000,503,182052.00000000,9519.45168000,0
2025-12-06 02:00:00,0.05229,0.0526,0.05229,0.05253,347637.0,2025-12-06 02:59:59.999,18236.27945000,487,219342.00000000,11508.28940000,0
2025-12-06 03:00:00,0.05253,0.05308,0.05253,0.05292,862333.0,2025-12-06 03:59:59.999,45607.56899000,736,437297.00000000,23126.46936000,0
2025-12-06 04:00:00,0.05291,0.05301,0.05278,0.05292,554830.0,2025-12-06 04:59:59.999,29346.21828000,555,270243.00000000,14293.26772000,0
2025-12-06 05:00:00,0.05292,0.05295,0.05278,0.05286,417442.0,2025-12-06 05:59:59.999,22062.70568000,568,268656.00000000,14196.54355000,0
2025-12-06 06:00:00,0.05285,0.05322,0.05279,0.05313,463005.0,2025-12-06 06:59:59.999,24569.83283000,839,221177.00000000,11731.81275000,0
2025-12-06 07:00:00,0.05313,0.05325,0.05301,0.05322,364028.0,2025-12-06 07:59:59.999,19337.59265000,720,239418.00000000,12716.12304000,0
2025-12-06 08:00:00,0.05322,0.05325,0.05279,0.0528,735431.0,2025-12-06 08:59:59.999,38991.55527000,1085,448810.00000000,23785.03705000,0
2025-12-06 09:00:00,0.0528,0.05311,0.05279,0.05299,279199.0,2025-12-06 09:59:59.999,14791.88571000,491,174170.00000000,9224.09238000,0
2025-12-06 10:00:00,0.05298,0.05317,0.05162,0.0521,2563579.0,2025-12-06 10:59:59.999,134045.83425000,2645,1469832.00000000,76798.51702000,0
2025-12-06 11:00:00,0.0521,0.05323,0.05208,0.05255,3188589.0,2025-12-06 11:59:59.999,167743.03562000,3972,1378615.00000000,72561.26618000,0
2025-12-06 12:00:00,0.05255,0.05263,0.05232,0.05251,403275.0,2025-12-06 12:59:59.999,21144.04105000,719,208424.00000000,10927.29344000,0
2025-12-06 13:00:00,0.05249,0.05287,0.05247,0.05256,389628.0,2025-12-06 13:59:59.999,20504.07740000,592,159847.00000000,8408.47088000,0
2025-12-06 14:00:00,0.05255,0.05275,0.0522,0.05253,1737707.0,2025-12-06 14:59:59.999,91050.81101000,1344,1214686.00000000,63629.09986000,0
2025-12-06 15:00:00,0.05254,0.05286,0.05236,0.05278,611125.0,2025-12-06 15:59:59.999,32116.02358000,761,257997.00000000,13546.36851000,0
2025-12-06 16:00:00,0.05279,0.0533,0.05278,0.05301,918710.0,2025-12-06 16:59:59.999,48712.49861000,1133,432105.00000000,22919.41671000,0
2025-12-06 17:00:00,0.05302,0.05341,0.05302,0.05338,460830.0,2025-12-06 17:59:59.999,24503.85234000,644,277041.00000000,14730.70312000,0
2025-12-06 18:00:00,0.05339,0.0535,0.05321,0.05334,798483.0,2025-12-06 18:59:59.999,42625.59976000,556,344219.00000000,18366.17484000,0
2025-12-06 19:00:00,0.05336,0.05344,0.05292,0.05296,832567.0,2025-12-06 19:59:59.999,44197.96904000,875,381060.00000000,20221.01970000,0
2025-12-06 20:00:00,0.05297,0.05311,0.05285,0.05296,367518.0,2025-12-06 20:59:59.999,19462.33263000,436,234303.00000000,12406.79362000,0
2025-12-06 21:00:00,0.05295,0.05332,0.05291,0.05299,508542.0,2025-12-06 21:59:59.999,26980.93734000,726,292258.00000000,15505.06008000,0
2025-12-06 22:00:00,0.053,0.05324,0.05286,0.05286,288658.0,2025-12-06 22:59:59.999,15296.53634000,327,220749.00000000,11696.76788000,0
2025-12-06 23:00:00,0.05286,0.05298,0.05261,0.05273,560245.0,2025-12-06 23:59:59.999,29579.22044000,627,437514.00000000,23101.42363000,0
2025-12-07 00:00:00,0.05273,0.05321,0.05258,0.05314,495753.0,2025-12-07 00:59:59.999,26164.22323000,609,361321.00000000,19059.14661000,0
2025-12-07 01:00:00,0.05314,0.05327,0.0529,0.05311,448308.0,2025-12-07 01:59:59.999,23811.71034000,524,171460.00000000,9118.09966000,0
2025-12-07 02:00:00,0.0531,0.05351,0.0531,0.0535,438229.0,2025-12-07 02:59:59.999,23378.84073000,379,129078.00000000,6884.43471000,0
2025-12-07 03:00:00,0.05349,0.05406,0.05334,0.054,772819.0,2025-12-07 03:59:59.999,41541.18179000,769,387422.00000000,20815.58448000,0
2025-12-07 04:00:00,0.054,0.05409,0.05338,0.0534,776577.0,2025-12-07 04:59:59.999,41820.63915000,548,351227.00000000,18881.01050000,0
2025-12-07 05:00:00,0.0534,0.05363,0.0533,0.05332,600975.0,2025-12-07 05:59:59.999,32098.76337000,495,462440.00000000,24699.08487000,0
2025-12-07 06:00:00,0.05332,0.05407,0.05314,0.05328,1268788.0,2025-12-07 06:59:59.999,67768.69775000,1057,802643.00000000,42818.72517000,0
2025-12-07 07:00:00,0.05329,0.05336,0.05258,0.05284,1499894.0,2025-12-07 07:59:59.999,79148.79742000,864,1010973.00000000,53337.85141000,0
2025-12-07 08:00:00,0.05283,0.05302,0.05255,0.05272,513536.0,2025-12-07 08:59:59.999,27094.46616000,708,270011.00000000,14243.05571000,0
2025-12-07 09:00:00,0.05271,0.05285,0.05236,0.0525,479040.0,2025-12-07 09:59:59.999,25178.82194000,577,342016.00000000,17977.12561000,0
2025-12-07 10:00:00,0.0525,0.05269,0.05246,0.05264,212477.0,2025-12-07 10:59:59.999,11170.03435000,371,149380.00000000,7852.80338000,0
2025-12-07 11:00:00,0.05263,0.05275,0.05239,0.0524,628374.0,2025-12-07 11:59:59.999,33053.95118000,519,295271.00000000,15528.06629000,0
2025-12-07 12:00:00,0.0524,0.05286,0.05235,0.05271,473982.0,2025-12-07 12:59:59.999,24939.36144000,535,324439.00000000,17075.14028000,0
2025-12-07 13:00:00,0.0527,0.05316,0.05261,0.05289,1220814.0,2025-12-07 13:59:59.999,64598.24707000,1312,517574.00000000,27365.46363000,0
2025-12-07 14:00:00,0.0529,0.05293,0.05202,0.05214,1761388.0,2025-12-07 14:59:59.999,92311.91631000,2253,738172.00000000,38679.95852000,0
2025-12-07 15:00:00,0.05213,0.05308,0.05211,0.05292,1015209.0,2025-12-07 15:59:59.999,53416.70156000,1812,576269.00000000,30324.20928000,0
2025-12-07 16:00:00,0.05294,0.0536,0.05269,0.05358,2260488.0,2025-12-07 16:59:59.999,120395.71190000,1765,1528063.00000000,81481.46790000,0
2025-12-07 17:00:00,0.05359,0.05471,0.05351,0.0544,2285676.0,2025-12-07 17:59:59.999,123660.98113000,3091,1030146.00000000,55801.91442000,0
2025-12-07 18:00:00,0.05441,0.05479,0.05434,0.05445,910206.0,2025-12-07 18:59:59.999,49641.19629000,1262,530195.00000000,28915.31777000,0
2025-12-07 19:00:00,0.05446,0.05469,0.05427,0.05461,650748.0,2025-12-07 19:59:59.999,35446.64928000,875,345684.00000000,18830.38471000,0
2025-12-07 20:00:00,0.05462,0.05465,0.05362,0.0537,2182170.0,2025-12-07 20:59:59.999,117651.96611000,2159,1067209.00000000,57497.96507000,0
2025-12-07 21:00:00,0.0537,0.05383,0.05301,0.05305,1314086.0,2025-12-07 21:59:59.999,70307.32634000,1488,757602.00000000,40521.05244000,0
2025-12-07 22:00:00,0.05304,0.05304,0.05214,0.05233,1109507.0,2025-12-07 22:59:59.999,58260.72349000,1338,606591.00000000,31848.24333000,0
2025-12-07 23:00:00,0.05232,0.05254,0.0518,0.0525,1056636.0,2025-12-07 23:59:59.999,55031.26406000,1573,549312.00000000,28604.05469000,0
2025-12-08 00:00:00,0.0525,0.05302,0.05216,0.05276,1073118.0,2025-12-08 00:59:59.999,56475.76703000,1679,571644.00000000,30070.93615000,0
2025-12-08 01:00:00,0.05275,0.0538,0.05273,0.05341,802904.0,2025-12-08 01:59:59.999,42792.89322000,1446,479927.00000000,25580.75780000,0
2025-12-08 02:00:00,0.05341,0.05357,0.05323,0.05347,353702.0,2025-12-08 02:59:59.999,18887.85520000,716,161859.00000000,8642.86651000,0
2025-12-08 03:00:00,0.05347,0.05356,0.05305,0.05333,483433.0,2025-12-08 03:59:59.999,25756.67529000,759,278976.00000000,14861.38625000,0
2025-12-08 04:00:00,0.05333,0.05429,0.05325,0.05412,1218918.0,2025-12-08 04:59:59.999,65684.67954000,1882,648106.00000000,34907.43526000,0
2025-12-08 05:00:00,0.0541,0.05438,0.05406,0.05414,542165.0,2025-12-08 05:59:59.999,29403.20575000,817,193693.00000000,10501.87329000,0
2025-12-08 06:00:00,0.05415,0.05434,0.05407,0.05424,572741.0,2025-12-08 06:59:59.999,31037.95071000,863,328265.00000000,17784.23366000,0
2025-12-08 07:00:00,0.05423,0.05426,0.05373,0.05393,891622.0,2025-12-08 07:59:59.999,48100.93248000,1112,300964.00000000,16231.10631000,0
2025-12-08 08:00:00,0.05394,0.05394,0.05351,0.05365,1325849.0,2025-12-08 08:59:59.999,71145.16256000,1367,719652.00000000,38615.95220000,0
2025-12-08 09:00:00,0.05365,0.05404,0.05353,0.05358,1633476.0,2025-12-08 09:59:59.999,87817.87337000,1989,945249.00000000,50810.54604000,0
2025-12-08 10:00:00,0.05359,0.05372,0.05325,0.05342,1216982.0,2025-12-08 10:59:59.999,65070.20443000,1542,546873.00000000,29235.59400000,0
2025-12-08 11:00:00,0.0534,0.05371,0.05331,0.05357,664203.0,2025-12-08 11:59:59.999,35550.62133000,1010,327751.00000000,17534.85657000,0
2025-12-08 12:00:00,0.05356,0.05359,0.05326,0.05347,608406.0,2025-12-08 12:59:59.999,32483.61592000,685,407324.00000000,21741.37904000,0
2025-12-08 13:00:00,0.05347,0.05358,0.05322,0.05346,851092.0,2025-12-08 13:59:59.999,45471.17555000,749,488965.00000000,26110.13475000,0
2025-12-08 14:00:00,0.05345,0.05426,0.05343,0.05373,2331928.0,2025-12-08 14:59:59.999,125763.37278000,2235,1410152.00000000,76102.95937000,0
2025-12-08 15:00:00,0.05373,0.05384,0.05315,0.05339,1389929.0,2025-12-08 15:59:59.999,74271.02003000,1790,838807.00000000,44827.96726000,0
2025-12-08 16:00:00,0.05338,0.05385,0.05317,0.05334,1317742.0,2025-12-08 16:59:59.999,70537.17904000,1525,527068.00000000,28201.07596000,0
2025-12-08 17:00:00,0.05335,0.0536,0.05266,0.05312,1382124.0,2025-12-08 17:59:59.999,73382.14648000,1367,739776.00000000,39261.85551000,0
2025-12-08 18:00:00,0.05314,0.05325,0.05284,0.05305,597261.0,2025-12-08 18:59:59.999,31705.97375000,900,345810.00000000,18357.69073000,0
2025-12-08 19:00:00,0.05305,0.05332,0.05301,0.05304,659915.0,2025-12-08 19:59:59.999,35073.79145000,907,322047.00000000,17110.45614000,0
2025-12-08 20:00:00,0.05305,0.05377,0.05305,0.05372,628361.0,2025-12-08 20:59:59.999,33580.96254000,780,305502.00000000,16314.21108000,0
2025-12-08 21:00:00,0.05373,0.05424,0.05372,0.05418,734618.0,2025-12-08 21:59:59.999,39640.99343000,814,289324.00000000,15616.56893000,0
2025-12-08 22:00:00,0.05419,0.05426,0.05361,0.05369,506691.0,2025-12-08 22:59:59.999,27289.70692000,474,234715.00000000,12643.57680000,0
2025-12-08 23:00:00,0.0537,0.05397,0.05359,0.05396,381895.0,2025-12-08 23:59:59.999,20537.30701000,402,208755.00000000,11221.64332000,0
2025-12-09 00:00:00,0.05395,0.05424,0.05353,0.05374,614067.0,2025-12-09 00:59:59.999,33098.56112000,566,309092.00000000,16633.42488000,0
2025-12-09 01:00:00,0.05375,0.05379,0.05336,0.0535,598752.0,2025-12-09 01:59:59.999,32045.82872000,770,379275.00000000,20290.95991000,0
2025-12-09 02:00:00,0.05351,0.05367,0.05327,0.05327,534692.0,2025-12-09 02:59:59.999,28588.75329000,513,331057.00000000,17695.19292000,0
2025-12-09 03:00:00,0.05328,0.05397,0.05314,0.05393,628304.0,2025-12-09 03:59:59.999,33603.73327000,537,442392.00000000,23649.36118000,0
2025-12-09 04:00:00,0.05394,0.05456,0.05351,0.0536,1651380.0,2025-12-09 04:59:59.999,89224.97225000,1867,807759.00000000,43647.30401000,0
2025-12-09 05:00:00,0.05359,0.05408,0.05334,0.05354,1293790.0,2025-12-09 05:59:59.999,69398.77843000,1803,736773.00000000,39496.70416000,0
2025-12-09 06:00:00,0.05354,0.05387,0.05351,0.05377,596071.0,2025-12-09 06:59:59.999,31964.67886000,715,398712.00000000,21378.54491000,0
2025-12-09 07:00:00,0.05378,0.05513,0.05378,0.05485,1815965.0,2025-12-09 07:59:59.999,99260.78485000,1818,930789.00000000,50854.34679000,0
2025-12-09 08:00:00,0.05486,0.05525,0.05437,0.05451,2274510.0,2025-12-09 08:59:59.999,124742.05146000,2007,1197563.00000000,65691.99067000,0
2025-12-09 09:00:00,0.05451,0.05468,0.05405,0.05442,2176063.0,2025-12-09 09:59:59.999,118318.77638000,1712,1307738.00000000,71110.01815000,0
2025-12-09 10:00:00,0.05443,0.05476,0.05382,0.05418,1617392.0,2025-12-09 10:59:59.999,87795.01184000,1786,822227.00000000,44627.54243000,0
2025-12-09 11:00:00,0.05419,0.05453,0.05417,0.05447,1383440.0,2025-12-09 11:59:59.999,75126.92890000,990,345204.00000000,18746.48052000,0
2025-12-09 12:00:00,0.05447,0.05476,0.05416,0.05468,937408.0,2025-12-09 12:59:59.999,51023.86965000,1057,589654.00000000,32080.95795000,0
2025-12-09 13:00:00,0.05468,0.05487,0.05451,0.05465,433159.0,2025-12-09 13:59:59.999,23692.93279000,670,215289.00000000,11772.10065000,0
2025-12-09 14:00:00,0.05463,0.05486,0.05438,0.05455,944191.0,2025-12-09 14:59:59.999,51558.56089000,1456,442896.00000000,24179.10376000,0
2025-12-09 15:00:00,0.05456,0.05582,0.05448,0.05581,2192851.0,2025-12-09 15:59:59.999,120920.96915000,2897,1082150.00000000,59808.31769000,0
2025-12-09 16:00:00,0.05582,0.05651,0.05582,0.05608,3146779.0,2025-12-09 16:59:59.999,176973.11134000,3701,1899337.00000000,106808.67301000,0
2025-12-09 17:00:00,0.05607,0.05651,0.05535,0.0554,8732471.0,2025-12-09 17:59:59.999,489175.10657000,3432,2796516.00000000,156360.23787000,0
2025-12-09 18:00:00,0.05541,0.05565,0.05507,0.05512,1474339.0,2025-12-09 18:59:59.999,81607.69387000,1398,965684.00000000,53441.10268000,0
2025-12-09 19:00:00,0.05513,0.05514,0.05443,0.05446,1395050.0,2025-12-09 19:59:59.999,76486.04528000,1822,798930.00000000,43822.51052000,0
2025-12-09 20:00:00,0.05447,0.05462,0.05412,0.05448,1044200.0,2025-12-09 20:59:59.999,56780.39798000,1566,612471.00000000,33297.48418000,0
2025-12-09 21:00:00,0.05448,0.0545,0.05343,0.05387,1469399.0,2025-12-09 21:59:59.999,79217.51001000,1907,781051.00000000,42075.34949000,0
2025-12-09 22:00:00,0.05386,0.05475,0.05378,0.05463,1960827.0,2025-12-09 22:59:59.999,106718.28471000,1368,1314665.00000000,71532.16529000,0
2025-12-09 23:00:00,0.05463,0.05484,0.05458,0.05464,514992.0,2025-12-09 23:59:59.999,28164.72307000,576,318758.00000000,17434.25835000,0
2025-12-10 00:00:00,0.05465,0.05487,0.05456,0.05471,660433.0,2025-12-10 00:59:59.999,36137.25112000,718,389848.00000000,21329.92629000,0
2025-12-10 01:00:00,0.05471,0.05486,0.05456,0.05475,393545.0,2025-12-10 01:59:59.999,21532.60010000,462,212972.00000000,11651.79925000,0
2025-12-10 02:00:00,0.05475,0.05493,0.05463,0.05489,329388.0,2025-12-10 02:59:59.999,18052.23352000,389,146440.00000000,8021.61491000,0
2025-12-10 03:00:00,0.05491,0.05561,0.05491,0.0555,1014541.0,2025-12-10 03:59:59.999,56077.78326000,1196,583842.00000000,32265.35695000,0
2025-12-10 04:00:00,0.05549,0.0555,0.05514,0.05527,1085273.0,2025-12-10 04:59:59.999,60006.38341000,1098,289829.00000000,16029.81981000,0
2025-12-10 05:00:00,0.05524,0.05544,0.05522,0.05535,444983.0,2025-12-10 05:59:59.999,24615.65013000,545,254293.00000000,14068.90949000,0
2025-12-10 06:00:00,0.05535,0.05559,0.05524,0.05559,538400.0,2025-12-10 06:59:59.999,29804.47946000,623,331979.00000000,18376.89505000,0
2025-12-10 07:00:00,0.05558,0.05569,0.05535,0.05544,843194.0,2025-12-10 07:59:59.999,46822.85848000,977,350035.00000000,19440.13373000,0
2025-12-10 08:00:00,0.05545,0.05624,0.05537,0.05587,3247909.0,2025-12-10 08:59:59.999,181227.92301000,2166,1616483.00000000,90184.16576000,0
2025-12-10 09:00:00,0.05587,0.05605,0.05541,0.05595,3692675.0,2025-12-10 09:59:59.999,205740.21192000,1557,1228015.00000000,68433.87829000,0
2025-12-10 10:00:00,0.05593,0.05611,0.0558,0.056,1568517.0,2025-12-10 10:59:59.999,87627.53651000,1280,646541.00000000,36140.86063000,0
2025-12-10 11:00:00,0.056,0.05668,0.0558,0.05653,2047529.0,2025-12-10 11:59:59.999,114633.07413000,1513,785850.00000000,44121.21049000,0
2025-12-10 12:00:00,0.05654,0.05657,0.05596,0.05615,634458.0,2025-12-10 12:59:59.999,35621.67881000,780,464343.00000000,26060.18057000,0
2025-12-10 13:00:00,0.05614,0.05622,0.05581,0.05607,955171.0,2025-12-10 13:59:59.999,53493.88763000,993,463826.00000000,25974.75691000,0
2025-12-10 14:00:00,0.05607,0.05638,0.05603,0.05613,1095834.0,2025-12-10 14:59:59.999,61542.15599000,1212,623480.00000000,35013.47715000,0
2025-12-10 15:00:00,0.05611,0.05626,0.05589,0.05614,772475.0,2025-12-10 15:59:59.999,43315.64129000,968,487244.00000000,27323.34159000,0
2025-12-10 16:00:00,0.05612,0.05633,0.05581,0.05628,782374.0,2025-12-10 16:59:59.999,43897.03356000,950,485293.00000000,27232.71762000,0
2025-12-10 17:00:00,0.05627,0.0568,0.05615,0.0567,1221979.0,2025-12-10 17:59:59.999,68883.10329000,1180,650433.00000000,36677.59045000,0
2025-12-10 18:00:00,0.05669,0.05728,0.0563,0.05648,2233301.0,2025-12-10 18:59:59.999,126728.93400000,2701,986446.00000000,56025.18436000,0
2025-12-10 19:00:00,0.05649,0.05713,0.05586,0.05623,5138214.0,2025-12-10 19:59:59.999,289859.21012000,6958,2233763.00000000,126042.40019000,0
2025-12-10 20:00:00,0.05624,0.05673,0.05589,0.05594,2676851.0,2025-12-10 20:59:59.999,150791.08472000,4208,1041795.00000000,58667.06213000,0
2025-12-10 21:00:00,0.05593,0.05611,0.05564,0.05579,885226.0,2025-12-10 21:59:59.999,49475.98014000,1548,534292.00000000,29868.81645000,0
2025-12-10 22:00:00,0.05578,0.05618,0.05555,0.05615,843573.0,2025-12-10 22:59:59.999,47094.67188000,833,514819.00000000,28735.94952000,0
2025-12-10 23:00:00,0.05614,0.05618,0.0557,0.05583,472800.0,2025-12-10 23:59:59.999,26418.46548000,635,292768.00000000,16349.73159000,0
2025-12-11 00:00:00,0.05583,0.05604,0.0552,0.05535,1374033.0,2025-12-11 00:59:59.999,76519.35367000,1455,617838.00000000,34391.25605000,0
2025-12-11 01:00:00,0.05535,0.05557,0.05514,0.05539,858017.0,2025-12-11 01:59:59.999,47493.58185000,1271,436973.00000000,24183.26401000,0
2025-12-11 02:00:00,0.05538,0.0554,0.05429,0.05441,1692129.0,2025-12-11 02:59:59.999,92717.17615000,1955,983033.00000000,53868.25378000,0
2025-12-11 03:00:00,0.05442,0.05444,0.05382,0.05409,2036133.0,2025-12-11 03:59:59.999,109984.36734000,1542,1541492.00000000,83257.53445000,0
2025-12-11 04:00:00,0.05408,0.05476,0.05381,0.05471,1069476.0,2025-12-11 04:59:59.999,58241.53540000,848,488703.00000000,26586.07180000,0
2025-12-11 05:00:00,0.0547,0.0547,0.05439,0.05451,564815.0,2025-12-11 05:59:59.999,30815.03479000,436,278984.00000000,15206.43280000,0
2025-12-11 06:00:00,0.0545,0.05475,0.05447,0.05473,680145.0,2025-12-11 06:59:59.999,37133.10762000,462,451911.00000000,24672.68631000,0
2025-12-11 07:00:00,0.0547,0.0547,0.0544,0.05454,357993.0,2025-12-11 07:59:59.999,19528.30279000,431,252014.00000000,13744.03031000,0
2025-12-11 08:00:00,0.05453,0.05496,0.0542,0.05484,997077.0,2025-12-11 08:59:59.999,54397.42591000,1066,569722.00000000,31088.81053000,0
2025-12-11 09:00:00,0.05483,0.05504,0.05443,0.05445,1086266.0,2025-12-11 09:59:59.999,59597.37577000,776,440031.00000000,24151.58227000,0
2025-12-11 10:00:00,0.05446,0.0547,0.05434,0.05468,1954404.0,2025-12-11 10:59:59.999,106546.02812000,860,1312043.00000000,71540.28285000,0
2025-12-11 11:00:00,0.05467,0.05494,0.05461,0.05483,530420.0,2025-12-11 11:59:59.999,29088.29331000,410,334575.00000000,18354.08205000,0
2025-12-11 12:00:00,0.05483,0.05495,0.05475,0.05488,491540.0,2025-12-11 12:59:59.999,26962.37103000,421,271358.00000000,14880.75710000,0
2025-12-11 13:00:00,0.05489,0.05496,0.05455,0.05478,595545.0,2025-12-11 13:59:59.999,32583.90337000,616,366997.00000000,20078.87774000,0
2025-12-11 14:00:00,0.05476,0.0548,0.05392,0.05396,1754226.0,2025-12-11 14:59:59.999,95472.00200000,1522,1016784.00000000,55404.26017000,0
2025-12-11 15:00:00,0.05395,0.05445,0.05368,0.05423,931031.0,2025-12-11 15:59:59.999,50364.56784000,1520,441366.00000000,23871.26807000,0
2025-12-11 16:00:00,0.05422,0.05479,0.05401,0.05473,1041082.0,2025-12-11 16:59:59.999,56741.99161000,1123,436016.00000000,23767.87538000,0
2025-12-11 17:00:00,0.05474,0.05479,0.05433,0.05439,573985.0,2025-12-11 17:59:59.999,31278.46683000,743,372211.00000000,20278.85531000,0
2025-12-11 18:00:00,0.05438,0.05498,0.05437,0.05459,872002.0,2025-12-11 18:59:59.999,47712.92602000,954,520807.00000000,28491.50994000,0
2025-12-11 19:00:00,0.0546,0.0549,0.05446,0.05468,759105.0,2025-12-11 19:59:59.999,41500.07166000,843,356623.00000000,19495.06722000,0
2025-12-11 20:00:00,0.05467,0.05483,0.05465,0.0548,587591.0,2025-12-11 20:59:59.999,32161.85288000,560,375518.00000000,20555.42441000,0
2025-12-11 21:00:00,0.0548,0.05514,0.0547,0.05487,1234439.0,2025-12-11 21:59:59.999,67812.27120000,1174,896194.00000000,49229.02574000,0
2025-12-11 22:00:00,0.05487,0.05498,0.05442,0.05464,931374.0,2025-12-11 22:59:59.999,50875.29718000,518,484137.00000000,26456.64090000,0
2025-12-11 23:00:00,0.05465,0.05505,0.05458,0.055,449032.0,2025-12-11 23:59:59.999,24641.52806000,425,227389.00000000,12480.86764000,0
2025-12-12 00:00:00,0.05499,0.05516,0.05462,0.05466,452929.0,2025-12-12 00:59:59.999,24885.16260000,572,166752.00000000,9159.51832000,0
2025-12-12 01:00:00,0.05467,0.05558,0.05466,0.05556,1056419.0,2025-12-12 01:59:59.999,58409.21107000,1050,460291.00000000,25467.52689000,0
2025-12-12 02:00:00,0.05556,0.05601,0.05538,0.05592,520635.0,2025-12-12 02:59:59.999,29052.46481000,589,294825.00000000,16446.23044000,0
2025-12-12 03:00:00,0.05592,0.05616,0.05575,0.05616,666785.0,2025-12-12 03:59:59.999,37356.91347000,502,321096.00000000,17990.02675000,0
2025-12-12 04:00:00,0.05617,0.0569,0.05604,0.05641,1646662.0,2025-12-12 04:59:59.999,93054.49034000,1559,728326.00000000,41190.15157000,0
2025-12-12 05:00:00,0.05642,0.05675,0.05622,0.05674,1063374.0,2025-12-12 05:59:59.999,60100.71238000,1192,631780.00000000,35715.98630000,0
2025-12-12 06:00:00,0.05674,0.05723,0.05605,0.05606,2592619.0,2025-12-12 06:59:59.999,146809.70976000,2412,1046964.00000000,59294.82988000,0
2025-12-12 07:00:00,0.05606,0.0565,0.05573,0.05624,1497779.0,2025-12-12 07:59:59.999,84001.44089000,1715,951203.00000000,53361.90266000,0
2025-12-12 08:00:00,0.05625,0.05664,0.05611,0.05661,1087756.0,2025-12-12 08:59:59.999,61353.06147000,1329,536607.00000000,30258.78841000,0
2025-12-12 09:00:00,0.05662,0.05733,0.05654,0.05731,963247.0,2025-12-12 09:59:59.999,54782.43784000,1334,541876.00000000,30820.25334000,0
2025-12-12 10:00:00,0.0573,0.05772,0.05726,0.05752,1429527.0,2025-12-12 10:59:59.999,82205.89866000,1530,771104.00000000,44341.97872000,0
2025-12-12 11:00:00,0.05752,0.05768,0.05741,0.05763,667340.0,2025-12-12 11:59:59.999,38408.42559000,759,228132.00000000,13131.21602000,0
2025-12-12 12:00:00,0.05765,0.0582,0.05764,0.05811,1243112.0,2025-12-12 12:59:59.999,71944.12941000,1599,509090.00000000,29467.63737000,0
2025-12-12 13:00:00,0.05812,0.0585,0.05734,0.0583,3213667.0,2025-12-12 13:59:59.999,186468.04668000,3151,2210229.00000000,128303.97642000,0
2025-12-12 14:00:00,0.05831,0.0585,0.05744,0.05776,2900324.0,2025-12-12 14:59:59.999,168023.63657000,2894,1417061.00000000,82100.13024000,0
2025-12-12 15:00:00,0.05775,0.05779,0.05641,0.0567,4354434.0,2025-12-12 15:59:59.999,248117.37370000,5321,2302543.00000000,131214.97911000,0
2025-12-12 16:00:00,0.05669,0.05691,0.05601,0.05643,4069744.0,2025-12-12 16:59:59.999,229697.24301000,4493,2310858.00000000,130413.48395000,0
2025-12-12 17:00:00,0.05642,0.05652,0.05522,0.05559,2606766.0,2025-12-12 17:59:59.999,145801.43288000,2338,1544453.00000000,86238.84535000,0
2025-12-12 18:00:00,0.0556,0.05625,0.05548,0.05591,1695021.0,2025-12-12 18:59:59.999,94820.39352000,1543,938467.00000000,52470.74338000,0
2025-12-12 19:00:00,0.05591,0.05601,0.05559,0.05582,780074.0,2025-12-12 19:59:59.999,43531.12010000,885,400367.00000000,22334.93519000,0
2025-12-12 20:00:00,0.05581,0.05693,0.05569,0.05671,1582331.0,2025-12-12 20:59:59.999,89176.84248000,1590,745547.00000000,42056.58263000,0
2025-12-12 21:00:00,0.05671,0.05703,0.05639,0.05677,1155589.0,2025-12-12 21:59:59.999,65469.68882000,1080,408179.00000000,23139.57490000,0
2025-12-12 22:00:00,0.05677,0.05744,0.05668,0.0571,886310.0,2025-12-12 22:59:59.999,50623.27583000,607,420819.00000000,24030.60106000,0
2025-12-12 23:00:00,0.05711,0.05742,0.05699,0.05721,762555.0,2025-12-12 23:59:59.999,43625.83758000,607,455251.00000000,26041.21805000,0
2025-12-13 00:00:00,0.0572,0.05765,0.05713,0.05757,608138.0,2025-12-13 00:59:59.999,34912.39891000,782,281460.00000000,16160.51303000,0
2025-12-13 01:00:00,0.05758,0.05773,0.05732,0.05752,438473.0,2025-12-13 01:59:59.999,25223.40332000,649,181032.00000000,10418.66647000,0
2025-12-13 02:00:00,0.05753,0.0578,0.05752,0.05772,360864.0,2025-12-13 02:59:59.999,20816.28807000,549,207223.00000000,11957.29986000,0
2025-12-13 03:00:00,0.05772,0.05782,0.05759,0.0576,222609.0,2025-12-13 03:59:59.999,12849.09452000,371,74133.00000000,4279.62354000,0
2025-12-13 04:00:00,0.05761,0.05772,0.05741,0.05766,197648.0,2025-12-13 04:59:59.999,11382.33641000,332,118651.00000000,6832.46645000,0
2025-12-13 05:00:00,0.05766,0.05774,0.05751,0.05761,127728.0,2025-12-13 05:59:59.999,7362.44825000,243,81280.00000000,4685.65359000,0
2025-12-13 06:00:00,0.0576,0.05763,0.05735,0.05757,202969.0,2025-12-13 06:59:59.999,11663.05558000,314,104442.00000000,6000.06492000,0
2025-12-13 07:00:00,0.05757,0.05802,0.05738,0.05748,1084959.0,2025-12-13 07:59:59.999,62555.92141000,891,435042.00000000,25077.14433000,0
2025-12-13 08:00:00,0.05749,0.05771,0.05714,0.05744,2019613.0,2025-12-13 08:59:59.999,115920.87052000,1304,889045.00000000,51028.87342000,0
2025-12-13 09:00:00,0.05743,0.0577,0.05743,0.05745,281323.0,2025-12-13 09:59:59.999,16194.20625000,318,156317.00000000,8997.90785000,0
2025-12-13 10:00:00,0.05744,0.05756,0.05728,0.05739,411220.0,2025-12-13 10:59:59.999,23614.49240000,725,169141.00000000,9711.05966000,0
2025-12-13 11:00:00,0.05738,0.05754,0.05709,0.05745,1251153.0,2025-12-13 11:59:59.999,71725.28615000,1542,610613.00000000,35000.19490000,0
2025-12-13 12:00:00,0.05745,0.05754,0.05729,0.05738,914838.0,2025-12-13 12:59:59.999,52554.60769000,1422,265045.00000000,15223.25166000,0
2025-12-13 13:00:00,0.05738,0.05741,0.05711,0.05713,1058403.0,2025-12-13 13:59:59.999,60599.18280000,2081,527846.00000000,30219.96455000,0
2025-12-13 14:00:00,0.05712,0.05731,0.05687,0.05716,1724259.0,2025-12-13 14:59:59.999,98470.25115000,3144,731260.00000000,41752.79167000,0
2025-12-13 15:00:00,0.05717,0.05751,0.05717,0.05744,477982.0,2025-12-13 15:59:59.999,27442.86520000,351,208178.00000000,11944.67164000,0
2025-12-13 16:00:00,0.05745,0.05782,0.05743,0.05769,856461.0,2025-12-13 16:59:59.999,49393.42910000,842,422427.00000000,24352.94359000,0
2025-12-13 17:00:00,0.0577,0.058,0.05765,0.05773,415785.0,2025-12-13 17:59:59.999,24026.42213000,491,234887.00000000,13571.82191000,0
2025-12-13 18:00:00,0.05772,0.05785,0.05762,0.05766,408525.0,2025-12-13 18:59:59.999,23595.28876000,351,200393.00000000,11574.33872000,0
2025-12-13 19:00:00,0.05766,0.05814,0.05759,0.05808,806903.0,2025-12-13 19:59:59.999,46647.49820000,554,543932.00000000,31436.90467000,0
2025-12-13 20:00:00,0.05808,0.05808,0.05775,0.05775,773561.0,2025-12-13 20:59:59.999,44872.94446000,254,260529.00000000,15093.47170000,0
2025-12-13 21:00:00,0.05775,0.05785,0.05748,0.0578,572253.0,2025-12-13 21:59:59.999,33014.56166000,386,505573.00000000,29167.68075000,0
2025-12-13 22:00:00,0.0578,0.05794,0.05764,0.05788,193759.0,2025-12-13 22:59:59.999,11202.92494000,136,141425.00000000,8177.03114000,0
2025-12-13 23:00:00,0.0579,0.05857,0.05788,0.05826,1130949.0,2025-12-13 23:59:59.999,66030.03099000,787,469991.00000000,27422.16394000,0
2025-12-14 00:00:00,0.05826,0.05857,0.05792,0.05841,747400.0,2025-12-14 00:59:59.999,43478.25032000,704,252334.00000000,14680.82901000,0
2025-12-14 01:00:00,0.0584,0.0584,0.05799,0.05805,423202.0,2025-12-14 01:59:59.999,24610.00288000,415,265900.00000000,15461.74007000,0
2025-12-14 02:00:00,0.05806,0.05857,0.05806,0.05838,813464.0,2025-12-14 02:59:59.999,47515.41719000,795,501614.00000000,29287.77991000,0
2025-12-14 03:00:00,0.05839,0.059,0.05834,0.0589,1403260.0,2025-12-14 03:59:59.999,82356.14800000,1334,726670.00000000,42636.06196000,0
2025-12-14 04:00:00,0.0589,0.05892,0.05828,0.05854,822980.0,2025-12-14 04:59:59.999,48209.19449000,940,444674.00000000,26015.25796000,0
2025-12-14 05:00:00,0.05853,0.05853,0.05813,0.0583,412859.0,2025-12-14 05:59:59.999,24063.29320000,478,284021.00000000,16549.41915000,0
2025-12-14 06:00:00,0.05831,0.05832,0.05792,0.05809,723288.0,2025-12-14 06:59:59.999,42021.28255000,793,352201.00000000,20462.99228000,0
2025-12-14 07:00:00,0.05808,0.05845,0.05805,0.0584,315056.0,2025-12-14 07:59:59.999,18343.74565000,429,141203.00000000,8221.75083000,0
2025-12-14 08:00:00,0.05841,0.05902,0.05841,0.05896,1067227.0,2025-12-14 08:59:59.999,62681.36719000,916,250675.00000000,14742.42391000,0
2025-12-14 09:00:00,0.05896,0.05933,0.05846,0.05883,1481130.0,2025-12-14 09:59:59.999,87184.37176000,1645,912966.00000000,53698.94650000,0
2025-12-14 10:00:00,0.05882,0.05973,0.05871,0.05953,2901742.0,2025-12-14 10:59:59.999,172263.88794000,3093,1392632.00000000,82635.26271000,0
2025-12-14 11:00:00,0.05954,0.05985,0.05824,0.05873,4051241.0,2025-12-14 11:59:59.999,239738.56026000,4486,2202602.00000000,130337.93723000,0
2025-12-14 12:00:00,0.05874,0.05897,0.05837,0.05847,1564648.0,2025-12-14 12:59:59.999,91677.55453000,1608,727152.00000000,42604.03287000,0
2025-12-14 13:00:00,0.05847,0.05851,0.05792,0.05823,1679754.0,2025-12-14 13:59:59.999,97689.60589000,1580,896255.00000000,52122.39283000,0
2025-12-14 14:00:00,0.05824,0.05838,0.05759,0.05788,1711793.0,2025-12-14 14:59:59.999,99246.16129000,1642,873964.00000000,50641.19295000,0
2025-12-14 15:00:00,0.05788,0.05893,0.05773,0.05893,1500638.0,2025-12-14 15:59:59.999,87748.28837000,1777,499654.00000000,29204.57304000,0
2025-12-14 16:00:00,0.05893,0.06008,0.05879,0.05984,4990081.0,2025-12-14 16:59:59.999,297503.28196000,4174,2604110.00000000,155373.38795000,0
2025-12-14 17:00:00,0.05983,0.06025,0.0594,0.0597,5782087.0,2025-12-14 17:59:59.999,345840.32232000,4072,2266668.00000000,135586.73352000,0
2025-12-14 18:00:00,0.05971,0.06031,0.05968,0.06023,2160788.0,2025-12-14 18:59:59.999,129711.62591000,2114,951943.00000000,57223.53153000,0
2025-12-14 19:00:00,0.06027,0.06049,0.05963,0.06017,2061400.0,2025-12-14 19:59:59.999,123903.21011000,2483,1072362.00000000,64477.28320000,0
2025-12-14 20:00:00,0.06016,0.06037,0.05972,0.06019,1784799.0,2025-12-14 20:59:59.999,107322.93022000,2408,697872.00000000,41956.96433000,0
2025-12-14 21:00:00,0.06018,0.06019,0.0593,0.05958,3127466.0,2025-12-14 21:59:59.999,186783.24118000,2489,1942332.00000000,115985.95625000,0
2025-12-14 22:00:00,0.05957,0.05989,0.05909,0.05929,1470862.0,2025-12-14 22:59:59.999,87428.73799000,1150,786847.00000000,46736.08869000,0
2025-12-14 23:00:00,0.0593,0.0596,0.05874,0.05938,1755186.0,2025-12-14 23:59:59.999,103919.63528000,2185,820616.00000000,48589.67290000,0
2025-12-15 00:00:00,0.05939,0.05973,0.05836,0.05862,4530534.0,2025-12-15 00:59:59.999,267311.81440000,4120,2372102.00000000,139976.57420000,0
2025-12-15 01:00:00,0.05862,0.05917,0.05851,0.05894,1641060.0,2025-12-15 01:59:59.999,96502.43265000,2239,790627.00000000,46508.18188000,0
2025-12-15 02:00:00,0.05895,0.05927,0.05838,0.05845,1378983.0,2025-12-15 02:59:59.999,81096.24399000,2049,784208.00000000,46088.99260000,0
2025-12-15 03:00:00,0.05844,0.05851,0.05776,0.05783,1607722.0,2025-12-15 03:59:59.999,93462.81718000,2620,900074.00000000,52342.33104000,0
2025-12-15 04:00:00,0.05784,0.05788,0.057,0.05701,2685002.0,2025-12-15 04:59:59.999,154128.17022000,3135,1553903.00000000,89225.04035000,0
2025-12-15 05:00:00,0.057,0.05703,0.05601,0.05617,2712255.0,2025-12-15 05:59:59.999,153210.91351000,4399,1648440.00000000,93058.20000000,0
2025-12-15 06:00:00,0.05618,0.05739,0.05579,0.05697,2080034.0,2025-12-15 06:59:59.999,117860.25423000,2782,1175445.00000000,66668.05412000,0
2025-12-15 07:00:00,0.05701,0.0574,0.05682,0.05703,985076.0,2025-12-15 07:59:59.999,56295.37549000,1467,337890.00000000,19295.66796000,0
2025-12-15 08:00:00,0.05703,0.05714,0.05644,0.05692,981437.0,2025-12-15 08:59:59.999,55694.78217000,1372,460193.00000000,26086.06675000,0
2025-12-15 09:00:00,0.05693,0.05777,0.05683,0.05768,824124.0,2025-12-15 09:59:59.999,47243.72787000,1244,388523.00000000,22271.09048000,0
2025-12-15 10:00:00,0.05769,0.0577,0.05633,0.05661,2700313.0,2025-12-15 10:59:59.999,153649.49714000,2263,868609.00000000,49378.59721000,0
2025-12-15 11:00:00,0.05661,0.05686,0.05659,0.05686,573186.0,2025-12-15 11:59:59.999,32516.94542000,632,146133.00000000,8290.10020000,0
2025-12-15 12:00:00,0.05687,0.05713,0.05616,0.05691,2099738.0,2025-12-15 12:59:59.999,119098.65992000,2211,882811.00000000,50080.08448000,0
2025-12-15 13:00:00,0.05692,0.05735,0.0567,0.05718,1358794.0,2025-12-15 13:59:59.999,77543.43446000,1818,604456.00000000,34504.20140000,0
2025-12-15 14:00:00,0.05717,0.05766,0.05662,0.05694,1760217.0,2025-12-15 14:59:59.999,100720.72138000,3396,690301.00000000,39528.81471000,0
2025-12-15 15:00:00,0.05693,0.05813,0.05639,0.05809,8611576.0,2025-12-15 15:59:59.999,490942.32228000,7459,4088350.00000000,232780.41464000,0
2025-12-15 16:00:00,0.05809,0.05831,0.05714,0.05725,6874098.0,2025-12-15 16:59:59.999,396982.80004000,7529,3121494.00000000,180415.14848000,0
2025-12-15 17:00:00,0.05724,0.05748,0.05647,0.05663,3350103.0,2025-12-15 17:59:59.999,191035.21280000,3000,2012860.00000000,114813.98387000,0
2025-12-15 18:00:00,0.05662,0.0569,0.05653,0.05685,4761391.0,2025-12-15 18:59:59.999,270664.56804000,2736,3004612.00000000,170850.51209000,0
2025-12-15 19:00:00,0.05686,0.0569,0.05645,0.05669,2701567.0,2025-12-15 19:59:59.999,153274.73508000,1616,1539769.00000000,87370.88177000,0
2025-12-15 20:00:00,0.05669,0.0567,0.05637,0.05645,2574255.0,2025-12-15 20:59:59.999,145753.57506000,1855,1339924.00000000,75903.38313000,0
2025-12-15 21:00:00,0.05645,0.05705,0.05624,0.05663,5996332.0,2025-12-15 21:59:59.999,338923.02341000,3265,4753884.00000000,268664.67276000,0
2025-12-15 22:00:00,0.05663,0.05769,0.05663,0.05768,906184.0,2025-12-15 22:59:59.999,51762.53261000,832,301734.00000000,17222.78626000,0
2025-12-15 23:00:00,0.0577,0.05846,0.0577,0.05838,3209479.0,2025-12-15 23:59:59.999,186627.50080000,2593,1342523.00000000,78077.35393000,0
2025-12-16 00:00:00,0.05838,0.05847,0.05783,0.05786,1361694.0,2025-12-16 00:59:59.999,79162.97110000,1034,821576.00000000,47769.83130000,0
2025-12-16 01:00:00,0.05787,0.05812,0.05778,0.058,645840.0,2025-12-16 01:59:59.999,37440.76708000,767,430587.00000000,24964.39874000,0
2025-12-16 02:00:00,0.058,0.05832,0.05775,0.05777,607915.0,2025-12-16 02:59:59.999,35261.59370000,690,367190.00000000,21289.74445000,0
2025-12-16 03:00:00,0.05778,0.058,0.05691,0.05708,1999419.0,2025-12-16 03:59:59.999,114619.73297000,1919,905419.00000000,51874.45022000,0
2025-12-16 04:00:00,0.05708,0.05716,0.05615,0.05678,2280543.0,2025-12-16 04:59:59.999,129202.37414000,1505,907009.00000000,51377.92883000,0
2025-12-16 05:00:00,0.05679,0.05783,0.05666,0.05764,2343011.0,2025-12-16 05:59:59.999,134659.90442000,2217,1594951.00000000,91734.87412000,0
2025-12-16 06:00:00,0.05764,0.05815,0.05764,0.05791,1531959.0,2025-12-16 06:59:59.999,88748.99998000,1653,740879.00000000,42912.85834000,0
2025-12-16 07:00:00,0.0579,0.05804,0.05726,0.05731,1053153.0,2025-12-16 07:59:59.999,60668.96577000,1412,302301.00000000,17408.08033000,0
2025-12-16 08:00:00,0.05731,0.0575,0.05718,0.0573,603448.0,2025-12-16 08:59:59.999,34587.35540000,857,275448.00000000,15785.34673000,0
2025-12-16 09:00:00,0.05729,0.05747,0.05692,0.05709,1761903.0,2025-12-16 09:59:59.999,100727.08663000,1348,1042981.00000000,59616.03779000,0
2025-12-16 10:00:00,0.05709,0.05783,0.05679,0.05743,3083965.0,2025-12-16 10:59:59.999,176721.03511000,1614,1923626.00000000,110285.61791000,0
2025-12-16 11:00:00,0.05744,0.05829,0.05744,0.05794,2266755.0,2025-12-16 11:59:59.999,131212.13116000,1742,1093077.00000000,63164.11440000,0
2025-12-16 12:00:00,0.05795,0.05869,0.05795,0.05855,2997111.0,2025-12-16 12:59:59.999,174947.90858000,2514,1610578.00000000,93991.69003000,0
2025-12-16 13:00:00,0.05855,0.05886,0.05796,0.058,4710953.0,2025-12-16 13:59:59.999,274991.05860000,3865,1296784.00000000,75738.63386000,0
2025-12-16 14:00:00,0.05801,0.05808,0.05692,0.05779,5851124.0,2025-12-16 14:59:59.999,336179.48694000,4931,2230913.00000000,128227.33377000,0
2025-12-16 15:00:00,0.0578,0.05817,0.05749,0.05803,1536804.0,2025-12-16 15:59:59.999,88889.72636000,2358,978497.00000000,56619.01300000,0
2025-12-16 16:00:00,0.05802,0.0582,0.0577,0.05795,981619.0,2025-12-16 16:59:59.999,56921.13991000,1457,314383.00000000,18223.76764000,0
2025-12-16 17:00:00,0.05796,0.05816,0.05749,0.05749,585967.0,2025-12-16 17:59:59.999,33861.04306000,971,359593.00000000,20773.04615000,0
2025-12-16 18:00:00,0.05751,0.05811,0.05738,0.05797,575947.0,2025-12-16 18:59:59.999,33191.29236000,829,323557.00000000,18634.57835000,0
2025-12-16 19:00:00,0.05797,0.05844,0.05774,0.05838,679001.0,2025-12-16 19:59:59.999,39423.80816000,896,163710.00000000,9519.34884000,0
2025-12-16 20:00:00,0.05837,0.05891,0.05832,0.05891,752765.0,2025-12-16 20:59:59.999,44112.41339000,778,244423.00000000,14317.93938000,0
2025-12-16 21:00:00,0.05891,0.05926,0.05883,0.0592,648147.0,2025-12-16 21:59:59.999,38255.63816000,806,227775.00000000,13441.67939000,0
2025-12-16 22:00:00,0.05921,0.05977,0.05899,0.05974,1292625.0,2025-12-16 22:59:59.999,76932.43750000,727,521880.00000000,31062.62772000,0
2025-12-16 23:00:00,0.05975,0.05995,0.05946,0.05986,1056763.0,2025-12-16 23:59:59.999,63129.32317000,1039,439691.00000000,26280.87307000,0
2025-12-17 00:00:00,0.05985,0.05995,0.0596,0.05983,753629.0,2025-12-17 00:59:59.999,45028.38494000,769,405897.00000000,24240.23218000,0
2025-12-17 01:00:00,0.05985,0.06018,0.05949,0.05972,2520553.0,2025-12-17 01:59:59.999,151063.33059000,812,1867056.00000000,111938.52486000,0
2025-12-17 02:00:00,0.05971,0.05992,0.05931,0.05982,1098608.0,2025-12-17 02:59:59.999,65493.45744000,977,549847.00000000,32740.13438000,0
2025-12-17 03:00:00,0.05983,0.06012,0.05967,0.06009,1071415.0,2025-12-17 03:59:59.999,64210.38607000,840,304707.00000000,18255.07368000,0
2025-12-17 04:00:00,0.0601,0.06033,0.05958,0.05987,4169677.0,2025-12-17 04:59:59.999,249471.80836000,6446,1369134.00000000,81915.86339000,0
2025-12-17 05:00:00,0.05989,0.06071,0.05961,0.06061,3473419.0,2025-12-17 05:59:59.999,208674.09293000,4426,1279644.00000000,76982.66699000,0
2025-12-17 06:00:00,0.06058,0.06097,0.06023,0.06024,1496800.0,2025-12-17 06:59:59.999,90837.38527000,866,478755.00000000,29042.32133000,0
2025-12-17 07:00:00,0.06026,0.06074,0.05998,0.06015,2094959.0,2025-12-17 07:59:59.999,126037.82479000,1287,1280920.00000000,77029.76843000,0
2025-12-17 08:00:00,0.06015,0.06026,0.05985,0.06016,1539204.0,2025-12-17 08:59:59.999,92490.03539000,1460,606416.00000000,36434.55557000,0
2025-12-17 09:00:00,0.06017,0.0603,0.05927,0.05946,1981512.0,2025-12-17 09:59:59.999,118265.44545000,2150,1246742.00000000,74374.57558000,0
2025-12-17 10:00:00,0.05947,0.06038,0.0592,0.06034,2121370.0,2025-12-17 10:59:59.999,126736.67400000,2414,1164675.00000000,69540.76939000,0
2025-12-17 11:00:00,0.06031,0.0604,0.05987,0.06028,1690261.0,2025-12-17 11:59:59.999,101589.83395000,2095,900922.00000000,54166.45546000,0
2025-12-17 12:00:00,0.06027,0.06041,0.05953,0.05971,2127053.0,2025-12-17 12:59:59.999,127560.26175000,1845,1050895.00000000,63033.30350000,0
2025-12-17 13:00:00,0.0597,0.0599,0.05944,0.05962,1370749.0,2025-12-17 13:59:59.999,81812.89260000,1736,833026.00000000,49722.15779000,0
2025-12-17 14:00:00,0.05962,0.06028,0.05887,0.06027,2818296.0,2025-12-17 14:59:59.999,167818.05690000,2963,1583201.00000000,94276.10886000,0
2025-12-17 15:00:00,0.06029,0.06056,0.05945,0.05957,3451187.0,2025-12-17 15:59:59.999,207151.55387000,4128,1455902.00000000,87368.07025000,0
2025-12-17 16:00:00,0.05957,0.05971,0.05816,0.05845,4422932.0,2025-12-17 16:59:59.999,259783.81016000,3959,2641315.00000000,154989.13091000,0
2025-12-17 17:00:00,0.05845,0.05853,0.05758,0.05764,4689098.0,2025-12-17 17:59:59.999,271838.41957000,2126,3421003.00000000,198423.15316000,0
2025-12-17 18:00:00,0.05765,0.05768,0.05657,0.05669,2019953.0,2025-12-17 18:59:59.999,115474.89950000,1790,1392955.00000000,79659.37209000,0
2025-12-17 19:00:00,0.0567,0.05743,0.05628,0.05734,4246191.0,2025-12-17 19:59:59.999,241152.04385000,2168,3103759.00000000,176295.50343000,0
2025-12-17 20:00:00,0.05733,0.05736,0.05635,0.05642,4822542.0,2025-12-17 20:59:59.999,274699.67170000,1991,3462660.00000000,197317.28631000,0
2025-12-17 21:00:00,0.05641,0.05647,0.05578,0.05626,2514787.0,2025-12-17 21:59:59.999,141163.16347000,1879,1313226.00000000,73748.94687000,0
2025-12-17 22:00:00,0.05628,0.05694,0.05609,0.05689,1225717.0,2025-12-17 22:59:59.999,69117.75588000,558,661758.00000000,37353.12249000,0
2025-12-17 23:00:00,0.05691,0.05692,0.05675,0.05691,599651.0,2025-12-17 23:59:59.999,34069.48477000,664,277509.00000000,15763.92105000,0
2025-12-18 00:00:00,0.0569,0.05807,0.05661,0.05797,1451954.0,2025-12-18 00:59:59.999,83659.15477000,1753,495348.00000000,28545.64048000,0
2025-12-18 01:00:00,0.05796,0.05801,0.05736,0.05756,930536.0,2025-12-18 01:59:59.999,53606.93363000,1379,260125.00000000,14978.44091000,0
2025-12-18 02:00:00,0.05757,0.05844,0.05744,0.05835,773998.0,2025-12-18 02:59:59.999,44961.95148000,1333,304202.00000000,17679.22702000,0
2025-12-18 03:00:00,0.05835,0.05835,0.05778,0.05796,426970.0,2025-12-18 03:59:59.999,24758.47614000,872,178249.00000000,10333.81471000,0
2025-12-18 04:00:00,0.05795,0.05843,0.05795,0.05833,401132.0,2025-12-18 04:59:59.999,23382.85230000,680,218883.00000000,12757.08541000,0
2025-12-18 05:00:00,0.05832,0.05842,0.05804,0.05822,495826.0,2025-12-18 05:59:59.999,28907.80810000,779,124741.00000000,7273.04078000,0
2025-12-18 06:00:00,0.05822,0.0585,0.05804,0.05809,630708.0,2025-12-18 06:59:59.999,36751.86244000,852,262594.00000000,15290.56189000,0
2025-12-18 07:00:00,0.0581,0.05823,0.05777,0.0579,1038208.0,2025-12-18 07:59:59.999,60143.58971000,1056,476547.00000000,27607.20190000,0
2025-12-18 08:00:00,0.05791,0.05827,0.05766,0.05788,2060910.0,2025-12-18 08:59:59.999,119378.72788000,1561,1021188.00000000,59145.15406000,0
2025-12-18 09:00:00,0.05787,0.05808,0.05776,0.058,652556.0,2025-12-18 09:59:59.999,37800.67557000,711,383067.00000000,22195.53363000,0
2025-12-18 10:00:00,0.05801,0.05833,0.05789,0.05813,832426.0,2025-12-18 10:59:59.999,48337.06751000,682,390464.00000000,22674.88457000,0
2025-12-18 11:00:00,0.05813,0.0583,0.05798,0.05824,509236.0,2025-12-18 11:59:59.999,29604.50930000,498,266245.00000000,15483.22071000,0
2025-12-18 12:00:00,0.05825,0.05881,0.0582,0.05879,1804947.0,2025-12-18 12:59:59.999,105734.00664000,1114,1065869.00000000,62467.97297000,0
2025-12-18 13:00:00,0.0588,0.05977,0.0587,0.05948,2283781.0,2025-12-18 13:59:59.999,135309.79120000,3122,1090612.00000000,64625.29801000,0
2025-12-18 14:00:00,0.05947,0.05976,0.05901,0.05946,1449570.0,2025-12-18 14:59:59.999,86073.85125000,2166,933859.00000000,55473.44342000,0
2025-12-18 15:00:00,0.05947,0.05963,0.05898,0.05921,1358330.0,2025-12-18 15:59:59.999,80575.77877000,1851,750576.00000000,44502.43688000,0
2025-12-18 16:00:00,0.05922,0.0597,0.0591,0.05965,1263220.0,2025-12-18 16:59:59.999,75043.63793000,1164,833958.00000000,49521.90405000,0
2025-12-18 17:00:00,0.05964,0.05964,0.05754,0.05863,2872129.0,2025-12-18 17:59:59.999,168000.89218000,3930,1582854.00000000,92405.35651000,0
2025-12-18 18:00:00,0.05863,0.05905,0.05823,0.0583,1703599.0,2025-12-18 18:59:59.999,99991.47370000,1945,792830.00000000,46568.36141000,0
2025-12-18 19:00:00,0.05829,0.05868,0.05677,0.05694,3936742.0,2025-12-18 19:59:59.999,227014.00159000,4093,1820529.00000000,104886.94979000,0
2025-12-18 20:00:00,0.05695,0.05744,0.05686,0.05687,4282156.0,2025-12-18 20:59:59.999,245105.09513000,2248,2862057.00000000,163887.16728000,0
2025-12-18 21:00:00,0.05686,0.057,0.05658,0.05698,4754014.0,2025-12-18 21:59:59.999,270457.51473000,2227,3177386.00000000,180898.75724000,0
2025-12-18 22:00:00,0.05698,0.057,0.05659,0.05678,1349662.0,2025-12-18 22:59:59.999,76794.26095000,545,920806.00000000,52421.04143000,0
2025-12-18 23:00:00,0.05677,0.057,0.05635,0.05641,3091021.0,2025-12-18 23:59:59.999,174927.06910000,1474,1709257.00000000,96712.54119000,0
2025-12-19 00:00:00,0.05642,0.0565,0.05601,0.05649,1329676.0,2025-12-19 00:59:59.999,74850.29373000,998,663321.00000000,37302.25349000,0
2025-12-19 01:00:00,0.0565,0.05686,0.05626,0.05667,445427.0,2025-12-19 01:59:59.999,25193.58428000,687,149573.00000000,8454.22588000,0
2025-12-19 02:00:00,0.05666,0.05733,0.05646,0.05718,2999540.0,2025-12-19 02:59:59.999,170989.26892000,1119,2309892.00000000,131686.49559000,0
2025-12-19 03:00:00,0.05718,0.05873,0.05715,0.05837,3501768.0,2025-12-19 03:59:59.999,202498.27435000,3420,1822236.00000000,105260.10666000,0
2025-12-19 04:00:00,0.05837,0.0589,0.05808,0.05857,928808.0,2025-12-19 04:59:59.999,54489.79238000,1218,511126.00000000,30004.66557000,0
2025-12-19 05:00:00,0.05856,0.05863,0.05826,0.05838,673543.0,2025-12-19 05:59:59.999,39376.50129000,872,282099.00000000,16491.92432000,0
2025-12-19 06:00:00,0.05837,0.05928,0.05836,0.05916,887074.0,2025-12-19 06:59:59.999,52256.09477000,910,504846.00000000,29723.89082000,0
2025-12-19 07:00:00,0.05917,0.0597,0.059,0.05941,2328259.0,2025-12-19 07:59:59.999,138321.37647000,1686,763197.00000000,45328.58010000,0
2025-12-19 08:00:00,0.05942,0.05962,0.05933,0.05956,552667.0,2025-12-19 08:59:59.999,32877.08046000,864,198894.00000000,11833.67438000,0
2025-12-19 09:00:00,0.05955,0.05997,0.05951,0.05987,964331.0,2025-12-19 09:59:59.999,57609.51551000,779,496693.00000000,29663.22546000,0
2025-12-19 10:00:00,0.05989,0.06013,0.05953,0.0598,1316872.0,2025-12-19 10:59:59.999,78813.00885000,1202,529547.00000000,31675.06601000,0
2025-12-19 11:00:00,0.05979,0.0601,0.05927,0.05972,1956909.0,2025-12-19 11:59:59.999,116730.60182000,1480,816487.00000000,48689.57439000,0
2025-12-19 12:00:00,0.05972,0.06036,0.05962,0.06015,1698482.0,2025-12-19 12:59:59.999,101957.48592000,1481,1006660.00000000,60412.95386000,0
2025-12-19 13:00:00,0.06016,0.06052,0.06006,0.06026,1213216.0,2025-12-19 13:59:59.999,73161.94466000,1089,502607.00000000,30299.26068000,0
2025-12-19 14:00:00,0.06026,0.06054,0.05983,0.06011,2997750.0,2025-12-19 14:59:59.999,180638.59536000,2329,1439643.00000000,86734.33778000,0
2025-12-19 15:00:00,0.06012,0.06067,0.05928,0.05968,1983196.0,2025-12-19 15:59:59.999,118617.53567000,2532,1241001.00000000,74164.31819000,0
2025-12-19 16:00:00,0.05967,0.0602,0.05916,0.05941,2722112.0,2025-12-19 16:59:59.999,162089.40597000,1607,1774768.00000000,105591.07430000,0
2025-12-19 17:00:00,0.05941,0.05941,0.05764,0.05764,7537703.0,2025-12-19 17:59:59.999,442894.91844000,3256,5852020.00000000,343866.32843000,0
2025-12-19 18:00:00,0.05766,0.0589,0.05734,0.05883,6145985.0,2025-12-19 18:59:59.999,355609.18153000,3106,4715529.00000000,272418.44025000,0
2025-12-19 19:00:00,0.05884,0.05952,0.0588,0.05938,1002996.0,2025-12-19 19:59:59.999,59408.79891000,1246,412975.00000000,24473.17381000,0
2025-12-19 20:00:00,0.05939,0.05987,0.05939,0.0597,703371.0,2025-12-19 20:59:59.999,41966.45542000,1052,271746.00000000,16218.54118000,0
2025-12-19 21:00:00,0.05969,0.05969,0.0593,0.05942,406384.0,2025-12-19 21:59:59.999,24176.07087000,551,68183.00000000,4055.69803000,0
2025-12-19 22:00:00,0.05941,0.06008,0.05933,0.06002,1157579.0,2025-12-19 22:59:59.999,69298.70036000,1020,408969.00000000,24475.22350000,0
2025-12-19 23:00:00,0.06005,0.06005,0.05972,0.05995,395225.0,2025-12-19 23:59:59.999,23678.91463000,707,81959.00000000,4912.85195000,0
2025-12-20 00:00:00,0.05996,0.06029,0.05995,0.06025,545195.0,2025-12-20 00:59:59.999,32816.06506000,690,211315.00000000,12720.06910000,0
2025-12-20 01:00:00,0.06026,0.06029,0.06011,0.06023,144438.0,2025-12-20 01:59:59.999,8701.28555000,197,61554.00000000,3706.35435000,0
2025-12-20 02:00:00,0.06024,0.06054,0.06023,0.0605,148334.0,2025-12-20 02:59:59.999,8963.61339000,228,80017.00000000,4835.84600000,0
2025-12-20 03:00:00,0.0605,0.06167,0.0605,0.06159,3943705.0,2025-12-20 03:59:59.999,240909.10258000,2849,2194591.00000000,134025.87301000,0
2025-12-20 04:00:00,0.06162,0.06197,0.06118,0.0613,2510406.0,2025-12-20 04:59:59.999,154546.18979000,2744,1041514.00000000,64146.22482000,0
2025-12-20 05:00:00,0.06129,0.06183,0.06122,0.06154,496210.0,2025-12-20 05:59:59.999,30554.00660000,779,233959.00000000,14401.31157000,0
2025-12-20 06:00:00,0.06155,0.06177,0.06148,0.06168,268755.0,2025-12-20 06:59:59.999,16575.89558000,391,136460.00000000,8416.73126000,0
2025-12-20 07:00:00,0.06169,0.06233,0.06152,0.06227,1781636.0,2025-12-20 07:59:59.999,110527.59093000,899,1139071.00000000,70659.52784000,0
2025-12-20 08:00:00,0.06231,0.06278,0.06215,0.06237,1426181.0,2025-12-20 08:59:59.999,89078.96280000,1648,733551.00000000,45828.59349000,0
2025-12-20 09:00:00,0.06238,0.06286,0.06226,0.0627,1115255.0,2025-12-20 09:59:59.999,69751.97851000,920,542461.00000000,33923.61130000,0
2025-12-20 10:00:00,0.06271,0.06286,0.06212,0.06246,1211995.0,2025-12-20 10:59:59.999,75751.21723000,1053,499164.00000000,31232.71945000,0
2025-12-20 11:00:00,0.06246,0.063,0.06244,0.06286,1501662.0,2025-12-20 11:59:59.999,94333.10449000,1004,910705.00000000,57214.95244000,0
2025-12-20 12:00:00,0.06292,0.06302,0.06255,0.06297,733204.0,2025-12-20 12:59:59.999,46071.92422000,555,277298.00000000,17430.49032000,0
2025-12-20 13:00:00,0.063,0.06312,0.06261,0.06312,671715.0,2025-12-20 13:59:59.999,42210.84947000,631,218902.00000000,13752.69876000,0
2025-12-20 14:00:00,0.06312,0.06316,0.06254,0.06272,1129793.0,2025-12-20 14:59:59.999,70890.79862000,785,674541.00000000,42284.65546000,0
2025-12-20 15:00:00,0.06273,0.06316,0.06261,0.06309,898459.0,2025-12-20 15:59:59.999,56558.44589000,856,313806.00000000,19756.15707000,0
2025-12-20 16:00:00,0.06309,0.0633,0.06251,0.06261,1425908.0,2025-12-20 16:59:59.999,89921.85012000,1237,603705.00000000,38044.49259000,0
2025-12-20 17:00:00,0.06262,0.06282,0.0625,0.06276,466239.0,2025-12-20 17:59:59.999,29236.52170000,630,207256.00000000,12997.11567000,0
2025-12-20 18:00:00,0.06276,0.06316,0.06276,0.06282,683051.0,2025-12-20 18:59:59.999,43028.68461000,720,286678.00000000,18057.80222000,0
2025-12-20 19:00:00,0.06283,0.06321,0.06276,0.06299,560358.0,2025-12-20 19:59:59.999,35321.63084000,690,253387.00000000,15970.83346000,0
2025-12-20 20:00:00,0.06293,0.06327,0.06293,0.06309,765366.0,2025-12-20 20:59:59.999,48357.17412000,658,383101.00000000,24206.66103000,0
2025-12-20 21:00:00,0.06309,0.06337,0.06292,0.06332,705387.0,2025-12-20 21:59:59.999,44564.89017000,754,377927.00000000,23870.55946000,0
2025-12-20 22:00:00,0.06332,0.06358,0.06319,0.06323,894223.0,2025-12-20 22:59:59.999,56666.68541000,811,497824.00000000,31550.04251000,0
2025-12-20 23:00:00,0.06322,0.06331,0.0629,0.06321,529666.0,2025-12-20 23:59:59.999,33415.36787000,831,275057.00000000,17349.21561000,0
2025-12-21 00:00:00,0.06322,0.06369,0.06304,0.06344,1707796.0,2025-12-21 00:59:59.999,108332.20128000,2028,788560.00000000,50050.09267000,0
2025-12-21 01:00:00,0.06344,0.06344,0.0625,0.06262,1504487.0,2025-12-21 01:59:59.999,94472.75994000,1366,905115.00000000,56873.73180000,0
2025-12-21 02:00:00,0.06262,0.06268,0.06246,0.06255,343874.0,2025-12-21 02:59:59.999,21515.22799000,679,192599.00000000,12047.86366000,0
2025-12-21 03:00:00,0.06254,0.06304,0.06224,0.06296,870212.0,2025-12-21 03:59:59.999,54593.15875000,1287,427297.00000000,26794.13881000,0
2025-12-21 04:00:00,0.06296,0.06324,0.06277,0.06316,523595.0,2025-12-21 04:59:59.999,33019.85460000,776,254178.00000000,16036.64237000,0
2025-12-21 05:00:00,0.06317,0.06359,0.06317,0.06351,814129.0,2025-12-21 05:59:59.999,51610.55427000,1252,401267.00000000,25432.84176000,0
2025-12-21 06:00:00,0.06351,0.06361,0.06332,0.06335,364027.0,2025-12-21 06:59:59.999,23118.69051000,668,155150.00000000,9854.35860000,0
2025-12-21 07:00:00,0.06335,0.06339,0.06282,0.06317,1830964.0,2025-12-21 07:59:59.999,115455.63376000,1370,785899.00000000,49522.19356000,0
2025-12-21 08:00:00,0.06317,0.06321,0.06266,0.06309,2091584.0,2025-12-21 08:59:59.999,131618.13778000,1278,896199.00000000,56327.67165000,0
2025-12-21 09:00:00,0.0631,0.06332,0.06301,0.06326,834294.0,2025-12-21 09:59:59.999,52698.44604000,930,305865.00000000,19310.48450000,0
2025-12-21 10:00:00,0.06327,0.0637,0.06322,0.06364,1430551.0,2025-12-21 10:59:59.999,90864.26701000,1126,503485.00000000,31965.35975000,0
2025-12-21 11:00:00,0.06365,0.06365,0.06323,0.06337,409758.0,2025-12-21 11:59:59.999,25964.18448000,608,155986.00000000,9883.60706000,0
2025-12-21 12:00:00,0.06338,0.06342,0.06285,0.06321,1947717.0,2025-12-21 12:59:59.999,123087.35532000,1910,1028416.00000000,64961.31105000,0
2025-12-21 13:00:00,0.06322,0.06341,0.06295,0.06316,1337747.0,2025-12-21 13:59:59.999,84519.34826000,1926,515938.00000000,32592.55603000,0
2025-12-21 14:00:00,0.06315,0.06367,0.06313,0.06358,1308855.0,2025-12-21 14:59:59.999,83120.73920000,1390,657787.00000000,41767.22106000,0
2025-12-21 15:00:00,0.06358,0.06402,0.06334,0.06398,1032693.0,2025-12-21 15:59:59.999,65780.53048000,1068,489795.00000000,31203.35692000,0
2025-12-21 16:00:00,0.06397,0.06397,0.06335,0.06379,658657.0,2025-12-21 16:59:59.999,41871.19411000,696,374561.00000000,23794.74067000,0
2025-12-21 17:00:00,0.06379,0.06484,0.06358,0.06398,3553365.0,2025-12-21 17:59:59.999,228805.87590000,2363,2325782.00000000,149809.23068000,0
2025-12-21 18:00:00,0.06401,0.06503,0.06383,0.06493,2577368.0,2025-12-21 18:59:59.999,166467.81936000,1501,1179101.00000000,76183.38901000,0
2025-12-21 19:00:00,0.06494,0.06509,0.06449,0.06467,1056821.0,2025-12-21 19:59:59.999,68401.60833000,1021,378017.00000000,24456.93130000,0
2025-12-21 20:00:00,0.06469,0.06544,0.06453,0.06537,1996185.0,2025-12-21 20:59:59.999,129955.89194000,1032,1477263.00000000,96229.12456000,0
2025-12-21 21:00:00,0.06537,0.06544,0.06495,0.06532,806526.0,2025-12-21 21:59:59.999,52601.18190000,857,430648.00000000,28090.09231000,0
2025-12-21 22:00:00,0.06533,0.06613,0.06494,0.06518,4488215.0,2025-12-21 22:59:59.999,293962.44702000,2432,1788521.00000000,117115.62860000,0
2025-12-21 23:00:00,0.06524,0.06619,0.06524,0.06616,1288752.0,2025-12-21 23:59:59.999,84805.19375000,1242,464387.00000000,30556.39296000,0
2025-12-22 00:00:00,0.06615,0.067,0.06557,0.06679,3188724.0,2025-12-22 00:59:59.999,211593.43975000,2294,1348636.00000000,89386.52600000,0
2025-12-22 01:00:00,0.06683,0.0681,0.06683,0.0674,3390950.0,2025-12-22 01:59:59.999,228933.31995000,2445,1619882.00000000,109369.25332000,0
2025-12-22 02:00:00,0.06744,0.06831,0.06672,0.0682,4041224.0,2025-12-22 02:59:59.999,273427.53261000,2537,1564056.00000000,105858.56230000,0
2025-12-22 03:00:00,0.06817,0.06822,0.0672,0.06725,2378543.0,2025-12-22 03:59:59.999,160922.95281000,2028,1121470.00000000,75854.14944000,0
2025-12-22 04:00:00,0.06722,0.06769,0.06643,0.0666,1569208.0,2025-12-22 04:59:59.999,105166.75123000,1385,782374.00000000,52410.27628000,0
2025-12-22 05:00:00,0.06658,0.06726,0.06628,0.06706,2076086.0,2025-12-22 05:59:59.999,138777.18117000,1220,827276.00000000,55130.19102000,0
2025-12-22 06:00:00,0.06705,0.06728,0.06606,0.06616,2148941.0,2025-12-22 06:59:59.999,143060.68285000,1309,1018816.00000000,67797.57579000,0
2025-12-22 07:00:00,0.06615,0.06632,0.06528,0.06557,2926017.0,2025-12-22 07:59:59.999,192460.04351000,1897,1291467.00000000,85022.79582000,0
2025-12-22 08:00:00,0.06562,0.06699,0.06557,0.06669,2595925.0,2025-12-22 08:59:59.999,172750.34237000,1785,1364899.00000000,90850.62483000,0
2025-12-22 09:00:00,0.06671,0.06782,0.06665,0.06774,2913219.0,2025-12-22 09:59:59.999,195777.10270000,1343,2141219.00000000,143812.33500000,0
2025-12-22 10:00:00,0.06774,0.06803,0.06756,0.06799,2656156.0,2025-12-22 10:59:59.999,180017.95878000,1513,906505.00000000,61467.73038000,0
2025-12-22 11:00:00,0.068,0.06879,0.06793,0.06835,2522207.0,2025-12-22 11:59:59.999,172753.87885000,1380,1239992.00000000,84925.98470000,0
2025-12-22 12:00:00,0.06834,0.06878,0.06785,0.06802,2595924.0,2025-12-22 12:59:59.999,177265.61358000,1113,1141676.00000000,77964.43395000,0
2025-12-22 13:00:00,0.06803,0.0684,0.06771,0.06811,2031140.0,2025-12-22 13:59:59.999,138084.09125000,921,989957.00000000,67306.28614000,0
2025-12-22 14:00:00,0.06811,0.06835,0.0672,0.06769,1407567.0,2025-12-22 14:59:59.999,95400.23570000,727,978998.00000000,66374.28688000,0
2025-12-22 15:00:00,0.06774,0.06822,0.0673,0.06809,2419000.0,2025-12-22 15:59:59.999,164193.48659000,1269,1319394.00000000,89557.24240000,0
2025-12-22 16:00:00,0.06806,0.0684,0.0674,0.0679,2235926.0,2025-12-22 16:59:59.999,151878.47760000,1025,1574709.00000000,106989.75294000,0
2025-12-22 17:00:00,0.06794,0.068,0.06723,0.06746,1157549.0,2025-12-22 17:59:59.999,78301.16907000,1161,378572.00000000,25592.40781000,0
2025-12-22 18:00:00,0.06746,0.06785,0.06731,0.06766,467178.0,2025-12-22 18:59:59.999,31579.93807000,526,140197.00000000,9479.79273000,0
2025-12-22 19:00:00,0.06768,0.06774,0.06693,0.06708,1322560.0,2025-12-22 19:59:59.999,88919.45966000,1172,723268.00000000,48605.51464000,0
2025-12-22 20:00:00,0.06709,0.06747,0.06698,0.06705,915870.0,2025-12-22 20:59:59.999,61538.15900000,854,541728.00000000,36408.19966000,0
2025-12-22 21:00:00,0.06705,0.06713,0.06636,0.06691,2035578.0,2025-12-22 21:59:59.999,135904.44834000,1277,1403783.00000000,93721.05862000,0
2025-12-22 22:00:00,0.06695,0.06728,0.06657,0.06715,1189102.0,2025-12-22 22:59:59.999,79594.46675000,1151,732227.00000000,49057.49697000,0
2025-12-22 23:00:00,0.06715,0.06747,0.06662,0.0668,1967990.0,2025-12-22 23:59:59.999,131789.52702000,2518,1003597.00000000,67233.48814000,0
2025-12-23 00:00:00,0.0668,0.0673,0.06666,0.06698,1134245.0,2025-12-23 00:59:59.999,76051.57623000,2285,783877.00000000,52554.99657000,0
2025-12-23 01:00:00,0.06698,0.06736,0.06671,0.06678,874389.0,2025-12-23 01:59:59.999,58645.33086000,1442,465053.00000000,31191.84139000,0
2025-12-23 02:00:00,0.06677,0.0669,0.06631,0.06639,1768463.0,2025-12-23 02:59:59.999,117762.62440000,1503,959547.00000000,63914.12913000,0
2025-12-23 03:00:00,0.06637,0.06674,0.06473,0.06473,8467054.0,2025-12-23 03:59:59.999,555033.08165000,5119,3638448.00000000,238109.08774000,0
2025-12-23 04:00:00,0.06472,0.06527,0.06436,0.06459,2660571.0,2025-12-23 04:59:59.999,172496.42176000,2416,1170590.00000000,75898.46135000,0
2025-12-23 05:00:00,0.0646,0.06479,0.06428,0.06442,995082.0,2025-12-23 05:59:59.999,64227.78952000,971,423257.00000000,27319.67635000,0
2025-12-23 06:00:00,0.06441,0.06458,0.06401,0.06456,1061254.0,2025-12-23 06:59:59.999,68172.75662000,1291,650777.00000000,41797.61147000,0
2025-12-23 07:00:00,0.06456,0.06471,0.06389,0.06434,1318124.0,2025-12-23 07:59:59.999,84638.20284000,1213,511290.00000000,32817.64727000,0
2025-12-23 08:00:00,0.06433,0.06433,0.06351,0.0636,2124594.0,2025-12-23 08:59:59.999,135525.18044000,1576,898793.00000000,57328.79333000,0
2025-12-23 09:00:00,0.0636,0.06375,0.06346,0.06364,679660.0,2025-12-23 09:59:59.999,43222.23897000,780,479972.00000000,30525.83179000,0
2025-12-23 10:00:00,0.06365,0.06402,0.06363,0.06402,667846.0,2025-12-23 10:59:59.999,42665.85416000,728,458868.00000000,29320.17281000,0
2025-12-23 11:00:00,0.06399,0.06424,0.06378,0.064,516151.0,2025-12-23 11:59:59.999,33040.30246000,714,204253.00000000,13065.05035000,0
2025-12-23 12:00:00,0.06401,0.06401,0.06326,0.06337,1349723.0,2025-12-23 12:59:59.999,85729.15010000,1090,1004117.00000000,63766.56642000,0
2025-12-23 13:00:00,0.06336,0.06355,0.06287,0.06342,2474922.0,2025-12-23 13:59:59.999,156412.53746000,1651,1850600.00000000,116885.63358000,0
2025-12-23 14:00:00,0.06343,0.06409,0.06323,0.0634,2038280.0,2025-12-23 14:59:59.999,129914.24233000,2274,761779.00000000,48546.29852000,0
2025-12-23 15:00:00,0.06342,0.06407,0.06318,0.06406,1875202.0,2025-12-23 15:59:59.999,119232.72051000,1728,675461.00000000,42948.08949000,0
2025-12-23 16:00:00,0.06407,0.06439,0.06392,0.06403,919723.0,2025-12-23 16:59:59.999,59044.29830000,1432,454946.00000000,29197.87953000,0
2025-12-23 17:00:00,0.06404,0.0645,0.06395,0.06398,920625.0,2025-12-23 17:59:59.999,59147.16077000,1055,479080.00000000,30787.67976000,0
2025-12-23 18:00:00,0.06395,0.06496,0.06395,0.0648,1610145.0,2025-12-23 18:59:59.999,103943.00927000,1551,794001.00000000,51183.50136000,0
2025-12-23 19:00:00,0.06479,0.06484,0.06439,0.06477,708894.0,2025-12-23 19:59:59.999,45820.33806000,881,377883.00000000,24423.37425000,0
2025-12-23 20:00:00,0.06477,0.06493,0.06427,0.06453,850886.0,2025-12-23 20:59:59.999,54992.03444000,930,582517.00000000,37654.68249000,0
2025-12-23 21:00:00,0.06454,0.06477,0.06439,0.06477,274425.0,2025-12-23 21:59:59.999,17717.86011000,331,82988.00000000,5358.51238000,0
2025-12-23 22:00:00,0.06478,0.06496,0.06456,0.06465,551398.0,2025-12-23 22:59:59.999,35736.00193000,456,170846.00000000,11071.86947000,0
2025-12-23 23:00:00,0.06466,0.06492,0.06429,0.06447,592919.0,2025-12-23 23:59:59.999,38296.41351000,933,310278.00000000,20010.47635000,0
2025-12-24 00:00:00,0.06448,0.06522,0.06439,0.06515,1055764.0,2025-12-24 00:59:59.999,68527.63556000,1199,551644.00000000,35793.59115000,0
2025-12-24 01:00:00,0.06517,0.06542,0.06499,0.06525,691736.0,2025-12-24 01:59:59.999,45116.04714000,733,401816.00000000,26215.32401000,0
2025-12-24 02:00:00,0.06525,0.06545,0.06494,0.06524,1038677.0,2025-12-24 02:59:59.999,67775.91648000,1025,648582.00000000,42328.85768000,0
2025-12-24 03:00:00,0.06523,0.06567,0.06501,0.06566,652943.0,2025-12-24 03:59:59.999,42646.94899000,819,479979.00000000,31354.07010000,0
2025-12-24 04:00:00,0.06567,0.0664,0.06544,0.06624,2046149.0,2025-12-24 04:59:59.999,134734.97337000,2175,1080843.00000000,71165.93714000,0
2025-12-24 05:00:00,0.06621,0.06679,0.0662,0.06655,1194445.0,2025-12-24 05:59:59.999,79482.84324000,1636,524801.00000000,34908.03961000,0
2025-12-24 06:00:00,0.06655,0.0667,0.06579,0.06596,2010150.0,2025-12-24 06:59:59.999,132945.62562000,1737,809452.00000000,53492.50513000,0
2025-12-24 07:00:00,0.06597,0.0661,0.06547,0.06552,998442.0,2025-12-24 07:59:59.999,65609.11345000,711,408221.00000000,26813.50434000,0
2025-12-24 08:00:00,0.06551,0.06585,0.06517,0.06555,1377553.0,2025-12-24 08:59:59.999,90201.83294000,1265,722918.00000000,47362.38485000,0
2025-12-24 09:00:00,0.06555,0.06617,0.06555,0.06615,636665.0,2025-12-24 09:59:59.999,41951.74401000,858,202544.00000000,13341.75450000,0
2025-12-24 10:00:00,0.06612,0.06692,0.06595,0.06659,2622653.0,2025-12-24 10:59:59.999,174723.32134000,1465,1040778.00000000,69328.34273000,0
2025-12-24 11:00:00,0.0666,0.06693,0.0664,0.06643,626245.0,2025-12-24 11:59:59.999,41731.03595000,852,245618.00000000,16362.58017000,0
2025-12-24 12:00:00,0.06645,0.06738,0.06638,0.06732,1716771.0,2025-12-24 12:59:59.999,114761.43659000,1404,773404.00000000,51659.44647000,0
2025-12-24 13:00:00,0.06731,0.06811,0.06729,0.06766,4714546.0,2025-12-24 13:59:59.999,319416.79388000,3927,2452015.00000000,166206.42568000,0
2025-12-24 14:00:00,0.06766,0.0679,0.06657,0.06756,3813944.0,2025-12-24 14:59:59.999,256849.63974000,3047,1836529.00000000,123625.41275000,0
2025-12-24 15:00:00,0.06759,0.06793,0.06713,0.06775,1570112.0,2025-12-24 15:59:59.999,106191.46178000,1364,833508.00000000,56397.06826000,0
2025-12-24 16:00:00,0.06778,0.06828,0.06765,0.0681,2066673.0,2025-12-24 16:59:59.999,140555.32150000,1959,737235.00000000,50126.66064000,0
2025-12-24 17:00:00,0.06811,0.06841,0.06792,0.06806,1417335.0,2025-12-24 17:59:59.999,96659.35037000,1469,369381.00000000,25185.22677000,0
2025-12-24 18:00:00,0.06805,0.06824,0.068,0.06808,360281.0,2025-12-24 18:59:59.999,24537.85144000,497,187886.00000000,12795.24812000,0
2025-12-24 19:00:00,0.06808,0.06808,0.06756,0.06758,802944.0,2025-12-24 19:59:59.999,54412.48040000,729,443770.00000000,30066.50397000,0
2025-12-24 20:00:00,0.06759,0.06791,0.0673,0.06768,692036.0,2025-12-24 20:59:59.999,46811.70964000,715,455174.00000000,30773.90678000,0
2025-12-24 21:00:00,0.06768,0.06825,0.06768,0.06795,1012864.0,2025-12-24 21:59:59.999,68872.58608000,805,671029.00000000,45602.12508000,0
2025-12-24 22:00:00,0.06795,0.06801,0.06741,0.06757,731637.0,2025-12-24 22:59:59.999,49476.57075000,553,517237.00000000,34950.77943000,0
2025-12-24 23:00:00,0.06755,0.06785,0.06742,0.06781,341971.0,2025-12-24 23:59:59.999,23119.23205000,557,150551.00000000,10175.45961000,0
2025-12-25 00:00:00,0.06781,0.06828,0.06757,0.06771,1545669.0,2025-12-25 00:59:59.999,105147.82134000,1330,576849.00000000,39237.31879000,0
2025-12-25 01:00:00,0.0677,0.06836,0.06758,0.06814,690597.0,2025-12-25 01:59:59.999,46997.48784000,671,327396.00000000,22279.08554000,0
2025-12-25 02:00:00,0.06813,0.06813,0.06727,0.06764,1903448.0,2025-12-25 02:59:59.999,128791.04076000,1652,705358.00000000,47713.24209000,0
2025-12-25 03:00:00,0.06765,0.06789,0.06729,0.06789,781063.0,2025-12-25 03:59:59.999,52763.44818000,808,309382.00000000,20902.61806000,0
2025-12-25 04:00:00,0.06789,0.06798,0.06706,0.06711,635278.0,2025-12-25 04:59:59.999,42847.07633000,795,195202.00000000,13149.63557000,0
2025-12-25 05:00:00,0.06712,0.06713,0.06655,0.06686,1101388.0,2025-12-25 05:59:59.999,73564.75942000,1062,482044.00000000,32213.49537000,0
2025-12-25 06:00:00,0.06686,0.06715,0.06682,0.06714,393579.0,2025-12-25 06:59:59.999,26339.69940000,391,221601.00000000,14828.22704000,0
2025-12-25 07:00:00,0.06714,0.06729,0.06696,0.06702,777127.0,2025-12-25 07:59:59.999,52154.90545000,670,384201.00000000,25787.44499000,0
2025-12-25 08:00:00,0.06701,0.06714,0.06658,0.06691,818452.0,2025-12-25 08:59:59.999,54722.52156000,1090,408641.00000000,27318.49377000,0
2025-12-25 09:00:00,0.06692,0.06713,0.06676,0.06701,404900.0,2025-12-25 09:59:59.999,27111.01328000,561,148085.00000000,9913.70390000,0
2025-12-25 10:00:00,0.06703,0.06703,0.06608,0.06635,864533.0,2025-12-25 10:59:59.999,57444.19328000,1079,391482.00000000,26004.22086000,0
2025-12-25 11:00:00,0.06636,0.06666,0.06634,0.06646,657406.0,2025-12-25 11:59:59.999,43721.14594000,736,367220.00000000,24420.21698000,0
2025-12-25 12:00:00,0.06646,0.06671,0.06633,0.06637,771848.0,2025-12-25 12:59:59.999,51291.15714000,811,455375.00000000,30247.66740000,0
2025-12-25 13:00:00,0.06637,0.0665,0.06595,0.06619,2153634.0,2025-12-25 13:59:59.999,142429.40885000,1307,775864.00000000,51335.90144000,0
2025-12-25 14:00:00,0.06619,0.06667,0.06618,0.06665,427136.0,2025-12-25 14:59:59.999,28400.83529000,475,187947.00000000,12486.53105000,0
2025-12-25 15:00:00,0.06665,0.06704,0.06644,0.06689,1072569.0,2025-12-25 15:59:59.999,71615.64496000,1317,315135.00000000,21038.33702000,0
2025-12-25 16:00:00,0.0669,0.06719,0.0668,0.06708,616257.0,2025-12-25 16:59:59.999,41301.30857000,919,164691.00000000,11036.11237000,0
2025-12-25 17:00:00,0.06708,0.06807,0.06701,0.06797,2514679.0,2025-12-25 17:59:59.999,170213.70184000,1493,1299088.00000000,88114.58762000,0
2025-12-25 18:00:00,0.06796,0.06874,0.06795,0.06862,1860064.0,2025-12-25 18:59:59.999,127272.86237000,1517,668195.00000000,45708.38842000,0
2025-12-25 19:00:00,0.06862,0.069,0.06857,0.06898,872847.0,2025-12-25 19:59:59.999,60039.54541000,789,280205.00000000,19288.66980000,0
2025-12-25 20:00:00,0.06898,0.069,0.06818,0.06882,2033336.0,2025-12-25 20:59:59.999,139483.08246000,1568,737908.00000000,50592.78809000,0
2025-12-25 21:00:00,0.06881,0.06899,0.06875,0.06889,563307.0,2025-12-25 21:59:59.999,38790.05327000,481,258421.00000000,17790.97531000,0
2025-12-25 22:00:00,0.0689,0.06925,0.06843,0.06869,1137509.0,2025-12-25 22:59:59.999,78467.03175000,978,446292.00000000,30777.38666000,0
2025-12-25 23:00:00,0.06868,0.06913,0.06814,0.06821,1487777.0,2025-12-25 23:59:59.999,102052.40580000,1496,742597.00000000,50877.55201000,0
2025-12-26 00:00:00,0.0682,0.0682,0.06698,0.06746,2589784.0,2025-12-26 00:59:59.999,175104.25264000,2146,2101642.00000000,142160.90890000,0
2025-12-26 01:00:00,0.06746,0.06774,0.0673,0.0674,570670.0,2025-12-26 01:59:59.999,38548.22886000,735,230965.00000000,15586.82141000,0
2025-12-26 02:00:00,0.06741,0.06842,0.06731,0.06826,2012937.0,2025-12-26 02:59:59.999,136824.79997000,2445,1084283.00000000,73594.39611000,0
2025-12-26 03:00:00,0.06827,0.06849,0.06786,0.06814,827821.0,2025-12-26 03:59:59.999,56384.88281000,962,335168.00000000,22828.30244000,0
2025-12-26 04:00:00,0.06814,0.06837,0.06769,0.06819,615872.0,2025-12-26 04:59:59.999,41880.12925000,819,379905.00000000,25805.97286000,0
2025-12-26 05:00:00,0.0682,0.06832,0.06797,0.06823,552234.0,2025-12-26 05:59:59.999,37618.30542000,486,284055.00000000,19353.38340000,0
2025-12-26 06:00:00,0.06824,0.06846,0.068,0.06801,449965.0,2025-12-26 06:59:59.999,30748.80517000,481,130844.00000000,8940.63819000,0
2025-12-26 07:00:00,0.068,0.06801,0.0671,0.06721,1300569.0,2025-12-26 07:59:59.999,87876.66471000,1346,782551.00000000,52868.46647000,0
2025-12-26 08:00:00,0.06718,0.06766,0.06717,0.06729,488349.0,2025-12-26 08:59:59.999,32920.28205000,760,172535.00000000,11618.43987000,0
2025-12-26 09:00:00,0.0673,0.06773,0.067,0.06771,671351.0,2025-12-26 09:59:59.999,45226.67471000,656,270029.00000000,18162.35661000,0
2025-12-26 10:00:00,0.06771,0.06823,0.0677,0.06821,1156952.0,2025-12-26 10:59:59.999,78625.36294000,755,484402.00000000,32929.80527000,0
2025-12-26 11:00:00,0.06822,0.06862,0.06812,0.06854,1190603.0,2025-12-26 11:59:59.999,81487.87339000,921,383478.00000000,26269.28489000,0
2025-12-26 12:00:00,0.06853,0.06881,0.06823,0.06878,1931948.0,2025-12-26 12:59:59.999,132550.97920000,1255,1288341.00000000,88418.16088000,0
2025-12-26 13:00:00,0.06879,0.06936,0.06863,0.0688,4034574.0,2025-12-26 13:59:59.999,278353.81192000,2607,1828298.00000000,126123.65302000,0
2025-12-26 14:00:00,0.06879,0.06885,0.06822,0.06852,3191407.0,2025-12-26 14:59:59.999,218748.61132000,2998,1429190.00000000,97926.71749000,0
2025-12-26 15:00:00,0.0685,0.06896,0.06777,0.06778,2551541.0,2025-12-26 15:59:59.999,174277.43045000,2683,1374457.00000000,94006.17882000,0
2025-12-26 16:00:00,0.06778,0.06802,0.06757,0.06767,851232.0,2025-12-26 16:59:59.999,57711.86613000,1150,500368.00000000,33922.45385000,0
2025-12-26 17:00:00,0.06767,0.06783,0.0644,0.06512,8835864.0,2025-12-26 17:59:59.999,581329.43414000,5320,4492641.00000000,295281.22685000,0
2025-12-26 18:00:00,0.06513,0.06538,0.06404,0.06427,2966156.0,2025-12-26 18:59:59.999,191773.17113000,3566,1733931.00000000,112026.41183000,0
2025-12-26 19:00:00,0.06426,0.06481,0.064,0.0641,1254700.0,2025-12-26 19:59:59.999,80760.22270000,1696,739272.00000000,47568.27513000,0
2025-12-26 20:00:00,0.06409,0.06463,0.06381,0.06443,1151677.0,2025-12-26 20:59:59.999,74066.46087000,1305,695133.00000000,44673.17320000,0
2025-12-26 21:00:00,0.06443,0.06469,0.06417,0.06417,618657.0,2025-12-26 21:59:59.999,39838.25556000,875,307278.00000000,19785.04091000,0
2025-12-26 22:00:00,0.06417,0.06426,0.06359,0.06366,764902.0,2025-12-26 22:59:59.999,48874.07880000,703,467237.00000000,29844.94026000,0
2025-12-26 23:00:00,0.06367,0.06378,0.06126,0.06234,5678156.0,2025-12-26 23:59:59.999,354120.71604000,5618,3055282.00000000,190826.52862000,0
2025-12-27 00:00:00,0.06233,0.06255,0.0611,0.0612,3616651.0,2025-12-27 00:59:59.999,223179.77053000,3382,1685225.00000000,103874.70110000,0
2025-12-27 01:00:00,0.06118,0.06339,0.06095,0.06235,4613391.0,2025-12-27 01:59:59.999,287028.60504000,4934,2624879.00000000,162946.11773000,0
2025-12-27 02:00:00,0.06234,0.06284,0.06201,0.06211,2090946.0,2025-12-27 02:59:59.999,130382.17139000,2096,1118316.00000000,69734.96909000,0
2025-12-27 03:00:00,0.06211,0.06252,0.06193,0.06239,955996.0,2025-12-27 03:59:59.999,59486.14769000,1272,339009.00000000,21071.24180000,0
2025-12-27 04:00:00,0.06238,0.06301,0.0622,0.06272,1818552.0,2025-12-27 04:59:59.999,114009.60427000,1957,780640.00000000,48882.09298000,0
2025-12-27 05:00:00,0.06273,0.06295,0.06238,0.0624,760061.0,2025-12-27 05:59:59.999,47684.93577000,819,412808.00000000,25889.65274000,0
2025-12-27 06:00:00,0.06241,0.06244,0.06176,0.06187,2208548.0,2025-12-27 06:59:59.999,137076.00454000,2048,1525193.00000000,94668.46820000,0
2025-12-27 07:00:00,0.06186,0.06187,0.06086,0.06154,3209062.0,2025-12-27 07:59:59.999,196703.12292000,2490,2023856.00000000,123982.92768000,0
2025-12-27 08:00:00,0.06153,0.06184,0.06143,0.06159,875821.0,2025-12-27 08:59:59.999,53961.84759000,1148,483928.00000000,29810.57308000,0
2025-12-27 09:00:00,0.06159,0.06225,0.06154,0.06205,2896926.0,2025-12-27 09:59:59.999,179682.79329000,2298,1188061.00000000,73651.03633000,0
2025-12-27 10:00:00,0.06205,0.06224,0.06162,0.06201,656307.0,2025-12-27 10:59:59.999,40676.12766000,932,331846.00000000,20553.65086000,0
2025-12-27 11:00:00,0.062,0.06219,0.06175,0.06195,982075.0,2025-12-27 11:59:59.999,60844.33070000,1076,505786.00000000,31335.00652000,0
2025-12-27 12:00:00,0.06193,0.06227,0.06182,0.0621,906065.0,2025-12-27 12:59:59.999,56200.72308000,1201,572160.00000000,35478.38830000,0
2025-12-27 13:00:00,0.06211,0.0623,0.06182,0.06182,1350966.0,2025-12-27 13:59:59.999,83846.76941000,1172,777990.00000000,48279.35233000,0
2025-12-27 14:00:00,0.06183,0.06204,0.06172,0.06199,629486.0,2025-12-27 14:59:59.999,38923.46551000,657,442299.00000000,27341.80200000,0
2025-12-27 15:00:00,0.062,0.0627,0.06195,0.06266,1270392.0,2025-12-27 15:59:59.999,79269.16307000,1284,622705.00000000,38838.25065000,0
2025-12-27 16:00:00,0.06267,0.06272,0.06193,0.06196,1277062.0,2025-12-27 16:59:59.999,79573.48744000,1070,839784.00000000,52287.58435000,0
2025-12-27 17:00:00,0.06197,0.0625,0.06191,0.06215,1667687.0,2025-12-27 17:59:59.999,103724.29663000,1185,1131819.00000000,70394.13275000,0
2025-12-27 18:00:00,0.06216,0.06258,0.06205,0.06236,400597.0,2025-12-27 18:59:59.999,24978.07783000,649,194353.00000000,12114.90703000,0
2025-12-27 19:00:00,0.06235,0.06271,0.06217,0.06245,592099.0,2025-12-27 19:59:59.999,36983.17990000,749,191042.00000000,11919.44410000,0
2025-12-27 20:00:00,0.06246,0.06273,0.0624,0.06261,490072.0,2025-12-27 20:59:59.999,30688.85336000,543,136059.00000000,8513.85478000,0
2025-12-27 21:00:00,0.06262,0.06277,0.06213,0.0627,1104616.0,2025-12-27 21:59:59.999,69020.95437000,898,475298.00000000,29660.51673000,0
2025-12-27 22:00:00,0.0627,0.06285,0.06239,0.06239,949810.0,2025-12-27 22:59:59.999,59536.80595000,663,229651.00000000,14383.40677000,0
2025-12-27 23:00:00,0.06238,0.06238,0.06173,0.06208,1633139.0,2025-12-27 23:59:59.999,101266.12872000,1486,1102540.00000000,68345.58813000,0
2025-12-28 00:00:00,0.06208,0.06236,0.06204,0.06236,377092.0,2025-12-28 00:59:59.999,23460.01644000,432,251830.00000000,15666.77509000,0
2025-12-28 01:00:00,0.06237,0.06285,0.06237,0.06279,811265.0,2025-12-28 01:59:59.999,50807.20735000,805,208473.00000000,13058.99073000,0
2025-12-28 02:00:00,0.06279,0.06285,0.06254,0.06268,435795.0,2025-12-28 02:59:59.999,27342.80937000,547,157102.00000000,9851.37876000,0
2025-12-28 03:00:00,0.06267,0.0635,0.06258,0.06334,1340439.0,2025-12-28 03:59:59.999,84673.56426000,1359,464950.00000000,29357.88447000,0
2025-12-28 04:00:00,0.06334,0.06368,0.06282,0.06285,1476365.0,2025-12-28 04:59:59.999,93489.48832000,1494,633718.00000000,40125.86703000,0
2025-12-28 05:00:00,0.06284,0.0636,0.06279,0.06345,698307.0,2025-12-28 05:59:59.999,44157.52981000,742,310649.00000000,19613.47896000,0
2025-12-28 06:00:00,0.06345,0.0637,0.06331,0.0637,694618.0,2025-12-28 06:59:59.999,44130.09501000,753,375099.00000000,23835.95695000,0
2025-12-28 07:00:00,0.06368,0.06368,0.06323,0.06336,799682.0,2025-12-28 07:59:59.999,50717.43427000,564,224994.00000000,14269.07070000,0
2025-12-28 08:00:00,0.06336,0.06357,0.06287,0.06322,1086720.0,2025-12-28 08:59:59.999,68588.32099000,838,282576.00000000,17822.45874000,0
2025-12-28 09:00:00,0.06321,0.06351,0.06309,0.06326,513933.0,2025-12-28 09:59:59.999,32562.91327000,561,231609.00000000,14667.37681000,0
2025-12-28 10:00:00,0.06328,0.06363,0.06315,0.06359,665692.0,2025-12-28 10:59:59.999,42204.30554000,693,254253.00000000,16108.87496000,0
2025-12-28 11:00:00,0.06357,0.06485,0.06353,0.0645,2502310.0,2025-12-28 11:59:59.999,160576.65006000,2730,1274945.00000000,81842.25466000,0
2025-12-28 12:00:00,0.0645,0.0646,0.06418,0.06437,608862.0,2025-12-28 12:59:59.999,39183.79578000,729,238537.00000000,15349.59871000,0
2025-12-28 13:00:00,0.06437,0.06486,0.06428,0.06477,1021002.0,2025-12-28 13:59:59.999,65976.04298000,916,512383.00000000,33116.26524000,0
2025-12-28 14:00:00,0.06478,0.06484,0.06368,0.06395,1863917.0,2025-12-28 14:59:59.999,119433.20656000,1578,934972.00000000,59818.49441000,0
2025-12-28 15:00:00,0.06396,0.06438,0.06396,0.06406,557060.0,2025-12-28 15:59:59.999,35726.73075000,595,270465.00000000,17340.69750000,0
2025-12-28 16:00:00,0.06407,0.06411,0.06322,0.06326,1653222.0,2025-12-28 16:59:59.999,105097.31235000,1554,1247169.00000000,79265.00376000,0
2025-12-28 17:00:00,0.06326,0.06405,0.06323,0.0638,553838.0,2025-12-28 17:59:59.999,35354.71152000,595,182984.00000000,11656.16280000,0
2025-12-28 18:00:00,0.06381,0.06404,0.06349,0.06371,901031.0,2025-12-28 18:59:59.999,57506.32663000,971,204288.00000000,13020.49388000,0
2025-12-28 19:00:00,0.06372,0.06418,0.06362,0.06414,476483.0,2025-12-28 19:59:59.999,30457.37105000,547,172378.00000000,11017.61281000,0
2025-12-28 20:00:00,0.06414,0.0642,0.06395,0.06407,382590.0,2025-12-28 20:59:59.999,24530.68936000,566,135163.00000000,8663.74171000,0
2025-12-28 21:00:00,0.06406,0.06409,0.0635,0.06361,946905.0,2025-12-28 21:59:59.999,60317.46094000,918,526554.00000000,33524.64397000,0
2025-12-28 22:00:00,0.06362,0.06396,0.06344,0.06396,334913.0,2025-12-28 22:59:59.999,21341.32598000,350,164115.00000000,10448.48627000,0
2025-12-28 23:00:00,0.06396,0.0642,0.06367,0.06419,781877.0,2025-12-28 23:59:59.999,50038.55098000,757,238508.00000000,15236.81011000,0
2025-12-29 00:00:00,0.0642,0.06472,0.06385,0.06446,1487380.0,2025-12-29 00:59:59.999,95796.47033000,1614,478555.00000000,30806.31876000,0
2025-12-29 01:00:00,0.06445,0.06467,0.06409,0.06445,1004047.0,2025-12-29 01:59:59.999,64628.17363000,1144,579659.00000000,37300.94636000,0
2025-12-29 02:00:00,0.06446,0.06517,0.06446,0.06489,1200450.0,2025-12-29 02:59:59.999,77927.79999000,1311,476655.00000000,30914.43290000,0
2025-12-29 03:00:00,0.0649,0.06513,0.0647,0.06505,900719.0,2025-12-29 03:59:59.999,58493.77826000,696,395252.00000000,25657.14786000,0
2025-12-29 04:00:00,0.06505,0.06516,0.06484,0.06507,602180.0,2025-12-29 04:59:59.999,39128.59954000,603,476441.00000000,30957.20318000,0
2025-12-29 05:00:00,0.06507,0.06515,0.06431,0.06436,1557426.0,2025-12-29 05:59:59.999,100922.08538000,1194,682170.00000000,44197.90592000,0
2025-12-29 06:00:00,0.06436,0.06461,0.06431,0.06433,698626.0,2025-12-29 06:59:59.999,45014.17916000,680,486761.00000000,31364.11194000,0
2025-12-29 07:00:00,0.06433,0.06451,0.06415,0.06434,644673.0,2025-12-29 07:59:59.999,41500.17379000,584,368831.00000000,23748.33216000,0
2025-12-29 08:00:00,0.06434,0.06438,0.06359,0.06364,2034381.0,2025-12-29 08:59:59.999,130004.37357000,1483,1220573.00000000,77970.49975000,0
2025-12-29 09:00:00,0.06364,0.06369,0.06269,0.06302,2193370.0,2025-12-29 09:59:59.999,138484.75799000,2230,945874.00000000,59795.77835000,0
2025-12-29 10:00:00,0.06302,0.06306,0.06181,0.06249,4864880.0,2025-12-29 10:59:59.999,302633.98051000,2954,1836975.00000000,114419.67463000,0
2025-12-29 11:00:00,0.0625,0.06251,0.06221,0.06222,885505.0,2025-12-29 11:59:59.999,55235.90547000,807,353447.00000000,22058.44017000,0
2025-12-29 12:00:00,0.06222,0.06233,0.06151,0.06174,1650954.0,2025-12-29 12:59:59.999,102083.01374000,1961,709975.00000000,43896.86909000,0
2025-12-29 13:00:00,0.06174,0.06184,0.06159,0.06172,395241.0,2025-12-29 13:59:59.999,24388.01689000,618,180540.00000000,11138.62564000,0
2025-12-29 14:00:00,0.06173,0.06226,0.06159,0.062,751570.0,2025-12-29 14:59:59.999,46596.65724000,1235,338666.00000000,20985.43016000,0
2025-12-29 15:00:00,0.062,0.06239,0.06177,0.06182,1568240.0,2025-12-29 15:59:59.999,97438.49409000,1923,917191.00000000,56978.43215000,0
2025-12-29 16:00:00,0.06182,0.06242,0.06182,0.06231,1606778.0,2025-12-29 16:59:59.999,99975.26588000,1342,603677.00000000,37501.48724000,0
2025-12-29 17:00:00,0.06232,0.06256,0.0618,0.06205,694800.0,2025-12-29 17:59:59.999,43119.94680000,820,268088.00000000,16623.76765000,0
2025-12-29 18:00:00,0.06204,0.06212,0.0618,0.06185,346403.0,2025-12-29 18:59:59.999,21451.11851000,453,192591.00000000,11921.23163000,0
2025-12-29 19:00:00,0.06184,0.06201,0.06165,0.06166,381849.0,2025-12-29 19:59:59.999,23616.39697000,422,210419.00000000,13014.48512000,0
2025-12-29 20:00:00,0.06168,0.06187,0.06151,0.06186,732659.0,2025-12-29 20:59:59.999,45214.55131000,675,449783.00000000,27749.54083000,0
2025-12-29 21:00:00,0.06188,0.06191,0.06135,0.06159,743614.0,2025-12-29 21:59:59.999,45807.99117000,665,272539.00000000,16779.57198000,0
2025-12-29 22:00:00,0.06158,0.06187,0.0615,0.06172,508246.0,2025-12-29 22:59:59.999,31356.20594000,433,283752.00000000,17499.97597000,0
2025-12-29 23:00:00,0.06167,0.0618,0.06149,0.06164,294281.0,2025-12-29 23:59:59.999,18139.47777000,445,141649.00000000,8726.44723000,0
2025-12-30 00:00:00,0.06163,0.06184,0.06148,0.06149,257596.0,2025-12-30 00:59:59.999,15865.79388000,388,194654.00000000,11984.88885000,0
2025-12-30 01:00:00,0.06149,0.0616,0.06138,0.06146,268864.0,2025-12-30 01:59:59.999,16530.14221000,289,213462.00000000,13123.35891000,0
2025-12-30 02:00:00,0.06146,0.06171,0.06132,0.06167,471199.0,2025-12-30 02:59:59.999,28957.79763000,370,331117.00000000,20345.32039000,0
2025-12-30 03:00:00,0.06168,0.06187,0.06133,0.06183,406015.0,2025-12-30 03:59:59.999,25012.76738000,544,195940.00000000,12069.32359000,0
2025-12-30 04:00:00,0.06185,0.06198,0.06168,0.06184,244725.0,2025-12-30 04:59:59.999,15137.76329000,287,73115.00000000,4520.48587000,0
2025-12-30 05:00:00,0.06183,0.06194,0.06155,0.06161,307021.0,2025-12-30 05:59:59.999,18941.90590000,313,224409.00000000,13843.68739000,0
2025-12-30 06:00:00,0.0616,0.06193,0.06148,0.06175,622587.0,2025-12-30 06:59:59.999,38417.11295000,515,344426.00000000,21258.61444000,0
2025-12-30 07:00:00,0.06174,0.06192,0.06146,0.06154,606318.0,2025-12-30 07:59:59.999,37395.84262000,473,253940.00000000,15661.21530000,0
2025-12-30 08:00:00,0.06155,0.06212,0.06153,0.06171,691601.0,2025-12-30 08:59:59.999,42747.84446000,651,320993.00000000,19845.77233000,0
2025-12-30 09:00:00,0.0617,0.06173,0.06148,0.06166,444408.0,2025-12-30 09:59:59.999,27358.03465000,355,302913.00000000,18646.20129000,0
2025-12-30 10:00:00,0.06165,0.06182,0.06147,0.06148,384071.0,2025-12-30 10:59:59.999,23666.23265000,401,225987.00000000,13922.86614000,0
2025-12-30 11:00:00,0.06147,0.06165,0.06138,0.06143,901416.0,2025-12-30 11:59:59.999,55420.61649000,849,538695.00000000,33126.34350000,0
2025-12-30 12:00:00,0.06144,0.0616,0.06138,0.06147,438717.0,2025-12-30 12:59:59.999,26981.52134000,623,243331.00000000,14961.92202000,0
2025-12-30 13:00:00,0.06146,0.06158,0.06125,0.06132,831588.0,2025-12-30 13:59:59.999,51055.99698000,845,417947.00000000,25655.92231000,0
2025-12-30 14:00:00,0.06131,0.06161,0.06116,0.06147,909050.0,2025-12-30 14:59:59.999,55792.68646000,1311,403673.00000000,24765.81387000,0
2025-12-30 15:00:00,0.06147,0.06154,0.06114,0.06131,593430.0,2025-12-30 15:59:59.999,36354.53253000,917,331702.00000000,20324.65113000,0
2025-12-30 16:00:00,0.0613,0.06137,0.06111,0.06131,529087.0,2025-12-30 16:59:59.999,32404.79655000,627,346407.00000000,21217.99849000,0
2025-12-30 17:00:00,0.06131,0.06131,0.06094,0.06095,626173.0,2025-12-30 17:59:59.999,38267.03880000,801,302969.00000000,18520.97984000,0
2025-12-30 18:00:00,0.06094,0.06107,0.06039,0.06107,2235491.0,2025-12-30 18:59:59.999,135741.45667000,1793,1006883.00000000,61090.68351000,0
2025-12-30 19:00:00,0.06107,0.06119,0.0609,0.061,684224.0,2025-12-30 19:59:59.999,41751.92263000,708,254805.00000000,15551.13357000,0
2025-12-30 20:00:00,0.06101,0.06106,0.06065,0.06068,762075.0,2025-12-30 20:59:59.999,46323.78360000,978,324970.00000000,19742.58913000,0
2025-12-30 21:00:00,0.06069,0.06072,0.06032,0.0604,1676183.0,2025-12-30 21:59:59.999,101362.90888000,1064,638452.00000000,38639.25566000,0
2025-12-30 22:00:00,0.06041,0.06051,0.06035,0.0604,407792.0,2025-12-30 22:59:59.999,24639.53680000,450,289895.00000000,17517.77228000,0
2025-12-30 23:00:00,0.0604,0.06062,0.06025,0.06051,227948.0,2025-12-30 23:59:59.999,13771.88127000,421,55041.00000000,3326.06469000,0
2025-12-31 00:00:00,0.0605,0.0605,0.05922,0.05927,3594961.0,2025-12-31 00:59:59.999,214633.91882000,2873,2000086.00000000,119271.39331000,0
2025-12-31 01:00:00,0.05926,0.05985,0.05922,0.05983,858460.0,2025-12-31 01:59:59.999,51085.43532000,837,397857.00000000,23666.63490000,0
2025-12-31 02:00:00,0.05984,0.05984,0.05909,0.05921,1420786.0,2025-12-31 02:59:59.999,84270.70270000,1410,949573.00000000,56313.85649000,0
2025-12-31 03:00:00,0.0592,0.0593,0.05908,0.05918,586271.0,2025-12-31 03:59:59.999,34703.55856000,783,497755.00000000,29463.22203000,0
2025-12-31 04:00:00,0.05918,0.05925,0.05832,0.0589,1845365.0,2025-12-31 04:59:59.999,108467.42696000,1485,926308.00000000,54406.04531000,0
2025-12-31 05:00:00,0.05889,0.05906,0.05874,0.05881,600477.0,2025-12-31 05:59:59.999,35371.11642000,667,409941.00000000,24146.62739000,0
2025-12-31 06:00:00,0.0588,0.05892,0.05856,0.05889,725386.0,2025-12-31 06:59:59.999,42588.06223000,756,384805.00000000,22581.67926000,0
2025-12-31 07:00:00,0.05889,0.05899,0.05883,0.05897,214464.0,2025-12-31 07:59:59.999,12634.30752000,320,66414.00000000,3913.27850000,0
2025-12-31 08:00:00,0.05897,0.05936,0.05885,0.05904,739666.0,2025-12-31 08:59:59.999,43698.55535000,567,254083.00000000,15000.02375000,0
2025-12-31 09:00:00,0.05905,0.0595,0.05903,0.05911,2409308.0,2025-12-31 09:59:59.999,142850.16364000,1336,1251613.00000000,74194.43642000,0
2025-12-31 10:00:00,0.0591,0.05939,0.05905,0.05915,997924.0,2025-12-31 10:59:59.999,59088.32478000,608,378120.00000000,22381.72429000,0
2025-12-31 11:00:00,0.0591,0.05935,0.05908,0.05935,571063.0,2025-12-31 11:59:59.999,33832.66153000,580,353394.00000000,20933.98620000,0
2025-12-31 12:00:00,0.05933,0.05935,0.05913,0.05918,424654.0,2025-12-31 12:59:59.999,25153.39102000,385,162708.00000000,9640.65191000,0
2025-12-31 13:00:00,0.05919,0.05935,0.05871,0.05886,1502378.0,2025-12-31 13:59:59.999,88671.58991000,1118,825534.00000000,48721.78117000,0
2025-12-31 14:00:00,0.05885,0.05918,0.05853,0.0586,1203508.0,2025-12-31 14:59:59.999,70744.24583000,1325,626720.00000000,36844.40173000,0
2025-12-31 15:00:00,0.0586,0.05868,0.05831,0.05861,583443.0,2025-12-31 15:59:59.999,34150.38460000,703,288363.00000000,16879.56058000,0
2025-12-31 16:00:00,0.05861,0.05864,0.05782,0.05828,2010787.0,2025-12-31 16:59:59.999,116992.69835000,1711,666327.00000000,38761.98692000,0
2025-12-31 17:00:00,0.05827,0.05836,0.05781,0.0579,656384.0,2025-12-31 17:59:59.999,38133.55680000,528,206104.00000000,11963.15721000,0
2025-12-31 18:00:00,0.0579,0.05794,0.05751,0.05753,812542.0,2025-12-31 18:59:59.999,46921.99796000,702,331272.00000000,19133.81516000,0
2025-12-31 19:00:00,0.05753,0.05779,0.05753,0.05758,452180.0,2025-12-31 19:59:59.999,26067.65984000,517,238946.00000000,13771.48414000,0
2025-12-31 20:00:00,0.05757,0.05775,0.05732,0.0577,605141.0,2025-12-31 20:59:59.999,34811.40391000,559,217935.00000000,12539.65787000,0
2025-12-31 21:00:00,0.05769,0.05807,0.05766,0.05798,832252.0,2025-12-31 21:59:59.999,48157.17556000,708,381417.00000000,22067.22737000,0
2025-12-31 22:00:00,0.05798,0.05813,0.05778,0.05799,427150.0,2025-12-31 22:59:59.999,24749.81250000,380,89121.00000000,5164.77716000,0
2025-12-31 23:00:00,0.05801,0.05804,0.05761,0.0577,354446.0,2025-12-31 23:59:59.999,20478.13093000,307,189608.00000000,10943.05848000,0
2026-01-01 00:00:00,0.05772,0.05804,0.05758,0.05777,544193.0,2026-01-01 00:59:59.999,31465.84061000,511,283576.00000000,16399.60583000,0
2026-01-01 01:00:00,0.05772,0.058,0.05772,0.05784,274483.0,2026-01-01 01:59:59.999,15883.86128000,238,114656.00000000,6629.88411000,0
2026-01-01 02:00:00,0.05783,0.05788,0.0576,0.05768,589485.0,2026-01-01 02:59:59.999,34023.07772000,392,313941.00000000,18124.19046000,0
2026-01-01 03:00:00,0.05769,0.05787,0.05765,0.05784,148307.0,2026-01-01 03:59:59.999,8567.33822000,131,47776.00000000,2758.34363000,0
2026-01-01 04:00:00,0.05783,0.05783,0.05749,0.05751,445536.0,2026-01-01 04:59:59.999,25673.41721000,252,238105.00000000,13711.22634000,0
2026-01-01 05:00:00,0.05751,0.05815,0.05742,0.05808,403695.0,2026-01-01 05:59:59.999,23360.05232000,344,226167.00000000,13070.60637000,0
2026-01-01 06:00:00,0.05812,0.05814,0.05794,0.05801,149083.0,2026-01-01 06:59:59.999,8655.53528000,115,84033.00000000,4878.03598000,0
2026-01-01 07:00:00,0.05803,0.05814,0.05791,0.05812,194573.0,2026-01-01 07:59:59.999,11296.17085000,191,76821.00000000,4459.21527000,0
2026-01-01 08:00:00,0.05812,0.05841,0.05812,0.05839,312021.0,2026-01-01 08:59:59.999,18200.45086000,198,126725.00000000,7391.86095000,0
2026-01-01 09:00:00,0.05843,0.0587,0.05836,0.05843,476727.0,2026-01-01 09:59:59.999,27909.19875000,284,170492.00000000,9974.07651000,0
2026-01-01 10:00:00,0.05843,0.05883,0.05843,0.05881,448706.0,2026-01-01 10:59:59.999,26330.01745000,222,146439.00000000,8589.03248000,0
2026-01-01 11:00:00,0.0588,0.059,0.05875,0.05895,379893.0,2026-01-01 11:59:59.999,22377.58573000,242,107457.00000000,6325.94284000,0
2026-01-01 12:00:00,0.05894,0.05894,0.05857,0.05882,785629.0,2026-01-01 12:59:59.999,46135.72901000,375,278510.00000000,16353.01057000,0
2026-01-01 13:00:00,0.0588,0.05926,0.05873,0.05919,486687.0,2026-01-01 13:59:59.999,28755.13288000,360,178828.00000000,10558.58962000,0
2026-01-01 14:00:00,0.05919,0.05934,0.05906,0.05922,429674.0,2026-01-01 14:59:59.999,25430.44566000,368,197273.00000000,11677.11042000,0
2026-01-01 15:00:00,0.0592,0.05958,0.05918,0.05942,389580.0,2026-01-01 15:59:59.999,23114.30285000,347,177711.00000000,10539.38805000,0
2026-01-01 16:00:00,0.05944,0.0595,0.05917,0.05936,439510.0,2026-01-01 16:59:59.999,26075.93364000,388,115842.00000000,6873.64361000,0
2026-01-01 17:00:00,0.05938,0.05972,0.05938,0.05968,277638.0,2026-01-01 17:59:59.999,16532.74748000,294,91752.00000000,5463.32461000,0
2026-01-01 18:00:00,0.05968,0.06013,0.05968,0.0601,1574101.0,2026-01-01 18:59:59.999,94285.91585000,574,538497.00000000,32246.00296000,0
2026-01-01 19:00:00,0.0601,0.06038,0.06009,0.06033,334502.0,2026-01-01 19:59:59.999,20139.90030000,248,77057.00000000,4637.82940000,0
2026-01-01 20:00:00,0.06033,0.06044,0.06013,0.0602,247399.0,2026-01-01 20:59:59.999,14914.12696000,239,76504.00000000,4608.03752000,0
2026-01-01 21:00:00,0.06021,0.06024,0.06015,0.0602,121929.0,2026-01-01 21:59:59.999,7340.01489000,108,63933.00000000,3848.78581000,0
2026-01-01 22:00:00,0.06023,0.06071,0.06023,0.06063,385800.0,2026-01-01 22:59:59.999,23350.58844000,264,119374.00000000,7216.30609000,0
2026-01-01 23:00:00,0.06064,0.06078,0.06058,0.06069,358189.0,2026-01-01 23:59:59.999,21734.01374000,450,198156.00000000,12019.80834000,0
2026-01-02 00:00:00,0.0607,0.06088,0.06058,0.06081,384415.0,2026-01-02 00:59:59.999,23348.55996000,499,91043.00000000,5529.38656000,0
2026-01-02 01:00:00,0.06081,0.061,0.06074,0.06086,439895.0,2026-01-02 01:59:59.999,26784.42860000,424,113964.00000000,6938.12920000,0
2026-01-02 02:00:00,0.06086,0.06111,0.06078,0.06111,223648.0,2026-01-02 02:59:59.999,13625.67508000,254,91228.00000000,5556.44913000,0
2026-01-02 03:00:00,0.06112,0.06158,0.0611,0.06127,1484520.0,2026-01-02 03:59:59.999,91086.39085000,1167,490890.00000000,30120.22097000,0
2026-01-02 04:00:00,0.06128,0.06156,0.06118,0.06144,398121.0,2026-01-02 04:59:59.999,24431.98886000,397,218619.00000000,13410.47476000,0
2026-01-02 05:00:00,0.06143,0.06163,0.06133,0.0614,588727.0,2026-01-02 05:59:59.999,36211.24310000,516,256735.00000000,15794.92874000,0
2026-01-02 06:00:00,0.06141,0.06178,0.06139,0.06164,467845.0,2026-01-02 06:59:59.999,28818.19515000,470,228919.00000000,14093.20780000,0
2026-01-02 07:00:00,0.06165,0.06172,0.06137,0.06145,291619.0,2026-01-02 07:59:59.999,17946.60897000,462,182511.00000000,11228.61547000,0
2026-01-02 08:00:00,0.06146,0.06227,0.06146,0.06207,1235940.0,2026-01-02 08:59:59.999,76603.22145000,913,541319.00000000,33532.37342000,0
2026-01-02 09:00:00,0.06207,0.06282,0.06205,0.06282,1442925.0,2026-01-02 09:59:59.999,90248.66127000,1156,476864.00000000,29791.79603000,0
2026-01-02 10:00:00,0.06282,0.0631,0.06281,0.06297,1078907.0,2026-01-02 10:59:59.999,67958.35733000,823,297083.00000000,18706.39959000,0
2026-01-02 11:00:00,0.06297,0.06298,0.06234,0.06259,1147722.0,2026-01-02 11:59:59.999,71874.16974000,929,559305.00000000,35011.33319000,0
2026-01-02 12:00:00,0.06259,0.06315,0.06242,0.06292,604949.0,2026-01-02 12:59:59.999,37993.41493000,849,252134.00000000,15817.95212000,0
2026-01-02 13:00:00,0.06292,0.06322,0.06241,0.06245,1705355.0,2026-01-02 13:59:59.999,106997.45857000,1486,563829.00000000,35294.53961000,0
2026-01-02 14:00:00,0.06245,0.0631,0.06212,0.063,1412678.0,2026-01-02 14:59:59.999,88442.67732000,1949,726470.00000000,45460.26590000,0
2026-01-02 15:00:00,0.06301,0.0632,0.0627,0.06288,1138935.0,2026-01-02 15:59:59.999,71744.98526000,1871,468997.00000000,29546.22403000,0
2026-01-02 16:00:00,0.06289,0.06356,0.06262,0.06277,1973444.0,2026-01-02 16:59:59.999,124321.47600000,2179,936958.00000000,58988.74128000,0
2026-01-02 17:00:00,0.06276,0.06307,0.06267,0.0628,1005450.0,2026-01-02 17:59:59.999,63167.64937000,1102,648231.00000000,40717.40058000,0
2026-01-02 18:00:00,0.06282,0.06301,0.0626,0.0628,939072.0,2026-01-02 18:59:59.999,58932.94497000,1074,593457.00000000,37235.93725000,0
2026-01-02 19:00:00,0.06279,0.0629,0.06262,0.0629,637363.0,2026-01-02 19:59:59.999,39985.65814000,783,377613.00000000,23686.33106000,0
2026-01-02 20:00:00,0.06288,0.06305,0.06266,0.06285,413994.0,2026-01-02 20:59:59.999,26013.94002000,640,170795.00000000,10729.85691000,0
2026-01-02 21:00:00,0.06286,0.0632,0.06278,0.06316,600518.0,2026-01-02 21:59:59.999,37833.07109000,646,280849.00000000,17686.30207000,0
2026-01-02 22:00:00,0.06316,0.06339,0.06298,0.06319,439630.0,2026-01-02 22:59:59.999,27785.33225000,507,172373.00000000,10893.66315000,0
2026-01-02 23:00:00,0.06318,0.06342,0.06307,0.0632,543355.0,2026-01-02 23:59:59.999,34375.67583000,779,243167.00000000,15378.17406000,0
2026-01-03 00:00:00,0.0632,0.06356,0.06317,0.06354,476877.0,2026-01-03 00:59:59.999,30221.55945000,802,197503.00000000,12515.76530000,0
2026-01-03 01:00:00,0.06354,0.06366,0.06333,0.06352,939939.0,2026-01-03 01:59:59.999,59709.58208000,926,271262.00000000,17232.16213000,0
2026-01-03 02:00:00,0.06352,0.06365,0.06158,0.06189,4249206.0,2026-01-03 02:59:59.999,265952.72778000,3468,1332561.00000000,83157.27007000,0
2026-01-03 03:00:00,0.06189,0.06257,0.06183,0.06248,1126535.0,2026-01-03 03:59:59.999,70093.21047000,1160,564443.00000000,35081.05191000,0
2026-01-03 04:00:00,0.06248,0.06248,0.06197,0.06234,898794.0,2026-01-03 04:59:59.999,55883.68268000,1003,400718.00000000,24917.52545000,0
2026-01-03 05:00:00,0.06234,0.06234,0.06131,0.06152,1367932.0,2026-01-03 05:59:59.999,84560.27606000,1226,850558.00000000,52586.79542000,0
2026-01-03 06:00:00,0.06153,0.06185,0.0612,0.06123,1305411.0,2026-01-03 06:59:59.999,80349.58725000,1201,471446.00000000,29024.89477000,0
2026-01-03 07:00:00,0.06122,0.06138,0.06033,0.06062,2597510.0,2026-01-03 07:59:59.999,157797.30345000,2469,1568909.00000000,95317.09930000,0
2026-01-03 08:00:00,0.06063,0.0609,0.06047,0.06069,636634.0,2026-01-03 08:59:59.999,38636.62119000,928,387402.00000000,23500.91990000,0
2026-01-03 09:00:00,0.0607,0.06146,0.06039,0.06072,1969738.0,2026-01-03 09:59:59.999,119927.19376000,1541,1191863.00000000,72516.91982000,0
2026-01-03 10:00:00,0.06072,0.06103,0.06058,0.06087,450076.0,2026-01-03 10:59:59.999,27353.81969000,580,279230.00000000,16968.58222000,0
2026-01-03 11:00:00,0.06087,0.06092,0.05949,0.05959,2821785.0,2026-01-03 11:59:59.999,169388.75517000,2149,1957695.00000000,117628.03870000,0
2026-01-03 12:00:00,0.05955,0.06017,0.05942,0.06012,1464259.0,2026-01-03 12:59:59.999,87677.52955000,1665,857325.00000000,51282.38345000,0
2026-01-03 13:00:00,0.06011,0.06097,0.06008,0.06075,4089357.0,2026-01-03 13:59:59.999,247944.48086000,1905,2817388.00000000,170900.16845000,0
2026-01-03 14:00:00,0.06076,0.06102,0.06063,0.06069,726833.0,2026-01-03 14:59:59.999,44233.29981000,691,176151.00000000,10718.22424000,0
2026-01-03 15:00:00,0.06068,0.06095,0.06051,0.06082,393066.0,2026-01-03 15:59:59.999,23868.53946000,541,180673.00000000,10965.28346000,0
2026-01-03 16:00:00,0.06082,0.06142,0.06082,0.06123,874960.0,2026-01-03 16:59:59.999,53531.17145000,900,266503.00000000,16308.88390000,0
2026-01-03 17:00:00,0.06123,0.06126,0.06113,0.06126,296413.0,2026-01-03 17:59:59.999,18147.70318000,280,191711.00000000,11738.09576000,0
2026-01-03 18:00:00,0.06124,0.06176,0.06084,0.06171,2838033.0,2026-01-03 18:59:59.999,173740.17114000,2439,547437.00000000,33541.98198000,0
2026-01-03 19:00:00,0.06171,0.0621,0.0617,0.06202,910380.0,2026-01-03 19:59:59.999,56329.30312000,861,345371.00000000,21374.68926000,0
2026-01-03 20:00:00,0.06203,0.06212,0.06176,0.06208,424273.0,2026-01-03 20:59:59.999,26286.49381000,493,125796.00000000,7794.34056000,0
2026-01-03 21:00:00,0.06207,0.06221,0.06197,0.06209,486248.0,2026-01-03 21:59:59.999,30226.41836000,317,131788.00000000,8189.15490000,0
2026-01-03 22:00:00,0.06209,0.0625,0.06204,0.06215,462142.0,2026-01-03 22:59:59.999,28789.02102000,453,156254.00000000,9727.73227000,0
2026-01-03 23:00:00,0.06215,0.06229,0.06177,0.06206,711826.0,2026-01-03 23:59:59.999,44162.23683000,819,408027.00000000,25311.72805000,0
2026-01-04 00:00:00,0.06204,0.06355,0.06199,0.06339,2390288.0,2026-01-04 00:59:59.999,149971.05948000,2563,1211770.00000000,75995.84150000,0
2026-01-04 01:00:00,0.06339,0.06364,0.06266,0.06311,1655958.0,2026-01-04 01:59:59.999,104580.73132000,1894,687904.00000000,43411.96913000,0
2026-01-04 02:00:00,0.06311,0.06319,0.06288,0.06306,560877.0,2026-01-04 02:59:59.999,35358.43541000,954,182026.00000000,11473.78932000,0
2026-01-04 03:00:00,0.06307,0.06319,0.06264,0.06283,1163650.0,2026-01-04 03:59:59.999,73109.27327000,1175,610499.00000000,38328.23470000,0
2026-01-04 04:00:00,0.06283,0.06357,0.0628,0.06316,1130350.0,2026-01-04 04:59:59.999,71559.96146000,1027,435295.00000000,27552.61647000,0
2026-01-04 05:00:00,0.06317,0.06338,0.06312,0.06321,481042.0,2026-01-04 05:59:59.999,30425.99273000,494,180941.00000000,11440.31971000,0
2026-01-04 06:00:00,0.0632,0.0634,0.06285,0.0633,1180603.0,2026-01-04 06:59:59.999,74536.75861000,1072,854722.00000000,53940.01512000,0
2026-01-04 07:00:00,0.06331,0.0634,0.06285,0.0633,787047.0,2026-01-04 07:59:59.999,49662.42084000,716,455337.00000000,28699.85559000,0
2026-01-04 08:00:00,0.06331,0.06344,0.06304,0.06338,663095.0,2026-01-04 08:59:59.999,41940.98440000,779,302695.00000000,19143.37108000,0
2026-01-04 09:00:00,0.06339,0.06351,0.06316,0.06347,596201.0,2026-01-04 09:59:59.999,37780.67760000,622,262649.00000000,16643.33290000,0
2026-01-04 10:00:00,0.06348,0.06354,0.06299,0.06305,931461.0,2026-01-04 10:59:59.999,58915.84875000,738,671359.00000000,42448.24342000,0
2026-01-04 11:00:00,0.06305,0.06325,0.06261,0.06281,1793278.0,2026-01-04 11:59:59.999,112674.74217000,1543,747396.00000000,46966.80910000,0
2026-01-04 12:00:00,0.0628,0.06291,0.06201,0.06223,1584125.0,2026-01-04 12:59:59.999,99035.20562000,1108,885477.00000000,55300.63646000,0
2026-01-04 13:00:00,0.06222,0.0624,0.06177,0.06219,1241838.0,2026-01-04 13:59:59.999,77151.79584000,1113,444638.00000000,27618.54086000,0
2026-01-04 14:00:00,0.06219,0.06259,0.06205,0.06233,521017.0,2026-01-04 14:59:59.999,32465.69109000,551,291329.00000000,18147.09408000,0
2026-01-04 15:00:00,0.06233,0.0625,0.06218,0.06241,646609.0,2026-01-04 15:59:59.999,40315.15485000,600,424864.00000000,26491.75943000,0
2026-01-04 16:00:00,0.06241,0.06252,0.06224,0.06243,890927.0,2026-01-04 16:59:59.999,55569.55582000,613,225535.00000000,14079.31653000,0
2026-01-04 17:00:00,0.06243,0.06257,0.06201,0.06221,1314502.0,2026-01-04 17:59:59.999,81947.26775000,788,498832.00000000,31117.62435000,0
2026-01-04 18:00:00,0.06222,0.06224,0.0617,0.06203,943186.0,2026-01-04 18:59:59.999,58455.76347000,756,533561.00000000,33078.99408000,0
2026-01-04 19:00:00,0.06202,0.06202,0.06121,0.06184,1864263.0,2026-01-04 19:59:59.999,114720.30547000,1383,1066591.00000000,65624.32061000,0
2026-01-04 20:00:00,0.06184,0.06236,0.06169,0.06208,2327407.0,2026-01-04 20:59:59.999,144351.19033000,1241,1161353.00000000,72014.65085000,0
2026-01-04 21:00:00,0.06208,0.06225,0.06197,0.06215,838191.0,2026-01-04 21:59:59.999,52080.13890000,575,319409.00000000,19838.17815000,0
2026-01-04 22:00:00,0.06214,0.06233,0.06195,0.06211,359791.0,2026-01-04 22:59:59.999,22356.30061000,330,172425.00000000,10705.49054000,0
2026-01-04 23:00:00,0.06213,0.06238,0.06213,0.06234,541660.0,2026-01-04 23:59:59.999,33731.18177000,720,182776.00000000,11378.89798000,0
2026-01-05 00:00:00,0.06235,0.06258,0.06215,0.0625,1260256.0,2026-01-05 00:59:59.999,78620.68597000,836,614347.00000000,38345.40967000,0
2026-01-05 01:00:00,0.0625,0.06325,0.0625,0.06309,1250979.0,2026-01-05 01:59:59.999,78776.20394000,1198,502548.00000000,31627.25189000,0
2026-01-05 02:00:00,0.06309,0.06329,0.06295,0.06317,1047850.0,2026-01-05 02:59:59.999,66143.50445000,865,449830.00000000,28399.84408000,0
2026-01-05 03:00:00,0.06316,0.06325,0.06274,0.0628,559897.0,2026-01-05 03:59:59.999,35227.75211000,515,295283.00000000,18580.66211000,0
2026-01-05 04:00:00,0.0628,0.06287,0.06228,0.06273,691717.0,2026-01-05 04:59:59.999,43278.70112000,712,341350.00000000,21346.89661000,0
2026-01-05 05:00:00,0.06272,0.06284,0.0624,0.06243,598475.0,2026-01-05 05:59:59.999,37487.29949000,732,339701.00000000,21280.10649000,0
2026-01-05 06:00:00,0.06241,0.06258,0.06216,0.06254,513792.0,2026-01-05 06:59:59.999,32068.51825000,515,318208.00000000,19867.27700000,0
2026-01-05 07:00:00,0.06253,0.06286,0.06252,0.06275,556462.0,2026-01-05 07:59:59.999,34877.83515000,373,441610.00000000,27670.18744000,0
2026-01-05 08:00:00,0.06276,0.0631,0.06259,0.06275,1762421.0,2026-01-05 08:59:59.999,110863.82436000,857,639145.00000000,40173.56494000,0
2026-01-05 09:00:00,0.06276,0.06286,0.06241,0.0628,981300.0,2026-01-05 09:59:59.999,61596.34968000,564,591922.00000000,37164.50607000,0
2026-01-05 10:00:00,0.06281,0.06289,0.06261,0.06286,641433.0,2026-01-05 10:59:59.999,40283.96335000,509,322322.00000000,20245.77976000,0
2026-01-05 11:00:00,0.06285,0.06354,0.06271,0.0635,2168957.0,2026-01-05 11:59:59.999,136773.23900000,1026,1564302.00000000,98553.98584000,0
2026-01-05 12:00:00,0.06349,0.064,0.06315,0.06325,2157282.0,2026-01-05 12:59:59.999,137217.63703000,1266,1328945.00000000,84604.19709000,0
2026-01-05 13:00:00,0.06324,0.0633,0.06284,0.0633,1841509.0,2026-01-05 13:59:59.999,116113.26899000,1286,861876.00000000,54341.74125000,0
2026-01-05 14:00:00,0.0633,0.06349,0.06299,0.06321,1282027.0,2026-01-05 14:59:59.999,81020.71663000,1493,690391.00000000,43617.63616000,0
2026-01-05 15:00:00,0.06322,0.06368,0.06316,0.06331,1278120.0,2026-01-05 15:59:59.999,81037.54440000,1163,611870.00000000,38780.06684000,0
2026-01-05 16:00:00,0.06331,0.06397,0.06301,0.06373,3966415.0,2026-01-05 16:59:59.999,252273.87787000,2105,2567526.00000000,163360.94731000,0
2026-01-05 17:00:00,0.06371,0.06393,0.06323,0.06384,2052423.0,2026-01-05 17:59:59.999,130371.70512000,1178,1412155.00000000,89645.21376000,0
2026-01-05 18:00:00,0.06383,0.06423,0.06365,0.0642,1476622.0,2026-01-05 18:59:59.999,94412.92870000,1413,610208.00000000,39035.53282000,0
2026-01-05 19:00:00,0.0642,0.06447,0.06408,0.06423,1517098.0,2026-01-05 19:59:59.999,97438.27513000,971,600098.00000000,38548.84867000,0
2026-01-05 20:00:00,0.06423,0.06441,0.06398,0.06401,1205282.0,2026-01-05 20:59:59.999,77362.35446000,1095,880337.00000000,56493.83045000,0
2026-01-05 21:00:00,0.06399,0.0642,0.06386,0.0642,861990.0,2026-01-05 21:59:59.999,55166.04091000,616,604430.00000000,38682.55770000,0
2026-01-05 22:00:00,0.06421,0.0646,0.06402,0.0645,878041.0,2026-01-05 22:59:59.999,56515.36095000,624,455320.00000000,29289.41223000,0
2026-01-05 23:00:00,0.0645,0.0645,0.06417,0.06417,528017.0,2026-01-05 23:59:59.999,33967.93045000,676,283371.00000000,18225.25666000,0
2026-01-06 00:00:00,0.06418,0.0643,0.0636,0.06413,1198803.0,2026-01-06 00:59:59.999,76650.34261000,1004,873461.00000000,55821.73266000,0
2026-01-06 01:00:00,0.06413,0.06438,0.06356,0.06366,1330247.0,2026-01-06 01:59:59.999,84954.18568000,1220,873680.00000000,55760.77043000,0
2026-01-06 02:00:00,0.06365,0.06384,0.06342,0.0636,769278.0,2026-01-06 02:59:59.999,48911.17391000,704,578985.00000000,36812.82134000,0
2026-01-06 03:00:00,0.06359,0.06377,0.06331,0.0635,896755.0,2026-01-06 03:59:59.999,56984.50693000,753,595412.00000000,37819.37773000,0
2026-01-06 04:00:00,0.06351,0.06375,0.06344,0.06355,307440.0,2026-01-06 04:59:59.999,19553.07359000,381,200630.00000000,12759.86707000,0
2026-01-06 05:00:00,0.06354,0.06385,0.06341,0.06372,518489.0,2026-01-06 05:59:59.999,33033.03771000,685,293577.00000000,18695.35518000,0
2026-01-06 06:00:00,0.06373,0.06455,0.06342,0.06434,1601695.0,2026-01-06 06:59:59.999,102657.35217000,1496,545585.00000000,34901.88964000,0
2026-01-06 07:00:00,0.06434,0.06442,0.0632,0.06336,1964860.0,2026-01-06 07:59:59.999,125159.52259000,2143,1214861.00000000,77305.57726000,0
2026-01-06 08:00:00,0.06337,0.06361,0.06292,0.06331,2026638.0,2026-01-06 08:59:59.999,128058.34264000,2243,1164096.00000000,73578.12497000,0
2026-01-06 09:00:00,0.0633,0.06358,0.06327,0.06349,2292388.0,2026-01-06 09:59:59.999,145403.78058000,1461,1147427.00000000,72817.93095000,0
2026-01-06 10:00:00,0.0635,0.06373,0.06346,0.06368,603602.0,2026-01-06 10:59:59.999,38383.44880000,638,314572.00000000,19999.78506000,0
2026-01-06 11:00:00,0.06368,0.06418,0.06368,0.06394,1120021.0,2026-01-06 11:59:59.999,71593.61010000,1089,382167.00000000,24424.20772000,0
2026-01-06 12:00:00,0.06392,0.06409,0.06373,0.06395,718131.0,2026-01-06 12:59:59.999,45889.56762000,727,417385.00000000,26662.81318000,0
2026-01-06 13:00:00,0.06394,0.06397,0.06322,0.06341,1411272.0,2026-01-06 13:59:59.999,89703.72536000,1196,987451.00000000,62758.28205000,0
2026-01-06 14:00:00,0.0634,0.06419,0.06337,0.06374,1931067.0,2026-01-06 14:59:59.999,123427.27312000,2148,1045113.00000000,66777.12563000,0
2026-01-06 15:00:00,0.06376,0.06421,0.06325,0.06349,1458505.0,2026-01-06 15:59:59.999,92926.79889000,1790,854943.00000000,54487.30303000,0
2026-01-06 16:00:00,0.06349,0.06361,0.06279,0.06331,2048648.0,2026-01-06 16:59:59.999,129196.35666000,2787,1075018.00000000,67791.57152000,0
2026-01-06 17:00:00,0.06331,0.06357,0.06257,0.06281,1769768.0,2026-01-06 17:59:59.999,111420.22681000,2374,897846.00000000,56491.73448000,0
2026-01-06 18:00:00,0.06281,0.06337,0.06273,0.06321,736737.0,2026-01-06 18:59:59.999,46490.09066000,1009,251435.00000000,15851.23258000,0
2026-01-06 19:00:00,0.06323,0.06343,0.06298,0.06301,606805.0,2026-01-06 19:59:59.999,38336.07190000,840,309355.00000000,19540.17699000,0
2026-01-06 20:00:00,0.06301,0.06346,0.063,0.06339,432359.0,2026-01-06 20:59:59.999,27369.18456000,609,185922.00000000,11771.93883000,0
2026-01-06 21:00:00,0.06338,0.06393,0.06327,0.06372,1073479.0,2026-01-06 21:59:59.999,68397.30303000,1177,564084.00000000,35943.70545000,0
2026-01-06 22:00:00,0.06373,0.064,0.06364,0.06391,686308.0,2026-01-06 22:59:59.999,43793.20059000,571,313265.00000000,19984.14230000,0
2026-01-06 23:00:00,0.06392,0.06415,0.06388,0.06412,536569.0,2026-01-06 23:59:59.999,34356.01534000,574,192952.00000000,12351.90891000,0
2026-01-07 00:00:00,0.06411,0.06413,0.06356,0.06356,633483.0,2026-01-07 00:59:59.999,40433.19698000,640,187892.00000000,11991.49819000,0
2026-01-07 01:00:00,0.06359,0.06372,0.0634,0.06345,516191.0,2026-01-07 01:59:59.999,32810.59950000,536,318425.00000000,20242.56517000,0
2026-01-07 02:00:00,0.06345,0.06407,0.06345,0.06399,543008.0,2026-01-07 02:59:59.999,34612.07889000,514,195603.00000000,12450.93041000,0
2026-01-07 03:00:00,0.06401,0.06405,0.06369,0.06373,288359.0,2026-01-07 03:59:59.999,18410.34237000,333,125676.00000000,8019.27502000,0
2026-01-07 04:00:00,0.06374,0.06387,0.06364,0.06372,236978.0,2026-01-07 04:59:59.999,15101.44871000,273,145438.00000000,9265.41404000,0
2026-01-07 05:00:00,0.06372,0.06376,0.06295,0.06303,2833543.0,2026-01-07 05:59:59.999,179670.19723000,1425,943028.00000000,59742.18076000,0
2026-01-07 06:00:00,0.06304,0.06329,0.063,0.06308,378445.0,2026-01-07 06:59:59.999,23903.44316000,284,263511.00000000,16641.62527000,0
2026-01-07 07:00:00,0.06307,0.06352,0.06305,0.06348,389070.0,2026-01-07 07:59:59.999,24615.36433000,345,309949.00000000,19604.22853000,0
2026-01-07 08:00:00,0.06349,0.06363,0.06339,0.06353,433350.0,2026-01-07 08:59:59.999,27527.10519000,422,201996.00000000,12824.11003000,0
2026-01-07 09:00:00,0.06352,0.06356,0.06274,0.06295,1056952.0,2026-01-07 09:59:59.999,66535.60266000,1315,474347.00000000,29859.30585000,0
2026-01-07 10:00:00,0.06295,0.06305,0.06285,0.06299,638954.0,2026-01-07 10:59:59.999,40246.73599000,927,94615.00000000,5961.37611000,0
2026-01-07 11:00:00,0.06298,0.06314,0.0629,0.06307,237186.0,2026-01-07 11:59:59.999,14943.03366000,445,112776.00000000,7106.43292000,0
2026-01-07 12:00:00,0.06306,0.06312,0.06261,0.06263,701897.0,2026-01-07 12:59:59.999,44126.04892000,698,368696.00000000,23175.89772000,0
2026-01-07 13:00:00,0.06262,0.06286,0.06251,0.0626,547027.0,2026-01-07 13:59:59.999,34261.18063000,808,260551.00000000,16317.06928000,0
2026-01-07 14:00:00,0.0626,0.06264,0.06177,0.06239,857138.0,2026-01-07 14:59:59.999,53303.40797000,1445,395409.00000000,24583.51681000,0
2026-01-07 15:00:00,0.0624,0.06245,0.06173,0.06192,958875.0,2026-01-07 15:59:59.999,59388.77172000,1352,354648.00000000,21970.28133000,0
2026-01-07 16:00:00,0.0619,0.06233,0.06175,0.06182,1096989.0,2026-01-07 16:59:59.999,68066.28541000,913,651759.00000000,40440.44548000,0
2026-01-07 17:00:00,0.06182,0.06213,0.06172,0.06189,295147.0,2026-01-07 17:59:59.999,18284.91490000,529,156022.00000000,9663.26947000,0
2026-01-07 18:00:00,0.06189,0.06218,0.06173,0.06185,529843.0,2026-01-07 18:59:59.999,32810.30216000,611,198189.00000000,12270.67502000,0
2026-01-07 19:00:00,0.06186,0.06188,0.06135,0.06154,720247.0,2026-01-07 19:59:59.999,44291.07528000,731,341929.00000000,21020.18251000,0
2026-01-07 20:00:00,0.06153,0.06157,0.06101,0.06101,565528.0,2026-01-07 20:59:59.999,34631.02021000,645,386967.00000000,23699.21875000,0
2026-01-07 21:00:00,0.06101,0.06111,0.0608,0.06102,335281.0,2026-01-07 21:59:59.999,20446.30737000,415,227089.00000000,13847.34875000,0
2026-01-07 22:00:00,0.061,0.06148,0.06081,0.06127,1066976.0,2026-01-07 22:59:59.999,65399.42200000,491,399527.00000000,24458.31086000,0
2026-01-07 23:00:00,0.06127,0.06165,0.06111,0.06149,516459.0,2026-01-07 23:59:59.999,31743.31720000,652,171238.00000000,10518.60204000,0
2026-01-08 00:00:00,0.0615,0.06171,0.06119,0.0617,453974.0,2026-01-08 00:59:59.999,27896.69719000,420,204492.00000000,12543.10637000,0
2026-01-08 01:00:00,0.06171,0.06223,0.0617,0.06199,986412.0,2026-01-08 01:59:59.999,61090.11493000,972,308196.00000000,19094.36386000,0
2026-01-08 02:00:00,0.06198,0.06221,0.06178,0.0619,787131.0,2026-01-08 02:59:59.999,48822.53530000,1047,200291.00000000,12422.00359000,0
2026-01-08 03:00:00,0.06189,0.06195,0.06139,0.06147,557110.0,2026-01-08 03:59:59.999,34342.41269000,666,350600.00000000,21601.49724000,0
2026-01-08 04:00:00,0.06145,0.06192,0.06142,0.06175,308049.0,2026-01-08 04:59:59.999,19007.05259000,360,182430.00000000,11249.65946000,0
2026-01-08 05:00:00,0.06176,0.06191,0.06159,0.06165,252327.0,2026-01-08 05:59:59.999,15567.13841000,311,159378.00000000,9832.21429000,0
2026-01-08 06:00:00,0.06166,0.06173,0.06097,0.06098,882836.0,2026-01-08 06:59:59.999,54123.61732000,1150,560120.00000000,34341.70060000,0
2026-01-08 07:00:00,0.06097,0.06145,0.06073,0.06127,863510.0,2026-01-08 07:59:59.999,52803.39496000,1078,439688.00000000,26900.24089000,0
2026-01-08 08:00:00,0.06127,0.06143,0.06096,0.06099,587055.0,2026-01-08 08:59:59.999,35930.32910000,519,367922.00000000,22511.61646000,0
2026-01-08 09:00:00,0.061,0.06119,0.06067,0.06074,742211.0,2026-01-08 09:59:59.999,45177.10431000,706,550074.00000000,33471.18757000,0
2026-01-08 10:00:00,0.06072,0.06099,0.0604,0.06093,1469864.0,2026-01-08 10:59:59.999,89082.08728000,929,903828.00000000,54755.71318000,0
2026-01-08 11:00:00,0.06093,0.06096,0.06043,0.06056,957503.0,2026-01-08 11:59:59.999,58019.36219000,1062,326915.00000000,19806.33372000,0
2026-01-08 12:00:00,0.06056,0.06061,0.05869,0.05874,3454780.0,2026-01-08 12:59:59.999,205725.74605000,2283,1851591.00000000,110336.87358000,0
2026-01-08 13:00:00,0.05873,0.05892,0.05812,0.05826,1694977.0,2026-01-08 13:59:59.999,99206.16113000,1398,1044953.00000000,61127.61422000,0
2026-01-08 14:00:00,0.05826,0.05878,0.058,0.05869,1379723.0,2026-01-08 14:59:59.999,80614.94414000,1931,688717.00000000,40217.72749000,0
2026-01-08 15:00:00,0.05868,0.05915,0.05849,0.05908,1197092.0,2026-01-08 15:59:59.999,70375.69968000,1692,662671.00000000,38947.10961000,0
2026-01-08 16:00:00,0.05908,0.05908,0.05765,0.05783,3683005.0,2026-01-08 16:59:59.999,214003.30523000,2602,2272451.00000000,131997.98959000,0
2026-01-08 17:00:00,0.05783,0.05812,0.05679,0.05731,3370141.0,2026-01-08 17:59:59.999,193198.10927000,2672,1678859.00000000,96211.00829000,0
2026-01-08 18:00:00,0.05732,0.0579,0.05656,0.05686,3820909.0,2026-01-08 18:59:59.999,218505.36066000,3419,1978104.00000000,113105.09248000,0
2026-01-08 19:00:00,0.05687,0.05693,0.05647,0.05664,1157722.0,2026-01-08 19:59:59.999,65656.20643000,1241,619972.00000000,35154.51633000,0
2026-01-08 20:00:00,0.05665,0.05715,0.05628,0.05705,1289310.0,2026-01-08 20:59:59.999,73102.81620000,1286,557079.00000000,31571.74323000,0
2026-01-08 21:00:00,0.05704,0.05728,0.05684,0.05717,1127884.0,2026-01-08 21:59:59.999,64357.91938000,1014,620574.00000000,35398.09671000,0
2026-01-08 22:00:00,0.05719,0.0577,0.05701,0.05715,1021648.0,2026-01-08 22:59:59.999,58604.95405000,780,525375.00000000,30132.35610000,0
2026-01-08 23:00:00,0.05715,0.05729,0.057,0.05714,534210.0,2026-01-08 23:59:59.999,30534.33041000,600,365752.00000000,20902.13925000,0
2026-01-09 00:00:00,0.05713,0.05844,0.05701,0.05825,3222388.0,2026-01-09 00:59:59.999,186616.22556000,2635,1519372.00000000,87855.10403000,0
2026-01-09 01:00:00,0.05825,0.0586,0.0575,0.0576,1792405.0,2026-01-09 01:59:59.999,103998.68099000,1930,788179.00000000,45662.50976000,0
2026-01-09 02:00:00,0.05759,0.05854,0.05754,0.05799,1345725.0,2026-01-09 02:59:59.999,78405.95892000,1213,495617.00000000,28830.41974000,0
2026-01-09 03:00:00,0.05797,0.05832,0.05784,0.05831,614129.0,2026-01-09 03:59:59.999,35669.03635000,782,368290.00000000,21390.88267000,0
2026-01-09 04:00:00,0.05831,0.05889,0.05824,0.05835,3304242.0,2026-01-09 04:59:59.999,193486.94454000,3268,1058749.00000000,62001.54991000,0
2026-01-09 05:00:00,0.05837,0.05867,0.05833,0.0586,575207.0,2026-01-09 05:59:59.999,33649.53445000,819,338386.00000000,19798.33350000,0
2026-01-09 06:00:00,0.05859,0.05891,0.05852,0.05885,705235.0,2026-01-09 06:59:59.999,41432.21989000,747,398378.00000000,23396.05320000,0
2026-01-09 07:00:00,0.05885,0.05895,0.05865,0.05868,695516.0,2026-01-09 07:59:59.999,40880.29693000,469,237436.00000000,13953.66107000,0
2026-01-09 08:00:00,0.05868,0.05876,0.0573,0.05757,1485218.0,2026-01-09 08:59:59.999,86148.57813000,1618,650593.00000000,37778.26045000,0
2026-01-09 09:00:00,0.05756,0.05791,0.05714,0.05714,1022766.0,2026-01-09 09:59:59.999,58857.05438000,1041,638365.00000000,36723.71948000,0
2026-01-09 10:00:00,0.05713,0.05753,0.05689,0.05722,536337.0,2026-01-09 10:59:59.999,30624.98892000,699,360056.00000000,20548.10494000,0
2026-01-09 11:00:00,0.05723,0.05773,0.05701,0.05714,1445573.0,2026-01-09 11:59:59.999,82886.69902000,1244,492864.00000000,28233.64486000,0
2026-01-09 12:00:00,0.05713,0.05727,0.05685,0.0569,856925.0,2026-01-09 12:59:59.999,48833.56778000,684,623180.00000000,35503.39669000,0
2026-01-09 13:00:00,0.05689,0.05741,0.05676,0.0569,1237136.0,2026-01-09 13:59:59.999,70527.73113000,1443,730210.00000000,41615.87758000,0
2026-01-09 14:00:00,0.0569,0.05707,0.05633,0.05665,1920011.0,2026-01-09 14:59:59.999,108827.30186000,2400,1036131.00000000,58694.11486000,0
2026-01-09 15:00:00,0.05666,0.0579,0.05647,0.05658,2536238.0,2026-01-09 15:59:59.999,144843.98006000,3036,1525416.00000000,87082.68612000,0
2026-01-09 16:00:00,0.05659,0.05768,0.0559,0.05655,4877142.0,2026-01-09 16:59:59.999,276644.04471000,4977,2984125.00000000,169017.96260000,0
2026-01-09 17:00:00,0.05654,0.05672,0.05612,0.05658,2034873.0,2026-01-09 17:59:59.999,114842.15941000,2394,1064276.00000000,60059.75487000,0
2026-01-09 18:00:00,0.05659,0.05683,0.05588,0.05626,963323.0,2026-01-09 18:59:59.999,54208.43799000,1774,500265.00000000,28170.58128000,0
2026-01-09 19:00:00,0.05627,0.05627,0.0558,0.05584,572214.0,2026-01-09 19:59:59.999,32028.53214000,1050,324648.00000000,18169.62425000,0
2026-01-09 20:00:00,0.05583,0.05606,0.05581,0.05589,295408.0,2026-01-09 20:59:59.999,16518.86893000,616,139546.00000000,7800.95595000,0
2026-01-09 21:00:00,0.05588,0.05605,0.05541,0.05556,1119230.0,2026-01-09 21:59:59.999,62326.84803000,1214,641536.00000000,35724.69869000,0
2026-01-09 22:00:00,0.05557,0.05573,0.0554,0.05568,346739.0,2026-01-09 22:59:59.999,19263.09116000,473,219977.00000000,12220.64012000,0
2026-01-09 23:00:00,0.0557,0.05582,0.05551,0.05573,286785.0,2026-01-09 23:59:59.999,15958.31398000,413,132458.00000000,7369.55940000,0
2026-01-10 00:00:00,0.05573,0.05573,0.05507,0.05566,1055689.0,2026-01-10 00:59:59.999,58428.59480000,1104,550499.00000000,30461.17083000,0
2026-01-10 01:00:00,0.05566,0.05566,0.05535,0.05554,621432.0,2026-01-10 01:59:59.999,34497.88214000,756,230009.00000000,12765.83047000,0
2026-01-10 02:00:00,0.05557,0.05573,0.05549,0.05561,302354.0,2026-01-10 02:59:59.999,16807.61595000,379,243581.00000000,13538.87180000,0
2026-01-10 03:00:00,0.05562,0.05563,0.05527,0.05537,751729.0,2026-01-10 03:59:59.999,41684.22853000,730,432403.00000000,23978.06714000,0
2026-01-10 04:00:00,0.05536,0.05551,0.05509,0.05529,839518.0,2026-01-10 04:59:59.999,46383.17487000,1040,487556.00000000,26932.30613000,0
2026-01-10 05:00:00,0.0553,0.05592,0.0551,0.05575,1931048.0,2026-01-10 05:59:59.999,107463.19032000,1154,801623.00000000,44511.54667000,0
2026-01-10 06:00:00,0.05575,0.05593,0.05546,0.0556,662811.0,2026-01-10 06:59:59.999,36929.23871000,950,307391.00000000,17128.71321000,0
2026-01-10 07:00:00,0.05561,0.05631,0.05547,0.05625,1070304.0,2026-01-10 07:59:59.999,59834.84293000,960,572471.00000000,31983.22912000,0
2026-01-10 08:00:00,0.05625,0.05708,0.05583,0.05706,1943801.0,2026-01-10 08:59:59.999,109723.18304000,1725,912538.00000000,51568.72389000,0
2026-01-10 09:00:00,0.05703,0.05754,0.05702,0.05739,1362329.0,2026-01-10 09:59:59.999,78049.03244000,1557,741452.00000000,42461.09855000,0
2026-01-10 10:00:00,0.0574,0.0578,0.05726,0.05768,803062.0,2026-01-10 10:59:59.999,46158.01689000,903,316721.00000000,18185.20522000,0
2026-01-10 11:00:00,0.05769,0.05823,0.05769,0.05821,1435577.0,2026-01-10 11:59:59.999,83229.25384000,1321,717242.00000000,41580.78319000,0
2026-01-10 12:00:00,0.05822,0.05858,0.05808,0.05832,1400500.0,2026-01-10 12:59:59.999,81717.86042000,1482,668991.00000000,39027.39660000,0
2026-01-10 13:00:00,0.05829,0.05851,0.05801,0.05801,549361.0,2026-01-10 13:59:59.999,31985.62798000,867,272858.00000000,15883.44955000,0
2026-01-10 14:00:00,0.05801,0.05857,0.05786,0.05811,1147625.0,2026-01-10 14:59:59.999,66759.08369000,1282,535729.00000000,31140.33256000,0
2026-01-10 15:00:00,0.0581,0.05865,0.05799,0.05839,807218.0,2026-01-10 15:59:59.999,47122.01088000,904,457888.00000000,26722.21378000,0
2026-01-10 16:00:00,0.05838,0.05874,0.05804,0.05813,1473584.0,2026-01-10 16:59:59.999,86120.31197000,1303,488377.00000000,28528.52336000,0
2026-01-10 17:00:00,0.05814,0.05829,0.05787,0.05794,1023049.0,2026-01-10 17:59:59.999,59440.25858000,871,630092.00000000,36599.74355000,0
2026-01-10 18:00:00,0.05795,0.05839,0.05795,0.05829,397647.0,2026-01-10 18:59:59.999,23127.35771000,540,231334.00000000,13453.92123000,0
2026-01-10 19:00:00,0.05828,0.05866,0.05821,0.05864,360357.0,2026-01-10 19:59:59.999,21084.33658000,395,140970.00000000,8249.65854000,0
2026-01-10 20:00:00,0.05865,0.05903,0.05864,0.05873,1059356.0,2026-01-10 20:59:59.999,62311.80742000,1153,561037.00000000,33005.83628000,0
2026-01-10 21:00:00,0.05873,0.05883,0.05852,0.05855,462514.0,2026-01-10 21:59:59.999,27130.53411000,716,270365.00000000,15857.46444000,0
2026-01-10 22:00:00,0.05853,0.05864,0.05843,0.05844,494013.0,2026-01-10 22:59:59.999,28922.76774000,445,368660.00000000,21583.46695000,0
2026-01-10 23:00:00,0.05842,0.05883,0.05841,0.05882,217739.0,2026-01-10 23:59:59.999,12769.44824000,308,116740.00000000,6843.39705000,0
2026-01-11 00:00:00,0.05882,0.05926,0.05868,0.05926,1189082.0,2026-01-11 00:59:59.999,70147.94036000,907,540847.00000000,31910.81599000,0
2026-01-11 01:00:00,0.05927,0.05967,0.05908,0.05952,1592803.0,2026-01-11 01:59:59.999,94631.17654000,1608,630990.00000000,37472.06496000,0
2026-01-11 02:00:00,0.05952,0.06,0.05903,0.05916,2893165.0,2026-01-11 02:59:59.999,172103.28833000,3046,1402593.00000000,83358.49403000,0
2026-01-11 03:00:00,0.05915,0.05951,0.05899,0.05939,1011940.0,2026-01-11 03:59:59.999,59923.21264000,1141,529261.00000000,31334.41390000,0
2026-01-11 04:00:00,0.05939,0.0596,0.05924,0.05924,913196.0,2026-01-11 04:59:59.999,54281.90981000,854,388149.00000000,23079.51134000,0
2026-01-11 05:00:00,0.05925,0.05934,0.05905,0.05927,479258.0,2026-01-11 05:59:59.999,28380.06879000,522,279045.00000000,16526.77471000,0
2026-01-11 06:00:00,0.05927,0.05948,0.05914,0.05922,497691.0,2026-01-11 06:59:59.999,29501.46207000,594,269147.00000000,15948.93368000,0
2026-01-11 07:00:00,0.05921,0.05934,0.05906,0.0593,347087.0,2026-01-11 07:59:59.999,20541.98879000,476,179450.00000000,10621.83272000,0
2026-01-11 08:00:00,0.0593,0.0593,0.05904,0.05921,825558.0,2026-01-11 08:59:59.999,48833.47908000,780,414198.00000000,24497.83444000,0
2026-01-11 09:00:00,0.0592,0.05977,0.05861,0.05888,1922165.0,2026-01-11 09:59:59.999,113630.93169000,1494,1050653.00000000,62039.28430000,0
2026-01-11 10:00:00,0.05889,0.05922,0.05873,0.05915,552326.0,2026-01-11 10:59:59.999,32591.95547000,674,226359.00000000,13362.17147000,0
2026-01-11 11:00:00,0.05914,0.05924,0.05907,0.05913,281251.0,2026-01-11 11:59:59.999,16637.60945000,400,142338.00000000,8420.52369000,0
2026-01-11 12:00:00,0.05914,0.05921,0.05784,0.0584,5678194.0,2026-01-11 12:59:59.999,332116.33439000,2553,2517777.00000000,147220.04514000,0
2026-01-11 13:00:00,0.05839,0.05842,0.05816,0.05838,535002.0,2026-01-11 13:59:59.999,31175.11775000,525,233436.00000000,13606.92230000,0
2026-01-11 14:00:00,0.05839,0.0584,0.0578,0.05822,1085340.0,2026-01-11 14:59:59.999,63013.35559000,881,683445.00000000,39675.14998000,0
2026-01-11 15:00:00,0.05824,0.0583,0.05783,0.05806,857350.0,2026-01-11 15:59:59.999,49770.66606000,869,478930.00000000,27799.64229000,0
2026-01-11 16:00:00,0.05807,0.0587,0.05804,0.05844,912896.0,2026-01-11 16:59:59.999,53273.20708000,779,490849.00000000,28650.72241000,0
2026-01-11 17:00:00,0.05844,0.05854,0.0582,0.05849,295701.0,2026-01-11 17:59:59.999,17256.95230000,314,156961.00000000,9161.49778000,0
2026-01-11 18:00:00,0.05851,0.05882,0.05843,0.05879,310363.0,2026-01-11 18:59:59.999,18183.79271000,359,176111.00000000,10312.11003000,0
2026-01-11 19:00:00,0.0588,0.05884,0.05854,0.05855,358848.0,2026-01-11 19:59:59.999,21061.22063000,381,156922.00000000,9209.74662000,0
2026-01-11 20:00:00,0.05854,0.05854,0.05819,0.05847,783698.0,2026-01-11 20:59:59.999,45759.46685000,870,459791.00000000,26850.27235000,0
2026-01-11 21:00:00,0.05847,0.05893,0.05826,0.05886,568347.0,2026-01-11 21:59:59.999,33307.24794000,495,302191.00000000,17703.04151000,0
2026-01-11 22:00:00,0.05886,0.05894,0.05853,0.05876,580797.0,2026-01-11 22:59:59.999,34131.46286000,430,118457.00000000,6954.31928000,0
2026-01-11 23:00:00,0.05876,0.059,0.0582,0.059,975903.0,2026-01-11 23:59:59.999,57175.85505000,1176,387846.00000000,22722.37514000,0
2026-01-12 00:00:00,0.059,0.05925,0.05879,0.05924,1072697.0,2026-01-12 00:59:59.999,63306.80989000,1067,347598.00000000,20508.00139000,0
2026-01-12 01:00:00,0.05925,0.05951,0.059,0.05932,939669.0,2026-01-12 01:59:59.999,55713.71068000,1179,500880.00000000,29691.56438000,0
2026-01-12 02:00:00,0.05933,0.05992,0.0593,0.05989,1295524.0,2026-01-12 02:59:59.999,77271.01399000,1142,432573.00000000,25821.08640000,0
2026-01-12 03:00:00,0.0599,0.05996,0.05894,0.05917,2220105.0,2026-01-12 03:59:59.999,131907.58743000,2110,936939.00000000,55651.20718000,0
2026-01-12 04:00:00,0.05918,0.05973,0.05909,0.05967,731109.0,2026-01-12 04:59:59.999,43449.30214000,713,393546.00000000,23359.64228000,0
2026-01-12 05:00:00,0.05967,0.05967,0.05908,0.05937,1464803.0,2026-01-12 05:59:59.999,86987.92415000,1332,539096.00000000,32007.20184000,0
2026-01-12 06:00:00,0.05935,0.05956,0.05919,0.05929,736665.0,2026-01-12 06:59:59.999,43729.93644000,550,394109.00000000,23393.13777000,0
2026-01-12 07:00:00,0.0593,0.05972,0.0593,0.05951,1759869.0,2026-01-12 07:59:59.999,104619.62658000,785,1346889.00000000,80029.89369000,0
2026-01-12 08:00:00,0.05951,0.05979,0.05896,0.05928,1505715.0,2026-01-12 08:59:59.999,89350.16133000,1222,659068.00000000,39077.01564000,0
2026-01-12 09:00:00,0.05927,0.05947,0.058,0.05827,2878817.0,2026-01-12 09:59:59.999,168851.92247000,2118,1851705.00000000,108608.88573000,0
2026-01-12 10:00:00,0.05827,0.05831,0.05777,0.05787,1018599.0,2026-01-12 10:59:59.999,59105.63235000,1046,668129.00000000,38766.40082000,0
2026-01-12 11:00:00,0.05788,0.05813,0.0578,0.05807,398991.0,2026-01-12 11:59:59.999,23134.52283000,491,240817.00000000,13965.80997000,0
2026-01-12 12:00:00,0.05807,0.05809,0.05712,0.05718,2808363.0,2026-01-12 12:59:59.999,161624.08221000,1652,1848657.00000000,106348.27177000,0
2026-01-12 13:00:00,0.05716,0.05722,0.05625,0.05629,1932393.0,2026-01-12 13:59:59.999,109522.88662000,1357,1513955.00000000,85790.74290000,0
2026-01-12 14:00:00,0.05629,0.0569,0.05629,0.05663,1501546.0,2026-01-12 14:59:59.999,84922.79945000,1651,847877.00000000,47942.43063000,0
2026-01-12 15:00:00,0.05664,0.05686,0.05484,0.05574,7998251.0,2026-01-12 15:59:59.999,444409.70952000,4289,4227221.00000000,235004.06324000,0
2026-01-12 16:00:00,0.05572,0.05604,0.05556,0.0559,1479169.0,2026-01-12 16:59:59.999,82614.41332000,1583,835753.00000000,46682.60094000,0
2026-01-12 17:00:00,0.0559,0.05614,0.055,0.05543,2636258.0,2026-01-12 17:59:59.999,146351.12132000,1974,1313698.00000000,72918.25878000,0
2026-01-12 18:00:00,0.05543,0.05563,0.05505,0.05534,1462949.0,2026-01-12 18:59:59.999,80962.38608000,1180,713818.00000000,39468.61799000,0
2026-01-12 19:00:00,0.05533,0.05578,0.05526,0.05573,524125.0,2026-01-12 19:59:59.999,29134.23839000,564,309360.00000000,17191.66855000,0
2026-01-12 20:00:00,0.05572,0.056,0.05492,0.05519,1202436.0,2026-01-12 20:59:59.999,66497.67276000,1073,738767.00000000,40863.03067000,0
2026-01-12 21:00:00,0.05517,0.05527,0.05486,0.0552,1521008.0,2026-01-12 21:59:59.999,83737.00373000,1151,913006.00000000,50260.44792000,0
2026-01-12 22:00:00,0.05521,0.05554,0.05494,0.05538,2227504.0,2026-01-12 22:59:59.999,122859.01825000,997,638015.00000000,35188.49343000,0
2026-01-12 23:00:00,0.05538,0.05589,0.05537,0.05586,1211955.0,2026-01-12 23:59:59.999,67417.74027000,1090,505104.00000000,28094.34770000,0
2026-01-13 00:00:00,0.05583,0.05659,0.05574,0.05631,1136339.0,2026-01-13 00:59:59.999,63932.53960000,1001,611282.00000000,34389.64064000,0
2026-01-13 01:00:00,0.05633,0.05635,0.05605,0.0563,258789.0,2026-01-13 01:59:59.999,14543.78780000,311,172168.00000000,9674.46100000,0
2026-01-13 02:00:00,0.05631,0.05648,0.05628,0.05639,426230.0,2026-01-13 02:59:59.999,24035.95697000,406,126162.00000000,7113.12957000,0
2026-01-13 03:00:00,0.0564,0.05682,0.05637,0.0567,776398.0,2026-01-13 03:59:59.999,43965.24329000,639,192525.00000000,10900.33779000,0
2026-01-13 04:00:00,0.05669,0.05727,0.05669,0.05721,1043574.0,2026-01-13 04:59:59.999,59575.24267000,710,595794.00000000,34031.52066000,0
2026-01-13 05:00:00,0.05723,0.05776,0.05723,0.0576,689603.0,2026-01-13 05:59:59.999,39670.25567000,716,269322.00000000,15493.85009000,0
2026-01-13 06:00:00,0.05761,0.05797,0.05749,0.05787,1460472.0,2026-01-13 06:59:59.999,84289.61176000,1081,597319.00000000,34511.24641000,0
2026-01-13 07:00:00,0.05787,0.058,0.05761,0.05778,1066910.0,2026-01-13 07:59:59.999,61707.15424000,488,326432.00000000,18869.58683000,0
2026-01-13 08:00:00,0.05778,0.05835,0.05778,0.0583,635934.0,2026-01-13 08:59:59.999,36913.92591000,498,190649.00000000,11065.06751000,0
2026-01-13 09:00:00,0.0583,0.05858,0.05828,0.05843,842304.0,2026-01-13 09:59:59.999,49197.77352000,730,283987.00000000,16590.06160000,0
2026-01-13 10:00:00,0.05845,0.05873,0.05824,0.05827,1218032.0,2026-01-13 10:59:59.999,71198.92510000,1105,329255.00000000,19241.92161000,0
2026-01-13 11:00:00,0.05828,0.05855,0.05823,0.05854,294041.0,2026-01-13 11:59:59.999,17175.67385000,360,125544.00000000,7334.66761000,0
2026-01-13 12:00:00,0.05853,0.05875,0.05837,0.05873,250088.0,2026-01-13 12:59:59.999,14650.46848000,264,100589.00000000,5886.70106000,0
2026-01-13 13:00:00,0.05873,0.05944,0.05867,0.05942,1936729.0,2026-01-13 13:59:59.999,114483.30482000,1590,739345.00000000,43664.97975000,0
2026-01-13 14:00:00,0.05942,0.06005,0.05928,0.05957,2437200.0,2026-01-13 14:59:59.999,145432.80950000,2075,670285.00000000,39991.28901000,0
2026-01-13 15:00:00,0.05955,0.0597,0.05924,0.0596,1409306.0,2026-01-13 15:59:59.999,83821.57493000,1469,500499.00000000,29768.85614000,0
2026-01-13 16:00:00,0.05963,0.05973,0.0584,0.05926,4236383.0,2026-01-13 16:59:59.999,250393.83351000,3236,2495175.00000000,147468.66994000,0
2026-01-13 17:00:00,0.05926,0.05937,0.0589,0.05927,725421.0,2026-01-13 17:59:59.999,42906.81952000,1110,237768.00000000,14065.93072000,0
2026-01-13 18:00:00,0.05926,0.05955,0.05921,0.05947,302058.0,2026-01-13 18:59:59.999,17927.99247000,678,152697.00000000,9060.96689000,0
2026-01-13 19:00:00,0.05947,0.05974,0.05937,0.05963,597336.0,2026-01-13 19:59:59.999,35568.97634000,731,357672.00000000,21291.27012000,0
2026-01-13 20:00:00,0.05964,0.05992,0.05959,0.05986,860693.0,2026-01-13 20:59:59.999,51442.05139000,1014,579000.00000000,34613.45289000,0
2026-01-13 21:00:00,0.05985,0.06027,0.0598,0.06015,693806.0,2026-01-13 21:59:59.999,41641.30624000,1066,442576.00000000,26578.02350000,0
2026-01-13 22:00:00,0.06013,0.06124,0.06011,0.06083,1669239.0,2026-01-13 22:59:59.999,101548.79906000,1508,833863.00000000,50759.01889000,0
2026-01-13 23:00:00,0.06083,0.06097,0.05908,0.05921,2812690.0,2026-01-13 23:59:59.999,168458.93759000,1796,1678641.00000000,100468.82530000,0
2026-01-14 00:00:00,0.0592,0.05972,0.05916,0.05938,1081216.0,2026-01-14 00:59:59.999,64210.18624000,1303,574994.00000000,34150.97920000,0
2026-01-14 01:00:00,0.05941,0.05957,0.05926,0.05953,559560.0,2026-01-14 01:59:59.999,33240.99062000,801,325806.00000000,19349.78950000,0
2026-01-14 02:00:00,0.05952,0.05975,0.05902,0.05924,1223214.0,2026-01-14 02:59:59.999,72569.83282000,1059,645967.00000000,38306.98519000,0
2026-01-14 03:00:00,0.05924,0.05966,0.05922,0.05953,406318.0,2026-01-14 03:59:59.999,24127.87525000,464,183657.00000000,10910.79891000,0
2026-01-14 04:00:00,0.05952,0.05963,0.05922,0.05941,548868.0,2026-01-14 04:59:59.999,32603.70190000,542,366556.00000000,21779.17744000,0
2026-01-14 05:00:00,0.0594,0.05953,0.05924,0.05928,396261.0,2026-01-14 05:59:59.999,23519.09799000,489,220150.00000000,13065.26433000,0
2026-01-14 06:00:00,0.05927,0.05939,0.05913,0.05934,451746.0,2026-01-14 06:59:59.999,26762.15823000,690,241062.00000000,14280.39214000,0
2026-01-14 07:00:00,0.05935,0.0594,0.0591,0.0592,416176.0,2026-01-14 07:59:59.999,24635.93861000,613,227354.00000000,13456.90844000,0
2026-01-14 08:00:00,0.0592,0.0602,0.05918,0.05965,1701949.0,2026-01-14 08:59:59.999,101860.84131000,1252,496090.00000000,29645.06766000,0
2026-01-14 09:00:00,0.05965,0.06005,0.05965,0.06005,202957.0,2026-01-14 09:59:59.999,12155.20838000,369,102498.00000000,6137.53021000,0
2026-01-14 10:00:00,0.06003,0.0602,0.05981,0.06007,896989.0,2026-01-14 10:59:59.999,53851.10985000,964,413388.00000000,24827.22314000,0
2026-01-14 11:00:00,0.06006,0.06006,0.05961,0.05964,802098.0,2026-01-14 11:59:59.999,48016.49558000,864,443633.00000000,26547.41278000,0
2026-01-14 12:00:00,0.05963,0.06003,0.0596,0.06001,237189.0,2026-01-14 12:59:59.999,14190.27728000,396,135662.00000000,8114.25100000,0
2026-01-14 13:00:00,0.06002,0.06005,0.05975,0.05982,677421.0,2026-01-14 13:59:59.999,40591.45570000,797,343471.00000000,20580.53816000,0
2026-01-14 14:00:00,0.0598,0.05993,0.05951,0.05964,1463719.0,2026-01-14 14:59:59.999,87488.69770000,1657,926142.00000000,55357.29067000,0
2026-01-14 15:00:00,0.05963,0.05994,0.05942,0.05974,865787.0,2026-01-14 15:59:59.999,51709.22009000,853,552000.00000000,32967.04533000,0
2026-01-14 16:00:00,0.05983,0.06029,0.05983,0.06002,861559.0,2026-01-14 16:59:59.999,51728.05153000,674,401004.00000000,24081.84507000,0
2026-01-14 17:00:00,0.06006,0.06007,0.05921,0.05964,1624990.0,2026-01-14 17:59:59.999,97051.42628000,931,947872.00000000,56570.03656000,0
2026-01-14 18:00:00,0.05963,0.05977,0.05909,0.05931,753586.0,2026-01-14 18:59:59.999,44734.83880000,662,450188.00000000,26710.57379000,0
2026-01-14 19:00:00,0.05929,0.05992,0.05919,0.05962,399954.0,2026-01-14 19:59:59.999,23819.46771000,422,233143.00000000,13878.63205000,0
2026-01-14 20:00:00,0.05963,0.05988,0.05956,0.05987,365162.0,2026-01-14 20:59:59.999,21805.40501000,431,152023.00000000,9073.34835000,0
2026-01-14 21:00:00,0.05988,0.06017,0.05973,0.06002,421690.0,2026-01-14 21:59:59.999,25295.43442000,373,126437.00000000,7578.53297000,0
2026-01-14 22:00:00,0.06003,0.06003,0.05947,0.05954,448935.0,2026-01-14 22:59:59.999,26817.58135000,302,272869.00000000,16286.66122000,0
2026-01-14 23:00:00,0.05952,0.05992,0.05952,0.05981,272543.0,2026-01-14 23:59:59.999,16282.01883000,275,171120.00000000,10217.34715000,0
2026-01-15 00:00:00,0.05981,0.06002,0.05964,0.05978,792570.0,2026-01-15 00:59:59.999,47444.11955000,619,336918.00000000,20162.86767000,0
2026-01-15 01:00:00,0.0598,0.05999,0.05954,0.0598,688214.0,2026-01-15 01:59:59.999,41116.92038000,528,341277.00000000,20389.43532000,0
2026-01-15 02:00:00,0.0598,0.05987,0.0596,0.05967,719082.0,2026-01-15 02:59:59.999,42943.10049000,453,334111.00000000,19949.48836000,0
2026-01-15 03:00:00,0.05967,0.05975,0.05915,0.05919,944779.0,2026-01-15 03:59:59.999,56083.40888000,659,496518.00000000,29465.34719000,0
2026-01-15 04:00:00,0.05921,0.05984,0.05917,0.05979,574874.0,2026-01-15 04:59:59.999,34269.02716000,346,286714.00000000,17071.29673000,0
2026-01-15 05:00:00,0.0598,0.06,0.05979,0.05984,918414.0,2026-01-15 05:59:59.999,55035.79502000,339,160704.00000000,9627.87236000,0
2026-01-15 06:00:00,0.05984,0.06,0.05972,0.05995,571268.0,2026-01-15 06:59:59.999,34189.72471000,307,351872.00000000,21057.13105000,0
2026-01-15 07:00:00,0.05991,0.06041,0.05991,0.0603,457655.0,2026-01-15 07:59:59.999,27559.99800000,313,222170.00000000,13371.47095000,0
2026-01-15 08:00:00,0.06036,0.06055,0.06022,0.06038,681834.0,2026-01-15 08:59:59.999,41184.19168000,434,256966.00000000,15520.92757000,0
2026-01-15 09:00:00,0.06039,0.06072,0.06002,0.06013,1509536.0,2026-01-15 09:59:59.999,90970.01229000,742,594094.00000000,35801.74964000,0
2026-01-15 10:00:00,0.06013,0.06022,0.06003,0.06007,498989.0,2026-01-15 10:59:59.999,30001.62675000,384,402120.00000000,24178.01295000,0
2026-01-15 11:00:00,0.06007,0.0602,0.05984,0.05992,451499.0,2026-01-15 11:59:59.999,27097.86152000,272,182398.00000000,10947.02170000,0
2026-01-15 12:00:00,0.05992,0.06039,0.05982,0.06004,572356.0,2026-01-15 12:59:59.999,34388.48351000,347,319385.00000000,19188.53424000,0
2026-01-15 13:00:00,0.06005,0.06012,0.05985,0.06008,427445.0,2026-01-15 13:59:59.999,25646.84085000,431,276943.00000000,16617.19621000,0
2026-01-15 14:00:00,0.06008,0.06017,0.05978,0.05996,556576.0,2026-01-15 14:59:59.999,33368.24624000,514,299195.00000000,17933.90525000,0
2026-01-15 15:00:00,0.05996,0.06009,0.05902,0.05965,1417809.0,2026-01-15 15:59:59.999,84204.44675000,932,964552.00000000,57269.44076000,0
2026-01-15 16:00:00,0.05964,0.05974,0.05933,0.05967,284076.0,2026-01-15 16:59:59.999,16906.56441000,290,122362.00000000,7280.30466000,0
2026-01-15 17:00:00,0.0596,0.05976,0.05937,0.05967,708919.0,2026-01-15 17:59:59.999,42224.46774000,533,277973.00000000,16555.30915000,0
2026-01-15 18:00:00,0.05966,0.05974,0.0594,0.05952,1206936.0,2026-01-15 18:59:59.999,71902.87926000,621,289742.00000000,17252.92843000,0
2026-01-15 19:00:00,0.05951,0.05951,0.05897,0.0592,1611699.0,2026-01-15 19:59:59.999,95426.86038000,723,444627.00000000,26316.28407000,0
2026-01-15 20:00:00,0.05921,0.05959,0.05906,0.05953,680691.0,2026-01-15 20:59:59.999,40389.44040000,471,385204.00000000,22834.41646000,0
2026-01-15 21:00:00,0.05953,0.05958,0.05917,0.0595,464699.0,2026-01-15 21:59:59.999,27588.97257000,392,272543.00000000,16178.76235000,0
2026-01-15 22:00:00,0.05952,0.06007,0.05948,0.05991,348929.0,2026-01-15 22:59:59.999,20892.15637000,360,89820.00000000,5376.46370000,0
2026-01-15 23:00:00,0.05991,0.06006,0.05979,0.05995,1135036.0,2026-01-15 23:59:59.999,68011.86609000,678,157379.00000000,9430.95463000,0
2026-01-16 00:00:00,0.05991,0.06006,0.05986,0.05995,214061.0,2026-01-16 00:59:59.999,12837.27048000,295,92493.00000000,5546.77203000,0
2026-01-16 01:00:00,0.05996,0.06006,0.05992,0.06,645194.0,2026-01-16 01:59:59.999,38714.81381000,227,580170.00000000,34814.94598000,0
2026-01-16 02:00:00,0.05999,0.06004,0.05993,0.06004,280816.0,2026-01-16 02:59:59.999,16845.36677000,229,155537.00000000,9331.74412000,0
2026-01-16 03:00:00,0.06006,0.06011,0.05999,0.06,790369.0,2026-01-16 03:59:59.999,47464.45905000,202,666553.00000000,40031.71927000,0
2026-01-16 04:00:00,0.06,0.06014,0.05984,0.0599,303019.0,2026-01-16 04:59:59.999,18177.92522000,294,131134.00000000,7862.82699000,0
2026-01-16 05:00:00,0.0599,0.06036,0.0599,0.06032,550623.0,2026-01-16 05:59:59.999,33158.83649000,349,330917.00000000,19929.00736000,0
2026-01-16 06:00:00,0.06032,0.06088,0.06028,0.06086,964449.0,2026-01-16 06:59:59.999,58414.52907000,664,431533.00000000,26120.56654000,0
2026-01-16 07:00:00,0.06085,0.06098,0.06054,0.06094,359258.0,2026-01-16 07:59:59.999,21844.48681000,254,137514.00000000,8355.63019000,0
2026-01-16 08:00:00,0.06098,0.06229,0.06096,0.06211,3652598.0,2026-01-16 08:59:59.999,225666.48432000,1712,1382029.00000000,85429.65438000,0
2026-01-16 09:00:00,0.06206,0.06229,0.06196,0.06226,1077189.0,2026-01-16 09:59:59.999,66939.62080000,699,450748.00000000,28013.99577000,0
2026-01-16 10:00:00,0.06227,0.0623,0.06183,0.06229,789520.0,2026-01-16 10:59:59.999,49024.72722000,450,345336.00000000,21435.10862000,0
2026-01-16 11:00:00,0.0623,0.06303,0.06194,0.06238,4386607.0,2026-01-16 11:59:59.999,274418.31123000,1903,2141798.00000000,133928.43706000,0
2026-01-16 12:00:00,0.06239,0.06314,0.06233,0.06297,1605315.0,2026-01-16 12:59:59.999,100755.89514000,1124,844410.00000000,52962.11042000,0
2026-01-16 13:00:00,0.06297,0.06302,0.06233,0.06248,1272793.0,2026-01-16 13:59:59.999,79718.57254000,790,588163.00000000,36824.26985000,0
2026-01-16 14:00:00,0.06248,0.0628,0.06244,0.0627,925130.0,2026-01-16 14:59:59.999,57916.10672000,650,472802.00000000,29598.46205000,0
2026-01-16 15:00:00,0.06269,0.06307,0.0618,0.06243,3780735.0,2026-01-16 15:59:59.999,236437.16588000,1753,1854946.00000000,116099.28065000,0
2026-01-16 16:00:00,0.06243,0.06411,0.06243,0.064,7411866.0,2026-01-16 16:59:59.999,471340.75992000,2893,3685278.00000000,234473.98143000,0
2026-01-16 17:00:00,0.064,0.0643,0.0634,0.06419,3815568.0,2026-01-16 17:59:59.999,244057.08131000,2129,1835947.00000000,117487.23666000,0
2026-01-16 18:00:00,0.06418,0.06451,0.06393,0.06446,3568450.0,2026-01-16 18:59:59.999,229352.60533000,1841,2034689.00000000,130793.49766000,0
2026-01-16 19:00:00,0.06445,0.06484,0.06402,0.0648,3385854.0,2026-01-16 19:59:59.999,218201.93242000,1779,1858425.00000000,119847.64120000,0
2026-01-16 20:00:00,0.0648,0.06558,0.06447,0.06509,4383430.0,2026-01-16 20:59:59.999,284869.95941000,2339,1867955.00000000,121429.29653000,0
2026-01-16 21:00:00,0.06509,0.06541,0.06437,0.06496,2149935.0,2026-01-16 21:59:59.999,139565.90601000,1561,833102.00000000,54117.73448000,0
2026-01-16 22:00:00,0.06498,0.0652,0.06482,0.06488,809554.0,2026-01-16 22:59:59.999,52640.80566000,709,315417.00000000,20515.69839000,0
2026-01-16 23:00:00,0.06488,0.06499,0.06465,0.06466,941398.0,2026-01-16 23:59:59.999,60984.71131000,829,603477.00000000,39097.55424000,0
2026-01-17 00:00:00,0.06465,0.06497,0.06461,0.06492,717337.0,2026-01-17 00:59:59.999,46463.10896000,913,402709.00000000,26084.71488000,0
2026-01-17 01:00:00,0.06493,0.06533,0.06448,0.0645,1557182.0,2026-01-17 01:59:59.999,101144.06532000,1437,477619.00000000,31047.46966000,0
2026-01-17 02:00:00,0.0645,0.06453,0.06417,0.06453,723659.0,2026-01-17 02:59:59.999,46582.25672000,903,429590.00000000,27652.33299000,0
2026-01-17 03:00:00,0.06454,0.06494,0.06442,0.06469,1026902.0,2026-01-17 03:59:59.999,66450.05629000,1080,580372.00000000,37552.93449000,0
2026-01-17 04:00:00,0.06468,0.06475,0.06406,0.06433,884080.0,2026-01-17 04:59:59.999,56991.72806000,843,388312.00000000,25025.77805000,0
2026-01-17 05:00:00,0.06434,0.06443,0.06398,0.06412,1011239.0,2026-01-17 05:59:59.999,64890.67483000,1001,475016.00000000,30469.83209000,0
2026-01-17 06:00:00,0.06411,0.06419,0.0638,0.06387,703360.0,2026-01-17 06:59:59.999,44984.96112000,735,421170.00000000,26940.23855000,0
2026-01-17 07:00:00,0.06386,0.06393,0.06353,0.0639,1137045.0,2026-01-17 07:59:59.999,72441.95561000,1092,514560.00000000,32768.29276000,0
2026-01-17 08:00:00,0.0639,0.06425,0.06377,0.0642,813986.0,2026-01-17 08:59:59.999,52157.49482000,777,467936.00000000,29998.80655000,0
2026-01-17 09:00:00,0.06421,0.06426,0.06337,0.06357,1848342.0,2026-01-17 09:59:59.999,117739.73550000,1537,636199.00000000,40527.47452000,0
2026-01-17 10:00:00,0.06356,0.06429,0.06353,0.06428,2436215.0,2026-01-17 10:59:59.999,156049.84801000,1621,1611340.00000000,103168.00512000,0
2026-01-17 11:00:00,0.06428,0.06429,0.06403,0.06412,550075.0,2026-01-17 11:59:59.999,35291.41930000,602,137495.00000000,8819.94731000,0
2026-01-17 12:00:00,0.06412,0.06412,0.0639,0.06404,506408.0,2026-01-17 12:59:59.999,32410.55756000,499,169529.00000000,10850.05356000,0
2026-01-17 13:00:00,0.06405,0.06421,0.06395,0.06407,439251.0,2026-01-17 13:59:59.999,28141.83583000,480,216859.00000000,13894.99993000,0
2026-01-17 14:00:00,0.06408,0.06424,0.064,0.06408,1320635.0,2026-01-17 14:59:59.999,84671.97672000,742,1019520.00000000,65368.10820000,0
2026-01-17 15:00:00,0.06408,0.06465,0.06405,0.0645,2760089.0,2026-01-17 15:59:59.999,177683.06934000,1132,2178915.00000000,140228.08700000,0
2026-01-17 16:00:00,0.06449,0.06458,0.06409,0.06433,1129508.0,2026-01-17 16:59:59.999,72632.96461000,795,276858.00000000,17820.77334000,0
2026-01-17 17:00:00,0.06433,0.06451,0.06413,0.06421,349905.0,2026-01-17 17:59:59.999,22501.47916000,411,197569.00000000,12704.62323000,0
2026-01-17 18:00:00,0.06422,0.06441,0.06419,0.06439,197399.0,2026-01-17 18:59:59.999,12692.06886000,225,138744.00000000,8918.66043000,0
2026-01-17 19:00:00,0.0644,0.06456,0.06422,0.06439,790685.0,2026-01-17 19:59:59.999,50897.33376000,598,438986.00000000,28249.81186000,0
2026-01-17 20:00:00,0.06437,0.06447,0.06428,0.06444,213115.0,2026-01-17 20:59:59.999,13719.44337000,224,124749.00000000,8027.83138000,0
2026-01-17 21:00:00,0.06444,0.06448,0.06391,0.06412,1209764.0,2026-01-17 21:59:59.999,77599.36049000,867,701139.00000000,44988.82033000,0
2026-01-17 22:00:00,0.06409,0.0643,0.0639,0.064,502234.0,2026-01-17 22:59:59.999,32187.65109000,332,304186.00000000,19495.35370000,0
2026-01-17 23:00:00,0.064,0.06417,0.06397,0.06417,270395.0,2026-01-17 23:59:59.999,17318.35126000,391,141501.00000000,9061.42534000,0
2026-01-18 00:00:00,0.06417,0.0645,0.06415,0.06433,384493.0,2026-01-18 00:59:59.999,24741.21913000,511,178221.00000000,11466.82855000,0
2026-01-18 01:00:00,0.06434,0.06436,0.06386,0.0639,1077948.0,2026-01-18 01:59:59.999,69082.62437000,888,618551.00000000,39625.02271000,0
2026-01-18 02:00:00,0.06392,0.06396,0.06357,0.06376,601405.0,2026-01-18 02:59:59.999,38333.80224000,577,346752.00000000,22098.53137000,0
2026-01-18 03:00:00,0.06376,0.06392,0.06372,0.06377,295916.0,2026-01-18 03:59:59.999,18884.20836000,386,229780.00000000,14665.51833000,0
2026-01-18 04:00:00,0.06378,0.0638,0.06363,0.06369,533220.0,2026-01-18 04:59:59.999,33985.44226000,413,404002.00000000,25749.48499000,0
2026-01-18 05:00:00,0.06369,0.06377,0.0636,0.06365,232645.0,2026-01-18 05:59:59.999,14813.46742000,289,167682.00000000,10676.72046000,0
2026-01-18 06:00:00,0.06365,0.06399,0.06344,0.06373,1925262.0,2026-01-18 06:59:59.999,122707.46225000,1181,1371067.00000000,87389.65769000,0
2026-01-18 07:00:00,0.06373,0.06403,0.06365,0.06389,504412.0,2026-01-18 07:59:59.999,32199.65237000,493,229594.00000000,14651.07413000,0
2026-01-18 08:00:00,0.0639,0.06411,0.06385,0.06401,189836.0,2026-01-18 08:59:59.999,12151.06690000,364,68275.00000000,4368.99129000,0
2026-01-18 09:00:00,0.064,0.06435,0.06397,0.06432,511320.0,2026-01-18 09:59:59.999,32825.34556000,387,370287.00000000,23768.48210000,0
2026-01-18 10:00:00,0.06433,0.06464,0.06427,0.06463,996492.0,2026-01-18 10:59:59.999,64248.90762000,690,512057.00000000,33009.86461000,0
2026-01-18 11:00:00,0.06462,0.06469,0.06419,0.06448,1246273.0,2026-01-18 11:59:59.999,80293.89764000,1182,634947.00000000,40883.33243000,0
2026-01-18 12:00:00,0.06446,0.06475,0.06439,0.06456,679644.0,2026-01-18 12:59:59.999,43893.90186000,671,224536.00000000,14498.97802000,0
2026-01-18 13:00:00,0.06455,0.06462,0.06431,0.06441,840253.0,2026-01-18 13:59:59.999,54130.00770000,770,378732.00000000,24401.88510000,0
2026-01-18 14:00:00,0.06441,0.06446,0.06366,0.06369,1605683.0,2026-01-18 14:59:59.999,102692.32675000,1208,771048.00000000,49267.28623000,0
2026-01-18 15:00:00,0.06369,0.06417,0.06348,0.06417,3401671.0,2026-01-18 15:59:59.999,217025.15688000,1316,1555069.00000000,99047.28554000,0
2026-01-18 16:00:00,0.06417,0.06447,0.06408,0.06428,687603.0,2026-01-18 16:59:59.999,44220.97121000,748,269522.00000000,17327.50544000,0
2026-01-18 17:00:00,0.06428,0.0645,0.06417,0.06432,528856.0,2026-01-18 17:59:59.999,34011.65899000,471,337396.00000000,21705.44760000,0
2026-01-18 18:00:00,0.06431,0.06458,0.06417,0.06431,364447.0,2026-01-18 18:59:59.999,23464.72496000,466,217685.00000000,14008.05126000,0
2026-01-18 19:00:00,0.06432,0.06446,0.06419,0.06428,246317.0,2026-01-18 19:59:59.999,15841.72817000,281,144136.00000000,9268.26922000,0
2026-01-18 20:00:00,0.06428,0.06477,0.06415,0.06469,1317107.0,2026-01-18 20:59:59.999,85068.53105000,571,600480.00000000,38720.97997000,0
2026-01-18 21:00:00,0.0647,0.06477,0.06449,0.06452,461954.0,2026-01-18 21:59:59.999,29858.93135000,388,271234.00000000,17526.94552000,0
2026-01-18 22:00:00,0.06454,0.06465,0.0644,0.0645,407121.0,2026-01-18 22:59:59.999,26252.06796000,312,172525.00000000,11121.12011000,0
2026-01-18 23:00:00,0.06448,0.06477,0.06374,0.06378,2579501.0,2026-01-18 23:59:59.999,165683.91350000,2895,1426153.00000000,91676.88902000,0
2026-01-19 00:00:00,0.0638,0.06393,0.06177,0.06364,7200596.0,2026-01-19 00:59:59.999,453846.37605000,8744,3010702.00000000,189655.27758000,0
2026-01-19 01:00:00,0.06363,0.06386,0.06319,0.06338,1223513.0,2026-01-19 01:59:59.999,77777.79739000,1695,311923.00000000,19815.02702000,0
2026-01-19 02:00:00,0.06337,0.06364,0.06321,0.06344,855061.0,2026-01-19 02:59:59.999,54190.11758000,872,340416.00000000,21577.19562000,0
2026-01-19 03:00:00,0.06344,0.06379,0.06328,0.06377,1090300.0,2026-01-19 03:59:59.999,69326.25455000,792,760344.00000000,48346.46182000,0
2026-01-19 04:00:00,0.06377,0.06399,0.06364,0.06389,1046322.0,2026-01-19 04:59:59.999,66769.34050000,816,539702.00000000,34439.66494000,0
2026-01-19 05:00:00,0.0639,0.06494,0.06389,0.06421,4142748.0,2026-01-19 05:59:59.999,266868.59964000,3130,1924381.00000000,123937.28785000,0
2026-01-19 06:00:00,0.06424,0.06458,0.06345,0.06373,1760006.0,2026-01-19 06:59:59.999,112553.14292000,1601,868709.00000000,55636.10116000,0
2026-01-19 07:00:00,0.06374,0.06394,0.0636,0.06391,771877.0,2026-01-19 07:59:59.999,49239.73209000,692,485156.00000000,30952.82907000,0
2026-01-19 08:00:00,0.06391,0.06458,0.06391,0.06452,1025723.0,2026-01-19 08:59:59.999,65858.97543000,1015,438881.00000000,28165.85746000,0
2026-01-19 09:00:00,0.06452,0.06533,0.06425,0.06533,1766970.0,2026-01-19 09:59:59.999,114438.19914000,1567,745868.00000000,48286.99046000,0
2026-01-19 10:00:00,0.06533,0.06655,0.06508,0.06624,8757989.0,2026-01-19 10:59:59.999,577429.41636000,6526,5211016.00000000,343697.59502000,0
2026-01-19 11:00:00,0.06621,0.06731,0.066,0.06634,9333380.0,2026-01-19 11:59:59.999,622064.92230000,7107,4372125.00000000,291429.48881000,0
2026-01-19 12:00:00,0.06635,0.06635,0.06474,0.06484,4089605.0,2026-01-19 12:59:59.999,268015.52360000,3572,1616545.00000000,105972.17883000,0
2026-01-19 13:00:00,0.0648,0.06642,0.06478,0.06616,3579441.0,2026-01-19 13:59:59.999,235271.05632000,3381,1788720.00000000,117525.13513000,0
2026-01-19 14:00:00,0.06616,0.06627,0.06495,0.06509,2307978.0,2026-01-19 14:59:59.999,151153.47989000,2077,1094471.00000000,71676.71953000,0
2026-01-19 15:00:00,0.06508,0.06532,0.06476,0.0649,1236337.0,2026-01-19 15:59:59.999,80362.75629000,1446,780517.00000000,50751.76251000,0
2026-01-19 16:00:00,0.0649,0.0649,0.0645,0.06457,2238961.0,2026-01-19 16:59:59.999,144805.18191000,1840,1155487.00000000,74715.60034000,0
2026-01-19 17:00:00,0.06457,0.06474,0.06383,0.06423,2551009.0,2026-01-19 17:59:59.999,164065.23259000,1763,1151082.00000000,74002.05047000,0
2026-01-19 18:00:00,0.06424,0.06438,0.0641,0.06431,667248.0,2026-01-19 18:59:59.999,42854.32333000,744,325881.00000000,20930.18631000,0
2026-01-19 19:00:00,0.06432,0.06486,0.06432,0.06458,668394.0,2026-01-19 19:59:59.999,43207.75586000,619,369228.00000000,23866.55508000,0
2026-01-19 20:00:00,0.06459,0.06467,0.06426,0.06427,311052.0,2026-01-19 20:59:59.999,20058.21787000,442,119957.00000000,7737.86032000,0
2026-01-19 21:00:00,0.06429,0.0646,0.06424,0.0643,669181.0,2026-01-19 21:59:59.999,43090.52240000,631,426704.00000000,27478.96262000,0
2026-01-19 22:00:00,0.0643,0.06466,0.06408,0.0641,778151.0,2026-01-19 22:59:59.999,50059.98536000,567,340843.00000000,21929.89079000,0
2026-01-19 23:00:00,0.06411,0.06446,0.06401,0.06445,423380.0,2026-01-19 23:59:59.999,27216.22149000,535,220995.00000000,14200.35145000,0
2026-01-20 00:00:00,0.06444,0.06456,0.06395,0.06403,881770.0,2026-01-20 00:59:59.999,56618.95139000,796,421375.00000000,27039.27515000,0
2026-01-20 01:00:00,0.06404,0.06446,0.06395,0.0644,490573.0,2026-01-20 01:59:59.999,31496.80508000,491,368938.00000000,23681.54371000,0
2026-01-20 02:00:00,0.06439,0.06509,0.06425,0.06479,1045608.0,2026-01-20 02:59:59.999,67722.26966000,861,680339.00000000,44073.25201000,0
2026-01-20 03:00:00,0.06479,0.06482,0.06445,0.06452,387086.0,2026-01-20 03:59:59.999,24999.92539000,476,189527.00000000,12243.67153000,0
2026-01-20 04:00:00,0.06452,0.06474,0.06378,0.06394,2630499.0,2026-01-20 04:59:59.999,168477.53320000,1244,865825.00000000,55445.15553000,0
2026-01-20 05:00:00,0.06393,0.06406,0.06366,0.06395,1205221.0,2026-01-20 05:59:59.999,76937.47132000,1212,776052.00000000,49539.03327000,0
2026-01-20 06:00:00,0.06395,0.06417,0.0632,0.06337,1960347.0,2026-01-20 06:59:59.999,124567.97600000,1696,825662.00000000,52444.43807000,0
2026-01-20 07:00:00,0.06336,0.06355,0.06322,0.06339,565282.0,2026-01-20 07:59:59.999,35804.84657000,713,299007.00000000,18937.96395000,0
2026-01-20 08:00:00,0.0634,0.06355,0.06285,0.06316,1557780.0,2026-01-20 08:59:59.999,98339.96857000,1526,884518.00000000,55820.93352000,0
2026-01-20 09:00:00,0.06314,0.06337,0.06291,0.06329,792211.0,2026-01-20 09:59:59.999,50054.72584000,789,457419.00000000,28894.60163000,0
2026-01-20 10:00:00,0.0633,0.06349,0.06299,0.06302,729728.0,2026-01-20 10:59:59.999,46156.44669000,743,435346.00000000,27544.65123000,0
2026-01-20 11:00:00,0.06302,0.06307,0.06275,0.06294,1721251.0,2026-01-20 11:59:59.999,108238.77672000,1153,693842.00000000,43655.59969000,0
2026-01-20 12:00:00,0.06295,0.06323,0.06266,0.06289,933851.0,2026-01-20 12:59:59.999,58771.72984000,981,410825.00000000,25858.71232000,0
2026-01-20 13:00:00,0.06289,0.06321,0.06282,0.06292,568688.0,2026-01-20 13:59:59.999,35801.24760000,624,316087.00000000,19895.02469000,0
2026-01-20 14:00:00,0.06291,0.06323,0.06274,0.06288,932423.0,2026-01-20 14:59:59.999,58704.31154000,1300,338070.00000000,21288.50560000,0
2026-01-20 15:00:00,0.06289,0.06297,0.06188,0.06217,1700886.0,2026-01-20 15:59:59.999,106033.87042000,2045,1026206.00000000,63976.46934000,0
2026-01-20 16:00:00,0.06218,0.06257,0.06157,0.06188,613201.0,2026-01-20 16:59:59.999,38055.87588000,964,362212.00000000,22479.76081000,0
2026-01-20 17:00:00,0.06185,0.06211,0.06151,0.06175,765573.0,2026-01-20 17:59:59.999,47276.30083000,1139,222209.00000000,13730.74459000,0
2026-01-20 18:00:00,0.06176,0.06274,0.06176,0.06268,2044382.0,2026-01-20 18:59:59.999,127208.24777000,1740,894307.00000000,55623.88349000,0
2026-01-20 19:00:00,0.06269,0.0629,0.06226,0.0624,500260.0,2026-01-20 19:59:59.999,31288.08160000,603,142543.00000000,8925.43140000,0
2026-01-20 20:00:00,0.06241,0.06325,0.06236,0.06322,907803.0,2026-01-20 20:59:59.999,57153.84116000,855,253797.00000000,15978.07706000,0
2026-01-20 21:00:00,0.06324,0.06339,0.06315,0.06338,595258.0,2026-01-20 21:59:59.999,37680.03408000,585,128388.00000000,8126.29957000,0
2026-01-20 22:00:00,0.06338,0.0636,0.06293,0.06338,879688.0,2026-01-20 22:59:59.999,55727.37481000,847,269603.00000000,17084.39540000,0
2026-01-20 23:00:00,0.06338,0.06347,0.06243,0.06327,1447376.0,2026-01-20 23:59:59.999,91303.17168000,1561,547982.00000000,34585.67399000,0
2026-01-21 00:00:00,0.06326,0.06337,0.06259,0.06264,1157346.0,2026-01-21 00:59:59.999,72831.51613000,1318,625469.00000000,39386.61899000,0
2026-01-21 01:00:00,0.06262,0.0628,0.06226,0.06279,563751.0,2026-01-21 01:59:59.999,35261.42909000,717,275543.00000000,17242.27585000,0
2026-01-21 02:00:00,0.06281,0.06316,0.06281,0.06313,761791.0,2026-01-21 02:59:59.999,48016.50739000,777,184535.00000000,11630.28158000,0
2026-01-21 03:00:00,0.06312,0.06312,0.06168,0.06215,7068696.0,2026-01-21 03:59:59.999,441330.06576000,3965,1483462.00000000,92578.78692000,0
2026-01-21 04:00:00,0.06214,0.06224,0.06137,0.06203,1793737.0,2026-01-21 04:59:59.999,110781.84624000,1622,595997.00000000,36813.22369000,0
2026-01-21 05:00:00,0.06202,0.06265,0.06195,0.06253,1302905.0,2026-01-21 05:59:59.999,81199.64312000,1007,403689.00000000,25157.39134000,0
2026-01-21 06:00:00,0.06252,0.0628,0.06209,0.06219,3137820.0,2026-01-21 06:59:59.999,196084.52517000,1690,787709.00000000,49176.09178000,0
2026-01-21 07:00:00,0.06219,0.06253,0.06219,0.06252,427892.0,2026-01-21 07:59:59.999,26712.61215000,480,142870.00000000,8915.50059000,0
2026-01-21 08:00:00,0.06252,0.06276,0.06169,0.06189,1151709.0,2026-01-21 08:59:59.999,71534.63433000,1184,503911.00000000,31304.86657000,0
2026-01-21 09:00:00,0.0619,0.0619,0.06143,0.0615,4598771.0,2026-01-21 09:59:59.999,283299.10180000,1570,2626383.00000000,161777.69753000,0
2026-01-21 10:00:00,0.06151,0.062,0.06139,0.06184,991391.0,2026-01-21 10:59:59.999,61200.63928000,762,568503.00000000,35112.49763000,0
2026-01-21 11:00:00,0.06183,0.06183,0.0614,0.06147,384971.0,2026-01-21 11:59:59.999,23711.99701000,600,201346.00000000,12403.65745000,0
2026-01-21 12:00:00,0.06146,0.0618,0.0614,0.06178,701441.0,2026-01-21 12:59:59.999,43186.81320000,759,321044.00000000,19764.81303000,0
2026-01-21 13:00:00,0.06179,0.062,0.06179,0.06198,465029.0,2026-01-21 13:59:59.999,28786.34567000,469,178897.00000000,11072.78376000,0
2026-01-21 14:00:00,0.06198,0.06283,0.06198,0.06259,2729739.0,2026-01-21 14:59:59.999,169982.87567000,1852,1816618.00000000,112994.21560000,0
2026-01-21 15:00:00,0.06259,0.06359,0.06258,0.06352,1262795.0,2026-01-21 15:59:59.999,79665.55626000,1146,611354.00000000,38568.12726000,0
2026-01-21 16:00:00,0.06353,0.06372,0.06299,0.06303,2380592.0,2026-01-21 16:59:59.999,151024.97050000,2234,563792.00000000,35783.01777000,0
2026-01-21 17:00:00,0.06304,0.06331,0.06224,0.06297,1456472.0,2026-01-21 17:59:59.999,91307.91081000,1902,771733.00000000,48355.94650000,0
2026-01-21 18:00:00,0.06297,0.064,0.06288,0.06392,1309822.0,2026-01-21 18:59:59.999,83162.44204000,1291,373362.00000000,23702.71035000,0
2026-01-21 19:00:00,0.0639,0.0652,0.06376,0.06518,1511622.0,2026-01-21 19:59:59.999,97425.10537000,1694,616235.00000000,39771.89936000,0
2026-01-21 20:00:00,0.06518,0.06519,0.06489,0.06501,845388.0,2026-01-21 20:59:59.999,54979.94639000,823,255565.00000000,16616.83666000,0
2026-01-21 21:00:00,0.06501,0.06523,0.06479,0.06495,404136.0,2026-01-21 21:59:59.999,26282.57445000,527,203160.00000000,13205.80788000,0
2026-01-21 22:00:00,0.06496,0.0654,0.06454,0.06517,938805.0,2026-01-21 22:59:59.999,61110.66123000,687,431348.00000000,28054.50124000,0
2026-01-21 23:00:00,0.06517,0.06525,0.06427,0.06437,2118904.0,2026-01-21 23:59:59.999,137297.73306000,1627,630930.00000000,40881.56424000,0
2026-01-22 00:00:00,0.06438,0.06549,0.06437,0.06538,1418485.0,2026-01-22 00:59:59.999,92237.10831000,1087,615318.00000000,40025.39807000,0
2026-01-22 01:00:00,0.06538,0.06557,0.06518,0.0654,584516.0,2026-01-22 01:59:59.999,38208.06560000,641,205013.00000000,13403.26337000,0
2026-01-22 02:00:00,0.06541,0.06596,0.0652,0.06527,1780978.0,2026-01-22 02:59:59.999,116909.08569000,1307,695475.00000000,45700.29618000,0
2026-01-22 03:00:00,0.06525,0.06535,0.0644,0.06441,1823542.0,2026-01-22 03:59:59.999,118315.80781000,1697,551685.00000000,35792.45144000,0
2026-01-22 04:00:00,0.0644,0.06503,0.0644,0.06492,454683.0,2026-01-22 04:59:59.999,29425.77646000,612,253043.00000000,16372.44883000,0
2026-01-22 05:00:00,0.06492,0.0654,0.06491,0.06534,1020700.0,2026-01-22 05:59:59.999,66515.42881000,904,373871.00000000,24373.86243000,0
2026-01-22 06:00:00,0.06536,0.06544,0.06489,0.06499,673386.0,2026-01-22 06:59:59.999,43868.72203000,662,162617.00000000,10583.00984000,0
2026-01-22 07:00:00,0.065,0.06559,0.06489,0.06518,1401726.0,2026-01-22 07:59:59.999,91546.18688000,1659,598045.00000000,39066.50836000,0
2026-01-22 08:00:00,0.06521,0.06525,0.06492,0.06516,1269899.0,2026-01-22 08:59:59.999,82652.37519000,1301,512860.00000000,33371.33947000,0
2026-01-22 09:00:00,0.06515,0.06591,0.06496,0.06567,1354758.0,2026-01-22 09:59:59.999,88688.10533000,1505,459419.00000000,30045.56752000,0
2026-01-22 10:00:00,0.06569,0.06578,0.06553,0.06567,857185.0,2026-01-22 10:59:59.999,56274.25638000,979,170934.00000000,11221.61657000,0
2026-01-22 11:00:00,0.06567,0.06714,0.06563,0.06671,4375859.0,2026-01-22 11:59:59.999,291751.75541000,4306,1855221.00000000,123728.52801000,0
2026-01-22 12:00:00,0.06672,0.069,0.0666,0.06784,15223784.0,2026-01-22 12:59:59.999,1037708.18071000,12615,6287011.00000000,428254.46559000,0
2026-01-22 13:00:00,0.06783,0.06824,0.064,0.06514,14520317.0,2026-01-22 13:59:59.999,964349.19564000,14531,6315551.00000000,419827.30822000,0
2026-01-22 14:00:00,0.06516,0.06793,0.06485,0.06681,7625733.0,2026-01-22 14:59:59.999,507228.21042000,8414,3289103.00000000,218945.43986000,0
2026-01-22 15:00:00,0.06679,0.06782,0.06553,0.06576,4773157.0,2026-01-22 15:59:59.999,317293.16399000,6449,2085939.00000000,138439.62326000,0
2026-01-22 16:00:00,0.06579,0.06629,0.06549,0.066,932617.0,2026-01-22 16:59:59.999,61406.30474000,1784,382054.00000000,25136.22270000,0
2026-01-22 17:00:00,0.06602,0.06717,0.06597,0.06699,1386416.0,2026-01-22 17:59:59.999,92428.19606000,1642,667895.00000000,44491.34627000,0
2026-01-22 18:00:00,0.06698,0.0676,0.06656,0.06733,1336153.0,2026-01-22 18:59:59.999,89793.21833000,1280,344331.00000000,23134.61693000,0
2026-01-22 19:00:00,0.06732,0.0677,0.06665,0.06741,1302931.0,2026-01-22 19:59:59.999,87507.25057000,1558,561661.00000000,37718.47402000,0
2026-01-22 20:00:00,0.0674,0.06787,0.06657,0.06718,2317081.0,2026-01-22 20:59:59.999,155749.34412000,1815,1110405.00000000,74618.68672000,0
2026-01-22 21:00:00,0.06718,0.06755,0.06693,0.06727,1890617.0,2026-01-22 21:59:59.999,127159.55848000,1407,956843.00000000,64353.80013000,0
2026-01-22 22:00:00,0.06728,0.06754,0.06695,0.06695,883719.0,2026-01-22 22:59:59.999,59424.02484000,715,379621.00000000,25536.37043000,0
2026-01-22 23:00:00,0.06694,0.06734,0.06668,0.0672,912617.0,2026-01-22 23:59:59.999,61100.22772000,1090,460954.00000000,30836.11887000,0
2026-01-23 00:00:00,0.06719,0.06719,0.06623,0.06646,2067635.0,2026-01-23 00:59:59.999,137786.40139000,2306,1121760.00000000,74745.26739000,0
2026-01-23 01:00:00,0.06645,0.06691,0.06639,0.06673,932793.0,2026-01-23 01:59:59.999,62157.65399000,1363,319105.00000000,21267.46010000,0
2026-01-23 02:00:00,0.06674,0.0668,0.0662,0.06624,818329.0,2026-01-23 02:59:59.999,54380.92140000,1205,404155.00000000,26846.34396000,0
2026-01-23 03:00:00,0.06622,0.06645,0.06581,0.066,2996282.0,2026-01-23 03:59:59.999,198056.28872000,1639,1314215.00000000,86838.38947000,0
2026-01-23 04:00:00,0.06599,0.06619,0.06589,0.06594,730648.0,2026-01-23 04:59:59.999,48224.31584000,873,396594.00000000,26176.35099000,0
2026-01-23 05:00:00,0.06593,0.06603,0.0657,0.06598,495704.0,2026-01-23 05:59:59.999,32670.89753000,626,268327.00000000,17684.59831000,0
2026-01-23 06:00:00,0.06599,0.06609,0.06576,0.0659,499838.0,2026-01-23 06:59:59.999,32959.41772000,700,232672.00000000,15337.44432000,0
2026-01-23 07:00:00,0.06591,0.06626,0.06579,0.06623,431426.0,2026-01-23 07:59:59.999,28510.73341000,576,109195.00000000,7215.65139000,0
2026-01-23 08:00:00,0.06623,0.06628,0.06573,0.06591,521565.0,2026-01-23 08:59:59.999,34437.05882000,626,186967.00000000,12331.69613000,0
2026-01-23 09:00:00,0.06591,0.06591,0.06528,0.06549,3293506.0,2026-01-23 09:59:59.999,215870.14576000,1736,726999.00000000,47687.46467000,0
2026-01-23 10:00:00,0.0655,0.06579,0.06547,0.06576,1349732.0,2026-01-23 10:59:59.999,88514.43653000,1239,350500.00000000,22988.53105000,0
2026-01-23 11:00:00,0.06576,0.06579,0.06551,0.06552,584587.0,2026-01-23 11:59:59.999,38360.29666000,565,116820.00000000,7666.97148000,0
2026-01-23 12:00:00,0.06552,0.06569,0.0655,0.06561,698383.0,2026-01-23 12:59:59.999,45799.81426000,739,219094.00000000,14373.57931000,0
2026-01-23 13:00:00,0.0656,0.0656,0.0652,0.06547,1339874.0,2026-01-23 13:59:59.999,87626.10120000,784,729290.00000000,47690.36668000,0
2026-01-23 14:00:00,0.06547,0.06555,0.065,0.06502,1231508.0,2026-01-23 14:59:59.999,80371.59608000,1287,477249.00000000,31147.11611000,0
2026-01-23 15:00:00,0.06501,0.06552,0.06483,0.0655,969970.0,2026-01-23 15:59:59.999,63031.96527000,923,773226.00000000,50219.45515000,0
2026-01-23 16:00:00,0.06551,0.06724,0.06547,0.06693,2858428.0,2026-01-23 16:59:59.999,189595.49170000,2368,941593.00000000,62571.84915000,0
2026-01-23 17:00:00,0.0669,0.06814,0.06656,0.0672,3818344.0,2026-01-23 17:59:59.999,257134.09323000,4042,1378105.00000000,92719.35045000,0
2026-01-23 18:00:00,0.06722,0.06813,0.06703,0.06797,1418337.0,2026-01-23 18:59:59.999,96280.57181000,1631,425582.00000000,28859.64608000,0
2026-01-23 19:00:00,0.06799,0.06806,0.06589,0.06605,3859175.0,2026-01-23 19:59:59.999,256847.64749000,4669,1581603.00000000,105121.13625000,0
2026-01-23 20:00:00,0.06606,0.06707,0.06596,0.0668,2592943.0,2026-01-23 20:59:59.999,172553.78866000,3019,1511029.00000000,100532.60800000,0
2026-01-23 21:00:00,0.0668,0.0671,0.06654,0.06664,748520.0,2026-01-23 21:59:59.999,50017.95725000,969,319640.00000000,21345.93889000,0
2026-01-23 22:00:00,0.06664,0.06698,0.06653,0.0666,315151.0,2026-01-23 22:59:59.999,21020.86550000,487,123032.00000000,8203.67608000,0
2026-01-23 23:00:00,0.06661,0.06669,0.06644,0.06664,507287.0,2026-01-23 23:59:59.999,33758.61355000,821,281810.00000000,18754.37845000,0
2026-01-24 00:00:00,0.06665,0.06747,0.06665,0.06695,1210702.0,2026-01-24 00:59:59.999,81252.47424000,1166,617039.00000000,41434.68638000,0
2026-01-24 01:00:00,0.06697,0.06697,0.066,0.0662,2661336.0,2026-01-24 01:59:59.999,176740.92987000,1125,1246925.00000000,82726.24232000,0
2026-01-24 02:00:00,0.06619,0.06695,0.06614,0.06691,524506.0,2026-01-24 02:59:59.999,34890.89397000,490,239617.00000000,15936.33441000,0
2026-01-24 03:00:00,0.06689,0.06694,0.0664,0.06642,813717.0,2026-01-24 03:59:59.999,54212.28248000,514,215970.00000000,14381.83475000,0
2026-01-24 04:00:00,0.06641,0.06712,0.06639,0.0669,578866.0,2026-01-24 04:59:59.999,38645.80618000,388,319893.00000000,21352.00828000,0
2026-01-24 05:00:00,0.06691,0.06691,0.06643,0.06665,782202.0,2026-01-24 05:59:59.999,52132.66985000,390,487256.00000000,32469.79338000,0
2026-01-24 06:00:00,0.0667,0.06674,0.0662,0.06628,687580.0,2026-01-24 06:59:59.999,45629.67678000,607,394056.00000000,26149.59469000,0
2026-01-24 07:00:00,0.06628,0.06649,0.06619,0.06625,229018.0,2026-01-24 07:59:59.999,15193.29648000,255,90014.00000000,5971.00861000,0
2026-01-24 08:00:00,0.06624,0.06657,0.06624,0.06638,239935.0,2026-01-24 08:59:59.999,15932.20903000,323,158576.00000000,10526.41391000,0
2026-01-24 09:00:00,0.06637,0.06679,0.06626,0.06673,262405.0,2026-01-24 09:59:59.999,17460.12911000,354,169209.00000000,11256.97516000,0
2026-01-24 10:00:00,0.06673,0.06696,0.06643,0.06662,653276.0,2026-01-24 10:59:59.999,43560.94543000,495,334144.00000000,22267.44220000,0
2026-01-24 11:00:00,0.06663,0.0668,0.06659,0.0668,349926.0,2026-01-24 11:59:59.999,23342.63109000,287,191786.00000000,12789.23525000,0
2026-01-24 12:00:00,0.06677,0.06711,0.0667,0.06689,564055.0,2026-01-24 12:59:59.999,37721.70677000,341,348488.00000000,23292.63356000,0
2026-01-24 13:00:00,0.06688,0.06724,0.0667,0.06693,429232.0,2026-01-24 13:59:59.999,28738.45443000,290,236264.00000000,15815.94832000,0
2026-01-24 14:00:00,0.06692,0.06709,0.06671,0.06679,531717.0,2026-01-24 14:59:59.999,35555.18011000,339,277360.00000000,18535.06026000,0
2026-01-24 15:00:00,0.0668,0.06682,0.06648,0.06653,509682.0,2026-01-24 15:59:59.999,33953.27636000,284,257966.00000000,17178.51404000,0
2026-01-24 16:00:00,0.06649,0.06692,0.06644,0.06684,253403.0,2026-01-24 16:59:59.999,16893.42949000,244,120737.00000000,8041.16701000,0
2026-01-24 17:00:00,0.06685,0.06707,0.06672,0.06674,400483.0,2026-01-24 17:59:59.999,26800.29769000,219,256995.00000000,17210.32443000,0
2026-01-24 18:00:00,0.06674,0.06678,0.06627,0.0664,242400.0,2026-01-24 18:59:59.999,16138.68000000,175,73700.00000000,4901.71427000,0
2026-01-24 19:00:00,0.06641,0.06641,0.06616,0.06619,404820.0,2026-01-24 19:59:59.999,26824.04859000,309,127793.00000000,8472.28038000,0
2026-01-24 20:00:00,0.06618,0.06619,0.06574,0.06602,189309.0,2026-01-24 20:59:59.999,12482.19169000,165,60309.00000000,3978.15292000,0
2026-01-24 21:00:00,0.06601,0.06637,0.06594,0.06636,239380.0,2026-01-24 21:59:59.999,15839.25092000,231,79477.00000000,5253.94950000,0
2026-01-24 22:00:00,0.06636,0.06689,0.06636,0.06678,668563.0,2026-01-24 22:59:59.999,44562.67140000,428,230420.00000000,15368.25947000,0
2026-01-24 23:00:00,0.06678,0.06687,0.06662,0.06665,468510.0,2026-01-24 23:59:59.999,31291.04054000,720,261325.00000000,17453.14486000,0
2026-01-25 00:00:00,0.06661,0.06767,0.06648,0.06723,1300412.0,2026-01-25 00:59:59.999,87368.26385000,1064,505652.00000000,33927.98834000,0
2026-01-25 01:00:00,0.0672,0.06742,0.06674,0.06702,576596.0,2026-01-25 01:59:59.999,38662.78928000,561,249095.00000000,16698.34566000,0
2026-01-25 02:00:00,0.06702,0.06748,0.06687,0.06739,505033.0,2026-01-25 02:59:59.999,33957.28752000,404,155160.00000000,10428.84430000,0
2026-01-25 03:00:00,0.0674,0.06764,0.06691,0.06738,965297.0,2026-01-25 03:59:59.999,65046.65956000,618,329386.00000000,22172.15171000,0
2026-01-25 04:00:00,0.06735,0.06793,0.06735,0.06745,1585144.0,2026-01-25 04:59:59.999,107230.95733000,1061,526202.00000000,35591.33073000,0
2026-01-25 05:00:00,0.06745,0.06746,0.06708,0.06716,329852.0,2026-01-25 05:59:59.999,22202.05007000,294,145292.00000000,9775.66124000,0
2026-01-25 06:00:00,0.06706,0.06748,0.06677,0.06709,628448.0,2026-01-25 06:59:59.999,42129.12405000,490,440188.00000000,29506.84739000,0
2026-01-25 07:00:00,0.06709,0.06718,0.06682,0.06706,222607.0,2026-01-25 07:59:59.999,14916.49629000,225,128986.00000000,8641.60395000,0
2026-01-25 08:00:00,0.06705,0.06748,0.06664,0.06683,1366053.0,2026-01-25 08:59:59.999,91672.79785000,845,527369.00000000,35344.06249000,0
2026-01-25 09:00:00,0.06684,0.06709,0.06677,0.06685,301614.0,2026-01-25 09:59:59.999,20174.72374000,273,138791.00000000,9279.65343000,0
2026-01-25 10:00:00,0.0669,0.06701,0.06659,0.06664,393775.0,2026-01-25 10:59:59.999,26305.78655000,313,163500.00000000,10924.35383000,0
2026-01-25 11:00:00,0.06664,0.06696,0.06647,0.06686,440325.0,2026-01-25 11:59:59.999,29349.01329000,566,214714.00000000,14309.50472000,0
2026-01-25 12:00:00,0.06686,0.0671,0.06676,0.06696,245245.0,2026-01-25 12:59:59.999,16417.26440000,238,113143.00000000,7571.07874000,0
2026-01-25 13:00:00,0.06696,0.06731,0.06693,0.06716,501385.0,2026-01-25 13:59:59.999,33665.26758000,385,210851.00000000,14156.78694000,0
2026-01-25 14:00:00,0.06718,0.06749,0.06692,0.06747,503017.0,2026-01-25 14:59:59.999,33805.64594000,404,191861.00000000,12892.69028000,0
2026-01-25 15:00:00,0.06749,0.06813,0.06732,0.06741,1927040.0,2026-01-25 15:59:59.999,130596.96660000,1011,629912.00000000,42669.52951000,0
2026-01-25 16:00:00,0.0674,0.06748,0.06596,0.06674,3013761.0,2026-01-25 16:59:59.999,201202.28426000,2052,1505238.00000000,100515.53575000,0
2026-01-25 17:00:00,0.06672,0.06672,0.06605,0.06626,706331.0,2026-01-25 17:59:59.999,46827.57343000,527,357318.00000000,23692.44141000,0
2026-01-25 18:00:00,0.06623,0.06623,0.06491,0.06512,2100439.0,2026-01-25 18:59:59.999,137253.31024000,1145,885730.00000000,57866.37024000,0
2026-01-25 19:00:00,0.06512,0.06515,0.06381,0.0641,1899219.0,2026-01-25 19:59:59.999,122586.66005000,1252,1094336.00000000,70589.10634000,0
2026-01-25 20:00:00,0.06407,0.06464,0.06337,0.06385,1533765.0,2026-01-25 20:59:59.999,97914.49042000,997,998585.00000000,63686.45597000,0
2026-01-25 21:00:00,0.06389,0.06456,0.06389,0.06421,1316127.0,2026-01-25 21:59:59.999,84518.13175000,1128,596683.00000000,38352.82035000,0
2026-01-25 22:00:00,0.06419,0.0645,0.06391,0.06421,825557.0,2026-01-25 22:59:59.999,52948.23728000,520,428621.00000000,27460.29714000,0
2026-01-25 23:00:00,0.0643,0.06438,0.06389,0.06397,496587.0,2026-01-25 23:59:59.999,31841.69123000,421,79647.00000000,5104.61937000,0
2026-01-26 00:00:00,0.06396,0.06435,0.06396,0.06433,275269.0,2026-01-26 00:59:59.999,17666.24554000,334,133600.00000000,8568.21525000,0
2026-01-26 01:00:00,0.06432,0.06511,0.06427,0.0648,747864.0,2026-01-26 01:59:59.999,48469.18967000,795,288610.00000000,18713.63254000,0
2026-01-26 02:00:00,0.06482,0.06619,0.06469,0.06555,7874314.0,2026-01-26 02:59:59.999,518189.00656000,2562,3859577.00000000,253705.75721000,0
2026-01-26 03:00:00,0.06557,0.066,0.0646,0.06513,4299148.0,2026-01-26 03:59:59.999,279852.26932000,2500,1824582.00000000,118995.37071000,0
2026-01-26 04:00:00,0.06511,0.06571,0.06487,0.06528,3583805.0,2026-01-26 04:59:59.999,233847.30278000,2094,1295612.00000000,84625.45286000,0
2026-01-26 05:00:00,0.0653,0.06576,0.0653,0.06567,550867.0,2026-01-26 05:59:59.999,36099.96121000,480,289227.00000000,18946.33387000,0
2026-01-26 06:00:00,0.06574,0.0668,0.06571,0.0668,2693001.0,2026-01-26 06:59:59.999,178568.77631000,1329,1304855.00000000,86551.94125000,0
2026-01-26 07:00:00,0.06676,0.06677,0.06584,0.06648,1864483.0,2026-01-26 07:59:59.999,123764.59123000,1701,1235946.00000000,82009.41538000,0
2026-01-26 08:00:00,0.06648,0.06675,0.06617,0.06624,823610.0,2026-01-26 08:59:59.999,54688.46256000,543,377600.00000000,25057.76090000,0
2026-01-26 09:00:00,0.06624,0.06628,0.0656,0.0657,1269688.0,2026-01-26 09:59:59.999,83822.72110000,657,756764.00000000,49948.78584000,0
2026-01-26 10:00:00,0.06573,0.06633,0.06573,0.06626,941202.0,2026-01-26 10:59:59.999,62106.27709000,542,521653.00000000,34406.64525000,0
2026-01-26 11:00:00,0.06629,0.06633,0.0658,0.06593,792131.0,2026-01-26 11:59:59.999,52291.47862000,474,393031.00000000,25938.62504000,0
2026-01-26 12:00:00,0.06594,0.06612,0.06581,0.06591,313975.0,2026-01-26 12:59:59.999,20706.69749000,224,169018.00000000,11145.22302000,0
2026-01-26 13:00:00,0.06592,0.0661,0.06538,0.06595,3372096.0,2026-01-26 13:59:59.999,221887.22143000,2227,1320112.00000000,86831.90434000,0
2026-01-26 14:00:00,0.06595,0.06624,0.06543,0.066,1278362.0,2026-01-26 14:59:59.999,84130.58642000,972,677380.00000000,44550.53674000,0
2026-01-26 15:00:00,0.06598,0.06649,0.0653,0.06549,917147.0,2026-01-26 15:59:59.999,60326.70219000,907,565381.00000000,37164.47413000,0
2026-01-26 16:00:00,0.06549,0.06596,0.0654,0.0658,1013099.0,2026-01-26 16:59:59.999,66440.60675000,753,594877.00000000,38996.97648000,0
2026-01-26 17:00:00,0.0658,0.06598,0.06533,0.06592,1161590.0,2026-01-26 17:59:59.999,76090.01218000,606,462479.00000000,30310.23337000,0
2026-01-26 18:00:00,0.0659,0.06659,0.06573,0.06646,1865210.0,2026-01-26 18:59:59.999,123258.56600000,958,943059.00000000,62312.09014000,0
2026-01-26 19:00:00,0.06647,0.06649,0.06535,0.06537,1934847.0,2026-01-26 19:59:59.999,127025.04317000,989,1136524.00000000,74572.25550000,0
2026-01-26 20:00:00,0.06533,0.06545,0.06473,0.06482,1704808.0,2026-01-26 20:59:59.999,110953.18072000,854,1049724.00000000,68334.20566000,0
2026-01-26 21:00:00,0.06481,0.06542,0.06472,0.06527,717162.0,2026-01-26 21:59:59.999,46616.49942000,492,453418.00000000,29464.07795000,0
2026-01-26 22:00:00,0.06533,0.06627,0.0648,0.06499,2243255.0,2026-01-26 22:59:59.999,146617.12730000,1739,939190.00000000,61379.38272000,0
2026-01-26 23:00:00,0.065,0.06537,0.06475,0.06488,2092781.0,2026-01-26 23:59:59.999,136087.36154000,1592,1491864.00000000,97031.74099000,0
2026-01-27 00:00:00,0.0649,0.06501,0.06458,0.06459,871364.0,2026-01-27 00:59:59.999,56405.46751000,776,491315.00000000,31804.54931000,0
2026-01-27 01:00:00,0.06458,0.06482,0.06442,0.06469,1210980.0,2026-01-27 01:59:59.999,78203.48903000,1141,732440.00000000,47304.21598000,0
2026-01-27 02:00:00,0.0647,0.06511,0.06442,0.06448,1319578.0,2026-01-27 02:59:59.999,85300.80076000,1267,854985.00000000,55261.13321000,0
2026-01-27 03:00:00,0.06448,0.06454,0.06397,0.06398,1236187.0,2026-01-27 03:59:59.999,79383.87683000,897,740566.00000000,47568.06347000,0
2026-01-27 04:00:00,0.06396,0.06417,0.06371,0.06371,1185685.0,2026-01-27 04:59:59.999,75804.43065000,1000,756529.00000000,48370.00046000,0
2026-01-27 05:00:00,0.06374,0.06375,0.06321,0.06321,1816974.0,2026-01-27 05:59:59.999,115259.65862000,1202,1093003.00000000,69345.66930000,0
2026-01-27 06:00:00,0.06321,0.06329,0.06284,0.0629,1508536.0,2026-01-27 06:59:59.999,95080.59871000,1094,868342.00000000,54734.99074000,0
2026-01-27 07:00:00,0.0629,0.06312,0.06282,0.06288,1182974.0,2026-01-27 07:59:59.999,74456.82692000,575,558339.00000000,35150.09504000,0
2026-01-27 08:00:00,0.06289,0.06322,0.06279,0.06307,1319497.0,2026-01-27 08:59:59.999,83077.06714000,724,602728.00000000,37953.78253000,0
2026-01-27 09:00:00,0.06309,0.06332,0.06272,0.06314,1749301.0,2026-01-27 09:59:59.999,110235.61942000,764,894723.00000000,56415.67282000,0
2026-01-27 10:00:00,0.06315,0.06337,0.06292,0.06304,1273242.0,2026-01-27 10:59:59.999,80434.51729000,567,479172.00000000,30263.12809000,0
2026-01-27 11:00:00,0.06298,0.06304,0.06287,0.0629,675676.0,2026-01-27 11:59:59.999,42519.84817000,355,227475.00000000,14316.45626000,0
2026-01-27 12:00:00,0.0629,0.06318,0.06281,0.06309,1038925.0,2026-01-27 12:59:59.999,65403.98868000,529,417203.00000000,26271.12750000,0
2026-01-27 13:00:00,0.06309,0.06342,0.06297,0.06303,684256.0,2026-01-27 13:59:59.999,43236.90049000,422,268274.00000000,16959.40462000,0
2026-01-27 14:00:00,0.06303,0.0632,0.06261,0.06292,1505359.0,2026-01-27 14:59:59.999,94649.65543000,934,718767.00000000,45175.64822000,0
2026-01-27 15:00:00,0.06292,0.0632,0.06279,0.06314,1315392.0,2026-01-27 15:59:59.999,82739.91568000,697,473788.00000000,29806.41934000,0
2026-01-27 16:00:00,0.06314,0.06385,0.06314,0.06373,1580540.0,2026-01-27 16:59:59.999,100489.22500000,952,893731.00000000,56865.20917000,0
2026-01-27 17:00:00,0.06375,0.06378,0.06322,0.06337,1024621.0,2026-01-27 17:59:59.999,65040.94735000,852,202282.00000000,12835.20691000,0
2026-01-27 18:00:00,0.06338,0.06347,0.06324,0.06338,1199873.0,2026-01-27 18:59:59.999,76051.36277000,1014,193807.00000000,12288.18189000,0
2026-01-27 19:00:00,0.06338,0.06354,0.06328,0.06352,621188.0,2026-01-27 19:59:59.999,39390.35624000,475,173128.00000000,10984.53036000,0
2026-01-27 20:00:00,0.0635,0.06358,0.06332,0.06351,815863.0,2026-01-27 20:59:59.999,51788.85350000,581,540998.00000000,34337.72609000,0
2026-01-27 21:00:00,0.06349,0.06363,0.06333,0.06347,711845.0,2026-01-27 21:59:59.999,45200.76442000,359,313421.00000000,19899.32374000,0
2026-01-27 22:00:00,0.06347,0.06355,0.0632,0.06328,744415.0,2026-01-27 22:59:59.999,47165.19795000,580,222003.00000000,14073.43339000,0
2026-01-27 23:00:00,0.06327,0.064,0.06327,0.06376,740228.0,2026-01-27 23:59:59.999,47239.95481000,595,332300.00000000,21195.38590000,0
2026-01-28 00:00:00,0.0638,0.06403,0.06379,0.064,1747578.0,2026-01-28 00:59:59.999,111821.33637000,822,1402476.00000000,89748.20702000,0
2026-01-28 01:00:00,0.064,0.065,0.06399,0.06487,4016997.0,2026-01-28 01:59:59.999,259861.77881000,3653,2717375.00000000,175691.13099000,0
2026-01-28 02:00:00,0.06487,0.06493,0.06482,0.06486,750258.0,2026-01-28 02:59:59.999,48660.30586000,899,466032.00000000,30227.73803000,0
2026-01-28 03:00:00,0.06487,0.06499,0.06451,0.06482,1228078.0,2026-01-28 03:59:59.999,79600.50920000,3058,773790.00000000,50162.29989000,0
2026-01-28 04:00:00,0.06482,0.06499,0.06478,0.06484,928586.0,2026-01-28 04:59:59.999,60231.08089000,2224,428226.00000000,27781.50063000,0
2026-01-28 05:00:00,0.06484,0.06507,0.06474,0.06507,542977.0,2026-01-28 05:59:59.999,35221.49519000,1420,294881.00000000,19129.49522000,0
2026-01-28 06:00:00,0.06507,0.06518,0.06482,0.06506,491381.0,2026-01-28 06:59:59.999,31928.43816000,687,192657.00000000,12510.61562000,0
2026-01-28 07:00:00,0.06507,0.06525,0.065,0.06513,604318.0,2026-01-28 07:59:59.999,39348.83748000,403,191837.00000000,12492.45745000,0
2026-01-28 08:00:00,0.06514,0.06531,0.065,0.06511,526095.0,2026-01-28 08:59:59.999,34262.70362000,249,269665.00000000,17552.77248000,0
2026-01-28 09:00:00,0.06512,0.06575,0.06497,0.06559,1054871.0,2026-01-28 09:59:59.999,69051.82329000,476,655277.00000000,42928.89315000,0
2026-01-28 10:00:00,0.06558,0.06597,0.06539,0.06597,577515.0,2026-01-28 10:59:59.999,37936.15048000,381,275567.00000000,18115.91471000,0
2026-01-28 11:00:00,0.06598,0.06663,0.06538,0.06655,1112192.0,2026-01-28 11:59:59.999,73536.85737000,761,473138.00000000,31288.73262000,0
2026-01-28 12:00:00,0.06655,0.06655,0.06534,0.06559,837764.0,2026-01-28 12:59:59.999,55189.68762000,776,324593.00000000,21352.58509000,0
2026-01-28 13:00:00,0.06562,0.06583,0.06524,0.06526,1528777.0,2026-01-28 13:59:59.999,100189.38108000,974,729260.00000000,47756.52702000,0
2026-01-28 14:00:00,0.06527,0.06551,0.06481,0.06501,1357197.0,2026-01-28 14:59:59.999,88440.16610000,832,547262.00000000,35675.57620000,0
2026-01-28 15:00:00,0.06501,0.06519,0.06461,0.06481,3470150.0,2026-01-28 15:59:59.999,225292.53064000,1941,1946439.00000000,126414.83743000,0
2026-01-28 16:00:00,0.06484,0.06582,0.06481,0.06561,2320566.0,2026-01-28 16:59:59.999,151447.73587000,1262,575537.00000000,37518.65471000,0
2026-01-28 17:00:00,0.06562,0.06667,0.06562,0.06658,2231852.0,2026-01-28 17:59:59.999,147509.19135000,1310,621798.00000000,41101.76770000,0
2026-01-28 18:00:00,0.06658,0.06668,0.0657,0.06612,1422022.0,2026-01-28 18:59:59.999,94032.04297000,984,495478.00000000,32743.80648000,0
2026-01-28 19:00:00,0.06612,0.06699,0.06598,0.06695,3606189.0,2026-01-28 19:59:59.999,239813.78421000,1926,2252121.00000000,149846.05893000,0
2026-01-28 20:00:00,0.06695,0.06719,0.06682,0.06696,1921816.0,2026-01-28 20:59:59.999,128769.78111000,1195,604214.00000000,40485.59569000,0
2026-01-28 21:00:00,0.06697,0.06719,0.06683,0.06708,1397446.0,2026-01-28 21:59:59.999,93658.25592000,828,384180.00000000,25753.41833000,0
2026-01-28 22:00:00,0.06711,0.06724,0.06683,0.06704,1120402.0,2026-01-28 22:59:59.999,75117.97246000,808,462585.00000000,31000.62460000,0
2026-01-28 23:00:00,0.06707,0.06755,0.06692,0.06753,1734658.0,2026-01-28 23:59:59.999,116668.31955000,1657,739431.00000000,49742.61075000,0
2026-01-29 00:00:00,0.06752,0.06752,0.06693,0.06717,928847.0,2026-01-29 00:59:59.999,62373.54654000,1087,315779.00000000,21196.76746000,0
2026-01-29 01:00:00,0.06716,0.06727,0.06645,0.06657,1722349.0,2026-01-29 01:59:59.999,114941.99888000,1487,957984.00000000,63888.93053000,0
2026-01-29 02:00:00,0.06656,0.06703,0.06603,0.06654,1760634.0,2026-01-29 02:59:59.999,117165.74272000,2009,695896.00000000,46303.02842000,0
2026-01-29 03:00:00,0.06652,0.06673,0.06592,0.066,1474999.0,2026-01-29 03:59:59.999,97782.21454000,1513,623772.00000000,41350.26069000,0
2026-01-29 04:00:00,0.06601,0.06611,0.06577,0.06598,891232.0,2026-01-29 04:59:59.999,58789.04955000,1158,354248.00000000,23364.36173000,0
2026-01-29 05:00:00,0.06599,0.0662,0.0659,0.06603,1134549.0,2026-01-29 05:59:59.999,74903.80582000,1052,619103.00000000,40874.69529000,0
2026-01-29 06:00:00,0.06602,0.06618,0.06592,0.06613,861213.0,2026-01-29 06:59:59.999,56858.87816000,728,350889.00000000,23168.63022000,0
2026-01-29 07:00:00,0.06614,0.06632,0.06594,0.06601,1108594.0,2026-01-29 07:59:59.999,73260.32759000,828,518804.00000000,34277.03040000,0
2026-01-29 08:00:00,0.066,0.06631,0.06589,0.06593,1281632.0,2026-01-29 08:59:59.999,84597.44183000,998,548963.00000000,36255.04440000,0
2026-01-29 09:00:00,0.06593,0.06612,0.06499,0.06512,2153113.0,2026-01-29 09:59:59.999,140836.02156000,1603,929725.00000000,60711.18373000,0
2026-01-29 10:00:00,0.06513,0.06526,0.06503,0.06512,774128.0,2026-01-29 10:59:59.999,50399.37082000,654,292708.00000000,19058.09664000,0
2026-01-29 11:00:00,0.06512,0.06517,0.06492,0.06515,1292996.0,2026-01-29 11:59:59.999,84099.69348000,954,578096.00000000,37604.39111000,0
2026-01-29 12:00:00,0.06517,0.06604,0.06515,0.06604,2827530.0,2026-01-29 12:59:59.999,185305.66461000,1621,1583784.00000000,103709.88940000,0
2026-01-29 13:00:00,0.06604,0.067,0.0659,0.0665,2458599.0,2026-01-29 13:59:59.999,163386.70238000,2214,897987.00000000,59654.45685000,0
2026-01-29 14:00:00,0.06649,0.06695,0.06607,0.06618,2521647.0,2026-01-29 14:59:59.999,167806.67546000,2346,1117526.00000000,74361.22990000,0
2026-01-29 15:00:00,0.06618,0.06628,0.06237,0.06416,38807166.0,2026-01-29 15:59:59.999,2486817.84112000,25562,13530574.00000000,867794.60621000,0
2026-01-29 16:00:00,0.06417,0.06499,0.06402,0.06474,3999846.0,2026-01-29 16:59:59.999,258705.39705000,6521,2802373.00000000,181295.37024000,0
2026-01-29 17:00:00,0.06475,0.06502,0.0644,0.06496,2405706.0,2026-01-29 17:59:59.999,156210.86440000,1798,1684002.00000000,109379.79202000,0
2026-01-29 18:00:00,0.06496,0.06502,0.06456,0.06486,3335840.0,2026-01-29 18:59:59.999,216368.80572000,3271,2285391.00000000,148224.94614000,0
2026-01-29 19:00:00,0.06485,0.06505,0.0647,0.06486,3302993.0,2026-01-29 19:59:59.999,214245.38536000,2859,2518860.00000000,163394.42298000,0
2026-01-29 20:00:00,0.06487,0.065,0.06483,0.06487,366312.0,2026-01-29 20:59:59.999,23771.77573000,578,170147.00000000,11038.25129000,0
2026-01-29 21:00:00,0.06487,0.065,0.0648,0.06498,316815.0,2026-01-29 21:59:59.999,20573.00988000,349,173516.00000000,11269.65553000,0
2026-01-29 22:00:00,0.06498,0.06501,0.06488,0.06498,827972.0,2026-01-29 22:59:59.999,53799.95742000,313,439201.00000000,28543.83897000,0
2026-01-29 23:00:00,0.06499,0.06507,0.06477,0.06506,521177.0,2026-01-29 23:59:59.999,33837.96428000,564,271886.00000000,17650.45502000,0
2026-01-30 00:00:00,0.06506,0.0654,0.06482,0.06486,548797.0,2026-01-30 00:59:59.999,35666.66506000,775,288877.00000000,18759.87129000,0
2026-01-30 01:00:00,0.06485,0.06528,0.06426,0.06486,3758284.0,2026-01-30 01:59:59.999,243465.27135000,5941,2500279.00000000,161979.82075000,0
2026-01-30 02:00:00,0.06487,0.06492,0.06404,0.0644,3573293.0,2026-01-30 02:59:59.999,231485.73248000,4228,2617818.00000000,169662.84568000,0
2026-01-30 03:00:00,0.06441,0.06459,0.06406,0.06417,277246.0,2026-01-30 03:59:59.999,17836.69262000,515,172901.00000000,11122.01880000,0
2026-01-30 04:00:00,0.06417,0.06497,0.06416,0.06429,707661.0,2026-01-30 04:59:59.999,45748.87577000,1205,434571.00000000,28109.19264000,0
2026-01-30 05:00:00,0.06431,0.06445,0.0642,0.06425,271799.0,2026-01-30 05:59:59.999,17479.17079000,424,140186.00000000,9019.18146000,0
2026-01-30 06:00:00,0.06424,0.06427,0.06393,0.06403,571074.0,2026-01-30 06:59:59.999,36596.34583000,778,225849.00000000,14472.00932000,0
2026-01-30 07:00:00,0.06405,0.06492,0.06401,0.06473,827497.0,2026-01-30 07:59:59.999,53418.70448000,937,350206.00000000,22617.57894000,0
2026-01-30 08:00:00,0.06475,0.06478,0.06394,0.06404,710158.0,2026-01-30 08:59:59.999,45645.34544000,893,358046.00000000,22999.34437000,0
2026-01-30 09:00:00,0.06405,0.06418,0.06386,0.06404,590838.0,2026-01-30 09:59:59.999,37826.71730000,967,313499.00000000,20073.45958000,0
2026-01-30 10:00:00,0.06403,0.06417,0.06394,0.06398,388860.0,2026-01-30 10:59:59.999,24898.14519000,648,171122.00000000,10957.35989000,0
2026-01-30 11:00:00,0.064,0.06425,0.06389,0.06414,1073774.0,2026-01-30 11:59:59.999,68733.50803000,962,653616.00000000,41833.12318000,0
2026-01-30 12:00:00,0.06412,0.06412,0.06366,0.06384,942930.0,2026-01-30 12:59:59.999,60215.14522000,1147,352552.00000000,22518.96289000,0
2026-01-30 13:00:00,0.06384,0.06481,0.06379,0.06481,2588109.0,2026-01-30 13:59:59.999,166189.80161000,1796,1232287.00000000,79084.46614000,0
2026-01-30 14:00:00,0.06481,0.06524,0.06444,0.0646,1674343.0,2026-01-30 14:59:59.999,108591.96540000,1801,554206.00000000,35965.83590000,0
2026-01-30 15:00:00,0.06461,0.06523,0.06074,0.06492,9175212.0,2026-01-30 15:59:59.999,591274.71641000,6376,2621104.00000000,169389.23925000,0
2026-01-30 16:00:00,0.06492,0.06503,0.06452,0.06487,990669.0,2026-01-30 16:59:59.999,64199.21177000,1423,427691.00000000,27699.41148000,0
2026-01-30 17:00:00,0.06487,0.06541,0.06467,0.06495,1820350.0,2026-01-30 17:59:59.999,118457.03832000,1228,1291537.00000000,84105.42059000,0
2026-01-30 18:00:00,0.06496,0.06503,0.06322,0.06476,3005389.0,2026-01-30 18:59:59.999,191754.22191000,2695,881386.00000000,56385.24345000,0
2026-01-30 19:00:00,0.06476,0.06659,0.06476,0.06563,6295870.0,2026-01-30 19:59:59.999,414304.22866000,7485,2797219.00000000,183968.14330000,0
2026-01-30 20:00:00,0.06563,0.0664,0.06456,0.06471,4355628.0,2026-01-30 20:59:59.999,284745.44355000,4658,2025701.00000000,132547.19910000,0
2026-01-30 21:00:00,0.06472,0.06514,0.06463,0.06478,857831.0,2026-01-30 21:59:59.999,55652.37872000,1209,415482.00000000,26969.58740000,0
2026-01-30 22:00:00,0.06477,0.06477,0.06398,0.06443,545410.0,2026-01-30 22:59:59.999,35104.83337000,523,240158.00000000,15440.78672000,0
2026-01-30 23:00:00,0.06444,0.06469,0.06315,0.06419,3019428.0,2026-01-30 23:59:59.999,194065.63409000,1802,593449.00000000,38200.16426000,0
2026-01-31 00:00:00,0.06416,0.06429,0.06305,0.06364,5360455.0,2026-01-31 00:59:59.999,340782.43648000,2408,1175257.00000000,74656.14650000,0
2026-01-31 01:00:00,0.06364,0.06389,0.06359,0.06382,383551.0,2026-01-31 01:59:59.999,24461.25368000,514,277014.00000000,17666.04043000,0
2026-01-31 02:00:00,0.06382,0.06418,0.06359,0.06411,450471.0,2026-01-31 02:59:59.999,28796.51812000,578,203885.00000000,13024.44420000,0
2026-01-31 03:00:00,0.06412,0.06439,0.06407,0.06423,486399.0,2026-01-31 03:59:59.999,31229.52212000,482,134883.00000000,8661.02255000,0
2026-01-31 04:00:00,0.06423,0.06431,0.06412,0.06423,171057.0,2026-01-31 04:59:59.999,10982.12247000,277,56980.00000000,3658.78941000,0
2026-01-31 05:00:00,0.06423,0.06423,0.06409,0.06413,324338.0,2026-01-31 05:59:59.999,20801.37899000,331,72979.00000000,4680.36456000,0
2026-01-31 06:00:00,0.06412,0.06432,0.0636,0.06403,1263130.0,2026-01-31 06:59:59.999,80800.06568000,1288,553960.00000000,35424.97528000,0
2026-01-31 07:00:00,0.06402,0.06407,0.06343,0.06406,1276332.0,2026-01-31 07:59:59.999,81315.10786000,1185,568640.00000000,36194.95579000,0
2026-01-31 08:00:00,0.06405,0.06424,0.06342,0.06413,1501296.0,2026-01-31 08:59:59.999,95804.86234000,2054,586623.00000000,37429.70324000,0
2026-01-31 09:00:00,0.06414,0.06448,0.06406,0.06409,399624.0,2026-01-31 09:59:59.999,25695.51101000,515,89507.00000000,5753.94256000,0
2026-01-31 10:00:00,0.06409,0.06413,0.06368,0.06387,839019.0,2026-01-31 10:59:59.999,53540.82127000,819,286477.00000000,18292.91648000,0
2026-01-31 11:00:00,0.06386,0.06386,0.06345,0.06382,1698837.0,2026-01-31 11:59:59.999,108111.13000000,1348,336588.00000000,21432.15506000,0
2026-01-31 12:00:00,0.0638,0.06399,0.06366,0.06383,878444.0,2026-01-31 12:59:59.999,56083.14955000,662,310224.00000000,19808.22387000,0
2026-01-31 13:00:00,0.06384,0.06397,0.06368,0.0637,639427.0,2026-01-31 13:59:59.999,40801.02910000,674,167689.00000000,10699.74799000,0
2026-01-31 14:00:00,0.06371,0.0639,0.06195,0.06259,3714020.0,2026-01-31 14:59:59.999,232407.10732000,6335,1671463.00000000,104496.62004000,0
2026-01-31 15:00:00,0.06258,0.06271,0.06116,0.0618,8438405.0,2026-01-31 15:59:59.999,520190.27631000,5819,3841017.00000000,236528.46436000,0
2026-01-31 16:00:00,0.06181,0.06252,0.0615,0.06171,3370489.0,2026-01-31 16:59:59.999,208344.06626000,3936,1728500.00000000,106831.92717000,0
2026-01-31 17:00:00,0.06171,0.06185,0.05983,0.06052,11379463.0,2026-01-31 17:59:59.999,692162.42544000,13403,6747997.00000000,410300.42743000,0
2026-01-31 18:00:00,0.06052,0.06089,0.05824,0.05905,9186042.0,2026-01-31 18:59:59.999,547790.32434000,9379,4381038.00000000,260870.50503000,0
2026-01-31 19:00:00,0.05907,0.06041,0.059,0.05986,6012268.0,2026-01-31 19:59:59.999,360114.20448000,6522,3123719.00000000,187086.23728000,0
2026-01-31 20:00:00,0.05985,0.06037,0.05926,0.06019,20603187.0,2026-01-31 20:59:59.999,1234088.96705000,17170,8478026.00000000,508176.36644000,0
2026-01-31 21:00:00,0.0602,0.06045,0.0596,0.06006,7058778.0,2026-01-31 21:59:59.999,424161.76363000,4629,1948855.00000000,117264.57023000,0
2026-01-31 22:00:00,0.06007,0.06051,0.06002,0.06035,4388924.0,2026-01-31 22:59:59.999,264662.35632000,2990,2392702.00000000,144327.03294000,0
2026-01-31 23:00:00,0.06034,0.06142,0.06028,0.06099,10398098.0,2026-01-31 23:59:59.999,634823.19305000,8084,3817239.00000000,233313.78665000,0
2026-02-01 00:00:00,0.06098,0.06191,0.06081,0.06174,3980852.0,2026-02-01 00:59:59.999,244678.70102000,3119,916221.00000000,56387.19314000,0
2026-02-01 01:00:00,0.06174,0.06181,0.06097,0.06117,3012600.0,2026-02-01 01:59:59.999,185258.46259000,2788,942731.00000000,57975.03329000,0
2026-02-01 02:00:00,0.06118,0.06164,0.06105,0.0616,1106628.0,2026-02-01 02:59:59.999,67966.14511000,1256,214150.00000000,13149.53499000,0
2026-02-01 03:00:00,0.0616,0.06169,0.06132,0.0616,639889.0,2026-02-01 03:59:59.999,39392.90888000,861,90732.00000000,5584.35121000,0
2026-02-01 04:00:00,0.06161,0.06182,0.06139,0.06155,1154698.0,2026-02-01 04:59:59.999,71185.81689000,846,371079.00000000,22858.84679000,0
2026-02-01 05:00:00,0.06153,0.06157,0.06109,0.06128,513875.0,2026-02-01 05:59:59.999,31527.78254000,579,71158.00000000,4362.67568000,0
2026-02-01 06:00:00,0.06129,0.0616,0.06111,0.06124,1052999.0,2026-02-01 06:59:59.999,64657.48204000,846,127913.00000000,7851.16362000,0
2026-02-01 07:00:00,0.06122,0.06166,0.061,0.06133,1628294.0,2026-02-01 07:59:59.999,99804.73876000,1466,292245.00000000,17919.13852000,0
2026-02-01 08:00:00,0.06133,0.06166,0.06128,0.06145,1663600.0,2026-02-01 08:59:59.999,102142.13838000,1248,335127.00000000,20587.16886000,0
2026-02-01 09:00:00,0.06148,0.06179,0.06137,0.0617,509548.0,2026-02-01 09:59:59.999,31328.87601000,637,178309.00000000,10960.49269000,0
2026-02-01 10:00:00,0.06171,0.06171,0.06117,0.06129,1456911.0,2026-02-01 10:59:59.999,89378.25113000,1623,533290.00000000,32717.90873000,0
2026-02-01 11:00:00,0.0613,0.06182,0.0613,0.06163,498003.0,2026-02-01 11:59:59.999,30639.58139000,708,131596.00000000,8089.48646000,0
2026-02-01 12:00:00,0.06162,0.06162,0.06122,0.06142,886968.0,2026-02-01 12:59:59.999,54463.66702000,972,194905.00000000,11968.76488000,0
2026-02-01 13:00:00,0.06144,0.06163,0.06123,0.06137,685859.0,2026-02-01 13:59:59.999,42116.31768000,708,156148.00000000,9584.25744000,0
2026-02-01 14:00:00,0.06137,0.0614,0.06019,0.06093,1864280.0,2026-02-01 14:59:59.999,113444.58962000,2131,581007.00000000,35242.50420000,0
2026-02-01 15:00:00,0.06091,0.06114,0.06018,0.06077,3949561.0,2026-02-01 15:59:59.999,239525.25067000,4368,1137282.00000000,68964.12979000,0
2026-02-01 16:00:00,0.06076,0.06111,0.06045,0.06084,3650479.0,2026-02-01 16:59:59.999,221729.50294000,3598,771171.00000000,46840.53635000,0
2026-02-01 17:00:00,0.06085,0.06105,0.06067,0.06104,2373258.0,2026-02-01 17:59:59.999,144427.11324000,2127,380793.00000000,23168.36764000,0
2026-02-01 18:00:00,0.06104,0.06178,0.06101,0.06147,7952315.0,2026-02-01 18:59:59.999,488924.41451000,5657,1761806.00000000,108330.03430000,0
2026-02-01 19:00:00,0.06148,0.06162,0.06075,0.0609,3135479.0,2026-02-01 19:59:59.999,191671.44068000,2388,510418.00000000,31241.06633000,0
2026-02-01 20:00:00,0.0609,0.06147,0.06056,0.06087,3538494.0,2026-02-01 20:59:59.999,215534.51157000,2755,805499.00000000,49077.65798000,0
2026-02-01 21:00:00,0.06088,0.06093,0.06031,0.06039,859370.0,2026-02-01 21:59:59.999,52089.50293000,1405,260111.00000000,15772.15139000,0
2026-02-01 22:00:00,0.0604,0.06123,0.0604,0.06097,974002.0,2026-02-01 22:59:59.999,59269.78914000,1031,308796.00000000,18792.48977000,0
2026-02-01 23:00:00,0.06098,0.0615,0.05985,0.0613,4143624.0,2026-02-01 23:59:59.999,251714.34363000,5237,1775421.00000000,107791.37785000,0
2026-02-02 00:00:00,0.0613,0.06216,0.06108,0.06182,2695040.0,2026-02-02 00:59:59.999,166325.39887000,2551,965861.00000000,59610.20743000,0
2026-02-02 01:00:00,0.06183,0.06207,0.06102,0.06176,3017218.0,2026-02-02 01:59:59.999,185729.95117000,2586,754599.00000000,46509.49956000,0
2026-02-02 02:00:00,0.06176,0.06179,0.06094,0.06102,5634370.0,2026-02-02 02:59:59.999,346218.41771000,3306,1216678.00000000,74801.16608000,0
2026-02-02 03:00:00,0.06103,0.06103,0.05866,0.06007,12014524.0,2026-02-02 03:59:59.999,713512.76403000,5884,8692942.00000000,515245.51146000,0
2026-02-02 04:00:00,0.06009,0.06037,0.059,0.06006,7882470.0,2026-02-02 04:59:59.999,470076.37603000,4097,2117425.00000000,126410.79511000,0
2026-02-02 05:00:00,0.06006,0.06008,0.0596,0.05983,2863777.0,2026-02-02 05:59:59.999,171473.48218000,2585,1671766.00000000,100129.20553000,0
2026-02-02 06:00:00,0.05984,0.06063,0.05943,0.06024,1816175.0,2026-02-02 06:59:59.999,108775.71775000,2737,870497.00000000,52140.35693000,0
2026-02-02 07:00:00,0.06025,0.0607,0.06005,0.06009,836992.0,2026-02-02 07:59:59.999,50514.32568000,1791,376396.00000000,22718.34190000,0
2026-02-02 08:00:00,0.0601,0.06039,0.06005,0.06016,704805.0,2026-02-02 08:59:59.999,42437.48221000,1352,268600.00000000,16175.93248000,0
2026-02-02 09:00:00,0.06016,0.06072,0.05995,0.06059,1770942.0,2026-02-02 09:59:59.999,106835.85007000,2163,721750.00000000,43537.21799000,0
2026-02-02 10:00:00,0.0606,0.06078,0.06039,0.06051,431079.0,2026-02-02 10:59:59.999,26116.32829000,679,118545.00000000,7183.27619000,0
2026-02-02 11:00:00,0.06053,0.06082,0.06049,0.06058,649067.0,2026-02-02 11:59:59.999,39373.04651000,858,362061.00000000,21959.50656000,0
2026-02-02 12:00:00,0.06059,0.06111,0.06047,0.06054,4075089.0,2026-02-02 12:59:59.999,247016.49903000,1733,2850300.00000000,172732.47840000,0
2026-02-02 13:00:00,0.06054,0.06095,0.06051,0.06088,5232269.0,2026-02-02 13:59:59.999,317437.41941000,1662,4247427.00000000,257698.49522000,0
2026-02-02 14:00:00,0.06087,0.06168,0.06078,0.06148,6312623.0,2026-02-02 14:59:59.999,386616.78905000,3097,1765576.00000000,108043.25823000,0
2026-02-02 15:00:00,0.06147,0.06279,0.06126,0.06275,4058137.0,2026-02-02 15:59:59.999,252774.87605000,2787,1018102.00000000,63363.44260000,0
2026-02-02 16:00:00,0.06277,0.06309,0.06252,0.06268,5695553.0,2026-02-02 16:59:59.999,357672.57150000,3084,959866.00000000,60271.14647000,0
2026-02-02 17:00:00,0.06269,0.06306,0.06264,0.06288,3647370.0,2026-02-02 17:59:59.999,229233.33874000,2262,677212.00000000,42554.81643000,0
2026-02-02 18:00:00,0.06289,0.0629,0.06253,0.06271,3689352.0,2026-02-02 18:59:59.999,231403.06856000,2315,628244.00000000,39403.93874000,0
2026-02-02 19:00:00,0.06273,0.06273,0.06227,0.06254,1695276.0,2026-02-02 19:59:59.999,105993.37018000,1317,253590.00000000,15847.23375000,0
2026-02-02 20:00:00,0.06253,0.06262,0.06207,0.0623,2683357.0,2026-02-02 20:59:59.999,167500.02032000,1853,372300.00000000,23223.71585000,0
2026-02-02 21:00:00,0.0623,0.06273,0.06225,0.06261,2495855.0,2026-02-02 21:59:59.999,156064.79261000,1565,440186.00000000,27536.42109000,0
2026-02-02 22:00:00,0.06262,0.06291,0.06262,0.06287,2352893.0,2026-02-02 22:59:59.999,147791.15547000,1014,224258.00000000,14082.75253000,0
2026-02-02 23:00:00,0.06286,0.06298,0.06274,0.06292,1587400.0,2026-02-02 23:59:59.999,99762.25430000,985,138644.00000000,8716.62458000,0
2026-02-03 00:00:00,0.06291,0.06306,0.06263,0.06305,2141552.0,2026-02-03 00:59:59.999,134456.72132000,1198,232507.00000000,14595.37217000,0
2026-02-03 01:00:00,0.06306,0.06314,0.06281,0.06303,1669917.0,2026-02-03 01:59:59.999,105176.95567000,1036,228506.00000000,14392.36857000,0
2026-02-03 02:00:00,0.06303,0.06304,0.06236,0.06254,10408940.0,2026-02-03 02:59:59.999,651726.11721000,4301,2376122.00000000,148814.33905000,0
2026-02-03 03:00:00,0.06253,0.06278,0.06157,0.06238,21569833.0,2026-02-03 03:59:59.999,1344943.06252000,7682,8863507.00000000,552481.70310000,0
2026-02-03 04:00:00,0.06237,0.06269,0.06209,0.0625,874109.0,2026-02-03 04:59:59.999,54533.08048000,992,247448.00000000,15436.17303000,0
2026-02-03 05:00:00,0.06249,0.06249,0.06204,0.06216,391906.0,2026-02-03 05:59:59.999,24394.58515000,606,94231.00000000,5867.25952000,0
2026-02-03 06:00:00,0.06216,0.06242,0.06191,0.06235,544276.0,2026-02-03 06:59:59.999,33802.84798000,653,246271.00000000,15291.49985000,0
2026-02-03 07:00:00,0.06235,0.06266,0.06224,0.06252,630893.0,2026-02-03 07:59:59.999,39444.66772000,837,152756.00000000,9548.81558000,0
2026-02-03 08:00:00,0.06254,0.06281,0.06249,0.06252,594426.0,2026-02-03 08:59:59.999,37235.05262000,733,186240.00000000,11666.06092000,0
2026-02-03 09:00:00,0.06253,0.06277,0.06173,0.06181,1794878.0,2026-02-03 09:59:59.999,111638.76668000,1616,622282.00000000,38624.31352000,0
2026-02-03 10:00:00,0.06182,0.06205,0.06148,0.06148,298777.0,2026-02-03 10:59:59.999,18463.72790000,572,113574.00000000,7019.53030000,0
2026-02-03 11:00:00,0.06149,0.06168,0.06136,0.06141,331632.0,2026-02-03 11:59:59.999,20400.17851000,640,205794.00000000,12661.26762000,0
2026-02-03 12:00:00,0.0614,0.06174,0.06127,0.06168,459806.0,2026-02-03 12:59:59.999,28303.95664000,624,253365.00000000,15588.78623000,0
2026-02-03 13:00:00,0.06168,0.06198,0.06161,0.06189,1031798.0,2026-02-03 13:59:59.999,63807.42087000,887,308126.00000000,19054.69702000,0
2026-02-03 14:00:00,0.06189,0.06195,0.06094,0.06094,2326153.0,2026-02-03 14:59:59.999,143408.19952000,1860,373184.00000000,22955.69974000,0
2026-02-03 15:00:00,0.06093,0.06204,0.0607,0.06198,1998285.0,2026-02-03 15:59:59.999,122518.86552000,3477,900382.00000000,55220.85963000,0
2026-02-03 16:00:00,0.06197,0.06197,0.06063,0.06067,1249563.0,2026-02-03 16:59:59.999,76591.44075000,2040,451625.00000000,27644.86715000,0
2026-02-03 17:00:00,0.06068,0.06077,0.0594,0.05943,933564.0,2026-02-03 17:59:59.999,56022.92172000,1765,473256.00000000,28379.31664000,0
2026-02-03 18:00:00,0.05944,0.05953,0.05794,0.05816,3764283.0,2026-02-03 18:59:59.999,220435.29761000,4751,1650754.00000000,96720.59060000,0
2026-02-03 19:00:00,0.05815,0.0604,0.05815,0.06022,5085650.0,2026-02-03 19:59:59.999,302816.42738000,3840,2168346.00000000,129012.12398000,0
2026-02-03 20:00:00,0.06022,0.06249,0.05971,0.06249,10933108.0,2026-02-03 20:59:59.999,670636.46909000,8737,5129484.00000000,313908.49416000,0
2026-02-03 21:00:00,0.06247,0.06274,0.06194,0.0622,7512471.0,2026-02-03 21:59:59.999,468057.25121000,4961,2122953.00000000,132265.59782000,0
2026-02-03 22:00:00,0.06221,0.06234,0.06102,0.06142,12866624.0,2026-02-03 22:59:59.999,794831.11521000,6599,6461510.00000000,399187.97360000,0
2026-02-03 23:00:00,0.06141,0.06173,0.06079,0.06166,13225688.0,2026-02-03 23:59:59.999,810647.72897000,8372,8660115.00000000,530879.90744000,0
2026-02-04 00:00:00,0.0617,0.06267,0.06154,0.06195,8735983.0,2026-02-04 00:59:59.999,542648.01351000,4629,3703159.00000000,230516.20083000,0
2026-02-04 01:00:00,0.06196,0.0625,0.06195,0.0621,1144953.0,2026-02-04 01:59:59.999,71297.87958000,1276,351735.00000000,21896.21163000,0
2026-02-04 02:00:00,0.0621,0.06239,0.06178,0.06207,2831643.0,2026-02-04 02:59:59.999,175750.28481000,1944,275527.00000000,17112.84842000,0
2026-02-04 03:00:00,0.06207,0.06268,0.06191,0.06251,1321902.0,2026-02-04 03:59:59.999,82431.25115000,1156,407026.00000000,25364.54025000,0
2026-02-04 04:00:00,0.06251,0.06262,0.06224,0.06236,271400.0,2026-02-04 04:59:59.999,16939.28668000,516,109705.00000000,6845.27999000,0
2026-02-04 05:00:00,0.06237,0.06245,0.06212,0.06233,2236225.0,2026-02-04 05:59:59.999,139353.72044000,742,256062.00000000,15957.56496000,0
2026-02-04 06:00:00,0.06236,0.06279,0.06222,0.06237,999399.0,2026-02-04 06:59:59.999,62493.35616000,1002,348451.00000000,21810.65066000,0
2026-02-04 07:00:00,0.06236,0.06259,0.062,0.06222,1016109.0,2026-02-04 07:59:59.999,63353.68253000,1042,336324.00000000,20960.43862000,0
2026-02-04 08:00:00,0.06222,0.06227,0.06213,0.06225,463535.0,2026-02-04 08:59:59.999,28831.05495000,501,198457.00000000,12343.28932000,0
2026-02-04 09:00:00,0.06226,0.06231,0.0621,0.06217,799390.0,2026-02-04 09:59:59.999,49703.28033000,765,128740.00000000,8006.88011000,0
2026-02-04 10:00:00,0.06218,0.06224,0.0621,0.06221,914212.0,2026-02-04 10:59:59.999,56843.44515000,376,85392.00000000,5309.40232000,0
2026-02-04 11:00:00,0.06221,0.06232,0.06183,0.06219,4063069.0,2026-02-04 11:59:59.999,252121.89830000,2323,754225.00000000,46794.22942000,0
2026-02-04 12:00:00,0.0622,0.06228,0.06196,0.06219,465571.0,2026-02-04 12:59:59.999,28926.98894000,615,140734.00000000,8742.91931000,0
2026-02-04 13:00:00,0.06218,0.06222,0.06121,0.06128,2810081.0,2026-02-04 13:59:59.999,173041.76450000,2121,542895.00000000,33445.71926000,0
2026-02-04 14:00:00,0.06127,0.06168,0.0606,0.06061,1775081.0,2026-02-04 14:59:59.999,108702.72263000,2568,744532.00000000,45599.74207000,0
2026-02-04 15:00:00,0.0606,0.06098,0.06005,0.06071,2458298.0,2026-02-04 15:59:59.999,148764.85193000,4478,1138477.00000000,68885.41847000,0
2026-02-04 16:00:00,0.06072,0.06133,0.06043,0.0609,2852418.0,2026-02-04 16:59:59.999,173549.34093000,3846,953489.00000000,58041.18753000,0
2026-02-04 17:00:00,0.06089,0.06109,0.05998,0.06017,3598742.0,2026-02-04 17:59:59.999,217200.66804000,3801,995065.00000000,60061.64265000,0
2026-02-04 18:00:00,0.06018,0.06153,0.0596,0.06129,8716710.0,2026-02-04 18:59:59.999,532104.89271000,7198,3382353.00000000,206570.85088000,0
2026-02-04 19:00:00,0.06128,0.0618,0.06085,0.06173,9334965.0,2026-02-04 19:59:59.999,572143.95162000,5815,2658147.00000000,163024.71158000,0
2026-02-04 20:00:00,0.06173,0.06177,0.06125,0.06137,7625047.0,2026-02-04 20:59:59.999,468949.29105000,4420,1398469.00000000,86057.17445000,0
2026-02-04 21:00:00,0.06136,0.06162,0.06048,0.06083,5995686.0,2026-02-04 21:59:59.999,366385.85137000,3582,1499829.00000000,91718.28931000,0
2026-02-04 22:00:00,0.06083,0.06117,0.06012,0.06034,4188489.0,2026-02-04 22:59:59.999,254072.55146000,2163,2371663.00000000,143867.15406000,0
2026-02-04 23:00:00,0.06033,0.06143,0.06006,0.06126,3645994.0,2026-02-04 23:59:59.999,221767.16448000,2692,1283139.00000000,77861.89530000,0
2026-02-05 00:00:00,0.06127,0.06128,0.06081,0.06095,462268.0,2026-02-05 00:59:59.999,28207.70504000,909,171122.00000000,10441.38112000,0
2026-02-05 01:00:00,0.06094,0.06143,0.06073,0.06084,1556612.0,2026-02-05 01:59:59.999,95002.97619000,2152,513711.00000000,31367.38523000,0
2026-02-05 02:00:00,0.06083,0.06126,0.06042,0.06059,1801830.0,2026-02-05 02:59:59.999,109571.63268000,2171,748697.00000000,45539.99800000,0
2026-02-05 03:00:00,0.0606,0.06084,0.06008,0.0602,1419250.0,2026-02-05 03:59:59.999,85762.82742000,1645,411617.00000000,24828.40676000,0
2026-02-05 04:00:00,0.06021,0.06034,0.05965,0.05997,1346721.0,2026-02-05 04:59:59.999,80854.00742000,2210,410566.00000000,24633.93618000,0
2026-02-05 05:00:00,0.05997,0.06025,0.05944,0.0598,2762938.0,2026-02-05 05:59:59.999,165087.93127000,2824,1113742.00000000,66546.12290000,0
2026-02-05 06:00:00,0.05981,0.05993,0.05954,0.05992,1935229.0,2026-02-05 06:59:59.999,115573.20716000,1895,854197.00000000,51013.08936000,0
2026-02-05 07:00:00,0.05992,0.06046,0.05988,0.05997,1069700.0,2026-02-05 07:59:59.999,64413.71302000,1432,372816.00000000,22450.11492000,0
2026-02-05 08:00:00,0.05998,0.06042,0.05982,0.06009,841592.0,2026-02-05 08:59:59.999,50543.73125000,1409,411477.00000000,24705.84931000,0
2026-02-05 09:00:00,0.0601,0.06066,0.0601,0.06034,953575.0,2026-02-05 09:59:59.999,57634.10335000,1320,407446.00000000,24607.34018000,0
2026-02-05 10:00:00,0.06034,0.06039,0.05975,0.05996,799809.0,2026-02-05 10:59:59.999,48064.55399000,1172,248684.00000000,14949.26216000,0
2026-02-05 11:00:00,0.05996,0.06017,0.05932,0.05958,4668092.0,2026-02-05 11:59:59.999,278568.97865000,3446,1229981.00000000,73428.95425000,0
2026-02-05 12:00:00,0.0596,0.05993,0.05854,0.05874,3175538.0,2026-02-05 12:59:59.999,187720.23831000,3090,854794.00000000,50490.21540000,0
2026-02-05 13:00:00,0.05873,0.05893,0.05833,0.05874,1724102.0,2026-02-05 13:59:59.999,101076.31093000,2093,622433.00000000,36499.10210000,0
2026-02-05 14:00:00,0.05876,0.06031,0.05875,0.05932,6503545.0,2026-02-05 14:59:59.999,387473.66888000,6805,2534196.00000000,151032.61681000,0
2026-02-05 15:00:00,0.05933,0.05954,0.0564,0.05776,14065837.0,2026-02-05 15:59:59.999,813349.75722000,13852,6198907.00000000,358418.06804000,0
2026-02-05 16:00:00,0.05777,0.05929,0.05714,0.05909,18066325.0,2026-02-05 16:59:59.999,1054573.06615000,13629,8190343.00000000,478426.66538000,0
2026-02-05 17:00:00,0.0591,0.05965,0.05831,0.05854,18453151.0,2026-02-05 17:59:59.999,1087857.42428000,15618,8951548.00000000,527679.87861000,0
2026-02-05 18:00:00,0.05855,0.05881,0.05773,0.05806,7892949.0,2026-02-05 18:59:59.999,459694.28464000,7519,2908424.00000000,169422.89606000,0
2026-02-05 19:00:00,0.05806,0.0585,0.0576,0.05769,8001372.0,2026-02-05 19:59:59.999,464181.57519000,6114,2460618.00000000,142784.85674000,0
2026-02-05 20:00:00,0.0577,0.05804,0.05529,0.05616,17708794.0,2026-02-05 20:59:59.999,1001050.52484000,16505,8887697.00000000,502044.42640000,0
2026-02-05 21:00:00,0.05614,0.05725,0.0558,0.0564,11795327.0,2026-02-05 21:59:59.999,666048.24694000,11184,6047102.00000000,341632.78800000,0
2026-02-05 22:00:00,0.05642,0.05702,0.05575,0.05609,8378832.0,2026-02-05 22:59:59.999,469600.02344000,4543,4115439.00000000,230618.09575000,0
2026-02-05 23:00:00,0.05608,0.05698,0.05518,0.05574,14302318.0,2026-02-05 23:59:59.999,806843.77713000,10196,7804389.00000000,440585.37977000,0
2026-02-06 00:00:00,0.05573,0.05672,0.05298,0.05609,14714261.0,2026-02-06 00:59:59.999,806728.03678000,19989,8210602.00000000,450455.66257000,0
2026-02-06 01:00:00,0.05609,0.05836,0.0559,0.05828,8892902.0,2026-02-06 01:59:59.999,511632.50790000,10179,5175598.00000000,297640.84444000,0
2026-02-06 02:00:00,0.05829,0.05869,0.05797,0.05839,15629748.0,2026-02-06 02:59:59.999,910871.14359000,12043,9685974.00000000,564380.67796000,0
2026-02-06 03:00:00,0.0584,0.05896,0.05786,0.05806,14706959.0,2026-02-06 03:59:59.999,857897.54816000,7675,3769715.00000000,219791.93109000,0
2026-02-06 04:00:00,0.05808,0.05887,0.0579,0.05861,6350369.0,2026-02-06 04:59:59.999,370347.21501000,4161,2277803.00000000,132984.59707000,0
2026-02-06 05:00:00,0.05862,0.0595,0.05825,0.05945,5054651.0,2026-02-06 05:59:59.999,297560.91240000,5115,1536623.00000000,90483.64604000,0
2026-02-06 06:00:00,0.05943,0.05959,0.05845,0.05855,2608905.0,2026-02-06 06:59:59.999,154335.64211000,2926,843500.00000000,49869.63957000,0
2026-02-06 07:00:00,0.05855,0.05898,0.05815,0.05869,8557808.0,2026-02-06 07:59:59.999,500796.84163000,5771,3586834.00000000,209936.92710000,0
2026-02-06 08:00:00,0.0587,0.05886,0.05821,0.05849,6990440.0,2026-02-06 08:59:59.999,408643.93732000,5043,2102303.00000000,122900.00361000,0
2026-02-06 09:00:00,0.05849,0.05947,0.05848,0.05943,3140187.0,2026-02-06 09:59:59.999,185377.52237000,3173,747072.00000000,44051.58859000,0
2026-02-06 10:00:00,0.05942,0.05981,0.05935,0.05969,3205340.0,2026-02-06 10:59:59.999,191044.08962000,2758,939736.00000000,56012.91414000,0
2026-02-06 11:00:00,0.05968,0.06029,0.05949,0.0602,4902988.0,2026-02-06 11:59:59.999,293622.96021000,3952,1687919.00000000,101212.66228000,0
2026-02-06 12:00:00,0.06019,0.06019,0.0598,0.06009,1062250.0,2026-02-06 12:59:59.999,63699.88663000,1266,140353.00000000,8412.39354000,0
2026-02-06 13:00:00,0.06009,0.06109,0.06006,0.06089,4634544.0,2026-02-06 13:59:59.999,280827.81709000,3718,1331977.00000000,80737.61704000,0
2026-02-06 14:00:00,0.06089,0.06145,0.06036,0.06136,5968554.0,2026-02-06 14:59:59.999,363618.65203000,5659,1298339.00000000,79124.85769000,0
2026-02-06 15:00:00,0.0614,0.06182,0.06124,0.06175,4467797.0,2026-02-06 15:59:59.999,275068.54267000,4946,1283080.00000000,79013.72730000,0
2026-02-06 16:00:00,0.06175,0.06255,0.0616,0.06227,4374614.0,2026-02-06 16:59:59.999,271839.09517000,3712,1070539.00000000,66533.71184000,0
2026-02-06 17:00:00,0.06228,0.06297,0.0619,0.06273,4754784.0,2026-02-06 17:59:59.999,297342.43235000,3243,1783128.00000000,111615.34873000,0
2026-02-06 18:00:00,0.06272,0.06274,0.06173,0.06196,2587768.0,2026-02-06 18:59:59.999,160896.02308000,2859,828702.00000000,51507.83966000,0
2026-02-06 19:00:00,0.06194,0.06345,0.06191,0.0634,6056914.0,2026-02-06 19:59:59.999,380853.90136000,4361,2184453.00000000,137317.27116000,0
2026-02-06 20:00:00,0.0634,0.0654,0.06319,0.06451,16953507.0,2026-02-06 20:59:59.999,1091679.85962000,9725,6506386.00000000,419236.29630000,0
2026-02-06 21:00:00,0.06451,0.06484,0.06429,0.06465,9080653.0,2026-02-06 21:59:59.999,585922.37892000,5750,2086972.00000000,134667.09425000,0
2026-02-06 22:00:00,0.06465,0.06523,0.06445,0.06475,4452050.0,2026-02-06 22:59:59.999,288009.01090000,2566,1858219.00000000,120269.63520000,0
2026-02-06 23:00:00,0.06475,0.06484,0.06355,0.06364,1285594.0,2026-02-06 23:59:59.999,82679.45195000,1601,409919.00000000,26291.92654000,0
2026-02-07 00:00:00,0.06365,0.06375,0.06323,0.06352,1331085.0,2026-02-07 00:59:59.999,84411.74281000,1825,624235.00000000,39584.68619000,0
2026-02-07 01:00:00,0.06353,0.06391,0.06338,0.06386,1321378.0,2026-02-07 01:59:59.999,84044.90008000,1486,405076.00000000,25763.00235000,0
2026-02-07 02:00:00,0.06385,0.06411,0.06373,0.06404,804876.0,2026-02-07 02:59:59.999,51471.31332000,963,255787.00000000,16365.70192000,0
2026-02-07 03:00:00,0.06405,0.0644,0.0639,0.06437,3002655.0,2026-02-07 03:59:59.999,192629.44952000,1845,1841899.00000000,118127.29673000,0
2026-02-07 04:00:00,0.06436,0.06483,0.06424,0.06474,2557286.0,2026-02-07 04:59:59.999,165263.71438000,2192,606802.00000000,39217.63204000,0
2026-02-07 05:00:00,0.06473,0.06498,0.06441,0.06455,4002948.0,2026-02-07 05:59:59.999,258868.86457000,2547,1389204.00000000,89868.06997000,0
2026-02-07 06:00:00,0.06454,0.06477,0.06362,0.06364,2688076.0,2026-02-07 06:59:59.999,172945.56852000,2122,582892.00000000,37464.07610000,0
2026-02-07 07:00:00,0.06365,0.06379,0.0625,0.06323,10159625.0,2026-02-07 07:59:59.999,640528.34712000,6607,3165096.00000000,199607.26382000,0
2026-02-07 08:00:00,0.06324,0.06364,0.06301,0.0635,3942809.0,2026-02-07 08:59:59.999,249764.15561000,2665,1129542.00000000,71552.38418000,0
2026-02-07 09:00:00,0.06349,0.06353,0.06311,0.06331,4796232.0,2026-02-07 09:59:59.999,303495.86590000,2879,1504601.00000000,95223.02536000,0
2026-02-07 10:00:00,0.06333,0.06344,0.06303,0.06338,8405000.0,2026-02-07 10:59:59.999,531475.18980000,4838,3356194.00000000,212285.39707000,0
2026-02-07 11:00:00,0.06338,0.06348,0.06305,0.06345,4629694.0,2026-02-07 11:59:59.999,293060.20913000,2383,1195674.00000000,75664.34654000,0
2026-02-07 12:00:00,0.06344,0.06471,0.06338,0.06395,4025533.0,2026-02-07 12:59:59.999,257968.26295000,3747,1076767.00000000,69000.68052000,0
2026-02-07 13:00:00,0.06396,0.0641,0.06348,0.06358,454076.0,2026-02-07 13:59:59.999,28915.63395000,875,272705.00000000,17353.96221000,0
2026-02-07 14:00:00,0.06359,0.06409,0.0635,0.06391,1052994.0,2026-02-07 14:59:59.999,67223.32313000,1507,314033.00000000,20037.93565000,0
2026-02-07 15:00:00,0.06392,0.06448,0.06379,0.06443,1144138.0,2026-02-07 15:59:59.999,73418.43761000,1538,388789.00000000,24923.33141000,0
2026-02-07 16:00:00,0.06444,0.06533,0.06416,0.06453,7316339.0,2026-02-07 16:59:59.999,473804.48635000,10559,3495844.00000000,226407.31081000,0
2026-02-07 17:00:00,0.06454,0.06479,0.06421,0.06479,1638112.0,2026-02-07 17:59:59.999,105652.06172000,1925,407671.00000000,26316.29789000,0
2026-02-07 18:00:00,0.06479,0.06508,0.06455,0.06495,1343532.0,2026-02-07 18:59:59.999,87131.42235000,1827,302477.00000000,19612.18629000,0
2026-02-07 19:00:00,0.06495,0.06513,0.06481,0.06495,3735621.0,2026-02-07 19:59:59.999,242659.79094000,2776,823638.00000000,53512.05446000,0
2026-02-07 20:00:00,0.06495,0.0653,0.06472,0.06511,1078524.0,2026-02-07 20:59:59.999,70132.09364000,972,282132.00000000,18354.20211000,0
2026-02-07 21:00:00,0.06512,0.06526,0.065,0.06514,8527727.0,2026-02-07 21:59:59.999,555467.40338000,4306,2075627.00000000,135233.48645000,0
2026-02-07 22:00:00,0.06514,0.0653,0.06481,0.06485,1765353.0,2026-02-07 22:59:59.999,114975.16272000,1101,424214.00000000,27631.36062000,0
2026-02-07 23:00:00,0.06484,0.06491,0.06448,0.06478,1560843.0,2026-02-07 23:59:59.999,100898.91888000,1125,416510.00000000,26927.23307000,0
2026-02-08 00:00:00,0.06478,0.06498,0.06456,0.06493,2140574.0,2026-02-08 00:59:59.999,138577.00086000,1370,534202.00000000,34596.77816000,0
2026-02-08 01:00:00,0.06491,0.06534,0.06479,0.06507,5946752.0,2026-02-08 01:59:59.999,386940.60174000,3588,1617187.00000000,105266.83335000,0
2026-02-08 02:00:00,0.06506,0.0652,0.06491,0.065,1041801.0,2026-02-08 02:59:59.999,67733.02798000,993,114894.00000000,7471.93003000,0
2026-02-08 03:00:00,0.06501,0.06508,0.06474,0.0649,3094524.0,2026-02-08 03:59:59.999,200894.30555000,2004,639860.00000000,41528.46353000,0
2026-02-08 04:00:00,0.0649,0.06509,0.06474,0.06504,3280774.0,2026-02-08 04:59:59.999,212951.61892000,1877,622379.00000000,40397.10620000,0
2026-02-08 05:00:00,0.06504,0.06508,0.06489,0.06498,1134715.0,2026-02-08 05:59:59.999,73725.42060000,885,118087.00000000,7673.27431000,0
2026-02-08 06:00:00,0.06498,0.06515,0.06484,0.06504,1370216.0,2026-02-08 06:59:59.999,89048.88746000,1063,251554.00000000,16347.75393000,0
2026-02-08 07:00:00,0.06506,0.06529,0.06494,0.06527,591109.0,2026-02-08 07:59:59.999,38495.80024000,609,183149.00000000,11928.41654000,0
2026-02-08 08:00:00,0.06528,0.06631,0.06522,0.06622,4468963.0,2026-02-08 08:59:59.999,294493.51222000,3604,1375814.00000000,90598.59576000,0
2026-02-08 09:00:00,0.06622,0.0663,0.0658,0.06588,1874087.0,2026-02-08 09:59:59.999,123724.22531000,2492,228390.00000000,15088.16576000,0
2026-02-08 10:00:00,0.06588,0.06626,0.06567,0.0661,13905496.0,2026-02-08 10:59:59.999,918275.56134000,7699,3944479.00000000,260459.73188000,0
2026-02-08 11:00:00,0.0661,0.06677,0.06601,0.06648,9257000.0,2026-02-08 11:59:59.999,614989.43115000,4668,3913367.00000000,260032.79049000,0
2026-02-08 12:00:00,0.06648,0.06676,0.06626,0.06674,6955728.0,2026-02-08 12:59:59.999,462416.94578000,3286,3244500.00000000,215562.36074000,0
2026-02-08 13:00:00,0.06674,0.06729,0.06657,0.06687,5873697.0,2026-02-08 13:59:59.999,393591.86355000,3999,1641315.00000000,110012.09475000,0
2026-02-08 14:00:00,0.06687,0.06692,0.06645,0.06655,1142394.0,2026-02-08 14:59:59.999,76061.33059000,1190,579423.00000000,38579.68389000,0
2026-02-08 15:00:00,0.06655,0.067,0.06649,0.06667,1555887.0,2026-02-08 15:59:59.999,103804.20888000,1825,394949.00000000,26340.79167000,0
2026-02-08 16:00:00,0.06666,0.06689,0.06623,0.06642,4464627.0,2026-02-08 16:59:59.999,296509.41096000,3811,1271007.00000000,84445.69232000,0
2026-02-08 17:00:00,0.06643,0.06672,0.06546,0.06667,7703915.0,2026-02-08 17:59:59.999,510824.38790000,5394,2790006.00000000,184376.08084000,0
2026-02-08 18:00:00,0.06666,0.0674,0.06655,0.06677,4769823.0,2026-02-08 18:59:59.999,319639.21912000,4418,1391761.00000000,93306.45740000,0
2026-02-08 19:00:00,0.06677,0.06787,0.06666,0.06784,2139143.0,2026-02-08 19:59:59.999,144174.33152000,2571,960088.00000000,64681.91710000,0
2026-02-08 20:00:00,0.06785,0.06806,0.06755,0.0678,13940780.0,2026-02-08 20:59:59.999,945634.40737000,9735,3978420.00000000,269989.51228000,0
2026-02-08 21:00:00,0.06778,0.06804,0.06748,0.0678,14400025.0,2026-02-08 21:59:59.999,975817.29040000,8467,4708498.00000000,319170.60469000,0
2026-02-08 22:00:00,0.06778,0.06819,0.06769,0.06779,6303634.0,2026-02-08 22:59:59.999,427904.28651000,3842,2112305.00000000,143467.29539000,0
2026-02-08 23:00:00,0.06779,0.0685,0.06713,0.06757,19028046.0,2026-02-08 23:59:59.999,1291607.61572000,13621,8961001.00000000,608581.58789000,0
2026-02-09 00:00:00,0.06752,0.06797,0.06728,0.06777,3152831.0,2026-02-09 00:59:59.999,213215.39061000,4925,1417176.00000000,95808.92483000,0
2026-02-09 01:00:00,0.06776,0.06782,0.06702,0.06748,3384984.0,2026-02-09 01:59:59.999,228302.20875000,4706,1480868.00000000,99806.32650000,0
2026-02-09 02:00:00,0.06747,0.06774,0.06683,0.06734,3023713.0,2026-02-09 02:59:59.999,203412.70755000,3488,945114.00000000,63599.65923000,0
2026-02-09 03:00:00,0.06735,0.06802,0.06732,0.06796,1824456.0,2026-02-09 03:59:59.999,123497.68518000,2284,797153.00000000,53988.38199000,0
2026-02-09 04:00:00,0.06794,0.06798,0.06656,0.06674,1944801.0,2026-02-09 04:59:59.999,130782.87961000,2176,933862.00000000,62716.84170000,0
2026-02-09 05:00:00,0.06674,0.06729,0.06673,0.06727,830987.0,2026-02-09 05:59:59.999,55735.94359000,1197,349041.00000000,23401.36321000,0
2026-02-09 06:00:00,0.06727,0.06737,0.067,0.0673,968912.0,2026-02-09 06:59:59.999,65072.71638000,1243,298442.00000000,20045.60936000,0
2026-02-09 07:00:00,0.0673,0.06765,0.06692,0.06743,1866041.0,2026-02-09 07:59:59.999,125678.01881000,1895,664530.00000000,44759.77575000,0
2026-02-09 08:00:00,0.06742,0.06794,0.06707,0.06784,2152242.0,2026-02-09 08:59:59.999,145238.61320000,2147,685841.00000000,46232.80607000,0
2026-02-09 09:00:00,0.06786,0.06823,0.06751,0.06775,2413884.0,2026-02-09 09:59:59.999,163770.68540000,2577,795196.00000000,53961.74132000,0
2026-02-09 10:00:00,0.06775,0.06783,0.06649,0.06668,2761699.0,2026-02-09 10:59:59.999,185243.24600000,3077,1125084.00000000,75364.47122000,0
2026-02-09 11:00:00,0.06669,0.06722,0.06666,0.06704,2354654.0,2026-02-09 11:59:59.999,157720.94291000,2942,967100.00000000,64785.67360000,0
2026-02-09 12:00:00,0.06704,0.06749,0.06704,0.06731,2757294.0,2026-02-09 12:59:59.999,185586.66570000,3118,777673.00000000,52351.17079000,0
2026-02-09 13:00:00,0.06732,0.06738,0.06625,0.06632,2704756.0,2026-02-09 13:59:59.999,180889.14681000,2785,800005.00000000,53399.18910000,0
2026-02-09 14:00:00,0.06633,0.06755,0.0659,0.0674,3522816.0,2026-02-09 14:59:59.999,234488.98019000,4206,1056433.00000000,70413.19919000,0
2026-02-09 15:00:00,0.06742,0.068,0.06715,0.06781,5163057.0,2026-02-09 15:59:59.999,348911.93025000,6187,1654528.00000000,111852.61898000,0
2026-02-09 16:00:00,0.06779,0.06886,0.06733,0.06865,13529490.0,2026-02-09 16:59:59.999,920724.08623000,12002,4899149.00000000,333274.22578000,0
2026-02-09 17:00:00,0.06865,0.06964,0.06842,0.06921,14032814.0,2026-02-09 17:59:59.999,966196.99924000,11667,4143116.00000000,285591.91674000,0
2026-02-09 18:00:00,0.06921,0.06962,0.0688,0.06925,9650418.0,2026-02-09 18:59:59.999,668785.85320000,7779,4252744.00000000,294725.12490000,0
2026-02-09 19:00:00,0.06925,0.07073,0.06902,0.07005,20400317.0,2026-02-09 19:59:59.999,1430517.65670000,13606,7653674.00000000,536691.12364000,0
2026-02-09 20:00:00,0.07005,0.0709,0.07001,0.07079,15135541.0,2026-02-09 20:59:59.999,1064917.71105000,10539,7391182.00000000,520095.38749000,0
2026-02-09 21:00:00,0.07079,0.07109,0.0705,0.07098,2763358.0,2026-02-09 21:59:59.999,195552.15667000,2644,940843.00000000,66610.88984000,0
2026-02-09 22:00:00,0.07098,0.07138,0.07022,0.07066,2913048.0,2026-02-09 22:59:59.999,206667.98100000,3116,1232462.00000000,87428.75374000,0
2026-02-09 23:00:00,0.07067,0.07086,0.06937,0.06959,2803735.0,2026-02-09 23:59:59.999,195581.05618000,3383,1432573.00000000,99848.86314000,0
2026-02-10 00:00:00,0.06959,0.07002,0.06914,0.06938,1420998.0,2026-02-10 00:59:59.999,98706.50858000,1895,696948.00000000,48435.48156000,0
2026-02-10 01:00:00,0.06939,0.06987,0.06883,0.06975,4989065.0,2026-02-10 01:59:59.999,346092.61067000,3319,2233596.00000000,154860.62578000,0
2026-02-10 02:00:00,0.06973,0.06993,0.06921,0.0698,6201676.0,2026-02-10 02:59:59.999,431415.86222000,4281,3374522.00000000,234708.99713000,0
2026-02-10 03:00:00,0.0698,0.07015,0.06851,0.06979,8171904.0,2026-02-10 03:59:59.999,568490.69814000,6155,4065047.00000000,282675.53226000,0
2026-02-10 04:00:00,0.06978,0.07077,0.06975,0.07065,2273934.0,2026-02-10 04:59:59.999,159907.23011000,2725,1053212.00000000,73989.34196000,0
2026-02-10 05:00:00,0.07066,0.07069,0.0686,0.07025,9500706.0,2026-02-10 05:59:59.999,660661.60715000,6099,6000276.00000000,417257.02201000,0
2026-02-10 06:00:00,0.07021,0.07037,0.06855,0.06878,3472073.0,2026-02-10 06:59:59.999,241528.12847000,3876,1324547.00000000,92100.02432000,0
2026-02-10 07:00:00,0.06879,0.06945,0.06875,0.06928,1826924.0,2026-02-10 07:59:59.999,126400.61494000,2072,1026854.00000000,71039.16748000,0
2026-02-10 08:00:00,0.06929,0.06956,0.06878,0.06919,1609109.0,2026-02-10 08:59:59.999,111364.46314000,1849,729195.00000000,50500.95242000,0
2026-02-10 09:00:00,0.06918,0.07034,0.06917,0.06996,1707522.0,2026-02-10 09:59:59.999,119396.19327000,1875,817850.00000000,57225.15644000,0
2026-02-10 10:00:00,0.06997,0.07009,0.06923,0.06945,2552526.0,2026-02-10 10:59:59.999,177573.40928000,2190,1309968.00000000,91094.20901000,0
2026-02-10 11:00:00,0.06944,0.06995,0.06931,0.06933,1044214.0,2026-02-10 11:59:59.999,72697.77349000,1320,442930.00000000,30845.19802000,0
2026-02-10 12:00:00,0.06934,0.06973,0.06796,0.0681,2854109.0,2026-02-10 12:59:59.999,196319.10598000,2774,1165239.00000000,80224.99586000,0
2026-02-10 13:00:00,0.06809,0.06868,0.06767,0.06842,2727296.0,2026-02-10 13:59:59.999,185609.80244000,3027,1397076.00000000,95079.29117000,0
2026-02-10 14:00:00,0.06841,0.06948,0.06764,0.06819,2715278.0,2026-02-10 14:59:59.999,185681.55778000,4016,1306580.00000000,89516.26103000,0
2026-02-10 15:00:00,0.06818,0.06941,0.06801,0.06907,1907214.0,2026-02-10 15:59:59.999,131005.11542000,3180,1276772.00000000,87734.94395000,0
2026-02-10 16:00:00,0.06906,0.0698,0.06875,0.06952,3461093.0,2026-02-10 16:59:59.999,240184.66612000,3929,2188028.00000000,151800.15306000,0
2026-02-10 17:00:00,0.06951,0.0705,0.0693,0.07047,2649638.0,2026-02-10 17:59:59.999,185402.95255000,2644,1405514.00000000,98404.80831000,0
2026-02-10 18:00:00,0.07046,0.07058,0.06931,0.0696,1536045.0,2026-02-10 18:59:59.999,107433.12664000,2513,718372.00000000,50225.97451000,0
2026-02-10 19:00:00,0.06957,0.0701,0.0694,0.06964,1355967.0,2026-02-10 19:59:59.999,94531.43948000,1904,720922.00000000,50268.68572000,0
2026-02-10 20:00:00,0.06963,0.06986,0.06923,0.06926,1197606.0,2026-02-10 20:59:59.999,83214.34351000,1654,606507.00000000,42141.83666000,0
2026-02-10 21:00:00,0.06925,0.06958,0.06882,0.06915,995277.0,2026-02-10 21:59:59.999,68829.19749000,1413,595630.00000000,41206.26478000,0
2026-02-10 22:00:00,0.06916,0.06955,0.06912,0.06917,958620.0,2026-02-10 22:59:59.999,66479.21120000,1023,436905.00000000,30288.94603000,0
2026-02-10 23:00:00,0.06918,0.06922,0.06866,0.06897,1500129.0,2026-02-10 23:59:59.999,103218.87452000,1053,1047805.00000000,72088.40790000,0
2026-02-11 00:00:00,0.06896,0.06899,0.0686,0.06888,332759.0,2026-02-11 00:59:59.999,22885.90375000,663,167067.00000000,11489.98657000,0
2026-02-11 01:00:00,0.06887,0.06923,0.06874,0.06885,737237.0,2026-02-11 01:59:59.999,50832.90468000,1090,469397.00000000,32373.36844000,0
2026-02-11 02:00:00,0.06886,0.0694,0.06847,0.06873,1048497.0,2026-02-11 02:59:59.999,72267.19456000,1526,397264.00000000,27406.33629000,0
2026-02-11 03:00:00,0.06873,0.06942,0.06847,0.06875,1862912.0,2026-02-11 03:59:59.999,128530.88667000,2126,1108928.00000000,76511.78583000,0
2026-02-11 04:00:00,0.06876,0.06894,0.06771,0.06798,1055014.0,2026-02-11 04:59:59.999,72014.70496000,1954,477040.00000000,32591.92561000,0
2026-02-11 05:00:00,0.068,0.06867,0.06529,0.06555,12081212.0,2026-02-11 05:59:59.999,805694.02860000,9852,5367211.00000000,357378.63848000,0
2026-02-11 06:00:00,0.06558,0.06589,0.06399,0.06458,8804165.0,2026-02-11 06:59:59.999,569319.91696000,6057,4459203.00000000,288522.51399000,0
2026-02-11 07:00:00,0.06458,0.06465,0.06421,0.06459,1704367.0,2026-02-11 07:59:59.999,109842.61371000,2061,1263200.00000000,81420.76107000,0
2026-02-11 08:00:00,0.06462,0.06495,0.06443,0.06476,1371875.0,2026-02-11 08:59:59.999,88748.40468000,1780,819680.00000000,53049.03823000,0
2026-02-11 09:00:00,0.06476,0.06479,0.06402,0.06418,930522.0,2026-02-11 09:59:59.999,59970.63210000,1169,481172.00000000,30999.40975000,0
2026-02-11 10:00:00,0.06419,0.06422,0.06359,0.06361,2063418.0,2026-02-11 10:59:59.999,131602.62053000,1863,1086479.00000000,69297.20397000,0
2026-02-11 11:00:00,0.0636,0.06432,0.06337,0.06428,2487316.0,2026-02-11 11:59:59.999,158662.78168000,2078,1518410.00000000,96952.47194000,0
2026-02-11 12:00:00,0.06429,0.06493,0.06416,0.06471,1795359.0,2026-02-11 12:59:59.999,116061.64734000,1719,800261.00000000,51720.40145000,0
2026-02-11 13:00:00,0.06472,0.06532,0.06456,0.06523,2772961.0,2026-02-11 13:59:59.999,180235.68702000,2320,1770084.00000000,114996.87903000,0
2026-02-11 14:00:00,0.06524,0.06694,0.0648,0.06484,9141015.0,2026-02-11 14:59:59.999,598980.10549000,7069,4068856.00000000,266676.00441000,0
2026-02-11 15:00:00,0.06483,0.06611,0.06427,0.06578,4636266.0,2026-02-11 15:59:59.999,302052.64040000,5111,1804305.00000000,117757.81949000,0
2026-02-11 16:00:00,0.06579,0.06659,0.06542,0.06579,3113524.0,2026-02-11 16:59:59.999,205544.70335000,3692,1388870.00000000,91609.11238000,0
2026-02-11 17:00:00,0.06578,0.06688,0.06548,0.06666,1333605.0,2026-02-11 17:59:59.999,88488.25548000,2459,609786.00000000,40447.09471000,0
2026-02-11 18:00:00,0.06667,0.06741,0.06649,0.06739,2132823.0,2026-02-11 18:59:59.999,142824.69081000,2230,1025081.00000000,68738.06499000,0
2026-02-11 19:00:00,0.0674,0.06779,0.06678,0.06696,2138904.0,2026-02-11 19:59:59.999,143867.24755000,2176,1336820.00000000,89878.26470000,0
2026-02-11 20:00:00,0.06696,0.06699,0.06636,0.06674,920383.0,2026-02-11 20:59:59.999,61346.59185000,1242,512627.00000000,34166.83784000,0
2026-02-11 21:00:00,0.06674,0.06689,0.06615,0.06617,2219924.0,2026-02-11 21:59:59.999,147647.33527000,1953,1148816.00000000,76416.77012000,0
2026-02-11 22:00:00,0.06618,0.06623,0.0656,0.06571,1116554.0,2026-02-11 22:59:59.999,73621.07203000,908,640562.00000000,42255.94158000,0
2026-02-11 23:00:00,0.0657,0.06592,0.0653,0.06585,930583.0,2026-02-11 23:59:59.999,61034.46778000,1194,560578.00000000,36763.16561000,0
2026-02-12 00:00:00,0.06584,0.06589,0.06521,0.06531,920940.0,2026-02-12 00:59:59.999,60226.76480000,1464,537183.00000000,35127.27585000,0
2026-02-12 01:00:00,0.06533,0.06607,0.06533,0.0658,792448.0,2026-02-12 01:59:59.999,52123.24243000,1135,364174.00000000,23943.57446000,0
2026-02-12 02:00:00,0.06581,0.06631,0.06574,0.06589,655472.0,2026-02-12 02:59:59.999,43295.84065000,1018,379702.00000000,25069.98146000,0
2026-02-12 03:00:00,0.0659,0.06605,0.06521,0.06535,2232762.0,2026-02-12 03:59:59.999,146339.47518000,1398,817296.00000000,53532.13238000,0
2026-02-12 04:00:00,0.06534,0.06595,0.06528,0.06563,678432.0,2026-02-12 04:59:59.999,44561.38175000,1402,410219.00000000,26937.92639000,0
2026-02-12 05:00:00,0.06564,0.06579,0.0652,0.06574,684203.0,2026-02-12 05:59:59.999,44821.04310000,1078,323425.00000000,21188.12315000,0
2026-02-12 06:00:00,0.06575,0.06617,0.06575,0.06585,606718.0,2026-02-12 06:59:59.999,40022.17891000,1047,302666.00000000,19968.93345000,0
2026-02-12 07:00:00,0.06585,0.06626,0.06577,0.06591,856179.0,2026-02-12 07:59:59.999,56459.95402000,1168,424005.00000000,27958.38535000,0
2026-02-12 08:00:00,0.06592,0.06619,0.0655,0.06609,838058.0,2026-02-12 08:59:59.999,55189.17416000,1239,521183.00000000,34328.03034000,0
2026-02-12 09:00:00,0.06611,0.06703,0.06601,0.06699,1112716.0,2026-02-12 09:59:59.999,74167.43595000,1485,378769.00000000,25238.08446000,0
2026-02-12 10:00:00,0.06704,0.06717,0.0668,0.06706,1061487.0,2026-02-12 10:59:59.999,71127.44110000,911,528518.00000000,35413.94441000,0
2026-02-12 11:00:00,0.06706,0.06726,0.0669,0.06716,454919.0,2026-02-12 11:59:59.999,30514.38921000,708,234630.00000000,15747.53787000,0
2026-02-12 12:00:00,0.06717,0.06722,0.06647,0.06691,2248810.0,2026-02-12 12:59:59.999,150366.32425000,1267,1372783.00000000,91770.55519000,0
2026-02-12 13:00:00,0.06689,0.06753,0.06666,0.0675,1416589.0,2026-02-12 13:59:59.999,94926.87788000,1523,786810.00000000,52744.25128000,0
2026-02-12 14:00:00,0.0675,0.06765,0.06661,0.06676,2884751.0,2026-02-12 14:59:59.999,193754.27633000,2364,1601496.00000000,107399.47674000,0
2026-02-12 15:00:00,0.06677,0.06709,0.0664,0.06667,1232765.0,2026-02-12 15:59:59.999,82284.57218000,2205,474735.00000000,31704.00378000,0
2026-02-12 16:00:00,0.06668,0.06675,0.0653,0.06539,1855005.0,2026-02-12 16:59:59.999,122394.15161000,3224,609726.00000000,40213.50085000,0
2026-02-12 17:00:00,0.06538,0.0658,0.0653,0.06547,596082.0,2026-02-12 17:59:59.999,39067.59042000,1388,284154.00000000,18628.78271000,0
2026-02-12 18:00:00,0.06548,0.06597,0.0654,0.06565,532370.0,2026-02-12 18:59:59.999,34945.16270000,1347,269545.00000000,17699.39503000,0
2026-02-12 19:00:00,0.06564,0.06615,0.06541,0.06577,607948.0,2026-02-12 19:59:59.999,39960.05393000,1229,347589.00000000,22834.79217000,0
2026-02-12 20:00:00,0.06578,0.06621,0.06571,0.06614,1164211.0,2026-02-12 20:59:59.999,76900.06044000,1266,508236.00000000,33543.53879000,0
2026-02-12 21:00:00,0.06616,0.06667,0.06609,0.06622,887710.0,2026-02-12 21:59:59.999,58949.99524000,1135,482243.00000000,32026.97816000,0
2026-02-12 22:00:00,0.06621,0.06684,0.06603,0.06673,372244.0,2026-02-12 22:59:59.999,24731.11354000,477,255529.00000000,16980.60991000,0
2026-02-12 23:00:00,0.06673,0.0669,0.06656,0.06688,472692.0,2026-02-12 23:59:59.999,31568.67684000,760,213744.00000000,14272.28036000,0
2026-02-13 00:00:00,0.06686,0.06705,0.06636,0.06651,473034.0,2026-02-13 00:59:59.999,31537.97488000,742,320461.00000000,21362.17022000,0
2026-02-13 01:00:00,0.06651,0.06706,0.06643,0.06653,761570.0,2026-02-13 01:59:59.999,50846.37168000,937,347591.00000000,23197.02706000,0
2026-02-13 02:00:00,0.06654,0.0668,0.06597,0.06631,751299.0,2026-02-13 02:59:59.999,49764.87017000,989,380602.00000000,25201.15861000,0
2026-02-13 03:00:00,0.0663,0.06644,0.06608,0.06626,348556.0,2026-02-13 03:59:59.999,23098.37345000,637,204560.00000000,13551.74321000,0
2026-02-13 04:00:00,0.06621,0.06636,0.06579,0.06586,1033185.0,2026-02-13 04:59:59.999,68169.23833000,936,402637.00000000,26586.48033000,0
2026-02-13 05:00:00,0.06586,0.06593,0.0656,0.06564,582320.0,2026-02-13 05:59:59.999,38300.42468000,722,441867.00000000,29061.99779000,0
2026-02-13 06:00:00,0.06565,0.06613,0.06562,0.06608,621396.0,2026-02-13 06:59:59.999,40937.33487000,691,448379.00000000,29549.48073000,0
2026-02-13 07:00:00,0.06608,0.06638,0.06593,0.06602,466154.0,2026-02-13 07:59:59.999,30839.07095000,587,247274.00000000,16356.19265000,0
2026-02-13 08:00:00,0.06602,0.06658,0.06602,0.06634,326893.0,2026-02-13 08:59:59.999,21688.16884000,554,187133.00000000,12411.99328000,0
2026-02-13 09:00:00,0.06634,0.0667,0.06624,0.06666,544507.0,2026-02-13 09:59:59.999,36158.84159000,589,406723.00000000,27006.63756000,0
2026-02-13 10:00:00,0.06665,0.0668,0.06643,0.06643,776387.0,2026-02-13 10:59:59.999,51750.06187000,617,207943.00000000,13865.76631000,0
2026-02-13 11:00:00,0.06642,0.06662,0.06621,0.06661,617559.0,2026-02-13 11:59:59.999,40992.39085000,662,464553.00000000,30834.45935000,0
2026-02-13 12:00:00,0.06659,0.06689,0.06636,0.06659,525260.0,2026-02-13 12:59:59.999,35028.12529000,642,354752.00000000,23660.23434000,0
2026-02-13 13:00:00,0.06659,0.06699,0.06642,0.06664,891085.0,2026-02-13 13:59:59.999,59427.98730000,1258,528896.00000000,35274.62171000,0
2026-02-13 14:00:00,0.06664,0.06871,0.06648,0.06856,6776788.0,2026-02-13 14:59:59.999,458847.59500000,4167,4592108.00000000,310490.89143000,0
2026-02-13 15:00:00,0.0686,0.0696,0.06805,0.06951,6495300.0,2026-02-13 15:59:59.999,446148.20262000,5092,2338833.00000000,161074.89542000,0
2026-02-13 16:00:00,0.06952,0.07011,0.06936,0.07001,2215506.0,2026-02-13 16:59:59.999,154728.46276000,1955,1017527.00000000,71053.92285000,0
2026-02-13 17:00:00,0.07001,0.07018,0.06961,0.07005,4527570.0,2026-02-13 17:59:59.999,316620.76577000,3288,2256773.00000000,157813.47272000,0
2026-02-13 18:00:00,0.07006,0.07025,0.06981,0.06984,1667913.0,2026-02-13 18:59:59.999,116867.45620000,1428,589847.00000000,41330.45302000,0
2026-02-13 19:00:00,0.06985,0.07023,0.06981,0.07007,1670769.0,2026-02-13 19:59:59.999,117062.52484000,1593,567870.00000000,39771.21985000,0
2026-02-13 20:00:00,0.07009,0.07017,0.06951,0.06963,4107882.0,2026-02-13 20:59:59.999,287581.23569000,3182,1771258.00000000,123994.86359000,0
2026-02-13 21:00:00,0.06963,0.06995,0.0694,0.06952,554144.0,2026-02-13 21:59:59.999,38607.29619000,828,253106.00000000,17633.04542000,0
2026-02-13 22:00:00,0.0695,0.06956,0.06913,0.06916,478181.0,2026-02-13 22:59:59.999,33181.72280000,601,308514.00000000,21410.76238000,0
2026-02-13 23:00:00,0.06915,0.06926,0.06898,0.069,594235.0,2026-02-13 23:59:59.999,41044.47179000,992,287750.00000000,19880.37830000,0
2026-02-14 00:00:00,0.06901,0.06999,0.06897,0.06957,1271489.0,2026-02-14 00:59:59.999,88374.79811000,1626,625477.00000000,43432.76752000,0
2026-02-14 01:00:00,0.06957,0.06957,0.06897,0.06898,521856.0,2026-02-14 01:59:59.999,36136.60112000,756,283797.00000000,19649.00243000,0
2026-02-14 02:00:00,0.06897,0.06897,0.06851,0.06857,565274.0,2026-02-14 02:59:59.999,38835.48769000,663,348396.00000000,23932.42812000,0
2026-02-14 03:00:00,0.06856,0.0686,0.06807,0.06816,2295333.0,2026-02-14 03:59:59.999,156689.72066000,1036,742456.00000000,50706.24661000,0
2026-02-14 04:00:00,0.06814,0.06824,0.06764,0.06786,2440035.0,2026-02-14 04:59:59.999,165605.43188000,1076,961555.00000000,65298.59494000,0
2026-02-14 05:00:00,0.06787,0.06814,0.06771,0.06782,1604645.0,2026-02-14 05:59:59.999,108920.60351000,753,1015520.00000000,68890.74557000,0
2026-02-14 06:00:00,0.06781,0.06795,0.0677,0.06781,265949.0,2026-02-14 06:59:59.999,18040.67473000,256,228437.00000000,15495.06557000,0
2026-02-14 07:00:00,0.06782,0.06824,0.06779,0.06824,258477.0,2026-02-14 07:59:59.999,17580.35630000,362,179505.00000000,12212.29906000,0
2026-02-14 08:00:00,0.06824,0.06868,0.0682,0.06865,1584892.0,2026-02-14 08:59:59.999,108535.16451000,1121,898978.00000000,61544.96733000,0
2026-02-14 09:00:00,0.06865,0.06893,0.06864,0.06884,254168.0,2026-02-14 09:59:59.999,17474.61181000,286,77499.00000000,5331.01455000,0
2026-02-14 10:00:00,0.06883,0.06883,0.06869,0.06881,114100.0,2026-02-14 10:59:59.999,7844.99397000,210,56665.00000000,3895.81546000,0
2026-02-14 11:00:00,0.06879,0.06922,0.06872,0.06892,461069.0,2026-02-14 11:59:59.999,31791.28150000,648,165781.00000000,11433.79407000,0
2026-02-14 12:00:00,0.06893,0.06894,0.06808,0.06812,738530.0,2026-02-14 12:59:59.999,50576.94164000,787,519472.00000000,35565.16568000,0
2026-02-14 13:00:00,0.06811,0.06851,0.06802,0.06839,650238.0,2026-02-14 13:59:59.999,44364.14198000,746,468866.00000000,31989.73554000,0
2026-02-14 14:00:00,0.06838,0.06911,0.06836,0.06907,758556.0,2026-02-14 14:59:59.999,52129.10108000,710,531090.00000000,36484.20199000,0
2026-02-14 15:00:00,0.06908,0.06916,0.06875,0.06897,340697.0,2026-02-14 15:59:59.999,23488.97653000,489,151557.00000000,10446.43209000,0
2026-02-14 16:00:00,0.06898,0.06943,0.06874,0.0692,887501.0,2026-02-14 16:59:59.999,61310.58102000,1232,459029.00000000,31718.35847000,0
2026-02-14 17:00:00,0.06919,0.06923,0.06872,0.06875,604839.0,2026-02-14 17:59:59.999,41705.52715000,919,262457.00000000,18089.65201000,0
2026-02-14 18:00:00,0.06875,0.06883,0.06862,0.06878,546671.0,2026-02-14 18:59:59.999,37572.10579000,412,417925.00000000,28722.07765000,0
2026-02-14 19:00:00,0.06881,0.06931,0.06871,0.06927,771319.0,2026-02-14 19:59:59.999,53270.81292000,809,541916.00000000,37448.54943000,0
2026-02-14 20:00:00,0.06928,0.06985,0.06928,0.06976,1261621.0,2026-02-14 20:59:59.999,87765.90082000,1128,296170.00000000,20599.38215000,0
2026-02-14 21:00:00,0.06978,0.07046,0.06959,0.0703,777230.0,2026-02-14 21:59:59.999,54406.88755000,833,327092.00000000,22915.20009000,0
2026-02-14 22:00:00,0.07029,0.07083,0.0701,0.07044,864445.0,2026-02-14 22:59:59.999,60915.13102000,628,371756.00000000,26195.99578000,0
2026-02-14 23:00:00,0.07043,0.07063,0.07037,0.07046,254222.0,2026-02-14 23:59:59.999,17915.44709000,417,148414.00000000,10459.89133000,0
2026-02-15 00:00:00,0.07045,0.07065,0.06928,0.0695,1663685.0,2026-02-15 00:59:59.999,115975.33333000,1601,796887.00000000,55455.33196000,0
2026-02-15 01:00:00,0.0695,0.0697,0.06908,0.06931,1062467.0,2026-02-15 01:59:59.999,73730.92477000,1137,451345.00000000,31332.91396000,0
2026-02-15 02:00:00,0.06932,0.06958,0.06904,0.06936,497031.0,2026-02-15 02:59:59.999,34444.47974000,651,287641.00000000,19926.10968000,0
2026-02-15 03:00:00,0.06936,0.06953,0.06872,0.06885,1689454.0,2026-02-15 03:59:59.999,116548.65216000,2056,813045.00000000,56062.28632000,0
2026-02-15 04:00:00,0.06885,0.06906,0.06853,0.06867,1403318.0,2026-02-15 04:59:59.999,96612.71346000,1902,941466.00000000,64824.24034000,0
2026-02-15 05:00:00,0.06868,0.06896,0.0686,0.06879,704149.0,2026-02-15 05:59:59.999,48458.37785000,980,500363.00000000,34433.18883000,0
2026-02-15 06:00:00,0.06879,0.06882,0.06852,0.06861,580263.0,2026-02-15 06:59:59.999,39848.76381000,713,313497.00000000,21534.68668000,0
2026-02-15 07:00:00,0.06861,0.0687,0.06804,0.06817,1546134.0,2026-02-15 07:59:59.999,105632.96382000,2238,985754.00000000,67356.50390000,0
2026-02-15 08:00:00,0.06818,0.0686,0.06761,0.06778,806212.0,2026-02-15 08:59:59.999,54945.98841000,1157,388845.00000000,26449.22959000,0
2026-02-15 09:00:00,0.06779,0.06819,0.06764,0.06781,567194.0,2026-02-15 09:59:59.999,38495.99174000,922,366393.00000000,24876.90792000,0
2026-02-15 10:00:00,0.0678,0.06783,0.06718,0.06721,1453583.0,2026-02-15 10:59:59.999,98016.44931000,2330,865410.00000000,58374.67480000,0
2026-02-15 11:00:00,0.06722,0.06758,0.06722,0.06741,298506.0,2026-02-15 11:59:59.999,20137.44173000,490,203830.00000000,13750.00855000,0
2026-02-15 12:00:00,0.06741,0.06808,0.06724,0.06724,1395052.0,2026-02-15 12:59:59.999,94420.34106000,1399,516756.00000000,34974.63465000,0
2026-02-15 13:00:00,0.06724,0.06759,0.06689,0.06702,898329.0,2026-02-15 13:59:59.999,60432.97312000,1548,407864.00000000,27454.03089000,0
2026-02-15 14:00:00,0.06702,0.06721,0.06675,0.06682,823208.0,2026-02-15 14:59:59.999,55090.49830000,1167,393177.00000000,26314.19247000,0
2026-02-15 15:00:00,0.0668,0.0669,0.06658,0.06662,445861.0,2026-02-15 15:59:59.999,29760.28177000,840,319626.00000000,21339.08893000,0
2026-02-15 16:00:00,0.06662,0.06664,0.06621,0.06641,637303.0,2026-02-15 16:59:59.999,42341.60087000,882,435066.00000000,28900.41953000,0
2026-02-15 17:00:00,0.06642,0.06649,0.06574,0.06603,874861.0,2026-02-15 17:59:59.999,57824.54135000,1507,413328.00000000,27338.12319000,0
2026-02-15 18:00:00,0.06602,0.06656,0.06586,0.06609,922893.0,2026-02-15 18:59:59.999,61116.98852000,1493,540180.00000000,35759.28033000,0
2026-02-15 19:00:00,0.06608,0.06627,0.06592,0.06597,291696.0,2026-02-15 19:59:59.999,19266.48106000,805,123774.00000000,8175.27813000,0
2026-02-15 20:00:00,0.06596,0.06621,0.06584,0.06596,297889.0,2026-02-15 20:59:59.999,19678.27374000,518,122483.00000000,8092.57785000,0
2026-02-15 21:00:00,0.06596,0.066,0.06578,0.06586,447433.0,2026-02-15 21:59:59.999,29483.49381000,586,339492.00000000,22372.72007000,0
2026-02-15 22:00:00,0.06583,0.06617,0.06577,0.06617,306062.0,2026-02-15 22:59:59.999,20176.74154000,292,226569.00000000,14933.76101000,0
2026-02-15 23:00:00,0.06615,0.06665,0.06605,0.06665,687792.0,2026-02-15 23:59:59.999,45620.53863000,938,224412.00000000,14898.08054000,0
2026-02-16 00:00:00,0.06665,0.06681,0.06655,0.06681,161704.0,2026-02-16 00:59:59.999,10782.62390000,404,94995.00000000,6335.16650000,0
2026-02-16 01:00:00,0.06681,0.067,0.06678,0.06698,227673.0,2026-02-16 01:59:59.999,15226.83080000,497,100749.00000000,6738.29754000,0
2026-02-16 02:00:00,0.06697,0.06709,0.06694,0.06702,255372.0,2026-02-16 02:59:59.999,17117.91966000,374,99980.00000000,6702.28170000,0
2026-02-16 03:00:00,0.06703,0.0671,0.06671,0.06675,260924.0,2026-02-16 03:59:59.999,17455.81601000,294,62852.00000000,4202.74395000,0
2026-02-16 04:00:00,0.06676,0.06761,0.06676,0.06756,386105.0,2026-02-16 04:59:59.999,25985.68491000,483,205901.00000000,13845.60388000,0
2026-02-16 05:00:00,0.06756,0.0676,0.06687,0.0669,446102.0,2026-02-16 05:59:59.999,29968.68904000,528,234375.00000000,15728.95203000,0
2026-02-16 06:00:00,0.0669,0.06735,0.0669,0.06722,222738.0,2026-02-16 06:59:59.999,14956.97109000,380,173020.00000000,11620.10506000,0
2026-02-16 07:00:00,0.06721,0.0675,0.06712,0.06725,363485.0,2026-02-16 07:59:59.999,24483.28323000,418,157401.00000000,10602.73777000,0
2026-02-16 08:00:00,0.06725,0.06755,0.067,0.0673,380793.0,2026-02-16 08:59:59.999,25610.20293000,540,236457.00000000,15897.84338000,0
2026-02-16 09:00:00,0.06732,0.06739,0.067,0.06713,907382.0,2026-02-16 09:59:59.999,60967.57992000,824,580359.00000000,38984.75416000,0
2026-02-16 10:00:00,0.06712,0.06733,0.06706,0.06716,125907.0,2026-02-16 10:59:59.999,8464.44809000,236,90157.00000000,6060.81109000,0
2026-02-16 11:00:00,0.06715,0.06786,0.06711,0.06778,807636.0,2026-02-16 11:59:59.999,54490.27119000,819,383723.00000000,25890.35070000,0
2026-02-16 12:00:00,0.06777,0.06828,0.06752,0.0682,770375.0,2026-02-16 12:59:59.999,52370.25754000,1203,486814.00000000,33095.01638000,0
2026-02-16 13:00:00,0.0682,0.06847,0.06717,0.0674,1057108.0,2026-02-16 13:59:59.999,71507.28052000,1723,395828.00000000,26771.57837000,0
2026-02-16 14:00:00,0.06739,0.06767,0.06724,0.06739,470657.0,2026-02-16 14:59:59.999,31750.06211000,1054,258123.00000000,17412.37103000,0
2026-02-16 15:00:00,0.06741,0.06766,0.06599,0.06621,2025111.0,2026-02-16 15:59:59.999,134530.24496000,3011,1151778.00000000,76454.38825000,0
2026-02-16 16:00:00,0.06622,0.06692,0.0662,0.06663,885656.0,2026-02-16 16:59:59.999,59010.24669000,1321,506586.00000000,33750.55693000,0
2026-02-16 17:00:00,0.06663,0.06687,0.06641,0.06664,369534.0,2026-02-16 17:59:59.999,24625.68051000,594,151735.00000000,10111.18561000,0
2026-02-16 18:00:00,0.06663,0.06697,0.06656,0.06658,240500.0,2026-02-16 18:59:59.999,16056.85187000,507,143695.00000000,9590.62702000,0
2026-02-16 19:00:00,0.06659,0.06684,0.06645,0.06661,658249.0,2026-02-16 19:59:59.999,43865.26067000,701,453869.00000000,30245.13306000,0
2026-02-16 20:00:00,0.06662,0.06692,0.06662,0.0669,468034.0,2026-02-16 20:59:59.999,31240.79153000,588,354103.00000000,23638.23141000,0
2026-02-16 21:00:00,0.06689,0.06712,0.06663,0.06708,350376.0,2026-02-16 21:59:59.999,23410.67598000,515,226688.00000000,15145.34944000,0
2026-02-16 22:00:00,0.06707,0.06712,0.06682,0.06686,338654.0,2026-02-16 22:59:59.999,22668.63549000,382,195755.00000000,13104.01881000,0
2026-02-16 23:00:00,0.06682,0.06705,0.06681,0.067,189521.0,2026-02-16 23:59:59.999,12690.07331000,291,145801.00000000,9762.04315000,0
2026-02-17 00:00:00,0.06701,0.06726,0.06691,0.06705,292603.0,2026-02-17 00:59:59.999,19621.50421000,547,194646.00000000,13051.35649000,0
2026-02-17 01:00:00,0.06706,0.06719,0.06691,0.06704,303015.0,2026-02-17 01:59:59.999,20317.29872000,357,224811.00000000,15072.42576000,0
2026-02-17 02:00:00,0.06703,0.06733,0.0668,0.06708,481676.0,2026-02-17 02:59:59.999,32309.78210000,558,397275.00000000,26648.86068000,0
2026-02-17 03:00:00,0.06707,0.06707,0.06673,0.06689,321212.0,2026-02-17 03:59:59.999,21478.39089000,483,240807.00000000,16102.46736000,0
2026-02-17 04:00:00,0.0669,0.06695,0.06672,0.06694,273676.0,2026-02-17 04:59:59.999,18297.71657000,342,194158.00000000,12979.70767000,0
2026-02-17 05:00:00,0.06695,0.0671,0.06674,0.06708,164668.0,2026-02-17 05:59:59.999,11011.79088000,364,66890.00000000,4474.55596000,0
2026-02-17 06:00:00,0.0671,0.06726,0.0671,0.06716,170960.0,2026-02-17 06:59:59.999,11487.29003000,380,102413.00000000,6881.44037000,0
2026-02-17 07:00:00,0.06715,0.06716,0.0669,0.06696,297515.0,2026-02-17 07:59:59.999,19940.43713000,404,226101.00000000,15153.45173000,0
2026-02-17 08:00:00,0.06697,0.06711,0.06671,0.06689,433581.0,2026-02-17 08:59:59.999,29023.37424000,395,324204.00000000,21705.42266000,0
2026-02-17 09:00:00,0.0669,0.06708,0.06682,0.06707,194749.0,2026-02-17 09:59:59.999,13035.39196000,298,123883.00000000,8291.87571000,0
2026-02-17 10:00:00,0.06707,0.0679,0.06687,0.06777,1006229.0,2026-02-17 10:59:59.999,67915.56010000,966,627845.00000000,42361.52450000,0
2026-02-17 11:00:00,0.06776,0.06845,0.06776,0.06823,639156.0,2026-02-17 11:59:59.999,43542.24158000,903,240660.00000000,16400.54154000,0
2026-02-17 12:00:00,0.06824,0.0686,0.0682,0.06821,460863.0,2026-02-17 12:59:59.999,31548.30292000,636,109388.00000000,7489.93172000,0
2026-02-17 13:00:00,0.06822,0.0691,0.06812,0.06877,831277.0,2026-02-17 13:59:59.999,57077.55947000,1139,456818.00000000,31329.23265000,0
2026-02-17 14:00:00,0.06878,0.06894,0.06758,0.06764,1249095.0,2026-02-17 14:59:59.999,85259.43656000,2051,561587.00000000,38326.33527000,0
2026-02-17 15:00:00,0.06763,0.06796,0.0672,0.0675,872437.0,2026-02-17 15:59:59.999,58894.49195000,1734,405330.00000000,27381.22750000,0
2026-02-17 16:00:00,0.06751,0.068,0.06646,0.06647,2390263.0,2026-02-17 16:59:59.999,160592.14846000,2688,1678470.00000000,112704.86169000,0
2026-02-17 17:00:00,0.06645,0.06671,0.0652,0.06531,3429535.0,2026-02-17 17:59:59.999,225908.35520000,4324,2107874.00000000,138768.30340000,0
2026-02-17 18:00:00,0.0653,0.06566,0.06512,0.06527,2163048.0,2026-02-17 18:59:59.999,141408.14206000,3662,1488694.00000000,97337.01198000,0
2026-02-17 19:00:00,0.06528,0.06531,0.06357,0.06395,4403210.0,2026-02-17 19:59:59.999,284317.73455000,5665,2989942.00000000,193054.25251000,0
2026-02-17 20:00:00,0.06396,0.06413,0.06302,0.06352,5239959.0,2026-02-17 20:59:59.999,332514.49441000,7012,2878976.00000000,182608.44582000,0
2026-02-17 21:00:00,0.06351,0.06412,0.0635,0.0637,3146380.0,2026-02-17 21:59:59.999,200853.27243000,3044,1916731.00000000,122323.85270000,0
2026-02-17 22:00:00,0.06371,0.0638,0.06342,0.06359,1868147.0,2026-02-17 22:59:59.999,118845.98437000,1864,1128853.00000000,71810.41308000,0
2026-02-17 23:00:00,0.06359,0.06359,0.06286,0.06288,1965125.0,2026-02-17 23:59:59.999,124271.52474000,1746,1175815.00000000,74359.21753000,0
2026-02-18 00:00:00,0.06288,0.06303,0.06195,0.06205,5574830.0,2026-02-18 00:59:59.999,348934.94564000,4241,3097586.00000000,193929.13141000,0
2026-02-18 01:00:00,0.06204,0.06217,0.06119,0.06131,3442258.0,2026-02-18 01:59:59.999,211815.95938000,3124,2235518.00000000,137590.82505000,0
2026-02-18 02:00:00,0.0613,0.062,0.06025,0.06189,7285812.0,2026-02-18 02:59:59.999,443987.66204000,5190,4472201.00000000,272597.24328000,0
2026-02-18 03:00:00,0.06191,0.06242,0.06174,0.06222,1821415.0,2026-02-18 03:59:59.999,113123.49619000,1691,951566.00000000,59088.56670000,0
2026-02-18 04:00:00,0.06221,0.06293,0.06216,0.06286,2275339.0,2026-02-18 04:59:59.999,142382.38589000,1367,1482512.00000000,92742.04604000,0
2026-02-18 05:00:00,0.06289,0.0633,0.06255,0.06314,670545.0,2026-02-18 05:59:59.999,42231.30421000,746,265829.00000000,16736.52073000,0
2026-02-18 06:00:00,0.06314,0.0633,0.06284,0.06301,571222.0,2026-02-18 06:59:59.999,36046.92549000,739,207737.00000000,13105.68305000,0
2026-02-18 07:00:00,0.06302,0.06345,0.06297,0.06345,331470.0,2026-02-18 07:59:59.999,20960.18842000,569,185218.00000000,11709.26333000,0
2026-02-18 08:00:00,0.06344,0.06516,0.06342,0.06516,2926952.0,2026-02-18 08:59:59.999,188576.99022000,2816,863353.00000000,55657.69934000,0
2026-02-18 09:00:00,0.06518,0.06554,0.06477,0.06526,1359491.0,2026-02-18 09:59:59.999,88628.07303000,1460,697817.00000000,45492.06914000,0
2026-02-18 10:00:00,0.06526,0.06668,0.06526,0.06624,5877682.0,2026-02-18 10:59:59.999,388832.86123000,3737,1988056.00000000,131483.79669000,0
2026-02-18 11:00:00,0.06627,0.06716,0.06602,0.06688,2185301.0,2026-02-18 11:59:59.999,145631.94526000,2318,749114.00000000,49978.77842000,0
2026-02-18 12:00:00,0.06687,0.06733,0.0668,0.06721,1052983.0,2026-02-18 12:59:59.999,70726.92109000,1078,429859.00000000,28870.68820000,0
2026-02-18 13:00:00,0.06725,0.0675,0.06608,0.06622,2583310.0,2026-02-18 13:59:59.999,173006.70936000,1230,825533.00000000,55222.28333000,0
2026-02-18 14:00:00,0.06624,0.06639,0.06511,0.06554,2231881.0,2026-02-18 14:59:59.999,146311.97212000,2137,1248948.00000000,81876.57237000,0
2026-02-18 15:00:00,0.06555,0.06634,0.06544,0.06593,667338.0,2026-02-18 15:59:59.999,43938.43454000,1122,293735.00000000,19348.11946000,0
2026-02-18 16:00:00,0.06593,0.06605,0.06506,0.06513,810813.0,2026-02-18 16:59:59.999,53188.18362000,1118,296732.00000000,19448.04919000,0
2026-02-18 17:00:00,0.0651,0.0656,0.065,0.06502,618773.0,2026-02-18 17:59:59.999,40347.31498000,669,282442.00000000,18419.16907000,0
2026-02-18 18:00:00,0.065,0.06513,0.06435,0.06457,898810.0,2026-02-18 18:59:59.999,58179.82684000,989,541655.00000000,35060.63063000,0
2026-02-18 19:00:00,0.06455,0.06508,0.0645,0.0647,1200675.0,2026-02-18 19:59:59.999,77786.97397000,1280,606116.00000000,39271.30609000,0
2026-02-18 20:00:00,0.06465,0.06586,0.06459,0.06569,4522596.0,2026-02-18 20:59:59.999,295185.08014000,1764,2952257.00000000,192563.34593000,0
2026-02-18 21:00:00,0.06569,0.0663,0.06556,0.06627,1257094.0,2026-02-18 21:59:59.999,82953.05009000,1306,438969.00000000,28964.16046000,0
2026-02-18 22:00:00,0.06627,0.06688,0.06623,0.06682,1512096.0,2026-02-18 22:59:59.999,100612.10419000,1422,627143.00000000,41755.71292000,0
2026-02-18 23:00:00,0.06679,0.06679,0.06589,0.06606,2003870.0,2026-02-18 23:59:59.999,132985.62245000,1862,876975.00000000,58200.73662000,0
2026-02-19 00:00:00,0.06606,0.06708,0.06598,0.06673,1016680.0,2026-02-19 00:59:59.999,67605.38891000,1367,639195.00000000,42519.75421000,0
2026-02-19 01:00:00,0.06674,0.06735,0.06674,0.06725,1058199.0,2026-02-19 01:59:59.999,70980.51782000,1575,639346.00000000,42894.06163000,0
2026-02-19 02:00:00,0.06725,0.0674,0.06609,0.06641,2231698.0,2026-02-19 02:59:59.999,148624.45316000,3000,957175.00000000,63734.58392000,0
2026-02-19 03:00:00,0.0664,0.0666,0.06593,0.06614,1071480.0,2026-02-19 03:59:59.999,70904.03675000,1598,571980.00000000,37849.73842000,0
2026-02-19 04:00:00,0.06614,0.06615,0.06525,0.06536,1256662.0,2026-02-19 04:59:59.999,82589.19263000,1273,631745.00000000,41462.89839000,0
2026-02-19 05:00:00,0.06534,0.0655,0.06502,0.06528,1183698.0,2026-02-19 05:59:59.999,77212.83168000,1357,869624.00000000,56727.24536000,0
2026-02-19 06:00:00,0.06527,0.06562,0.06527,0.06559,459252.0,2026-02-19 06:59:59.999,30064.43285000,855,267497.00000000,17509.48393000,0
2026-02-19 07:00:00,0.06561,0.06593,0.06543,0.06568,570779.0,2026-02-19 07:59:59.999,37531.73941000,931,294173.00000000,19346.05557000,0
2026-02-19 08:00:00,0.06567,0.06567,0.06479,0.06494,1191501.0,2026-02-19 08:59:59.999,77576.91171000,1393,701738.00000000,45702.39733000,0
2026-02-19 09:00:00,0.06495,0.06511,0.06456,0.06461,1035694.0,2026-02-19 09:59:59.999,67096.91978000,1476,761180.00000000,49304.94831000,0
2026-02-19 10:00:00,0.06461,0.06526,0.0644,0.06496,881979.0,2026-02-19 10:59:59.999,57136.89372000,1260,525569.00000000,34046.16519000,0
2026-02-19 11:00:00,0.06495,0.0653,0.06439,0.06442,683624.0,2026-02-19 11:59:59.999,44288.51209000,1285,380145.00000000,24613.93172000,0
2026-02-19 12:00:00,0.06441,0.06447,0.064,0.06402,1487095.0,2026-02-19 12:59:59.999,95497.16206000,2333,984024.00000000,63193.69366000,0
2026-02-19 13:00:00,0.06403,0.06404,0.0625,0.06299,2923004.0,2026-02-19 13:59:59.999,184394.90921000,4162,1776650.00000000,112144.86036000,0
2026-02-19 14:00:00,0.06299,0.06396,0.06298,0.06344,2683520.0,2026-02-19 14:59:59.999,170265.10875000,3571,1665568.00000000,105666.11165000,0
2026-02-19 15:00:00,0.06344,0.06362,0.06256,0.06287,2183180.0,2026-02-19 15:59:59.999,137639.74505000,3121,1406122.00000000,88623.30783000,0
2026-02-19 16:00:00,0.06285,0.06334,0.06224,0.06235,2271674.0,2026-02-19 16:59:59.999,142299.36901000,3012,1369190.00000000,85714.55911000,0
2026-02-19 17:00:00,0.06236,0.06327,0.06224,0.06306,2185686.0,2026-02-19 17:59:59.999,137458.77867000,2594,1494798.00000000,94004.80758000,0
2026-02-19 18:00:00,0.06305,0.0639,0.06305,0.06384,984053.0,2026-02-19 18:59:59.999,62415.45099000,1647,527558.00000000,33466.69628000,0
2026-02-19 19:00:00,0.06385,0.06402,0.06364,0.06392,469270.0,2026-02-19 19:59:59.999,29921.49510000,1113,284028.00000000,18108.44521000,0
2026-02-19 20:00:00,0.06392,0.06431,0.06389,0.06412,717719.0,2026-02-19 20:59:59.999,45998.32917000,1162,431998.00000000,27687.09677000,0
2026-02-19 21:00:00,0.06412,0.06434,0.06409,0.06414,162374.0,2026-02-19 21:59:59.999,10426.90757000,395,55755.00000000,3579.15908000,0
2026-02-19 22:00:00,0.06414,0.06437,0.06379,0.06399,179523.0,2026-02-19 22:59:59.999,11495.24141000,415,106484.00000000,6818.65508000,0
2026-02-19 23:00:00,0.06399,0.06435,0.06398,0.06406,284177.0,2026-02-19 23:59:59.999,18244.44879000,639,104661.00000000,6716.23597000,0
2026-02-20 00:00:00,0.06405,0.06464,0.06378,0.06406,1462984.0,2026-02-20 00:59:59.999,93849.55771000,1520,969734.00000000,62168.84617000,0
2026-02-20 01:00:00,0.06406,0.06414,0.06386,0.0641,417394.0,2026-02-20 01:59:59.999,26717.61267000,679,296957.00000000,19006.27118000,0
2026-02-20 02:00:00,0.0641,0.06423,0.06372,0.06378,173369.0,2026-02-20 02:59:59.999,11087.65804000,450,101062.00000000,6464.89056000,0
2026-02-20 03:00:00,0.06378,0.06398,0.06366,0.06374,508703.0,2026-02-20 03:59:59.999,32460.45233000,522,444976.00000000,28393.36741000,0
2026-02-20 04:00:00,0.06374,0.06381,0.06343,0.06355,543009.0,2026-02-20 04:59:59.999,34504.40023000,578,362037.00000000,23004.49779000,0
2026-02-20 05:00:00,0.06356,0.06432,0.06344,0.06407,560419.0,2026-02-20 05:59:59.999,35761.37096000,837,341648.00000000,21787.88852000,0
2026-02-20 06:00:00,0.06408,0.0641,0.06361,0.06376,271976.0,2026-02-20 06:59:59.999,17350.19411000,427,124635.00000000,7947.95597000,0
2026-02-20 07:00:00,0.06377,0.06429,0.06366,0.06401,286533.0,2026-02-20 07:59:59.999,18335.02227000,636,172708.00000000,11050.26897000,0
2026-02-20 08:00:00,0.06401,0.06404,0.06353,0.06359,366626.0,2026-02-20 08:59:59.999,23369.83597000,625,240469.00000000,15330.28723000,0
2026-02-20 09:00:00,0.0636,0.06396,0.06266,0.063,2500991.0,2026-02-20 09:59:59.999,158003.97054000,1885,1543350.00000000,97493.37466000,0
2026-02-20 10:00:00,0.063,0.063,0.06211,0.06234,1567145.0,2026-02-20 10:59:59.999,97967.73938000,1659,850665.00000000,53191.49262000,0
2026-02-20 11:00:00,0.06234,0.06239,0.06194,0.06211,924529.0,2026-02-20 11:59:59.999,57430.58272000,827,580315.00000000,36052.87157000,0
2026-02-20 12:00:00,0.06212,0.06255,0.0621,0.06233,267413.0,2026-02-20 12:59:59.999,16676.92946000,660,156419.00000000,9756.35245000,0
2026-02-20 13:00:00,0.06234,0.06249,0.06204,0.06242,366422.0,2026-02-20 13:59:59.999,22800.45585000,900,160431.00000000,9984.52104000,0
2026-02-20 14:00:00,0.06242,0.06262,0.06205,0.06223,423977.0,2026-02-20 14:59:59.999,26440.80875000,1133,191321.00000000,11937.79893000,0
2026-02-20 15:00:00,0.06224,0.06313,0.06199,0.06282,1495315.0,2026-02-20 15:59:59.999,93568.07024000,2666,906244.00000000,56715.37145000,0
2026-02-20 16:00:00,0.06283,0.06346,0.06282,0.06332,927686.0,2026-02-20 16:59:59.999,58605.98416000,1616,420925.00000000,26598.16995000,0
2026-02-20 17:00:00,0.06332,0.06368,0.06293,0.06344,1476065.0,2026-02-20 17:59:59.999,93370.71085000,2356,732446.00000000,46336.10983000,0
2026-02-20 18:00:00,0.06343,0.06374,0.06324,0.06371,793979.0,2026-02-20 18:59:59.999,50411.81431000,1881,326746.00000000,20755.75973000,0
2026-02-20 19:00:00,0.06372,0.06384,0.06355,0.0636,771031.0,2026-02-20 19:59:59.999,49119.51676000,975,430435.00000000,27423.31777000,0
2026-02-20 20:00:00,0.0636,0.06412,0.06358,0.0641,673013.0,2026-02-20 20:59:59.999,43050.57179000,746,374095.00000000,23930.08627000,0
2026-02-20 21:00:00,0.06411,0.06443,0.06393,0.06435,597144.0,2026-02-20 21:59:59.999,38351.81969000,491,267812.00000000,17211.29655000,0
2026-02-20 22:00:00,0.06434,0.06485,0.06416,0.06475,857068.0,2026-02-20 22:59:59.999,55311.67219000,755,451171.00000000,29127.67673000,0
2026-02-20 23:00:00,0.06475,0.06478,0.06445,0.06457,387391.0,2026-02-20 23:59:59.999,25027.16364000,506,144429.00000000,9332.43249000,0
2026-02-21 00:00:00,0.06457,0.06518,0.06452,0.06475,1050743.0,2026-02-21 00:59:59.999,68168.36918000,1040,696380.00000000,45195.22402000,0
2026-02-21 01:00:00,0.06476,0.06494,0.06423,0.06491,1589881.0,2026-02-21 01:59:59.999,102747.14550000,1464,639859.00000000,41370.93497000,0
2026-02-21 02:00:00,0.0649,0.06498,0.0643,0.06445,940531.0,2026-02-21 02:59:59.999,60811.29846000,904,320076.00000000,20701.24634000,0
2026-02-21 03:00:00,0.06447,0.06447,0.06422,0.06427,1270681.0,2026-02-21 03:59:59.999,81691.44729000,946,644031.00000000,41403.32659000,0
2026-02-21 04:00:00,0.06427,0.06459,0.06417,0.0645,238532.0,2026-02-21 04:59:59.999,15351.52643000,348,93914.00000000,6045.63108000,0
2026-02-21 05:00:00,0.0645,0.06451,0.06432,0.06435,87014.0,2026-02-21 05:59:59.999,5605.25433000,228,35019.00000000,2256.22223000,0
2026-02-21 06:00:00,0.06434,0.06434,0.06405,0.06433,501796.0,2026-02-21 06:59:59.999,32227.07729000,456,184029.00000000,11824.77045000,0
2026-02-21 07:00:00,0.06432,0.06445,0.06421,0.06423,347512.0,2026-02-21 07:59:59.999,22352.68965000,412,121383.00000000,7808.20522000,0
2026-02-21 08:00:00,0.06423,0.06456,0.06422,0.06455,323707.0,2026-02-21 08:59:59.999,20855.05263000,395,185791.00000000,11970.18513000,0
2026-02-21 09:00:00,0.06454,0.06459,0.06427,0.06429,525469.0,2026-02-21 09:59:59.999,33861.87930000,601,214315.00000000,13807.40927000,0
2026-02-21 10:00:00,0.06429,0.06448,0.06424,0.06432,275615.0,2026-02-21 10:59:59.999,17731.95045000,293,109127.00000000,7021.39264000,0
2026-02-21 11:00:00,0.06433,0.0647,0.06427,0.0643,928490.0,2026-02-21 11:59:59.999,59871.37511000,779,542070.00000000,34954.23970000,0
2026-02-21 12:00:00,0.06431,0.06459,0.06428,0.06438,454730.0,2026-02-21 12:59:59.999,29296.25513000,465,190287.00000000,12266.62589000,0
2026-02-21 13:00:00,0.06438,0.0647,0.06437,0.0647,308042.0,2026-02-21 13:59:59.999,19866.70534000,443,233045.00000000,15030.30526000,0
2026-02-21 14:00:00,0.06469,0.06479,0.06441,0.06447,476785.0,2026-02-21 14:59:59.999,30788.04476000,745,339373.00000000,21913.25382000,0
2026-02-21 15:00:00,0.06448,0.06472,0.06437,0.06452,164132.0,2026-02-21 15:59:59.999,10590.34800000,414,105788.00000000,6825.00423000,0
2026-02-21 16:00:00,0.06453,0.06462,0.06408,0.06413,951292.0,2026-02-21 16:59:59.999,61104.63238000,1303,616814.00000000,39615.89514000,0
2026-02-21 17:00:00,0.06411,0.06426,0.06402,0.0642,269055.0,2026-02-21 17:59:59.999,17253.90549000,424,170534.00000000,10936.09397000,0
2026-02-21 18:00:00,0.06421,0.06437,0.06415,0.06434,195090.0,2026-02-21 18:59:59.999,12532.01578000,265,136095.00000000,8742.57528000,0
2026-02-21 19:00:00,0.06431,0.06447,0.06423,0.06447,325814.0,2026-02-21 19:59:59.999,20967.56686000,591,139000.00000000,8941.37143000,0
2026-02-21 20:00:00,0.06446,0.06451,0.06423,0.06424,416604.0,2026-02-21 20:59:59.999,26813.00936000,534,166380.00000000,10713.15701000,0
2026-02-21 21:00:00,0.06425,0.06454,0.0642,0.06454,169613.0,2026-02-21 21:59:59.999,10914.28267000,377,70670.00000000,4545.83356000,0
2026-02-21 22:00:00,0.06454,0.06463,0.06444,0.06449,216507.0,2026-02-21 22:59:59.999,13976.16731000,393,104175.00000000,6725.87489000,0
2026-02-21 23:00:00,0.06448,0.06451,0.06426,0.06427,171979.0,2026-02-21 23:59:59.999,11068.44178000,352,83504.00000000,5373.46346000,0
2026-02-22 00:00:00,0.06428,0.06445,0.06421,0.06435,273985.0,2026-02-22 00:59:59.999,17631.86042000,431,186650.00000000,12011.45863000,0
2026-02-22 01:00:00,0.06436,0.06471,0.06436,0.06458,221834.0,2026-02-22 01:59:59.999,14334.89656000,283,109485.00000000,7074.69216000,0
2026-02-22 02:00:00,0.06459,0.06479,0.06445,0.06452,467315.0,2026-02-22 02:59:59.999,30213.02658000,532,169086.00000000,10928.46425000,0
2026-02-22 03:00:00,0.06453,0.06474,0.06429,0.06464,600434.0,2026-02-22 03:59:59.999,38744.18288000,674,325440.00000000,21006.82450000,0
2026-02-22 04:00:00,0.06465,0.06477,0.06456,0.06459,185567.0,2026-02-22 04:59:59.999,11996.47528000,296,66500.00000000,4299.89482000,0
2026-02-22 05:00:00,0.06458,0.06476,0.06457,0.06476,123649.0,2026-02-22 05:59:59.999,7995.43261000,162,96591.00000000,6245.49338000,0
2026-02-22 06:00:00,0.06476,0.06499,0.06462,0.06469,374232.0,2026-02-22 06:59:59.999,24250.09095000,528,191861.00000000,12438.24452000,0
2026-02-22 07:00:00,0.0647,0.06514,0.06466,0.06504,280646.0,2026-02-22 07:59:59.999,18237.31877000,483,168578.00000000,10953.30421000,0
2026-02-22 08:00:00,0.06505,0.06505,0.06484,0.06494,434819.0,2026-02-22 08:59:59.999,28240.47285000,408,102287.00000000,6645.41945000,0
2026-02-22 09:00:00,0.06492,0.06536,0.06491,0.06512,770082.0,2026-02-22 09:59:59.999,50203.30394000,631,360353.00000000,23485.04981000,0
2026-02-22 10:00:00,0.06513,0.06541,0.0651,0.06538,131798.0,2026-02-22 10:59:59.999,8606.10380000,216,70451.00000000,4602.31043000,0
2026-02-22 11:00:00,0.06538,0.06542,0.06511,0.06539,142781.0,2026-02-22 11:59:59.999,9319.53705000,278,33275.00000000,2172.42485000,0
2026-02-22 12:00:00,0.0654,0.0654,0.06485,0.06495,439200.0,2026-02-22 12:59:59.999,28541.05615000,615,256972.00000000,16697.55622000,0
2026-02-22 13:00:00,0.06494,0.06516,0.06481,0.06494,335845.0,2026-02-22 13:59:59.999,21819.30293000,562,148481.00000000,9646.12983000,0
2026-02-22 14:00:00,0.06495,0.06518,0.0644,0.0646,1152270.0,2026-02-22 14:59:59.999,74537.78583000,1152,490242.00000000,31685.74343000,0
2026-02-22 15:00:00,0.0646,0.06466,0.06427,0.0644,948870.0,2026-02-22 15:59:59.999,61142.11927000,967,585519.00000000,37730.75477000,0
2026-02-22 16:00:00,0.06439,0.06458,0.06425,0.06458,363462.0,2026-02-22 16:59:59.999,23412.41819000,441,203896.00000000,13140.46050000,0
2026-02-22 17:00:00,0.06457,0.06468,0.06424,0.06445,364633.0,2026-02-22 17:59:59.999,23475.03060000,500,177053.00000000,11404.51843000,0
2026-02-22 18:00:00,0.06446,0.06446,0.06429,0.06443,243266.0,2026-02-22 18:59:59.999,15659.69591000,332,183693.00000000,11824.96341000,0
2026-02-22 19:00:00,0.06443,0.06471,0.06433,0.06465,330008.0,2026-02-22 19:59:59.999,21281.99115000,634,212629.00000000,13708.14469000,0
2026-02-22 20:00:00,0.06465,0.06478,0.0645,0.0646,604074.0,2026-02-22 20:59:59.999,39057.28063000,743,474341.00000000,30673.21365000,0
2026-02-22 21:00:00,0.06461,0.06471,0.06409,0.06422,871166.0,2026-02-22 21:59:59.999,56086.77253000,891,396389.00000000,25512.47339000,0
2026-02-22 22:00:00,0.06423,0.06439,0.06409,0.06439,458334.0,2026-02-22 22:59:59.999,29444.53815000,516,288296.00000000,18525.42698000,0
2026-02-22 23:00:00,0.0644,0.0644,0.06412,0.06422,276787.0,2026-02-22 23:59:59.999,17771.67658000,361,172465.00000000,11073.16104000,0
2026-02-23 00:00:00,0.06419,0.06441,0.0636,0.06369,891103.0,2026-02-23 00:59:59.999,57020.39689000,1145,619600.00000000,39648.68693000,0
2026-02-23 01:00:00,0.06365,0.06366,0.06148,0.06195,10264207.0,2026-02-23 01:59:59.999,638802.04580000,6426,4169428.00000000,259314.53373000,0
2026-02-23 02:00:00,0.06192,0.06269,0.06179,0.06203,1030649.0,2026-02-23 02:59:59.999,64272.08386000,882,543651.00000000,33890.66427000,0
2026-02-23 03:00:00,0.06205,0.06226,0.0611,0.06128,4475098.0,2026-02-23 03:59:59.999,274963.52024000,1543,2883885.00000000,177148.97992000,0
2026-02-23 04:00:00,0.06127,0.06157,0.06125,0.06139,360346.0,2026-02-23 04:59:59.999,22117.30878000,314,279653.00000000,17163.65374000,0
2026-02-23 05:00:00,0.06139,0.06158,0.06121,0.06127,536199.0,2026-02-23 05:59:59.999,32922.26992000,385,380050.00000000,23337.57883000,0
2026-02-23 06:00:00,0.06128,0.06175,0.06124,0.06168,497994.0,2026-02-23 06:59:59.999,30665.58014000,457,389437.00000000,23981.65842000,0
2026-02-23 07:00:00,0.06167,0.06211,0.06167,0.06182,359664.0,2026-02-23 07:59:59.999,22268.80739000,366,136500.00000000,8448.48452000,0
2026-02-23 08:00:00,0.06182,0.06191,0.0616,0.06168,285745.0,2026-02-23 08:59:59.999,17632.88961000,370,141445.00000000,8728.06520000,0
2026-02-23 09:00:00,0.0617,0.06292,0.06169,0.06289,1333899.0,2026-02-23 09:59:59.999,83209.79252000,915,781102.00000000,48706.99745000,0
2026-02-23 10:00:00,0.06293,0.06323,0.06285,0.06303,446194.0,2026-02-23 10:59:59.999,28139.56923000,498,236327.00000000,14907.90210000,0
2026-02-23 11:00:00,0.06306,0.06345,0.06305,0.0633,265366.0,2026-02-23 11:59:59.999,16798.07937000,353,81797.00000000,5173.44559000,0
2026-02-23 12:00:00,0.06328,0.0638,0.06318,0.06329,1292934.0,2026-02-23 12:59:59.999,82089.41218000,832,608555.00000000,38613.13063000,0
2026-02-23 13:00:00,0.06331,0.06377,0.06321,0.06374,2330293.0,2026-02-23 13:59:59.999,147888.11724000,875,1643422.00000000,104267.83972000,0
2026-02-23 14:00:00,0.06375,0.06382,0.06304,0.06338,1119080.0,2026-02-23 14:59:59.999,70997.54468000,880,523267.00000000,33153.01734000,0
2026-02-23 15:00:00,0.06341,0.06407,0.06319,0.06369,2581085.0,2026-02-23 15:59:59.999,164094.61442000,1616,1403912.00000000,89241.44845000,0
2026-02-23 16:00:00,0.06369,0.0637,0.06328,0.06331,702602.0,2026-02-23 16:59:59.999,44606.12349000,756,257203.00000000,16328.62542000,0
2026-02-23 17:00:00,0.06333,0.0635,0.06202,0.06258,1778920.0,2026-02-23 17:59:59.999,111419.58938000,1251,1056750.00000000,66092.83618000,0
2026-02-23 18:00:00,0.06255,0.0632,0.06252,0.0628,849526.0,2026-02-23 18:59:59.999,53393.03980000,920,535190.00000000,33609.88929000,0
2026-02-23 19:00:00,0.06281,0.06295,0.06206,0.06224,2138748.0,2026-02-23 19:59:59.999,133335.28439000,1181,1343467.00000000,83691.59138000,0
2026-02-23 20:00:00,0.06223,0.063,0.06206,0.063,1859730.0,2026-02-23 20:59:59.999,116119.18170000,1213,1039054.00000000,64847.59372000,0
2026-02-23 21:00:00,0.06299,0.06318,0.06274,0.06277,735563.0,2026-02-23 21:59:59.999,46296.65646000,571,226955.00000000,14287.43483000,0
2026-02-23 22:00:00,0.06279,0.06369,0.06279,0.06302,2565724.0,2026-02-23 22:59:59.999,162151.74951000,1298,1274934.00000000,80608.94124000,0
2026-02-23 23:00:00,0.06307,0.06324,0.06292,0.06295,110282.0,2026-02-23 23:59:59.999,6957.16581000,159,33603.00000000,2120.37018000,0
2026-02-24 00:00:00,0.06297,0.06329,0.0629,0.06328,297067.0,2026-02-24 00:59:59.999,18741.81480000,239,141829.00000000,8942.48714000,0
2026-02-24 01:00:00,0.06329,0.06329,0.06217,0.06265,810863.0,2026-02-24 01:59:59.999,50854.92476000,1370,404324.00000000,25364.36347000,0
2026-02-24 02:00:00,0.06262,0.06297,0.0624,0.06268,367365.0,2026-02-24 02:59:59.999,23011.22469000,494,155363.00000000,9736.10732000,0
2026-02-24 03:00:00,0.06265,0.06265,0.06208,0.0626,966714.0,2026-02-24 03:59:59.999,60217.18066000,974,526729.00000000,32806.25460000,0
2026-02-24 04:00:00,0.06262,0.06331,0.06222,0.06325,1762983.0,2026-02-24 04:59:59.999,110567.83975000,1292,879453.00000000,55152.80251000,0
2026-02-24 05:00:00,0.06326,0.06387,0.06252,0.0629,2443474.0,2026-02-24 05:59:59.999,154060.35909000,1636,1054807.00000000,66475.17434000,0
2026-02-24 06:00:00,0.06288,0.0633,0.06268,0.06289,847445.0,2026-02-24 06:59:59.999,53398.60666000,712,467155.00000000,29423.00280000,0
2026-02-24 07:00:00,0.06286,0.06306,0.06271,0.06296,435014.0,2026-02-24 07:59:59.999,27363.07163000,487,131506.00000000,8271.28012000,0
2026-02-24 08:00:00,0.06296,0.06351,0.06277,0.06338,794597.0,2026-02-24 08:59:59.999,50254.97980000,687,397261.00000000,25144.26545000,0
2026-02-24 09:00:00,0.06338,0.06355,0.06304,0.06345,471865.0,2026-02-24 09:59:59.999,29856.03764000,547,230068.00000000,14558.11187000,0
2026-02-24 10:00:00,0.06345,0.06375,0.06312,0.06345,1329309.0,2026-02-24 10:59:59.999,84338.58825000,725,850834.00000000,54011.14325000,0
2026-02-24 11:00:00,0.06347,0.06362,0.06335,0.0634,303961.0,2026-02-24 11:59:59.999,19277.30555000,353,144573.00000000,9169.61504000,0
2026-02-24 12:00:00,0.06343,0.0636,0.06313,0.06316,482097.0,2026-02-24 12:59:59.999,30575.04619000,477,248035.00000000,15734.06133000,0
2026-02-24 13:00:00,0.06317,0.06339,0.06224,0.06249,1615727.0,2026-02-24 13:59:59.999,101370.16279000,1201,920652.00000000,57716.43570000,0
2026-02-24 14:00:00,0.06246,0.06333,0.06235,0.06318,1373590.0,2026-02-24 14:59:59.999,86311.15757000,1270,700842.00000000,44010.90515000,0
2026-02-24 15:00:00,0.06319,0.06394,0.0631,0.06392,507076.0,2026-02-24 15:59:59.999,32253.40015000,798,233494.00000000,14849.76884000,0
2026-02-24 16:00:00,0.06394,0.06486,0.06391,0.06439,1821821.0,2026-02-24 16:59:59.999,117471.63508000,1267,964773.00000000,62242.63135000,0
2026-02-24 17:00:00,0.06441,0.0646,0.06394,0.06414,996673.0,2026-02-24 17:59:59.999,64070.10633000,702,408447.00000000,26253.27459000,0
2026-02-24 18:00:00,0.06414,0.06489,0.06392,0.06483,2504296.0,2026-02-24 18:59:59.999,161693.09478000,828,2033339.00000000,131252.01939000,0
2026-02-24 19:00:00,0.06482,0.06538,0.06471,0.06521,1685031.0,2026-02-24 19:59:59.999,109585.57007000,958,927798.00000000,60369.39625000,0
2026-02-24 20:00:00,0.06519,0.06551,0.06512,0.06532,805195.0,2026-02-24 20:59:59.999,52555.29797000,395,366379.00000000,23888.22660000,0
2026-02-24 21:00:00,0.06532,0.06534,0.06501,0.06529,374961.0,2026-02-24 21:59:59.999,24444.33634000,462,178957.00000000,11669.34381000,0
2026-02-24 22:00:00,0.0653,0.06628,0.06522,0.06595,2267552.0,2026-02-24 22:59:59.999,149609.02418000,1306,1248249.00000000,82339.47836000,0
2026-02-24 23:00:00,0.06593,0.06622,0.0658,0.06604,660758.0,2026-02-24 23:59:59.999,43637.94601000,739,365120.00000000,24124.39690000,0
2026-02-25 00:00:00,0.06602,0.06625,0.06587,0.06605,927372.0,2026-02-25 00:59:59.999,61311.47093000,1004,511474.00000000,33806.56803000,0
2026-02-25 01:00:00,0.06605,0.06726,0.0659,0.06685,2411947.0,2026-02-25 01:59:59.999,160905.42753000,2197,1506231.00000000,100435.29948000,0
2026-02-25 02:00:00,0.06686,0.06746,0.06682,0.06734,1302020.0,2026-02-25 02:59:59.999,87554.04230000,1068,911640.00000000,61303.64586000,0
2026-02-25 03:00:00,0.06734,0.06734,0.06686,0.06702,757350.0,2026-02-25 03:59:59.999,50789.47034000,893,372366.00000000,24960.28736000,0
2026-02-25 04:00:00,0.06703,0.06788,0.0668,0.06699,1401234.0,2026-02-25 04:59:59.999,94344.54939000,1758,755166.00000000,50828.35280000,0
2026-02-25 05:00:00,0.067,0.06704,0.06671,0.06683,692688.0,2026-02-25 05:59:59.999,46275.92521000,606,356074.00000000,23791.65018000,0
2026-02-25 06:00:00,0.06685,0.06689,0.06673,0.06679,304615.0,2026-02-25 06:59:59.999,20354.00284000,326,197505.00000000,13196.22452000,0
2026-02-25 07:00:00,0.06679,0.06716,0.06666,0.0669,839158.0,2026-02-25 07:59:59.999,56094.95645000,688,343263.00000000,22950.06511000,0
2026-02-25 08:00:00,0.06689,0.06692,0.06572,0.06658,2595582.0,2026-02-25 08:59:59.999,171996.65623000,2351,1109527.00000000,73502.09778000,0
2026-02-25 09:00:00,0.06659,0.06673,0.06639,0.06646,267993.0,2026-02-25 09:59:59.999,17843.71651000,522,115454.00000000,7683.46121000,0
2026-02-25 10:00:00,0.06645,0.06662,0.06625,0.0665,237500.0,2026-02-25 10:59:59.999,15776.93533000,485,125395.00000000,8328.83103000,0
2026-02-25 11:00:00,0.0665,0.06657,0.06627,0.06649,265697.0,2026-02-25 11:59:59.999,17649.64968000,380,157519.00000000,10469.36053000,0
2026-02-25 12:00:00,0.06649,0.06688,0.06642,0.06676,947125.0,2026-02-25 12:59:59.999,63143.38978000,921,710628.00000000,47373.60904000,0
2026-02-25 13:00:00,0.06677,0.06871,0.06655,0.06828,5107652.0,2026-02-25 13:59:59.999,347688.38942000,2495,2975300.00000000,202378.72540000,0
2026-02-25 14:00:00,0.06828,0.06866,0.06752,0.06863,2730575.0,2026-02-25 14:59:59.999,186231.83270000,1989,1568344.00000000,107008.91581000,0
2026-02-25 15:00:00,0.06866,0.06884,0.06805,0.06826,2159465.0,2026-02-25 15:59:59.999,148087.53970000,3064,873867.00000000,59918.15912000,0
2026-02-25 16:00:00,0.06825,0.06925,0.06817,0.06911,4679349.0,2026-02-25 16:59:59.999,322218.25401000,2978,3553489.00000000,244731.18751000,0
2026-02-25 17:00:00,0.06906,0.07,0.06899,0.06976,2226571.0,2026-02-25 17:59:59.999,154612.25318000,1485,1530612.00000000,106147.13338000,0
2026-02-25 18:00:00,0.06975,0.07074,0.06958,0.07066,2624536.0,2026-02-25 18:59:59.999,184079.70826000,2267,1058857.00000000,74260.09761000,0
2026-02-25 19:00:00,0.07068,0.07094,0.07017,0.07017,2176352.0,2026-02-25 19:59:59.999,153979.32003000,2027,1373648.00000000,97185.45443000,0
2026-02-25 20:00:00,0.07018,0.07126,0.07018,0.07081,2688031.0,2026-02-25 20:59:59.999,190267.10466000,2395,1612082.00000000,114170.29532000,0
2026-02-25 21:00:00,0.0708,0.07131,0.07049,0.07111,1855396.0,2026-02-25 21:59:59.999,131629.22041000,1783,964008.00000000,68348.68923000,0
2026-02-25 22:00:00,0.07111,0.07127,0.06901,0.06936,3284010.0,2026-02-25 22:59:59.999,230040.11169000,1866,1271768.00000000,88952.47314000,0
2026-02-25 23:00:00,0.06934,0.06936,0.06858,0.06881,1632567.0,2026-02-25 23:59:59.999,112470.27254000,1697,911342.00000000,62829.29976000,0
2026-02-26 00:00:00,0.06882,0.06944,0.06866,0.06918,1194213.0,2026-02-26 00:59:59.999,82506.86024000,1380,807520.00000000,55775.84564000,0
2026-02-26 01:00:00,0.06917,0.06982,0.0691,0.06979,1258050.0,2026-02-26 01:59:59.999,87527.67006000,1222,726374.00000000,50533.34603000,0
2026-02-26 02:00:00,0.0698,0.07012,0.06941,0.07011,1260874.0,2026-02-26 02:59:59.999,87941.28054000,1158,709447.00000000,49491.84278000,0
2026-02-26 03:00:00,0.0701,0.07047,0.06999,0.07043,827011.0,2026-02-26 03:59:59.999,58085.26664000,721,455408.00000000,31983.87163000,0
2026-02-26 04:00:00,0.07043,0.07105,0.07027,0.07083,1158043.0,2026-02-26 04:59:59.999,81878.32772000,1254,576216.00000000,40728.19480000,0
2026-02-26 05:00:00,0.07083,0.07083,0.06933,0.07002,2596005.0,2026-02-26 05:59:59.999,181642.42737000,2233,1362171.00000000,95325.91543000,0
2026-02-26 06:00:00,0.07002,0.0702,0.06977,0.07014,984943.0,2026-02-26 06:59:59.999,68911.12608000,1018,590580.00000000,41322.25841000,0
2026-02-26 07:00:00,0.07015,0.07046,0.07006,0.0701,381437.0,2026-02-26 07:59:59.999,26803.41635000,561,184895.00000000,12988.96747000,0
2026-02-26 08:00:00,0.0701,0.07055,0.06959,0.06997,1824055.0,2026-02-26 08:59:59.999,127891.87948000,1401,1225216.00000000,85989.45672000,0
2026-02-26 09:00:00,0.07,0.07048,0.06982,0.0699,813082.0,2026-02-26 09:59:59.999,56995.54847000,868,378967.00000000,26565.76241000,0
2026-02-26 10:00:00,0.06989,0.06994,0.06945,0.06952,749429.0,2026-02-26 10:59:59.999,52268.30112000,884,498594.00000000,34761.04200000,0
2026-02-26 11:00:00,0.06952,0.0697,0.06926,0.06952,440828.0,2026-02-26 11:59:59.999,30610.52168000,486,281753.00000000,19566.10910000,0
2026-02-26 12:00:00,0.06953,0.07045,0.06953,0.07029,2385482.0,2026-02-26 12:59:59.999,166953.59909000,1222,995692.00000000,69740.88189000,0
2026-02-26 13:00:00,0.07029,0.07037,0.06995,0.06999,582871.0,2026-02-26 13:59:59.999,40905.66792000,743,209230.00000000,14688.62645000,0
2026-02-26 14:00:00,0.06999,0.07009,0.06941,0.0698,607289.0,2026-02-26 14:59:59.999,42401.03080000,1391,166993.00000000,11654.10568000,0
2026-02-26 15:00:00,0.06985,0.06991,0.069,0.06955,3087151.0,2026-02-26 15:59:59.999,214049.93408000,3076,1717549.00000000,119010.69853000,0
2026-02-26 16:00:00,0.06956,0.06956,0.06836,0.06846,1286399.0,2026-02-26 16:59:59.999,88640.16689000,1431,502951.00000000,34684.11199000,0
2026-02-26 17:00:00,0.06846,0.06897,0.06765,0.0679,1511475.0,2026-02-26 17:59:59.999,103120.26384000,1820,676114.00000000,46124.36345000,0
2026-02-26 18:00:00,0.06791,0.06828,0.06774,0.0682,498214.0,2026-02-26 18:59:59.999,33868.33636000,907,275654.00000000,18741.15248000,0
2026-02-26 19:00:00,0.06823,0.06881,0.06822,0.06876,841082.0,2026-02-26 19:59:59.999,57609.46456000,901,407230.00000000,27899.92586000,0
2026-02-26 20:00:00,0.06875,0.069,0.06871,0.06895,393386.0,2026-02-26 20:59:59.999,27108.66971000,576,150406.00000000,10367.23717000,0
2026-02-26 21:00:00,0.06894,0.06935,0.06888,0.06892,375789.0,2026-02-26 21:59:59.999,25958.38662000,444,192729.00000000,13312.34805000,0
2026-02-26 22:00:00,0.06893,0.06925,0.06884,0.0692,205469.0,2026-02-26 22:59:59.999,14169.78814000,287,53482.00000000,3689.29578000,0
2026-02-26 23:00:00,0.0692,0.0693,0.06904,0.06911,149291.0,2026-02-26 23:59:59.999,10323.01557000,305,71045.00000000,4914.18010000,0
2026-02-27 00:00:00,0.06912,0.06918,0.06873,0.06881,654818.0,2026-02-27 00:59:59.999,45171.28675000,539,503816.00000000,34751.43787000,0
2026-02-27 01:00:00,0.0688,0.06882,0.06859,0.06874,621980.0,2026-02-27 01:59:59.999,42749.67548000,500,465079.00000000,31964.30259000,0
2026-02-27 02:00:00,0.06875,0.06894,0.06867,0.06868,381701.0,2026-02-27 02:59:59.999,26267.90241000,352,332388.00000000,22873.89494000,0
2026-02-27 03:00:00,0.06868,0.06882,0.06858,0.06876,857860.0,2026-02-27 03:59:59.999,58949.43837000,1023,413129.00000000,28385.36092000,0
2026-02-27 04:00:00,0.06875,0.06932,0.06854,0.06859,888299.0,2026-02-27 04:59:59.999,61154.59131000,778,679166.00000000,46738.50290000,0
2026-02-27 05:00:00,0.06858,0.06894,0.06844,0.06855,1362100.0,2026-02-27 05:59:59.999,93464.91306000,724,973831.00000000,66827.34338000,0
2026-02-27 06:00:00,0.06856,0.06866,0.06831,0.0685,605887.0,2026-02-27 06:59:59.999,41479.19495000,538,480962.00000000,32920.79366000,0
2026-02-27 07:00:00,0.0685,0.0685,0.06822,0.06837,982721.0,2026-02-27 07:59:59.999,67186.19002000,701,787696.00000000,53856.74367000,0
2026-02-27 08:00:00,0.06838,0.0688,0.06838,0.06865,1950095.0,2026-02-27 08:59:59.999,133778.07727000,1048,1782717.00000000,122291.08906000,0
2026-02-27 09:00:00,0.06865,0.06883,0.06819,0.06826,1440356.0,2026-02-27 09:59:59.999,98686.33286000,916,1233620.00000000,84518.58387000,0
2026-02-27 10:00:00,0.06825,0.06837,0.0677,0.06772,1914282.0,2026-02-27 10:59:59.999,130177.11034000,1395,1346217.00000000,91530.13002000,0
2026-02-27 11:00:00,0.06772,0.06785,0.06748,0.06764,1721288.0,2026-02-27 11:59:59.999,116512.43357000,2571,987350.00000000,66831.14804000,0
2026-02-27 12:00:00,0.06764,0.06773,0.0674,0.06749,732399.0,2026-02-27 12:59:59.999,49460.43825000,641,504687.00000000,34085.06022000,0
2026-02-27 13:00:00,0.0675,0.06756,0.06712,0.06739,905283.0,2026-02-27 13:59:59.999,60927.82651000,854,674105.00000000,45369.51372000,0
2026-02-27 14:00:00,0.0674,0.06747,0.06709,0.06714,407631.0,2026-02-27 14:59:59.999,27418.10057000,682,299535.00000000,20149.67461000,0
2026-02-27 15:00:00,0.06713,0.06776,0.06707,0.06731,2480558.0,2026-02-27 15:59:59.999,167010.15879000,1656,1517398.00000000,102152.73771000,0
2026-02-27 16:00:00,0.06732,0.06757,0.06711,0.06738,616312.0,2026-02-27 16:59:59.999,41533.11311000,985,229836.00000000,15493.36830000,0
2026-02-27 17:00:00,0.06739,0.06775,0.06706,0.06768,765814.0,2026-02-27 17:59:59.999,51643.74196000,1038,466018.00000000,31420.37308000,0
2026-02-27 18:00:00,0.06769,0.06769,0.06684,0.06691,1593075.0,2026-02-27 18:59:59.999,107066.33209000,843,623141.00000000,41880.84143000,0
2026-02-27 19:00:00,0.06689,0.06712,0.06682,0.06707,563277.0,2026-02-27 19:59:59.999,37727.80524000,614,336193.00000000,22517.54648000,0
2026-02-27 20:00:00,0.06705,0.06729,0.06698,0.06699,379048.0,2026-02-27 20:59:59.999,25429.26967000,550,140754.00000000,9446.76822000,0
2026-02-27 21:00:00,0.06698,0.06733,0.06691,0.06706,266964.0,2026-02-27 21:59:59.999,17924.00410000,356,181602.00000000,12191.74986000,0
2026-02-27 22:00:00,0.06707,0.06733,0.06642,0.06713,911823.0,2026-02-27 22:59:59.999,60911.09635000,621,436404.00000000,29194.01536000,0
2026-02-27 23:00:00,0.06713,0.06727,0.06691,0.06726,557880.0,2026-02-27 23:59:59.999,37408.18134000,516,364558.00000000,24440.75455000,0
2026-02-28 00:00:00,0.06725,0.06731,0.06693,0.0673,268803.0,2026-02-28 00:59:59.999,18040.16987000,458,120638.00000000,8097.67425000,0
2026-02-28 01:00:00,0.0673,0.06739,0.06698,0.0671,217115.0,2026-02-28 01:59:59.999,14583.60186000,394,142980.00000000,9602.01001000,0
2026-02-28 02:00:00,0.06711,0.06738,0.06706,0.0671,251120.0,2026-02-28 02:59:59.999,16877.06252000,317,106292.00000000,7141.79411000,0
2026-02-28 03:00:00,0.06709,0.06709,0.06675,0.06681,377448.0,2026-02-28 03:59:59.999,25254.49665000,425,172526.00000000,11544.12385000,0
2026-02-28 04:00:00,0.06682,0.06691,0.06664,0.0669,175808.0,2026-02-28 04:59:59.999,11743.34197000,283,122090.00000000,8155.07072000,0
2026-02-28 05:00:00,0.06691,0.06695,0.06672,0.06688,336384.0,2026-02-28 05:59:59.999,22482.57219000,474,210354.00000000,14060.72769000,0
2026-02-28 06:00:00,0.06687,0.06689,0.06482,0.06495,4010228.0,2026-02-28 06:59:59.999,263284.39352000,5098,2410352.00000000,158380.38845000,0
2026-02-28 07:00:00,0.06494,0.06555,0.06427,0.06454,8265785.0,2026-02-28 07:59:59.999,534617.39015000,4565,4652202.00000000,300741.60579000,0
2026-02-28 08:00:00,0.06453,0.06457,0.06402,0.06415,2998985.0,2026-02-28 08:59:59.999,192756.56683000,2370,1965077.00000000,126385.50654000,0
2026-02-28 09:00:00,0.06417,0.06473,0.064,0.06469,1904426.0,2026-02-28 09:59:59.999,122387.52849000,1787,1116248.00000000,71767.45870000,0
2026-02-28 10:00:00,0.06468,0.06523,0.06447,0.06516,818196.0,2026-02-28 10:59:59.999,53087.30103000,925,462443.00000000,30012.51634000,0
2026-02-28 11:00:00,0.06517,0.06559,0.06516,0.06526,1034236.0,2026-02-28 11:59:59.999,67606.80419000,907,573493.00000000,37493.49596000,0
2026-02-28 12:00:00,0.06528,0.06567,0.06495,0.06526,621206.0,2026-02-28 12:59:59.999,40549.35229000,698,345158.00000000,22534.56307000,0
2026-02-28 13:00:00,0.06527,0.06654,0.06527,0.06652,1258662.0,2026-02-28 13:59:59.999,83066.24298000,1505,782060.00000000,51588.13517000,0
2026-02-28 14:00:00,0.06654,0.06673,0.06608,0.06622,1352828.0,2026-02-28 14:59:59.999,89610.61159000,1635,580190.00000000,38417.67025000,0
2026-02-28 15:00:00,0.06623,0.06692,0.06616,0.06688,797303.0,2026-02-28 15:59:59.999,53118.76733000,899,490517.00000000,32680.12347000,0
2026-02-28 16:00:00,0.06689,0.06693,0.06638,0.06666,1562722.0,2026-02-28 16:59:59.999,104166.84415000,1133,499963.00000000,33287.90138000,0
2026-02-28 17:00:00,0.06666,0.0669,0.06634,0.06679,2359872.0,2026-02-28 17:59:59.999,157369.65089000,1527,1541776.00000000,102807.79640000,0
2026-02-28 18:00:00,0.06679,0.06687,0.06629,0.06679,1043006.0,2026-02-28 18:59:59.999,69405.67668000,1022,485486.00000000,32305.12839000,0
2026-02-28 19:00:00,0.0668,0.06738,0.06647,0.06731,527189.0,2026-02-28 19:59:59.999,35276.24027000,982,283014.00000000,18936.46184000,0
2026-02-28 20:00:00,0.06732,0.06791,0.06718,0.06779,904614.0,2026-02-28 20:59:59.999,61185.16454000,1317,471620.00000000,31898.46058000,0
2026-02-28 21:00:00,0.0678,0.06783,0.06733,0.06756,530727.0,2026-02-28 21:59:59.999,35850.56829000,1048,306582.00000000,20709.69827000,0
2026-02-28 22:00:00,0.06757,0.06855,0.06756,0.06821,467013.0,2026-02-28 22:59:59.999,31820.90233000,585,238846.00000000,16277.29711000,0
2026-02-28 23:00:00,0.0682,0.06831,0.06781,0.06831,972303.0,2026-02-28 23:59:59.999,66206.49556000,1215,396248.00000000,26979.52753000,0
2026-03-01 00:00:00,0.06829,0.06858,0.06795,0.06799,835257.0,2026-03-01 00:59:59.999,56952.00903000,1302,408711.00000000,27876.22221000,0
2026-03-01 01:00:00,0.06799,0.06902,0.0675,0.06879,1121898.0,2026-03-01 01:59:59.999,76359.47635000,1593,759912.00000000,51670.73399000,0
2026-03-01 02:00:00,0.0688,0.07061,0.0688,0.06965,8368173.0,2026-03-01 02:59:59.999,583659.29644000,3815,4940986.00000000,344681.54445000,0
2026-03-01 03:00:00,0.06965,0.06986,0.0692,0.06958,1485149.0,2026-03-01 03:59:59.999,103289.66485000,1293,725427.00000000,50457.21845000,0
2026-03-01 04:00:00,0.06958,0.06984,0.0691,0.06957,2591797.0,2026-03-01 04:59:59.999,180187.91590000,1688,1586833.00000000,110224.72416000,0
2026-03-01 05:00:00,0.06958,0.06966,0.06928,0.06928,714138.0,2026-03-01 05:59:59.999,49612.42483000,670,464747.00000000,32287.91111000,0
2026-03-01 06:00:00,0.06928,0.06938,0.06863,0.06894,1445212.0,2026-03-01 06:59:59.999,99713.59226000,1309,618113.00000000,42664.13495000,0
2026-03-01 07:00:00,0.06895,0.069,0.06859,0.06892,420842.0,2026-03-01 07:59:59.999,28949.84761000,581,203845.00000000,14020.26044000,0
2026-03-01 08:00:00,0.0689,0.06921,0.06839,0.06847,847933.0,2026-03-01 08:59:59.999,58232.65124000,1090,355705.00000000,24442.62321000,0
2026-03-01 09:00:00,0.06846,0.0687,0.06822,0.0685,450411.0,2026-03-01 09:59:59.999,30853.80863000,765,226404.00000000,15504.10631000,0
2026-03-01 10:00:00,0.0685,0.06885,0.06837,0.06866,335027.0,2026-03-01 10:59:59.999,22980.88293000,636,170329.00000000,11686.61527000,0
2026-03-01 11:00:00,0.06867,0.06927,0.06818,0.0682,1811203.0,2026-03-01 11:59:59.999,124520.39753000,1723,1292783.00000000,88871.16986000,0
2026-03-01 12:00:00,0.06818,0.06823,0.0674,0.06774,1471725.0,2026-03-01 12:59:59.999,99732.71273000,1631,940188.00000000,63697.68112000,0
2026-03-01 13:00:00,0.06774,0.06813,0.0674,0.06793,1113621.0,2026-03-01 13:59:59.999,75446.96481000,1289,723259.00000000,48972.88947000,0
2026-03-01 14:00:00,0.06794,0.06829,0.06781,0.06795,1086187.0,2026-03-01 14:59:59.999,73908.81807000,1374,681707.00000000,46380.91772000,0
2026-03-01 15:00:00,0.06795,0.06831,0.06771,0.06775,822003.0,2026-03-01 15:59:59.999,55901.92195000,697,538127.00000000,36609.44920000,0
2026-03-01 16:00:00,0.06774,0.06825,0.06733,0.06751,1094859.0,2026-03-01 16:59:59.999,74272.88774000,1311,645431.00000000,43791.72125000,0
2026-03-01 17:00:00,0.06751,0.06752,0.06689,0.06693,2295889.0,2026-03-01 17:59:59.999,154197.67152000,1711,1488188.00000000,99907.61651000,0
2026-03-01 18:00:00,0.06696,0.06748,0.06693,0.06713,1033480.0,2026-03-01 18:59:59.999,69473.01554000,879,845625.00000000,56839.76785000,0
2026-03-01 19:00:00,0.06714,0.0672,0.06668,0.06681,976845.0,2026-03-01 19:59:59.999,65401.38009000,841,718632.00000000,48109.56183000,0
2026-03-01 20:00:00,0.0668,0.06696,0.06607,0.06612,1097412.0,2026-03-01 20:59:59.999,72876.99506000,1051,748842.00000000,49709.25440000,0
2026-03-01 21:00:00,0.06613,0.06658,0.06605,0.06652,1139409.0,2026-03-01 21:59:59.999,75573.31786000,840,941898.00000000,62477.55781000,0
2026-03-01 22:00:00,0.06652,0.06723,0.0664,0.06663,1351214.0,2026-03-01 22:59:59.999,90260.16453000,872,930682.00000000,62147.91450000,0
2026-03-01 23:00:00,0.06659,0.0672,0.06658,0.06682,577909.0,2026-03-01 23:59:59.999,38629.63539000,1039,292889.00000000,19568.67632000,0
2026-03-02 00:00:00,0.06683,0.06746,0.06682,0.06737,579653.0,2026-03-02 00:59:59.999,38937.34920000,1036,244100.00000000,16404.11966000,0
2026-03-02 01:00:00,0.06738,0.068,0.06726,0.06782,1481420.0,2026-03-02 01:59:59.999,100338.88215000,1164,531453.00000000,35991.03527000,0
2026-03-02 02:00:00,0.06781,0.06786,0.06722,0.06769,482527.0,2026-03-02 02:59:59.999,32604.72742000,953,220452.00000000,14894.83535000,0
2026-03-02 03:00:00,0.06768,0.06815,0.06752,0.06805,401503.0,2026-03-02 03:59:59.999,27253.79655000,672,262609.00000000,17820.45193000,0
2026-03-02 04:00:00,0.06805,0.06824,0.068,0.06809,231987.0,2026-03-02 04:59:59.999,15800.67714000,433,69770.00000000,4752.62541000,0
2026-03-02 05:00:00,0.0681,0.06841,0.068,0.06832,336625.0,2026-03-02 05:59:59.999,22971.11382000,622,165709.00000000,11310.04411000,0
2026-03-02 06:00:00,0.06833,0.06838,0.06785,0.06791,338141.0,2026-03-02 06:59:59.999,23016.98668000,754,140411.00000000,9554.37754000,0
2026-03-02 07:00:00,0.06792,0.06796,0.0675,0.06779,462882.0,2026-03-02 07:59:59.999,31330.66183000,836,301801.00000000,20429.45736000,0
2026-03-02 08:00:00,0.06778,0.06799,0.06727,0.06777,630460.0,2026-03-02 08:59:59.999,42614.94920000,1097,330411.00000000,22330.42716000,0
2026-03-02 09:00:00,0.06777,0.06819,0.06765,0.06768,410559.0,2026-03-02 09:59:59.999,27862.57953000,783,269815.00000000,18304.59248000,0
2026-03-02 10:00:00,0.06767,0.06793,0.06767,0.06793,256357.0,2026-03-02 10:59:59.999,17386.49897000,472,115527.00000000,7834.56794000,0
2026-03-02 11:00:00,0.06792,0.06801,0.06735,0.0677,650241.0,2026-03-02 11:59:59.999,43930.05863000,923,385418.00000000,26030.79368000,0
2026-03-02 12:00:00,0.0677,0.06787,0.06752,0.06784,323506.0,2026-03-02 12:59:59.999,21894.24106000,450,169217.00000000,11453.05051000,0
2026-03-02 13:00:00,0.06783,0.06783,0.06744,0.06761,532045.0,2026-03-02 13:59:59.999,35976.15569000,958,203562.00000000,13766.37277000,0
2026-03-02 14:00:00,0.0676,0.06939,0.06736,0.06934,2593649.0,2026-03-02 14:59:59.999,177616.01357000,2873,1702213.00000000,116547.17350000,0
2026-03-02 15:00:00,0.06933,0.07142,0.06928,0.07131,5569198.0,2026-03-02 15:59:59.999,394796.19579000,5833,3169740.00000000,225012.64361000,0
2026-03-02 16:00:00,0.07132,0.07223,0.07117,0.0719,5947967.0,2026-03-02 16:59:59.999,425998.17198000,5662,3170883.00000000,227043.26125000,0
2026-03-02 17:00:00,0.07191,0.07201,0.07126,0.07155,6515815.0,2026-03-02 17:59:59.999,467221.06182000,6178,4378475.00000000,314020.80500000,0
2026-03-02 18:00:00,0.07157,0.07175,0.07055,0.07078,3489433.0,2026-03-02 18:59:59.999,248780.13706000,2292,2014972.00000000,143622.66605000,0
2026-03-02 19:00:00,0.07079,0.07134,0.07074,0.07128,2130115.0,2026-03-02 19:59:59.999,151338.51515000,2093,1512817.00000000,107499.66901000,0
2026-03-02 20:00:00,0.07127,0.0714,0.07093,0.07103,1217947.0,2026-03-02 20:59:59.999,86625.89048000,1356,725837.00000000,51627.51519000,0
2026-03-02 21:00:00,0.07103,0.07103,0.0705,0.07053,936958.0,2026-03-02 21:59:59.999,66246.19326000,968,666312.00000000,47111.97617000,0
2026-03-02 22:00:00,0.07054,0.07078,0.07023,0.07078,829714.0,2026-03-02 22:59:59.999,58437.46148000,619,635039.00000000,44726.04197000,0
2026-03-02 23:00:00,0.07077,0.07121,0.07064,0.07091,1369252.0,2026-03-02 23:59:59.999,97074.48180000,1228,673671.00000000,47753.07047000,0
2026-03-03 00:00:00,0.07091,0.07101,0.0705,0.07068,1053208.0,2026-03-03 00:59:59.999,74526.03051000,1133,581973.00000000,41175.69233000,0
2026-03-03 01:00:00,0.07069,0.0709,0.07048,0.07053,623811.0,2026-03-03 01:59:59.999,44075.06017000,725,451333.00000000,31887.72319000,0
2026-03-03 02:00:00,0.07052,0.07052,0.07008,0.07033,900337.0,2026-03-03 02:59:59.999,63253.32912000,807,648092.00000000,45534.57376000,0
2026-03-03 03:00:00,0.07034,0.07036,0.0702,0.07034,263838.0,2026-03-03 03:59:59.999,18544.54280000,284,175023.00000000,12301.32045000,0
2026-03-03 04:00:00,0.07034,0.07037,0.07,0.07002,576503.0,2026-03-03 04:59:59.999,40436.12500000,502,322103.00000000,22594.99831000,0
2026-03-03 05:00:00,0.07001,0.07002,0.06919,0.06949,1450584.0,2026-03-03 05:59:59.999,101082.56065000,1961,847722.00000000,59101.25852000,0
2026-03-03 06:00:00,0.0695,0.06954,0.06925,0.06945,384590.0,2026-03-03 06:59:59.999,26701.42040000,1285,172482.00000000,11977.98884000,0
2026-03-03 07:00:00,0.06945,0.06975,0.06927,0.06969,716410.0,2026-03-03 07:59:59.999,49811.67819000,2152,290235.00000000,20182.43326000,0
2026-03-03 08:00:00,0.06969,0.07005,0.0692,0.06927,1467954.0,2026-03-03 08:59:59.999,102317.66448000,1473,727341.00000000,50720.51787000,0
2026-03-03 09:00:00,0.06927,0.0696,0.06828,0.06847,1723766.0,2026-03-03 09:59:59.999,118966.54466000,3110,645161.00000000,44516.48018000,0
2026-03-03 10:00:00,0.06849,0.069,0.06842,0.06892,543123.0,2026-03-03 10:59:59.999,37311.26459000,822,316805.00000000,21765.82661000,0
2026-03-03 11:00:00,0.06893,0.06931,0.0682,0.06916,2309270.0,2026-03-03 11:59:59.999,158469.66602000,1863,1101982.00000000,75734.82872000,0
2026-03-03 12:00:00,0.06917,0.07,0.06897,0.06909,1105746.0,2026-03-03 12:59:59.999,76747.64189000,1903,529047.00000000,36735.06018000,0
2026-03-03 13:00:00,0.06909,0.06931,0.06892,0.06917,1573985.0,2026-03-03 13:59:59.999,108742.92824000,2859,562835.00000000,38885.10495000,0
2026-03-03 14:00:00,0.06918,0.0697,0.06862,0.06928,9557021.0,2026-03-03 14:59:59.999,660684.09728000,10858,6210762.00000000,429451.43105000,0
2026-03-03 15:00:00,0.06928,0.07024,0.06897,0.07016,3708214.0,2026-03-03 15:59:59.999,257840.86438000,3586,1880511.00000000,130832.61930000,0
2026-03-03 16:00:00,0.07018,0.07116,0.07011,0.07076,5399699.0,2026-03-03 16:59:59.999,380875.95791000,4143,3559123.00000000,250904.52093000,0
2026-03-03 17:00:00,0.07077,0.07082,0.06997,0.07053,5046470.0,2026-03-03 17:59:59.999,355698.69893000,3266,3288276.00000000,231720.12859000,0
2026-03-03 18:00:00,0.07053,0.07094,0.06992,0.07077,3265430.0,2026-03-03 18:59:59.999,230594.27411000,1603,1407078.00000000,99249.36975000,0
2026-03-03 19:00:00,0.07077,0.0715,0.0707,0.07104,1934423.0,2026-03-03 19:59:59.999,137429.90857000,1700,1263522.00000000,89751.57724000,0
2026-03-03 20:00:00,0.07103,0.07106,0.07068,0.07076,1459795.0,2026-03-03 20:59:59.999,103464.40012000,1292,801598.00000000,56807.11329000,0
2026-03-03 21:00:00,0.07075,0.07088,0.07058,0.07084,3066788.0,2026-03-03 21:59:59.999,216845.77659000,1942,2201773.00000000,155687.07771000,0
2026-03-03 22:00:00,0.07084,0.07143,0.07084,0.07137,802906.0,2026-03-03 22:59:59.999,57194.52304000,535,333830.00000000,23787.66831000,0
2026-03-03 23:00:00,0.07136,0.07168,0.07106,0.07129,1378223.0,2026-03-03 23:59:59.999,98286.49720000,1236,888007.00000000,63328.43640000,0
2026-03-04 00:00:00,0.0713,0.07174,0.0708,0.07122,1435963.0,2026-03-04 00:59:59.999,102434.99757000,1420,765816.00000000,54677.48681000,0
2026-03-04 01:00:00,0.07122,0.07172,0.07121,0.07158,1176712.0,2026-03-04 01:59:59.999,84099.88510000,1197,774034.00000000,55307.99348000,0
2026-03-04 02:00:00,0.07157,0.07176,0.07137,0.07157,960753.0,2026-03-04 02:59:59.999,68719.09651000,811,398684.00000000,28512.12000000,0
2026-03-04 03:00:00,0.07158,0.07159,0.07085,0.07129,3390171.0,2026-03-04 03:59:59.999,241488.67122000,2916,2123175.00000000,151229.45894000,0
2026-03-04 04:00:00,0.07129,0.07135,0.07044,0.07056,1281874.0,2026-03-04 04:59:59.999,90798.52409000,1447,852337.00000000,60369.10284000,0
2026-03-04 05:00:00,0.07056,0.07059,0.07023,0.07048,951659.0,2026-03-04 05:59:59.999,67043.54976000,879,725301.00000000,51091.71432000,0
2026-03-04 06:00:00,0.07049,0.0708,0.0703,0.07073,735841.0,2026-03-04 06:59:59.999,51925.35222000,694,495298.00000000,34965.20464000,0
2026-03-04 07:00:00,0.07075,0.072,0.07069,0.072,1304009.0,2026-03-04 07:59:59.999,93094.24274000,1399,925103.00000000,66071.49116000,0
2026-03-04 08:00:00,0.072,0.07317,0.0715,0.07304,2810043.0,2026-03-04 08:59:59.999,203485.06262000,2979,1712961.00000000,124025.67529000,0
2026-03-04 09:00:00,0.07308,0.07374,0.07294,0.07348,2795499.0,2026-03-04 09:59:59.999,205175.81338000,2183,1149422.00000000,84369.09660000,0
2026-03-04 10:00:00,0.07348,0.07358,0.07286,0.07289,754324.0,2026-03-04 10:59:59.999,55219.75881000,903,518953.00000000,37972.05702000,0
2026-03-04 11:00:00,0.07289,0.07341,0.07289,0.07339,637160.0,2026-03-04 11:59:59.999,46619.97137000,907,319896.00000000,23405.15690000,0
2026-03-04 12:00:00,0.07339,0.07403,0.07312,0.07399,1548716.0,2026-03-04 12:59:59.999,114047.09715000,1341,906706.00000000,66825.11890000,0
2026-03-04 13:00:00,0.074,0.07456,0.07398,0.07435,2316986.0,2026-03-04 13:59:59.999,172169.68345000,1638,959522.00000000,71272.18316000,0
2026-03-04 14:00:00,0.07436,0.075,0.07435,0.07499,1386332.0,2026-03-04 14:59:59.999,103675.79464000,1669,580299.00000000,43377.79323000,0
2026-03-04 15:00:00,0.075,0.07643,0.075,0.07643,3679085.0,2026-03-04 15:59:59.999,278402.61121000,3074,2108074.00000000,159339.82868000,0
2026-03-04 16:00:00,0.07641,0.07656,0.07583,0.07644,4911763.0,2026-03-04 16:59:59.999,373907.04395000,2790,2951834.00000000,224619.10111000,0
2026-03-04 17:00:00,0.07645,0.07739,0.0764,0.07722,8813875.0,2026-03-04 17:59:59.999,679831.18576000,6559,5593550.00000000,431553.55643000,0
2026-03-04 18:00:00,0.07723,0.07741,0.07583,0.07698,6980006.0,2026-03-04 18:59:59.999,535612.19547000,4920,4095888.00000000,314183.82618000,0
2026-03-04 19:00:00,0.07696,0.0775,0.07641,0.07733,2873947.0,2026-03-04 19:59:59.999,221351.06997000,2827,2072516.00000000,159618.02059000,0
2026-03-04 20:00:00,0.07732,0.07732,0.07609,0.07609,2002181.0,2026-03-04 20:59:59.999,153703.77120000,2205,1230313.00000000,94471.98539000,0
2026-03-04 21:00:00,0.07608,0.07608,0.07504,0.07581,4023784.0,2026-03-04 21:59:59.999,303620.39866000,3514,2452821.00000000,185160.21414000,0
2026-03-04 22:00:00,0.0758,0.07636,0.0758,0.07633,1432125.0,2026-03-04 22:59:59.999,109033.58691000,1122,1002549.00000000,76326.88347000,0
2026-03-04 23:00:00,0.07632,0.07681,0.0759,0.076,1720664.0,2026-03-04 23:59:59.999,131232.96571000,3296,1038662.00000000,79192.82206000,0
2026-03-05 00:00:00,0.07601,0.07708,0.07593,0.07673,2099382.0,2026-03-05 00:59:59.999,160833.15027000,2644,1375958.00000000,105369.59101000,0
2026-03-05 01:00:00,0.07672,0.07721,0.07662,0.07685,7957785.0,2026-03-05 01:59:59.999,611755.25397000,7440,5132963.00000000,394709.89839000,0
2026-03-05 02:00:00,0.07686,0.07736,0.0767,0.07732,5708305.0,2026-03-05 02:59:59.999,439412.60571000,4557,2865883.00000000,220603.78256000,0
2026-03-05 03:00:00,0.07737,0.0778,0.07698,0.07778,2520909.0,2026-03-05 03:59:59.999,195304.66369000,2744,1378676.00000000,106812.26764000,0
2026-03-05 04:00:00,0.07779,0.07838,0.0772,0.07756,3981155.0,2026-03-05 04:59:59.999,310537.68354000,4029,2061241.00000000,160691.03702000,0
2026-03-05 05:00:00,0.07757,0.07777,0.07625,0.0766,1386605.0,2026-03-05 05:59:59.999,106533.75351000,1533,724029.00000000,55630.01773000,0
2026-03-05 06:00:00,0.0766,0.07796,0.07592,0.07778,2287369.0,2026-03-05 06:59:59.999,176527.52661000,2301,1240251.00000000,95726.77845000,0
2026-03-05 07:00:00,0.07778,0.07783,0.07637,0.07658,1260568.0,2026-03-05 07:59:59.999,97340.25780000,1279,647642.00000000,49907.57793000,0
2026-03-05 08:00:00,0.07659,0.07767,0.07633,0.07715,2761222.0,2026-03-05 08:59:59.999,212680.06470000,2695,1776392.00000000,136898.83052000,0
2026-03-05 09:00:00,0.07715,0.07719,0.07617,0.07649,1548381.0,2026-03-05 09:59:59.999,118562.26164000,1884,882090.00000000,67544.19003000,0
2026-03-05 10:00:00,0.07649,0.07746,0.07632,0.07725,734881.0,2026-03-05 10:59:59.999,56529.51466000,1289,392633.00000000,30223.37624000,0
2026-03-05 11:00:00,0.07726,0.07761,0.07651,0.07754,1914384.0,2026-03-05 11:59:59.999,147514.18450000,2221,978407.00000000,75444.00381000,0
2026-03-05 12:00:00,0.07754,0.07869,0.07752,0.0785,4030855.0,2026-03-05 12:59:59.999,315778.84485000,3942,2266198.00000000,177539.85876000,0
2026-03-05 13:00:00,0.07851,0.07856,0.07782,0.07815,2462047.0,2026-03-05 13:59:59.999,192557.58596000,2662,1230691.00000000,96242.84321000,0
2026-03-05 14:00:00,0.07815,0.07847,0.07754,0.07785,3045864.0,2026-03-05 14:59:59.999,237564.44171000,3069,1558272.00000000,121542.97123000,0
2026-03-05 15:00:00,0.07786,0.07803,0.07617,0.07741,7687762.0,2026-03-05 15:59:59.999,594551.03017000,7028,3990514.00000000,309131.33196000,0
2026-03-05 16:00:00,0.07743,0.07757,0.07632,0.07725,4520648.0,2026-03-05 16:59:59.999,347224.61827000,4038,2638148.00000000,202542.63348000,0
2026-03-05 17:00:00,0.07725,0.07732,0.0762,0.07652,2212904.0,2026-03-05 17:59:59.999,170008.12799000,2175,999974.00000000,76846.65214000,0
2026-03-05 18:00:00,0.07652,0.07709,0.07644,0.07697,1604453.0,2026-03-05 18:59:59.999,123364.14007000,1978,762320.00000000,58611.14659000,0
2026-03-05 19:00:00,0.07696,0.0774,0.07675,0.07696,988369.0,2026-03-05 19:59:59.999,76174.40943000,1307,440464.00000000,33933.08852000,0
2026-03-05 20:00:00,0.07697,0.07709,0.07672,0.07682,1508807.0,2026-03-05 20:59:59.999,115961.02056000,1482,934072.00000000,71782.16067000,0
2026-03-05 21:00:00,0.07685,0.07699,0.07675,0.07685,1167896.0,2026-03-05 21:59:59.999,89756.19587000,1267,707713.00000000,54389.93929000,0
2026-03-05 22:00:00,0.07686,0.07691,0.07657,0.07685,1093288.0,2026-03-05 22:59:59.999,84002.04101000,1023,424267.00000000,32602.87562000,0
2026-03-05 23:00:00,0.07685,0.0769,0.07609,0.0762,1164682.0,2026-03-05 23:59:59.999,89113.30013000,1611,247365.00000000,18904.76023000,0
2026-03-06 00:00:00,0.07619,0.0769,0.07617,0.07676,650814.0,2026-03-06 00:59:59.999,49826.80013000,1288,408141.00000000,31244.07434000,0
2026-03-06 01:00:00,0.07676,0.07692,0.07642,0.07685,350371.0,2026-03-06 01:59:59.999,26877.82136000,877,155554.00000000,11937.43799000,0
2026-03-06 02:00:00,0.07686,0.07704,0.07621,0.07635,752266.0,2026-03-06 02:59:59.999,57683.93622000,969,337012.00000000,25866.89478000,0
2026-03-06 03:00:00,0.07634,0.077,0.07622,0.07685,1143387.0,2026-03-06 03:59:59.999,87784.84873000,1275,884287.00000000,67904.94620000,0
2026-03-06 04:00:00,0.07686,0.07716,0.07657,0.07705,522609.0,2026-03-06 04:59:59.999,40218.73164000,975,263887.00000000,20313.03515000,0
2026-03-06 05:00:00,0.07706,0.07734,0.07658,0.07715,409690.0,2026-03-06 05:59:59.999,31534.24478000,887,207365.00000000,15968.08776000,0
2026-03-06 06:00:00,0.07717,0.07717,0.07682,0.07695,274316.0,2026-03-06 06:59:59.999,21126.73815000,592,128247.00000000,9878.75156000,0
2026-03-06 07:00:00,0.07696,0.07715,0.07637,0.07646,768929.0,2026-03-06 07:59:59.999,58961.76860000,949,271642.00000000,20847.42699000,0
2026-03-06 08:00:00,0.07644,0.07644,0.07607,0.07614,539933.0,2026-03-06 08:59:59.999,41145.80214000,835,320204.00000000,24402.88611000,0
2026-03-06 09:00:00,0.07615,0.07616,0.07539,0.07576,1745727.0,2026-03-06 09:59:59.999,132307.43317000,1450,563620.00000000,42645.58868000,0
2026-03-06 10:00:00,0.07576,0.07607,0.07566,0.07579,276731.0,2026-03-06 10:59:59.999,20983.98514000,598,193042.00000000,14637.48061000,0
2026-03-06 11:00:00,0.07578,0.07589,0.07545,0.07555,458650.0,2026-03-06 11:59:59.999,34683.21681000,734,312296.00000000,23620.39829000,0
2026-03-06 12:00:00,0.07556,0.07593,0.07507,0.07537,1536825.0,2026-03-06 12:59:59.999,115769.44551000,1425,537957.00000000,40583.14584000,0
2026-03-06 13:00:00,0.07537,0.07608,0.07503,0.07506,854168.0,2026-03-06 13:59:59.999,64489.09832000,1745,318300.00000000,24000.65217000,0
2026-03-06 14:00:00,0.07506,0.07523,0.07434,0.07445,1700725.0,2026-03-06 14:59:59.999,127060.50370000,2112,699496.00000000,52245.26727000,0
2026-03-06 15:00:00,0.07445,0.0747,0.07231,0.0726,6325485.0,2026-03-06 15:59:59.999,464950.89666000,4927,3987819.00000000,293164.57344000,0
2026-03-06 16:00:00,0.07259,0.0727,0.07199,0.07205,2509763.0,2026-03-06 16:59:59.999,181486.98180000,2081,1434173.00000000,103705.15190000,0
2026-03-06 17:00:00,0.07206,0.07222,0.0713,0.07159,2057224.0,2026-03-06 17:59:59.999,147500.37709000,2425,927516.00000000,66555.99481000,0
2026-03-06 18:00:00,0.0716,0.07193,0.07115,0.07166,1489813.0,2026-03-06 18:59:59.999,106500.57610000,2403,911205.00000000,65130.27118000,0
2026-03-06 19:00:00,0.0716,0.07208,0.07144,0.07148,979663.0,2026-03-06 19:59:59.999,70272.88288000,1426,390481.00000000,27996.27267000,0
2026-03-06 20:00:00,0.0715,0.07164,0.07122,0.07152,634581.0,2026-03-06 20:59:59.999,45330.85220000,1430,293978.00000000,21000.81006000,0
2026-03-06 21:00:00,0.07152,0.07165,0.07113,0.07153,540830.0,2026-03-06 21:59:59.999,38603.84556000,819,341507.00000000,24378.10767000,0
2026-03-06 22:00:00,0.07156,0.0717,0.07139,0.07153,333470.0,2026-03-06 22:59:59.999,23848.28212000,377,252872.00000000,18083.14795000,0
2026-03-06 23:00:00,0.07151,0.07151,0.07061,0.0708,891713.0,2026-03-06 23:59:59.999,63311.73367000,972,561241.00000000,39867.61687000,0
2026-03-07 00:00:00,0.0708,0.07084,0.07069,0.07076,274326.0,2026-03-07 00:59:59.999,19415.08168000,392,216992.00000000,15357.10469000,0
2026-03-07 01:00:00,0.07073,0.07098,0.07065,0.07074,525380.0,2026-03-07 01:59:59.999,37220.27037000,552,315531.00000000,22349.15119000,0
2026-03-07 02:00:00,0.07072,0.07074,0.07027,0.07028,809891.0,2026-03-07 02:59:59.999,57071.10649000,1020,625281.00000000,44066.39057000,0
2026-03-07 03:00:00,0.07034,0.07038,0.0696,0.06967,1761829.0,2026-03-07 03:59:59.999,123212.83985000,1533,1174881.00000000,82165.10201000,0
2026-03-07 04:00:00,0.06965,0.07034,0.06946,0.06988,738334.0,2026-03-07 04:59:59.999,51500.42372000,828,246100.00000000,17202.16969000,0
2026-03-07 05:00:00,0.06988,0.07023,0.06968,0.06986,539927.0,2026-03-07 05:59:59.999,37783.78395000,714,193688.00000000,13538.33471000,0
2026-03-07 06:00:00,0.06987,0.06994,0.06933,0.06937,1243647.0,2026-03-07 06:59:59.999,86519.66729000,1337,515442.00000000,35872.31964000,0
2026-03-07 07:00:00,0.0694,0.07043,0.06935,0.07023,1062572.0,2026-03-07 07:59:59.999,74396.32469000,1237,631353.00000000,44241.72241000,0
2026-03-07 08:00:00,0.07023,0.07069,0.06986,0.06993,1023758.0,2026-03-07 08:59:59.999,71899.54104000,1428,598023.00000000,42013.06097000,0
2026-03-07 09:00:00,0.06993,0.07022,0.06986,0.07019,417275.0,2026-03-07 09:59:59.999,29218.33475000,680,229644.00000000,16080.94429000,0
2026-03-07 10:00:00,0.0702,0.07042,0.07008,0.07039,323840.0,2026-03-07 10:59:59.999,22741.08236000,624,121038.00000000,8498.85706000,0
2026-03-07 11:00:00,0.07039,0.07074,0.0702,0.07059,604977.0,2026-03-07 11:59:59.999,42661.91749000,854,260883.00000000,18392.42132000,0
2026-03-07 12:00:00,0.07057,0.07074,0.07049,0.0707,426813.0,2026-03-07 12:59:59.999,30150.26781000,664,248759.00000000,17573.30397000,0
2026-03-07 13:00:00,0.07072,0.07175,0.07069,0.07169,4275725.0,2026-03-07 13:59:59.999,304897.03738000,2344,2213200.00000000,157675.10410000,0
2026-03-07 14:00:00,0.07169,0.07254,0.07159,0.0721,1589673.0,2026-03-07 14:59:59.999,114474.34312000,1522,767052.00000000,55206.91786000,0
2026-03-07 15:00:00,0.0721,0.07257,0.07168,0.07229,1490736.0,2026-03-07 15:59:59.999,107522.69315000,1505,627281.00000000,45271.75322000,0
2026-03-07 16:00:00,0.07228,0.07388,0.07215,0.07373,1825096.0,2026-03-07 16:59:59.999,133473.94103000,2388,901952.00000000,65910.60118000,0
2026-03-07 17:00:00,0.07373,0.07399,0.07248,0.07251,4697576.0,2026-03-07 17:59:59.999,344323.71323000,3566,2109026.00000000,154545.87764000,0
2026-03-07 18:00:00,0.0725,0.07308,0.07232,0.07285,920078.0,2026-03-07 18:59:59.999,66860.71247000,1509,441666.00000000,32101.39264000,0
2026-03-07 19:00:00,0.07285,0.07303,0.07198,0.07206,1063049.0,2026-03-07 19:59:59.999,77041.66400000,1750,480093.00000000,34773.01068000,0
2026-03-07 20:00:00,0.07205,0.07256,0.07153,0.0718,1876562.0,2026-03-07 20:59:59.999,134858.64789000,2267,1060415.00000000,76217.29354000,0
2026-03-07 21:00:00,0.07181,0.07226,0.07179,0.07219,317572.0,2026-03-07 21:59:59.999,22879.04722000,687,105624.00000000,7612.06880000,0
2026-03-07 22:00:00,0.07218,0.07236,0.07157,0.07162,569144.0,2026-03-07 22:59:59.999,40955.50864000,773,211801.00000000,15240.26043000,0
2026-03-07 23:00:00,0.07163,0.07197,0.07162,0.07182,450200.0,2026-03-07 23:59:59.999,32319.29793000,600,113893.00000000,8182.06747000,0
2026-03-08 00:00:00,0.07178,0.07217,0.07125,0.07136,1675476.0,2026-03-08 00:59:59.999,120016.02731000,1699,746306.00000000,53431.43402000,0
2026-03-08 01:00:00,0.07136,0.07183,0.07128,0.07154,555207.0,2026-03-08 01:59:59.999,39769.30627000,858,238559.00000000,17086.59982000,0
2026-03-08 02:00:00,0.07154,0.07223,0.07138,0.07146,592617.0,2026-03-08 02:59:59.999,42553.90898000,1020,283430.00000000,20364.61807000,0
2026-03-08 03:00:00,0.07145,0.07186,0.07144,0.07182,339528.0,2026-03-08 03:59:59.999,24345.04731000,796,151051.00000000,10831.11284000,0
2026-03-08 04:00:00,0.0718,0.07207,0.07165,0.07177,601715.0,2026-03-08 04:59:59.999,43250.79847000,784,278221.00000000,19992.78130000,0
2026-03-08 05:00:00,0.07176,0.07219,0.07157,0.07194,661494.0,2026-03-08 05:59:59.999,47569.66885000,818,315880.00000000,22712.48424000,0
2026-03-08 06:00:00,0.07195,0.07225,0.07173,0.0722,414954.0,2026-03-08 06:59:59.999,29876.74353000,831,196378.00000000,14133.34339000,0
2026-03-08 07:00:00,0.07217,0.07252,0.0718,0.07192,643941.0,2026-03-08 07:59:59.999,46424.99390000,967,350498.00000000,25266.24006000,0
2026-03-08 08:00:00,0.07193,0.07227,0.07174,0.07222,431854.0,2026-03-08 08:59:59.999,31096.51587000,735,221611.00000000,15950.71102000,0
2026-03-08 09:00:00,0.07221,0.07294,0.07219,0.07286,1092449.0,2026-03-08 09:59:59.999,79447.13735000,1539,589840.00000000,42904.09766000,0
2026-03-08 10:00:00,0.07287,0.0742,0.07286,0.07323,2940860.0,2026-03-08 10:59:59.999,215989.10380000,3146,1578505.00000000,116004.55837000,0
2026-03-08 11:00:00,0.07324,0.07379,0.07244,0.07361,1581172.0,2026-03-08 11:59:59.999,115720.20256000,2430,705148.00000000,51639.06521000,0
2026-03-08 12:00:00,0.07361,0.07372,0.07232,0.07251,1987628.0,2026-03-08 12:59:59.999,145312.63556000,2938,808371.00000000,59053.08519000,0
2026-03-08 13:00:00,0.07252,0.07257,0.07212,0.07243,741804.0,2026-03-08 13:59:59.999,53700.27965000,1418,376617.00000000,27259.79532000,0
2026-03-08 14:00:00,0.07245,0.07301,0.0724,0.07288,715436.0,2026-03-08 14:59:59.999,52013.07271000,931,305147.00000000,22192.53739000,0
2026-03-08 15:00:00,0.07287,0.07339,0.07262,0.07298,762611.0,2026-03-08 15:59:59.999,55682.37791000,1510,364496.00000000,26614.73791000,0
2026-03-08 16:00:00,0.07297,0.07307,0.07225,0.07277,1037835.0,2026-03-08 16:59:59.999,75389.25182000,1649,594392.00000000,43147.24024000,0
2026-03-08 17:00:00,0.07277,0.07304,0.07237,0.0729,733386.0,2026-03-08 17:59:59.999,53233.21002000,1026,497615.00000000,36092.05073000,0
2026-03-08 18:00:00,0.07289,0.0736,0.0728,0.0728,936457.0,2026-03-08 18:59:59.999,68631.72325000,1531,277246.00000000,20298.96530000,0
2026-03-08 19:00:00,0.07281,0.07334,0.0727,0.07303,319976.0,2026-03-08 19:59:59.999,23367.70448000,861,226185.00000000,16515.79393000,0
2026-03-08 20:00:00,0.07303,0.07312,0.07275,0.073,269539.0,2026-03-08 20:59:59.999,19665.96729000,648,140246.00000000,10234.07195000,0
2026-03-08 21:00:00,0.07299,0.07312,0.07275,0.07312,174760.0,2026-03-08 21:59:59.999,12749.84190000,506,79013.00000000,5763.40464000,0
2026-03-08 22:00:00,0.07311,0.07311,0.0721,0.07259,808387.0,2026-03-08 22:59:59.999,58584.46242000,1564,252680.00000000,18319.03465000,0
2026-03-08 23:00:00,0.0726,0.07272,0.07212,0.0723,488668.0,2026-03-08 23:59:59.999,35368.59935000,1152,267541.00000000,19352.33254000,0
2026-03-09 00:00:00,0.07231,0.07307,0.07222,0.07238,301438.0,2026-03-09 00:59:59.999,21860.72661000,866,154461.00000000,11205.71128000,0
2026-03-09 01:00:00,0.07237,0.07275,0.07214,0.07234,585145.0,2026-03-09 01:59:59.999,42377.03858000,1460,274508.00000000,19893.29144000,0
2026-03-09 02:00:00,0.07234,0.07266,0.07204,0.07244,343893.0,2026-03-09 02:59:59.999,24852.22693000,759,236692.00000000,17101.36207000,0
2026-03-09 03:00:00,0.07243,0.07357,0.07241,0.07287,484369.0,2026-03-09 03:59:59.999,35341.43756000,980,262033.00000000,19091.96063000,0
2026-03-09 04:00:00,0.07287,0.07321,0.07253,0.07256,457461.0,2026-03-09 04:59:59.999,33302.09240000,762,350096.00000000,25484.24702000,0
2026-03-09 05:00:00,0.07257,0.07322,0.07241,0.07306,940364.0,2026-03-09 05:59:59.999,68461.56578000,1395,564552.00000000,41116.34516000,0
2026-03-09 06:00:00,0.07306,0.07326,0.07271,0.07292,328465.0,2026-03-09 06:59:59.999,23959.23237000,779,170984.00000000,12474.58211000,0
2026-03-09 07:00:00,0.07291,0.07333,0.07266,0.07333,285020.0,2026-03-09 07:59:59.999,20808.32098000,895,116260.00000000,8487.55635000,0
2026-03-09 08:00:00,0.07334,0.07432,0.07318,0.0737,1993531.0,2026-03-09 08:59:59.999,147008.56552000,1778,935023.00000000,68909.25390000,0
2026-03-09 09:00:00,0.07372,0.07486,0.07362,0.07453,713179.0,2026-03-09 09:59:59.999,52994.72320000,1511,287277.00000000,21355.97865000,0
2026-03-09 10:00:00,0.0745,0.07463,0.0741,0.0742,725189.0,2026-03-09 10:59:59.999,53919.75477000,1515,333163.00000000,24761.14862000,0
2026-03-09 11:00:00,0.07419,0.07455,0.07359,0.07377,1036560.0,2026-03-09 11:59:59.999,76723.68695000,1544,544186.00000000,40236.24754000,0
2026-03-09 12:00:00,0.07378,0.07392,0.07328,0.07353,986426.0,2026-03-09 12:59:59.999,72694.39162000,1155,636220.00000000,46880.24093000,0
2026-03-09 13:00:00,0.07353,0.07458,0.07327,0.07438,1546301.0,2026-03-09 13:59:59.999,114295.97901000,2242,968403.00000000,71531.83254000,0
2026-03-09 14:00:00,0.07437,0.07515,0.07409,0.07513,1168828.0,2026-03-09 14:59:59.999,87156.41071000,2093,502907.00000000,37518.07818000,0
2026-03-09 15:00:00,0.07513,0.07567,0.07498,0.07559,1100206.0,2026-03-09 15:59:59.999,82837.22435000,1649,454077.00000000,34194.49741000,0
2026-03-09 16:00:00,0.07563,0.07594,0.07523,0.07559,1632663.0,2026-03-09 16:59:59.999,123389.01374000,1638,845247.00000000,63830.78216000,0
2026-03-09 17:00:00,0.07558,0.07591,0.07432,0.07503,1660335.0,2026-03-09 17:59:59.999,124510.07034000,1759,977372.00000000,73257.80146000,0
2026-03-09 18:00:00,0.07504,0.07525,0.07482,0.07495,869352.0,2026-03-09 18:59:59.999,65209.55785000,981,387117.00000000,29029.48787000,0
2026-03-09 19:00:00,0.07494,0.07596,0.07491,0.07591,1061459.0,2026-03-09 19:59:59.999,80194.89936000,1444,512341.00000000,38666.18648000,0
2026-03-09 20:00:00,0.07591,0.0761,0.07469,0.07528,5592101.0,2026-03-09 20:59:59.999,421148.26450000,3722,1858230.00000000,140142.59466000,0
2026-03-09 21:00:00,0.07528,0.07592,0.07528,0.07583,420657.0,2026-03-09 21:59:59.999,31798.54937000,430,233481.00000000,17656.52200000,0
2026-03-09 22:00:00,0.07584,0.07586,0.07523,0.07552,991798.0,2026-03-09 22:59:59.999,74839.22124000,832,608103.00000000,45873.30713000,0
2026-03-09 23:00:00,0.07553,0.07561,0.07532,0.07542,1090209.0,2026-03-09 23:59:59.999,82251.11205000,990,540304.00000000,40751.56996000,0
2026-03-10 00:00:00,0.07543,0.07602,0.07526,0.07599,1295605.0,2026-03-10 00:59:59.999,98010.76399000,1166,624074.00000000,47236.06784000,0
2026-03-10 01:00:00,0.07599,0.07647,0.07593,0.0764,858640.0,2026-03-10 01:59:59.999,65354.67301000,852,384349.00000000,29248.63535000,0
2026-03-10 02:00:00,0.0764,0.07688,0.07614,0.07688,813294.0,2026-03-10 02:59:59.999,62197.51896000,1003,433916.00000000,33181.01124000,0
2026-03-10 03:00:00,0.07686,0.0775,0.0766,0.07677,1413116.0,2026-03-10 03:59:59.999,108882.65034000,1835,616535.00000000,47513.59435000,0
2026-03-10 04:00:00,0.07678,0.07739,0.07676,0.07703,751169.0,2026-03-10 04:59:59.999,57910.64633000,973,372333.00000000,28712.58025000,0
2026-03-10 05:00:00,0.07704,0.07742,0.07692,0.07723,780623.0,2026-03-10 05:59:59.999,60214.28286000,1154,526095.00000000,40568.08762000,0
2026-03-10 06:00:00,0.07724,0.07734,0.07641,0.07652,740964.0,2026-03-10 06:59:59.999,56826.19038000,969,428749.00000000,32882.17172000,0
2026-03-10 07:00:00,0.07655,0.07719,0.0764,0.07667,684940.0,2026-03-10 07:59:59.999,52568.02013000,967,463340.00000000,35554.36630000,0
2026-03-10 08:00:00,0.07668,0.07815,0.07668,0.07788,3885110.0,2026-03-10 08:59:59.999,301339.16990000,2382,1848064.00000000,143145.96640000,0
2026-03-10 09:00:00,0.07789,0.07846,0.07789,0.0783,974749.0,2026-03-10 09:59:59.999,76271.18610000,1329,387821.00000000,30341.08364000,0
2026-03-10 10:00:00,0.07831,0.07926,0.07769,0.07855,2915714.0,2026-03-10 10:59:59.999,228769.92733000,2663,1576645.00000000,123624.87036000,0
2026-03-10 11:00:00,0.07854,0.07872,0.07793,0.07806,1405125.0,2026-03-10 11:59:59.999,109944.73962000,1708,898139.00000000,70250.01007000,0
2026-03-10 12:00:00,0.07807,0.07814,0.07735,0.07743,1897871.0,2026-03-10 12:59:59.999,147436.25749000,1469,1185079.00000000,92081.24988000,0
2026-03-10 13:00:00,0.07743,0.0783,0.07648,0.07742,10838825.0,2026-03-10 13:59:59.999,837021.88788000,8212,7038184.00000000,543202.34476000,0
2026-03-10 14:00:00,0.07742,0.07801,0.07604,0.07787,4772651.0,2026-03-10 14:59:59.999,367045.42062000,4893,2530364.00000000,194654.13915000,0
2026-03-10 15:00:00,0.07786,0.07926,0.07766,0.07912,6546256.0,2026-03-10 15:59:59.999,514413.62478000,5101,3638058.00000000,285650.19729000,0
2026-03-10 16:00:00,0.07912,0.08032,0.0785,0.08017,8696473.0,2026-03-10 16:59:59.999,692567.63177000,4926,3819231.00000000,304228.83578000,0
2026-03-10 17:00:00,0.08017,0.08106,0.07981,0.08099,6240615.0,2026-03-10 17:59:59.999,502346.64912000,5508,4014406.00000000,323158.22593000,0
2026-03-10 18:00:00,0.08099,0.08107,0.07888,0.07915,4170339.0,2026-03-10 18:59:59.999,334304.16159000,4921,2654213.00000000,212534.46318000,0
2026-03-10 19:00:00,0.07917,0.07953,0.07663,0.07699,3043810.0,2026-03-10 19:59:59.999,236521.97037000,5122,1424907.00000000,110646.33210000,0
2026-03-10 20:00:00,0.07699,0.07814,0.07665,0.07797,1523936.0,2026-03-10 20:59:59.999,117895.66896000,2349,807801.00000000,62501.49839000,0
2026-03-10 21:00:00,0.07798,0.07852,0.07784,0.07818,1435951.0,2026-03-10 21:59:59.999,112231.51972000,1287,629672.00000000,49225.03015000,0
2026-03-10 22:00:00,0.0782,0.07901,0.078,0.07856,1087879.0,2026-03-10 22:59:59.999,85416.11738000,1561,437906.00000000,34349.59417000,0
2026-03-10 23:00:00,0.07857,0.07877,0.07751,0.07806,1687291.0,2026-03-10 23:59:59.999,132067.98089000,2536,789494.00000000,61751.69735000,0
2026-03-11 00:00:00,0.07807,0.07946,0.07784,0.07935,1284822.0,2026-03-11 00:59:59.999,101034.36835000,2493,539809.00000000,42442.51903000,0
2026-03-11 01:00:00,0.07934,0.07971,0.07904,0.07923,1188004.0,2026-03-11 01:59:59.999,94275.63114000,2261,405641.00000000,32201.83303000,0
2026-03-11 02:00:00,0.07925,0.0796,0.07828,0.07862,1535931.0,2026-03-11 02:59:59.999,120973.77398000,2124,912714.00000000,71859.23108000,0
2026-03-11 03:00:00,0.07862,0.07872,0.07793,0.07805,741304.0,2026-03-11 03:59:59.999,57954.00812000,1254,441276.00000000,34485.71351000,0
2026-03-11 04:00:00,0.07806,0.07827,0.07714,0.07763,1583715.0,2026-03-11 04:59:59.999,122897.42344000,2278,647971.00000000,50203.34597000,0
2026-03-11 05:00:00,0.07763,0.07767,0.07572,0.07585,1176123.0,2026-03-11 05:59:59.999,90030.52665000,2094,399303.00000000,30515.18697000,0
2026-03-11 06:00:00,0.07587,0.07623,0.0754,0.07562,696542.0,2026-03-11 06:59:59.999,52797.34173000,1229,333687.00000000,25310.33200000,0
2026-03-11 07:00:00,0.07561,0.07563,0.07467,0.07504,1718521.0,2026-03-11 07:59:59.999,129056.30353000,2138,924507.00000000,69416.38281000,0
2026-03-11 08:00:00,0.07504,0.07531,0.07455,0.07465,1725714.0,2026-03-11 08:59:59.999,129153.09395000,1909,879470.00000000,65819.16188000,0
2026-03-11 09:00:00,0.07464,0.07527,0.07454,0.07474,1605066.0,2026-03-11 09:59:59.999,120175.29575000,2051,898926.00000000,67285.63597000,0
2026-03-11 10:00:00,0.07473,0.07511,0.07413,0.07509,1186973.0,2026-03-11 10:59:59.999,88548.48454000,1922,577420.00000000,43091.78006000,0
2026-03-11 11:00:00,0.0751,0.07512,0.0733,0.07331,5665319.0,2026-03-11 11:59:59.999,418897.28394000,5034,2837717.00000000,209722.74603000,0
2026-03-11 12:00:00,0.0733,0.07437,0.07259,0.07424,4740656.0,2026-03-11 12:59:59.999,348798.83874000,4586,2791671.00000000,205278.00276000,0
2026-03-11 13:00:00,0.07425,0.07598,0.07419,0.07566,1828017.0,2026-03-11 13:59:59.999,137369.62821000,2791,772648.00000000,58063.03323000,0
2026-03-11 14:00:00,0.07565,0.07628,0.07563,0.07592,1938298.0,2026-03-11 14:59:59.999,147236.06919000,2860,935707.00000000,71048.19793000,0
2026-03-11 15:00:00,0.07593,0.07681,0.07563,0.07666,1687924.0,2026-03-11 15:59:59.999,128565.95817000,2442,579061.00000000,44113.13388000,0
2026-03-11 16:00:00,0.07665,0.07711,0.07596,0.07706,1195802.0,2026-03-11 16:59:59.999,91617.91514000,1596,551049.00000000,42176.53950000,0
2026-03-11 17:00:00,0.07706,0.07839,0.07704,0.0781,3485092.0,2026-03-11 17:59:59.999,271033.06851000,3784,1633797.00000000,127016.98006000,0
2026-03-11 18:00:00,0.07809,0.0796,0.07807,0.07948,2615710.0,2026-03-11 18:59:59.999,206125.63957000,3497,898345.00000000,70729.59486000,0
2026-03-11 19:00:00,0.0795,0.0798,0.07932,0.07978,1764161.0,2026-03-11 19:59:59.999,140348.87196000,2305,735373.00000000,58498.20393000,0
2026-03-11 20:00:00,0.07978,0.07978,0.0794,0.07972,670018.0,2026-03-11 20:59:59.999,53295.24962000,1178,225662.00000000,17947.59723000,0
2026-03-11 21:00:00,0.07972,0.07993,0.07943,0.07958,184813.0,2026-03-11 21:59:59.999,14723.39370000,347,52304.00000000,4162.93915000,0
