timestamp,open,high,low,close,volume,close_time,quote_asset_volume,number_of_trades,taker_buy_base_volume,taker_buy_quote_volume,ignore
2025-09-09 12:00:00,1.0,1.01,1.0,1.0007,6117215.0,2025-09-09 12:59:59.999,6131119.57220000,19182,3281659.00000000,3291462.68030000,0
2025-09-09 13:00:00,1.0007,1.0008,1.0006,1.0007,474740.0,2025-09-09 13:59:59.999,475087.56680000,2187,153442.00000000,153564.74400000,0
2025-09-09 14:00:00,1.0007,1.0008,1.0007,1.0008,325847.0,2025-09-09 14:59:59.999,326080.48630000,1261,53934.00000000,53977.14720000,0
2025-09-09 15:00:00,1.0008,1.0008,1.0007,1.0008,359223.0,2025-09-09 15:59:59.999,359484.17340000,1028,97173.00000000,97250.73840000,0
2025-09-09 16:00:00,1.0007,1.0008,1.0007,1.0007,535217.0,2025-09-09 16:59:59.999,535617.08860000,679,254367.00000000,254570.49360000,0
2025-09-09 17:00:00,1.0007,1.0008,1.0007,1.0007,545680.0,2025-09-09 17:59:59.999,546112.01480000,441,500388.00000000,500788.31040000,0
2025-09-09 18:00:00,1.0007,1.0008,1.0007,1.0008,79761.0,2025-09-09 18:59:59.999,79817.46570000,293,6330.00000000,6335.06400000,0
2025-09-09 19:00:00,1.0007,1.0008,1.0007,1.0007,55080.0,2025-09-09 19:59:59.999,55120.39830000,287,18423.00000000,18437.73840000,0
2025-09-09 20:00:00,1.0007,1.0008,1.0007,1.0008,136838.0,2025-09-09 20:59:59.999,136942.96710000,432,91805.00000000,91878.44400000,0
2025-09-09 21:00:00,1.0007,1.0008,1.0007,1.0007,24258.0,2025-09-09 21:59:59.999,24275.72890000,309,7483.00000000,7488.98640000,0
2025-09-09 22:00:00,1.0008,1.0008,1.0007,1.0008,22224.0,2025-09-09 22:59:59.999,22240.32200000,265,7652.00000000,7658.12160000,0
2025-09-09 23:00:00,1.0007,1.0008,1.0007,1.0008,29322.0,2025-09-09 23:59:59.999,29343.40950000,403,8841.00000000,8848.07280000,0
2025-09-10 00:00:00,1.0008,1.0008,1.0007,1.0007,48266.0,2025-09-10 00:59:59.999,48301.94370000,389,21575.00000000,21592.26000000,0
2025-09-10 01:00:00,1.0007,1.0008,1.0007,1.0007,37229.0,2025-09-10 01:59:59.999,37256.48830000,393,14280.00000000,14291.42400000,0
2025-09-10 02:00:00,1.0007,1.0008,1.0007,1.0008,35541.0,2025-09-10 02:59:59.999,35568.23430000,331,23556.00000000,23574.84480000,0
2025-09-10 03:00:00,1.0008,1.0008,1.0007,1.0007,136710.0,2025-09-10 03:59:59.999,136816.89200000,383,111950.00000000,112039.56000000,0
2025-09-10 04:00:00,1.0008,1.0008,1.0007,1.0008,32138.0,2025-09-10 04:59:59.999,32161.14110000,340,6445.00000000,6450.15600000,0
2025-09-10 05:00:00,1.0008,1.0008,1.0007,1.0007,54345.0,2025-09-10 05:59:59.999,54384.74910000,311,17076.00000000,17089.66080000,0
2025-09-10 06:00:00,1.0008,1.0008,1.0007,1.0007,32283.0,2025-09-10 06:59:59.999,32306.43900000,265,8409.00000000,8415.72720000,0
2025-09-10 07:00:00,1.0007,1.0008,1.0007,1.0007,35861.0,2025-09-10 07:59:59.999,35886.61740000,243,5147.00000000,5151.11760000,0
2025-09-10 08:00:00,1.0008,1.0008,1.0006,1.0006,83497.0,2025-09-10 08:59:59.999,83556.04410000,428,18819.00000000,18833.77780000,0
2025-09-10 09:00:00,1.0007,1.0008,1.0006,1.0007,1205355.0,2025-09-10 09:59:59.999,1206284.40790000,237,1095980.00000000,1096843.65340000,0
2025-09-10 10:00:00,1.0007,1.0007,1.0006,1.0006,248231.0,2025-09-10 10:59:59.999,248381.44320000,249,15046.00000000,15056.53220000,0
2025-09-10 11:00:00,1.0007,1.0008,1.0006,1.0008,53591.0,2025-09-10 11:59:59.999,53631.52110000,302,37129.00000000,37158.38100000,0
2025-09-10 12:00:00,1.0008,1.0008,1.0007,1.0008,177621.0,2025-09-10 12:59:59.999,177757.24010000,342,119054.00000000,119149.24320000,0
2025-09-10 13:00:00,1.0007,1.0008,1.0007,1.0008,172131.0,2025-09-10 13:59:59.999,172263.61000000,324,121183.00000000,121279.94640000,0
2025-09-10 14:00:00,1.0008,1.0008,1.0007,1.0007,139608.0,2025-09-10 14:59:59.999,139706.86590000,295,11403.00000000,11412.12240000,0
2025-09-10 15:00:00,1.0007,1.0008,1.0007,1.0007,76588.0,2025-09-10 15:59:59.999,76642.81750000,512,12059.00000000,12068.64720000,0
2025-09-10 16:00:00,1.0007,1.0008,1.0007,1.0007,51059.0,2025-09-10 16:59:59.999,51096.62880000,561,18875.00000000,18890.10000000,0
2025-09-10 17:00:00,1.0007,1.0008,1.0007,1.0008,39793.0,2025-09-10 17:59:59.999,39823.47940000,272,26243.00000000,26263.99440000,0
2025-09-10 18:00:00,1.0007,1.0008,1.0007,1.0007,252846.0,2025-09-10 18:59:59.999,253047.83240000,288,248402.00000000,248600.72160000,0
2025-09-10 19:00:00,1.0007,1.0008,1.0007,1.0007,72335.0,2025-09-10 19:59:59.999,72391.98960000,148,63551.00000000,63601.84080000,0
2025-09-10 20:00:00,1.0007,1.0008,1.0007,1.0007,10108.0,2025-09-10 20:59:59.999,10115.81110000,165,7355.00000000,7360.88400000,0
2025-09-10 21:00:00,1.0007,1.0008,1.0007,1.0008,8630.0,2025-09-10 21:59:59.999,8636.25520000,110,2142.00000000,2143.71360000,0
2025-09-10 22:00:00,1.0007,1.0008,1.0007,1.0007,55055.0,2025-09-10 22:59:59.999,55097.90180000,172,43633.00000000,43667.90640000,0
2025-09-10 23:00:00,1.0008,1.0008,1.0007,1.0007,18711.0,2025-09-10 23:59:59.999,18724.30160000,130,2039.00000000,2040.63120000,0
2025-09-11 00:00:00,1.0007,1.0008,1.0007,1.0008,11033.0,2025-09-11 00:59:59.999,11040.96560000,78,2425.00000000,2426.94000000,0
2025-09-11 01:00:00,1.0007,1.0008,1.0007,1.0007,8597.0,2025-09-11 01:59:59.999,8603.10380000,88,859.00000000,859.68720000,0
2025-09-11 02:00:00,1.0007,1.0008,1.0007,1.0007,6502.0,2025-09-11 02:59:59.999,6506.72740000,63,1760.00000000,1761.40800000,0
2025-09-11 03:00:00,1.0007,1.0008,1.0007,1.0007,10521.0,2025-09-11 03:59:59.999,10528.85950000,196,4948.00000000,4951.95840000,0
2025-09-11 04:00:00,1.0007,1.0008,1.0007,1.0007,3993.0,2025-09-11 04:59:59.999,3995.83270000,147,376.00000000,376.30080000,0
2025-09-11 05:00:00,1.0007,1.0008,1.0007,1.0007,13908.0,2025-09-11 05:59:59.999,13918.11640000,167,3808.00000000,3811.04640000,0
2025-09-11 06:00:00,1.0007,1.0008,1.0007,1.0007,299515.0,2025-09-11 06:59:59.999,299754.03480000,132,293743.00000000,293977.99440000,0
2025-09-11 07:00:00,1.0007,1.0008,1.0007,1.0007,10085.0,2025-09-11 07:59:59.999,10092.21600000,93,1565.00000000,1566.25200000,0
2025-09-11 08:00:00,1.0007,1.0008,1.0007,1.0008,134633.0,2025-09-11 08:59:59.999,134739.86860000,77,126255.00000000,126356.00400000,0
2025-09-11 09:00:00,1.0007,1.0008,1.0007,1.0007,10081.0,2025-09-11 09:59:59.999,10088.53770000,120,4810.00000000,4813.84800000,0
2025-09-11 10:00:00,1.0008,1.0008,1.0007,1.0007,136101.0,2025-09-11 10:59:59.999,136204.38320000,94,81125.00000000,81189.90000000,0
2025-09-11 11:00:00,1.0007,1.0008,1.0007,1.0007,125257.0,2025-09-11 11:59:59.999,125344.89430000,243,107642.00000000,107717.56380000,0
2025-09-11 12:00:00,1.0007,1.0008,1.0006,1.0007,487310.0,2025-09-11 12:59:59.999,487680.94540000,229,347060.00000000,347335.62380000,0
2025-09-11 13:00:00,1.0008,1.0009,1.0007,1.0008,401276.0,2025-09-11 13:59:59.999,401617.30660000,231,384444.00000000,384773.52420000,0
2025-09-11 14:00:00,1.0007,1.0008,1.0007,1.0007,98774.0,2025-09-11 14:59:59.999,98843.32450000,85,1827.00000000,1828.46160000,0
2025-09-11 15:00:00,1.0008,1.0008,1.0007,1.0008,28772.0,2025-09-11 15:59:59.999,28794.50910000,83,23687.00000000,23705.94960000,0
2025-09-11 16:00:00,1.0008,1.0008,1.0007,1.0008,49962.0,2025-09-11 16:59:59.999,49999.62910000,72,26557.00000000,26578.24560000,0
2025-09-11 17:00:00,1.0008,1.0008,1.0007,1.0007,22922.0,2025-09-11 17:59:59.999,22938.12660000,40,812.00000000,812.64960000,0
2025-09-11 18:00:00,1.0008,1.0009,1.0007,1.0007,237875.0,2025-09-11 18:59:59.999,238080.32140000,83,211797.00000000,211983.26680000,0
2025-09-11 19:00:00,1.0007,1.0008,1.0007,1.0007,19003.0,2025-09-11 19:59:59.999,19016.56340000,232,2613.00000000,2615.09040000,0
2025-09-11 20:00:00,1.0007,1.0008,1.0007,1.0008,2723.0,2025-09-11 20:59:59.999,2724.97890000,56,728.00000000,728.58240000,0
2025-09-11 21:00:00,1.0007,1.0008,1.0007,1.0007,5694.0,2025-09-11 21:59:59.999,5698.06400000,36,782.00000000,782.62560000,0
2025-09-11 22:00:00,1.0007,1.0008,1.0007,1.0008,3460.0,2025-09-11 22:59:59.999,3462.53950000,53,1175.00000000,1175.94000000,0
2025-09-11 23:00:00,1.0008,1.0008,1.0007,1.0008,6639.0,2025-09-11 23:59:59.999,6643.83950000,138,1922.00000000,1923.53760000,0
2025-09-12 00:00:00,1.0007,1.0009,1.0007,1.0007,51622.0,2025-09-12 00:59:59.999,51662.99230000,113,24645.00000000,24664.73940000,0
2025-09-12 01:00:00,1.0008,1.0008,1.0007,1.0007,7562.0,2025-09-12 01:59:59.999,7567.70070000,171,4073.00000000,4076.25840000,0
2025-09-12 02:00:00,1.0007,1.0008,1.0006,1.0007,289586.0,2025-09-12 02:59:59.999,289796.45110000,116,134191.00000000,134292.76720000,0
2025-09-12 03:00:00,1.0006,1.0008,1.0006,1.0007,31438.0,2025-09-12 03:59:59.999,31460.12720000,86,27597.00000000,27616.65860000,0
2025-09-12 04:00:00,1.0008,1.0008,1.0006,1.0006,84134.0,2025-09-12 04:59:59.999,84193.48800000,113,7454.00000000,7459.88720000,0
2025-09-12 05:00:00,1.0007,1.0007,1.0006,1.0006,24424.0,2025-09-12 05:59:59.999,24440.18290000,213,15285.00000000,15295.69950000,0
2025-09-12 06:00:00,1.0006,1.0008,1.0006,1.0006,23367.0,2025-09-12 06:59:59.999,23383.01720000,61,19936.00000000,19949.95860000,0
2025-09-12 07:00:00,1.0006,1.0007,1.0005,1.0007,331135.0,2025-09-12 07:59:59.999,331334.08930000,144,11318.00000000,11325.25670000,0
2025-09-12 08:00:00,1.0006,1.0007,1.0006,1.0007,7839.0,2025-09-12 08:59:59.999,7843.93120000,81,2278.00000000,2279.59460000,0
2025-09-12 09:00:00,1.0007,1.0008,1.0005,1.0006,23091.0,2025-09-12 09:59:59.999,23106.11170000,188,9536.00000000,9542.19710000,0
2025-09-12 10:00:00,1.0005,1.0007,1.0005,1.0007,158121.0,2025-09-12 10:59:59.999,158217.31840000,65,103194.00000000,103262.68060000,0
2025-09-12 11:00:00,1.0007,1.0007,1.0005,1.0006,156096.0,2025-09-12 11:59:59.999,156174.86220000,52,3723.00000000,3725.45000000,0
2025-09-12 12:00:00,1.0005,1.0007,1.0005,1.0007,571674.0,2025-09-12 12:59:59.999,571961.95320000,38,20112.00000000,20124.12110000,0
2025-09-12 13:00:00,1.0006,1.0007,1.0006,1.0007,26517.0,2025-09-12 13:59:59.999,26535.29900000,61,20776.00000000,20790.54320000,0
2025-09-12 14:00:00,1.0007,1.0008,1.0006,1.0006,45114.0,2025-09-12 14:59:59.999,45145.62170000,55,22006.00000000,22021.50540000,0
2025-09-12 15:00:00,1.0006,1.0008,1.0006,1.0006,65269.0,2025-09-12 15:59:59.999,65312.80410000,104,34544.00000000,34569.08910000,0
2025-09-12 16:00:00,1.0006,1.0007,1.0006,1.0007,31199.0,2025-09-12 16:59:59.999,31220.48410000,85,27647.00000000,27666.35290000,0
2025-09-12 17:00:00,1.0006,1.0007,1.0006,1.0006,25806.0,2025-09-12 17:59:59.999,25823.06710000,136,15835.00000000,15846.08450000,0
2025-09-12 18:00:00,1.0006,1.0007,1.0006,1.0006,2291.0,2025-09-12 18:59:59.999,2292.39040000,108,158.00000000,158.11060000,0
2025-09-12 19:00:00,1.0006,1.0008,1.0006,1.0006,547403.0,2025-09-12 19:59:59.999,547833.88630000,73,524193.00000000,524609.93510000,0
2025-09-12 20:00:00,1.0006,1.0007,1.0006,1.0006,7477.0,2025-09-12 20:59:59.999,7482.19250000,19,7063.00000000,7067.94410000,0
2025-09-12 21:00:00,1.0007,1.0007,1.0006,1.0007,3232.0,2025-09-12 21:59:59.999,3234.08810000,33,1489.00000000,1490.04230000,0
2025-09-12 22:00:00,1.0006,1.0007,1.0006,1.0006,1458.0,2025-09-12 22:59:59.999,1458.88520000,51,104.00000000,104.07280000,0
2025-09-12 23:00:00,1.0006,1.0007,1.0005,1.0006,51638.0,2025-09-12 23:59:59.999,51668.99070000,90,8122.00000000,8126.93610000,0
2025-09-13 00:00:00,1.0006,1.0006,1.0005,1.0006,9059.0,2025-09-13 00:59:59.999,9064.34670000,80,8172.00000000,8176.90320000,0
2025-09-13 01:00:00,1.0006,1.0006,1.0005,1.0005,10065.0,2025-09-13 01:59:59.999,10070.38840000,268,3559.00000000,3561.13540000,0
2025-09-13 02:00:00,1.0005,1.0007,1.0005,1.0005,13733.0,2025-09-13 02:59:59.999,13740.93100000,279,2502.00000000,2503.51410000,0
2025-09-13 03:00:00,1.0005,1.0007,1.0005,1.0006,5036.0,2025-09-13 03:59:59.999,5038.98820000,181,3244.00000000,3245.99050000,0
2025-09-13 04:00:00,1.0006,1.0007,1.0005,1.0006,43662.0,2025-09-13 04:59:59.999,43688.37950000,92,41435.00000000,41460.17950000,0
2025-09-13 05:00:00,1.0007,1.0008,1.0005,1.0007,237671.0,2025-09-13 05:59:59.999,237830.66480000,121,168062.00000000,168175.27360000,0
2025-09-13 06:00:00,1.0007,1.0008,1.0007,1.0007,9993.0,2025-09-13 06:59:59.999,10000.21100000,42,2159.00000000,2160.72720000,0
2025-09-13 07:00:00,1.0007,1.0008,1.0005,1.0006,43763.0,2025-09-13 07:59:59.999,43791.97990000,89,33408.00000000,33430.96770000,0
2025-09-13 08:00:00,1.0006,1.0007,1.0005,1.0007,83431.0,2025-09-13 08:59:59.999,83485.43230000,112,78860.00000000,78912.06070000,0
2025-09-13 09:00:00,1.0007,1.0008,1.0005,1.0005,2000888.0,2025-09-13 09:59:59.999,2002480.98880000,34,1999716.00000000,2001308.31170000,0
2025-09-13 10:00:00,1.0005,1.0007,1.0005,1.0006,9685.0,2025-09-13 10:59:59.999,9690.19330000,49,2518.00000000,2519.55580000,0
2025-09-13 11:00:00,1.0006,1.0007,1.0006,1.0006,98415.0,2025-09-13 11:59:59.999,98483.70130000,103,92523.00000000,92587.76610000,0
2025-09-13 12:00:00,1.0006,1.0007,1.0006,1.0006,102399.0,2025-09-13 12:59:59.999,102469.63310000,108,60188.00000000,60229.59950000,0
2025-09-13 13:00:00,1.0006,1.0007,1.0006,1.0007,66313.0,2025-09-13 13:59:59.999,66354.73400000,70,19462.00000000,19475.62340000,0
2025-09-13 14:00:00,1.0006,1.0008,1.0006,1.0007,77207.0,2025-09-13 14:59:59.999,77261.02370000,110,68974.00000000,69022.34600000,0
2025-09-13 15:00:00,1.0007,1.0008,1.0007,1.0008,49593.0,2025-09-13 15:59:59.999,49632.41310000,80,46980.00000000,47017.58400000,0
2025-09-13 16:00:00,1.0007,1.0008,1.0007,1.0007,72383.0,2025-09-13 16:59:59.999,72434.03690000,87,3688.00000000,3690.95040000,0
2025-09-13 17:00:00,1.0007,1.0008,1.0007,1.0008,37491.0,2025-09-13 17:59:59.999,37517.41840000,40,1747.00000000,1748.39760000,0
2025-09-13 18:00:00,1.0007,1.0008,1.0007,1.0007,11930.0,2025-09-13 18:59:59.999,11939.45510000,53,11041.00000000,11049.83280000,0
2025-09-13 19:00:00,1.0007,1.0008,1.0007,1.0008,1990.0,2025-09-13 19:59:59.999,1991.52870000,11,1357.00000000,1358.08560000,0
2025-09-13 20:00:00,1.0007,1.0008,1.0007,1.0008,53288.0,2025-09-13 20:59:59.999,53330.56650000,27,52649.00000000,52691.11920000,0
2025-09-13 21:00:00,1.0007,1.0008,1.0007,1.0007,366.0,2025-09-13 21:59:59.999,366.25770000,10,15.00000000,15.01200000,0
2025-09-13 22:00:00,1.0008,1.0008,1.0007,1.0007,14519.0,2025-09-13 22:59:59.999,14529.21760000,22,543.00000000,543.43440000,0
2025-09-13 23:00:00,1.0007,1.0008,1.0007,1.0008,6170.0,2025-09-13 23:59:59.999,6174.63170000,25,3127.00000000,3129.50160000,0
2025-09-14 00:00:00,1.0007,1.0008,1.0007,1.0008,43768.0,2025-09-14 00:59:59.999,43801.37750000,126,27399.00000000,27420.91920000,0
2025-09-14 01:00:00,1.0007,1.0008,1.0007,1.0008,6977.0,2025-09-14 01:59:59.999,6982.39440000,27,5105.00000000,5109.08400000,0
2025-09-14 02:00:00,1.0008,1.0008,1.0006,1.0007,29106.0,2025-09-14 02:59:59.999,29126.38950000,31,28414.00000000,28433.90780000,0
2025-09-14 03:00:00,1.0007,1.0007,1.0005,1.0007,460435.0,2025-09-14 03:59:59.999,460752.63390000,127,438358.00000000,438661.60810000,0
2025-09-14 04:00:00,1.0007,1.0008,1.0006,1.0008,24275.0,2025-09-14 04:59:59.999,24291.90500000,41,19718.00000000,19731.86250000,0
2025-09-14 05:00:00,1.0007,1.0007,1.0006,1.0006,94361.0,2025-09-14 05:59:59.999,94426.59500000,40,3792.00000000,3794.65440000,0
2025-09-14 06:00:00,1.0007,1.0007,1.0006,1.0007,25743.0,2025-09-14 06:59:59.999,25758.86190000,28,4161.00000000,4163.91270000,0
2025-09-14 07:00:00,1.0007,1.0007,1.0006,1.0006,7016.0,2025-09-14 07:59:59.999,7020.79530000,29,5857.00000000,5861.09990000,0
2025-09-14 08:00:00,1.0007,1.0007,1.0006,1.0006,23574.0,2025-09-14 08:59:59.999,23590.32700000,24,21826.00000000,21841.27820000,0
2025-09-14 09:00:00,1.0006,1.0007,1.0006,1.0006,5055.0,2025-09-14 09:59:59.999,5058.30370000,119,2707.00000000,2708.89490000,0
2025-09-14 10:00:00,1.0007,1.0007,1.0006,1.0006,24312.0,2025-09-14 10:59:59.999,24328.91400000,109,19260.00000000,19273.48200000,0
2025-09-14 11:00:00,1.0007,1.0007,1.0006,1.0007,26504.0,2025-09-14 11:59:59.999,26520.17000000,36,2676.00000000,2677.87320000,0
2025-09-14 12:00:00,1.0006,1.0007,1.0006,1.0007,4930.0,2025-09-14 12:59:59.999,4933.13720000,64,1792.00000000,1793.25440000,0
2025-09-14 13:00:00,1.0007,1.0008,1.0006,1.0007,42535.0,2025-09-14 13:59:59.999,42564.51660000,204,36820.00000000,36846.08760000,0
2025-09-14 14:00:00,1.0006,1.0007,1.0006,1.0006,26165.0,2025-09-14 14:59:59.999,26180.80020000,143,1012.00000000,1012.70840000,0
2025-09-14 15:00:00,1.0006,1.0007,1.0006,1.0006,13723.0,2025-09-14 15:59:59.999,13732.29720000,153,10634.00000000,10641.44380000,0
2025-09-14 16:00:00,1.0006,1.0007,1.0006,1.0006,10650.0,2025-09-14 16:59:59.999,10657.25470000,139,8647.00000000,8653.05290000,0
2025-09-14 17:00:00,1.0006,1.0008,1.0006,1.0007,24568.0,2025-09-14 17:59:59.999,24585.15570000,128,21895.00000000,21910.39020000,0
2025-09-14 18:00:00,1.0007,1.0008,1.0007,1.0007,3252.0,2025-09-14 18:59:59.999,3254.30420000,136,278.00000000,278.22240000,0
2025-09-14 19:00:00,1.0007,1.0008,1.0007,1.0007,908.0,2025-09-14 19:59:59.999,908.63740000,96,18.00000000,18.01440000,0
2025-09-14 20:00:00,1.0007,1.0008,1.0007,1.0007,22553.0,2025-09-14 20:59:59.999,22570.82440000,109,20373.00000000,20389.29840000,0
2025-09-14 21:00:00,1.0007,1.0008,1.0007,1.0007,286993.0,2025-09-14 21:59:59.999,287193.92740000,154,323.00000000,323.25840000,0
2025-09-14 22:00:00,1.0007,1.0008,1.0007,1.0008,4485.0,2025-09-14 22:59:59.999,4488.19830000,79,588.00000000,588.47040000,0
2025-09-14 23:00:00,1.0007,1.0008,1.0007,1.0007,476.0,2025-09-14 23:59:59.999,476.34780000,8,146.00000000,146.11680000,0
2025-09-15 00:00:00,1.0007,1.0008,1.0007,1.0007,43434.0,2025-09-15 00:59:59.999,43466.52300000,30,21192.00000000,21208.95360000,0
2025-09-15 01:00:00,1.0008,1.0008,1.0007,1.0007,13780.0,2025-09-15 01:59:59.999,13789.76090000,11,1149.00000000,1149.91920000,0
2025-09-15 02:00:00,1.0007,1.0008,1.0006,1.0007,16026.0,2025-09-15 02:59:59.999,16037.14510000,25,898.00000000,898.65350000,0
2025-09-15 03:00:00,1.0007,1.0007,1.0006,1.0007,75855.0,2025-09-15 03:59:59.999,75902.67020000,62,21572.00000000,21587.10040000,0
2025-09-15 04:00:00,1.0006,1.0007,1.0006,1.0006,38321.0,2025-09-15 04:59:59.999,38346.21170000,44,22808.00000000,22823.90390000,0
2025-09-15 05:00:00,1.0006,1.0007,1.0006,1.0006,21583.0,2025-09-15 05:59:59.999,21597.14410000,130,11943.00000000,11951.36010000,0
2025-09-15 06:00:00,1.0006,1.0008,1.0006,1.0006,62852.0,2025-09-15 06:59:59.999,62896.42530000,110,48169.00000000,48204.61550000,0
2025-09-15 07:00:00,1.0006,1.0007,1.0006,1.0007,3404.0,2025-09-15 07:59:59.999,3406.34670000,159,3043.00000000,3045.13010000,0
2025-09-15 08:00:00,1.0007,1.0009,1.0006,1.0006,317936.0,2025-09-15 08:59:59.999,318183.28480000,327,302498.00000000,302734.63930000,0
2025-09-15 09:00:00,1.0007,1.0007,1.0006,1.0006,4780.0,2025-09-15 09:59:59.999,4783.20390000,25,3359.00000000,3361.35130000,0
2025-09-15 10:00:00,1.0006,1.0008,1.0006,1.0006,122796.0,2025-09-15 10:59:59.999,122882.33120000,55,107010.00000000,107086.16920000,0
2025-09-15 11:00:00,1.0006,1.0007,1.0006,1.0006,6821.0,2025-09-15 11:59:59.999,6825.61080000,22,5182.00000000,5185.62740000,0
2025-09-15 12:00:00,1.0006,1.0007,1.0006,1.0006,11165.0,2025-09-15 12:59:59.999,11172.73120000,26,10322.00000000,10329.22540000,0
2025-09-15 13:00:00,1.0006,1.0007,1.0006,1.0006,2365.0,2025-09-15 13:59:59.999,2366.47240000,135,534.00000000,534.37380000,0
2025-09-15 14:00:00,1.0006,1.0007,1.0006,1.0006,10946.0,2025-09-15 14:59:59.999,10953.11260000,353,5450.00000000,5453.81500000,0
2025-09-15 15:00:00,1.0006,1.0007,1.0006,1.0006,27529.0,2025-09-15 15:59:59.999,27547.77910000,250,22617.00000000,22632.83190000,0
2025-09-15 16:00:00,1.0006,1.0007,1.0006,1.0006,27998.0,2025-09-15 16:59:59.999,28017.13650000,196,23377.00000000,23393.36390000,0
2025-09-15 17:00:00,1.0006,1.0007,1.0006,1.0007,8337.0,2025-09-15 17:59:59.999,8342.07310000,52,709.00000000,709.49630000,0
2025-09-15 18:00:00,1.0007,1.0008,1.0006,1.0008,35774.0,2025-09-15 18:59:59.999,35800.16950000,229,34185.00000000,34210.21520000,0
2025-09-15 19:00:00,1.0008,1.0008,1.0006,1.0007,7632.0,2025-09-15 19:59:59.999,7637.62490000,208,6870.00000000,6875.16770000,0
2025-09-15 20:00:00,1.0007,1.0007,1.0006,1.0007,8044.0,2025-09-15 20:59:59.999,8049.50560000,214,6792.00000000,6796.75440000,0
2025-09-15 21:00:00,1.0006,1.0006,1.0006,1.0006,957.0,2025-09-15 21:59:59.999,957.57420000,98,0.00000000,0.00000000,0
2025-09-15 22:00:00,1.0006,1.0007,1.0006,1.0006,808.0,2025-09-15 22:59:59.999,808.48530000,68,5.00000000,5.00350000,0
2025-09-15 23:00:00,1.0006,1.0007,1.0006,1.0006,1509.0,2025-09-15 23:59:59.999,1509.93130000,63,259.00000000,259.18130000,0
2025-09-16 00:00:00,1.0006,1.0007,1.0006,1.0007,30830.0,2025-09-16 00:59:59.999,30851.43600000,76,25380.00000000,25397.76600000,0
2025-09-16 01:00:00,1.0006,1.0008,1.0006,1.0008,63702.0,2025-09-16 01:59:59.999,63750.48660000,37,61678.00000000,61725.20790000,0
2025-09-16 02:00:00,1.0008,1.0008,1.0007,1.0007,22909.0,2025-09-16 02:59:59.999,22925.12620000,50,899.00000000,899.71920000,0
2025-09-16 03:00:00,1.0007,1.0008,1.0006,1.0006,118723.0,2025-09-16 03:59:59.999,118797.68440000,20,25507.00000000,25525.30780000,0
2025-09-16 04:00:00,1.0007,1.0007,1.0006,1.0006,15903.0,2025-09-16 04:59:59.999,15914.09970000,13,15579.00000000,15589.90530000,0
2025-09-16 05:00:00,1.0007,1.0007,1.0006,1.0006,21469.0,2025-09-16 05:59:59.999,21483.91260000,27,20312.00000000,20326.21840000,0
2025-09-16 06:00:00,1.0006,1.0007,1.0006,1.0006,4749.0,2025-09-16 06:59:59.999,4752.03270000,45,1833.00000000,1834.28310000,0
2025-09-16 07:00:00,1.0006,1.0007,1.0006,1.0007,41995.0,2025-09-16 07:59:59.999,42024.11510000,15,39181.00000000,39208.42670000,0
2025-09-16 08:00:00,1.0007,1.0007,1.0006,1.0007,23756.0,2025-09-16 08:59:59.999,23772.42860000,22,21750.00000000,21765.22500000,0
2025-09-16 09:00:00,1.0007,1.0007,1.0006,1.0007,26151.0,2025-09-16 09:59:59.999,26167.14850000,31,4579.00000000,4582.20530000,0
2025-09-16 10:00:00,1.0006,1.0007,1.0006,1.0007,1120.0,2025-09-16 10:59:59.999,1120.72640000,14,544.00000000,544.38080000,0
2025-09-16 11:00:00,1.0006,1.0007,1.0006,1.0007,12601.0,2025-09-16 11:59:59.999,12609.69200000,38,11314.00000000,11321.91980000,0
2025-09-16 12:00:00,1.0007,1.0008,1.0006,1.0007,86994.0,2025-09-16 12:59:59.999,87055.23690000,63,66285.00000000,66333.52330000,0
2025-09-16 13:00:00,1.0007,1.0008,1.0007,1.0007,21321.0,2025-09-16 13:59:59.999,21336.33930000,79,4146.00000000,4149.31680000,0
2025-09-16 14:00:00,1.0007,1.0008,1.0007,1.0007,17766.0,2025-09-16 14:59:59.999,17778.50530000,60,691.00000000,691.55280000,0
2025-09-16 15:00:00,1.0007,1.0008,1.0007,1.0008,21687.0,2025-09-16 15:59:59.999,21702.27890000,30,980.00000000,980.78400000,0
2025-09-16 16:00:00,1.0008,1.0008,1.0007,1.0007,14782.0,2025-09-16 16:59:59.999,14792.46010000,28,1127.00000000,1127.90160000,0
2025-09-16 17:00:00,1.0008,1.0008,1.0007,1.0008,22231.0,2025-09-16 17:59:59.999,22248.67290000,32,21112.00000000,21128.88960000,0
2025-09-16 18:00:00,1.0008,1.0008,1.0007,1.0008,1389.0,2025-09-16 18:59:59.999,1390.05990000,40,876.00000000,876.70080000,0
2025-09-16 19:00:00,1.0008,1.0008,1.0007,1.0007,1758.0,2025-09-16 19:59:59.999,1759.36000000,129,1294.00000000,1295.03520000,0
2025-09-16 20:00:00,1.0007,1.0008,1.0007,1.0007,2197.0,2025-09-16 20:59:59.999,2198.65810000,135,1202.00000000,1202.96160000,0
2025-09-16 21:00:00,1.0008,1.0008,1.0007,1.0008,2345.0,2025-09-16 21:59:59.999,2346.75600000,126,1145.00000000,1145.91600000,0
2025-09-16 22:00:00,1.0008,1.0008,1.0007,1.0008,2174.0,2025-09-16 22:59:59.999,2175.69300000,106,1712.00000000,1713.36960000,0
2025-09-16 23:00:00,1.0008,1.0008,1.0007,1.0008,37773.0,2025-09-16 23:59:59.999,37801.21410000,47,17730.00000000,17744.18400000,0
2025-09-17 00:00:00,1.0008,1.0008,1.0007,1.0008,24409.0,2025-09-17 00:59:59.999,24428.33690000,41,22506.00000000,22524.00480000,0
2025-09-17 01:00:00,1.0008,1.0008,1.0007,1.0007,412772.0,2025-09-17 01:59:59.999,413061.61240000,40,6720.00000000,6725.37600000,0
2025-09-17 02:00:00,1.0008,1.0008,1.0007,1.0008,48583.0,2025-09-17 02:59:59.999,48618.05180000,23,10437.00000000,10445.34960000,0
2025-09-17 03:00:00,1.0008,1.0009,1.0007,1.0009,63414.0,2025-09-17 03:59:59.999,63464.69760000,75,49650.00000000,49689.81580000,0
2025-09-17 04:00:00,1.0008,1.0009,1.0007,1.0008,15217.0,2025-09-17 04:59:59.999,15230.06710000,89,12358.00000000,12369.06010000,0
2025-09-17 05:00:00,1.0008,1.0008,1.0007,1.0008,2764.0,2025-09-17 05:59:59.999,2766.16460000,89,2298.00000000,2299.83840000,0
2025-09-17 06:00:00,1.0008,1.0008,1.0007,1.0007,1630.0,2025-09-17 06:59:59.999,1631.25740000,17,1164.00000000,1164.93120000,0
2025-09-17 07:00:00,1.0008,1.0008,1.0007,1.0007,40757.0,2025-09-17 07:59:59.999,40787.55290000,32,20230.00000000,20246.18400000,0
2025-09-17 08:00:00,1.0007,1.0009,1.0007,1.0007,319331.0,2025-09-17 08:59:59.999,319597.12160000,45,134026.00000000,134144.09330000,0
2025-09-17 09:00:00,1.0008,1.0009,1.0007,1.0008,87869.0,2025-09-17 09:59:59.999,87935.39080000,33,46608.00000000,46645.35970000,0
2025-09-17 10:00:00,1.0009,1.0009,1.0007,1.0008,56799.0,2025-09-17 10:59:59.999,56843.15990000,37,37756.00000000,37786.25080000,0
2025-09-17 11:00:00,1.0009,1.0009,1.0007,1.0007,26258.0,2025-09-17 11:59:59.999,26277.23800000,128,1691.00000000,1692.49330000,0
2025-09-17 12:00:00,1.0008,1.0008,1.0007,1.0008,5910.0,2025-09-17 12:59:59.999,5914.32430000,103,1873.00000000,1874.49840000,0
2025-09-17 13:00:00,1.0007,1.0009,1.0007,1.0007,22426.0,2025-09-17 13:59:59.999,22443.91690000,138,16138.00000000,16150.91570000,0
2025-09-17 14:00:00,1.0008,1.0008,1.0007,1.0007,647113.0,2025-09-17 14:59:59.999,647566.29790000,173,3188.00000000,3190.55040000,0
2025-09-17 15:00:00,1.0007,1.0009,1.0007,1.0009,46916.0,2025-09-17 15:59:59.999,46952.97240000,38,28593.00000000,28615.92230000,0
2025-09-17 16:00:00,1.0008,1.0009,1.0008,1.0008,218323.0,2025-09-17 16:59:59.999,218519.41420000,25,217558.00000000,217753.80220000,0
2025-09-17 17:00:00,1.0009,1.0009,1.0008,1.0008,133248.0,2025-09-17 17:59:59.999,133356.70130000,25,21029.00000000,21047.92610000,0
2025-09-17 18:00:00,1.0007,1.0008,1.0007,1.0007,13125.0,2025-09-17 18:59:59.999,13134.32320000,31,1357.00000000,1358.08560000,0
2025-09-17 19:00:00,1.0008,1.0008,1.0007,1.0007,21911.0,2025-09-17 19:59:59.999,21928.44710000,34,21094.00000000,21110.87520000,0
2025-09-17 20:00:00,1.0007,1.0009,1.0007,1.0008,59996.0,2025-09-17 20:59:59.999,60044.03070000,55,39539.00000000,39570.70490000,0
2025-09-17 21:00:00,1.0008,1.0009,1.0007,1.0007,69564.0,2025-09-17 21:59:59.999,69619.96040000,37,30650.00000000,30676.22790000,0
2025-09-17 22:00:00,1.0008,1.0008,1.0007,1.0008,51257.0,2025-09-17 22:59:59.999,51292.91420000,29,343.00000000,343.27440000,0
2025-09-17 23:00:00,1.0008,1.0009,1.0007,1.0007,125495.0,2025-09-17 23:59:59.999,125590.94300000,59,40712.00000000,40744.61620000,0
2025-09-18 00:00:00,1.0007,1.0008,1.0007,1.0008,28135.0,2025-09-18 00:59:59.999,28156.00250000,50,13080.00000000,13090.46400000,0
2025-09-18 01:00:00,1.0007,1.0009,1.0007,1.0009,223503.0,2025-09-18 01:59:59.999,223686.86900000,48,221954.00000000,222136.69320000,0
2025-09-18 02:00:00,1.0008,1.0009,1.0008,1.0009,134862.0,2025-09-18 02:59:59.999,134982.03570000,26,121461.00000000,121570.31490000,0
2025-09-18 03:00:00,1.0008,1.0009,1.0008,1.0009,1833.0,2025-09-18 03:59:59.999,1834.52810000,31,617.00000000,617.55530000,0
2025-09-18 04:00:00,1.0009,1.0009,1.0008,1.0009,12077.0,2025-09-18 04:59:59.999,12086.86880000,26,2072.00000000,2073.86480000,0
2025-09-18 05:00:00,1.0008,1.0009,1.0008,1.0008,10492.0,2025-09-18 05:59:59.999,10501.18190000,28,7883.00000000,7890.09470000,0
2025-09-18 06:00:00,1.0008,1.0009,1.0006,1.0006,524514.0,2025-09-18 06:59:59.999,524874.52060000,74,58116.00000000,58160.37840000,0
2025-09-18 07:00:00,1.0006,1.0008,1.0006,1.0008,40087.0,2025-09-18 07:59:59.999,40115.53520000,32,38734.00000000,38761.58870000,0
2025-09-18 08:00:00,1.0007,1.0008,1.0007,1.0007,41685.0,2025-09-18 08:59:59.999,41716.58250000,23,24030.00000000,24049.22400000,0
2025-09-18 09:00:00,1.0008,1.0008,1.0007,1.0008,43888.0,2025-09-18 09:59:59.999,43920.86600000,93,21444.00000000,21461.15520000,0
2025-09-18 10:00:00,1.0008,1.0008,1.0007,1.0007,62926.0,2025-09-18 10:59:59.999,62970.46100000,84,24080.00000000,24097.26880000,0
2025-09-18 11:00:00,1.0008,1.0009,1.0007,1.0008,26126.0,2025-09-18 11:59:59.999,26146.74030000,50,12118.00000000,12127.69520000,0
2025-09-18 12:00:00,1.0008,1.0009,1.0008,1.0009,34782.0,2025-09-18 12:59:59.999,34810.70000000,48,8744.00000000,8751.86960000,0
2025-09-18 13:00:00,1.0009,1.0009,1.0007,1.0008,39495.0,2025-09-18 13:59:59.999,39527.42640000,25,12582.00000000,12592.94360000,0
2025-09-18 14:00:00,1.0008,1.0008,1.0007,1.0008,108476.0,2025-09-18 14:59:59.999,108556.42330000,62,82858.00000000,82920.49070000,0
2025-09-18 15:00:00,1.0007,1.0008,1.0007,1.0008,97172.0,2025-09-18 15:59:59.999,97247.55430000,44,75339.00000000,75399.27120000,0
2025-09-18 16:00:00,1.0008,1.0009,1.0007,1.0009,6470.0,2025-09-18 16:59:59.999,6475.25760000,32,5053.00000000,5057.13820000,0
2025-09-18 17:00:00,1.0009,1.0009,1.0008,1.0009,1753251.0,2025-09-18 17:59:59.999,1754828.45010000,36,1748493.00000000,1750066.64370000,0
2025-09-18 18:00:00,1.0009,1.0009,1.0008,1.0009,2718.0,2025-09-18 18:59:59.999,2720.41140000,30,2370.00000000,2372.13300000,0
2025-09-18 19:00:00,1.0008,1.0009,1.0008,1.0009,7926.0,2025-09-18 19:59:59.999,7932.35790000,18,171.00000000,171.15390000,0
2025-09-18 20:00:00,1.0008,1.0009,1.0008,1.0009,64335.0,2025-09-18 20:59:59.999,64390.66730000,25,63757.00000000,63812.20490000,0
2025-09-18 21:00:00,1.0009,1.0009,1.0008,1.0009,42631.0,2025-09-18 21:59:59.999,42667.34990000,18,22451.00000000,22471.20590000,0
2025-09-18 22:00:00,1.0008,1.0009,1.0008,1.0008,3778.0,2025-09-18 22:59:59.999,3781.39170000,14,3693.00000000,3696.32370000,0
2025-09-18 23:00:00,1.0008,1.0009,1.0008,1.0008,21550.0,2025-09-18 23:59:59.999,21569.33320000,18,20932.00000000,20950.83880000,0
2025-09-19 00:00:00,1.0008,1.0008,1.0007,1.0008,4306.0,2025-09-19 00:59:59.999,4309.35340000,19,3392.00000000,3394.71360000,0
2025-09-19 01:00:00,1.0008,1.0008,1.0007,1.0008,5156.0,2025-09-19 01:59:59.999,5159.98210000,218,3729.00000000,3731.98320000,0
2025-09-19 02:00:00,1.0008,1.0008,1.0007,1.0007,19633.0,2025-09-19 02:59:59.999,19648.39250000,269,16494.00000000,16507.19520000,0
2025-09-19 03:00:00,1.0008,1.0008,1.0007,1.0007,12121.0,2025-09-19 03:59:59.999,12130.03650000,380,5518.00000000,5522.41440000,0
2025-09-19 04:00:00,1.0008,1.0008,1.0007,1.0007,6804.0,2025-09-19 04:59:59.999,6809.27920000,381,5164.00000000,5168.13120000,0
2025-09-19 05:00:00,1.0008,1.0009,1.0007,1.0009,42263.0,2025-09-19 05:59:59.999,42297.01320000,277,39790.00000000,39822.26100000,0
2025-09-19 06:00:00,1.0009,1.0009,1.0008,1.0008,16657.0,2025-09-19 06:59:59.999,16670.89830000,93,5727.00000000,5732.15430000,0
2025-09-19 07:00:00,1.0009,1.0009,1.0008,1.0008,1176.0,2025-09-19 07:59:59.999,1176.98470000,17,439.00000000,439.39510000,0
2025-09-19 08:00:00,1.0009,1.0009,1.0007,1.0007,10308.0,2025-09-19 08:59:59.999,10316.41760000,29,2224.00000000,2226.00100000,0
2025-09-19 09:00:00,1.0007,1.0008,1.0007,1.0008,17463.0,2025-09-19 09:59:59.999,17476.93540000,20,17113.00000000,17126.69040000,0
2025-09-19 10:00:00,1.0007,1.0008,1.0007,1.0007,19945.0,2025-09-19 10:59:59.999,19960.91230000,24,19508.00000000,19523.60640000,0
2025-09-19 11:00:00,1.0007,1.0008,1.0007,1.0007,38721.0,2025-09-19 11:59:59.999,38751.90240000,47,37977.00000000,38007.38160000,0
2025-09-19 12:00:00,1.0007,1.0009,1.0007,1.0008,61801.0,2025-09-19 12:59:59.999,61853.64580000,51,56046.00000000,56094.04410000,0
2025-09-19 13:00:00,1.0009,1.0009,1.0008,1.0008,9100.0,2025-09-19 13:59:59.999,9107.73900000,27,4590.00000000,4594.13100000,0
2025-09-19 14:00:00,1.0008,1.0009,1.0008,1.0008,112861.0,2025-09-19 14:59:59.999,112959.58850000,65,82997.00000000,83071.69730000,0
2025-09-19 15:00:00,1.0008,1.0008,1.0007,1.0007,43072.0,2025-09-19 15:59:59.999,43102.78970000,82,1272.00000000,1273.01760000,0
2025-09-19 16:00:00,1.0007,1.0008,1.0007,1.0007,24550.0,2025-09-19 16:59:59.999,24569.55830000,28,23733.00000000,23751.98640000,0
2025-09-19 17:00:00,1.0008,1.0008,1.0007,1.0007,12156.0,2025-09-19 17:59:59.999,12164.63900000,27,1298.00000000,1299.03840000,0
2025-09-19 18:00:00,1.0007,1.0008,1.0007,1.0007,7309.0,2025-09-19 18:59:59.999,7314.54310000,20,4268.00000000,4271.41440000,0
2025-09-19 19:00:00,1.0007,1.0008,1.0007,1.0007,669.0,2025-09-19 19:59:59.999,669.48630000,9,180.00000000,180.14400000,0
2025-09-19 20:00:00,1.0007,1.0008,1.0006,1.0007,81763.0,2025-09-19 20:59:59.999,81820.03580000,52,44045.00000000,44075.85690000,0
2025-09-19 21:00:00,1.0007,1.0007,1.0006,1.0006,54058.0,2025-09-19 21:59:59.999,54092.52230000,65,0.00000000,0.00000000,0
2025-09-19 22:00:00,1.0006,1.0007,1.0006,1.0006,14431.0,2025-09-19 22:59:59.999,14440.77100000,31,11124.00000000,11131.78680000,0
2025-09-19 23:00:00,1.0007,1.0007,1.0006,1.0006,20172.0,2025-09-19 23:59:59.999,20186.11040000,13,20072.00000000,20086.05040000,0
2025-09-20 00:00:00,1.0006,1.0007,1.0006,1.0006,41645.0,2025-09-20 00:59:59.999,41673.91960000,25,39326.00000000,39353.52820000,0
2025-09-20 01:00:00,1.0006,1.0007,1.0006,1.0006,48741.0,2025-09-20 01:59:59.999,48772.94350000,30,26989.00000000,27007.89230000,0
2025-09-20 02:00:00,1.0006,1.0007,1.0006,1.0006,1225.0,2025-09-20 02:59:59.999,1225.74010000,17,51.00000000,51.03570000,0
2025-09-20 03:00:00,1.0007,1.0007,1.0006,1.0007,24638.0,2025-09-20 03:59:59.999,24654.67010000,17,18736.00000000,18749.11520000,0
2025-09-20 04:00:00,1.0007,1.0008,1.0006,1.0006,26241.0,2025-09-20 04:59:59.999,26259.41850000,25,612.00000000,612.48960000,0
2025-09-20 05:00:00,1.0006,1.0007,1.0006,1.0006,34019.0,2025-09-20 05:59:59.999,34040.19370000,26,7823.00000000,7828.47610000,0
2025-09-20 06:00:00,1.0007,1.0007,1.0006,1.0006,573.0,2025-09-20 06:59:59.999,573.35740000,20,136.00000000,136.09520000,0
2025-09-20 07:00:00,1.0006,1.0007,1.0006,1.0007,426481.0,2025-09-20 07:59:59.999,426739.06330000,33,21747.00000000,21762.22290000,0
2025-09-20 08:00:00,1.0007,1.0007,1.0005,1.0005,1831489.0,2025-09-20 08:59:59.999,1832535.74440000,74,17344.00000000,17354.79140000,0
2025-09-20 09:00:00,1.0006,1.0007,1.0005,1.0005,133737.0,2025-09-20 09:59:59.999,133817.45520000,52,106183.00000000,106247.02020000,0
2025-09-20 10:00:00,1.0006,1.0006,1.0005,1.0005,46034.0,2025-09-20 10:59:59.999,46057.88460000,22,8676.00000000,8681.20560000,0
2025-09-20 11:00:00,1.0006,1.0006,1.0005,1.0005,26565.0,2025-09-20 11:59:59.999,26580.87610000,23,25936.00000000,25951.56160000,0
2025-09-20 12:00:00,1.0005,1.0006,1.0005,1.0005,1792.0,2025-09-20 12:59:59.999,1792.98900000,16,930.00000000,930.55800000,0
2025-09-20 13:00:00,1.0006,1.0006,1.0005,1.0006,28724.0,2025-09-20 13:59:59.999,28738.92630000,22,5643.00000000,5646.38580000,0
2025-09-20 14:00:00,1.0006,1.0006,1.0005,1.0006,29424.0,2025-09-20 14:59:59.999,29441.10050000,31,23885.00000000,23899.33100000,0
2025-09-20 15:00:00,1.0006,1.0006,1.0005,1.0005,10941.0,2025-09-20 15:59:59.999,10947.27820000,91,8077.00000000,8081.84620000,0
2025-09-20 16:00:00,1.0005,1.0006,1.0005,1.0006,4565.0,2025-09-20 16:59:59.999,4567.45680000,116,1743.00000000,1744.04580000,0
2025-09-20 17:00:00,1.0005,1.0006,1.0005,1.0006,16820.0,2025-09-20 17:59:59.999,16830.05010000,41,16401.00000000,16410.84060000,0
2025-09-20 18:00:00,1.0006,1.0006,1.0005,1.0005,62417.0,2025-09-20 18:59:59.999,62448.42870000,139,2202.00000000,2203.32120000,0
2025-09-20 19:00:00,1.0006,1.0006,1.0005,1.0005,20127.0,2025-09-20 19:59:59.999,20138.96100000,18,18975.00000000,18986.38500000,0
2025-09-20 20:00:00,1.0005,1.0006,1.0005,1.0006,500.0,2025-09-20 20:59:59.999,500.25690000,14,69.00000000,69.04140000,0
2025-09-20 21:00:00,1.0005,1.0007,1.0005,1.0006,107039.0,2025-09-20 21:59:59.999,107110.09230000,22,100980.00000000,101047.36340000,0
2025-09-20 22:00:00,1.0007,1.0007,1.0006,1.0007,2576.0,2025-09-20 22:59:59.999,2577.66040000,11,1148.00000000,1148.80360000,0
2025-09-20 23:00:00,1.0007,1.0007,1.0005,1.0006,28898.0,2025-09-20 23:59:59.999,28915.18300000,29,21647.00000000,21659.99670000,0
2025-09-21 00:00:00,1.0005,1.0006,1.0005,1.0006,1640.0,2025-09-21 00:59:59.999,1640.82260000,11,26.00000000,26.01560000,0
2025-09-21 01:00:00,1.0005,1.0006,1.0005,1.0006,23170.0,2025-09-21 01:59:59.999,23181.64370000,21,587.00000000,587.35220000,0
2025-09-21 02:00:00,1.0005,1.0006,1.0005,1.0005,70326.0,2025-09-21 02:59:59.999,70363.17040000,18,20074.00000000,20086.04440000,0
2025-09-21 03:00:00,1.0006,1.0006,1.0005,1.0005,2824.0,2025-09-21 03:59:59.999,2825.50890000,30,969.00000000,969.58140000,0
2025-09-21 04:00:00,1.0005,1.0006,1.0005,1.0005,1998.0,2025-09-21 04:59:59.999,1999.06980000,114,708.00000000,708.42480000,0
2025-09-21 05:00:00,1.0005,1.0006,1.0005,1.0005,16452.0,2025-09-21 05:59:59.999,16461.28110000,89,10551.00000000,10557.33060000,0
2025-09-21 06:00:00,1.0005,1.0006,1.0005,1.0005,20290.0,2025-09-21 06:59:59.999,20300.27060000,54,1256.00000000,1256.75360000,0
2025-09-21 07:00:00,1.0006,1.0006,1.0005,1.0005,95441.0,2025-09-21 07:59:59.999,95489.02920000,35,3087.00000000,3088.85220000,0
2025-09-21 08:00:00,1.0006,1.0006,1.0005,1.0005,258674.0,2025-09-21 08:59:59.999,258804.74950000,65,14125.00000000,14133.47500000,0
2025-09-21 09:00:00,1.0005,1.0006,1.0004,1.0005,950515.0,2025-09-21 09:59:59.999,950987.44560000,94,12948.00000000,12955.76880000,0
2025-09-21 10:00:00,1.0005,1.0006,1.0004,1.0004,1107167.0,2025-09-21 10:59:59.999,1107614.32930000,119,40618.00000000,40638.51170000,0
2025-09-21 11:00:00,1.0004,1.0005,1.0004,1.0004,697636.0,2025-09-21 11:59:59.999,697915.27640000,61,2220.00000000,2221.11000000,0
2025-09-21 12:00:00,1.0004,1.0005,1.0004,1.0004,944947.0,2025-09-21 12:59:59.999,945325.21300000,69,2342.00000000,2343.17100000,0
2025-09-21 13:00:00,1.0004,1.0005,1.0004,1.0004,1538669.0,2025-09-21 13:59:59.999,1539286.62190000,87,20545.00000000,20555.27250000,0
2025-09-21 14:00:00,1.0004,1.0005,0.9886,0.9992,2983850.0,2025-09-21 14:59:59.999,2971765.05300000,2918,1497138.00000000,1489436.90050000,0
2025-09-21 15:00:00,0.9992,1.0004,0.9991,0.9997,420822.0,2025-09-21 15:59:59.999,420675.90170000,345,337737.00000000,337638.97190000,0
2025-09-21 16:00:00,0.9994,0.9999,0.9993,0.9997,92621.0,2025-09-21 16:59:59.999,92570.87310000,61,8149.00000000,8145.13540000,0
2025-09-21 17:00:00,0.9997,1.0,0.9996,0.9999,51223.0,2025-09-21 17:59:59.999,51221.40560000,37,50988.00000000,50986.48860000,0
2025-09-21 18:00:00,0.9994,1.0003,0.9991,1.0001,135672.0,2025-09-21 18:59:59.999,135611.81440000,255,70782.00000000,70777.53330000,0
2025-09-21 19:00:00,0.9997,1.0001,0.9993,0.9998,80485.0,2025-09-21 19:59:59.999,80439.01860000,36,8468.00000000,8467.84570000,0
2025-09-21 20:00:00,0.9999,1.0001,0.9998,0.9998,8970.0,2025-09-21 20:59:59.999,8969.21110000,23,937.00000000,937.01770000,0
2025-09-21 21:00:00,0.9998,1.0001,0.9996,0.9999,5952.0,2025-09-21 21:59:59.999,5951.05580000,48,2070.00000000,2070.13370000,0
2025-09-21 22:00:00,0.9999,1.0001,0.9992,0.9999,3952.0,2025-09-21 22:59:59.999,3951.22880000,58,458.00000000,457.95100000,0
2025-09-21 23:00:00,0.9999,1.0001,0.9992,0.9995,37206.0,2025-09-21 23:59:59.999,37192.90990000,87,2171.00000000,2170.77020000,0
2025-09-22 00:00:00,0.9995,1.0,0.9994,0.9997,18675.0,2025-09-22 00:59:59.999,18669.16560000,137,6396.00000000,6395.54000000,0
2025-09-22 01:00:00,0.9999,1.0003,0.9993,0.9997,72333.0,2025-09-22 01:59:59.999,72313.88110000,193,69812.00000000,69793.01230000,0
2025-09-22 02:00:00,1.0,1.0002,0.9991,1.0001,365907.0,2025-09-22 02:59:59.999,365760.72000000,101,280567.00000000,280494.71170000,0
2025-09-22 03:00:00,1.0001,1.0001,0.9996,1.0,65508.0,2025-09-22 03:59:59.999,65496.14700000,178,64162.00000000,64150.37190000,0
2025-09-22 04:00:00,0.9999,1.0001,0.9999,0.9999,206793.0,2025-09-22 04:59:59.999,206793.99570000,16,32480.00000000,32481.02080000,0
2025-09-22 05:00:00,0.9999,1.0,0.9993,0.9997,65199.0,2025-09-22 05:59:59.999,65171.52650000,56,59672.00000000,59646.30830000,0
2025-09-22 06:00:00,0.9998,1.0001,0.9965,0.9993,1777905.0,2025-09-22 06:59:59.999,1776375.79490000,270,219582.00000000,219432.85250000,0
2025-09-22 07:00:00,0.9994,0.9997,0.9993,0.9995,170153.0,2025-09-22 07:59:59.999,170077.48930000,82,112970.00000000,112919.97930000,0
2025-09-22 08:00:00,0.9995,1.0014,0.9995,1.0008,13918457.0,2025-09-22 08:59:59.999,13929831.22870000,1316,9424933.00000000,9432565.27520000,0
2025-09-22 09:00:00,1.0008,1.0011,1.0004,1.0006,14691667.0,2025-09-22 09:59:59.999,14703178.89780000,696,4784987.00000000,4788714.35440000,0
2025-09-22 10:00:00,1.0006,1.0015,1.0006,1.0014,4904966.0,2025-09-22 10:59:59.999,4909735.43120000,272,3102756.00000000,3106079.27570000,0
2025-09-22 11:00:00,1.0014,1.0014,1.001,1.0012,6476842.0,2025-09-22 11:59:59.999,6483859.82280000,236,2506459.00000000,2509246.53280000,0
2025-09-22 12:00:00,1.0011,1.0012,1.0007,1.0009,3334622.0,2025-09-22 12:59:59.999,3337693.09510000,379,1870063.00000000,1871733.83140000,0
2025-09-22 13:00:00,1.0009,1.0013,1.0008,1.001,5165351.0,2025-09-22 13:59:59.999,5170950.71020000,242,4336659.00000000,4341341.65310000,0
2025-09-22 14:00:00,1.001,1.0011,1.0008,1.0009,3431294.0,2025-09-22 14:59:59.999,3434441.82890000,294,1909516.00000000,1911335.94620000,0
2025-09-22 15:00:00,1.0009,1.0015,1.0008,1.0009,2893849.0,2025-09-22 15:59:59.999,2896658.43950000,255,1901579.00000000,1903505.28650000,0
2025-09-22 16:00:00,1.001,1.001,1.0007,1.0007,1902106.0,2025-09-22 16:59:59.999,1903774.30160000,199,941041.00000000,941923.95820000,0
2025-09-22 17:00:00,1.0008,1.0008,1.0007,1.0007,312623.0,2025-09-22 17:59:59.999,312871.81110000,62,299750.00000000,299989.80000000,0
2025-09-22 18:00:00,1.0008,1.001,1.0007,1.0008,902096.0,2025-09-22 18:59:59.999,902867.58120000,97,864715.00000000,865455.91160000,0
2025-09-22 19:00:00,1.0009,1.001,1.0008,1.0008,772224.0,2025-09-22 19:59:59.999,772897.74940000,51,454805.00000000,455224.21460000,0
2025-09-22 20:00:00,1.0009,1.001,1.0008,1.001,2595065.0,2025-09-22 20:59:59.999,2597639.15670000,53,2486516.00000000,2488992.46370000,0
2025-09-22 21:00:00,1.001,1.001,1.0009,1.0009,1105397.0,2025-09-22 21:59:59.999,1106406.36630000,32,145090.00000000,145235.09000000,0
2025-09-22 22:00:00,1.001,1.0011,1.0007,1.0007,605064.0,2025-09-22 22:59:59.999,605594.14350000,202,455556.00000000,455952.90480000,0
2025-09-22 23:00:00,1.0007,1.0008,1.0007,1.0007,93162.0,2025-09-22 23:59:59.999,93232.19130000,31,49779.00000000,49818.82320000,0
2025-09-23 00:00:00,1.0008,1.001,1.0007,1.0009,24996321.0,2025-09-23 00:59:59.999,25018647.98530000,535,17192070.00000000,17207715.91800000,0
2025-09-23 01:00:00,1.0009,1.001,1.0008,1.0009,18738737.0,2025-09-23 01:59:59.999,18755631.10680000,427,13378774.00000000,13391069.78880000,0
2025-09-23 02:00:00,1.001,1.0012,1.0007,1.0007,48737230.0,2025-09-23 02:59:59.999,48785156.26660000,567,19528348.00000000,19548346.98150000,0
2025-09-23 03:00:00,1.0008,1.001,1.0008,1.001,33501055.0,2025-09-23 03:59:59.999,33531281.65940000,445,23322700.00000000,23344237.07140000,0
2025-09-23 04:00:00,1.0011,1.0011,1.0008,1.0011,35139372.0,2025-09-23 04:59:59.999,35173110.58380000,325,22925483.00000000,22948004.45700000,0
2025-09-23 05:00:00,1.0011,1.0013,1.0008,1.0009,47512675.0,2025-09-23 05:59:59.999,47560227.17170000,644,32133489.00000000,32166318.54190000,0
2025-09-23 06:00:00,1.0008,1.0012,1.0008,1.0011,52813359.0,2025-09-23 06:59:59.999,52867239.69710000,493,27611595.00000000,27640543.07660000,0
2025-09-23 07:00:00,1.0011,1.0012,1.0008,1.0009,36844866.0,2025-09-23 07:59:59.999,36880745.92960000,654,10890151.00000000,10901389.22670000,0
2025-09-23 08:00:00,1.001,1.001,1.0008,1.001,35961079.0,2025-09-23 08:59:59.999,35993779.57390000,337,24000656.00000000,24023070.26600000,0
2025-09-23 09:00:00,1.001,1.0011,1.0008,1.001,37256867.0,2025-09-23 09:59:59.999,37292515.35460000,527,24293821.00000000,24317853.80540000,0
2025-09-23 10:00:00,1.0011,1.0012,1.0009,1.0009,31451017.0,2025-09-23 10:59:59.999,31482049.93290000,462,16726354.00000000,16743475.68190000,0
2025-09-23 11:00:00,1.001,1.001,1.0008,1.001,21455711.0,2025-09-23 11:59:59.999,21474992.12540000,277,9287351.00000000,9295784.76470000,0
2025-09-23 12:00:00,1.001,1.0011,1.0008,1.0009,26875979.0,2025-09-23 12:59:59.999,26900856.95950000,468,13436672.00000000,13449917.36450000,0
2025-09-23 13:00:00,1.0009,1.001,1.0008,1.0009,43479602.0,2025-09-23 13:59:59.999,43519078.14120000,412,24687604.00000000,24710876.48210000,0
2025-09-23 14:00:00,1.0009,1.001,1.0007,1.0008,25120170.0,2025-09-23 14:59:59.999,25141679.31180000,418,10851950.00000000,10861672.86320000,0
2025-09-23 15:00:00,1.0008,1.001,1.0007,1.0009,21783878.0,2025-09-23 15:59:59.999,21801969.75900000,451,14063023.00000000,14075180.65860000,0
2025-09-23 16:00:00,1.0009,1.0009,1.0005,1.0008,17875512.0,2025-09-23 16:59:59.999,17888439.76220000,352,9411362.00000000,9418387.13770000,0
2025-09-23 17:00:00,1.0008,1.0009,1.0005,1.0006,34317230.0,2025-09-23 17:59:59.999,34340936.91510000,277,24581528.00000000,24599387.85160000,0
2025-09-23 18:00:00,1.0006,1.0006,1.0004,1.0005,4357078.0,2025-09-23 18:59:59.999,4359521.74110000,208,2849811.00000000,2851496.43180000,0
2025-09-23 19:00:00,1.0004,1.0005,1.0003,1.0004,2061890.0,2025-09-23 19:59:59.999,2062870.44470000,113,1798829.00000000,1799708.68200000,0
2025-09-23 20:00:00,1.0003,1.001,1.0003,1.0006,24483994.0,2025-09-23 20:59:59.999,24499572.16750000,454,13648274.00000000,13657370.50000000,0
2025-09-23 21:00:00,1.0006,1.0007,1.0006,1.0006,2599706.0,2025-09-23 21:59:59.999,2601280.00930000,137,488548.00000000,488855.31450000,0
2025-09-23 22:00:00,1.0006,1.0008,1.0005,1.0008,5980463.0,2025-09-23 22:59:59.999,5984442.30630000,517,3153371.00000000,3155611.43580000,0
2025-09-23 23:00:00,1.0008,1.0009,1.0007,1.0008,9451208.0,2025-09-23 23:59:59.999,9458649.60260000,725,8169212.00000000,8175749.86400000,0
2025-09-24 00:00:00,1.0008,1.0009,1.0007,1.0007,28272199.0,2025-09-24 00:59:59.999,28294876.77620000,311,20923472.00000000,20940779.37490000,0
2025-09-24 01:00:00,1.0007,1.0009,1.0007,1.0009,23110001.0,2025-09-24 01:59:59.999,23129450.03850000,295,13167015.00000000,13178576.82600000,0
2025-09-24 02:00:00,1.0009,1.0011,1.0008,1.001,46808273.0,2025-09-24 02:59:59.999,46851119.00830000,383,30719239.00000000,30748105.87160000,0
2025-09-24 03:00:00,1.001,1.0011,1.0008,1.0009,54697543.0,2025-09-24 03:59:59.999,54748466.60090000,376,27002418.00000000,27028582.15640000,0
2025-09-24 04:00:00,1.0009,1.001,1.0008,1.0009,43247562.0,2025-09-24 04:59:59.999,43285865.43040000,358,18874868.00000000,18891892.98410000,0
2025-09-24 05:00:00,1.0008,1.0009,1.0007,1.0008,27871865.0,2025-09-24 05:59:59.999,27895065.68420000,215,12306458.00000000,12317434.82070000,0
2025-09-24 06:00:00,1.0008,1.0009,1.0007,1.0008,32464251.0,2025-09-24 06:59:59.999,32490549.26110000,191,13428520.00000000,13439826.05050000,0
2025-09-24 07:00:00,1.0008,1.0009,1.0006,1.0006,32392767.0,2025-09-24 07:59:59.999,32418546.62490000,282,18948750.00000000,18964396.23790000,0
2025-09-24 08:00:00,1.0006,1.0008,1.0006,1.0007,33081647.0,2025-09-24 08:59:59.999,33105293.62910000,247,14916293.00000000,14927911.63230000,0
2025-09-24 09:00:00,1.0007,1.0009,1.0006,1.0008,18891825.0,2025-09-24 09:59:59.999,18906716.85040000,253,16777632.00000000,16790997.65190000,0
2025-09-24 10:00:00,1.0009,1.0009,1.0007,1.0008,22549791.0,2025-09-24 10:59:59.999,22567875.37810000,245,16533293.00000000,16546588.08720000,0
2025-09-24 11:00:00,1.0007,1.0009,1.0007,1.0007,11051847.0,2025-09-24 11:59:59.999,11060758.44750000,298,4906202.00000000,4910363.87770000,0
2025-09-24 12:00:00,1.0007,1.0009,1.0007,1.0009,17083056.0,2025-09-24 12:59:59.999,17096798.60500000,278,8761399.00000000,8768630.76620000,0
2025-09-24 13:00:00,1.0009,1.0011,1.0007,1.0008,56407390.0,2025-09-24 13:59:59.999,56458465.39670000,635,24211879.00000000,24235025.81710000,0
2025-09-24 14:00:00,1.0008,1.001,1.0007,1.0008,26562916.0,2025-09-24 14:59:59.999,26585782.09330000,595,17921746.00000000,17937793.99840000,0
2025-09-24 15:00:00,1.0007,1.0009,1.0007,1.0007,16389090.0,2025-09-24 15:59:59.999,16401278.96410000,277,4637251.00000000,4640960.90220000,0
2025-09-24 16:00:00,1.0007,1.0008,1.0006,1.0007,14192528.0,2025-09-24 16:59:59.999,14202586.87760000,239,5093865.00000000,5097615.33760000,0
2025-09-24 17:00:00,1.0008,1.0008,1.0006,1.0007,6655534.0,2025-09-24 17:59:59.999,6660152.35690000,124,4362979.00000000,4366084.16900000,0
2025-09-24 18:00:00,1.0007,1.0008,1.0006,1.0006,21195332.0,2025-09-24 18:59:59.999,21209040.22240000,213,9827149.00000000,9834028.00750000,0
2025-09-24 19:00:00,1.0007,1.0007,1.0006,1.0006,7183281.0,2025-09-24 19:59:59.999,7187697.38680000,72,1064182.00000000,1064926.92740000,0
2025-09-24 20:00:00,1.0006,1.0007,1.0005,1.0006,11494675.0,2025-09-24 20:59:59.999,11500863.35130000,141,922158.00000000,922737.03720000,0
2025-09-24 21:00:00,1.0005,1.0007,1.0004,1.0005,27387566.0,2025-09-24 21:59:59.999,27402671.67340000,175,1897036.00000000,1898149.50650000,0
2025-09-24 22:00:00,1.0004,1.0005,1.0003,1.0004,7576139.0,2025-09-24 22:59:59.999,7579233.74500000,159,5221562.00000000,5223724.93360000,0
2025-09-24 23:00:00,1.0004,1.0008,1.0003,1.0007,19549049.0,2025-09-24 23:59:59.999,19560561.23550000,274,11505791.00000000,11512525.55840000,0
2025-09-25 00:00:00,1.0006,1.0007,0.9993,1.0003,73998613.0,2025-09-25 00:59:59.999,74001334.83630000,1021,37952648.00000000,37951005.43360000,0
2025-09-25 01:00:00,1.0003,1.0004,0.9997,1.0,49681582.0,2025-09-25 01:59:59.999,49686738.08810000,609,18806412.00000000,18809400.65080000,0
2025-09-25 02:00:00,1.0,1.0,0.9998,0.9998,21474853.0,2025-09-25 02:59:59.999,21471693.05590000,417,7372654.00000000,7372058.49270000,0
2025-09-25 03:00:00,0.9999,1.0001,0.9988,0.999,92435089.0,2025-09-25 03:59:59.999,92395977.16370000,2238,40458163.00000000,40444345.00910000,0
2025-09-25 04:00:00,0.999,0.9995,0.999,0.9995,43019513.0,2025-09-25 04:59:59.999,42987972.47100000,703,25860475.00000000,25842869.65030000,0
2025-09-25 05:00:00,0.9995,1.0,0.9992,0.9994,48788048.0,2025-09-25 05:59:59.999,48759527.00790000,1520,31803386.00000000,31786161.60520000,0
2025-09-25 06:00:00,0.9995,0.9997,0.9992,0.9994,23997027.0,2025-09-25 06:59:59.999,23982216.04020000,659,11628925.00000000,11622128.25550000,0
2025-09-25 07:00:00,0.9994,0.9996,0.9993,0.9995,18787050.0,2025-09-25 07:59:59.999,18776928.34090000,413,14587420.00000000,14579577.75570000,0
2025-09-25 08:00:00,0.9996,1.0,0.9995,0.9996,27214251.0,2025-09-25 08:59:59.999,27204183.63130000,798,19123164.00000000,19116556.21820000,0
2025-09-25 09:00:00,0.9996,0.9998,0.9995,0.9997,24843324.0,2025-09-25 09:59:59.999,24833821.14370000,390,9891516.00000000,9888116.54710000,0
2025-09-25 10:00:00,0.9996,0.9998,0.9995,0.9995,19436593.0,2025-09-25 10:59:59.999,19429687.17300000,349,7904699.00000000,7902218.33990000,0
2025-09-25 11:00:00,0.9995,0.9998,0.9995,0.9997,21027778.0,2025-09-25 11:59:59.999,21020277.55940000,528,10644692.00000000,10641284.08500000,0
2025-09-25 12:00:00,0.9997,1.0,0.9995,0.9995,15556154.0,2025-09-25 12:59:59.999,15550779.74150000,563,8151153.00000000,8148678.48160000,0
2025-09-25 13:00:00,0.9996,0.9998,0.9993,0.9995,62982043.0,2025-09-25 13:59:59.999,62953973.45800000,1266,18738582.00000000,18731402.87740000,0
2025-09-25 14:00:00,0.9996,0.9996,0.999,0.9992,34976927.0,2025-09-25 14:59:59.999,34952498.14250000,1422,15644156.00000000,15633312.86240000,0
2025-09-25 15:00:00,0.9993,0.9998,0.9992,0.9995,50171986.0,2025-09-25 15:59:59.999,50146338.81680000,1373,18665442.00000000,18655622.75370000,0
2025-09-25 16:00:00,0.9995,0.9997,0.9991,0.9994,20447861.0,2025-09-25 16:59:59.999,20434851.04540000,1196,8460465.00000000,8455187.90720000,0
2025-09-25 17:00:00,0.9994,1.0002,0.9993,1.0,19779688.0,2025-09-25 17:59:59.999,19777731.28220000,1071,14161023.00000000,14159457.42430000,0
2025-09-25 18:00:00,1.0,1.0002,0.9993,0.9994,15408541.0,2025-09-25 18:59:59.999,15404554.11480000,675,3947122.00000000,3946410.06720000,0
2025-09-25 19:00:00,0.9994,0.9998,0.9983,0.9986,20979152.0,2025-09-25 19:59:59.999,20963544.83200000,928,11117860.00000000,11109055.63190000,0
2025-09-25 20:00:00,0.9986,0.9994,0.9985,0.9993,5128283.0,2025-09-25 20:59:59.999,5123404.62320000,286,3138732.00000000,3135570.17210000,0
2025-09-25 21:00:00,0.9993,0.9994,0.9987,0.999,6699799.0,2025-09-25 21:59:59.999,6694175.98820000,341,3112324.00000000,3109575.94830000,0
2025-09-25 22:00:00,0.999,0.9994,0.9988,0.9992,3035751.0,2025-09-25 22:59:59.999,3033152.60760000,179,1063222.00000000,1062268.78710000,0
2025-09-25 23:00:00,0.9991,0.9993,0.9989,0.9991,8200114.0,2025-09-25 23:59:59.999,8193339.84270000,242,1694396.00000000,1693005.74730000,0
2025-09-26 00:00:00,0.9991,0.9995,0.999,0.9994,20041640.0,2025-09-26 00:59:59.999,20027271.92500000,412,8352312.00000000,8346459.04540000,0
2025-09-26 01:00:00,0.9994,0.9997,0.9994,0.9994,27623898.0,2025-09-26 01:59:59.999,27610484.81620000,412,8653462.00000000,8649598.91370000,0
2025-09-26 02:00:00,0.9994,0.9995,0.9993,0.9993,10868807.0,2025-09-26 02:59:59.999,10862493.96900000,271,4718545.00000000,4716038.54150000,0
2025-09-26 03:00:00,0.9993,0.9995,0.9991,0.9993,28018721.0,2025-09-26 03:59:59.999,27998724.40650000,920,15297466.00000000,15287017.06930000,0
2025-09-26 04:00:00,0.9993,0.9995,0.9991,0.9992,25814406.0,2025-09-26 04:59:59.999,25796696.97600000,700,14758396.00000000,14749174.63840000,0
2025-09-26 05:00:00,0.9993,1.0001,0.9992,0.9995,44865415.0,2025-09-26 05:59:59.999,44844714.61750000,1156,32877202.00000000,32862929.16270000,0
2025-09-26 06:00:00,0.9995,0.9996,0.9992,0.9992,9631856.0,2025-09-26 06:59:59.999,9625880.03820000,384,3984103.00000000,3981845.78510000,0
2025-09-26 07:00:00,0.9992,0.9995,0.9991,0.9993,15743511.0,2025-09-26 07:59:59.999,15732910.16660000,395,9950245.00000000,9943789.15830000,0
2025-09-26 08:00:00,0.9993,0.9994,0.9991,0.9993,20417249.0,2025-09-26 08:59:59.999,20402330.27490000,542,12258551.00000000,12249823.84350000,0
2025-09-26 09:00:00,0.9993,0.9994,0.9991,0.9992,15698545.0,2025-09-26 09:59:59.999,15687251.73490000,688,9138795.00000000,9132426.04130000,0
2025-09-26 10:00:00,0.9993,0.9993,0.9992,0.9993,1706820.0,2025-09-26 10:59:59.999,1705585.02930000,144,1304853.00000000,1303939.60290000,0
2025-09-26 11:00:00,0.9993,0.9995,0.9992,0.9995,8882180.0,2025-09-26 11:59:59.999,8876612.30350000,377,5751747.00000000,5748296.30950000,0
2025-09-26 12:00:00,0.9995,0.9998,0.9994,0.9996,17950460.0,2025-09-26 12:59:59.999,17942685.21110000,656,10409890.00000000,10405394.23770000,0
2025-09-26 13:00:00,0.9996,0.9998,0.9995,0.9997,16965022.0,2025-09-26 13:59:59.999,16959126.65350000,581,12746230.00000000,12741866.60610000,0
2025-09-26 14:00:00,0.9997,1.0002,0.9996,1.0,28818025.0,2025-09-26 14:59:59.999,28814895.83070000,682,18268279.00000000,18266487.97910000,0
2025-09-26 15:00:00,1.0,1.0002,0.9998,1.0001,9482188.0,2025-09-26 15:59:59.999,9482002.70170000,412,3625559.00000000,3625494.71160000,0
2025-09-26 16:00:00,1.0002,1.0003,0.9999,1.0,6517475.0,2025-09-26 16:59:59.999,6518029.74090000,494,3515836.00000000,3516222.33410000,0
2025-09-26 17:00:00,1.0,1.0003,0.9999,1.0001,8003078.0,2025-09-26 17:59:59.999,8003678.94420000,616,5888120.00000000,5888732.27950000,0
2025-09-26 18:00:00,1.0,1.0001,0.9998,0.9999,9126932.0,2025-09-26 18:59:59.999,9126399.53290000,470,3722363.00000000,3722172.36280000,0
2025-09-26 19:00:00,0.9999,1.0,0.9996,1.0,9546196.0,2025-09-26 19:59:59.999,9544046.06480000,892,6532006.00000000,6530577.20430000,0
2025-09-26 20:00:00,1.0,1.0003,1.0,1.0001,3512553.0,2025-09-26 20:59:59.999,3512810.15330000,250,1084693.00000000,1084791.30580000,0
2025-09-26 21:00:00,1.0,1.0001,1.0,1.0001,1027182.0,2025-09-26 21:59:59.999,1027227.12200000,77,451220.00000000,451265.12200000,0
2025-09-26 22:00:00,1.0001,1.0001,0.9999,1.0001,3463908.0,2025-09-26 22:59:59.999,3464113.56720000,190,2763079.00000000,2763284.95030000,0
2025-09-26 23:00:00,1.0001,1.0001,0.9999,1.0,2026999.0,2025-09-26 23:59:59.999,2027125.09730000,182,1895853.00000000,1895986.75890000,0
2025-09-27 00:00:00,1.0,1.0,0.9997,1.0,5110560.0,2025-09-27 00:59:59.999,5110087.46290000,309,3425981.00000000,3425774.90070000,0
2025-09-27 01:00:00,1.0001,1.0001,0.9999,1.0,3425890.0,2025-09-27 01:59:59.999,3425920.43400000,177,2393045.00000000,2393100.01970000,0
2025-09-27 02:00:00,1.0,1.0001,0.9999,1.0,8030128.0,2025-09-27 02:59:59.999,8030163.43980000,434,3612737.00000000,3612808.94000000,0
2025-09-27 03:00:00,1.0,1.0002,0.9999,1.0001,8613709.0,2025-09-27 03:59:59.999,8614401.97930000,332,7417968.00000000,7418634.43110000,0
2025-09-27 04:00:00,1.0001,1.0003,0.9999,1.0001,11668517.0,2025-09-27 04:59:59.999,11669370.48900000,358,5306708.00000000,5307546.29580000,0
2025-09-27 05:00:00,1.0002,1.0003,1.0,1.0001,11511197.0,2025-09-27 05:59:59.999,11512271.44080000,275,5457053.00000000,5457695.32240000,0
2025-09-27 06:00:00,1.0001,1.0001,0.9998,0.9999,21138992.0,2025-09-27 06:59:59.999,21138346.66100000,490,6245895.00000000,6245888.18390000,0
2025-09-27 07:00:00,0.9998,1.0,0.9998,0.9999,11593569.0,2025-09-27 07:59:59.999,11591901.30010000,227,2358258.00000000,2358119.14310000,0
2025-09-27 08:00:00,0.9999,1.0001,0.9999,1.0,6504915.0,2025-09-27 08:59:59.999,6505212.61850000,375,3566396.00000000,3566703.70120000,0
2025-09-27 09:00:00,1.0,1.0002,1.0,1.0,11948147.0,2025-09-27 09:59:59.999,11949507.00150000,226,8732531.00000000,8733608.98590000,0
2025-09-27 10:00:00,1.0001,1.0001,0.9999,1.0,17698228.0,2025-09-27 10:59:59.999,17698325.46950000,407,5508137.00000000,5508234.50870000,0
2025-09-27 11:00:00,1.0,1.0001,0.9998,1.0001,16277939.0,2025-09-27 11:59:59.999,16278264.74640000,361,6846127.00000000,6846509.07500000,0
2025-09-27 12:00:00,1.0,1.0002,0.9999,1.0001,8958754.0,2025-09-27 12:59:59.999,8958916.24080000,276,4192827.00000000,4193011.68060000,0
2025-09-27 13:00:00,1.0001,1.0002,1.0,1.0001,9954664.0,2025-09-27 13:59:59.999,9955369.52760000,269,5809414.00000000,5810001.25110000,0
2025-09-27 14:00:00,1.0001,1.0002,1.0,1.0001,5926286.0,2025-09-27 14:59:59.999,5926783.84460000,204,2553161.00000000,2553416.44170000,0
2025-09-27 15:00:00,1.0001,1.0002,0.9998,0.9999,17783806.0,2025-09-27 15:59:59.999,17783412.89470000,378,4839418.00000000,4839834.74840000,0
2025-09-27 16:00:00,0.9999,1.0001,0.9997,0.9998,10457768.0,2025-09-27 16:59:59.999,10456554.95370000,483,5556842.00000000,5556346.58430000,0
2025-09-27 17:00:00,0.9997,1.0,0.9996,0.9999,13668863.0,2025-09-27 17:59:59.999,13666704.19060000,689,9213853.00000000,9212366.97510000,0
2025-09-27 18:00:00,1.0,1.0,0.9998,1.0,4285319.0,2025-09-27 18:59:59.999,4284958.29450000,104,3728508.00000000,3728227.99350000,0
2025-09-27 19:00:00,0.9999,1.0001,0.9999,1.0,5432373.0,2025-09-27 19:59:59.999,5432335.41670000,160,3888408.00000000,3888420.96140000,0
2025-09-27 20:00:00,1.0,1.0001,0.9999,1.0,3246203.0,2025-09-27 20:59:59.999,3246152.87140000,108,1269231.00000000,1269232.07720000,0
2025-09-27 21:00:00,1.0,1.0,0.9999,0.9999,2776128.0,2025-09-27 21:59:59.999,2776069.09510000,58,718592.00000000,718592.00000000,0
2025-09-27 22:00:00,0.9999,1.0001,0.9999,1.0001,4055323.0,2025-09-27 22:59:59.999,4055267.67920000,131,2473751.00000000,2473759.56440000,0
2025-09-27 23:00:00,1.0001,1.0001,0.9999,1.0,3615662.0,2025-09-27 23:59:59.999,3615605.99920000,114,1186083.00000000,1186092.21690000,0
2025-09-28 00:00:00,1.0,1.0,0.9998,1.0,27059018.0,2025-09-28 00:59:59.999,27058366.69360000,334,22301917.00000000,22301741.57980000,0
2025-09-28 01:00:00,1.0,1.0,0.9999,0.9999,36893650.0,2025-09-28 01:59:59.999,36893599.34950000,308,36387145.00000000,36387145.00000000,0
2025-09-28 02:00:00,1.0,1.0001,0.9999,1.0,21273928.0,2025-09-28 02:59:59.999,21273789.67560000,345,18454083.00000000,18454111.91830000,0
2025-09-28 03:00:00,1.0,1.0001,0.9998,1.0,20805066.0,2025-09-28 03:59:59.999,20804553.94920000,376,8550675.00000000,8550794.86830000,0
2025-09-28 04:00:00,0.9999,1.0003,0.9999,1.0001,26324820.0,2025-09-28 04:59:59.999,26327361.09190000,696,20304730.00000000,20306952.48910000,0
2025-09-28 05:00:00,1.0,1.0003,1.0,1.0002,11059877.0,2025-09-28 05:59:59.999,11061618.16350000,345,7583186.00000000,7584449.72660000,0
2025-09-28 06:00:00,1.0002,1.0004,1.0001,1.0003,18514217.0,2025-09-28 06:59:59.999,18518891.38030000,441,11695631.00000000,11698885.24230000,0
2025-09-28 07:00:00,1.0003,1.0003,1.0001,1.0003,12799190.0,2025-09-28 07:59:59.999,12801939.69890000,310,4997693.00000000,4998907.31710000,0
2025-09-28 08:00:00,1.0002,1.0004,1.0002,1.0002,13095125.0,2025-09-28 08:59:59.999,13099174.65780000,238,11587721.00000000,11591465.83450000,0
2025-09-28 09:00:00,1.0003,1.0004,1.0002,1.0004,10218822.0,2025-09-28 09:59:59.999,10222212.36700000,188,9639896.00000000,9643147.44430000,0
2025-09-28 10:00:00,1.0004,1.0005,1.0003,1.0004,20928459.0,2025-09-28 10:59:59.999,20937147.58780000,236,13435399.00000000,13441105.54210000,0
2025-09-28 11:00:00,1.0004,1.0005,1.0003,1.0004,10794825.0,2025-09-28 11:59:59.999,10799655.83920000,186,8677483.00000000,8681469.78690000,0
2025-09-28 12:00:00,1.0005,1.0006,1.0004,1.0006,12314211.0,2025-09-28 12:59:59.999,12320686.57040000,267,5781755.00000000,5784964.51690000,0
2025-09-28 13:00:00,1.0005,1.0007,1.0004,1.0006,30267220.0,2025-09-28 13:59:59.999,30283836.00630000,473,15606361.00000000,15615512.72770000,0
2025-09-28 14:00:00,1.0005,1.0006,1.0004,1.0006,25061967.0,2025-09-28 14:59:59.999,25074672.87820000,297,9198911.00000000,9203692.20460000,0
2025-09-28 15:00:00,1.0006,1.0006,1.0004,1.0004,11238991.0,2025-09-28 15:59:59.999,11244960.77700000,256,3623952.00000000,3626116.33340000,0
2025-09-28 16:00:00,1.0005,1.0006,1.0004,1.0006,10681765.0,2025-09-28 16:59:59.999,10687475.50370000,243,5273288.00000000,5276322.97910000,0
2025-09-28 17:00:00,1.0006,1.0008,1.0005,1.0006,18790158.0,2025-09-28 17:59:59.999,18802007.98820000,349,11886450.00000000,11894504.27360000,0
2025-09-28 18:00:00,1.0007,1.0008,1.0006,1.0007,3985071.0,2025-09-28 18:59:59.999,3987906.53540000,183,2195447.00000000,2197112.23630000,0
2025-09-28 19:00:00,1.0007,1.0008,1.0006,1.0007,3294991.0,2025-09-28 19:59:59.999,3297193.38050000,81,1781739.00000000,1782999.96960000,0
2025-09-28 20:00:00,1.0008,1.0008,1.0006,1.0007,6557163.0,2025-09-28 20:59:59.999,6561728.63880000,99,2543665.00000000,2545446.20500000,0
2025-09-28 21:00:00,1.0007,1.0008,1.0006,1.0007,4776069.0,2025-09-28 21:59:59.999,4779435.60170000,116,891697.00000000,892344.61780000,0
2025-09-28 22:00:00,1.0007,1.0009,1.0007,1.0009,3838191.0,2025-09-28 22:59:59.999,3841095.80020000,111,2192547.00000000,2194274.27900000,0
2025-09-28 23:00:00,1.0009,1.0009,1.0007,1.0007,9621688.0,2025-09-28 23:59:59.999,9629339.45960000,266,5617844.00000000,5622439.73990000,0
2025-09-29 00:00:00,1.0007,1.0008,1.0006,1.0007,9209963.0,2025-09-29 00:59:59.999,9216311.20720000,567,6298561.00000000,6302970.85440000,0
2025-09-29 01:00:00,1.0006,1.0007,1.0005,1.0007,9298450.0,2025-09-29 01:59:59.999,9303907.57610000,547,3120885.00000000,3122782.62320000,0
2025-09-29 02:00:00,1.0006,1.0008,1.0006,1.0006,10486595.0,2025-09-29 02:59:59.999,10494093.99380000,384,8110919.00000000,8116775.26660000,0
2025-09-29 03:00:00,1.0007,1.0007,1.0005,1.0007,11189714.0,2025-09-29 03:59:59.999,11196609.25190000,453,4649548.00000000,4652525.71370000,0
2025-09-29 04:00:00,1.0007,1.0007,1.0005,1.0006,19774821.0,2025-09-29 04:59:59.999,19787056.27620000,510,7944274.00000000,7949577.07410000,0
2025-09-29 05:00:00,1.0006,1.0008,1.0006,1.0006,6440736.0,2025-09-29 05:59:59.999,6445214.10690000,793,4607191.00000000,4610429.44490000,0
2025-09-29 06:00:00,1.0006,1.0008,1.0006,1.0008,11928754.0,2025-09-29 06:59:59.999,11937268.48570000,687,8569233.00000000,8575718.74450000,0
2025-09-29 07:00:00,1.0008,1.0009,1.0007,1.0008,58195089.0,2025-09-29 07:59:59.999,58243054.69730000,674,37755148.00000000,37787422.02880000,0
2025-09-29 08:00:00,1.0009,1.0009,1.0007,1.0007,48396557.0,2025-09-29 08:59:59.999,48435299.35560000,536,25661589.00000000,25683373.37040000,0
2025-09-29 09:00:00,1.0008,1.0009,1.0007,1.0008,39700132.0,2025-09-29 09:59:59.999,39730951.28950000,460,19618559.00000000,19634750.60050000,0
2025-09-29 10:00:00,1.0008,1.0018,1.0007,1.0007,52516834.0,2025-09-29 10:59:59.999,52572777.98680000,794,42329254.00000000,42376919.17880000,0
2025-09-29 11:00:00,1.0007,1.0008,1.0007,1.0007,20144309.0,2025-09-29 11:59:59.999,20158992.78070000,331,5898675.00000000,5903386.83690000,0
2025-09-29 12:00:00,1.0006,1.0008,1.0006,1.0007,6598473.0,2025-09-29 12:59:59.999,6602965.90230000,222,5295238.00000000,5298944.70070000,0
2025-09-29 13:00:00,1.0007,1.0009,1.0006,1.0008,62232780.0,2025-09-29 13:59:59.999,62280389.20730000,715,38095667.00000000,38127111.90070000,0
2025-09-29 14:00:00,1.0008,1.0009,1.0006,1.0007,20944891.0,2025-09-29 14:59:59.999,20960277.84890000,623,9563136.00000000,9570580.93630000,0
2025-09-29 15:00:00,1.0007,1.0009,1.0006,1.0009,18724974.0,2025-09-29 15:59:59.999,18738753.50300000,382,11075583.00000000,11083989.90300000,0
2025-09-29 16:00:00,1.0008,1.0009,1.0006,1.0006,19517608.0,2025-09-29 16:59:59.999,19531992.99710000,393,7311834.00000000,7317553.13410000,0
2025-09-29 17:00:00,1.0007,1.0008,1.0006,1.0007,8349617.0,2025-09-29 17:59:59.999,8355593.51430000,221,5894275.00000000,5898560.46060000,0
2025-09-29 18:00:00,1.0008,1.001,1.0007,1.0008,15736513.0,2025-09-29 18:59:59.999,15749685.10010000,470,12244023.00000000,12254225.39390000,0
2025-09-29 19:00:00,1.0008,1.0009,1.0007,1.0008,7449278.0,2025-09-29 19:59:59.999,7455146.19850000,103,5912614.00000000,5917345.04900000,0
2025-09-29 20:00:00,1.0008,1.0009,1.0007,1.0009,7492035.0,2025-09-29 20:59:59.999,7498200.20040000,166,6903908.00000000,6909645.39690000,0
2025-09-29 21:00:00,1.0008,1.0009,1.0007,1.0008,2220508.0,2025-09-29 21:59:59.999,2222113.08300000,169,401312.00000000,401642.15100000,0
2025-09-29 22:00:00,1.0007,1.0009,1.0007,1.0007,4845764.0,2025-09-29 22:59:59.999,4849581.78820000,150,2846198.00000000,2848494.31320000,0
2025-09-29 23:00:00,1.0007,1.0009,1.0007,1.0007,6135627.0,2025-09-29 23:59:59.999,6140295.58840000,293,2639736.00000000,2641872.36520000,0
2025-09-30 00:00:00,1.0008,1.001,1.0007,1.0008,14756994.0,2025-09-30 00:59:59.999,14769065.05480000,262,6976880.00000000,6983053.72310000,0
2025-09-30 01:00:00,1.0009,1.0009,1.0007,1.0008,10822529.0,2025-09-30 01:59:59.999,10831200.08110000,303,3211177.00000000,3213891.49860000,0
2025-09-30 02:00:00,1.0008,1.0008,1.0007,1.0008,5166559.0,2025-09-30 02:59:59.999,5170670.09510000,157,4945038.00000000,4948994.03040000,0
2025-09-30 03:00:00,1.0008,1.0008,1.0007,1.0007,9287352.0,2025-09-30 03:59:59.999,9294693.38130000,188,8402349.00000000,8409070.87920000,0
2025-09-30 04:00:00,1.0007,1.0008,1.0007,1.0008,18545893.0,2025-09-30 04:59:59.999,18560675.26080000,223,17968178.00000000,17982552.54240000,0
2025-09-30 05:00:00,1.0009,1.0009,1.0007,1.0008,24171121.0,2025-09-30 05:59:59.999,24190133.85760000,299,5222834.00000000,5227094.48440000,0
2025-09-30 06:00:00,1.0008,1.0009,1.0007,1.0009,29065214.0,2025-09-30 06:59:59.999,29087420.59940000,329,5158655.00000000,5162792.18270000,0
2025-09-30 07:00:00,1.0008,1.0009,1.0007,1.0007,9893675.0,2025-09-30 07:59:59.999,9901542.34920000,205,2115596.00000000,2117373.94670000,0
2025-09-30 08:00:00,1.0008,1.0009,1.0007,1.0007,22573605.0,2025-09-30 08:59:59.999,22590842.51150000,320,5974160.00000000,5979052.06420000,0
2025-09-30 09:00:00,1.0008,1.0009,1.0007,1.0008,18379482.0,2025-09-30 09:59:59.999,18393596.83040000,376,11496866.00000000,11506011.24360000,0
2025-09-30 10:00:00,1.0009,1.0009,1.0007,1.0007,25252227.0,2025-09-30 10:59:59.999,25272065.59200000,341,4724078.00000000,4728152.78720000,0
2025-09-30 11:00:00,1.0008,1.0008,1.0007,1.0007,11475743.0,2025-09-30 11:59:59.999,11483993.97010000,303,2179500.00000000,2181243.60000000,0
2025-09-30 12:00:00,1.0008,1.0008,1.0006,1.0007,15266384.0,2025-09-30 12:59:59.999,15277213.41180000,325,4123128.00000000,4126200.69320000,0
2025-09-30 13:00:00,1.0008,1.0008,1.0007,1.0007,9409774.0,2025-09-30 13:59:59.999,9416951.99210000,205,5911503.00000000,5916232.20240000,0
2025-09-30 14:00:00,1.0007,1.0008,1.0006,1.0007,22273694.0,2025-09-30 14:59:59.999,22289410.67580000,327,2103657.00000000,2105338.93560000,0
2025-09-30 15:00:00,1.0008,1.0008,1.0007,1.0007,24419892.0,2025-09-30 15:59:59.999,24438234.61560000,334,12486912.00000000,12496901.52960000,0
2025-09-30 16:00:00,1.0007,1.0009,1.0006,1.0008,30426270.0,2025-09-30 16:59:59.999,30448250.53040000,567,13021468.00000000,13031893.49760000,0
2025-09-30 17:00:00,1.0009,1.0009,1.0007,1.0009,9754996.0,2025-09-30 17:59:59.999,9762845.63990000,175,3174442.00000000,3177166.06350000,0
2025-09-30 18:00:00,1.0009,1.0009,1.0006,1.0008,20294797.0,2025-09-30 18:59:59.999,20309253.29310000,291,2478777.00000000,2480701.87790000,0
2025-09-30 19:00:00,1.0007,1.0008,1.0006,1.0007,14452734.0,2025-09-30 19:59:59.999,14462823.60400000,225,1170339.00000000,1171248.88750000,0
2025-09-30 20:00:00,1.0008,1.0008,1.0007,1.0008,1319147.0,2025-09-30 20:59:59.999,1320077.66430000,57,72614.00000000,72672.09120000,0
2025-09-30 21:00:00,1.0007,1.0008,1.0007,1.0008,3774109.0,2025-09-30 21:59:59.999,3776939.39650000,114,1885202.00000000,1886710.16160000,0
2025-09-30 22:00:00,1.0007,1.0009,1.0007,1.0007,8924608.0,2025-09-30 22:59:59.999,8931550.48270000,152,4332038.00000000,4335504.62950000,0
2025-09-30 23:00:00,1.0007,1.0008,1.0007,1.0008,7646990.0,2025-09-30 23:59:59.999,7652729.69710000,174,3868041.00000000,3871135.43280000,0
2025-10-01 00:00:00,1.0008,1.0008,1.0007,1.0007,2971892.0,2025-10-01 00:59:59.999,2974200.53680000,111,2282124.00000000,2283949.69920000,0
2025-10-01 01:00:00,1.0007,1.0008,1.0007,1.0007,1281197.0,2025-10-01 01:59:59.999,1282214.18850000,116,1203506.00000000,1204468.80480000,0
2025-10-01 02:00:00,1.0007,1.0008,1.0007,1.0008,7695523.0,2025-10-01 02:59:59.999,7701616.11730000,232,7062512.00000000,7068162.00960000,0
2025-10-01 03:00:00,1.0008,1.0008,1.0007,1.0008,4167184.0,2025-10-01 03:59:59.999,4170396.05760000,261,2950288.00000000,2952648.23040000,0
2025-10-01 04:00:00,1.0007,1.0009,1.0007,1.0009,11954982.0,2025-10-01 04:59:59.999,11964582.56040000,259,7792967.00000000,7799284.71290000,0
2025-10-01 05:00:00,1.0008,1.0009,1.0007,1.0008,13472649.0,2025-10-01 05:59:59.999,13483441.45490000,238,11655774.00000000,11665125.04530000,0
2025-10-01 06:00:00,1.0008,1.0008,1.0007,1.0008,8128918.0,2025-10-01 06:59:59.999,8135013.93280000,197,4056902.00000000,4060147.52160000,0
2025-10-01 07:00:00,1.0007,1.0008,1.0007,1.0008,9984829.0,2025-10-01 07:59:59.999,9992554.56850000,197,7361882.00000000,7367771.50560000,0
2025-10-01 08:00:00,1.0008,1.0009,1.0007,1.0008,31957626.0,2025-10-01 08:59:59.999,31981210.14280000,574,8985957.00000000,8993301.44200000,0
2025-10-01 09:00:00,1.0008,1.0009,1.0006,1.0008,23139949.0,2025-10-01 09:59:59.999,23157070.51860000,513,10100634.00000000,10108540.20740000,0
2025-10-01 10:00:00,1.0008,1.0008,1.0006,1.0008,7710033.0,2025-10-01 10:59:59.999,7715595.24990000,464,2364409.00000000,2366255.67780000,0
2025-10-01 11:00:00,1.0007,1.0008,1.0007,1.0008,12103549.0,2025-10-01 11:59:59.999,12112163.94370000,310,1424594.00000000,1425733.67520000,0
2025-10-01 12:00:00,1.0008,1.0008,1.0006,1.0007,8326583.0,2025-10-01 12:59:59.999,8332600.99600000,335,2215649.00000000,2217389.39440000,0
2025-10-01 13:00:00,1.0008,1.0008,1.0007,1.0008,18754194.0,2025-10-01 13:59:59.999,18767792.81580000,366,4708800.00000000,4712567.04000000,0
2025-10-01 14:00:00,1.0008,1.0008,1.0007,1.0008,14360341.0,2025-10-01 14:59:59.999,14370823.84600000,417,4306073.00000000,4309517.85840000,0
2025-10-01 15:00:00,1.0008,1.0008,1.0006,1.0008,13966902.0,2025-10-01 15:59:59.999,13976671.79940000,520,4594857.00000000,4598403.09130000,0
2025-10-01 16:00:00,1.0008,1.0008,1.0007,1.0008,11233255.0,2025-10-01 16:59:59.999,11241666.28430000,339,5480058.00000000,5484442.04640000,0
2025-10-01 17:00:00,1.0008,1.0008,1.0006,1.0006,9456237.0,2025-10-01 17:59:59.999,9462583.00870000,376,2308055.00000000,2309761.46300000,0
2025-10-01 18:00:00,1.0006,1.0008,1.0006,1.0008,7337766.0,2025-10-01 18:59:59.999,7342770.22840000,436,5628159.00000000,5632137.44040000,0
2025-10-01 19:00:00,1.0008,1.0008,1.0006,1.0007,6289204.0,2025-10-01 19:59:59.999,6293532.42770000,384,1845265.00000000,1846644.25010000,0
2025-10-01 20:00:00,1.0007,1.0008,1.0006,1.0007,3455074.0,2025-10-01 20:59:59.999,3457490.82600000,354,2950629.00000000,2952697.10650000,0
2025-10-01 21:00:00,1.0007,1.0008,1.0007,1.0008,688663.0,2025-10-01 21:59:59.999,689205.83550000,160,612386.00000000,612875.44160000,0
2025-10-01 22:00:00,1.0007,1.0008,1.0006,1.0007,2822402.0,2025-10-01 22:59:59.999,2824454.46220000,282,1528223.00000000,1529370.05560000,0
2025-10-01 23:00:00,1.0007,1.0008,1.0006,1.0008,5089967.0,2025-10-01 23:59:59.999,5093632.57160000,246,3684223.00000000,3686911.64200000,0
2025-10-02 00:00:00,1.0008,1.0008,1.0006,1.0008,5714658.0,2025-10-02 00:59:59.999,5718651.42400000,357,2230493.00000000,2232135.91240000,0
2025-10-02 01:00:00,1.0008,1.0008,1.0007,1.0007,2960753.0,2025-10-02 01:59:59.999,2963010.13810000,150,1846110.00000000,1847586.88800000,0
2025-10-02 02:00:00,1.0008,1.0008,1.0006,1.0008,8438403.0,2025-10-02 02:59:59.999,8444489.58360000,332,4895651.00000000,4899335.99000000,0
2025-10-02 03:00:00,1.0008,1.0008,1.0007,1.0008,8523284.0,2025-10-02 03:59:59.999,8529845.95040000,177,5956516.00000000,5961281.21280000,0
2025-10-02 04:00:00,1.0007,1.0008,1.0007,1.0008,4737878.0,2025-10-02 04:59:59.999,4741372.45410000,164,1779395.00000000,1780818.51600000,0
2025-10-02 05:00:00,1.0008,1.0008,1.0007,1.0008,4799626.0,2025-10-02 05:59:59.999,4803438.49470000,144,4527565.00000000,4531187.05200000,0
2025-10-02 06:00:00,1.0008,1.0008,1.0007,1.0008,7116388.0,2025-10-02 06:59:59.999,7121486.89400000,206,1174224.00000000,1175163.37920000,0
2025-10-02 07:00:00,1.0007,1.0008,1.0006,1.0008,9325260.0,2025-10-02 07:59:59.999,9332042.01300000,290,4051868.00000000,4054959.32970000,0
2025-10-02 08:00:00,1.0008,1.0008,1.0006,1.0007,14719927.0,2025-10-02 08:59:59.999,14730620.85460000,391,5297500.00000000,5301598.18250000,0
2025-10-02 09:00:00,1.0008,1.0008,1.0006,1.0007,14643755.0,2025-10-02 09:59:59.999,14654587.83650000,327,6872356.00000000,6877788.50470000,0
2025-10-02 10:00:00,1.0007,1.0008,1.0007,1.0008,9905403.0,2025-10-02 10:59:59.999,9912839.05940000,217,5022773.00000000,5026791.21840000,0
2025-10-02 11:00:00,1.0007,1.0008,1.0006,1.0006,17272499.0,2025-10-02 11:59:59.999,17284551.20230000,306,4302917.00000000,4305982.44900000,0
2025-10-02 12:00:00,1.0007,1.0008,1.0006,1.0007,5201232.0,2025-10-02 12:59:59.999,5204874.38360000,258,2717938.00000000,2719922.36020000,0
2025-10-02 13:00:00,1.0007,1.0008,1.0006,1.0006,22598890.0,2025-10-02 13:59:59.999,22615520.70540000,529,9219392.00000000,9226717.17020000,0
2025-10-02 14:00:00,1.0007,1.0007,1.0005,1.0006,31006998.0,2025-10-02 14:59:59.999,31027224.44260000,513,16471905.00000000,16483426.66730000,0
2025-10-02 15:00:00,1.0006,1.0006,1.0004,1.0006,20194690.0,2025-10-02 15:59:59.999,20204875.31350000,465,12705164.00000000,12711910.31990000,0
2025-10-02 16:00:00,1.0006,1.0007,1.0005,1.0007,20562530.0,2025-10-02 16:59:59.999,20574982.01810000,409,13018809.00000000,13026737.02720000,0
2025-10-02 17:00:00,1.0006,1.0007,1.0005,1.0005,12448811.0,2025-10-02 17:59:59.999,12456516.41630000,349,3160953.00000000,3163065.59560000,0
2025-10-02 18:00:00,1.0006,1.0007,1.0005,1.0006,12500023.0,2025-10-02 18:59:59.999,12507500.21420000,136,1073398.00000000,1074069.49140000,0
2025-10-02 19:00:00,1.0006,1.0006,1.0004,1.0006,11828236.0,2025-10-02 19:59:59.999,11834079.93060000,309,3013621.00000000,3015143.95480000,0
2025-10-02 20:00:00,1.0005,1.0006,1.0003,1.0004,6383117.0,2025-10-02 20:59:59.999,6385517.94460000,209,968552.00000000,968946.36370000,0
2025-10-02 21:00:00,1.0004,1.0005,1.0003,1.0003,4675290.0,2025-10-02 21:59:59.999,4677094.88370000,128,2960152.00000000,2961336.87790000,0
2025-10-02 22:00:00,1.0003,1.0006,1.0003,1.0004,4406201.0,2025-10-02 22:59:59.999,4408125.39590000,202,1946650.00000000,1947557.11600000,0
2025-10-02 23:00:00,1.0005,1.0006,1.0004,1.0006,7084698.0,2025-10-02 23:59:59.999,7088325.84920000,237,3677240.00000000,3679165.41180000,0
2025-10-03 00:00:00,1.0006,1.0006,1.0001,1.0001,21581022.0,2025-10-03 00:59:59.999,21588622.55060000,523,4412698.00000000,4414648.62870000,0
2025-10-03 01:00:00,1.0002,1.0003,0.9993,1.0002,39173813.0,2025-10-03 01:59:59.999,39170247.55460000,1304,13376667.00000000,13375718.27740000,0
2025-10-03 02:00:00,1.0002,1.0003,0.9999,1.0002,24904379.0,2025-10-03 02:59:59.999,24906926.76510000,650,15549141.00000000,15551233.28170000,0
2025-10-03 03:00:00,1.0002,1.0003,1.0002,1.0003,19351794.0,2025-10-03 03:59:59.999,19356151.71930000,401,5541314.00000000,5542909.62330000,0
2025-10-03 04:00:00,1.0003,1.0003,1.0002,1.0002,18850152.0,2025-10-03 04:59:59.999,18854605.70640000,268,6836760.00000000,6838811.02800000,0
2025-10-03 05:00:00,1.0003,1.0003,1.0002,1.0003,2080736.0,2025-10-03 05:59:59.999,2081264.00670000,165,1118595.00000000,1118930.57850000,0
2025-10-03 06:00:00,1.0003,1.0004,1.0002,1.0002,10168429.0,2025-10-03 06:59:59.999,10170913.85990000,225,3762849.00000000,3763977.97740000,0
2025-10-03 07:00:00,1.0002,1.0003,1.0002,1.0003,15456403.0,2025-10-03 07:59:59.999,15460701.37290000,247,12070923.00000000,12074544.27690000,0
2025-10-03 08:00:00,1.0003,1.0003,1.0002,1.0003,11647362.0,2025-10-03 08:59:59.999,11650619.14100000,394,9276686.00000000,9279469.00580000,0
2025-10-03 09:00:00,1.0003,1.0004,1.0002,1.0002,16763489.0,2025-10-03 09:59:59.999,16768478.46500000,320,11992576.00000000,11996519.07710000,0
2025-10-03 10:00:00,1.0003,1.0003,1.0001,1.0001,13852223.0,2025-10-03 10:59:59.999,13855358.25710000,318,4046929.00000000,4048107.02590000,0
2025-10-03 11:00:00,1.0001,1.0002,0.9999,1.0,13775278.0,2025-10-03 11:59:59.999,13775374.71850000,282,5331001.00000000,5331258.67600000,0
2025-10-03 12:00:00,1.0001,1.0001,0.9999,1.0,13052243.0,2025-10-03 12:59:59.999,13052147.87240000,412,7494723.00000000,7494798.14710000,0
2025-10-03 13:00:00,1.0,1.0,0.9999,1.0,2728854.0,2025-10-03 13:59:59.999,2728739.26610000,305,1581515.00000000,1581515.00000000,0
2025-10-03 14:00:00,1.0,1.0001,0.9999,1.0001,10373901.0,2025-10-03 14:59:59.999,10373828.13660000,464,7277961.00000000,7278142.05720000,0
2025-10-03 15:00:00,1.0001,1.0002,1.0,1.0001,20761825.0,2025-10-03 15:59:59.999,20762840.47250000,714,9140150.00000000,9141126.60750000,0
2025-10-03 16:00:00,1.0001,1.0001,0.9999,1.0,10534289.0,2025-10-03 16:59:59.999,10534351.26120000,403,1867682.00000000,1867856.34800000,0
2025-10-03 17:00:00,0.9999,1.0001,0.9998,0.9998,11245680.0,2025-10-03 17:59:59.999,11244825.10370000,620,5595587.00000000,5595193.09190000,0
2025-10-03 18:00:00,0.9999,0.9999,0.9996,0.9996,12484679.0,2025-10-03 18:59:59.999,12481085.11900000,318,5758016.00000000,5756452.27960000,0
2025-10-03 19:00:00,0.9996,0.9998,0.9995,0.9998,3809772.0,2025-10-03 19:59:59.999,3808370.30030000,256,1536856.00000000,1536363.65790000,0
2025-10-03 20:00:00,0.9997,0.9998,0.9996,0.9997,1073057.0,2025-10-03 20:59:59.999,1072651.93820000,163,216277.00000000,216212.15650000,0
2025-10-03 21:00:00,0.9996,0.9998,0.9996,0.9998,911167.0,2025-10-03 21:59:59.999,910889.75980000,139,848462.00000000,848208.08860000,0
2025-10-03 22:00:00,0.9997,0.9998,0.9997,0.9997,1752514.0,2025-10-03 22:59:59.999,1752059.28350000,137,710377.00000000,710234.92460000,0
2025-10-03 23:00:00,0.9998,0.9998,0.9996,0.9997,10032602.0,2025-10-03 23:59:59.999,10029982.68830000,231,5088908.00000000,5087775.65850000,0
2025-10-04 00:00:00,0.9998,0.9998,0.9994,0.9996,10816023.0,2025-10-04 00:59:59.999,10811526.29950000,597,1905762.00000000,1905074.44590000,0
2025-10-04 01:00:00,0.9996,0.9997,0.9994,0.9996,10770189.0,2025-10-04 01:59:59.999,10765100.76590000,407,3372023.00000000,3370694.32320000,0
2025-10-04 02:00:00,0.9996,1.0,0.9995,0.9996,13571304.0,2025-10-04 02:59:59.999,13566608.52580000,403,7620667.00000000,7618219.16910000,0
2025-10-04 03:00:00,0.9997,0.9999,0.9996,0.9997,12376429.0,2025-10-04 03:59:59.999,12373626.21970000,318,6561215.00000000,6559752.75660000,0
2025-10-04 04:00:00,0.9998,0.9999,0.9997,0.9998,4021078.0,2025-10-04 04:59:59.999,4020210.25720000,227,2386162.00000000,2385685.91720000,0
2025-10-04 05:00:00,0.9998,1.0002,0.9998,0.9999,33575876.0,2025-10-04 05:59:59.999,33576298.43730000,975,18482696.00000000,18483212.70460000,0
2025-10-04 06:00:00,1.0,1.0,0.9998,0.9999,6869800.0,2025-10-04 06:59:59.999,6869332.68340000,351,2979453.00000000,2979374.89200000,0
2025-10-04 07:00:00,1.0,1.0001,0.9998,1.0,6915505.0,2025-10-04 07:59:59.999,6915402.59020000,319,4360056.00000000,4360061.01870000,0
2025-10-04 08:00:00,1.0,1.0002,1.0,1.0,2035927.0,2025-10-04 08:59:59.999,2036092.02900000,326,1556017.00000000,1556153.69470000,0
2025-10-04 09:00:00,1.0,1.0001,1.0,1.0,2418777.0,2025-10-04 09:59:59.999,2418927.61000000,207,1506100.00000000,1506250.61000000,0
2025-10-04 10:00:00,1.0,1.0002,1.0,1.0001,4390117.0,2025-10-04 10:59:59.999,4390795.78260000,236,3631164.00000000,3631775.43860000,0
2025-10-04 11:00:00,1.0002,1.0003,1.0001,1.0001,4937570.0,2025-10-04 11:59:59.999,4938493.50250000,333,3923761.00000000,3924580.45720000,0
2025-10-04 12:00:00,1.0002,1.0002,0.9999,1.0001,9053679.0,2025-10-04 12:59:59.999,9054016.47040000,337,3152714.00000000,3152993.39970000,0
2025-10-04 13:00:00,1.0001,1.0002,1.0,1.0002,8371477.0,2025-10-04 13:59:59.999,8371919.24710000,401,4050675.00000000,4051103.95740000,0
2025-10-04 14:00:00,1.0002,1.0002,1.0001,1.0001,2280861.0,2025-10-04 14:59:59.999,2281310.28230000,243,1316336.00000000,1316599.26720000,0
2025-10-04 15:00:00,1.0002,1.0003,1.0001,1.0003,3338751.0,2025-10-04 15:59:59.999,3339425.99470000,287,2047377.00000000,2047878.52230000,0
2025-10-04 16:00:00,1.0003,1.0003,1.0001,1.0002,4314763.0,2025-10-04 16:59:59.999,4315605.80300000,187,715285.00000000,715430.84660000,0
2025-10-04 17:00:00,1.0002,1.0003,1.0001,1.0002,4154491.0,2025-10-04 17:59:59.999,4155381.25010000,211,3457593.00000000,3458357.57450000,0
2025-10-04 18:00:00,1.0002,1.0003,1.0001,1.0002,479183.0,2025-10-04 18:59:59.999,479280.78360000,121,246766.00000000,246820.50920000,0
2025-10-04 19:00:00,1.0002,1.0003,1.0002,1.0003,1032649.0,2025-10-04 19:59:59.999,1032857.62200000,72,20922.00000000,20928.27660000,0
2025-10-04 20:00:00,1.0003,1.0003,1.0002,1.0002,7052549.0,2025-10-04 20:59:59.999,7054624.67820000,104,6643130.00000000,6645122.93900000,0
2025-10-04 21:00:00,1.0002,1.0004,1.0002,1.0002,404360.0,2025-10-04 21:59:59.999,404481.93990000,117,141121.00000000,141164.33980000,0
2025-10-04 22:00:00,1.0002,1.0003,1.0002,1.0002,359731.0,2025-10-04 22:59:59.999,359832.46570000,128,295195.00000000,295283.55850000,0
2025-10-04 23:00:00,1.0002,1.0004,1.0002,1.0003,6270426.0,2025-10-04 23:59:59.999,6272223.41110000,129,4669801.00000000,4671202.06680000,0
2025-10-05 00:00:00,1.0003,1.0003,1.0002,1.0002,672827.0,2025-10-05 00:59:59.999,672988.91370000,90,273483.00000000,273565.04490000,0
2025-10-05 01:00:00,1.0002,1.0004,1.0002,1.0003,5764622.0,2025-10-05 01:59:59.999,5766051.89010000,239,2317646.00000000,2318341.32070000,0
2025-10-05 02:00:00,1.0002,1.0003,1.0001,1.0003,3068243.0,2025-10-05 02:59:59.999,3068993.76220000,499,2255243.00000000,2255845.10050000,0
2025-10-05 03:00:00,1.0002,1.0003,1.0002,1.0003,5289658.0,2025-10-05 03:59:59.999,5291097.96920000,562,4078477.00000000,4079674.73300000,0
2025-10-05 04:00:00,1.0003,1.0003,0.9999,1.0,19164870.0,2025-10-05 04:59:59.999,19166238.85790000,320,7493505.00000000,7494294.03610000,0
2025-10-05 05:00:00,1.0,1.0,0.9998,0.9999,8871846.0,2025-10-05 05:59:59.999,8871125.06280000,331,1798595.00000000,1798581.41780000,0
2025-10-05 06:00:00,0.9999,1.0,0.9996,0.9999,6665635.0,2025-10-05 06:59:59.999,6664582.82990000,271,2812105.00000000,2811729.62940000,0
2025-10-05 07:00:00,0.9999,1.0,0.9998,0.9999,7592021.0,2025-10-05 07:59:59.999,7590926.44050000,364,3113138.00000000,3112848.09300000,0
2025-10-05 08:00:00,0.9999,0.9999,0.9997,0.9998,28505261.0,2025-10-05 08:59:59.999,28498521.47930000,477,9482768.00000000,9480875.31940000,0
2025-10-05 09:00:00,0.9997,0.9999,0.9997,0.9999,7772533.0,2025-10-05 09:59:59.999,7770722.72410000,396,3865917.00000000,3865149.95240000,0
2025-10-05 10:00:00,0.9998,1.0,0.9998,0.9998,12271242.0,2025-10-05 10:59:59.999,12270063.31490000,408,7551691.00000000,7551042.51960000,0
2025-10-05 11:00:00,0.9999,0.9999,0.9996,0.9997,17929696.0,2025-10-05 11:59:59.999,17925219.35210000,401,4515731.00000000,4514909.79710000,0
2025-10-05 12:00:00,0.9998,0.9998,0.9995,0.9996,17053422.0,2025-10-05 12:59:59.999,17046710.97980000,390,3363861.00000000,3362585.81580000,0
2025-10-05 13:00:00,0.9996,0.9996,0.9995,0.9996,6422682.0,2025-10-05 13:59:59.999,6419886.77450000,450,4161155.00000000,4159490.53800000,0
2025-10-05 14:00:00,0.9996,0.9997,0.9995,0.9996,16501460.0,2025-10-05 14:59:59.999,16494471.74570000,507,8154232.00000000,8151098.98670000,0
2025-10-05 15:00:00,0.9997,0.9997,0.9994,0.9995,14001827.0,2025-10-05 15:59:59.999,13995354.90750000,466,2196762.00000000,2195856.74430000,0
2025-10-05 16:00:00,0.9996,0.9996,0.9994,0.9996,6970361.0,2025-10-05 16:59:59.999,6966921.62740000,407,574064.00000000,573822.82700000,0
2025-10-05 17:00:00,0.9996,0.9996,0.9994,0.9995,1460885.0,2025-10-05 17:59:59.999,1460129.67270000,359,498181.00000000,497965.36690000,0
2025-10-05 18:00:00,0.9995,0.9996,0.9994,0.9996,440880.0,2025-10-05 18:59:59.999,440673.17340000,314,394497.00000000,394315.99380000,0
2025-10-05 19:00:00,0.9996,0.9996,0.9995,0.9995,946586.0,2025-10-05 19:59:59.999,946187.76460000,229,750576.00000000,750275.76960000,0
2025-10-05 20:00:00,0.9995,0.9997,0.9995,0.9995,3006044.0,2025-10-05 20:59:59.999,3004833.79380000,216,2904149.00000000,2902988.80070000,0
2025-10-05 21:00:00,0.9995,0.9997,0.9995,0.9996,6563227.0,2025-10-05 21:59:59.999,6560500.77260000,260,3451190.00000000,3449983.51400000,0
2025-10-05 22:00:00,0.9996,0.9997,0.9995,0.9997,991160.0,2025-10-05 22:59:59.999,990818.59740000,157,615660.00000000,615475.30200000,0
2025-10-05 23:00:00,0.9997,0.9999,0.9995,0.9997,11947154.0,2025-10-05 23:59:59.999,11943714.39060000,585,8766241.00000000,8763944.74570000,0
2025-10-06 00:00:00,0.9996,0.9998,0.9992,0.9994,19112858.0,2025-10-06 00:59:59.999,19103091.21350000,1184,9261995.00000000,9257792.11720000,0
2025-10-06 01:00:00,0.9995,0.9995,0.9993,0.9995,4721952.0,2025-10-06 01:59:59.999,4719312.75760000,476,3045715.00000000,3044119.83690000,0
2025-10-06 02:00:00,0.9994,0.9998,0.9994,0.9996,16235546.0,2025-10-06 02:59:59.999,16229500.91910000,797,9768159.00000000,9764670.42560000,0
2025-10-06 03:00:00,0.9997,0.9999,0.9996,0.9998,17689415.0,2025-10-06 03:59:59.999,17684582.27360000,524,13649277.00000000,13645739.97950000,0
2025-10-06 04:00:00,0.9997,0.9999,0.9997,0.9999,5398356.0,2025-10-06 04:59:59.999,5397002.72150000,634,2421646.00000000,2421184.77000000,0
2025-10-06 05:00:00,0.9998,0.9999,0.9998,0.9999,6592945.0,2025-10-06 05:59:59.999,6592034.49790000,419,4080869.00000000,4080460.91310000,0
2025-10-06 06:00:00,0.9998,1.0001,0.9998,1.0,23834991.0,2025-10-06 06:59:59.999,23833832.20020000,626,17978824.00000000,17978513.85900000,0
2025-10-06 07:00:00,0.9999,1.0,0.9998,0.9998,5727788.0,2025-10-06 07:59:59.999,5727126.28310000,438,391362.00000000,391331.71870000,0
2025-10-06 08:00:00,0.9998,0.9999,0.9998,0.9998,5218241.0,2025-10-06 08:59:59.999,5217473.98530000,425,2766335.00000000,2766058.36650000,0
2025-10-06 09:00:00,0.9998,1.0,0.9998,0.9998,4240564.0,2025-10-06 09:59:59.999,4239935.29750000,364,1675527.00000000,1675365.05280000,0
2025-10-06 10:00:00,0.9998,1.0,0.9997,0.9998,5822055.0,2025-10-06 10:59:59.999,5821149.49710000,520,1943049.00000000,1942856.18560000,0
2025-10-06 11:00:00,0.9999,0.9999,0.9997,0.9997,2602010.0,2025-10-06 11:59:59.999,2601426.21470000,320,231232.00000000,231197.17180000,0
2025-10-06 12:00:00,0.9998,1.0,0.9997,0.9999,15320086.0,2025-10-06 12:59:59.999,15319077.92290000,558,9476787.00000000,9476364.94750000,0
2025-10-06 13:00:00,1.0,1.0002,0.9999,1.0,24136652.0,2025-10-06 13:59:59.999,24136330.16720000,743,12776050.00000000,12776475.28370000,0
2025-10-06 14:00:00,1.0,1.0002,0.9999,0.9999,16964732.0,2025-10-06 14:59:59.999,16964804.95680000,645,11843436.00000000,11843783.33310000,0
2025-10-06 15:00:00,1.0,1.0,0.9999,1.0,7794501.0,2025-10-06 15:59:59.999,7794262.87900000,552,5413291.00000000,5413291.00000000,0
2025-10-06 16:00:00,1.0,1.0,0.9999,1.0,9360325.0,2025-10-06 16:59:59.999,9359604.56720000,530,2155997.00000000,2155997.00000000,0
2025-10-06 17:00:00,0.9999,1.0,0.9996,0.9997,6992266.0,2025-10-06 17:59:59.999,6990746.76440000,524,1688027.00000000,1687633.63590000,0
2025-10-06 18:00:00,0.9997,0.9998,0.9997,0.9997,1370762.0,2025-10-06 18:59:59.999,1370435.82790000,204,850565.00000000,850394.88700000,0
2025-10-06 19:00:00,0.9997,0.9998,0.9997,0.9998,5201747.0,2025-10-06 19:59:59.999,5200267.60080000,151,1090334.00000000,1090088.02470000,0
2025-10-06 20:00:00,0.9997,0.9998,0.9996,0.9997,13889774.0,2025-10-06 20:59:59.999,13886531.20540000,182,11625674.00000000,11623219.18310000,0
2025-10-06 21:00:00,0.9996,0.9999,0.9995,0.9998,3427333.0,2025-10-06 21:59:59.999,3426194.16820000,202,1411264.00000000,1410875.30060000,0
2025-10-06 22:00:00,0.9998,0.9999,0.9997,0.9998,493083.0,2025-10-06 22:59:59.999,492982.00750000,224,300733.00000000,300676.47590000,0
2025-10-06 23:00:00,0.9998,0.9999,0.9997,0.9997,1579722.0,2025-10-06 23:59:59.999,1579380.15930000,287,1219181.00000000,1218937.22390000,0
2025-10-07 00:00:00,0.9997,0.9998,0.9996,0.9998,6297186.0,2025-10-07 00:59:59.999,6295439.53500000,334,2340642.00000000,2340083.28410000,0
2025-10-07 01:00:00,0.9997,0.9998,0.9996,0.9996,2757173.0,2025-10-07 01:59:59.999,2756402.13490000,250,657574.00000000,657436.44340000,0
2025-10-07 02:00:00,0.9997,0.9998,0.9996,0.9998,4310050.0,2025-10-07 02:59:59.999,4308892.56850000,299,4028699.00000000,4027635.51590000,0
2025-10-07 03:00:00,0.9998,0.9998,0.9997,0.9997,3818066.0,2025-10-07 03:59:59.999,3817083.62390000,283,1630437.00000000,1630110.91260000,0
2025-10-07 04:00:00,0.9997,0.9998,0.9994,0.9997,27264606.0,2025-10-07 04:59:59.999,27252547.33380000,655,20099103.00000000,20089847.77500000,0
2025-10-07 05:00:00,0.9996,0.9999,0.9996,0.9996,7746681.0,2025-10-07 05:59:59.999,7744624.13930000,401,4262168.00000000,4261170.46380000,0
2025-10-07 06:00:00,0.9996,0.9998,0.9996,0.9996,3193523.0,2025-10-07 06:59:59.999,3192483.52740000,445,1161128.00000000,1160811.70490000,0
2025-10-07 07:00:00,0.9997,0.9998,0.9996,0.9996,3691460.0,2025-10-07 07:59:59.999,3690306.90040000,329,1889553.00000000,1889027.01360000,0
2025-10-07 08:00:00,0.9996,0.9998,0.9996,0.9997,6452408.0,2025-10-07 08:59:59.999,6450764.69240000,393,4187185.00000000,4186236.43820000,0
2025-10-07 09:00:00,0.9997,0.9998,0.9996,0.9997,4950737.0,2025-10-07 09:59:59.999,4949082.04470000,288,1151448.00000000,1151105.81970000,0
2025-10-07 10:00:00,0.9996,0.9997,0.9995,0.9996,4758063.0,2025-10-07 10:59:59.999,4755935.20630000,375,1787680.00000000,1786965.18900000,0
2025-10-07 11:00:00,0.9996,0.9996,0.9995,0.9996,3852256.0,2025-10-07 11:59:59.999,3850487.20040000,320,1542567.00000000,1541949.97320000,0
2025-10-07 12:00:00,0.9996,0.9996,0.9993,0.9996,8370021.0,2025-10-07 12:59:59.999,8365712.46290000,403,5224612.00000000,5222074.93670000,0
2025-10-07 13:00:00,0.9997,0.9997,0.9994,0.9996,21791721.0,2025-10-07 13:59:59.999,21782316.88830000,699,12245948.00000000,12240706.70680000,0
2025-10-07 14:00:00,0.9996,0.9998,0.9995,0.9995,6563683.0,2025-10-07 14:59:59.999,6561320.29860000,644,3987966.00000000,3986703.80220000,0
2025-10-07 15:00:00,0.9996,0.9997,0.9993,0.9995,9114297.0,2025-10-07 15:59:59.999,9110080.86360000,594,2915550.00000000,2914359.55660000,0
2025-10-07 16:00:00,0.9996,0.9996,0.9994,0.9995,4073600.0,2025-10-07 16:59:59.999,4071553.67580000,288,716050.00000000,715755.73090000,0
2025-10-07 17:00:00,0.9995,0.9997,0.9995,0.9995,3594451.0,2025-10-07 17:59:59.999,3592843.25770000,298,2194634.00000000,2193693.97420000,0
2025-10-07 18:00:00,0.9996,0.9997,0.9995,0.9996,2691002.0,2025-10-07 18:59:59.999,2689762.83720000,286,993616.00000000,993219.28520000,0
2025-10-07 19:00:00,0.9995,0.9997,0.9994,0.9994,7580920.0,2025-10-07 19:59:59.999,7577383.48790000,582,2342589.00000000,2341563.65150000,0
2025-10-07 20:00:00,0.9994,0.9998,0.9994,0.9997,6186023.0,2025-10-07 20:59:59.999,6183709.92390000,452,4097241.00000000,4095850.08670000,0
2025-10-07 21:00:00,0.9997,0.9998,0.9995,0.9996,4551272.0,2025-10-07 21:59:59.999,4549700.13050000,261,3494869.00000000,3493710.85070000,0
2025-10-07 22:00:00,0.9995,0.9997,0.9995,0.9995,2978919.0,2025-10-07 22:59:59.999,2977694.12120000,187,1166618.00000000,1166151.98020000,0
2025-10-07 23:00:00,0.9996,0.9999,0.9995,0.9997,12223004.0,2025-10-07 23:59:59.999,12218967.89170000,286,11771552.00000000,11767702.46420000,0
2025-10-08 00:00:00,0.9997,0.9998,0.9995,0.9996,6996608.0,2025-10-08 00:59:59.999,6994075.14840000,422,2334685.00000000,2333914.02310000,0
2025-10-08 01:00:00,0.9996,0.9997,0.9995,0.9996,2596698.0,2025-10-08 01:59:59.999,2595651.71750000,158,906825.00000000,906524.37820000,0
2025-10-08 02:00:00,0.9996,0.9998,0.9996,0.9997,4570408.0,2025-10-08 02:59:59.999,4569010.23530000,277,2859791.00000000,2858944.70720000,0
2025-10-08 03:00:00,0.9998,0.9998,0.9996,0.9998,3080646.0,2025-10-08 03:59:59.999,3079753.82710000,302,1369563.00000000,1369243.50630000,0
2025-10-08 04:00:00,0.9998,0.9999,0.9996,0.9998,4123426.0,2025-10-08 04:59:59.999,4122392.93250000,381,2697938.00000000,2697365.23040000,0
2025-10-08 05:00:00,0.9998,0.9998,0.9997,0.9997,5387123.0,2025-10-08 05:59:59.999,5385589.36040000,215,824973.00000000,824808.00540000,0
2025-10-08 06:00:00,0.9997,0.9998,0.9997,0.9998,3821137.0,2025-10-08 06:59:59.999,3820124.89790000,185,1342390.00000000,1342121.52200000,0
2025-10-08 07:00:00,0.9997,0.9998,0.9997,0.9997,2799704.0,2025-10-08 07:59:59.999,2799060.67830000,244,1965895.00000000,1965501.82100000,0
2025-10-08 08:00:00,0.9997,0.9999,0.9997,0.9999,5534515.0,2025-10-08 08:59:59.999,5533404.16590000,237,2533480.00000000,2533029.08490000,0
2025-10-08 09:00:00,0.9999,1.0,0.9998,0.9999,6433968.0,2025-10-08 09:59:59.999,6433458.13380000,284,4899515.00000000,4899201.09810000,0
2025-10-08 10:00:00,1.0,1.0,0.9998,0.9999,4971821.0,2025-10-08 10:59:59.999,4971238.90900000,346,3659773.00000000,3659423.02920000,0
2025-10-08 11:00:00,0.9999,1.0,0.9998,0.9998,4327722.0,2025-10-08 11:59:59.999,4327382.99500000,202,2873743.00000000,2873606.80730000,0
2025-10-08 12:00:00,0.9998,1.0,0.9998,1.0,4931816.0,2025-10-08 12:59:59.999,4931170.40880000,272,2658648.00000000,2658402.37250000,0
2025-10-08 13:00:00,0.9999,1.0,0.9998,1.0,9631446.0,2025-10-08 13:59:59.999,9630098.68450000,428,4968017.00000000,4967536.25270000,0
2025-10-08 14:00:00,1.0,1.0001,0.9999,0.9999,9609720.0,2025-10-08 14:59:59.999,9609349.16630000,524,4267288.00000000,4267352.14570000,0
2025-10-08 15:00:00,0.9999,1.0001,0.9998,1.0,16264606.0,2025-10-08 15:59:59.999,16265073.73100000,473,11296904.00000000,11297800.74470000,0
2025-10-08 16:00:00,1.0,1.0001,0.9999,1.0,2998525.0,2025-10-08 16:59:59.999,2998536.81720000,293,2270633.00000000,2270690.89850000,0
2025-10-08 17:00:00,1.0001,1.0002,1.0,1.0,2901017.0,2025-10-08 17:59:59.999,2901166.25020000,267,1476279.00000000,1476428.25020000,0
2025-10-08 18:00:00,1.0001,1.0002,1.0,1.0001,4372004.0,2025-10-08 18:59:59.999,4372438.65220000,347,3312208.00000000,3312611.12060000,0
2025-10-08 19:00:00,1.0002,1.0002,1.0,1.0001,3425775.0,2025-10-08 19:59:59.999,3426369.02100000,186,3210269.00000000,3210852.24930000,0
2025-10-08 20:00:00,1.0001,1.0001,1.0,1.0,2614968.0,2025-10-08 20:59:59.999,2614994.41850000,193,264185.00000000,264211.41850000,0
2025-10-08 21:00:00,1.0,1.0001,1.0,1.0,352671.0,2025-10-08 21:59:59.999,352695.03910000,111,240391.00000000,240415.03910000,0
2025-10-08 22:00:00,1.0,1.0001,1.0,1.0001,298872.0,2025-10-08 22:59:59.999,298898.53630000,123,265363.00000000,265389.53630000,0
2025-10-08 23:00:00,1.0,1.0002,1.0,1.0002,11819926.0,2025-10-08 23:59:59.999,11822108.20970000,212,10730144.00000000,10732251.91790000,0
2025-10-09 00:00:00,1.0001,1.0002,0.9999,1.0001,2751029.0,2025-10-09 00:59:59.999,2751072.15240000,211,1011536.00000000,1011552.87980000,0
2025-10-09 01:00:00,1.0,1.0002,1.0,1.0002,3936303.0,2025-10-09 01:59:59.999,3936596.77700000,402,2354893.00000000,2355163.27200000,0
2025-10-09 02:00:00,1.0002,1.0002,1.0,1.0,4504298.0,2025-10-09 02:59:59.999,4504833.88580000,404,2590577.00000000,2591008.67250000,0
2025-10-09 03:00:00,1.0001,1.0002,0.9999,1.0001,6131908.0,2025-10-09 03:59:59.999,6132472.88320000,413,4647812.00000000,4648373.45520000,0
2025-10-09 04:00:00,1.0,1.0003,1.0,1.0001,3240991.0,2025-10-09 04:59:59.999,3241636.32050000,189,2575566.00000000,2576146.53220000,0
2025-10-09 05:00:00,1.0001,1.0002,1.0,1.0001,2630402.0,2025-10-09 05:59:59.999,2630574.25650000,287,1080355.00000000,1080464.52530000,0
2025-10-09 06:00:00,1.0,1.0002,1.0,1.0001,5171059.0,2025-10-09 06:59:59.999,5171769.09730000,306,2752738.00000000,2753264.12440000,0
2025-10-09 07:00:00,1.0001,1.0002,1.0,1.0,5733700.0,2025-10-09 07:59:59.999,5733941.96220000,428,1534371.00000000,1534576.43310000,0
2025-10-09 08:00:00,1.0001,1.0001,1.0,1.0,5282136.0,2025-10-09 08:59:59.999,5282249.25270000,258,1132527.00000000,1132640.25270000,0
2025-10-09 09:00:00,1.0,1.0001,1.0,1.0,4127564.0,2025-10-09 09:59:59.999,4127641.55200000,179,775520.00000000,775597.55200000,0
2025-10-09 10:00:00,1.0,1.0001,0.9999,1.0,3833610.0,2025-10-09 10:59:59.999,3833544.96880000,262,1309176.00000000,1309187.96440000,0
2025-10-09 11:00:00,1.0,1.0003,0.9999,1.0002,18772968.0,2025-10-09 11:59:59.999,18776919.12470000,535,17049117.00000000,17052774.18950000,0
2025-10-09 12:00:00,1.0002,1.0003,1.0001,1.0002,3251780.0,2025-10-09 12:59:59.999,3252291.14760000,340,1463584.00000000,1463892.73970000,0
2025-10-09 13:00:00,1.0002,1.0002,1.0001,1.0002,7455483.0,2025-10-09 13:59:59.999,7456852.54250000,382,6239942.00000000,6241189.98840000,0
2025-10-09 14:00:00,1.0001,1.0003,1.0,1.0001,10884443.0,2025-10-09 14:59:59.999,10886323.36150000,571,6999889.00000000,7001395.83620000,0
2025-10-09 15:00:00,1.0001,1.0003,1.0,1.0,9105661.0,2025-10-09 15:59:59.999,9107340.99200000,517,6991265.00000000,6992712.97410000,0
2025-10-09 16:00:00,1.0,1.0002,0.9999,1.0,14273004.0,2025-10-09 16:59:59.999,14273838.95010000,525,4824363.00000000,4824839.18240000,0
2025-10-09 17:00:00,1.0001,1.0001,0.9999,0.9999,2694199.0,2025-10-09 17:59:59.999,2694130.84770000,362,766827.00000000,766842.71010000,0
2025-10-09 18:00:00,1.0,1.0002,1.0,1.0001,3265837.0,2025-10-09 18:59:59.999,3266152.87170000,243,2540952.00000000,2541203.21340000,0
2025-10-09 19:00:00,1.0002,1.0002,1.0,1.0,1267180.0,2025-10-09 19:59:59.999,1267233.40230000,212,401174.00000000,401214.53200000,0
2025-10-09 20:00:00,1.0,1.0002,1.0,1.0,919010.0,2025-10-09 20:59:59.999,919081.46960000,228,446832.00000000,446876.68540000,0
2025-10-09 21:00:00,1.0,1.0001,1.0,1.0,228702.0,2025-10-09 21:59:59.999,228717.96980000,104,159698.00000000,159713.96980000,0
2025-10-09 22:00:00,1.0001,1.0001,1.0,1.0,876837.0,2025-10-09 22:59:59.999,876899.48190000,154,624819.00000000,624881.48190000,0
2025-10-09 23:00:00,1.0,1.0002,0.9999,1.0,11749199.0,2025-10-09 23:59:59.999,11749577.84720000,528,7854580.00000000,7854970.90790000,0
2025-10-10 00:00:00,0.9999,1.0,0.9998,0.9999,3282910.0,2025-10-10 00:59:59.999,3282726.68510000,256,1893483.00000000,1893451.44080000,0
2025-10-10 01:00:00,1.0,1.0001,0.9998,1.0,7053869.0,2025-10-10 01:59:59.999,7053542.62870000,468,4265115.00000000,4265010.33080000,0
2025-10-10 02:00:00,1.0,1.0001,0.9999,1.0,2090168.0,2025-10-10 02:59:59.999,2090189.41970000,251,595796.00000000,595829.80960000,0
2025-10-10 03:00:00,1.0,1.0001,1.0,1.0,1134561.0,2025-10-10 03:59:59.999,1134598.73420000,193,377342.00000000,377379.73420000,0
2025-10-10 04:00:00,1.0,1.0001,1.0,1.0001,2570232.0,2025-10-10 04:59:59.999,2570374.22360000,242,1422236.00000000,1422378.22360000,0
2025-10-10 05:00:00,1.0,1.0002,1.0,1.0002,5504800.0,2025-10-10 05:59:59.999,5505411.76350000,309,4645877.00000000,4646445.48340000,0
2025-10-10 06:00:00,1.0002,1.0002,1.0,1.0002,3965622.0,2025-10-10 06:59:59.999,3966350.50720000,210,3341300.00000000,3341966.44940000,0
2025-10-10 07:00:00,1.0002,1.0002,1.0,1.0001,2087192.0,2025-10-10 07:59:59.999,2087326.20630000,237,322296.00000000,322342.01800000,0
2025-10-10 08:00:00,1.0,1.0003,1.0,1.0002,7755763.0,2025-10-10 08:59:59.999,7757100.68930000,405,6094834.00000000,6095944.03040000,0
2025-10-10 09:00:00,1.0002,1.0003,1.0001,1.0001,3339287.0,2025-10-10 09:59:59.999,3339922.65080000,246,1945398.00000000,1945789.08240000,0
2025-10-10 10:00:00,1.0001,1.0003,1.0001,1.0001,8442319.0,2025-10-10 10:59:59.999,8443844.54010000,310,3748923.00000000,3749826.64810000,0
2025-10-10 11:00:00,1.0002,1.0002,1.0001,1.0001,2749103.0,2025-10-10 11:59:59.999,2749446.17650000,239,682662.00000000,682798.53240000,0
2025-10-10 12:00:00,1.0001,1.0003,1.0001,1.0002,4187394.0,2025-10-10 12:59:59.999,4188229.42110000,242,2549876.00000000,2550512.43450000,0
2025-10-10 13:00:00,1.0003,1.0004,1.0001,1.0002,16971364.0,2025-10-10 13:59:59.999,16976393.11270000,624,14605999.00000000,14610506.50390000,0
2025-10-10 14:00:00,1.0003,1.0004,1.0002,1.0003,19096420.0,2025-10-10 14:59:59.999,19102589.85010000,304,11858077.00000000,11862265.49340000,0
2025-10-10 15:00:00,1.0003,1.0004,1.0,1.0001,14285041.0,2025-10-10 15:59:59.999,14286536.63590000,703,1282680.00000000,1282940.82450000,0
2025-10-10 16:00:00,1.0,1.0002,1.0,1.0001,6881206.0,2025-10-10 16:59:59.999,6881667.86300000,393,2990808.00000000,2991186.11890000,0
2025-10-10 17:00:00,1.0002,1.0003,1.0,1.0001,9863662.0,2025-10-10 17:59:59.999,9864526.27930000,525,4635733.00000000,4636273.88660000,0
2025-10-10 18:00:00,1.0,1.0001,0.9999,1.0,4624911.0,2025-10-10 18:59:59.999,4624952.42490000,257,1906734.00000000,1906780.41560000,0
2025-10-10 19:00:00,1.0,1.0002,0.9999,1.0,8673009.0,2025-10-10 19:59:59.999,8672831.94050000,510,1619762.00000000,1619912.38880000,0
2025-10-10 20:00:00,1.0,1.0002,0.9999,1.0,3164576.0,2025-10-10 20:59:59.999,3164857.47800000,364,1728715.00000000,1728940.82760000,0
2025-10-10 21:00:00,1.0,1.0005,0.65,0.9365,420149396.0,2025-10-10 21:59:59.999,355805371.25110000,41087,89754045.00000000,75374673.66020000,0
2025-10-10 22:00:00,0.9369,0.9968,0.9032,0.9932,490788242.0,2025-10-10 22:59:59.999,478109469.04660000,59017,225649889.00000000,220001566.74520000,0
2025-10-10 23:00:00,0.9932,0.9987,0.986,0.9978,418424018.0,2025-10-10 23:59:59.999,416469536.97180000,29285,162504031.00000000,161833311.38960000,0
2025-10-11 00:00:00,0.9978,0.998,0.9949,0.9977,145327565.0,2025-10-11 00:59:59.999,144958108.77890000,3533,80385231.00000000,80187006.56990000,0
2025-10-11 01:00:00,0.9978,0.9983,0.994,0.9976,313439217.0,2025-10-11 01:59:59.999,312609173.14920000,10039,136790283.00000000,136447885.85780000,0
2025-10-11 02:00:00,0.9975,0.9992,0.9972,0.9985,267882966.0,2025-10-11 02:59:59.999,267456799.10620000,4153,135151883.00000000,134950642.64530000,0
2025-10-11 03:00:00,0.9985,0.999,0.9984,0.9987,68450823.0,2025-10-11 03:59:59.999,68359019.75030000,1656,29736178.00000000,29698143.29050000,0
2025-10-11 04:00:00,0.9986,0.9989,0.9985,0.9986,38105876.0,2025-10-11 04:59:59.999,38056425.90160000,1168,19819707.00000000,19794222.83250000,0
2025-10-11 05:00:00,0.9986,0.9988,0.9983,0.9987,38952109.0,2025-10-11 05:59:59.999,38896900.87990000,1127,11730230.00000000,11714191.22810000,0
2025-10-11 06:00:00,0.9987,0.9989,0.9985,0.9988,28989749.0,2025-10-11 06:59:59.999,28952520.81320000,943,11934262.00000000,11919776.91850000,0
2025-10-11 07:00:00,0.9988,0.9989,0.9983,0.9985,37963444.0,2025-10-11 07:59:59.999,37910821.56450000,1227,16643431.00000000,16621172.93410000,0
2025-10-11 08:00:00,0.9985,0.9989,0.9983,0.9989,88722688.0,2025-10-11 08:59:59.999,88603469.68000000,1461,53716954.00000000,53645968.53140000,0
2025-10-11 09:00:00,0.9988,0.9995,0.9988,0.9991,42613811.0,2025-10-11 09:59:59.999,42571418.57960000,1033,25934496.00000000,25909722.72690000,0
2025-10-11 10:00:00,0.999,0.9994,0.9988,0.9989,46041228.0,2025-10-11 10:59:59.999,46001464.16600000,900,12625944.00000000,12616029.84030000,0
2025-10-11 11:00:00,0.9989,0.9991,0.9987,0.9988,37618857.0,2025-10-11 11:59:59.999,37576735.65250000,951,19498955.00000000,19477411.42080000,0
2025-10-11 12:00:00,0.9988,0.9991,0.9988,0.999,25676840.0,2025-10-11 12:59:59.999,25650837.40220000,527,4914245.00000000,4909328.95630000,0
2025-10-11 13:00:00,0.9991,0.9991,0.9989,0.999,18160633.0,2025-10-11 13:59:59.999,18142942.20910000,481,5362269.00000000,5357273.51210000,0
2025-10-11 14:00:00,0.999,0.9992,0.9989,0.9989,33025007.0,2025-10-11 14:59:59.999,32993066.70760000,634,9865177.00000000,9856785.75890000,0
2025-10-11 15:00:00,0.9989,0.9993,0.9988,0.9992,25971464.0,2025-10-11 15:59:59.999,25946852.51850000,745,15560994.00000000,15546648.00480000,0
2025-10-11 16:00:00,0.9992,0.9993,0.999,0.9991,8145985.0,2025-10-11 16:59:59.999,8138766.87170000,384,1341416.00000000,1340301.31170000,0
2025-10-11 17:00:00,0.9991,0.9993,0.999,0.9992,12172154.0,2025-10-11 17:59:59.999,12161193.62710000,477,4944101.00000000,4940013.04540000,0
2025-10-11 18:00:00,0.9992,0.9993,0.999,0.9991,3760739.0,2025-10-11 18:59:59.999,3757488.33780000,292,1535099.00000000,1533803.20450000,0
2025-10-11 19:00:00,0.9991,0.9993,0.9989,0.9992,12427323.0,2025-10-11 19:59:59.999,12416676.90170000,547,6145610.00000000,6140444.47920000,0
2025-10-11 20:00:00,0.9992,0.9994,0.9989,0.9991,5695960.0,2025-10-11 20:59:59.999,5691483.39740000,454,2476340.00000000,2474530.69320000,0
2025-10-11 21:00:00,0.999,0.9993,0.999,0.9991,2634108.0,2025-10-11 21:59:59.999,2631896.02530000,443,1457816.00000000,1456636.62250000,0
2025-10-11 22:00:00,0.9991,0.9994,0.9989,0.9993,5007557.0,2025-10-11 22:59:59.999,5003469.24860000,554,3010826.00000000,3008313.30150000,0
2025-10-11 23:00:00,0.9993,0.9994,0.9991,0.9993,3276030.0,2025-10-11 23:59:59.999,3273556.93660000,290,910515.00000000,909844.31470000,0
2025-10-12 00:00:00,0.9993,0.9994,0.9991,0.9992,3707306.0,2025-10-12 00:59:59.999,3704553.38890000,208,1142942.00000000,1142180.55320000,0
2025-10-12 01:00:00,0.9992,0.9994,0.9992,0.9992,12310679.0,2025-10-12 01:59:59.999,12301443.01110000,484,4458172.00000000,4455051.36840000,0
2025-10-12 02:00:00,0.9992,0.9993,0.999,0.9993,15620191.0,2025-10-12 02:59:59.999,15606731.85420000,384,4177796.00000000,4174368.07240000,0
2025-10-12 03:00:00,0.9992,0.9994,0.9992,0.9992,11874612.0,2025-10-12 03:59:59.999,11865975.61250000,261,6474183.00000000,6469651.49600000,0
2025-10-12 04:00:00,0.9992,0.9993,0.9991,0.9991,13077316.0,2025-10-12 04:59:59.999,13066406.50680000,397,5357925.00000000,5353692.98000000,0
2025-10-12 05:00:00,0.9991,0.9993,0.9991,0.9991,10049233.0,2025-10-12 05:59:59.999,10040791.20660000,268,3925149.00000000,3922089.25110000,0
2025-10-12 06:00:00,0.9991,0.9992,0.9991,0.9991,7015968.0,2025-10-12 06:59:59.999,7010046.79820000,195,3931694.00000000,3928548.64480000,0
2025-10-12 07:00:00,0.9992,0.9992,0.9991,0.9991,3590929.0,2025-10-12 07:59:59.999,3587901.97410000,182,2048102.00000000,2046463.51840000,0
2025-10-12 08:00:00,0.9991,0.9993,0.9991,0.9992,7905457.0,2025-10-12 08:59:59.999,7899392.84540000,213,5820094.00000000,5815698.91720000,0
2025-10-12 09:00:00,0.9992,0.9995,0.9992,0.9994,13956287.0,2025-10-12 09:59:59.999,13947251.48330000,460,9965270.00000000,9959049.76310000,0
2025-10-12 10:00:00,0.9994,0.9997,0.9993,0.9994,10028339.0,2025-10-12 10:59:59.999,10023071.05700000,473,6626489.00000000,6623367.21740000,0
2025-10-12 11:00:00,0.9994,0.9999,0.9993,0.9997,15362890.0,2025-10-12 11:59:59.999,15357813.70770000,609,12389797.00000000,12385586.37880000,0
2025-10-12 12:00:00,0.9996,0.9998,0.9995,0.9997,8036302.0,2025-10-12 12:59:59.999,8033512.90440000,462,3079687.00000000,3078662.34150000,0
2025-10-12 13:00:00,0.9996,0.9997,0.9995,0.9997,15542291.0,2025-10-12 13:59:59.999,15536100.73960000,515,12955327.00000000,12950371.39360000,0
2025-10-12 14:00:00,0.9997,0.9997,0.9995,0.9997,9987420.0,2025-10-12 14:59:59.999,9983754.35100000,524,5470789.00000000,5468994.24820000,0
2025-10-12 15:00:00,0.9996,0.9998,0.9995,0.9998,12223784.0,2025-10-12 15:59:59.999,12219937.59830000,396,9215444.00000000,9212855.05670000,0
2025-10-12 16:00:00,0.9997,0.9998,0.9996,0.9996,5491210.0,2025-10-12 16:59:59.999,5489754.63540000,472,2599728.00000000,2599171.13310000,0
2025-10-12 17:00:00,0.9997,0.9997,0.9994,0.9995,10134490.0,2025-10-12 17:59:59.999,10130045.44080000,423,4285240.00000000,4283599.37800000,0
2025-10-12 18:00:00,0.9994,0.9996,0.9994,0.9995,5249066.0,2025-10-12 18:59:59.999,5246110.61270000,261,1653999.00000000,1653172.00160000,0
2025-10-12 19:00:00,0.9994,0.9996,0.9993,0.9995,6480833.0,2025-10-12 19:59:59.999,6477164.85650000,298,2873863.00000000,2872345.77380000,0
2025-10-12 20:00:00,0.9994,0.9996,0.9993,0.9993,11628848.0,2025-10-12 20:59:59.999,11621924.44740000,257,890582.00000000,890140.57440000,0
2025-10-12 21:00:00,0.9993,0.9996,0.9993,0.9996,5504253.0,2025-10-12 21:59:59.999,5501255.02880000,315,4472629.00000000,4470275.61940000,0
2025-10-12 22:00:00,0.9995,0.9997,0.9995,0.9997,4642662.0,2025-10-12 22:59:59.999,4640999.06040000,230,3549251.00000000,3548070.95010000,0
2025-10-12 23:00:00,0.9996,0.9998,0.9995,0.9997,6252852.0,2025-10-12 23:59:59.999,6250467.64460000,238,3070147.00000000,3069079.91660000,0
2025-10-13 00:00:00,0.9996,0.9997,0.9996,0.9996,1904738.0,2025-10-13 00:59:59.999,1904006.18110000,183,300763.00000000,300672.77110000,0
2025-10-13 01:00:00,0.9996,0.9997,0.9995,0.9995,2350576.0,2025-10-13 01:59:59.999,2349678.35210000,174,717959.00000000,717714.55860000,0
2025-10-13 02:00:00,0.9995,0.9997,0.9995,0.9995,3610380.0,2025-10-13 02:59:59.999,3608823.63820000,223,1459881.00000000,1459342.56380000,0
2025-10-13 03:00:00,0.9995,0.9997,0.9995,0.9996,5265533.0,2025-10-13 03:59:59.999,5263236.33920000,324,2411552.00000000,2410645.36450000,0
2025-10-13 04:00:00,0.9996,0.9997,0.9994,0.9994,8057725.0,2025-10-13 04:59:59.999,8054176.08300000,664,2475614.00000000,2474668.73650000,0
2025-10-13 05:00:00,0.9994,0.9995,0.9994,0.9994,3300873.0,2025-10-13 05:59:59.999,3299039.61780000,294,1471416.00000000,1470680.29200000,0
2025-10-13 06:00:00,0.9994,0.9996,0.9994,0.9995,6428499.0,2025-10-13 06:59:59.999,6425295.11710000,612,3381399.00000000,3379872.52330000,0
2025-10-13 07:00:00,0.9996,0.9996,0.9994,0.9994,8837493.0,2025-10-13 07:59:59.999,8832935.16920000,461,4672125.00000000,4669789.97250000,0
2025-10-13 08:00:00,0.9994,0.9997,0.9994,0.9996,12650716.0,2025-10-13 08:59:59.999,12645252.71890000,665,9800241.00000000,9796284.32910000,0
2025-10-13 09:00:00,0.9996,0.9998,0.9996,0.9998,11317492.0,2025-10-13 09:59:59.999,11313805.99070000,451,4687422.00000000,4686023.87350000,0
2025-10-13 10:00:00,0.9997,0.9997,0.9994,0.9996,11440224.0,2025-10-13 10:59:59.999,11435386.65600000,589,3572513.00000000,3571109.40060000,0
2025-10-13 11:00:00,0.9996,0.9997,0.9995,0.9995,11139585.0,2025-10-13 11:59:59.999,11135053.15660000,426,1439052.00000000,1438528.65850000,0
2025-10-13 12:00:00,0.9995,0.9998,0.9995,0.9997,9044318.0,2025-10-13 12:59:59.999,9041149.08200000,442,7504276.00000000,7501772.44490000,0
2025-10-13 13:00:00,0.9997,0.9998,0.9995,0.9996,11828440.0,2025-10-13 13:59:59.999,11824066.96990000,390,3054673.00000000,3053813.58120000,0
2025-10-13 14:00:00,0.9996,0.9997,0.9995,0.9995,13830902.0,2025-10-13 14:59:59.999,13825019.19630000,429,3739350.00000000,3738075.20420000,0
2025-10-13 15:00:00,0.9995,0.9996,0.9994,0.9996,6753273.0,2025-10-13 15:59:59.999,6750003.30010000,444,2060438.00000000,2059559.15510000,0
2025-10-13 16:00:00,0.9995,0.9996,0.9995,0.9995,4700474.0,2025-10-13 16:59:59.999,4698397.59730000,363,2693610.00000000,2692532.55600000,0
2025-10-13 17:00:00,0.9995,0.9997,0.9995,0.9997,1567392.0,2025-10-13 17:59:59.999,1566761.73040000,238,530125.00000000,529936.69990000,0
2025-10-13 18:00:00,0.9997,0.9997,0.9996,0.9997,4097155.0,2025-10-13 18:59:59.999,4095636.89640000,366,1207584.00000000,1207221.72480000,0
2025-10-13 19:00:00,0.9996,0.9997,0.9996,0.9997,3218462.0,2025-10-13 19:59:59.999,3217324.12930000,193,1495141.00000000,1494692.45770000,0
2025-10-13 20:00:00,0.9996,0.9997,0.9995,0.9996,3441056.0,2025-10-13 20:59:59.999,3439638.18990000,232,578863.00000000,578685.33280000,0
2025-10-13 21:00:00,0.9996,0.9997,0.9996,0.9996,4175547.0,2025-10-13 21:59:59.999,4174009.23540000,173,1324542.00000000,1324144.63740000,0
2025-10-13 22:00:00,0.9996,0.9997,0.9995,0.9996,4193843.0,2025-10-13 22:59:59.999,4192166.45850000,134,644540.00000000,644286.42170000,0
2025-10-13 23:00:00,0.9996,0.9997,0.9996,0.9997,3146458.0,2025-10-13 23:59:59.999,3145505.46770000,165,3060509.00000000,3059590.84730000,0
2025-10-14 00:00:00,0.9996,0.9997,0.9995,0.9996,2004121.0,2025-10-14 00:59:59.999,2003357.89630000,259,753841.00000000,753578.25520000,0
2025-10-14 01:00:00,0.9996,0.9997,0.9996,0.9996,2788299.0,2025-10-14 01:59:59.999,2787279.26260000,261,1466064.00000000,1465573.15660000,0
2025-10-14 02:00:00,0.9996,0.9997,0.9996,0.9996,3348897.0,2025-10-14 02:59:59.999,3347782.08680000,270,2246456.00000000,2245782.06320000,0
2025-10-14 03:00:00,0.9996,0.9998,0.9996,0.9996,3635292.0,2025-10-14 03:59:59.999,3634177.33410000,289,2464166.00000000,2463458.69990000,0
2025-10-14 04:00:00,0.9996,0.9998,0.9995,0.9996,21650316.0,2025-10-14 04:59:59.999,21642195.69540000,453,5334631.00000000,5333126.79700000,0
2025-10-14 05:00:00,0.9996,0.9997,0.9992,0.9994,9612087.0,2025-10-14 05:59:59.999,9607609.13540000,394,2731796.00000000,2730585.48480000,0
2025-10-14 06:00:00,0.9994,0.9995,0.9993,0.9994,9258633.0,2025-10-14 06:59:59.999,9253055.97600000,275,3431022.00000000,3429231.15670000,0
2025-10-14 07:00:00,0.9993,0.9995,0.9993,0.9994,15435375.0,2025-10-14 07:59:59.999,15426647.22100000,343,12016504.00000000,12009947.19710000,0
2025-10-14 08:00:00,0.9994,0.9996,0.9994,0.9994,10217650.0,2025-10-14 08:59:59.999,10212223.36240000,281,6538715.00000000,6535446.71030000,0
2025-10-14 09:00:00,0.9994,0.9996,0.9994,0.9995,5607815.0,2025-10-14 09:59:59.999,5605016.37280000,225,4698125.00000000,4695865.75580000,0
2025-10-14 10:00:00,0.9995,0.9996,0.9995,0.9996,3759062.0,2025-10-14 10:59:59.999,3757271.07320000,163,886042.00000000,885687.58320000,0
2025-10-14 11:00:00,0.9995,0.9996,0.9994,0.9995,3501529.0,2025-10-14 11:59:59.999,3499719.64130000,249,1795557.00000000,1794666.67790000,0
2025-10-14 12:00:00,0.9994,0.9996,0.9994,0.9995,2654199.0,2025-10-14 12:59:59.999,2652858.20430000,283,1285561.00000000,1284923.06930000,0
2025-10-14 13:00:00,0.9995,0.9998,0.9995,0.9996,16532126.0,2025-10-14 13:59:59.999,16526063.07870000,537,9140512.00000000,9137300.66970000,0
2025-10-14 14:00:00,0.9996,0.9998,0.9996,0.9996,9494571.0,2025-10-14 14:59:59.999,9491215.40890000,329,4100075.00000000,4098848.17300000,0
2025-10-14 15:00:00,0.9996,0.9998,0.9994,0.9994,13383079.0,2025-10-14 15:59:59.999,13377821.18360000,527,3911201.00000000,3910026.09230000,0
2025-10-14 16:00:00,0.9995,0.9996,0.9994,0.9996,4644505.0,2025-10-14 16:59:59.999,4642210.74890000,372,2149773.00000000,2148756.73170000,0
2025-10-14 17:00:00,0.9995,0.9998,0.9995,0.9997,7275560.0,2025-10-14 17:59:59.999,7272734.65860000,470,4978626.00000000,4976874.32670000,0
2025-10-14 18:00:00,0.9997,0.9997,0.9994,0.9994,6174812.0,2025-10-14 18:59:59.999,6171910.59100000,530,1155748.00000000,1155237.46260000,0
2025-10-14 19:00:00,0.9994,0.9998,0.9994,0.9998,8138593.0,2025-10-14 19:59:59.999,8135755.03500000,360,6188354.00000000,6186370.01890000,0
2025-10-14 20:00:00,0.9997,0.9998,0.9997,0.9998,6552713.0,2025-10-14 20:59:59.999,6551079.77600000,127,3325899.00000000,3325233.82020000,0
2025-10-14 21:00:00,0.9997,0.9998,0.9997,0.9998,1522436.0,2025-10-14 21:59:59.999,1522058.03170000,65,787625.00000000,787467.47500000,0
2025-10-14 22:00:00,0.9997,0.9998,0.9996,0.9996,1621775.0,2025-10-14 22:59:59.999,1621169.68940000,180,93119.00000000,93091.08480000,0
2025-10-14 23:00:00,0.9996,0.9998,0.9996,0.9998,4681692.0,2025-10-14 23:59:59.999,4680415.67490000,139,3908183.00000000,3907139.16570000,0
2025-10-15 00:00:00,0.9997,0.9998,0.9996,0.9996,5404254.0,2025-10-15 00:59:59.999,5402613.93010000,227,568121.00000000,567955.42140000,0
2025-10-15 01:00:00,0.9996,0.9997,0.9995,0.9996,3557571.0,2025-10-15 01:59:59.999,3556101.18190000,266,71623.00000000,71598.59280000,0
2025-10-15 02:00:00,0.9995,0.9996,0.9995,0.9995,3663899.0,2025-10-15 02:59:59.999,3662101.41640000,172,343659.00000000,343521.53640000,0
2025-10-15 03:00:00,0.9995,0.9997,0.9994,0.9996,7518006.0,2025-10-15 03:59:59.999,7514560.90310000,357,3073762.00000000,3072514.24790000,0
2025-10-15 04:00:00,0.9995,0.9997,0.9995,0.9996,1675349.0,2025-10-15 04:59:59.999,1674677.71960000,206,1430144.00000000,1429584.04540000,0
2025-10-15 05:00:00,0.9996,0.9997,0.9996,0.9997,3740424.0,2025-10-15 05:59:59.999,3739263.94930000,256,3361189.00000000,3360180.64330000,0
2025-10-15 06:00:00,0.9996,0.9998,0.9996,0.9996,6684013.0,2025-10-15 06:59:59.999,6681558.38500000,272,972900.00000000,972608.25960000,0
2025-10-15 07:00:00,0.9996,0.9997,0.9995,0.9997,4978405.0,2025-10-15 07:59:59.999,4976533.11430000,299,3174898.00000000,3173818.75100000,0
2025-10-15 08:00:00,0.9996,0.9998,0.9996,0.9996,7289466.0,2025-10-15 08:59:59.999,7286729.81250000,371,1560292.00000000,1559817.00720000,0
2025-10-15 09:00:00,0.9996,0.9997,0.9996,0.9996,3361804.0,2025-10-15 09:59:59.999,3360523.08730000,226,638089.00000000,637897.57330000,0
2025-10-15 10:00:00,0.9996,0.9997,0.9995,0.9996,6331021.0,2025-10-15 10:59:59.999,6328600.04210000,385,2729868.00000000,2728982.81870000,0
2025-10-15 11:00:00,0.9996,0.9997,0.9995,0.9996,1728869.0,2025-10-15 11:59:59.999,1728186.14720000,372,642815.00000000,642603.09840000,0
2025-10-15 12:00:00,0.9996,0.9998,0.9996,0.9996,11938477.0,2025-10-15 12:59:59.999,11934577.56670000,571,8068092.00000000,8065671.57610000,0
2025-10-15 13:00:00,0.9996,0.9998,0.9996,0.9998,5572377.0,2025-10-15 13:59:59.999,5570800.15590000,335,2308611.00000000,2308045.71770000,0
2025-10-15 14:00:00,0.9998,0.9998,0.9997,0.9997,9030407.0,2025-10-15 14:59:59.999,9027834.64340000,234,1367655.00000000,1367381.46900000,0
2025-10-15 15:00:00,0.9998,0.9998,0.9997,0.9998,6110130.0,2025-10-15 15:59:59.999,6108443.24680000,197,1462858.00000000,1462565.42840000,0
2025-10-15 16:00:00,0.9998,0.9998,0.9997,0.9997,5114717.0,2025-10-15 16:59:59.999,5113390.25070000,221,2076658.00000000,2076242.66840000,0
2025-10-15 17:00:00,0.9997,0.9998,0.9997,0.9998,6625782.0,2025-10-15 17:59:59.999,6624037.47340000,161,2432080.00000000,2431593.58400000,0
2025-10-15 18:00:00,0.9997,0.9998,0.9997,0.9997,2890928.0,2025-10-15 18:59:59.999,2890088.25390000,79,275323.00000000,275267.93540000,0
2025-10-15 19:00:00,0.9997,0.9998,0.9996,0.9997,23912628.0,2025-10-15 19:59:59.999,23905490.87620000,169,906689.00000000,906453.72290000,0
2025-10-15 20:00:00,0.9998,0.9998,0.9997,0.9998,1942348.0,2025-10-15 20:59:59.999,1941792.76560000,97,274700.00000000,274645.06000000,0
2025-10-15 21:00:00,0.9997,0.9998,0.9996,0.9997,1440791.0,2025-10-15 21:59:59.999,1440407.71510000,111,624597.00000000,624466.97910000,0
2025-10-15 22:00:00,0.9997,0.9998,0.9997,0.9997,1201585.0,2025-10-15 22:59:59.999,1201289.61200000,119,650875.00000000,650744.82500000,0
2025-10-15 23:00:00,0.9997,0.9998,0.9997,0.9997,3815828.0,2025-10-15 23:59:59.999,3815049.72970000,198,3664781.00000000,3664048.04380000,0
2025-10-16 00:00:00,0.9997,0.9999,0.9997,0.9997,5113164.0,2025-10-16 00:59:59.999,5112153.73220000,247,3085096.00000000,3084570.41750000,0
2025-10-16 01:00:00,0.9997,0.9997,0.9996,0.9996,2028491.0,2025-10-16 01:59:59.999,2027818.72260000,125,652883.00000000,652687.13510000,0
2025-10-16 02:00:00,0.9996,0.9997,0.9995,0.9996,10295350.0,2025-10-16 02:59:59.999,10291304.53610000,196,927235.00000000,926946.57580000,0
2025-10-16 03:00:00,0.9995,0.9996,0.9995,0.9995,2757189.0,2025-10-16 03:59:59.999,2755942.31000000,205,1319045.00000000,1318517.38200000,0
2025-10-16 04:00:00,0.9996,0.9996,0.9995,0.9995,1025785.0,2025-10-16 04:59:59.999,1025337.26180000,96,651543.00000000,651282.38280000,0
2025-10-16 05:00:00,0.9995,0.9997,0.9995,0.9996,10603642.0,2025-10-16 05:59:59.999,10599670.54620000,245,9546471.00000000,9542949.45770000,0
2025-10-16 06:00:00,0.9996,0.9997,0.9995,0.9995,4189188.0,2025-10-16 06:59:59.999,4187264.57480000,262,842736.00000000,842406.57630000,0
2025-10-16 07:00:00,0.9995,0.9997,0.9994,0.9997,10590699.0,2025-10-16 07:59:59.999,10586028.71330000,451,6034810.00000000,6032405.19080000,0
2025-10-16 08:00:00,0.9997,0.9998,0.9996,0.9997,13012687.0,2025-10-16 08:59:59.999,13008841.67510000,388,8564122.00000000,8561622.45770000,0
2025-10-16 09:00:00,0.9997,0.9998,0.9995,0.9996,10902658.0,2025-10-16 09:59:59.999,10898264.30540000,572,3980446.00000000,3979111.58010000,0
2025-10-16 10:00:00,0.9996,0.9996,0.9995,0.9995,377028.0,2025-10-16 10:59:59.999,376855.02960000,147,155436.00000000,155373.82560000,0
2025-10-16 11:00:00,0.9996,0.9996,0.9995,0.9996,493097.0,2025-10-16 11:59:59.999,492870.04110000,198,195896.00000000,195817.64160000,0
2025-10-16 12:00:00,0.9995,0.9997,0.9995,0.9997,7234669.0,2025-10-16 12:59:59.999,7231735.55460000,242,2219552.00000000,2218675.39850000,0
2025-10-16 13:00:00,0.9996,0.9997,0.998,0.9992,25311925.0,2025-10-16 13:59:59.999,25294177.89120000,1033,7361266.00000000,7353957.77590000,0
2025-10-16 14:00:00,0.9992,0.9995,0.9991,0.9994,16189358.0,2025-10-16 14:59:59.999,16178088.42340000,569,10182142.00000000,10174985.77150000,0
2025-10-16 15:00:00,0.9994,0.9995,0.9994,0.9994,6686914.0,2025-10-16 15:59:59.999,6683118.13730000,335,2162857.00000000,2161775.57150000,0
2025-10-16 16:00:00,0.9995,0.9995,0.9988,0.9992,27126260.0,2025-10-16 16:59:59.999,27101583.46290000,783,14557811.00000000,14544150.33090000,0
2025-10-16 17:00:00,0.9991,0.9995,0.9988,0.9989,24526071.0,2025-10-16 17:59:59.999,24503063.26620000,684,6119904.00000000,6115088.32520000,0
2025-10-16 18:00:00,0.999,0.9994,0.9987,0.9993,18308133.0,2025-10-16 18:59:59.999,18290570.19390000,417,11077370.00000000,11067246.24730000,0
2025-10-16 19:00:00,0.9993,0.9993,0.9992,0.9993,889503.0,2025-10-16 19:59:59.999,888823.61530000,139,41173.00000000,41144.17890000,0
2025-10-16 20:00:00,0.9993,0.9995,0.9991,0.9991,7950404.0,2025-10-16 20:59:59.999,7944380.34700000,304,1188362.00000000,1187591.80040000,0
2025-10-16 21:00:00,0.9992,0.9993,0.9992,0.9992,1550589.0,2025-10-16 21:59:59.999,1549488.48810000,109,1454992.00000000,1453967.96570000,0
2025-10-16 22:00:00,0.9992,0.9994,0.9992,0.9993,3065118.0,2025-10-16 22:59:59.999,3062887.68480000,315,1922153.00000000,1920807.89140000,0
2025-10-16 23:00:00,0.9993,0.9994,0.9993,0.9993,1756397.0,2025-10-16 23:59:59.999,1755247.15680000,215,796347.00000000,795869.19180000,0
2025-10-17 00:00:00,0.9994,0.9994,0.9993,0.9993,1584157.0,2025-10-17 00:59:59.999,1583163.87590000,161,1157858.00000000,1157163.28520000,0
2025-10-17 01:00:00,0.9993,0.9994,0.9993,0.9993,1555973.0,2025-10-17 01:59:59.999,1554944.03140000,151,602125.00000000,601763.72500000,0
2025-10-17 02:00:00,0.9993,0.9994,0.9992,0.9993,9012447.0,2025-10-17 02:59:59.999,9006419.80800000,345,5429434.00000000,5425929.38520000,0
2025-10-17 03:00:00,0.9993,0.9994,0.9992,0.9994,4733355.0,2025-10-17 03:59:59.999,4730032.72710000,260,1177959.00000000,1177134.58600000,0
2025-10-17 04:00:00,0.9993,0.9994,0.9993,0.9993,2470673.0,2025-10-17 04:59:59.999,2469164.63580000,219,2211069.00000000,2209742.35860000,0
2025-10-17 05:00:00,0.9994,0.9995,0.9993,0.9994,21030569.0,2025-10-17 05:59:59.999,21017888.22190000,312,15799031.00000000,15789575.70380000,0
2025-10-17 06:00:00,0.9993,0.9994,0.9992,0.9992,4868124.0,2025-10-17 06:59:59.999,4864873.40160000,325,2457625.00000000,2456130.56640000,0
2025-10-17 07:00:00,0.9993,0.9993,0.999,0.9991,23586467.0,2025-10-17 07:59:59.999,23567021.63320000,759,11890259.00000000,11880659.51040000,0
2025-10-17 08:00:00,0.9991,0.9994,0.999,0.9992,22127583.0,2025-10-17 08:59:59.999,22110534.73650000,865,16906991.00000000,16894325.54240000,0
2025-10-17 09:00:00,0.9992,0.9993,0.9992,0.9992,2529271.0,2025-10-17 09:59:59.999,2527375.64390000,231,1280607.00000000,1279710.57510000,0
2025-10-17 10:00:00,0.9993,0.9993,0.9991,0.9992,12674699.0,2025-10-17 10:59:59.999,12664620.31670000,563,6029816.00000000,6025114.40460000,0
2025-10-17 11:00:00,0.9993,0.9993,0.9992,0.9992,3364108.0,2025-10-17 11:59:59.999,3361575.85960000,290,1591460.00000000,1590345.97800000,0
2025-10-17 12:00:00,0.9992,0.9993,0.9992,0.9993,2863084.0,2025-10-17 12:59:59.999,2860819.54380000,198,260110.00000000,259927.92300000,0
2025-10-17 13:00:00,0.9993,0.9994,0.9992,0.9993,7589244.0,2025-10-17 13:59:59.999,7583841.94610000,361,6293199.00000000,6288794.28250000,0
2025-10-17 14:00:00,0.9994,0.9994,0.9992,0.9992,9036684.0,2025-10-17 14:59:59.999,9030113.61050000,306,3032298.00000000,3030179.77390000,0
2025-10-17 15:00:00,0.9992,0.9994,0.9992,0.9993,11821652.0,2025-10-17 15:59:59.999,11813078.06610000,257,6340237.00000000,6335825.72360000,0
2025-10-17 16:00:00,0.9993,0.9993,0.9991,0.9992,5691899.0,2025-10-17 16:59:59.999,5687465.30520000,364,1890691.00000000,1889301.95910000,0
2025-10-17 17:00:00,0.9992,0.9994,0.9992,0.9993,10265841.0,2025-10-17 17:59:59.999,10258630.64550000,332,9660022.00000000,9653260.16110000,0
2025-10-17 18:00:00,0.9993,0.9994,0.9992,0.9992,3051397.0,2025-10-17 18:59:59.999,3049175.82890000,239,1547562.00000000,1546486.95580000,0
2025-10-17 19:00:00,0.9992,0.9993,0.9992,0.9993,2022980.0,2025-10-17 19:59:59.999,2021493.58760000,156,1319716.00000000,1318792.19880000,0
2025-10-17 20:00:00,0.9992,0.9994,0.9992,0.9993,1217026.0,2025-10-17 20:59:59.999,1216139.86800000,124,756619.00000000,756097.51510000,0
2025-10-17 21:00:00,0.9993,0.9994,0.9992,0.9993,1287282.0,2025-10-17 21:59:59.999,1286329.34870000,101,727544.00000000,727035.12680000,0
2025-10-17 22:00:00,0.9992,0.9994,0.9992,0.9992,3376225.0,2025-10-17 22:59:59.999,3373838.81930000,135,2021863.00000000,2020496.82340000,0
2025-10-17 23:00:00,0.9992,0.9993,0.9992,0.9993,506712.0,2025-10-17 23:59:59.999,506355.51810000,82,488877.00000000,488534.78610000,0
2025-10-18 00:00:00,0.9992,0.9993,0.9992,0.9992,57317.0,2025-10-18 00:59:59.999,57272.33470000,76,11883.00000000,11874.68190000,0
2025-10-18 01:00:00,0.9992,0.9993,0.9992,0.9992,191397.0,2025-10-18 01:59:59.999,191248.12110000,96,42387.00000000,42357.32910000,0
2025-10-18 02:00:00,0.9992,0.9993,0.9992,0.9993,1300367.0,2025-10-18 02:59:59.999,1299394.15820000,127,674518.00000000,674045.83740000,0
2025-10-18 03:00:00,0.9992,0.9993,0.9992,0.9992,3839010.0,2025-10-18 03:59:59.999,3835972.04430000,187,332523.00000000,332290.23390000,0
2025-10-18 04:00:00,0.9993,0.9993,0.999,0.999,32552593.0,2025-10-18 04:59:59.999,32523510.86460000,565,13021089.00000000,13009507.82300000,0
2025-10-18 05:00:00,0.9991,0.9993,0.999,0.9991,15443268.0,2025-10-18 05:59:59.999,15430161.60340000,233,11324580.00000000,11314789.19090000,0
2025-10-18 06:00:00,0.9991,0.9993,0.9991,0.9992,22788947.0,2025-10-18 06:59:59.999,22771696.69560000,332,15041506.00000000,15030476.92590000,0
2025-10-18 07:00:00,0.9992,0.9994,0.9992,0.9992,19530887.0,2025-10-18 07:59:59.999,19516347.54170000,250,16169095.00000000,16157008.23480000,0
2025-10-18 08:00:00,0.9992,0.9993,0.9992,0.9992,803403.0,2025-10-18 08:59:59.999,802801.99950000,93,417219.00000000,416926.94670000,0
2025-10-18 09:00:00,0.9992,0.9993,0.9992,0.9992,9065943.0,2025-10-18 09:59:59.999,9058854.85840000,135,1646128.00000000,1644975.71040000,0
2025-10-18 10:00:00,0.9992,0.9993,0.9992,0.9992,10581650.0,2025-10-18 10:59:59.999,10574150.36200000,140,9656820.00000000,9650060.22600000,0
2025-10-18 11:00:00,0.9993,0.9993,0.9992,0.9992,625124.0,2025-10-18 11:59:59.999,624647.09390000,101,231931.00000000,231768.64830000,0
2025-10-18 12:00:00,0.9993,0.9993,0.9992,0.9992,237478.0,2025-10-18 12:59:59.999,237302.99390000,121,149763.00000000,149658.16590000,0
2025-10-18 13:00:00,0.9992,0.9993,0.9992,0.9992,1394470.0,2025-10-18 13:59:59.999,1393470.86590000,145,1164419.00000000,1163603.90670000,0
2025-10-18 14:00:00,0.9992,0.9993,0.9992,0.9993,9592797.0,2025-10-18 14:59:59.999,9585423.95330000,203,3011909.00000000,3009800.66370000,0
2025-10-18 15:00:00,0.9992,0.9993,0.9992,0.9993,4694902.0,2025-10-18 15:59:59.999,4691182.28510000,112,362067.00000000,361813.55310000,0
2025-10-18 16:00:00,0.9992,0.9994,0.9992,0.9993,6371069.0,2025-10-18 16:59:59.999,6366476.03410000,209,4988513.00000000,4985021.11910000,0
2025-10-18 17:00:00,0.9993,0.9994,0.9992,0.9992,769603.0,2025-10-18 17:59:59.999,769062.17240000,111,114799.00000000,114718.67150000,0
2025-10-18 18:00:00,0.9992,0.9993,0.9992,0.9992,8179124.0,2025-10-18 18:59:59.999,8172665.19480000,188,844940.00000000,844348.54200000,0
2025-10-18 19:00:00,0.9992,0.9993,0.9992,0.9992,133126.0,2025-10-18 19:59:59.999,133032.62570000,99,131265.00000000,131173.11450000,0
2025-10-18 20:00:00,0.9992,0.9993,0.9992,0.9992,123861.0,2025-10-18 20:59:59.999,123771.39470000,118,94835.00000000,94768.61550000,0
2025-10-18 21:00:00,0.9992,0.9993,0.9992,0.9993,46514.0,2025-10-18 21:59:59.999,46478.96160000,104,21728.00000000,21712.79040000,0
2025-10-18 22:00:00,0.9992,0.9993,0.9992,0.9992,34956.0,2025-10-18 22:59:59.999,34928.86950000,96,8343.00000000,8337.15990000,0
2025-10-18 23:00:00,0.9992,0.9993,0.9992,0.9993,7702411.0,2025-10-18 23:59:59.999,7696498.39800000,183,2479445.00000000,2477709.38850000,0
2025-10-19 00:00:00,0.9993,0.9994,0.9992,0.9993,1090391.0,2025-10-19 00:59:59.999,1089626.00820000,149,504240.00000000,503888.53050000,0
2025-10-19 01:00:00,0.9992,0.9994,0.9992,0.9992,1349391.0,2025-10-19 01:59:59.999,1348457.89320000,153,640636.00000000,640206.38790000,0
2025-10-19 02:00:00,0.9992,0.9994,0.9992,0.9994,2022578.0,2025-10-19 02:59:59.999,2021235.06510000,102,1994522.00000000,1993199.83310000,0
2025-10-19 03:00:00,0.9994,0.9994,0.9992,0.9994,4412103.0,2025-10-19 03:59:59.999,4408826.13430000,174,1482460.00000000,1481448.23470000,0
2025-10-19 04:00:00,0.9994,0.9994,0.9992,0.9992,4662297.0,2025-10-19 04:59:59.999,4658837.41300000,173,1023931.00000000,1023216.98850000,0
2025-10-19 05:00:00,0.9993,0.9993,0.9992,0.9993,3990593.0,2025-10-19 05:59:59.999,3987787.55860000,143,2960541.00000000,2958468.62130000,0
2025-10-19 06:00:00,0.9993,0.9993,0.9992,0.9992,4442992.0,2025-10-19 06:59:59.999,4439469.30180000,108,316954.00000000,316732.13220000,0
2025-10-19 07:00:00,0.9992,0.9994,0.9992,0.9993,5296113.0,2025-10-19 07:59:59.999,5292340.87960000,133,4461499.00000000,4458390.12810000,0
2025-10-19 08:00:00,0.9993,0.9994,0.9992,0.9993,13798888.0,2025-10-19 08:59:59.999,13790327.69610000,219,13222125.00000000,13214019.43990000,0
2025-10-19 09:00:00,0.9993,0.9994,0.9992,0.9992,6884613.0,2025-10-19 09:59:59.999,6879791.31540000,170,5763175.00000000,5759172.44560000,0
2025-10-19 10:00:00,0.9992,0.9994,0.9992,0.9992,878747.0,2025-10-19 10:59:59.999,878123.15810000,223,437782.00000000,437475.55840000,0
2025-10-19 11:00:00,0.9992,0.9995,0.9992,0.9993,17008293.0,2025-10-19 11:59:59.999,16997203.65400000,360,12925924.00000000,12917672.52200000,0
2025-10-19 12:00:00,0.9993,0.9994,0.9993,0.9993,3068800.0,2025-10-19 12:59:59.999,3066851.47880000,165,1996388.00000000,1995190.16720000,0
2025-10-19 13:00:00,0.9993,0.9994,0.9993,0.9993,2531572.0,2025-10-19 13:59:59.999,2529966.55790000,177,1666583.00000000,1665583.05020000,0
2025-10-19 14:00:00,0.9993,0.9995,0.9992,0.9994,12854041.0,2025-10-19 14:59:59.999,12845634.01520000,412,5160313.00000000,5157157.62440000,0
2025-10-19 15:00:00,0.9994,0.9994,0.9992,0.9993,1608142.0,2025-10-19 15:59:59.999,1607011.57030000,170,1147774.00000000,1146980.24930000,0
2025-10-19 16:00:00,0.9992,0.9994,0.9992,0.9994,4187310.0,2025-10-19 16:59:59.999,4184383.21290000,92,2429745.00000000,2428055.41370000,0
2025-10-19 17:00:00,0.9993,0.9994,0.9993,0.9993,1157144.0,2025-10-19 17:59:59.999,1156387.36430000,157,533651.00000000,533330.80940000,0
2025-10-19 18:00:00,0.9993,0.9994,0.9993,0.9994,158625.0,2025-10-19 18:59:59.999,158515.25470000,81,12922.00000000,12914.24680000,0
2025-10-19 19:00:00,0.9993,0.9994,0.9993,0.9993,525684.0,2025-10-19 19:59:59.999,525367.61840000,85,515972.00000000,515662.41680000,0
2025-10-19 20:00:00,0.9993,0.9994,0.9993,0.9993,195485.0,2025-10-19 20:59:59.999,195349.91420000,76,17537.00000000,17526.47780000,0
2025-10-19 21:00:00,0.9994,0.9994,0.9993,0.9993,1133851.0,2025-10-19 21:59:59.999,1133114.14620000,97,568419.00000000,568077.94860000,0
2025-10-19 22:00:00,0.9993,0.9994,0.9992,0.9993,1741058.0,2025-10-19 22:59:59.999,1739839.55980000,148,1156855.00000000,1156046.08660000,0
2025-10-19 23:00:00,0.9992,0.9994,0.9992,0.9994,620762.0,2025-10-19 23:59:59.999,620371.00740000,90,484472.00000000,484176.54730000,0
2025-10-20 00:00:00,0.9993,0.9995,0.9993,0.9994,11541190.0,2025-10-20 00:59:59.999,11534185.23320000,384,6286293.00000000,6282534.64020000,0
2025-10-20 01:00:00,0.9994,0.9994,0.9992,0.9993,12847368.0,2025-10-20 01:59:59.999,12838202.78890000,279,2619332.00000000,2617515.56420000,0
2025-10-20 02:00:00,0.9992,0.9993,0.9992,0.9993,2131351.0,2025-10-20 02:59:59.999,2129808.10190000,150,1621827.00000000,1620691.72110000,0
2025-10-20 03:00:00,0.9992,0.9993,0.9992,0.9993,196888.0,2025-10-20 03:59:59.999,196732.13640000,144,16468.00000000,16456.47240000,0
2025-10-20 04:00:00,0.9992,0.9993,0.9992,0.9992,7503305.0,2025-10-20 04:59:59.999,7497320.43250000,327,180765.00000000,180638.46450000,0
2025-10-20 05:00:00,0.9992,0.9993,0.9992,0.9993,2146250.0,2025-10-20 05:59:59.999,2144536.78360000,180,37836.00000000,37809.51480000,0
2025-10-20 06:00:00,0.9993,0.9994,0.9992,0.9993,26958623.0,2025-10-20 06:59:59.999,26939474.64080000,482,16336881.00000000,16325445.72850000,0
2025-10-20 07:00:00,0.9993,0.9994,0.999,0.9992,17677141.0,2025-10-20 07:59:59.999,17663112.37700000,666,5872543.00000000,5868017.30930000,0
2025-10-20 08:00:00,0.9992,0.9994,0.9992,0.9993,14281942.0,2025-10-20 08:59:59.999,14271636.47110000,357,4233606.00000000,4230617.09010000,0
2025-10-20 09:00:00,0.9994,0.9994,0.9992,0.9994,19661174.0,2025-10-20 09:59:59.999,19647622.57990000,311,10866783.00000000,10859467.48380000,0
2025-10-20 10:00:00,0.9994,0.9994,0.9992,0.9993,4993483.0,2025-10-20 10:59:59.999,4990017.36900000,303,949784.00000000,949195.66920000,0
2025-10-20 11:00:00,0.9993,0.9994,0.9992,0.9992,24989262.0,2025-10-20 11:59:59.999,24971097.67670000,309,15519902.00000000,15509038.07460000,0
2025-10-20 12:00:00,0.9992,0.9994,0.9992,0.9992,16633557.0,2025-10-20 12:59:59.999,16621642.43090000,360,8412060.00000000,8406259.59440000,0
2025-10-20 13:00:00,0.9993,0.9994,0.9992,0.9992,17212171.0,2025-10-20 13:59:59.999,17200022.44060000,293,15219725.00000000,15209071.20480000,0
2025-10-20 14:00:00,0.9992,0.9994,0.9992,0.9993,8913456.0,2025-10-20 14:59:59.999,8907152.45180000,292,4117001.00000000,4114246.06820000,0
2025-10-20 15:00:00,0.9993,0.9994,0.9993,0.9993,16120976.0,2025-10-20 15:59:59.999,16110035.60450000,157,3442877.00000000,3440811.27380000,0
2025-10-20 16:00:00,0.9993,0.9994,0.9992,0.9993,23312149.0,2025-10-20 16:59:59.999,23294830.01810000,476,4155017.00000000,4152122.30710000,0
2025-10-20 17:00:00,0.9993,0.9993,0.9991,0.9991,5058905.0,2025-10-20 17:59:59.999,5054819.59070000,293,600608.00000000,600135.67440000,0
2025-10-20 18:00:00,0.9991,0.9993,0.9991,0.9992,4916377.0,2025-10-20 18:59:59.999,4912443.16260000,202,4882504.00000000,4878599.61970000,0
2025-10-20 19:00:00,0.9992,0.9993,0.9991,0.9993,2913807.0,2025-10-20 19:59:59.999,2911627.25370000,179,1888534.00000000,1887208.42140000,0
2025-10-20 20:00:00,0.9992,0.9993,0.9991,0.9991,2259589.0,2025-10-20 20:59:59.999,2257782.51420000,51,12787.00000000,12778.03600000,0
2025-10-20 21:00:00,0.9991,0.9992,0.9991,0.9992,857488.0,2025-10-20 21:59:59.999,856788.31490000,126,720541.00000000,719964.56720000,0
2025-10-20 22:00:00,0.9991,0.9993,0.9991,0.9991,2506887.0,2025-10-20 22:59:59.999,2504914.13330000,125,1280779.00000000,1279788.44280000,0
2025-10-20 23:00:00,0.9991,0.9992,0.999,0.9991,9059459.0,2025-10-20 23:59:59.999,9051705.96540000,308,5104062.00000000,5099922.85460000,0
2025-10-21 00:00:00,0.9991,0.9993,0.9991,0.9992,12184356.0,2025-10-21 00:59:59.999,12174329.40100000,318,8842518.00000000,8835443.28280000,0
2025-10-21 01:00:00,0.9992,0.9993,0.999,0.999,23748161.0,2025-10-21 01:59:59.999,23726959.29760000,392,8499362.00000000,8492171.07250000,0
2025-10-21 02:00:00,0.999,0.9991,0.9989,0.999,53659088.0,2025-10-21 02:59:59.999,53605109.29870000,509,36588788.00000000,36552311.10510000,0
2025-10-21 03:00:00,0.999,0.999,0.9988,0.999,25463366.0,2025-10-21 03:59:59.999,25436876.26000000,316,17403142.00000000,17385520.51540000,0
2025-10-21 04:00:00,0.9989,0.9991,0.9989,0.999,82361548.0,2025-10-21 04:59:59.999,82277587.20030000,661,65477649.00000000,65412159.47670000,0
2025-10-21 05:00:00,0.999,0.9992,0.999,0.9991,62265220.0,2025-10-21 05:59:59.999,62209466.75050000,297,59610107.00000000,59556890.61140000,0
2025-10-21 06:00:00,0.9991,0.9992,0.9991,0.9991,18423145.0,2025-10-21 06:59:59.999,18407272.16180000,261,7079923.00000000,7074259.06160000,0
2025-10-21 07:00:00,0.9992,0.9992,0.9991,0.9991,11968169.0,2025-10-21 07:59:59.999,11958362.48590000,206,9648380.00000000,9640661.29600000,0
2025-10-21 08:00:00,0.9992,0.9992,0.9991,0.9992,15087312.0,2025-10-21 08:59:59.999,15074654.01690000,196,9205977.00000000,9198612.21840000,0
2025-10-21 09:00:00,0.9992,0.9993,0.9991,0.9993,24140236.0,2025-10-21 09:59:59.999,24121018.18560000,353,22006869.00000000,21989400.02060000,0
2025-10-21 10:00:00,0.9992,0.9993,0.9992,0.9992,3294387.0,2025-10-21 10:59:59.999,3291881.80130000,154,1303109.00000000,1302196.82370000,0
2025-10-21 11:00:00,0.9992,0.9993,0.9992,0.9993,17689265.0,2025-10-21 11:59:59.999,17676316.42870000,217,12028407.00000000,12019987.11510000,0
2025-10-21 12:00:00,0.9993,0.9993,0.9991,0.9992,9157192.0,2025-10-21 12:59:59.999,9149883.69670000,283,3358921.00000000,3356313.11890000,0
2025-10-21 13:00:00,0.9991,0.9993,0.9991,0.9992,42130647.0,2025-10-21 13:59:59.999,42098962.12400000,768,28813509.00000000,28792560.81970000,0
2025-10-21 14:00:00,0.9992,0.9993,0.9991,0.9992,20119516.0,2025-10-21 14:59:59.999,20103992.55470000,446,14314266.00000000,14303449.13980000,0
2025-10-21 15:00:00,0.9992,0.9993,0.9992,0.9993,2540833.0,2025-10-21 15:59:59.999,2538839.74410000,222,394105.00000000,393829.12650000,0
2025-10-21 16:00:00,0.9993,0.9993,0.9991,0.9992,6012513.0,2025-10-21 16:59:59.999,6007931.37530000,298,3042612.00000000,3040423.32420000,0
2025-10-21 17:00:00,0.9992,0.9993,0.9992,0.9993,2102285.0,2025-10-21 17:59:59.999,2100636.95530000,238,337833.00000000,337596.51690000,0
2025-10-21 18:00:00,0.9992,0.9993,0.9991,0.9992,3720584.0,2025-10-21 18:59:59.999,3717632.01790000,162,1684839.00000000,1683516.21170000,0
2025-10-21 19:00:00,0.9992,0.9993,0.9992,0.9993,7203298.0,2025-10-21 19:59:59.999,7198228.50460000,91,6931430.00000000,6926577.99900000,0
2025-10-21 20:00:00,0.9992,0.9993,0.9992,0.9992,2787557.0,2025-10-21 20:59:59.999,2785329.20030000,82,22459.00000000,22443.27870000,0
2025-10-21 21:00:00,0.9993,0.9993,0.9992,0.9993,59004.0,2025-10-21 21:59:59.999,58960.48560000,53,36888.00000000,36862.17840000,0
2025-10-21 22:00:00,0.9992,0.9993,0.9992,0.9992,532858.0,2025-10-21 22:59:59.999,532439.21540000,70,75018.00000000,74965.48740000,0
2025-10-21 23:00:00,0.9992,0.9993,0.9992,0.9993,1758276.0,2025-10-21 23:59:59.999,1756993.51550000,94,1241363.00000000,1240494.04590000,0
2025-10-22 00:00:00,0.9992,0.9993,0.9991,0.9992,6020976.0,2025-10-22 00:59:59.999,6016193.38110000,183,721846.00000000,721303.09840000,0
2025-10-22 01:00:00,0.9992,0.9993,0.9992,0.9992,2820270.0,2025-10-22 01:59:59.999,2818209.93260000,130,1961486.00000000,1960112.95980000,0
2025-10-22 02:00:00,0.9992,0.9993,0.9992,0.9992,6027846.0,2025-10-22 02:59:59.999,6023606.62030000,136,5828971.00000000,5824890.72030000,0
2025-10-22 03:00:00,0.9992,0.9993,0.9992,0.9993,17590752.0,2025-10-22 03:59:59.999,17578130.40800000,118,14510096.00000000,14499938.93280000,0
2025-10-22 04:00:00,0.9992,0.9993,0.9992,0.9992,24389657.0,2025-10-22 04:59:59.999,24372231.23810000,206,20859637.00000000,20845035.25410000,0
2025-10-22 05:00:00,0.9992,0.9993,0.9992,0.9992,15770366.0,2025-10-22 05:59:59.999,15757802.80150000,156,530943.00000000,530571.33990000,0
2025-10-22 06:00:00,0.9992,0.9993,0.9992,0.9992,11121249.0,2025-10-22 06:59:59.999,11112716.85540000,94,3648546.00000000,3645992.01780000,0
2025-10-22 07:00:00,0.9992,0.9993,0.9992,0.9993,4691237.0,2025-10-22 07:59:59.999,4687552.57820000,157,685678.00000000,685198.02540000,0
2025-10-22 08:00:00,0.9992,0.9993,0.9992,0.9993,2053208.0,2025-10-22 08:59:59.999,2051625.95090000,129,605173.00000000,604749.37890000,0
2025-10-22 09:00:00,0.9992,0.9993,0.9992,0.9992,6380114.0,2025-10-22 09:59:59.999,6375174.92440000,132,1650156.00000000,1649000.89080000,0
2025-10-22 10:00:00,0.9992,0.9993,0.9992,0.9992,4736577.0,2025-10-22 10:59:59.999,4732788.97640000,217,12380.00000000,12371.33400000,0
2025-10-22 11:00:00,0.9992,0.9993,0.9992,0.9993,2892273.0,2025-10-22 11:59:59.999,2890019.69600000,252,605144.00000000,604720.39920000,0
2025-10-22 12:00:00,0.9992,0.9993,0.9992,0.9992,3199016.0,2025-10-22 12:59:59.999,3196499.38770000,206,426005.00000000,425706.79650000,0
2025-10-22 13:00:00,0.9993,0.9993,0.9992,0.9992,2026787.0,2025-10-22 13:59:59.999,2025241.88360000,184,763132.00000000,762597.80760000,0
2025-10-22 14:00:00,0.9993,0.9993,0.9992,0.9992,9137066.0,2025-10-22 14:59:59.999,9130350.37120000,256,5940240.00000000,5936081.83200000,0
2025-10-22 15:00:00,0.9993,0.9993,0.9992,0.9992,4415894.0,2025-10-22 15:59:59.999,4412650.30760000,248,2890228.00000000,2888204.84040000,0
2025-10-22 16:00:00,0.9992,0.9993,0.9992,0.9993,1743787.0,2025-10-22 16:59:59.999,1742433.00550000,140,410351.00000000,410063.75430000,0
2025-10-22 17:00:00,0.9992,0.9993,0.9992,0.9992,2355634.0,2025-10-22 17:59:59.999,2353865.89590000,135,1164031.00000000,1163216.17830000,0
2025-10-22 18:00:00,0.9992,0.9993,0.9992,0.9992,3289730.0,2025-10-22 18:59:59.999,3287374.64340000,154,2764274.00000000,2762339.00820000,0
2025-10-22 19:00:00,0.9992,0.9993,0.9992,0.9992,1302726.0,2025-10-22 19:59:59.999,1301777.48030000,178,936611.00000000,935955.37230000,0
2025-10-22 20:00:00,0.9992,0.9993,0.9992,0.9992,1941546.0,2025-10-22 20:59:59.999,1939993.34200000,103,5788.00000000,5783.94840000,0
2025-10-22 21:00:00,0.9992,0.9993,0.9992,0.9992,3306750.0,2025-10-22 21:59:59.999,3304135.97510000,171,313751.00000000,313531.37430000,0
2025-10-22 22:00:00,0.9992,0.9993,0.9992,0.9992,790015.0,2025-10-22 22:59:59.999,789413.62510000,137,306371.00000000,306156.54030000,0
2025-10-22 23:00:00,0.9992,0.9993,0.9992,0.9992,511386.0,2025-10-22 23:59:59.999,511016.84620000,111,399550.00000000,399270.31500000,0
2025-10-23 00:00:00,0.9992,0.9993,0.9991,0.9991,19439311.0,2025-10-23 00:59:59.999,19423758.14770000,123,10039556.00000000,10031524.78160000,0
2025-10-23 01:00:00,0.9992,0.9992,0.9991,0.9992,35651252.0,2025-10-23 01:59:59.999,35622663.77840000,120,34979052.00000000,34951068.75840000,0
2025-10-23 02:00:00,0.9991,0.9993,0.9991,0.9992,13758763.0,2025-10-23 02:59:59.999,13747749.51190000,176,7002562.00000000,6996961.59900000,0
2025-10-23 03:00:00,0.9992,0.9993,0.9992,0.9992,11811646.0,2025-10-23 03:59:59.999,11803008.12880000,156,8114456.00000000,8108775.88080000,0
2025-10-23 04:00:00,0.9992,0.9993,0.9992,0.9992,6935026.0,2025-10-23 04:59:59.999,6929717.64320000,110,2396640.00000000,2394962.35200000,0
2025-10-23 05:00:00,0.9992,0.9993,0.9992,0.9992,678108.0,2025-10-23 05:59:59.999,677589.85360000,78,243400.00000000,243229.62000000,0
2025-10-23 06:00:00,0.9992,0.9993,0.9992,0.9993,6225163.0,2025-10-23 06:59:59.999,6220188.61850000,118,57489.00000000,57448.75770000,0
2025-10-23 07:00:00,0.9992,0.9993,0.9992,0.9992,2998597.0,2025-10-23 07:59:59.999,2996266.60620000,187,684838.00000000,684358.61340000,0
2025-10-23 08:00:00,0.9992,0.9993,0.9992,0.9993,18689114.0,2025-10-23 08:59:59.999,18674239.41570000,157,767069.00000000,766532.05170000,0
2025-10-23 09:00:00,0.9993,0.9993,0.9992,0.9992,3282071.0,2025-10-23 09:59:59.999,3279487.26390000,146,419207.00000000,418913.55510000,0
2025-10-23 10:00:00,0.9993,0.9993,0.9992,0.9993,3383961.0,2025-10-23 10:59:59.999,3381298.55340000,134,447222.00000000,446908.94460000,0
2025-10-23 11:00:00,0.9993,0.9993,0.9992,0.9992,4464243.0,2025-10-23 11:59:59.999,4460812.04550000,105,1404399.00000000,1403415.92070000,0
2025-10-23 12:00:00,0.9993,0.9993,0.9992,0.9993,1721873.0,2025-10-23 12:59:59.999,1720614.73360000,120,1192320.00000000,1191485.37600000,0
2025-10-23 13:00:00,0.9993,0.9993,0.9992,0.9993,17095809.0,2025-10-23 13:59:59.999,17082902.83320000,309,7704804.00000000,7699410.63720000,0
2025-10-23 14:00:00,0.9993,0.9993,0.9992,0.9992,6836903.0,2025-10-23 14:59:59.999,6831655.90950000,239,2224319.00000000,2222761.97670000,0
2025-10-23 15:00:00,0.9993,0.9993,0.9992,0.9992,14635688.0,2025-10-23 15:59:59.999,14624088.97660000,278,1095270.00000000,1094503.31100000,0
2025-10-23 16:00:00,0.9992,0.9993,0.9991,0.9992,4420829.0,2025-10-23 16:59:59.999,4417294.39550000,208,1110922.00000000,1110046.07250000,0
2025-10-23 17:00:00,0.9993,0.9993,0.9992,0.9993,5971722.0,2025-10-23 17:59:59.999,5966980.90680000,118,362844.00000000,362590.00920000,0
2025-10-23 18:00:00,0.9992,0.9993,0.9992,0.9992,642862.0,2025-10-23 18:59:59.999,642366.33090000,98,186205.00000000,186074.65650000,0
2025-10-23 19:00:00,0.9992,0.9993,0.9992,0.9992,3172406.0,2025-10-23 19:59:59.999,3169942.22700000,82,741518.00000000,740998.93740000,0
2025-10-23 20:00:00,0.9992,0.9993,0.9992,0.9992,1377726.0,2025-10-23 20:59:59.999,1376629.13370000,98,53145.00000000,53107.79850000,0
2025-10-23 21:00:00,0.9992,0.9993,0.9992,0.9992,518370.0,2025-10-23 21:59:59.999,517955.52220000,84,2182.00000000,2180.47260000,0
2025-10-23 22:00:00,0.9992,0.9993,0.9992,0.9992,57512.0,2025-10-23 22:59:59.999,57466.64680000,146,6564.00000000,6559.40520000,0
2025-10-23 23:00:00,0.9992,0.9993,0.9992,0.9992,1678721.0,2025-10-23 23:59:59.999,1677383.66260000,314,56394.00000000,56354.52420000,0
2025-10-24 00:00:00,0.9992,0.9993,0.9992,0.9992,3345322.0,2025-10-24 00:59:59.999,3342795.43460000,240,1496922.00000000,1495874.15460000,0
2025-10-24 01:00:00,0.9992,0.9993,0.9991,0.9992,28694599.0,2025-10-24 01:59:59.999,28671387.84920000,333,9437747.00000000,9430203.28820000,0
2025-10-24 02:00:00,0.9992,0.9993,0.9991,0.9992,8177593.0,2025-10-24 02:59:59.999,8171075.32000000,145,6296773.00000000,6291760.72940000,0
2025-10-24 03:00:00,0.9992,0.9993,0.9992,0.9993,4179238.0,2025-10-24 03:59:59.999,4176019.38730000,108,1247777.00000000,1246903.55610000,0
2025-10-24 04:00:00,0.9993,0.9993,0.9992,0.9992,1700149.0,2025-10-24 04:59:59.999,1698936.45910000,128,1475783.00000000,1474749.95190000,0
2025-10-24 05:00:00,0.9993,0.9993,0.9992,0.9993,6508803.0,2025-10-24 05:59:59.999,6503673.87880000,141,779212.00000000,778666.55160000,0
2025-10-24 06:00:00,0.9992,0.9993,0.9992,0.9993,2332232.0,2025-10-24 06:59:59.999,2330549.56010000,212,1833457.00000000,1832173.58010000,0
2025-10-24 07:00:00,0.9993,0.9993,0.9992,0.9992,1358493.0,2025-10-24 07:59:59.999,1357464.68290000,249,584773.00000000,584363.65890000,0
2025-10-24 08:00:00,0.9992,0.9993,0.9992,0.9992,8747866.0,2025-10-24 08:59:59.999,8741585.07270000,145,7173655.00000000,7168633.44150000,0
2025-10-24 09:00:00,0.9992,0.9993,0.9992,0.9993,8443162.0,2025-10-24 09:59:59.999,8437168.48030000,212,7610099.00000000,7604771.93070000,0
2025-10-24 10:00:00,0.9993,0.9993,0.9992,0.9993,2547915.0,2025-10-24 10:59:59.999,2545899.91570000,240,232477.00000000,232314.26610000,0
2025-10-24 11:00:00,0.9992,0.9993,0.9992,0.9993,756978.0,2025-10-24 11:59:59.999,756394.04780000,97,216302.00000000,216150.58860000,0
2025-10-24 12:00:00,0.9993,0.9993,0.9992,0.9992,1353811.0,2025-10-24 12:59:59.999,1352792.56440000,118,646132.00000000,645679.70760000,0
2025-10-24 13:00:00,0.9992,0.9993,0.9992,0.9992,623236.0,2025-10-24 13:59:59.999,622761.30310000,148,238919.00000000,238751.75670000,0
2025-10-24 14:00:00,0.9992,0.9993,0.9992,0.9992,1129473.0,2025-10-24 14:59:59.999,1128620.98580000,225,515642.00000000,515281.05060000,0
2025-10-24 15:00:00,0.9993,0.9993,0.9992,0.9993,879946.0,2025-10-24 15:59:59.999,879247.24950000,94,52063.00000000,52026.55590000,0
2025-10-24 16:00:00,0.9992,0.9993,0.9992,0.9993,2064231.0,2025-10-24 16:59:59.999,2062730.03120000,77,1504160.00000000,1503107.08800000,0
2025-10-24 17:00:00,0.9993,0.9993,0.9992,0.9993,585060.0,2025-10-24 17:59:59.999,584596.13100000,63,41790.00000000,41760.74700000,0
2025-10-24 18:00:00,0.9992,0.9993,0.9992,0.9992,174496.0,2025-10-24 18:59:59.999,174362.96650000,42,65633.00000000,65587.05690000,0
2025-10-24 19:00:00,0.9992,0.9993,0.9992,0.9993,2514045.0,2025-10-24 19:59:59.999,2512067.20720000,265,334432.00000000,334197.89760000,0
2025-10-24 20:00:00,0.9992,0.9993,0.9992,0.9993,2989747.0,2025-10-24 20:59:59.999,2987650.15070000,42,2949483.00000000,2947418.36190000,0
2025-10-24 21:00:00,0.9992,0.9993,0.9992,0.9992,113845.0,2025-10-24 21:59:59.999,113763.50410000,73,95801.00000000,95733.93930000,0
2025-10-24 22:00:00,0.9992,0.9993,0.9992,0.9992,329196.0,2025-10-24 22:59:59.999,328933.85660000,111,12134.00000000,12125.50620000,0
2025-10-24 23:00:00,0.9993,0.9993,0.9992,0.9993,12283075.0,2025-10-24 23:59:59.999,12274433.78390000,146,11852439.00000000,11844142.29270000,0
2025-10-25 00:00:00,0.9992,0.9993,0.9992,0.9992,397363.0,2025-10-25 00:59:59.999,397057.72740000,141,126178.00000000,126089.67540000,0
2025-10-25 01:00:00,0.9993,0.9993,0.9992,0.9993,104263.0,2025-10-25 01:59:59.999,104182.17430000,95,25847.00000000,25828.90710000,0
2025-10-25 02:00:00,0.9992,0.9993,0.9992,0.9992,1538675.0,2025-10-25 02:59:59.999,1537447.16070000,136,31007.00000000,30985.29510000,0
2025-10-25 03:00:00,0.9992,0.9993,0.9992,0.9992,1340854.0,2025-10-25 03:59:59.999,1339842.57240000,209,612556.00000000,612127.21080000,0
2025-10-25 04:00:00,0.9992,0.9993,0.9992,0.9992,1774903.0,2025-10-25 04:59:59.999,1773497.33460000,157,142570.00000000,142470.20100000,0
2025-10-25 05:00:00,0.9993,0.9993,0.9992,0.9992,3263756.0,2025-10-25 05:59:59.999,3261390.50240000,114,2455072.00000000,2453353.44960000,0
2025-10-25 06:00:00,0.9992,0.9993,0.9991,0.9992,10299727.0,2025-10-25 06:59:59.999,10291493.35820000,173,946439.00000000,945688.32870000,0
2025-10-25 07:00:00,0.9992,0.9993,0.9992,0.9992,13522556.0,2025-10-25 07:59:59.999,13512757.24770000,162,10192925.00000000,10185789.95250000,0
2025-10-25 08:00:00,0.9992,0.9993,0.9992,0.9993,17572470.0,2025-10-25 08:59:59.999,17558455.61900000,211,435950.00000000,435644.83500000,0
2025-10-25 09:00:00,0.9993,0.9993,0.9992,0.9992,2821538.0,2025-10-25 09:59:59.999,2819375.33880000,93,945692.00000000,945030.01560000,0
2025-10-25 10:00:00,0.9992,0.9993,0.9992,0.9992,2872225.0,2025-10-25 10:59:59.999,2870099.21090000,66,1719909.00000000,1718705.06370000,0
2025-10-25 11:00:00,0.9992,0.9993,0.9992,0.9992,3428444.0,2025-10-25 11:59:59.999,3425701.66130000,103,4165.00000000,4162.08450000,0
2025-10-25 12:00:00,0.9993,0.9993,0.9992,0.9992,544662.0,2025-10-25 12:59:59.999,544245.46560000,74,191952.00000000,191817.63360000,0
2025-10-25 13:00:00,0.9993,0.9993,0.9992,0.9992,780961.0,2025-10-25 13:59:59.999,780390.10030000,97,538691.00000000,538313.91630000,0
2025-10-25 14:00:00,0.9992,0.9993,0.9992,0.9992,673571.0,2025-10-25 14:59:59.999,673052.34370000,119,202005.00000000,201863.59650000,0
2025-10-25 15:00:00,0.9993,0.9993,0.9992,0.9993,2253231.0,2025-10-25 15:59:59.999,2251439.72550000,208,113103.00000000,113023.82790000,0
2025-10-25 16:00:00,0.9993,0.9993,0.9992,0.9992,525531.0,2025-10-25 16:59:59.999,525150.43450000,96,398593.00000000,398313.98490000,0
2025-10-25 17:00:00,0.9992,0.9993,0.9992,0.9993,354252.0,2025-10-25 17:59:59.999,353971.03020000,91,24318.00000000,24300.97740000,0
2025-10-25 18:00:00,0.9993,0.9993,0.9992,0.9993,1208120.0,2025-10-25 18:59:59.999,1207155.17340000,138,16694.00000000,16682.31420000,0
2025-10-25 19:00:00,0.9993,0.9993,0.9992,0.9993,451781.0,2025-10-25 19:59:59.999,451420.02360000,60,4484.00000000,4480.86120000,0
2025-10-25 20:00:00,0.9992,0.9993,0.9992,0.9992,60959.0,2025-10-25 20:59:59.999,60911.50440000,57,12716.00000000,12707.09880000,0
2025-10-25 21:00:00,0.9993,0.9993,0.9992,0.9993,45035.0,2025-10-25 21:59:59.999,45002.43940000,325,34674.00000000,34649.72820000,0
2025-10-25 22:00:00,0.9993,0.9993,0.9992,0.9992,63517.0,2025-10-25 22:59:59.999,63470.18720000,840,40008.00000000,39979.99440000,0
2025-10-25 23:00:00,0.9992,0.9993,0.9992,0.9992,412817.0,2025-10-25 23:59:59.999,412506.99060000,32,202442.00000000,202300.29060000,0
2025-10-26 00:00:00,0.9992,0.9993,0.9992,0.9993,2568079.0,2025-10-26 00:59:59.999,2566026.12620000,71,15894.00000000,15882.87420000,0
2025-10-26 01:00:00,0.9992,0.9993,0.9992,0.9992,712389.0,2025-10-26 01:59:59.999,711819.96330000,52,8745.00000000,8738.87850000,0
2025-10-26 02:00:00,0.9993,0.9993,0.9992,0.9992,3217038.0,2025-10-26 02:59:59.999,3214470.41230000,66,60427.00000000,60384.70110000,0
2025-10-26 03:00:00,0.9992,0.9993,0.9992,0.9993,182889.0,2025-10-26 03:59:59.999,182753.02300000,100,103342.00000000,103269.66060000,0
2025-10-26 04:00:00,0.9993,0.9993,0.9992,0.9993,348530.0,2025-10-26 04:59:59.999,348263.97820000,60,128022.00000000,127932.38460000,0
2025-10-26 05:00:00,0.9993,0.9993,0.9992,0.9992,676150.0,2025-10-26 05:59:59.999,675611.26520000,97,21852.00000000,21836.70360000,0
2025-10-26 06:00:00,0.9992,0.9993,0.9992,0.9992,6478782.0,2025-10-26 06:59:59.999,6473632.84330000,111,338689.00000000,338451.91770000,0
2025-10-26 07:00:00,0.9992,0.9993,0.9992,0.9993,132397.0,2025-10-26 07:59:59.999,132297.27910000,81,61967.00000000,61923.62310000,0
2025-10-26 08:00:00,0.9993,0.9993,0.9992,0.9993,14602969.0,2025-10-26 08:59:59.999,14592570.29490000,158,12836701.00000000,12827715.30930000,0
2025-10-26 09:00:00,0.9992,0.9993,0.9992,0.9992,3695199.0,2025-10-26 09:59:59.999,3692579.91590000,75,3370751.00000000,3368391.47430000,0
2025-10-26 10:00:00,0.9992,0.9993,0.9992,0.9992,3515050.0,2025-10-26 10:59:59.999,3512380.25790000,84,1422979.00000000,1421982.91470000,0
2025-10-26 11:00:00,0.9993,0.9993,0.9992,0.9992,2185058.0,2025-10-26 11:59:59.999,2183315.31910000,113,53655.00000000,53617.44150000,0
2025-10-26 12:00:00,0.9993,0.9993,0.9992,0.9993,9788414.0,2025-10-26 12:59:59.999,9780593.74170000,160,104729.00000000,104655.68970000,0
2025-10-26 13:00:00,0.9992,0.9993,0.9992,0.9992,17968711.0,2025-10-26 13:59:59.999,17954397.24890000,107,612177.00000000,611748.47610000,0
2025-10-26 14:00:00,0.9992,0.9993,0.9991,0.9993,6599291.0,2025-10-26 14:59:59.999,6594018.63610000,152,334318.00000000,334058.54960000,0
2025-10-26 15:00:00,0.9993,0.9993,0.9992,0.9992,7303748.0,2025-10-26 15:59:59.999,7297960.01240000,111,550108.00000000,549722.92440000,0
2025-10-26 16:00:00,0.9993,0.9993,0.9992,0.9992,1563697.0,2025-10-26 16:59:59.999,1562478.33460000,82,322922.00000000,322695.95460000,0
2025-10-26 17:00:00,0.9993,0.9993,0.9992,0.9993,1268025.0,2025-10-26 17:59:59.999,1267020.56640000,93,99864.00000000,99794.09520000,0
2025-10-26 18:00:00,0.9992,0.9993,0.9992,0.9993,597783.0,2025-10-26 18:59:59.999,597305.70440000,115,9308.00000000,9301.48440000,0
2025-10-26 19:00:00,0.9992,0.9993,0.9992,0.9993,107251.0,2025-10-26 19:59:59.999,107166.51670000,70,13175.00000000,13165.77750000,0
2025-10-26 20:00:00,0.9992,0.9993,0.9992,0.9992,89335.0,2025-10-26 20:59:59.999,89271.51810000,93,79861.00000000,79805.09730000,0
2025-10-26 21:00:00,0.9992,0.9993,0.9992,0.9992,194168.0,2025-10-26 21:59:59.999,194013.46860000,86,8030.00000000,8024.37900000,0
2025-10-26 22:00:00,0.9992,0.9993,0.9992,0.9992,1940577.0,2025-10-26 22:59:59.999,1939070.28030000,147,457419.00000000,457098.80670000,0
2025-10-26 23:00:00,0.9992,0.9993,0.9992,0.9993,2868129.0,2025-10-26 23:59:59.999,2865843.28230000,78,87855.00000000,87793.50150000,0
2025-10-27 00:00:00,0.9993,0.9993,0.9992,0.9992,16298091.0,2025-10-27 00:59:59.999,16286178.25100000,150,11257238.00000000,11249357.93340000,0
2025-10-27 01:00:00,0.9992,0.9993,0.9992,0.9993,13302074.0,2025-10-27 01:59:59.999,13292031.54540000,92,5992046.00000000,5987851.56780000,0
2025-10-27 02:00:00,0.9992,0.9993,0.9992,0.9992,1406122.0,2025-10-27 02:59:59.999,1405023.08820000,88,259858.00000000,259676.09940000,0
2025-10-27 03:00:00,0.9993,0.9993,0.9992,0.9993,758612.0,2025-10-27 03:59:59.999,758009.04750000,197,39371.00000000,39343.44030000,0
2025-10-27 04:00:00,0.9992,0.9993,0.9992,0.9992,17980366.0,2025-10-27 04:59:59.999,17965989.37820000,213,76710.00000000,76656.30300000,0
2025-10-27 05:00:00,0.9993,0.9993,0.9991,0.9992,28966986.0,2025-10-27 05:59:59.999,28944580.88410000,253,8874403.00000000,8868073.13480000,0
2025-10-27 06:00:00,0.9993,0.9993,0.9992,0.9992,5452449.0,2025-10-27 06:59:59.999,5448220.02190000,220,1329811.00000000,1328880.13230000,0
2025-10-27 07:00:00,0.9993,0.9993,0.9992,0.9992,5955628.0,2025-10-27 07:59:59.999,5951093.14570000,156,2296481.00000000,2294873.46330000,0
2025-10-27 08:00:00,0.9993,0.9993,0.9992,0.9992,27793568.0,2025-10-27 08:59:59.999,27773370.30030000,308,20371547.00000000,20357286.91710000,0
2025-10-27 09:00:00,0.9993,0.9993,0.9992,0.9993,4944704.0,2025-10-27 09:59:59.999,4940912.86210000,193,1646253.00000000,1645100.62290000,0
2025-10-27 10:00:00,0.9992,0.9993,0.9992,0.9993,3759692.0,2025-10-27 10:59:59.999,3756781.07760000,211,968312.00000000,967634.18160000,0
2025-10-27 11:00:00,0.9993,0.9993,0.9992,0.9993,9033111.0,2025-10-27 11:59:59.999,9025904.60170000,288,200905.00000000,200764.36650000,0
2025-10-27 12:00:00,0.9993,0.9993,0.9992,0.9993,10051942.0,2025-10-27 12:59:59.999,10044137.66740000,256,2372210.00000000,2370549.45300000,0
2025-10-27 13:00:00,0.9992,0.9993,0.9992,0.9992,1825471.0,2025-10-27 13:59:59.999,1824051.70990000,249,410867.00000000,410579.39310000,0
2025-10-27 14:00:00,0.9993,0.9993,0.9991,0.9992,22066110.0,2025-10-27 14:59:59.999,22048577.27900000,306,4154728.00000000,4151568.90770000,0
2025-10-27 15:00:00,0.9992,0.9993,0.9992,0.9992,5436405.0,2025-10-27 15:59:59.999,5432119.61090000,98,637349.00000000,636902.85570000,0
2025-10-27 16:00:00,0.9993,0.9993,0.9991,0.9992,13355679.0,2025-10-27 16:59:59.999,13345002.40690000,155,932088.00000000,931350.46140000,0
2025-10-27 17:00:00,0.9991,0.9993,0.9991,0.9992,15649726.0,2025-10-27 17:59:59.999,15637222.22620000,208,12668109.00000000,12658032.60510000,0
2025-10-27 18:00:00,0.9992,0.9993,0.9992,0.9993,1163021.0,2025-10-27 18:59:59.999,1162140.72510000,137,501419.00000000,501068.00670000,0
2025-10-27 19:00:00,0.9992,0.9993,0.9992,0.9992,592332.0,2025-10-27 19:59:59.999,591869.89240000,80,117580.00000000,117497.69400000,0
2025-10-27 20:00:00,0.9992,0.9993,0.9992,0.9992,798417.0,2025-10-27 20:59:59.999,797778.62440000,94,3580.00000000,3577.49400000,0
2025-10-27 21:00:00,0.9992,0.9993,0.9992,0.9993,88121.0,2025-10-27 21:59:59.999,88051.07610000,85,5729.00000000,5724.98970000,0
2025-10-27 22:00:00,0.9993,0.9993,0.9992,0.9992,253238.0,2025-10-27 22:59:59.999,253037.13220000,120,17226.00000000,17213.94180000,0
2025-10-27 23:00:00,0.9992,0.9993,0.9992,0.9992,472991.0,2025-10-27 23:59:59.999,472636.52310000,156,239159.00000000,238991.58870000,0
2025-10-28 00:00:00,0.9992,0.9993,0.9992,0.9992,2359313.0,2025-10-28 00:59:59.999,2357535.89230000,149,1103427.00000000,1102654.60110000,0
2025-10-28 01:00:00,0.9992,0.9993,0.9992,0.9992,4542773.0,2025-10-28 01:59:59.999,4539142.47230000,162,36907.00000000,36881.16510000,0
2025-10-28 02:00:00,0.9993,0.9993,0.9992,0.9992,1034908.0,2025-10-28 02:59:59.999,1034094.28370000,153,142101.00000000,142001.52930000,0
2025-10-28 03:00:00,0.9992,0.9993,0.9992,0.9993,663766.0,2025-10-28 03:59:59.999,663275.21330000,155,402261.00000000,401979.41730000,0
2025-10-28 04:00:00,0.9992,0.9993,0.9992,0.9992,221732.0,2025-10-28 04:59:59.999,221560.46880000,134,58544.00000000,58503.01920000,0
2025-10-28 05:00:00,0.9992,0.9993,0.9992,0.9992,509921.0,2025-10-28 05:59:59.999,509527.19560000,91,141324.00000000,141225.07320000,0
2025-10-28 06:00:00,0.9992,0.9993,0.9992,0.9993,3490940.0,2025-10-28 06:59:59.999,3488412.75900000,154,2655110.00000000,2653251.42300000,0
2025-10-28 07:00:00,0.9992,0.9993,0.9992,0.9992,2288016.0,2025-10-28 07:59:59.999,2286225.75140000,75,401642.00000000,401360.85060000,0
2025-10-28 08:00:00,0.9992,0.9993,0.9992,0.9992,888100.0,2025-10-28 08:59:59.999,887402.48790000,106,129679.00000000,129588.22470000,0
2025-10-28 09:00:00,0.9992,0.9993,0.9992,0.9992,809336.0,2025-10-28 09:59:59.999,808691.44050000,74,29093.00000000,29072.63490000,0
2025-10-28 10:00:00,0.9992,0.9993,0.9992,0.9992,439729.0,2025-10-28 10:59:59.999,439392.55020000,73,153334.00000000,153226.66620000,0
2025-10-28 11:00:00,0.9992,0.9993,0.9992,0.9992,405753.0,2025-10-28 11:59:59.999,405429.48490000,54,10873.00000000,10865.38890000,0
2025-10-28 12:00:00,0.9993,0.9993,0.9992,0.9992,25534126.0,2025-10-28 12:59:59.999,25516197.29320000,139,24985940.00000000,24968449.84200000,0
2025-10-28 13:00:00,0.9993,0.9993,0.9992,0.9993,7599910.0,2025-10-28 13:59:59.999,7594346.36280000,154,5162908.00000000,5159293.96440000,0
2025-10-28 14:00:00,0.9992,0.9993,0.9992,0.9992,19111250.0,2025-10-28 14:59:59.999,19097627.00310000,132,16660031.00000000,16648368.97830000,0
2025-10-28 15:00:00,0.9992,0.9993,0.9992,0.9993,2976496.0,2025-10-28 15:59:59.999,2974259.19180000,134,1443886.00000000,1442875.27980000,0
2025-10-28 16:00:00,0.9993,0.9993,0.9992,0.9992,1925393.0,2025-10-28 16:59:59.999,1924030.64720000,115,1779616.00000000,1778370.26880000,0
2025-10-28 17:00:00,0.9993,0.9993,0.9992,0.9992,6084085.0,2025-10-28 17:59:59.999,6079818.97070000,107,6012387.00000000,6008178.32910000,0
2025-10-28 18:00:00,0.9993,0.9993,0.9992,0.9992,5123658.0,2025-10-28 18:59:59.999,5119860.85580000,106,3017822.00000000,3015709.52460000,0
2025-10-28 19:00:00,0.9993,0.9993,0.9992,0.9992,310328.0,2025-10-28 19:59:59.999,310086.87560000,109,71380.00000000,71330.03400000,0
2025-10-28 20:00:00,0.9992,0.9993,0.9992,0.9992,2168917.0,2025-10-28 20:59:59.999,2167367.49930000,120,1856329.00000000,1855029.56970000,0
2025-10-28 21:00:00,0.9992,0.9993,0.9992,0.9992,253384.0,2025-10-28 21:59:59.999,253189.58960000,96,82968.00000000,82909.92240000,0
2025-10-28 22:00:00,0.9992,0.9993,0.9992,0.9992,672350.0,2025-10-28 22:59:59.999,671830.18170000,87,180617.00000000,180490.56810000,0
2025-10-28 23:00:00,0.9992,0.9993,0.9992,0.9992,287484.0,2025-10-28 23:59:59.999,287255.64960000,130,16368.00000000,16356.54240000,0
2025-10-29 00:00:00,0.9992,0.9993,0.9992,0.9992,3404964.0,2025-10-29 00:59:59.999,3402256.18280000,105,161540.00000000,161426.92200000,0
2025-10-29 01:00:00,0.9992,0.9993,0.9992,0.9992,816253.0,2025-10-29 01:59:59.999,815610.89080000,98,108932.00000000,108855.74760000,0
2025-10-29 02:00:00,0.9992,0.9993,0.9992,0.9993,15008002.0,2025-10-29 02:59:59.999,14996586.84880000,134,5912504.00000000,5908365.24720000,0
2025-10-29 03:00:00,0.9993,0.9993,0.9992,0.9992,1841403.0,2025-10-29 03:59:59.999,1839931.58430000,49,17067.00000000,17055.05310000,0
2025-10-29 04:00:00,0.9993,0.9993,0.9992,0.9992,8605258.0,2025-10-29 04:59:59.999,8598886.91330000,74,5131197.00000000,5127605.16210000,0
2025-10-29 05:00:00,0.9992,0.9993,0.9992,0.9992,3624711.0,2025-10-29 05:59:59.999,3621855.15360000,92,439224.00000000,438916.54320000,0
2025-10-29 06:00:00,0.9992,0.9993,0.9992,0.9992,387835.0,2025-10-29 06:59:59.999,387527.91610000,112,31841.00000000,31818.71130000,0
2025-10-29 07:00:00,0.9992,0.9993,0.9992,0.9993,14411743.0,2025-10-29 07:59:59.999,14401461.65090000,137,12480453.00000000,12471716.68290000,0
2025-10-29 08:00:00,0.9992,0.9993,0.9992,0.9993,15368649.0,2025-10-29 08:59:59.999,15357237.93160000,139,8838508.00000000,8832321.04440000,0
2025-10-29 09:00:00,0.9993,0.9993,0.9992,0.9992,18611691.0,2025-10-29 09:59:59.999,18598348.57250000,217,15469253.00000000,15458424.52290000,0
2025-10-29 10:00:00,0.9992,0.9993,0.9992,0.9992,11568018.0,2025-10-29 10:59:59.999,11559787.87160000,225,10242860.00000000,10235689.99800000,0
2025-10-29 11:00:00,0.9992,0.9993,0.9992,0.9993,5481227.0,2025-10-29 11:59:59.999,5477351.96650000,107,5099481.00000000,5095911.36330000,0
2025-10-29 12:00:00,0.9992,0.9993,0.9992,0.9992,1718371.0,2025-10-29 12:59:59.999,1717159.42360000,95,1631204.00000000,1630062.15720000,0
2025-10-29 13:00:00,0.9993,0.9993,0.9992,0.9992,8348229.0,2025-10-29 13:59:59.999,8342352.22800000,179,8018112.00000000,8012499.32160000,0
2025-10-29 14:00:00,0.9993,0.9993,0.9992,0.9992,2548780.0,2025-10-29 14:59:59.999,2546832.01180000,184,910358.00000000,909720.74940000,0
2025-10-29 15:00:00,0.9993,0.9993,0.9992,0.9992,1079636.0,2025-10-29 15:59:59.999,1078781.69930000,104,94081.00000000,94015.14330000,0
2025-10-29 16:00:00,0.9992,0.9993,0.9992,0.9992,3086991.0,2025-10-29 16:59:59.999,3084815.24290000,93,2938357.00000000,2936300.15010000,0
2025-10-29 17:00:00,0.9992,0.9993,0.9992,0.9993,1189511.0,2025-10-29 17:59:59.999,1188592.64080000,59,332496.00000000,332263.25280000,0
2025-10-29 18:00:00,0.9993,0.9993,0.9992,0.9992,6680799.0,2025-10-29 18:59:59.999,6675566.60600000,133,1122452.00000000,1121666.28360000,0
2025-10-29 19:00:00,0.9992,0.9993,0.9992,0.9993,8469676.0,2025-10-29 19:59:59.999,8463738.78840000,127,8385292.00000000,8379422.29560000,0
2025-10-29 20:00:00,0.9992,0.9993,0.9992,0.9992,721516.0,2025-10-29 20:59:59.999,720943.20970000,134,44225.00000000,44194.04250000,0
2025-10-29 21:00:00,0.9992,0.9993,0.9992,0.9992,1211580.0,2025-10-29 21:59:59.999,1210671.23100000,90,604950.00000000,604526.53500000,0
2025-10-29 22:00:00,0.9992,0.9993,0.9992,0.9992,1637421.0,2025-10-29 22:59:59.999,1636162.90580000,90,518426.00000000,518063.10180000,0
2025-10-29 23:00:00,0.9992,0.9993,0.9992,0.9993,3526800.0,2025-10-29 23:59:59.999,3524282.58710000,145,3040271.00000000,3038142.81030000,0
2025-10-30 00:00:00,0.9992,0.9993,0.9992,0.9992,2268109.0,2025-10-30 00:59:59.999,2266356.67000000,135,621572.00000000,621136.89960000,0
2025-10-30 01:00:00,0.9992,0.9993,0.9992,0.9993,7643643.0,2025-10-30 01:59:59.999,7637953.85590000,108,4257703.00000000,4254722.60790000,0
2025-10-30 02:00:00,0.9993,0.9993,0.9992,0.9992,1655342.0,2025-10-30 02:59:59.999,1654111.39250000,138,936661.00000000,936005.33730000,0
2025-10-30 03:00:00,0.9992,0.9993,0.9992,0.9992,349663.0,2025-10-30 03:59:59.999,349391.40480000,111,81352.00000000,81295.05360000,0
2025-10-30 04:00:00,0.9992,0.9993,0.9992,0.9992,2173602.0,2025-10-30 04:59:59.999,2171911.64640000,158,485280.00000000,484940.30400000,0
2025-10-30 05:00:00,0.9993,0.9993,0.9992,0.9992,3602948.0,2025-10-30 05:59:59.999,3600091.60970000,161,259681.00000000,259499.22330000,0
2025-10-30 06:00:00,0.9993,0.9993,0.9992,0.9992,2423886.0,2025-10-30 06:59:59.999,2421970.40990000,103,235187.00000000,235022.36910000,0
2025-10-30 07:00:00,0.9992,0.9993,0.9992,0.9993,6576713.0,2025-10-30 07:59:59.999,6571479.38970000,151,277601.00000000,277406.67930000,0
2025-10-30 08:00:00,0.9992,0.9993,0.9992,0.9992,2741304.0,2025-10-30 08:59:59.999,2739135.00690000,84,240501.00000000,240332.64930000,0
2025-10-30 09:00:00,0.9993,0.9993,0.9992,0.9992,2020811.0,2025-10-30 09:59:59.999,2019239.50700000,71,451558.00000000,451241.90940000,0
2025-10-30 10:00:00,0.9993,0.9993,0.9992,0.9992,1086638.0,2025-10-30 10:59:59.999,1085795.84610000,137,271565.00000000,271374.90450000,0
2025-10-30 11:00:00,0.9993,0.9993,0.9992,0.9992,1331923.0,2025-10-30 11:59:59.999,1330916.75750000,58,592959.00000000,592543.92870000,0
2025-10-30 12:00:00,0.9992,0.9993,0.9992,0.9992,20053485.0,2025-10-30 12:59:59.999,20038453.01890000,270,10108069.00000000,10100993.35170000,0
2025-10-30 13:00:00,0.9993,0.9993,0.9992,0.9992,10519369.0,2025-10-30 13:59:59.999,10511770.24940000,275,8167446.00000000,8161728.78780000,0
2025-10-30 14:00:00,0.9992,0.9993,0.9992,0.9992,2487144.0,2025-10-30 14:59:59.999,2485325.10150000,156,1708167.00000000,1706971.28310000,0
2025-10-30 15:00:00,0.9993,0.9993,0.9992,0.9992,417870.0,2025-10-30 15:59:59.999,417549.98370000,85,142797.00000000,142697.04210000,0
2025-10-30 16:00:00,0.9992,0.9993,0.9992,0.9992,6113273.0,2025-10-30 16:59:59.999,6108764.14600000,109,3817644.00000000,3814971.64920000,0
2025-10-30 17:00:00,0.9993,0.9993,0.9992,0.9993,6157486.0,2025-10-30 17:59:59.999,6152772.59730000,145,2125861.00000000,2124372.89730000,0
2025-10-30 18:00:00,0.9992,0.9993,0.9992,0.9992,7968598.0,2025-10-30 18:59:59.999,7962334.60890000,151,1114873.00000000,1114092.58890000,0
2025-10-30 19:00:00,0.9992,0.9993,0.9992,0.9992,8164394.0,2025-10-30 19:59:59.999,8158179.98610000,298,1986979.00000000,1985588.11470000,0
2025-10-30 20:00:00,0.9992,0.9993,0.9992,0.9992,870028.0,2025-10-30 20:59:59.999,869332.81220000,96,8346.00000000,8340.15780000,0
2025-10-30 21:00:00,0.9992,0.9993,0.9992,0.9993,2696661.0,2025-10-30 21:59:59.999,2694754.12760000,79,2504564.00000000,2502810.80520000,0
2025-10-30 22:00:00,0.9993,0.9994,0.9992,0.9992,1964409.0,2025-10-30 22:59:59.999,1963082.59190000,175,1423632.00000000,1422684.27780000,0
2025-10-30 23:00:00,0.9992,0.9995,0.9992,0.9995,42305474.0,2025-10-30 23:59:59.999,42281042.07010000,349,42222801.00000000,42198429.27430000,0
2025-10-31 00:00:00,0.9995,0.9995,0.9992,0.9992,3773337.0,2025-10-31 00:59:59.999,3770791.83500000,329,1081327.00000000,1080637.40130000,0
2025-10-31 01:00:00,0.9992,0.9994,0.9992,0.9993,1371581.0,2025-10-31 01:59:59.999,1370699.05100000,175,1140928.00000000,1140208.68680000,0
2025-10-31 02:00:00,0.9994,0.9995,0.9993,0.9993,2251957.0,2025-10-31 02:59:59.999,2250612.91090000,156,1972864.00000000,1971711.33480000,0
2025-10-31 03:00:00,0.9994,0.9995,0.9993,0.9993,1715543.0,2025-10-31 03:59:59.999,1714403.53770000,330,340159.00000000,339955.49050000,0
2025-10-31 04:00:00,0.9993,0.9994,0.9992,0.9993,7552250.0,2025-10-31 04:59:59.999,7546923.17110000,138,1528491.00000000,1527421.27360000,0
2025-10-31 05:00:00,0.9993,0.9993,0.9992,0.9992,5322988.0,2025-10-31 05:59:59.999,5319031.12170000,83,3015121.00000000,3013010.41530000,0
2025-10-31 06:00:00,0.9992,0.9993,0.9992,0.9992,11594021.0,2025-10-31 06:59:59.999,11584814.97930000,209,691961.00000000,691476.62730000,0
2025-10-31 07:00:00,0.9992,0.9993,0.9992,0.9992,3079097.0,2025-10-31 07:59:59.999,3076808.18200000,134,1744596.00000000,1743374.78280000,0
2025-10-31 08:00:00,0.9992,0.9993,0.9991,0.9992,22194083.0,2025-10-31 08:59:59.999,22176610.54800000,326,5439942.00000000,5435877.18610000,0
2025-10-31 09:00:00,0.9992,0.9993,0.9991,0.9993,7207165.0,2025-10-31 09:59:59.999,7201835.36100000,263,5145140.00000000,5141460.18100000,0
2025-10-31 10:00:00,0.9993,0.9993,0.9992,0.9992,24370322.0,2025-10-31 10:59:59.999,24352560.24030000,233,17344979.00000000,17332837.51470000,0
2025-10-31 11:00:00,0.9993,0.9993,0.9992,0.9993,1349786.0,2025-10-31 11:59:59.999,1348777.80920000,293,716380.00000000,715878.53400000,0
2025-10-31 12:00:00,0.9992,0.9994,0.9992,0.9992,1880498.0,2025-10-31 12:59:59.999,1879122.39140000,186,980658.00000000,979971.59880000,0
2025-10-31 13:00:00,0.9992,0.9994,0.9992,0.9993,4479854.0,2025-10-31 13:59:59.999,4476442.64870000,216,491229.00000000,490887.52430000,0
2025-10-31 14:00:00,0.9992,0.9994,0.9992,0.9993,7596796.0,2025-10-31 14:59:59.999,7591408.89720000,264,3483467.00000000,3481062.65110000,0
2025-10-31 15:00:00,0.9993,0.9993,0.9992,0.9993,2914181.0,2025-10-31 15:59:59.999,2911920.57580000,254,709206.00000000,708709.55580000,0
2025-10-31 16:00:00,0.9993,0.9993,0.9992,0.9993,3892773.0,2025-10-31 16:59:59.999,3889704.79930000,153,460177.00000000,459854.87610000,0
2025-10-31 17:00:00,0.9993,0.9993,0.9992,0.9992,1861119.0,2025-10-31 17:59:59.999,1859637.37960000,624,72748.00000000,72697.07640000,0
2025-10-31 18:00:00,0.9992,0.9994,0.9992,0.9993,1458389.0,2025-10-31 18:59:59.999,1457338.96090000,592,869693.00000000,869085.16810000,0
2025-10-31 19:00:00,0.9993,0.9994,0.9993,0.9993,1392620.0,2025-10-31 19:59:59.999,1391646.39610000,312,12301.00000000,12293.61940000,0
2025-10-31 20:00:00,0.9993,0.9994,0.9993,0.9993,47691.0,2025-10-31 20:59:59.999,47659.46910000,254,18528.00000000,18516.88320000,0
2025-10-31 21:00:00,0.9993,0.9994,0.9993,0.9993,948221.0,2025-10-31 21:59:59.999,947562.29720000,392,50519.00000000,50488.68860000,0
2025-10-31 22:00:00,0.9993,0.9994,0.9993,0.9994,1111875.0,2025-10-31 22:59:59.999,1111180.66180000,42,839743.00000000,839239.15420000,0
2025-10-31 23:00:00,0.9993,0.9994,0.9993,0.9993,2067150.0,2025-10-31 23:59:59.999,2065708.61240000,128,56174.00000000,56140.29560000,0
2025-11-01 00:00:00,0.9993,0.9994,0.9992,0.9993,9765950.0,2025-11-01 00:59:59.999,9759269.39590000,256,3789210.00000000,3786881.30030000,0
2025-11-01 01:00:00,0.9993,0.9994,0.9992,0.9993,9670645.0,2025-11-01 01:59:59.999,9663838.96900000,318,2931386.00000000,2929371.71220000,0
2025-11-01 02:00:00,0.9993,0.9994,0.9992,0.9992,10837700.0,2025-11-01 02:59:59.999,10830025.69330000,309,2124361.00000000,2122873.97260000,0
2025-11-01 03:00:00,0.9993,0.9994,0.9992,0.9992,13719198.0,2025-11-01 03:59:59.999,13709536.87060000,395,2757091.00000000,2755161.12170000,0
2025-11-01 04:00:00,0.9992,0.9994,0.9992,0.9993,15767397.0,2025-11-01 04:59:59.999,15756365.20610000,443,3914880.00000000,3912152.87750000,0
2025-11-01 05:00:00,0.9993,0.9994,0.9992,0.9993,25155469.0,2025-11-01 05:59:59.999,25138344.96460000,395,6610415.00000000,6606288.13990000,0
2025-11-01 06:00:00,0.9993,0.9994,0.9992,0.9993,15790112.0,2025-11-01 06:59:59.999,15779018.16350000,336,1191394.00000000,1190566.87660000,0
2025-11-01 07:00:00,0.9993,0.9994,0.9992,0.9993,4310999.0,2025-11-01 07:59:59.999,4307957.23220000,165,727351.00000000,726845.61350000,0
2025-11-01 08:00:00,0.9993,0.9993,0.9992,0.9992,1052676.0,2025-11-01 08:59:59.999,1051843.49790000,91,96387.00000000,96319.52910000,0
2025-11-01 09:00:00,0.9993,0.9994,0.9992,0.9993,1589703.0,2025-11-01 09:59:59.999,1588549.00630000,146,866660.00000000,866054.44070000,0
2025-11-01 10:00:00,0.9992,0.9993,0.9992,0.9992,51836.0,2025-11-01 10:59:59.999,51797.83810000,76,33069.00000000,33045.85170000,0
2025-11-01 11:00:00,0.9992,0.9994,0.9992,0.9993,1436507.0,2025-11-01 11:59:59.999,1435408.20280000,211,203090.00000000,202947.93490000,0
2025-11-01 12:00:00,0.9993,0.9993,0.9992,0.9992,601611.0,2025-11-01 12:59:59.999,601174.42450000,123,447133.00000000,446820.00690000,0
2025-11-01 13:00:00,0.9993,0.9993,0.9992,0.9992,111856.0,2025-11-01 13:59:59.999,111775.82300000,112,93078.00000000,93012.84540000,0
2025-11-01 14:00:00,0.9992,0.9993,0.9992,0.9992,916782.0,2025-11-01 14:59:59.999,916079.16570000,166,305913.00000000,305698.86090000,0
2025-11-01 15:00:00,0.9992,0.9993,0.9992,0.9992,2301199.0,2025-11-01 15:59:59.999,2299577.86900000,150,1269627.00000000,1268738.26110000,0
2025-11-01 16:00:00,0.9993,0.9994,0.9992,0.9993,3754743.0,2025-11-01 16:59:59.999,3752064.80670000,138,1179251.00000000,1178425.62170000,0
2025-11-01 17:00:00,0.9993,0.9993,0.9992,0.9992,1572194.0,2025-11-01 17:59:59.999,1571085.17810000,80,326512.00000000,326283.44160000,0
2025-11-01 18:00:00,0.9992,0.9993,0.9992,0.9992,864778.0,2025-11-01 18:59:59.999,864164.92150000,156,487416.00000000,487074.80880000,0
2025-11-01 19:00:00,0.9992,0.9993,0.9992,0.9992,295361.0,2025-11-01 19:59:59.999,295142.54570000,456,178345.00000000,178220.15850000,0
2025-11-01 20:00:00,0.9992,0.9994,0.9992,0.9992,681874.0,2025-11-01 20:59:59.999,681391.92020000,309,29937.00000000,29916.46980000,0
2025-11-01 21:00:00,0.9992,0.9993,0.9992,0.9993,4842085.0,2025-11-01 21:59:59.999,4838666.84560000,158,1143807.00000000,1143006.33510000,0
2025-11-01 22:00:00,0.9992,0.9993,0.9992,0.9993,110673.0,2025-11-01 22:59:59.999,110595.18930000,58,107277.00000000,107201.90610000,0
2025-11-01 23:00:00,0.9993,0.9993,0.9992,0.9993,464858.0,2025-11-01 23:59:59.999,464532.33000000,130,462164.00000000,461840.48520000,0
2025-11-02 00:00:00,0.9992,0.9994,0.9992,0.9992,722799.0,2025-11-02 00:59:59.999,722282.54290000,84,409701.00000000,409414.22130000,0
2025-11-02 01:00:00,0.9993,0.9993,0.9992,0.9993,1101158.0,2025-11-02 01:59:59.999,1100352.53690000,100,754633.00000000,754104.75690000,0
2025-11-02 02:00:00,0.9992,0.9993,0.9992,0.9993,1119117.0,2025-11-02 02:59:59.999,1118318.01490000,121,563085.00000000,562690.84050000,0
2025-11-02 03:00:00,0.9992,0.9994,0.9992,0.9992,2960217.0,2025-11-02 03:59:59.999,2958105.20920000,108,581715.00000000,581307.80710000,0
2025-11-02 04:00:00,0.9992,0.9994,0.9992,0.9993,2258579.0,2025-11-02 04:59:59.999,2256993.77330000,104,611586.00000000,611157.89180000,0
2025-11-02 05:00:00,0.9993,0.9993,0.9992,0.9993,239586.0,2025-11-02 05:59:59.999,239415.51150000,62,211803.00000000,211654.73790000,0
2025-11-02 06:00:00,0.9993,0.9994,0.9992,0.9993,1211473.0,2025-11-02 06:59:59.999,1210607.22240000,128,238269.00000000,238102.21240000,0
2025-11-02 07:00:00,0.9993,0.9993,0.9992,0.9992,562184.0,2025-11-02 07:59:59.999,561742.77660000,155,85238.00000000,85178.33340000,0
2025-11-02 08:00:00,0.9992,0.9994,0.9992,0.9992,1116839.0,2025-11-02 08:59:59.999,1116040.32280000,178,794315.00000000,793759.08890000,0
2025-11-02 09:00:00,0.9992,0.9993,0.9992,0.9993,405776.0,2025-11-02 09:59:59.999,405466.52810000,69,151489.00000000,151382.95770000,0
2025-11-02 10:00:00,0.9992,0.9993,0.9992,0.9993,707771.0,2025-11-02 10:59:59.999,707220.63230000,92,158491.00000000,158380.05630000,0
2025-11-02 11:00:00,0.9993,0.9994,0.9992,0.9993,2334144.0,2025-11-02 11:59:59.999,2332471.59650000,111,194141.00000000,194005.12970000,0
2025-11-02 12:00:00,0.9993,0.9993,0.9992,0.9993,504919.0,2025-11-02 12:59:59.999,504535.99630000,71,209315.00000000,209168.47950000,0
2025-11-02 13:00:00,0.9992,0.9993,0.9992,0.9993,165433.0,2025-11-02 13:59:59.999,165309.97360000,115,93200.00000000,93134.76000000,0
2025-11-02 14:00:00,0.9993,0.9993,0.9992,0.9993,470053.0,2025-11-02 14:59:59.999,469720.15680000,129,431992.00000000,431689.60560000,0
2025-11-02 15:00:00,0.9993,0.9993,0.9992,0.9992,2623227.0,2025-11-02 15:59:59.999,2621247.14060000,133,1187222.00000000,1186390.94460000,0
2025-11-02 16:00:00,0.9992,0.9993,0.9992,0.9993,14760955.0,2025-11-02 16:59:59.999,14749414.18770000,174,2679517.00000000,2677641.33810000,0
2025-11-02 17:00:00,0.9992,0.9993,0.9992,0.9992,255522.0,2025-11-02 17:59:59.999,255340.95030000,131,233679.00000000,233515.42470000,0
2025-11-02 18:00:00,0.9992,0.9993,0.9992,0.9992,190172.0,2025-11-02 18:59:59.999,190038.45310000,96,185907.00000000,185776.86510000,0
2025-11-02 19:00:00,0.9992,0.9993,0.9992,0.9993,2667376.0,2025-11-02 19:59:59.999,2665453.75870000,92,2116595.00000000,2115113.38350000,0
2025-11-02 20:00:00,0.9992,0.9993,0.9992,0.9993,41637.0,2025-11-02 20:59:59.999,41607.53170000,104,38413.00000000,38386.11090000,0
2025-11-02 21:00:00,0.9992,0.9993,0.9992,0.9992,279964.0,2025-11-02 21:59:59.999,279748.48020000,72,84514.00000000,84454.84020000,0
2025-11-02 22:00:00,0.9993,0.9993,0.9992,0.9993,429830.0,2025-11-02 22:59:59.999,429527.95360000,109,418176.00000000,417883.27680000,0
2025-11-02 23:00:00,0.9993,0.9994,0.9992,0.9993,23005728.0,2025-11-02 23:59:59.999,22990016.29560000,353,12124262.00000000,12116184.50200000,0
2025-11-03 00:00:00,0.9994,0.9994,0.9992,0.9994,2489241.0,2025-11-03 00:59:59.999,2487497.30100000,187,1331692.00000000,1330761.87330000,0
2025-11-03 01:00:00,0.9993,0.9994,0.9993,0.9994,2808493.0,2025-11-03 01:59:59.999,2806638.49310000,156,1114382.00000000,1113713.37080000,0
2025-11-03 02:00:00,0.9993,0.9994,0.9993,0.9994,1407184.0,2025-11-03 02:59:59.999,1406294.69320000,139,957220.00000000,956645.66800000,0
2025-11-03 03:00:00,0.9993,0.9994,0.9993,0.9994,2018831.0,2025-11-03 03:59:59.999,2017470.37810000,198,525598.00000000,525282.64120000,0
2025-11-03 04:00:00,0.9993,0.9994,0.9992,0.9993,9625485.0,2025-11-03 04:59:59.999,9618646.03400000,411,2578814.00000000,2577214.15000000,0
2025-11-03 05:00:00,0.9993,0.9994,0.9992,0.9993,5448931.0,2025-11-03 05:59:59.999,5445094.47210000,842,3966676.00000000,3963978.34710000,0
2025-11-03 06:00:00,0.9992,0.9994,0.9992,0.9994,4902330.0,2025-11-03 06:59:59.999,4899081.93300000,200,3836782.00000000,3834322.20450000,0
2025-11-03 07:00:00,0.9993,0.9994,0.9992,0.9993,3039523.0,2025-11-03 07:59:59.999,3037167.83030000,166,241606.00000000,241436.94310000,0
2025-11-03 08:00:00,0.9992,0.9994,0.9992,0.9993,11661154.0,2025-11-03 08:59:59.999,11653085.16450000,251,1351363.00000000,1350512.50170000,0
2025-11-03 09:00:00,0.9993,0.9994,0.9992,0.9992,10298752.0,2025-11-03 09:59:59.999,10290917.92040000,240,860045.00000000,859503.56590000,0
2025-11-03 10:00:00,0.9992,0.9994,0.9992,0.9992,2246589.0,2025-11-03 10:59:59.999,2244915.89830000,273,498449.00000000,498108.33570000,0
2025-11-03 11:00:00,0.9993,0.9994,0.9992,0.9993,1904455.0,2025-11-03 11:59:59.999,1903232.50190000,236,1507609.00000000,1506687.73350000,0
2025-11-03 12:00:00,0.9994,0.9994,0.9992,0.9993,2523504.0,2025-11-03 12:59:59.999,2521700.65970000,185,1013391.00000000,1012688.98850000,0
2025-11-03 13:00:00,0.9993,0.9994,0.9992,0.9994,556268.0,2025-11-03 13:59:59.999,555900.87440000,220,278626.00000000,278453.25100000,0
2025-11-03 14:00:00,0.9994,0.9994,0.9992,0.9993,3710399.0,2025-11-03 14:59:59.999,3707710.31570000,341,1851941.00000000,1850685.60980000,0
2025-11-03 15:00:00,0.9993,0.9993,0.9992,0.9992,15103189.0,2025-11-03 15:59:59.999,15091396.09200000,462,2896432.00000000,2894404.49760000,0
2025-11-03 16:00:00,0.9993,0.9993,0.9991,0.9993,4617704.0,2025-11-03 16:59:59.999,4614171.96180000,364,2028967.00000000,2027508.01360000,0
2025-11-03 17:00:00,0.9993,0.9994,0.9992,0.9994,1117099.0,2025-11-03 17:59:59.999,1116320.02690000,237,1072383.00000000,1071637.93110000,0
2025-11-03 18:00:00,0.9993,0.9994,0.9992,0.9993,461695.0,2025-11-03 18:59:59.999,461353.74190000,197,49787.00000000,49753.25360000,0
2025-11-03 19:00:00,0.9993,0.9994,0.9992,0.9992,9962088.0,2025-11-03 19:59:59.999,9954710.64760000,310,3058814.00000000,3056922.25450000,0
2025-11-03 20:00:00,0.9993,0.9994,0.9992,0.9993,188924.0,2025-11-03 20:59:59.999,188792.32320000,196,37487.00000000,37461.87900000,0
2025-11-03 21:00:00,0.9993,0.9994,0.9992,0.9993,620872.0,2025-11-03 21:59:59.999,620435.94570000,148,187607.00000000,187475.75580000,0
2025-11-03 22:00:00,0.9993,0.9993,0.9992,0.9992,1285611.0,2025-11-03 22:59:59.999,1284585.13180000,235,26206.00000000,26187.65580000,0
2025-11-03 23:00:00,0.9993,0.9994,0.9992,0.9992,774031.0,2025-11-03 23:59:59.999,773454.44970000,218,144934.00000000,144832.79500000,0
2025-11-04 00:00:00,0.9993,0.9994,0.9992,0.9993,665126.0,2025-11-04 00:59:59.999,664654.40210000,398,86312.00000000,86253.85630000,0
2025-11-04 01:00:00,0.9994,0.9994,0.9992,0.9992,1036397.0,2025-11-04 01:59:59.999,1035656.40670000,310,472260.00000000,471934.84180000,0
2025-11-04 02:00:00,0.9992,0.9994,0.9992,0.9992,2587289.0,2025-11-04 02:59:59.999,2585456.49810000,365,1975938.00000000,1974579.63500000,0
2025-11-04 03:00:00,0.9992,0.9994,0.9992,0.9994,1577620.0,2025-11-04 03:59:59.999,1576463.44330000,187,578607.00000000,578223.45160000,0
2025-11-04 04:00:00,0.9994,0.9994,0.9992,0.9993,3366498.0,2025-11-04 04:59:59.999,3364167.91410000,291,461739.00000000,461459.59900000,0
2025-11-04 05:00:00,0.9992,0.9993,0.9992,0.9992,5511776.0,2025-11-04 05:59:59.999,5507422.37540000,308,557962.00000000,557571.42660000,0
2025-11-04 06:00:00,0.9992,0.9993,0.9992,0.9993,9235383.0,2025-11-04 06:59:59.999,9228806.86300000,769,8121694.00000000,8116008.81420000,0
2025-11-04 07:00:00,0.9992,0.9994,0.9992,0.9993,8295225.0,2025-11-04 07:59:59.999,8289509.81830000,175,7106072.00000000,7101190.82510000,0
2025-11-04 08:00:00,0.9994,0.9996,0.9993,0.9994,17539346.0,2025-11-04 08:59:59.999,17529804.44110000,315,15133614.00000000,15125607.41360000,0
2025-11-04 09:00:00,0.9994,0.9996,0.9993,0.9995,8506880.0,2025-11-04 09:59:59.999,8502165.68300000,369,4793073.00000000,4790541.47150000,0
2025-11-04 10:00:00,0.9995,0.9996,0.9994,0.9994,7685057.0,2025-11-04 10:59:59.999,7681451.47780000,204,5798626.00000000,5796126.69700000,0
2025-11-04 11:00:00,0.9994,0.9995,0.9993,0.9994,8014366.0,2025-11-04 11:59:59.999,8009631.13790000,542,3961976.00000000,3959762.06890000,0
2025-11-04 12:00:00,0.9995,0.9995,0.9994,0.9995,7179278.0,2025-11-04 12:59:59.999,7175122.55140000,374,1521182.00000000,1520421.40900000,0
2025-11-04 13:00:00,0.9994,0.9995,0.9994,0.9994,3595209.0,2025-11-04 13:59:59.999,3593125.66520000,167,737906.00000000,737537.04700000,0
2025-11-04 14:00:00,0.9994,0.9995,0.9993,0.9994,2560544.0,2025-11-04 14:59:59.999,2558970.83080000,209,460447.00000000,460174.30960000,0
2025-11-04 15:00:00,0.9994,0.9995,0.9993,0.9994,7735503.0,2025-11-04 15:59:59.999,7730270.21360000,224,1238065.00000000,1237323.03970000,0
2025-11-04 16:00:00,0.9994,0.9994,0.9992,0.9993,9096712.0,2025-11-04 16:59:59.999,9090069.94030000,292,1679833.00000000,1678757.18600000,0
2025-11-04 17:00:00,0.9993,0.9994,0.9992,0.9992,7045724.0,2025-11-04 17:59:59.999,7040694.53120000,363,3529429.00000000,3527017.16410000,0
2025-11-04 18:00:00,0.9993,0.9993,0.9981,0.9993,33770509.0,2025-11-04 18:59:59.999,33741348.73970000,1047,16676218.00000000,16661769.31830000,0
2025-11-04 19:00:00,0.9993,0.9994,0.9992,0.9992,2826681.0,2025-11-04 19:59:59.999,2824734.86660000,332,470456.00000000,470163.57480000,0
2025-11-04 20:00:00,0.9993,0.9994,0.9993,0.9994,8272239.0,2025-11-04 20:59:59.999,8266791.84240000,335,3463445.00000000,3461363.99820000,0
2025-11-04 21:00:00,0.9993,0.9994,0.9992,0.9992,10827712.0,2025-11-04 21:59:59.999,10820026.95030000,805,2963743.00000000,2961693.59420000,0
2025-11-04 22:00:00,0.9992,0.9994,0.9992,0.9993,9646860.0,2025-11-04 22:59:59.999,9639700.42180000,259,4170733.00000000,4167941.95370000,0
2025-11-04 23:00:00,0.9992,0.9994,0.9992,0.9992,3864435.0,2025-11-04 23:59:59.999,3861624.14530000,197,1256700.00000000,1255929.40810000,0
2025-11-05 00:00:00,0.9992,0.9994,0.9992,0.9992,3734045.0,2025-11-05 00:59:59.999,3731182.69030000,371,508432.00000000,508101.57890000,0
2025-11-05 01:00:00,0.9992,0.9994,0.9992,0.9993,5816256.0,2025-11-05 01:59:59.999,5811951.83880000,705,2614137.00000000,2612345.29540000,0
2025-11-05 02:00:00,0.9993,0.9994,0.9992,0.9993,10170747.0,2025-11-05 02:59:59.999,10164003.77590000,396,4758918.00000000,4755989.24700000,0
2025-11-05 03:00:00,0.9993,0.9994,0.9992,0.9992,3263360.0,2025-11-05 03:59:59.999,3261167.72860000,487,1388403.00000000,1387525.55890000,0
2025-11-05 04:00:00,0.9993,0.9994,0.9992,0.9992,1743735.0,2025-11-05 04:59:59.999,1742493.78700000,120,1164401.00000000,1163593.40710000,0
2025-11-05 05:00:00,0.9992,0.9993,0.9992,0.9992,837979.0,2025-11-05 05:59:59.999,837348.07070000,102,394539.00000000,394262.82270000,0
2025-11-05 06:00:00,0.9993,0.9994,0.9992,0.9993,3853246.0,2025-11-05 06:59:59.999,3850549.67070000,176,2698578.00000000,2696799.76440000,0
2025-11-05 07:00:00,0.9994,0.9995,0.9993,0.9993,6601860.0,2025-11-05 07:59:59.999,6597840.02280000,295,5341268.00000000,5338101.16100000,0
2025-11-05 08:00:00,0.9993,0.9995,0.9992,0.9994,12286489.0,2025-11-05 08:59:59.999,12278290.65970000,277,10362390.00000000,10355545.98210000,0
2025-11-05 09:00:00,0.9994,0.9995,0.9993,0.9994,4473397.0,2025-11-05 09:59:59.999,4470667.86540000,148,3795669.00000000,3793391.72410000,0
2025-11-05 10:00:00,0.9994,0.9994,0.9993,0.9993,4294901.0,2025-11-05 10:59:59.999,4292268.39750000,93,3738282.00000000,3736039.03080000,0
2025-11-05 11:00:00,0.9993,0.9994,0.9992,0.9992,1947708.0,2025-11-05 11:59:59.999,1946273.92220000,124,373382.00000000,373137.02600000,0
2025-11-05 12:00:00,0.9993,0.9994,0.9992,0.9994,3764641.0,2025-11-05 12:59:59.999,3761775.41420000,224,1459700.00000000,1458678.24680000,0
2025-11-05 13:00:00,0.9993,0.9994,0.9992,0.9992,3740429.0,2025-11-05 13:59:59.999,3737808.93170000,122,3078778.00000000,3076631.54450000,0
2025-11-05 14:00:00,0.9992,0.9993,0.9992,0.9992,9703695.0,2025-11-05 14:59:59.999,9696643.03100000,223,7109870.00000000,7104893.09100000,0
2025-11-05 15:00:00,0.9992,0.9994,0.9992,0.9992,5308111.0,2025-11-05 15:59:59.999,5304132.10780000,171,2637850.00000000,2636004.24540000,0
2025-11-05 16:00:00,0.9992,0.9994,0.9992,0.9993,11205993.0,2025-11-05 16:59:59.999,11197139.94800000,286,801073.00000000,800540.31000000,0
2025-11-05 17:00:00,0.9993,0.9994,0.9992,0.9993,888442.0,2025-11-05 17:59:59.999,887817.24380000,130,570847.00000000,570472.63340000,0
2025-11-05 18:00:00,0.9993,0.9993,0.9992,0.9993,2229859.0,2025-11-05 18:59:59.999,2228208.57140000,92,852229.00000000,851632.43970000,0
2025-11-05 19:00:00,0.9992,0.9994,0.9992,0.9993,3363759.0,2025-11-05 19:59:59.999,3361560.41450000,154,1952624.00000000,1951413.54000000,0
2025-11-05 20:00:00,0.9993,0.9994,0.9992,0.9992,2429064.0,2025-11-05 20:59:59.999,2427256.53440000,67,579521.00000000,579165.69850000,0
2025-11-05 21:00:00,0.9992,0.9994,0.9992,0.9994,1315646.0,2025-11-05 21:59:59.999,1314682.42370000,50,572636.00000000,572235.16560000,0
2025-11-05 22:00:00,0.9993,0.9994,0.9992,0.9992,388141.0,2025-11-05 22:59:59.999,387871.35690000,52,27684.00000000,27667.38870000,0
2025-11-05 23:00:00,0.9992,0.9994,0.9992,0.9993,2108980.0,2025-11-05 23:59:59.999,2107359.21010000,166,119450.00000000,119366.40500000,0
2025-11-06 00:00:00,0.9993,0.9993,0.9992,0.9993,920235.0,2025-11-06 00:59:59.999,919550.92490000,113,521129.00000000,520764.20970000,0
2025-11-06 01:00:00,0.9992,0.9993,0.9992,0.9992,1682705.0,2025-11-06 01:59:59.999,1681371.34280000,154,125068.00000000,124980.45240000,0
2025-11-06 02:00:00,0.9992,0.9993,0.9992,0.9993,6868108.0,2025-11-06 02:59:59.999,6862666.87240000,210,533588.00000000,533214.48840000,0
2025-11-06 03:00:00,0.9993,0.9993,0.9992,0.9993,4608951.0,2025-11-06 03:59:59.999,4605637.27110000,137,3734319.00000000,3731704.97670000,0
2025-11-06 04:00:00,0.9993,0.9993,0.9992,0.9992,2065399.0,2025-11-06 04:59:59.999,2063751.10790000,126,44271.00000000,44240.01030000,0
2025-11-06 05:00:00,0.9992,0.9993,0.9992,0.9993,5289671.0,2025-11-06 05:59:59.999,5285525.99930000,193,867361.00000000,866753.84730000,0
2025-11-06 06:00:00,0.9992,0.9993,0.9992,0.9992,12527133.0,2025-11-06 06:59:59.999,12518355.48420000,253,12441906.00000000,12433196.66580000,0
2025-11-06 07:00:00,0.9992,0.9994,0.9992,0.9994,9456454.0,2025-11-06 07:59:59.999,9449501.29690000,304,6124560.00000000,6120272.81210000,0
2025-11-06 08:00:00,0.9993,0.9994,0.9992,0.9994,3217774.0,2025-11-06 08:59:59.999,3215417.11460000,122,2133508.00000000,2132015.20340000,0
2025-11-06 09:00:00,0.9993,0.9994,0.9992,0.9993,2674817.0,2025-11-06 09:59:59.999,2672925.72870000,169,524344.00000000,523978.65160000,0
2025-11-06 10:00:00,0.9993,0.9993,0.9992,0.9993,2840639.0,2025-11-06 10:59:59.999,2838433.70890000,118,21924.00000000,21908.65320000,0
2025-11-06 11:00:00,0.9992,0.9993,0.9992,0.9992,1426575.0,2025-11-06 11:59:59.999,1425439.25100000,68,55110.00000000,55071.42300000,0
2025-11-06 12:00:00,0.9992,0.9993,0.9992,0.9992,2572981.0,2025-11-06 12:59:59.999,2570990.49240000,158,678772.00000000,678296.85960000,0
2025-11-06 13:00:00,0.9992,0.9993,0.9992,0.9992,5039874.0,2025-11-06 13:59:59.999,5035897.69720000,248,555964.00000000,555574.82520000,0
2025-11-06 14:00:00,0.9993,0.9994,0.9992,0.9992,9064767.0,2025-11-06 14:59:59.999,9057959.91900000,383,3083644.00000000,3081487.20550000,0
2025-11-06 15:00:00,0.9992,0.9993,0.9992,0.9993,7889914.0,2025-11-06 15:59:59.999,7884108.58860000,231,5065198.00000000,5061652.36140000,0
2025-11-06 16:00:00,0.9992,0.9993,0.9992,0.9993,3139665.0,2025-11-06 16:59:59.999,3137299.15740000,99,1458894.00000000,1457872.77420000,0
2025-11-06 17:00:00,0.9993,0.9993,0.9992,0.9992,3792933.0,2025-11-06 17:59:59.999,3790086.24000000,273,1875864.00000000,1874550.89520000,0
2025-11-06 18:00:00,0.9993,0.9993,0.9992,0.9992,3480525.0,2025-11-06 18:59:59.999,3477893.07680000,137,1524968.00000000,1523900.52240000,0
2025-11-06 19:00:00,0.9992,0.9993,0.9992,0.9993,36105.0,2025-11-06 19:59:59.999,36078.19320000,84,20772.00000000,20757.45960000,0
2025-11-06 20:00:00,0.9992,0.9993,0.9992,0.9992,804418.0,2025-11-06 20:59:59.999,803850.84260000,98,763770.00000000,763235.36100000,0
2025-11-06 21:00:00,0.9992,0.9993,0.9992,0.9993,1073012.0,2025-11-06 21:59:59.999,1072224.98860000,86,713982.00000000,713482.21260000,0
2025-11-06 22:00:00,0.9992,0.9993,0.9992,0.9992,623023.0,2025-11-06 22:59:59.999,622554.04770000,26,294661.00000000,294454.73730000,0
2025-11-06 23:00:00,0.9992,0.9994,0.9992,0.9993,2762214.0,2025-11-06 23:59:59.999,2760193.24100000,78,1873973.00000000,1872661.69120000,0
2025-11-07 00:00:00,0.9993,0.9994,0.9993,0.9994,2722994.0,2025-11-07 00:59:59.999,2721216.27000000,159,1283658.00000000,1282887.80520000,0
2025-11-07 01:00:00,0.9993,0.9994,0.9992,0.9993,6805303.0,2025-11-07 01:59:59.999,6800260.10430000,187,1172918.00000000,1172099.66010000,0
2025-11-07 02:00:00,0.9992,0.9994,0.9992,0.9993,7112493.0,2025-11-07 02:59:59.999,7107388.57120000,277,5548426.00000000,5544545.29230000,0
2025-11-07 03:00:00,0.9992,0.9993,0.9992,0.9992,1778293.0,2025-11-07 03:59:59.999,1776898.28070000,152,279151.00000000,278955.59430000,0
2025-11-07 04:00:00,0.9992,0.9993,0.9992,0.9992,3462575.0,2025-11-07 04:59:59.999,3459892.71370000,121,877737.00000000,877122.58410000,0
2025-11-07 05:00:00,0.9993,0.9993,0.9992,0.9992,1854102.0,2025-11-07 05:59:59.999,1852713.13740000,122,944190.00000000,943529.06700000,0
2025-11-07 06:00:00,0.9993,0.9994,0.9992,0.9993,6619786.0,2025-11-07 06:59:59.999,6615068.54850000,217,3257853.00000000,3255577.53710000,0
2025-11-07 07:00:00,0.9993,0.9993,0.9992,0.9993,7138183.0,2025-11-07 07:59:59.999,7132653.05600000,186,1654730.00000000,1653571.68900000,0
2025-11-07 08:00:00,0.9992,0.9993,0.9992,0.9993,2484483.0,2025-11-07 08:59:59.999,2482599.91170000,79,1044981.00000000,1044249.51330000,0
2025-11-07 09:00:00,0.9992,0.9994,0.9992,0.9992,7774206.0,2025-11-07 09:59:59.999,7768849.31480000,303,5549356.00000000,5545732.46480000,0
2025-11-07 10:00:00,0.9992,0.9994,0.9992,0.9992,3999064.0,2025-11-07 10:59:59.999,3996125.54930000,297,2067463.00000000,2066053.58060000,0
2025-11-07 11:00:00,0.9992,0.9994,0.9992,0.9992,8384330.0,2025-11-07 11:59:59.999,8378258.10180000,289,3813391.00000000,3810932.51660000,0
2025-11-07 12:00:00,0.9993,0.9994,0.9992,0.9992,30431508.0,2025-11-07 12:59:59.999,30409396.01210000,618,14979020.00000000,14968954.19680000,0
2025-11-07 13:00:00,0.9992,0.9994,0.9992,0.9994,12772416.0,2025-11-07 13:59:59.999,12763422.81950000,308,7827679.00000000,7822363.66190000,0
2025-11-07 14:00:00,0.9993,0.9994,0.9992,0.9992,14183015.0,2025-11-07 14:59:59.999,14172618.96210000,289,8556420.00000000,8550513.83100000,0
2025-11-07 15:00:00,0.9992,0.9994,0.9992,0.9994,9379620.0,2025-11-07 15:59:59.999,9373210.65500000,256,3773762.00000000,3771279.83520000,0
2025-11-07 16:00:00,0.9993,0.9994,0.9993,0.9993,3268008.0,2025-11-07 16:59:59.999,3265820.51050000,257,1001161.00000000,1000560.30340000,0
2025-11-07 17:00:00,0.9994,0.9994,0.9993,0.9993,7985417.0,2025-11-07 17:59:59.999,7980115.25660000,326,2880485.00000000,2878756.70900000,0
2025-11-07 18:00:00,0.9993,0.9994,0.9993,0.9993,1780316.0,2025-11-07 18:59:59.999,1779196.03590000,80,1262571.00000000,1261813.45740000,0
2025-11-07 19:00:00,0.9993,0.9994,0.9993,0.9993,507344.0,2025-11-07 19:59:59.999,506993.33160000,132,44724.00000000,44697.16560000,0
2025-11-07 20:00:00,0.9993,0.9994,0.9993,0.9993,8653351.0,2025-11-07 20:59:59.999,8647625.74760000,182,3320933.00000000,3318940.44020000,0
2025-11-07 21:00:00,0.9993,0.9995,0.9993,0.9993,5986953.0,2025-11-07 21:59:59.999,5982939.88900000,113,1183990.00000000,1183279.95930000,0
2025-11-07 22:00:00,0.9993,0.9994,0.9992,0.9992,3203083.0,2025-11-07 22:59:59.999,3200845.22680000,101,63907.00000000,63866.65200000,0
2025-11-07 23:00:00,0.9993,0.9994,0.9993,0.9993,950535.0,2025-11-07 23:59:59.999,949952.33520000,144,862835.00000000,862313.72520000,0
2025-11-08 00:00:00,0.9993,0.9995,0.9992,0.9992,7112438.0,2025-11-08 00:59:59.999,7107273.74150000,863,3902707.00000000,3900071.34570000,0
2025-11-08 01:00:00,0.9992,0.9994,0.9992,0.9993,10295131.0,2025-11-08 01:59:59.999,10287869.36500000,177,4513420.00000000,4510264.66210000,0
2025-11-08 02:00:00,0.9993,0.9993,0.9992,0.9992,750744.0,2025-11-08 02:59:59.999,750164.96680000,94,215620.00000000,215469.06600000,0
2025-11-08 03:00:00,0.9993,0.9993,0.9992,0.9993,538493.0,2025-11-08 03:59:59.999,538100.08350000,93,378779.00000000,378513.85470000,0
2025-11-08 04:00:00,0.9992,0.9993,0.9992,0.9993,2557729.0,2025-11-08 04:59:59.999,2555907.24090000,78,2243939.00000000,2242368.24270000,0
2025-11-08 05:00:00,0.9993,0.9993,0.9992,0.9993,972907.0,2025-11-08 05:59:59.999,972161.71130000,109,55209.00000000,55170.35370000,0
2025-11-08 06:00:00,0.9993,0.9993,0.9992,0.9993,835433.0,2025-11-08 06:59:59.999,834774.57000000,187,99164.00000000,99094.58520000,0
2025-11-08 07:00:00,0.9993,0.9993,0.9992,0.9992,5122930.0,2025-11-08 07:59:59.999,5119341.43720000,217,5097812.00000000,5094243.53160000,0
2025-11-08 08:00:00,0.9993,0.9994,0.9992,0.9993,767118.0,2025-11-08 08:59:59.999,766592.67190000,161,483359.00000000,483053.56860000,0
2025-11-08 09:00:00,0.9993,0.9994,0.9992,0.9993,729451.0,2025-11-08 09:59:59.999,728909.51320000,101,51636.00000000,51602.22900000,0
2025-11-08 10:00:00,0.9993,0.9993,0.9992,0.9993,165078.0,2025-11-08 10:59:59.999,164949.28080000,62,33432.00000000,33408.59760000,0
2025-11-08 11:00:00,0.9993,0.9993,0.9992,0.9993,1829617.0,2025-11-08 11:59:59.999,1828263.85140000,112,1105450.00000000,1104676.18500000,0
2025-11-08 12:00:00,0.9992,0.9993,0.9992,0.9993,971188.0,2025-11-08 12:59:59.999,970414.43290000,170,33833.00000000,33809.31690000,0
2025-11-08 13:00:00,0.9992,0.9993,0.9992,0.9992,2632896.0,2025-11-08 13:59:59.999,2630888.29210000,227,986089.00000000,985398.73770000,0
2025-11-08 14:00:00,0.9993,0.9993,0.9992,0.9992,4946639.0,2025-11-08 14:59:59.999,4942836.85540000,177,1551666.00000000,1550579.83380000,0
2025-11-08 15:00:00,0.9992,0.9994,0.9992,0.9992,5765726.0,2025-11-08 15:59:59.999,5761622.60700000,230,1655268.00000000,1654109.42660000,0
2025-11-08 16:00:00,0.9992,0.9993,0.9992,0.9993,103696.0,2025-11-08 16:59:59.999,103617.60980000,155,45666.00000000,45634.03380000,0
2025-11-08 17:00:00,0.9993,0.9993,0.9992,0.9992,2132665.0,2025-11-08 17:59:59.999,2131146.50730000,185,1876393.00000000,1875079.52490000,0
2025-11-08 18:00:00,0.9992,0.9993,0.9992,0.9992,137306.0,2025-11-08 18:59:59.999,137200.09780000,233,39426.00000000,39398.40180000,0
2025-11-08 19:00:00,0.9993,0.9993,0.9992,0.9992,1829597.0,2025-11-08 19:59:59.999,1828212.99020000,78,796678.00000000,796120.32540000,0
2025-11-08 20:00:00,0.9993,0.9993,0.9992,0.9992,397514.0,2025-11-08 20:59:59.999,397196.04150000,31,527.00000000,526.63110000,0
2025-11-08 21:00:00,0.9992,0.9993,0.9992,0.9993,1952944.0,2025-11-08 21:59:59.999,1951381.72580000,70,810.00000000,809.43300000,0
2025-11-08 22:00:00,0.9993,0.9993,0.9992,0.9992,58140.0,2025-11-08 22:59:59.999,58099.22240000,51,57344.00000000,57303.85920000,0
2025-11-08 23:00:00,0.9992,0.9994,0.9992,0.9993,19963321.0,2025-11-08 23:59:59.999,19949753.21570000,207,16741024.00000000,16729711.83780000,0
2025-11-09 00:00:00,0.9994,0.9994,0.9993,0.9993,3256875.0,2025-11-09 00:59:59.999,3254758.30940000,177,1339057.00000000,1338253.50580000,0
2025-11-09 01:00:00,0.9992,0.9994,0.9992,0.9992,1233637.0,2025-11-09 01:59:59.999,1232755.58770000,217,642356.00000000,641907.17230000,0
2025-11-09 02:00:00,0.9992,0.9993,0.9992,0.9992,754876.0,2025-11-09 02:59:59.999,754275.51970000,166,34205.00000000,34181.05650000,0
2025-11-09 03:00:00,0.9992,0.9993,0.9992,0.9993,1344883.0,2025-11-09 03:59:59.999,1343809.31510000,181,22215.00000000,22199.44950000,0
2025-11-09 04:00:00,0.9992,0.9993,0.9992,0.9993,1063666.0,2025-11-09 04:59:59.999,1062917.62390000,81,1025567.00000000,1024849.10310000,0
2025-11-09 05:00:00,0.9993,0.9993,0.9992,0.9992,310641.0,2025-11-09 05:59:59.999,310396.52810000,67,40409.00000000,40380.71370000,0
2025-11-09 06:00:00,0.9992,0.9993,0.9992,0.9992,868073.0,2025-11-09 06:59:59.999,867380.59980000,71,20582.00000000,20567.59260000,0
2025-11-09 07:00:00,0.9993,0.9993,0.9992,0.9992,831095.0,2025-11-09 07:59:59.999,830478.83220000,79,487082.00000000,486741.04260000,0
2025-11-09 08:00:00,0.9993,0.9993,0.9992,0.9992,722589.0,2025-11-09 08:59:59.999,722070.23320000,102,593044.00000000,592628.86920000,0
2025-11-09 09:00:00,0.9993,0.9993,0.9992,0.9993,780049.0,2025-11-09 09:59:59.999,779499.36870000,84,744079.00000000,743558.14470000,0
2025-11-09 10:00:00,0.9993,0.9993,0.9992,0.9993,1451758.0,2025-11-09 10:59:59.999,1450738.02080000,64,1414272.00000000,1413282.00960000,0
2025-11-09 11:00:00,0.9993,0.9994,0.9992,0.9992,518727.0,2025-11-09 11:59:59.999,518321.52280000,119,29126.00000000,29106.85880000,0
2025-11-09 12:00:00,0.9992,0.9993,0.9992,0.9992,326825.0,2025-11-09 12:59:59.999,326568.84810000,62,53081.00000000,53043.84330000,0
2025-11-09 13:00:00,0.9993,0.9993,0.9992,0.9992,1468100.0,2025-11-09 13:59:59.999,1466958.39200000,196,328720.00000000,328489.89600000,0
2025-11-09 14:00:00,0.9993,0.9994,0.9992,0.9993,2686699.0,2025-11-09 14:59:59.999,2684791.92720000,156,1890727.00000000,1889405.57230000,0
2025-11-09 15:00:00,0.9993,0.9994,0.9992,0.9993,2069313.0,2025-11-09 15:59:59.999,2067864.30180000,205,999844.00000000,999156.34380000,0
2025-11-09 16:00:00,0.9994,0.9994,0.9993,0.9993,535604.0,2025-11-09 16:59:59.999,535229.65040000,80,5732.00000000,5728.56080000,0
2025-11-09 17:00:00,0.9994,0.9994,0.9992,0.9993,185034.0,2025-11-09 17:59:59.999,184901.66970000,86,73464.00000000,73412.91810000,0
2025-11-09 18:00:00,0.9992,0.9994,0.9992,0.9993,776411.0,2025-11-09 18:59:59.999,775859.96200000,73,380171.00000000,379933.73660000,0
2025-11-09 19:00:00,0.9992,0.9994,0.9992,0.9994,2319320.0,2025-11-09 19:59:59.999,2317712.25760000,148,1155220.00000000,1154519.91340000,0
2025-11-09 20:00:00,0.9994,0.9995,0.9992,0.9993,3785014.0,2025-11-09 20:59:59.999,3782341.66470000,217,1153158.00000000,1152478.84590000,0
2025-11-09 21:00:00,0.9993,0.9993,0.9992,0.9992,806364.0,2025-11-09 21:59:59.999,805727.60780000,48,86990.00000000,86929.10700000,0
2025-11-09 22:00:00,0.9992,0.9994,0.9992,0.9993,1105580.0,2025-11-09 22:59:59.999,1104753.39050000,183,237554.00000000,237400.09400000,0
2025-11-09 23:00:00,0.9993,0.9994,0.9992,0.9992,1518009.0,2025-11-09 23:59:59.999,1516905.40270000,111,1028260.00000000,1027540.21960000,0
2025-11-10 00:00:00,0.9993,0.9993,0.9992,0.9992,356948.0,2025-11-10 00:59:59.999,356679.90570000,115,174641.00000000,174518.75130000,0
2025-11-10 01:00:00,0.9992,0.9993,0.9992,0.9993,871949.0,2025-11-10 01:59:59.999,871307.58840000,144,561476.00000000,561082.96680000,0
2025-11-10 02:00:00,0.9992,0.9993,0.9992,0.9993,985945.0,2025-11-10 02:59:59.999,985211.22350000,181,549795.00000000,549410.14350000,0
2025-11-10 03:00:00,0.9993,0.9994,0.9992,0.9993,5633880.0,2025-11-10 03:59:59.999,5630067.69730000,332,3713476.00000000,3711009.01630000,0
2025-11-10 04:00:00,0.9993,0.9994,0.9993,0.9994,2052562.0,2025-11-10 04:59:59.999,2051143.00240000,125,177958.00000000,177851.22520000,0
2025-11-10 05:00:00,0.9993,0.9994,0.9993,0.9993,8992941.0,2025-11-10 05:59:59.999,8986780.34750000,109,1344062.00000000,1343255.56280000,0
2025-11-10 06:00:00,0.9993,0.9994,0.9992,0.9992,2570296.0,2025-11-10 06:59:59.999,2568407.68550000,360,77226.00000000,77176.35680000,0
2025-11-10 07:00:00,0.9992,0.9993,0.9992,0.9992,271768.0,2025-11-10 07:59:59.999,271567.11810000,130,165325.00000000,165209.27250000,0
2025-11-10 08:00:00,0.9992,0.9994,0.9992,0.9993,3283858.0,2025-11-10 08:59:59.999,3281538.68600000,149,1614760.00000000,1613686.06830000,0
2025-11-10 09:00:00,0.9994,0.9994,0.9993,0.9993,4314615.0,2025-11-10 09:59:59.999,4311595.64710000,117,8776.00000000,8770.73440000,0
2025-11-10 10:00:00,0.9993,0.9994,0.9993,0.9993,2026245.0,2025-11-10 10:59:59.999,2024986.14370000,119,1595152.00000000,1594194.90880000,0
2025-11-10 11:00:00,0.9993,0.9994,0.9993,0.9993,2948750.0,2025-11-10 11:59:59.999,2946737.87650000,92,520015.00000000,519702.99100000,0
2025-11-10 12:00:00,0.9993,0.9994,0.9993,0.9994,4483270.0,2025-11-10 12:59:59.999,4480313.99330000,172,1858914.00000000,1857795.04250000,0
2025-11-10 13:00:00,0.9994,0.9994,0.9992,0.9994,8731860.0,2025-11-10 13:59:59.999,8726514.70880000,180,8367955.00000000,8362896.68670000,0
2025-11-10 14:00:00,0.9994,0.9995,0.9993,0.9993,8626231.0,2025-11-10 14:59:59.999,8620381.74950000,225,1243359.00000000,1242612.98540000,0
2025-11-10 15:00:00,0.9994,0.9994,0.9993,0.9994,2879624.0,2025-11-10 15:59:59.999,2877638.95220000,161,306890.00000000,306705.86600000,0
2025-11-10 16:00:00,0.9993,0.9994,0.9993,0.9994,4067340.0,2025-11-10 16:59:59.999,4064614.85140000,86,1219894.00000000,1219162.06360000,0
2025-11-10 17:00:00,0.9994,0.9994,0.9993,0.9994,2691287.0,2025-11-10 17:59:59.999,2689478.57880000,70,754797.00000000,754344.12180000,0
2025-11-10 18:00:00,0.9993,0.9994,0.9993,0.9994,1559944.0,2025-11-10 18:59:59.999,1558852.25520000,65,2160.00000000,2158.70400000,0
2025-11-10 19:00:00,0.9994,0.9994,0.9993,0.9993,3180572.0,2025-11-10 19:59:59.999,3178549.98550000,107,2043859.00000000,2042632.68460000,0
2025-11-10 20:00:00,0.9993,0.9995,0.9993,0.9995,2138616.0,2025-11-10 20:59:59.999,2137332.31370000,122,2128972.00000000,2127694.88170000,0
2025-11-10 21:00:00,0.9994,0.9994,0.9993,0.9994,1421624.0,2025-11-10 21:59:59.999,1420632.85120000,53,18417.00000000,18405.94980000,0
2025-11-10 22:00:00,0.9993,0.9994,0.9993,0.9994,4288455.0,2025-11-10 22:59:59.999,4285519.56460000,108,664831.00000000,664432.10140000,0
2025-11-10 23:00:00,0.9994,0.9995,0.9993,0.9994,1803165.0,2025-11-10 23:59:59.999,1802021.23460000,110,903257.00000000,902715.17790000,0
2025-11-11 00:00:00,0.9994,0.9994,0.9993,0.9993,3105696.0,2025-11-11 00:59:59.999,3103665.14240000,88,1431296.00000000,1430437.22240000,0
2025-11-11 01:00:00,0.9993,0.9994,0.9993,0.9993,2467240.0,2025-11-11 01:59:59.999,2465674.57550000,134,1616435.00000000,1615465.13900000,0
2025-11-11 02:00:00,0.9993,0.9995,0.9993,0.9993,900838.0,2025-11-11 02:59:59.999,900253.76860000,250,185273.00000000,185162.08720000,0
2025-11-11 03:00:00,0.9993,0.9994,0.9993,0.9993,869834.0,2025-11-11 03:59:59.999,869236.74240000,167,116262.00000000,116192.24280000,0
2025-11-11 04:00:00,0.9994,0.9994,0.9993,0.9994,612727.0,2025-11-11 04:59:59.999,612299.72880000,141,16377.00000000,16367.17380000,0
2025-11-11 05:00:00,0.9993,0.9994,0.9993,0.9993,1587529.0,2025-11-11 05:59:59.999,1586470.30780000,138,525781.00000000,525465.53140000,0
2025-11-11 06:00:00,0.9993,0.9995,0.9993,0.9993,1567471.0,2025-11-11 06:59:59.999,1566481.74200000,124,923507.00000000,922955.17960000,0
2025-11-11 07:00:00,0.9994,0.9994,0.9993,0.9993,1887255.0,2025-11-11 07:59:59.999,1885986.31680000,199,523953.00000000,523638.62820000,0
2025-11-11 08:00:00,0.9993,0.9994,0.9993,0.9993,1266367.0,2025-11-11 08:59:59.999,1265540.00080000,107,594577.00000000,594220.25380000,0
2025-11-11 09:00:00,0.9993,0.9995,0.9993,0.9994,1764157.0,2025-11-11 09:59:59.999,1763047.95300000,127,461999.00000000,461747.35150000,0
2025-11-11 10:00:00,0.9994,0.9995,0.9992,0.9992,1304809.0,2025-11-11 10:59:59.999,1303935.58480000,230,93687.00000000,93625.00220000,0
2025-11-11 11:00:00,0.9992,0.9995,0.9992,0.9993,3228823.0,2025-11-11 11:59:59.999,3226563.82190000,371,1063060.00000000,1062483.77710000,0
2025-11-11 12:00:00,0.9993,0.9994,0.9992,0.9992,1365685.0,2025-11-11 12:59:59.999,1364676.78570000,154,501877.00000000,501525.68900000,0
2025-11-11 13:00:00,0.9992,0.9995,0.9992,0.9994,1912449.0,2025-11-11 13:59:59.999,1911224.52050000,175,1432626.00000000,1431776.19770000,0
2025-11-11 14:00:00,0.9994,0.9994,0.9992,0.9992,395427.0,2025-11-11 14:59:59.999,395152.87070000,110,88206.00000000,88146.98270000,0
2025-11-11 15:00:00,0.9993,0.9994,0.9992,0.9993,652082.0,2025-11-11 15:59:59.999,651628.92150000,119,127975.00000000,127889.83390000,0
2025-11-11 16:00:00,0.9993,0.9994,0.9992,0.9992,1635209.0,2025-11-11 16:59:59.999,1634081.22080000,138,390410.00000000,390175.22860000,0
2025-11-11 17:00:00,0.9992,0.9993,0.9992,0.9993,1057024.0,2025-11-11 17:59:59.999,1056183.55970000,96,51789.00000000,51752.74770000,0
2025-11-11 18:00:00,0.9993,0.9993,0.9992,0.9992,85173.0,2025-11-11 18:59:59.999,85112.12220000,38,72606.00000000,72555.17580000,0
2025-11-11 19:00:00,0.9993,0.9993,0.9992,0.9992,511163.0,2025-11-11 19:59:59.999,510755.70770000,49,16381.00000000,16369.53330000,0
2025-11-11 20:00:00,0.9992,0.9994,0.9992,0.9992,2116786.0,2025-11-11 20:59:59.999,2115212.57730000,100,1167116.00000000,1166299.02250000,0
2025-11-11 21:00:00,0.9992,0.9994,0.9992,0.9993,2355520.0,2025-11-11 21:59:59.999,2353875.04310000,104,1790498.00000000,1789305.04360000,0
2025-11-11 22:00:00,0.9993,0.9994,0.9993,0.9993,91155.0,2025-11-11 22:59:59.999,91091.23750000,60,460.00000000,459.72400000,0
2025-11-11 23:00:00,0.9993,0.9994,0.9992,0.9994,759678.0,2025-11-11 23:59:59.999,759180.47270000,121,741721.00000000,741237.35400000,0
2025-11-12 00:00:00,0.9993,0.9994,0.9992,0.9992,1342546.0,2025-11-12 00:59:59.999,1341513.86560000,132,16475.00000000,16464.82240000,0
2025-11-12 01:00:00,0.9993,0.9993,0.9992,0.9993,37970.0,2025-11-12 01:59:59.999,37941.43950000,89,18155.00000000,18142.29150000,0
2025-11-12 02:00:00,0.9992,0.9995,0.9992,0.9993,1354876.0,2025-11-12 02:59:59.999,1354026.19050000,237,616348.00000000,615966.03960000,0
2025-11-12 03:00:00,0.9994,0.9994,0.9992,0.9992,4689629.0,2025-11-12 03:59:59.999,4685896.67970000,218,29843.00000000,29822.78810000,0
2025-11-12 04:00:00,0.9993,0.9993,0.9991,0.9992,17381008.0,2025-11-12 04:59:59.999,17367120.32320000,222,210652.00000000,210500.61800000,0
2025-11-12 05:00:00,0.9992,0.9993,0.9991,0.9992,16933942.0,2025-11-12 05:59:59.999,16920396.60630000,166,11662805.00000000,11653476.96040000,0
2025-11-12 06:00:00,0.9992,0.9993,0.9992,0.9992,658004.0,2025-11-12 06:59:59.999,657488.24920000,118,106524.00000000,106449.43320000,0
2025-11-12 07:00:00,0.9992,0.9993,0.9991,0.9992,12911210.0,2025-11-12 07:59:59.999,12900993.91620000,195,3958639.00000000,3955586.00750000,0
2025-11-12 08:00:00,0.9992,0.9993,0.9992,0.9993,2933452.0,2025-11-12 08:59:59.999,2931317.24700000,81,2120086.00000000,2118601.93980000,0
2025-11-12 09:00:00,0.9992,0.9994,0.9992,0.9992,2104832.0,2025-11-12 09:59:59.999,2103222.01760000,221,650978.00000000,650522.36180000,0
2025-11-12 10:00:00,0.9993,0.9994,0.9992,0.9994,3384345.0,2025-11-12 10:59:59.999,3381921.14810000,205,2097374.00000000,2095961.47010000,0
2025-11-12 11:00:00,0.9993,0.9994,0.9992,0.9992,291192.0,2025-11-12 11:59:59.999,290987.76230000,107,262866.00000000,262682.07280000,0
2025-11-12 12:00:00,0.9993,0.9994,0.9991,0.9992,14848761.0,2025-11-12 12:59:59.999,14837016.14890000,268,5350678.00000000,5346461.33360000,0
2025-11-12 13:00:00,0.9993,0.9993,0.9992,0.9992,1713234.0,2025-11-12 13:59:59.999,1711915.01770000,122,516049.00000000,515687.76570000,0
2025-11-12 14:00:00,0.9993,0.9993,0.9992,0.9992,4424927.0,2025-11-12 14:59:59.999,4421611.47620000,277,2244178.00000000,2242607.07540000,0
2025-11-12 15:00:00,0.9992,0.9993,0.9992,0.9993,4097890.0,2025-11-12 15:59:59.999,4094731.65310000,160,1199651.00000000,1198811.24430000,0
2025-11-12 16:00:00,0.9993,0.9993,0.9991,0.9992,13800243.0,2025-11-12 16:59:59.999,13789790.64570000,354,5818375.00000000,5814270.46610000,0
2025-11-12 17:00:00,0.9992,0.9993,0.9992,0.9992,4712448.0,2025-11-12 17:59:59.999,4708916.90190000,231,2098664.00000000,2097194.93520000,0
2025-11-12 18:00:00,0.9992,0.9993,0.9992,0.9992,1181393.0,2025-11-12 18:59:59.999,1180500.02380000,69,521382.00000000,521017.03260000,0
2025-11-12 19:00:00,0.9993,0.9993,0.9992,0.9993,4245592.0,2025-11-12 19:59:59.999,4242312.24220000,149,1132387.00000000,1131594.32910000,0
2025-11-12 20:00:00,0.9992,0.9993,0.9992,0.9992,2502165.0,2025-11-12 20:59:59.999,2500278.74930000,59,1154813.00000000,1154004.63090000,0
2025-11-12 21:00:00,0.9992,0.9993,0.9991,0.9992,2670891.0,2025-11-12 21:59:59.999,2668754.35460000,133,370713.00000000,370416.85330000,0
2025-11-12 22:00:00,0.9992,0.9993,0.9984,0.9992,3984955.0,2025-11-12 22:59:59.999,3980822.98010000,459,2548600.00000000,2545690.93910000,0
2025-11-12 23:00:00,0.9992,0.9993,0.9992,0.9993,1351154.0,2025-11-12 23:59:59.999,1350155.73370000,92,826569.00000000,825990.40170000,0
2025-11-13 00:00:00,0.9993,0.9993,0.9992,0.9992,600005.0,2025-11-13 00:59:59.999,599576.63930000,82,516433.00000000,516071.49690000,0
2025-11-13 01:00:00,0.9992,0.9993,0.9992,0.9992,3105199.0,2025-11-13 01:59:59.999,3102931.37100000,148,2165302.00000000,2163786.28860000,0
2025-11-13 02:00:00,0.9992,0.9993,0.9992,0.9992,803751.0,2025-11-13 02:59:59.999,803112.10970000,166,41105.00000000,41076.22650000,0
2025-11-13 03:00:00,0.9993,0.9994,0.9992,0.9992,2068872.0,2025-11-13 03:59:59.999,2067289.46680000,294,436890.00000000,436584.17800000,0
2025-11-13 04:00:00,0.9992,0.9994,0.9992,0.9993,978039.0,2025-11-13 04:59:59.999,977329.49520000,150,718141.00000000,717638.42770000,0
2025-11-13 05:00:00,0.9994,0.9994,0.9992,0.9992,750778.0,2025-11-13 05:59:59.999,750200.04140000,99,208261.00000000,208115.25140000,0
2025-11-13 06:00:00,0.9992,0.9994,0.9992,0.9994,256136.0,2025-11-13 06:59:59.999,255963.25890000,145,170639.00000000,170530.10890000,0
2025-11-13 07:00:00,0.9993,0.9994,0.9992,0.9993,4389272.0,2025-11-13 07:59:59.999,4385937.24260000,104,1500507.00000000,1499456.69610000,0
2025-11-13 08:00:00,0.9992,0.9993,0.9992,0.9992,188412.0,2025-11-13 08:59:59.999,188273.93500000,63,126646.00000000,126557.34780000,0
2025-11-13 09:00:00,0.9993,0.9993,0.9992,0.9992,1674478.0,2025-11-13 09:59:59.999,1673197.63990000,116,592223.00000000,591808.44390000,0
2025-11-13 10:00:00,0.9993,0.9993,0.9992,0.9992,251020.0,2025-11-13 10:59:59.999,250825.64390000,77,64599.00000000,64553.78070000,0
2025-11-13 11:00:00,0.9992,0.9993,0.9992,0.9992,340800.0,2025-11-13 11:59:59.999,340559.93920000,81,325792.00000000,325563.94560000,0
2025-11-13 12:00:00,0.9993,0.9993,0.9992,0.9993,3904194.0,2025-11-13 12:59:59.999,3901269.06370000,159,1984189.00000000,1982800.06770000,0
2025-11-13 13:00:00,0.9993,0.9993,0.9992,0.9992,759950.0,2025-11-13 13:59:59.999,759375.92880000,213,338888.00000000,338650.77840000,0
2025-11-13 14:00:00,0.9993,0.9993,0.9992,0.9992,1505646.0,2025-11-13 14:59:59.999,1504473.46280000,139,319796.00000000,319572.14280000,0
2025-11-13 15:00:00,0.9992,0.9993,0.9992,0.9992,775035.0,2025-11-13 15:59:59.999,774460.64160000,126,456696.00000000,456376.31280000,0
2025-11-13 16:00:00,0.9992,0.9993,0.9992,0.9992,3147217.0,2025-11-13 16:59:59.999,3144778.98930000,218,797629.00000000,797070.65970000,0
2025-11-13 17:00:00,0.9992,0.9993,0.9992,0.9992,1968537.0,2025-11-13 17:59:59.999,1967065.29570000,153,1031253.00000000,1030531.12290000,0
2025-11-13 18:00:00,0.9993,0.9994,0.9992,0.9992,3214168.0,2025-11-13 18:59:59.999,3211782.08260000,242,1375929.00000000,1374966.33620000,0
2025-11-13 19:00:00,0.9993,0.9995,0.9992,0.9993,6714772.0,2025-11-13 19:59:59.999,6710116.35870000,357,2759158.00000000,2757553.49140000,0
2025-11-13 20:00:00,0.9993,0.9995,0.9992,0.9992,3232828.0,2025-11-13 20:59:59.999,3230511.45210000,348,1804409.00000000,1803153.52520000,0
2025-11-13 21:00:00,0.9992,0.9995,0.9992,0.9993,777261.0,2025-11-13 21:59:59.999,776784.01910000,214,387472.00000000,387234.62450000,0
2025-11-13 22:00:00,0.9993,0.9994,0.9992,0.9992,1486323.0,2025-11-13 22:59:59.999,1485219.35990000,282,409530.00000000,409267.52760000,0
2025-11-13 23:00:00,0.9993,0.9995,0.9992,0.9994,2944683.0,2025-11-13 23:59:59.999,2942911.22930000,271,2053785.00000000,2052597.91560000,0
2025-11-14 00:00:00,0.9994,0.9994,0.9992,0.9992,945056.0,2025-11-14 00:59:59.999,944402.49570000,205,66597.00000000,66550.51340000,0
2025-11-14 01:00:00,0.9993,0.9993,0.9992,0.9992,1648393.0,2025-11-14 01:59:59.999,1647119.13250000,180,448469.00000000,448155.07170000,0
2025-11-14 02:00:00,0.9993,0.9993,0.9992,0.9992,1661367.0,2025-11-14 02:59:59.999,1660181.22460000,179,1433182.00000000,1432178.77260000,0
2025-11-14 03:00:00,0.9992,0.9993,0.9992,0.9992,795582.0,2025-11-14 03:59:59.999,794999.07230000,208,535379.00000000,535004.23470000,0
2025-11-14 04:00:00,0.9993,0.9993,0.9991,0.9992,20729298.0,2025-11-14 04:59:59.999,20712998.65330000,410,4494515.00000000,4491203.49990000,0
2025-11-14 05:00:00,0.9992,0.9993,0.9992,0.9992,11223825.0,2025-11-14 05:59:59.999,11214872.54260000,175,1705042.00000000,1703704.56900000,0
2025-11-14 06:00:00,0.9993,0.9993,0.9992,0.9992,2288073.0,2025-11-14 06:59:59.999,2286373.90180000,163,1313602.00000000,1312682.47860000,0
2025-11-14 07:00:00,0.9993,0.9993,0.9992,0.9992,6171440.0,2025-11-14 07:59:59.999,6166642.64650000,127,1397985.00000000,1397006.41050000,0
2025-11-14 08:00:00,0.9992,0.9993,0.9992,0.9992,6463558.0,2025-11-14 08:59:59.999,6458466.20790000,91,790543.00000000,789989.61990000,0
2025-11-14 09:00:00,0.9993,0.9993,0.9992,0.9992,4017623.0,2025-11-14 09:59:59.999,4014606.20670000,143,1973051.00000000,1971669.86430000,0
2025-11-14 10:00:00,0.9992,0.9993,0.9992,0.9992,423058.0,2025-11-14 10:59:59.999,422745.98740000,59,264338.00000000,264152.96340000,0
2025-11-14 11:00:00,0.9993,0.9993,0.9992,0.9992,1669442.0,2025-11-14 11:59:59.999,1668158.61680000,141,521704.00000000,521338.80720000,0
2025-11-14 12:00:00,0.9992,0.9993,0.9992,0.9992,5051128.0,2025-11-14 12:59:59.999,5047219.88910000,166,1036633.00000000,1035907.35690000,0
2025-11-14 13:00:00,0.9993,0.9993,0.9992,0.9992,10553962.0,2025-11-14 13:59:59.999,10546035.45310000,264,5121885.00000000,5118299.68050000,0
2025-11-14 14:00:00,0.9992,0.9994,0.9992,0.9994,7962402.0,2025-11-14 14:59:59.999,7956761.71380000,292,2688908.00000000,2687121.64810000,0
2025-11-14 15:00:00,0.9994,0.9995,0.9993,0.9994,21057516.0,2025-11-14 15:59:59.999,21044849.25930000,345,6814718.00000000,6810633.39310000,0
2025-11-14 16:00:00,0.9993,0.9994,0.9993,0.9993,2027119.0,2025-11-14 16:59:59.999,2025754.01060000,150,539939.00000000,539615.03660000,0
2025-11-14 17:00:00,0.9993,0.9994,0.9993,0.9993,465295.0,2025-11-14 17:59:59.999,465001.07860000,35,317851.00000000,317660.28940000,0
2025-11-14 18:00:00,0.9993,0.9994,0.9992,0.9993,1141108.0,2025-11-14 18:59:59.999,1140373.90730000,137,845991.00000000,845474.07740000,0
2025-11-14 19:00:00,0.9994,0.9994,0.9993,0.9993,1427055.0,2025-11-14 19:59:59.999,1426191.82590000,71,1357644.00000000,1356829.41360000,0
2025-11-14 20:00:00,0.9993,0.9994,0.9992,0.9993,3034154.0,2025-11-14 20:59:59.999,3032155.19200000,324,2052795.00000000,2051506.92700000,0
2025-11-14 21:00:00,0.9994,0.9994,0.9992,0.9993,5344283.0,2025-11-14 21:59:59.999,5340304.67190000,299,1692331.00000000,1691237.10580000,0
2025-11-14 22:00:00,0.9992,0.9994,0.9992,0.9992,3491072.0,2025-11-14 22:59:59.999,3488576.25050000,90,1491214.00000000,1490229.17740000,0
2025-11-14 23:00:00,0.9993,0.9994,0.9992,0.9992,1462170.0,2025-11-14 23:59:59.999,1461190.32590000,136,666549.00000000,666142.07180000,0
2025-11-15 00:00:00,0.9993,0.9994,0.9992,0.9994,3444179.0,2025-11-15 00:59:59.999,3441840.95480000,197,2464330.00000000,2462687.43200000,0
2025-11-15 01:00:00,0.9993,0.9994,0.9993,0.9994,102021.0,2025-11-15 01:59:59.999,101951.18660000,72,16013.00000000,16003.39220000,0
2025-11-15 02:00:00,0.9994,0.9994,0.9993,0.9993,181438.0,2025-11-15 02:59:59.999,181313.41880000,108,24254.00000000,24239.44760000,0
2025-11-15 03:00:00,0.9993,0.9994,0.9992,0.9993,2091411.0,2025-11-15 03:59:59.999,2089885.24450000,260,637535.00000000,637148.65430000,0
2025-11-15 04:00:00,0.9993,0.9994,0.9993,0.9993,893145.0,2025-11-15 04:59:59.999,892521.40460000,82,63973.00000000,63929.82500000,0
2025-11-15 05:00:00,0.9992,0.9994,0.9992,0.9993,10588654.0,2025-11-15 05:59:59.999,10582168.71680000,96,10008794.00000000,10002723.07740000,0
2025-11-15 06:00:00,0.9994,0.9994,0.9993,0.9993,490204.0,2025-11-15 06:59:59.999,489902.99320000,76,421360.00000000,421107.18400000,0
2025-11-15 07:00:00,0.9993,0.9994,0.9993,0.9994,9693338.0,2025-11-15 07:59:59.999,9686584.14680000,59,314834.00000000,314645.09960000,0
2025-11-15 08:00:00,0.9993,0.9994,0.9992,0.9993,2402682.0,2025-11-15 08:59:59.999,2400914.13350000,165,636860.00000000,636473.69460000,0
2025-11-15 09:00:00,0.9993,0.9994,0.9993,0.9993,1789014.0,2025-11-15 09:59:59.999,1787863.01170000,207,1013215.00000000,1012607.07100000,0
2025-11-15 10:00:00,0.9993,0.9994,0.9993,0.9993,35624.0,2025-11-15 10:59:59.999,35601.53710000,64,24739.00000000,24724.15660000,0
2025-11-15 11:00:00,0.9993,0.9994,0.9993,0.9993,29621.0,2025-11-15 11:59:59.999,29600.90730000,68,6420.00000000,6416.14800000,0
2025-11-15 12:00:00,0.9994,0.9994,0.9993,0.9993,36577.0,2025-11-15 12:59:59.999,36552.14630000,67,7502.00000000,7497.49880000,0
2025-11-15 13:00:00,0.9993,0.9994,0.9993,0.9993,1922706.0,2025-11-15 13:59:59.999,1921421.21440000,112,611086.00000000,610719.34840000,0
2025-11-15 14:00:00,0.9993,0.9994,0.9993,0.9993,2423602.0,2025-11-15 14:59:59.999,2422136.05160000,251,1670158.00000000,1669155.90520000,0
2025-11-15 15:00:00,0.9993,0.9994,0.9993,0.9993,4156399.0,2025-11-15 15:59:59.999,4153496.52000000,117,69993.00000000,69951.00420000,0
2025-11-15 16:00:00,0.9993,0.9994,0.9993,0.9994,2503925.0,2025-11-15 16:59:59.999,2502374.48070000,126,2022282.00000000,2021068.63080000,0
2025-11-15 17:00:00,0.9993,0.9994,0.9993,0.9993,1198546.0,2025-11-15 17:59:59.999,1197723.23470000,67,162169.00000000,162071.69860000,0
2025-11-15 18:00:00,0.9993,0.9994,0.9993,0.9993,827160.0,2025-11-15 18:59:59.999,826650.81790000,32,698299.00000000,697880.02060000,0
2025-11-15 19:00:00,0.9993,0.9994,0.9993,0.9994,247698.0,2025-11-15 19:59:59.999,247529.73660000,20,51252.00000000,51221.24880000,0
2025-11-15 20:00:00,0.9993,0.9994,0.9993,0.9993,2705.0,2025-11-15 20:59:59.999,2703.10910000,20,26.00000000,25.98440000,0
2025-11-15 21:00:00,0.9994,0.9994,0.9993,0.9994,56339.0,2025-11-15 21:59:59.999,56299.63100000,39,683.00000000,682.59020000,0
2025-11-15 22:00:00,0.9993,0.9994,0.9993,0.9993,802555.0,2025-11-15 22:59:59.999,801993.29050000,63,790.00000000,789.52600000,0
2025-11-15 23:00:00,0.9994,0.9994,0.9993,0.9993,1193859.0,2025-11-15 23:59:59.999,1193113.21650000,78,899178.00000000,898638.49320000,0
2025-11-16 00:00:00,0.9994,0.9994,0.9993,0.9993,1587236.0,2025-11-16 00:59:59.999,1586125.83640000,129,9016.00000000,9010.59040000,0
2025-11-16 01:00:00,0.9993,0.9994,0.9993,0.9994,41466.0,2025-11-16 01:59:59.999,41437.40040000,52,4266.00000000,4263.44040000,0
2025-11-16 02:00:00,0.9994,0.9994,0.9993,0.9993,879985.0,2025-11-16 02:59:59.999,879433.15850000,140,641480.00000000,641095.11200000,0
2025-11-16 03:00:00,0.9993,0.9994,0.9992,0.9992,2068668.0,2025-11-16 03:59:59.999,2067218.72550000,301,63130.00000000,63086.50870000,0
2025-11-16 04:00:00,0.9993,0.9993,0.9992,0.9993,1053519.0,2025-11-16 04:59:59.999,1052780.20220000,75,1040174.00000000,1039445.87820000,0
2025-11-16 05:00:00,0.9993,0.9993,0.9992,0.9992,298689.0,2025-11-16 05:59:59.999,298479.04200000,133,289932.00000000,289729.04760000,0
2025-11-16 06:00:00,0.9993,0.9993,0.9992,0.9993,196784.0,2025-11-16 06:59:59.999,196632.32340000,117,57506.00000000,57465.74580000,0
2025-11-16 07:00:00,0.9992,0.9993,0.9992,0.9993,4981275.0,2025-11-16 07:59:59.999,4977477.27800000,97,1872980.00000000,1871668.91400000,0
2025-11-16 08:00:00,0.9993,0.9993,0.9992,0.9992,768674.0,2025-11-16 08:59:59.999,768076.58550000,210,175247.00000000,175124.32710000,0
2025-11-16 09:00:00,0.9992,0.9993,0.9992,0.9992,1169170.0,2025-11-16 09:59:59.999,1168289.23900000,109,545750.00000000,545367.97500000,0
2025-11-16 10:00:00,0.9993,0.9994,0.9992,0.9993,3544564.0,2025-11-16 10:59:59.999,3542246.33450000,142,2874598.00000000,2872751.98000000,0
2025-11-16 11:00:00,0.9993,0.9994,0.9993,0.9994,1861924.0,2025-11-16 11:59:59.999,1860624.48950000,541,38363.00000000,38339.98220000,0
2025-11-16 12:00:00,0.9994,0.9994,0.9993,0.9994,1256396.0,2025-11-16 12:59:59.999,1255538.56230000,179,220395.00000000,220262.76300000,0
2025-11-16 13:00:00,0.9993,0.9994,0.9993,0.9993,1002454.0,2025-11-16 13:59:59.999,1001779.31070000,146,270285.00000000,270122.82900000,0
2025-11-16 14:00:00,0.9993,0.9994,0.9993,0.9994,83295.0,2025-11-16 14:59:59.999,83238.34850000,160,16550.00000000,16540.07000000,0
2025-11-16 15:00:00,0.9994,0.9994,0.9992,0.9993,2751472.0,2025-11-16 15:59:59.999,2749515.13520000,280,602066.00000000,601697.86120000,0
2025-11-16 16:00:00,0.9994,0.9994,0.9992,0.9992,3386264.0,2025-11-16 16:59:59.999,3383677.89100000,233,812275.00000000,811707.84660000,0
2025-11-16 17:00:00,0.9992,0.9994,0.9992,0.9992,1925557.0,2025-11-16 17:59:59.999,1924203.26310000,159,1205384.00000000,1204597.84350000,0
2025-11-16 18:00:00,0.9993,0.9994,0.9992,0.9993,647632.0,2025-11-16 18:59:59.999,647221.56510000,131,557401.00000000,557062.71640000,0
2025-11-16 19:00:00,0.9993,0.9993,0.9992,0.9992,277558.0,2025-11-16 19:59:59.999,277342.62750000,62,10587.00000000,10579.58910000,0
2025-11-16 20:00:00,0.9992,0.9993,0.9992,0.9992,41810.0,2025-11-16 20:59:59.999,41780.29520000,59,37432.00000000,37405.79760000,0
2025-11-16 21:00:00,0.9992,0.9993,0.9992,0.9992,325562.0,2025-11-16 21:59:59.999,325301.64100000,95,906.00000000,905.36580000,0
2025-11-16 22:00:00,0.9992,0.9993,0.9992,0.9992,2294077.0,2025-11-16 22:59:59.999,2292380.01540000,113,1382770.00000000,1381802.06100000,0
2025-11-16 23:00:00,0.9992,0.9994,0.9992,0.9993,5312476.0,2025-11-16 23:59:59.999,5308557.82150000,202,2203727.00000000,2202254.55810000,0
2025-11-17 00:00:00,0.9994,0.9994,0.9992,0.9993,874713.0,2025-11-17 00:59:59.999,874063.05860000,227,334691.00000000,334457.50680000,0
2025-11-17 01:00:00,0.9993,0.9994,0.9992,0.9993,2410504.0,2025-11-17 01:59:59.999,2408892.34240000,196,1337244.00000000,1336383.62720000,0
2025-11-17 02:00:00,0.9993,0.9994,0.9992,0.9993,2087441.0,2025-11-17 02:59:59.999,2085938.78420000,216,808497.00000000,807956.27110000,0
2025-11-17 03:00:00,0.9994,0.9994,0.9992,0.9993,5452564.0,2025-11-17 03:59:59.999,5448988.00030000,367,4632162.00000000,4629170.18110000,0
2025-11-17 04:00:00,0.9993,0.9994,0.9993,0.9993,761992.0,2025-11-17 04:59:59.999,761460.31600000,129,17104.00000000,17093.73760000,0
2025-11-17 05:00:00,0.9993,0.9994,0.9992,0.9993,5118544.0,2025-11-17 05:59:59.999,5115019.31800000,252,3102969.00000000,3100927.95590000,0
2025-11-17 06:00:00,0.9994,0.9994,0.9993,0.9993,456184.0,2025-11-17 06:59:59.999,455891.38320000,125,267120.00000000,266959.72800000,0
2025-11-17 07:00:00,0.9993,0.9994,0.9993,0.9993,113106.0,2025-11-17 07:59:59.999,113034.66720000,113,78414.00000000,78366.95160000,0
2025-11-17 08:00:00,0.9993,0.9994,0.9993,0.9994,100754.0,2025-11-17 08:59:59.999,100691.21930000,112,77471.00000000,77424.51740000,0
2025-11-17 09:00:00,0.9993,0.9994,0.9993,0.9994,30280359.0,2025-11-17 09:59:59.999,30262164.78490000,164,30020362.00000000,30002349.78280000,0
2025-11-17 10:00:00,0.9994,0.9994,0.9993,0.9993,1386977.0,2025-11-17 10:59:59.999,1386124.20300000,93,1180869.00000000,1180160.47860000,0
2025-11-17 11:00:00,0.9994,0.9994,0.9993,0.9993,136106.0,2025-11-17 11:59:59.999,136011.97560000,55,12498.00000000,12490.50120000,0
2025-11-17 12:00:00,0.9993,0.9994,0.9993,0.9994,2031110.0,2025-11-17 12:59:59.999,2029795.68090000,145,1074579.00000000,1073934.25260000,0
2025-11-17 13:00:00,0.9994,0.9994,0.9993,0.9993,2243791.0,2025-11-17 13:59:59.999,2242231.48110000,217,111348.00000000,111281.19120000,0
2025-11-17 14:00:00,0.9993,0.9994,0.9993,0.9993,5605009.0,2025-11-17 14:59:59.999,5601519.13130000,218,4336376.00000000,4333774.17440000,0
2025-11-17 15:00:00,0.9994,0.9994,0.9993,0.9994,696951.0,2025-11-17 15:59:59.999,696474.70430000,165,115700.00000000,115630.58000000,0
2025-11-17 16:00:00,0.9993,0.9994,0.9992,0.9992,6695535.0,2025-11-17 16:59:59.999,6690619.46630000,186,1750501.00000000,1749275.67590000,0
2025-11-17 17:00:00,0.9992,0.9993,0.9992,0.9992,4340904.0,2025-11-17 17:59:59.999,4337632.65090000,107,2013741.00000000,2012331.38130000,0
2025-11-17 18:00:00,0.9992,0.9993,0.9992,0.9992,1251486.0,2025-11-17 18:59:59.999,1250536.89820000,80,520870.00000000,520505.39100000,0
2025-11-17 19:00:00,0.9992,0.9994,0.9992,0.9993,7466234.0,2025-11-17 19:59:59.999,7461584.94300000,350,6518236.00000000,6514231.68410000,0
2025-11-17 20:00:00,0.9993,0.9995,0.9993,0.9995,8717823.0,2025-11-17 20:59:59.999,8712601.03340000,210,5632644.00000000,5629293.39060000,0
2025-11-17 21:00:00,0.9994,0.9996,0.9994,0.9995,11710381.0,2025-11-17 21:59:59.999,11704463.33100000,231,10647850.00000000,10642526.36980000,0
2025-11-17 22:00:00,0.9996,0.9996,0.9993,0.9994,989381.0,2025-11-17 22:59:59.999,988800.35970000,125,1989.00000000,1987.84970000,0
2025-11-17 23:00:00,0.9993,0.9995,0.9993,0.9994,1217235.0,2025-11-17 23:59:59.999,1216498.89430000,218,1063965.00000000,1063326.67840000,0
2025-11-18 00:00:00,0.9994,0.9994,0.9992,0.9992,3055785.0,2025-11-18 00:59:59.999,3053642.86090000,196,398925.00000000,398646.31870000,0
2025-11-18 01:00:00,0.9992,0.9993,0.9992,0.9992,126424.0,2025-11-18 01:59:59.999,126328.67790000,128,58171.00000000,58130.28030000,0
2025-11-18 02:00:00,0.9992,0.9994,0.9992,0.9993,4449105.0,2025-11-18 02:59:59.999,4445768.96310000,170,962575.00000000,961956.42930000,0
2025-11-18 03:00:00,0.9993,0.9994,0.9993,0.9993,5312062.0,2025-11-18 03:59:59.999,5308372.44500000,165,288884.00000000,288710.66960000,0
2025-11-18 04:00:00,0.9993,0.9994,0.9992,0.9992,3073961.0,2025-11-18 04:59:59.999,3071761.44570000,141,684977.00000000,684498.89010000,0
2025-11-18 05:00:00,0.9992,0.9993,0.9992,0.9992,1953515.0,2025-11-18 05:59:59.999,1952135.32550000,234,1665735.00000000,1664568.98550000,0
2025-11-18 06:00:00,0.9992,0.9993,0.9992,0.9993,1872160.0,2025-11-18 06:59:59.999,1870670.94730000,107,86753.00000000,86692.27290000,0
2025-11-18 07:00:00,0.9993,0.9993,0.9992,0.9992,1000302.0,2025-11-18 07:59:59.999,999506.38840000,134,46300.00000000,46267.59000000,0
2025-11-18 08:00:00,0.9993,0.9993,0.9992,0.9992,452648.0,2025-11-18 08:59:59.999,452318.94010000,222,330585.00000000,330353.59050000,0
2025-11-18 09:00:00,0.9993,0.9994,0.9992,0.9992,1309200.0,2025-11-18 09:59:59.999,1308272.05360000,289,381180.00000000,380916.04760000,0
2025-11-18 10:00:00,0.9992,0.9993,0.9992,0.9992,206752.0,2025-11-18 10:59:59.999,206595.10470000,74,85063.00000000,85003.45590000,0
2025-11-18 11:00:00,0.9992,0.9994,0.9992,0.9993,730323.0,2025-11-18 11:59:59.999,729783.85440000,108,133750.00000000,133656.37580000,0
2025-11-18 12:00:00,0.9993,0.9994,0.9993,0.9994,1476603.0,2025-11-18 12:59:59.999,1475624.47610000,118,550982.00000000,550651.41080000,0
2025-11-18 13:00:00,0.9993,0.9994,0.9992,0.9992,1196682.0,2025-11-18 13:59:59.999,1195809.38730000,98,422047.00000000,421752.07550000,0
2025-11-18 14:00:00,0.9993,0.9993,0.9992,0.9993,798772.0,2025-11-18 14:59:59.999,798189.19630000,368,562139.00000000,561745.50270000,0
2025-11-18 15:00:00,0.9992,0.9993,0.9992,0.9993,1393585.0,2025-11-18 15:59:59.999,1392531.76810000,530,616361.00000000,615929.54730000,0
2025-11-18 16:00:00,0.9993,0.9993,0.9992,0.9992,3060514.0,2025-11-18 16:59:59.999,3058086.43520000,250,208464.00000000,208318.07520000,0
2025-11-18 17:00:00,0.9992,0.9993,0.9992,0.9992,402069.0,2025-11-18 17:59:59.999,401747.61220000,40,2674.00000000,2672.12820000,0
2025-11-18 18:00:00,0.9993,0.9993,0.9992,0.9992,662507.0,2025-11-18 18:59:59.999,662037.98830000,64,609939.00000000,609512.04270000,0
2025-11-18 19:00:00,0.9992,0.9993,0.9992,0.9992,37257.0,2025-11-18 19:59:59.999,37230.15930000,50,29649.00000000,29628.24570000,0
2025-11-18 20:00:00,0.9992,0.9993,0.9992,0.9992,2649126.0,2025-11-18 20:59:59.999,2647112.15540000,74,586443.00000000,586032.48990000,0
2025-11-18 21:00:00,0.9992,0.9993,0.9992,0.9992,50131.0,2025-11-18 21:59:59.999,50090.97350000,50,783.00000000,782.45190000,0
2025-11-18 22:00:00,0.9992,0.9994,0.9992,0.9993,91986.0,2025-11-18 22:59:59.999,91916.25450000,46,28110.00000000,28090.34810000,0
2025-11-18 23:00:00,0.9994,0.9994,0.9992,0.9992,584866.0,2025-11-18 23:59:59.999,584449.45390000,89,265861.00000000,265674.90790000,0
2025-11-19 00:00:00,0.9992,0.9993,0.9992,0.9993,1128503.0,2025-11-19 00:59:59.999,1127667.86140000,143,676638.00000000,676164.35340000,0
2025-11-19 01:00:00,0.9993,0.9993,0.9992,0.9992,524290.0,2025-11-19 01:59:59.999,523908.69370000,108,381257.00000000,380990.12010000,0
2025-11-19 02:00:00,0.9992,0.9993,0.9992,0.9993,208581.0,2025-11-19 02:59:59.999,208431.80690000,51,176717.00000000,176593.29810000,0
2025-11-19 03:00:00,0.9992,0.9993,0.9992,0.9992,690173.0,2025-11-19 03:59:59.999,689627.09220000,99,62306.00000000,62262.38580000,0
2025-11-19 04:00:00,0.9992,0.9993,0.9992,0.9992,982191.0,2025-11-19 04:59:59.999,981494.79040000,94,895432.00000000,894805.19760000,0
2025-11-19 05:00:00,0.9993,0.9993,0.9992,0.9992,13392159.0,2025-11-19 05:59:59.999,13381878.11360000,237,4319150.00000000,4316126.59500000,0
2025-11-19 06:00:00,0.9992,0.9993,0.9992,0.9993,35185.0,2025-11-19 06:59:59.999,35159.06070000,149,22087.00000000,22071.53910000,0
2025-11-19 07:00:00,0.9992,0.9993,0.9992,0.9993,7114413.0,2025-11-19 07:59:59.999,7108850.79870000,829,1293291.00000000,1292385.69630000,0
2025-11-19 08:00:00,0.9993,0.9993,0.9992,0.9993,921343.0,2025-11-19 08:59:59.999,920673.07100000,802,671454.00000000,670983.98220000,0
2025-11-19 09:00:00,0.9993,0.9994,0.9992,0.9993,1972418.0,2025-11-19 09:59:59.999,1971008.79100000,719,1375233.00000000,1374273.60850000,0
2025-11-19 10:00:00,0.9993,0.9994,0.9992,0.9993,1654186.0,2025-11-19 10:59:59.999,1653085.11040000,379,1117185.00000000,1116477.23600000,0
2025-11-19 11:00:00,0.9992,0.9993,0.9992,0.9993,39996.0,2025-11-19 11:59:59.999,39966.70090000,62,26977.00000000,26958.11610000,0
2025-11-19 12:00:00,0.9993,0.9993,0.9992,0.9992,3742327.0,2025-11-19 12:59:59.999,3739335.38400000,158,22456.00000000,22440.28080000,0
2025-11-19 13:00:00,0.9992,0.9993,0.9992,0.9993,353629.0,2025-11-19 13:59:59.999,353368.84520000,90,227484.00000000,227324.76120000,0
2025-11-19 14:00:00,0.9993,0.9993,0.9992,0.9992,12354723.0,2025-11-19 14:59:59.999,12345081.45640000,338,2447031.00000000,2445253.11630000,0
2025-11-19 15:00:00,0.9993,0.9993,0.9992,0.9993,3203759.0,2025-11-19 15:59:59.999,3201251.89940000,115,559066.00000000,558674.65380000,0
2025-11-19 16:00:00,0.9993,0.9993,0.9992,0.9993,1282504.0,2025-11-19 16:59:59.999,1281565.39990000,149,874031.00000000,873419.17830000,0
2025-11-19 17:00:00,0.9993,0.9993,0.9992,0.9993,705535.0,2025-11-19 17:59:59.999,704971.30800000,54,7360.00000000,7354.84800000,0
2025-11-19 18:00:00,0.9993,0.9993,0.9992,0.9992,1595895.0,2025-11-19 18:59:59.999,1594769.34530000,90,1510613.00000000,1509555.57090000,0
2025-11-19 19:00:00,0.9992,0.9993,0.9992,0.9993,74528.0,2025-11-19 19:59:59.999,74471.24480000,80,28672.00000000,28651.92960000,0
2025-11-19 20:00:00,0.9993,0.9993,0.9992,0.9993,56280.0,2025-11-19 20:59:59.999,56238.64270000,70,36667.00000000,36641.33310000,0
2025-11-19 21:00:00,0.9993,0.9993,0.9992,0.9993,598997.0,2025-11-19 21:59:59.999,598576.56690000,59,587645.00000000,587233.64850000,0
2025-11-19 22:00:00,0.9993,0.9993,0.9991,0.9991,14254181.0,2025-11-19 22:59:59.999,14242756.55920000,253,1702342.00000000,1700980.13940000,0
2025-11-19 23:00:00,0.9992,0.9993,0.9992,0.9993,2252089.0,2025-11-19 23:59:59.999,2250289.32940000,126,384976.00000000,384670.01980000,0
2025-11-20 00:00:00,0.9992,0.9993,0.9992,0.9992,5431108.0,2025-11-20 00:59:59.999,5426788.81340000,141,256998.00000000,256818.10140000,0
2025-11-20 01:00:00,0.9992,0.9993,0.9992,0.9992,411139.0,2025-11-20 01:59:59.999,410816.24970000,79,61609.00000000,61565.87370000,0
2025-11-20 02:00:00,0.9992,0.9993,0.9992,0.9993,232143.0,2025-11-20 02:59:59.999,231980.12540000,78,228398.00000000,228238.12140000,0
2025-11-20 03:00:00,0.9993,0.9993,0.9992,0.9992,8030587.0,2025-11-20 03:59:59.999,8024180.77450000,112,182441.00000000,182313.29130000,0
2025-11-20 04:00:00,0.9993,0.9993,0.9992,0.9992,30394.0,2025-11-20 04:59:59.999,30371.61930000,58,19345.00000000,19331.45850000,0
2025-11-20 05:00:00,0.9993,0.9993,0.9992,0.9992,558298.0,2025-11-20 05:59:59.999,557900.78130000,128,494197.00000000,493851.06210000,0
2025-11-20 06:00:00,0.9993,0.9993,0.9992,0.9992,13343259.0,2025-11-20 06:59:59.999,13332885.92640000,127,3015336.00000000,3013225.26480000,0
2025-11-20 07:00:00,0.9993,0.9994,0.9992,0.9994,11256719.0,2025-11-20 07:59:59.999,11248491.01800000,341,2683832.00000000,2681982.22770000,0
2025-11-20 08:00:00,0.9993,0.9994,0.9992,0.9993,1202916.0,2025-11-20 08:59:59.999,1202013.49800000,540,430374.00000000,430075.99050000,0
2025-11-20 09:00:00,0.9993,0.9993,0.9992,0.9992,5492316.0,2025-11-20 09:59:59.999,5487987.39570000,817,652485.00000000,652028.26050000,0
2025-11-20 10:00:00,0.9993,0.9994,0.9992,0.9993,2606444.0,2025-11-20 10:59:59.999,2604648.08510000,513,1894542.00000000,1893311.86920000,0
2025-11-20 11:00:00,0.9993,0.9994,0.9992,0.9993,11856457.0,2025-11-20 11:59:59.999,11847089.52340000,521,566690.00000000,566299.82260000,0
2025-11-20 12:00:00,0.9993,0.9993,0.9992,0.9993,438009.0,2025-11-20 12:59:59.999,437694.23560000,442,356428.00000000,356178.50040000,0
2025-11-20 13:00:00,0.9992,0.9993,0.9992,0.9993,635456.0,2025-11-20 13:59:59.999,634985.99560000,220,383604.00000000,383335.47720000,0
2025-11-20 14:00:00,0.9993,0.9994,0.9992,0.9993,1825362.0,2025-11-20 14:59:59.999,1824066.97580000,409,1647227.00000000,1646074.46260000,0
2025-11-20 15:00:00,0.9993,0.9994,0.9993,0.9994,1949240.0,2025-11-20 15:59:59.999,1948044.41890000,114,1688869.00000000,1687855.67860000,0
2025-11-20 16:00:00,0.9993,0.9994,0.9993,0.9993,1620193.0,2025-11-20 16:59:59.999,1619096.77180000,185,379069.00000000,378841.55860000,0
2025-11-20 17:00:00,0.9994,0.9994,0.9993,0.9994,1986511.0,2025-11-20 17:59:59.999,1985147.03240000,151,265901.00000000,265741.45940000,0
2025-11-20 18:00:00,0.9994,0.9994,0.9993,0.9993,750400.0,2025-11-20 18:59:59.999,749875.29880000,136,5788.00000000,5784.52720000,0
2025-11-20 19:00:00,0.9993,0.9994,0.9992,0.9993,9348783.0,2025-11-20 19:59:59.999,9342131.35170000,174,24424.00000000,24406.98080000,0
2025-11-20 20:00:00,0.9992,0.9994,0.9992,0.9992,2708097.0,2025-11-20 20:59:59.999,2706012.35620000,356,446400.00000000,446122.59380000,0
2025-11-20 21:00:00,0.9993,0.9993,0.9992,0.9992,1639588.0,2025-11-20 21:59:59.999,1638277.88580000,112,15562.00000000,15551.10660000,0
2025-11-20 22:00:00,0.9992,0.9994,0.9992,0.9994,926991.0,2025-11-20 22:59:59.999,926255.02730000,97,32463.00000000,32441.79440000,0
2025-11-20 23:00:00,0.9994,0.9994,0.9993,0.9993,162607.0,2025-11-20 23:59:59.999,162495.73990000,233,25648.00000000,25632.61120000,0
2025-11-21 00:00:00,0.9994,0.9994,0.9993,0.9993,1253598.0,2025-11-21 00:59:59.999,1252723.94500000,143,41513.00000000,41487.40450000,0
2025-11-21 01:00:00,0.9993,0.9994,0.9992,0.9992,1189089.0,2025-11-21 01:59:59.999,1188254.55610000,87,940214.00000000,939556.02740000,0
2025-11-21 02:00:00,0.9993,0.9994,0.9992,0.9993,3097115.0,2025-11-21 02:59:59.999,3094942.33690000,167,2175374.00000000,2173851.47350000,0
2025-11-21 03:00:00,0.9994,0.9994,0.9992,0.9992,3081113.0,2025-11-21 03:59:59.999,3078950.32960000,183,21778.00000000,21764.84590000,0
2025-11-21 04:00:00,0.9992,0.9993,0.9992,0.9992,1163340.0,2025-11-21 04:59:59.999,1162412.67240000,201,33444.00000000,33420.58920000,0
2025-11-21 05:00:00,0.9992,0.9993,0.9992,0.9992,9363323.0,2025-11-21 05:59:59.999,9355833.02600000,246,6844.00000000,6839.20920000,0
2025-11-21 06:00:00,0.9992,0.9993,0.9992,0.9992,1858907.0,2025-11-21 06:59:59.999,1857483.81730000,165,639429.00000000,638981.39970000,0
2025-11-21 07:00:00,0.9992,0.9993,0.9991,0.9992,26673839.0,2025-11-21 07:59:59.999,26652956.41290000,469,10425046.00000000,10417206.40490000,0
2025-11-21 08:00:00,0.9992,0.9993,0.9991,0.9992,8162694.0,2025-11-21 08:59:59.999,8156162.11870000,439,4222849.00000000,4219495.31720000,0
2025-11-21 09:00:00,0.9993,0.9993,0.9992,0.9993,8133445.0,2025-11-21 09:59:59.999,8127049.50890000,273,1112649.00000000,1111870.14570000,0
2025-11-21 10:00:00,0.9992,0.9993,0.9992,0.9992,1968668.0,2025-11-21 10:59:59.999,1967217.53540000,268,1244698.00000000,1243826.71140000,0
2025-11-21 11:00:00,0.9992,0.9993,0.9992,0.9992,687511.0,2025-11-21 11:59:59.999,686971.08320000,218,100920.00000000,100849.35600000,0
2025-11-21 12:00:00,0.9992,0.9993,0.9992,0.9992,35345545.0,2025-11-21 12:59:59.999,35320314.75320000,1045,30461892.00000000,30440568.67560000,0
2025-11-21 13:00:00,0.9992,0.9993,0.9992,0.9993,3063280.0,2025-11-21 13:59:59.999,3060839.78880000,1550,104128.00000000,104055.11040000,0
2025-11-21 14:00:00,0.9992,0.9993,0.9992,0.9993,663099.0,2025-11-21 14:59:59.999,662580.40920000,179,118884.00000000,118800.78120000,0
2025-11-21 15:00:00,0.9992,0.9994,0.9992,0.9993,14672814.0,2025-11-21 15:59:59.999,14662718.74140000,367,12165117.00000000,12157022.58640000,0
2025-11-21 16:00:00,0.9993,0.9994,0.9992,0.9992,3933589.0,2025-11-21 16:59:59.999,3930726.27920000,334,151779.00000000,151673.12220000,0
2025-11-21 17:00:00,0.9993,0.9993,0.9992,0.9993,4635889.0,2025-11-21 17:59:59.999,4632211.61200000,147,313232.00000000,313012.73760000,0
2025-11-21 18:00:00,0.9992,0.9994,0.9992,0.9993,2507588.0,2025-11-21 18:59:59.999,2505770.80500000,159,1730827.00000000,1729615.63730000,0
2025-11-21 19:00:00,0.9993,0.9993,0.9992,0.9993,72835.0,2025-11-21 19:59:59.999,72776.81960000,47,876.00000000,875.38680000,0
2025-11-21 20:00:00,0.9992,0.9993,0.9992,0.9992,650462.0,2025-11-21 20:59:59.999,649942.21630000,108,5859.00000000,5854.89870000,0
2025-11-21 21:00:00,0.9992,0.9993,0.9992,0.9993,1953366.0,2025-11-21 21:59:59.999,1951937.46570000,121,1341585.00000000,1340645.89050000,0
2025-11-21 22:00:00,0.9993,0.9993,0.9992,0.9993,937249.0,2025-11-21 22:59:59.999,936582.48420000,106,832834.00000000,832251.01620000,0
2025-11-21 23:00:00,0.9992,0.9993,0.9992,0.9993,86208.0,2025-11-21 23:59:59.999,86142.87190000,132,38383.00000000,38356.13190000,0
2025-11-22 00:00:00,0.9992,0.9993,0.9992,0.9993,183680.0,2025-11-22 00:59:59.999,183534.26680000,77,12108.00000000,12099.52440000,0
2025-11-22 01:00:00,0.9993,0.9993,0.9992,0.9992,1406845.0,2025-11-22 01:59:59.999,1405724.97320000,132,54492.00000000,54453.85560000,0
2025-11-22 02:00:00,0.9992,0.9994,0.9992,0.9993,2466575.0,2025-11-22 02:59:59.999,2464841.66570000,123,2275023.00000000,2273431.08350000,0
2025-11-22 03:00:00,0.9994,0.9994,0.9993,0.9993,148634.0,2025-11-22 03:59:59.999,148532.67900000,83,27228.00000000,27211.66320000,0
2025-11-22 04:00:00,0.9994,0.9994,0.9993,0.9993,285803.0,2025-11-22 04:59:59.999,285603.75460000,129,8167.00000000,8162.09980000,0
2025-11-22 05:00:00,0.9993,0.9994,0.9993,0.9993,2299416.0,2025-11-22 05:59:59.999,2298033.88880000,105,2274800.00000000,2273435.12000000,0
2025-11-22 06:00:00,0.9994,0.9994,0.9993,0.9994,1241084.0,2025-11-22 06:59:59.999,1240333.38290000,66,1181417.00000000,1180708.14980000,0
2025-11-22 07:00:00,0.9993,0.9995,0.9993,0.9994,17106436.0,2025-11-22 07:59:59.999,17096060.55250000,260,13795769.00000000,13787700.28390000,0
2025-11-22 08:00:00,0.9995,0.9995,0.9993,0.9993,5326972.0,2025-11-22 08:59:59.999,5324153.83730000,201,4864009.00000000,4861492.58220000,0
2025-11-22 09:00:00,0.9993,0.9994,0.9993,0.9993,680619.0,2025-11-22 09:59:59.999,680144.65780000,297,20911.00000000,20898.45340000,0
2025-11-22 10:00:00,0.9993,0.9994,0.9992,0.9992,16987477.0,2025-11-22 10:59:59.999,16974247.83640000,310,1964098.00000000,1962538.60480000,0
2025-11-22 11:00:00,0.9992,0.9993,0.9992,0.9992,185801.0,2025-11-22 11:59:59.999,185653.28150000,80,9223.00000000,9216.54390000,0
2025-11-22 12:00:00,0.9992,0.9994,0.9992,0.9994,1184579.0,2025-11-22 12:59:59.999,1183823.28440000,168,1030491.00000000,1029852.62720000,0
2025-11-22 13:00:00,0.9994,0.9994,0.9992,0.9993,1067480.0,2025-11-22 13:59:59.999,1066734.15960000,182,32295.00000000,32273.84180000,0
2025-11-22 14:00:00,0.9993,0.9994,0.9992,0.9992,901036.0,2025-11-22 14:59:59.999,900383.05070000,116,64299.00000000,64259.67880000,0
2025-11-22 15:00:00,0.9992,0.9994,0.9992,0.9993,4619437.0,2025-11-22 15:59:59.999,4615948.43490000,152,369044.00000000,368785.88940000,0
2025-11-22 16:00:00,0.9994,0.9994,0.9993,0.9994,323481.0,2025-11-22 16:59:59.999,323264.92180000,65,103585.00000000,103522.84900000,0
2025-11-22 17:00:00,0.9993,0.9994,0.9993,0.9993,1653665.0,2025-11-22 17:59:59.999,1652508.58760000,42,11531.00000000,11524.08140000,0
2025-11-22 18:00:00,0.9993,0.9994,0.9993,0.9993,157822.0,2025-11-22 18:59:59.999,157711.72900000,56,2044.00000000,2042.77360000,0
2025-11-22 19:00:00,0.9993,0.9994,0.9993,0.9994,8039.0,2025-11-22 19:59:59.999,8033.42910000,32,564.00000000,563.66160000,0
2025-11-22 20:00:00,0.9993,0.9994,0.9993,0.9993,13931.0,2025-11-22 20:59:59.999,13921.36190000,19,1136.00000000,1135.31840000,0
2025-11-22 21:00:00,0.9994,0.9994,0.9993,0.9994,253328.0,2025-11-22 21:59:59.999,253158.80430000,29,81339.00000000,81290.19660000,0
2025-11-22 22:00:00,0.9993,0.9994,0.9993,0.9993,281923.0,2025-11-22 22:59:59.999,281725.74580000,62,919.00000000,918.44860000,0
2025-11-22 23:00:00,0.9993,0.9994,0.9993,0.9993,344078.0,2025-11-22 23:59:59.999,343846.32570000,142,91803.00000000,91747.91820000,0
2025-11-23 00:00:00,0.9993,0.9994,0.9992,0.9993,7933055.0,2025-11-23 00:59:59.999,7926750.64640000,275,141380.00000000,141281.21760000,0
2025-11-23 01:00:00,0.9993,0.9993,0.9992,0.9993,574236.0,2025-11-23 01:59:59.999,573802.61070000,98,259995.00000000,259813.00350000,0
2025-11-23 02:00:00,0.9993,0.9993,0.9992,0.9992,556942.0,2025-11-23 02:59:59.999,556499.43400000,160,29876.00000000,29855.08680000,0
2025-11-23 03:00:00,0.9993,0.9994,0.9992,0.9994,1624901.0,2025-11-23 03:59:59.999,1623756.94490000,142,963823.00000000,963168.61490000,0
2025-11-23 04:00:00,0.9994,0.9994,0.9993,0.9993,2037322.0,2025-11-23 04:59:59.999,2035906.62260000,71,107480.00000000,107415.51200000,0
2025-11-23 05:00:00,0.9993,0.9994,0.9993,0.9993,1651170.0,2025-11-23 05:59:59.999,1650015.97640000,104,17954.00000000,17943.22760000,0
2025-11-23 06:00:00,0.9993,0.9994,0.9993,0.9993,184698.0,2025-11-23 06:59:59.999,184569.69670000,125,9853.00000000,9847.08820000,0
2025-11-23 07:00:00,0.9993,0.9994,0.9992,0.9993,2782756.0,2025-11-23 07:59:59.999,2780814.55440000,208,1082979.00000000,1082229.76350000,0
2025-11-23 08:00:00,0.9993,0.9994,0.9993,0.9993,128568.0,2025-11-23 08:59:59.999,128478.72310000,82,7207.00000000,7202.67580000,0
2025-11-23 09:00:00,0.9993,0.9994,0.9993,0.9993,433992.0,2025-11-23 09:59:59.999,433693.54300000,177,53374.00000000,53341.97560000,0
2025-11-23 10:00:00,0.9993,0.9994,0.9993,0.9993,134876.0,2025-11-23 10:59:59.999,134782.73720000,96,11504.00000000,11497.09760000,0
2025-11-23 11:00:00,0.9994,0.9994,0.9992,0.9994,2839861.0,2025-11-23 11:59:59.999,2837876.57520000,222,57635.00000000,57598.60540000,0
2025-11-23 12:00:00,0.9993,0.9994,0.9993,0.9993,395940.0,2025-11-23 12:59:59.999,395666.01500000,223,31730.00000000,31710.96200000,0
2025-11-23 13:00:00,0.9994,0.9994,0.9993,0.9993,1213812.0,2025-11-23 13:59:59.999,1212987.95030000,76,256187.00000000,256033.28780000,0
2025-11-23 14:00:00,0.9994,0.9994,0.9993,0.9994,1251033.0,2025-11-23 14:59:59.999,1250158.40850000,104,11316.00000000,11309.21040000,0
2025-11-23 15:00:00,0.9993,0.9994,0.9993,0.9993,634613.0,2025-11-23 15:59:59.999,634170.53570000,79,17648.00000000,17637.41120000,0
2025-11-23 16:00:00,0.9993,0.9994,0.9993,0.9993,985055.0,2025-11-23 16:59:59.999,984366.32590000,83,8644.00000000,8638.81360000,0
2025-11-23 17:00:00,0.9993,0.9994,0.9993,0.9994,1070548.0,2025-11-23 17:59:59.999,1069842.08440000,56,434680.00000000,434419.19200000,0
2025-11-23 18:00:00,0.9993,0.9994,0.9993,0.9993,47534.0,2025-11-23 18:59:59.999,47501.18950000,66,4633.00000000,4630.22020000,0
2025-11-23 19:00:00,0.9993,0.9994,0.9993,0.9993,374506.0,2025-11-23 19:59:59.999,374248.94920000,84,51034.00000000,51003.37960000,0
2025-11-23 20:00:00,0.9993,0.9994,0.9993,0.9993,110690.0,2025-11-23 20:59:59.999,110612.51870000,44,17.00000000,16.98980000,0
2025-11-23 21:00:00,0.9993,0.9994,0.9993,0.9993,8107.0,2025-11-23 21:59:59.999,8101.33630000,28,112.00000000,111.93280000,0
2025-11-23 22:00:00,0.9993,0.9994,0.9993,0.9993,615454.0,2025-11-23 22:59:59.999,615023.18800000,29,58.00000000,57.96520000,0
2025-11-23 23:00:00,0.9993,0.9994,0.9993,0.9993,891623.0,2025-11-23 23:59:59.999,891033.42750000,134,345636.00000000,345428.61840000,0
2025-11-24 00:00:00,0.9993,0.9994,0.9993,0.9994,831945.0,2025-11-24 00:59:59.999,831364.44330000,203,18048.00000000,18037.17120000,0
2025-11-24 01:00:00,0.9994,0.9994,0.9993,0.9994,2655133.0,2025-11-24 01:59:59.999,2653325.52670000,182,511198.00000000,510891.28120000,0
2025-11-24 02:00:00,0.9994,0.9994,0.9993,0.9993,2618506.0,2025-11-24 02:59:59.999,2616723.65310000,141,506073.00000000,505769.35620000,0
2025-11-24 03:00:00,0.9993,0.9994,0.9993,0.9993,837911.0,2025-11-24 03:59:59.999,837326.22790000,185,17656.00000000,17645.40640000,0
2025-11-24 04:00:00,0.9993,0.9994,0.9993,0.9993,281443.0,2025-11-24 04:59:59.999,281246.53020000,74,5403.00000000,5399.75820000,0
2025-11-24 05:00:00,0.9993,0.9994,0.9993,0.9994,1097369.0,2025-11-24 05:59:59.999,1096606.77390000,218,59322.00000000,59286.40680000,0
2025-11-24 06:00:00,0.9994,0.9994,0.9993,0.9993,1149765.0,2025-11-24 06:59:59.999,1148961.57390000,86,14094.00000000,14085.54360000,0
2025-11-24 07:00:00,0.9993,0.9994,0.9993,0.9994,235097.0,2025-11-24 07:59:59.999,234933.04670000,76,6146.00000000,6142.31240000,0
2025-11-24 08:00:00,0.9994,0.9994,0.9993,0.9993,258717.0,2025-11-24 08:59:59.999,258554.77870000,53,188806.00000000,188692.71640000,0
2025-11-24 09:00:00,0.9993,0.9994,0.9993,0.9993,429704.0,2025-11-24 09:59:59.999,429403.66230000,121,4551.00000000,4548.26940000,0
2025-11-24 10:00:00,0.9993,0.9994,0.9993,0.9993,1060846.0,2025-11-24 10:59:59.999,1060164.99500000,92,615872.00000000,615502.47680000,0
2025-11-24 11:00:00,0.9993,0.9994,0.9993,0.9993,802630.0,2025-11-24 11:59:59.999,802085.35460000,277,171956.00000000,171852.82640000,0
2025-11-24 12:00:00,0.9993,0.9994,0.9993,0.9993,895847.0,2025-11-24 12:59:59.999,895223.02310000,156,31160.00000000,31141.30400000,0
2025-11-24 13:00:00,0.9993,0.9994,0.9993,0.9994,4105802.0,2025-11-24 13:59:59.999,4102928.49550000,140,5569.00000000,5565.65860000,0
2025-11-24 14:00:00,0.9993,0.9994,0.9993,0.9993,897126.0,2025-11-24 14:59:59.999,896536.63650000,154,386247.00000000,386015.25180000,0
2025-11-24 15:00:00,0.9994,0.9994,0.9993,0.9993,9991462.0,2025-11-24 15:59:59.999,9985445.88170000,181,9779051.00000000,9773183.56940000,0
2025-11-24 16:00:00,0.9994,0.9994,0.9992,0.9993,2644179.0,2025-11-24 16:59:59.999,2642403.99060000,237,777633.00000000,777164.57530000,0
2025-11-24 17:00:00,0.9994,0.9994,0.9992,0.9993,844596.0,2025-11-24 17:59:59.999,843974.50680000,123,16102.00000000,16091.37940000,0
2025-11-24 18:00:00,0.9993,0.9994,0.9992,0.9993,1322105.0,2025-11-24 18:59:59.999,1321228.28640000,125,983686.00000000,983047.97630000,0
2025-11-24 19:00:00,0.9993,0.9994,0.9993,0.9993,685675.0,2025-11-24 19:59:59.999,685198.20340000,66,31759.00000000,31739.94460000,0
2025-11-24 20:00:00,0.9994,0.9994,0.9992,0.9992,442099.0,2025-11-24 20:59:59.999,441823.41870000,66,354316.00000000,354101.87440000,0
2025-11-24 21:00:00,0.9992,0.9993,0.9992,0.9992,317168.0,2025-11-24 21:59:59.999,316914.92740000,22,6618.00000000,6613.36740000,0
2025-11-24 22:00:00,0.9992,0.9994,0.9992,0.9992,1063951.0,2025-11-24 22:59:59.999,1063186.44800000,156,631699.00000000,631257.18660000,0
2025-11-24 23:00:00,0.9992,0.9994,0.9992,0.9993,8789014.0,2025-11-24 23:59:59.999,8782153.30450000,203,1300521.00000000,1299610.73560000,0
2025-11-25 00:00:00,0.9992,0.9993,0.9992,0.9992,131594.0,2025-11-25 00:59:59.999,131491.50650000,117,27817.00000000,27797.52810000,0
2025-11-25 01:00:00,0.9992,0.9993,0.9992,0.9993,180589.0,2025-11-25 01:59:59.999,180460.39940000,84,158706.00000000,158594.90580000,0
2025-11-25 02:00:00,0.9993,0.9993,0.9992,0.9992,503974.0,2025-11-25 02:59:59.999,503607.52330000,152,367025.00000000,366768.08250000,0
2025-11-25 03:00:00,0.9992,0.9993,0.9992,0.9992,758458.0,2025-11-25 03:59:59.999,757902.90580000,98,516722.00000000,516360.29460000,0
2025-11-25 04:00:00,0.9992,0.9993,0.9992,0.9992,612872.0,2025-11-25 04:59:59.999,612439.70750000,78,580051.00000000,579644.96430000,0
2025-11-25 05:00:00,0.9992,0.9993,0.9992,0.9993,573750.0,2025-11-25 05:59:59.999,573297.01200000,39,60120.00000000,60077.91600000,0
2025-11-25 06:00:00,0.9992,0.9993,0.9992,0.9993,476194.0,2025-11-25 06:59:59.999,475835.51200000,60,224672.00000000,224514.72960000,0
2025-11-25 07:00:00,0.9992,0.9993,0.9992,0.9992,176115.0,2025-11-25 07:59:59.999,175977.09380000,54,29858.00000000,29837.09940000,0
2025-11-25 08:00:00,0.9993,0.9993,0.9992,0.9992,194636.0,2025-11-25 08:59:59.999,194483.22390000,61,29327.00000000,29306.47110000,0
2025-11-25 09:00:00,0.9992,0.9993,0.9992,0.9993,1087325.0,2025-11-25 09:59:59.999,1086483.49370000,268,283537.00000000,283338.52410000,0
2025-11-25 10:00:00,0.9992,0.9994,0.9992,0.9994,15105260.0,2025-11-25 10:59:59.999,15094683.12560000,124,15072806.00000000,15062255.06280000,0
2025-11-25 11:00:00,0.9994,0.9994,0.9993,0.9993,584196.0,2025-11-25 11:59:59.999,583788.44180000,149,13790.00000000,13781.72600000,0
2025-11-25 12:00:00,0.9994,0.9994,0.9993,0.9993,1550975.0,2025-11-25 12:59:59.999,1549968.87950000,198,795620.00000000,795142.62800000,0
2025-11-25 13:00:00,0.9993,0.9994,0.9993,0.9993,2719924.0,2025-11-25 13:59:59.999,2718074.32650000,80,542733.00000000,542407.36020000,0
2025-11-25 14:00:00,0.9994,0.9994,0.9992,0.9992,2217637.0,2025-11-25 14:59:59.999,2216072.57860000,195,676819.00000000,676406.73770000,0
2025-11-25 15:00:00,0.9993,0.9993,0.9992,0.9993,1535989.0,2025-11-25 15:59:59.999,1534846.69210000,120,864031.00000000,863426.17830000,0
2025-11-25 16:00:00,0.9993,0.9994,0.9992,0.9992,1006980.0,2025-11-25 16:59:59.999,1006272.89240000,136,317833.00000000,317610.52390000,0
2025-11-25 17:00:00,0.9993,0.9994,0.9992,0.9994,2835134.0,2025-11-25 17:59:59.999,2833236.58890000,102,1596651.00000000,1595653.62200000,0
2025-11-25 18:00:00,0.9994,0.9994,0.9993,0.9994,5171.0,2025-11-25 18:59:59.999,5167.42410000,29,438.00000000,437.73720000,0
2025-11-25 19:00:00,0.9993,0.9994,0.9993,0.9993,1576379.0,2025-11-25 19:59:59.999,1575376.03580000,88,1005011.00000000,1004407.99340000,0
2025-11-25 20:00:00,0.9993,0.9994,0.9993,0.9994,84862.0,2025-11-25 20:59:59.999,84806.64940000,48,40528.00000000,40503.68320000,0
2025-11-25 21:00:00,0.9993,0.9994,0.9993,0.9993,105671.0,2025-11-25 21:59:59.999,105597.32840000,28,2981.00000000,2979.21140000,0
2025-11-25 22:00:00,0.9993,0.9994,0.9993,0.9993,101427.0,2025-11-25 22:59:59.999,101356.04320000,46,421.00000000,420.74740000,0
2025-11-25 23:00:00,0.9994,0.9994,0.9993,0.9993,2727682.0,2025-11-25 23:59:59.999,2726043.73150000,169,2711089.00000000,2709462.34660000,0
2025-11-26 00:00:00,0.9993,0.9994,0.9993,0.9993,253272.0,2025-11-26 00:59:59.999,253096.12230000,264,14127.00000000,14118.52380000,0
2025-11-26 01:00:00,0.9993,0.9994,0.9993,0.9993,390296.0,2025-11-26 01:59:59.999,390054.96700000,70,321742.00000000,321548.95480000,0
2025-11-26 02:00:00,0.9993,0.9994,0.9992,0.9992,2487197.0,2025-11-26 02:59:59.999,2485262.53030000,134,30787.00000000,30768.38880000,0
2025-11-26 03:00:00,0.9992,0.9993,0.9992,0.9993,421949.0,2025-11-26 03:59:59.999,421618.04150000,88,66007.00000000,65960.79510000,0
2025-11-26 04:00:00,0.9993,0.9993,0.9992,0.9993,52557.0,2025-11-26 04:59:59.999,52519.14150000,67,41871.00000000,41841.69030000,0
2025-11-26 05:00:00,0.9993,0.9993,0.9992,0.9993,492234.0,2025-11-26 05:59:59.999,491852.57670000,104,123639.00000000,123552.45270000,0
2025-11-26 06:00:00,0.9993,0.9993,0.9992,0.9992,176345.0,2025-11-26 06:59:59.999,176219.78510000,99,158611.00000000,158499.97230000,0
2025-11-26 07:00:00,0.9993,0.9993,0.9992,0.9992,36035.0,2025-11-26 07:59:59.999,36008.77200000,86,26000.00000000,25981.80000000,0
2025-11-26 08:00:00,0.9993,0.9993,0.9992,0.9993,747949.0,2025-11-26 08:59:59.999,747420.94060000,122,702998.00000000,702505.90140000,0
2025-11-26 09:00:00,0.9992,0.9994,0.9992,0.9994,3453672.0,2025-11-26 09:59:59.999,3451534.63330000,394,3303247.00000000,3301215.05820000,0
2025-11-26 10:00:00,0.9993,0.9994,0.9993,0.9994,424121.0,2025-11-26 10:59:59.999,423849.75230000,55,256370.00000000,256216.17800000,0
2025-11-26 11:00:00,0.9994,0.9994,0.9993,0.9993,60649.0,2025-11-26 11:59:59.999,60610.28550000,109,37398.00000000,37375.56120000,0
2025-11-26 12:00:00,0.9994,0.9994,0.9993,0.9994,182004.0,2025-11-26 12:59:59.999,181884.57250000,302,79753.00000000,79705.14820000,0
2025-11-26 13:00:00,0.9993,0.9994,0.9993,0.9993,527866.0,2025-11-26 13:59:59.999,527507.59790000,61,111041.00000000,110974.37540000,0
2025-11-26 14:00:00,0.9993,0.9994,0.9993,0.9993,734651.0,2025-11-26 14:59:59.999,734138.84480000,90,21005.00000000,20992.39700000,0
2025-11-26 15:00:00,0.9993,0.9994,0.9993,0.9993,3795918.0,2025-11-26 15:59:59.999,3793424.01470000,136,1631573.00000000,1630594.05620000,0
2025-11-26 16:00:00,0.9994,0.9994,0.9992,0.9993,1596299.0,2025-11-26 16:59:59.999,1595189.14350000,117,598627.00000000,598215.51450000,0
2025-11-26 17:00:00,0.9994,0.9994,0.9992,0.9992,3663233.0,2025-11-26 17:59:59.999,3660520.82180000,137,1619416.00000000,1618282.90730000,0
2025-11-26 18:00:00,0.9992,0.9994,0.9992,0.9994,5281990.0,2025-11-26 18:59:59.999,5278268.16230000,84,4482275.00000000,4479163.89100000,0
2025-11-26 19:00:00,0.9993,0.9994,0.9993,0.9994,32470.0,2025-11-26 19:59:59.999,32448.36430000,15,10933.00000000,10926.44020000,0
2025-11-26 20:00:00,0.9994,0.9994,0.9993,0.9994,1264384.0,2025-11-26 20:59:59.999,1263619.33340000,50,1204022.00000000,1203299.58680000,0
2025-11-26 21:00:00,0.9994,0.9994,0.9993,0.9993,405621.0,2025-11-26 21:59:59.999,405377.35150000,22,402862.00000000,402620.28280000,0
2025-11-26 22:00:00,0.9994,0.9994,0.9993,0.9994,37522.0,2025-11-26 22:59:59.999,37496.94020000,43,12056.00000000,12048.76640000,0
2025-11-26 23:00:00,0.9994,0.9994,0.9993,0.9993,181032.0,2025-11-26 23:59:59.999,180912.76780000,156,74902.00000000,74857.05880000,0
2025-11-27 00:00:00,0.9994,0.9994,0.9993,0.9993,909075.0,2025-11-27 00:59:59.999,908457.96300000,200,193155.00000000,193039.10700000,0
2025-11-27 01:00:00,0.9993,0.9994,0.9993,0.9993,453961.0,2025-11-27 01:59:59.999,453672.94610000,87,297188.00000000,297009.68720000,0
2025-11-27 02:00:00,0.9993,0.9994,0.9993,0.9993,1299312.0,2025-11-27 02:59:59.999,1298428.42800000,73,259464.00000000,259308.32160000,0
2025-11-27 03:00:00,0.9993,0.9994,0.9993,0.9993,2128138.0,2025-11-27 03:59:59.999,2126706.24650000,72,579431.00000000,579083.34140000,0
2025-11-27 04:00:00,0.9994,0.9994,0.9993,0.9994,613865.0,2025-11-27 04:59:59.999,613485.62690000,159,503324.00000000,503022.00560000,0
2025-11-27 05:00:00,0.9993,0.9994,0.9993,0.9994,592722.0,2025-11-27 05:59:59.999,592349.00360000,223,419090.00000000,418838.54600000,0
2025-11-27 06:00:00,0.9994,0.9994,0.9993,0.9993,823538.0,2025-11-27 06:59:59.999,822983.09660000,70,215732.00000000,215602.56080000,0
2025-11-27 07:00:00,0.9993,0.9994,0.9993,0.9994,1886785.0,2025-11-27 07:59:59.999,1885632.14370000,219,1678932.00000000,1677924.64080000,0
2025-11-27 08:00:00,0.9993,0.9994,0.9993,0.9994,563806.0,2025-11-27 08:59:59.999,563421.00890000,107,96731.00000000,96672.96140000,0
2025-11-27 09:00:00,0.9994,0.9994,0.9993,0.9993,443938.0,2025-11-27 09:59:59.999,443651.64320000,476,243998.00000000,243851.60120000,0
2025-11-27 10:00:00,0.9994,0.9995,0.9993,0.9994,1845587.0,2025-11-27 10:59:59.999,1844474.94090000,425,791799.00000000,791336.91060000,0
2025-11-27 11:00:00,0.9995,0.9995,0.9993,0.9993,2253110.0,2025-11-27 11:59:59.999,2251575.05580000,461,152578.00000000,152491.11700000,0
2025-11-27 12:00:00,0.9994,0.9994,0.9993,0.9993,1951905.0,2025-11-27 12:59:59.999,1950644.47180000,764,1058053.00000000,1057418.16820000,0
2025-11-27 13:00:00,0.9994,0.9994,0.9993,0.9994,765173.0,2025-11-27 13:59:59.999,764657.06830000,408,196894.00000000,196775.86360000,0
2025-11-27 14:00:00,0.9993,0.9994,0.9993,0.9993,4865182.0,2025-11-27 14:59:59.999,4861812.44730000,405,360747.00000000,360530.55180000,0
2025-11-27 15:00:00,0.9994,0.9995,0.9993,0.9994,3841825.0,2025-11-27 15:59:59.999,3839499.37570000,262,2804947.00000000,2803265.06590000,0
2025-11-27 16:00:00,0.9994,0.9994,0.9993,0.9994,687963.0,2025-11-27 16:59:59.999,687518.08610000,493,366602.00000000,366382.03880000,0
2025-11-27 17:00:00,0.9994,0.9994,0.9993,0.9993,469041.0,2025-11-27 17:59:59.999,468732.44280000,461,197715.00000000,197596.37100000,0
2025-11-27 18:00:00,0.9994,0.9994,0.9993,0.9993,434406.0,2025-11-27 18:59:59.999,434118.57890000,34,166631.00000000,166531.02140000,0
2025-11-27 19:00:00,0.9993,0.9995,0.9993,0.9995,10573771.0,2025-11-27 19:59:59.999,10568016.01480000,193,9535076.00000000,9529945.52620000,0
2025-11-27 20:00:00,0.9994,0.9995,0.9993,0.9995,9775464.0,2025-11-27 20:59:59.999,9770339.25470000,148,8391632.00000000,8387369.52600000,0
2025-11-27 21:00:00,0.9995,0.9995,0.9994,0.9994,1618095.0,2025-11-27 21:59:59.999,1617201.76820000,53,1301960.00000000,1301256.44920000,0
2025-11-27 22:00:00,0.9995,0.9997,0.9994,0.9997,8008975.0,2025-11-27 22:59:59.999,8005134.14210000,220,7189143.00000000,7185686.63570000,0
2025-11-27 23:00:00,0.9996,0.9997,0.9996,0.9996,3651122.0,2025-11-27 23:59:59.999,3649672.20780000,132,106566.00000000,106534.03020000,0
2025-11-28 00:00:00,0.9997,0.9997,0.9994,0.9995,1309898.0,2025-11-28 00:59:59.999,1309271.87560000,294,918520.00000000,918063.95090000,0
2025-11-28 01:00:00,0.9995,0.9996,0.9995,0.9995,252436.0,2025-11-28 01:59:59.999,252325.44450000,139,156625.00000000,156562.35000000,0
2025-11-28 02:00:00,0.9995,0.9996,0.9994,0.9994,1206285.0,2025-11-28 02:59:59.999,1205683.63640000,165,27827.00000000,27815.63110000,0
2025-11-28 03:00:00,0.9994,0.9995,0.9994,0.9994,215888.0,2025-11-28 03:59:59.999,215771.40200000,188,129348.00000000,129283.32600000,0
2025-11-28 04:00:00,0.9994,0.9995,0.9994,0.9995,541535.0,2025-11-28 04:59:59.999,541212.86140000,131,27824.00000000,27810.08800000,0
2025-11-28 05:00:00,0.9994,0.9995,0.9993,0.9995,3445607.0,2025-11-28 05:59:59.999,3443558.24210000,162,1233227.00000000,1232505.74590000,0
2025-11-28 06:00:00,0.9995,0.9995,0.9994,0.9994,907504.0,2025-11-28 06:59:59.999,907008.81790000,108,493203.00000000,492956.39850000,0
2025-11-28 07:00:00,0.9994,0.9995,0.9994,0.9995,199573.0,2025-11-28 07:59:59.999,199456.62200000,71,33658.00000000,33641.17100000,0
2025-11-28 08:00:00,0.9995,0.9995,0.9992,0.9993,3513908.0,2025-11-28 08:59:59.999,3511567.27430000,198,1556241.00000000,1555153.63200000,0
2025-11-28 09:00:00,0.9993,0.9994,0.9992,0.9993,1569386.0,2025-11-28 09:59:59.999,1568293.02310000,170,602553.00000000,602136.90940000,0
2025-11-28 10:00:00,0.9994,0.9994,0.9992,0.9993,2793786.0,2025-11-28 10:59:59.999,2791754.31930000,138,217201.00000000,217049.59830000,0
2025-11-28 11:00:00,0.9993,0.9993,0.9992,0.9992,1601239.0,2025-11-28 11:59:59.999,1600072.88190000,97,1148731.00000000,1147926.88830000,0
2025-11-28 12:00:00,0.9993,0.9993,0.9992,0.9993,1563278.0,2025-11-28 12:59:59.999,1562088.09480000,77,607172.00000000,606746.97960000,0
2025-11-28 13:00:00,0.9993,0.9993,0.9992,0.9992,814944.0,2025-11-28 13:59:59.999,814293.07650000,51,10317.00000000,10309.77810000,0
2025-11-28 14:00:00,0.9993,0.9993,0.9992,0.9992,1124651.0,2025-11-28 14:59:59.999,1123753.49900000,107,22198.00000000,22182.46140000,0
2025-11-28 15:00:00,0.9993,0.9993,0.9992,0.9992,2099043.0,2025-11-28 15:59:59.999,2097499.70180000,89,1359362.00000000,1358410.44660000,0
2025-11-28 16:00:00,0.9992,0.9993,0.9992,0.9993,1537365.0,2025-11-28 16:59:59.999,1536145.63430000,89,105263.00000000,105189.31590000,0
2025-11-28 17:00:00,0.9992,0.9993,0.9992,0.9993,1727952.0,2025-11-28 17:59:59.999,1726632.70020000,749,630618.00000000,630176.56740000,0
2025-11-28 18:00:00,0.9993,0.9994,0.9992,0.9993,1702934.0,2025-11-28 18:59:59.999,1701742.07020000,250,1420211.00000000,1419217.55420000,0
2025-11-28 19:00:00,0.9993,0.9994,0.9993,0.9993,690937.0,2025-11-28 19:59:59.999,690481.86850000,17,285244.00000000,285072.85360000,0
2025-11-28 20:00:00,0.9993,0.9993,0.9992,0.9992,259525.0,2025-11-28 20:59:59.999,259342.30540000,76,5706.00000000,5702.00580000,0
2025-11-28 21:00:00,0.9992,0.9993,0.9992,0.9992,26746.0,2025-11-28 21:59:59.999,26724.75780000,27,1546.00000000,1544.91780000,0
2025-11-28 22:00:00,0.9992,0.9993,0.9992,0.9992,26534.0,2025-11-28 22:59:59.999,26513.76150000,95,9887.00000000,9880.07910000,0
2025-11-28 23:00:00,0.9992,0.9994,0.9992,0.9993,2954377.0,2025-11-28 23:59:59.999,2952187.35730000,788,1166759.00000000,1165997.41810000,0
2025-11-29 00:00:00,0.9993,0.9993,0.9992,0.9992,165547.0,2025-11-29 00:59:59.999,165421.15420000,294,65918.00000000,65871.85740000,0
2025-11-29 01:00:00,0.9992,0.9993,0.9992,0.9993,86601.0,2025-11-29 01:59:59.999,86532.49350000,95,7743.00000000,7737.57990000,0
2025-11-29 02:00:00,0.9992,0.9993,0.9992,0.9993,277843.0,2025-11-29 02:59:59.999,277622.19260000,68,14670.00000000,14659.73100000,0
2025-11-29 03:00:00,0.9992,0.9993,0.9992,0.9992,61508.0,2025-11-29 03:59:59.999,61460.53180000,67,17382.00000000,17369.83260000,0
2025-11-29 04:00:00,0.9992,0.9993,0.9992,0.9992,141356.0,2025-11-29 04:59:59.999,141244.12120000,47,12060.00000000,12051.55800000,0
2025-11-29 05:00:00,0.9993,0.9993,0.9992,0.9992,679809.0,2025-11-29 05:59:59.999,679289.59420000,39,244414.00000000,244242.91020000,0
2025-11-29 06:00:00,0.9992,0.9993,0.9992,0.9993,1385394.0,2025-11-29 06:59:59.999,1384286.26630000,96,5815.00000000,5810.92950000,0
2025-11-29 07:00:00,0.9993,0.9993,0.9992,0.9992,494283.0,2025-11-29 07:59:59.999,493892.87880000,74,53052.00000000,53014.86360000,0
2025-11-29 08:00:00,0.9992,0.9993,0.9992,0.9992,165516.0,2025-11-29 08:59:59.999,165385.05270000,49,14655.00000000,14644.74150000,0
2025-11-29 09:00:00,0.9992,0.9993,0.9992,0.9993,651051.0,2025-11-29 09:59:59.999,650559.08690000,95,289277.00000000,289074.50610000,0
2025-11-29 10:00:00,0.9992,0.9993,0.9992,0.9992,60793.0,2025-11-29 10:59:59.999,60745.09280000,43,7272.00000000,7266.90960000,0
2025-11-29 11:00:00,0.9992,0.9993,0.9992,0.9992,122401.0,2025-11-29 11:59:59.999,122313.49080000,97,104116.00000000,104043.11880000,0
2025-11-29 12:00:00,0.9993,0.9993,0.9992,0.9992,42459.0,2025-11-29 12:59:59.999,42426.39370000,203,13609.00000000,13599.47370000,0
2025-11-29 13:00:00,0.9992,0.9993,0.9992,0.9992,359576.0,2025-11-29 13:59:59.999,359288.95210000,142,6129.00000000,6124.70970000,0
2025-11-29 14:00:00,0.9992,0.9993,0.9992,0.9992,836042.0,2025-11-29 14:59:59.999,835453.41680000,139,802504.00000000,801942.24720000,0
2025-11-29 15:00:00,0.9993,0.9993,0.9992,0.9992,295539.0,2025-11-29 15:59:59.999,295304.91500000,85,23462.00000000,23445.57660000,0
2025-11-29 16:00:00,0.9992,0.9993,0.9992,0.9992,388173.0,2025-11-29 16:59:59.999,387899.86620000,46,374046.00000000,373784.16780000,0
2025-11-29 17:00:00,0.9992,0.9993,0.9992,0.9992,593800.0,2025-11-29 17:59:59.999,593326.74030000,103,17803.00000000,17790.53790000,0
2025-11-29 18:00:00,0.9993,0.9993,0.9992,0.9992,118979.0,2025-11-29 18:59:59.999,118884.45870000,77,6419.00000000,6414.50670000,0
2025-11-29 19:00:00,0.9992,0.9993,0.9992,0.9993,164438.0,2025-11-29 19:59:59.999,164322.14880000,88,156992.00000000,156882.10560000,0
2025-11-29 20:00:00,0.9992,0.9993,0.9992,0.9993,54724.0,2025-11-29 20:59:59.999,54682.43910000,29,22183.00000000,22167.47190000,0
2025-11-29 21:00:00,0.9992,0.9993,0.9992,0.9992,8328.0,2025-11-29 21:59:59.999,8321.65940000,38,3218.00000000,3215.74740000,0
2025-11-29 22:00:00,0.9992,0.9993,0.9992,0.9992,878008.0,2025-11-29 22:59:59.999,877392.41430000,42,868207.00000000,867599.25510000,0
2025-11-29 23:00:00,0.9993,0.9993,0.9992,0.9992,141497.0,2025-11-29 23:59:59.999,141385.10310000,172,13007.00000000,12997.89510000,0
2025-11-30 00:00:00,0.9993,0.9993,0.9992,0.9992,176907.0,2025-11-30 00:59:59.999,176766.30020000,81,8258.00000000,8252.21940000,0
2025-11-30 01:00:00,0.9992,0.9993,0.9992,0.9993,1201863.0,2025-11-30 01:59:59.999,1200959.56390000,84,580543.00000000,580136.61990000,0
2025-11-30 02:00:00,0.9993,0.9993,0.9992,0.9993,83365.0,2025-11-30 02:59:59.999,83300.32390000,82,20159.00000000,20144.88870000,0
2025-11-30 03:00:00,0.9992,0.9993,0.9992,0.9992,2079450.0,2025-11-30 03:59:59.999,2077788.12690000,95,16869.00000000,16857.19170000,0
2025-11-30 04:00:00,0.9992,0.9993,0.9992,0.9992,2648346.0,2025-11-30 04:59:59.999,2646227.67680000,117,3536.00000000,3533.52480000,0
2025-11-30 05:00:00,0.9993,0.9993,0.9992,0.9992,15754.0,2025-11-30 05:59:59.999,15741.85590000,27,4591.00000000,4587.78630000,0
2025-11-30 06:00:00,0.9992,0.9993,0.9992,0.9993,126935.0,2025-11-30 06:59:59.999,126833.78950000,38,3375.00000000,3372.63750000,0
2025-11-30 07:00:00,0.9992,0.9993,0.9992,0.9992,1779749.0,2025-11-30 07:59:59.999,1778497.50170000,52,1723009.00000000,1721802.89370000,0
2025-11-30 08:00:00,0.9992,0.9993,0.9992,0.9992,1035466.0,2025-11-30 08:59:59.999,1034638.81340000,49,11862.00000000,11853.69660000,0
2025-11-30 09:00:00,0.9992,0.9993,0.9992,0.9993,401689.0,2025-11-30 09:59:59.999,401396.94740000,86,292986.00000000,292780.90980000,0
2025-11-30 10:00:00,0.9993,0.9993,0.9992,0.9993,26262.0,2025-11-30 10:59:59.999,26241.93980000,57,9494.00000000,9487.35420000,0
2025-11-30 11:00:00,0.9993,0.9993,0.9992,0.9992,52269.0,2025-11-30 11:59:59.999,52227.93630000,75,7515.00000000,7509.73950000,0
2025-11-30 12:00:00,0.9992,0.9993,0.9992,0.9992,65739.0,2025-11-30 12:59:59.999,65687.97440000,199,15656.00000000,15645.04080000,0
2025-11-30 13:00:00,0.9992,0.9993,0.9992,0.9992,640146.0,2025-11-30 13:59:59.999,639693.37290000,97,594897.00000000,594480.57210000,0
2025-11-30 14:00:00,0.9992,0.9993,0.9992,0.9993,541152.0,2025-11-30 14:59:59.999,540725.13100000,61,60526.00000000,60483.63180000,0
2025-11-30 15:00:00,0.9992,0.9993,0.9992,0.9993,762739.0,2025-11-30 15:59:59.999,762183.03660000,66,542278.00000000,541898.40540000,0
2025-11-30 16:00:00,0.9992,0.9993,0.9992,0.9992,73242.0,2025-11-30 16:59:59.999,73183.57420000,32,1678.00000000,1676.82540000,0
2025-11-30 17:00:00,0.9993,0.9993,0.9992,0.9992,5309.0,2025-11-30 17:59:59.999,5304.94700000,25,1942.00000000,1940.64060000,0
2025-11-30 18:00:00,0.9993,0.9993,0.9992,0.9992,4763.0,2025-11-30 18:59:59.999,4759.41610000,154,2265.00000000,2263.41450000,0
2025-11-30 19:00:00,0.9992,0.9993,0.9992,0.9992,105010.0,2025-11-30 19:59:59.999,104934.64390000,87,86519.00000000,86458.43670000,0
2025-11-30 20:00:00,0.9993,0.9993,0.9992,0.9993,3842.0,2025-11-30 20:59:59.999,3838.97860000,13,522.00000000,521.63460000,0
2025-11-30 21:00:00,0.9993,0.9993,0.9992,0.9993,402334.0,2025-11-30 21:59:59.999,402050.56180000,45,384290.00000000,384020.99700000,0
2025-11-30 22:00:00,0.9992,0.9993,0.9992,0.9992,3523.0,2025-11-30 22:59:59.999,3520.41500000,32,2334.00000000,2332.36620000,0
2025-11-30 23:00:00,0.9992,0.9993,0.9992,0.9992,389371.0,2025-11-30 23:59:59.999,389062.59300000,129,30898.00000000,30876.37140000,0
2025-12-01 00:00:00,0.9992,0.9993,0.9992,0.9992,3254078.0,2025-12-01 00:59:59.999,3251477.19330000,145,24557.00000000,24539.81010000,0
2025-12-01 01:00:00,0.9992,0.9993,0.9992,0.9992,666229.0,2025-12-01 01:59:59.999,665696.13680000,82,1200.00000000,1199.16000000,0
2025-12-01 02:00:00,0.9992,0.9993,0.9992,0.9993,560125.0,2025-12-01 02:59:59.999,559677.35610000,97,4561.00000000,4557.80730000,0
2025-12-01 03:00:00,0.9992,0.9993,0.9992,0.9993,1200272.0,2025-12-01 03:59:59.999,1199345.07550000,83,332931.00000000,332697.94830000,0
2025-12-01 04:00:00,0.9992,0.9993,0.9992,0.9992,3214557.0,2025-12-01 04:59:59.999,3211988.08550000,103,27311.00000000,27291.88230000,0
2025-12-01 05:00:00,0.9992,0.9993,0.9992,0.9992,578351.0,2025-12-01 05:59:59.999,577939.33780000,73,510186.00000000,509828.86980000,0
2025-12-01 06:00:00,0.9992,0.9993,0.9992,0.9992,548803.0,2025-12-01 06:59:59.999,548364.24490000,36,2873.00000000,2870.98890000,0
2025-12-01 07:00:00,0.9993,0.9994,0.9993,0.9993,1795178.0,2025-12-01 07:59:59.999,1793921.49830000,64,1714220.00000000,1713020.16890000,0
2025-12-01 08:00:00,0.9994,0.9994,0.9993,0.9994,419704.0,2025-12-01 08:59:59.999,419410.25090000,42,437.00000000,436.73780000,0
2025-12-01 09:00:00,0.9994,0.9994,0.9992,0.9992,3125548.0,2025-12-01 09:59:59.999,3123153.47430000,192,1010159.00000000,1009452.76860000,0
2025-12-01 10:00:00,0.9992,0.9994,0.9992,0.9994,1276706.0,2025-12-01 10:59:59.999,1275809.99300000,113,1234889.00000000,1234024.82440000,0
2025-12-01 11:00:00,0.9993,0.9994,0.9993,0.9993,555460.0,2025-12-01 11:59:59.999,555072.68600000,138,15080.00000000,15070.95200000,0
2025-12-01 12:00:00,0.9993,0.9994,0.9993,0.9993,2222079.0,2025-12-01 12:59:59.999,2220528.64290000,131,50982.00000000,50951.41080000,0
2025-12-01 13:00:00,0.9993,0.9994,0.9993,0.9993,738833.0,2025-12-01 13:59:59.999,738348.46050000,569,326436.00000000,326240.13840000,0
2025-12-01 14:00:00,0.9993,0.9994,0.9992,0.9992,900300.0,2025-12-01 14:59:59.999,899669.33350000,116,11628.00000000,11620.61620000,0
2025-12-01 15:00:00,0.9992,0.9993,0.9992,0.9992,3432060.0,2025-12-01 15:59:59.999,3429316.36380000,141,20118.00000000,20103.91740000,0
2025-12-01 16:00:00,0.9992,0.9993,0.9992,0.9993,2014190.0,2025-12-01 16:59:59.999,2012587.07120000,85,84232.00000000,84173.03760000,0
2025-12-01 17:00:00,0.9992,0.9993,0.9992,0.9992,641803.0,2025-12-01 17:59:59.999,641342.68200000,37,531244.00000000,530872.12920000,0
2025-12-01 18:00:00,0.9992,0.9993,0.9992,0.9993,343000.0,2025-12-01 18:59:59.999,342754.39730000,30,287973.00000000,287771.41890000,0
2025-12-01 19:00:00,0.9993,0.9993,0.9992,0.9992,40664.0,2025-12-01 19:59:59.999,40631.47680000,11,80.00000000,79.94400000,0
2025-12-01 20:00:00,0.9992,0.9993,0.9992,0.9992,1486762.0,2025-12-01 20:59:59.999,1485698.55550000,25,1259651.00000000,1258769.24430000,0
2025-12-01 21:00:00,0.9992,0.9993,0.9992,0.9992,2021.0,2025-12-01 21:59:59.999,2019.50710000,6,1239.00000000,1238.13270000,0
2025-12-01 22:00:00,0.9992,0.9993,0.9992,0.9992,344634.0,2025-12-01 22:59:59.999,344358.71140000,42,4186.00000000,4183.06980000,0
2025-12-01 23:00:00,0.9993,0.9994,0.9992,0.9993,8135183.0,2025-12-01 23:59:59.999,8129224.72330000,117,5197578.00000000,5193939.76780000,0
2025-12-02 00:00:00,0.9993,0.9993,0.9992,0.9992,702115.0,2025-12-02 00:59:59.999,701553.35300000,32,450.00000000,449.68500000,0
2025-12-02 01:00:00,0.9992,0.9994,0.9992,0.9993,5409861.0,2025-12-02 01:59:59.999,5406306.25980000,150,3966926.00000000,3964384.66640000,0
2025-12-02 02:00:00,0.9993,0.9994,0.9992,0.9993,2361154.0,2025-12-02 02:59:59.999,2359472.83830000,86,807597.00000000,807093.82610000,0
2025-12-02 03:00:00,0.9993,0.9993,0.9992,0.9992,301801.0,2025-12-02 03:59:59.999,301583.84360000,32,1320.00000000,1319.07600000,0
2025-12-02 04:00:00,0.9993,0.9993,0.9992,0.9993,1020043.0,2025-12-02 04:59:59.999,1019231.43940000,37,44738.00000000,44706.68340000,0
2025-12-02 05:00:00,0.9992,0.9994,0.9992,0.9994,8767611.0,2025-12-02 05:59:59.999,8762242.40250000,87,8639434.00000000,8634163.24550000,0
2025-12-02 06:00:00,0.9994,0.9994,0.9992,0.9992,2486475.0,2025-12-02 06:59:59.999,2484499.68360000,56,29285.00000000,29264.50850000,0
2025-12-02 07:00:00,0.9992,0.9993,0.9992,0.9992,200562.0,2025-12-02 07:59:59.999,200402.05190000,53,5015.00000000,5011.48950000,0
2025-12-02 08:00:00,0.9993,0.9993,0.9992,0.9993,2690571.0,2025-12-02 08:59:59.999,2688419.35280000,30,8096.00000000,8090.33280000,0
2025-12-02 09:00:00,0.9993,0.9993,0.9992,0.9993,462664.0,2025-12-02 09:59:59.999,462294.00920000,24,1404.00000000,1403.01720000,0
2025-12-02 10:00:00,0.9992,0.9993,0.9992,0.9993,13625.0,2025-12-02 10:59:59.999,13614.60340000,67,5034.00000000,5030.47620000,0
2025-12-02 11:00:00,0.9992,0.9994,0.9992,0.9993,1012862.0,2025-12-02 11:59:59.999,1012113.13540000,117,482131.00000000,481793.67780000,0
2025-12-02 12:00:00,0.9993,0.9994,0.9992,0.9993,157700.0,2025-12-02 12:59:59.999,157589.76690000,132,33234.00000000,33211.01250000,0
2025-12-02 13:00:00,0.9994,0.9994,0.9992,0.9993,1132727.0,2025-12-02 13:59:59.999,1131946.55260000,125,603095.00000000,602731.74330000,0
2025-12-02 14:00:00,0.9993,0.9993,0.9992,0.9993,2365623.0,2025-12-02 14:59:59.999,2363811.26310000,56,807615.00000000,807049.66950000,0
2025-12-02 15:00:00,0.9992,0.9993,0.9992,0.9992,1858152.0,2025-12-02 15:59:59.999,1856748.03450000,85,825561.00000000,824983.10730000,0
2025-12-02 16:00:00,0.9993,0.9993,0.9992,0.9993,111821.0,2025-12-02 16:59:59.999,111735.92660000,33,43834.00000000,43803.31620000,0
2025-12-02 17:00:00,0.9992,0.9993,0.9992,0.9992,1826076.0,2025-12-02 17:59:59.999,1824756.15030000,359,1410111.00000000,1409123.92230000,0
2025-12-02 18:00:00,0.9992,0.9993,0.9992,0.9993,70977.0,2025-12-02 18:59:59.999,70925.07420000,34,48558.00000000,48524.00940000,0
2025-12-02 19:00:00,0.9992,0.9993,0.9992,0.9993,41245.0,2025-12-02 19:59:59.999,41215.99500000,44,39910.00000000,39882.06300000,0
2025-12-02 20:00:00,0.9993,0.9993,0.9992,0.9992,676887.0,2025-12-02 20:59:59.999,676350.82640000,28,53360.00000000,53322.64800000,0
2025-12-02 21:00:00,0.9992,0.9993,0.9992,0.9993,1020464.0,2025-12-02 21:59:59.999,1019749.65590000,43,953172.00000000,952504.77960000,0
2025-12-02 22:00:00,0.9993,0.9993,0.9992,0.9992,102282.0,2025-12-02 22:59:59.999,102204.13040000,47,22417.00000000,22401.30810000,0
2025-12-02 23:00:00,0.9992,0.9993,0.9992,0.9992,17032.0,2025-12-02 23:59:59.999,17019.79400000,27,14196.00000000,14186.06280000,0
2025-12-03 00:00:00,0.9992,0.9994,0.9992,0.9993,77302.0,2025-12-03 00:59:59.999,77248.98590000,61,32904.00000000,32882.07370000,0
2025-12-03 01:00:00,0.9993,0.9994,0.9992,0.9992,2058465.0,2025-12-03 01:59:59.999,2057054.12090000,153,530889.00000000,530559.92920000,0
2025-12-03 02:00:00,0.9992,0.9993,0.9992,0.9993,123956.0,2025-12-03 02:59:59.999,123862.32900000,28,54938.00000000,54899.54340000,0
2025-12-03 03:00:00,0.9992,0.9993,0.9992,0.9992,1092567.0,2025-12-03 03:59:59.999,1091780.67890000,77,877325.00000000,876710.87250000,0
2025-12-03 04:00:00,0.9992,0.9993,0.9992,0.9992,1823339.0,2025-12-03 04:59:59.999,1821977.66480000,64,973360.00000000,972678.64800000,0
2025-12-03 05:00:00,0.9992,0.9993,0.9992,0.9992,829861.0,2025-12-03 05:59:59.999,829267.64800000,79,705368.00000000,704874.24240000,0
2025-12-03 06:00:00,0.9992,0.9993,0.9992,0.9993,199928.0,2025-12-03 06:59:59.999,199772.66280000,68,46052.00000000,46019.76360000,0
2025-12-03 07:00:00,0.9992,0.9994,0.9992,0.9993,2255605.0,2025-12-03 07:59:59.999,2254025.11180000,56,2203208.00000000,2201665.78100000,0
2025-12-03 08:00:00,0.9994,0.9994,0.9993,0.9993,140715.0,2025-12-03 08:59:59.999,140619.54460000,39,30451.00000000,30432.72940000,0
2025-12-03 09:00:00,0.9994,0.9994,0.9993,0.9993,437657.0,2025-12-03 09:59:59.999,437358.22920000,58,75891.00000000,75845.46540000,0
2025-12-03 10:00:00,0.9993,0.9994,0.9993,0.9993,1033472.0,2025-12-03 10:59:59.999,1032748.88280000,76,3132.00000000,3130.12080000,0
2025-12-03 11:00:00,0.9993,0.9994,0.9992,0.9992,374741.0,2025-12-03 11:59:59.999,374454.49000000,191,49780.00000000,49748.52650000,0
2025-12-03 12:00:00,0.9992,0.9994,0.9992,0.9993,6898105.0,2025-12-03 12:59:59.999,6893271.76440000,169,6579984.00000000,6575378.68810000,0
2025-12-03 13:00:00,0.9993,0.9994,0.9993,0.9993,774906.0,2025-12-03 13:59:59.999,774370.34510000,85,67793.00000000,67752.32420000,0
2025-12-03 14:00:00,0.9993,0.9994,0.9993,0.9993,772835.0,2025-12-03 14:59:59.999,772313.46740000,91,194519.00000000,194402.28860000,0
2025-12-03 15:00:00,0.9993,0.9994,0.9992,0.9993,961588.0,2025-12-03 15:59:59.999,960884.35900000,99,333599.00000000,333394.59270000,0
2025-12-03 16:00:00,0.9993,0.9994,0.9992,0.9992,29133.0,2025-12-03 16:59:59.999,29112.36250000,53,4991.00000000,4987.51300000,0
2025-12-03 17:00:00,0.9992,0.9993,0.9992,0.9992,7263.0,2025-12-03 17:59:59.999,7257.59970000,15,4101.00000000,4098.12930000,0
2025-12-03 18:00:00,0.9992,0.9993,0.9992,0.9992,32192.0,2025-12-03 18:59:59.999,32167.93140000,54,16850.00000000,16838.20500000,0
2025-12-03 19:00:00,0.9993,0.9993,0.9992,0.9993,514845.0,2025-12-03 19:59:59.999,514483.64560000,77,505216.00000000,504862.34880000,0
2025-12-03 20:00:00,0.9993,0.9993,0.9992,0.9992,4197.0,2025-12-03 20:59:59.999,4193.98210000,38,3397.00000000,3394.62210000,0
2025-12-03 21:00:00,0.9992,0.9993,0.9992,0.9993,22223.0,2025-12-03 21:59:59.999,22205.42550000,10,2039.00000000,2037.57270000,0
2025-12-03 22:00:00,0.9992,0.9993,0.9992,0.9993,617047.0,2025-12-03 22:59:59.999,616585.73910000,59,323767.00000000,323540.36310000,0
2025-12-03 23:00:00,0.9993,0.9993,0.9992,0.9992,908296.0,2025-12-03 23:59:59.999,907579.94020000,20,105770.00000000,105695.96100000,0
2025-12-04 00:00:00,0.9992,0.9993,0.9992,0.9993,817920.0,2025-12-04 00:59:59.999,817316.29260000,45,506286.00000000,505931.59980000,0
2025-12-04 01:00:00,0.9992,0.9993,0.9992,0.9993,999727.0,2025-12-04 01:59:59.999,998982.90560000,39,556872.00000000,556482.18960000,0
2025-12-04 02:00:00,0.9992,0.9993,0.9992,0.9992,347410.0,2025-12-04 02:59:59.999,347134.72680000,16,26548.00000000,26529.41640000,0
2025-12-04 03:00:00,0.9992,0.9993,0.9992,0.9992,153497.0,2025-12-04 03:59:59.999,153374.42820000,59,2258.00000000,2256.41940000,0
2025-12-04 04:00:00,0.9993,0.9993,0.9992,0.9993,47195.0,2025-12-04 04:59:59.999,47161.65360000,58,44096.00000000,44065.13280000,0
2025-12-04 05:00:00,0.9992,0.9993,0.9992,0.9992,228983.0,2025-12-04 05:59:59.999,228817.29390000,22,174803.00000000,174680.63790000,0
2025-12-04 06:00:00,0.9992,0.9993,0.9992,0.9992,813670.0,2025-12-04 06:59:59.999,813094.36210000,32,752981.00000000,752453.91330000,0
2025-12-04 07:00:00,0.9993,0.9993,0.9992,0.9992,615247.0,2025-12-04 07:59:59.999,614815.09940000,39,602970.00000000,602547.92100000,0
2025-12-04 08:00:00,0.9992,0.9994,0.9992,0.9993,801118.0,2025-12-04 08:59:59.999,800596.42260000,39,758482.00000000,757991.32920000,0
2025-12-04 09:00:00,0.9993,0.9994,0.9993,0.9993,224298.0,2025-12-04 09:59:59.999,224141.73560000,64,7442.00000000,7437.53480000,0
2025-12-04 10:00:00,0.9993,0.9994,0.9992,0.9993,1628475.0,2025-12-04 10:59:59.999,1627455.71630000,59,1495819.00000000,1494894.80910000,0
2025-12-04 11:00:00,0.9993,0.9994,0.9993,0.9993,350022.0,2025-12-04 11:59:59.999,349777.08620000,58,1016.00000000,1015.39040000,0
2025-12-04 12:00:00,0.9993,0.9994,0.9992,0.9992,786835.0,2025-12-04 12:59:59.999,786279.50600000,62,215677.00000000,215526.09590000,0
2025-12-04 13:00:00,0.9993,0.9993,0.9992,0.9992,882435.0,2025-12-04 13:59:59.999,881783.05330000,65,540013.00000000,539634.99090000,0
2025-12-04 14:00:00,0.9993,0.9994,0.9992,0.9992,1355756.0,2025-12-04 14:59:59.999,1354762.71020000,137,806471.00000000,805908.13640000,0
2025-12-04 15:00:00,0.9992,0.9994,0.9992,0.9992,1863351.0,2025-12-04 15:59:59.999,1861956.25270000,100,828599.00000000,828029.22150000,0
2025-12-04 16:00:00,0.9993,0.9994,0.9992,0.9992,284370.0,2025-12-04 16:59:59.999,284170.88850000,34,35963.00000000,35937.82690000,0
2025-12-04 17:00:00,0.9993,0.9993,0.9992,0.9992,356196.0,2025-12-04 17:59:59.999,355911.35950000,26,3163.00000000,3160.78590000,0
2025-12-04 18:00:00,0.9992,0.9993,0.9991,0.9993,7266620.0,2025-12-04 18:59:59.999,7260810.48080000,180,62920.00000000,62873.44220000,0
2025-12-04 19:00:00,0.9992,0.9994,0.9992,0.9993,1277304.0,2025-12-04 19:59:59.999,1276408.33180000,128,523461.00000000,523094.65530000,0
2025-12-04 20:00:00,0.9993,0.9994,0.9992,0.9992,338311.0,2025-12-04 20:59:59.999,338078.84780000,58,73679.00000000,73632.33200000,0
2025-12-04 21:00:00,0.9992,0.9993,0.9992,0.9992,44102.0,2025-12-04 21:59:59.999,44069.62360000,36,15814.00000000,15802.93020000,0
2025-12-04 22:00:00,0.9992,0.9994,0.9992,0.9993,79550.0,2025-12-04 22:59:59.999,79493.31060000,31,54684.00000000,54645.72190000,0
2025-12-04 23:00:00,0.9993,0.9994,0.9992,0.9993,898498.0,2025-12-04 23:59:59.999,897784.09850000,58,32307.00000000,32284.40820000,0
2025-12-05 00:00:00,0.9993,0.9993,0.9992,0.9992,10142.0,2025-12-05 00:59:59.999,10134.66870000,20,7823.00000000,7817.52390000,0
2025-12-05 01:00:00,0.9993,0.9993,0.9992,0.9992,131490.0,2025-12-05 01:59:59.999,131386.94570000,50,21377.00000000,21362.03610000,0
2025-12-05 02:00:00,0.9993,0.9993,0.9992,0.9993,45285.0,2025-12-05 02:59:59.999,45251.52830000,17,27563.00000000,27543.70590000,0
2025-12-05 03:00:00,0.9992,0.9993,0.9992,0.9992,1978196.0,2025-12-05 03:59:59.999,1976742.64970000,54,1292065.00000000,1291160.55450000,0
2025-12-05 04:00:00,0.9992,0.9993,0.9992,0.9992,30778.0,2025-12-05 04:59:59.999,30754.23790000,50,8603.00000000,8596.97790000,0
2025-12-05 05:00:00,0.9993,0.9993,0.9992,0.9992,1042222.0,2025-12-05 05:59:59.999,1041389.31110000,23,10887.00000000,10879.37910000,0
2025-12-05 06:00:00,0.9993,0.9993,0.9992,0.9992,93515.0,2025-12-05 06:59:59.999,93441.57170000,55,13837.00000000,13827.31410000,0
2025-12-05 07:00:00,0.9992,0.9994,0.9992,0.9993,2615338.0,2025-12-05 07:59:59.999,2613507.23730000,69,374377.00000000,374115.01110000,0
2025-12-05 08:00:00,0.9992,0.9993,0.9992,0.9993,1228137.0,2025-12-05 08:59:59.999,1227255.69310000,57,1012027.00000000,1011318.58110000,0
2025-12-05 09:00:00,0.9992,0.9993,0.9992,0.9992,623340.0,2025-12-05 09:59:59.999,622902.95520000,44,616272.00000000,615840.60960000,0
2025-12-05 10:00:00,0.9993,0.9993,0.9992,0.9993,1207241.0,2025-12-05 10:59:59.999,1206334.99050000,111,326119.00000000,325890.71670000,0
2025-12-05 11:00:00,0.9992,0.9993,0.9992,0.9992,1356850.0,2025-12-05 11:59:59.999,1355884.76640000,30,1202464.00000000,1201622.27520000,0
2025-12-05 12:00:00,0.9993,0.9993,0.9992,0.9993,2206870.0,2025-12-05 12:59:59.999,2205292.31580000,49,1878118.00000000,1876803.31740000,0
2025-12-05 13:00:00,0.9993,0.9993,0.9992,0.9993,354654.0,2025-12-05 13:59:59.999,354392.72920000,46,224524.00000000,224366.83320000,0
2025-12-05 14:00:00,0.9993,0.9993,0.9992,0.9993,5830023.0,2025-12-05 14:59:59.999,5825393.11500000,157,341334.00000000,341095.06620000,0
2025-12-05 15:00:00,0.9993,0.9993,0.9992,0.9992,57480.0,2025-12-05 15:59:59.999,57434.29110000,40,2751.00000000,2749.07430000,0
2025-12-05 16:00:00,0.9993,0.9993,0.9992,0.9993,514932.0,2025-12-05 16:59:59.999,514522.72720000,52,26728.00000000,26709.29040000,0
2025-12-05 17:00:00,0.9992,0.9993,0.9992,0.9993,1829695.0,2025-12-05 17:59:59.999,1828321.48620000,54,902422.00000000,901790.30460000,0
2025-12-05 18:00:00,0.9993,0.9993,0.9992,0.9992,115424.0,2025-12-05 18:59:59.999,115332.76860000,60,11078.00000000,11070.24540000,0
2025-12-05 19:00:00,0.9993,0.9993,0.9992,0.9993,1915903.0,2025-12-05 19:59:59.999,1914561.32730000,72,1910497.00000000,1909159.65210000,0
2025-12-05 20:00:00,0.9992,0.9993,0.9992,0.9993,552944.0,2025-12-05 20:59:59.999,552521.66460000,24,200198.00000000,200057.86140000,0
2025-12-05 21:00:00,0.9992,0.9994,0.9992,0.9993,1194228.0,2025-12-05 21:59:59.999,1193392.09020000,89,1172344.00000000,1171523.40970000,0
2025-12-05 22:00:00,0.9993,0.9994,0.9993,0.9993,4363.0,2025-12-05 22:59:59.999,4360.00530000,21,594.00000000,593.64360000,0
2025-12-05 23:00:00,0.9993,0.9994,0.9993,0.9993,29849.0,2025-12-05 23:59:59.999,29828.21780000,13,1121.00000000,1120.32740000,0
2025-12-06 00:00:00,0.9993,0.9994,0.9992,0.9992,488539.0,2025-12-06 00:59:59.999,488198.01510000,53,62613.00000000,62570.31850000,0
2025-12-06 01:00:00,0.9993,0.9994,0.9992,0.9993,873948.0,2025-12-06 01:59:59.999,873336.13440000,131,837759.00000000,837172.58730000,0
2025-12-06 02:00:00,0.9993,0.9994,0.9993,0.9993,119246.0,2025-12-06 02:59:59.999,119163.00680000,56,4790.00000000,4787.12600000,0
2025-12-06 03:00:00,0.9993,0.9994,0.9993,0.9993,51386.0,2025-12-06 03:59:59.999,51350.33430000,71,3045.00000000,3043.17300000,0
2025-12-06 04:00:00,0.9994,0.9994,0.9993,0.9993,34994.0,2025-12-06 04:59:59.999,34969.51720000,14,130.00000000,129.92200000,0
2025-12-06 05:00:00,0.9993,0.9994,0.9993,0.9993,364569.0,2025-12-06 05:59:59.999,364337.04290000,21,232412.00000000,232272.55280000,0
2025-12-06 06:00:00,0.9993,0.9994,0.9992,0.9992,218520.0,2025-12-06 06:59:59.999,218348.99520000,35,1227.00000000,1226.26380000,0
2025-12-06 07:00:00,0.9993,0.9993,0.9992,0.9993,1388075.0,2025-12-06 07:59:59.999,1386964.66080000,20,1208.00000000,1207.15440000,0
2025-12-06 08:00:00,0.9992,0.9993,0.9992,0.9993,112235.0,2025-12-06 08:59:59.999,112145.32110000,26,1091.00000000,1090.23630000,0
2025-12-06 09:00:00,0.9992,0.9993,0.9992,0.9992,49900.0,2025-12-06 09:59:59.999,49860.55690000,67,4769.00000000,4765.66170000,0
2025-12-06 10:00:00,0.9992,0.9993,0.9992,0.9992,173817.0,2025-12-06 10:59:59.999,173678.18100000,28,2346.00000000,2344.35780000,0
2025-12-06 11:00:00,0.9993,0.9993,0.9992,0.9992,4013.0,2025-12-06 11:59:59.999,4010.11330000,31,3237.00000000,3234.73410000,0
2025-12-06 12:00:00,0.9992,0.9994,0.9992,0.9992,871105.0,2025-12-06 12:59:59.999,870480.19890000,113,408479.00000000,408222.00520000,0
2025-12-06 13:00:00,0.9992,0.9993,0.9992,0.9992,3326.0,2025-12-06 13:59:59.999,3323.45700000,17,1178.00000000,1177.17540000,0
2025-12-06 14:00:00,0.9992,0.9994,0.9992,0.9993,1081389.0,2025-12-06 14:59:59.999,1080657.48020000,63,1063154.00000000,1062435.97510000,0
2025-12-06 15:00:00,0.9993,0.9994,0.9993,0.9994,99471.0,2025-12-06 15:59:59.999,99408.24530000,30,68750.00000000,68708.75000000,0
2025-12-06 16:00:00,0.9993,0.9994,0.9993,0.9994,5453.0,2025-12-06 16:59:59.999,5449.47360000,17,2907.00000000,2905.25580000,0
2025-12-06 17:00:00,0.9994,0.9994,0.9993,0.9994,597589.0,2025-12-06 17:59:59.999,597170.81860000,47,1309.00000000,1308.21460000,0
2025-12-06 18:00:00,0.9994,0.9994,0.9993,0.9993,230186.0,2025-12-06 18:59:59.999,230025.59130000,44,7215.00000000,7210.67100000,0
2025-12-06 19:00:00,0.9993,0.9994,0.9993,0.9994,555640.0,2025-12-06 19:59:59.999,555251.42900000,32,3770.00000000,3767.73800000,0
2025-12-06 20:00:00,0.9993,0.9994,0.9993,0.9993,21569.0,2025-12-06 20:59:59.999,21554.01050000,25,1088.00000000,1087.34720000,0
2025-12-06 21:00:00,0.9994,0.9994,0.9993,0.9993,71960.0,2025-12-06 21:59:59.999,71909.90290000,30,2749.00000000,2747.35060000,0
2025-12-06 22:00:00,0.9993,0.9994,0.9993,0.9993,5012.0,2025-12-06 22:59:59.999,5008.51230000,19,207.00000000,206.87580000,0
2025-12-06 23:00:00,0.9994,0.9994,0.9993,0.9993,7102.0,2025-12-06 23:59:59.999,7097.09970000,20,711.00000000,710.57340000,0
2025-12-07 00:00:00,0.9993,0.9994,0.9992,0.9993,159209.0,2025-12-07 00:59:59.999,159097.18470000,161,33002.00000000,32979.00880000,0
2025-12-07 01:00:00,0.9992,0.9993,0.9992,0.9992,327848.0,2025-12-07 01:59:59.999,327587.11300000,119,13914.00000000,13904.26020000,0
2025-12-07 02:00:00,0.9993,0.9993,0.9992,0.9993,298394.0,2025-12-07 02:59:59.999,298178.40610000,98,231213.00000000,231051.15090000,0
2025-12-07 03:00:00,0.9993,0.9994,0.9993,0.9994,28217.0,2025-12-07 03:59:59.999,28197.31870000,27,706.00000000,705.57640000,0
2025-12-07 04:00:00,0.9994,0.9994,0.9992,0.9992,26026.0,2025-12-07 04:59:59.999,26007.45840000,90,179.00000000,178.89260000,0
2025-12-07 05:00:00,0.9992,0.9994,0.9992,0.9993,352543.0,2025-12-07 05:59:59.999,352312.37380000,46,263903.00000000,263743.28080000,0
2025-12-07 06:00:00,0.9994,0.9994,0.9993,0.9993,48538.0,2025-12-07 06:59:59.999,48504.03390000,14,105.00000000,104.93700000,0
2025-12-07 07:00:00,0.9993,0.9994,0.9993,0.9994,102856.0,2025-12-07 07:59:59.999,102793.35230000,23,93515.00000000,93458.89100000,0
2025-12-07 08:00:00,0.9994,0.9994,0.9993,0.9993,10263699.0,2025-12-07 08:59:59.999,10257515.20610000,90,10007954.00000000,10001949.22760000,0
2025-12-07 09:00:00,0.9993,0.9994,0.9993,0.9993,50887.0,2025-12-07 09:59:59.999,50851.40520000,29,261.00000000,260.84340000,0
2025-12-07 10:00:00,0.9993,0.9994,0.9993,0.9993,83551.0,2025-12-07 10:59:59.999,83496.92780000,12,44135.00000000,44108.51900000,0
2025-12-07 11:00:00,0.9994,0.9994,0.9993,0.9993,34167.0,2025-12-07 11:59:59.999,34143.12660000,28,435.00000000,434.73900000,0
2025-12-07 12:00:00,0.9993,0.9994,0.9993,0.9993,39309.0,2025-12-07 12:59:59.999,39281.65480000,45,1711.00000000,1709.97340000,0
2025-12-07 13:00:00,0.9993,0.9994,0.9993,0.9993,584176.0,2025-12-07 13:59:59.999,583823.25930000,76,561825.00000000,561487.90500000,0
2025-12-07 14:00:00,0.9994,0.9994,0.9993,0.9994,330650.0,2025-12-07 14:59:59.999,330420.66680000,82,21218.00000000,21205.26920000,0
2025-12-07 15:00:00,0.9994,0.9994,0.9992,0.9993,1970541.0,2025-12-07 15:59:59.999,1969337.63520000,75,1847203.00000000,1846092.90310000,0
2025-12-07 16:00:00,0.9993,0.9994,0.9992,0.9993,145629.0,2025-12-07 16:59:59.999,145526.08480000,111,9997.00000000,9990.03190000,0
2025-12-07 17:00:00,0.9994,0.9994,0.9993,0.9993,2901724.0,2025-12-07 17:59:59.999,2899975.64480000,85,2828516.00000000,2826818.89040000,0
2025-12-07 18:00:00,0.9993,0.9994,0.9993,0.9994,890634.0,2025-12-07 18:59:59.999,890092.50370000,127,819475.00000000,818983.31500000,0
2025-12-07 19:00:00,0.9994,0.9994,0.9993,0.9994,25347.0,2025-12-07 19:59:59.999,25329.92260000,115,6655.00000000,6651.00700000,0
2025-12-07 20:00:00,0.9994,0.9994,0.9993,0.9993,1879805.0,2025-12-07 20:59:59.999,1878676.99530000,42,1878588.00000000,1877460.84720000,0
2025-12-07 21:00:00,0.9993,0.9994,0.9993,0.9993,832927.0,2025-12-07 21:59:59.999,832425.33720000,32,813861.00000000,813372.68340000,0
2025-12-07 22:00:00,0.9994,0.9994,0.9992,0.9993,3956889.0,2025-12-07 22:59:59.999,3954248.72740000,56,3590573.00000000,3588189.15150000,0
2025-12-07 23:00:00,0.9994,0.9994,0.9993,0.9994,1033511.0,2025-12-07 23:59:59.999,1032890.76810000,13,1032258.00000000,1031638.64520000,0
2025-12-08 00:00:00,0.9994,0.9994,0.9993,0.9993,30137.0,2025-12-08 00:59:59.999,30116.91110000,21,10070.00000000,10063.95800000,0
2025-12-08 01:00:00,0.9993,0.9994,0.9993,0.9993,41602.0,2025-12-08 01:59:59.999,41573.51680000,64,6382.00000000,6378.17080000,0
2025-12-08 02:00:00,0.9993,0.9994,0.9993,0.9993,169654.0,2025-12-08 02:59:59.999,169550.28330000,25,150411.00000000,150320.75340000,0
2025-12-08 03:00:00,0.9994,0.9994,0.9993,0.9993,532459.0,2025-12-08 03:59:59.999,532120.68090000,128,344022.00000000,343815.58680000,0
2025-12-08 04:00:00,0.9993,0.9994,0.9993,0.9993,197821.0,2025-12-08 04:59:59.999,197683.79620000,198,12709.00000000,12701.37460000,0
2025-12-08 05:00:00,0.9993,0.9994,0.9992,0.9992,382944.0,2025-12-08 05:59:59.999,382663.17040000,190,166.00000000,165.89940000,0
2025-12-08 06:00:00,0.9992,0.9994,0.9992,0.9993,1165447.0,2025-12-08 06:59:59.999,1164686.75200000,129,833913.00000000,833386.80230000,0
2025-12-08 07:00:00,0.9993,0.9994,0.9993,0.9993,819374.0,2025-12-08 07:59:59.999,818879.87550000,65,794373.00000000,793896.37620000,0
2025-12-08 08:00:00,0.9994,0.9994,0.9993,0.9994,3233921.0,2025-12-08 08:59:59.999,3231960.49870000,120,3032434.00000000,3030614.53960000,0
2025-12-08 09:00:00,0.9993,0.9994,0.9992,0.9993,9655483.0,2025-12-08 09:59:59.999,9648724.59070000,115,4915884.00000000,4912443.73530000,0
2025-12-08 10:00:00,0.9993,0.9994,0.9993,0.9994,2411824.0,2025-12-08 10:59:59.999,2410142.94150000,36,72183.00000000,72139.69020000,0
2025-12-08 11:00:00,0.9993,0.9994,0.9992,0.9993,1100660.0,2025-12-08 11:59:59.999,1099889.57610000,41,41370.00000000,41344.97240000,0
2025-12-08 12:00:00,0.9993,0.9993,0.9992,0.9992,478463.0,2025-12-08 12:59:59.999,478114.93990000,59,347103.00000000,346860.02790000,0
2025-12-08 13:00:00,0.9992,0.9993,0.9992,0.9993,834560.0,2025-12-08 13:59:59.999,833921.12700000,81,287750.00000000,287548.57500000,0
2025-12-08 14:00:00,0.9992,0.9993,0.9992,0.9992,3554271.0,2025-12-08 14:59:59.999,3551761.00700000,111,3068393.00000000,3066245.12490000,0
2025-12-08 15:00:00,0.9992,0.9993,0.9992,0.9992,1174876.0,2025-12-08 15:59:59.999,1174036.65510000,75,1005559.00000000,1004855.10870000,0
2025-12-08 16:00:00,0.9993,0.9993,0.9992,0.9992,1973747.0,2025-12-08 16:59:59.999,1972168.94910000,68,9467.00000000,9460.37310000,0
2025-12-08 17:00:00,0.9993,0.9993,0.9992,0.9992,39715.0,2025-12-08 17:59:59.999,39683.50580000,28,2778.00000000,2776.05540000,0
2025-12-08 18:00:00,0.9992,0.9993,0.9992,0.9992,47967.0,2025-12-08 18:59:59.999,47928.63810000,14,117.00000000,116.91810000,0
2025-12-08 19:00:00,0.9993,0.9993,0.9992,0.9993,305694.0,2025-12-08 19:59:59.999,305451.15690000,18,17121.00000000,17109.01530000,0
2025-12-08 20:00:00,0.9993,0.9993,0.9992,0.9992,211238.0,2025-12-08 20:59:59.999,211069.17020000,24,1606.00000000,1604.87580000,0
2025-12-08 21:00:00,0.9992,0.9993,0.9992,0.9992,4086.0,2025-12-08 21:59:59.999,4083.03460000,14,3034.00000000,3031.87620000,0
2025-12-08 22:00:00,0.9993,0.9993,0.9992,0.9992,85255.0,2025-12-08 22:59:59.999,85186.90470000,15,1087.00000000,1086.23910000,0
2025-12-08 23:00:00,0.9993,0.9993,0.9992,0.9992,2299.0,2025-12-08 23:59:59.999,2297.36080000,8,2000.00000000,1998.60000000,0
2025-12-09 00:00:00,0.9992,0.9993,0.9992,0.9992,24918.0,2025-12-09 00:59:59.999,24898.33920000,25,2736.00000000,2734.08480000,0
2025-12-09 01:00:00,0.9992,0.9993,0.9992,0.9992,59807.0,2025-12-09 01:59:59.999,59764.67200000,35,55176.00000000,55137.37680000,0
2025-12-09 02:00:00,0.9993,0.9993,0.9992,0.9993,2567568.0,2025-12-09 02:59:59.999,2565693.26680000,43,1793212.00000000,1791956.75160000,0
2025-12-09 03:00:00,0.9993,0.9993,0.9992,0.9993,811873.0,2025-12-09 03:59:59.999,811302.59580000,26,790942.00000000,790388.34060000,0
2025-12-09 04:00:00,0.9993,0.9993,0.9992,0.9992,61882.0,2025-12-09 04:59:59.999,61832.51250000,24,181.00000000,180.87330000,0
2025-12-09 05:00:00,0.9993,0.9993,0.9992,0.9992,1139067.0,2025-12-09 05:59:59.999,1138230.84980000,47,751034.00000000,750508.27620000,0
2025-12-09 06:00:00,0.9992,0.9993,0.9992,0.9992,2196896.0,2025-12-09 06:59:59.999,2195278.87470000,68,1403915.00000000,1402932.25950000,0
2025-12-09 07:00:00,0.9992,0.9993,0.9992,0.9992,4642553.0,2025-12-09 07:59:59.999,4638970.71470000,130,1317571.00000000,1316648.70030000,0
2025-12-09 08:00:00,0.9992,0.9994,0.9992,0.9993,6844860.0,2025-12-09 08:59:59.999,6839849.72200000,155,4342892.00000000,4339883.15060000,0
2025-12-09 09:00:00,0.9993,0.9994,0.9992,0.9993,3240168.0,2025-12-09 09:59:59.999,3237785.15350000,89,840157.00000000,839619.42090000,0
2025-12-09 10:00:00,0.9993,0.9993,0.9992,0.9992,2200597.0,2025-12-09 10:59:59.999,2198916.80700000,101,802846.00000000,802284.00780000,0
2025-12-09 11:00:00,0.9992,0.9993,0.9992,0.9992,1461177.0,2025-12-09 11:59:59.999,1460077.01020000,85,689518.00000000,689035.33740000,0
2025-12-09 12:00:00,0.9992,0.9993,0.9992,0.9992,929518.0,2025-12-09 12:59:59.999,928775.00080000,43,6152.00000000,6147.69360000,0
2025-12-09 13:00:00,0.9992,0.9993,0.9992,0.9992,568652.0,2025-12-09 13:59:59.999,568245.19560000,250,481172.00000000,480835.17960000,0
2025-12-09 14:00:00,0.9992,0.9993,0.9992,0.9992,127911.0,2025-12-09 14:59:59.999,127810.23630000,35,15651.00000000,15640.04430000,0
2025-12-09 15:00:00,0.9992,0.9994,0.9992,0.9992,2587655.0,2025-12-09 15:59:59.999,2585807.42570000,149,1537562.00000000,1536486.30690000,0
2025-12-09 16:00:00,0.9993,0.9993,0.9992,0.9993,260486.0,2025-12-09 16:59:59.999,260283.33030000,103,57191.00000000,57150.96630000,0
2025-12-09 17:00:00,0.9993,0.9993,0.9992,0.9992,2125602.0,2025-12-09 17:59:59.999,2124072.28590000,70,1707675.00000000,1706479.62750000,0
2025-12-09 18:00:00,0.9993,0.9993,0.9992,0.9992,2070745.0,2025-12-09 18:59:59.999,2069167.11170000,106,787077.00000000,786526.04610000,0
2025-12-09 19:00:00,0.9992,0.9993,0.9992,0.9993,180017.0,2025-12-09 19:59:59.999,179873.04220000,17,558.00000000,557.60940000,0
2025-12-09 20:00:00,0.9993,0.9993,0.9992,0.9992,761593.0,2025-12-09 20:59:59.999,761058.81310000,13,750875.00000000,750349.38750000,0
2025-12-09 21:00:00,0.9992,0.9993,0.9992,0.9992,3899126.0,2025-12-09 21:59:59.999,3896088.26030000,121,815611.00000000,815040.07230000,0
2025-12-09 22:00:00,0.9992,0.9993,0.9992,0.9992,1456377.0,2025-12-09 22:59:59.999,1455272.74850000,53,608501.00000000,608075.04930000,0
2025-12-09 23:00:00,0.9992,0.9993,0.9992,0.9992,351871.0,2025-12-09 23:59:59.999,351589.61840000,62,1152.00000000,1151.19360000,0
2025-12-10 00:00:00,0.9992,0.9993,0.9992,0.9992,307490.0,2025-12-10 00:59:59.999,307244.01400000,37,60.00000000,59.95800000,0
2025-12-10 01:00:00,0.9992,0.9993,0.9992,0.9992,81024.0,2025-12-10 01:59:59.999,80960.60550000,39,14247.00000000,14237.02710000,0
2025-12-10 02:00:00,0.9992,0.9993,0.9992,0.9992,1947418.0,2025-12-10 02:59:59.999,1945896.18350000,71,361179.00000000,360926.17470000,0
2025-12-10 03:00:00,0.9993,0.9993,0.9992,0.9992,646932.0,2025-12-10 03:59:59.999,646418.27940000,39,38250.00000000,38223.22500000,0
2025-12-10 04:00:00,0.9993,0.9993,0.9992,0.9992,763747.0,2025-12-10 04:59:59.999,763137.13810000,79,11357.00000000,11349.05010000,0
2025-12-10 05:00:00,0.9992,0.9993,0.9992,0.9992,4597890.0,2025-12-10 05:59:59.999,4594317.14020000,91,1054522.00000000,1053783.83460000,0
2025-12-10 06:00:00,0.9993,0.9993,0.9992,0.9992,629516.0,2025-12-10 06:59:59.999,629012.47340000,24,862.00000000,861.39660000,0
2025-12-10 07:00:00,0.9992,0.9993,0.9992,0.9992,482169.0,2025-12-10 07:59:59.999,481784.19520000,53,9304.00000000,9297.48720000,0
2025-12-10 08:00:00,0.9992,0.9993,0.9992,0.9992,1522113.0,2025-12-10 08:59:59.999,1520896.78560000,133,14760.00000000,14749.66800000,0
2025-12-10 09:00:00,0.9992,0.9993,0.9992,0.9992,155426.0,2025-12-10 09:59:59.999,155301.88450000,37,2253.00000000,2251.42290000,0
2025-12-10 10:00:00,0.9992,0.9993,0.9992,0.9993,5017819.0,2025-12-10 10:59:59.999,5014210.23100000,116,4054862.00000000,4052023.59660000,0
2025-12-10 11:00:00,0.9992,0.9993,0.9992,0.9993,845152.0,2025-12-10 11:59:59.999,844488.70220000,68,128238.00000000,128148.23340000,0
2025-12-10 12:00:00,0.9993,0.9993,0.9992,0.9993,2431430.0,2025-12-10 12:59:59.999,2429690.03410000,50,2051781.00000000,2050344.75330000,0
2025-12-10 13:00:00,0.9992,0.9993,0.9992,0.9992,1478403.0,2025-12-10 13:59:59.999,1477288.86150000,176,673313.00000000,672841.68090000,0
2025-12-10 14:00:00,0.9992,0.9993,0.9992,0.9992,1171857.0,2025-12-10 14:59:59.999,1170930.65650000,56,111421.00000000,111343.00530000,0
2025-12-10 15:00:00,0.9992,0.9993,0.9992,0.9992,700325.0,2025-12-10 15:59:59.999,699764.92530000,26,1853.00000000,1851.70290000,0
2025-12-10 16:00:00,0.9992,0.9993,0.9992,0.9993,363163.0,2025-12-10 16:59:59.999,362879.77020000,41,73006.00000000,72954.89580000,0
2025-12-10 17:00:00,0.9992,0.9994,0.9992,0.9994,1208842.0,2025-12-10 17:59:59.999,1208021.89940000,67,1188929.00000000,1188124.82440000,0
2025-12-10 18:00:00,0.9994,0.9994,0.9993,0.9993,1358402.0,2025-12-10 18:59:59.999,1357561.43410000,88,1103155.00000000,1102493.10700000,0
2025-12-10 19:00:00,0.9994,0.9994,0.9993,0.9994,3602149.0,2025-12-10 19:59:59.999,3599943.67280000,157,3191305.00000000,3189387.26360000,0
2025-12-10 20:00:00,0.9994,0.9994,0.9993,0.9993,6624986.0,2025-12-10 20:59:59.999,6620972.93550000,222,6284024.00000000,6280249.60890000,0
2025-12-10 21:00:00,0.9993,0.9994,0.9992,0.9993,2390797.0,2025-12-10 21:59:59.999,2389340.58060000,123,2237747.00000000,2236397.89730000,0
2025-12-10 22:00:00,0.9993,0.9994,0.9993,0.9993,610692.0,2025-12-10 22:59:59.999,610297.34090000,44,336253.00000000,336050.44820000,0
2025-12-10 23:00:00,0.9994,0.9994,0.9993,0.9993,218878.0,2025-12-10 23:59:59.999,218725.54900000,48,7636.00000000,7631.41840000,0
2025-12-11 00:00:00,0.9993,0.9995,0.9993,0.9993,1613928.0,2025-12-11 00:59:59.999,1612915.83880000,423,477713.00000000,477426.39800000,0
2025-12-11 01:00:00,0.9993,0.9994,0.9993,0.9993,336095.0,2025-12-11 01:59:59.999,335864.66350000,63,49300.00000000,49270.42000000,0
2025-12-11 02:00:00,0.9993,0.9994,0.9992,0.9994,1228996.0,2025-12-11 02:59:59.999,1228218.02640000,256,1032414.00000000,1031780.23670000,0
2025-12-11 03:00:00,0.9993,0.9994,0.9992,0.9993,1248433.0,2025-12-11 03:59:59.999,1247519.10260000,532,603901.00000000,603479.28860000,0
2025-12-11 04:00:00,0.9993,0.9993,0.9992,0.9993,1291770.0,2025-12-11 04:59:59.999,1290865.63290000,322,1290489.00000000,1289585.65770000,0
2025-12-11 05:00:00,0.9993,0.9994,0.9993,0.9994,1978339.0,2025-12-11 05:59:59.999,1977146.04180000,64,1930602.00000000,1929442.45770000,0
2025-12-11 06:00:00,0.9993,0.9993,0.9992,0.9992,435148.0,2025-12-11 06:59:59.999,434801.79510000,46,952.00000000,951.33360000,0
2025-12-11 07:00:00,0.9992,0.9994,0.9992,0.9993,2157065.0,2025-12-11 07:59:59.999,2155552.97620000,102,748470.00000000,747946.34880000,0
2025-12-11 08:00:00,0.9993,0.9993,0.9992,0.9993,1430626.0,2025-12-11 08:59:59.999,1429561.86220000,91,803630.00000000,803067.45900000,0
2025-12-11 09:00:00,0.9993,0.9994,0.9992,0.9993,2871310.0,2025-12-11 09:59:59.999,2869230.29770000,90,1354699.00000000,1353751.15500000,0
2025-12-11 10:00:00,0.9993,0.9994,0.9993,0.9993,3856402.0,2025-12-11 10:59:59.999,3854026.57260000,39,3477575.00000000,3475464.75150000,0
2025-12-11 11:00:00,0.9993,0.9994,0.9993,0.9993,738690.0,2025-12-11 11:59:59.999,738241.58080000,85,686638.00000000,686226.01720000,0
2025-12-11 12:00:00,0.9993,0.9994,0.9993,0.9993,355528.0,2025-12-11 12:59:59.999,355281.85600000,32,27256.00000000,27239.64640000,0
2025-12-11 13:00:00,0.9993,0.9994,0.9993,0.9994,1996199.0,2025-12-11 13:59:59.999,1994807.79180000,43,61311.00000000,61274.21340000,0
2025-12-11 14:00:00,0.9993,0.9994,0.9992,0.9992,3821283.0,2025-12-11 14:59:59.999,3818653.74760000,103,1043998.00000000,1043371.43380000,0
2025-12-11 15:00:00,0.9993,0.9993,0.9992,0.9992,305865.0,2025-12-11 15:59:59.999,305634.10600000,89,137980.00000000,137883.41400000,0
2025-12-11 16:00:00,0.9992,0.9993,0.9992,0.9993,313777.0,2025-12-11 16:59:59.999,313553.97660000,77,279982.00000000,279786.01260000,0
2025-12-11 17:00:00,0.9992,0.9993,0.9992,0.9992,17168.0,2025-12-11 17:59:59.999,17155.21610000,38,9505.00000000,9498.34650000,0
2025-12-11 18:00:00,0.9993,0.9993,0.9992,0.9993,229907.0,2025-12-11 18:59:59.999,229728.57290000,23,54985.00000000,54946.51050000,0
2025-12-11 19:00:00,0.9993,0.9993,0.9992,0.9992,806347.0,2025-12-11 19:59:59.999,805725.30900000,50,233866.00000000,233702.29380000,0
2025-12-11 20:00:00,0.9992,0.9993,0.9992,0.9992,60969.0,2025-12-11 20:59:59.999,60926.18250000,43,59577.00000000,59535.29610000,0
2025-12-11 21:00:00,0.9993,0.9993,0.9992,0.9992,637653.0,2025-12-11 21:59:59.999,637145.64800000,49,27704.00000000,27684.60720000,0
2025-12-11 22:00:00,0.9993,0.9993,0.9992,0.9992,108107.0,2025-12-11 22:59:59.999,108020.98470000,17,4703.00000000,4699.70790000,0
2025-12-11 23:00:00,0.9993,0.9993,0.9992,0.9993,2264.0,2025-12-11 23:59:59.999,2262.33820000,24,1494.00000000,1492.95420000,0
2025-12-12 00:00:00,0.9992,0.9993,0.9992,0.9992,1662796.0,2025-12-12 00:59:59.999,1661608.33140000,59,1425682.00000000,1424684.02260000,0
2025-12-12 01:00:00,0.9992,0.9993,0.9992,0.9992,95568.0,2025-12-12 01:59:59.999,95492.69670000,166,11511.00000000,11502.94230000,0
2025-12-12 02:00:00,0.9992,0.9993,0.9992,0.9992,5595864.0,2025-12-12 02:59:59.999,5591946.28610000,70,5589773.00000000,5585860.15890000,0
2025-12-12 03:00:00,0.9992,0.9993,0.9992,0.9993,12935.0,2025-12-12 03:59:59.999,12924.76220000,16,1102.00000000,1101.22860000,0
2025-12-12 04:00:00,0.9992,0.9993,0.9992,0.9992,629865.0,2025-12-12 04:59:59.999,629419.59130000,41,584833.00000000,584423.61690000,0
2025-12-12 05:00:00,0.9992,0.9993,0.9992,0.9993,953644.0,2025-12-12 05:59:59.999,952900.90990000,30,198251.00000000,198112.22430000,0
2025-12-12 06:00:00,0.9992,0.9993,0.9992,0.9993,2535569.0,2025-12-12 06:59:59.999,2533793.90230000,96,2256140.00000000,2254560.70200000,0
2025-12-12 07:00:00,0.9993,0.9994,0.9993,0.9993,161095.0,2025-12-12 07:59:59.999,160982.59230000,35,3588.00000000,3585.84720000,0
2025-12-12 08:00:00,0.9993,0.9994,0.9992,0.9992,431095.0,2025-12-12 08:59:59.999,430792.70060000,66,1175.00000000,1174.29500000,0
2025-12-12 09:00:00,0.9992,0.9993,0.9992,0.9993,2352827.0,2025-12-12 09:59:59.999,2351178.18430000,54,2334459.00000000,2332824.87870000,0
2025-12-12 10:00:00,0.9993,0.9993,0.9992,0.9992,647724.0,2025-12-12 10:59:59.999,647207.28400000,49,14632.00000000,14621.75760000,0
2025-12-12 11:00:00,0.9992,0.9993,0.9992,0.9992,2170554.0,2025-12-12 11:59:59.999,2168852.66010000,65,351033.00000000,350787.27690000,0
2025-12-12 12:00:00,0.9992,0.9993,0.9992,0.9993,140820.0,2025-12-12 12:59:59.999,140717.55220000,45,102082.00000000,102010.54260000,0
2025-12-12 13:00:00,0.9992,0.9993,0.9992,0.9992,381812.0,2025-12-12 13:59:59.999,381527.36010000,30,208097.00000000,207951.33210000,0
2025-12-12 14:00:00,0.9993,0.9993,0.9992,0.9992,3337825.0,2025-12-12 14:59:59.999,3335321.15670000,85,1664167.00000000,1663002.08310000,0
2025-12-12 15:00:00,0.9993,0.9993,0.9992,0.9992,1925077.0,2025-12-12 15:59:59.999,1923622.70480000,85,857664.00000000,857063.63520000,0
2025-12-12 16:00:00,0.9993,0.9993,0.9992,0.9993,8155800.0,2025-12-12 16:59:59.999,8149983.32550000,130,7079655.00000000,7074699.24150000,0
2025-12-12 17:00:00,0.9992,0.9993,0.9992,0.9993,1349915.0,2025-12-12 17:59:59.999,1348891.83850000,109,567705.00000000,567307.60650000,0
2025-12-12 18:00:00,0.9993,0.9994,0.9992,0.9992,2171630.0,2025-12-12 18:59:59.999,2170076.50630000,72,1165483.00000000,1164669.76390000,0
2025-12-12 19:00:00,0.9992,0.9994,0.9992,0.9994,361918.0,2025-12-12 19:59:59.999,361663.43630000,41,181829.00000000,181701.72170000,0
2025-12-12 20:00:00,0.9994,0.9994,0.9992,0.9994,915862.0,2025-12-12 20:59:59.999,915251.11200000,172,615369.00000000,614970.53090000,0
2025-12-12 21:00:00,0.9993,0.9994,0.9993,0.9993,887968.0,2025-12-12 21:59:59.999,887432.03360000,54,856112.00000000,855598.33280000,0
2025-12-12 22:00:00,0.9993,0.9994,0.9993,0.9994,62662.0,2025-12-12 22:59:59.999,62618.56890000,35,4323.00000000,4320.40620000,0
2025-12-12 23:00:00,0.9994,0.9994,0.9993,0.9993,1919807.0,2025-12-12 23:59:59.999,1918653.91630000,47,1907812.00000000,1906667.31280000,0
2025-12-13 00:00:00,0.9993,0.9994,0.9992,0.9993,1057657.0,2025-12-13 00:59:59.999,1056858.48160000,41,2977.00000000,2975.21380000,0
2025-12-13 01:00:00,0.9993,0.9994,0.9993,0.9994,221892.0,2025-12-13 01:59:59.999,221742.43410000,21,57585.00000000,57550.44900000,0
2025-12-13 02:00:00,0.9994,0.9994,0.9993,0.9994,292236.0,2025-12-13 02:59:59.999,292046.81740000,56,153826.00000000,153733.70440000,0
2025-12-13 03:00:00,0.9994,0.9994,0.9992,0.9992,841361.0,2025-12-13 03:59:59.999,840792.61850000,46,626817.00000000,626399.42970000,0
2025-12-13 04:00:00,0.9993,0.9994,0.9992,0.9994,763169.0,2025-12-13 04:59:59.999,762683.36070000,60,723065.00000000,722609.21180000,0
2025-12-13 05:00:00,0.9994,0.9994,0.9993,0.9994,309532.0,2025-12-13 05:59:59.999,309345.47100000,76,301434.00000000,301253.13960000,0
2025-12-13 06:00:00,0.9993,0.9994,0.9993,0.9993,32275.0,2025-12-13 06:59:59.999,32255.56980000,19,31623.00000000,31604.02620000,0
2025-12-13 07:00:00,0.9993,0.9994,0.9993,0.9994,165829.0,2025-12-13 07:59:59.999,165714.87010000,83,19504.00000000,19492.29760000,0
2025-12-13 08:00:00,0.9993,0.9994,0.9993,0.9993,95661.0,2025-12-13 08:59:59.999,95596.40810000,59,23708.00000000,23693.77520000,0
2025-12-13 09:00:00,0.9994,0.9994,0.9992,0.9993,2142102.0,2025-12-13 09:59:59.999,2140720.65320000,115,1181272.00000000,1180563.23580000,0
2025-12-13 10:00:00,0.9993,0.9994,0.9993,0.9994,1731784.0,2025-12-13 10:59:59.999,1730581.57740000,69,640461.00000000,640022.50350000,0
2025-12-13 11:00:00,0.9994,0.9994,0.9993,0.9994,39228.0,2025-12-13 11:59:59.999,39202.08870000,28,15483.00000000,15473.71020000,0
2025-12-13 12:00:00,0.9993,0.9994,0.9993,0.9994,64857.0,2025-12-13 12:59:59.999,64817.84710000,63,62470.00000000,62432.51800000,0
2025-12-13 13:00:00,0.9993,0.9994,0.9993,0.9993,33883.0,2025-12-13 13:59:59.999,33860.36390000,103,10820.00000000,10813.50800000,0
2025-12-13 14:00:00,0.9994,0.9994,0.9993,0.9994,4322.0,2025-12-13 14:59:59.999,4319.26140000,14,2868.00000000,2866.27920000,0
2025-12-13 15:00:00,0.9993,0.9994,0.9993,0.9993,242525.0,2025-12-13 15:59:59.999,242373.77010000,28,185376.00000000,185264.77440000,0
2025-12-13 16:00:00,0.9993,0.9994,0.9993,0.9993,148508.0,2025-12-13 16:59:59.999,148412.16900000,53,81246.00000000,81197.25240000,0
2025-12-13 17:00:00,0.9994,0.9994,0.9993,0.9993,21579.0,2025-12-13 17:59:59.999,21564.10580000,59,2111.00000000,2109.73340000,0
2025-12-13 18:00:00,0.9993,0.9994,0.9993,0.9993,26611.0,2025-12-13 18:59:59.999,26592.55060000,23,1783.00000000,1781.93020000,0
2025-12-13 19:00:00,0.9993,0.9994,0.9993,0.9993,1021.0,2025-12-13 19:59:59.999,1020.28630000,12,10.00000000,9.99400000,0
2025-12-13 20:00:00,0.9993,0.9994,0.9993,0.9993,122559.0,2025-12-13 20:59:59.999,122482.11580000,19,89071.00000000,89017.55740000,0
2025-12-13 21:00:00,0.9993,0.9994,0.9993,0.9993,194748.0,2025-12-13 21:59:59.999,194611.67740000,25,10.00000000,9.99400000,0
2025-12-13 22:00:00,0.9993,0.9994,0.9993,0.9993,598521.0,2025-12-13 22:59:59.999,598159.02450000,12,569892.00000000,569550.06480000,0
2025-12-13 23:00:00,0.9993,0.9994,0.9993,0.9993,202386.0,2025-12-13 23:59:59.999,202244.33370000,24,39.00000000,38.97660000,0
2025-12-14 00:00:00,0.9994,0.9994,0.9993,0.9993,23899.0,2025-12-14 00:59:59.999,23884.35840000,30,20877.00000000,20864.47380000,0
2025-12-14 01:00:00,0.9993,0.9994,0.9992,0.9992,966188.0,2025-12-14 01:59:59.999,965511.67600000,28,2159.00000000,2157.70460000,0
2025-12-14 02:00:00,0.9992,0.9994,0.9992,0.9994,879333.0,2025-12-14 02:59:59.999,878719.42460000,232,867281.00000000,866676.92610000,0
2025-12-14 03:00:00,0.9993,0.9994,0.9993,0.9994,385341.0,2025-12-14 03:59:59.999,385108.38650000,23,371252.00000000,371029.24880000,0
2025-12-14 04:00:00,0.9994,0.9994,0.9993,0.9994,582870.0,2025-12-14 04:59:59.999,582510.09850000,40,481075.00000000,480786.35500000,0
2025-12-14 05:00:00,0.9993,0.9994,0.9993,0.9994,4091293.0,2025-12-14 05:59:59.999,4088832.10110000,176,3217623.00000000,3215692.42620000,0
2025-12-14 06:00:00,0.9993,0.9994,0.9993,0.9993,514355.0,2025-12-14 06:59:59.999,514034.94230000,15,399908.00000000,399668.05520000,0
2025-12-14 07:00:00,0.9993,0.9994,0.9993,0.9993,35929.0,2025-12-14 07:59:59.999,35905.89690000,24,20472.00000000,20459.71680000,0
2025-12-14 08:00:00,0.9993,0.9994,0.9993,0.9993,47206.0,2025-12-14 08:59:59.999,47176.52860000,23,35728.00000000,35706.56320000,0
2025-12-14 09:00:00,0.9993,0.9994,0.9993,0.9993,85580.0,2025-12-14 09:59:59.999,85523.42330000,32,33293.00000000,33273.02420000,0
2025-12-14 10:00:00,0.9994,0.9994,0.9993,0.9994,449678.0,2025-12-14 10:59:59.999,449391.91210000,58,286867.00000000,286694.87980000,0
2025-12-14 11:00:00,0.9993,0.9994,0.9993,0.9993,49165.0,2025-12-14 11:59:59.999,49133.92140000,27,33369.00000000,33348.97860000,0
2025-12-14 12:00:00,0.9994,0.9994,0.9993,0.9993,360262.0,2025-12-14 12:59:59.999,360011.82090000,31,20043.00000000,20030.97420000,0
2025-12-14 13:00:00,0.9993,0.9994,0.9993,0.9993,926481.0,2025-12-14 13:59:59.999,925875.79270000,23,433294.00000000,433034.02360000,0
2025-12-14 14:00:00,0.9994,0.9994,0.9993,0.9993,632481.0,2025-12-14 14:59:59.999,632100.64250000,37,623792.00000000,623417.72480000,0
2025-12-14 15:00:00,0.9993,0.9994,0.9993,0.9994,295502.0,2025-12-14 15:59:59.999,295297.09030000,29,19417.00000000,19405.34980000,0
2025-12-14 16:00:00,0.9994,0.9994,0.9993,0.9993,57247.0,2025-12-14 16:59:59.999,57207.83640000,50,9093.00000000,9087.54420000,0
2025-12-14 17:00:00,0.9993,0.9994,0.9993,0.9993,290880.0,2025-12-14 17:59:59.999,290680.08980000,26,37058.00000000,37035.76520000,0
2025-12-14 18:00:00,0.9993,0.9994,0.9993,0.9993,347677.0,2025-12-14 18:59:59.999,347434.03610000,16,4100.00000000,4097.54000000,0
2025-12-14 19:00:00,0.9993,0.9994,0.9993,0.9993,162633.0,2025-12-14 19:59:59.999,162519.18250000,20,256.00000000,255.84640000,0
2025-12-14 20:00:00,0.9993,0.9994,0.9993,0.9993,92480.0,2025-12-14 20:59:59.999,92415.26550000,14,15.00000000,14.99100000,0
2025-12-14 21:00:00,0.9993,0.9993,0.9993,0.9993,89314.0,2025-12-14 21:59:59.999,89251.48020000,11,0.00000000,0.00000000,0
2025-12-14 22:00:00,0.9994,0.9994,0.9993,0.9993,725710.0,2025-12-14 22:59:59.999,725263.66570000,32,616627.00000000,616257.02380000,0
2025-12-14 23:00:00,0.9993,0.9994,0.9993,0.9994,776394.0,2025-12-14 23:59:59.999,775850.80330000,81,2791.00000000,2789.32540000,0
2025-12-15 00:00:00,0.9993,0.9994,0.9993,0.9993,164710.0,2025-12-15 00:59:59.999,164595.26130000,40,5583.00000000,5579.65020000,0
2025-12-15 01:00:00,0.9993,0.9994,0.9993,0.9993,58102.0,2025-12-15 01:59:59.999,58064.82830000,40,34997.00000000,34976.00180000,0
2025-12-15 02:00:00,0.9994,0.9994,0.9993,0.9993,41313.0,2025-12-15 02:59:59.999,41285.37310000,22,12922.00000000,12914.24680000,0
2025-12-15 03:00:00,0.9993,0.9994,0.9993,0.9993,49585.0,2025-12-15 03:59:59.999,49552.08000000,25,17895.00000000,17884.26300000,0
2025-12-15 04:00:00,0.9994,0.9994,0.9992,0.9994,571653.0,2025-12-15 04:59:59.999,571271.09620000,202,284763.00000000,284585.55380000,0
2025-12-15 05:00:00,0.9994,0.9994,0.9993,0.9993,85892.0,2025-12-15 05:59:59.999,85834.08770000,17,22121.00000000,22107.72740000,0
2025-12-15 06:00:00,0.9993,0.9994,0.9993,0.9993,101111.0,2025-12-15 06:59:59.999,101040.86190000,29,6396.00000000,6392.16240000,0
2025-12-15 07:00:00,0.9993,0.9994,0.9993,0.9993,54012.0,2025-12-15 07:59:59.999,53975.79640000,149,16048.00000000,16038.37120000,0
2025-12-15 08:00:00,0.9993,0.9994,0.9993,0.9994,1309105.0,2025-12-15 08:59:59.999,1308277.51120000,128,893365.00000000,892828.52920000,0
2025-12-15 09:00:00,0.9993,0.9994,0.9992,0.9993,1215156.0,2025-12-15 09:59:59.999,1214378.58660000,199,1089568.00000000,1088878.52300000,0
2025-12-15 10:00:00,0.9994,0.9994,0.9993,0.9993,270918.0,2025-12-15 10:59:59.999,270754.08060000,31,257232.00000000,257077.66080000,0
2025-12-15 11:00:00,0.9993,0.9994,0.9993,0.9993,63975.0,2025-12-15 11:59:59.999,63930.32970000,39,1122.00000000,1121.32680000,0
2025-12-15 12:00:00,0.9993,0.9994,0.9993,0.9994,577435.0,2025-12-15 12:59:59.999,577034.41960000,33,36241.00000000,36219.25540000,0
2025-12-15 13:00:00,0.9993,0.9994,0.9993,0.9993,62396.0,2025-12-15 13:59:59.999,62356.01930000,50,36965.00000000,36942.82100000,0
2025-12-15 14:00:00,0.9993,0.9994,0.9993,0.9993,350446.0,2025-12-15 14:59:59.999,350209.99440000,239,93066.00000000,93010.16040000,0
2025-12-15 15:00:00,0.9994,0.9994,0.9993,0.9994,1637381.0,2025-12-15 15:59:59.999,1636286.99700000,199,525637.00000000,525321.21780000,0
2025-12-15 16:00:00,0.9993,0.9994,0.9993,0.9993,163516.0,2025-12-15 16:59:59.999,163407.09870000,53,55599.00000000,55565.64060000,0
2025-12-15 17:00:00,0.9993,0.9994,0.9993,0.9994,636706.0,2025-12-15 17:59:59.999,636314.81620000,150,545104.00000000,544776.93760000,0
2025-12-15 18:00:00,0.9993,0.9994,0.9993,0.9994,128204.0,2025-12-15 18:59:59.999,128114.56120000,63,3040.00000000,3038.17600000,0
2025-12-15 19:00:00,0.9994,0.9994,0.9993,0.9994,1025374.0,2025-12-15 19:59:59.999,1024738.88960000,33,826514.00000000,826018.09160000,0
2025-12-15 20:00:00,0.9993,0.9994,0.9993,0.9993,1089844.0,2025-12-15 20:59:59.999,1089082.73350000,33,16243.00000000,16233.25420000,0
2025-12-15 21:00:00,0.9993,0.9994,0.9993,0.9993,8186.0,2025-12-15 21:59:59.999,8180.68600000,11,4162.00000000,4159.50280000,0
2025-12-15 22:00:00,0.9994,0.9994,0.9993,0.9993,8207.0,2025-12-15 22:59:59.999,8201.53020000,18,2751.00000000,2749.34940000,0
2025-12-15 23:00:00,0.9993,0.9994,0.9993,0.9993,242275.0,2025-12-15 23:59:59.999,242124.61880000,36,192113.00000000,191997.73220000,0
2025-12-16 00:00:00,0.9994,0.9994,0.9993,0.9993,74728.0,2025-12-16 00:59:59.999,74676.06790000,43,3775.00000000,3772.73500000,0
2025-12-16 01:00:00,0.9993,0.9994,0.9993,0.9993,492820.0,2025-12-16 01:59:59.999,492493.03390000,51,180079.00000000,179970.95260000,0
2025-12-16 02:00:00,0.9994,0.9994,0.9992,0.9993,1409495.0,2025-12-16 02:59:59.999,1408546.85810000,146,708963.00000000,708507.10080000,0
2025-12-16 03:00:00,0.9993,0.9994,0.9993,0.9993,133955.0,2025-12-16 03:59:59.999,133871.55070000,33,103192.00000000,103130.08480000,0
2025-12-16 04:00:00,0.9993,0.9994,0.9993,0.9993,1355862.0,2025-12-16 04:59:59.999,1354995.50830000,290,826117.00000000,825621.32980000,0
2025-12-16 05:00:00,0.9993,0.9994,0.9992,0.9993,2559461.0,2025-12-16 05:59:59.999,2557729.26400000,467,1663933.00000000,1662828.15600000,0
2025-12-16 06:00:00,0.9993,0.9994,0.9993,0.9994,112506.0,2025-12-16 06:59:59.999,112434.99850000,26,77527.00000000,77480.48380000,0
2025-12-16 07:00:00,0.9993,0.9994,0.9993,0.9994,329685.0,2025-12-16 07:59:59.999,329466.87640000,24,126559.00000000,126483.06460000,0
2025-12-16 08:00:00,0.9993,0.9994,0.9993,0.9993,2801314.0,2025-12-16 08:59:59.999,2799620.07240000,56,2669922.00000000,2668320.04680000,0
2025-12-16 09:00:00,0.9993,0.9994,0.9993,0.9993,484091.0,2025-12-16 09:59:59.999,483780.78420000,34,286479.00000000,286307.11260000,0
2025-12-16 10:00:00,0.9994,0.9994,0.9993,0.9993,1477209.0,2025-12-16 10:59:59.999,1476176.76440000,82,18107.00000000,18096.13580000,0
2025-12-16 11:00:00,0.9993,0.9994,0.9993,0.9993,49997.0,2025-12-16 11:59:59.999,49962.62350000,21,6214.00000000,6210.27160000,0
2025-12-16 12:00:00,0.9993,0.9994,0.9993,0.9993,108313.0,2025-12-16 12:59:59.999,108237.40070000,20,2198.00000000,2196.68120000,0
2025-12-16 13:00:00,0.9993,0.9994,0.9993,0.9993,3907948.0,2025-12-16 13:59:59.999,3905465.78530000,90,2533489.00000000,2531968.90660000,0
2025-12-16 14:00:00,0.9993,0.9994,0.9993,0.9993,1323241.0,2025-12-16 14:59:59.999,1322370.36000000,132,556287.00000000,555953.22780000,0
2025-12-16 15:00:00,0.9993,0.9994,0.9992,0.9994,1150412.0,2025-12-16 15:59:59.999,1149686.79320000,107,1032745.00000000,1032102.16110000,0
2025-12-16 16:00:00,0.9993,0.9994,0.9993,0.9994,491711.0,2025-12-16 16:59:59.999,491376.83750000,50,100352.00000000,100291.78880000,0
2025-12-16 17:00:00,0.9994,0.9994,0.9993,0.9993,108688.0,2025-12-16 17:59:59.999,108613.54180000,21,16234.00000000,16224.25960000,0
2025-12-16 18:00:00,0.9994,0.9994,0.9993,0.9993,31616.0,2025-12-16 18:59:59.999,31593.96480000,14,960.00000000,959.42400000,0
2025-12-16 19:00:00,0.9993,0.9994,0.9993,0.9994,631836.0,2025-12-16 19:59:59.999,631406.73560000,40,130208.00000000,130129.87520000,0
2025-12-16 20:00:00,0.9993,0.9994,0.9993,0.9993,251667.0,2025-12-16 20:59:59.999,251490.85140000,11,183.00000000,182.89020000,0
2025-12-16 21:00:00,0.9993,0.9994,0.9993,0.9994,101085.0,2025-12-16 21:59:59.999,101024.27990000,9,100394.00000000,100333.76360000,0
2025-12-16 22:00:00,0.9993,0.9994,0.9993,0.9994,322073.0,2025-12-16 22:59:59.999,321847.70270000,16,1538.00000000,1537.07720000,0
2025-12-16 23:00:00,0.9994,0.9994,0.9993,0.9993,154186.0,2025-12-16 23:59:59.999,154078.11260000,15,428.00000000,427.74320000,0
2025-12-17 00:00:00,0.9993,0.9994,0.9993,0.9993,437658.0,2025-12-17 00:59:59.999,437351.64720000,14,78.00000000,77.95320000,0
2025-12-17 01:00:00,0.9993,0.9994,0.9993,0.9993,34564.0,2025-12-17 01:59:59.999,34542.87690000,32,30717.00000000,30698.56980000,0
2025-12-17 02:00:00,0.9993,0.9994,0.9993,0.9993,145739.0,2025-12-17 02:59:59.999,145647.86050000,13,108778.00000000,108712.73320000,0
2025-12-17 03:00:00,0.9994,0.9994,0.9993,0.9993,402395.0,2025-12-17 03:59:59.999,402138.66390000,19,253404.00000000,253251.95760000,0
2025-12-17 04:00:00,0.9993,0.9994,0.9993,0.9994,270025.0,2025-12-17 04:59:59.999,269861.09250000,20,251100.00000000,250949.34000000,0
2025-12-17 05:00:00,0.9993,0.9994,0.9993,0.9993,520620.0,2025-12-17 05:59:59.999,520282.98350000,14,274175.00000000,274010.49500000,0
2025-12-17 06:00:00,0.9993,0.9994,0.9993,0.9993,726406.0,2025-12-17 06:59:59.999,725961.88940000,35,643736.00000000,643349.75840000,0
2025-12-17 07:00:00,0.9994,0.9994,0.9993,0.9993,192156.0,2025-12-17 07:59:59.999,192028.70890000,61,72181.00000000,72137.69140000,0
2025-12-17 08:00:00,0.9993,0.9994,0.9992,0.9994,1571443.0,2025-12-17 08:59:59.999,1570346.17360000,435,789165.00000000,788616.10820000,0
2025-12-17 09:00:00,0.9993,0.9994,0.9993,0.9993,141315.0,2025-12-17 09:59:59.999,141224.26020000,105,81807.00000000,81757.91580000,0
2025-12-17 10:00:00,0.9993,0.9994,0.9993,0.9993,1156057.0,2025-12-17 10:59:59.999,1155314.71780000,56,669577.00000000,669175.25380000,0
2025-12-17 11:00:00,0.9993,0.9994,0.9993,0.9993,30843.0,2025-12-17 11:59:59.999,30823.44890000,55,20390.00000000,20377.76600000,0
2025-12-17 12:00:00,0.9993,0.9994,0.9993,0.9994,971611.0,2025-12-17 12:59:59.999,971027.93430000,19,970620.00000000,970037.62800000,0
2025-12-17 13:00:00,0.9994,0.9994,0.9993,0.9993,626249.0,2025-12-17 13:59:59.999,625812.44310000,139,18174.00000000,18163.09560000,0
2025-12-17 14:00:00,0.9993,0.9994,0.9992,0.9993,3868513.0,2025-12-17 14:59:59.999,3866060.17260000,192,2843340.00000000,2841604.79430000,0
2025-12-17 15:00:00,0.9994,0.9994,0.9992,0.9994,5490341.0,2025-12-17 15:59:59.999,5486823.45740000,269,3604276.00000000,3602084.62920000,0
2025-12-17 16:00:00,0.9994,0.9994,0.9993,0.9994,361564.0,2025-12-17 16:59:59.999,361343.38930000,58,324841.00000000,324646.09540000,0
2025-12-17 17:00:00,0.9994,0.9994,0.9993,0.9994,36633.0,2025-12-17 17:59:59.999,36607.65520000,80,2983.00000000,2981.21020000,0
2025-12-17 18:00:00,0.9993,0.9994,0.9993,0.9993,43937.0,2025-12-17 18:59:59.999,43907.90480000,74,16607.00000000,16597.03580000,0
2025-12-17 19:00:00,0.9993,0.9994,0.9993,0.9993,63293.0,2025-12-17 19:59:59.999,63248.74560000,83,507.00000000,506.69580000,0
2025-12-17 20:00:00,0.9993,0.9995,0.9993,0.9994,1601178.0,2025-12-17 20:59:59.999,1600267.31570000,279,898530.00000000,898040.98830000,0
2025-12-17 21:00:00,0.9994,0.9995,0.9993,0.9993,963085.0,2025-12-17 21:59:59.999,962498.75140000,197,61848.00000000,61810.90970000,0
2025-12-17 22:00:00,0.9993,0.9994,0.9993,0.9993,435533.0,2025-12-17 22:59:59.999,435232.16750000,66,40406.00000000,40381.75640000,0
2025-12-17 23:00:00,0.9993,0.9994,0.9993,0.9994,63303.0,2025-12-17 23:59:59.999,63258.94110000,39,2532.00000000,2530.48080000,0
2025-12-18 00:00:00,0.9994,0.9994,0.9993,0.9993,270756.0,2025-12-18 00:59:59.999,270566.88830000,45,4175.00000000,4172.49500000,0
2025-12-18 01:00:00,0.9993,0.9995,0.9993,0.9993,485074.0,2025-12-18 01:59:59.999,484771.10430000,136,66510.00000000,66472.09610000,0
2025-12-18 02:00:00,0.9994,0.9995,0.9993,0.9994,700414.0,2025-12-18 02:59:59.999,699987.48390000,163,114958.00000000,114891.27040000,0
2025-12-18 03:00:00,0.9994,0.9995,0.9992,0.9993,6629968.0,2025-12-18 03:59:59.999,6625390.60000000,463,2589411.00000000,2587673.46290000,0
2025-12-18 04:00:00,0.9993,0.9994,0.9992,0.9994,3247438.0,2025-12-18 04:59:59.999,3245168.19300000,229,3237939.00000000,3235676.45650000,0
2025-12-18 05:00:00,0.9993,0.9994,0.9993,0.9993,17377.0,2025-12-18 05:59:59.999,17365.75500000,53,9189.00000000,9183.48660000,0
2025-12-18 06:00:00,0.9993,0.9994,0.9992,0.9994,758165.0,2025-12-18 06:59:59.999,757685.07040000,120,546234.00000000,545902.42270000,0
2025-12-18 07:00:00,0.9994,0.9994,0.9993,0.9993,1659333.0,2025-12-18 07:59:59.999,1658301.59220000,64,1301253.00000000,1300472.24820000,0
2025-12-18 08:00:00,0.9993,0.9994,0.9993,0.9993,48603.0,2025-12-18 08:59:59.999,48572.92330000,32,39454.00000000,39430.32760000,0
2025-12-18 09:00:00,0.9993,0.9994,0.9993,0.9993,1270926.0,2025-12-18 09:59:59.999,1270041.75620000,47,54044.00000000,54011.57360000,0
2025-12-18 10:00:00,0.9993,0.9994,0.9993,0.9994,263281.0,2025-12-18 10:59:59.999,263122.08690000,15,253836.00000000,253683.69840000,0
2025-12-18 11:00:00,0.9994,0.9994,0.9993,0.9993,90403.0,2025-12-18 11:59:59.999,90347.24260000,20,75247.00000000,75201.85180000,0
2025-12-18 12:00:00,0.9994,0.9994,0.9993,0.9994,163509.0,2025-12-18 12:59:59.999,163402.35560000,25,78119.00000000,78072.12860000,0
2025-12-18 13:00:00,0.9993,0.9994,0.9993,0.9994,2919342.0,2025-12-18 13:59:59.999,2917510.02330000,101,2115627.00000000,2114357.62380000,0
2025-12-18 14:00:00,0.9993,0.9994,0.9993,0.9994,1420511.0,2025-12-18 14:59:59.999,1419658.61100000,38,1419687.00000000,1418835.18780000,0
2025-12-18 15:00:00,0.9993,0.9994,0.9993,0.9994,1957609.0,2025-12-18 15:59:59.999,1956357.30240000,40,1186287.00000000,1185575.22780000,0
2025-12-18 16:00:00,0.9993,0.9994,0.9993,0.9994,1741845.0,2025-12-18 16:59:59.999,1740787.39690000,70,1569108.00000000,1568166.53520000,0
2025-12-18 17:00:00,0.9994,0.9995,0.9993,0.9994,823363.0,2025-12-18 17:59:59.999,822856.11550000,226,24344.00000000,24329.59420000,0
2025-12-18 18:00:00,0.9993,0.9995,0.9993,0.9994,650800.0,2025-12-18 18:59:59.999,650405.63630000,166,168034.00000000,167933.31560000,0
2025-12-18 19:00:00,0.9994,0.9995,0.9993,0.9994,2421427.0,2025-12-18 19:59:59.999,2420151.52200000,101,2324271.00000000,2323054.70520000,0
2025-12-18 20:00:00,0.9994,0.9995,0.9994,0.9994,248957.0,2025-12-18 20:59:59.999,248810.10670000,65,24809.00000000,24796.59550000,0
2025-12-18 21:00:00,0.9995,0.9995,0.9993,0.9994,548111.0,2025-12-18 21:59:59.999,547832.59470000,92,530434.00000000,530166.21550000,0
2025-12-18 22:00:00,0.9995,0.9995,0.9994,0.9995,254649.0,2025-12-18 22:59:59.999,254521.26210000,10,250515.00000000,250389.74250000,0
2025-12-18 23:00:00,0.9994,0.9995,0.9994,0.9994,239681.0,2025-12-18 23:59:59.999,239537.48230000,58,2909.00000000,2907.54550000,0
2025-12-19 00:00:00,0.9994,0.9995,0.9994,0.9994,22630.0,2025-12-19 00:59:59.999,22616.58190000,49,1599.00000000,1598.20050000,0
2025-12-19 01:00:00,0.9995,0.9995,0.9994,0.9994,190753.0,2025-12-19 01:59:59.999,190638.83850000,34,2903.00000000,2901.54850000,0
2025-12-19 02:00:00,0.9994,0.9995,0.9993,0.9994,470349.0,2025-12-19 02:59:59.999,470045.58140000,44,15634.00000000,15624.63140000,0
2025-12-19 03:00:00,0.9994,0.9995,0.9993,0.9994,1891567.0,2025-12-19 03:59:59.999,1890615.14690000,73,1849773.00000000,1848846.23630000,0
2025-12-19 04:00:00,0.9994,0.9995,0.9994,0.9994,215606.0,2025-12-19 04:59:59.999,215477.00550000,56,3691.00000000,3689.15450000,0
2025-12-19 05:00:00,0.9995,0.9995,0.9993,0.9994,2455011.0,2025-12-19 05:59:59.999,2453377.72460000,45,125196.00000000,125124.91780000,0
2025-12-19 06:00:00,0.9994,0.9994,0.9993,0.9994,13405.0,2025-12-19 06:59:59.999,13396.72490000,29,11084.00000000,11077.34960000,0
2025-12-19 07:00:00,0.9994,0.9995,0.9993,0.9994,80907.0,2025-12-19 07:59:59.999,80858.25310000,74,32810.00000000,32790.91970000,0
2025-12-19 08:00:00,0.9994,0.9995,0.9994,0.9994,135773.0,2025-12-19 08:59:59.999,135700.14640000,64,86102.00000000,86058.94900000,0
2025-12-19 09:00:00,0.9994,0.9994,0.9993,0.9994,216120.0,2025-12-19 09:59:59.999,215989.62910000,31,16102.00000000,16092.33880000,0
2025-12-19 10:00:00,0.9994,0.9995,0.9994,0.9994,451450.0,2025-12-19 10:59:59.999,451179.93490000,67,20553.00000000,20541.47310000,0
2025-12-19 11:00:00,0.9994,0.9995,0.9993,0.9993,630693.0,2025-12-19 11:59:59.999,630311.06380000,74,33529.00000000,33511.55460000,0
2025-12-19 12:00:00,0.9993,0.9995,0.9993,0.9994,410225.0,2025-12-19 12:59:59.999,409978.80490000,63,11392.00000000,11385.17250000,0
2025-12-19 13:00:00,0.9994,0.9995,0.9993,0.9993,1140048.0,2025-12-19 13:59:59.999,1139273.84450000,41,7274.00000000,7269.63630000,0
2025-12-19 14:00:00,0.9993,0.9994,0.9993,0.9994,2374155.0,2025-12-19 14:59:59.999,2372603.07840000,79,1099869.00000000,1099209.07860000,0
2025-12-19 15:00:00,0.9994,0.9994,0.9993,0.9993,932122.0,2025-12-19 15:59:59.999,931499.05640000,57,295418.00000000,295240.74920000,0
2025-12-19 16:00:00,0.9994,0.9994,0.9993,0.9993,1215090.0,2025-12-19 16:59:59.999,1214333.05120000,34,936142.00000000,935580.31480000,0
2025-12-19 17:00:00,0.9994,0.9994,0.9993,0.9993,565798.0,2025-12-19 17:59:59.999,565452.06420000,25,501228.00000000,500927.26320000,0
2025-12-19 18:00:00,0.9993,0.9994,0.9993,0.9994,346024.0,2025-12-19 18:59:59.999,345816.08780000,26,343046.00000000,342840.17240000,0
2025-12-19 19:00:00,0.9993,0.9994,0.9993,0.9994,20404.0,2025-12-19 19:59:59.999,20391.16620000,21,14490.00000000,14481.30600000,0
2025-12-19 20:00:00,0.9994,0.9994,0.9993,0.9994,119192.0,2025-12-19 20:59:59.999,119109.66040000,53,10948.00000000,10941.43120000,0
2025-12-19 21:00:00,0.9994,0.9994,0.9993,0.9994,1598.0,2025-12-19 21:59:59.999,1596.92990000,39,485.00000000,484.70900000,0
2025-12-19 22:00:00,0.9994,0.9994,0.9993,0.9994,1217641.0,2025-12-19 22:59:59.999,1216900.12860000,37,1114773.00000000,1114104.13620000,0
2025-12-19 23:00:00,0.9993,0.9994,0.9993,0.9994,2139804.0,2025-12-19 23:59:59.999,2138306.52820000,103,3910.00000000,3907.65400000,0
2025-12-20 00:00:00,0.9993,0.9994,0.9993,0.9993,568943.0,2025-12-20 00:59:59.999,568544.88000000,25,1401.00000000,1400.15940000,0
2025-12-20 01:00:00,0.9993,0.9994,0.9993,0.9994,11454.0,2025-12-20 01:59:59.999,11446.17040000,43,1882.00000000,1880.87080000,0
2025-12-20 02:00:00,0.9993,0.9994,0.9993,0.9994,15601.0,2025-12-20 02:59:59.999,15590.52650000,61,4472.00000000,4469.31680000,0
2025-12-20 03:00:00,0.9993,0.9994,0.9993,0.9993,7468.0,2025-12-20 03:59:59.999,7462.79180000,21,194.00000000,193.88360000,0
2025-12-20 04:00:00,0.9993,0.9994,0.9993,0.9993,119768.0,2025-12-20 04:59:59.999,119684.25720000,23,948.00000000,947.43120000,0
2025-12-20 05:00:00,0.9993,0.9994,0.9993,0.9994,71457.0,2025-12-20 05:59:59.999,71409.74230000,24,27622.00000000,27605.42680000,0
2025-12-20 06:00:00,0.9994,0.9994,0.9993,0.9994,78179.0,2025-12-20 06:59:59.999,78128.42840000,18,41537.00000000,41512.07780000,0
2025-12-20 07:00:00,0.9993,0.9994,0.9993,0.9994,13957.0,2025-12-20 07:59:59.999,13947.47240000,18,2423.00000000,2421.54620000,0
2025-12-20 08:00:00,0.9994,0.9994,0.9993,0.9993,154453.0,2025-12-20 08:59:59.999,154347.81930000,22,29364.00000000,29346.38160000,0
2025-12-20 09:00:00,0.9993,0.9994,0.9993,0.9993,32064.0,2025-12-20 09:59:59.999,32042.09870000,132,5435.00000000,5431.73900000,0
2025-12-20 10:00:00,0.9993,0.9994,0.9993,0.9994,1481509.0,2025-12-20 10:59:59.999,1480619.61460000,84,1476709.00000000,1475822.97460000,0
2025-12-20 11:00:00,0.9994,0.9994,0.9993,0.9993,85793.0,2025-12-20 11:59:59.999,85739.56370000,21,66188.00000000,66148.28720000,0
2025-12-20 12:00:00,0.9994,0.9994,0.9993,0.9994,25570.0,2025-12-20 12:59:59.999,25553.70960000,50,16086.00000000,16076.34840000,0
2025-12-20 13:00:00,0.9993,0.9994,0.9993,0.9993,717767.0,2025-12-20 13:59:59.999,717274.07800000,21,95149.00000000,95091.91060000,0
2025-12-20 14:00:00,0.9994,0.9994,0.9993,0.9994,617386.0,2025-12-20 14:59:59.999,617012.35100000,48,585212.00000000,584860.87280000,0
2025-12-20 15:00:00,0.9994,0.9994,0.9993,0.9993,16613.0,2025-12-20 15:59:59.999,16602.40240000,75,10315.00000000,10308.81100000,0
2025-12-20 16:00:00,0.9993,0.9994,0.9993,0.9994,279666.0,2025-12-20 16:59:59.999,279485.68280000,28,154490.00000000,154397.30600000,0
2025-12-20 17:00:00,0.9994,0.9994,0.9993,0.9994,25005.0,2025-12-20 17:59:59.999,24989.01820000,36,15217.00000000,15207.86980000,0
2025-12-20 18:00:00,0.9993,0.9994,0.9993,0.9993,3257.0,2025-12-20 18:59:59.999,3254.86640000,18,1463.00000000,1462.12220000,0
2025-12-20 19:00:00,0.9993,0.9994,0.9993,0.9993,202907.0,2025-12-20 19:59:59.999,202779.30340000,17,143383.00000000,143296.97020000,0
2025-12-20 20:00:00,0.9993,0.9994,0.9993,0.9994,1106109.0,2025-12-20 20:59:59.999,1105335.78780000,22,10641.00000000,10634.61540000,0
2025-12-20 21:00:00,0.9994,0.9994,0.9993,0.9993,107161.0,2025-12-20 21:59:59.999,107096.59330000,13,106060.00000000,105996.36400000,0
2025-12-20 22:00:00,0.9994,0.9994,0.9993,0.9994,10365.0,2025-12-20 22:59:59.999,10358.70380000,54,9593.00000000,9587.24420000,0
2025-12-20 23:00:00,0.9993,0.9994,0.9993,0.9994,177366.0,2025-12-20 23:59:59.999,177248.45860000,30,66148.00000000,66108.31120000,0
2025-12-21 00:00:00,0.9994,0.9994,0.9993,0.9993,9391.0,2025-12-21 00:59:59.999,9385.35850000,19,9322.00000000,9316.40680000,0
2025-12-21 01:00:00,0.9993,0.9994,0.9993,0.9994,53511.0,2025-12-21 01:59:59.999,53478.73450000,32,51922.00000000,51890.84680000,0
2025-12-21 02:00:00,0.9994,0.9994,0.9993,0.9994,25799.0,2025-12-21 02:59:59.999,25783.39900000,79,24583.00000000,24568.25020000,0
2025-12-21 03:00:00,0.9993,0.9994,0.9993,0.9994,22903.0,2025-12-21 03:59:59.999,22888.44340000,185,14755.00000000,14746.14700000,0
2025-12-21 04:00:00,0.9994,0.9994,0.9993,0.9993,759082.0,2025-12-21 04:59:59.999,758626.54650000,78,759039.00000000,758583.57660000,0
2025-12-21 05:00:00,0.9993,0.9994,0.9993,0.9994,5349.0,2025-12-21 05:59:59.999,5345.71070000,20,4550.00000000,4547.27000000,0
2025-12-21 06:00:00,0.9993,0.9994,0.9993,0.9993,25050.0,2025-12-21 06:59:59.999,25034.09130000,17,16263.00000000,16253.24220000,0
2025-12-21 07:00:00,0.9994,0.9994,0.9993,0.9993,2373364.0,2025-12-21 07:59:59.999,2371728.70750000,33,260623.00000000,260466.62620000,0
2025-12-21 08:00:00,0.9993,0.9994,0.9993,0.9994,48086.0,2025-12-21 08:59:59.999,48056.64410000,19,43043.00000000,43017.17420000,0
2025-12-21 09:00:00,0.9994,0.9994,0.9993,0.9993,118420.0,2025-12-21 09:59:59.999,118339.62140000,28,25154.00000000,25138.90760000,0
2025-12-21 10:00:00,0.9994,0.9994,0.9993,0.9994,1204684.0,2025-12-21 10:59:59.999,1203841.15400000,139,4328.00000000,4325.40320000,0
2025-12-21 11:00:00,0.9993,0.9994,0.9993,0.9993,14684.0,2025-12-21 11:59:59.999,14674.45970000,22,7385.00000000,7380.56900000,0
2025-12-21 12:00:00,0.9993,0.9994,0.9993,0.9993,135883.0,2025-12-21 12:59:59.999,135790.85370000,19,29718.00000000,29700.16920000,0
2025-12-21 13:00:00,0.9993,0.9994,0.9993,0.9994,109836.0,2025-12-21 13:59:59.999,109760.28830000,34,11735.00000000,11727.95900000,0
2025-12-21 14:00:00,0.9994,0.9994,0.9993,0.9994,125310.0,2025-12-21 14:59:59.999,125233.45190000,23,111689.00000000,111621.98660000,0
2025-12-21 15:00:00,0.9994,0.9994,0.9993,0.9994,1136734.0,2025-12-21 15:59:59.999,1135948.98330000,44,106971.00000000,106906.81740000,0
2025-12-21 16:00:00,0.9993,0.9994,0.9993,0.9994,11820.0,2025-12-21 16:59:59.999,11811.77730000,24,513.00000000,512.69220000,0
2025-12-21 17:00:00,0.9994,0.9994,0.9993,0.9993,63383.0,2025-12-21 17:59:59.999,63339.79770000,31,11658.00000000,11651.00520000,0
2025-12-21 18:00:00,0.9994,0.9994,0.9993,0.9993,772809.0,2025-12-21 18:59:59.999,772268.03440000,58,7.00000000,6.99580000,0
2025-12-21 19:00:00,0.9993,0.9993,0.9993,0.9993,408275.0,2025-12-21 19:59:59.999,407989.20750000,50,0.00000000,0.00000000,0
2025-12-21 20:00:00,0.9993,0.9994,0.9993,0.9993,1373511.0,2025-12-21 20:59:59.999,1372549.54610000,158,38.00000000,37.97720000,0
2025-12-21 21:00:00,0.9993,0.9994,0.9992,0.9992,865744.0,2025-12-21 21:59:59.999,865157.99070000,93,249750.00000000,249595.19860000,0
2025-12-21 22:00:00,0.9993,0.9993,0.9992,0.9992,1510.0,2025-12-21 22:59:59.999,1508.90060000,11,1086.00000000,1085.23980000,0
2025-12-21 23:00:00,0.9993,0.9993,0.9992,0.9992,131934.0,2025-12-21 23:59:59.999,131828.61620000,42,1634.00000000,1632.85620000,0
2025-12-22 00:00:00,0.9993,0.9993,0.9992,0.9992,361482.0,2025-12-22 00:59:59.999,361193.41860000,28,6042.00000000,6037.77060000,0
2025-12-22 01:00:00,0.9992,0.9993,0.9992,0.9992,158526.0,2025-12-22 01:59:59.999,158400.19210000,63,10129.00000000,10121.90970000,0
2025-12-22 02:00:00,0.9993,0.9993,0.9992,0.9992,2360895.0,2025-12-22 02:59:59.999,2359085.30440000,45,790204.00000000,789650.85720000,0
2025-12-22 03:00:00,0.9992,0.9993,0.9992,0.9993,115503.0,2025-12-22 03:59:59.999,115419.56450000,28,89669.00000000,89606.23170000,0
2025-12-22 04:00:00,0.9992,0.9993,0.9992,0.9992,963854.0,2025-12-22 04:59:59.999,963085.37510000,33,24583.00000000,24565.79190000,0
2025-12-22 05:00:00,0.9992,0.9993,0.9992,0.9992,3328.0,2025-12-22 05:59:59.999,3325.54450000,11,2069.00000000,2067.55170000,0
2025-12-22 06:00:00,0.9993,0.9993,0.9992,0.9993,260083.0,2025-12-22 06:59:59.999,259900.38310000,19,254495.00000000,254316.85350000,0
2025-12-22 07:00:00,0.9992,0.9994,0.9992,0.9993,7272473.0,2025-12-22 07:59:59.999,7267380.81300000,78,6265684.00000000,6261298.36830000,0
2025-12-22 08:00:00,0.9993,0.9994,0.9993,0.9994,1674931.0,2025-12-22 08:59:59.999,1673862.29300000,119,1037447.00000000,1036824.53180000,0
2025-12-22 09:00:00,0.9994,0.9994,0.9993,0.9994,1058827.0,2025-12-22 09:59:59.999,1058154.10920000,129,682881.00000000,682471.27140000,0
2025-12-22 10:00:00,0.9993,0.9994,0.9993,0.9993,130403.0,2025-12-22 10:59:59.999,130314.68920000,41,29713.00000000,29695.17220000,0
2025-12-22 11:00:00,0.9993,0.9994,0.9993,0.9993,227367.0,2025-12-22 11:59:59.999,227213.82780000,53,59847.00000000,59811.09180000,0
2025-12-22 12:00:00,0.9994,0.9994,0.9993,0.9993,224111.0,2025-12-22 12:59:59.999,223956.46740000,40,23451.00000000,23436.92940000,0
2025-12-22 13:00:00,0.9993,0.9994,0.9993,0.9993,738414.0,2025-12-22 13:59:59.999,737897.71420000,22,6040.00000000,6036.37600000,0
2025-12-22 14:00:00,0.9993,0.9994,0.9993,0.9993,2072562.0,2025-12-22 14:59:59.999,2071168.29050000,118,570839.00000000,570496.49660000,0
2025-12-22 15:00:00,0.9993,0.9994,0.9993,0.9994,2997003.0,2025-12-22 15:59:59.999,2994980.36900000,43,752711.00000000,752259.37340000,0
2025-12-22 16:00:00,0.9994,0.9994,0.9993,0.9993,590405.0,2025-12-22 16:59:59.999,590037.28570000,88,455692.00000000,455418.58480000,0
2025-12-22 17:00:00,0.9993,0.9994,0.9993,0.9994,186175.0,2025-12-22 17:59:59.999,186044.78840000,28,1109.00000000,1108.33460000,0
2025-12-22 18:00:00,0.9994,0.9994,0.9993,0.9993,191434.0,2025-12-22 18:59:59.999,191300.07870000,19,825.00000000,824.50500000,0
2025-12-22 19:00:00,0.9993,0.9994,0.9993,0.9993,56874.0,2025-12-22 19:59:59.999,56834.33030000,21,1421.00000000,1420.14740000,0
2025-12-22 20:00:00,0.9993,0.9994,0.9993,0.9993,833913.0,2025-12-22 20:59:59.999,833411.03680000,16,817759.00000000,817268.34460000,0
2025-12-22 21:00:00,0.9994,0.9994,0.9993,0.9993,15444.0,2025-12-22 21:59:59.999,15433.18990000,22,7.00000000,6.99580000,0
2025-12-22 22:00:00,0.9993,0.9994,0.9993,0.9994,124738.0,2025-12-22 22:59:59.999,124657.18510000,13,65017.00000000,64977.98980000,0
2025-12-22 23:00:00,0.9994,0.9994,0.9992,0.9993,3058164.0,2025-12-22 23:59:59.999,3056055.98630000,218,486466.00000000,486158.79600000,0
2025-12-23 00:00:00,0.9994,0.9994,0.9992,0.9992,809701.0,2025-12-23 00:59:59.999,809128.04290000,41,67193.00000000,67146.03990000,0
2025-12-23 01:00:00,0.9993,0.9993,0.9992,0.9992,4947.0,2025-12-23 01:59:59.999,4943.44680000,14,4044.00000000,4041.16920000,0
2025-12-23 02:00:00,0.9992,0.9993,0.9992,0.9992,4486.0,2025-12-23 02:59:59.999,4482.41190000,10,7.00000000,6.99510000,0
2025-12-23 03:00:00,0.9993,0.9993,0.9992,0.9993,16217.0,2025-12-23 03:59:59.999,16204.35480000,15,3284.00000000,3281.70120000,0
2025-12-23 04:00:00,0.9992,0.9994,0.9992,0.9993,756691.0,2025-12-23 04:59:59.999,756154.12310000,36,304781.00000000,304567.72830000,0
2025-12-23 05:00:00,0.9993,0.9994,0.9993,0.9994,625281.0,2025-12-23 05:59:59.999,624843.52560000,23,2223.00000000,2221.66620000,0
2025-12-23 06:00:00,0.9994,0.9994,0.9993,0.9994,1026997.0,2025-12-23 06:59:59.999,1026304.56100000,38,264589.00000000,264430.24660000,0
2025-12-23 07:00:00,0.9994,0.9994,0.9992,0.9993,823377.0,2025-12-23 07:59:59.999,822836.28330000,78,384326.00000000,384092.71210000,0
2025-12-23 08:00:00,0.9993,0.9994,0.9993,0.9993,55666.0,2025-12-23 08:59:59.999,55627.08020000,25,464.00000000,463.72160000,0
2025-12-23 09:00:00,0.9994,0.9994,0.9992,0.9992,555112.0,2025-12-23 09:59:59.999,554683.77190000,130,50639.00000000,50604.05430000,0
2025-12-23 10:00:00,0.9992,0.9994,0.9992,0.9993,410932.0,2025-12-23 10:59:59.999,410635.56080000,281,49840.00000000,49805.14410000,0
2025-12-23 11:00:00,0.9993,0.9994,0.9993,0.9993,21130.0,2025-12-23 11:59:59.999,21115.28820000,88,792.00000000,791.52480000,0
2025-12-23 12:00:00,0.9993,0.9994,0.9993,0.9993,70991.0,2025-12-23 12:59:59.999,70946.35880000,77,50525.00000000,50494.68500000,0
2025-12-23 13:00:00,0.9993,0.9994,0.9993,0.9993,1090150.0,2025-12-23 13:59:59.999,1089410.40160000,114,235066.00000000,234924.96040000,0
2025-12-23 14:00:00,0.9993,0.9994,0.9993,0.9994,820808.0,2025-12-23 14:59:59.999,820305.88590000,94,724515.00000000,724080.29100000,0
2025-12-23 15:00:00,0.9993,0.9994,0.9993,0.9993,317606.0,2025-12-23 15:59:59.999,317385.60370000,40,19279.00000000,19267.43260000,0
2025-12-23 16:00:00,0.9993,0.9994,0.9993,0.9993,4300.0,2025-12-23 16:59:59.999,4297.22770000,26,2377.00000000,2375.57380000,0
2025-12-23 17:00:00,0.9993,0.9994,0.9993,0.9993,302538.0,2025-12-23 17:59:59.999,302326.29430000,35,709.00000000,708.57460000,0
2025-12-23 18:00:00,0.9993,0.9994,0.9993,0.9994,12713.0,2025-12-23 18:59:59.999,12705.29460000,12,11937.00000000,11929.83780000,0
2025-12-23 19:00:00,0.9993,0.9993,0.9992,0.9993,13323.0,2025-12-23 19:59:59.999,13313.07940000,27,1276.00000000,1275.10680000,0
2025-12-23 20:00:00,0.9992,0.9993,0.9992,0.9993,2116.0,2025-12-23 20:59:59.999,2114.36770000,11,605.00000000,604.57650000,0
2025-12-23 21:00:00,0.9993,0.9993,0.9992,0.9992,3225.0,2025-12-23 21:59:59.999,3222.49680000,14,768.00000000,767.46240000,0
2025-12-23 22:00:00,0.9992,0.9993,0.9992,0.9993,37673.0,2025-12-23 22:59:59.999,37643.87310000,23,10115.00000000,10107.91950000,0
2025-12-23 23:00:00,0.9993,0.9993,0.9992,0.9992,191792.0,2025-12-23 23:59:59.999,191638.58190000,40,155.00000000,154.89150000,0
2025-12-24 00:00:00,0.9992,0.9993,0.9992,0.9992,453232.0,2025-12-24 00:59:59.999,452869.51600000,18,1016.00000000,1015.28880000,0
2025-12-24 01:00:00,0.9993,0.9993,0.9991,0.9992,617564.0,2025-12-24 01:59:59.999,617070.22570000,59,528096.00000000,527673.81010000,0
2025-12-24 02:00:00,0.9993,0.9993,0.9992,0.9993,371570.0,2025-12-24 02:59:59.999,371308.95750000,85,331962.00000000,331729.62660000,0
2025-12-24 03:00:00,0.9994,0.9994,0.9991,0.9992,5068356.0,2025-12-24 03:59:59.999,5064340.92920000,239,370755.00000000,370483.88030000,0
2025-12-24 04:00:00,0.9992,0.9993,0.9992,0.9992,1810064.0,2025-12-24 04:59:59.999,1808648.40890000,138,226919.00000000,226760.15670000,0
2025-12-24 05:00:00,0.9992,0.9993,0.9992,0.9993,1911888.0,2025-12-24 05:59:59.999,1910450.73990000,153,850493.00000000,849897.65490000,0
2025-12-24 06:00:00,0.9992,0.9994,0.9992,0.9993,1189506.0,2025-12-24 06:59:59.999,1188657.73650000,190,246223.00000000,246048.13010000,0
2025-12-24 07:00:00,0.9992,0.9993,0.9992,0.9993,471195.0,2025-12-24 07:59:59.999,470832.41650000,63,143725.00000000,143624.39250000,0
2025-12-24 08:00:00,0.9993,0.9994,0.9992,0.9993,2516455.0,2025-12-24 08:59:59.999,2514502.26830000,116,338765.00000000,338527.86550000,0
2025-12-24 09:00:00,0.9993,0.9994,0.9993,0.9993,732004.0,2025-12-24 09:59:59.999,731516.64560000,135,250484.00000000,250333.70960000,0
2025-12-24 10:00:00,0.9994,0.9994,0.9992,0.9992,2322511.0,2025-12-24 10:59:59.999,2320865.08860000,243,514065.00000000,513740.06420000,0
2025-12-24 11:00:00,0.9992,0.9994,0.9992,0.9993,823955.0,2025-12-24 11:59:59.999,823381.88120000,188,531798.00000000,531431.95020000,0
2025-12-24 12:00:00,0.9993,0.9994,0.9992,0.9992,347496.0,2025-12-24 12:59:59.999,347250.20190000,90,73557.00000000,73509.47520000,0
2025-12-24 13:00:00,0.9992,0.9993,0.999,0.9992,1318372.0,2025-12-24 13:59:59.999,1317325.43890000,388,491424.00000000,491051.14460000,0
2025-12-24 14:00:00,0.9993,0.9994,0.9991,0.9992,1350342.0,2025-12-24 14:59:59.999,1349354.21560000,629,308705.00000000,308474.82070000,0
2025-12-24 15:00:00,0.9993,0.9995,0.9992,0.9993,1265142.0,2025-12-24 15:59:59.999,1264297.93880000,508,307321.00000000,307122.08740000,0
2025-12-24 16:00:00,0.9994,0.9995,0.9993,0.9993,1259042.0,2025-12-24 16:59:59.999,1258219.70180000,298,325032.00000000,324832.95070000,0
2025-12-24 17:00:00,0.9994,0.9994,0.9992,0.9993,562787.0,2025-12-24 17:59:59.999,562393.18330000,130,108381.00000000,108306.43850000,0
2025-12-24 18:00:00,0.9993,0.9994,0.9993,0.9993,72846.0,2025-12-24 18:59:59.999,72795.82720000,80,8194.00000000,8189.08360000,0
2025-12-24 19:00:00,0.9993,0.9995,0.9993,0.9994,178000.0,2025-12-24 19:59:59.999,177889.07080000,81,53839.00000000,53806.73420000,0
2025-12-24 20:00:00,0.9994,0.9994,0.9993,0.9993,5956.0,2025-12-24 20:59:59.999,5952.42430000,12,5935.00000000,5931.43900000,0
2025-12-24 21:00:00,0.9994,0.9994,0.9993,0.9994,179.0,2025-12-24 21:59:59.999,178.88160000,5,69.00000000,68.95860000,0
2025-12-24 22:00:00,0.9993,0.9994,0.9993,0.9993,117330.0,2025-12-24 22:59:59.999,117247.99920000,24,1302.00000000,1301.21880000,0
2025-12-24 23:00:00,0.9993,0.9994,0.9992,0.9993,85989.0,2025-12-24 23:59:59.999,85928.73520000,47,59191.00000000,59149.56750000,0
2025-12-25 00:00:00,0.9993,0.9993,0.9991,0.9992,194709.0,2025-12-25 00:59:59.999,194556.89470000,90,98489.00000000,98414.07210000,0
2025-12-25 01:00:00,0.9992,0.9993,0.9992,0.9992,16970.0,2025-12-25 01:59:59.999,16956.75840000,34,13209.00000000,13198.76720000,0
2025-12-25 02:00:00,0.9992,0.9994,0.9992,0.9993,185470.0,2025-12-25 02:59:59.999,185334.53250000,104,86918.00000000,86857.16310000,0
2025-12-25 03:00:00,0.9993,0.9994,0.9993,0.9993,357632.0,2025-12-25 03:59:59.999,357383.20010000,55,15425.00000000,15415.74500000,0
2025-12-25 04:00:00,0.9993,0.9994,0.9991,0.9992,250221.0,2025-12-25 04:59:59.999,250034.58690000,105,113838.00000000,113757.83940000,0
2025-12-25 05:00:00,0.9992,0.9993,0.9992,0.9992,902630.0,2025-12-25 05:59:59.999,901979.40370000,91,448222.00000000,447908.24460000,0
2025-12-25 06:00:00,0.9992,0.9994,0.9992,0.9992,662194.0,2025-12-25 06:59:59.999,661733.52370000,64,369991.00000000,369737.66350000,0
2025-12-25 07:00:00,0.9992,0.9993,0.9992,0.9992,116240.0,2025-12-25 07:59:59.999,116147.12510000,21,1171.00000000,1170.18030000,0
2025-12-25 08:00:00,0.9992,0.9994,0.9992,0.9993,728416.0,2025-12-25 08:59:59.999,727925.28840000,155,540006.00000000,539653.24760000,0
2025-12-25 09:00:00,0.9993,0.9994,0.9993,0.9993,151082.0,2025-12-25 09:59:59.999,150976.24580000,65,1032.00000000,1031.28080000,0
2025-12-25 10:00:00,0.9993,0.9995,0.9993,0.9994,2301201.0,2025-12-25 10:59:59.999,2299757.96950000,206,1218294.00000000,1217563.02860000,0
2025-12-25 11:00:00,0.9994,0.9994,0.9992,0.9992,236761.0,2025-12-25 11:59:59.999,236590.00840000,55,56688.00000000,56643.56940000,0
2025-12-25 12:00:00,0.9993,0.9994,0.9992,0.9993,136958.0,2025-12-25 12:59:59.999,136855.09860000,65,52903.00000000,52865.97640000,0
2025-12-25 13:00:00,0.9993,0.9994,0.9993,0.9993,388659.0,2025-12-25 13:59:59.999,388407.36060000,249,133065.00000000,132985.16100000,0
2025-12-25 14:00:00,0.9993,0.9994,0.9992,0.9992,196232.0,2025-12-25 14:59:59.999,196098.84870000,201,115162.00000000,115087.18590000,0
2025-12-25 15:00:00,0.9992,0.9994,0.9992,0.9993,223762.0,2025-12-25 15:59:59.999,223597.75500000,64,116671.00000000,116589.33200000,0
2025-12-25 16:00:00,0.9993,0.9993,0.9991,0.9992,1027259.0,2025-12-25 16:59:59.999,1026460.92340000,90,51835.00000000,51793.58560000,0
2025-12-25 17:00:00,0.9992,0.9993,0.9992,0.9992,191444.0,2025-12-25 17:59:59.999,191291.15270000,113,91064.00000000,90991.45670000,0
2025-12-25 18:00:00,0.9992,0.9993,0.9992,0.9992,41368.0,2025-12-25 18:59:59.999,41335.02080000,139,1152.00000000,1151.19360000,0
2025-12-25 19:00:00,0.9992,0.9993,0.9992,0.9993,29850.0,2025-12-25 19:59:59.999,29828.31500000,58,21950.00000000,21934.63500000,0
2025-12-25 20:00:00,0.9993,0.9993,0.9992,0.9993,4736.0,2025-12-25 20:59:59.999,4732.56750000,404,3563.00000000,3560.50590000,0
2025-12-25 21:00:00,0.9993,0.9993,0.9992,0.9993,5973.0,2025-12-25 21:59:59.999,5968.77040000,683,5488.00000000,5484.15840000,0
2025-12-25 22:00:00,0.9993,0.9994,0.9992,0.9993,151860.0,2025-12-25 22:59:59.999,151753.80840000,448,18932.00000000,18918.89070000,0
2025-12-25 23:00:00,0.9994,0.9994,0.9991,0.9992,356102.0,2025-12-25 23:59:59.999,355850.68600000,222,196824.00000000,196678.61030000,0
2025-12-26 00:00:00,0.9992,0.9994,0.9992,0.9994,466280.0,2025-12-26 00:59:59.999,465986.95330000,199,36130.00000000,36105.78400000,0
2025-12-26 01:00:00,0.9994,0.9994,0.9993,0.9993,4802.0,2025-12-26 01:59:59.999,4798.88400000,19,2454.00000000,2452.52760000,0
2025-12-26 02:00:00,0.9993,0.9994,0.9992,0.9993,1688486.0,2025-12-26 02:59:59.999,1687444.69020000,255,1244266.00000000,1243513.60450000,0
2025-12-26 03:00:00,0.9994,0.9994,0.9993,0.9993,65507.0,2025-12-26 03:59:59.999,65464.31990000,41,31748.00000000,31728.95120000,0
2025-12-26 04:00:00,0.9993,0.9994,0.9992,0.9992,124007.0,2025-12-26 04:59:59.999,123913.32380000,152,2361.00000000,2359.45260000,0
2025-12-26 05:00:00,0.9992,0.9993,0.9992,0.9993,171085.0,2025-12-26 05:59:59.999,170948.16490000,51,26736.00000000,26714.64410000,0
2025-12-26 06:00:00,0.9992,0.9993,0.9992,0.9992,34720.0,2025-12-26 06:59:59.999,34693.12340000,36,8994.00000000,8987.70420000,0
2025-12-26 07:00:00,0.9992,0.9993,0.9991,0.9993,404979.0,2025-12-26 07:59:59.999,404650.20790000,529,176350.00000000,176209.22770000,0
2025-12-26 08:00:00,0.9993,0.9994,0.9992,0.9993,941192.0,2025-12-26 08:59:59.999,940545.25190000,485,342204.00000000,341990.72860000,0
2025-12-26 09:00:00,0.9993,0.9994,0.9991,0.9992,395712.0,2025-12-26 09:59:59.999,395409.06150000,270,237305.00000000,237119.65890000,0
2025-12-26 10:00:00,0.9992,0.9994,0.9992,0.9992,358142.0,2025-12-26 10:59:59.999,357892.41420000,94,201596.00000000,201471.24710000,0
2025-12-26 11:00:00,0.9992,0.9993,0.9992,0.9992,99453.0,2025-12-26 11:59:59.999,99378.19320000,175,47556.00000000,47522.71080000,0
2025-12-26 12:00:00,0.9992,0.9994,0.9992,0.9992,384173.0,2025-12-26 12:59:59.999,383901.99410000,191,214071.00000000,213935.73540000,0
2025-12-26 13:00:00,0.9992,0.9994,0.9992,0.9992,181555.0,2025-12-26 13:59:59.999,181429.45020000,88,101402.00000000,101340.04200000,0
2025-12-26 14:00:00,0.9992,0.9994,0.9992,0.9993,912342.0,2025-12-26 14:59:59.999,911698.52600000,358,326396.00000000,326192.53930000,0
2025-12-26 15:00:00,0.9994,0.9994,0.9991,0.9993,641359.0,2025-12-26 15:59:59.999,640924.64670000,173,310902.00000000,310679.75810000,0
2025-12-26 16:00:00,0.9994,0.9994,0.9993,0.9993,495892.0,2025-12-26 16:59:59.999,495581.25750000,165,75429.00000000,75383.74260000,0
2025-12-26 17:00:00,0.9994,0.9994,0.9992,0.9992,163771.0,2025-12-26 17:59:59.999,163664.04100000,182,125751.00000000,125670.58440000,0
2025-12-26 18:00:00,0.9992,0.9993,0.9992,0.9992,4347.0,2025-12-26 18:59:59.999,4343.59760000,70,752.00000000,751.47360000,0
2025-12-26 19:00:00,0.9993,0.9995,0.9992,0.9993,231710.0,2025-12-26 19:59:59.999,231585.96200000,214,206714.00000000,206607.04320000,0
2025-12-26 20:00:00,0.9994,0.9994,0.9993,0.9994,21744.0,2025-12-26 20:59:59.999,21730.40220000,33,5230.00000000,5226.86200000,0
2025-12-26 21:00:00,0.9994,0.9994,0.9991,0.9993,160179.0,2025-12-26 21:59:59.999,160045.29160000,182,138480.00000000,138362.88870000,0
2025-12-26 22:00:00,0.9993,0.9994,0.9992,0.9993,240905.0,2025-12-26 22:59:59.999,240736.21610000,108,20624.00000000,20609.57860000,0
2025-12-26 23:00:00,0.9994,0.9994,0.9992,0.9993,212696.0,2025-12-26 23:59:59.999,212559.59030000,130,20875.00000000,20860.69750000,0
2025-12-27 00:00:00,0.9994,0.9994,0.9992,0.9992,127760.0,2025-12-27 00:59:59.999,127668.71970000,91,99756.00000000,99686.05800000,0
2025-12-27 01:00:00,0.9993,0.9993,0.9992,0.9993,29607.0,2025-12-27 01:59:59.999,29583.36420000,13,498.00000000,497.65140000,0
2025-12-27 02:00:00,0.9993,0.9993,0.9992,0.9993,806306.0,2025-12-27 02:59:59.999,805736.70250000,27,757473.00000000,756942.76890000,0
2025-12-27 03:00:00,0.9993,0.9993,0.9992,0.9993,78114.0,2025-12-27 03:59:59.999,78056.81580000,48,53070.00000000,53032.85100000,0
2025-12-27 04:00:00,0.9992,0.9993,0.9989,0.9992,289822.0,2025-12-27 04:59:59.999,289558.48400000,234,258840.00000000,258602.91640000,0
2025-12-27 05:00:00,0.9992,0.9993,0.9992,0.9993,6087.0,2025-12-27 05:59:59.999,6082.35250000,18,2221.00000000,2219.44530000,0
2025-12-27 06:00:00,0.9993,0.9993,0.9992,0.9992,702877.0,2025-12-27 06:59:59.999,702314.83470000,37,1363.00000000,1362.04590000,0
2025-12-27 07:00:00,0.9992,0.9993,0.9992,0.9992,1124002.0,2025-12-27 07:59:59.999,1123103.02530000,54,7865.00000000,7858.93490000,0
2025-12-27 08:00:00,0.9993,0.9993,0.9991,0.9992,167621.0,2025-12-27 08:59:59.999,167481.91620000,163,116915.00000000,116821.49100000,0
2025-12-27 09:00:00,0.9992,0.9993,0.9991,0.9992,75716.0,2025-12-27 09:59:59.999,75650.24740000,39,22192.00000000,22174.24960000,0
2025-12-27 10:00:00,0.9992,0.9993,0.9992,0.9992,44931.0,2025-12-27 10:59:59.999,44898.60760000,52,35524.00000000,35499.13320000,0
2025-12-27 11:00:00,0.9993,0.9993,0.9992,0.9992,9676.0,2025-12-27 11:59:59.999,9668.30870000,23,495.00000000,494.65350000,0
2025-12-27 12:00:00,0.9993,0.9993,0.9992,0.9992,4490.0,2025-12-27 12:59:59.999,4486.66950000,26,2615.00000000,2613.16950000,0
2025-12-27 13:00:00,0.9993,0.9993,0.9992,0.9993,182293.0,2025-12-27 13:59:59.999,182152.58500000,192,54194.00000000,54156.06420000,0
2025-12-27 14:00:00,0.9992,0.9994,0.9992,0.9993,299130.0,2025-12-27 14:59:59.999,298920.77330000,374,16316.00000000,16304.75010000,0
2025-12-27 15:00:00,0.9994,0.9994,0.9993,0.9993,117139.0,2025-12-27 15:59:59.999,117057.61310000,190,6104.00000000,6100.33760000,0
2025-12-27 16:00:00,0.9994,0.9994,0.9993,0.9993,21137.0,2025-12-27 16:59:59.999,21122.35390000,182,1498.00000000,1497.10120000,0
2025-12-27 17:00:00,0.9994,0.9994,0.9993,0.9993,25473.0,2025-12-27 17:59:59.999,25455.18550000,31,166.00000000,165.90040000,0
2025-12-27 18:00:00,0.9993,0.9994,0.9993,0.9993,8084.0,2025-12-27 18:59:59.999,8078.57980000,33,2386.00000000,2384.56840000,0
2025-12-27 19:00:00,0.9994,0.9994,0.9992,0.9992,33493.0,2025-12-27 19:59:59.999,33468.68610000,52,2283.00000000,2281.60780000,0
2025-12-27 20:00:00,0.9993,0.9993,0.9992,0.9993,1057.0,2025-12-27 20:59:59.999,1056.21020000,5,558.00000000,557.60940000,0
2025-12-27 21:00:00,0.9993,0.9993,0.9992,0.9992,9550.0,2025-12-27 21:59:59.999,9542.79350000,32,4335.00000000,4331.96550000,0
2025-12-27 22:00:00,0.9992,0.9994,0.9992,0.9993,25934.0,2025-12-27 22:59:59.999,25915.88290000,147,7218.00000000,7213.06130000,0
2025-12-27 23:00:00,0.9993,0.9994,0.9993,0.9993,56751.0,2025-12-27 23:59:59.999,56711.50130000,50,2270.00000000,2268.63800000,0
2025-12-28 00:00:00,0.9994,0.9994,0.9993,0.9993,62170.0,2025-12-28 00:59:59.999,62126.53820000,25,572.00000000,571.65680000,0
2025-12-28 01:00:00,0.9994,0.9994,0.9993,0.9993,33710.0,2025-12-28 01:59:59.999,33686.59050000,30,1875.00000000,1873.87500000,0
2025-12-28 02:00:00,0.9994,0.9994,0.9993,0.9993,18129.0,2025-12-28 02:59:59.999,18116.84150000,27,5318.00000000,5314.80920000,0
2025-12-28 03:00:00,0.9994,0.9994,0.9993,0.9993,19651.0,2025-12-28 03:59:59.999,19638.82850000,36,15842.00000000,15832.49480000,0
2025-12-28 04:00:00,0.9993,0.9994,0.9993,0.9993,1226.0,2025-12-28 04:59:59.999,1225.16400000,15,222.00000000,221.86680000,0
2025-12-28 05:00:00,0.9994,0.9994,0.9993,0.9994,403447.0,2025-12-28 05:59:59.999,403164.80520000,12,2181.00000000,2179.69140000,0
2025-12-28 06:00:00,0.9993,0.9994,0.9993,0.9993,532624.0,2025-12-28 06:59:59.999,532276.24500000,23,250818.00000000,250667.50920000,0
2025-12-28 07:00:00,0.9994,0.9994,0.9993,0.9993,905935.0,2025-12-28 07:59:59.999,905389.19400000,54,883485.00000000,882954.90900000,0
2025-12-28 08:00:00,0.9994,0.9994,0.9993,0.9994,25361.0,2025-12-28 08:59:59.999,25343.65010000,21,4028.00000000,4025.58320000,0
2025-12-28 09:00:00,0.9993,0.9994,0.9993,0.9993,511250.0,2025-12-28 09:59:59.999,510892.41640000,142,2914.00000000,2912.25160000,0
2025-12-28 10:00:00,0.9993,0.9994,0.9993,0.9993,326989.0,2025-12-28 10:59:59.999,326764.14500000,25,40373.00000000,40348.77620000,0
2025-12-28 11:00:00,0.9993,0.9994,0.9993,0.9993,88903.0,2025-12-28 11:59:59.999,88840.96950000,384,2016.00000000,2014.79040000,0
2025-12-28 12:00:00,0.9993,0.9994,0.9993,0.9994,1111.0,2025-12-28 12:59:59.999,1110.31260000,18,903.00000000,902.45820000,0
2025-12-28 13:00:00,0.9994,0.9994,0.9993,0.9994,1256636.0,2025-12-28 13:59:59.999,1255831.80550000,21,754507.00000000,754054.29580000,0
2025-12-28 14:00:00,0.9994,0.9994,0.9993,0.9993,1266905.0,2025-12-28 14:59:59.999,1266038.84590000,78,129933.00000000,129855.04020000,0
2025-12-28 15:00:00,0.9994,0.9994,0.9993,0.9993,47818.0,2025-12-28 15:59:59.999,47787.58220000,13,30548.00000000,30529.67120000,0
2025-12-28 16:00:00,0.9994,0.9994,0.9993,0.9994,32952.0,2025-12-28 16:59:59.999,32931.30430000,219,23707.00000000,23692.77580000,0
2025-12-28 17:00:00,0.9993,0.9994,0.9993,0.9993,134131.0,2025-12-28 17:59:59.999,134037.21740000,131,1091.00000000,1090.34540000,0
2025-12-28 18:00:00,0.9994,0.9994,0.9993,0.9994,8211.0,2025-12-28 18:59:59.999,8205.42040000,28,1681.00000000,1679.99140000,0
2025-12-28 19:00:00,0.9994,0.9994,0.9993,0.9994,5524.0,2025-12-28 19:59:59.999,5520.16300000,17,298.00000000,297.82120000,0
2025-12-28 20:00:00,0.9994,0.9994,0.9993,0.9993,15277.0,2025-12-28 20:59:59.999,15266.30950000,15,34.00000000,33.97960000,0
2025-12-28 21:00:00,0.9993,0.9994,0.9993,0.9993,1047.0,2025-12-28 21:59:59.999,1046.31810000,25,510.00000000,509.69400000,0
2025-12-28 22:00:00,0.9994,0.9994,0.9993,0.9993,2886.0,2025-12-28 22:59:59.999,2883.98670000,10,69.00000000,68.95860000,0
2025-12-28 23:00:00,0.9994,0.9994,0.9993,0.9993,3294.0,2025-12-28 23:59:59.999,3291.83390000,52,1397.00000000,1396.16180000,0
2025-12-29 00:00:00,0.9993,0.9994,0.9993,0.9993,12268.0,2025-12-29 00:59:59.999,12260.21740000,364,8050.00000000,8045.17000000,0
2025-12-29 01:00:00,0.9993,0.9994,0.9993,0.9993,218207.0,2025-12-29 01:59:59.999,218070.32510000,526,94115.00000000,94058.53100000,0
2025-12-29 02:00:00,0.9993,0.9994,0.9993,0.9994,871455.0,2025-12-29 02:59:59.999,870881.35240000,73,363709.00000000,363490.77460000,0
2025-12-29 03:00:00,0.9993,0.9994,0.9992,0.9993,1082133.0,2025-12-29 03:59:59.999,1081375.43250000,89,421863.00000000,421568.19790000,0
2025-12-29 04:00:00,0.9992,0.9993,0.9992,0.9992,12655.0,2025-12-29 04:59:59.999,12645.64480000,41,7688.00000000,7682.61840000,0
2025-12-29 05:00:00,0.9992,0.9993,0.9992,0.9992,586909.0,2025-12-29 05:59:59.999,586489.91030000,200,505375.00000000,505021.13750000,0
2025-12-29 06:00:00,0.9992,0.9993,0.9991,0.9992,119067.0,2025-12-29 06:59:59.999,118969.43110000,177,67056.00000000,67002.83950000,0
2025-12-29 07:00:00,0.9992,0.9994,0.9991,0.9993,923508.0,2025-12-29 07:59:59.999,922857.56570000,238,717727.00000000,717223.32390000,0
2025-12-29 08:00:00,0.9994,0.9994,0.9992,0.9992,106831.0,2025-12-29 08:59:59.999,106747.02630000,198,1256.00000000,1255.15110000,0
2025-12-29 09:00:00,0.9993,0.9995,0.9993,0.9994,3732618.0,2025-12-29 09:59:59.999,3730460.25830000,600,2785903.00000000,2784319.46090000,0
2025-12-29 10:00:00,0.9994,0.9996,0.9994,0.9996,1493587.0,2025-12-29 10:59:59.999,1492806.15840000,402,1078438.00000000,1077897.03270000,0
2025-12-29 11:00:00,0.9995,0.9996,0.9994,0.9994,611528.0,2025-12-29 11:59:59.999,611218.90190000,131,276038.00000000,275902.40540000,0
2025-12-29 12:00:00,0.9994,0.9996,0.9994,0.9994,2198318.0,2025-12-29 12:59:59.999,2197212.13190000,123,1618387.00000000,1617577.81620000,0
2025-12-29 13:00:00,0.9994,0.9995,0.9994,0.9994,471276.0,2025-12-29 13:59:59.999,471023.66440000,73,353942.00000000,353760.06480000,0
2025-12-29 14:00:00,0.9993,0.9995,0.9993,0.9994,654535.0,2025-12-29 14:59:59.999,654136.03080000,100,340226.00000000,340041.88710000,0
2025-12-29 15:00:00,0.9994,0.9995,0.9994,0.9994,1253825.0,2025-12-29 15:59:59.999,1253172.94950000,42,1002445.00000000,1001943.77750000,0
2025-12-29 16:00:00,0.9995,0.9996,0.9994,0.9995,847605.0,2025-12-29 16:59:59.999,847131.02520000,116,277343.00000000,277204.50570000,0
2025-12-29 17:00:00,0.9994,0.9995,0.9993,0.9994,415155.0,2025-12-29 17:59:59.999,414898.75370000,177,73272.00000000,73227.84100000,0
2025-12-29 18:00:00,0.9994,0.9996,0.9994,0.9995,82398.0,2025-12-29 18:59:59.999,82356.66390000,159,18347.00000000,18338.09880000,0
2025-12-29 19:00:00,0.9996,0.9996,0.9993,0.9993,77927.0,2025-12-29 19:59:59.999,77883.27780000,276,56509.00000000,56476.13620000,0
2025-12-29 20:00:00,0.9993,0.9996,0.9993,0.9995,102698.0,2025-12-29 20:59:59.999,102644.20640000,180,35363.00000000,35345.32590000,0
2025-12-29 21:00:00,0.9996,0.9996,0.9995,0.9995,9770.0,2025-12-29 21:59:59.999,9765.59450000,197,4795.00000000,4793.08200000,0
2025-12-29 22:00:00,0.9996,0.9996,0.9995,0.9996,377.0,2025-12-29 22:59:59.999,376.84310000,9,316.00000000,315.87360000,0
2025-12-29 23:00:00,0.9995,0.9996,0.9995,0.9995,285786.0,2025-12-29 23:59:59.999,285668.26520000,39,251582.00000000,251481.36720000,0
2025-12-30 00:00:00,0.9996,0.9996,0.9995,0.9996,3546.0,2025-12-30 00:59:59.999,3544.41370000,150,1867.00000000,1866.25320000,0
2025-12-30 01:00:00,0.9996,0.9996,0.9994,0.9994,693100.0,2025-12-30 01:59:59.999,692797.76700000,72,552267.00000000,552036.16920000,0
2025-12-30 02:00:00,0.9993,0.9996,0.9993,0.9995,378805.0,2025-12-30 02:59:59.999,378636.92000000,148,285084.00000000,284966.29900000,0
2025-12-30 03:00:00,0.9996,0.9996,0.9994,0.9996,484847.0,2025-12-30 03:59:59.999,484639.39600000,137,413875.00000000,413707.94730000,0
2025-12-30 04:00:00,0.9995,0.9996,0.9995,0.9996,44377.0,2025-12-30 04:59:59.999,44354.93030000,39,1188.00000000,1187.52480000,0
2025-12-30 05:00:00,0.9996,0.9996,0.9995,0.9995,848070.0,2025-12-30 05:59:59.999,847724.56930000,53,786043.00000000,785728.58280000,0
2025-12-30 06:00:00,0.9996,0.9996,0.9995,0.9995,1014274.0,2025-12-30 06:59:59.999,1013868.12480000,53,1012618.00000000,1012212.95280000,0
2025-12-30 07:00:00,0.9995,0.9996,0.9995,0.9996,767238.0,2025-12-30 07:59:59.999,766930.01060000,32,756296.00000000,755993.48160000,0
2025-12-30 08:00:00,0.9995,0.9997,0.9995,0.9996,396488.0,2025-12-30 08:59:59.999,396328.80470000,80,236278.00000000,236183.49780000,0
2025-12-30 09:00:00,0.9997,0.9997,0.9996,0.9996,549489.0,2025-12-30 09:59:59.999,549319.32180000,35,501174.00000000,501023.64780000,0
2025-12-30 10:00:00,0.9996,0.9997,0.9996,0.9997,5079.0,2025-12-30 10:59:59.999,5077.21320000,128,2448.00000000,2447.26560000,0
2025-12-30 11:00:00,0.9997,0.9997,0.9996,0.9996,242744.0,2025-12-30 11:59:59.999,242647.26410000,57,3617.00000000,3615.91490000,0
2025-12-30 12:00:00,0.9997,0.9997,0.9996,0.9996,2428444.0,2025-12-30 12:59:59.999,2427698.31630000,117,2256939.00000000,2256261.91830000,0
2025-12-30 13:00:00,0.9997,0.9997,0.9996,0.9996,152812.0,2025-12-30 13:59:59.999,152751.02800000,25,1528.00000000,1527.54160000,0
2025-12-30 14:00:00,0.9997,0.9997,0.9995,0.9995,114865.0,2025-12-30 14:59:59.999,114816.61190000,61,23449.00000000,23439.63700000,0
2025-12-30 15:00:00,0.9995,0.9998,0.9993,0.9995,1777759.0,2025-12-30 15:59:59.999,1777082.76440000,293,988487.00000000,988150.50330000,0
2025-12-30 16:00:00,0.9995,0.9996,0.9995,0.9996,319711.0,2025-12-30 16:59:59.999,319577.75380000,81,265304.00000000,265197.87840000,0
2025-12-30 17:00:00,0.9997,0.9997,0.9996,0.9996,104890.0,2025-12-30 17:59:59.999,104848.84220000,75,7982.00000000,7979.60540000,0
2025-12-30 18:00:00,0.9997,0.9997,0.9995,0.9996,9477.0,2025-12-30 18:59:59.999,9473.08960000,117,4091.00000000,4089.62100000,0
2025-12-30 19:00:00,0.9996,0.9996,0.9995,0.9995,3354.0,2025-12-30 19:59:59.999,3352.53860000,51,2156.00000000,2155.13760000,0
2025-12-30 20:00:00,0.9995,0.9996,0.9995,0.9996,8239.0,2025-12-30 20:59:59.999,8234.96100000,114,805.00000000,804.67800000,0
2025-12-30 21:00:00,0.9995,0.9996,0.9995,0.9995,21298.0,2025-12-30 21:59:59.999,21288.15410000,64,8031.00000000,8027.78760000,0
2025-12-30 22:00:00,0.9996,0.9996,0.9995,0.9996,28856.0,2025-12-30 22:59:59.999,28844.07540000,57,25034.00000000,25023.98640000,0
2025-12-30 23:00:00,0.9996,0.9996,0.9995,0.9996,5999.0,2025-12-30 23:59:59.999,5996.42970000,66,4292.00000000,4290.28320000,0
2025-12-31 00:00:00,0.9996,0.9996,0.9995,0.9996,49745.0,2025-12-31 00:59:59.999,49720.69090000,182,5634.00000000,5631.74640000,0
2025-12-31 01:00:00,0.9995,0.9996,0.9995,0.9995,152046.0,2025-12-31 01:59:59.999,151984.98930000,34,150123.00000000,150062.95080000,0
2025-12-31 02:00:00,0.9996,0.9996,0.9995,0.9995,107930.0,2025-12-31 02:59:59.999,107884.79940000,82,87644.00000000,87608.94240000,0
2025-12-31 03:00:00,0.9995,0.9996,0.9995,0.9995,43320.0,2025-12-31 03:59:59.999,43298.46740000,24,1274.00000000,1273.49040000,0
2025-12-31 04:00:00,0.9996,0.9996,0.9995,0.9995,240783.0,2025-12-31 04:59:59.999,240663.60550000,33,9970.00000000,9966.01200000,0
2025-12-31 05:00:00,0.9996,0.9996,0.9995,0.9996,224473.0,2025-12-31 05:59:59.999,224379.60880000,42,188453.00000000,188377.61880000,0
2025-12-31 06:00:00,0.9995,0.9996,0.9995,0.9995,22641.0,2025-12-31 06:59:59.999,22630.43340000,81,7539.00000000,7535.98440000,0
2025-12-31 07:00:00,0.9996,0.9996,0.9995,0.9995,125823.0,2025-12-31 07:59:59.999,125760.19320000,86,1047.00000000,1046.58120000,0
2025-12-31 08:00:00,0.9995,0.9996,0.9995,0.9995,49032.0,2025-12-31 08:59:59.999,49007.53520000,27,512.00000000,511.79520000,0
2025-12-31 09:00:00,0.9995,0.9996,0.9995,0.9995,376987.0,2025-12-31 09:59:59.999,376836.08250000,45,375760.00000000,375609.69600000,0
2025-12-31 10:00:00,0.9995,0.9996,0.9995,0.9995,7427.0,2025-12-31 10:59:59.999,7423.29930000,76,128.00000000,127.94880000,0
2025-12-31 11:00:00,0.9995,0.9996,0.9995,0.9995,5518.0,2025-12-31 11:59:59.999,5515.30980000,80,688.00000000,687.72480000,0
2025-12-31 12:00:00,0.9996,0.9996,0.9995,0.9995,120788.0,2025-12-31 12:59:59.999,120732.85550000,29,52495.00000000,52474.00200000,0
2025-12-31 13:00:00,0.9995,0.9997,0.9995,0.9997,170766.0,2025-12-31 13:59:59.999,170698.86680000,46,100166.00000000,100127.15880000,0
2025-12-31 14:00:00,0.9997,0.9997,0.9996,0.9996,58923.0,2025-12-31 14:59:59.999,58899.67890000,49,2481.00000000,2480.25570000,0
2025-12-31 15:00:00,0.9996,0.9998,0.9996,0.9998,81533.0,2025-12-31 15:59:59.999,81508.63340000,65,29496.00000000,29487.27020000,0
2025-12-31 16:00:00,0.9998,0.9998,0.9997,0.9998,5312.0,2025-12-31 16:59:59.999,5310.43180000,29,254.00000000,253.94920000,0
2025-12-31 17:00:00,0.9997,0.9998,0.9997,0.9998,263081.0,2025-12-31 17:59:59.999,263027.13160000,35,250559.00000000,250508.88820000,0
2025-12-31 18:00:00,0.9997,0.9998,0.9997,0.9997,10888.0,2025-12-31 18:59:59.999,10884.97280000,18,2392.00000000,2391.52160000,0
2025-12-31 19:00:00,0.9997,0.9998,0.9997,0.9998,6109.0,2025-12-31 19:59:59.999,6107.77580000,7,6085.00000000,6083.78300000,0
2025-12-31 20:00:00,0.9998,0.9998,0.9997,0.9997,619558.0,2025-12-31 20:59:59.999,619429.04680000,34,569142.00000000,569028.17160000,0
2025-12-31 21:00:00,0.9998,0.9998,0.9997,0.9998,1024.0,2025-12-31 21:59:59.999,1023.79460000,3,1018.00000000,1017.79640000,0
2025-12-31 22:00:00,0.9998,0.9998,0.9997,0.9997,236.0,2025-12-31 22:59:59.999,235.94660000,7,174.00000000,173.96520000,0
2025-12-31 23:00:00,0.9998,0.9998,0.9997,0.9997,35759.0,2025-12-31 23:59:59.999,35748.31730000,19,450.00000000,449.91000000,0
2026-01-01 00:00:00,0.9997,0.9997,0.9997,0.9997,328536.0,2026-01-01 00:59:59.999,328437.43920000,14,0.00000000,0.00000000,0
2026-01-01 01:00:00,0.9996,0.9997,0.9996,0.9997,137671.0,2026-01-01 01:59:59.999,137627.98860000,25,120570.00000000,120533.82900000,0
2026-01-01 02:00:00,0.9997,0.9997,0.9996,0.9997,3263.0,2026-01-01 02:59:59.999,3261.94960000,42,2548.00000000,2547.23560000,0
2026-01-01 03:00:00,0.9997,0.9997,0.9996,0.9997,101509.0,2026-01-01 03:59:59.999,101473.44020000,10,50438.00000000,50422.86860000,0
2026-01-01 04:00:00,0.9996,0.9997,0.9996,0.9996,54969.0,2026-01-01 04:59:59.999,54951.13200000,48,41196.00000000,41183.64120000,0
2026-01-01 05:00:00,0.9996,0.9997,0.9996,0.9996,878249.0,2026-01-01 05:59:59.999,877984.36310000,50,866627.00000000,866367.01190000,0
2026-01-01 06:00:00,0.9996,0.9997,0.9996,0.9997,281382.0,2026-01-01 06:59:59.999,281297.57230000,20,281251.00000000,281166.62470000,0
2026-01-01 07:00:00,0.9997,0.9997,0.9996,0.9996,622539.0,2026-01-01 07:59:59.999,622340.77490000,25,507905.00000000,507752.62850000,0
2026-01-01 08:00:00,0.9997,0.9997,0.9996,0.9997,27338.0,2026-01-01 08:59:59.999,27327.36470000,27,2999.00000000,2998.10030000,0
2026-01-01 09:00:00,0.9996,0.9997,0.9996,0.9997,38848.0,2026-01-01 09:59:59.999,38832.68500000,38,2242.00000000,2241.32740000,0
2026-01-01 10:00:00,0.9996,0.9997,0.9996,0.9996,8297.0,2026-01-01 10:59:59.999,8294.37600000,34,6948.00000000,6945.91560000,0
2026-01-01 11:00:00,0.9996,0.9997,0.9996,0.9997,41988.0,2026-01-01 11:59:59.999,41971.90700000,16,7022.00000000,7019.89340000,0
2026-01-01 12:00:00,0.9996,0.9997,0.9996,0.9996,222190.0,2026-01-01 12:59:59.999,222117.55300000,27,164290.00000000,164240.71300000,0
2026-01-01 13:00:00,0.9997,0.9997,0.9996,0.9996,164762.0,2026-01-01 13:59:59.999,164711.70840000,16,156132.00000000,156085.16040000,0
2026-01-01 14:00:00,0.9996,0.9997,0.9996,0.9997,47074.0,2026-01-01 14:59:59.999,47055.17780000,4,74.00000000,73.97780000,0
2026-01-01 15:00:00,0.9997,0.9997,0.9996,0.9997,50287.0,2026-01-01 15:59:59.999,50270.72090000,34,38357.00000000,38345.49290000,0
2026-01-01 16:00:00,0.9996,0.9997,0.9996,0.9996,34211.0,2026-01-01 16:59:59.999,34197.32950000,1304,139.00000000,138.95830000,0
2026-01-01 17:00:00,0.9996,0.9997,0.9996,0.9997,255744.0,2026-01-01 17:59:59.999,255666.91920000,46,252168.00000000,252092.34960000,0
2026-01-01 18:00:00,0.9997,0.9997,0.9996,0.9996,834344.0,2026-01-01 18:59:59.999,834091.35420000,16,810918.00000000,810674.72460000,0
2026-01-01 19:00:00,0.9996,0.9997,0.9996,0.9996,4419.0,2026-01-01 19:59:59.999,4417.25720000,58,248.00000000,247.92560000,0
2026-01-01 20:00:00,0.9997,0.9997,0.9996,0.9996,104421.0,2026-01-01 20:59:59.999,104379.24790000,18,163.00000000,162.95110000,0
2026-01-01 21:00:00,0.9996,0.9997,0.9996,0.9996,11134.0,2026-01-01 21:59:59.999,11130.54530000,16,9989.00000000,9986.00330000,0
2026-01-01 22:00:00,0.9997,0.9997,0.9996,0.9996,1084.0,2026-01-01 22:59:59.999,1083.63160000,6,652.00000000,651.80440000,0
2026-01-01 23:00:00,0.9997,0.9997,0.9995,0.9996,316284.0,2026-01-01 23:59:59.999,316157.09120000,53,53859.00000000,53837.45820000,0
2026-01-02 00:00:00,0.9996,0.9997,0.9996,0.9997,509497.0,2026-01-02 00:59:59.999,509343.53420000,31,503330.00000000,503179.00100000,0
2026-01-02 01:00:00,0.9997,0.9997,0.9996,0.9997,34262.0,2026-01-02 01:59:59.999,34248.74240000,61,4472.00000000,4470.65840000,0
2026-01-02 02:00:00,0.9997,0.9997,0.9996,0.9996,14034.0,2026-01-02 02:59:59.999,14029.16690000,20,7805.00000000,7802.65850000,0
2026-01-02 03:00:00,0.9997,0.9997,0.9996,0.9996,1003968.0,2026-01-02 03:59:59.999,1003666.58390000,11,1001711.00000000,1001410.48670000,0
2026-01-02 04:00:00,0.9997,0.9997,0.9996,0.9997,514098.0,2026-01-02 04:59:59.999,513942.69040000,21,503296.00000000,503145.01120000,0
2026-01-02 05:00:00,0.9997,0.9997,0.9996,0.9997,25964.0,2026-01-02 05:59:59.999,25953.62230000,18,79.00000000,78.97630000,0
2026-01-02 06:00:00,0.9996,0.9998,0.9996,0.9998,508060.0,2026-01-02 06:59:59.999,507907.65360000,76,452099.00000000,451963.54950000,0
2026-01-02 07:00:00,0.9998,0.9998,0.9997,0.9998,291310.0,2026-01-02 07:59:59.999,291249.19120000,65,265842.00000000,265788.83160000,0
2026-01-02 08:00:00,0.9998,0.9998,0.9997,0.9997,32910.0,2026-01-02 08:59:59.999,32902.98550000,213,28585.00000000,28579.28300000,0
2026-01-02 09:00:00,0.9997,0.9998,0.9997,0.9997,88661.0,2026-01-02 09:59:59.999,88635.36990000,30,9682.00000000,9680.06360000,0
2026-01-02 10:00:00,0.9998,0.9998,0.9996,0.9996,19504.0,2026-01-02 10:59:59.999,19496.60970000,23,1644.00000000,1643.53200000,0
2026-01-02 11:00:00,0.9997,0.9997,0.9996,0.9996,8540.0,2026-01-02 11:59:59.999,8536.58840000,23,44.00000000,43.98680000,0
2026-01-02 12:00:00,0.9996,0.9997,0.9996,0.9996,14993.0,2026-01-02 12:59:59.999,14987.24110000,29,2383.00000000,2382.28510000,0
2026-01-02 13:00:00,0.9997,0.9997,0.9996,0.9996,92003.0,2026-01-02 13:59:59.999,91966.21500000,67,51366.00000000,51345.46980000,0
2026-01-02 14:00:00,0.9996,0.9998,0.9995,0.9997,66797.0,2026-01-02 14:59:59.999,66774.04320000,223,54927.00000000,54909.77960000,0
2026-01-02 15:00:00,0.9996,0.9998,0.9996,0.9998,143694.0,2026-01-02 15:59:59.999,143650.02780000,78,59596.00000000,59579.68130000,0
2026-01-02 16:00:00,0.9998,0.9998,0.9997,0.9998,515633.0,2026-01-02 16:59:59.999,515529.51500000,118,512049.00000000,511946.59020000,0
2026-01-02 17:00:00,0.9998,0.9998,0.9997,0.9998,315396.0,2026-01-02 17:59:59.999,315328.94450000,169,275633.00000000,275577.87340000,0
2026-01-02 18:00:00,0.9997,0.9998,0.9997,0.9998,555181.0,2026-01-02 18:59:59.999,555069.42700000,27,549813.00000000,549703.03740000,0
2026-01-02 19:00:00,0.9998,0.9998,0.9997,0.9997,594438.0,2026-01-02 19:59:59.999,594316.25140000,28,565828.00000000,565714.83440000,0
2026-01-02 20:00:00,0.9998,0.9998,0.9997,0.9998,252497.0,2026-01-02 20:59:59.999,252446.49680000,37,252459.00000000,252408.50820000,0
2026-01-02 21:00:00,0.9997,0.9998,0.9997,0.9997,30224.0,2026-01-02 21:59:59.999,30217.75510000,66,28223.00000000,28217.35540000,0
2026-01-02 22:00:00,0.9998,0.9998,0.9997,0.9998,11229.0,2026-01-02 22:59:59.999,11225.93310000,12,3018.00000000,3017.39640000,0
2026-01-02 23:00:00,0.9997,0.9998,0.9995,0.9995,767497.0,2026-01-02 23:59:59.999,767235.39860000,85,50921.00000000,50900.63540000,0
2026-01-03 00:00:00,0.9995,0.9996,0.9995,0.9996,408809.0,2026-01-03 00:59:59.999,408638.31850000,99,337230.00000000,337095.10800000,0
2026-01-03 01:00:00,0.9996,0.9996,0.9995,0.9996,63862.0,2026-01-03 01:59:59.999,63831.76370000,40,16947.00000000,16940.22120000,0
2026-01-03 02:00:00,0.9996,0.9998,0.9996,0.9997,637472.0,2026-01-03 02:59:59.999,637259.83430000,220,476081.00000000,475929.68940000,0
2026-01-03 03:00:00,0.9997,0.9998,0.9997,0.9998,517242.0,2026-01-03 03:59:59.999,517137.05610000,103,502287.00000000,502186.54260000,0
2026-01-03 04:00:00,0.9997,0.9998,0.9997,0.9998,19149.0,2026-01-03 04:59:59.999,19143.77460000,35,5193.00000000,5191.96140000,0
2026-01-03 05:00:00,0.9998,0.9998,0.9997,0.9998,6369.0,2026-01-03 05:59:59.999,6367.25430000,39,1650.00000000,1649.67000000,0
2026-01-03 06:00:00,0.9998,0.9998,0.9997,0.9998,15688.0,2026-01-03 06:59:59.999,15683.67590000,41,3823.00000000,3822.23540000,0
2026-01-03 07:00:00,0.9998,0.9998,0.9997,0.9998,1016338.0,2026-01-03 07:59:59.999,1016133.78830000,24,1006897.00000000,1006695.62060000,0
2026-01-03 08:00:00,0.9998,0.9998,0.9997,0.9998,10216.0,2026-01-03 08:59:59.999,10212.96390000,76,287.00000000,286.94260000,0
2026-01-03 09:00:00,0.9997,0.9998,0.9997,0.9997,69338.0,2026-01-03 09:59:59.999,69320.23380000,84,30352.00000000,30345.92960000,0
2026-01-03 10:00:00,0.9997,0.9998,0.9997,0.9998,6761.0,2026-01-03 10:59:59.999,6758.98130000,8,96.00000000,95.98080000,0
2026-01-03 11:00:00,0.9997,0.9999,0.9997,0.9999,2312459.0,2026-01-03 11:59:59.999,2312076.75850000,43,2299311.00000000,2298932.70290000,0
2026-01-03 12:00:00,0.9999,0.9999,0.9998,0.9999,607612.0,2026-01-03 12:59:59.999,607551.07700000,56,605994.00000000,605933.40060000,0
2026-01-03 13:00:00,0.9998,0.9999,0.9998,0.9999,4450.0,2026-01-03 13:59:59.999,4449.31440000,9,2044.00000000,2043.79560000,0
2026-01-03 14:00:00,0.9998,0.9999,0.9998,0.9999,9825.0,2026-01-03 14:59:59.999,9823.52660000,59,4916.00000000,4915.50840000,0
2026-01-03 15:00:00,0.9998,0.9999,0.9998,0.9998,160780.0,2026-01-03 15:59:59.999,160748.89090000,67,10469.00000000,10467.95310000,0
2026-01-03 16:00:00,0.9999,0.9999,0.9998,0.9999,7751.0,2026-01-03 16:59:59.999,7749.90780000,46,4580.00000000,4579.54200000,0
2026-01-03 17:00:00,0.9998,0.9999,0.9998,0.9999,93229.0,2026-01-03 17:59:59.999,93219.47280000,39,91186.00000000,91176.88140000,0
2026-01-03 18:00:00,0.9999,0.9999,0.9998,0.9999,3639.0,2026-01-03 18:59:59.999,3638.59710000,21,3249.00000000,3248.67510000,0
2026-01-03 19:00:00,0.9998,0.9999,0.9998,0.9998,13963.0,2026-01-03 19:59:59.999,13961.50880000,20,13014.00000000,13012.69860000,0
2026-01-03 20:00:00,0.9998,0.9999,0.9998,0.9999,11206.0,2026-01-03 20:59:59.999,11204.78390000,44,10251.00000000,10249.97490000,0
2026-01-03 21:00:00,0.9999,0.9999,0.9998,0.9999,2851.0,2026-01-03 21:59:59.999,2850.49900000,24,692.00000000,691.93080000,0
2026-01-03 22:00:00,0.9999,0.9999,0.9998,0.9998,25944.0,2026-01-03 22:59:59.999,25941.39060000,23,25794.00000000,25791.42060000,0
2026-01-03 23:00:00,0.9998,0.9999,0.9998,0.9998,2691.0,2026-01-03 23:59:59.999,2690.59730000,17,1355.00000000,1354.86450000,0
2026-01-04 00:00:00,0.9999,0.9999,0.9998,0.9998,6932.0,2026-01-04 00:59:59.999,6930.83570000,43,2221.00000000,2220.77790000,0
2026-01-04 01:00:00,0.9998,0.9999,0.9998,0.9998,24442.0,2026-01-04 01:59:59.999,24438.34180000,64,12302.00000000,12300.76980000,0
2026-01-04 02:00:00,0.9998,0.9999,0.9998,0.9998,113944.0,2026-01-04 02:59:59.999,113923.88600000,64,26748.00000000,26745.32520000,0
2026-01-04 03:00:00,0.9999,0.9999,0.9998,0.9999,33960.0,2026-01-04 03:59:59.999,33953.62230000,55,4143.00000000,4142.58570000,0
2026-01-04 04:00:00,0.9999,0.9999,0.9998,0.9998,44170.0,2026-01-04 04:59:59.999,44161.67420000,46,5082.00000000,5081.49180000,0
2026-01-04 05:00:00,0.9998,0.9999,0.9998,0.9999,126699.0,2026-01-04 05:59:59.999,126686.27500000,11,126148.00000000,126135.38520000,0
2026-01-04 06:00:00,0.9998,0.9999,0.9998,0.9998,43222.0,2026-01-04 06:59:59.999,43213.47570000,30,1201.00000000,1200.87990000,0
2026-01-04 07:00:00,0.9998,0.9999,0.9997,0.9998,1183861.0,2026-01-04 07:59:59.999,1183572.15520000,57,42704.00000000,42698.47900000,0
2026-01-04 08:00:00,0.9997,0.9998,0.9996,0.9998,2290813.0,2026-01-04 08:59:59.999,2290101.02580000,92,7998.00000000,7995.87030000,0
2026-01-04 09:00:00,0.9998,0.9999,0.9998,0.9998,13007.0,2026-01-04 09:59:59.999,13004.53260000,34,1340.00000000,1339.86600000,0
2026-01-04 10:00:00,0.9999,0.9999,0.9997,0.9999,2711279.0,2026-01-04 10:59:59.999,2710656.91770000,80,190330.00000000,190310.11090000,0
2026-01-04 11:00:00,0.9998,0.9998,0.9996,0.9998,16877.0,2026-01-04 11:59:59.999,16871.79400000,88,6409.00000000,6407.48570000,0
2026-01-04 12:00:00,0.9997,0.9998,0.9997,0.9998,5045.0,2026-01-04 12:59:59.999,5043.76720000,59,2807.00000000,2806.43860000,0
2026-01-04 13:00:00,0.9997,0.9998,0.9997,0.9997,62044.0,2026-01-04 13:59:59.999,62025.82170000,33,4349.00000000,4348.13020000,0
2026-01-04 14:00:00,0.9998,0.9998,0.9997,0.9997,27997.0,2026-01-04 14:59:59.999,27988.62270000,31,218.00000000,217.95640000,0
2026-01-04 15:00:00,0.9997,0.9998,0.9997,0.9997,9555.0,2026-01-04 15:59:59.999,9552.23340000,32,999.00000000,998.80020000,0
2026-01-04 16:00:00,0.9997,0.9998,0.9997,0.9997,105620.0,2026-01-04 16:59:59.999,105593.31600000,78,50020.00000000,50009.99600000,0
2026-01-04 17:00:00,0.9997,0.9998,0.9997,0.9998,4139.0,2026-01-04 17:59:59.999,4137.81210000,44,538.00000000,537.89240000,0
2026-01-04 18:00:00,0.9998,0.9998,0.9997,0.9997,92739.0,2026-01-04 18:59:59.999,92720.35190000,89,91736.00000000,91717.65280000,0
2026-01-04 19:00:00,0.9998,0.9998,0.9997,0.9998,3411.0,2026-01-04 19:59:59.999,3410.09660000,52,1199.00000000,1198.76020000,0
2026-01-04 20:00:00,0.9998,0.9998,0.9997,0.9997,4309.0,2026-01-04 20:59:59.999,4307.91240000,59,2051.00000000,2050.58980000,0
2026-01-04 21:00:00,0.9998,0.9998,0.9997,0.9997,3426.0,2026-01-04 21:59:59.999,3425.06870000,43,965.00000000,964.80700000,0
2026-01-04 22:00:00,0.9998,0.9998,0.9997,0.9997,11843.0,2026-01-04 22:59:59.999,11840.30370000,25,8566.00000000,8564.28680000,0
2026-01-04 23:00:00,0.9997,0.9998,0.9997,0.9998,2996.0,2026-01-04 23:59:59.999,2995.37530000,30,2741.00000000,2740.45180000,0
2026-01-05 00:00:00,0.9998,0.9998,0.9997,0.9997,98065.0,2026-01-05 00:59:59.999,98042.57970000,60,69992.00000000,69978.00160000,0
2026-01-05 01:00:00,0.9997,0.9998,0.9997,0.9997,104814.0,2026-01-05 01:59:59.999,104788.80500000,72,62492.00000000,62479.50160000,0
2026-01-05 02:00:00,0.9997,0.9997,0.9994,0.9995,2018929.0,2026-01-05 02:59:59.999,2018008.23490000,157,689684.00000000,689345.31050000,0
2026-01-05 03:00:00,0.9995,0.9999,0.9995,0.9998,853934.0,2026-01-05 03:59:59.999,853690.77740000,176,680760.00000000,680581.54200000,0
2026-01-05 04:00:00,0.9999,0.9999,0.9998,0.9998,9197.0,2026-01-05 04:59:59.999,9195.69280000,72,5322.00000000,5321.46780000,0
2026-01-05 05:00:00,0.9999,1.0,0.9998,1.0,718391.0,2026-01-05 05:59:59.999,718319.00810000,77,699308.00000000,699238.27110000,0
2026-01-05 06:00:00,1.0,1.0,0.9999,0.9999,73317.0,2026-01-05 06:59:59.999,73309.99560000,61,3273.00000000,3273.00000000,0
2026-01-05 07:00:00,0.9999,1.0,0.9995,0.9999,680471.0,2026-01-05 07:59:59.999,680341.86880000,87,2886.00000000,2885.97890000,0
2026-01-05 08:00:00,0.9998,0.9999,0.9998,0.9999,75760.0,2026-01-05 08:59:59.999,75744.92060000,34,726.00000000,725.92740000,0
2026-01-05 09:00:00,0.9999,0.9999,0.9997,0.9997,82891.0,2026-01-05 09:59:59.999,82866.82700000,68,758.00000000,757.90720000,0
2026-01-05 10:00:00,0.9997,0.9998,0.9997,0.9998,20569.0,2026-01-05 10:59:59.999,20564.00550000,91,11762.00000000,11759.64760000,0
2026-01-05 11:00:00,0.9998,0.9998,0.9997,0.9997,38585.0,2026-01-05 11:59:59.999,38576.25490000,54,28304.00000000,28298.33920000,0
2026-01-05 12:00:00,0.9997,0.9998,0.9997,0.9997,52356.0,2026-01-05 12:59:59.999,52340.61580000,83,3226.00000000,3225.35480000,0
2026-01-05 13:00:00,0.9998,0.9998,0.9997,0.9997,56286.0,2026-01-05 13:59:59.999,56269.12150000,32,73.00000000,72.98540000,0
2026-01-05 14:00:00,0.9998,0.9998,0.9997,0.9997,29084.0,2026-01-05 14:59:59.999,29076.35320000,44,10784.00000000,10781.84320000,0
2026-01-05 15:00:00,0.9997,0.9998,0.9996,0.9997,122789.0,2026-01-05 15:59:59.999,122751.77710000,24,18306.00000000,18301.25180000,0
2026-01-05 16:00:00,0.9996,0.9997,0.9996,0.9996,105809.0,2026-01-05 16:59:59.999,105766.68560000,26,92.00000000,91.97240000,0
2026-01-05 17:00:00,0.9996,0.9997,0.9996,0.9997,40561.0,2026-01-05 17:59:59.999,40544.91080000,24,1352.00000000,1351.59440000,0
2026-01-05 18:00:00,0.9996,0.9998,0.9996,0.9997,333499.0,2026-01-05 18:59:59.999,333399.79840000,27,333304.00000000,333204.87640000,0
2026-01-05 19:00:00,0.9997,0.9997,0.9996,0.9997,1922.0,2026-01-05 19:59:59.999,1921.33790000,18,1067.00000000,1066.67990000,0
2026-01-05 20:00:00,0.9997,0.9997,0.9996,0.9996,11506.0,2026-01-05 20:59:59.999,11501.97380000,21,5762.00000000,5760.27140000,0
2026-01-05 21:00:00,0.9997,0.9997,0.9996,0.9996,1605.0,2026-01-05 21:59:59.999,1604.38840000,10,304.00000000,303.90880000,0
2026-01-05 22:00:00,0.9996,0.9996,0.9996,0.9996,454.0,2026-01-05 22:59:59.999,453.81840000,3,0.00000000,0.00000000,0
2026-01-05 23:00:00,0.9997,0.9998,0.9996,0.9997,42024.0,2026-01-05 23:59:59.999,42011.36180000,69,36222.00000000,36211.13830000,0
2026-01-06 00:00:00,0.9997,0.9998,0.9997,0.9997,121975.0,2026-01-06 00:59:59.999,121938.53410000,161,1266.00000000,1265.74680000,0
2026-01-06 01:00:00,0.9997,0.9998,0.9997,0.9997,7751.0,2026-01-06 01:59:59.999,7748.67680000,16,21.00000000,20.99580000,0
2026-01-06 02:00:00,0.9998,0.9998,0.9995,0.9995,5398955.0,2026-01-06 02:59:59.999,5396795.56000000,193,430245.00000000,430105.22560000,0
2026-01-06 03:00:00,0.9995,0.9995,0.9994,0.9995,687981.0,2026-01-06 03:59:59.999,687571.52900000,74,214234.00000000,214108.77720000,0
2026-01-06 04:00:00,0.9995,0.9996,0.9993,0.9996,3213256.0,2026-01-06 04:59:59.999,3211548.53970000,136,540012.00000000,539742.91490000,0
2026-01-06 05:00:00,0.9996,0.9998,0.9994,0.9998,2123557.0,2026-01-06 05:59:59.999,2122402.74350000,129,549065.00000000,548806.02710000,0
2026-01-06 06:00:00,0.9998,1.0,0.9998,1.0,430776.0,2026-01-06 06:59:59.999,430750.74300000,94,331516.00000000,331503.38480000,0
2026-01-06 07:00:00,0.9999,1.0,0.9999,0.9999,332361.0,2026-01-06 07:59:59.999,332346.67090000,135,189070.00000000,189070.00000000,0
2026-01-06 08:00:00,1.0,1.0,0.9999,0.9999,299397.0,2026-01-06 08:59:59.999,299367.56890000,41,5086.00000000,5086.00000000,0
2026-01-06 09:00:00,1.0,1.0,0.9999,0.9999,841872.0,2026-01-06 09:59:59.999,841787.98370000,30,1709.00000000,1709.00000000,0
2026-01-06 10:00:00,0.9999,1.0,0.9996,0.9996,3938047.0,2026-01-06 10:59:59.999,3936848.67710000,250,230825.00000000,230768.80030000,0
2026-01-06 11:00:00,0.9996,0.9998,0.9996,0.9996,4775932.0,2026-01-06 11:59:59.999,4774065.35120000,184,326101.00000000,326014.28360000,0
2026-01-06 12:00:00,0.9996,1.0,0.9996,1.0,594613.0,2026-01-06 12:59:59.999,594544.55180000,119,542692.00000000,542638.11920000,0
2026-01-06 13:00:00,1.0,1.0,0.9999,0.9999,810541.0,2026-01-06 13:59:59.999,810469.33950000,126,93936.00000000,93936.00000000,0
2026-01-06 14:00:00,0.9999,1.0,0.9998,1.0,863239.0,2026-01-06 14:59:59.999,863159.09410000,156,527687.00000000,527641.20370000,0
2026-01-06 15:00:00,1.0,1.0001,0.9999,1.0001,1281611.0,2026-01-06 15:59:59.999,1281649.43260000,223,859296.00000000,859334.80470000,0
2026-01-06 16:00:00,1.0001,1.0001,1.0,1.0001,213249.0,2026-01-06 16:59:59.999,213253.65120000,116,46512.00000000,46516.65120000,0
2026-01-06 17:00:00,1.0001,1.0001,1.0,1.0,17107.0,2026-01-06 17:59:59.999,17107.68900000,35,6890.00000000,6890.68900000,0
2026-01-06 18:00:00,1.0,1.0001,0.9999,1.0,64513.0,2026-01-06 18:59:59.999,64517.50320000,70,47944.00000000,47948.79190000,0
2026-01-06 19:00:00,1.0,1.0,0.9999,1.0,23945.0,2026-01-06 19:59:59.999,23944.16480000,37,15593.00000000,15593.00000000,0
2026-01-06 20:00:00,1.0,1.0,0.9999,1.0,10225.0,2026-01-06 20:59:59.999,10224.68240000,95,7049.00000000,7049.00000000,0
2026-01-06 21:00:00,0.9999,1.0,0.9999,0.9999,13125.0,2026-01-06 21:59:59.999,13124.47460000,78,7871.00000000,7871.00000000,0
2026-01-06 22:00:00,0.9999,1.0,0.9999,1.0,4609.0,2026-01-06 22:59:59.999,4608.99070000,52,4516.00000000,4516.00000000,0
2026-01-06 23:00:00,1.0,1.0,0.9999,0.9999,8856.0,2026-01-06 23:59:59.999,8855.62070000,109,5063.00000000,5063.00000000,0
2026-01-07 00:00:00,0.9999,1.0,0.9999,0.9999,9616.0,2026-01-07 00:59:59.999,9615.34360000,114,3052.00000000,3052.00000000,0
2026-01-07 01:00:00,0.9999,1.0,0.9996,0.9997,2967494.0,2026-01-07 01:59:59.999,2967066.77320000,154,6831.00000000,6830.12610000,0
2026-01-07 02:00:00,0.9997,0.9998,0.9996,0.9997,8114787.0,2026-01-07 02:59:59.999,8112350.07930000,225,35859.00000000,35848.63630000,0
2026-01-07 03:00:00,0.9998,0.9998,0.9996,0.9997,3209998.0,2026-01-07 03:59:59.999,3209030.53550000,144,149243.00000000,149199.12650000,0
2026-01-07 04:00:00,0.9996,0.9999,0.9996,0.9998,1775482.0,2026-01-07 04:59:59.999,1774981.29570000,87,370654.00000000,370575.20710000,0
2026-01-07 05:00:00,0.9999,0.9999,0.9998,0.9998,89216.0,2026-01-07 05:59:59.999,89201.93830000,23,37815.00000000,37811.21850000,0
2026-01-07 06:00:00,0.9999,0.9999,0.9998,0.9999,6788.0,2026-01-07 06:59:59.999,6786.85970000,41,2173.00000000,2172.78270000,0
2026-01-07 07:00:00,0.9999,0.9999,0.9996,0.9997,2172201.0,2026-01-07 07:59:59.999,2171614.64250000,129,7820.00000000,7818.16940000,0
2026-01-07 08:00:00,0.9998,0.9999,0.9996,0.9998,2687177.0,2026-01-07 08:59:59.999,2686407.50400000,129,309765.00000000,309708.62520000,0
2026-01-07 09:00:00,0.9998,0.9999,0.9998,0.9998,16870.0,2026-01-07 09:59:59.999,16866.87570000,49,2497.00000000,2496.75030000,0
2026-01-07 10:00:00,0.9999,1.0001,0.9998,1.0,2024455.0,2026-01-07 10:59:59.999,2024350.02680000,79,1770784.00000000,1770699.39660000,0
2026-01-07 11:00:00,1.0001,1.0003,1.0,1.0002,955857.0,2026-01-07 11:59:59.999,955995.17380000,154,785740.00000000,785874.15240000,0
2026-01-07 12:00:00,1.0003,1.0003,1.0001,1.0003,481408.0,2026-01-07 12:59:59.999,481526.28730000,85,233164.00000000,233233.23590000,0
2026-01-07 13:00:00,1.0003,1.0003,1.0002,1.0002,346693.0,2026-01-07 13:59:59.999,346774.19450000,59,118559.00000000,118594.56770000,0
2026-01-07 14:00:00,1.0003,1.0003,1.0002,1.0003,430497.0,2026-01-07 14:59:59.999,430624.07290000,96,409735.00000000,409857.92050000,0
2026-01-07 15:00:00,1.0004,1.0005,1.0003,1.0004,382100.0,2026-01-07 15:59:59.999,382252.35610000,66,118845.00000000,118892.54000000,0
2026-01-07 16:00:00,1.0003,1.0004,1.0003,1.0003,2939.0,2026-01-07 16:59:59.999,2939.98900000,33,1073.00000000,1073.42920000,0
2026-01-07 17:00:00,1.0003,1.0004,1.0003,1.0004,21503.0,2026-01-07 17:59:59.999,21511.32600000,45,18751.00000000,18758.50040000,0
2026-01-07 18:00:00,1.0003,1.0004,1.0003,1.0003,13470.0,2026-01-07 18:59:59.999,13474.15210000,29,1111.00000000,1111.44440000,0
2026-01-07 19:00:00,1.0004,1.0004,1.0003,1.0004,63364.0,2026-01-07 19:59:59.999,63384.29100000,59,12818.00000000,12823.12720000,0
2026-01-07 20:00:00,1.0003,1.0004,1.0003,1.0004,12419.0,2026-01-07 20:59:59.999,12422.87220000,21,1465.00000000,1465.58600000,0
2026-01-07 21:00:00,1.0003,1.0004,1.0003,1.0003,10638.0,2026-01-07 21:59:59.999,10641.19670000,61,53.00000000,53.02120000,0
2026-01-07 22:00:00,1.0003,1.0004,1.0003,1.0004,179184.0,2026-01-07 22:59:59.999,179255.36830000,57,176131.00000000,176201.45240000,0
2026-01-07 23:00:00,1.0005,1.0006,1.0004,1.0006,319796.0,2026-01-07 23:59:59.999,319956.82220000,81,318865.00000000,319025.36450000,0
2026-01-08 00:00:00,1.0006,1.0006,1.0005,1.0005,63948.0,2026-01-08 00:59:59.999,63980.03380000,29,598.00000000,598.35880000,0
2026-01-08 01:00:00,1.0005,1.0006,1.0005,1.0006,23054.0,2026-01-08 01:59:59.999,23067.24250000,36,17155.00000000,17165.29300000,0
2026-01-08 02:00:00,1.0006,1.0006,1.0005,1.0006,14701.0,2026-01-08 02:59:59.999,14708.37710000,24,266.00000000,266.15960000,0
2026-01-08 03:00:00,1.0005,1.0006,1.0005,1.0005,21118.0,2026-01-08 03:59:59.999,21129.54680000,74,9878.00000000,9883.92680000,0
2026-01-08 04:00:00,1.0005,1.0007,1.0005,1.0006,825229.0,2026-01-08 04:59:59.999,825726.26130000,50,353918.00000000,354132.49100000,0
2026-01-08 05:00:00,1.0006,1.0006,1.0005,1.0005,19698.0,2026-01-08 05:59:59.999,19709.34330000,90,14943.00000000,14951.96580000,0
2026-01-08 06:00:00,1.0005,1.0006,1.0005,1.0005,7863.0,2026-01-08 06:59:59.999,7867.46820000,36,5367.00000000,5370.22020000,0
2026-01-08 07:00:00,1.0005,1.0005,1.0004,1.0005,147539.0,2026-01-08 07:59:59.999,147610.36470000,43,113810.00000000,113866.90500000,0
2026-01-08 08:00:00,1.0005,1.0006,1.0005,1.0006,49354.0,2026-01-08 08:59:59.999,49381.17640000,68,24994.00000000,25008.99640000,0
2026-01-08 09:00:00,1.0006,1.0006,1.0005,1.0005,171548.0,2026-01-08 09:59:59.999,171649.89890000,31,161249.00000000,161345.74940000,0
2026-01-08 10:00:00,1.0005,1.0006,1.0003,1.0003,1041989.0,2026-01-08 10:59:59.999,1042404.17500000,106,1062.00000000,1062.43640000,0
2026-01-08 11:00:00,1.0003,1.0005,1.0003,1.0005,157656.0,2026-01-08 11:59:59.999,157715.07340000,135,3477.00000000,3478.72490000,0
2026-01-08 12:00:00,1.0004,1.0005,1.0004,1.0005,243246.0,2026-01-08 12:59:59.999,243354.26560000,75,109672.00000000,109726.83600000,0
2026-01-08 13:00:00,1.0005,1.0005,1.0004,1.0004,19884.0,2026-01-08 13:59:59.999,19892.26510000,36,3115.00000000,3116.55750000,0
2026-01-08 14:00:00,1.0004,1.0005,1.0004,1.0005,52511.0,2026-01-08 14:59:59.999,52532.77620000,40,7718.00000000,7721.85900000,0
2026-01-08 15:00:00,1.0004,1.0005,1.0004,1.0005,48289.0,2026-01-08 15:59:59.999,48312.35280000,50,40372.00000000,40392.18600000,0
2026-01-08 16:00:00,1.0004,1.0005,1.0004,1.0004,9872.0,2026-01-08 16:59:59.999,9876.29940000,65,3506.00000000,3507.75300000,0
2026-01-08 17:00:00,1.0004,1.0004,1.0003,1.0003,260876.0,2026-01-08 17:59:59.999,260980.32310000,18,11.00000000,11.00440000,0
2026-01-08 18:00:00,1.0004,1.0004,1.0003,1.0004,10291.0,2026-01-08 18:59:59.999,10294.83210000,15,7448.00000000,7450.97920000,0
2026-01-08 19:00:00,1.0004,1.0004,1.0002,1.0002,298165.0,2026-01-08 19:59:59.999,298258.96520000,16,45257.00000000,45275.10280000,0
2026-01-08 20:00:00,1.0002,1.0004,1.0002,1.0002,376658.0,2026-01-08 20:59:59.999,376782.11820000,25,376131.00000000,376255.01280000,0
2026-01-08 21:00:00,1.0002,1.0005,1.0002,1.0005,7246.0,2026-01-08 21:59:59.999,7248.27490000,20,7169.00000000,7171.25590000,0
2026-01-08 22:00:00,1.0005,1.0005,1.0004,1.0004,12866.0,2026-01-08 22:59:59.999,12872.19690000,116,10505.00000000,10510.25250000,0
2026-01-08 23:00:00,1.0004,1.0005,1.0004,1.0004,4814.0,2026-01-08 23:59:59.999,4815.92730000,137,17.00000000,17.00850000,0
2026-01-09 00:00:00,1.0005,1.0005,1.0004,1.0004,1841.0,2026-01-09 00:59:59.999,1841.84690000,95,1105.00000000,1105.55250000,0
2026-01-09 01:00:00,1.0004,1.0005,1.0004,1.0004,8396.0,2026-01-09 01:59:59.999,8400.03840000,108,6800.00000000,6803.40000000,0
2026-01-09 02:00:00,1.0004,1.0005,1.0004,1.0004,62992.0,2026-01-09 02:59:59.999,63020.89050000,159,36937.00000000,36955.46850000,0
2026-01-09 03:00:00,1.0004,1.0005,1.0004,1.0004,111297.0,2026-01-09 03:59:59.999,111341.57150000,155,527.00000000,527.26350000,0
2026-01-09 04:00:00,1.0004,1.0005,1.0004,1.0004,12543.0,2026-01-09 04:59:59.999,12548.06850000,144,513.00000000,513.25650000,0
2026-01-09 05:00:00,1.0004,1.0005,1.0004,1.0004,8886.0,2026-01-09 05:59:59.999,8889.55630000,159,19.00000000,19.00950000,0
2026-01-09 06:00:00,1.0005,1.0005,1.0004,1.0004,5283.0,2026-01-09 06:59:59.999,5285.20450000,109,913.00000000,913.45650000,0
2026-01-09 07:00:00,1.0004,1.0005,1.0004,1.0004,108065.0,2026-01-09 07:59:59.999,108118.38570000,107,101597.00000000,101647.79850000,0
2026-01-09 08:00:00,1.0004,1.0005,1.0002,1.0002,526534.0,2026-01-09 08:59:59.999,526726.86040000,192,7.00000000,7.00350000,0
2026-01-09 09:00:00,1.0002,1.0004,1.0002,1.0004,126132.0,2026-01-09 09:59:59.999,126170.20700000,45,12449.00000000,12453.36860000,0
2026-01-09 10:00:00,1.0004,1.0004,1.0003,1.0004,2320.0,2026-01-09 10:59:59.999,2320.91540000,9,2194.00000000,2194.87760000,0
2026-01-09 11:00:00,1.0004,1.0004,1.0003,1.0004,94929.0,2026-01-09 11:59:59.999,94966.29430000,18,88156.00000000,88191.26240000,0
2026-01-09 12:00:00,1.0003,1.0004,1.0003,1.0003,694631.0,2026-01-09 12:59:59.999,694907.99860000,18,686093.00000000,686367.43720000,0
2026-01-09 13:00:00,1.0003,1.0004,1.0003,1.0004,152442.0,2026-01-09 13:59:59.999,152487.75820000,19,256.00000000,256.10240000,0
2026-01-09 14:00:00,1.0004,1.0004,1.0003,1.0003,64747.0,2026-01-09 14:59:59.999,64767.42480000,12,10007.00000000,10011.00280000,0
2026-01-09 15:00:00,1.0004,1.0005,1.0003,1.0005,4700.0,2026-01-09 15:59:59.999,4701.91570000,17,3968.00000000,3969.65430000,0
2026-01-09 16:00:00,1.0005,1.0005,1.0004,1.0004,115903.0,2026-01-09 16:59:59.999,115954.91890000,39,55577.00000000,55604.78850000,0
2026-01-09 17:00:00,1.0005,1.0005,1.0004,1.0004,11399.0,2026-01-09 17:59:59.999,11404.61290000,23,10533.00000000,10538.26650000,0
2026-01-09 18:00:00,1.0005,1.0005,1.0004,1.0005,14726.0,2026-01-09 18:59:59.999,14732.56030000,121,6699.00000000,6702.34950000,0
2026-01-09 19:00:00,1.0005,1.0005,1.0004,1.0004,40971.0,2026-01-09 19:59:59.999,40987.84450000,106,4561.00000000,4563.28050000,0
2026-01-09 20:00:00,1.0004,1.0005,1.0004,1.0005,6867.0,2026-01-09 20:59:59.999,6869.92320000,73,1764.00000000,1764.88200000,0
2026-01-09 21:00:00,1.0005,1.0005,1.0004,1.0004,90059.0,2026-01-09 21:59:59.999,90103.90420000,28,88806.00000000,88850.40300000,0
2026-01-09 22:00:00,1.0005,1.0005,1.0004,1.0005,1355.0,2026-01-09 22:59:59.999,1355.66080000,18,1188.00000000,1188.59400000,0
2026-01-09 23:00:00,1.0005,1.0005,1.0004,1.0005,2446.0,2026-01-09 23:59:59.999,2446.98190000,26,35.00000000,35.01750000,0
2026-01-10 00:00:00,1.0004,1.0006,1.0004,1.0006,323114.0,2026-01-10 00:59:59.999,323280.19410000,147,314206.00000000,314367.87260000,0
2026-01-10 01:00:00,1.0006,1.0006,1.0005,1.0006,8782.0,2026-01-10 01:59:59.999,8786.61300000,38,2220.00000000,2221.33200000,0
2026-01-10 02:00:00,1.0006,1.0006,1.0005,1.0006,49964.0,2026-01-10 02:59:59.999,49990.97900000,21,19970.00000000,19981.98200000,0
2026-01-10 03:00:00,1.0006,1.0006,1.0005,1.0005,158661.0,2026-01-10 03:59:59.999,158750.73710000,51,104066.00000000,104128.43960000,0
2026-01-10 04:00:00,1.0005,1.0006,1.0005,1.0005,67546.0,2026-01-10 04:59:59.999,67584.08320000,59,43102.00000000,43127.86120000,0
2026-01-10 05:00:00,1.0005,1.0006,1.0005,1.0005,82292.0,2026-01-10 05:59:59.999,82340.26290000,171,71169.00000000,71211.70140000,0
2026-01-10 06:00:00,1.0005,1.0006,1.0005,1.0005,13977.0,2026-01-10 06:59:59.999,13984.26320000,117,2747.00000000,2748.64820000,0
2026-01-10 07:00:00,1.0005,1.0006,1.0005,1.0005,24603.0,2026-01-10 07:59:59.999,24616.73290000,87,14314.00000000,14322.58840000,0
2026-01-10 08:00:00,1.0005,1.0006,1.0005,1.0005,92707.0,2026-01-10 08:59:59.999,92757.79220000,46,44387.00000000,44413.63220000,0
2026-01-10 09:00:00,1.0005,1.0006,1.0005,1.0005,30306.0,2026-01-10 09:59:59.999,30323.72930000,179,25763.00000000,25778.45780000,0
2026-01-10 10:00:00,1.0005,1.0006,1.0003,1.0003,108624.0,2026-01-10 10:59:59.999,108672.64570000,140,17764.00000000,17771.95160000,0
2026-01-10 11:00:00,1.0003,1.0004,1.0003,1.0004,35875.0,2026-01-10 11:59:59.999,35886.85210000,84,10896.00000000,10900.35840000,0
2026-01-10 12:00:00,1.0003,1.0004,1.0003,1.0004,17006.0,2026-01-10 12:59:59.999,17011.46150000,18,3597.00000000,3598.43880000,0
2026-01-10 13:00:00,1.0004,1.0004,1.0003,1.0004,25179.0,2026-01-10 13:59:59.999,25186.93440000,17,3807.00000000,3808.52280000,0
2026-01-10 14:00:00,1.0004,1.0004,1.0003,1.0003,98114.0,2026-01-10 14:59:59.999,98148.78220000,13,53480.00000000,53501.39200000,0
2026-01-10 15:00:00,1.0004,1.0004,1.0003,1.0004,47069.0,2026-01-10 15:59:59.999,47087.81690000,20,46962.00000000,46980.78480000,0
2026-01-10 16:00:00,1.0004,1.0004,1.0003,1.0004,12591.0,2026-01-10 16:59:59.999,12594.80240000,17,251.00000000,251.10040000,0
2026-01-10 17:00:00,1.0003,1.0004,1.0003,1.0003,501993.0,2026-01-10 17:59:59.999,502193.58400000,23,499861.00000000,500060.94440000,0
2026-01-10 18:00:00,1.0003,1.0004,1.0003,1.0003,206.0,2026-01-10 18:59:59.999,206.06320000,6,14.00000000,14.00560000,0
2026-01-10 19:00:00,1.0004,1.0004,1.0003,1.0003,679.0,2026-01-10 19:59:59.999,679.20510000,7,14.00000000,14.00560000,0
2026-01-10 20:00:00,1.0003,1.0004,1.0003,1.0004,2208.0,2026-01-10 20:59:59.999,2208.66810000,7,57.00000000,57.02280000,0
2026-01-10 21:00:00,1.0004,1.0004,1.0003,1.0003,2249.0,2026-01-10 21:59:59.999,2249.80020000,20,1255.00000000,1255.50200000,0
2026-01-10 22:00:00,1.0003,1.0004,1.0003,1.0004,13245.0,2026-01-10 22:59:59.999,13250.29680000,8,13233.00000000,13238.29320000,0
2026-01-10 23:00:00,1.0004,1.0004,1.0003,1.0003,10975.0,2026-01-10 23:59:59.999,10978.30670000,14,142.00000000,142.05680000,0
2026-01-11 00:00:00,1.0003,1.0004,1.0003,1.0003,2081.0,2026-01-11 00:59:59.999,2081.69160000,57,673.00000000,673.26920000,0
2026-01-11 01:00:00,1.0003,1.0004,1.0003,1.0004,207468.0,2026-01-11 01:59:59.999,207550.23830000,120,199979.00000000,200058.99160000,0
2026-01-11 02:00:00,1.0004,1.0004,1.0003,1.0004,1029.0,2026-01-11 02:59:59.999,1029.38460000,10,759.00000000,759.30360000,0
2026-01-11 03:00:00,1.0003,1.0004,1.0003,1.0004,85898.0,2026-01-11 03:59:59.999,85931.50160000,19,77322.00000000,77352.92880000,0
2026-01-11 04:00:00,1.0003,1.0004,1.0003,1.0003,6923.0,2026-01-11 04:59:59.999,6925.68270000,50,6058.00000000,6060.42320000,0
2026-01-11 05:00:00,1.0003,1.0004,1.0003,1.0004,21152.0,2026-01-11 05:59:59.999,21160.44270000,20,20971.00000000,20979.38840000,0
2026-01-11 06:00:00,1.0004,1.0004,1.0003,1.0003,10353.0,2026-01-11 06:59:59.999,10357.13940000,8,10335.00000000,10339.13400000,0
2026-01-11 07:00:00,1.0003,1.0005,1.0003,1.0005,324561.0,2026-01-11 07:59:59.999,324691.34270000,67,260093.00000000,260197.57430000,0
2026-01-11 08:00:00,1.0005,1.0005,1.0004,1.0005,102774.0,2026-01-11 08:59:59.999,102824.85700000,108,97474.00000000,97522.73700000,0
2026-01-11 09:00:00,1.0004,1.0005,1.0004,1.0004,4099.0,2026-01-11 09:59:59.999,4100.69070000,39,511.00000000,511.25550000,0
2026-01-11 10:00:00,1.0005,1.0005,1.0004,1.0005,3684.0,2026-01-11 10:59:59.999,3685.56090000,26,873.00000000,873.43650000,0
2026-01-11 11:00:00,1.0004,1.0005,1.0003,1.0005,99416.0,2026-01-11 11:59:59.999,99454.17600000,31,26278.00000000,26287.72290000,0
2026-01-11 12:00:00,1.0005,1.0005,1.0004,1.0005,13293.0,2026-01-11 12:59:59.999,13298.32400000,9,68.00000000,68.03400000,0
2026-01-11 13:00:00,1.0004,1.0005,1.0004,1.0005,63721.0,2026-01-11 13:59:59.999,63752.61380000,28,61254.00000000,61284.62700000,0
2026-01-11 14:00:00,1.0005,1.0005,1.0004,1.0005,4925.0,2026-01-11 14:59:59.999,4927.26990000,144,2999.00000000,3000.49950000,0
2026-01-11 15:00:00,1.0005,1.0005,1.0004,1.0005,57033.0,2026-01-11 15:59:59.999,57059.09560000,71,32824.00000000,32840.41200000,0
2026-01-11 16:00:00,1.0005,1.0005,1.0004,1.0005,28422.0,2026-01-11 16:59:59.999,28434.51790000,68,11491.00000000,11496.74550000,0
2026-01-11 17:00:00,1.0004,1.0005,1.0004,1.0005,6697.0,2026-01-11 17:59:59.999,6699.71260000,17,338.00000000,338.16900000,0
2026-01-11 18:00:00,1.0004,1.0005,1.0004,1.0005,3156.0,2026-01-11 18:59:59.999,3157.27490000,10,125.00000000,125.06250000,0
2026-01-11 19:00:00,1.0005,1.0005,1.0004,1.0005,6780.0,2026-01-11 19:59:59.999,6783.23550000,14,5235.00000000,5237.61750000,0
2026-01-11 20:00:00,1.0004,1.0005,1.0004,1.0004,15234.0,2026-01-11 20:59:59.999,15240.11870000,27,251.00000000,251.12550000,0
2026-01-11 21:00:00,1.0003,1.0004,1.0003,1.0004,520.0,2026-01-11 21:59:59.999,520.16230000,13,63.00000000,63.02520000,0
2026-01-11 22:00:00,1.0004,1.0004,1.0002,1.0002,528254.0,2026-01-11 22:59:59.999,528386.48550000,39,4997.00000000,4998.14070000,0
2026-01-11 23:00:00,1.0001,1.0002,1.0,1.0002,517142.0,2026-01-11 23:59:59.999,517173.38960000,55,8602.00000000,8603.37430000,0
2026-01-12 00:00:00,1.0002,1.0003,1.0002,1.0002,28973.0,2026-01-12 00:59:59.999,28981.41830000,33,26237.00000000,26244.87110000,0
2026-01-12 01:00:00,1.0003,1.0003,1.0002,1.0002,11896.0,2026-01-12 01:59:59.999,11898.48120000,22,1020.00000000,1020.30600000,0
2026-01-12 02:00:00,1.0002,1.0004,1.0002,1.0003,17061.0,2026-01-12 02:59:59.999,17066.21890000,34,9481.00000000,9483.94990000,0
2026-01-12 03:00:00,1.0003,1.0004,1.0003,1.0004,111182.0,2026-01-12 03:59:59.999,111225.70720000,29,103526.00000000,103567.41040000,0
2026-01-12 04:00:00,1.0003,1.0004,1.0003,1.0003,28599.0,2026-01-12 04:59:59.999,28607.59790000,26,182.00000000,182.07280000,0
2026-01-12 05:00:00,1.0003,1.0004,1.0003,1.0004,17125.0,2026-01-12 05:59:59.999,17131.74670000,43,16092.00000000,16098.43680000,0
2026-01-12 06:00:00,1.0004,1.0004,1.0003,1.0003,12084.0,2026-01-12 06:59:59.999,12087.73780000,225,1126.00000000,1126.45040000,0
2026-01-12 07:00:00,1.0003,1.0004,1.0003,1.0004,92625.0,2026-01-12 07:59:59.999,92661.93950000,32,91520.00000000,91556.60800000,0
2026-01-12 08:00:00,1.0004,1.0004,1.0003,1.0003,41989.0,2026-01-12 08:59:59.999,42002.56510000,66,9684.00000000,9687.87360000,0
2026-01-12 09:00:00,1.0003,1.0005,1.0003,1.0004,47550.0,2026-01-12 09:59:59.999,47568.32910000,67,25969.00000000,25979.40020000,0
2026-01-12 10:00:00,1.0004,1.0005,1.0004,1.0004,14440.0,2026-01-12 10:59:59.999,14446.53890000,49,7629.00000000,7632.81450000,0
2026-01-12 11:00:00,1.0005,1.0005,1.0003,1.0003,306332.0,2026-01-12 11:59:59.999,306453.30140000,83,18092.00000000,18100.54200000,0
2026-01-12 12:00:00,1.0003,1.0004,1.0003,1.0003,128463.0,2026-01-12 12:59:59.999,128503.63140000,31,20925.00000000,20933.37000000,0
2026-01-12 13:00:00,1.0003,1.0004,1.0003,1.0003,1416.0,2026-01-12 13:59:59.999,1416.43820000,13,134.00000000,134.05360000,0
2026-01-12 14:00:00,1.0003,1.0004,1.0003,1.0003,39985.0,2026-01-12 14:59:59.999,39997.77860000,133,7831.00000000,7834.13240000,0
2026-01-12 15:00:00,1.0003,1.0004,1.0003,1.0003,252145.0,2026-01-12 15:59:59.999,252242.23990000,160,215964.00000000,216050.38560000,0
2026-01-12 16:00:00,1.0004,1.0004,1.0002,1.0003,623962.0,2026-01-12 16:59:59.999,624175.63750000,251,574114.00000000,574313.94280000,0
2026-01-12 17:00:00,1.0004,1.0006,1.0003,1.0005,2926060.0,2026-01-12 17:59:59.999,2927384.77880000,105,2221064.00000000,2222081.75510000,0
2026-01-12 18:00:00,1.0005,1.0005,1.0004,1.0005,1986.0,2026-01-12 18:59:59.999,1986.98450000,20,1901.00000000,1901.95050000,0
2026-01-12 19:00:00,1.0005,1.0005,1.0004,1.0005,1687.0,2026-01-12 19:59:59.999,1687.79160000,12,1168.00000000,1168.58400000,0
2026-01-12 20:00:00,1.0005,1.0005,1.0004,1.0005,3874.0,2026-01-12 20:59:59.999,3875.74320000,17,1936.00000000,1936.96800000,0
2026-01-12 21:00:00,1.0005,1.0005,1.0004,1.0004,3611.0,2026-01-12 21:59:59.999,3612.60220000,21,1578.00000000,1578.78900000,0
2026-01-12 22:00:00,1.0005,1.0005,1.0004,1.0005,1836.0,2026-01-12 22:59:59.999,1836.78570000,10,513.00000000,513.25650000,0
2026-01-12 23:00:00,1.0005,1.0005,1.0004,1.0004,69369.0,2026-01-12 23:59:59.999,69396.86820000,100,1206.00000000,1206.60300000,0
2026-01-13 00:00:00,1.0004,1.0005,1.0,1.0001,1216656.0,2026-01-13 00:59:59.999,1216941.62480000,123,94887.00000000,94901.26500000,0
2026-01-13 01:00:00,1.0001,1.0002,1.0,1.0002,485695.0,2026-01-13 01:59:59.999,485741.82870000,180,70599.00000000,70607.65600000,0
2026-01-13 02:00:00,1.0002,1.0002,1.0001,1.0002,22385.0,2026-01-13 02:59:59.999,22389.42570000,69,21872.00000000,21876.37440000,0
2026-01-13 03:00:00,1.0002,1.0005,1.0001,1.0004,131449.0,2026-01-13 03:59:59.999,131480.26010000,83,69310.00000000,69327.88870000,0
2026-01-13 04:00:00,1.0005,1.0005,1.0004,1.0005,4156.0,2026-01-13 04:59:59.999,4157.76580000,23,1034.00000000,1034.51700000,0
2026-01-13 05:00:00,1.0004,1.0006,1.0004,1.0005,153691.0,2026-01-13 05:59:59.999,153768.21070000,43,10403.00000000,10408.63830000,0
2026-01-13 06:00:00,1.0005,1.0006,1.0005,1.0005,107844.0,2026-01-13 06:59:59.999,107897.99070000,26,687.00000000,687.41220000,0
2026-01-13 07:00:00,1.0005,1.0005,1.0004,1.0004,58138.0,2026-01-13 07:59:59.999,58162.42630000,90,220.00000000,220.11000000,0
2026-01-13 08:00:00,1.0004,1.0005,1.0004,1.0004,34672.0,2026-01-13 08:59:59.999,34685.87380000,180,50.00000000,50.02500000,0
2026-01-13 09:00:00,1.0004,1.0004,1.0002,1.0002,362526.0,2026-01-13 09:59:59.999,362630.58860000,274,6505.00000000,6507.35580000,0
2026-01-13 10:00:00,1.0002,1.0003,1.0002,1.0002,47633.0,2026-01-13 10:59:59.999,47643.66160000,163,11350.00000000,11353.40500000,0
2026-01-13 11:00:00,1.0002,1.0004,1.0002,1.0003,44065.0,2026-01-13 11:59:59.999,44079.94620000,158,32959.00000000,32970.72870000,0
2026-01-13 12:00:00,1.0003,1.0004,1.0003,1.0003,29698.0,2026-01-13 12:59:59.999,29707.08110000,173,1717.00000000,1717.68680000,0
2026-01-13 13:00:00,1.0003,1.0004,1.0002,1.0002,128961.0,2026-01-13 13:59:59.999,128999.40510000,176,6997.00000000,6999.11070000,0
2026-01-13 14:00:00,1.0003,1.0005,1.0002,1.0004,495369.0,2026-01-13 14:59:59.999,495542.94250000,201,454557.00000000,454717.49360000,0
2026-01-13 15:00:00,1.0005,1.0005,1.0003,1.0003,455288.0,2026-01-13 15:59:59.999,455470.20260000,172,158921.00000000,158987.18230000,0
2026-01-13 16:00:00,1.0003,1.0004,1.0003,1.0003,489775.0,2026-01-13 16:59:59.999,489962.48660000,199,405541.00000000,405703.21640000,0
2026-01-13 17:00:00,1.0003,1.0004,1.0003,1.0003,183206.0,2026-01-13 17:59:59.999,183276.05810000,172,150963.00000000,151023.38520000,0
2026-01-13 18:00:00,1.0003,1.0004,1.0003,1.0003,14297.0,2026-01-13 18:59:59.999,14301.35300000,173,639.00000000,639.25560000,0
2026-01-13 19:00:00,1.0003,1.0004,1.0003,1.0003,11171.0,2026-01-13 19:59:59.999,11174.93970000,154,5884.00000000,5886.35360000,0
2026-01-13 20:00:00,1.0003,1.0004,1.0003,1.0003,1491.0,2026-01-13 20:59:59.999,1491.45430000,83,70.00000000,70.02800000,0
2026-01-13 21:00:00,1.0003,1.0004,1.0003,1.0003,64718.0,2026-01-13 21:59:59.999,64737.52660000,116,1112.00000000,1112.44480000,0
2026-01-13 22:00:00,1.0003,1.0004,1.0003,1.0003,32075.0,2026-01-13 22:59:59.999,32085.87410000,191,12516.00000000,12521.00640000,0
2026-01-13 23:00:00,1.0003,1.0005,1.0003,1.0004,971012.0,2026-01-13 23:59:59.999,971479.88320000,272,838189.00000000,838604.37920000,0
2026-01-14 00:00:00,1.0005,1.0005,1.0004,1.0004,26352.0,2026-01-14 00:59:59.999,26362.72870000,100,1879.00000000,1879.93950000,0
2026-01-14 01:00:00,1.0005,1.0005,1.0004,1.0005,85956.0,2026-01-14 01:59:59.999,85990.41080000,312,284.00000000,284.14200000,0
2026-01-14 02:00:00,1.0005,1.0005,1.0001,1.0001,1743620.0,2026-01-14 02:59:59.999,1743973.03280000,71,361423.00000000,361466.63680000,0
2026-01-14 03:00:00,1.0002,1.0005,1.0,1.0004,998299.0,2026-01-14 03:59:59.999,998430.54740000,92,675434.00000000,675520.93390000,0
2026-01-14 04:00:00,1.0005,1.0005,1.0003,1.0003,286750.0,2026-01-14 04:59:59.999,286865.66450000,46,17342.00000000,17350.00190000,0
2026-01-14 05:00:00,1.0002,1.0003,1.0,1.0,144665.0,2026-01-14 05:59:59.999,144667.55210000,83,7924.00000000,7925.04450000,0
2026-01-14 06:00:00,1.0001,1.0006,1.0,1.0004,5746204.0,2026-01-14 06:59:59.999,5749043.07480000,313,5712146.00000000,5714974.12530000,0
2026-01-14 07:00:00,1.0004,1.0006,1.0003,1.0005,1627073.0,2026-01-14 07:59:59.999,1627833.88280000,170,1281650.00000000,1282275.31630000,0
2026-01-14 08:00:00,1.0005,1.0006,1.0004,1.0006,3121641.0,2026-01-14 08:59:59.999,3123295.55550000,242,2497468.00000000,2498815.88110000,0
2026-01-14 09:00:00,1.0006,1.0007,1.0002,1.0004,1131766.0,2026-01-14 09:59:59.999,1132216.88180000,301,432965.00000000,433195.64160000,0
2026-01-14 10:00:00,1.0004,1.0004,1.0003,1.0003,170646.0,2026-01-14 10:59:59.999,170712.52350000,54,153297.00000000,153358.31880000,0
2026-01-14 11:00:00,1.0003,1.0008,0.9993,1.0003,860489.0,2026-01-14 11:59:59.999,860585.15380000,253,453532.00000000,453770.49130000,0
2026-01-14 12:00:00,1.0002,1.0005,1.0001,1.0003,1073519.0,2026-01-14 12:59:59.999,1073853.08780000,122,530246.00000000,530395.33400000,0
2026-01-14 13:00:00,1.0003,1.0004,1.0002,1.0002,1685714.0,2026-01-14 13:59:59.999,1686207.73620000,105,1540990.00000000,1541454.79140000,0
2026-01-14 14:00:00,1.0002,1.0004,1.0002,1.0004,77680.0,2026-01-14 14:59:59.999,77700.66580000,56,9308.00000000,9310.87750000,0
2026-01-14 15:00:00,1.0004,1.0004,1.0002,1.0002,99042.0,2026-01-14 15:59:59.999,99075.90620000,59,64389.00000000,64414.74000000,0
2026-01-14 16:00:00,1.0003,1.0003,1.0002,1.0002,22374.0,2026-01-14 16:59:59.999,22379.13790000,95,6631.00000000,6632.98930000,0
2026-01-14 17:00:00,1.0002,1.0003,1.0001,1.0001,645893.0,2026-01-14 17:59:59.999,646008.40330000,66,146161.00000000,146190.24840000,0
2026-01-14 18:00:00,1.0001,1.0003,1.0001,1.0002,130655.0,2026-01-14 18:59:59.999,130675.69450000,37,1748.00000000,1748.38470000,0
2026-01-14 19:00:00,1.0003,1.0003,1.0001,1.0002,6759.0,2026-01-14 19:59:59.999,6760.15760000,17,4445.00000000,4445.92180000,0
2026-01-14 20:00:00,1.0001,1.0002,1.0001,1.0001,7917.0,2026-01-14 20:59:59.999,7918.57160000,20,7799.00000000,7800.55980000,0
2026-01-14 21:00:00,1.0001,1.0002,1.0001,1.0002,7772.0,2026-01-14 21:59:59.999,7772.81530000,26,381.00000000,381.07620000,0
2026-01-14 22:00:00,1.0001,1.0002,1.0,1.0001,8394.0,2026-01-14 22:59:59.999,8394.85130000,25,8273.00000000,8273.84310000,0
2026-01-14 23:00:00,1.0,1.0001,1.0,1.0,1271.0,2026-01-14 23:59:59.999,1271.01040000,13,104.00000000,104.01040000,0
2026-01-15 00:00:00,1.0001,1.0002,1.0,1.0001,357198.0,2026-01-15 00:59:59.999,357233.59820000,58,261557.00000000,261592.53820000,0
2026-01-15 01:00:00,1.0002,1.0003,1.0002,1.0003,78622.0,2026-01-15 01:59:59.999,78637.78350000,29,1543.00000000,1543.36770000,0
2026-01-15 02:00:00,1.0003,1.0003,1.0001,1.0003,135110.0,2026-01-15 02:59:59.999,135134.44280000,22,193.00000000,193.05790000,0
2026-01-15 03:00:00,1.0002,1.0002,1.0,1.0001,418445.0,2026-01-15 03:59:59.999,418451.39750000,31,3482.00000000,3482.34820000,0
2026-01-15 04:00:00,1.0,1.0001,1.0,1.0,54509.0,2026-01-15 04:59:59.999,54509.68410000,40,6841.00000000,6841.68410000,0
2026-01-15 05:00:00,1.0,1.0004,1.0,1.0003,341745.0,2026-01-15 05:59:59.999,341847.28170000,94,129610.00000000,129650.16160000,0
2026-01-15 06:00:00,1.0003,1.0003,1.0,1.0,161808.0,2026-01-15 06:59:59.999,161830.08600000,56,132010.00000000,132028.32960000,0
2026-01-15 07:00:00,1.0,1.0001,1.0,1.0,81889.0,2026-01-15 07:59:59.999,81890.36610000,83,13661.00000000,13662.36610000,0
2026-01-15 08:00:00,1.0001,1.0001,1.0,1.0,180883.0,2026-01-15 08:59:59.999,180899.01080000,23,160108.00000000,160124.01080000,0
2026-01-15 09:00:00,1.0001,1.0001,0.9999,0.9999,292695.0,2026-01-15 09:59:59.999,292698.11860000,46,47393.00000000,47396.20790000,0
2026-01-15 10:00:00,1.0,1.0,0.9999,1.0,100201.0,2026-01-15 10:59:59.999,100200.83140000,23,98515.00000000,98515.00000000,0
2026-01-15 11:00:00,1.0,1.0001,1.0,1.0,34689.0,2026-01-15 11:59:59.999,34691.67020000,26,28102.00000000,28104.67020000,0
2026-01-15 12:00:00,1.0001,1.0001,0.9999,0.9999,354093.0,2026-01-15 12:59:59.999,354058.54230000,27,5023.00000000,5023.14660000,0
2026-01-15 13:00:00,0.9999,1.0,0.9998,0.9999,457184.0,2026-01-15 13:59:59.999,457134.68530000,51,54046.00000000,54046.00000000,0
2026-01-15 14:00:00,0.9999,1.0,0.9999,0.9999,41574.0,2026-01-15 14:59:59.999,41572.25910000,27,24165.00000000,24165.00000000,0
2026-01-15 15:00:00,1.0,1.0001,0.9999,1.0001,912821.0,2026-01-15 15:59:59.999,912869.80600000,47,905815.00000000,905863.57490000,0
2026-01-15 16:00:00,1.0002,1.0002,1.0,1.0002,409591.0,2026-01-15 16:59:59.999,409640.23430000,64,106180.00000000,106201.23600000,0
2026-01-15 17:00:00,1.0002,1.0003,1.0001,1.0001,183680.0,2026-01-15 17:59:59.999,183707.12120000,52,86309.00000000,86326.38410000,0
2026-01-15 18:00:00,1.0001,1.0002,1.0001,1.0001,355645.0,2026-01-15 18:59:59.999,355715.01570000,59,344512.00000000,344580.90240000,0
2026-01-15 19:00:00,1.0001,1.0002,1.0001,1.0001,19035.0,2026-01-15 19:59:59.999,19037.05200000,31,1485.00000000,1485.29700000,0
2026-01-15 20:00:00,1.0001,1.0002,1.0001,1.0001,47267.0,2026-01-15 20:59:59.999,47271.72880000,40,21.00000000,21.00420000,0
2026-01-15 21:00:00,1.0001,1.0002,1.0001,1.0002,17230.0,2026-01-15 21:59:59.999,17231.77470000,39,517.00000000,517.10340000,0
2026-01-15 22:00:00,1.0002,1.0002,1.0001,1.0002,10929.0,2026-01-15 22:59:59.999,10930.78540000,136,6925.00000000,6926.38500000,0
2026-01-15 23:00:00,1.0002,1.0002,1.0001,1.0002,3296.0,2026-01-15 23:59:59.999,3296.50950000,101,1799.00000000,1799.35980000,0
2026-01-16 00:00:00,1.0002,1.0002,1.0001,1.0002,21490.0,2026-01-16 00:59:59.999,21492.71180000,150,5628.00000000,5629.12560000,0
2026-01-16 01:00:00,1.0001,1.0002,1.0001,1.0001,32386.0,2026-01-16 01:59:59.999,32389.71580000,85,4772.00000000,4772.95440000,0
2026-01-16 02:00:00,1.0002,1.0002,1.0001,1.0002,4080.0,2026-01-16 02:59:59.999,4080.59950000,13,1915.00000000,1915.38300000,0
2026-01-16 03:00:00,1.0001,1.0002,1.0001,1.0001,58336.0,2026-01-16 03:59:59.999,58344.55900000,22,27254.00000000,27259.45080000,0
2026-01-16 04:00:00,1.0001,1.0002,1.0001,1.0001,233443.0,2026-01-16 04:59:59.999,233476.19140000,84,98471.00000000,98490.69420000,0
2026-01-16 05:00:00,1.0002,1.0002,1.0001,1.0002,241788.0,2026-01-16 05:59:59.999,241816.90800000,30,47292.00000000,47301.45840000,0
2026-01-16 06:00:00,1.0002,1.0002,1.0001,1.0001,31516.0,2026-01-16 06:59:59.999,31521.85060000,24,26990.00000000,26995.39800000,0
2026-01-16 07:00:00,1.0002,1.0002,1.0001,1.0001,114893.0,2026-01-16 07:59:59.999,114915.83730000,238,113480.00000000,113502.69600000,0
2026-01-16 08:00:00,1.0001,1.0002,1.0001,1.0002,133839.0,2026-01-16 08:59:59.999,133863.00180000,44,106179.00000000,106200.23580000,0
2026-01-16 09:00:00,1.0001,1.0002,1.0001,1.0001,126963.0,2026-01-16 09:59:59.999,126985.73330000,32,100370.00000000,100390.07400000,0
2026-01-16 10:00:00,1.0001,1.0002,1.0001,1.0001,123186.0,2026-01-16 10:59:59.999,123208.41900000,45,101004.00000000,101024.20080000,0
2026-01-16 11:00:00,1.0001,1.0002,1.0001,1.0001,68654.0,2026-01-16 11:59:59.999,68665.96270000,41,50973.00000000,50983.19460000,0
2026-01-16 12:00:00,1.0001,1.0002,1.0001,1.0001,93410.0,2026-01-16 12:59:59.999,93420.14040000,27,7994.00000000,7995.59880000,0
2026-01-16 13:00:00,1.0002,1.0002,1.0001,1.0002,128780.0,2026-01-16 13:59:59.999,128805.14910000,34,122711.00000000,122735.54220000,0
2026-01-16 14:00:00,1.0001,1.0004,1.0001,1.0003,1013053.0,2026-01-16 14:59:59.999,1013269.22710000,100,979829.00000000,980040.64800000,0
2026-01-16 15:00:00,1.0004,1.0005,1.0003,1.0003,179126.0,2026-01-16 15:59:59.999,179196.47390000,53,146113.00000000,146173.57000000,0
2026-01-16 16:00:00,1.0003,1.0004,1.0003,1.0004,6198.0,2026-01-16 16:59:59.999,6199.98200000,23,1226.00000000,1226.49040000,0
2026-01-16 17:00:00,1.0004,1.0004,1.0002,1.0002,24489.0,2026-01-16 17:59:59.999,24495.90940000,22,18668.00000000,18673.64480000,0
2026-01-16 18:00:00,1.0003,1.0003,1.0002,1.0002,14720.0,2026-01-16 18:59:59.999,14723.01300000,24,690.00000000,690.20700000,0
2026-01-16 19:00:00,1.0002,1.0003,1.0002,1.0002,9317.0,2026-01-16 19:59:59.999,9318.91480000,22,514.00000000,514.15420000,0
2026-01-16 20:00:00,1.0003,1.0003,1.0002,1.0003,13787.0,2026-01-16 20:59:59.999,13791.02260000,10,12652.00000000,12655.79560000,0
2026-01-16 21:00:00,1.0002,1.0003,1.0002,1.0003,127.0,2026-01-16 21:59:59.999,127.02610000,3,7.00000000,7.00210000,0
2026-01-16 22:00:00,1.0003,1.0003,1.0002,1.0002,50925.0,2026-01-16 22:59:59.999,50939.72120000,12,45362.00000000,45375.60860000,0
2026-01-16 23:00:00,1.0003,1.0003,1.0002,1.0002,6073.0,2026-01-16 23:59:59.999,6074.23010000,12,155.00000000,155.04650000,0
2026-01-17 00:00:00,1.0002,1.0003,1.0002,1.0002,9911.0,2026-01-17 00:59:59.999,9913.11930000,26,1371.00000000,1371.41130000,0
2026-01-17 01:00:00,1.0002,1.0003,1.0002,1.0002,24482.0,2026-01-17 01:59:59.999,24488.10680000,21,12104.00000000,12107.63120000,0
2026-01-17 02:00:00,1.0003,1.0003,1.0002,1.0002,454676.0,2026-01-17 02:59:59.999,454791.90250000,37,249673.00000000,249747.90190000,0
2026-01-17 03:00:00,1.0002,1.0003,1.0002,1.0003,27090.0,2026-01-17 03:59:59.999,27097.76080000,13,23428.00000000,23435.02840000,0
2026-01-17 04:00:00,1.0003,1.0004,1.0002,1.0002,434869.0,2026-01-17 04:59:59.999,435004.21030000,49,430383.00000000,430517.31310000,0
2026-01-17 05:00:00,1.0002,1.0003,1.0002,1.0003,326865.0,2026-01-17 05:59:59.999,326963.04820000,16,321160.00000000,321256.34800000,0
2026-01-17 06:00:00,1.0004,1.0004,1.0003,1.0003,38216.0,2026-01-17 06:59:59.999,38230.85440000,19,33896.00000000,33909.55840000,0
2026-01-17 07:00:00,1.0003,1.0004,1.0003,1.0004,23449.0,2026-01-17 07:59:59.999,23457.61010000,54,15754.00000000,15760.30160000,0
2026-01-17 08:00:00,1.0004,1.0004,1.0003,1.0003,7415.0,2026-01-17 08:59:59.999,7417.45040000,77,2259.00000000,2259.90360000,0
2026-01-17 09:00:00,1.0003,1.0004,1.0003,1.0004,81833.0,2026-01-17 09:59:59.999,81864.29110000,19,67412.00000000,67438.96480000,0
2026-01-17 10:00:00,1.0003,1.0004,1.0003,1.0004,2898.0,2026-01-17 10:59:59.999,2899.11380000,21,2444.00000000,2444.97760000,0
2026-01-17 11:00:00,1.0004,1.0004,1.0003,1.0003,430919.0,2026-01-17 11:59:59.999,431064.90020000,20,428541.00000000,428686.18680000,0
2026-01-17 12:00:00,1.0002,1.0004,1.0002,1.0004,397938.0,2026-01-17 12:59:59.999,398065.06970000,27,366446.00000000,366566.77070000,0
2026-01-17 13:00:00,1.0004,1.0004,1.0003,1.0003,2990.0,2026-01-17 13:59:59.999,2990.92940000,19,324.00000000,324.12960000,0
2026-01-17 14:00:00,1.0004,1.0004,1.0003,1.0003,11418.0,2026-01-17 14:59:59.999,11422.48580000,11,10604.00000000,10608.24160000,0
2026-01-17 15:00:00,1.0004,1.0004,1.0003,1.0004,112993.0,2026-01-17 15:59:59.999,113026.99820000,16,1003.00000000,1003.40120000,0
2026-01-17 16:00:00,1.0003,1.0004,1.0003,1.0004,112704.0,2026-01-17 16:59:59.999,112748.02150000,29,102103.00000000,102143.84120000,0
2026-01-17 17:00:00,1.0003,1.0004,1.0003,1.0003,5943.0,2026-01-17 17:59:59.999,5944.78680000,21,39.00000000,39.01560000,0
2026-01-17 18:00:00,1.0004,1.0004,1.0003,1.0003,4551.0,2026-01-17 18:59:59.999,4552.36890000,10,36.00000000,36.01440000,0
2026-01-17 19:00:00,1.0004,1.0004,1.0003,1.0003,87608.0,2026-01-17 19:59:59.999,87634.44400000,22,1616.00000000,1616.64640000,0
2026-01-17 20:00:00,1.0003,1.0004,1.0003,1.0004,5059.0,2026-01-17 20:59:59.999,5060.72290000,17,2052.00000000,2052.82080000,0
2026-01-17 21:00:00,1.0004,1.0004,1.0003,1.0004,9128.0,2026-01-17 21:59:59.999,9130.82170000,18,833.00000000,833.33320000,0
2026-01-17 22:00:00,1.0003,1.0004,1.0003,1.0004,31720.0,2026-01-17 22:59:59.999,31729.52760000,28,116.00000000,116.04640000,0
2026-01-17 23:00:00,1.0003,1.0004,1.0002,1.0004,70694.0,2026-01-17 23:59:59.999,70713.65750000,21,4101.00000000,4102.64040000,0
2026-01-18 00:00:00,1.0004,1.0004,1.0002,1.0003,126183.0,2026-01-18 00:59:59.999,126214.77900000,34,717.00000000,717.27740000,0
2026-01-18 01:00:00,1.0002,1.0003,1.0002,1.0003,20080.0,2026-01-18 01:59:59.999,20085.03590000,22,10199.00000000,10202.05970000,0
2026-01-18 02:00:00,1.0003,1.0003,1.0002,1.0002,44637.0,2026-01-18 02:59:59.999,44645.93080000,23,34.00000000,34.01020000,0
2026-01-18 03:00:00,1.0003,1.0003,1.0002,1.0002,41686.0,2026-01-18 03:59:59.999,41697.38130000,15,30441.00000000,30450.13230000,0
2026-01-18 04:00:00,1.0002,1.0003,1.0002,1.0003,38974.0,2026-01-18 04:59:59.999,38983.58720000,82,17924.00000000,17929.37720000,0
2026-01-18 05:00:00,1.0003,1.0003,1.0002,1.0003,22174.0,2026-01-18 05:59:59.999,22179.30740000,18,8726.00000000,8728.61780000,0
2026-01-18 06:00:00,1.0002,1.0003,1.0002,1.0003,60876.0,2026-01-18 06:59:59.999,60890.61130000,74,24361.00000000,24368.30830000,0
2026-01-18 07:00:00,1.0003,1.0003,1.0002,1.0002,33832.0,2026-01-18 07:59:59.999,33838.94920000,43,1828.00000000,1828.54840000,0
2026-01-18 08:00:00,1.0002,1.0003,1.0002,1.0003,37333.0,2026-01-18 08:59:59.999,37341.05880000,80,5922.00000000,5923.77660000,0
2026-01-18 09:00:00,1.0003,1.0003,1.0002,1.0003,131387.0,2026-01-18 09:59:59.999,131424.29770000,23,110203.00000000,110236.06090000,0
2026-01-18 10:00:00,1.0002,1.0003,1.0002,1.0002,12769.0,2026-01-18 10:59:59.999,12772.59160000,19,10378.00000000,10381.11340000,0
2026-01-18 11:00:00,1.0003,1.0003,1.0002,1.0002,32635.0,2026-01-18 11:59:59.999,32641.55720000,26,302.00000000,302.09060000,0
2026-01-18 12:00:00,1.0002,1.0003,1.0002,1.0002,13014.0,2026-01-18 12:59:59.999,13016.61360000,95,108.00000000,108.03240000,0
2026-01-18 13:00:00,1.0002,1.0003,1.0002,1.0003,114793.0,2026-01-18 13:59:59.999,114821.23760000,100,52790.00000000,52805.83700000,0
2026-01-18 14:00:00,1.0002,1.0003,1.0002,1.0002,278522.0,2026-01-18 14:59:59.999,278577.72170000,35,173.00000000,173.05190000,0
2026-01-18 15:00:00,1.0002,1.0003,1.0002,1.0003,304418.0,2026-01-18 15:59:59.999,304479.07370000,31,1901.00000000,1901.57030000,0
2026-01-18 16:00:00,1.0003,1.0003,1.0002,1.0003,4783.0,2026-01-18 16:59:59.999,4783.98170000,27,251.00000000,251.07530000,0
2026-01-18 17:00:00,1.0002,1.0003,1.0002,1.0003,35223.0,2026-01-18 17:59:59.999,35230.06120000,15,166.00000000,166.04980000,0
2026-01-18 18:00:00,1.0003,1.0003,1.0001,1.0002,397827.0,2026-01-18 18:59:59.999,397906.19820000,106,2746.00000000,2746.55840000,0
2026-01-18 19:00:00,1.0001,1.0002,1.0001,1.0002,11671.0,2026-01-18 19:59:59.999,11672.87570000,21,7086.00000000,7087.41720000,0
2026-01-18 20:00:00,1.0002,1.0002,1.0001,1.0002,24010.0,2026-01-18 20:59:59.999,24014.71060000,14,23096.00000000,23100.61920000,0
2026-01-18 21:00:00,1.0002,1.0002,1.0001,1.0001,12861.0,2026-01-18 21:59:59.999,12863.22420000,21,9381.00000000,9382.87620000,0
2026-01-18 22:00:00,1.0001,1.0002,1.0001,1.0002,7242.0,2026-01-18 22:59:59.999,7242.73050000,9,63.00000000,63.01260000,0
2026-01-18 23:00:00,1.0001,1.0002,1.0001,1.0001,143787.0,2026-01-18 23:59:59.999,143801.65550000,43,2768.00000000,2768.55360000,0
2026-01-19 00:00:00,1.0001,1.0002,1.0001,1.0001,464415.0,2026-01-19 00:59:59.999,464467.28750000,145,58460.00000000,58471.69200000,0
2026-01-19 01:00:00,1.0001,1.0002,1.0001,1.0001,263716.0,2026-01-19 01:59:59.999,263742.58160000,78,2100.00000000,2100.42000000,0
2026-01-19 02:00:00,1.0001,1.0002,1.0001,1.0001,10242.0,2026-01-19 02:59:59.999,10243.39980000,25,3756.00000000,3756.75120000,0
2026-01-19 03:00:00,1.0001,1.0002,1.0001,1.0002,256405.0,2026-01-19 03:59:59.999,256438.46860000,47,78281.00000000,78296.65620000,0
2026-01-19 04:00:00,1.0001,1.0002,0.9997,0.9997,330033.0,2026-01-19 04:59:59.999,330040.91600000,147,9694.00000000,9693.37250000,0
2026-01-19 05:00:00,0.9998,0.9998,0.9997,0.9997,143928.0,2026-01-19 05:59:59.999,143898.24020000,73,134186.00000000,134159.16280000,0
2026-01-19 06:00:00,0.9998,0.9999,0.9997,0.9998,796385.0,2026-01-19 06:59:59.999,796277.31320000,45,779947.00000000,779842.60630000,0
2026-01-19 07:00:00,0.9998,1.0003,0.9998,1.0002,2386396.0,2026-01-19 07:59:59.999,2386361.95150000,157,2299097.00000000,2299072.74290000,0
2026-01-19 08:00:00,1.0002,1.0003,1.0002,1.0002,89822.0,2026-01-19 08:59:59.999,89840.32360000,64,3592.00000000,3593.07760000,0
2026-01-19 09:00:00,1.0003,1.0003,1.0,1.0,78327.0,2026-01-19 09:59:59.999,78330.51870000,106,3719.00000000,3719.51190000,0
2026-01-19 10:00:00,1.0,1.0001,0.9999,0.9999,641614.0,2026-01-19 10:59:59.999,641605.47590000,67,303275.00000000,303275.00070000,0
2026-01-19 11:00:00,1.0,1.0,0.9999,0.9999,157749.0,2026-01-19 11:59:59.999,157736.34980000,12,31247.00000000,31247.00000000,0
2026-01-19 12:00:00,0.9999,1.0,0.9999,0.9999,85923.0,2026-01-19 12:59:59.999,85922.50050000,26,80928.00000000,80928.00000000,0
2026-01-19 13:00:00,0.9999,1.0,0.9998,0.9998,820692.0,2026-01-19 13:59:59.999,820660.00270000,113,516103.00000000,516102.20740000,0
2026-01-19 14:00:00,0.9998,0.9999,0.9998,0.9999,305012.0,2026-01-19 14:59:59.999,304957.63670000,41,66391.00000000,66384.36090000,0
2026-01-19 15:00:00,0.9999,1.0,0.9998,0.9999,385943.0,2026-01-19 15:59:59.999,385907.04330000,101,372140.00000000,372106.80390000,0
2026-01-19 16:00:00,0.9999,0.9999,0.9998,0.9999,9155.0,2026-01-19 16:59:59.999,9153.46620000,44,2972.00000000,2971.70280000,0
2026-01-19 17:00:00,0.9999,0.9999,0.9998,0.9998,15810.0,2026-01-19 17:59:59.999,15808.39970000,62,15617.00000000,15615.43830000,0
2026-01-19 18:00:00,0.9998,1.0001,0.9998,1.0,18165.0,2026-01-19 18:59:59.999,18165.68260000,32,15290.00000000,15290.70010000,0
2026-01-19 19:00:00,1.0,1.0001,1.0,1.0,448.0,2026-01-19 19:59:59.999,448.01480000,13,148.00000000,148.01480000,0
2026-01-19 20:00:00,1.0,1.0002,1.0,1.0002,13275.0,2026-01-19 20:59:59.999,13276.41760000,37,4060.00000000,4060.40600000,0
2026-01-19 21:00:00,1.0002,1.0003,1.0002,1.0002,29370.0,2026-01-19 21:59:59.999,29376.09120000,24,2172.00000000,2172.65160000,0
2026-01-19 22:00:00,1.0003,1.0003,1.0002,1.0002,24643.0,2026-01-19 22:59:59.999,24649.94810000,18,20195.00000000,20201.05850000,0
2026-01-19 23:00:00,1.0003,1.0003,1.0002,1.0003,34485.0,2026-01-19 23:59:59.999,34495.22210000,11,33251.00000000,33260.97530000,0
2026-01-20 00:00:00,1.0003,1.0003,1.0002,1.0002,44903.0,2026-01-20 00:59:59.999,44916.08310000,21,41025.00000000,41037.30750000,0
2026-01-20 01:00:00,1.0003,1.0003,1.0002,1.0003,180685.0,2026-01-20 01:59:59.999,180738.78510000,17,176481.00000000,176533.94430000,0
2026-01-20 02:00:00,1.0003,1.0003,1.0002,1.0002,43674.0,2026-01-20 02:59:59.999,43686.02100000,29,32862.00000000,32871.85860000,0
2026-01-20 03:00:00,1.0002,1.0003,1.0002,1.0003,156622.0,2026-01-20 03:59:59.999,156655.23190000,50,19075.00000000,19080.72250000,0
2026-01-20 04:00:00,1.0003,1.0003,1.0002,1.0002,104777.0,2026-01-20 04:59:59.999,104801.38000000,61,34246.00000000,34256.27380000,0
2026-01-20 05:00:00,1.0002,1.0006,1.0002,1.0005,838123.0,2026-01-20 05:59:59.999,838500.51280000,76,682078.00000000,682390.60250000,0
2026-01-20 06:00:00,1.0005,1.0006,1.0002,1.0003,412811.0,2026-01-20 06:59:59.999,412937.21350000,71,313010.00000000,313107.63340000,0
2026-01-20 07:00:00,1.0003,1.0004,1.0002,1.0003,567286.0,2026-01-20 07:59:59.999,567470.20260000,76,508520.00000000,508689.48520000,0
2026-01-20 08:00:00,1.0004,1.0004,1.0003,1.0003,930562.0,2026-01-20 08:59:59.999,930933.12420000,68,919556.00000000,919923.82240000,0
2026-01-20 09:00:00,1.0004,1.0008,1.0003,1.0007,1509170.0,2026-01-20 09:59:59.999,1509957.69350000,176,1217566.00000000,1218160.41230000,0
2026-01-20 10:00:00,1.0006,1.0007,1.0003,1.0003,16309.0,2026-01-20 10:59:59.999,16317.65790000,77,4818.00000000,4820.22520000,0
2026-01-20 11:00:00,1.0003,1.0005,1.0003,1.0004,570748.0,2026-01-20 11:59:59.999,570945.73200000,46,260577.00000000,260681.25900000,0
2026-01-20 12:00:00,1.0005,1.0005,1.0002,1.0002,128742.0,2026-01-20 12:59:59.999,128790.64010000,54,3307.00000000,3308.15330000,0
2026-01-20 13:00:00,1.0003,1.0003,1.0002,1.0003,93155.0,2026-01-20 13:59:59.999,93182.02790000,24,83969.00000000,83994.19070000,0
2026-01-20 14:00:00,1.0003,1.0003,1.0002,1.0003,45544.0,2026-01-20 14:59:59.999,45555.25110000,30,21423.00000000,21429.42690000,0
2026-01-20 15:00:00,1.0002,1.0003,1.0002,1.0002,224022.0,2026-01-20 15:59:59.999,224067.10120000,108,2968.00000000,2968.89040000,0
2026-01-20 16:00:00,1.0002,1.0003,1.0002,1.0003,89160.0,2026-01-20 16:59:59.999,89183.99370000,69,61617.00000000,61635.48510000,0
2026-01-20 17:00:00,1.0003,1.0005,1.0003,1.0003,941752.0,2026-01-20 17:59:59.999,942079.75090000,126,609888.00000000,610116.19170000,0
2026-01-20 18:00:00,1.0004,1.0004,1.0003,1.0003,44492.0,2026-01-20 18:59:59.999,44509.39650000,35,40489.00000000,40505.19560000,0
2026-01-20 19:00:00,1.0003,1.0004,0.9999,1.0,1125237.0,2026-01-20 19:59:59.999,1125408.91890000,92,27038.00000000,27038.78520000,0
2026-01-20 20:00:00,1.0001,1.0002,1.0,1.0002,16702.0,2026-01-20 20:59:59.999,16703.60140000,53,11466.00000000,11467.14780000,0
2026-01-20 21:00:00,1.0002,1.0002,1.0001,1.0001,27325.0,2026-01-20 21:59:59.999,27329.00590000,54,12734.00000000,12736.54680000,0
2026-01-20 22:00:00,1.0001,1.0003,1.0001,1.0003,103745.0,2026-01-20 22:59:59.999,103765.71010000,34,96529.00000000,96548.31810000,0
2026-01-20 23:00:00,1.0003,1.0003,1.0002,1.0002,8423.0,2026-01-20 23:59:59.999,8424.71080000,26,2339.00000000,2339.49400000,0
2026-01-21 00:00:00,1.0002,1.0003,1.0002,1.0003,176802.0,2026-01-21 00:59:59.999,176838.49850000,38,11381.00000000,11384.41430000,0
2026-01-21 01:00:00,1.0002,1.0003,1.0002,1.0002,52227.0,2026-01-21 01:59:59.999,52240.00230000,18,25569.00000000,25576.67070000,0
2026-01-21 02:00:00,1.0002,1.0004,1.0002,1.0004,184473.0,2026-01-21 02:59:59.999,184519.09530000,73,87708.00000000,87734.31460000,0
2026-01-21 03:00:00,1.0004,1.0004,1.0003,1.0003,33083.0,2026-01-21 03:59:59.999,33093.32670000,50,4018.00000000,4019.60720000,0
2026-01-21 04:00:00,1.0004,1.0004,1.0002,1.0002,352810.0,2026-01-21 04:59:59.999,352916.01200000,85,85578.00000000,85604.98650000,0
2026-01-21 05:00:00,1.0003,1.0003,1.0002,1.0003,79034.0,2026-01-21 05:59:59.999,79053.50750000,58,37007.00000000,37018.10210000,0
2026-01-21 06:00:00,1.0002,1.0003,1.0002,1.0003,113186.0,2026-01-21 06:59:59.999,113209.69150000,61,10543.00000000,10546.16290000,0
2026-01-21 07:00:00,1.0002,1.0003,1.0002,1.0002,135353.0,2026-01-21 07:59:59.999,135384.50030000,90,44297.00000000,44310.28910000,0
2026-01-21 08:00:00,1.0002,1.0003,1.0002,1.0002,47163.0,2026-01-21 08:59:59.999,47172.73830000,47,3057.00000000,3057.91710000,0
2026-01-21 09:00:00,1.0002,1.0004,1.0002,1.0004,121470.0,2026-01-21 09:59:59.999,121508.30100000,55,115743.00000000,115780.15500000,0
2026-01-21 10:00:00,1.0004,1.0004,1.0003,1.0004,135061.0,2026-01-21 10:59:59.999,135114.58440000,23,130661.00000000,130713.26440000,0
2026-01-21 11:00:00,1.0003,1.0005,1.0003,1.0003,24050.0,2026-01-21 11:59:59.999,24059.57240000,92,2487.00000000,2488.06350000,0
2026-01-21 12:00:00,1.0003,1.0004,1.0003,1.0003,5502.0,2026-01-21 12:59:59.999,5503.66600000,33,154.00000000,154.06160000,0
2026-01-21 13:00:00,1.0004,1.0004,1.0002,1.0002,432906.0,2026-01-21 13:59:59.999,433042.53660000,91,69791.00000000,69818.65980000,0
2026-01-21 14:00:00,1.0002,1.0006,1.0002,1.0005,486904.0,2026-01-21 14:59:59.999,487172.48380000,124,156678.00000000,156756.65080000,0
2026-01-21 15:00:00,1.0005,1.0006,1.0001,1.0002,352728.0,2026-01-21 15:59:59.999,352829.63340000,227,46749.00000000,46759.28690000,0
2026-01-21 16:00:00,1.0001,1.0002,1.0001,1.0001,17385.0,2026-01-21 16:59:59.999,17386.76720000,39,287.00000000,287.05740000,0
2026-01-21 17:00:00,1.0002,1.0002,1.0001,1.0001,26351.0,2026-01-21 17:59:59.999,26353.97890000,52,3438.00000000,3438.68760000,0
2026-01-21 18:00:00,1.0001,1.0002,1.0001,1.0002,160596.0,2026-01-21 18:59:59.999,160612.77940000,52,7198.00000000,7199.43960000,0
2026-01-21 19:00:00,1.0001,1.0002,1.0001,1.0001,68746.0,2026-01-21 19:59:59.999,68758.19340000,128,53188.00000000,53198.63760000,0
2026-01-21 20:00:00,1.0002,1.0002,1.0001,1.0001,9561.0,2026-01-21 20:59:59.999,9562.07870000,45,1226.00000000,1226.24520000,0
2026-01-21 21:00:00,1.0002,1.0002,1.0001,1.0002,357135.0,2026-01-21 21:59:59.999,357175.90860000,168,51951.00000000,51961.39020000,0
2026-01-21 22:00:00,1.0002,1.0002,1.0001,1.0001,315.0,2026-01-21 22:59:59.999,315.05040000,7,189.00000000,189.03780000,0
2026-01-21 23:00:00,1.0002,1.0002,1.0001,1.0002,20390.0,2026-01-21 23:59:59.999,20394.04570000,26,20067.00000000,20071.01340000,0
2026-01-22 00:00:00,1.0002,1.0002,1.0001,1.0001,7247.0,2026-01-22 00:59:59.999,7247.98590000,28,2612.00000000,2612.52240000,0
2026-01-22 01:00:00,1.0001,1.0002,1.0001,1.0001,418176.0,2026-01-22 01:59:59.999,418258.96360000,23,411460.00000000,411542.29200000,0
2026-01-22 02:00:00,1.0001,1.0002,1.0001,1.0002,41849.0,2026-01-22 02:59:59.999,41853.23150000,33,466.00000000,466.09320000,0
2026-01-22 03:00:00,1.0002,1.0002,1.0001,1.0001,85661.0,2026-01-22 03:59:59.999,85677.42120000,19,78551.00000000,78566.71020000,0
2026-01-22 04:00:00,1.0001,1.0002,1.0001,1.0002,256652.0,2026-01-22 04:59:59.999,256702.77410000,51,251089.00000000,251139.21780000,0
2026-01-22 05:00:00,1.0002,1.0002,1.0001,1.0002,34583.0,2026-01-22 05:59:59.999,34588.73680000,34,22785.00000000,22789.55700000,0
2026-01-22 06:00:00,1.0002,1.0002,1.0001,1.0001,226937.0,2026-01-22 06:59:59.999,226982.33460000,73,226409.00000000,226454.28180000,0
2026-01-22 07:00:00,1.0002,1.0003,1.0002,1.0003,334611.0,2026-01-22 07:59:59.999,334710.76080000,22,330186.00000000,330284.87580000,0
2026-01-22 08:00:00,1.0003,1.0007,1.0002,1.0006,1564307.0,2026-01-22 08:59:59.999,1565041.15670000,165,1529797.00000000,1530516.68740000,0
2026-01-22 09:00:00,1.0006,1.0006,1.0004,1.0004,7081.0,2026-01-22 09:59:59.999,7084.51130000,52,1651.00000000,1651.89660000,0
2026-01-22 10:00:00,1.0004,1.0005,1.0004,1.0004,398253.0,2026-01-22 10:59:59.999,398413.47410000,97,11729.00000000,11734.86450000,0
2026-01-22 11:00:00,1.0004,1.0005,1.0004,1.0004,105256.0,2026-01-22 11:59:59.999,105304.31190000,73,62095.00000000,62126.04750000,0
2026-01-22 12:00:00,1.0004,1.0005,1.0004,1.0005,98188.0,2026-01-22 12:59:59.999,98227.62240000,82,3472.00000000,3473.73600000,0
2026-01-22 13:00:00,1.0004,1.0005,1.0003,1.0003,79536.0,2026-01-22 13:59:59.999,79571.31440000,51,37214.00000000,37232.38670000,0
2026-01-22 14:00:00,1.0004,1.0004,1.0003,1.0004,62073.0,2026-01-22 14:59:59.999,62096.73910000,34,51172.00000000,51192.46880000,0
2026-01-22 15:00:00,1.0004,1.0004,1.0002,1.0003,98201.0,2026-01-22 15:59:59.999,98228.92180000,68,52038.00000000,52054.30990000,0
2026-01-22 16:00:00,1.0002,1.0003,1.0002,1.0002,65320.0,2026-01-22 16:59:59.999,65338.10080000,34,50368.00000000,50383.11040000,0
2026-01-22 17:00:00,1.0002,1.0003,1.0002,1.0003,14132.0,2026-01-22 17:59:59.999,14134.83890000,42,125.00000000,125.03750000,0
2026-01-22 18:00:00,1.0002,1.0003,1.0002,1.0003,302010.0,2026-01-22 18:59:59.999,302070.43780000,74,358.00000000,358.10740000,0
2026-01-22 19:00:00,1.0002,1.0002,1.0001,1.0002,167463.0,2026-01-22 19:59:59.999,167495.24710000,93,8572.00000000,8573.71440000,0
2026-01-22 20:00:00,1.0002,1.0002,1.0001,1.0002,1679.0,2026-01-22 20:59:59.999,1679.19160000,41,237.00000000,237.04740000,0
2026-01-22 21:00:00,1.0001,1.0002,1.0001,1.0001,8949.0,2026-01-22 21:59:59.999,8949.89660000,36,17.00000000,17.00340000,0
2026-01-22 22:00:00,1.0001,1.0002,1.0001,1.0002,258.0,2026-01-22 22:59:59.999,258.04530000,8,195.00000000,195.03900000,0
2026-01-22 23:00:00,1.0002,1.0002,1.0001,1.0002,49595.0,2026-01-22 23:59:59.999,49603.88850000,15,39290.00000000,39297.85800000,0
2026-01-23 00:00:00,1.0002,1.0002,0.9997,0.9999,1691118.0,2026-01-23 00:59:59.999,1691041.07890000,140,121567.00000000,121553.36530000,0
2026-01-23 01:00:00,1.0,1.0001,0.9999,1.0001,701037.0,2026-01-23 01:59:59.999,701063.21850000,56,332093.00000000,332125.70790000,0
2026-01-23 02:00:00,1.0002,1.0002,0.9999,0.9999,1922559.0,2026-01-23 02:59:59.999,1922666.11940000,60,1025927.00000000,1026029.65370000,0
2026-01-23 03:00:00,0.9999,1.0,0.9998,0.9999,454384.0,2026-01-23 03:59:59.999,454333.29910000,60,105789.00000000,105778.42400000,0
2026-01-23 04:00:00,0.9999,1.0001,0.9999,0.9999,1490005.0,2026-01-23 04:59:59.999,1490041.15320000,88,389313.00000000,389340.53960000,0
2026-01-23 05:00:00,0.9999,1.0002,0.9997,1.0001,1839803.0,2026-01-23 05:59:59.999,1839666.28410000,175,1042433.00000000,1042350.63350000,0
2026-01-23 06:00:00,1.0002,1.0003,1.0,1.0,720236.0,2026-01-23 06:59:59.999,720353.91370000,186,375961.00000000,376045.11760000,0
2026-01-23 07:00:00,1.0,1.0001,0.9999,0.9999,2000063.0,2026-01-23 07:59:59.999,2000040.20100000,106,1759456.00000000,1759456.66880000,0
2026-01-23 08:00:00,0.9999,1.0,0.9998,0.9999,961354.0,2026-01-23 08:59:59.999,961253.83790000,186,28287.00000000,28287.00000000,0
2026-01-23 09:00:00,1.0,1.0,0.9999,0.9999,124479.0,2026-01-23 09:59:59.999,124469.39190000,50,28398.00000000,28398.00000000,0
2026-01-23 10:00:00,0.9999,1.0,0.9996,0.9997,2332706.0,2026-01-23 10:59:59.999,2332122.93990000,113,24967.00000000,24962.86340000,0
2026-01-23 11:00:00,0.9998,0.9999,0.9997,0.9998,19541.0,2026-01-23 11:59:59.999,19536.40080000,42,921.00000000,920.86820000,0
2026-01-23 12:00:00,0.9998,0.9999,0.9984,0.9998,966069.0,2026-01-23 12:59:59.999,965661.24490000,508,196199.00000000,196113.33610000,0
2026-01-23 13:00:00,0.9998,0.9999,0.9996,0.9999,667777.0,2026-01-23 13:59:59.999,667631.07390000,170,42208.00000000,42202.39980000,0
2026-01-23 14:00:00,0.9998,0.9999,0.9998,0.9999,202349.0,2026-01-23 14:59:59.999,202313.46170000,79,49315.00000000,49310.06850000,0
2026-01-23 15:00:00,0.9999,0.9999,0.9997,0.9997,655602.0,2026-01-23 15:59:59.999,655464.54550000,154,14979.00000000,14977.18400000,0
2026-01-23 16:00:00,0.9997,0.9998,0.9996,0.9998,2840446.0,2026-01-23 16:59:59.999,2839772.91960000,112,2368931.00000000,2368399.37830000,0
2026-01-23 17:00:00,0.9998,0.9998,0.9997,0.9998,348153.0,2026-01-23 17:59:59.999,348077.43830000,80,288842.00000000,288784.23160000,0
2026-01-23 18:00:00,0.9998,0.9999,0.9997,0.9999,1143313.0,2026-01-23 18:59:59.999,1143098.49980000,77,1139200.00000000,1138986.69550000,0
2026-01-23 19:00:00,0.9999,1.0,0.9999,0.9999,2043829.0,2026-01-23 19:59:59.999,2043828.42180000,62,2038047.00000000,2038047.00000000,0
2026-01-23 20:00:00,1.0,1.0,0.9999,1.0,402491.0,2026-01-23 20:59:59.999,402476.53760000,31,7454.00000000,7454.00000000,0
2026-01-23 21:00:00,1.0,1.0,0.9999,0.9999,5280.0,2026-01-23 21:59:59.999,5279.47490000,25,29.00000000,29.00000000,0
2026-01-23 22:00:00,0.9999,1.0,0.9999,0.9999,543014.0,2026-01-23 22:59:59.999,543009.78090000,58,250410.00000000,250410.00000000,0
2026-01-23 23:00:00,0.9999,1.0,0.9997,0.9999,2067100.0,2026-01-23 23:59:59.999,2066789.08970000,106,335022.00000000,334988.06050000,0
2026-01-24 00:00:00,0.9998,0.9999,0.9998,0.9999,199619.0,2026-01-24 00:59:59.999,199584.94520000,28,27185.00000000,27182.28150000,0
2026-01-24 01:00:00,1.0,1.0,0.9999,1.0,805551.0,2026-01-24 01:59:59.999,805506.49480000,98,360499.00000000,360499.00000000,0
2026-01-24 02:00:00,1.0,1.0,0.9999,0.9999,1070008.0,2026-01-24 02:59:59.999,1070005.55160000,20,293076.00000000,293076.00000000,0
2026-01-24 03:00:00,0.9999,1.0,0.9999,0.9999,257093.0,2026-01-24 03:59:59.999,257092.32930000,17,250386.00000000,250386.00000000,0
2026-01-24 04:00:00,0.9999,1.0,0.9999,0.9999,74772.0,2026-01-24 04:59:59.999,74769.02740000,33,45046.00000000,45046.00000000,0
2026-01-24 05:00:00,1.0,1.0,0.9999,1.0,640877.0,2026-01-24 05:59:59.999,640865.37510000,61,524628.00000000,524628.00000000,0
2026-01-24 06:00:00,1.0,1.0,0.9999,1.0,1705604.0,2026-01-24 06:59:59.999,1705584.63060000,35,1261523.00000000,1261523.00000000,0
2026-01-24 07:00:00,1.0,1.0,0.9998,1.0,2692474.0,2026-01-24 07:59:59.999,2692141.97710000,80,588647.00000000,588639.05880000,0
2026-01-24 08:00:00,1.0,1.0,0.9999,0.9999,370369.0,2026-01-24 08:59:59.999,370362.71660000,46,307535.00000000,307535.00000000,0
2026-01-24 09:00:00,1.0,1.0,0.9999,1.0,861900.0,2026-01-24 09:59:59.999,861899.39020000,35,855802.00000000,855802.00000000,0
2026-01-24 10:00:00,0.9999,1.0,0.9998,0.9998,484535.0,2026-01-24 10:59:59.999,484484.72090000,37,31913.00000000,31912.89180000,0
2026-01-24 11:00:00,0.9998,1.0,0.9998,1.0,2731087.0,2026-01-24 11:59:59.999,2730938.27840000,54,1465241.00000000,1465195.18740000,0
2026-01-24 12:00:00,0.9999,1.0,0.9999,0.9999,25957.0,2026-01-24 12:59:59.999,25954.45280000,40,485.00000000,485.00000000,0
2026-01-24 13:00:00,1.0,1.0,0.9999,0.9999,163692.0,2026-01-24 13:59:59.999,163686.03670000,40,104059.00000000,104059.00000000,0
2026-01-24 14:00:00,0.9999,1.0,0.9999,1.0,369874.0,2026-01-24 14:59:59.999,369870.34400000,48,333314.00000000,333314.00000000,0
2026-01-24 15:00:00,0.9999,1.0,0.9999,0.9999,862947.0,2026-01-24 15:59:59.999,862943.85450000,54,831492.00000000,831492.00000000,0
2026-01-24 16:00:00,1.0,1.0,0.9999,0.9999,591666.0,2026-01-24 16:59:59.999,591664.07150000,50,572381.00000000,572381.00000000,0
2026-01-24 17:00:00,0.9999,1.0,0.9999,0.9999,367239.0,2026-01-24 17:59:59.999,367234.67480000,20,323987.00000000,323987.00000000,0
2026-01-24 18:00:00,0.9998,0.9999,0.9998,0.9999,7669.0,2026-01-24 18:59:59.999,7667.68040000,23,2142.00000000,2141.78580000,0
2026-01-24 19:00:00,0.9999,0.9999,0.9998,0.9998,10465.0,2026-01-24 19:59:59.999,10462.94390000,13,369.00000000,368.96310000,0
2026-01-24 20:00:00,0.9999,0.9999,0.9998,0.9998,22206.0,2026-01-24 20:59:59.999,22203.42140000,10,18626.00000000,18624.13740000,0
2026-01-24 21:00:00,0.9998,0.9999,0.9998,0.9998,33950.0,2026-01-24 21:59:59.999,33946.45710000,36,32471.00000000,32467.75290000,0
2026-01-24 22:00:00,0.9998,0.9999,0.9998,0.9999,88647.0,2026-01-24 22:59:59.999,88638.08010000,37,88095.00000000,88086.19050000,0
2026-01-24 23:00:00,0.9999,0.9999,0.9998,0.9999,30975.0,2026-01-24 23:59:59.999,30971.83270000,25,30277.00000000,30273.97230000,0
2026-01-25 00:00:00,0.9999,0.9999,0.9998,0.9999,84764.0,2026-01-25 00:59:59.999,84755.39910000,16,83519.00000000,83510.64810000,0
2026-01-25 01:00:00,0.9999,0.9999,0.9998,0.9999,12468.0,2026-01-25 01:59:59.999,12466.09030000,16,5839.00000000,5838.41610000,0
2026-01-25 02:00:00,1.0,1.0,0.9999,0.9999,443769.0,2026-01-25 02:59:59.999,443750.17660000,16,255535.00000000,255535.00000000,0
2026-01-25 03:00:00,0.9999,1.0,0.9999,1.0,146840.0,2026-01-25 03:59:59.999,146839.92110000,23,146051.00000000,146051.00000000,0
2026-01-25 04:00:00,0.9999,1.0,0.9999,0.9999,182582.0,2026-01-25 04:59:59.999,182581.74600000,38,180042.00000000,180042.00000000,0
2026-01-25 05:00:00,0.9999,1.0,0.9999,1.0,441986.0,2026-01-25 05:59:59.999,441982.98780000,31,161308.00000000,161308.00000000,0
2026-01-25 06:00:00,0.9999,1.0,0.9999,0.9999,899.0,2026-01-25 06:59:59.999,898.91690000,15,68.00000000,68.00000000,0
2026-01-25 07:00:00,0.9999,1.0,0.9999,1.0,159742.0,2026-01-25 07:59:59.999,159741.97820000,23,159524.00000000,159524.00000000,0
2026-01-25 08:00:00,1.0,1.0,0.9999,0.9999,4739.0,2026-01-25 08:59:59.999,4738.60630000,23,802.00000000,802.00000000,0
2026-01-25 09:00:00,0.9999,1.0,0.9999,1.0,29175.0,2026-01-25 09:59:59.999,29174.82350000,25,27410.00000000,27410.00000000,0
2026-01-25 10:00:00,0.9999,1.0,0.9997,0.9998,248805.0,2026-01-25 10:59:59.999,248765.38100000,32,23375.00000000,23375.00000000,0
2026-01-25 11:00:00,0.9998,0.9999,0.9997,0.9998,33680.0,2026-01-25 11:59:59.999,33673.48630000,44,31828.00000000,31821.91710000,0
2026-01-25 12:00:00,0.9998,1.0,0.9998,0.9999,2964276.0,2026-01-25 12:59:59.999,2964271.52910000,117,212535.00000000,212534.65730000,0
2026-01-25 13:00:00,1.0,1.0,0.9999,0.9999,3305175.0,2026-01-25 13:59:59.999,3305134.28190000,51,1395828.00000000,1395828.00000000,0
2026-01-25 14:00:00,0.9998,1.0,0.9998,0.9999,1113416.0,2026-01-25 14:59:59.999,1113377.08220000,47,313569.00000000,313537.70360000,0
2026-01-25 15:00:00,1.0,1.0,0.9999,0.9999,127951.0,2026-01-25 15:59:59.999,127949.52540000,37,113205.00000000,113205.00000000,0
2026-01-25 16:00:00,0.9999,1.0,0.9999,0.9999,31637.0,2026-01-25 16:59:59.999,31636.12640000,29,22901.00000000,22901.00000000,0
2026-01-25 17:00:00,0.9999,1.0,0.9998,0.9998,276705.0,2026-01-25 17:59:59.999,276680.33800000,65,125781.00000000,125774.84120000,0
2026-01-25 18:00:00,0.9999,0.9999,0.9998,0.9999,256426.0,2026-01-25 18:59:59.999,256399.06420000,53,243494.00000000,243469.65060000,0
2026-01-25 19:00:00,0.9998,0.9999,0.9998,0.9999,64914.0,2026-01-25 19:59:59.999,64901.13550000,65,1183.00000000,1182.88170000,0
2026-01-25 20:00:00,0.9999,0.9999,0.9998,0.9999,28438.0,2026-01-25 20:59:59.999,28432.40100000,93,886.00000000,885.91140000,0
2026-01-25 21:00:00,0.9999,0.9999,0.9998,0.9998,291723.0,2026-01-25 21:59:59.999,291664.71120000,50,558.00000000,557.94420000,0
2026-01-25 22:00:00,0.9998,0.9999,0.9998,0.9998,2316.0,2026-01-25 22:59:59.999,2315.64300000,24,1062.00000000,1061.89380000,0
2026-01-25 23:00:00,0.9998,0.9999,0.9998,0.9998,47270.0,2026-01-25 23:59:59.999,47260.54920000,29,32.00000000,31.99680000,0
2026-01-26 00:00:00,0.9998,0.9999,0.9997,0.9997,119467.0,2026-01-26 00:59:59.999,119441.01480000,17,7074.00000000,7072.59050000,0
2026-01-26 01:00:00,0.9997,0.9999,0.9997,0.9998,134149.0,2026-01-26 01:59:59.999,134122.15140000,47,131857.00000000,131830.63380000,0
2026-01-26 02:00:00,0.9999,0.9999,0.9997,0.9999,859355.0,2026-01-26 02:59:59.999,859191.34200000,60,147043.00000000,147022.03140000,0
2026-01-26 03:00:00,0.9999,0.9999,0.9997,0.9998,417572.0,2026-01-26 03:59:59.999,417483.39040000,32,110708.00000000,110685.92020000,0
2026-01-26 04:00:00,0.9999,0.9999,0.9997,0.9998,2533628.0,2026-01-26 04:59:59.999,2533104.00160000,123,89386.00000000,89370.67800000,0
2026-01-26 05:00:00,0.9998,0.9998,0.9996,0.9997,2321731.0,2026-01-26 05:59:59.999,2320879.32090000,87,82635.00000000,82610.06150000,0
2026-01-26 06:00:00,0.9997,0.9998,0.9996,0.9997,4780294.0,2026-01-26 06:59:59.999,4778745.56690000,66,883488.00000000,883222.83610000,0
2026-01-26 07:00:00,0.9997,0.9998,0.9996,0.9997,4063974.0,2026-01-26 07:59:59.999,4062755.25190000,61,103279.00000000,103248.96950000,0
2026-01-26 08:00:00,0.9997,1.0001,0.9997,1.0001,297056.0,2026-01-26 08:59:59.999,297036.07640000,70,246299.00000000,246279.82740000,0
2026-01-26 09:00:00,1.0,1.0,0.9999,0.9999,319852.0,2026-01-26 09:59:59.999,319851.95170000,19,9342.00000000,9342.00000000,0
2026-01-26 10:00:00,0.9999,0.9999,0.9998,0.9999,304853.0,2026-01-26 10:59:59.999,304819.53020000,41,4547.00000000,4546.54530000,0
2026-01-26 11:00:00,0.9999,0.9999,0.9998,0.9998,240040.0,2026-01-26 11:59:59.999,240007.52770000,11,155357.00000000,155341.46430000,0
2026-01-26 12:00:00,0.9999,0.9999,0.9998,0.9999,3466.0,2026-01-26 12:59:59.999,3465.51550000,12,2087.00000000,2086.79130000,0
2026-01-26 13:00:00,0.9999,0.9999,0.9998,0.9998,18414.0,2026-01-26 13:59:59.999,18410.49310000,19,1759.00000000,1758.82410000,0
2026-01-26 14:00:00,0.9998,0.9999,0.9998,0.9999,1058565.0,2026-01-26 14:59:59.999,1058456.24750000,34,1029605.00000000,1029502.03950000,0
2026-01-26 15:00:00,0.9999,0.9999,0.9998,0.9999,644524.0,2026-01-26 15:59:59.999,644459.47410000,30,442787.00000000,442742.72130000,0
2026-01-26 16:00:00,1.0,1.0,0.9998,0.9999,176094.0,2026-01-26 16:59:59.999,176077.00150000,35,39230.00000000,39226.83930000,0
2026-01-26 17:00:00,0.9999,1.0,0.9998,1.0,54044.0,2026-01-26 17:59:59.999,54042.17880000,95,45767.00000000,45766.82940000,0
2026-01-26 18:00:00,1.0,1.0,0.9999,0.9999,493842.0,2026-01-26 18:59:59.999,493841.98710000,29,493713.00000000,493713.00000000,0
2026-01-26 19:00:00,1.0,1.0,0.9999,0.9999,648.0,2026-01-26 19:59:59.999,647.95500000,13,198.00000000,198.00000000,0
2026-01-26 20:00:00,1.0,1.0,0.9999,0.9999,15382.0,2026-01-26 20:59:59.999,15381.63830000,152,11765.00000000,11765.00000000,0
2026-01-26 21:00:00,0.9999,1.0,0.9999,0.9999,506.0,2026-01-26 21:59:59.999,505.95240000,67,30.00000000,30.00000000,0
2026-01-26 22:00:00,0.9999,1.0,0.9999,0.9999,52104.0,2026-01-26 22:59:59.999,52098.84320000,70,536.00000000,536.00000000,0
2026-01-26 23:00:00,0.9999,1.0,0.9999,1.0,134745.0,2026-01-26 23:59:59.999,134731.53230000,11,68.00000000,68.00000000,0
2026-01-27 00:00:00,0.9999,1.0,0.9999,0.9999,75406.0,2026-01-27 00:59:59.999,75398.67580000,11,2164.00000000,2164.00000000,0
2026-01-27 01:00:00,1.0,1.0,0.9999,0.9999,39164.0,2026-01-27 01:59:59.999,39163.65990000,15,35763.00000000,35763.00000000,0
2026-01-27 02:00:00,1.0,1.0,0.9999,1.0,62967.0,2026-01-27 02:59:59.999,62965.92650000,77,52232.00000000,52232.00000000,0
2026-01-27 03:00:00,0.9999,1.0,0.9999,0.9999,263470.0,2026-01-27 03:59:59.999,263469.87900000,25,262260.00000000,262260.00000000,0
2026-01-27 04:00:00,0.9999,1.0,0.9999,0.9999,13331.0,2026-01-27 04:59:59.999,13329.67650000,20,96.00000000,96.00000000,0
2026-01-27 05:00:00,0.9999,1.0,0.9999,0.9999,24053.0,2026-01-27 05:59:59.999,24050.67740000,11,827.00000000,827.00000000,0
2026-01-27 06:00:00,0.9999,1.0,0.9999,0.9999,19833.0,2026-01-27 06:59:59.999,19832.83550000,12,18188.00000000,18188.00000000,0
2026-01-27 07:00:00,0.9999,1.0,0.9999,1.0,227783.0,2026-01-27 07:59:59.999,227782.85370000,39,222484.00000000,222484.00000000,0
2026-01-27 08:00:00,1.0,1.0001,1.0,1.0,119850.0,2026-01-27 08:59:59.999,119850.43650000,25,4365.00000000,4365.43650000,0
2026-01-27 09:00:00,1.0,1.0,0.9998,0.9998,797625.0,2026-01-27 09:59:59.999,797553.73680000,36,177.00000000,177.00000000,0
2026-01-27 10:00:00,0.9999,1.0,0.9999,1.0,13700.0,2026-01-27 10:59:59.999,13699.07260000,51,4426.00000000,4426.00000000,0
2026-01-27 11:00:00,1.0,1.0,0.9999,1.0,178302.0,2026-01-27 11:59:59.999,178301.61520000,47,174454.00000000,174454.00000000,0
2026-01-27 12:00:00,1.0,1.0,0.9999,0.9999,86288.0,2026-01-27 12:59:59.999,86286.89550000,89,75243.00000000,75243.00000000,0
2026-01-27 13:00:00,1.0,1.0,0.9999,1.0,79983.0,2026-01-27 13:59:59.999,79981.21860000,121,62169.00000000,62169.00000000,0
2026-01-27 14:00:00,1.0,1.0,0.9999,1.0,207540.0,2026-01-27 14:59:59.999,207538.15850000,60,189125.00000000,189125.00000000,0
2026-01-27 15:00:00,1.0,1.0,0.9999,0.9999,7304.0,2026-01-27 15:59:59.999,7303.56540000,23,2958.00000000,2958.00000000,0
2026-01-27 16:00:00,0.9999,1.0,0.9999,1.0,349971.0,2026-01-27 16:59:59.999,349969.21170000,29,332088.00000000,332088.00000000,0
2026-01-27 17:00:00,1.0,1.0,0.9999,1.0,307571.0,2026-01-27 17:59:59.999,307540.57930000,34,3364.00000000,3364.00000000,0
2026-01-27 18:00:00,0.9999,1.0,0.9999,0.9999,268377.0,2026-01-27 18:59:59.999,268375.47740000,32,253151.00000000,253151.00000000,0
2026-01-27 19:00:00,0.9999,1.0,0.9999,1.0,32632.0,2026-01-27 19:59:59.999,32628.92690000,29,1901.00000000,1901.00000000,0
2026-01-27 20:00:00,0.9999,1.0,0.9999,1.0,741.0,2026-01-27 20:59:59.999,740.98390000,66,580.00000000,580.00000000,0
2026-01-27 21:00:00,0.9999,1.0,0.9999,1.0,675944.0,2026-01-27 21:59:59.999,675943.16980000,205,667642.00000000,667642.00000000,0
2026-01-27 22:00:00,0.9999,1.0001,0.9999,1.0001,24531.0,2026-01-27 22:59:59.999,24529.81630000,19,12437.00000000,12437.01500000,0
2026-01-27 23:00:00,1.0,1.0001,1.0,1.0001,3403.0,2026-01-27 23:59:59.999,3403.12520000,25,1252.00000000,1252.12520000,0
2026-01-28 00:00:00,1.0001,1.0001,1.0,1.0,144035.0,2026-01-28 00:59:59.999,144036.63130000,27,16313.00000000,16314.63130000,0
2026-01-28 01:00:00,1.0001,1.0001,1.0,1.0001,104373.0,2026-01-28 01:59:59.999,104373.35420000,16,3542.00000000,3542.35420000,0
2026-01-28 02:00:00,1.0001,1.0001,1.0,1.0001,1770.0,2026-01-28 02:59:59.999,1770.17480000,11,1748.00000000,1748.17480000,0
2026-01-28 03:00:00,1.0001,1.0001,1.0,1.0001,32549.0,2026-01-28 03:59:59.999,32549.20270000,24,2027.00000000,2027.20270000,0
2026-01-28 04:00:00,1.0001,1.0001,1.0,1.0,29747.0,2026-01-28 04:59:59.999,29749.50250000,77,25025.00000000,25027.50250000,0
2026-01-28 05:00:00,1.0,1.0001,1.0,1.0001,222918.0,2026-01-28 05:59:59.999,222918.00540000,15,54.00000000,54.00540000,0
2026-01-28 06:00:00,1.0001,1.0001,1.0,1.0,15227.0,2026-01-28 06:59:59.999,15227.07650000,68,765.00000000,765.07650000,0
2026-01-28 07:00:00,1.0001,1.0001,0.9999,1.0,43062.0,2026-01-28 07:59:59.999,43060.06290000,45,21651.00000000,21651.05990000,0
2026-01-28 08:00:00,1.0,1.0,0.9998,0.9999,469623.0,2026-01-28 08:59:59.999,469580.86980000,50,128239.00000000,128231.06890000,0
2026-01-28 09:00:00,0.9998,1.0,0.9998,0.9999,465071.0,2026-01-28 09:59:59.999,465055.16720000,58,448934.00000000,448920.08510000,0
2026-01-28 10:00:00,1.0,1.0,0.9999,1.0,404166.0,2026-01-28 10:59:59.999,404144.35680000,37,187734.00000000,187734.00000000,0
2026-01-28 11:00:00,0.9999,1.0,0.9999,1.0,146706.0,2026-01-28 11:59:59.999,146705.88250000,35,145531.00000000,145531.00000000,0
2026-01-28 12:00:00,0.9999,1.0001,0.9999,1.0001,496502.0,2026-01-28 12:59:59.999,496511.81080000,70,487933.00000000,487943.51610000,0
2026-01-28 13:00:00,1.0001,1.0001,0.9999,1.0,18216.0,2026-01-28 13:59:59.999,18215.47010000,38,1967.00000000,1967.18970000,0
2026-01-28 14:00:00,0.9999,1.0,0.9999,1.0,41431.0,2026-01-28 14:59:59.999,41430.88950000,35,40326.00000000,40326.00000000,0
2026-01-28 15:00:00,1.0,1.0,0.9998,0.9998,441724.0,2026-01-28 15:59:59.999,441679.17080000,86,72583.00000000,72575.74470000,0
2026-01-28 16:00:00,0.9999,0.9999,0.9998,0.9999,353865.0,2026-01-28 16:59:59.999,353829.60180000,20,353748.00000000,353712.62520000,0
2026-01-28 17:00:00,0.9999,0.9999,0.9998,0.9998,7182.0,2026-01-28 17:59:59.999,7180.88640000,17,3228.00000000,3227.67720000,0
2026-01-28 18:00:00,0.9999,0.9999,0.9998,0.9999,41862.0,2026-01-28 18:59:59.999,41857.47590000,21,38483.00000000,38479.15170000,0
2026-01-28 19:00:00,0.9998,1.0,0.9998,1.0,31954.0,2026-01-28 19:59:59.999,31950.82890000,55,31578.00000000,31574.89790000,0
2026-01-28 20:00:00,1.0,1.0001,0.9999,1.0001,611624.0,2026-01-28 20:59:59.999,611674.06490000,44,608544.00000000,608594.06550000,0
2026-01-28 21:00:00,1.0001,1.0001,1.0001,1.0001,1046876.0,2026-01-28 21:59:59.999,1046980.68760000,26,1046876.00000000,1046980.68760000,0
2026-01-28 22:00:00,1.0001,1.0001,1.0,1.0001,40084.0,2026-01-28 22:59:59.999,40087.99240000,26,39924.00000000,39927.99240000,0
2026-01-28 23:00:00,1.0001,1.0001,1.0,1.0,1321.0,2026-01-28 23:59:59.999,1321.03690000,74,369.00000000,369.03690000,0
2026-01-29 00:00:00,1.0,1.0001,1.0,1.0,1406.0,2026-01-29 00:59:59.999,1406.00920000,145,92.00000000,92.00920000,0
2026-01-29 01:00:00,1.0,1.0001,1.0,1.0,2091.0,2026-01-29 01:59:59.999,2091.00490000,133,49.00000000,49.00490000,0
2026-01-29 02:00:00,1.0001,1.0001,1.0,1.0001,44395.0,2026-01-29 02:59:59.999,44395.63170000,136,6317.00000000,6317.63170000,0
2026-01-29 03:00:00,1.0001,1.0001,1.0,1.0001,250570.0,2026-01-29 03:59:59.999,250595.04340000,13,250434.00000000,250459.04340000,0
2026-01-29 04:00:00,1.0,1.0001,1.0,1.0,8119.0,2026-01-29 04:59:59.999,8119.10020000,89,1002.00000000,1002.10020000,0
2026-01-29 05:00:00,1.0001,1.0001,0.9999,0.9999,16567.0,2026-01-29 05:59:59.999,16567.08780000,206,1552.00000000,1552.12150000,0
2026-01-29 06:00:00,1.0,1.0,0.9999,0.9999,115570.0,2026-01-29 06:59:59.999,115569.22770000,250,107847.00000000,107847.00000000,0
2026-01-29 07:00:00,1.0,1.0,0.9999,0.9999,337901.0,2026-01-29 07:59:59.999,337870.55990000,149,33500.00000000,33500.00000000,0
2026-01-29 08:00:00,1.0,1.0,0.9999,0.9999,43961.0,2026-01-29 08:59:59.999,43956.94580000,275,3419.00000000,3419.00000000,0
2026-01-29 09:00:00,1.0,1.0,0.9999,0.9999,31739.0,2026-01-29 09:59:59.999,31735.97720000,230,1511.00000000,1511.00000000,0
2026-01-29 10:00:00,1.0,1.0,0.9999,0.9999,7540.0,2026-01-29 10:59:59.999,7539.57480000,137,3288.00000000,3288.00000000,0
2026-01-29 11:00:00,1.0,1.0,0.9999,0.9999,16043.0,2026-01-29 11:59:59.999,16041.56060000,171,1649.00000000,1649.00000000,0
2026-01-29 12:00:00,1.0,1.0,0.9999,0.9999,105363.0,2026-01-29 12:59:59.999,105352.78860000,208,3249.00000000,3249.00000000,0
2026-01-29 13:00:00,1.0,1.0,0.9999,0.9999,3787.0,2026-01-29 13:59:59.999,3786.77200000,135,1507.00000000,1507.00000000,0
2026-01-29 14:00:00,1.0,1.0,0.9999,0.9999,220358.0,2026-01-29 14:59:59.999,220336.11370000,217,1495.00000000,1495.00000000,0
2026-01-29 15:00:00,1.0,1.0,0.9998,0.9998,507803.0,2026-01-29 15:59:59.999,507747.05610000,308,39514.00000000,39513.53170000,0
2026-01-29 16:00:00,0.9999,1.0001,0.9996,1.0,562277.0,2026-01-29 16:59:59.999,562203.62610000,318,443787.00000000,443742.65300000,0
2026-01-29 17:00:00,1.0001,1.0001,1.0,1.0,28121.0,2026-01-29 17:59:59.999,28121.20070000,169,2007.00000000,2007.20070000,0
2026-01-29 18:00:00,1.0001,1.0001,1.0,1.0,25198.0,2026-01-29 18:59:59.999,25198.73630000,157,7363.00000000,7363.73630000,0
2026-01-29 19:00:00,1.0001,1.0001,0.9999,0.9999,320634.0,2026-01-29 19:59:59.999,320633.84700000,187,55658.00000000,55658.32120000,0
2026-01-29 20:00:00,1.0,1.0,0.9996,0.9996,260269.0,2026-01-29 20:59:59.999,260228.81470000,579,16812.00000000,16808.11590000,0
2026-01-29 21:00:00,0.9997,0.9999,0.9996,0.9998,198560.0,2026-01-29 21:59:59.999,198500.13290000,283,115021.00000000,114986.55990000,0
2026-01-29 22:00:00,0.9999,1.0,0.9998,0.9999,121395.0,2026-01-29 22:59:59.999,121381.64690000,181,105732.00000000,105721.47440000,0
2026-01-29 23:00:00,1.0,1.0,0.9999,0.9999,19130.0,2026-01-29 23:59:59.999,19128.86120000,132,7742.00000000,7742.00000000,0
2026-01-30 00:00:00,1.0,1.0,0.9999,0.9999,38239.0,2026-01-30 00:59:59.999,38235.33610000,249,1600.00000000,1600.00000000,0
2026-01-30 01:00:00,1.0,1.0002,0.9999,0.9999,624926.0,2026-01-30 01:59:59.999,624951.76680000,421,356732.00000000,356758.42950000,0
2026-01-30 02:00:00,1.0,1.0,0.9998,0.9998,189312.0,2026-01-30 02:59:59.999,189292.03830000,345,2414.00000000,2413.88360000,0
2026-01-30 03:00:00,0.9999,0.9999,0.9998,0.9998,104429.0,2026-01-30 03:59:59.999,104416.87370000,182,87595.00000000,87586.24050000,0
2026-01-30 04:00:00,0.9999,0.9999,0.9997,0.9999,623089.0,2026-01-30 04:59:59.999,622966.72960000,249,263968.00000000,263917.66610000,0
2026-01-30 05:00:00,0.9999,0.9999,0.9998,0.9998,7417.0,2026-01-30 05:59:59.999,7416.01560000,139,4990.00000000,4989.50100000,0
2026-01-30 06:00:00,0.9999,0.9999,0.9997,0.9998,391402.0,2026-01-30 06:59:59.999,391313.94670000,205,2376.00000000,2375.75930000,0
2026-01-30 07:00:00,0.9999,1.0005,0.9998,1.0004,714930.0,2026-01-30 07:59:59.999,715002.96200000,275,667136.00000000,667194.15020000,0
2026-01-30 08:00:00,1.0005,1.0005,1.0002,1.0003,893941.0,2026-01-30 08:59:59.999,894226.75610000,470,405171.00000000,405294.25200000,0
2026-01-30 09:00:00,1.0004,1.0004,1.0001,1.0001,225888.0,2026-01-30 09:59:59.999,225947.53150000,583,4072.00000000,4073.02510000,0
2026-01-30 10:00:00,1.0002,1.0002,1.0001,1.0001,145266.0,2026-01-30 10:59:59.999,145281.89700000,191,13704.00000000,13706.74080000,0
2026-01-30 11:00:00,1.0002,1.0002,1.0001,1.0001,5860.0,2026-01-30 11:59:59.999,5860.87320000,142,2872.00000000,2872.57440000,0
2026-01-30 12:00:00,1.0002,1.0002,1.0001,1.0001,9840.0,2026-01-30 12:59:59.999,9841.36880000,143,3848.00000000,3848.76960000,0
2026-01-30 13:00:00,1.0002,1.0002,1.0001,1.0001,13274.0,2026-01-30 13:59:59.999,13275.96640000,139,6390.00000000,6391.27800000,0
2026-01-30 14:00:00,1.0002,1.0002,1.0,1.0,59316.0,2026-01-30 14:59:59.999,59318.25260000,334,15965.00000000,15966.63170000,0
2026-01-30 15:00:00,1.0001,1.0001,1.0,1.0,140024.0,2026-01-30 15:59:59.999,140025.63510000,239,16351.00000000,16352.63510000,0
2026-01-30 16:00:00,1.0001,1.0001,0.9999,1.0,153286.0,2026-01-30 16:59:59.999,153277.15110000,293,50741.00000000,50741.10400000,0
2026-01-30 17:00:00,1.0,1.0,0.9999,0.9999,78988.0,2026-01-30 17:59:59.999,78980.27100000,180,3016.00000000,3015.86820000,0
2026-01-30 18:00:00,0.9999,0.9999,0.9998,0.9998,156411.0,2026-01-30 18:59:59.999,156392.31360000,259,125958.00000000,125945.40420000,0
2026-01-30 19:00:00,0.9999,0.9999,0.9998,0.9998,20763.0,2026-01-30 19:59:59.999,20758.99090000,144,1435.00000000,1434.85650000,0
2026-01-30 20:00:00,0.9999,1.0,0.9998,0.9998,105837.0,2026-01-30 20:59:59.999,105826.24830000,362,12646.00000000,12644.74460000,0
2026-01-30 21:00:00,0.9999,0.9999,0.9998,0.9998,7086.0,2026-01-30 21:59:59.999,7084.76810000,136,1853.00000000,1852.81470000,0
2026-01-30 22:00:00,0.9999,0.9999,0.9998,0.9998,4976.0,2026-01-30 22:59:59.999,4975.27420000,163,2694.00000000,2693.73060000,0
2026-01-30 23:00:00,0.9999,0.9999,0.9997,0.9997,423575.0,2026-01-30 23:59:59.999,423480.28830000,220,4986.00000000,4985.24120000,0
2026-01-31 00:00:00,0.9998,0.9998,0.9997,0.9997,10193.0,2026-01-31 00:59:59.999,10190.15730000,138,2152.00000000,2151.56960000,0
2026-01-31 01:00:00,0.9998,0.9999,0.9997,0.9997,14508.0,2026-01-31 01:59:59.999,14504.48430000,141,8275.00000000,8273.34960000,0
2026-01-31 02:00:00,0.9998,1.0,0.9997,0.9999,66051.0,2026-01-31 02:59:59.999,66039.59590000,153,14798.00000000,14796.39360000,0
2026-01-31 03:00:00,1.0,1.0,0.9999,0.9999,2923.0,2026-01-31 03:59:59.999,2922.85800000,130,1503.00000000,1503.00000000,0
2026-01-31 04:00:00,1.0,1.0,0.9998,0.9998,421555.0,2026-01-31 04:59:59.999,421525.37500000,152,176868.00000000,176862.90420000,0
2026-01-31 05:00:00,0.9999,0.9999,0.9998,0.9998,5479.0,2026-01-31 05:59:59.999,5478.12230000,138,2181.00000000,2180.78190000,0
2026-01-31 06:00:00,0.9999,0.9999,0.9998,0.9998,36570.0,2026-01-31 06:59:59.999,36566.14480000,166,34588.00000000,34584.54120000,0
2026-01-31 07:00:00,0.9999,0.9999,0.9998,0.9998,182568.0,2026-01-31 07:59:59.999,182531.71230000,197,2259.00000000,2258.77410000,0
2026-01-31 08:00:00,0.9999,0.9999,0.9998,0.9998,10817.0,2026-01-31 08:59:59.999,10815.43380000,223,5972.00000000,5971.40280000,0
2026-01-31 09:00:00,0.9999,0.9999,0.9998,0.9998,5183.0,2026-01-31 09:59:59.999,5182.23380000,170,2704.00000000,2703.72960000,0
2026-01-31 10:00:00,0.9999,0.9999,0.9998,0.9999,8582.0,2026-01-31 10:59:59.999,8580.77320000,164,4896.00000000,4895.51040000,0
2026-01-31 11:00:00,0.9999,0.9999,0.9998,0.9998,9976.0,2026-01-31 11:59:59.999,9974.31360000,178,3088.00000000,3087.69120000,0
2026-01-31 12:00:00,0.9999,1.0,0.9998,0.9999,299495.0,2026-01-31 12:59:59.999,299467.11530000,239,264353.00000000,264332.02960000,0
2026-01-31 13:00:00,1.0,1.0,0.9999,1.0,510555.0,2026-01-31 13:59:59.999,510504.67310000,194,7286.00000000,7286.00000000,0
2026-01-31 14:00:00,1.0,1.0,0.9999,0.9999,334345.0,2026-01-31 14:59:59.999,334313.64020000,373,20747.00000000,20747.00000000,0
2026-01-31 15:00:00,1.0,1.0001,0.9999,1.0001,1100035.0,2026-01-31 15:59:59.999,1100090.28780000,218,1017712.00000000,1017768.08640000,0
2026-01-31 16:00:00,1.0001,1.0001,0.9998,0.9998,906815.0,2026-01-31 16:59:59.999,906751.09010000,350,37367.00000000,37363.51830000,0
2026-01-31 17:00:00,0.9999,0.9999,0.9991,0.9994,4014670.0,2026-01-31 17:59:59.999,4012372.20510000,419,2476352.00000000,2474876.28180000,0
2026-01-31 18:00:00,0.9995,0.9995,0.9993,0.9993,2882938.0,2026-01-31 18:59:59.999,2881266.49750000,238,2495471.00000000,2494034.53950000,0
2026-01-31 19:00:00,0.9994,0.9999,0.9992,0.9998,553054.0,2026-01-31 19:59:59.999,552774.48400000,348,397945.00000000,397727.22570000,0
2026-01-31 20:00:00,0.9999,0.9999,0.9998,0.9998,103496.0,2026-01-31 20:59:59.999,103475.52550000,213,2247.00000000,2246.77530000,0
2026-01-31 21:00:00,0.9999,0.9999,0.9998,0.9999,50899.0,2026-01-31 21:59:59.999,50890.12840000,190,13082.00000000,13080.69180000,0
2026-01-31 22:00:00,0.9999,0.9999,0.9998,0.9998,25949.0,2026-01-31 22:59:59.999,25944.09010000,181,2799.00000000,2798.72010000,0
2026-01-31 23:00:00,0.9999,0.9999,0.9998,0.9998,190608.0,2026-01-31 23:59:59.999,190570.12810000,207,2497.00000000,2496.75030000,0
2026-02-01 00:00:00,0.9999,0.9999,0.9998,0.9998,64287.0,2026-02-01 00:59:59.999,64274.34270000,168,2001.00000000,2000.79990000,0
2026-02-01 01:00:00,0.9999,0.9999,0.9998,0.9998,329519.0,2026-02-01 01:59:59.999,329483.29080000,317,301946.00000000,301915.80540000,0
2026-02-01 02:00:00,0.9999,0.9999,0.9998,0.9998,174158.0,2026-02-01 02:59:59.999,174123.37630000,383,2079.00000000,2078.79210000,0
2026-02-01 03:00:00,0.9999,0.9999,0.9998,0.9998,112018.0,2026-02-01 03:59:59.999,111996.34210000,196,7457.00000000,7456.25430000,0
2026-02-01 04:00:00,0.9999,0.9999,0.9998,0.9998,31029.0,2026-02-01 04:59:59.999,31022.94110000,131,1469.00000000,1468.85310000,0
2026-02-01 05:00:00,0.9999,0.9999,0.9998,0.9998,103116.0,2026-02-01 05:59:59.999,103105.52830000,132,101515.00000000,101504.84850000,0
2026-02-01 06:00:00,0.9999,0.9999,0.9995,0.9995,56616.0,2026-02-01 06:59:59.999,56602.61310000,194,6550.00000000,6548.04240000,0
2026-02-01 07:00:00,0.9996,0.9996,0.9995,0.9995,136785.0,2026-02-01 07:59:59.999,136727.79320000,143,111857.00000000,111812.25720000,0
2026-02-01 08:00:00,0.9996,0.9996,0.9994,0.9994,239978.0,2026-02-01 08:59:59.999,239857.71200000,150,8013.00000000,8009.02260000,0
2026-02-01 09:00:00,0.9995,0.9995,0.9994,0.9994,12465.0,2026-02-01 09:59:59.999,12458.06780000,180,5468.00000000,5465.26600000,0
2026-02-01 10:00:00,0.9995,0.9995,0.9994,0.9994,34468.0,2026-02-01 10:59:59.999,34447.69290000,169,3737.00000000,3735.13150000,0
2026-02-01 11:00:00,0.9995,0.9995,0.9994,0.9994,16736.0,2026-02-01 11:59:59.999,16726.35490000,174,3965.00000000,3963.01750000,0
2026-02-01 12:00:00,0.9995,0.9995,0.9994,0.9994,114806.0,2026-02-01 12:59:59.999,114740.74180000,203,36254.00000000,36235.87300000,0
2026-02-01 13:00:00,0.9995,0.9995,0.9994,0.9994,15937.0,2026-02-01 13:59:59.999,15928.41430000,145,9765.00000000,9760.11750000,0
2026-02-01 14:00:00,0.9995,0.9997,0.9994,0.9996,155114.0,2026-02-01 14:59:59.999,155044.99240000,224,104770.00000000,104721.33540000,0
2026-02-01 15:00:00,0.9997,0.9997,0.9994,0.9994,447902.0,2026-02-01 15:59:59.999,447678.27700000,292,4615.00000000,4612.96110000,0
2026-02-01 16:00:00,0.9995,0.9995,0.9994,0.9994,31648.0,2026-02-01 16:59:59.999,31629.77710000,167,7659.00000000,7655.17050000,0
2026-02-01 17:00:00,0.9995,0.9995,0.9994,0.9994,15694.0,2026-02-01 17:59:59.999,15684.76740000,144,1838.00000000,1837.08100000,0
2026-02-01 18:00:00,0.9995,0.9995,0.9994,0.9994,8750.0,2026-02-01 18:59:59.999,8745.45740000,170,7074.00000000,7070.46300000,0
2026-02-01 19:00:00,0.9995,0.9995,0.9994,0.9994,11235.0,2026-02-01 19:59:59.999,11228.94380000,149,6848.00000000,6844.57600000,0
2026-02-01 20:00:00,0.9995,0.9995,0.9994,0.9994,49612.0,2026-02-01 20:59:59.999,49586.05690000,173,38241.00000000,38221.87950000,0
2026-02-01 21:00:00,0.9995,0.9996,0.9994,0.9995,43589.0,2026-02-01 21:59:59.999,43567.08530000,210,41730.00000000,41709.15730000,0
2026-02-01 22:00:00,0.9996,0.9997,0.9995,0.9996,30338.0,2026-02-01 22:59:59.999,30327.69900000,162,25936.00000000,25927.59630000,0
2026-02-01 23:00:00,0.9997,0.9998,0.9996,0.9997,62829.0,2026-02-01 23:59:59.999,62808.22360000,168,37680.00000000,37668.77450000,0
2026-02-02 00:00:00,0.9998,0.9998,0.9997,0.9997,10038.0,2026-02-02 00:59:59.999,10035.14670000,149,1581.00000000,1580.68380000,0
2026-02-02 01:00:00,0.9998,0.9998,0.9997,0.9997,15475.0,2026-02-02 01:59:59.999,15470.73690000,227,3794.00000000,3793.24120000,0
2026-02-02 02:00:00,0.9998,0.9998,0.9997,0.9997,112515.0,2026-02-02 02:59:59.999,112481.39260000,252,1471.00000000,1470.70580000,0
2026-02-02 03:00:00,0.9998,0.9998,0.9994,0.9994,377784.0,2026-02-02 03:59:59.999,377627.22510000,370,115190.00000000,115143.99480000,0
2026-02-02 04:00:00,0.9995,0.9996,0.9994,0.9995,437590.0,2026-02-02 04:59:59.999,437340.14190000,313,126081.00000000,126017.96870000,0
2026-02-02 05:00:00,0.9996,0.9996,0.9995,0.9995,341860.0,2026-02-02 05:59:59.999,341689.79650000,176,7265.00000000,7262.09400000,0
2026-02-02 06:00:00,0.9996,0.9999,0.9995,0.9996,5320087.0,2026-02-02 06:59:59.999,5318822.82440000,276,2144667.00000000,2144221.09390000,0
2026-02-02 07:00:00,0.9997,0.9999,0.9994,0.9996,1386065.0,2026-02-02 07:59:59.999,1385424.56950000,212,1318993.00000000,1318379.97520000,0
2026-02-02 08:00:00,0.9997,0.9997,0.9995,0.9995,208700.0,2026-02-02 08:59:59.999,208616.07160000,154,3627.00000000,3625.56970000,0
2026-02-02 09:00:00,0.9996,0.9996,0.9995,0.9995,24992.0,2026-02-02 09:59:59.999,24979.81060000,162,3066.00000000,3064.77360000,0
2026-02-02 10:00:00,0.9996,0.9996,0.9995,0.9995,113952.0,2026-02-02 10:59:59.999,113895.20170000,152,1777.00000000,1776.28920000,0
2026-02-02 11:00:00,0.9996,0.9998,0.9995,0.9997,1578050.0,2026-02-02 11:59:59.999,1577524.29530000,202,1531221.00000000,1530710.25830000,0
2026-02-02 12:00:00,0.9998,0.9998,0.9997,0.9997,72593.0,2026-02-02 12:59:59.999,72576.47460000,163,52525.00000000,52514.49500000,0
2026-02-02 13:00:00,0.9998,0.9998,0.9996,0.9996,84755.0,2026-02-02 13:59:59.999,84721.71640000,170,3642.00000000,3640.91200000,0
2026-02-02 14:00:00,0.9997,0.9997,0.9996,0.9996,125211.0,2026-02-02 14:59:59.999,125166.07470000,157,51591.00000000,51575.52270000,0
2026-02-02 15:00:00,0.9997,0.9997,0.9995,0.9995,231918.0,2026-02-02 15:59:59.999,231823.83150000,179,4763.00000000,4761.25430000,0
2026-02-02 16:00:00,0.9996,1.0,0.9995,0.9997,7098377.0,2026-02-02 16:59:59.999,7096838.41350000,316,5607841.00000000,5606477.81580000,0
2026-02-02 17:00:00,0.9998,0.9998,0.9997,0.9997,4661.0,2026-02-02 17:59:59.999,4659.79860000,140,1969.00000000,1968.60620000,0
2026-02-02 18:00:00,0.9998,0.9998,0.9996,0.9997,445905.0,2026-02-02 18:59:59.999,445791.55620000,215,204072.00000000,204031.18560000,0
2026-02-02 19:00:00,0.9998,0.9998,0.9997,0.9997,11352.0,2026-02-02 19:59:59.999,11348.76820000,147,1738.00000000,1737.65240000,0
2026-02-02 20:00:00,0.9998,0.9998,0.9997,0.9997,12139.0,2026-02-02 20:59:59.999,12135.62350000,145,2652.00000000,2651.46960000,0
2026-02-02 21:00:00,0.9998,0.9998,0.9997,0.9998,7644.0,2026-02-02 21:59:59.999,7642.22260000,18,5158.00000000,5156.96840000,0
2026-02-02 22:00:00,0.9997,0.9998,0.9997,0.9997,16069.0,2026-02-02 22:59:59.999,16064.26160000,15,823.00000000,822.83540000,0
2026-02-02 23:00:00,0.9997,0.9998,0.9997,0.9998,8539.0,2026-02-02 23:59:59.999,8536.45100000,17,127.00000000,126.97460000,0
2026-02-03 00:00:00,0.9997,0.9998,0.9997,0.9998,58172.0,2026-02-03 00:59:59.999,58154.56550000,33,171.00000000,170.96580000,0
2026-02-03 01:00:00,0.9997,0.9998,0.9997,0.9997,104841.0,2026-02-03 01:59:59.999,104814.98630000,28,54386.00000000,54375.12280000,0
2026-02-03 02:00:00,0.9997,0.9998,0.9996,0.9996,307028.0,2026-02-03 02:59:59.999,306928.69330000,40,595.00000000,594.82300000,0
2026-02-03 03:00:00,0.9996,0.9997,0.9996,0.9996,37487.0,2026-02-03 03:59:59.999,37472.12020000,43,1150.00000000,1149.65500000,0
2026-02-03 04:00:00,0.9996,0.9997,0.9996,0.9997,116182.0,2026-02-03 04:59:59.999,116137.05180000,29,15246.00000000,15241.42620000,0
2026-02-03 05:00:00,0.9996,0.9997,0.9996,0.9996,274696.0,2026-02-03 05:59:59.999,274612.42210000,77,263005.00000000,262926.09850000,0
2026-02-03 06:00:00,0.9996,0.9997,0.9996,0.9997,3806.0,2026-02-03 06:59:59.999,3804.66290000,25,1853.00000000,1852.44410000,0
2026-02-03 07:00:00,0.9997,0.9997,0.9996,0.9996,40578.0,2026-02-03 07:59:59.999,40562.13020000,118,3614.00000000,3612.91580000,0
2026-02-03 08:00:00,0.9997,0.9997,0.9994,0.9994,984601.0,2026-02-03 08:59:59.999,984067.41550000,112,61116.00000000,61085.70440000,0
2026-02-03 09:00:00,0.9994,0.9995,0.9994,0.9994,93698.0,2026-02-03 09:59:59.999,93641.78910000,18,79.00000000,78.96050000,0
2026-02-03 10:00:00,0.9995,0.9995,0.9994,0.9994,7937.0,2026-02-03 10:59:59.999,7932.41520000,41,1774.00000000,1773.11300000,0
2026-02-03 11:00:00,0.9995,0.9995,0.9994,0.9994,7100.0,2026-02-03 11:59:59.999,7095.91300000,106,1730.00000000,1729.13500000,0
2026-02-03 12:00:00,0.9994,0.9995,0.9994,0.9994,4517.0,2026-02-03 12:59:59.999,4514.29890000,94,91.00000000,90.95450000,0
2026-02-03 13:00:00,0.9994,0.9995,0.9994,0.9994,14595.0,2026-02-03 13:59:59.999,14587.45020000,109,12072.00000000,12065.96400000,0
2026-02-03 14:00:00,0.9994,0.9995,0.9994,0.9994,1343683.0,2026-02-03 14:59:59.999,1342898.12390000,103,213337.00000000,213230.33150000,0
2026-02-03 15:00:00,0.9994,0.9996,0.9994,0.9996,2352683.0,2026-02-03 15:59:59.999,2351532.11620000,96,2330085.00000000,2328947.27600000,0
2026-02-03 16:00:00,0.9996,0.9996,0.9995,0.9995,89254.0,2026-02-03 16:59:59.999,89218.05170000,22,86787.00000000,86752.28520000,0
2026-02-03 17:00:00,0.9995,0.9996,0.9995,0.9995,130016.0,2026-02-03 17:59:59.999,129951.09400000,326,1020.00000000,1019.59200000,0
2026-02-03 18:00:00,0.9996,0.9996,0.9993,0.9993,842040.0,2026-02-03 18:59:59.999,841544.65380000,169,68432.00000000,68391.66950000,0
2026-02-03 19:00:00,0.9993,0.9996,0.9993,0.9996,831940.0,2026-02-03 19:59:59.999,831448.60670000,100,650252.00000000,649885.64000000,0
2026-02-03 20:00:00,0.9997,0.9997,0.9995,0.9995,52989.0,2026-02-03 20:59:59.999,52967.96660000,63,2787.00000000,2786.05710000,0
2026-02-03 21:00:00,0.9996,0.9996,0.9995,0.9996,86705.0,2026-02-03 21:59:59.999,86667.94170000,49,62942.00000000,62916.82320000,0
2026-02-03 22:00:00,0.9996,0.9996,0.9995,0.9996,177048.0,2026-02-03 22:59:59.999,176959.74300000,55,2670.00000000,2668.93200000,0
2026-02-03 23:00:00,0.9996,0.9998,0.9995,0.9997,105943.0,2026-02-03 23:59:59.999,105900.61660000,45,41512.00000000,41499.13590000,0
2026-02-04 00:00:00,0.9997,0.9998,0.9997,0.9997,127176.0,2026-02-04 00:59:59.999,127137.87570000,85,285.00000000,284.94300000,0
2026-02-04 01:00:00,0.9998,0.9998,0.9996,0.9997,259559.0,2026-02-04 01:59:59.999,259481.07710000,27,996.00000000,995.77120000,0
2026-02-04 02:00:00,0.9996,0.9997,0.9996,0.9996,796016.0,2026-02-04 02:59:59.999,795776.27240000,22,786788.00000000,786551.96360000,0
2026-02-04 03:00:00,0.9996,0.9997,0.9996,0.9996,435.0,2026-02-04 03:59:59.999,434.83190000,8,59.00000000,58.98230000,0
2026-02-04 04:00:00,0.9997,0.9997,0.9996,0.9996,25649.0,2026-02-04 04:59:59.999,25640.28000000,48,15396.00000000,15391.38120000,0
2026-02-04 05:00:00,0.9996,0.9997,0.9996,0.9997,53865.0,2026-02-04 05:59:59.999,53843.49530000,50,413.00000000,412.87610000,0
2026-02-04 06:00:00,0.9997,0.9997,0.9996,0.9996,243477.0,2026-02-04 06:59:59.999,243401.60640000,174,219972.00000000,219906.00840000,0
2026-02-04 07:00:00,0.9996,0.9997,0.9996,0.9997,5055.0,2026-02-04 07:59:59.999,5053.27430000,63,2963.00000000,2962.11110000,0
2026-02-04 08:00:00,0.9997,0.9997,0.9996,0.9997,729743.0,2026-02-04 08:59:59.999,729524.03290000,104,729301.00000000,729082.20970000,0
2026-02-04 09:00:00,0.9997,0.9997,0.9996,0.9997,496604.0,2026-02-04 09:59:59.999,496445.00930000,25,396509.00000000,396390.04730000,0
2026-02-04 10:00:00,0.9997,0.9997,0.9996,0.9997,255787.0,2026-02-04 10:59:59.999,255706.46140000,26,217762.00000000,217696.67140000,0
2026-02-04 11:00:00,0.9997,0.9997,0.9996,0.9997,290724.0,2026-02-04 11:59:59.999,290636.39760000,183,286872.00000000,286785.93840000,0
2026-02-04 12:00:00,0.9997,0.9997,0.9996,0.9997,193228.0,2026-02-04 12:59:59.999,193167.71940000,33,170106.00000000,170054.96820000,0
2026-02-04 13:00:00,0.9996,0.9997,0.9996,0.9997,67779.0,2026-02-04 13:59:59.999,67754.41830000,19,25299.00000000,25291.41030000,0
2026-02-04 14:00:00,0.9996,0.9999,0.9996,0.9998,1450469.0,2026-02-04 14:59:59.999,1450038.06220000,67,1425709.00000000,1425283.51940000,0
2026-02-04 15:00:00,0.9998,1.0,0.9998,0.9999,226299.0,2026-02-04 15:59:59.999,226280.94650000,110,165422.00000000,165410.08940000,0
2026-02-04 16:00:00,1.0,1.0001,0.9999,1.0,983461.0,2026-02-04 16:59:59.999,983398.27360000,54,252936.00000000,252936.01240000,0
2026-02-04 17:00:00,1.0,1.0001,1.0,1.0001,2214130.0,2026-02-04 17:59:59.999,2214338.38060000,45,2083806.00000000,2084014.38060000,0
2026-02-04 18:00:00,1.0001,1.0003,1.0,1.0003,1299674.0,2026-02-04 18:59:59.999,1299815.18240000,149,1280551.00000000,1280689.50330000,0
2026-02-04 19:00:00,1.0002,1.0003,1.0002,1.0002,57383.0,2026-02-04 19:59:59.999,57394.49300000,254,164.00000000,164.04920000,0
2026-02-04 20:00:00,1.0002,1.0002,1.0,1.0001,3837.0,2026-02-04 20:59:59.999,3837.28710000,54,2581.00000000,2581.25810000,0
2026-02-04 21:00:00,1.0,1.0001,0.9999,1.0,29464.0,2026-02-04 21:59:59.999,29464.00550000,128,8559.00000000,8559.00770000,0
2026-02-04 22:00:00,0.9999,1.0,0.9999,1.0,327097.0,2026-02-04 22:59:59.999,327070.19440000,52,59041.00000000,59041.00000000,0
2026-02-04 23:00:00,0.9999,1.0,0.9999,1.0,5101.0,2026-02-04 23:59:59.999,5100.71140000,19,2215.00000000,2215.00000000,0
2026-02-05 00:00:00,0.9999,1.0,0.9999,0.9999,58510.0,2026-02-05 00:59:59.999,58504.76940000,24,6204.00000000,6204.00000000,0
2026-02-05 01:00:00,0.9999,1.0002,0.9997,1.0002,1044861.0,2026-02-05 01:59:59.999,1044705.24940000,74,93425.00000000,93424.21810000,0
2026-02-05 02:00:00,1.0002,1.0002,0.9998,0.9998,79241.0,2026-02-05 02:59:59.999,79227.28680000,40,6591.00000000,6590.60180000,0
2026-02-05 03:00:00,0.9999,1.0003,0.9998,1.0001,1689710.0,2026-02-05 03:59:59.999,1689771.23990000,135,1578742.00000000,1578799.93740000,0
2026-02-05 04:00:00,1.0001,1.0002,0.9996,0.9996,1733515.0,2026-02-05 04:59:59.999,1733355.93940000,188,161888.00000000,161841.71270000,0
2026-02-05 05:00:00,0.9997,0.9999,0.9997,0.9998,595974.0,2026-02-05 05:59:59.999,595835.78040000,70,549891.00000000,549761.99700000,0
2026-02-05 06:00:00,0.9998,0.9999,0.9998,0.9998,426346.0,2026-02-05 06:59:59.999,426278.93540000,142,182046.00000000,182027.79540000,0
2026-02-05 07:00:00,0.9999,1.0001,0.9998,1.0,157998.0,2026-02-05 07:59:59.999,157988.69960000,77,150598.00000000,150588.77640000,0
2026-02-05 08:00:00,1.0,1.0001,1.0,1.0,66563.0,2026-02-05 08:59:59.999,66563.91910000,35,9191.00000000,9191.91910000,0
2026-02-05 09:00:00,1.0,1.0,0.9999,1.0,316039.0,2026-02-05 09:59:59.999,316017.99180000,31,753.00000000,753.00000000,0
2026-02-05 10:00:00,1.0,1.0,0.9999,0.9999,5219.0,2026-02-05 10:59:59.999,5218.94610000,21,4680.00000000,4680.00000000,0
2026-02-05 11:00:00,0.9999,1.0,0.9998,0.9998,49656.0,2026-02-05 11:59:59.999,49647.91660000,55,4345.00000000,4344.71060000,0
2026-02-05 12:00:00,0.9998,0.9999,0.9997,0.9997,245013.0,2026-02-05 12:59:59.999,244963.15310000,353,15961.00000000,15959.10520000,0
2026-02-05 13:00:00,0.9997,0.9998,0.9995,0.9995,946350.0,2026-02-05 13:59:59.999,945982.79240000,88,20064.00000000,20059.17310000,0
2026-02-05 14:00:00,0.9996,0.9997,0.9995,0.9995,722640.0,2026-02-05 14:59:59.999,722323.44330000,44,177696.00000000,177620.52070000,0
2026-02-05 15:00:00,0.9995,0.9996,0.9992,0.9993,2727216.0,2026-02-05 15:59:59.999,2725714.34670000,267,766774.00000000,766372.82010000,0
2026-02-05 16:00:00,0.9993,0.9997,0.9992,0.9997,2296860.0,2026-02-05 16:59:59.999,2295455.40360000,212,1650580.00000000,1649653.60660000,0
2026-02-05 17:00:00,0.9996,0.9997,0.9995,0.9997,36476.0,2026-02-05 17:59:59.999,36461.74510000,65,11915.00000000,11910.62550000,0
2026-02-05 18:00:00,0.9996,0.9997,0.9995,0.9995,76952.0,2026-02-05 18:59:59.999,76919.71100000,84,408.00000000,407.87160000,0
2026-02-05 19:00:00,0.9996,0.9996,0.9994,0.9996,633729.0,2026-02-05 19:59:59.999,633411.87580000,241,346418.00000000,346246.77790000,0
2026-02-05 20:00:00,0.9995,0.9997,0.999,0.9992,1842173.0,2026-02-05 20:59:59.999,1841052.71810000,210,1038098.00000000,1037521.70400000,0
2026-02-05 21:00:00,0.9991,0.9992,0.999,0.9992,763495.0,2026-02-05 21:59:59.999,762824.74050000,180,300101.00000000,299850.38280000,0
2026-02-05 22:00:00,0.9992,0.9993,0.9992,0.9993,150449.0,2026-02-05 22:59:59.999,150328.96600000,53,69319.00000000,69263.87000000,0
2026-02-05 23:00:00,0.9992,0.9993,0.9989,0.9993,3067991.0,2026-02-05 23:59:59.999,3065139.88960000,398,1793830.00000000,1792174.57860000,0
2026-02-06 00:00:00,0.9992,0.9993,0.9989,0.9989,1894249.0,2026-02-06 00:59:59.999,1892480.28750000,191,465412.00000000,465007.35210000,0
2026-02-06 01:00:00,0.9989,0.999,0.9987,0.9989,3067768.0,2026-02-06 01:59:59.999,3064201.37090000,233,2098341.00000000,2095885.99310000,0
2026-02-06 02:00:00,0.9989,0.999,0.9988,0.999,598591.0,2026-02-06 02:59:59.999,597903.04750000,106,378151.00000000,377718.47610000,0
2026-02-06 03:00:00,0.9989,0.9991,0.9988,0.9991,2124190.0,2026-02-06 03:59:59.999,2121958.78270000,92,1498342.00000000,1496797.00780000,0
2026-02-06 04:00:00,0.9991,0.9991,0.999,0.9991,446515.0,2026-02-06 04:59:59.999,446084.70290000,106,162179.00000000,162033.03890000,0
2026-02-06 05:00:00,0.9991,0.9991,0.9985,0.9986,7879718.0,2026-02-06 05:59:59.999,7869649.60250000,279,811555.00000000,810472.27490000,0
2026-02-06 06:00:00,0.9986,0.999,0.9985,0.999,21140405.0,2026-02-06 06:59:59.999,21112811.88700000,524,7224274.00000000,7215155.37220000,0
2026-02-06 07:00:00,0.999,0.9991,0.9989,0.9991,788651.0,2026-02-06 07:59:59.999,787858.06420000,121,412867.00000000,412456.44920000,0
2026-02-06 08:00:00,0.9991,0.9991,0.999,0.9991,550230.0,2026-02-06 08:59:59.999,549708.08120000,54,283112.00000000,282857.19920000,0
2026-02-06 09:00:00,0.999,0.9991,0.9989,0.999,830539.0,2026-02-06 09:59:59.999,829708.38820000,78,475568.00000000,475097.37590000,0
2026-02-06 10:00:00,0.999,0.9992,0.9989,0.9991,571733.0,2026-02-06 10:59:59.999,571227.24180000,64,538852.00000000,538377.91760000,0
2026-02-06 11:00:00,0.9992,0.9993,0.9991,0.9993,64339.0,2026-02-06 11:59:59.999,64285.33120000,51,31455.00000000,31430.67190000,0
2026-02-06 12:00:00,0.9992,0.9994,0.9992,0.9993,364631.0,2026-02-06 12:59:59.999,364365.03980000,57,128483.00000000,128393.15200000,0
2026-02-06 13:00:00,0.9993,0.9994,0.9992,0.9993,583305.0,2026-02-06 13:59:59.999,582895.38870000,45,232.00000000,231.83930000,0
2026-02-06 14:00:00,0.9993,0.9993,0.9992,0.9992,526845.0,2026-02-06 14:59:59.999,526451.80500000,52,282810.00000000,282612.03300000,0
2026-02-06 15:00:00,0.9992,0.9996,0.9991,0.9995,2108363.0,2026-02-06 15:59:59.999,2106995.70600000,190,2076783.00000000,2075437.58410000,0
2026-02-06 16:00:00,0.9995,0.9998,0.9994,0.9996,785863.0,2026-02-06 16:59:59.999,785565.13480000,211,565144.00000000,564939.99980000,0
2026-02-06 17:00:00,0.9997,0.9997,0.9993,0.9994,71826.0,2026-02-06 17:59:59.999,71779.72280000,343,13168.00000000,13160.15170000,0
2026-02-06 18:00:00,0.9993,0.9994,0.9993,0.9994,10447.0,2026-02-06 18:59:59.999,10439.73900000,63,519.00000000,518.68860000,0
2026-02-06 19:00:00,0.9993,0.9994,0.9993,0.9994,69831.0,2026-02-06 19:59:59.999,69785.10490000,85,29866.00000000,29848.08040000,0
2026-02-06 20:00:00,0.9993,0.9994,0.9993,0.9993,5501.0,2026-02-06 20:59:59.999,5497.22610000,56,768.00000000,767.53920000,0
2026-02-06 21:00:00,0.9993,0.9994,0.9993,0.9993,5926.0,2026-02-06 21:59:59.999,5921.86220000,21,104.00000000,103.93760000,0
2026-02-06 22:00:00,0.9993,0.9994,0.9993,0.9993,58018.0,2026-02-06 22:59:59.999,57982.29050000,63,49031.00000000,49001.58140000,0
2026-02-06 23:00:00,0.9993,0.9994,0.9993,0.9993,116113.0,2026-02-06 23:59:59.999,116034.61880000,61,28979.00000000,28961.61260000,0
2026-02-07 00:00:00,0.9993,0.9994,0.9993,0.9993,69357.0,2026-02-07 00:59:59.999,69314.57330000,66,61232.00000000,61195.26080000,0
2026-02-07 01:00:00,0.9994,0.9994,0.9993,0.9993,53444.0,2026-02-07 01:59:59.999,53406.67130000,43,821.00000000,820.50740000,0
2026-02-07 02:00:00,0.9993,0.9994,0.9993,0.9994,8497.0,2026-02-07 02:59:59.999,8491.07280000,26,207.00000000,206.87580000,0
2026-02-07 03:00:00,0.9994,0.9994,0.9993,0.9993,8679.0,2026-02-07 03:59:59.999,8673.40680000,26,4821.00000000,4818.10740000,0
2026-02-07 04:00:00,0.9993,0.9994,0.9993,0.9993,27456.0,2026-02-07 04:59:59.999,27439.20730000,38,24265.00000000,24250.44100000,0
2026-02-07 05:00:00,0.9993,0.9994,0.9993,0.9993,116890.0,2026-02-07 05:59:59.999,116811.28120000,25,31042.00000000,31023.37480000,0
2026-02-07 06:00:00,0.9993,0.9994,0.9993,0.9993,5375.0,2026-02-07 06:59:59.999,5371.27190000,28,344.00000000,343.79360000,0
2026-02-07 07:00:00,0.9993,0.9994,0.9993,0.9994,4849.0,2026-02-07 07:59:59.999,4845.65420000,26,485.00000000,484.70900000,0
2026-02-07 08:00:00,0.9994,0.9994,0.9993,0.9994,66617.0,2026-02-07 08:59:59.999,66576.60810000,37,62400.00000000,62362.56000000,0
2026-02-07 09:00:00,0.9993,0.9994,0.9993,0.9993,22144.0,2026-02-07 09:59:59.999,22128.50600000,24,68.00000000,67.95920000,0
2026-02-07 10:00:00,0.9993,0.9995,0.9993,0.9994,571707.0,2026-02-07 10:59:59.999,571388.44350000,79,570384.00000000,570066.36960000,0
2026-02-07 11:00:00,0.9994,0.9995,0.9993,0.9994,197993.0,2026-02-07 11:59:59.999,197883.46240000,24,196750.00000000,196641.20940000,0
2026-02-07 12:00:00,0.9994,0.9995,0.9993,0.9993,54833.0,2026-02-07 12:59:59.999,54795.03930000,43,1437.00000000,1436.13880000,0
2026-02-07 13:00:00,0.9993,0.9994,0.9993,0.9994,153344.0,2026-02-07 13:59:59.999,153237.62220000,53,9630.00000000,9624.22200000,0
2026-02-07 14:00:00,0.9994,0.9996,0.9993,0.9994,104739.0,2026-02-07 14:59:59.999,104676.34840000,57,102090.00000000,102028.97180000,0
2026-02-07 15:00:00,0.9994,0.9996,0.9994,0.9994,770851.0,2026-02-07 15:59:59.999,770441.90100000,47,370135.00000000,369966.33060000,0
2026-02-07 16:00:00,0.9994,0.9995,0.9993,0.9993,43874.0,2026-02-07 16:59:59.999,43847.35390000,27,733.00000000,732.56190000,0
2026-02-07 17:00:00,0.9993,0.9994,0.9993,0.9993,2189.0,2026-02-07 17:59:59.999,2187.57690000,35,1092.00000000,1091.34480000,0
2026-02-07 18:00:00,0.9993,0.9994,0.9993,0.9993,11838.0,2026-02-07 18:59:59.999,11829.84090000,267,1275.00000000,1274.23500000,0
2026-02-07 19:00:00,0.9993,0.9994,0.9993,0.9993,5298.0,2026-02-07 19:59:59.999,5294.46440000,347,1730.00000000,1728.96200000,0
2026-02-07 20:00:00,0.9993,0.9994,0.9993,0.9993,6441.0,2026-02-07 20:59:59.999,6436.61360000,268,1223.00000000,1222.26620000,0
2026-02-07 21:00:00,0.9993,0.9994,0.9993,0.9993,3951.0,2026-02-07 21:59:59.999,3948.35700000,239,1227.00000000,1226.26380000,0
2026-02-07 22:00:00,0.9993,0.9994,0.9993,0.9993,3367.0,2026-02-07 22:59:59.999,3364.77190000,226,1288.00000000,1287.22720000,0
2026-02-07 23:00:00,0.9993,0.9994,0.9993,0.9993,5461.0,2026-02-07 23:59:59.999,5457.41950000,255,2422.00000000,2420.54680000,0
2026-02-08 00:00:00,0.9993,0.9994,0.9993,0.9993,18100.0,2026-02-08 00:59:59.999,18088.46850000,362,11385.00000000,11378.16900000,0
2026-02-08 01:00:00,0.9993,0.9994,0.9993,0.9993,2099.0,2026-02-08 01:59:59.999,2097.68210000,70,1514.00000000,1513.09160000,0
2026-02-08 02:00:00,0.9994,0.9994,0.9993,0.9993,3052.0,2026-02-08 02:59:59.999,3049.99210000,95,1285.00000000,1284.22900000,0
2026-02-08 03:00:00,0.9993,0.9994,0.9993,0.9993,2689.0,2026-02-08 03:59:59.999,2687.24730000,109,1296.00000000,1295.22240000,0
2026-02-08 04:00:00,0.9993,0.9994,0.9992,0.9993,204973.0,2026-02-08 04:59:59.999,204829.60480000,115,3665.00000000,3662.55450000,0
2026-02-08 05:00:00,0.9993,0.9993,0.9992,0.9992,1426.0,2026-02-08 05:59:59.999,1424.98840000,40,1292.00000000,1291.09560000,0
2026-02-08 06:00:00,0.9993,0.9993,0.9992,0.9993,1370.0,2026-02-08 06:59:59.999,1369.02840000,38,1244.00000000,1243.12920000,0
2026-02-08 07:00:00,0.9992,0.9993,0.9992,0.9992,13013.0,2026-02-08 07:59:59.999,13003.07630000,21,4867.00000000,4863.59310000,0
2026-02-08 08:00:00,0.9993,0.9993,0.9992,0.9992,4994.0,2026-02-08 08:59:59.999,4990.24750000,100,2427.00000000,2425.30110000,0
2026-02-08 09:00:00,0.9992,0.9993,0.9992,0.9993,79947.0,2026-02-08 09:59:59.999,79883.28730000,109,2449.00000000,2447.28570000,0
2026-02-08 10:00:00,0.9993,0.9993,0.9992,0.9993,4266.0,2026-02-08 10:59:59.999,4262.81030000,15,2231.00000000,2229.43830000,0
2026-02-08 11:00:00,0.9992,0.9993,0.9992,0.9993,61780.0,2026-02-08 11:59:59.999,61730.59790000,31,219.00000000,218.84670000,0
2026-02-08 12:00:00,0.9993,0.9993,0.9992,0.9993,48286.0,2026-02-08 12:59:59.999,48247.38570000,14,145.00000000,144.89850000,0
2026-02-08 13:00:00,0.9992,0.9993,0.9992,0.9992,4652.0,2026-02-08 13:59:59.999,4648.32720000,15,488.00000000,487.65840000,0
2026-02-08 14:00:00,0.9993,0.9993,0.9992,0.9993,61040.0,2026-02-08 14:59:59.999,60991.20860000,23,406.00000000,405.71580000,0
2026-02-08 15:00:00,0.9993,0.9993,0.9992,0.9993,441216.0,2026-02-08 15:59:59.999,440906.97620000,57,439490.00000000,439182.35700000,0
2026-02-08 16:00:00,0.9993,0.9993,0.9992,0.9992,81211.0,2026-02-08 16:59:59.999,81146.03740000,44,62.00000000,61.95660000,0
2026-02-08 17:00:00,0.9992,0.9993,0.9992,0.9993,14976.0,2026-02-08 17:59:59.999,14964.06720000,72,480.00000000,479.66400000,0
2026-02-08 18:00:00,0.9992,0.9993,0.9992,0.9993,4583.0,2026-02-08 18:59:59.999,4579.33540000,39,18.00000000,17.98740000,0
2026-02-08 19:00:00,0.9992,0.9993,0.9992,0.9993,5498.0,2026-02-08 19:59:59.999,5493.72690000,49,1253.00000000,1252.12290000,0
2026-02-08 20:00:00,0.9992,0.9993,0.9992,0.9992,1888.0,2026-02-08 20:59:59.999,1886.50910000,38,195.00000000,194.86350000,0
2026-02-08 21:00:00,0.9992,0.9993,0.9992,0.9993,8791.0,2026-02-08 21:59:59.999,8783.97670000,44,95.00000000,94.93350000,0
2026-02-08 22:00:00,0.9992,0.9993,0.9992,0.9993,7077.0,2026-02-08 22:59:59.999,7071.34430000,39,59.00000000,58.95870000,0
2026-02-08 23:00:00,0.9993,0.9993,0.9992,0.9993,2742.0,2026-02-08 23:59:59.999,2739.84270000,41,363.00000000,362.74590000,0
2026-02-09 00:00:00,0.9992,0.9993,0.9992,0.9993,1685.0,2026-02-09 00:59:59.999,1683.68230000,39,303.00000000,302.78790000,0
2026-02-09 01:00:00,0.9992,0.9993,0.9992,0.9992,35643.0,2026-02-09 01:59:59.999,35617.83700000,111,33514.00000000,33490.54020000,0
2026-02-09 02:00:00,0.9992,0.9993,0.9992,0.9992,3907.0,2026-02-09 02:59:59.999,3903.97610000,54,1017.00000000,1016.28810000,0
2026-02-09 03:00:00,0.9992,0.9993,0.9992,0.9992,55101.0,2026-02-09 03:59:59.999,55056.93360000,101,144.00000000,143.89920000,0
2026-02-09 04:00:00,0.9993,0.9993,0.9992,0.9993,109176.0,2026-02-09 04:59:59.999,109099.24410000,83,105849.00000000,105774.90570000,0
2026-02-09 05:00:00,0.9992,0.9993,0.9992,0.9992,1515.0,2026-02-09 05:59:59.999,1513.81440000,44,264.00000000,263.81520000,0
2026-02-09 06:00:00,0.9992,0.9993,0.9992,0.9992,12725.0,2026-02-09 06:59:59.999,12714.88720000,44,672.00000000,671.52960000,0
2026-02-09 07:00:00,0.9992,0.9993,0.9992,0.9992,13113.0,2026-02-09 07:59:59.999,13102.55950000,20,499.00000000,498.65070000,0
2026-02-09 08:00:00,0.9992,0.9993,0.9992,0.9992,14478.0,2026-02-09 08:59:59.999,14467.42150000,65,10039.00000000,10031.97270000,0
2026-02-09 09:00:00,0.9992,0.9993,0.9991,0.9991,756065.0,2026-02-09 09:59:59.999,755460.07570000,93,2587.00000000,2584.93430000,0
2026-02-09 10:00:00,0.9992,0.9992,0.9991,0.9992,9305.0,2026-02-09 10:59:59.999,9296.63860000,11,131.00000000,130.89520000,0
2026-02-09 11:00:00,0.9991,0.9992,0.9991,0.9991,1792.0,2026-02-09 11:59:59.999,1790.39490000,17,77.00000000,76.93840000,0
2026-02-09 12:00:00,0.9992,0.9992,0.9991,0.9991,4762.0,2026-02-09 12:59:59.999,4757.73730000,20,231.00000000,230.81520000,0
2026-02-09 13:00:00,0.9991,0.9992,0.9991,0.9991,403.0,2026-02-09 13:59:59.999,402.64340000,38,61.00000000,60.95120000,0
2026-02-09 14:00:00,0.9991,0.9992,0.9991,0.9991,54807.0,2026-02-09 14:59:59.999,54758.44790000,190,7742.00000000,7735.80640000,0
2026-02-09 15:00:00,0.9991,0.9992,0.9991,0.9991,8043.0,2026-02-09 15:59:59.999,8036.33660000,190,5753.00000000,5748.39760000,0
2026-02-09 16:00:00,0.9991,0.9992,0.9991,0.9991,35033.0,2026-02-09 16:59:59.999,35003.81610000,178,23458.00000000,23439.23360000,0
2026-02-09 17:00:00,0.9991,0.9993,0.9991,0.9992,202692.0,2026-02-09 17:59:59.999,202537.11180000,199,191016.00000000,190870.82960000,0
2026-02-09 18:00:00,0.9993,0.9994,0.9992,0.9994,49830.0,2026-02-09 18:59:59.999,49795.14890000,56,42278.00000000,42248.44110000,0
2026-02-09 19:00:00,0.9993,0.9994,0.9993,0.9994,766.0,2026-02-09 19:59:59.999,765.53520000,24,714.00000000,713.57160000,0
2026-02-09 20:00:00,0.9994,0.9994,0.9993,0.9994,1300.0,2026-02-09 20:59:59.999,1299.21460000,20,1246.00000000,1245.25240000,0
2026-02-09 21:00:00,0.9994,0.9994,0.9993,0.9994,524.0,2026-02-09 21:59:59.999,523.67330000,17,401.00000000,400.75940000,0
2026-02-09 22:00:00,0.9993,0.9994,0.9993,0.9994,582.0,2026-02-09 22:59:59.999,581.62170000,25,291.00000000,290.82540000,0
2026-02-09 23:00:00,0.9993,0.9994,0.9993,0.9993,10609.0,2026-02-09 23:59:59.999,10601.79710000,40,2234.00000000,2232.65960000,0
2026-02-10 00:00:00,0.9993,0.9994,0.9993,0.9993,2092.0,2026-02-10 00:59:59.999,2090.54940000,229,138.00000000,137.91720000,0
2026-02-10 01:00:00,0.9993,0.9994,0.9993,0.9993,12718.0,2026-02-10 01:59:59.999,12709.59490000,524,4975.00000000,4972.01500000,0
2026-02-10 02:00:00,0.9993,0.9994,0.9993,0.9993,47083.0,2026-02-10 02:59:59.999,47053.57230000,272,35304.00000000,35282.81760000,0
2026-02-10 03:00:00,0.9993,0.9994,0.9993,0.9994,70310.0,2026-02-10 03:59:59.999,70262.04230000,90,12593.00000000,12585.44420000,0
2026-02-10 04:00:00,0.9994,0.9994,0.9993,0.9993,16766.0,2026-02-10 04:59:59.999,16754.67730000,100,4135.00000000,4132.51900000,0
2026-02-10 05:00:00,0.9993,0.9994,0.9993,0.9993,152.0,2026-02-10 05:59:59.999,151.89840000,7,48.00000000,47.97120000,0
2026-02-10 06:00:00,0.9993,0.9993,0.9991,0.9991,424964.0,2026-02-10 06:59:59.999,424620.81020000,94,2465.00000000,2463.02800000,0
2026-02-10 07:00:00,0.9991,0.9992,0.9991,0.9991,23099.0,2026-02-10 07:59:59.999,23079.91130000,16,17004.00000000,16990.39680000,0
2026-02-10 08:00:00,0.9992,0.9992,0.9991,0.9992,54247.0,2026-02-10 08:59:59.999,54202.47180000,22,42941.00000000,42906.64720000,0
2026-02-10 09:00:00,0.9991,0.9993,0.9991,0.9992,172374.0,2026-02-10 09:59:59.999,172235.88340000,119,47040.00000000,47002.38170000,0
2026-02-10 10:00:00,0.9992,0.9993,0.9992,0.9993,107896.0,2026-02-10 10:59:59.999,107819.87640000,25,101932.00000000,101860.64760000,0
2026-02-10 11:00:00,0.9993,0.9993,0.9992,0.9993,5549.0,2026-02-10 11:59:59.999,5544.59910000,11,383.00000000,382.73190000,0
2026-02-10 12:00:00,0.9992,0.9993,0.9992,0.9993,526.0,2026-02-10 12:59:59.999,525.60270000,16,235.00000000,234.83550000,0
2026-02-10 13:00:00,0.9992,0.9993,0.9992,0.9992,1872.0,2026-02-10 13:59:59.999,1870.52980000,17,274.00000000,273.80820000,0
2026-02-10 14:00:00,0.9993,0.9993,0.9991,0.9992,497784.0,2026-02-10 14:59:59.999,497370.91980000,52,1135.00000000,1134.20440000,0
2026-02-10 15:00:00,0.9991,0.9992,0.9991,0.9992,3235.0,2026-02-10 15:59:59.999,3232.19510000,45,1066.00000000,1065.14720000,0
2026-02-10 16:00:00,0.9992,0.9992,0.9991,0.9992,57419.0,2026-02-10 16:59:59.999,57373.05340000,26,57305.00000000,57259.15600000,0
2026-02-10 17:00:00,0.9991,0.9992,0.9991,0.9992,30849.0,2026-02-10 17:59:59.999,30824.04800000,23,28121.00000000,28098.50320000,0
2026-02-10 18:00:00,0.9992,0.9992,0.9991,0.9991,408.0,2026-02-10 18:59:59.999,407.64270000,16,99.00000000,98.92080000,0
2026-02-10 19:00:00,0.9992,0.9992,0.9991,0.9991,4003.0,2026-02-10 19:59:59.999,3999.74000000,17,3427.00000000,3424.25840000,0
2026-02-10 20:00:00,0.9992,0.9992,0.9991,0.9992,4182.0,2026-02-10 20:59:59.999,4178.63700000,21,4008.00000000,4004.79360000,0
2026-02-10 21:00:00,0.9992,0.9992,0.9991,0.9992,358.0,2026-02-10 21:59:59.999,357.68090000,11,31.00000000,30.97520000,0
2026-02-10 22:00:00,0.9991,0.9991,0.9991,0.9991,511.0,2026-02-10 22:59:59.999,510.54010000,15,0.00000000,0.00000000,0
2026-02-10 23:00:00,0.9992,0.9992,0.9991,0.9992,6044.0,2026-02-10 23:59:59.999,6039.15580000,32,5802.00000000,5797.35840000,0
2026-02-11 00:00:00,0.9993,0.9993,0.9992,0.9993,38904.0,2026-02-11 00:59:59.999,38873.24420000,24,3674.00000000,3671.42820000,0
2026-02-11 01:00:00,0.9992,0.9993,0.9992,0.9992,3991.0,2026-02-11 01:59:59.999,3987.81540000,15,82.00000000,81.94260000,0
2026-02-11 02:00:00,0.9993,0.9993,0.9992,0.9992,12043.0,2026-02-11 02:59:59.999,12033.38180000,82,162.00000000,161.88660000,0
2026-02-11 03:00:00,0.9992,0.9993,0.9992,0.9992,41277.0,2026-02-11 03:59:59.999,41247.45010000,156,34717.00000000,34692.69810000,0
2026-02-11 04:00:00,0.9992,0.9993,0.9992,0.9992,256906.0,2026-02-11 04:59:59.999,256720.62210000,100,201469.00000000,201327.97170000,0
2026-02-11 05:00:00,0.9993,0.9993,0.9991,0.9991,904457.0,2026-02-11 05:59:59.999,903745.75150000,88,306612.00000000,306396.87800000,0
2026-02-11 06:00:00,0.9991,0.9992,0.9941,0.999,3926501.0,2026-02-11 06:59:59.999,3920130.03740000,609,2698925.00000000,2693850.55770000,0
2026-02-11 07:00:00,0.999,0.9991,0.9988,0.999,1942444.0,2026-02-11 07:59:59.999,1940453.41200000,176,1478557.00000000,1477075.01200000,0
2026-02-11 08:00:00,0.999,0.9992,0.999,0.9992,409260.0,2026-02-11 08:59:59.999,408898.21170000,78,402243.00000000,401888.19760000,0
2026-02-11 09:00:00,0.9992,0.9994,0.9991,0.9994,947779.0,2026-02-11 09:59:59.999,947090.41500000,176,941820.00000000,941135.99200000,0
2026-02-11 10:00:00,0.9993,0.9994,0.9993,0.9993,92742.0,2026-02-11 10:59:59.999,92685.34730000,84,82667.00000000,82617.39980000,0
2026-02-11 11:00:00,0.9993,0.9995,0.9993,0.9994,123585.0,2026-02-11 11:59:59.999,123514.63490000,52,117903.00000000,117836.24420000,0
2026-02-11 12:00:00,0.9995,0.9995,0.9994,0.9994,312436.0,2026-02-11 12:59:59.999,312273.43870000,54,249003.00000000,248878.49850000,0
2026-02-11 13:00:00,0.9994,0.9995,0.9994,0.9995,236924.0,2026-02-11 13:59:59.999,236804.63140000,62,227858.00000000,227744.07100000,0
2026-02-11 14:00:00,0.9995,0.9995,0.9994,0.9994,81477.0,2026-02-11 14:59:59.999,81432.72680000,48,46130.00000000,46106.93500000,0
2026-02-11 15:00:00,0.9994,0.9994,0.9993,0.9994,647769.0,2026-02-11 15:59:59.999,647380.10350000,73,320430.00000000,320237.74200000,0
2026-02-11 16:00:00,0.9994,0.9994,0.9993,0.9994,774513.0,2026-02-11 16:59:59.999,774046.28300000,22,754421.00000000,753968.34740000,0
2026-02-11 17:00:00,0.9993,0.9994,0.9993,0.9993,16849.0,2026-02-11 17:59:59.999,16837.85970000,21,6540.00000000,6536.07600000,0
2026-02-11 18:00:00,0.9994,0.9994,0.9993,0.9993,501931.0,2026-02-11 18:59:59.999,501629.81170000,11,501634.00000000,501333.01960000,0
2026-02-11 19:00:00,0.9993,0.9994,0.9993,0.9994,34301.0,2026-02-11 19:59:59.999,34279.00450000,24,20152.00000000,20139.90880000,0
2026-02-11 20:00:00,0.9993,0.9994,0.9993,0.9994,12972.0,2026-02-11 20:59:59.999,12962.97260000,19,530.00000000,529.68200000,0
2026-02-11 21:00:00,0.9993,0.9994,0.9993,0.9994,11854.0,2026-02-11 21:59:59.999,11845.87720000,31,1750.00000000,1748.95000000,0
2026-02-11 22:00:00,0.9993,0.9994,0.9993,0.9993,5075.0,2026-02-11 22:59:59.999,5071.45570000,34,82.00000000,81.95080000,0
2026-02-11 23:00:00,0.9993,0.9994,0.9993,0.9993,10133.0,2026-02-11 23:59:59.999,10125.91770000,59,108.00000000,107.93520000,0
2026-02-12 00:00:00,0.9993,0.9994,0.9993,0.9994,15428.0,2026-02-12 00:59:59.999,15417.48930000,26,2889.00000000,2887.26660000,0
2026-02-12 01:00:00,0.9993,0.9994,0.9993,0.9993,52377.0,2026-02-12 01:59:59.999,52340.34600000,59,99.00000000,98.94060000,0
2026-02-12 02:00:00,0.9993,0.9994,0.9993,0.9994,48426.0,2026-02-12 02:59:59.999,48392.10570000,73,39.00000000,38.97660000,0
2026-02-12 03:00:00,0.9994,0.9994,0.9993,0.9993,175634.0,2026-02-12 03:59:59.999,175511.09200000,25,358.00000000,357.78520000,0
2026-02-12 04:00:00,0.9993,0.9994,0.9992,0.9993,663253.0,2026-02-12 04:59:59.999,662837.67400000,54,534465.00000000,534140.87450000,0
2026-02-12 05:00:00,0.9993,0.9993,0.9992,0.9992,672571.0,2026-02-12 05:59:59.999,672084.90660000,48,519634.00000000,519270.25620000,0
2026-02-12 06:00:00,0.9992,0.9992,0.999,0.9991,834110.0,2026-02-12 06:59:59.999,833381.16010000,110,112150.00000000,112051.59740000,0
2026-02-12 07:00:00,0.9992,0.9993,0.9991,0.9992,105693.0,2026-02-12 07:59:59.999,105609.10500000,69,96230.00000000,96154.26060000,0
2026-02-12 08:00:00,0.9993,0.9993,0.9992,0.9992,15870.0,2026-02-12 08:59:59.999,15858.41070000,101,11067.00000000,11059.25310000,0
2026-02-12 09:00:00,0.9993,0.9993,0.9992,0.9992,626383.0,2026-02-12 09:59:59.999,625941.33760000,69,594440.00000000,594023.89200000,0
2026-02-12 10:00:00,0.9992,0.9993,0.9992,0.9992,38338.0,2026-02-12 10:59:59.999,38310.87900000,36,35494.00000000,35469.15420000,0
2026-02-12 11:00:00,0.9992,0.9993,0.9992,0.9992,7506.0,2026-02-12 11:59:59.999,7500.31980000,48,3246.00000000,3243.72780000,0
2026-02-12 12:00:00,0.9992,0.9993,0.9992,0.9992,14913.0,2026-02-12 12:59:59.999,14901.17860000,238,1090.00000000,1089.23700000,0
2026-02-12 13:00:00,0.9992,0.9993,0.9992,0.9992,46708.0,2026-02-12 13:59:59.999,46674.94220000,151,43086.00000000,43055.83980000,0
2026-02-12 14:00:00,0.9992,0.9993,0.9992,0.9992,45417.0,2026-02-12 14:59:59.999,45384.98910000,22,43227.00000000,43196.74110000,0
2026-02-12 15:00:00,0.9992,0.9993,0.9992,0.9992,7171.0,2026-02-12 15:59:59.999,7165.28140000,11,182.00000000,181.87260000,0
2026-02-12 16:00:00,0.9992,0.9993,0.9992,0.9992,5710.0,2026-02-12 16:59:59.999,5705.76350000,48,3315.00000000,3312.67950000,0
2026-02-12 17:00:00,0.9992,0.9994,0.9992,0.9993,816328.0,2026-02-12 17:59:59.999,815787.34980000,82,812987.00000000,812448.70290000,0
2026-02-12 18:00:00,0.9993,0.9994,0.9993,0.9994,83395.0,2026-02-12 18:59:59.999,83344.78370000,41,81602.00000000,81553.03880000,0
2026-02-12 19:00:00,0.9994,0.9994,0.9993,0.9993,2387.0,2026-02-12 19:59:59.999,2385.51380000,22,1847.00000000,1845.89180000,0
2026-02-12 20:00:00,0.9994,0.9994,0.9993,0.9993,292.0,2026-02-12 20:59:59.999,291.80410000,5,85.00000000,84.94900000,0
2026-02-12 21:00:00,0.9993,0.9994,0.9993,0.9993,2342.0,2026-02-12 21:59:59.999,2340.37000000,9,94.00000000,93.94360000,0
2026-02-12 22:00:00,0.9993,0.9994,0.9993,0.9993,22647.0,2026-02-12 22:59:59.999,22631.16660000,17,195.00000000,194.88300000,0
2026-02-12 23:00:00,0.9994,0.9994,0.9993,0.9994,44562.0,2026-02-12 23:59:59.999,44535.25570000,20,44491.00000000,44464.30540000,0
2026-02-13 00:00:00,0.9993,0.9994,0.9993,0.9993,6293.0,2026-02-13 00:59:59.999,6288.84220000,21,2473.00000000,2471.51620000,0
2026-02-13 01:00:00,0.9993,0.9994,0.9993,0.9994,168.0,2026-02-13 01:59:59.999,167.88720000,6,48.00000000,47.97120000,0
2026-02-13 02:00:00,0.9994,0.9994,0.9993,0.9994,14270.0,2026-02-13 02:59:59.999,14260.07060000,15,596.00000000,595.64240000,0
2026-02-13 03:00:00,0.9993,0.9994,0.9993,0.9994,87016.0,2026-02-13 03:59:59.999,86963.69910000,10,86103.00000000,86051.33820000,0
2026-02-13 04:00:00,0.9994,0.9994,0.9993,0.9993,46464.0,2026-02-13 04:59:59.999,46432.39540000,46,9202.00000000,9196.47880000,0
2026-02-13 05:00:00,0.9994,0.9994,0.9993,0.9993,44210.0,2026-02-13 05:59:59.999,44182.18730000,28,31343.00000000,31324.19420000,0
2026-02-13 06:00:00,0.9993,0.9994,0.9993,0.9993,42122.0,2026-02-13 06:59:59.999,42096.64670000,47,41321.00000000,41296.20740000,0
2026-02-13 07:00:00,0.9994,0.9994,0.9993,0.9994,50264.0,2026-02-13 07:59:59.999,50232.31520000,20,35000.00000000,34979.00000000,0
2026-02-13 08:00:00,0.9994,0.9994,0.9993,0.9994,387999.0,2026-02-13 08:59:59.999,387744.94430000,92,175436.00000000,175330.73840000,0
2026-02-13 09:00:00,0.9993,0.9994,0.9993,0.9993,267979.0,2026-02-13 09:59:59.999,267811.71680000,72,203021.00000000,202899.18740000,0
2026-02-13 10:00:00,0.9994,0.9994,0.9993,0.9994,513891.0,2026-02-13 10:59:59.999,513582.53330000,57,508792.00000000,508486.72480000,0
2026-02-13 11:00:00,0.9994,0.9995,0.9994,0.9994,113997.0,2026-02-13 11:59:59.999,113938.07750000,105,94757.00000000,94709.62150000,0
2026-02-13 12:00:00,0.9995,0.9995,0.9994,0.9994,41333.0,2026-02-13 12:59:59.999,41310.45350000,72,22533.00000000,22521.73350000,0
2026-02-13 13:00:00,0.9995,0.9996,0.9994,0.9996,1053089.0,2026-02-13 13:59:59.999,1052561.86190000,86,1044675.00000000,1044152.66320000,0
2026-02-13 14:00:00,0.9996,0.9996,0.9995,0.9995,38120.0,2026-02-13 14:59:59.999,38101.20400000,92,2640.00000000,2638.94400000,0
2026-02-13 15:00:00,0.9996,0.9996,0.9995,0.9995,106352.0,2026-02-13 15:59:59.999,106299.09170000,65,2677.00000000,2675.92920000,0
2026-02-13 16:00:00,0.9995,0.9996,0.9995,0.9995,276093.0,2026-02-13 16:59:59.999,275956.78100000,124,18275.00000000,18267.69000000,0
2026-02-13 17:00:00,0.9995,0.9995,0.9994,0.9994,15532.0,2026-02-13 17:59:59.999,15523.18300000,177,1250.00000000,1249.37500000,0
2026-02-13 18:00:00,0.9994,0.9995,0.9994,0.9994,862.0,2026-02-13 18:59:59.999,861.51280000,15,300.00000000,299.85000000,0
2026-02-13 19:00:00,0.9994,0.9995,0.9994,0.9995,184218.0,2026-02-13 19:59:59.999,184108.95530000,35,14861.00000000,14853.56950000,0
2026-02-13 20:00:00,0.9994,0.9995,0.9994,0.9995,320.0,2026-02-13 20:59:59.999,319.82050000,17,125.00000000,124.93750000,0
2026-02-13 21:00:00,0.9995,0.9995,0.9994,0.9994,72299.0,2026-02-13 21:59:59.999,72262.84340000,40,72228.00000000,72191.88600000,0
2026-02-13 22:00:00,0.9994,0.9995,0.9994,0.9994,203.0,2026-02-13 22:59:59.999,202.89120000,9,130.00000000,129.93500000,0
2026-02-13 23:00:00,0.9995,0.9995,0.9994,0.9995,10740.0,2026-02-13 23:59:59.999,10734.57820000,19,10222.00000000,10216.88900000,0
2026-02-14 00:00:00,0.9995,0.9995,0.9994,0.9995,157260.0,2026-02-14 00:59:59.999,157181.11020000,41,154662.00000000,154584.66900000,0
2026-02-14 01:00:00,0.9995,0.9995,0.9994,0.9994,266841.0,2026-02-14 01:59:59.999,266701.18760000,22,202922.00000000,202820.53900000,0
2026-02-14 02:00:00,0.9995,0.9995,0.9994,0.9994,262057.0,2026-02-14 02:59:59.999,261899.79660000,42,1615.00000000,1614.06180000,0
2026-02-14 03:00:00,0.9994,0.9994,0.9993,0.9994,25396.0,2026-02-14 03:59:59.999,25378.47050000,20,2477.00000000,2475.51380000,0
2026-02-14 04:00:00,0.9993,0.9994,0.9993,0.9994,202072.0,2026-02-14 04:59:59.999,201950.57580000,28,200262.00000000,200141.84280000,0
2026-02-14 05:00:00,0.9993,0.9994,0.9993,0.9994,387.0,2026-02-14 05:59:59.999,386.76310000,12,340.00000000,339.79600000,0
2026-02-14 06:00:00,0.9994,0.9994,0.9993,0.9994,145884.0,2026-02-14 06:59:59.999,145795.65550000,113,137743.00000000,137660.35420000,0
2026-02-14 07:00:00,0.9993,0.9994,0.9993,0.9994,129.0,2026-02-14 07:59:59.999,128.91380000,10,41.00000000,40.97540000,0
2026-02-14 08:00:00,0.9993,0.9994,0.9993,0.9994,1674.0,2026-02-14 08:59:59.999,1672.88020000,14,520.00000000,519.68800000,0
2026-02-14 09:00:00,0.9994,0.9994,0.9993,0.9993,78526.0,2026-02-14 09:59:59.999,78478.75620000,53,77244.00000000,77197.65360000,0
2026-02-14 10:00:00,0.9994,0.9994,0.9993,0.9993,15273.0,2026-02-14 10:59:59.999,15263.55630000,220,12474.00000000,12466.51560000,0
2026-02-14 11:00:00,0.9994,0.9994,0.9993,0.9993,15873.0,2026-02-14 11:59:59.999,15862.33090000,149,4420.00000000,4417.34800000,0
2026-02-14 12:00:00,0.9994,0.9994,0.9993,0.9994,42365.0,2026-02-14 12:59:59.999,42339.12820000,55,37837.00000000,37814.29780000,0
2026-02-14 13:00:00,0.9994,0.9994,0.9993,0.9994,288.0,2026-02-14 13:59:59.999,287.82170000,18,233.00000000,232.86020000,0
2026-02-14 14:00:00,0.9994,0.9994,0.9993,0.9993,46312.0,2026-02-14 14:59:59.999,46283.64070000,37,40591.00000000,40566.64540000,0
2026-02-14 15:00:00,0.9994,0.9996,0.9994,0.9996,714549.0,2026-02-14 15:59:59.999,714168.75030000,75,710022.00000000,709644.08300000,0
2026-02-14 16:00:00,0.9995,0.9996,0.9993,0.9994,313630.0,2026-02-14 16:59:59.999,313462.68930000,122,7670.00000000,7666.07490000,0
2026-02-14 17:00:00,0.9993,0.9995,0.9993,0.9994,381707.0,2026-02-14 17:59:59.999,381481.74010000,142,242501.00000000,242362.90970000,0
2026-02-14 18:00:00,0.9994,0.9995,0.9993,0.9994,135702.0,2026-02-14 18:59:59.999,135617.03980000,87,1813.00000000,1812.03300000,0
2026-02-14 19:00:00,0.9993,0.9994,0.9993,0.9994,67153.0,2026-02-14 19:59:59.999,67112.68710000,19,66942.00000000,66901.83480000,0
2026-02-14 20:00:00,0.9993,0.9994,0.9993,0.9994,579.0,2026-02-14 20:59:59.999,578.63440000,21,397.00000000,396.76180000,0
2026-02-14 21:00:00,0.9994,0.9994,0.9993,0.9993,1538.0,2026-02-14 21:59:59.999,1537.00520000,86,818.00000000,817.50920000,0
2026-02-14 22:00:00,0.9993,0.9994,0.9993,0.9994,4478.0,2026-02-14 22:59:59.999,4475.16450000,26,2991.00000000,2989.20540000,0
2026-02-14 23:00:00,0.9994,0.9994,0.9993,0.9994,1021.0,2026-02-14 23:59:59.999,1020.30890000,24,236.00000000,235.85840000,0
2026-02-15 00:00:00,0.9993,0.9994,0.9993,0.9993,7438.0,2026-02-15 00:59:59.999,7433.03750000,48,2441.00000000,2439.53540000,0
2026-02-15 01:00:00,0.9993,0.9994,0.9993,0.9993,169415.0,2026-02-15 01:59:59.999,169300.40860000,60,39991.00000000,39967.00540000,0
2026-02-15 02:00:00,0.9993,0.9994,0.9993,0.9993,401.0,2026-02-15 02:59:59.999,400.75290000,23,336.00000000,335.79840000,0
2026-02-15 03:00:00,0.9993,0.9994,0.9993,0.9994,2578.0,2026-02-15 03:59:59.999,2576.44370000,21,2483.00000000,2481.51020000,0
2026-02-15 04:00:00,0.9994,0.9994,0.9993,0.9993,2051.0,2026-02-15 04:59:59.999,2049.60810000,77,438.00000000,437.73720000,0
2026-02-15 05:00:00,0.9993,0.9994,0.9993,0.9994,20588.0,2026-02-15 05:59:59.999,20574.52930000,58,9409.00000000,9403.35460000,0
2026-02-15 06:00:00,0.9994,0.9994,0.9993,0.9993,104357.0,2026-02-15 06:59:59.999,104283.97960000,77,295.00000000,294.82300000,0
2026-02-15 07:00:00,0.9993,0.9994,0.9993,0.9994,139577.0,2026-02-15 07:59:59.999,139481.35140000,37,20553.00000000,20540.66820000,0
2026-02-15 08:00:00,0.9994,0.9994,0.9993,0.9994,7928.0,2026-02-15 08:59:59.999,7923.10210000,63,6517.00000000,6513.08980000,0
2026-02-15 09:00:00,0.9993,0.9994,0.9993,0.9994,31003.0,2026-02-15 09:59:59.999,30984.32530000,35,30274.00000000,30255.83560000,0
2026-02-15 10:00:00,0.9993,0.9994,0.9993,0.9993,11536.0,2026-02-15 10:59:59.999,11527.93620000,39,114.00000000,113.93160000,0
2026-02-15 11:00:00,0.9993,0.9994,0.9993,0.9993,2313.0,2026-02-15 11:59:59.999,2311.49180000,27,1109.00000000,1108.33460000,0
2026-02-15 12:00:00,0.9994,0.9994,0.9993,0.9993,17104.0,2026-02-15 12:59:59.999,17092.12330000,29,961.00000000,960.42340000,0
2026-02-15 13:00:00,0.9993,0.9994,0.9993,0.9994,45642.0,2026-02-15 13:59:59.999,45613.46420000,36,34136.00000000,34115.51840000,0
2026-02-15 14:00:00,0.9993,0.9994,0.9993,0.9994,86069.0,2026-02-15 14:59:59.999,86012.85620000,65,41045.00000000,41020.37300000,0
2026-02-15 15:00:00,0.9993,0.9994,0.9993,0.9993,210911.0,2026-02-15 15:59:59.999,210763.37580000,26,135.00000000,134.91900000,0
2026-02-15 16:00:00,0.9994,0.9994,0.9993,0.9993,180513.0,2026-02-15 16:59:59.999,180386.74710000,50,1062.00000000,1061.36280000,0
2026-02-15 17:00:00,0.9993,0.9994,0.9991,0.9992,360813.0,2026-02-15 17:59:59.999,360519.80020000,164,57084.00000000,57038.41060000,0
2026-02-15 18:00:00,0.9992,0.9993,0.9992,0.9992,8746.0,2026-02-15 18:59:59.999,8739.29310000,54,2899.00000000,2896.97070000,0
2026-02-15 19:00:00,0.9993,0.9993,0.9992,0.9992,51678.0,2026-02-15 19:59:59.999,51641.80510000,17,51475.00000000,51438.96750000,0
2026-02-15 20:00:00,0.9993,0.9993,0.9992,0.9993,1365.0,2026-02-15 20:59:59.999,1364.00650000,20,985.00000000,984.31050000,0
2026-02-15 21:00:00,0.9993,0.9993,0.9992,0.9992,2618.0,2026-02-15 21:59:59.999,2616.03950000,19,1339.00000000,1338.06270000,0
2026-02-15 22:00:00,0.9993,0.9993,0.9992,0.9992,781.0,2026-02-15 22:59:59.999,780.43960000,14,644.00000000,643.54920000,0
2026-02-15 23:00:00,0.9993,0.9993,0.9992,0.9993,2807.0,2026-02-15 23:59:59.999,2804.78670000,19,323.00000000,322.77390000,0
2026-02-16 00:00:00,0.9992,0.9993,0.9992,0.9992,113164.0,2026-02-16 00:59:59.999,113084.71350000,61,112447.00000000,112368.28710000,0
2026-02-16 01:00:00,0.9993,0.9993,0.9992,0.9993,253239.0,2026-02-16 01:59:59.999,253061.71510000,20,253063.00000000,252885.85590000,0
2026-02-16 02:00:00,0.9993,0.9994,0.9992,0.9993,56237.0,2026-02-16 02:59:59.999,56202.61800000,36,54504.00000000,54470.85250000,0
2026-02-16 03:00:00,0.9993,0.9994,0.9993,0.9993,58336.0,2026-02-16 03:59:59.999,58295.44230000,42,2775.00000000,2773.33500000,0
2026-02-16 04:00:00,0.9993,0.9994,0.9993,0.9994,52187.0,2026-02-16 04:59:59.999,52155.55500000,40,50859.00000000,50828.48460000,0
2026-02-16 05:00:00,0.9993,0.9994,0.9993,0.9994,3807.0,2026-02-16 05:59:59.999,3804.35330000,26,182.00000000,181.89080000,0
2026-02-16 06:00:00,0.9993,0.9994,0.9993,0.9994,69681.0,2026-02-16 06:59:59.999,69632.74000000,29,5167.00000000,5163.89980000,0
2026-02-16 07:00:00,0.9993,0.9994,0.9993,0.9994,253406.0,2026-02-16 07:59:59.999,253253.82220000,72,252064.00000000,251912.76160000,0
2026-02-16 08:00:00,0.9993,0.9994,0.9993,0.9993,273730.0,2026-02-16 08:59:59.999,273565.62820000,34,272392.00000000,272228.56480000,0
2026-02-16 09:00:00,0.9993,0.9994,0.9993,0.9994,5962.0,2026-02-16 09:59:59.999,5958.35050000,29,5239.00000000,5235.85660000,0
2026-02-16 10:00:00,0.9994,0.9995,0.9993,0.9995,391837.0,2026-02-16 10:59:59.999,391601.76690000,84,314926.00000000,314737.05250000,0
2026-02-16 11:00:00,0.9995,0.9995,0.9994,0.9995,6063.0,2026-02-16 11:59:59.999,6059.44420000,17,820.00000000,819.59000000,0
2026-02-16 12:00:00,0.9994,0.9995,0.9994,0.9995,8259.0,2026-02-16 12:59:59.999,8254.84860000,21,8040.00000000,8035.98000000,0
2026-02-16 13:00:00,0.9995,0.9995,0.9994,0.9995,114807.0,2026-02-16 13:59:59.999,114741.38910000,55,32733.00000000,32716.63350000,0
2026-02-16 14:00:00,0.9995,0.9998,0.9994,0.9998,2144942.0,2026-02-16 14:59:59.999,2144117.46070000,74,2137381.00000000,2136559.51800000,0
2026-02-16 15:00:00,0.9998,0.9998,0.9996,0.9997,351933.0,2026-02-16 15:59:59.999,351817.98890000,43,131.00000000,130.96190000,0
2026-02-16 16:00:00,0.9997,0.9997,0.9995,0.9995,74490.0,2026-02-16 16:59:59.999,74458.17610000,50,13294.00000000,13288.68930000,0
2026-02-16 17:00:00,0.9995,0.9996,0.9995,0.9996,2066.0,2026-02-16 17:59:59.999,2065.12780000,19,1608.00000000,1607.35680000,0
2026-02-16 18:00:00,0.9995,0.9996,0.9995,0.9995,7953.0,2026-02-16 18:59:59.999,7949.36190000,26,3384.00000000,3382.64640000,0
2026-02-16 19:00:00,0.9995,0.9996,0.9995,0.9995,180413.0,2026-02-16 19:59:59.999,180322.79870000,104,2634.00000000,2632.68820000,0
2026-02-16 20:00:00,0.9994,0.9995,0.9994,0.9995,1430.0,2026-02-16 20:59:59.999,1429.17420000,11,322.00000000,321.83900000,0
2026-02-16 21:00:00,0.9995,0.9995,0.9994,0.9995,18566.0,2026-02-16 21:59:59.999,18556.67180000,15,18114.00000000,18104.94300000,0
2026-02-16 22:00:00,0.9994,0.9996,0.9994,0.9995,303422.0,2026-02-16 22:59:59.999,303272.00780000,66,303311.00000000,303161.07320000,0
2026-02-16 23:00:00,0.9995,0.9996,0.9995,0.9995,4439.0,2026-02-16 23:59:59.999,4436.99040000,20,2099.00000000,2098.16040000,0
2026-02-17 00:00:00,0.9995,0.9996,0.9995,0.9996,3821.0,2026-02-17 00:59:59.999,3819.27730000,30,1878.00000000,1877.24880000,0
2026-02-17 01:00:00,0.9995,0.9996,0.9995,0.9995,29490.0,2026-02-17 01:59:59.999,29476.29670000,25,10417.00000000,10412.83320000,0
2026-02-17 02:00:00,0.9995,0.9996,0.9995,0.9995,3981.0,2026-02-17 02:59:59.999,3979.02920000,15,197.00000000,196.92120000,0
2026-02-17 03:00:00,0.9996,0.9996,0.9995,0.9996,4022.0,2026-02-17 03:59:59.999,4019.99720000,11,82.00000000,81.96720000,0
2026-02-17 04:00:00,0.9995,0.9996,0.9995,0.9995,1042.0,2026-02-17 04:59:59.999,1041.48090000,59,19.00000000,18.99240000,0
2026-02-17 05:00:00,0.9995,0.9996,0.9995,0.9995,20218.0,2026-02-17 05:59:59.999,20207.92650000,48,355.00000000,354.85800000,0
2026-02-17 06:00:00,0.9995,0.9996,0.9995,0.9995,101336.0,2026-02-17 06:59:59.999,101295.34220000,21,100102.00000000,100061.95920000,0
2026-02-17 07:00:00,0.9995,0.9996,0.9995,0.9995,8252.0,2026-02-17 07:59:59.999,8247.88710000,13,131.00000000,130.94760000,0
2026-02-17 08:00:00,0.9995,0.9996,0.9994,0.9994,364378.0,2026-02-17 08:59:59.999,364194.64970000,23,221.00000000,220.91160000,0
2026-02-17 09:00:00,0.9994,0.9995,0.9994,0.9995,79754.0,2026-02-17 09:59:59.999,79714.10260000,29,79550.00000000,79510.22500000,0
2026-02-17 10:00:00,0.9995,0.9995,0.9994,0.9994,8267.0,2026-02-17 10:59:59.999,8262.25040000,42,2106.00000000,2104.94700000,0
2026-02-17 11:00:00,0.9994,0.9995,0.9994,0.9994,96294.0,2026-02-17 11:59:59.999,96241.63820000,39,54146.00000000,54118.92700000,0
2026-02-17 12:00:00,0.9994,0.9995,0.9994,0.9994,77303.0,2026-02-17 12:59:59.999,77264.09500000,66,74768.00000000,74730.61600000,0
2026-02-17 13:00:00,0.9994,0.9996,0.9994,0.9996,214220.0,2026-02-17 13:59:59.999,214113.46390000,76,210746.00000000,210641.21950000,0
2026-02-17 14:00:00,0.9995,0.9996,0.9995,0.9996,129108.0,2026-02-17 14:59:59.999,129049.24270000,32,57967.00000000,57943.81320000,0
2026-02-17 15:00:00,0.9996,0.9996,0.9994,0.9995,295467.0,2026-02-17 15:59:59.999,295321.19750000,59,188296.00000000,188203.79310000,0
2026-02-17 16:00:00,0.9994,0.9995,0.9994,0.9994,28802.0,2026-02-17 16:59:59.999,28787.47230000,65,27535.00000000,27521.23250000,0
2026-02-17 17:00:00,0.9994,0.9995,0.9994,0.9995,132298.0,2026-02-17 17:59:59.999,132228.11750000,64,94900.00000000,94852.55000000,0
2026-02-17 18:00:00,0.9995,0.9996,0.9995,0.9996,9665.0,2026-02-17 18:59:59.999,9661.08170000,38,9142.00000000,9138.34320000,0
2026-02-17 19:00:00,0.9996,0.9998,0.9995,0.9998,173383.0,2026-02-17 19:59:59.999,173335.37860000,66,167098.00000000,167052.51650000,0
2026-02-17 20:00:00,0.9997,0.9998,0.9997,0.9998,11991.0,2026-02-17 20:59:59.999,11988.30100000,43,8983.00000000,8981.20340000,0
2026-02-17 21:00:00,0.9997,0.9998,0.9997,0.9998,17323.0,2026-02-17 21:59:59.999,17318.23410000,70,4310.00000000,4309.13800000,0
2026-02-17 22:00:00,0.9997,0.9998,0.9996,0.9997,355558.0,2026-02-17 22:59:59.999,355448.23610000,86,448.00000000,447.87920000,0
2026-02-17 23:00:00,0.9996,0.9997,0.9996,0.9996,8710.0,2026-02-17 23:59:59.999,8706.58830000,52,723.00000000,722.78310000,0
2026-02-18 00:00:00,0.9996,0.9997,0.9996,0.9996,307241.0,2026-02-18 00:59:59.999,307148.38400000,47,302804.00000000,302713.15880000,0
2026-02-18 01:00:00,0.9997,0.9997,0.9996,0.9997,52248.0,2026-02-18 01:59:59.999,52232.15300000,39,50522.00000000,50506.84340000,0
2026-02-18 02:00:00,0.9997,0.9997,0.9996,0.9997,203040.0,2026-02-18 02:59:59.999,202979.08390000,55,202999.00000000,202938.10030000,0
2026-02-18 03:00:00,0.9996,0.9998,0.9996,0.9998,93952.0,2026-02-18 03:59:59.999,93923.20950000,85,87852.00000000,87825.64850000,0
2026-02-18 04:00:00,0.9998,0.9998,0.9997,0.9997,4224.0,2026-02-18 04:59:59.999,4222.83440000,29,1016.00000000,1015.79680000,0
2026-02-18 05:00:00,0.9998,0.9998,0.9997,0.9997,1083965.0,2026-02-18 05:59:59.999,1083748.20360000,45,1083931.00000000,1083714.21380000,0
2026-02-18 06:00:00,0.9997,0.9998,0.9997,0.9997,101100.0,2026-02-18 06:59:59.999,101069.74470000,11,747.00000000,746.85060000,0
2026-02-18 07:00:00,0.9997,0.9998,0.9997,0.9997,383.0,2026-02-18 07:59:59.999,382.90780000,10,227.00000000,226.95460000,0
2026-02-18 08:00:00,0.9998,0.9998,0.9997,0.9997,28754.0,2026-02-18 08:59:59.999,28747.91000000,20,25362.00000000,25356.92760000,0
2026-02-18 09:00:00,0.9997,0.9998,0.9997,0.9997,93349.0,2026-02-18 09:59:59.999,93329.98150000,49,89862.00000000,89844.02760000,0
2026-02-18 10:00:00,0.9997,0.9998,0.9997,0.9998,25962.0,2026-02-18 10:59:59.999,25956.25380000,96,20424.00000000,20419.91520000,0
2026-02-18 11:00:00,0.9997,0.9998,0.9997,0.9997,2127.0,2026-02-18 11:59:59.999,2126.46840000,22,1065.00000000,1064.78700000,0
2026-02-18 12:00:00,0.9997,0.9998,0.9996,0.9997,346251.0,2026-02-18 12:59:59.999,346146.91770000,50,1396.00000000,1395.70230000,0
2026-02-18 13:00:00,0.9997,0.9997,0.9996,0.9997,5474.0,2026-02-18 13:59:59.999,5471.88790000,57,775.00000000,774.76750000,0
2026-02-18 14:00:00,0.9997,0.9997,0.9996,0.9997,266808.0,2026-02-18 14:59:59.999,266718.72910000,48,174523.00000000,174470.64310000,0
2026-02-18 15:00:00,0.9997,0.9997,0.9996,0.9996,10186.0,2026-02-18 15:59:59.999,10182.47140000,102,5458.00000000,5456.36260000,0
2026-02-18 16:00:00,0.9996,0.9997,0.9996,0.9996,71035.0,2026-02-18 16:59:59.999,71013.39960000,52,68136.00000000,68115.55920000,0
2026-02-18 17:00:00,0.9996,0.9997,0.9996,0.9996,5326.0,2026-02-18 17:59:59.999,5324.00930000,66,1397.00000000,1396.58090000,0
2026-02-18 18:00:00,0.9996,0.9997,0.9996,0.9997,17071.0,2026-02-18 18:59:59.999,17065.78830000,36,16167.00000000,16162.14990000,0
2026-02-18 19:00:00,0.9996,0.9997,0.9996,0.9996,9829.0,2026-02-18 19:59:59.999,9825.26800000,50,1996.00000000,1995.40120000,0
2026-02-18 20:00:00,0.9997,0.9997,0.9996,0.9997,6260.0,2026-02-18 20:59:59.999,6257.52030000,20,243.00000000,242.92710000,0
2026-02-18 21:00:00,0.9996,0.9997,0.9996,0.9997,5092.0,2026-02-18 21:59:59.999,5090.16450000,47,2013.00000000,2012.39610000,0
2026-02-18 22:00:00,0.9996,0.9997,0.9996,0.9996,4507.0,2026-02-18 22:59:59.999,4505.19890000,76,17.00000000,16.99490000,0
2026-02-18 23:00:00,0.9996,0.9997,0.9996,0.9996,4270.0,2026-02-18 23:59:59.999,4268.50330000,25,2113.00000000,2112.36610000,0
2026-02-19 00:00:00,0.9997,0.9998,0.9996,0.9998,301767.0,2026-02-19 00:59:59.999,301683.97140000,41,187769.00000000,187721.31590000,0
2026-02-19 01:00:00,0.9998,0.9999,0.9997,0.9999,227464.0,2026-02-19 01:59:59.999,227419.07600000,39,224884.00000000,224839.60070000,0
2026-02-19 02:00:00,0.9999,0.9999,0.9998,0.9998,243326.0,2026-02-19 02:59:59.999,243278.10140000,96,7666.00000000,7665.23340000,0
2026-02-19 03:00:00,0.9998,0.9999,0.9998,0.9998,264085.0,2026-02-19 03:59:59.999,264032.62750000,80,4445.00000000,4444.55550000,0
2026-02-19 04:00:00,0.9999,0.9999,0.9998,0.9998,15933.0,2026-02-19 04:59:59.999,15930.09710000,57,2837.00000000,2836.71630000,0
2026-02-19 05:00:00,0.9998,0.9999,0.9997,0.9997,856360.0,2026-02-19 05:59:59.999,856188.49680000,112,120.00000000,119.98310000,0
2026-02-19 06:00:00,0.9997,0.9998,0.9997,0.9997,74583.0,2026-02-19 06:59:59.999,74567.93280000,21,73077.00000000,73062.38460000,0
2026-02-19 07:00:00,0.9997,0.9998,0.9997,0.9997,39236.0,2026-02-19 07:59:59.999,39225.69610000,34,14669.00000000,14666.06620000,0
2026-02-19 08:00:00,0.9998,0.9998,0.9997,0.9997,4118.0,2026-02-19 08:59:59.999,4116.98490000,20,2203.00000000,2202.55940000,0
2026-02-19 09:00:00,0.9998,0.9998,0.9997,0.9997,166134.0,2026-02-19 09:59:59.999,166094.18490000,18,100251.00000000,100230.94980000,0
2026-02-19 10:00:00,0.9997,0.9998,0.9997,0.9997,103418.0,2026-02-19 10:59:59.999,103387.03770000,20,631.00000000,630.87380000,0
2026-02-19 11:00:00,0.9998,0.9998,0.9997,0.9997,52942.0,2026-02-19 11:59:59.999,52931.29130000,19,51739.00000000,51728.65220000,0
2026-02-19 12:00:00,0.9998,0.9998,0.9997,0.9997,23617.0,2026-02-19 12:59:59.999,23612.05960000,76,21447.00000000,21442.71060000,0
2026-02-19 13:00:00,0.9997,0.9998,0.9996,0.9996,112985.0,2026-02-19 13:59:59.999,112960.92130000,111,102937.00000000,102915.93850000,0
2026-02-19 14:00:00,0.9997,0.9997,0.9996,0.9997,5414.0,2026-02-19 14:59:59.999,5412.12380000,57,2894.00000000,2893.13180000,0
2026-02-19 15:00:00,0.9996,0.9997,0.9996,0.9997,71183.0,2026-02-19 15:59:59.999,71160.94290000,52,64161.00000000,64141.75170000,0
2026-02-19 16:00:00,0.9997,0.9997,0.9996,0.9996,7081.0,2026-02-19 16:59:59.999,7078.59930000,95,4317.00000000,4315.70490000,0
2026-02-19 17:00:00,0.9996,0.9997,0.9996,0.9997,132142.0,2026-02-19 17:59:59.999,132101.56560000,53,124224.00000000,124186.73280000,0
2026-02-19 18:00:00,0.9997,0.9997,0.9996,0.9996,5982.0,2026-02-19 18:59:59.999,5979.88440000,65,2772.00000000,2771.16840000,0
2026-02-19 19:00:00,0.9996,0.9997,0.9996,0.9997,240807.0,2026-02-19 19:59:59.999,240732.43500000,104,217578.00000000,217512.72660000,0
2026-02-19 20:00:00,0.9997,0.9997,0.9996,0.9996,4791.0,2026-02-19 20:59:59.999,4789.45880000,58,3752.00000000,3750.87440000,0
2026-02-19 21:00:00,0.9996,0.9997,0.9996,0.9996,5011.0,2026-02-19 21:59:59.999,5009.29990000,37,3043.00000000,3042.08710000,0
2026-02-19 22:00:00,0.9996,0.9997,0.9996,0.9997,61272.0,2026-02-19 22:59:59.999,61252.25350000,30,47623.00000000,47608.71310000,0
2026-02-19 23:00:00,0.9997,0.9997,0.9996,0.9997,53586.0,2026-02-19 23:59:59.999,53569.85650000,68,52909.00000000,52893.12730000,0
2026-02-20 00:00:00,0.9997,0.9997,0.9996,0.9996,301208.0,2026-02-20 00:59:59.999,301117.53120000,22,300144.00000000,300053.95680000,0
2026-02-20 01:00:00,0.9996,0.9997,0.9996,0.9996,67647.0,2026-02-20 01:59:59.999,67626.19510000,51,62539.00000000,62520.23830000,0
2026-02-20 02:00:00,0.9996,0.9997,0.9995,0.9995,158445.0,2026-02-20 02:59:59.999,158381.28830000,73,3392.00000000,3390.66020000,0
2026-02-20 03:00:00,0.9995,0.9996,0.9995,0.9995,112701.0,2026-02-20 03:59:59.999,112654.59310000,33,99436.00000000,99396.22560000,0
2026-02-20 04:00:00,0.9995,0.9996,0.9995,0.9995,53362.0,2026-02-20 04:59:59.999,53340.29460000,66,49756.00000000,49736.09760000,0
2026-02-20 05:00:00,0.9996,0.9996,0.9995,0.9996,3888.0,2026-02-20 05:59:59.999,3886.22150000,64,1655.00000000,1654.33800000,0
2026-02-20 06:00:00,0.9996,0.9996,0.9995,0.9996,6036.0,2026-02-20 06:59:59.999,6033.56780000,135,5858.00000000,5855.65680000,0
2026-02-20 07:00:00,0.9996,0.9996,0.9995,0.9995,255389.0,2026-02-20 07:59:59.999,255281.40500000,61,200995.00000000,200914.60200000,0
2026-02-20 08:00:00,0.9995,0.9996,0.9994,0.9994,155081.0,2026-02-20 08:59:59.999,154988.91570000,43,1931.00000000,1930.03540000,0
2026-02-20 09:00:00,0.9995,0.9995,0.9994,0.9994,91419.0,2026-02-20 09:59:59.999,91373.25610000,17,91075.00000000,91029.46250000,0
2026-02-20 10:00:00,0.9995,0.9995,0.9994,0.9994,122840.0,2026-02-20 10:59:59.999,122776.53830000,25,102423.00000000,102371.78850000,0
2026-02-20 11:00:00,0.9994,0.9995,0.9994,0.9994,7410.0,2026-02-20 11:59:59.999,7405.60570000,18,517.00000000,516.74150000,0
2026-02-20 12:00:00,0.9995,0.9999,0.9994,0.9994,1476395.0,2026-02-20 12:59:59.999,1475918.72100000,231,1298560.00000000,1298180.75240000,0
2026-02-20 13:00:00,0.9995,0.9995,0.9994,0.9994,17201.0,2026-02-20 13:59:59.999,17192.32730000,45,16479.00000000,16470.76050000,0
2026-02-20 14:00:00,0.9994,0.9996,0.9994,0.9995,20828.0,2026-02-20 14:59:59.999,20817.59540000,31,18455.00000000,18445.78270000,0
2026-02-20 15:00:00,0.9995,0.9996,0.9994,0.9994,128048.0,2026-02-20 15:59:59.999,127982.94830000,43,15545.00000000,15537.23750000,0
2026-02-20 16:00:00,0.9994,0.9995,0.9994,0.9994,3736.0,2026-02-20 16:59:59.999,3733.97230000,54,2139.00000000,2137.93050000,0
2026-02-20 17:00:00,0.9994,0.9995,0.9994,0.9995,2021.0,2026-02-20 17:59:59.999,2019.87050000,87,831.00000000,830.58450000,0
2026-02-20 18:00:00,0.9995,0.9995,0.9994,0.9995,777.0,2026-02-20 18:59:59.999,776.57680000,45,430.00000000,429.78500000,0
2026-02-20 19:00:00,0.9994,0.9995,0.9994,0.9995,5300.0,2026-02-20 19:59:59.999,5297.07430000,52,2543.00000000,2541.72850000,0
2026-02-20 20:00:00,0.9995,0.9995,0.9994,0.9995,2448.0,2026-02-20 20:59:59.999,2446.75970000,12,2285.00000000,2283.85750000,0
2026-02-20 21:00:00,0.9995,0.9995,0.9994,0.9995,743.0,2026-02-20 21:59:59.999,742.59780000,9,436.00000000,435.78200000,0
2026-02-20 22:00:00,0.9995,0.9995,0.9994,0.9995,3732.0,2026-02-20 22:59:59.999,3730.13040000,6,3696.00000000,3694.15200000,0
2026-02-20 23:00:00,0.9994,0.9995,0.9994,0.9994,15516.0,2026-02-20 23:59:59.999,15508.20380000,11,15134.00000000,15126.43300000,0
2026-02-21 00:00:00,0.9994,0.9995,0.9994,0.9994,202683.0,2026-02-21 00:59:59.999,202581.63300000,18,202428.00000000,202326.78600000,0
2026-02-21 01:00:00,0.9994,0.9995,0.9994,0.9994,192891.0,2026-02-21 01:59:59.999,192777.27010000,47,20047.00000000,20036.97650000,0
2026-02-21 02:00:00,0.9995,0.9995,0.9994,0.9994,107189.0,2026-02-21 02:59:59.999,107124.74240000,106,558.00000000,557.72100000,0
2026-02-21 03:00:00,0.9995,0.9995,0.9994,0.9994,46883.0,2026-02-21 03:59:59.999,46857.67410000,33,28039.00000000,28024.98050000,0
2026-02-21 04:00:00,0.9994,0.9995,0.9994,0.9995,3571.0,2026-02-21 04:59:59.999,3568.87390000,40,165.00000000,164.91750000,0
2026-02-21 05:00:00,0.9994,0.9995,0.9994,0.9994,3409.0,2026-02-21 05:59:59.999,3407.03850000,31,839.00000000,838.58050000,0
2026-02-21 06:00:00,0.9994,0.9995,0.9994,0.9995,83009.0,2026-02-21 06:59:59.999,82965.67500000,34,64804.00000000,64771.59800000,0
2026-02-21 07:00:00,0.9995,0.9995,0.9994,0.9994,178389.0,2026-02-21 07:59:59.999,178282.01020000,48,436.00000000,435.78200000,0
2026-02-21 08:00:00,0.9994,0.9995,0.9993,0.9993,137338.0,2026-02-21 08:59:59.999,137251.51520000,71,3233.00000000,3231.08390000,0
2026-02-21 09:00:00,0.9993,0.9994,0.9993,0.9994,2914.0,2026-02-21 09:59:59.999,2912.02750000,38,673.00000000,672.59620000,0
2026-02-21 10:00:00,0.9994,0.9994,0.9993,0.9993,4945.0,2026-02-21 10:59:59.999,4941.61720000,36,787.00000000,786.52780000,0
2026-02-21 11:00:00,0.9993,0.9994,0.9993,0.9994,18575.0,2026-02-21 11:59:59.999,18562.06250000,20,650.00000000,649.61000000,0
2026-02-21 12:00:00,0.9993,0.9994,0.9993,0.9994,2951.0,2026-02-21 12:59:59.999,2949.05440000,19,1201.00000000,1200.27940000,0
2026-02-21 13:00:00,0.9994,0.9994,0.9993,0.9994,1833.0,2026-02-21 13:59:59.999,1831.75900000,29,421.00000000,420.74740000,0
2026-02-21 14:00:00,0.9994,0.9994,0.9993,0.9993,935.0,2026-02-21 14:59:59.999,934.40850000,73,630.00000000,629.62200000,0
2026-02-21 15:00:00,0.9994,0.9994,0.9993,0.9993,88098.0,2026-02-21 15:59:59.999,88036.71810000,89,3867.00000000,3864.67980000,0
2026-02-21 16:00:00,0.9993,0.9995,0.9993,0.9994,318599.0,2026-02-21 16:59:59.999,318426.91980000,85,310208.00000000,310041.26580000,0
2026-02-21 17:00:00,0.9995,0.9997,0.9994,0.9995,157955.0,2026-02-21 17:59:59.999,157889.71940000,50,150254.00000000,150193.23030000,0
2026-02-21 18:00:00,0.9995,0.9996,0.9995,0.9995,4983.0,2026-02-21 18:59:59.999,4980.59360000,37,851.00000000,850.65960000,0
2026-02-21 19:00:00,0.9996,0.9996,0.9994,0.9995,19800.0,2026-02-21 19:59:59.999,19788.92800000,24,231.00000000,230.90360000,0
2026-02-21 20:00:00,0.9994,0.9995,0.9994,0.9994,89580.0,2026-02-21 20:59:59.999,89526.27020000,117,182.00000000,181.90900000,0
2026-02-21 21:00:00,0.9994,0.9995,0.9994,0.9994,2629.0,2026-02-21 21:59:59.999,2627.44570000,32,231.00000000,230.88450000,0
2026-02-21 22:00:00,0.9994,0.9995,0.9994,0.9995,53104.0,2026-02-21 22:59:59.999,53073.91020000,25,17726.00000000,17717.13700000,0
2026-02-21 23:00:00,0.9995,0.9995,0.9994,0.9994,18157.0,2026-02-21 23:59:59.999,18146.33130000,52,4719.00000000,4716.39410000,0
2026-02-22 00:00:00,0.9993,0.9997,0.9993,0.9995,771117.0,2026-02-22 00:59:59.999,770732.78580000,174,352494.00000000,352320.20660000,0
2026-02-22 01:00:00,0.9995,0.9996,0.9995,0.9995,104659.0,2026-02-22 01:59:59.999,104606.73620000,22,657.00000000,656.73720000,0
2026-02-22 02:00:00,0.9995,0.9995,0.9994,0.9994,177417.0,2026-02-22 02:59:59.999,177311.45930000,71,4159.00000000,4156.92050000,0
2026-02-22 03:00:00,0.9995,0.9995,0.9993,0.9993,138482.0,2026-02-22 03:59:59.999,138393.94080000,67,37084.00000000,37061.75690000,0
2026-02-22 04:00:00,0.9993,0.9994,0.9993,0.9993,54221.0,2026-02-22 04:59:59.999,54183.31490000,35,2696.00000000,2694.38240000,0
2026-02-22 05:00:00,0.9993,0.9994,0.999,0.9991,817042.0,2026-02-22 05:59:59.999,816363.24030000,81,9232.00000000,9224.40750000,0
2026-02-22 06:00:00,0.9991,0.9991,0.9989,0.999,705221.0,2026-02-22 06:59:59.999,704513.57280000,34,779.00000000,778.25140000,0
2026-02-22 07:00:00,0.9991,0.9991,0.999,0.9991,306412.0,2026-02-22 07:59:59.999,306123.17790000,58,175899.00000000,175740.69090000,0
2026-02-22 08:00:00,0.999,0.9991,0.999,0.999,968302.0,2026-02-22 08:59:59.999,967406.68540000,73,729874.00000000,729217.11340000,0
2026-02-22 09:00:00,0.9991,0.9991,0.999,0.9991,785396.0,2026-02-22 09:59:59.999,784689.05450000,119,784505.00000000,783798.94550000,0
2026-02-22 10:00:00,0.9991,0.9993,0.9991,0.9992,270207.0,2026-02-22 10:59:59.999,270000.74570000,74,264951.00000000,264749.21380000,0
2026-02-22 11:00:00,0.9993,0.9993,0.9992,0.9992,6132.0,2026-02-22 11:59:59.999,6127.24800000,14,1536.00000000,1534.92480000,0
2026-02-22 12:00:00,0.9993,0.9993,0.9992,0.9992,258983.0,2026-02-22 12:59:59.999,258775.88240000,22,688.00000000,687.51840000,0
2026-02-22 13:00:00,0.9993,0.9993,0.9991,0.9991,464822.0,2026-02-22 13:59:59.999,464444.08980000,29,10446.00000000,10438.65300000,0
2026-02-22 14:00:00,0.9991,0.9992,0.9991,0.9991,710.0,2026-02-22 14:59:59.999,709.41690000,22,559.00000000,558.55280000,0
2026-02-22 15:00:00,0.9992,0.9992,0.9991,0.9992,27320.0,2026-02-22 15:59:59.999,27298.06650000,24,26545.00000000,26523.76400000,0
2026-02-22 16:00:00,0.9991,0.9993,0.9991,0.9993,175610.0,2026-02-22 16:59:59.999,175469.48630000,23,175336.00000000,175195.73190000,0
2026-02-22 17:00:00,0.9992,0.9993,0.9992,0.9993,7806.0,2026-02-22 17:59:59.999,7799.78210000,15,269.00000000,268.81170000,0
2026-02-22 18:00:00,0.9992,0.9993,0.9992,0.9992,62368.0,2026-02-22 18:59:59.999,62318.10640000,10,8.00000000,7.99440000,0
2026-02-22 19:00:00,0.9992,0.9992,0.9992,0.9992,151.0,2026-02-22 19:59:59.999,150.87920000,3,0.00000000,0.00000000,0
2026-02-22 20:00:00,0.9993,0.9993,0.9992,0.9992,443.0,2026-02-22 20:59:59.999,442.66080000,8,152.00000000,151.89360000,0
2026-02-22 21:00:00,0.9993,0.9993,0.9992,0.9992,58.0,2026-02-22 21:59:59.999,57.95610000,2,25.00000000,24.98250000,0
2026-02-22 22:00:00,0.9993,0.9993,0.9991,0.9991,242193.0,2026-02-22 22:59:59.999,241999.40310000,40,91779.00000000,91705.73490000,0
2026-02-22 23:00:00,0.9991,0.9992,0.9991,0.9991,342734.0,2026-02-22 23:59:59.999,342459.78970000,18,342503.00000000,342228.99760000,0
2026-02-23 00:00:00,0.9992,0.9992,0.9991,0.9992,3672.0,2026-02-23 00:59:59.999,3668.71850000,22,233.00000000,232.81360000,0
2026-02-23 01:00:00,0.9991,0.9992,0.9991,0.9991,340362.0,2026-02-23 01:59:59.999,340082.26610000,71,265919.00000000,265706.26480000,0
2026-02-23 02:00:00,0.9992,0.9993,0.9991,0.9993,31576.0,2026-02-23 02:59:59.999,31552.02380000,29,27729.00000000,27708.16100000,0
2026-02-23 03:00:00,0.9992,0.9993,0.9992,0.9992,18681.0,2026-02-23 03:59:59.999,18667.10100000,27,10458.00000000,10450.67940000,0
2026-02-23 04:00:00,0.9992,0.9993,0.9992,0.9992,110972.0,2026-02-23 04:59:59.999,110883.31870000,79,963.00000000,962.32590000,0
2026-02-23 05:00:00,0.9993,0.9993,0.9992,0.9993,8887.0,2026-02-23 05:59:59.999,8880.29280000,20,4024.00000000,4021.18320000,0
2026-02-23 06:00:00,0.9992,0.9993,0.9992,0.9992,207436.0,2026-02-23 06:59:59.999,207270.07200000,38,208.00000000,207.85440000,0
2026-02-23 07:00:00,0.9992,0.9993,0.9992,0.9992,8589.0,2026-02-23 07:59:59.999,8582.22720000,19,984.00000000,983.31120000,0
2026-02-23 08:00:00,0.9993,0.9993,0.9992,0.9993,3282.0,2026-02-23 08:59:59.999,3279.47100000,23,966.00000000,965.32380000,0
2026-02-23 09:00:00,0.9993,0.9993,0.9992,0.9993,1791.0,2026-02-23 09:59:59.999,1789.65710000,82,899.00000000,898.37070000,0
2026-02-23 10:00:00,0.9993,0.9993,0.9992,0.9992,63405.0,2026-02-23 10:59:59.999,63357.18590000,87,29099.00000000,29078.63070000,0
2026-02-23 11:00:00,0.9993,0.9993,0.9992,0.9993,50198.0,2026-02-23 11:59:59.999,50161.80130000,36,39597.00000000,39569.28210000,0
2026-02-23 12:00:00,0.9993,0.9993,0.9992,0.9992,2994.0,2026-02-23 12:59:59.999,2991.68540000,73,806.00000000,805.43580000,0
2026-02-23 13:00:00,0.9993,0.9994,0.9992,0.9992,1975660.0,2026-02-23 13:59:59.999,1974249.24990000,82,375007.00000000,374750.68270000,0
2026-02-23 14:00:00,0.9993,0.9993,0.9992,0.9992,175001.0,2026-02-23 14:59:59.999,174862.00090000,16,10017.00000000,10009.98810000,0
2026-02-23 15:00:00,0.9993,0.9993,0.9992,0.9993,858104.0,2026-02-23 15:59:59.999,857418.09680000,29,5800.00000000,5795.94000000,0
2026-02-23 16:00:00,0.9993,0.9993,0.9992,0.9992,181653.0,2026-02-23 16:59:59.999,181508.29940000,36,6218.00000000,6213.64740000,0
2026-02-23 17:00:00,0.9992,0.9993,0.9992,0.9993,4165.0,2026-02-23 17:59:59.999,4161.88390000,55,2159.00000000,2157.48870000,0
2026-02-23 18:00:00,0.9993,0.9993,0.9992,0.9993,1368.0,2026-02-23 18:59:59.999,1366.92300000,21,174.00000000,173.87820000,0
2026-02-23 19:00:00,0.9992,0.9993,0.9992,0.9992,4365.0,2026-02-23 19:59:59.999,4361.83460000,15,3266.00000000,3263.71380000,0
2026-02-23 20:00:00,0.9993,0.9993,0.9992,0.9993,5089.0,2026-02-23 20:59:59.999,5085.40420000,39,4754.00000000,4750.67220000,0
2026-02-23 21:00:00,0.9993,0.9993,0.9992,0.9993,6592.0,2026-02-23 21:59:59.999,6587.12500000,23,3986.00000000,3983.20980000,0
2026-02-23 22:00:00,0.9993,0.9993,0.9992,0.9993,1876.0,2026-02-23 22:59:59.999,1874.57750000,59,783.00000000,782.45190000,0
2026-02-23 23:00:00,0.9993,0.9993,0.9992,0.9993,2075.0,2026-02-23 23:59:59.999,2073.38700000,74,470.00000000,469.67100000,0
2026-02-24 00:00:00,0.9993,0.9993,0.9992,0.9993,22456.0,2026-02-24 00:59:59.999,22438.36660000,167,3314.00000000,3311.68020000,0
2026-02-24 01:00:00,0.9993,0.9993,0.9992,0.9992,59515.0,2026-02-24 01:59:59.999,59473.06910000,138,56811.00000000,56771.23230000,0
2026-02-24 02:00:00,0.9993,0.9993,0.9992,0.9992,16577.0,2026-02-24 02:59:59.999,16563.96790000,29,2295.00000000,2293.39350000,0
2026-02-24 03:00:00,0.9993,0.9993,0.9992,0.9992,2005.0,2026-02-24 03:59:59.999,2003.44250000,17,465.00000000,464.67450000,0
2026-02-24 04:00:00,0.9992,0.9993,0.9992,0.9993,4922.0,2026-02-24 04:59:59.999,4918.09210000,85,297.00000000,296.79210000,0
2026-02-24 05:00:00,0.9992,0.9993,0.9992,0.9992,513248.0,2026-02-24 05:59:59.999,512837.48910000,94,875.00000000,874.38750000,0
2026-02-24 06:00:00,0.9993,0.9993,0.9992,0.9992,276825.0,2026-02-24 06:59:59.999,276624.20810000,45,206681.00000000,206536.32330000,0
2026-02-24 07:00:00,0.9992,0.9993,0.9992,0.9993,217408.0,2026-02-24 07:59:59.999,217254.42710000,75,203535.00000000,203392.52550000,0
2026-02-24 08:00:00,0.9992,0.9993,0.9992,0.9993,69026.0,2026-02-24 08:59:59.999,68970.89450000,27,1153.00000000,1152.19290000,0
2026-02-24 09:00:00,0.9993,0.9993,0.9992,0.9993,117134.0,2026-02-24 09:59:59.999,117046.97360000,37,66808.00000000,66761.23440000,0
2026-02-24 10:00:00,0.9992,0.9993,0.9992,0.9992,7240.0,2026-02-24 10:59:59.999,7234.77660000,22,5686.00000000,5682.01980000,0
2026-02-24 11:00:00,0.9993,0.9993,0.9991,0.9992,409118.0,2026-02-24 11:59:59.999,408790.53880000,73,116237.00000000,116144.02470000,0
2026-02-24 12:00:00,0.9991,0.9992,0.9991,0.9991,625467.0,2026-02-24 12:59:59.999,624922.08140000,45,180017.00000000,179872.98640000,0
2026-02-24 13:00:00,0.9991,0.9992,0.9989,0.9991,4651699.0,2026-02-24 13:59:59.999,4647224.14510000,192,1064130.00000000,1063182.44000000,0
2026-02-24 14:00:00,0.9991,0.9991,0.9989,0.9991,4211615.0,2026-02-24 14:59:59.999,4207438.04330000,246,1211031.00000000,1209873.96510000,0
2026-02-24 15:00:00,0.9991,0.9992,0.999,0.9991,1280425.0,2026-02-24 15:59:59.999,1279319.24220000,122,755225.00000000,754591.92690000,0
2026-02-24 16:00:00,0.9992,0.9993,0.9989,0.999,3554499.0,2026-02-24 16:59:59.999,3551159.73090000,139,1052133.00000000,1051135.68360000,0
2026-02-24 17:00:00,0.9989,0.9991,0.9989,0.999,360457.0,2026-02-24 17:59:59.999,360109.53280000,66,357622.00000000,357277.46810000,0
2026-02-24 18:00:00,0.9991,0.9992,0.999,0.9992,277774.0,2026-02-24 18:59:59.999,277524.48650000,52,277596.00000000,277346.66450000,0
2026-02-24 19:00:00,0.9992,0.9992,0.9991,0.9992,178996.0,2026-02-24 19:59:59.999,178852.80200000,20,178984.00000000,178840.81280000,0
2026-02-24 20:00:00,0.9991,0.9992,0.9991,0.9992,282.0,2026-02-24 20:59:59.999,281.76140000,9,152.00000000,151.87840000,0
2026-02-24 21:00:00,0.9992,0.9992,0.9991,0.9992,5081.0,2026-02-24 21:59:59.999,5076.64740000,38,2203.00000000,2201.23760000,0
2026-02-24 22:00:00,0.9991,0.9992,0.9991,0.9992,1013.0,2026-02-24 22:59:59.999,1012.14200000,77,537.00000000,536.57040000,0
2026-02-24 23:00:00,0.9992,0.9993,0.9991,0.9993,111047.0,2026-02-24 23:59:59.999,110967.83800000,124,106743.00000000,106667.32560000,0
2026-02-25 00:00:00,0.9992,0.9993,0.9992,0.9993,35529.0,2026-02-25 00:59:59.999,35500.86540000,42,2886.00000000,2883.97980000,0
2026-02-25 01:00:00,0.9993,0.9993,0.9991,0.9992,2742634.0,2026-02-25 01:59:59.999,2740329.50590000,143,791896.00000000,791262.16520000,0
2026-02-25 02:00:00,0.9992,0.9993,0.9991,0.9992,186328.0,2026-02-25 02:59:59.999,186178.98370000,46,182321.00000000,182175.20000000,0
2026-02-25 03:00:00,0.9992,0.9993,0.9992,0.9993,6098.0,2026-02-25 03:59:59.999,6093.17690000,9,553.00000000,552.61290000,0
2026-02-25 04:00:00,0.9992,0.9993,0.9992,0.9992,3017.0,2026-02-25 04:59:59.999,3014.66240000,35,760.00000000,759.46800000,0
2026-02-25 05:00:00,0.9993,0.9993,0.9992,0.9993,1763.0,2026-02-25 05:59:59.999,1761.69970000,28,1101.00000000,1100.22930000,0
2026-02-25 06:00:00,0.9992,0.9993,0.9992,0.9992,10934.0,2026-02-25 06:59:59.999,10925.47590000,28,2231.00000000,2229.43830000,0
2026-02-25 07:00:00,0.9992,0.9993,0.9992,0.9992,153211.0,2026-02-25 07:59:59.999,153103.43970000,23,150085.00000000,149979.94050000,0
2026-02-25 08:00:00,0.9992,0.9993,0.9992,0.9992,3455.0,2026-02-25 08:59:59.999,3452.36240000,19,1264.00000000,1263.11520000,0
2026-02-25 09:00:00,0.9992,0.9993,0.9992,0.9993,4676.0,2026-02-25 09:59:59.999,4672.52300000,15,2638.00000000,2636.15340000,0
2026-02-25 10:00:00,0.9992,0.9994,0.9992,0.9994,233647.0,2026-02-25 10:59:59.999,233497.63790000,98,229880.00000000,229733.04800000,0
2026-02-25 11:00:00,0.9994,0.9995,0.9992,0.9993,690262.0,2026-02-25 11:59:59.999,689769.46790000,70,184159.00000000,184033.25530000,0
2026-02-25 12:00:00,0.9993,0.9994,0.9993,0.9993,20735.0,2026-02-25 12:59:59.999,20720.99080000,28,5053.00000000,5049.96820000,0
2026-02-25 13:00:00,0.9994,0.9994,0.9993,0.9994,38665.0,2026-02-25 13:59:59.999,38639.14020000,110,12057.00000000,12049.76580000,0
2026-02-25 14:00:00,0.9993,0.9994,0.9993,0.9993,95655.0,2026-02-25 14:59:59.999,95588.29140000,31,2499.00000000,2497.50060000,0
2026-02-25 15:00:00,0.9993,0.9996,0.9993,0.9994,828266.0,2026-02-25 15:59:59.999,827795.46420000,96,765519.00000000,765086.39140000,0
2026-02-25 16:00:00,0.9994,0.9996,0.9994,0.9995,1439840.0,2026-02-25 16:59:59.999,1439129.94430000,89,1351519.00000000,1350860.99040000,0
2026-02-25 17:00:00,0.9994,0.9997,0.9994,0.9996,4061040.0,2026-02-25 17:59:59.999,4059183.05650000,385,2897122.00000000,2895807.25910000,0
2026-02-25 18:00:00,0.9996,0.9996,0.9994,0.9995,1069152.0,2026-02-25 18:59:59.999,1068614.30210000,46,2653.00000000,2651.84870000,0
2026-02-25 19:00:00,0.9994,0.9994,0.9993,0.9994,109934.0,2026-02-25 19:59:59.999,109864.91090000,60,6456.00000000,6452.12640000,0
2026-02-25 20:00:00,0.9993,0.9994,0.9993,0.9993,316759.0,2026-02-25 20:59:59.999,316552.32400000,35,151657.00000000,151565.89540000,0
2026-02-25 21:00:00,0.9993,0.9993,0.9992,0.9993,18490.0,2026-02-25 21:59:59.999,18476.75960000,241,15516.00000000,15505.13880000,0
2026-02-25 22:00:00,0.9993,0.9993,0.9992,0.9993,1273.0,2026-02-25 22:59:59.999,1272.06510000,31,835.00000000,834.41550000,0
2026-02-25 23:00:00,0.9993,0.9993,0.9992,0.9993,866.0,2026-02-25 23:59:59.999,865.37150000,11,643.00000000,642.54990000,0
2026-02-26 00:00:00,0.9992,0.9993,0.9992,0.9993,4895.0,2026-02-26 00:59:59.999,4891.48140000,34,3974.00000000,3971.21820000,0
2026-02-26 01:00:00,0.9992,0.9993,0.9992,0.9992,187.0,2026-02-26 01:59:59.999,186.85400000,7,36.00000000,35.97480000,0
2026-02-26 02:00:00,0.9993,0.9993,0.9992,0.9993,1423.0,2026-02-26 02:59:59.999,1421.89430000,10,327.00000000,326.77110000,0
2026-02-26 03:00:00,0.9992,0.9993,0.9992,0.9993,7281.0,2026-02-26 03:59:59.999,7275.19000000,34,148.00000000,147.89640000,0
2026-02-26 04:00:00,0.9992,0.9993,0.9992,0.9992,184384.0,2026-02-26 04:59:59.999,184254.83470000,29,183419.00000000,183290.60670000,0
2026-02-26 05:00:00,0.9992,0.9993,0.9992,0.9993,286310.0,2026-02-26 05:59:59.999,286091.13690000,39,101849.00000000,101777.70570000,0
2026-02-26 06:00:00,0.9993,0.9994,0.9992,0.9994,763211.0,2026-02-26 06:59:59.999,762685.93860000,66,762742.00000000,762217.28690000,0
2026-02-26 07:00:00,0.9994,0.9994,0.9992,0.9992,506463.0,2026-02-26 07:59:59.999,506091.91490000,28,603.00000000,602.63110000,0
2026-02-26 08:00:00,0.9993,0.9993,0.9992,0.9993,20267.0,2026-02-26 08:59:59.999,20252.81100000,6,20246.00000000,20231.82780000,0
2026-02-26 09:00:00,0.9993,0.9993,0.9992,0.9992,104306.0,2026-02-26 09:59:59.999,104222.71470000,43,1595.00000000,1593.88350000,0
2026-02-26 10:00:00,0.9993,0.9993,0.9992,0.9992,11080.0,2026-02-26 10:59:59.999,11071.15540000,49,194.00000000,193.86420000,0
2026-02-26 11:00:00,0.9992,0.9993,0.9992,0.9992,13032.0,2026-02-26 11:59:59.999,13021.58710000,53,127.00000000,126.91110000,0
2026-02-26 12:00:00,0.9993,0.9993,0.9992,0.9992,116178.0,2026-02-26 12:59:59.999,116086.06820000,228,10106.00000000,10098.92580000,0
2026-02-26 13:00:00,0.9992,0.9993,0.9992,0.9993,20740.0,2026-02-26 13:59:59.999,20725.45610000,20,20481.00000000,20466.66330000,0
2026-02-26 14:00:00,0.9992,0.9993,0.9992,0.9992,9020.0,2026-02-26 14:59:59.999,9012.81320000,17,292.00000000,291.79560000,0
2026-02-26 15:00:00,0.9993,0.9993,0.9992,0.9993,4469.0,2026-02-26 15:59:59.999,4465.64070000,40,2159.00000000,2157.48870000,0
2026-02-26 16:00:00,0.9992,0.9993,0.9992,0.9992,31707.0,2026-02-26 16:59:59.999,31682.00800000,33,3736.00000000,3733.38480000,0
2026-02-26 17:00:00,0.9992,0.9993,0.9992,0.9992,70857.0,2026-02-26 17:59:59.999,70807.31660000,20,70022.00000000,69972.98460000,0
2026-02-26 18:00:00,0.9992,0.9993,0.9992,0.9993,49737.0,2026-02-26 18:59:59.999,49697.21480000,12,44.00000000,43.96920000,0
2026-02-26 19:00:00,0.9993,0.9993,0.9992,0.9993,7374.0,2026-02-26 19:59:59.999,7368.76660000,14,6658.00000000,6653.33940000,0
2026-02-26 20:00:00,0.9992,0.9993,0.9992,0.9993,507.0,2026-02-26 20:59:59.999,506.62450000,35,301.00000000,300.78930000,0
2026-02-26 21:00:00,0.9993,0.9993,0.9992,0.9993,1973.0,2026-02-26 21:59:59.999,1971.47520000,75,536.00000000,535.62480000,0
2026-02-26 22:00:00,0.9993,0.9993,0.9992,0.9993,4255.0,2026-02-26 22:59:59.999,4251.64580000,75,498.00000000,497.65140000,0
2026-02-26 23:00:00,0.9993,0.9994,0.9992,0.9993,376027.0,2026-02-26 23:59:59.999,375763.68060000,134,374022.00000000,373760.23460000,0
2026-02-27 00:00:00,0.9994,0.9994,0.9993,0.9994,3398.0,2026-02-27 00:59:59.999,3395.94780000,10,3264.00000000,3262.04160000,0
2026-02-27 01:00:00,0.9993,0.9994,0.9993,0.9994,1253.0,2026-02-27 01:59:59.999,1252.13550000,16,126.00000000,125.92440000,0
2026-02-27 02:00:00,0.9993,0.9995,0.9993,0.9994,467608.0,2026-02-27 02:59:59.999,467327.44040000,60,465081.00000000,464801.96280000,0
2026-02-27 03:00:00,0.9994,0.9995,0.9994,0.9995,9312.0,2026-02-27 03:59:59.999,9307.00480000,41,5920.00000000,5917.04000000,0
2026-02-27 04:00:00,0.9994,0.9995,0.9994,0.9994,23586.0,2026-02-27 04:59:59.999,23574.07620000,13,22278.00000000,22266.86100000,0
2026-02-27 05:00:00,0.9994,0.9995,0.9994,0.9995,207368.0,2026-02-27 05:59:59.999,207244.00260000,66,4234.00000000,4231.88300000,0
2026-02-27 06:00:00,0.9995,0.9995,0.9994,0.9995,4356.0,2026-02-27 06:59:59.999,4353.81530000,15,4289.00000000,4286.85550000,0
2026-02-27 07:00:00,0.9995,0.9995,0.9994,0.9995,1080.0,2026-02-27 07:59:59.999,1079.41620000,18,642.00000000,641.67900000,0
2026-02-27 08:00:00,0.9994,0.9995,0.9994,0.9995,13874.0,2026-02-27 08:59:59.999,13865.72020000,24,446.00000000,445.77700000,0
2026-02-27 09:00:00,0.9994,0.9995,0.9994,0.9995,104937.0,2026-02-27 09:59:59.999,104874.16360000,39,1258.00000000,1257.37100000,0
2026-02-27 10:00:00,0.9995,0.9995,0.9994,0.9994,3154.0,2026-02-27 10:59:59.999,3152.29380000,24,1862.00000000,1861.06900000,0
2026-02-27 11:00:00,0.9994,0.9995,0.9994,0.9994,2069.0,2026-02-27 11:59:59.999,2067.78920000,110,306.00000000,305.84700000,0
2026-02-27 12:00:00,0.9994,0.9995,0.9994,0.9994,22707.0,2026-02-27 12:59:59.999,22693.46240000,142,866.00000000,865.56700000,0
2026-02-27 13:00:00,0.9994,0.9995,0.9994,0.9994,27901.0,2026-02-27 13:59:59.999,27884.28290000,154,235.00000000,234.88250000,0
2026-02-27 14:00:00,0.9994,0.9995,0.9994,0.9995,119002.0,2026-02-27 14:59:59.999,118937.68860000,131,70898.00000000,70862.55100000,0
2026-02-27 15:00:00,0.9994,0.9995,0.9993,0.9993,170920.0,2026-02-27 15:59:59.999,170818.93410000,44,15425.00000000,15417.25620000,0
2026-02-27 16:00:00,0.9994,0.9994,0.9993,0.9993,23200.0,2026-02-27 16:59:59.999,23184.97240000,25,12124.00000000,12116.72560000,0
2026-02-27 17:00:00,0.9993,0.9994,0.9993,0.9993,15004.0,2026-02-27 17:59:59.999,14993.50010000,18,29.00000000,28.98260000,0
2026-02-27 18:00:00,0.9993,0.9994,0.9993,0.9993,4731.0,2026-02-27 18:59:59.999,4727.69160000,8,33.00000000,32.98020000,0
2026-02-27 19:00:00,0.9993,0.9994,0.9993,0.9993,544.0,2026-02-27 19:59:59.999,543.63260000,15,134.00000000,133.91960000,0
2026-02-27 20:00:00,0.9994,0.9994,0.9992,0.9992,405554.0,2026-02-27 20:59:59.999,405270.04030000,54,4572.00000000,4568.80800000,0
2026-02-27 21:00:00,0.9993,0.9993,0.9992,0.9992,10699.0,2026-02-27 21:59:59.999,10690.44960000,147,88.00000000,87.93840000,0
2026-02-27 22:00:00,0.9992,0.9993,0.9992,0.9993,2325.0,2026-02-27 22:59:59.999,2323.14650000,38,65.00000000,64.95450000,0
2026-02-27 23:00:00,0.9993,0.9993,0.9992,0.9993,2783.0,2026-02-27 23:59:59.999,2780.95090000,15,1773.00000000,1771.75890000,0
2026-02-28 00:00:00,0.9993,0.9993,0.9992,0.9992,176.0,2026-02-28 00:59:59.999,175.87110000,13,119.00000000,118.91670000,0
2026-02-28 01:00:00,0.9993,0.9993,0.9992,0.9993,968.0,2026-02-28 01:59:59.999,967.31740000,12,918.00000000,917.35740000,0
2026-02-28 02:00:00,0.9993,0.9993,0.9992,0.9993,2158.0,2026-02-28 02:59:59.999,2156.48170000,9,2081.00000000,2079.54330000,0
2026-02-28 03:00:00,0.9993,0.9993,0.9992,0.9992,110228.0,2026-02-28 03:59:59.999,110139.82600000,19,84.00000000,83.94120000,0
2026-02-28 04:00:00,0.9992,0.9993,0.9992,0.9993,33389.0,2026-02-28 04:59:59.999,33365.46840000,14,31796.00000000,31773.74280000,0
2026-02-28 05:00:00,0.9993,0.9993,0.9992,0.9992,326.0,2026-02-28 05:59:59.999,325.75640000,12,172.00000000,171.87960000,0
2026-02-28 06:00:00,0.9992,0.9993,0.9992,0.9992,18699.0,2026-02-28 06:59:59.999,18684.07640000,75,356.00000000,355.75080000,0
2026-02-28 07:00:00,0.9992,0.9993,0.9992,0.9993,3121.0,2026-02-28 07:59:59.999,3118.57190000,115,687.00000000,686.51910000,0
2026-02-28 08:00:00,0.9992,0.9993,0.9992,0.9992,87354.0,2026-02-28 08:59:59.999,87289.12380000,32,50070.00000000,50034.95100000,0
2026-02-28 09:00:00,0.9992,0.9993,0.9992,0.9993,23058.0,2026-02-28 09:59:59.999,23039.76130000,115,2077.00000000,2075.54610000,0
2026-02-28 10:00:00,0.9992,0.9993,0.9992,0.9992,26139.0,2026-02-28 10:59:59.999,26118.28910000,64,2003.00000000,2001.59790000,0
2026-02-28 11:00:00,0.9992,0.9993,0.9992,0.9992,2436.0,2026-02-28 11:59:59.999,2434.10970000,23,585.00000000,584.59050000,0
2026-02-28 12:00:00,0.9992,0.9993,0.9992,0.9992,14988.0,2026-02-28 12:59:59.999,14976.01010000,17,5.00000000,4.99650000,0
2026-02-28 13:00:00,0.9993,0.9993,0.9991,0.9991,578197.0,2026-02-28 13:59:59.999,577724.79640000,25,516.00000000,515.58980000,0
2026-02-28 14:00:00,0.9991,0.9993,0.9991,0.9992,1524412.0,2026-02-28 14:59:59.999,1523195.97610000,128,865412.00000000,864723.18360000,0
2026-02-28 15:00:00,0.9992,0.9993,0.9992,0.9993,158736.0,2026-02-28 15:59:59.999,158610.65510000,24,144691.00000000,144576.89110000,0
2026-02-28 16:00:00,0.9993,0.9993,0.9992,0.9993,83916.0,2026-02-28 16:59:59.999,83856.53210000,20,76649.00000000,76595.34570000,0
2026-02-28 17:00:00,0.9992,0.9993,0.9992,0.9992,18215.0,2026-02-28 17:59:59.999,18202.23510000,13,18071.00000000,18058.35030000,0
2026-02-28 18:00:00,0.9993,0.9993,0.9992,0.9993,5711.0,2026-02-28 18:59:59.999,5706.48700000,10,558.00000000,557.60940000,0
2026-02-28 19:00:00,0.9993,0.9993,0.9992,0.9993,17466.0,2026-02-28 19:59:59.999,17452.38230000,12,3551.00000000,3548.51430000,0
2026-02-28 20:00:00,0.9993,0.9993,0.9992,0.9993,26960.0,2026-02-28 20:59:59.999,26941.12510000,12,26931.00000000,26912.14830000,0
2026-02-28 21:00:00,0.9993,0.9993,0.9992,0.9993,1401.0,2026-02-28 21:59:59.999,1399.98940000,24,1102.00000000,1101.22860000,0
2026-02-28 22:00:00,0.9992,0.9993,0.9992,0.9993,301.0,2026-02-28 22:59:59.999,300.78010000,14,209.00000000,208.85370000,0
2026-02-28 23:00:00,0.9993,0.9993,0.9992,0.9993,1618.0,2026-02-28 23:59:59.999,1616.84710000,46,1415.00000000,1414.00950000,0
2026-03-01 00:00:00,0.9993,0.9993,0.9992,0.9993,721.0,2026-03-01 00:59:59.999,720.49180000,15,686.00000000,685.51980000,0
2026-03-01 01:00:00,0.9992,0.9993,0.9992,0.9992,2346.0,2026-03-01 01:59:59.999,2344.34070000,24,2175.00000000,2173.47750000,0
2026-03-01 02:00:00,0.9992,0.9994,0.9992,0.9993,36552.0,2026-03-01 02:59:59.999,36526.54050000,73,31740.00000000,31717.91180000,0
2026-03-01 03:00:00,0.9994,0.9994,0.9993,0.9993,361904.0,2026-03-01 03:59:59.999,361651.54770000,79,10178.00000000,10171.75590000,0
2026-03-01 04:00:00,0.9993,0.9993,0.9992,0.9992,31230.0,2026-03-01 04:59:59.999,31206.66650000,63,16505.00000000,16493.44650000,0
2026-03-01 05:00:00,0.9993,0.9993,0.9992,0.9992,1790.0,2026-03-01 05:59:59.999,1788.72190000,42,1539.00000000,1537.92270000,0
2026-03-01 06:00:00,0.9993,0.9993,0.9992,0.9993,122816.0,2026-03-01 06:59:59.999,122718.13070000,136,3835.00000000,3832.31550000,0
2026-03-01 07:00:00,0.9993,0.9993,0.9992,0.9993,6237.0,2026-03-01 07:59:59.999,6232.28540000,44,2750.00000000,2748.07500000,0
2026-03-01 08:00:00,0.9993,0.9993,0.9992,0.9992,8113.0,2026-03-01 08:59:59.999,8106.52960000,21,200.00000000,199.86000000,0
2026-03-01 09:00:00,0.9992,0.9993,0.9992,0.9992,963.0,2026-03-01 09:59:59.999,962.23740000,9,78.00000000,77.94540000,0
2026-03-01 10:00:00,0.9992,0.9993,0.9992,0.9992,15306.0,2026-03-01 10:59:59.999,15293.76050000,10,53.00000000,52.96290000,0
2026-03-01 11:00:00,0.9992,0.9993,0.9992,0.9992,512.0,2026-03-01 11:59:59.999,511.60690000,11,165.00000000,164.88450000,0
2026-03-01 12:00:00,0.9992,0.9993,0.9992,0.9992,46428.0,2026-03-01 12:59:59.999,46390.97670000,17,1191.00000000,1190.16630000,0
2026-03-01 13:00:00,0.9992,0.9993,0.9992,0.9992,81749.0,2026-03-01 13:59:59.999,81688.48600000,12,48852.00000000,48817.80360000,0
2026-03-01 14:00:00,0.9992,0.9993,0.9992,0.9993,127611.0,2026-03-01 14:59:59.999,127509.43630000,18,5251.00000000,5247.32430000,0
2026-03-01 15:00:00,0.9993,0.9993,0.9992,0.9993,162230.0,2026-03-01 15:59:59.999,162116.21910000,35,160031.00000000,159918.97830000,0
2026-03-01 16:00:00,0.9993,0.9993,0.9992,0.9993,1642.0,2026-03-01 16:59:59.999,1640.81980000,18,1334.00000000,1333.06620000,0
2026-03-01 17:00:00,0.9992,0.9993,0.9992,0.9993,7925.0,2026-03-01 17:59:59.999,7918.78020000,21,1202.00000000,1201.15860000,0
2026-03-01 18:00:00,0.9992,0.9993,0.9992,0.9992,95.0,2026-03-01 18:59:59.999,94.92560000,7,16.00000000,15.98880000,0
2026-03-01 19:00:00,0.9993,0.9993,0.9992,0.9992,926.0,2026-03-01 19:59:59.999,925.27930000,14,201.00000000,200.85930000,0
2026-03-01 20:00:00,0.9993,0.9993,0.9992,0.9993,2295.0,2026-03-01 20:59:59.999,2293.18010000,16,161.00000000,160.88730000,0
2026-03-01 21:00:00,0.9992,0.9993,0.9992,0.9992,126873.0,2026-03-01 21:59:59.999,126771.50420000,24,26.00000000,25.98180000,0
2026-03-01 22:00:00,0.9992,0.9993,0.9992,0.9992,4368.0,2026-03-01 22:59:59.999,4364.51190000,20,63.00000000,62.95590000,0
2026-03-01 23:00:00,0.9992,0.9993,0.9992,0.9992,21489.0,2026-03-01 23:59:59.999,21471.80950000,42,7.00000000,6.99510000,0
2026-03-02 00:00:00,0.9993,0.9993,0.9992,0.9992,7019.0,2026-03-02 00:59:59.999,7013.45060000,19,658.00000000,657.53940000,0
2026-03-02 01:00:00,0.9992,0.9993,0.9992,0.9993,2601.0,2026-03-02 01:59:59.999,2598.96920000,16,500.00000000,499.65000000,0
2026-03-02 02:00:00,0.9992,0.9993,0.9992,0.9992,243702.0,2026-03-02 02:59:59.999,243531.18420000,80,241458.00000000,241288.97940000,0
2026-03-02 03:00:00,0.9992,0.9993,0.9992,0.9993,8552.0,2026-03-02 03:59:59.999,8545.87410000,53,7157.00000000,7151.99010000,0
2026-03-02 04:00:00,0.9992,0.9993,0.9992,0.9992,277935.0,2026-03-02 04:59:59.999,277712.68990000,52,379.00000000,378.73470000,0
2026-03-02 05:00:00,0.9992,0.9993,0.9992,0.9993,145641.0,2026-03-02 05:59:59.999,145538.92310000,59,144359.00000000,144257.94870000,0
2026-03-02 06:00:00,0.9993,0.9993,0.9992,0.9992,2175.0,2026-03-02 06:59:59.999,2173.26600000,42,60.00000000,59.95800000,0
2026-03-02 07:00:00,0.9992,0.9993,0.9992,0.9992,49743.0,2026-03-02 07:59:59.999,49703.22080000,47,152.00000000,151.89360000,0
2026-03-02 08:00:00,0.9992,0.9993,0.9992,0.9992,581.0,2026-03-02 08:59:59.999,580.53720000,10,20.00000000,19.98600000,0
2026-03-02 09:00:00,0.9992,0.9993,0.9992,0.9993,9328.0,2026-03-02 09:59:59.999,9320.95160000,16,4140.00000000,4137.10200000,0
2026-03-02 10:00:00,0.9992,0.9993,0.9992,0.9993,6797.0,2026-03-02 10:59:59.999,6791.57430000,10,119.00000000,118.91670000,0
2026-03-02 11:00:00,0.9992,0.9993,0.9992,0.9992,16482.0,2026-03-02 11:59:59.999,16468.85190000,16,375.00000000,374.73750000,0
2026-03-02 12:00:00,0.9992,0.9994,0.9992,0.9993,364440.0,2026-03-02 12:59:59.999,364191.37780000,33,333803.00000000,333578.87250000,0
2026-03-02 13:00:00,0.9993,0.9994,0.9993,0.9993,261900.0,2026-03-02 13:59:59.999,261716.78140000,39,1114.00000000,1113.33160000,0
2026-03-02 14:00:00,0.9993,0.9993,0.9992,0.9993,47266.0,2026-03-02 14:59:59.999,47231.58970000,40,257.00000000,256.82010000,0
2026-03-02 15:00:00,0.9992,0.9993,0.9991,0.9991,633842.0,2026-03-02 15:59:59.999,633316.04440000,122,16725.00000000,16711.83460000,0
2026-03-02 16:00:00,0.9991,0.9992,0.9991,0.9991,73138.0,2026-03-02 16:59:59.999,73073.33510000,38,11593.00000000,11583.72560000,0
2026-03-02 17:00:00,0.9991,0.9992,0.9991,0.9992,21345.0,2026-03-02 17:59:59.999,21325.84530000,100,558.00000000,557.55360000,0
2026-03-02 18:00:00,0.9991,0.9992,0.9991,0.9992,151303.0,2026-03-02 18:59:59.999,151181.40880000,35,145815.00000000,145698.34800000,0
2026-03-02 19:00:00,0.9991,0.9992,0.9991,0.9992,8036.0,2026-03-02 19:59:59.999,8028.79200000,80,244.00000000,243.80480000,0
2026-03-02 20:00:00,0.9991,0.9992,0.9991,0.9991,21040.0,2026-03-02 20:59:59.999,21021.08810000,161,241.00000000,240.80720000,0
2026-03-02 21:00:00,0.9991,0.9992,0.9991,0.9992,61734.0,2026-03-02 21:59:59.999,61678.45090000,54,115.00000000,114.90800000,0
2026-03-02 22:00:00,0.9992,0.9992,0.9991,0.9991,31322.0,2026-03-02 22:59:59.999,31296.88940000,8,30792.00000000,30767.36640000,0
2026-03-02 23:00:00,0.9992,0.9992,0.9991,0.9992,205926.0,2026-03-02 23:59:59.999,205740.79910000,44,1325.00000000,1323.94000000,0
2026-03-03 00:00:00,0.9991,0.9992,0.9991,0.9991,255454.0,2026-03-03 00:59:59.999,255249.51070000,59,254193.00000000,253989.64560000,0
2026-03-03 01:00:00,0.9992,0.9993,0.9991,0.9992,947548.0,2026-03-03 01:59:59.999,946813.46600000,111,939758.00000000,939029.79700000,0
2026-03-03 02:00:00,0.9992,0.9993,0.9992,0.9992,77043.0,2026-03-03 02:59:59.999,76981.44130000,108,757.00000000,756.47010000,0
2026-03-03 03:00:00,0.9993,0.9993,0.9992,0.9992,163589.0,2026-03-03 03:59:59.999,163472.38750000,54,142587.00000000,142487.18910000,0
2026-03-03 04:00:00,0.9992,0.9993,0.9992,0.9992,102589.0,2026-03-03 04:59:59.999,102507.04470000,220,1159.00000000,1158.18870000,0
2026-03-03 05:00:00,0.9993,0.9993,0.9992,0.9992,22379.0,2026-03-03 05:59:59.999,22361.14710000,14,503.00000000,502.64790000,0
2026-03-03 06:00:00,0.9993,0.9997,0.9993,0.9997,1676793.0,2026-03-03 06:59:59.999,1675806.76710000,275,1543437.00000000,1542505.95050000,0
2026-03-03 07:00:00,0.9997,0.9999,0.9997,0.9998,1314351.0,2026-03-03 07:59:59.999,1314104.55960000,116,1009925.00000000,1009739.69180000,0
2026-03-03 08:00:00,0.9999,1.0,0.9998,1.0,250400.0,2026-03-03 08:59:59.999,250380.32660000,62,244581.00000000,244561.91330000,0
2026-03-03 09:00:00,1.0,1.0,0.9999,1.0,125489.0,2026-03-03 09:59:59.999,125476.67550000,56,2244.00000000,2244.00000000,0
2026-03-03 10:00:00,0.9999,1.0,0.9999,0.9999,648363.0,2026-03-03 10:59:59.999,648308.22820000,86,100645.00000000,100645.00000000,0
2026-03-03 11:00:00,0.9999,0.9999,0.9998,0.9998,554725.0,2026-03-03 11:59:59.999,554666.28560000,28,84.00000000,83.99160000,0
2026-03-03 12:00:00,0.9998,0.9999,0.9998,0.9998,39715.0,2026-03-03 12:59:59.999,39707.11700000,42,600.00000000,599.94000000,0
2026-03-03 13:00:00,0.9998,0.9998,0.9996,0.9997,186802.0,2026-03-03 13:59:59.999,186749.00890000,64,4959.00000000,4957.75860000,0
2026-03-03 14:00:00,0.9996,0.9997,0.9996,0.9996,71058.0,2026-03-03 14:59:59.999,71029.88180000,62,3050.00000000,3049.08500000,0
2026-03-03 15:00:00,0.9996,0.9997,0.9996,0.9996,258073.0,2026-03-03 15:59:59.999,257977.53030000,90,77595.00000000,77571.72150000,0
2026-03-03 16:00:00,0.9997,0.9997,0.9996,0.9996,202737.0,2026-03-03 16:59:59.999,202668.77200000,152,128668.00000000,128629.39960000,0
2026-03-03 17:00:00,0.9997,0.9997,0.9994,0.9994,299050.0,2026-03-03 17:59:59.999,298915.23520000,166,6340.00000000,6337.35320000,0
2026-03-03 18:00:00,0.9994,0.9996,0.9994,0.9996,221399.0,2026-03-03 18:59:59.999,221288.28970000,24,219894.00000000,219784.06840000,0
2026-03-03 19:00:00,0.9995,0.9996,0.9995,0.9996,135684.0,2026-03-03 19:59:59.999,135616.27070000,30,1127.00000000,1126.54920000,0
2026-03-03 20:00:00,0.9996,0.9996,0.9995,0.9995,914.0,2026-03-03 20:59:59.999,913.60590000,13,629.00000000,628.74840000,0
2026-03-03 21:00:00,0.9996,0.9996,0.9994,0.9994,140837.0,2026-03-03 21:59:59.999,140766.58680000,116,87.00000000,86.96520000,0
2026-03-03 22:00:00,0.9994,0.9995,0.9994,0.9995,224.0,2026-03-03 22:59:59.999,223.87690000,8,113.00000000,112.94350000,0
2026-03-03 23:00:00,0.9994,0.9995,0.9994,0.9994,6996.0,2026-03-03 23:59:59.999,6992.18070000,11,3783.00000000,3781.10850000,0
2026-03-04 00:00:00,0.9994,0.9995,0.9994,0.9995,9159.0,2026-03-04 00:59:59.999,9153.51270000,10,81.00000000,80.95950000,0
2026-03-04 01:00:00,0.9994,0.9995,0.9994,0.9994,3806.0,2026-03-04 01:59:59.999,3803.71890000,9,25.00000000,24.98750000,0
2026-03-04 02:00:00,0.9995,0.9995,0.9994,0.9994,106859.0,2026-03-04 02:59:59.999,106795.38580000,11,5012.00000000,5009.49400000,0
2026-03-04 03:00:00,0.9995,0.9995,0.9994,0.9995,560.0,2026-03-04 03:59:59.999,559.67010000,16,61.00000000,60.96950000,0
2026-03-04 04:00:00,0.9994,0.9995,0.9994,0.9994,1219.0,2026-03-04 04:59:59.999,1218.28500000,57,164.00000000,163.91800000,0
2026-03-04 05:00:00,0.9994,0.9995,0.9994,0.9995,2640.0,2026-03-04 05:59:59.999,2638.53730000,34,1213.00000000,1212.39350000,0
2026-03-04 06:00:00,0.9995,0.9995,0.9994,0.9995,22602.0,2026-03-04 06:59:59.999,22589.46760000,181,10288.00000000,10282.85600000,0
2026-03-04 07:00:00,0.9994,0.9995,0.9994,0.9994,8149.0,2026-03-04 07:59:59.999,8144.25320000,77,1426.00000000,1425.28700000,0
2026-03-04 08:00:00,0.9995,0.9995,0.9994,0.9994,6516.0,2026-03-04 08:59:59.999,6512.43880000,107,3484.00000000,3482.25800000,0
2026-03-04 09:00:00,0.9994,0.9995,0.9994,0.9994,847670.0,2026-03-04 09:59:59.999,847178.92700000,627,177996.00000000,177906.73140000,0
2026-03-04 10:00:00,0.9993,0.9994,0.9993,0.9994,379972.0,2026-03-04 10:59:59.999,379743.03860000,409,370190.00000000,369967.88600000,0
2026-03-04 11:00:00,0.9994,0.9995,0.9994,0.9995,136612.0,2026-03-04 11:59:59.999,136533.67190000,110,127992.00000000,127918.84390000,0
2026-03-04 12:00:00,0.9994,0.9995,0.9994,0.9994,731814.0,2026-03-04 12:59:59.999,731408.19930000,181,332877.00000000,332710.56150000,0
2026-03-04 13:00:00,0.9995,0.9995,0.9994,0.9994,124794.0,2026-03-04 13:59:59.999,124729.01340000,223,98898.00000000,98848.55100000,0
2026-03-04 14:00:00,0.9995,0.9995,0.9994,0.9994,72516.0,2026-03-04 14:59:59.999,72473.44000000,372,9496.00000000,9491.25200000,0
2026-03-04 15:00:00,0.9994,0.9995,0.9994,0.9994,26366.0,2026-03-04 15:59:59.999,26350.48940000,322,3090.00000000,3088.45500000,0
2026-03-04 16:00:00,0.9995,0.9995,0.9994,0.9994,205691.0,2026-03-04 16:59:59.999,205581.38710000,211,138017.00000000,137947.99150000,0
2026-03-04 17:00:00,0.9994,0.9995,0.9994,0.9994,29185.0,2026-03-04 17:59:59.999,29167.82800000,71,3390.00000000,3388.30500000,0
2026-03-04 18:00:00,0.9994,0.9995,0.9994,0.9994,3437.0,2026-03-04 18:59:59.999,3435.04760000,25,1098.00000000,1097.45100000,0
2026-03-04 19:00:00,0.9994,0.9995,0.9993,0.9993,207724.0,2026-03-04 19:59:59.999,207599.38630000,77,1343.00000000,1342.25360000,0
2026-03-04 20:00:00,0.9994,0.9994,0.9993,0.9994,16668.0,2026-03-04 20:59:59.999,16656.39730000,28,649.00000000,648.61060000,0
2026-03-04 21:00:00,0.9994,0.9994,0.9993,0.9994,4937.0,2026-03-04 21:59:59.999,4933.82990000,30,2858.00000000,2856.28520000,0
2026-03-04 22:00:00,0.9994,0.9994,0.9993,0.9993,1740.0,2026-03-04 22:59:59.999,1738.84330000,31,613.00000000,612.63220000,0
2026-03-04 23:00:00,0.9993,0.9994,0.9993,0.9993,16230.0,2026-03-04 23:59:59.999,16218.91420000,92,2752.00000000,2750.34880000,0
2026-03-05 00:00:00,0.9994,0.9994,0.9993,0.9994,68038.0,2026-03-05 00:59:59.999,67993.56930000,1504,31959.00000000,31939.82460000,0
2026-03-05 01:00:00,0.9993,0.9994,0.9993,0.9993,10993.0,2026-03-05 01:59:59.999,10985.70860000,147,4037.00000000,4034.57780000,0
2026-03-05 02:00:00,0.9994,0.9994,0.9993,0.9993,28391.0,2026-03-05 02:59:59.999,28373.80000000,23,26737.00000000,26720.95780000,0
2026-03-05 03:00:00,0.9993,0.9994,0.9993,0.9993,6320.0,2026-03-05 03:59:59.999,6315.80210000,81,2261.00000000,2259.64340000,0
2026-03-05 04:00:00,0.9993,0.9994,0.9993,0.9993,5447.0,2026-03-05 04:59:59.999,5443.43050000,211,2434.00000000,2432.53960000,0
2026-03-05 05:00:00,0.9993,0.9994,0.9993,0.9993,28895.0,2026-03-05 05:59:59.999,28874.96210000,107,1886.00000000,1884.86840000,0
2026-03-05 06:00:00,0.9993,0.9994,0.9993,0.9993,47354.0,2026-03-05 06:59:59.999,47321.22400000,224,3718.00000000,3715.76920000,0
2026-03-05 07:00:00,0.9993,0.9996,0.9993,0.9995,1455318.0,2026-03-05 07:59:59.999,1454554.14580000,283,800361.00000000,799924.63790000,0
2026-03-05 08:00:00,0.9995,0.9995,0.9994,0.9995,326396.0,2026-03-05 08:59:59.999,326203.68050000,99,35181.00000000,35163.40950000,0
2026-03-05 09:00:00,0.9994,0.9994,0.9993,0.9993,154182.0,2026-03-05 09:59:59.999,154083.63000000,195,5520.00000000,5516.68800000,0
2026-03-05 10:00:00,0.9994,0.9994,0.9993,0.9993,34308.0,2026-03-05 10:59:59.999,34286.89480000,123,29104.00000000,29086.53760000,0
2026-03-05 11:00:00,0.9994,0.9994,0.9992,0.9992,130194.0,2026-03-05 11:59:59.999,130112.53970000,228,106301.00000000,106236.68640000,0
2026-03-05 12:00:00,0.9992,0.9993,0.9992,0.9993,14310.0,2026-03-05 12:59:59.999,14299.58050000,179,10285.00000000,10277.80050000,0
2026-03-05 13:00:00,0.9993,0.9993,0.9992,0.9992,18124.0,2026-03-05 13:59:59.999,18111.15070000,111,16499.00000000,16487.45070000,0
2026-03-05 14:00:00,0.9992,0.9993,0.9992,0.9993,62291.0,2026-03-05 14:59:59.999,62246.59810000,159,54309.00000000,54270.98370000,0
2026-03-05 15:00:00,0.9993,0.9993,0.9992,0.9992,12903.0,2026-03-05 15:59:59.999,12893.11690000,71,4393.00000000,4389.92490000,0
2026-03-05 16:00:00,0.9993,0.9993,0.9992,0.9993,1944.0,2026-03-05 16:59:59.999,1942.54200000,51,972.00000000,971.31960000,0
2026-03-05 17:00:00,0.9992,0.9993,0.9992,0.9992,6235.0,2026-03-05 17:59:59.999,6230.27030000,250,2583.00000000,2581.19190000,0
2026-03-05 18:00:00,0.9993,0.9993,0.9992,0.9993,45958.0,2026-03-05 18:59:59.999,45921.76660000,494,5330.00000000,5326.26900000,0
2026-03-05 19:00:00,0.9993,0.9993,0.9992,0.9992,5529.0,2026-03-05 19:59:59.999,5524.86050000,191,2837.00000000,2835.01410000,0
2026-03-05 20:00:00,0.9992,0.9993,0.9992,0.9993,5141.0,2026-03-05 20:59:59.999,5137.13280000,32,2456.00000000,2454.28080000,0
2026-03-05 21:00:00,0.9993,0.9993,0.9992,0.9993,10619.0,2026-03-05 21:59:59.999,10611.35810000,75,8533.00000000,8527.02690000,0
2026-03-05 22:00:00,0.9993,0.9993,0.9992,0.9993,3002.0,2026-03-05 22:59:59.999,2999.76860000,86,1702.00000000,1700.80860000,0
2026-03-05 23:00:00,0.9993,0.9993,0.9992,0.9992,17445.0,2026-03-05 23:59:59.999,17431.51190000,139,4679.00000000,4675.72470000,0
2026-03-06 00:00:00,0.9993,0.9993,0.9992,0.9992,13837.0,2026-03-06 00:59:59.999,13826.57100000,354,6406.00000000,6401.51580000,0
2026-03-06 01:00:00,0.9992,0.9993,0.9992,0.9992,4506.0,2026-03-06 01:59:59.999,4502.59680000,112,2016.00000000,2014.58880000,0
2026-03-06 02:00:00,0.9992,0.9993,0.9992,0.9992,146464.0,2026-03-06 02:59:59.999,146360.88210000,73,140533.00000000,140434.62690000,0
2026-03-06 03:00:00,0.9992,0.9993,0.9992,0.9992,815212.0,2026-03-06 03:59:59.999,814639.89420000,35,800638.00000000,800077.55340000,0
2026-03-06 04:00:00,0.9992,0.9993,0.9992,0.9992,31105.0,2026-03-06 04:59:59.999,31080.52710000,112,4111.00000000,4108.12230000,0
2026-03-06 05:00:00,0.9993,0.9993,0.9992,0.9993,6004.0,2026-03-06 05:59:59.999,5999.64660000,125,4498.00000000,4494.85140000,0
2026-03-06 06:00:00,0.9993,0.9993,0.9992,0.9992,46159.0,2026-03-06 06:59:59.999,46122.56220000,89,4894.00000000,4890.57420000,0
2026-03-06 07:00:00,0.9993,0.9993,0.9992,0.9992,3034.0,2026-03-06 07:59:59.999,3031.74420000,192,1714.00000000,1712.80020000,0
2026-03-06 08:00:00,0.9993,0.9993,0.9992,0.9992,13735.0,2026-03-06 08:59:59.999,13724.20080000,121,1888.00000000,1886.67840000,0
2026-03-06 09:00:00,0.9993,0.9993,0.9992,0.9993,2624.0,2026-03-06 09:59:59.999,2622.01110000,50,1103.00000000,1102.22790000,0
2026-03-06 10:00:00,0.9992,0.9996,0.9992,0.9996,1255084.0,2026-03-06 10:59:59.999,1254373.71840000,119,1247142.00000000,1246436.45050000,0
2026-03-06 11:00:00,0.9995,0.9996,0.9994,0.9994,174603.0,2026-03-06 11:59:59.999,174515.10780000,99,40507.00000000,40490.65440000,0
2026-03-06 12:00:00,0.9994,0.9995,0.9994,0.9994,287817.0,2026-03-06 12:59:59.999,287644.50030000,58,1905.00000000,1904.04750000,0
2026-03-06 13:00:00,0.9994,0.9995,0.9993,0.9993,42442.0,2026-03-06 13:59:59.999,42416.03320000,73,34473.00000000,34452.37290000,0
2026-03-06 14:00:00,0.9994,0.9994,0.9993,0.9994,46794.0,2026-03-06 14:59:59.999,46764.81870000,65,35745.00000000,35723.55300000,0
2026-03-06 15:00:00,0.9994,0.9994,0.9993,0.9993,157760.0,2026-03-06 15:59:59.999,157663.51130000,65,139433.00000000,139349.34020000,0
2026-03-06 16:00:00,0.9993,0.9994,0.9993,0.9994,34850.0,2026-03-06 16:59:59.999,34828.94470000,44,33397.00000000,33376.96180000,0
2026-03-06 17:00:00,0.9993,0.9994,0.9993,0.9993,12686.0,2026-03-06 17:59:59.999,12677.24520000,112,1254.00000000,1253.24760000,0
2026-03-06 18:00:00,0.9994,0.9994,0.9993,0.9994,4791.0,2026-03-06 18:59:59.999,4787.78670000,74,1404.00000000,1403.15760000,0
2026-03-06 19:00:00,0.9994,0.9994,0.9993,0.9993,4789.0,2026-03-06 19:59:59.999,4785.76650000,55,1188.00000000,1187.28720000,0
2026-03-06 20:00:00,0.9993,0.9994,0.9993,0.9994,742.0,2026-03-06 20:59:59.999,741.51290000,48,323.00000000,322.80620000,0
2026-03-06 21:00:00,0.9994,0.9994,0.9993,0.9994,3500.0,2026-03-06 21:59:59.999,3497.74800000,104,1980.00000000,1978.81200000,0
2026-03-06 22:00:00,0.9994,0.9994,0.9993,0.9994,3183.0,2026-03-06 22:59:59.999,3180.94890000,56,1770.00000000,1768.93800000,0
2026-03-06 23:00:00,0.9993,0.9994,0.9993,0.9993,16264.0,2026-03-06 23:59:59.999,16252.87400000,99,2588.00000000,2586.44720000,0
2026-03-07 00:00:00,0.9994,0.9994,0.9993,0.9994,24800.0,2026-03-07 00:59:59.999,24784.17560000,216,15356.00000000,15346.78640000,0
2026-03-07 01:00:00,0.9994,0.9994,0.9993,0.9994,10320.0,2026-03-07 01:59:59.999,10313.36850000,40,5925.00000000,5921.44500000,0
2026-03-07 02:00:00,0.9994,0.9994,0.9993,0.9994,1171.0,2026-03-07 02:59:59.999,1170.19090000,10,106.00000000,105.93640000,0
2026-03-07 03:00:00,0.9993,0.9994,0.9993,0.9993,14154.0,2026-03-07 03:59:59.999,14144.43620000,83,3440.00000000,3437.93600000,0
2026-03-07 04:00:00,0.9994,0.9995,0.9993,0.9994,262028.0,2026-03-07 04:59:59.999,261874.96800000,203,260292.00000000,260140.15390000,0
2026-03-07 05:00:00,0.9995,0.9995,0.9994,0.9994,295436.0,2026-03-07 05:59:59.999,295258.84360000,45,1052.00000000,1051.47400000,0
2026-03-07 06:00:00,0.9995,0.9995,0.9993,0.9993,304391.0,2026-03-07 06:59:59.999,304202.14350000,198,6189.00000000,6185.70380000,0
2026-03-07 07:00:00,0.9993,0.9994,0.9993,0.9993,81206.0,2026-03-07 07:59:59.999,81149.35900000,128,2032.00000000,2030.78080000,0
2026-03-07 08:00:00,0.9994,0.9994,0.9993,0.9993,72669.0,2026-03-07 08:59:59.999,72618.32790000,126,1962.00000000,1960.82280000,0
2026-03-07 09:00:00,0.9994,0.9994,0.9993,0.9993,15389.0,2026-03-07 09:59:59.999,15378.50150000,108,2738.00000000,2736.35720000,0
2026-03-07 10:00:00,0.9993,0.9994,0.9993,0.9993,15650.0,2026-03-07 10:59:59.999,15639.48940000,120,4444.00000000,4441.33360000,0
2026-03-07 11:00:00,0.9994,0.9994,0.9993,0.9993,8786.0,2026-03-07 11:59:59.999,8780.12090000,133,2711.00000000,2709.37340000,0
2026-03-07 12:00:00,0.9993,0.9994,0.9993,0.9993,19544.0,2026-03-07 12:59:59.999,19530.49390000,45,1747.00000000,1745.95180000,0
2026-03-07 13:00:00,0.9994,0.9994,0.9993,0.9994,12054.0,2026-03-07 13:59:59.999,12045.92320000,200,3610.00000000,3607.83400000,0
2026-03-07 14:00:00,0.9994,0.9994,0.9992,0.9993,21993.0,2026-03-07 14:59:59.999,21976.85440000,261,8749.00000000,8742.90050000,0
2026-03-07 15:00:00,0.9993,0.9993,0.9992,0.9993,15741.0,2026-03-07 15:59:59.999,15728.71810000,217,3109.00000000,3106.82370000,0
2026-03-07 16:00:00,0.9993,0.9993,0.9992,0.9993,14839.0,2026-03-07 16:59:59.999,14827.58030000,272,4515.00000000,4511.83950000,0
2026-03-07 17:00:00,0.9992,0.9993,0.9992,0.9992,5782.0,2026-03-07 17:59:59.999,5777.54590000,83,1715.00000000,1713.79950000,0
2026-03-07 18:00:00,0.9993,0.9993,0.9992,0.9992,15312.0,2026-03-07 18:59:59.999,15299.98920000,58,2388.00000000,2386.32840000,0
2026-03-07 19:00:00,0.9992,0.9993,0.9992,0.9993,4681.0,2026-03-07 19:59:59.999,4677.40220000,124,1470.00000000,1468.97100000,0
2026-03-07 20:00:00,0.9993,0.9993,0.9992,0.9992,5200.0,2026-03-07 20:59:59.999,5195.99490000,22,1549.00000000,1547.91570000,0
2026-03-07 21:00:00,0.9993,0.9993,0.9992,0.9993,961.0,2026-03-07 21:59:59.999,960.29960000,9,684.00000000,683.52120000,0
2026-03-07 22:00:00,0.9993,0.9993,0.9992,0.9992,8334.0,2026-03-07 22:59:59.999,8327.40160000,19,688.00000000,687.51840000,0
2026-03-07 23:00:00,0.9992,0.9993,0.9992,0.9992,4403.0,2026-03-07 23:59:59.999,4399.69640000,51,2188.00000000,2186.46840000,0
2026-03-08 00:00:00,0.9992,0.9993,0.9992,0.9993,13828.0,2026-03-08 00:59:59.999,13817.26730000,90,3297.00000000,3294.69210000,0
2026-03-08 01:00:00,0.9993,0.9993,0.9992,0.9993,7247.0,2026-03-08 01:59:59.999,7241.75220000,55,5498.00000000,5494.15140000,0
2026-03-08 02:00:00,0.9993,0.9994,0.9992,0.9994,407466.0,2026-03-08 02:59:59.999,407195.99650000,170,406526.00000000,406256.73080000,0
2026-03-08 03:00:00,0.9993,0.9994,0.9993,0.9993,6490.0,2026-03-08 03:59:59.999,6485.58930000,26,1323.00000000,1322.20620000,0
2026-03-08 04:00:00,0.9993,0.9994,0.9993,0.9994,14818.0,2026-03-08 04:59:59.999,14807.74220000,197,1148.00000000,1147.31120000,0
2026-03-08 05:00:00,0.9994,0.9994,0.9993,0.9993,130529.0,2026-03-08 05:59:59.999,130437.71960000,35,899.00000000,898.46060000,0
2026-03-08 06:00:00,0.9994,0.9994,0.9993,0.9993,2362.0,2026-03-08 06:59:59.999,2360.46190000,51,1153.00000000,1152.30820000,0
2026-03-08 07:00:00,0.9993,0.9994,0.9993,0.9993,5314.0,2026-03-08 07:59:59.999,5310.34820000,22,680.00000000,679.59200000,0
2026-03-08 08:00:00,0.9993,0.9994,0.9993,0.9994,70039.0,2026-03-08 08:59:59.999,69996.00630000,13,60336.00000000,60299.79840000,0
2026-03-08 09:00:00,0.9994,0.9994,0.9993,0.9993,4928.0,2026-03-08 09:59:59.999,4924.79510000,39,2447.00000000,2445.53180000,0
2026-03-08 10:00:00,0.9994,0.9994,0.9993,0.9993,3301.0,2026-03-08 10:59:59.999,3298.81580000,29,1265.00000000,1264.24100000,0
2026-03-08 11:00:00,0.9994,0.9994,0.9993,0.9993,2826.0,2026-03-08 11:59:59.999,2824.10690000,17,851.00000000,850.48940000,0
2026-03-08 12:00:00,0.9993,0.9994,0.9993,0.9993,5305.0,2026-03-08 12:59:59.999,5301.40850000,23,1220.00000000,1219.26800000,0
2026-03-08 13:00:00,0.9994,0.9994,0.9993,0.9993,6972.0,2026-03-08 13:59:59.999,6967.36580000,37,2462.00000000,2460.52280000,0
2026-03-08 14:00:00,0.9993,0.9994,0.9993,0.9993,1761.0,2026-03-08 14:59:59.999,1759.89600000,15,1287.00000000,1286.22780000,0
2026-03-08 15:00:00,0.9993,0.9994,0.9993,0.9994,3353.0,2026-03-08 15:59:59.999,3350.86870000,24,2158.00000000,2156.70520000,0
2026-03-08 16:00:00,0.9993,0.9994,0.9993,0.9993,573.0,2026-03-08 16:59:59.999,572.64950000,12,506.00000000,505.69640000,0
2026-03-08 17:00:00,0.9993,0.9994,0.9993,0.9993,1007.0,2026-03-08 17:59:59.999,1006.36210000,19,670.00000000,669.59800000,0
2026-03-08 18:00:00,0.9993,0.9994,0.9993,0.9994,5082.0,2026-03-08 18:59:59.999,5078.69430000,133,2517.00000000,2515.48980000,0
2026-03-08 19:00:00,0.9993,0.9994,0.9993,0.9994,3776.0,2026-03-08 19:59:59.999,3773.55220000,177,1954.00000000,1952.82760000,0
2026-03-08 20:00:00,0.9994,0.9994,0.9993,0.9994,1025.0,2026-03-08 20:59:59.999,1024.38350000,73,1010.00000000,1009.39400000,0
2026-03-08 21:00:00,0.9994,0.9994,0.9993,0.9994,1139.0,2026-03-08 21:59:59.999,1138.27980000,118,771.00000000,770.53740000,0
2026-03-08 22:00:00,0.9994,0.9994,0.9993,0.9994,6855.0,2026-03-08 22:59:59.999,6850.45270000,143,2512.00000000,2510.49280000,0
2026-03-08 23:00:00,0.9994,0.9994,0.9993,0.9994,2870.0,2026-03-08 23:59:59.999,2868.10650000,18,1155.00000000,1154.30700000,0
2026-03-09 00:00:00,0.9994,0.9994,0.9993,0.9993,5248.0,2026-03-09 00:59:59.999,5244.48740000,67,1610.00000000,1609.03400000,0
2026-03-09 01:00:00,0.9994,0.9994,0.9993,0.9994,8181.0,2026-03-09 01:59:59.999,8175.40710000,55,1338.00000000,1337.19720000,0
2026-03-09 02:00:00,0.9993,0.9994,0.9993,0.9994,74548.0,2026-03-09 02:59:59.999,74495.81870000,13,23.00000000,22.98620000,0
2026-03-09 03:00:00,0.9993,0.9994,0.9993,0.9994,9713.0,2026-03-09 03:59:59.999,9706.97420000,24,7733.00000000,7728.36020000,0
2026-03-09 04:00:00,0.9993,0.9994,0.9993,0.9993,148627.0,2026-03-09 04:59:59.999,148523.13880000,111,1777.00000000,1775.93380000,0
2026-03-09 05:00:00,0.9993,0.9994,0.9993,0.9993,8801.0,2026-03-09 05:59:59.999,8795.13640000,86,2971.00000000,2969.21740000,0
2026-03-09 06:00:00,0.9993,0.9994,0.9993,0.9993,44304.0,2026-03-09 06:59:59.999,44273.22960000,161,2424.00000000,2422.54560000,0
2026-03-09 07:00:00,0.9993,0.9994,0.9993,0.9993,162967.0,2026-03-09 07:59:59.999,162860.98660000,34,80635.00000000,80586.61900000,0
2026-03-09 08:00:00,0.9993,0.9994,0.9993,0.9993,1801.0,2026-03-09 08:59:59.999,1799.85770000,15,1184.00000000,1183.28960000,0
2026-03-09 09:00:00,0.9993,0.9994,0.9993,0.9993,69047.0,2026-03-09 09:59:59.999,68998.81130000,38,1442.00000000,1441.13480000,0
2026-03-09 10:00:00,0.9993,0.9994,0.9993,0.9994,71855.0,2026-03-09 10:59:59.999,71804.81960000,12,1181.00000000,1180.29140000,0
2026-03-09 11:00:00,0.9994,0.9994,0.9993,0.9994,1635.0,2026-03-09 11:59:59.999,1633.91560000,64,601.00000000,600.63940000,0
2026-03-09 12:00:00,0.9993,0.9994,0.9993,0.9994,102390.0,2026-03-09 12:59:59.999,102318.39070000,24,637.00000000,636.61780000,0
2026-03-09 13:00:00,0.9993,0.9994,0.9993,0.9994,64842.0,2026-03-09 13:59:59.999,64796.89620000,39,2856.00000000,2854.28640000,0
2026-03-09 14:00:00,0.9993,0.9994,0.9993,0.9994,5901.0,2026-03-09 14:59:59.999,5897.06130000,33,1920.00000000,1918.84800000,0
2026-03-09 15:00:00,0.9993,0.9994,0.9993,0.9993,5680.0,2026-03-09 15:59:59.999,5676.43890000,39,4149.00000000,4146.51060000,0
2026-03-09 16:00:00,0.9993,0.9994,0.9993,0.9993,28885.0,2026-03-09 16:59:59.999,28866.84230000,50,20618.00000000,20605.62920000,0
2026-03-09 17:00:00,0.9993,0.9994,0.9993,0.9993,5465.0,2026-03-09 17:59:59.999,5461.24680000,43,723.00000000,722.56620000,0
2026-03-09 18:00:00,0.9994,0.9994,0.9993,0.9994,2422.0,2026-03-09 18:59:59.999,2420.45440000,32,1498.00000000,1497.10120000,0
2026-03-09 19:00:00,0.9993,0.9994,0.9993,0.9994,2074.0,2026-03-09 19:59:59.999,2072.61730000,39,691.00000000,690.58540000,0
2026-03-09 20:00:00,0.9993,0.9994,0.9993,0.9993,2046.0,2026-03-09 20:59:59.999,2044.72690000,22,1591.00000000,1590.04540000,0
2026-03-09 21:00:00,0.9994,0.9994,0.9993,0.9994,9294.0,2026-03-09 21:59:59.999,9287.65570000,25,1615.00000000,1614.03100000,0
2026-03-09 22:00:00,0.9994,0.9994,0.9993,0.9994,16077.0,2026-03-09 22:59:59.999,16067.35050000,21,16044.00000000,16034.37360000,0
2026-03-09 23:00:00,0.9994,0.9994,0.9993,0.9993,32.0,2026-03-09 23:59:59.999,31.97960000,2,20.00000000,19.98800000,0
2026-03-10 00:00:00,0.9993,0.9994,0.9993,0.9994,6622.0,2026-03-10 00:59:59.999,6617.77650000,122,4119.00000000,4116.52860000,0
2026-03-10 01:00:00,0.9994,0.9994,0.9993,0.9993,119667.0,2026-03-10 01:59:59.999,119583.37180000,108,1387.00000000,1386.16780000,0
2026-03-10 02:00:00,0.9993,0.9994,0.9993,0.9994,76150.0,2026-03-10 02:59:59.999,76104.22190000,27,75269.00000000,75223.83860000,0
2026-03-10 03:00:00,0.9994,0.9994,0.9993,0.9993,4217.0,2026-03-10 03:59:59.999,4214.22400000,46,1759.00000000,1757.94460000,0
2026-03-10 04:00:00,0.9993,0.9994,0.9993,0.9994,20629.0,2026-03-10 04:59:59.999,20616.12470000,24,15650.00000000,15640.61000000,0
2026-03-10 05:00:00,0.9994,0.9996,0.9993,0.9996,696725.0,2026-03-10 05:59:59.999,696362.16040000,179,675855.00000000,675503.16680000,0
2026-03-10 06:00:00,0.9996,0.9996,0.9995,0.9996,50238.0,2026-03-10 06:59:59.999,50214.66590000,153,17849.00000000,17841.86040000,0
2026-03-10 07:00:00,0.9996,0.9996,0.9995,0.9995,12711.0,2026-03-10 07:59:59.999,12705.68300000,48,10385.00000000,10380.84600000,0
2026-03-10 08:00:00,0.9995,0.9996,0.9995,0.9995,8703.0,2026-03-10 08:59:59.999,8699.15610000,28,5076.00000000,5073.96960000,0
2026-03-10 09:00:00,0.9996,0.9996,0.9995,0.9995,64044.0,2026-03-10 09:59:59.999,64013.00260000,107,10246.00000000,10241.90160000,0
2026-03-10 10:00:00,0.9996,0.9996,0.9995,0.9995,3433.0,2026-03-10 10:59:59.999,3431.44690000,23,1634.00000000,1633.34640000,0
2026-03-10 11:00:00,0.9996,0.9996,0.9995,0.9996,72506.0,2026-03-10 11:59:59.999,72476.93020000,218,71832.00000000,71803.26720000,0
2026-03-10 12:00:00,0.9996,0.9996,0.9995,0.9996,187677.0,2026-03-10 12:59:59.999,187593.19600000,201,100345.00000000,100304.86200000,0
2026-03-10 13:00:00,0.9996,0.9996,0.9995,0.9996,220356.0,2026-03-10 13:59:59.999,220253.08820000,210,72662.00000000,72632.93520000,0
2026-03-10 14:00:00,0.9996,0.9996,0.9994,0.9995,865883.0,2026-03-10 14:59:59.999,865455.59540000,179,73776.00000000,73744.75440000,0
2026-03-10 15:00:00,0.9995,0.9996,0.9994,0.9996,903356.0,2026-03-10 15:59:59.999,902906.75680000,176,899366.00000000,898919.05100000,0
2026-03-10 16:00:00,0.9996,0.9996,0.9995,0.9996,74040.0,2026-03-10 16:59:59.999,74008.61960000,184,56396.00000000,56373.44160000,0
2026-03-10 17:00:00,0.9996,0.9997,0.9995,0.9996,69603.0,2026-03-10 17:59:59.999,69575.99580000,175,63403.00000000,63378.83980000,0
2026-03-10 18:00:00,0.9997,0.9997,0.9996,0.9997,87932.0,2026-03-10 18:59:59.999,87903.40650000,174,65793.00000000,65773.26210000,0
2026-03-10 19:00:00,0.9997,0.9997,0.9996,0.9997,71688.0,2026-03-10 19:59:59.999,71666.47870000,154,71539.00000000,71517.53830000,0
2026-03-10 20:00:00,0.9997,0.9997,0.9996,0.9997,75748.0,2026-03-10 20:59:59.999,75725.26720000,157,75664.00000000,75641.30080000,0
2026-03-10 21:00:00,0.9997,0.9997,0.9996,0.9997,76354.0,2026-03-10 21:59:59.999,76331.02120000,182,75628.00000000,75605.31160000,0
2026-03-10 22:00:00,0.9997,0.9997,0.9996,0.9997,573905.0,2026-03-10 22:59:59.999,573731.17120000,184,557332.00000000,557164.80040000,0
2026-03-10 23:00:00,0.9997,0.9997,0.9996,0.9997,111378.0,2026-03-10 23:59:59.999,111341.15680000,219,77080.00000000,77056.87600000,0
2026-03-11 00:00:00,0.9997,0.9997,0.9996,0.9997,98744.0,2026-03-11 00:59:59.999,98713.55320000,289,90508.00000000,90480.84760000,0
2026-03-11 01:00:00,0.9997,0.9998,0.9996,0.9997,225115.0,2026-03-11 01:59:59.999,225048.64280000,205,219413.00000000,219348.92360000,0
2026-03-11 02:00:00,0.9997,0.9998,0.9996,0.9997,292669.0,2026-03-11 02:59:59.999,292603.48340000,224,284306.00000000,284242.99290000,0
2026-03-11 03:00:00,0.9998,0.9998,0.9997,0.9998,80403.0,2026-03-11 03:59:59.999,80386.60700000,217,77279.00000000,77263.54420000,0
2026-03-11 04:00:00,0.9998,0.9998,0.9997,0.9998,190482.0,2026-03-11 04:59:59.999,190442.74940000,373,178940.00000000,178904.21200000,0
2026-03-11 05:00:00,0.9998,0.9998,0.9997,0.9998,329683.0,2026-03-11 05:59:59.999,329616.92720000,193,77304.00000000,77288.53920000,0
2026-03-11 06:00:00,0.9998,0.9998,0.9996,0.9997,449407.0,2026-03-11 06:59:59.999,449254.29500000,220,79383.00000000,79359.58510000,0
2026-03-11 07:00:00,0.9997,0.9997,0.9996,0.9997,158375.0,2026-03-11 07:59:59.999,158319.17860000,174,75286.00000000,75263.41420000,0
2026-03-11 08:00:00,0.9997,0.9997,0.9996,0.9997,96524.0,2026-03-11 08:59:59.999,96494.30590000,205,89155.00000000,89128.25350000,0
2026-03-11 09:00:00,0.9997,0.9997,0.9996,0.9997,81060.0,2026-03-11 09:59:59.999,81035.43210000,179,78561.00000000,78537.43170000,0
2026-03-11 10:00:00,0.9997,0.9997,0.9996,0.9997,243675.0,2026-03-11 10:59:59.999,243585.33600000,199,78060.00000000,78036.58200000,0
2026-03-11 11:00:00,0.9997,0.9997,0.9996,0.9997,82389.0,2026-03-11 11:59:59.999,82363.63240000,193,75880.00000000,75857.23600000,0
2026-03-11 12:00:00,0.9997,0.9997,0.9996,0.9997,379360.0,2026-03-11 12:59:59.999,379215.86390000,217,76079.00000000,76056.17630000,0
2026-03-11 13:00:00,0.9997,0.9997,0.9996,0.9997,343309.0,2026-03-11 13:59:59.999,343174.42140000,176,27450.00000000,27441.76500000,0
2026-03-11 14:00:00,0.9996,0.9997,0.9996,0.9997,228220.0,2026-03-11 14:59:59.999,228135.87880000,249,71668.00000000,71646.49960000,0
2026-03-11 15:00:00,0.9997,0.9997,0.9995,0.9996,80994.0,2026-03-11 15:59:59.999,80963.11260000,197,74423.00000000,74394.94090000,0
2026-03-11 16:00:00,0.9996,0.9996,0.9995,0.9995,358431.0,2026-03-11 16:59:59.999,358257.87040000,242,60859.00000000,60834.65640000,0
2026-03-11 17:00:00,0.9995,0.9996,0.9995,0.9995,1754.0,2026-03-11 17:59:59.999,1753.18870000,39,657.00000000,656.73720000,0
2026-03-11 18:00:00,0.9996,0.9996,0.9995,0.9996,4154.0,2026-03-11 18:59:59.999,4152.10260000,19,1796.00000000,1795.28160000,0
2026-03-11 19:00:00,0.9996,0.9996,0.9995,0.9996,1229.0,2026-03-11 19:59:59.999,1228.42110000,13,356.00000000,355.85760000,0
2026-03-11 20:00:00,0.9996,0.9996,0.9995,0.9996,5206.0,2026-03-11 20:59:59.999,5203.65170000,55,2547.00000000,2545.98120000,0
2026-03-11 21:00:00,0.9995,0.9996,0.9995,0.9996,747.0,2026-03-11 21:59:59.999,746.62790000,2,14.00000000,13.99440000,0
