timestamp,open,high,low,close,volume,close_time,quote_asset_volume,number_of_trades,taker_buy_base_volume,taker_buy_quote_volume,ignore
2026-01-13 08:00:00,1.0,1.0072,0.9995,1.0008,4242535.0,2026-01-13 08:59:59.999,4244444.63460000,5473,2828002.00000000,2829511.83180000,0
2026-01-13 09:00:00,1.0009,1.0009,1.0007,1.0007,1196286.0,2026-01-13 09:59:59.999,1197226.43810000,979,950599.00000000,951363.36630000,0
2026-01-13 10:00:00,1.0008,1.0008,1.0007,1.0007,712954.0,2026-01-13 10:59:59.999,713487.23570000,838,341679.00000000,341952.34320000,0
2026-01-13 11:00:00,1.0008,1.0017,1.0007,1.0009,1164335.0,2026-01-13 11:59:59.999,1165383.87180000,472,696211.00000000,696846.69340000,0
2026-01-13 12:00:00,1.001,1.0015,1.0003,1.0003,3586719.0,2026-01-13 12:59:59.999,3588952.85100000,1000,1955083.00000000,1956123.81970000,0
2026-01-13 13:00:00,1.0004,1.0005,1.0,1.0004,3471226.0,2026-01-13 13:59:59.999,3471842.11800000,461,587562.00000000,587722.37310000,0
2026-01-13 14:00:00,1.0004,1.0008,1.0,1.0,3185095.0,2026-01-13 14:59:59.999,3185252.75610000,1302,1121869.00000000,1121965.38690000,0
2026-01-13 15:00:00,1.0,1.0002,1.0,1.0001,672359.0,2026-01-13 15:59:59.999,672421.19390000,263,557659.00000000,557718.65100000,0
2026-01-13 16:00:00,1.0001,1.0002,1.0,1.0001,382324.0,2026-01-13 16:59:59.999,382364.94830000,199,240382.00000000,240413.07460000,0
2026-01-13 17:00:00,1.0001,1.0001,1.0,1.0,1150845.0,2026-01-13 17:59:59.999,1150859.27590000,215,142759.00000000,142773.27590000,0
2026-01-13 18:00:00,1.0,1.0001,0.9999,1.0,619026.0,2026-01-13 18:59:59.999,619029.85050000,211,173510.00000000,173515.46300000,0
2026-01-13 19:00:00,1.0,1.0,0.9999,1.0,78541.0,2026-01-13 19:59:59.999,78539.52260000,115,63767.00000000,63767.00000000,0
2026-01-13 20:00:00,0.9999,1.0,0.9999,0.9999,104876.0,2026-01-13 20:59:59.999,104874.97780000,137,94654.00000000,94654.00000000,0
2026-01-13 21:00:00,1.0,1.0,0.9999,0.9999,1091824.0,2026-01-13 21:59:59.999,1091719.25400000,139,44364.00000000,44364.00000000,0
2026-01-13 22:00:00,0.9999,1.0,0.9997,0.9999,1031508.0,2026-01-13 22:59:59.999,1031411.13620000,1007,237096.00000000,237094.31060000,0
2026-01-13 23:00:00,1.0,1.0001,0.9999,1.0,482326.0,2026-01-13 23:59:59.999,482330.95210000,122,395016.00000000,395021.90310000,0
2026-01-14 00:00:00,1.0001,1.0002,1.0,1.0002,646530.0,2026-01-14 00:59:59.999,646582.68590000,357,493407.00000000,493457.17900000,0
2026-01-14 01:00:00,1.0001,1.0002,1.0,1.0001,499006.0,2026-01-14 01:59:59.999,499049.56930000,191,427505.00000000,427548.56650000,0
2026-01-14 02:00:00,1.0,1.0001,1.0,1.0,766261.0,2026-01-14 02:59:59.999,766308.09090000,163,470909.00000000,470956.09090000,0
2026-01-14 03:00:00,1.0,1.0001,1.0,1.0,625672.0,2026-01-14 03:59:59.999,625698.77030000,137,267703.00000000,267729.77030000,0
2026-01-14 04:00:00,1.0001,1.0001,1.0,1.0001,967539.0,2026-01-14 04:59:59.999,967625.12200000,218,861220.00000000,861306.12200000,0
2026-01-14 05:00:00,1.0001,1.0001,1.0,1.0001,340845.0,2026-01-14 05:59:59.999,340870.69420000,210,256942.00000000,256967.69420000,0
2026-01-14 06:00:00,1.0,1.0001,1.0,1.0001,89715.0,2026-01-14 06:59:59.999,89721.58060000,107,65806.00000000,65812.58060000,0
2026-01-14 07:00:00,1.0,1.0001,1.0,1.0,196855.0,2026-01-14 07:59:59.999,196872.77280000,309,177728.00000000,177745.77280000,0
2026-01-14 08:00:00,1.0001,1.0001,1.0,1.0001,242264.0,2026-01-14 08:59:59.999,242272.74380000,96,87438.00000000,87446.74380000,0
2026-01-14 09:00:00,1.0,1.0001,1.0,1.0001,136118.0,2026-01-14 09:59:59.999,136124.03230000,65,60323.00000000,60329.03230000,0
2026-01-14 10:00:00,1.0,1.0001,1.0,1.0,150919.0,2026-01-14 10:59:59.999,150932.96030000,58,139603.00000000,139616.96030000,0
2026-01-14 11:00:00,1.0,1.0001,1.0,1.0,39215.0,2026-01-14 11:59:59.999,39216.82890000,66,18289.00000000,18290.82890000,0
2026-01-14 12:00:00,1.0,1.0001,1.0,1.0,437551.0,2026-01-14 12:59:59.999,437563.15050000,68,121505.00000000,121517.15050000,0
2026-01-14 13:00:00,1.0001,1.0001,1.0,1.0001,226568.0,2026-01-14 13:59:59.999,226577.48400000,87,94840.00000000,94849.48400000,0
2026-01-14 14:00:00,1.0,1.0001,1.0,1.0,129255.0,2026-01-14 14:59:59.999,129256.45930000,99,14593.00000000,14594.45930000,0
2026-01-14 15:00:00,1.0,1.0001,0.9999,0.9999,993174.0,2026-01-14 15:59:59.999,993178.09050000,443,145778.00000000,145782.44870000,0
2026-01-14 16:00:00,0.9999,1.0,0.9998,1.0,487561.0,2026-01-14 16:59:59.999,487514.55420000,244,68047.00000000,68046.84260000,0
2026-01-14 17:00:00,0.9999,1.0,0.9996,0.9998,748079.0,2026-01-14 17:59:59.999,747927.41660000,324,118290.00000000,118276.72530000,0
2026-01-14 18:00:00,0.9999,1.0,0.9998,0.9999,345564.0,2026-01-14 18:59:59.999,345520.62600000,218,9778.00000000,9777.35060000,0
2026-01-14 19:00:00,1.0,1.0,0.9998,1.0,664289.0,2026-01-14 19:59:59.999,664284.16470000,72,310373.00000000,310370.70750000,0
2026-01-14 20:00:00,0.9999,1.0,0.9998,0.9998,67244.0,2026-01-14 20:59:59.999,67242.84570000,65,56227.00000000,56227.00000000,0
2026-01-14 21:00:00,0.9998,1.0,0.9998,0.9999,3987.0,2026-01-14 21:59:59.999,3986.34320000,32,1156.00000000,1155.90940000,0
2026-01-14 22:00:00,0.9999,1.0,0.9998,1.0,169108.0,2026-01-14 22:59:59.999,169106.26050000,45,156098.00000000,156097.97470000,0
2026-01-14 23:00:00,0.9999,1.0,0.9999,1.0,41583.0,2026-01-14 23:59:59.999,41582.67960000,28,38379.00000000,38379.00000000,0
2026-01-15 00:00:00,1.0,1.0,0.9999,1.0,67272.0,2026-01-15 00:59:59.999,67265.30410000,38,313.00000000,313.00000000,0
2026-01-15 01:00:00,1.0,1.0,0.9999,1.0,694934.0,2026-01-15 01:59:59.999,694932.02290000,61,675163.00000000,675163.00000000,0
2026-01-15 02:00:00,0.9999,1.0,0.9999,1.0,746311.0,2026-01-15 02:59:59.999,746308.73130000,72,723624.00000000,723624.00000000,0
2026-01-15 03:00:00,1.0,1.0,0.9999,0.9999,417389.0,2026-01-15 03:59:59.999,417385.43680000,74,369517.00000000,369517.00000000,0
2026-01-15 04:00:00,0.9999,1.0001,0.9999,1.0,211521.0,2026-01-15 04:59:59.999,211522.02920000,58,148987.00000000,148988.61410000,0
2026-01-15 05:00:00,0.9999,1.0001,0.9999,1.0,289431.0,2026-01-15 05:59:59.999,289453.18410000,44,233887.00000000,233909.20870000,0
2026-01-15 06:00:00,1.0,1.0001,0.9999,1.0001,277164.0,2026-01-15 06:59:59.999,277164.27180000,50,50751.00000000,50756.07510000,0
2026-01-15 07:00:00,1.0001,1.0001,0.9999,0.9999,257452.0,2026-01-15 07:59:59.999,257455.30770000,52,234468.00000000,234471.33000000,0
2026-01-15 08:00:00,0.9999,1.0001,0.9999,0.9999,326418.0,2026-01-15 08:59:59.999,326417.89370000,63,154695.00000000,154695.00600000,0
2026-01-15 09:00:00,0.9999,1.0001,0.9999,0.9999,25546.0,2026-01-15 09:59:59.999,25545.84660000,83,16548.00000000,16548.25000000,0
2026-01-15 10:00:00,1.0,1.0,0.9999,1.0,50659.0,2026-01-15 10:59:59.999,50657.12640000,62,31923.00000000,31923.00000000,0
2026-01-15 11:00:00,1.0,1.0,0.9999,1.0,756636.0,2026-01-15 11:59:59.999,756572.78420000,88,114366.00000000,114366.00000000,0
2026-01-15 12:00:00,1.0,1.0001,0.9999,0.9999,96680.0,2026-01-15 12:59:59.999,96682.73470000,62,45919.00000000,45921.88590000,0
2026-01-15 13:00:00,0.9999,1.0001,0.9999,0.9999,171786.0,2026-01-15 13:59:59.999,171786.52570000,73,105160.00000000,105160.65580000,0
2026-01-15 14:00:00,1.0,1.0001,0.9999,0.9999,279718.0,2026-01-15 14:59:59.999,279727.15800000,97,210365.00000000,210380.46900000,0
2026-01-15 15:00:00,0.9999,1.0001,0.9999,1.0,90169.0,2026-01-15 15:59:59.999,90165.94880000,66,59648.00000000,59648.00090000,0
2026-01-15 16:00:00,0.9999,1.0,0.9999,1.0,153708.0,2026-01-15 16:59:59.999,153698.75620000,52,61270.00000000,61270.00000000,0
2026-01-15 17:00:00,1.0,1.0,0.9999,1.0,121914.0,2026-01-15 17:59:59.999,121911.91570000,54,101071.00000000,101071.00000000,0
2026-01-15 18:00:00,1.0,1.0,0.9999,0.9999,27464.0,2026-01-15 18:59:59.999,27463.96620000,15,27126.00000000,27126.00000000,0
2026-01-15 19:00:00,1.0,1.0,0.9999,0.9999,14462.0,2026-01-15 19:59:59.999,14460.73530000,26,1815.00000000,1815.00000000,0
2026-01-15 20:00:00,1.0,1.0,0.9999,0.9999,19734.0,2026-01-15 20:59:59.999,19732.24070000,23,2141.00000000,2141.00000000,0
2026-01-15 21:00:00,1.0,1.0,0.9999,1.0,21028.0,2026-01-15 21:59:59.999,21027.42510000,47,15279.00000000,15279.00000000,0
2026-01-15 22:00:00,0.9999,1.0001,0.9999,1.0001,159839.0,2026-01-15 22:59:59.999,159838.97610000,37,157551.00000000,157551.07570000,0
2026-01-15 23:00:00,1.0001,1.0001,0.9999,1.0,95170.0,2026-01-15 23:59:59.999,95178.44210000,70,87046.00000000,87054.70460000,0
2026-01-16 00:00:00,1.0,1.0001,1.0,1.0001,21437.0,2026-01-16 00:59:59.999,21438.00910000,43,10091.00000000,10092.00910000,0
2026-01-16 01:00:00,1.0001,1.0001,1.0,1.0001,127948.0,2026-01-16 01:59:59.999,127958.41800000,18,104180.00000000,104190.41800000,0
2026-01-16 02:00:00,1.0,1.0001,1.0,1.0,182936.0,2026-01-16 02:59:59.999,182954.07100000,44,180710.00000000,180728.07100000,0
2026-01-16 03:00:00,1.0001,1.0001,1.0,1.0001,166960.0,2026-01-16 03:59:59.999,166976.64700000,26,166470.00000000,166486.64700000,0
2026-01-16 04:00:00,1.0,1.0001,1.0,1.0,294735.0,2026-01-16 04:59:59.999,294755.05770000,37,200577.00000000,200597.05770000,0
2026-01-16 05:00:00,1.0,1.0001,1.0,1.0,76899.0,2026-01-16 05:59:59.999,76906.49800000,20,74980.00000000,74987.49800000,0
2026-01-16 06:00:00,1.0001,1.0001,1.0,1.0,132611.0,2026-01-16 06:59:59.999,132614.05960000,36,30596.00000000,30599.05960000,0
2026-01-16 07:00:00,1.0001,1.0001,0.9999,1.0001,48953.0,2026-01-16 07:59:59.999,48951.43910000,74,12034.00000000,12035.20340000,0
2026-01-16 08:00:00,0.9999,1.0001,0.9999,1.0,3598.0,2026-01-16 08:59:59.999,3597.89600000,37,1565.00000000,1565.02960000,0
2026-01-16 09:00:00,1.0,1.0001,0.9999,1.0001,104896.0,2026-01-16 09:59:59.999,104897.41180000,37,72547.00000000,72551.58820000,0
2026-01-16 10:00:00,1.0,1.0001,1.0,1.0001,59465.0,2026-01-16 10:59:59.999,59470.80330000,14,58033.00000000,58038.80330000,0
2026-01-16 11:00:00,1.0,1.0001,1.0,1.0001,229146.0,2026-01-16 11:59:59.999,229161.82690000,28,158269.00000000,158284.82690000,0
2026-01-16 12:00:00,1.0001,1.0001,0.9999,0.9999,116376.0,2026-01-16 12:59:59.999,116365.54710000,34,1644.00000000,1644.15370000,0
2026-01-16 13:00:00,1.0,1.0,0.9999,0.9999,62298.0,2026-01-16 13:59:59.999,62292.45210000,18,6819.00000000,6819.00000000,0
2026-01-16 14:00:00,0.9999,1.0001,0.9999,0.9999,137299.0,2026-01-16 14:59:59.999,137305.12350000,31,113697.00000000,113705.48370000,0
2026-01-16 15:00:00,0.9999,1.0001,0.9999,0.9999,23817.0,2026-01-16 15:59:59.999,23814.86490000,32,1233.00000000,1233.12330000,0
2026-01-16 16:00:00,1.0001,1.0001,0.9999,1.0001,60408.0,2026-01-16 16:59:59.999,60404.18370000,39,20857.00000000,20857.07050000,0
2026-01-16 17:00:00,1.0001,1.0001,0.9999,1.0001,24039.0,2026-01-16 17:59:59.999,24037.66010000,28,343.00000000,343.02140000,0
2026-01-16 18:00:00,1.0001,1.0002,1.0,1.0,475007.0,2026-01-16 18:59:59.999,475051.84780000,154,443769.00000000,443813.41270000,0
2026-01-16 19:00:00,1.0,1.0,0.9999,1.0,1796.0,2026-01-16 19:59:59.999,1795.96500000,13,1446.00000000,1446.00000000,0
2026-01-16 20:00:00,1.0,1.0003,0.9999,0.9999,83490.0,2026-01-16 20:59:59.999,83491.77490000,43,76750.00000000,76751.05550000,0
2026-01-16 21:00:00,0.9999,1.0001,0.9999,1.0001,324.0,2026-01-16 21:59:59.999,323.98320000,12,65.00000000,65.00650000,0
2026-01-16 22:00:00,1.0,1.0001,0.9999,1.0001,4519.0,2026-01-16 22:59:59.999,4519.39430000,15,4220.00000000,4220.42200000,0
2026-01-16 23:00:00,1.0001,1.0001,0.9999,1.0001,131340.0,2026-01-16 23:59:59.999,131327.47260000,38,1120.00000000,1120.11200000,0
2026-01-17 00:00:00,1.0001,1.0001,0.9999,1.0,20102.0,2026-01-17 00:59:59.999,20101.89090000,18,10968.00000000,10968.05090000,0
2026-01-17 01:00:00,1.0,1.0,0.9999,1.0,10693.0,2026-01-17 01:59:59.999,10692.94740000,15,10167.00000000,10167.00000000,0
2026-01-17 02:00:00,1.0,1.0,0.9999,0.9999,20947.0,2026-01-17 02:59:59.999,20946.92360000,14,20183.00000000,20183.00000000,0
2026-01-17 03:00:00,1.0,1.0,0.9999,0.9999,3432.0,2026-01-17 03:59:59.999,3431.72850000,12,717.00000000,717.00000000,0
2026-01-17 04:00:00,1.0,1.0,0.9999,1.0,165.0,2026-01-17 04:59:59.999,164.99940000,5,159.00000000,159.00000000,0
2026-01-17 05:00:00,0.9999,1.0003,0.9999,1.0002,184132.0,2026-01-17 05:59:59.999,184144.08280000,40,183907.00000000,183919.09540000,0
2026-01-17 06:00:00,1.0001,1.0003,0.9999,1.0003,56286.0,2026-01-17 06:59:59.999,56296.34690000,23,49938.00000000,49948.68790000,0
2026-01-17 07:00:00,1.0003,1.0003,1.0,1.0,31301.0,2026-01-17 07:59:59.999,31302.17190000,23,6526.00000000,6526.71240000,0
2026-01-17 08:00:00,1.0,1.0001,1.0,1.0001,7143.0,2026-01-17 08:59:59.999,7143.62950000,21,6295.00000000,6295.62950000,0
2026-01-17 09:00:00,1.0001,1.0001,1.0,1.0,1887.0,2026-01-17 09:59:59.999,1887.07430000,15,743.00000000,743.07430000,0
2026-01-17 10:00:00,1.0001,1.0001,1.0,1.0001,23542.0,2026-01-17 10:59:59.999,23542.59200000,16,5920.00000000,5920.59200000,0
2026-01-17 11:00:00,1.0001,1.0001,1.0,1.0001,5987.0,2026-01-17 11:59:59.999,5987.06830000,15,683.00000000,683.06830000,0
2026-01-17 12:00:00,1.0,1.0002,1.0,1.0001,120332.0,2026-01-17 12:59:59.999,120350.57390000,25,100070.00000000,100088.56810000,0
2026-01-17 13:00:00,1.0002,1.0002,1.0,1.0001,12933.0,2026-01-17 13:59:59.999,12934.25430000,23,7267.00000000,7267.72910000,0
2026-01-17 14:00:00,1.0001,1.0002,1.0,1.0002,60787.0,2026-01-17 14:59:59.999,60797.92620000,27,60462.00000000,60472.92530000,0
2026-01-17 15:00:00,1.0002,1.0002,1.0,1.0,40249.0,2026-01-17 15:59:59.999,40251.41490000,27,20663.00000000,20665.41490000,0
2026-01-17 16:00:00,1.0,1.0001,1.0,1.0,11997.0,2026-01-17 16:59:59.999,11997.58700000,26,5870.00000000,5870.58700000,0
2026-01-17 17:00:00,1.0001,1.0001,1.0,1.0,3295.0,2026-01-17 17:59:59.999,3295.00380000,9,38.00000000,38.00380000,0
2026-01-17 18:00:00,1.0001,1.0001,1.0,1.0001,1158.0,2026-01-17 18:59:59.999,1158.09920000,11,992.00000000,992.09920000,0
2026-01-17 19:00:00,1.0001,1.0001,1.0,1.0,21526.0,2026-01-17 19:59:59.999,21526.13980000,16,1398.00000000,1398.13980000,0
2026-01-17 20:00:00,1.0,1.0001,1.0,1.0001,2447.0,2026-01-17 20:59:59.999,2447.01520000,8,152.00000000,152.01520000,0
2026-01-17 21:00:00,1.0,1.0,1.0,1.0,44319.0,2026-01-17 21:59:59.999,44319.00000000,6,0.00000000,0.00000000,0
2026-01-17 22:00:00,1.0,1.0001,1.0,1.0,184.0,2026-01-17 22:59:59.999,184.00250000,5,25.00000000,25.00250000,0
2026-01-17 23:00:00,1.0001,1.0001,1.0001,1.0001,17.0,2026-01-17 23:59:59.999,17.00170000,2,17.00000000,17.00170000,0
2026-01-18 00:00:00,1.0001,1.0001,1.0,1.0001,96725.0,2026-01-18 00:59:59.999,96734.66100000,12,96610.00000000,96619.66100000,0
2026-01-18 01:00:00,1.0001,1.0001,1.0,1.0,111673.0,2026-01-18 01:59:59.999,111673.33480000,23,3348.00000000,3348.33480000,0
2026-01-18 02:00:00,1.0,1.0002,1.0,1.0,178700.0,2026-01-18 02:59:59.999,178707.82750000,36,84207.00000000,84214.82690000,0
2026-01-18 03:00:00,0.9999,1.0002,0.9999,1.0002,52293.0,2026-01-18 03:59:59.999,52303.10970000,19,51022.00000000,51032.12090000,0
2026-01-18 04:00:00,1.0002,1.0002,1.0,1.0,51466.0,2026-01-18 04:59:59.999,51466.00700000,16,22.00000000,22.00440000,0
2026-01-18 05:00:00,1.0,1.0002,0.9999,0.9999,137376.0,2026-01-18 05:59:59.999,137377.17830000,39,20444.00000000,20445.38190000,0
2026-01-18 06:00:00,1.0,1.0001,0.9999,1.0001,97714.0,2026-01-18 06:59:59.999,97713.50130000,14,91496.00000000,91496.00310000,0
2026-01-18 07:00:00,1.0001,1.0001,0.9999,0.9999,20618.0,2026-01-18 07:59:59.999,20616.54600000,15,550.00000000,550.05440000,0
2026-01-18 08:00:00,0.9999,1.0,0.9999,1.0,122506.0,2026-01-18 08:59:59.999,122497.21770000,27,34683.00000000,34683.00000000,0
2026-01-18 09:00:00,1.0,1.0,0.9999,0.9999,158595.0,2026-01-18 09:59:59.999,158585.60700000,19,64665.00000000,64665.00000000,0
2026-01-18 10:00:00,0.9999,1.0,0.9999,0.9999,9278.0,2026-01-18 10:59:59.999,9277.15970000,14,875.00000000,875.00000000,0
2026-01-18 11:00:00,1.0,1.0,0.9999,0.9999,22002.0,2026-01-18 11:59:59.999,22001.99490000,8,21951.00000000,21951.00000000,0
2026-01-18 12:00:00,0.9999,1.0,0.9999,0.9999,10222.0,2026-01-18 12:59:59.999,10221.97230000,10,9945.00000000,9945.00000000,0
2026-01-18 13:00:00,1.0,1.0,0.9999,1.0,58637.0,2026-01-18 13:59:59.999,58636.80400000,41,56677.00000000,56677.00000000,0
2026-01-18 14:00:00,1.0,1.0,0.9999,0.9999,41802.0,2026-01-18 14:59:59.999,41801.36420000,21,35444.00000000,35444.00000000,0
2026-01-18 15:00:00,0.9999,1.0,0.9999,0.9999,36440.0,2026-01-18 15:59:59.999,36438.17720000,20,18212.00000000,18212.00000000,0
2026-01-18 16:00:00,1.0,1.0,0.9999,1.0,156083.0,2026-01-18 16:59:59.999,156071.88900000,30,44973.00000000,44973.00000000,0
2026-01-18 17:00:00,1.0,1.0001,0.9999,1.0001,113522.0,2026-01-18 17:59:59.999,113522.06820000,18,113448.00000000,113448.07510000,0
2026-01-18 18:00:00,1.0001,1.0002,1.0,1.0002,21673.0,2026-01-18 18:59:59.999,21675.38850000,18,20258.00000000,20260.38850000,0
2026-01-18 19:00:00,1.0,1.0002,1.0,1.0,3484.0,2026-01-18 19:59:59.999,3484.49410000,17,2459.00000000,2459.49180000,0
2026-01-18 20:00:00,1.0002,1.0002,1.0,1.0002,436.0,2026-01-18 20:59:59.999,436.08540000,10,427.00000000,427.08540000,0
2026-01-18 21:00:00,1.0,1.0002,1.0,1.0002,1383.0,2026-01-18 21:59:59.999,1383.05740000,13,287.00000000,287.05740000,0
2026-01-18 22:00:00,1.0002,1.0002,1.0,1.0001,11091.0,2026-01-18 22:59:59.999,11092.13150000,11,10947.00000000,10948.13150000,0
2026-01-18 23:00:00,1.0,1.0002,1.0,1.0,72779.0,2026-01-18 23:59:59.999,72779.10990000,91,876.00000000,876.10990000,0
2026-01-19 00:00:00,1.0,1.0,0.9999,1.0,706768.0,2026-01-19 00:59:59.999,706720.99900000,62,34281.00000000,34281.00000000,0
2026-01-19 01:00:00,0.9999,1.0,0.9999,0.9999,39021.0,2026-01-19 01:59:59.999,39018.26630000,47,11684.00000000,11684.00000000,0
2026-01-19 02:00:00,1.0,1.0,0.9999,0.9999,29576.0,2026-01-19 02:59:59.999,29573.15040000,16,1080.00000000,1080.00000000,0
2026-01-19 03:00:00,0.9999,1.0,0.9999,0.9999,18291.0,2026-01-19 03:59:59.999,18289.41590000,15,2450.00000000,2450.00000000,0
2026-01-19 04:00:00,0.9999,1.0001,0.9999,0.9999,79252.0,2026-01-19 04:59:59.999,79251.04980000,55,66888.00000000,66888.28560000,0
2026-01-19 05:00:00,1.0001,1.0001,0.9999,0.9999,119246.0,2026-01-19 05:59:59.999,119236.70620000,25,144.00000000,144.00350000,0
2026-01-19 06:00:00,0.9999,1.0,0.9999,1.0,331859.0,2026-01-19 06:59:59.999,331852.30270000,230,264886.00000000,264886.00000000,0
2026-01-19 07:00:00,1.0,1.0001,1.0,1.0,77538.0,2026-01-19 07:59:59.999,77538.10140000,79,24354.00000000,24354.10140000,0
2026-01-19 08:00:00,1.0001,1.0001,0.9999,1.0,34808.0,2026-01-19 08:59:59.999,34807.76470000,37,9695.00000000,9695.00110000,0
2026-01-19 09:00:00,1.0,1.0002,1.0,1.0002,391833.0,2026-01-19 09:59:59.999,391869.72550000,240,305526.00000000,305562.72550000,0
2026-01-19 10:00:00,1.0001,1.0001,0.9999,1.0,100243.0,2026-01-19 10:59:59.999,100242.71790000,34,36251.00000000,36254.06530000,0
2026-01-19 11:00:00,0.9999,1.0,0.9999,0.9999,89536.0,2026-01-19 11:59:59.999,89529.56270000,23,25163.00000000,25163.00000000,0
2026-01-19 12:00:00,0.9999,1.0,0.9999,0.9999,62779.0,2026-01-19 12:59:59.999,62772.95520000,31,2331.00000000,2331.00000000,0
2026-01-19 13:00:00,0.9999,1.0,0.9999,1.0,79207.0,2026-01-19 13:59:59.999,79199.71260000,54,6333.00000000,6333.00000000,0
2026-01-19 14:00:00,1.0,1.0,0.9999,0.9999,464170.0,2026-01-19 14:59:59.999,464123.98580000,40,4028.00000000,4028.00000000,0
2026-01-19 15:00:00,0.9999,1.0,0.9999,1.0,44843.0,2026-01-19 15:59:59.999,44842.64500000,27,41293.00000000,41293.00000000,0
2026-01-19 16:00:00,1.0,1.0,0.9999,0.9999,101130.0,2026-01-19 16:59:59.999,101119.90910000,22,221.00000000,221.00000000,0
2026-01-19 17:00:00,1.0,1.0,0.9999,1.0,5099.0,2026-01-19 17:59:59.999,5098.74750000,9,2574.00000000,2574.00000000,0
2026-01-19 18:00:00,0.9999,1.0,0.9999,0.9999,27513.0,2026-01-19 18:59:59.999,27510.98730000,18,7386.00000000,7386.00000000,0
2026-01-19 19:00:00,0.9999,1.0,0.9999,0.9999,4894.0,2026-01-19 19:59:59.999,4893.88000000,8,3694.00000000,3694.00000000,0
2026-01-19 20:00:00,0.9999,1.0,0.9999,0.9999,13885.0,2026-01-19 20:59:59.999,13884.98630000,11,13748.00000000,13748.00000000,0
2026-01-19 21:00:00,1.0,1.0,0.9999,0.9999,13508.0,2026-01-19 21:59:59.999,13507.99680000,15,13476.00000000,13476.00000000,0
2026-01-19 22:00:00,1.0,1.0,0.9999,0.9999,3112.0,2026-01-19 22:59:59.999,3111.70850000,13,197.00000000,197.00000000,0
2026-01-19 23:00:00,0.9999,1.0,0.9999,0.9999,28746.0,2026-01-19 23:59:59.999,28745.09330000,16,19679.00000000,19679.00000000,0
2026-01-20 00:00:00,0.9999,1.0,0.9999,1.0,313143.0,2026-01-20 00:59:59.999,313111.76220000,16,765.00000000,765.00000000,0
2026-01-20 01:00:00,0.9999,1.0,0.9999,0.9999,26249.0,2026-01-20 01:59:59.999,26246.37840000,8,33.00000000,33.00000000,0
2026-01-20 02:00:00,0.9999,1.0,0.9999,1.0,169566.0,2026-01-20 02:59:59.999,169553.10140000,19,40580.00000000,40580.00000000,0
2026-01-20 03:00:00,1.0,1.0,0.9999,0.9999,97591.0,2026-01-20 03:59:59.999,97581.24220000,18,13.00000000,13.00000000,0
2026-01-20 04:00:00,0.9999,0.9999,0.9999,0.9999,120110.0,2026-01-20 04:59:59.999,120097.98900000,8,0.00000000,0.00000000,0
2026-01-20 05:00:00,0.9999,1.0,0.9999,0.9999,148926.0,2026-01-20 05:59:59.999,148918.58260000,406,74752.00000000,74752.00000000,0
2026-01-20 06:00:00,1.0,1.0001,0.9999,1.0001,136856.0,2026-01-20 06:59:59.999,136852.52090000,324,71282.00000000,71282.67160000,0
2026-01-20 07:00:00,1.0001,1.0001,1.0,1.0001,71226.0,2026-01-20 07:59:59.999,71229.94340000,53,39498.00000000,39501.94340000,0
2026-01-20 08:00:00,1.0,1.0001,0.9999,1.0001,199994.0,2026-01-20 08:59:59.999,199990.99840000,182,75628.00000000,75630.61490000,0
2026-01-20 09:00:00,0.9999,1.0001,0.9999,1.0,137866.0,2026-01-20 09:59:59.999,137852.49480000,36,2214.00000000,2214.06000000,0
2026-01-20 10:00:00,0.9999,1.0001,0.9999,0.9999,102059.0,2026-01-20 10:59:59.999,102059.06310000,26,101488.00000000,101488.12020000,0
2026-01-20 11:00:00,1.0,1.0001,0.9999,1.0001,11383.0,2026-01-20 11:59:59.999,11382.90820000,30,10234.00000000,10234.02310000,0
2026-01-20 12:00:00,1.0001,1.0001,0.9999,1.0,47849.0,2026-01-20 12:59:59.999,47848.76070000,19,229.00000000,229.02290000,0
2026-01-20 13:00:00,1.0,1.0001,0.9999,0.9999,283024.0,2026-01-20 13:59:59.999,283026.68080000,47,27373.00000000,27375.73730000,0
2026-01-20 14:00:00,1.0,1.0,0.9999,0.9999,48330.0,2026-01-20 14:59:59.999,48325.80020000,32,6332.00000000,6332.00000000,0
2026-01-20 15:00:00,1.0,1.0,0.9999,1.0,88911.0,2026-01-20 15:59:59.999,88902.63830000,45,5294.00000000,5294.00000000,0
2026-01-20 16:00:00,1.0,1.0,0.9999,0.9999,27283.0,2026-01-20 16:59:59.999,27280.44890000,38,1772.00000000,1772.00000000,0
2026-01-20 17:00:00,0.9999,1.0,0.9999,0.9999,25739.0,2026-01-20 17:59:59.999,25736.45460000,132,285.00000000,285.00000000,0
2026-01-20 18:00:00,0.9999,1.0,0.9999,0.9999,114559.0,2026-01-20 18:59:59.999,114548.62620000,89,10821.00000000,10821.00000000,0
2026-01-20 19:00:00,0.9999,1.0,0.9999,1.0,118603.0,2026-01-20 19:59:59.999,118597.45800000,33,63183.00000000,63183.00000000,0
2026-01-20 20:00:00,1.0,1.0001,0.9999,1.0001,55848.0,2026-01-20 20:59:59.999,55847.99210000,79,55488.00000000,55488.00540000,0
2026-01-20 21:00:00,1.0001,1.0001,1.0,1.0001,5293.0,2026-01-20 21:59:59.999,5293.51520000,11,5152.00000000,5152.51520000,0
2026-01-20 22:00:00,1.0001,1.0001,0.9999,0.9999,338354.0,2026-01-20 22:59:59.999,338339.19150000,301,82602.00000000,82609.97930000,0
2026-01-20 23:00:00,1.0,1.0,0.9999,0.9999,61918.0,2026-01-20 23:59:59.999,61912.21770000,23,4095.00000000,4095.00000000,0
2026-01-21 00:00:00,0.9999,1.0,0.9999,0.9999,60931.0,2026-01-21 00:59:59.999,60925.75130000,34,8444.00000000,8444.00000000,0
2026-01-21 01:00:00,1.0,1.0,0.9999,0.9999,111405.0,2026-01-21 01:59:59.999,111394.58870000,29,7292.00000000,7292.00000000,0
2026-01-21 02:00:00,0.9999,1.0,0.9999,0.9999,135632.0,2026-01-21 02:59:59.999,135618.66790000,23,2311.00000000,2311.00000000,0
2026-01-21 03:00:00,0.9999,1.0,0.9999,1.0,49725.0,2026-01-21 03:59:59.999,49722.76950000,31,27420.00000000,27420.00000000,0
2026-01-21 04:00:00,1.0,1.0001,0.9999,0.9999,53124.0,2026-01-21 04:59:59.999,53125.00290000,26,36953.00000000,36955.49940000,0
2026-01-21 05:00:00,1.0,1.0001,0.9999,1.0,24310.0,2026-01-21 05:59:59.999,24309.69550000,12,6254.00000000,6254.00110000,0
2026-01-21 06:00:00,0.9999,1.0,0.9999,1.0,2357.0,2026-01-21 06:59:59.999,2356.77600000,16,117.00000000,117.00000000,0
2026-01-21 07:00:00,0.9999,1.0001,0.9999,0.9999,37710.0,2026-01-21 07:59:59.999,37709.39870000,78,30832.00000000,30832.08650000,0
2026-01-21 08:00:00,0.9999,1.0,0.9999,0.9999,10770.0,2026-01-21 08:59:59.999,10768.94280000,27,198.00000000,198.00000000,0
2026-01-21 09:00:00,0.9999,1.0,0.9999,0.9999,7709.0,2026-01-21 09:59:59.999,7708.96350000,21,7344.00000000,7344.00000000,0
2026-01-21 10:00:00,0.9999,1.0,0.9999,0.9999,25081.0,2026-01-21 10:59:59.999,25078.49430000,11,24.00000000,24.00000000,0
2026-01-21 11:00:00,1.0,1.0,0.9999,0.9999,1373.0,2026-01-21 11:59:59.999,1372.87540000,13,127.00000000,127.00000000,0
2026-01-21 12:00:00,0.9999,1.0,0.9999,1.0,30049.0,2026-01-21 12:59:59.999,30046.00430000,35,92.00000000,92.00000000,0
2026-01-21 13:00:00,1.0,1.0,0.9999,0.9999,36159.0,2026-01-21 13:59:59.999,36155.48890000,13,1048.00000000,1048.00000000,0
2026-01-21 14:00:00,0.9999,1.0,0.9999,1.0,73427.0,2026-01-21 14:59:59.999,73421.41290000,29,17556.00000000,17556.00000000,0
2026-01-21 15:00:00,1.0,1.0,0.9999,0.9999,91024.0,2026-01-21 15:59:59.999,91015.81660000,28,9190.00000000,9190.00000000,0
2026-01-21 16:00:00,0.9999,1.0,0.9999,0.9999,76271.0,2026-01-21 16:59:59.999,76263.88750000,72,5146.00000000,5146.00000000,0
2026-01-21 17:00:00,1.0,1.0,0.9999,0.9999,20795.0,2026-01-21 17:59:59.999,20793.65350000,35,7330.00000000,7330.00000000,0
2026-01-21 18:00:00,1.0,1.0,0.9999,0.9999,33531.0,2026-01-21 18:59:59.999,33527.95300000,17,3061.00000000,3061.00000000,0
2026-01-21 19:00:00,0.9999,1.0,0.9999,1.0,127150.0,2026-01-21 19:59:59.999,127149.62800000,51,123430.00000000,123430.00000000,0
2026-01-21 20:00:00,0.9999,1.0,0.9999,0.9999,5006.0,2026-01-21 20:59:59.999,5005.74600000,57,2466.00000000,2466.00000000,0
2026-01-21 21:00:00,0.9999,1.0,0.9999,0.9999,10759.0,2026-01-21 21:59:59.999,10758.30480000,119,3807.00000000,3807.00000000,0
2026-01-21 22:00:00,0.9999,1.0,0.9999,0.9999,18989.0,2026-01-21 22:59:59.999,18988.60890000,141,15078.00000000,15078.00000000,0
2026-01-21 23:00:00,0.9999,1.0001,0.9999,0.9999,27953.0,2026-01-21 23:59:59.999,27952.12410000,252,19090.00000000,19090.01040000,0
2026-01-22 00:00:00,0.9999,1.0001,0.9999,1.0001,11000.0,2026-01-22 00:59:59.999,11000.89900000,117,9649.00000000,9649.92670000,0
2026-01-22 01:00:00,1.0001,1.0001,0.9999,1.0,282550.0,2026-01-22 01:59:59.999,282567.16670000,138,228617.00000000,228637.19260000,0
2026-01-22 02:00:00,1.0001,1.0001,1.0,1.0001,27711.0,2026-01-22 02:59:59.999,27711.06740000,17,674.00000000,674.06740000,0
2026-01-22 03:00:00,1.0,1.0003,1.0,1.0001,38454.0,2026-01-22 03:59:59.999,38457.84420000,50,38291.00000000,38294.84000000,0
2026-01-22 04:00:00,1.0001,1.0001,1.0,1.0001,135089.0,2026-01-22 04:59:59.999,135098.50410000,166,113673.00000000,113682.50410000,0
2026-01-22 05:00:00,1.0002,1.0003,1.0,1.0,50231.0,2026-01-22 05:59:59.999,50236.10150000,31,34566.00000000,34569.59970000,0
2026-01-22 06:00:00,1.0,1.0001,1.0,1.0,20864.0,2026-01-22 06:59:59.999,20865.86420000,24,18642.00000000,18643.86420000,0
2026-01-22 07:00:00,1.0001,1.0001,1.0,1.0,4479.0,2026-01-22 07:59:59.999,4479.13700000,15,1370.00000000,1370.13700000,0
2026-01-22 08:00:00,1.0001,1.0007,1.0,1.0002,352339.0,2026-01-22 08:59:59.999,352396.87660000,766,276082.00000000,276136.04470000,0
2026-01-22 09:00:00,1.0001,1.0003,1.0,1.0,92640.0,2026-01-22 09:59:59.999,92652.91440000,219,73309.00000000,73320.40570000,0
2026-01-22 10:00:00,1.0,1.0001,1.0,1.0001,211.0,2026-01-22 10:59:59.999,211.00360000,12,36.00000000,36.00360000,0
2026-01-22 11:00:00,1.0,1.0001,1.0,1.0,24645.0,2026-01-22 11:59:59.999,24645.05690000,19,569.00000000,569.05690000,0
2026-01-22 12:00:00,1.0,1.0001,1.0,1.0001,22199.0,2026-01-22 12:59:59.999,22199.17020000,21,1702.00000000,1702.17020000,0
2026-01-22 13:00:00,1.0,1.0001,1.0,1.0001,21009.0,2026-01-22 13:59:59.999,21009.30730000,28,3073.00000000,3073.30730000,0
2026-01-22 14:00:00,1.0001,1.0001,0.9999,0.9999,72392.0,2026-01-22 14:59:59.999,72391.82320000,46,660.00000000,660.06360000,0
2026-01-22 15:00:00,0.9999,1.0,0.9999,0.9999,23669.0,2026-01-22 15:59:59.999,23667.23060000,24,5975.00000000,5975.00000000,0
2026-01-22 16:00:00,0.9999,1.0,0.9999,1.0,33600.0,2026-01-22 16:59:59.999,33598.67170000,21,20317.00000000,20317.00000000,0
2026-01-22 17:00:00,1.0,1.0,0.9999,0.9999,30276.0,2026-01-22 17:59:59.999,30274.67660000,8,30.00000000,30.00000000,0
2026-01-22 18:00:00,1.0,1.0001,0.9999,0.9999,5709.0,2026-01-22 18:59:59.999,5709.44720000,16,5226.00000000,5226.49550000,0
2026-01-22 19:00:00,0.9999,1.0,0.9999,0.9999,1279.0,2026-01-22 19:59:59.999,1278.87480000,10,0.00000000,0.00000000,0
2026-01-22 20:00:00,0.9999,1.0001,0.9999,1.0001,805.0,2026-01-22 20:59:59.999,805.02630000,8,534.00000000,534.05340000,0
2026-01-22 21:00:00,1.0001,1.0001,0.9999,0.9999,430.0,2026-01-22 21:59:59.999,429.98480000,14,139.00000000,139.01390000,0
2026-01-22 22:00:00,1.0001,1.0001,0.9999,0.9999,2513.0,2026-01-22 22:59:59.999,2512.76810000,11,97.00000000,97.00970000,0
2026-01-22 23:00:00,0.9999,0.9999,0.9999,0.9999,123165.0,2026-01-22 23:59:59.999,123152.68350000,13,0.00000000,0.00000000,0
2026-01-23 00:00:00,1.0001,1.0001,0.9999,0.9999,285236.0,2026-01-23 00:59:59.999,285207.48400000,41,61.00000000,61.00150000,0
2026-01-23 01:00:00,0.9999,1.0,0.9998,0.9998,748069.0,2026-01-23 01:59:59.999,747954.30740000,162,177105.00000000,177091.03380000,0
2026-01-23 02:00:00,0.9999,1.0,0.9998,0.9999,476851.0,2026-01-23 02:59:59.999,476814.62260000,42,181076.00000000,181075.79910000,0
2026-01-23 03:00:00,0.9999,1.0,0.9997,0.9999,388899.0,2026-01-23 03:59:59.999,388833.07550000,37,17886.00000000,17884.56490000,0
2026-01-23 04:00:00,0.9999,1.0004,0.9999,1.0,365071.0,2026-01-23 04:59:59.999,365074.45400000,171,228616.00000000,228628.28600000,0
2026-01-23 05:00:00,1.0001,1.0004,0.9999,1.0,378365.0,2026-01-23 05:59:59.999,378361.95170000,154,190914.00000000,190923.12150000,0
2026-01-23 06:00:00,1.0,1.0001,0.9999,1.0,536422.0,2026-01-23 06:59:59.999,536437.95210000,126,494159.00000000,494177.12400000,0
2026-01-23 07:00:00,1.0001,1.0001,0.9999,0.9999,143264.0,2026-01-23 07:59:59.999,143249.68000000,73,46475.00000000,46470.35830000,0
2026-01-23 08:00:00,1.0,1.0,0.9999,1.0,243531.0,2026-01-23 08:59:59.999,243510.62580000,40,39789.00000000,39789.00000000,0
2026-01-23 09:00:00,0.9999,1.0,0.9999,1.0,156135.0,2026-01-23 09:59:59.999,156119.39690000,20,104.00000000,104.00000000,0
2026-01-23 10:00:00,0.9999,1.0,0.9999,0.9999,197134.0,2026-01-23 10:59:59.999,197126.33660000,45,120500.00000000,120500.00000000,0
2026-01-23 11:00:00,1.0,1.0,0.9999,1.0,79360.0,2026-01-23 11:59:59.999,79352.07090000,12,69.00000000,69.00000000,0
2026-01-23 12:00:00,0.9999,1.0,0.9999,1.0,55595.0,2026-01-23 12:59:59.999,55589.45290000,14,124.00000000,124.00000000,0
2026-01-23 13:00:00,1.0,1.0,0.9999,1.0,177848.0,2026-01-23 13:59:59.999,177830.30430000,19,891.00000000,891.00000000,0
2026-01-23 14:00:00,1.0,1.0,0.9999,0.9999,81707.0,2026-01-23 14:59:59.999,81699.85920000,54,10299.00000000,10299.00000000,0
2026-01-23 15:00:00,0.9999,1.0,0.9999,0.9999,16532.0,2026-01-23 15:59:59.999,16530.84750000,56,5007.00000000,5007.00000000,0
2026-01-23 16:00:00,0.9999,1.0,0.9999,1.0,443388.0,2026-01-23 16:59:59.999,443372.61370000,310,289525.00000000,289525.00000000,0
2026-01-23 17:00:00,1.0,1.0,0.9999,0.9999,127412.0,2026-01-23 17:59:59.999,127399.97750000,26,7187.00000000,7187.00000000,0
2026-01-23 18:00:00,1.0,1.0,0.9999,1.0,100173.0,2026-01-23 18:59:59.999,100172.99510000,9,100124.00000000,100124.00000000,0
2026-01-23 19:00:00,0.9999,1.0,0.9999,0.9999,72493.0,2026-01-23 19:59:59.999,72485.79230000,23,416.00000000,416.00000000,0
2026-01-23 20:00:00,0.9999,1.0,0.9999,0.9999,1627.0,2026-01-23 20:59:59.999,1626.84330000,9,60.00000000,60.00000000,0
2026-01-23 21:00:00,1.0,1.0,0.9999,0.9999,8572.0,2026-01-23 21:59:59.999,8571.14430000,5,15.00000000,15.00000000,0
2026-01-23 22:00:00,0.9999,1.0,0.9999,0.9999,26232.0,2026-01-23 22:59:59.999,26231.99360000,12,26168.00000000,26168.00000000,0
2026-01-23 23:00:00,1.0,1.0,0.9999,0.9999,18016.0,2026-01-23 23:59:59.999,18014.20650000,5,81.00000000,81.00000000,0
2026-01-24 00:00:00,1.0,1.0,0.9999,0.9999,387.0,2026-01-24 00:59:59.999,386.96510000,11,38.00000000,38.00000000,0
2026-01-24 01:00:00,1.0,1.0,0.9999,1.0,3691.0,2026-01-24 01:59:59.999,3690.97810000,66,3472.00000000,3472.00000000,0
2026-01-24 02:00:00,1.0,1.0,0.9999,0.9999,75302.0,2026-01-24 02:59:59.999,75301.69550000,38,72257.00000000,72257.00000000,0
2026-01-24 03:00:00,0.9999,1.0,0.9999,1.0,107581.0,2026-01-24 03:59:59.999,107570.93600000,22,6941.00000000,6941.00000000,0
2026-01-24 04:00:00,0.9999,1.0,0.9999,0.9999,18119.0,2026-01-24 04:59:59.999,18117.24370000,9,556.00000000,556.00000000,0
2026-01-24 05:00:00,0.9999,0.9999,0.9999,0.9999,21682.0,2026-01-24 05:59:59.999,21679.83180000,7,0.00000000,0.00000000,0
2026-01-24 06:00:00,0.9999,1.0,0.9999,0.9999,77326.0,2026-01-24 06:59:59.999,77319.47240000,13,12050.00000000,12050.00000000,0
2026-01-24 07:00:00,0.9999,1.0,0.9999,1.0,94453.0,2026-01-24 07:59:59.999,94448.54450000,30,49898.00000000,49898.00000000,0
2026-01-24 08:00:00,1.0,1.0,0.9999,1.0,76530.0,2026-01-24 08:59:59.999,76527.67850000,24,53315.00000000,53315.00000000,0
2026-01-24 09:00:00,0.9999,1.0,0.9999,0.9999,97946.0,2026-01-24 09:59:59.999,97939.57620000,37,33708.00000000,33708.00000000,0
2026-01-24 10:00:00,0.9999,1.0,0.9999,0.9999,1199.0,2026-01-24 10:59:59.999,1198.90100000,12,209.00000000,209.00000000,0
2026-01-24 11:00:00,0.9999,1.0,0.9999,1.0,31911.0,2026-01-24 11:59:59.999,31910.94920000,14,31403.00000000,31403.00000000,0
2026-01-24 12:00:00,0.9999,1.0,0.9999,1.0,7909.0,2026-01-24 12:59:59.999,7908.24970000,14,406.00000000,406.00000000,0
2026-01-24 13:00:00,1.0,1.0,0.9999,0.9999,6562.0,2026-01-24 13:59:59.999,6561.35750000,12,137.00000000,137.00000000,0
2026-01-24 14:00:00,0.9999,1.0,0.9999,0.9999,1187.0,2026-01-24 14:59:59.999,1186.89430000,16,130.00000000,130.00000000,0
2026-01-24 15:00:00,1.0,1.0,0.9997,0.9998,401004.0,2026-01-24 15:59:59.999,400963.48400000,58,105173.00000000,105162.51600000,0
2026-01-24 16:00:00,0.9998,1.0,0.9998,1.0,24622.0,2026-01-24 16:59:59.999,24620.68690000,19,19334.00000000,19333.73980000,0
2026-01-24 17:00:00,0.9999,1.0,0.9999,0.9999,73900.0,2026-01-24 17:59:59.999,73899.98660000,26,73766.00000000,73766.00000000,0
2026-01-24 18:00:00,0.9999,1.0,0.9999,0.9999,1012.0,2026-01-24 18:59:59.999,1011.96660000,7,678.00000000,678.00000000,0
2026-01-24 19:00:00,0.9999,1.0,0.9999,1.0,130.0,2026-01-24 19:59:59.999,129.98900000,7,20.00000000,20.00000000,0
2026-01-24 20:00:00,1.0,1.0,0.9999,1.0,14804.0,2026-01-24 20:59:59.999,14803.99650000,27,14769.00000000,14769.00000000,0
2026-01-24 21:00:00,1.0,1.0,0.9999,1.0,20989.0,2026-01-24 21:59:59.999,20986.97820000,81,771.00000000,771.00000000,0
2026-01-24 22:00:00,1.0,1.0,0.9999,0.9999,20543.0,2026-01-24 22:59:59.999,20540.96420000,13,185.00000000,185.00000000,0
2026-01-24 23:00:00,1.0,1.0,1.0,1.0,33149.0,2026-01-24 23:59:59.999,33149.00000000,12,33149.00000000,33149.00000000,0
2026-01-25 00:00:00,1.0,1.0,0.9999,0.9999,1009.0,2026-01-25 00:59:59.999,1008.90610000,9,70.00000000,70.00000000,0
2026-01-25 01:00:00,0.9999,1.0,0.9999,1.0,410.0,2026-01-25 01:59:59.999,409.97710000,14,181.00000000,181.00000000,0
2026-01-25 02:00:00,0.9999,1.0,0.9999,0.9999,20937.0,2026-01-25 02:59:59.999,20934.90830000,7,20.00000000,20.00000000,0
2026-01-25 03:00:00,1.0,1.0,0.9999,0.9999,44374.0,2026-01-25 03:59:59.999,44369.57120000,16,86.00000000,86.00000000,0
2026-01-25 04:00:00,0.9999,1.0,0.9999,0.9999,39296.0,2026-01-25 04:59:59.999,39292.18040000,9,1100.00000000,1100.00000000,0
2026-01-25 05:00:00,1.0,1.0,0.9999,1.0,12383.0,2026-01-25 05:59:59.999,12382.97110000,11,12094.00000000,12094.00000000,0
2026-01-25 06:00:00,1.0,1.0,0.9999,1.0,2109.0,2026-01-25 06:59:59.999,2108.79370000,14,46.00000000,46.00000000,0
2026-01-25 07:00:00,0.9999,1.0,0.9999,0.9999,67802.0,2026-01-25 07:59:59.999,67795.22050000,24,7.00000000,7.00000000,0
2026-01-25 08:00:00,1.0,1.0,0.9999,1.0,126945.0,2026-01-25 08:59:59.999,126932.39610000,26,906.00000000,906.00000000,0
2026-01-25 09:00:00,0.9999,1.0,0.9999,1.0,1109.0,2026-01-25 09:59:59.999,1108.96030000,18,712.00000000,712.00000000,0
2026-01-25 10:00:00,1.0,1.0,0.9999,0.9999,177609.0,2026-01-25 10:59:59.999,177591.29800000,27,589.00000000,589.00000000,0
2026-01-25 11:00:00,0.9999,1.0,0.9999,0.9999,2624.0,2026-01-25 11:59:59.999,2623.75020000,12,126.00000000,126.00000000,0
2026-01-25 12:00:00,0.9999,1.0,0.9998,0.9999,42356.0,2026-01-25 12:59:59.999,42351.86580000,19,1079.00000000,1078.99360000,0
2026-01-25 13:00:00,0.9999,0.9999,0.9999,0.9999,45758.0,2026-01-25 13:59:59.999,45753.42420000,10,0.00000000,0.00000000,0
2026-01-25 14:00:00,0.9999,1.0,0.9999,1.0,20260.0,2026-01-25 14:59:59.999,20257.97670000,19,27.00000000,27.00000000,0
2026-01-25 15:00:00,1.0,1.0,0.9999,0.9999,2174.0,2026-01-25 15:59:59.999,2173.88880000,18,1062.00000000,1062.00000000,0
2026-01-25 16:00:00,0.9999,1.0,0.9997,1.0,165942.0,2026-01-25 16:59:59.999,165927.76590000,196,24168.00000000,24167.97180000,0
2026-01-25 17:00:00,0.9999,1.0,0.9999,0.9999,2541.0,2026-01-25 17:59:59.999,2540.74840000,16,25.00000000,25.00000000,0
2026-01-25 18:00:00,0.9999,1.0,0.9999,0.9999,185398.0,2026-01-25 18:59:59.999,185391.75880000,89,122986.00000000,122986.00000000,0
2026-01-25 19:00:00,0.9999,1.0,0.9997,1.0,91378.0,2026-01-25 19:59:59.999,91370.59890000,100,62266.00000000,62265.96810000,0
2026-01-25 20:00:00,0.9998,1.0,0.9997,0.9998,105179.0,2026-01-25 20:59:59.999,105148.29730000,50,2079.00000000,2078.97980000,0
2026-01-25 21:00:00,0.9999,1.0,0.9998,0.9999,364.0,2026-01-25 21:59:59.999,363.97810000,18,170.00000000,169.99890000,0
2026-01-25 22:00:00,0.9999,1.0,0.9999,0.9999,9339.0,2026-01-25 22:59:59.999,9338.06820000,24,21.00000000,21.00000000,0
2026-01-25 23:00:00,0.9999,0.9999,0.9999,0.9999,34704.0,2026-01-25 23:59:59.999,34700.52960000,14,0.00000000,0.00000000,0
2026-01-26 00:00:00,0.9999,1.0,0.9999,0.9999,51674.0,2026-01-26 00:59:59.999,51668.93480000,16,1022.00000000,1022.00000000,0
2026-01-26 01:00:00,0.9999,1.0,0.9999,1.0,84716.0,2026-01-26 01:59:59.999,84707.91200000,22,3836.00000000,3836.00000000,0
2026-01-26 02:00:00,1.0,1.0,0.9997,0.9998,259104.0,2026-01-26 02:59:59.999,259084.47720000,34,81175.00000000,81173.29440000,0
2026-01-26 03:00:00,0.9998,1.0009,0.9998,1.0009,224274.0,2026-01-26 03:59:59.999,224274.33110000,63,218777.00000000,218777.86820000,0
2026-01-26 04:00:00,1.0009,1.0009,0.9999,1.0007,16035.0,2026-01-26 04:59:59.999,16036.89350000,109,3755.00000000,3757.95410000,0
2026-01-26 05:00:00,1.0006,1.0008,0.9996,1.0,294372.0,2026-01-26 05:59:59.999,294352.62680000,124,37843.00000000,37847.49860000,0
2026-01-26 06:00:00,1.0,1.0001,0.9999,0.9999,185318.0,2026-01-26 06:59:59.999,185307.90710000,31,77366.00000000,77366.24180000,0
2026-01-26 07:00:00,0.9999,1.0,0.9999,0.9999,21629.0,2026-01-26 07:59:59.999,21628.78010000,24,19430.00000000,19430.00000000,0
2026-01-26 08:00:00,1.0,1.0,0.9999,1.0,234720.0,2026-01-26 08:59:59.999,234719.28500000,49,227570.00000000,227570.00000000,0
2026-01-26 09:00:00,0.9999,1.0,0.9999,0.9999,76615.0,2026-01-26 09:59:59.999,76609.63080000,17,22923.00000000,22923.00000000,0
2026-01-26 10:00:00,1.0,1.0,0.9996,0.9999,37328.0,2026-01-26 10:59:59.999,37324.27460000,70,175.00000000,174.99760000,0
2026-01-26 11:00:00,0.9999,1.0,0.9999,0.9999,20387.0,2026-01-26 11:59:59.999,20384.99450000,21,332.00000000,332.00000000,0
2026-01-26 12:00:00,0.9999,1.0,0.9999,0.9999,8253.0,2026-01-26 12:59:59.999,8252.36310000,15,1884.00000000,1884.00000000,0
2026-01-26 13:00:00,1.0,1.0,0.9999,0.9999,42161.0,2026-01-26 13:59:59.999,42156.84430000,20,604.00000000,604.00000000,0
2026-01-26 14:00:00,0.9999,1.0,0.9999,0.9999,124398.0,2026-01-26 14:59:59.999,124390.00520000,33,44450.00000000,44450.00000000,0
2026-01-26 15:00:00,1.0,1.0,0.9999,0.9999,52309.0,2026-01-26 15:59:59.999,52304.59370000,64,8246.00000000,8246.00000000,0
2026-01-26 16:00:00,1.0,1.0,0.9999,0.9999,9678.0,2026-01-26 16:59:59.999,9677.97630000,31,9441.00000000,9441.00000000,0
2026-01-26 17:00:00,1.0,1.0,0.9999,1.0,131797.0,2026-01-26 17:59:59.999,131786.72870000,19,29084.00000000,29084.00000000,0
2026-01-26 18:00:00,1.0,1.0,0.9999,1.0,5674.0,2026-01-26 18:59:59.999,5673.99130000,23,5587.00000000,5587.00000000,0
2026-01-26 19:00:00,0.9999,1.0,0.9999,1.0,568.0,2026-01-26 19:59:59.999,567.97830000,18,351.00000000,351.00000000,0
2026-01-26 20:00:00,0.9999,1.0,0.9999,1.0,5786.0,2026-01-26 20:59:59.999,5785.84230000,18,4209.00000000,4209.00000000,0
2026-01-26 21:00:00,1.0,1.0,0.9999,1.0,12696.0,2026-01-26 21:59:59.999,12695.81320000,22,10828.00000000,10828.00000000,0
2026-01-26 22:00:00,1.0,1.0,0.9996,1.0,46482.0,2026-01-26 22:59:59.999,46481.79510000,30,46282.00000000,46281.82430000,0
2026-01-26 23:00:00,1.0,1.0,0.9999,1.0,20257.0,2026-01-26 23:59:59.999,20254.99850000,14,242.00000000,242.00000000,0
2026-01-27 00:00:00,1.0,1.0001,0.9999,1.0,189361.0,2026-01-27 00:59:59.999,189361.89550000,17,188285.00000000,188285.99990000,0
2026-01-27 01:00:00,0.9999,1.0001,0.9999,0.9999,22983.0,2026-01-27 01:59:59.999,22981.89460000,16,10983.00000000,10983.09460000,0
2026-01-27 02:00:00,1.0,1.0001,0.9999,1.0001,2603.0,2026-01-27 02:59:59.999,2603.05620000,21,2586.00000000,2586.05690000,0
2026-01-27 03:00:00,1.0,1.0,0.9999,1.0,53964.0,2026-01-27 03:59:59.999,53958.64690000,18,433.00000000,433.00000000,0
2026-01-27 04:00:00,1.0,1.0001,0.9999,1.0001,109558.0,2026-01-27 04:59:59.999,109559.55720000,33,96816.00000000,96818.82640000,0
2026-01-27 05:00:00,0.9999,1.0001,0.9999,1.0001,20863.0,2026-01-27 05:59:59.999,20862.87750000,16,169.00000000,169.01690000,0
2026-01-27 06:00:00,1.0,1.0001,1.0,1.0001,28239.0,2026-01-27 06:59:59.999,28241.38040000,51,23804.00000000,23806.38040000,0
2026-01-27 07:00:00,1.0001,1.0001,1.0,1.0001,129964.0,2026-01-27 07:59:59.999,129976.58950000,18,125895.00000000,125907.58950000,0
2026-01-27 08:00:00,1.0001,1.0001,0.9999,0.9999,388601.0,2026-01-27 08:59:59.999,388635.93610000,109,359473.00000000,359508.90860000,0
2026-01-27 09:00:00,1.0,1.0001,0.9999,1.0,6542.0,2026-01-27 09:59:59.999,6541.81810000,13,4511.00000000,4511.00120000,0
2026-01-27 10:00:00,0.9999,1.0,0.9999,0.9999,28682.0,2026-01-27 10:59:59.999,28679.14590000,44,141.00000000,141.00000000,0
2026-01-27 11:00:00,0.9999,1.0,0.9999,1.0,1369.0,2026-01-27 11:59:59.999,1368.88530000,31,222.00000000,222.00000000,0
2026-01-27 12:00:00,1.0,1.0003,0.9999,0.9999,150455.0,2026-01-27 12:59:59.999,150466.46200000,223,128913.00000000,128926.60660000,0
2026-01-27 13:00:00,1.0001,1.0002,0.9999,1.0001,47287.0,2026-01-27 13:59:59.999,47286.09320000,34,20122.00000000,20123.57130000,0
2026-01-27 14:00:00,1.0001,1.0005,1.0,1.0005,80773.0,2026-01-27 14:59:59.999,80798.71520000,206,78341.00000000,78366.70660000,0
2026-01-27 15:00:00,1.0003,1.0005,1.0,1.0,62635.0,2026-01-27 15:59:59.999,62640.93020000,103,57675.00000000,57680.92500000,0
2026-01-27 16:00:00,1.0001,1.0002,1.0,1.0001,22155.0,2026-01-27 16:59:59.999,22157.09660000,50,19794.00000000,19796.09600000,0
2026-01-27 17:00:00,1.0001,1.0001,0.9999,0.9999,36627.0,2026-01-27 17:59:59.999,36627.33790000,47,6406.00000000,6406.64060000,0
2026-01-27 18:00:00,1.0001,1.0001,0.9999,1.0,53544.0,2026-01-27 18:59:59.999,53544.10630000,85,50166.00000000,50166.44410000,0
2026-01-27 19:00:00,1.0,1.0001,0.9999,1.0001,18029.0,2026-01-27 19:59:59.999,18028.64660000,46,14433.00000000,14433.00120000,0
2026-01-27 20:00:00,1.0001,1.0004,0.9999,1.0001,22183.0,2026-01-27 20:59:59.999,22185.25240000,47,17941.00000000,17943.23590000,0
2026-01-27 21:00:00,1.0001,1.0001,1.0,1.0001,2896.0,2026-01-27 21:59:59.999,2896.28840000,20,2890.00000000,2890.28840000,0
2026-01-27 22:00:00,0.9999,1.0004,0.9999,1.0002,9035.0,2026-01-27 22:59:59.999,9036.87500000,60,5730.00000000,5732.03770000,0
2026-01-27 23:00:00,1.0002,1.0004,0.9999,0.9999,3410.0,2026-01-27 23:59:59.999,3410.11530000,104,1388.00000000,1388.17600000,0
2026-01-28 00:00:00,1.0,1.0003,0.9999,1.0001,104832.0,2026-01-28 00:59:59.999,104827.98810000,168,19519.00000000,19519.16090000,0
2026-01-28 01:00:00,0.9999,1.0001,0.9999,1.0001,361307.0,2026-01-28 01:59:59.999,361270.96000000,59,551.00000000,551.02880000,0
2026-01-28 02:00:00,1.0001,1.0001,0.9999,1.0001,15958.0,2026-01-28 02:59:59.999,15958.03670000,112,14248.00000000,14248.20770000,0
2026-01-28 03:00:00,1.0001,1.0001,0.9999,1.0001,52626.0,2026-01-28 03:59:59.999,52626.49180000,53,28772.00000000,28774.87720000,0
2026-01-28 04:00:00,1.0001,1.0001,0.9999,1.0001,45907.0,2026-01-28 04:59:59.999,45904.59490000,58,10928.00000000,10929.09280000,0
2026-01-28 05:00:00,1.0001,1.0001,0.9999,1.0,4375.0,2026-01-28 05:59:59.999,4374.91320000,36,1751.00000000,1751.17510000,0
2026-01-28 06:00:00,1.0001,1.0001,1.0,1.0001,8614.0,2026-01-28 06:59:59.999,8614.30460000,40,3046.00000000,3046.30460000,0
2026-01-28 07:00:00,1.0001,1.0003,1.0,1.0,35077.0,2026-01-28 07:59:59.999,35081.03030000,135,32236.00000000,32240.02330000,0
2026-01-28 08:00:00,1.0002,1.0004,0.9999,0.9999,94322.0,2026-01-28 08:59:59.999,94330.50850000,76,8969.00000000,8971.14650000,0
2026-01-28 09:00:00,1.0,1.0,0.9999,1.0,12446.0,2026-01-28 09:59:59.999,12445.89810000,52,11427.00000000,11427.00000000,0
2026-01-28 10:00:00,1.0,1.0001,0.9999,1.0001,131957.0,2026-01-28 10:59:59.999,131954.51750000,114,105841.00000000,105841.12910000,0
2026-01-28 11:00:00,1.0001,1.0001,1.0,1.0001,15037.0,2026-01-28 11:59:59.999,15038.49220000,78,14922.00000000,14923.49220000,0
2026-01-28 12:00:00,1.0001,1.0001,1.0,1.0,42519.0,2026-01-28 12:59:59.999,42519.87620000,62,8762.00000000,8762.87620000,0
2026-01-28 13:00:00,1.0001,1.0002,0.9999,1.0002,276690.0,2026-01-28 13:59:59.999,276702.77790000,77,195015.00000000,195034.23190000,0
2026-01-28 14:00:00,1.0,1.0002,1.0,1.0002,184446.0,2026-01-28 14:59:59.999,184446.44180000,75,2248.00000000,2248.44180000,0
2026-01-28 15:00:00,1.0001,1.0002,0.9999,1.0,162557.0,2026-01-28 15:59:59.999,162570.96600000,179,71692.00000000,71706.15100000,0
2026-01-28 16:00:00,1.0001,1.0001,0.9999,0.9999,14590.0,2026-01-28 16:59:59.999,14589.03030000,45,694.00000000,694.06940000,0
2026-01-28 17:00:00,1.0001,1.0001,0.9999,1.0,8417.0,2026-01-28 17:59:59.999,8416.97110000,33,8036.00000000,8036.00920000,0
2026-01-28 18:00:00,1.0,1.0,0.9999,0.9999,23377.0,2026-01-28 18:59:59.999,23376.08660000,76,14243.00000000,14243.00000000,0
2026-01-28 19:00:00,1.0,1.0,0.9999,0.9999,30584.0,2026-01-28 19:59:59.999,30582.26800000,34,13264.00000000,13264.00000000,0
2026-01-28 20:00:00,1.0,1.0002,0.9999,1.0001,29362.0,2026-01-28 20:59:59.999,29361.10450000,51,10025.00000000,10026.02640000,0
2026-01-28 21:00:00,1.0001,1.0002,0.9999,1.0002,6371.0,2026-01-28 21:59:59.999,6371.56030000,38,3977.00000000,3977.79120000,0
2026-01-28 22:00:00,1.0002,1.0002,0.9999,1.0002,289.0,2026-01-28 22:59:59.999,289.04370000,23,242.00000000,242.04720000,0
2026-01-28 23:00:00,1.0002,1.0002,0.9999,1.0,17618.0,2026-01-28 23:59:59.999,17616.80260000,40,4275.00000000,4275.01340000,0
2026-01-29 00:00:00,1.0,1.0001,0.9999,0.9999,5500.0,2026-01-29 00:59:59.999,5499.99050000,124,158.00000000,158.01580000,0
2026-01-29 01:00:00,0.9999,1.0003,0.9999,1.0,27951.0,2026-01-29 01:59:59.999,27951.20100000,75,10031.00000000,10031.83450000,0
2026-01-29 02:00:00,0.9999,1.0005,0.9999,1.0,149743.0,2026-01-29 02:59:59.999,149763.31620000,137,98901.00000000,98922.28770000,0
2026-01-29 03:00:00,1.0,1.0002,1.0,1.0,25778.0,2026-01-29 03:59:59.999,25778.03110000,46,217.00000000,217.03110000,0
2026-01-29 04:00:00,1.0,1.0001,0.9999,1.0,86461.0,2026-01-29 04:59:59.999,86454.42430000,57,12217.00000000,12217.00700000,0
2026-01-29 05:00:00,0.9999,1.0001,0.9999,0.9999,17520.0,2026-01-29 05:59:59.999,17519.44290000,38,11224.00000000,11224.01510000,0
2026-01-29 06:00:00,0.9999,1.0001,0.9999,1.0,7772.0,2026-01-29 06:59:59.999,7772.39890000,30,4029.00000000,4029.40290000,0
2026-01-29 07:00:00,1.0,1.0001,0.9999,0.9999,69820.0,2026-01-29 07:59:59.999,69820.33960000,52,15798.00000000,15798.43730000,0
2026-01-29 08:00:00,0.9999,1.0,0.9999,0.9999,201004.0,2026-01-29 08:59:59.999,200987.42080000,127,35212.00000000,35212.00000000,0
2026-01-29 09:00:00,1.0,1.0,0.9999,0.9999,27654.0,2026-01-29 09:59:59.999,27651.54220000,40,3076.00000000,3076.00000000,0
2026-01-29 10:00:00,0.9999,1.0,0.9999,0.9999,26631.0,2026-01-29 10:59:59.999,26628.47700000,51,1401.00000000,1401.00000000,0
2026-01-29 11:00:00,0.9999,1.0,0.9999,0.9999,38285.0,2026-01-29 11:59:59.999,38281.17320000,129,17.00000000,17.00000000,0
2026-01-29 12:00:00,0.9999,1.0,0.9999,0.9999,8057.0,2026-01-29 12:59:59.999,8056.20840000,65,141.00000000,141.00000000,0
2026-01-29 13:00:00,0.9999,1.0,0.9999,0.9999,9622.0,2026-01-29 13:59:59.999,9621.43010000,77,3923.00000000,3923.00000000,0
2026-01-29 14:00:00,0.9999,1.0,0.9999,0.9999,45260.0,2026-01-29 14:59:59.999,45255.99800000,86,5240.00000000,5240.00000000,0
2026-01-29 15:00:00,0.9999,1.0009,0.9998,1.0,1186413.0,2026-01-29 15:59:59.999,1186424.89540000,966,239416.00000000,239513.90730000,0
2026-01-29 16:00:00,0.9999,1.0004,0.9999,1.0003,277225.0,2026-01-29 16:59:59.999,277282.85590000,356,239854.00000000,239912.90810000,0
2026-01-29 17:00:00,1.0001,1.0003,0.9999,1.0003,53973.0,2026-01-29 17:59:59.999,53973.74170000,148,22113.00000000,22116.28390000,0
2026-01-29 18:00:00,1.0001,1.0005,0.9998,1.0,261333.0,2026-01-29 18:59:59.999,261360.39740000,355,122044.00000000,122084.49250000,0
2026-01-29 19:00:00,0.9999,1.0009,0.9998,0.9999,56047.0,2026-01-29 19:59:59.999,56054.40910000,163,37664.00000000,37673.97780000,0
2026-01-29 20:00:00,0.9999,1.0001,0.9998,1.0001,21146.0,2026-01-29 20:59:59.999,21142.88330000,51,3802.00000000,3802.08490000,0
2026-01-29 21:00:00,0.9999,1.0001,0.9999,0.9999,5147.0,2026-01-29 21:59:59.999,5147.06130000,62,2883.00000000,2883.28770000,0
2026-01-29 22:00:00,0.9999,1.0001,0.9999,0.9999,1635.0,2026-01-29 22:59:59.999,1635.09930000,29,1311.00000000,1311.13110000,0
2026-01-29 23:00:00,0.9999,1.0009,0.9999,1.0,30993.0,2026-01-29 23:59:59.999,31006.79950000,204,30001.00000000,30014.75240000,0
2026-01-30 00:00:00,0.9999,1.0012,0.9999,1.0006,76323.0,2026-01-30 00:59:59.999,76365.81140000,308,65416.00000000,65457.79740000,0
2026-01-30 01:00:00,1.0004,1.0011,0.9995,1.0007,1300895.0,2026-01-30 01:59:59.999,1300650.34860000,1168,135852.00000000,135939.78950000,0
2026-01-30 02:00:00,1.0005,1.0006,0.9999,1.0002,140578.0,2026-01-30 02:59:59.999,140598.57160000,349,41741.00000000,41760.88100000,0
2026-01-30 03:00:00,1.0,1.0002,1.0,1.0,10677.0,2026-01-30 03:59:59.999,10677.27690000,158,1377.00000000,1377.27540000,0
2026-01-30 04:00:00,1.0002,1.0005,1.0,1.0,34046.0,2026-01-30 04:59:59.999,34051.34440000,244,11816.00000000,11820.76120000,0
2026-01-30 05:00:00,1.0,1.0003,0.9999,1.0,55706.0,2026-01-30 05:59:59.999,55705.59980000,180,47448.00000000,47448.00240000,0
2026-01-30 06:00:00,1.0,1.0,0.9998,1.0,91274.0,2026-01-30 06:59:59.999,91265.63930000,197,26984.00000000,26983.95110000,0
2026-01-30 07:00:00,1.0,1.0004,0.9999,1.0,54761.0,2026-01-30 07:59:59.999,54765.68630000,168,28412.00000000,28416.40370000,0
2026-01-30 08:00:00,1.0,1.0001,0.9998,1.0,20468.0,2026-01-30 08:59:59.999,20466.88040000,155,5484.00000000,5484.47440000,0
2026-01-30 09:00:00,1.0,1.0002,0.9998,0.9999,62676.0,2026-01-30 09:59:59.999,62670.93970000,196,22546.00000000,22547.86030000,0
2026-01-30 10:00:00,1.0,1.0001,0.9999,1.0,14573.0,2026-01-30 10:59:59.999,14572.55250000,65,10006.00000000,10006.00920000,0
2026-01-30 11:00:00,0.9999,1.0,0.9999,1.0,86666.0,2026-01-30 11:59:59.999,86665.94240000,82,86090.00000000,86090.00000000,0
2026-01-30 12:00:00,1.0,1.0001,0.9999,1.0,19765.0,2026-01-30 12:59:59.999,19763.73530000,114,6909.00000000,6909.02090000,0
2026-01-30 13:00:00,1.0,1.001,0.9998,1.0001,734123.0,2026-01-30 13:59:59.999,734321.39170000,936,379650.00000000,379840.13780000,0
2026-01-30 14:00:00,1.0001,1.0005,1.0,1.0002,439204.0,2026-01-30 14:59:59.999,439299.53680000,845,359465.00000000,359551.47740000,0
2026-01-30 15:00:00,1.0002,1.0005,0.9999,1.0001,277005.0,2026-01-30 15:59:59.999,277054.10890000,391,153187.00000000,153231.74310000,0
2026-01-30 16:00:00,1.0001,1.0005,0.9999,1.0001,157286.0,2026-01-30 16:59:59.999,157304.87750000,277,89821.00000000,89840.54190000,0
2026-01-30 17:00:00,1.0,1.0004,0.9999,1.0001,132234.0,2026-01-30 17:59:59.999,132254.42990000,256,90322.00000000,90339.67330000,0
2026-01-30 18:00:00,1.0,1.0011,0.9998,1.0003,883060.0,2026-01-30 18:59:59.999,883391.35650000,1169,610882.00000000,611199.76140000,0
2026-01-30 19:00:00,1.0005,1.0011,0.9999,1.0003,291378.0,2026-01-30 19:59:59.999,291452.38990000,856,167744.00000000,167799.54660000,0
2026-01-30 20:00:00,1.0001,1.0006,1.0,1.0,323189.0,2026-01-30 20:59:59.999,323223.81910000,603,138821.00000000,138849.34080000,0
2026-01-30 21:00:00,1.0,1.0005,1.0,1.0002,125653.0,2026-01-30 21:59:59.999,125690.62270000,196,90331.00000000,90364.29530000,0
2026-01-30 22:00:00,1.0001,1.0003,1.0,1.0,8665.0,2026-01-30 22:59:59.999,8666.02480000,66,5147.00000000,5147.67360000,0
2026-01-30 23:00:00,1.0001,1.0001,1.0,1.0,22289.0,2026-01-30 23:59:59.999,22289.35290000,29,3529.00000000,3529.35290000,0
2026-01-31 00:00:00,1.0,1.0001,1.0,1.0001,32876.0,2026-01-31 00:59:59.999,32877.63150000,47,16315.00000000,16316.63150000,0
2026-01-31 01:00:00,1.0,1.0002,1.0,1.0002,90417.0,2026-01-31 01:59:59.999,90425.94060000,87,88945.00000000,88953.94060000,0
2026-01-31 02:00:00,1.0001,1.0004,1.0001,1.0001,17843.0,2026-01-31 02:59:59.999,17848.93550000,36,16612.00000000,16617.80330000,0
2026-01-31 03:00:00,1.0,1.0001,1.0,1.0,61826.0,2026-01-31 03:59:59.999,61826.07500000,16,750.00000000,750.07500000,0
2026-01-31 04:00:00,1.0,1.0001,1.0,1.0,233266.0,2026-01-31 04:59:59.999,233266.00060000,39,59050.00000000,59050.00060000,0
2026-01-31 05:00:00,1.0,1.0,0.9999,1.0,40792.0,2026-01-31 05:59:59.999,40791.88500000,30,39642.00000000,39642.00000000,0
2026-01-31 06:00:00,1.0,1.0,0.9999,1.0,44622.0,2026-01-31 06:59:59.999,44619.21900000,48,16812.00000000,16812.00000000,0
2026-01-31 07:00:00,1.0,1.0,0.9995,0.9998,1052628.0,2026-01-31 07:59:59.999,1052314.09920000,169,241011.00000000,240930.37530000,0
2026-01-31 08:00:00,0.9999,1.0002,0.9996,0.9999,463800.0,2026-01-31 08:59:59.999,463776.56720000,543,218059.00000000,218075.28890000,0
2026-01-31 09:00:00,0.9999,1.0001,0.9998,0.9999,59384.0,2026-01-31 09:59:59.999,59378.61820000,111,19455.00000000,19454.91800000,0
2026-01-31 10:00:00,0.9999,1.0,0.9999,0.9999,2399.0,2026-01-31 10:59:59.999,2398.78010000,15,200.00000000,200.00000000,0
2026-01-31 11:00:00,0.9999,1.0,0.9999,1.0,12391.0,2026-01-31 11:59:59.999,12389.77760000,20,167.00000000,167.00000000,0
2026-01-31 12:00:00,1.0,1.0001,0.9999,0.9999,63961.0,2026-01-31 12:59:59.999,63956.94350000,48,22987.00000000,22987.00370000,0
2026-01-31 13:00:00,0.9999,1.0,0.9998,0.9999,37274.0,2026-01-31 13:59:59.999,37270.22840000,54,1509.00000000,1508.81590000,0
2026-01-31 14:00:00,1.0,1.0001,0.9994,0.9999,2697562.0,2026-01-31 14:59:59.999,2697262.61040000,2088,902012.00000000,902050.98070000,0
2026-01-31 15:00:00,0.9999,1.0001,0.9999,1.0001,432519.0,2026-01-31 15:59:59.999,432522.05270000,192,269227.00000000,269237.67860000,0
2026-01-31 16:00:00,1.0001,1.0011,0.9997,1.0002,1551910.0,2026-01-31 16:59:59.999,1552080.93190000,1758,645796.00000000,645978.17190000,0
2026-01-31 17:00:00,1.0001,1.0024,0.984,1.0005,3161471.0,2026-01-31 17:59:59.999,3160877.84150000,4049,850908.00000000,850852.29890000,0
2026-01-31 18:00:00,1.0004,1.001,0.9993,1.0003,5691886.0,2026-01-31 18:59:59.999,5691347.88470000,5500,2030100.00000000,2030332.44970000,0
2026-01-31 19:00:00,1.0003,1.0008,0.9996,1.0001,1755948.0,2026-01-31 19:59:59.999,1756100.96740000,2912,844452.00000000,844668.22700000,0
2026-01-31 20:00:00,1.0001,1.0002,1.0,1.0002,179392.0,2026-01-31 20:59:59.999,179401.16890000,237,76545.00000000,76554.11730000,0
2026-01-31 21:00:00,1.0002,1.0003,1.0,1.0,40691.0,2026-01-31 21:59:59.999,40697.81520000,137,26812.00000000,26818.09310000,0
2026-01-31 22:00:00,1.0002,1.0002,1.0,1.0,10062.0,2026-01-31 22:59:59.999,10062.41080000,35,1398.00000000,1398.25930000,0
2026-01-31 23:00:00,1.0001,1.0002,0.9998,0.9999,79050.0,2026-01-31 23:59:59.999,79055.93190000,117,41393.00000000,41399.09420000,0
2026-02-01 00:00:00,1.0,1.0001,0.9997,1.0,158767.0,2026-02-01 00:59:59.999,158734.50260000,139,24386.00000000,24386.12940000,0
2026-02-01 01:00:00,0.9999,1.0001,0.9999,1.0001,207294.0,2026-02-01 01:59:59.999,207310.61280000,267,197391.00000000,197407.63120000,0
2026-02-01 02:00:00,1.0001,1.0001,0.9999,0.9999,71768.0,2026-02-01 02:59:59.999,71767.96410000,62,3861.00000000,3861.16720000,0
2026-02-01 03:00:00,0.9999,1.0001,0.9999,1.0001,128976.0,2026-02-01 03:59:59.999,128970.12530000,97,64397.00000000,64397.25870000,0
2026-02-01 04:00:00,1.0001,1.0001,0.9999,0.9999,13606.0,2026-02-01 04:59:59.999,13606.30730000,86,8374.00000000,8374.82930000,0
2026-02-01 05:00:00,0.9999,1.0,0.9999,0.9999,12943.0,2026-02-01 05:59:59.999,12941.90080000,42,1951.00000000,1951.00000000,0
2026-02-01 06:00:00,1.0,1.0,0.9999,1.0,14163.0,2026-02-01 06:59:59.999,14161.86190000,35,2782.00000000,2782.00000000,0
2026-02-01 07:00:00,0.9999,1.0,0.9999,1.0,64231.0,2026-02-01 07:59:59.999,64227.42160000,86,28447.00000000,28447.00000000,0
2026-02-01 08:00:00,0.9999,1.0001,0.9999,1.0,53780.0,2026-02-01 08:59:59.999,53781.08610000,60,22808.00000000,22810.04700000,0
2026-02-01 09:00:00,1.0001,1.0001,1.0,1.0,11076.0,2026-02-01 09:59:59.999,11076.08280000,102,828.00000000,828.08280000,0
2026-02-01 10:00:00,1.0,1.0001,0.9999,0.9999,297595.0,2026-02-01 10:59:59.999,297581.18320000,264,49802.00000000,49806.13220000,0
2026-02-01 11:00:00,0.9999,1.0002,0.9999,1.0,74776.0,2026-02-01 11:59:59.999,74777.08420000,141,64601.00000000,64602.88240000,0
2026-02-01 12:00:00,1.0,1.0002,0.9998,0.9999,200864.0,2026-02-01 12:59:59.999,200843.62220000,177,4910.00000000,4910.46540000,0
2026-02-01 13:00:00,0.9999,1.0001,0.9999,1.0001,176577.0,2026-02-01 13:59:59.999,176563.96590000,135,37702.00000000,37702.83700000,0
2026-02-01 14:00:00,0.9999,1.0004,0.9999,0.9999,346360.0,2026-02-01 14:59:59.999,346345.49690000,565,98144.00000000,98153.53990000,0
2026-02-01 15:00:00,0.9999,1.0001,0.9999,0.9999,233005.0,2026-02-01 15:59:59.999,232992.60630000,336,83226.00000000,83227.64150000,0
2026-02-01 16:00:00,0.9999,1.0004,0.9999,1.0001,249855.0,2026-02-01 16:59:59.999,249871.04010000,492,176207.00000000,176229.08050000,0
2026-02-01 17:00:00,0.9999,1.0001,0.9999,1.0001,47817.0,2026-02-01 17:59:59.999,47815.80100000,85,23845.00000000,23846.19820000,0
2026-02-01 18:00:00,1.0001,1.0003,0.9999,0.9999,236092.0,2026-02-01 18:59:59.999,236115.58920000,315,143706.00000000,143736.80970000,0
2026-02-01 19:00:00,1.0,1.0004,0.9999,0.9999,170843.0,2026-02-01 19:59:59.999,170836.79960000,128,30078.00000000,30085.02200000,0
2026-02-01 20:00:00,0.9999,1.0001,0.9999,0.9999,150156.0,2026-02-01 20:59:59.999,150154.51940000,130,84454.00000000,84459.08420000,0
2026-02-01 21:00:00,0.9999,1.0002,0.9999,0.9999,55457.0,2026-02-01 21:59:59.999,55457.70570000,139,34955.00000000,34957.52800000,0
2026-02-01 22:00:00,1.0,1.0005,0.9999,1.0001,154851.0,2026-02-01 22:59:59.999,154866.45410000,357,104803.00000000,104820.51860000,0
2026-02-01 23:00:00,0.9999,1.0001,0.9998,0.9999,578587.0,2026-02-01 23:59:59.999,578532.64910000,677,112542.00000000,112544.69350000,0
2026-02-02 00:00:00,0.9999,1.0004,0.9999,1.0001,279815.0,2026-02-02 00:59:59.999,279822.22210000,294,161826.00000000,161844.23930000,0
2026-02-02 01:00:00,0.9999,1.0003,0.9999,1.0001,340494.0,2026-02-02 01:59:59.999,340526.74600000,382,217247.00000000,217284.97980000,0
2026-02-02 02:00:00,1.0001,1.0003,0.9999,1.0002,231568.0,2026-02-02 02:59:59.999,231604.54500000,359,183935.00000000,183971.81330000,0
2026-02-02 03:00:00,1.0002,1.0004,0.9999,1.0001,739049.0,2026-02-02 03:59:59.999,739063.58390000,696,304836.00000000,304861.65120000,0
2026-02-02 04:00:00,1.0002,1.0003,0.9999,0.9999,161302.0,2026-02-02 04:59:59.999,161300.00170000,129,44633.00000000,44637.91690000,0
2026-02-02 05:00:00,0.9999,1.0002,0.9999,1.0,324804.0,2026-02-02 05:59:59.999,324793.60800000,348,112657.00000000,112666.55950000,0
2026-02-02 06:00:00,1.0001,1.0005,0.9999,1.0003,432425.0,2026-02-02 06:59:59.999,432491.47040000,808,224718.00000000,224792.07480000,0
2026-02-02 07:00:00,1.0005,1.0005,0.9999,1.0002,264668.0,2026-02-02 07:59:59.999,264697.15610000,531,96914.00000000,96938.68650000,0
2026-02-02 08:00:00,1.0001,1.0002,1.0,1.0002,59004.0,2026-02-02 08:59:59.999,59010.04040000,96,37881.00000000,37886.96570000,0
2026-02-02 09:00:00,1.0001,1.0002,0.9995,1.0001,1237990.0,2026-02-02 09:59:59.999,1237730.02830000,392,130629.00000000,130652.47110000,0
2026-02-02 10:00:00,1.0001,1.0001,0.9999,1.0,151748.0,2026-02-02 10:59:59.999,151746.26330000,137,87280.00000000,87280.61910000,0
2026-02-02 11:00:00,1.0,1.0,0.9999,1.0,178345.0,2026-02-02 11:59:59.999,178332.54930000,168,53838.00000000,53838.00000000,0
2026-02-02 12:00:00,0.9999,1.0,0.9999,0.9999,87384.0,2026-02-02 12:59:59.999,87380.98860000,173,57416.00000000,57415.98540000,0
2026-02-02 13:00:00,0.9999,1.0001,0.9999,1.0,225814.0,2026-02-02 13:59:59.999,225803.64350000,263,73026.00000000,73030.08590000,0
2026-02-02 14:00:00,0.9999,1.0002,0.9999,0.9999,255674.0,2026-02-02 14:59:59.999,255682.41530000,343,158375.00000000,158390.79170000,0
2026-02-02 15:00:00,0.9999,1.0001,0.9999,0.9999,89258.0,2026-02-02 15:59:59.999,89256.12230000,244,47607.00000000,47609.28740000,0
2026-02-02 16:00:00,0.9999,1.0001,0.9999,1.0001,101459.0,2026-02-02 16:59:59.999,101454.60430000,179,33067.00000000,33069.10620000,0
2026-02-02 17:00:00,1.0001,1.0001,0.9999,1.0001,107504.0,2026-02-02 17:59:59.999,107504.30130000,155,31475.00000000,31477.95210000,0
2026-02-02 18:00:00,1.0001,1.0001,0.9999,1.0001,13845.0,2026-02-02 18:59:59.999,13844.77690000,64,5807.00000000,5807.58070000,0
2026-02-02 19:00:00,1.0001,1.0001,0.9999,1.0001,27491.0,2026-02-02 19:59:59.999,27493.48070000,64,26156.00000000,26158.61420000,0
2026-02-02 20:00:00,0.9999,1.0001,0.9999,1.0001,131164.0,2026-02-02 20:59:59.999,131175.77660000,96,124459.00000000,124471.44590000,0
2026-02-02 21:00:00,1.0001,1.0002,0.9999,1.0001,42100.0,2026-02-02 21:59:59.999,42104.59000000,97,36891.00000000,36895.74330000,0
2026-02-02 22:00:00,1.0,1.0001,1.0,1.0001,11186.0,2026-02-02 22:59:59.999,11186.05040000,85,504.00000000,504.05040000,0
2026-02-02 23:00:00,1.0001,1.0001,0.9999,1.0001,4497.0,2026-02-02 23:59:59.999,4497.19310000,53,1963.00000000,1963.19630000,0
2026-02-03 00:00:00,1.0,1.0001,1.0,1.0001,17362.0,2026-02-03 00:59:59.999,17363.08780000,54,10878.00000000,10879.08780000,0
2026-02-03 01:00:00,1.0001,1.0001,0.9999,1.0,17777.0,2026-02-03 01:59:59.999,17777.62140000,45,7489.00000000,7489.74580000,0
2026-02-03 02:00:00,1.0,1.0001,0.9999,0.9999,408338.0,2026-02-03 02:59:59.999,408329.43850000,92,297296.00000000,297296.00210000,0
2026-02-03 03:00:00,0.9999,1.0,0.9999,1.0,105417.0,2026-02-03 03:59:59.999,105414.21320000,156,77549.00000000,77549.00000000,0
2026-02-03 04:00:00,1.0,1.0,0.9999,1.0,41247.0,2026-02-03 04:59:59.999,41246.92900000,58,40537.00000000,40537.00000000,0
2026-02-03 05:00:00,1.0,1.0,0.9999,0.9999,9115.0,2026-02-03 05:59:59.999,9114.17160000,55,831.00000000,831.00000000,0
2026-02-03 06:00:00,1.0,1.0,0.9999,0.9999,136983.0,2026-02-03 06:59:59.999,136975.92750000,126,66258.00000000,66258.00000000,0
2026-02-03 07:00:00,1.0,1.0,0.9999,1.0,140914.0,2026-02-03 07:59:59.999,140908.86820000,123,89596.00000000,89596.00000000,0
2026-02-03 08:00:00,0.9999,1.0001,0.9999,1.0,130916.0,2026-02-03 08:59:59.999,130915.86990000,402,103670.00000000,103671.89970000,0
2026-02-03 09:00:00,1.0,1.0006,0.9999,1.0004,1179788.0,2026-02-03 09:59:59.999,1180076.69450000,477,458301.00000000,458359.80620000,0
2026-02-03 10:00:00,1.0004,1.0006,1.0004,1.0005,794946.0,2026-02-03 10:59:59.999,795272.21530000,204,231494.00000000,231594.83450000,0
2026-02-03 11:00:00,1.0004,1.0006,1.0004,1.0005,240671.0,2026-02-03 11:59:59.999,240793.86380000,415,220915.00000000,221028.63380000,0
2026-02-03 12:00:00,1.0005,1.0008,1.0004,1.0006,134558.0,2026-02-03 12:59:59.999,134636.46420000,334,83212.00000000,83267.89380000,0
2026-02-03 13:00:00,1.0006,1.0008,1.0004,1.0006,3362014.0,2026-02-03 13:59:59.999,3363650.32340000,2014,2251093.00000000,2252223.14750000,0
2026-02-03 14:00:00,1.0006,1.0006,1.0004,1.0004,204893.0,2026-02-03 14:59:59.999,204991.28980000,205,93189.00000000,93242.29010000,0
2026-02-03 15:00:00,1.0004,1.0006,1.0003,1.0005,416022.0,2026-02-03 15:59:59.999,416202.44520000,411,243260.00000000,243379.60920000,0
2026-02-03 16:00:00,1.0005,1.0007,1.0003,1.0005,299436.0,2026-02-03 16:59:59.999,299584.30270000,312,119955.00000000,120031.21410000,0
2026-02-03 17:00:00,1.0004,1.0009,1.0004,1.0006,83314.0,2026-02-03 17:59:59.999,83358.77290000,324,32154.00000000,32175.78700000,0
2026-02-03 18:00:00,1.0007,1.0009,1.0004,1.0004,294312.0,2026-02-03 18:59:59.999,294477.17820000,645,92537.00000000,92610.93300000,0
2026-02-03 19:00:00,1.0005,1.001,1.0004,1.0008,321155.0,2026-02-03 19:59:59.999,321401.14860000,632,225147.00000000,225341.81320000,0
2026-02-03 20:00:00,1.0007,1.001,1.0004,1.0006,265104.0,2026-02-03 20:59:59.999,265304.29800000,563,175742.00000000,175893.59760000,0
2026-02-03 21:00:00,1.0005,1.0009,1.0005,1.0008,26841.0,2026-02-03 21:59:59.999,26859.25840000,222,17004.00000000,17016.07290000,0
2026-02-03 22:00:00,1.0008,1.001,1.0005,1.0008,142933.0,2026-02-03 22:59:59.999,143025.72310000,632,95161.00000000,95226.18810000,0
2026-02-03 23:00:00,1.0008,1.0011,1.0006,1.0008,898013.0,2026-02-03 23:59:59.999,898681.89900000,881,614658.00000000,615114.96160000,0
2026-02-04 00:00:00,1.0008,1.0013,1.0008,1.0009,284878.0,2026-02-04 00:59:59.999,285133.82380000,415,131633.00000000,131753.49740000,0
2026-02-04 01:00:00,1.0009,1.0012,1.0007,1.0009,184151.0,2026-02-04 01:59:59.999,184297.75540000,177,56734.00000000,56782.19170000,0
2026-02-04 02:00:00,1.0009,1.0011,1.0008,1.0009,66795.0,2026-02-04 02:59:59.999,66853.17350000,209,20977.00000000,20997.66950000,0
2026-02-04 03:00:00,1.0009,1.0011,1.0008,1.0009,112017.0,2026-02-04 03:59:59.999,112126.93300000,188,87290.00000000,87378.39910000,0
2026-02-04 04:00:00,1.0008,1.001,1.0007,1.0009,58471.0,2026-02-04 04:59:59.999,58519.00650000,165,19822.00000000,19839.00890000,0
2026-02-04 05:00:00,1.001,1.001,1.0007,1.0007,94376.0,2026-02-04 05:59:59.999,94444.79770000,155,12119.00000000,12129.06900000,0
2026-02-04 06:00:00,1.0007,1.001,1.0007,1.0007,102532.0,2026-02-04 06:59:59.999,102619.40300000,167,60621.00000000,60678.90840000,0
2026-02-04 07:00:00,1.0009,1.0009,1.0007,1.0009,143486.0,2026-02-04 07:59:59.999,143602.46840000,299,74648.00000000,74715.18200000,0
2026-02-04 08:00:00,1.0009,1.0009,1.0008,1.0008,24592.0,2026-02-04 08:59:59.999,24613.74130000,77,20677.00000000,20695.60930000,0
2026-02-04 09:00:00,1.0009,1.001,1.0008,1.0009,122742.0,2026-02-04 09:59:59.999,122856.58400000,150,110560.00000000,110664.14590000,0
2026-02-04 10:00:00,1.0009,1.001,1.0007,1.001,148422.0,2026-02-04 10:59:59.999,148547.22530000,340,52650.00000000,52697.51800000,0
2026-02-04 11:00:00,1.001,1.0011,1.0007,1.001,431256.0,2026-02-04 11:59:59.999,431664.85860000,619,160972.00000000,161136.66430000,0
2026-02-04 12:00:00,1.001,1.0011,1.0009,1.0011,372345.0,2026-02-04 12:59:59.999,372709.81540000,364,281772.00000000,282049.72760000,0
2026-02-04 13:00:00,1.0011,1.0013,1.0009,1.0012,264070.0,2026-02-04 13:59:59.999,264363.01670000,436,144809.00000000,144982.46720000,0
2026-02-04 14:00:00,1.001,1.0013,1.0008,1.0009,578131.0,2026-02-04 14:59:59.999,578737.83970000,711,298307.00000000,298648.41170000,0
2026-02-04 15:00:00,1.0009,1.0013,1.0008,1.0009,871467.0,2026-02-04 15:59:59.999,872415.11770000,1088,528903.00000000,529514.75150000,0
2026-02-04 16:00:00,1.0009,1.0015,1.0009,1.0012,509787.0,2026-02-04 16:59:59.999,510335.02100000,828,271204.00000000,271523.33010000,0
2026-02-04 17:00:00,1.0012,1.0019,1.0008,1.0016,942436.0,2026-02-04 17:59:59.999,943642.32950000,2067,500743.00000000,501437.45070000,0
2026-02-04 18:00:00,1.0016,1.0019,1.0008,1.0015,1172377.0,2026-02-04 18:59:59.999,1174130.97110000,2417,694299.00000000,695370.01160000,0
2026-02-04 19:00:00,1.0014,1.0019,1.0013,1.0016,302188.0,2026-02-04 19:59:59.999,302689.40840000,720,223402.00000000,223783.69010000,0
2026-02-04 20:00:00,1.0016,1.0018,1.0013,1.0015,94497.0,2026-02-04 20:59:59.999,94644.51380000,286,42738.00000000,42808.53320000,0
2026-02-04 21:00:00,1.0015,1.002,1.001,1.0018,398666.0,2026-02-04 21:59:59.999,399268.13530000,1054,208929.00000000,209259.00340000,0
2026-02-04 22:00:00,1.0017,1.0022,1.0012,1.0018,716172.0,2026-02-04 22:59:59.999,717440.54700000,1601,406933.00000000,407692.83600000,0
2026-02-04 23:00:00,1.0018,1.0019,1.0015,1.0017,62243.0,2026-02-04 23:59:59.999,62353.48270000,226,38995.00000000,39066.28880000,0
2026-02-05 00:00:00,1.0017,1.0021,1.0017,1.0017,1147919.0,2026-02-05 00:59:59.999,1150107.45410000,638,1041794.00000000,1043784.05510000,0
2026-02-05 01:00:00,1.0018,1.0023,1.0016,1.002,460709.0,2026-02-05 01:59:59.999,461539.80310000,584,186547.00000000,186896.12770000,0
2026-02-05 02:00:00,1.002,1.0021,1.0015,1.0018,490389.0,2026-02-05 02:59:59.999,491264.61480000,644,262815.00000000,263324.33040000,0
2026-02-05 03:00:00,1.0016,1.0018,1.0015,1.0015,302171.0,2026-02-05 03:59:59.999,302654.75820000,336,117076.00000000,117276.45500000,0
2026-02-05 04:00:00,1.0015,1.0018,1.0014,1.0015,183661.0,2026-02-05 04:59:59.999,183954.96070000,355,108005.00000000,108184.85370000,0
2026-02-05 05:00:00,1.0015,1.002,1.0015,1.0017,407223.0,2026-02-05 05:59:59.999,407905.51570000,804,200282.00000000,200638.09330000,0
2026-02-05 06:00:00,1.0018,1.0018,1.0015,1.0017,535902.0,2026-02-05 06:59:59.999,536799.59850000,511,144113.00000000,144367.32130000,0
2026-02-05 07:00:00,1.0016,1.0018,1.0015,1.0017,203900.0,2026-02-05 07:59:59.999,204248.65920000,243,117166.00000000,117370.03930000,0
2026-02-05 08:00:00,1.0018,1.0019,1.0016,1.0016,164369.0,2026-02-05 08:59:59.999,164651.06980000,384,36410.00000000,36476.20890000,0
2026-02-05 09:00:00,1.0016,1.0018,1.0013,1.0015,81961.0,2026-02-05 09:59:59.999,82095.38940000,234,40032.00000000,40099.44420000,0
2026-02-05 10:00:00,1.0014,1.0016,1.0013,1.0016,252226.0,2026-02-05 10:59:59.999,252590.29550000,268,103395.00000000,103553.80510000,0
2026-02-05 11:00:00,1.0015,1.0016,1.0013,1.0016,546011.0,2026-02-05 11:59:59.999,546817.98250000,590,337054.00000000,337568.21190000,0
2026-02-05 12:00:00,1.0014,1.0016,1.0013,1.0015,488779.0,2026-02-05 12:59:59.999,489461.57100000,506,204279.00000000,204579.27900000,0
2026-02-05 13:00:00,1.0014,1.0017,1.0014,1.0014,232103.0,2026-02-05 13:59:59.999,232456.16630000,499,111463.00000000,111642.51780000,0
2026-02-05 14:00:00,1.0016,1.0016,1.0013,1.0014,374691.0,2026-02-05 14:59:59.999,375229.13350000,336,231025.00000000,231373.59420000,0
2026-02-05 15:00:00,1.0014,1.0019,1.0013,1.0015,2482612.0,2026-02-05 15:59:59.999,2486572.57900000,1842,1201893.00000000,1203928.31630000,0
2026-02-05 16:00:00,1.0014,1.0017,1.0013,1.0017,428148.0,2026-02-05 16:59:59.999,428806.94600000,515,313643.00000000,314134.88430000,0
2026-02-05 17:00:00,1.0017,1.0017,1.0013,1.0014,526843.0,2026-02-05 17:59:59.999,527617.60310000,501,258146.00000000,258563.15710000,0
2026-02-05 18:00:00,1.0017,1.0019,1.0014,1.0016,291577.0,2026-02-05 18:59:59.999,292053.87450000,418,117407.00000000,117616.71710000,0
2026-02-05 19:00:00,1.0016,1.0019,1.0015,1.0016,176014.0,2026-02-05 19:59:59.999,176333.19420000,329,128414.00000000,128655.77100000,0
2026-02-05 20:00:00,1.0016,1.0019,1.0015,1.0016,1175041.0,2026-02-05 20:59:59.999,1177076.56110000,1325,561127.00000000,562173.40700000,0
2026-02-05 21:00:00,1.0018,1.0018,1.0014,1.0017,243201.0,2026-02-05 21:59:59.999,243596.42520000,552,112104.00000000,112297.39490000,0
2026-02-05 22:00:00,1.0017,1.002,1.0014,1.0016,233449.0,2026-02-05 22:59:59.999,233834.37610000,512,127427.00000000,127649.41110000,0
2026-02-05 23:00:00,1.0016,1.0018,1.0014,1.0014,51839.0,2026-02-05 23:59:59.999,51917.20890000,140,11949.00000000,11968.88880000,0
2026-02-06 00:00:00,1.0014,1.0018,1.0011,1.0014,9134542.0,2026-02-06 00:59:59.999,9147049.53250000,10815,4117871.00000000,4124128.13510000,0
2026-02-06 01:00:00,1.0014,1.0015,1.0011,1.0012,444158.0,2026-02-06 01:59:59.999,444734.93840000,551,273115.00000000,273483.99560000,0
2026-02-06 02:00:00,1.0011,1.0012,1.001,1.0011,446959.0,2026-02-06 02:59:59.999,447461.45100000,763,211547.00000000,211798.16620000,0
2026-02-06 03:00:00,1.0011,1.0011,1.0008,1.001,233720.0,2026-02-06 03:59:59.999,233947.54110000,457,171741.00000000,171913.02420000,0
2026-02-06 04:00:00,1.001,1.0025,1.0008,1.0009,993484.0,2026-02-06 04:59:59.999,994638.58210000,3451,474131.00000000,474761.89640000,0
2026-02-06 05:00:00,1.0009,1.0011,1.0008,1.001,156673.0,2026-02-06 05:59:59.999,156821.03240000,398,121931.00000000,122049.28980000,0
2026-02-06 06:00:00,1.001,1.0011,1.0008,1.001,620685.0,2026-02-06 06:59:59.999,621323.08870000,762,507812.00000000,508349.18660000,0
2026-02-06 07:00:00,1.0009,1.0013,1.0008,1.001,2114951.0,2026-02-06 07:59:59.999,2117224.71340000,895,1942291.00000000,1944402.15720000,0
2026-02-06 08:00:00,1.001,1.0012,1.0009,1.0009,347196.0,2026-02-06 08:59:59.999,347537.43160000,619,94455.00000000,94558.89360000,0
2026-02-06 09:00:00,1.0011,1.0012,1.001,1.001,217471.0,2026-02-06 09:59:59.999,217690.17150000,133,205410.00000000,205617.11050000,0
2026-02-06 10:00:00,1.0011,1.0012,1.001,1.0011,232599.0,2026-02-06 10:59:59.999,232860.50340000,567,201489.00000000,201719.39340000,0
2026-02-06 11:00:00,1.0011,1.0012,1.0009,1.0009,165697.0,2026-02-06 11:59:59.999,165868.83960000,245,68293.00000000,68370.30690000,0
2026-02-06 12:00:00,1.001,1.001,1.0008,1.001,567105.0,2026-02-06 12:59:59.999,567591.28600000,199,156774.00000000,156930.40910000,0
2026-02-06 13:00:00,1.001,1.001,1.0007,1.0007,365563.0,2026-02-06 13:59:59.999,365887.41450000,538,268499.00000000,268747.64800000,0
2026-02-06 14:00:00,1.0008,1.0009,1.0004,1.0005,313246.0,2026-02-06 14:59:59.999,313487.61900000,813,235727.00000000,235918.98640000,0
2026-02-06 15:00:00,1.0004,1.0005,1.0002,1.0004,559300.0,2026-02-06 15:59:59.999,559523.13970000,405,381076.00000000,381237.94840000,0
2026-02-06 16:00:00,1.0004,1.0005,1.0001,1.0002,612681.0,2026-02-06 16:59:59.999,612886.95640000,672,561261.00000000,561456.26770000,0
2026-02-06 17:00:00,1.0003,1.0004,1.0002,1.0003,122664.0,2026-02-06 17:59:59.999,122697.08180000,343,62067.00000000,62087.82790000,0
2026-02-06 18:00:00,1.0002,1.0007,1.0002,1.0005,132374.0,2026-02-06 18:59:59.999,132432.38380000,298,92932.00000000,92978.89380000,0
2026-02-06 19:00:00,1.0005,1.0009,1.0005,1.0006,99491.0,2026-02-06 19:59:59.999,99555.46600000,272,21881.00000000,21896.81380000,0
2026-02-06 20:00:00,1.0005,1.0006,1.0004,1.0005,20116.0,2026-02-06 20:59:59.999,20126.68110000,120,9751.00000000,9756.85060000,0
2026-02-06 21:00:00,1.0006,1.0006,1.0004,1.0006,29749.0,2026-02-06 21:59:59.999,29766.21080000,125,23536.00000000,23550.12040000,0
2026-02-06 22:00:00,1.0006,1.0006,1.0004,1.0004,99027.0,2026-02-06 22:59:59.999,99068.42240000,117,9114.00000000,9119.40390000,0
2026-02-06 23:00:00,1.0006,1.0006,1.0004,1.0005,43870.0,2026-02-06 23:59:59.999,43892.26430000,193,16818.00000000,16827.76130000,0
2026-02-07 00:00:00,1.0004,1.0005,1.0003,1.0004,47093.0,2026-02-07 00:59:59.999,47109.38340000,203,13749.00000000,13755.00830000,0
2026-02-07 01:00:00,1.0003,1.0004,1.0002,1.0003,10368.0,2026-02-07 01:59:59.999,10370.87620000,124,2332.00000000,2332.84400000,0
2026-02-07 02:00:00,1.0003,1.0004,1.0002,1.0004,15384.0,2026-02-07 02:59:59.999,15388.66260000,107,11003.00000000,11006.48140000,0
2026-02-07 03:00:00,1.0004,1.0005,1.0003,1.0005,12842.0,2026-02-07 03:59:59.999,12847.03260000,138,6974.00000000,6976.99420000,0
2026-02-07 04:00:00,1.0004,1.0004,1.0003,1.0004,18713.0,2026-02-07 04:59:59.999,18720.29490000,84,16810.00000000,16816.72400000,0
2026-02-07 05:00:00,1.0004,1.0004,1.0002,1.0004,49588.0,2026-02-07 05:59:59.999,49602.45050000,325,23976.00000000,23983.71830000,0
2026-02-07 06:00:00,1.0004,1.0004,1.0003,1.0003,157420.0,2026-02-07 06:59:59.999,157468.52720000,204,13012.00000000,13017.20480000,0
2026-02-07 07:00:00,1.0004,1.0005,1.0003,1.0003,262534.0,2026-02-07 07:59:59.999,262629.01500000,354,161573.00000000,161637.63040000,0
2026-02-07 08:00:00,1.0003,1.0004,1.0003,1.0004,25080.0,2026-02-07 08:59:59.999,25087.73960000,175,2156.00000000,2156.86240000,0
2026-02-07 09:00:00,1.0004,1.0004,1.0003,1.0004,9072.0,2026-02-07 09:59:59.999,9074.80080000,96,792.00000000,792.31680000,0
2026-02-07 10:00:00,1.0004,1.0004,1.0003,1.0004,92716.0,2026-02-07 10:59:59.999,92744.24890000,91,4341.00000000,4342.73640000,0
2026-02-07 11:00:00,1.0004,1.0006,1.0003,1.0006,187997.0,2026-02-07 11:59:59.999,188072.21420000,125,184952.00000000,185026.13970000,0
2026-02-07 12:00:00,1.0006,1.0008,1.0005,1.0007,314697.0,2026-02-07 12:59:59.999,314905.01790000,582,140431.00000000,140531.86840000,0
2026-02-07 13:00:00,1.0007,1.0008,1.0006,1.0007,130094.0,2026-02-07 13:59:59.999,130176.24590000,65,41645.00000000,41674.15340000,0
2026-02-07 14:00:00,1.0007,1.0008,1.0006,1.0006,50220.0,2026-02-07 14:59:59.999,50253.08600000,225,7595.00000000,7600.42870000,0
2026-02-07 15:00:00,1.0006,1.0007,1.0006,1.0007,30724.0,2026-02-07 15:59:59.999,30742.59160000,77,5643.00000000,5646.54300000,0
2026-02-07 16:00:00,1.0006,1.0011,1.0004,1.0007,6364303.0,2026-02-07 16:59:59.999,6368756.67550000,5266,3983287.00000000,3986580.67940000,0
2026-02-07 17:00:00,1.0007,1.0007,1.0004,1.0006,29044.0,2026-02-07 17:59:59.999,29060.04140000,113,21667.00000000,21680.06100000,0
2026-02-07 18:00:00,1.0006,1.0006,1.0004,1.0005,36597.0,2026-02-07 18:59:59.999,36618.10750000,127,32827.00000000,32846.44330000,0
2026-02-07 19:00:00,1.0006,1.0006,1.0003,1.0005,25016.0,2026-02-07 19:59:59.999,25027.68930000,134,11860.00000000,11866.33990000,0
2026-02-07 20:00:00,1.0005,1.0005,1.0004,1.0005,6632.0,2026-02-07 20:59:59.999,6634.96570000,57,3129.00000000,3130.56450000,0
2026-02-07 21:00:00,1.0005,1.0005,1.0003,1.0004,53931.0,2026-02-07 21:59:59.999,53955.87400000,107,46218.00000000,46240.16740000,0
2026-02-07 22:00:00,1.0004,1.0005,1.0002,1.0004,31567.0,2026-02-07 22:59:59.999,31579.84260000,127,20897.00000000,20906.55760000,0
2026-02-07 23:00:00,1.0004,1.0004,1.0002,1.0002,73535.0,2026-02-07 23:59:59.999,73551.17320000,144,9426.00000000,9429.06320000,0
2026-02-08 00:00:00,1.0002,1.0006,1.0002,1.0004,39676.0,2026-02-08 00:59:59.999,39690.96680000,210,30385.00000000,30396.76930000,0
2026-02-08 01:00:00,1.0006,1.0006,1.0004,1.0005,1492.0,2026-02-08 01:59:59.999,1492.67330000,38,704.00000000,704.35810000,0
2026-02-08 02:00:00,1.0004,1.0006,1.0004,1.0004,4425.0,2026-02-08 02:59:59.999,4426.91100000,67,1733.00000000,1733.83420000,0
2026-02-08 03:00:00,1.0006,1.0006,1.0003,1.0003,210700.0,2026-02-08 03:59:59.999,210783.35310000,91,3978.00000000,3979.92170000,0
2026-02-08 04:00:00,1.0003,1.0006,1.0003,1.0005,237161.0,2026-02-08 04:59:59.999,237299.04190000,113,233067.00000000,233203.09410000,0
2026-02-08 05:00:00,1.0005,1.0005,1.0004,1.0004,2263.0,2026-02-08 05:59:59.999,2264.09290000,64,1877.00000000,1877.93850000,0
2026-02-08 06:00:00,1.0004,1.0005,1.0004,1.0004,80595.0,2026-02-08 06:59:59.999,80631.16780000,99,39298.00000000,39317.64900000,0
2026-02-08 07:00:00,1.0004,1.0005,1.0004,1.0004,152580.0,2026-02-08 07:59:59.999,152650.11790000,77,90859.00000000,90904.42950000,0
2026-02-08 08:00:00,1.0004,1.0007,1.0003,1.0005,230541.0,2026-02-08 08:59:59.999,230648.60730000,316,13256.00000000,13263.00600000,0
2026-02-08 09:00:00,1.0007,1.0007,1.0005,1.0006,567536.0,2026-02-08 09:59:59.999,567820.29710000,130,1096.00000000,1096.68440000,0
2026-02-08 10:00:00,1.0006,1.0006,1.0004,1.0004,22616.0,2026-02-08 10:59:59.999,22626.56910000,101,2836.00000000,2837.68700000,0
2026-02-08 11:00:00,1.0004,1.0006,1.0004,1.0005,8209.0,2026-02-08 11:59:59.999,8212.80890000,51,5244.00000000,5246.62290000,0
2026-02-08 12:00:00,1.0004,1.0006,1.0004,1.0005,197524.0,2026-02-08 12:59:59.999,197603.86640000,92,3618.00000000,3619.81160000,0
2026-02-08 13:00:00,1.0005,1.0006,1.0003,1.0003,10947.0,2026-02-08 13:59:59.999,10951.83500000,92,2860.00000000,2861.55780000,0
2026-02-08 14:00:00,1.0003,1.0006,1.0003,1.0005,124694.0,2026-02-08 14:59:59.999,124765.66390000,36,115348.00000000,115416.84090000,0
2026-02-08 15:00:00,1.0005,1.0005,1.0003,1.0003,5136.0,2026-02-08 15:59:59.999,5138.04560000,71,173.00000000,173.08140000,0
2026-02-08 16:00:00,1.0005,1.0005,1.0003,1.0003,11179.0,2026-02-08 16:59:59.999,11182.40340000,121,222.00000000,222.10970000,0
2026-02-08 17:00:00,1.0003,1.0004,1.0003,1.0003,5949.0,2026-02-08 17:59:59.999,5950.92050000,177,1333.00000000,1333.53320000,0
2026-02-08 18:00:00,1.0003,1.0006,1.0003,1.0003,11157.0,2026-02-08 18:59:59.999,11161.88980000,193,6682.00000000,6685.19150000,0
2026-02-08 19:00:00,1.0003,1.0006,1.0003,1.0004,6030.0,2026-02-08 19:59:59.999,6032.76660000,178,1556.00000000,1556.80330000,0
2026-02-08 20:00:00,1.0004,1.0005,1.0003,1.0003,5690.0,2026-02-08 20:59:59.999,5692.21260000,105,4535.00000000,4536.81610000,0
2026-02-08 21:00:00,1.0003,1.0005,1.0003,1.0004,5208.0,2026-02-08 21:59:59.999,5209.93200000,63,2344.00000000,2345.07280000,0
2026-02-08 22:00:00,1.0004,1.0005,1.0004,1.0005,113142.0,2026-02-08 22:59:59.999,113198.12360000,96,108668.00000000,108722.33400000,0
2026-02-08 23:00:00,1.0004,1.0005,1.0002,1.0002,185755.0,2026-02-08 23:59:59.999,185806.29440000,303,53650.00000000,53672.24080000,0
2026-02-09 00:00:00,1.0002,1.0005,1.0002,1.0005,55294.0,2026-02-09 00:59:59.999,55319.71020000,131,48261.00000000,48284.23530000,0
2026-02-09 01:00:00,1.0004,1.0005,1.0002,1.0003,427259.0,2026-02-09 01:59:59.999,427427.61040000,412,298622.00000000,298761.49470000,0
2026-02-09 02:00:00,1.0003,1.0005,1.0002,1.0004,167052.0,2026-02-09 02:59:59.999,167120.35740000,362,160999.00000000,161065.42570000,0
2026-02-09 03:00:00,1.0004,1.0006,1.0003,1.0005,20299.0,2026-02-09 03:59:59.999,20309.54890000,92,18932.00000000,18942.02990000,0
2026-02-09 04:00:00,1.0005,1.0006,1.0003,1.0004,41306.0,2026-02-09 04:59:59.999,41321.08600000,156,11981.00000000,11986.17200000,0
2026-02-09 05:00:00,1.0004,1.0004,1.0003,1.0004,27794.0,2026-02-09 05:59:59.999,27802.62990000,96,2917.00000000,2918.16680000,0
2026-02-09 06:00:00,1.0004,1.0004,1.0003,1.0004,228790.0,2026-02-09 06:59:59.999,228858.90590000,95,2689.00000000,2690.07560000,0
2026-02-09 07:00:00,1.0004,1.0005,1.0003,1.0005,58156.0,2026-02-09 07:59:59.999,58179.08590000,185,30464.00000000,30477.92780000,0
2026-02-09 08:00:00,1.0004,1.0006,1.0003,1.0004,165510.0,2026-02-09 08:59:59.999,165593.78340000,666,117642.00000000,117706.74760000,0
2026-02-09 09:00:00,1.0004,1.0005,1.0004,1.0005,89078.0,2026-02-09 09:59:59.999,89116.81230000,237,31799.00000000,31814.89950000,0
2026-02-09 10:00:00,1.0004,1.0008,1.0004,1.0006,586967.0,2026-02-09 10:59:59.999,587276.06390000,489,235603.00000000,235733.71070000,0
2026-02-09 11:00:00,1.0007,1.0007,1.0004,1.0006,22294.0,2026-02-09 11:59:59.999,22307.12870000,141,9646.00000000,9652.34310000,0
2026-02-09 12:00:00,1.0006,1.0008,1.0005,1.0006,24113.0,2026-02-09 12:59:59.999,24128.01810000,124,17576.00000000,17587.21320000,0
2026-02-09 13:00:00,1.0006,1.0007,1.0004,1.0005,472720.0,2026-02-09 13:59:59.999,472951.14450000,115,31407.00000000,31428.48920000,0
2026-02-09 14:00:00,1.0005,1.0007,1.0003,1.0003,323699.0,2026-02-09 14:59:59.999,323874.02410000,337,198839.00000000,198956.20520000,0
2026-02-09 15:00:00,1.0004,1.0005,1.0003,1.0005,202122.0,2026-02-09 15:59:59.999,202213.69540000,193,155044.00000000,155120.99990000,0
2026-02-09 16:00:00,1.0003,1.0004,1.0002,1.0002,385714.0,2026-02-09 16:59:59.999,385816.85530000,304,87282.00000000,87309.00970000,0
2026-02-09 17:00:00,1.0004,1.0006,1.0003,1.0006,132972.0,2026-02-09 17:59:59.999,133031.91070000,403,78565.00000000,78606.13550000,0
2026-02-09 18:00:00,1.0006,1.0006,1.0003,1.0005,157833.0,2026-02-09 18:59:59.999,157906.54750000,232,87140.00000000,87189.39980000,0
2026-02-09 19:00:00,1.0005,1.0006,1.0002,1.0003,83444.0,2026-02-09 19:59:59.999,83475.89650000,176,45023.00000000,45043.21810000,0
2026-02-09 20:00:00,1.0003,1.0004,1.0002,1.0004,58896.0,2026-02-09 20:59:59.999,58910.62380000,124,4752.00000000,4753.90080000,0
2026-02-09 21:00:00,1.0002,1.0005,1.0002,1.0003,58066.0,2026-02-09 21:59:59.999,58091.87100000,104,53188.00000000,53212.47750000,0
2026-02-09 22:00:00,1.0003,1.0004,1.0002,1.0003,23892.0,2026-02-09 22:59:59.999,23898.72080000,176,3464.00000000,3465.20700000,0
2026-02-09 23:00:00,1.0003,1.0004,1.0002,1.0002,4748.0,2026-02-09 23:59:59.999,4749.38020000,136,2275.00000000,2275.82590000,0
2026-02-10 00:00:00,1.0002,1.0004,1.0002,1.0003,86943.0,2026-02-10 00:59:59.999,86960.63660000,48,1120.00000000,1120.44800000,0
2026-02-10 01:00:00,1.0003,1.0004,1.0002,1.0002,17351.0,2026-02-10 01:59:59.999,17356.25680000,45,13946.00000000,13950.23630000,0
2026-02-10 02:00:00,1.0004,1.0004,1.0002,1.0004,74334.0,2026-02-10 02:59:59.999,74349.45540000,78,2943.00000000,2944.17720000,0
2026-02-10 03:00:00,1.0004,1.0004,1.0002,1.0004,79864.0,2026-02-10 03:59:59.999,79892.93880000,164,67388.00000000,67414.32070000,0
2026-02-10 04:00:00,1.0004,1.0005,1.0003,1.0004,7780.0,2026-02-10 04:59:59.999,7783.41540000,78,3504.00000000,3505.73090000,0
2026-02-10 05:00:00,1.0004,1.0006,1.0004,1.0004,57246.0,2026-02-10 05:59:59.999,57272.76700000,171,21743.00000000,21755.40580000,0
2026-02-10 06:00:00,1.0006,1.0007,1.0004,1.0005,219896.0,2026-02-10 06:59:59.999,219992.75820000,328,35089.00000000,35108.02450000,0
2026-02-10 07:00:00,1.0004,1.0008,1.0004,1.0007,222803.0,2026-02-10 07:59:59.999,222937.08380000,272,194938.00000000,195056.26830000,0
2026-02-10 08:00:00,1.0008,1.0008,1.0006,1.0007,233345.0,2026-02-10 08:59:59.999,233521.13340000,161,136477.00000000,136585.40560000,0
2026-02-10 09:00:00,1.0006,1.0008,1.0006,1.0008,45976.0,2026-02-10 09:59:59.999,46004.44630000,150,7083.00000000,7087.96450000,0
2026-02-10 10:00:00,1.0008,1.0008,1.0006,1.0006,214031.0,2026-02-10 10:59:59.999,214181.32990000,266,10766.00000000,10774.22750000,0
2026-02-10 11:00:00,1.0007,1.0008,1.0007,1.0007,71434.0,2026-02-10 11:59:59.999,71487.13930000,250,34207.00000000,34234.08040000,0
2026-02-10 12:00:00,1.0007,1.0008,1.0006,1.0007,5409.0,2026-02-10 12:59:59.999,5412.66200000,47,2487.00000000,2488.77040000,0
2026-02-10 13:00:00,1.0007,1.0007,1.0006,1.0006,53228.0,2026-02-10 13:59:59.999,53262.48020000,96,25434.00000000,25451.80380000,0
2026-02-10 14:00:00,1.0006,1.0007,1.0004,1.0007,503464.0,2026-02-10 14:59:59.999,503774.78570000,398,305430.00000000,305641.41600000,0
2026-02-10 15:00:00,1.0005,1.0007,1.0004,1.0004,269234.0,2026-02-10 15:59:59.999,269392.77760000,265,187105.00000000,187223.31030000,0
2026-02-10 16:00:00,1.0005,1.0005,1.0004,1.0004,962756.0,2026-02-10 16:59:59.999,963201.79690000,245,606945.00000000,607248.47250000,0
2026-02-10 17:00:00,1.0004,1.0006,1.0003,1.0003,304245.0,2026-02-10 17:59:59.999,304369.37820000,158,57335.00000000,57361.04460000,0
2026-02-10 18:00:00,1.0004,1.0005,1.0003,1.0004,66527.0,2026-02-10 18:59:59.999,66552.38610000,157,29478.00000000,29490.82080000,0
2026-02-10 19:00:00,1.0004,1.0005,1.0003,1.0003,30251.0,2026-02-10 19:59:59.999,30265.06860000,96,24176.00000000,24188.04850000,0
2026-02-10 20:00:00,1.0003,1.0005,1.0003,1.0004,12776.0,2026-02-10 20:59:59.999,12780.98190000,88,1958.00000000,1958.97900000,0
2026-02-10 21:00:00,1.0004,1.0005,1.0004,1.0004,19272.0,2026-02-10 21:59:59.999,19279.96930000,54,2605.00000000,2606.30250000,0
2026-02-10 22:00:00,1.0004,1.0005,1.0004,1.0004,13640.0,2026-02-10 22:59:59.999,13645.75970000,57,3037.00000000,3038.51850000,0
2026-02-10 23:00:00,1.0005,1.0005,1.0004,1.0004,1503.0,2026-02-10 23:59:59.999,1503.61070000,36,95.00000000,95.04750000,0
2026-02-11 00:00:00,1.0005,1.0005,1.0004,1.0004,122134.0,2026-02-11 00:59:59.999,122194.69120000,65,118376.00000000,118435.18800000,0
2026-02-11 01:00:00,1.0004,1.0006,1.0004,1.0005,45060.0,2026-02-11 01:59:59.999,45086.66850000,43,43918.00000000,43944.11050000,0
2026-02-11 02:00:00,1.0005,1.0006,1.0005,1.0005,23584.0,2026-02-11 02:59:59.999,23597.00330000,83,12113.00000000,12120.26780000,0
2026-02-11 03:00:00,1.0005,1.0006,1.0005,1.0006,46119.0,2026-02-11 03:59:59.999,46145.20520000,154,31457.00000000,31475.87420000,0
2026-02-11 04:00:00,1.0006,1.0006,1.0003,1.0006,518114.0,2026-02-11 04:59:59.999,518369.21550000,444,289990.00000000,290147.35040000,0
2026-02-11 05:00:00,1.0005,1.0006,1.0005,1.0005,901399.0,2026-02-11 05:59:59.999,901918.56150000,105,695743.00000000,696159.73350000,0
2026-02-11 06:00:00,1.0006,1.0007,1.0005,1.0007,1663993.0,2026-02-11 06:59:59.999,1665110.56380000,563,1331113.00000000,1332038.72130000,0
2026-02-11 07:00:00,1.0006,1.0008,1.0006,1.0006,2185121.0,2026-02-11 07:59:59.999,2186647.02430000,367,316410.00000000,316632.09360000,0
2026-02-11 08:00:00,1.0007,1.0007,1.0004,1.0005,732007.0,2026-02-11 08:59:59.999,732435.52510000,607,123660.00000000,123740.38460000,0
2026-02-11 09:00:00,1.0005,1.0006,1.0004,1.0004,468526.0,2026-02-11 09:59:59.999,468731.96870000,316,99678.00000000,99736.42730000,0
2026-02-11 10:00:00,1.0004,1.0005,1.0004,1.0004,182524.0,2026-02-11 10:59:59.999,182604.14780000,264,71382.00000000,71417.69100000,0
2026-02-11 11:00:00,1.0004,1.007,1.0004,1.0009,29568788.0,2026-02-11 11:59:59.999,29594274.31390000,4703,15152089.00000000,15165617.71060000,0
2026-02-11 12:00:00,1.0009,1.0012,0.9999,1.0002,11183186.0,2026-02-11 12:59:59.999,11186789.95980000,1042,5689758.00000000,5691273.02340000,0
2026-02-11 13:00:00,1.0001,1.0005,1.0001,1.0003,5293231.0,2026-02-11 13:59:59.999,5295436.78930000,700,3874522.00000000,3876337.90260000,0
2026-02-11 14:00:00,1.0003,1.0005,1.0002,1.0005,1834883.0,2026-02-11 14:59:59.999,1835617.99770000,1172,1165920.00000000,1166447.13280000,0
2026-02-11 15:00:00,1.0004,1.0006,1.0003,1.0004,3231138.0,2026-02-11 15:59:59.999,3232678.84960000,1484,1526662.00000000,1527411.55050000,0
2026-02-11 16:00:00,1.0005,1.0006,1.0003,1.0004,1892328.0,2026-02-11 16:59:59.999,1893174.13870000,901,1026976.00000000,1027472.75080000,0
2026-02-11 17:00:00,1.0005,1.0007,1.0004,1.0006,1070331.0,2026-02-11 17:59:59.999,1070885.20230000,461,798123.00000000,798558.71280000,0
2026-02-11 18:00:00,1.0004,1.0006,1.0004,1.0006,590150.0,2026-02-11 18:59:59.999,590493.61160000,244,485465.00000000,485756.27900000,0
2026-02-11 19:00:00,1.0006,1.0007,1.0005,1.0007,397540.0,2026-02-11 19:59:59.999,397792.33320000,199,296900.00000000,297093.37890000,0
2026-02-11 20:00:00,1.0007,1.0007,1.0006,1.0006,237076.0,2026-02-11 20:59:59.999,237239.47630000,63,212307.00000000,212455.61490000,0
2026-02-11 21:00:00,1.0006,1.0007,1.0006,1.0006,850910.0,2026-02-11 21:59:59.999,851464.94000000,394,443940.00000000,444250.75800000,0
2026-02-11 22:00:00,1.0007,1.0007,1.0006,1.0007,429888.0,2026-02-11 22:59:59.999,430174.75970000,173,288269.00000000,288470.78830000,0
2026-02-11 23:00:00,1.0006,1.0008,1.0006,1.0007,766502.0,2026-02-11 23:59:59.999,767100.67950000,206,680036.00000000,680575.63700000,0
2026-02-12 00:00:00,1.0008,1.0012,1.0007,1.0011,7328103.0,2026-02-12 00:59:59.999,7335330.07450000,916,5418726.00000000,5424032.84960000,0
2026-02-12 01:00:00,1.001,1.0013,1.0007,1.001,10961967.0,2026-02-12 01:59:59.999,10973866.47630000,822,8878317.00000000,8888166.80750000,0
2026-02-12 02:00:00,1.001,1.0014,1.0009,1.0011,8272865.0,2026-02-12 02:59:59.999,8282533.78790000,629,5294280.00000000,5300528.54390000,0
2026-02-12 03:00:00,1.0012,1.0016,1.0011,1.0014,4021229.0,2026-02-12 03:59:59.999,4026962.78820000,346,2706967.00000000,2710778.70150000,0
2026-02-12 04:00:00,1.0014,1.0034,1.0007,1.0009,14226621.0,2026-02-12 04:59:59.999,14240264.82790000,2201,6664363.00000000,6671096.03620000,0
2026-02-12 05:00:00,1.0009,1.001,1.0005,1.0006,12441132.0,2026-02-12 05:59:59.999,12449410.46010000,576,6094608.00000000,6098770.53700000,0
2026-02-12 06:00:00,1.0005,1.0007,1.0005,1.0006,3068452.0,2026-02-12 06:59:59.999,3070513.03090000,239,2881456.00000000,2883412.74990000,0
2026-02-12 07:00:00,1.0006,1.0007,1.0005,1.0005,8426590.0,2026-02-12 07:59:59.999,8431640.68650000,531,6051059.00000000,6054695.61890000,0
2026-02-12 08:00:00,1.0005,1.0007,1.0005,1.0007,3606169.0,2026-02-12 08:59:59.999,3608476.86170000,460,3290412.00000000,3292544.49670000,0
2026-02-12 09:00:00,1.0006,1.0007,1.0005,1.0006,2759977.0,2026-02-12 09:59:59.999,2761562.91760000,694,1540684.00000000,1541614.79800000,0
2026-02-12 10:00:00,1.0005,1.0006,1.0005,1.0005,960773.0,2026-02-12 10:59:59.999,961320.09520000,190,667087.00000000,667487.25220000,0
2026-02-12 11:00:00,1.0006,1.0006,1.0004,1.0005,2342337.0,2026-02-12 11:59:59.999,2343557.47070000,373,1120098.00000000,1120710.10490000,0
2026-02-12 12:00:00,1.0005,1.0006,1.0004,1.0004,2122003.0,2026-02-12 12:59:59.999,2123082.61440000,182,2087094.00000000,2088159.65080000,0
2026-02-12 13:00:00,1.0005,1.0005,1.0003,1.0004,4174520.0,2026-02-12 13:59:59.999,4176233.91400000,294,996281.00000000,996732.39790000,0
2026-02-12 14:00:00,1.0004,1.0005,1.0003,1.0003,2074529.0,2026-02-12 14:59:59.999,2075425.94850000,319,1528303.00000000,1528997.51740000,0
2026-02-12 15:00:00,1.0004,1.0005,1.0002,1.0003,1918808.0,2026-02-12 15:59:59.999,1919499.04530000,399,1320556.00000000,1321076.40510000,0
2026-02-12 16:00:00,1.0004,1.0005,1.0002,1.0004,2143366.0,2026-02-12 16:59:59.999,2144288.46630000,807,1454022.00000000,1454704.54820000,0
2026-02-12 17:00:00,1.0004,1.0006,1.0002,1.0005,367292.0,2026-02-12 17:59:59.999,367474.48680000,436,276855.00000000,277002.37380000,0
2026-02-12 18:00:00,1.0005,1.0011,1.0004,1.0006,9076969.0,2026-02-12 18:59:59.999,9084245.70600000,311,8996053.00000000,9003292.04690000,0
2026-02-12 19:00:00,1.0006,1.0007,1.0004,1.0005,2345529.0,2026-02-12 19:59:59.999,2346927.68050000,437,1843834.00000000,1844918.24480000,0
2026-02-12 20:00:00,1.0005,1.0007,1.0005,1.0007,50670.0,2026-02-12 20:59:59.999,50702.18500000,65,36556.00000000,36581.09400000,0
2026-02-12 21:00:00,1.0007,1.0008,1.0005,1.0006,487609.0,2026-02-12 21:59:59.999,487853.71660000,111,4574.00000000,4577.00360000,0
2026-02-12 22:00:00,1.0007,1.0008,1.0006,1.0007,110160.0,2026-02-12 22:59:59.999,110236.84020000,149,102643.00000000,102715.33000000,0
2026-02-12 23:00:00,1.0007,1.0007,1.0005,1.0007,478088.0,2026-02-12 23:59:59.999,478351.24160000,172,154666.00000000,154764.58440000,0
2026-02-13 00:00:00,1.0007,1.0008,1.0005,1.0006,600190.0,2026-02-13 00:59:59.999,600602.20760000,231,368672.00000000,368952.10770000,0
2026-02-13 01:00:00,1.0008,1.0008,1.0006,1.0008,285633.0,2026-02-13 01:59:59.999,285857.26060000,119,263687.00000000,263895.94920000,0
2026-02-13 02:00:00,1.0007,1.0008,1.0005,1.0007,1108710.0,2026-02-13 02:59:59.999,1109448.85050000,194,753730.00000000,754239.70990000,0
2026-02-13 03:00:00,1.0007,1.0007,1.0005,1.0007,617938.0,2026-02-13 03:59:59.999,618324.60210000,155,156523.00000000,156632.56610000,0
2026-02-13 04:00:00,1.0007,1.0008,1.0006,1.0007,883226.0,2026-02-13 04:59:59.999,883841.20230000,126,508844.00000000,509227.30480000,0
2026-02-13 05:00:00,1.0007,1.0008,1.0006,1.0008,140488.0,2026-02-13 05:59:59.999,140583.90570000,128,115471.00000000,115551.89550000,0
2026-02-13 06:00:00,1.0007,1.0008,1.0006,1.0007,390188.0,2026-02-13 06:59:59.999,390445.56820000,152,209432.00000000,209581.02460000,0
2026-02-13 07:00:00,1.0007,1.0008,1.0006,1.0007,504536.0,2026-02-13 07:59:59.999,504886.28000000,180,465359.00000000,465685.77300000,0
2026-02-13 08:00:00,1.0007,1.0008,1.0006,1.0007,1287738.0,2026-02-13 08:59:59.999,1288644.24680000,246,992605.00000000,993310.26320000,0
2026-02-13 09:00:00,1.0008,1.0008,1.0006,1.0006,1049632.0,2026-02-13 09:59:59.999,1050365.28490000,128,1011436.00000000,1012144.05760000,0
2026-02-13 10:00:00,1.0006,1.0007,1.0006,1.0006,342930.0,2026-02-13 10:59:59.999,343154.63610000,720,188781.00000000,188913.14670000,0
2026-02-13 11:00:00,1.0006,1.0007,1.0006,1.0006,226516.0,2026-02-13 11:59:59.999,226664.77010000,577,128605.00000000,128695.02350000,0
2026-02-13 12:00:00,1.0007,1.0007,1.0006,1.0007,336557.0,2026-02-13 12:59:59.999,336762.23620000,121,33020.00000000,33043.11400000,0
2026-02-13 13:00:00,1.0007,1.0007,1.0006,1.0007,1214082.0,2026-02-13 13:59:59.999,1214896.03240000,474,855832.00000000,856431.08240000,0
2026-02-13 14:00:00,1.0006,1.0007,1.0005,1.0006,3915843.0,2026-02-13 14:59:59.999,3918386.43440000,614,1467245.00000000,1468230.75880000,0
2026-02-13 15:00:00,1.0006,1.0006,1.0004,1.0006,2773269.0,2026-02-13 15:59:59.999,2774677.31130000,673,1842395.00000000,1843368.05610000,0
2026-02-13 16:00:00,1.0005,1.0006,1.0004,1.0005,810629.0,2026-02-13 16:59:59.999,811072.23140000,502,635284.00000000,635645.84900000,0
2026-02-13 17:00:00,1.0005,1.0007,1.0005,1.0006,180846.0,2026-02-13 17:59:59.999,180945.78430000,286,91880.00000000,91935.30130000,0
2026-02-13 18:00:00,1.0005,1.0007,1.0004,1.0005,753579.0,2026-02-13 18:59:59.999,753963.40270000,210,72997.00000000,73041.49680000,0
2026-02-13 19:00:00,1.0004,1.0005,1.0004,1.0004,893146.0,2026-02-13 19:59:59.999,893579.10760000,167,758492.00000000,758871.24600000,0
2026-02-13 20:00:00,1.0005,1.0005,1.0004,1.0005,121297.0,2026-02-13 20:59:59.999,121355.98590000,59,104671.00000000,104723.33550000,0
2026-02-13 21:00:00,1.0005,1.0006,1.0004,1.0006,461029.0,2026-02-13 21:59:59.999,461254.03930000,94,403256.00000000,403457.92820000,0
2026-02-13 22:00:00,1.0006,1.0006,1.0004,1.0005,104842.0,2026-02-13 22:59:59.999,104900.28580000,115,80673.00000000,80720.63950000,0
2026-02-13 23:00:00,1.0005,1.0006,1.0004,1.0005,110065.0,2026-02-13 23:59:59.999,110125.56700000,83,86436.00000000,86485.29530000,0
2026-02-14 00:00:00,1.0004,1.0006,1.0004,1.0004,395668.0,2026-02-14 00:59:59.999,395863.49870000,78,299485.00000000,299635.08850000,0
2026-02-14 01:00:00,1.0005,1.0005,1.0004,1.0004,1534815.0,2026-02-14 01:59:59.999,1535578.75190000,69,1498259.00000000,1499008.12950000,0
2026-02-14 02:00:00,1.0004,1.0005,1.0004,1.0005,1297178.0,2026-02-14 02:59:59.999,1297825.36460000,85,1284934.00000000,1285576.46700000,0
2026-02-14 03:00:00,1.0004,1.0005,1.0004,1.0005,1221638.0,2026-02-14 03:59:59.999,1222244.43690000,132,1177817.00000000,1178405.90850000,0
2026-02-14 04:00:00,1.0005,1.0005,1.0004,1.0005,569435.0,2026-02-14 04:59:59.999,569718.21630000,59,554423.00000000,554700.21150000,0
2026-02-14 05:00:00,1.0005,1.0005,1.0004,1.0004,489448.0,2026-02-14 05:59:59.999,489684.46730000,164,406881.00000000,407084.44050000,0
2026-02-14 06:00:00,1.0004,1.0005,1.0004,1.0005,67177.0,2026-02-14 06:59:59.999,67209.16080000,103,52900.00000000,52926.45000000,0
2026-02-14 07:00:00,1.0005,1.0005,1.0004,1.0005,1451372.0,2026-02-14 07:59:59.999,1452083.96680000,134,1164894.00000000,1165476.44700000,0
2026-02-14 08:00:00,1.0005,1.0005,1.0004,1.0005,683558.0,2026-02-14 08:59:59.999,683860.71770000,144,292945.00000000,293091.47250000,0
2026-02-14 09:00:00,1.0005,1.0005,1.0004,1.0004,278350.0,2026-02-14 09:59:59.999,278475.28940000,140,139494.00000000,139563.74700000,0
2026-02-14 10:00:00,1.0004,1.0005,1.0004,1.0004,74500.0,2026-02-14 10:59:59.999,74534.07230000,89,42723.00000000,42744.36150000,0
2026-02-14 11:00:00,1.0005,1.0005,1.0004,1.0004,513751.0,2026-02-14 11:59:59.999,513998.64890000,226,421485.00000000,421695.74250000,0
2026-02-14 12:00:00,1.0004,1.0005,1.0004,1.0005,949376.0,2026-02-14 12:59:59.999,949834.71330000,323,789629.00000000,790023.81450000,0
2026-02-14 13:00:00,1.0005,1.0005,1.0003,1.0004,3134091.0,2026-02-14 13:59:59.999,3135338.39490000,345,851615.00000000,851956.92090000,0
2026-02-14 14:00:00,1.0004,1.0004,1.0002,1.0003,2904868.0,2026-02-14 14:59:59.999,2905725.42740000,219,2323343.00000000,2324040.00670000,0
2026-02-14 15:00:00,1.0002,1.0003,1.0002,1.0002,342833.0,2026-02-14 15:59:59.999,342929.76980000,142,282032.00000000,282116.60960000,0
2026-02-14 16:00:00,1.0002,1.0004,1.0002,1.0004,461739.0,2026-02-14 16:59:59.999,461869.25400000,116,278648.00000000,278741.58670000,0
2026-02-14 17:00:00,1.0003,1.0004,1.0003,1.0004,1072456.0,2026-02-14 17:59:59.999,1072882.93630000,108,822760.00000000,823089.10400000,0
2026-02-14 18:00:00,1.0004,1.0004,1.0003,1.0004,300398.0,2026-02-14 18:59:59.999,300512.87390000,150,247545.00000000,247644.01800000,0
2026-02-14 19:00:00,1.0004,1.0004,1.0003,1.0004,129156.0,2026-02-14 19:59:59.999,129206.17010000,102,114233.00000000,114278.69320000,0
2026-02-14 20:00:00,1.0004,1.0004,1.0003,1.0004,28139.0,2026-02-14 20:59:59.999,28149.06880000,86,16271.00000000,16277.50840000,0
2026-02-14 21:00:00,1.0004,1.0004,1.0003,1.0003,67338.0,2026-02-14 21:59:59.999,67362.33660000,80,41352.00000000,41368.54080000,0
2026-02-14 22:00:00,1.0004,1.0005,1.0003,1.0005,119532.0,2026-02-14 22:59:59.999,119577.58440000,111,34519.00000000,34535.39990000,0
2026-02-14 23:00:00,1.0005,1.0005,1.0003,1.0005,62885.0,2026-02-14 23:59:59.999,62914.45130000,92,46870.00000000,46893.29910000,0
2026-02-15 00:00:00,1.0005,1.0005,1.0003,1.0004,66997.0,2026-02-15 00:59:59.999,67022.40070000,128,29818.00000000,29831.16660000,0
2026-02-15 01:00:00,1.0004,1.0004,1.0003,1.0004,88574.0,2026-02-15 01:59:59.999,88608.73030000,157,81581.00000000,81613.63240000,0
2026-02-15 02:00:00,1.0004,1.0005,1.0004,1.0005,303962.0,2026-02-15 02:59:59.999,304107.47410000,148,238893.00000000,239012.44650000,0
2026-02-15 03:00:00,1.0005,1.0005,1.0002,1.0003,1019306.0,2026-02-15 03:59:59.999,1019658.58870000,190,298339.00000000,298435.63840000,0
2026-02-15 04:00:00,1.0003,1.0003,1.0001,1.0002,281852.0,2026-02-15 04:59:59.999,281912.80720000,226,120380.00000000,120414.47620000,0
2026-02-15 05:00:00,1.0003,1.0003,1.0002,1.0003,344007.0,2026-02-15 05:59:59.999,344109.27570000,106,334743.00000000,334843.42290000,0
2026-02-15 06:00:00,1.0003,1.0003,1.0001,1.0003,187421.0,2026-02-15 06:59:59.999,187463.05950000,102,52825.00000000,52840.32660000,0
2026-02-15 07:00:00,1.0003,1.0003,1.0,1.0003,1614046.0,2026-02-15 07:59:59.999,1614338.82720000,255,602415.00000000,602594.14030000,0
2026-02-15 08:00:00,1.0003,1.0004,1.0002,1.0003,831784.0,2026-02-15 08:59:59.999,832065.45870000,435,599804.00000000,600018.08070000,0
2026-02-15 09:00:00,1.0004,1.0004,1.0002,1.0003,1366795.0,2026-02-15 09:59:59.999,1367276.54490000,142,1066548.00000000,1066935.78160000,0
2026-02-15 10:00:00,1.0003,1.0004,1.0001,1.0002,2184923.0,2026-02-15 10:59:59.999,2185717.95400000,195,1787451.00000000,1788144.78310000,0
2026-02-15 11:00:00,1.0002,1.0005,1.0001,1.0004,1748387.0,2026-02-15 11:59:59.999,1748762.36230000,381,1583063.00000000,1583391.67010000,0
2026-02-15 12:00:00,1.0004,1.0005,1.0004,1.0004,1004881.0,2026-02-15 12:59:59.999,1005354.12570000,247,711733.00000000,712088.86650000,0
2026-02-15 13:00:00,1.0005,1.0005,1.0003,1.0004,466444.0,2026-02-15 13:59:59.999,466631.66190000,421,133908.00000000,133966.98890000,0
2026-02-15 14:00:00,1.0005,1.0006,1.0004,1.0004,49615.0,2026-02-15 14:59:59.999,49637.30780000,175,24081.00000000,24093.08550000,0
2026-02-15 15:00:00,1.0005,1.0005,1.0003,1.0004,107874.0,2026-02-15 15:59:59.999,107911.78890000,84,16566.00000000,16573.31850000,0
2026-02-15 16:00:00,1.0003,1.0004,1.0003,1.0004,277165.0,2026-02-15 16:59:59.999,277265.79400000,196,152576.00000000,152637.03040000,0
2026-02-15 17:00:00,1.0003,1.0004,1.0003,1.0004,261668.0,2026-02-15 17:59:59.999,261753.66570000,302,71653.00000000,71681.66120000,0
2026-02-15 18:00:00,1.0004,1.0005,1.0004,1.0005,67129.0,2026-02-15 18:59:59.999,67157.98300000,166,21314.00000000,21324.65700000,0
2026-02-15 19:00:00,1.0005,1.0006,1.0003,1.0005,216967.0,2026-02-15 19:59:59.999,217062.86070000,275,160412.00000000,160487.44700000,0
2026-02-15 20:00:00,1.0005,1.0006,1.0004,1.0005,12122.0,2026-02-15 20:59:59.999,12127.26960000,123,4118.00000000,4120.06750000,0
2026-02-15 21:00:00,1.0006,1.0006,1.0004,1.0005,38802.0,2026-02-15 21:59:59.999,38820.97970000,90,25414.00000000,25426.81750000,0
2026-02-15 22:00:00,1.0005,1.0006,1.0004,1.0005,139230.0,2026-02-15 22:59:59.999,139301.23020000,157,104520.00000000,104576.99060000,0
2026-02-15 23:00:00,1.0004,1.0005,1.0004,1.0005,13399.0,2026-02-15 23:59:59.999,13404.89020000,66,5306.00000000,5308.65300000,0
2026-02-16 00:00:00,1.0004,1.0005,1.0002,1.0004,526004.0,2026-02-16 00:59:59.999,526220.97370000,147,123396.00000000,123456.14970000,0
2026-02-16 01:00:00,1.0005,1.0005,1.0004,1.0005,81571.0,2026-02-16 01:59:59.999,81605.21810000,117,15897.00000000,15904.94850000,0
2026-02-16 02:00:00,1.0004,1.0005,1.0004,1.0004,185813.0,2026-02-16 02:59:59.999,185894.79990000,158,74747.00000000,74784.37350000,0
2026-02-16 03:00:00,1.0005,1.0006,1.0004,1.0004,40966.0,2026-02-16 03:59:59.999,40985.85220000,131,33427.00000000,33443.83250000,0
2026-02-16 04:00:00,1.0004,1.0005,1.0003,1.0005,518791.0,2026-02-16 04:59:59.999,518994.02170000,216,72766.00000000,72802.26810000,0
2026-02-16 05:00:00,1.0005,1.0005,1.0004,1.0004,43324.0,2026-02-16 05:59:59.999,43342.70380000,176,13742.00000000,13748.87100000,0
2026-02-16 06:00:00,1.0005,1.0005,1.0004,1.0005,46798.0,2026-02-16 06:59:59.999,46820.62400000,157,39048.00000000,39067.52400000,0
2026-02-16 07:00:00,1.0005,1.0005,1.0004,1.0004,87679.0,2026-02-16 07:59:59.999,87717.15310000,101,30815.00000000,30830.40750000,0
2026-02-16 08:00:00,1.0005,1.0006,1.0004,1.0006,34671.0,2026-02-16 08:59:59.999,34688.18900000,83,20528.00000000,20539.52890000,0
2026-02-16 09:00:00,1.0006,1.0006,1.0004,1.0004,305349.0,2026-02-16 09:59:59.999,305500.30420000,191,210968.00000000,211080.79810000,0
2026-02-16 10:00:00,1.0004,1.0005,1.0002,1.0004,2316635.0,2026-02-16 10:59:59.999,2317181.48790000,186,133559.00000000,133612.14530000,0
2026-02-16 11:00:00,1.0004,1.0005,1.0003,1.0005,224991.0,2026-02-16 11:59:59.999,225071.20930000,204,52248.00000000,52269.43150000,0
2026-02-16 12:00:00,1.0004,1.0005,1.0003,1.0005,362695.0,2026-02-16 12:59:59.999,362845.66150000,235,205381.00000000,205474.68870000,0
2026-02-16 13:00:00,1.0005,1.0005,1.0002,1.0004,899513.0,2026-02-16 13:59:59.999,899831.91060000,464,418160.00000000,418331.94470000,0
2026-02-16 14:00:00,1.0004,1.0005,1.0003,1.0004,363071.0,2026-02-16 14:59:59.999,363205.73030000,255,206688.00000000,206775.75320000,0
2026-02-16 15:00:00,1.0004,1.0005,1.0003,1.0005,215781.0,2026-02-16 15:59:59.999,215853.59130000,248,58001.00000000,58025.97450000,0
2026-02-16 16:00:00,1.0003,1.0005,1.0003,1.0004,321404.0,2026-02-16 16:59:59.999,321545.76370000,222,225182.00000000,225290.82630000,0
2026-02-16 17:00:00,1.0004,1.0005,1.0003,1.0004,210532.0,2026-02-16 17:59:59.999,210618.68140000,152,156054.00000000,156121.37510000,0
2026-02-16 18:00:00,1.0004,1.0005,1.0003,1.0003,49389.0,2026-02-16 18:59:59.999,49407.98640000,118,41094.00000000,41110.49790000,0
2026-02-16 19:00:00,1.0005,1.0005,1.0003,1.0004,15757.0,2026-02-16 19:59:59.999,15763.42440000,87,8482.00000000,8486.24100000,0
2026-02-16 20:00:00,1.0004,1.0005,1.0003,1.0005,323346.0,2026-02-16 20:59:59.999,323507.15270000,105,318970.00000000,319129.48500000,0
2026-02-16 21:00:00,1.0005,1.0005,1.0004,1.0005,104864.0,2026-02-16 21:59:59.999,104915.24010000,111,92945.00000000,92991.47250000,0
2026-02-16 22:00:00,1.0004,1.0005,1.0004,1.0005,38984.0,2026-02-16 22:59:59.999,39001.34240000,207,17488.00000000,17496.74400000,0
2026-02-16 23:00:00,1.0005,1.0005,1.0003,1.0005,29808.0,2026-02-16 23:59:59.999,29821.43410000,62,27701.00000000,27713.65730000,0
2026-02-17 00:00:00,1.0005,1.0005,1.0004,1.0005,16895.0,2026-02-17 00:59:59.999,16902.76430000,67,10063.00000000,10068.03150000,0
2026-02-17 01:00:00,1.0004,1.0005,1.0004,1.0004,48274.0,2026-02-17 01:59:59.999,48295.91620000,139,26066.00000000,26079.03300000,0
2026-02-17 02:00:00,1.0004,1.0005,1.0003,1.0003,191515.0,2026-02-17 02:59:59.999,191595.27200000,149,43945.00000000,43966.83910000,0
2026-02-17 03:00:00,1.0005,1.0005,1.0003,1.0005,7711.0,2026-02-17 03:59:59.999,7714.29710000,88,4104.00000000,4106.05200000,0
2026-02-17 04:00:00,1.0005,1.0005,1.0003,1.0005,103088.0,2026-02-17 04:59:59.999,103120.32030000,94,3350.00000000,3351.67380000,0
2026-02-17 05:00:00,1.0005,1.0005,1.0003,1.0005,131371.0,2026-02-17 05:59:59.999,131415.09500000,77,23542.00000000,23553.74540000,0
2026-02-17 06:00:00,1.0005,1.0005,1.0003,1.0004,30766.0,2026-02-17 06:59:59.999,30776.84220000,69,12654.00000000,12659.40860000,0
2026-02-17 07:00:00,1.0004,1.0004,1.0003,1.0004,12636.0,2026-02-17 07:59:59.999,12640.27730000,104,4865.00000000,4866.94600000,0
2026-02-17 08:00:00,1.0004,1.0004,1.0002,1.0004,10050445.0,2026-02-17 08:59:59.999,10052662.89570000,517,4574202.00000000,4575213.83540000,0
2026-02-17 09:00:00,1.0003,1.0004,1.0002,1.0003,1046667.0,2026-02-17 09:59:59.999,1046913.74190000,123,179952.00000000,180009.04720000,0
2026-02-17 10:00:00,1.0004,1.0004,1.0003,1.0003,572803.0,2026-02-17 10:59:59.999,572985.47400000,115,111810.00000000,111854.17610000,0
2026-02-17 11:00:00,1.0002,1.0004,1.0002,1.0004,544385.0,2026-02-17 11:59:59.999,544558.98290000,116,498644.00000000,498805.79140000,0
2026-02-17 12:00:00,1.0003,1.0005,1.0003,1.0004,108564.0,2026-02-17 12:59:59.999,108604.80100000,135,78574.00000000,78605.52700000,0
2026-02-17 13:00:00,1.0004,1.0005,1.0003,1.0004,451048.0,2026-02-17 13:59:59.999,451210.53120000,216,151421.00000000,151487.47770000,0
2026-02-17 14:00:00,1.0004,1.0005,1.0003,1.0003,561202.0,2026-02-17 14:59:59.999,561408.95010000,479,145955.00000000,146014.45900000,0
2026-02-17 15:00:00,1.0003,1.0004,1.0002,1.0003,1566750.0,2026-02-17 15:59:59.999,1567293.44750000,328,951616.00000000,951978.69190000,0
2026-02-17 16:00:00,1.0002,1.0004,1.0001,1.0002,2212808.0,2026-02-17 16:59:59.999,2213377.82980000,549,1365766.00000000,1366210.07560000,0
2026-02-17 17:00:00,1.0003,1.0004,1.0002,1.0004,429938.0,2026-02-17 17:59:59.999,430068.48500000,200,144449.00000000,144495.38090000,0
2026-02-17 18:00:00,1.0003,1.0005,1.0003,1.0003,434178.0,2026-02-17 18:59:59.999,434365.16040000,273,311163.00000000,311313.11980000,0
2026-02-17 19:00:00,1.0004,1.0005,1.0003,1.0004,151000.0,2026-02-17 19:59:59.999,151063.92030000,137,102953.00000000,103002.50500000,0
2026-02-17 20:00:00,1.0004,1.0004,1.0002,1.0002,1174894.0,2026-02-17 20:59:59.999,1175136.77700000,217,212137.00000000,212183.51150000,0
2026-02-17 21:00:00,1.0004,1.0004,1.0002,1.0002,27694.0,2026-02-17 21:59:59.999,27700.85360000,41,6779.00000000,6781.63800000,0
2026-02-17 22:00:00,1.0003,1.0004,1.0003,1.0004,20592.0,2026-02-17 22:59:59.999,20598.55160000,86,3740.00000000,3741.49600000,0
2026-02-17 23:00:00,1.0004,1.0004,1.0003,1.0003,59112.0,2026-02-17 23:59:59.999,59134.13960000,99,44060.00000000,44077.62400000,0
2026-02-18 00:00:00,1.0003,1.0004,1.0003,1.0003,405464.0,2026-02-18 00:59:59.999,405614.36330000,101,287241.00000000,287355.89640000,0
2026-02-18 01:00:00,1.0003,1.0004,1.0003,1.0003,139570.0,2026-02-18 01:59:59.999,139615.92630000,111,40553.00000000,40569.22120000,0
2026-02-18 02:00:00,1.0004,1.0004,1.0003,1.0003,307201.0,2026-02-18 02:59:59.999,307296.51720000,51,33569.00000000,33582.42760000,0
2026-02-18 03:00:00,1.0004,1.0004,1.0003,1.0003,712358.0,2026-02-18 03:59:59.999,712638.81890000,58,671115.00000000,671383.44600000,0
2026-02-18 04:00:00,1.0003,1.0004,1.0003,1.0003,930082.0,2026-02-18 04:59:59.999,930423.40000000,70,623754.00000000,624003.50160000,0
2026-02-18 05:00:00,1.0004,1.0004,1.0003,1.0003,190574.0,2026-02-18 05:59:59.999,190649.82470000,68,186525.00000000,186599.61000000,0
2026-02-18 06:00:00,1.0003,1.0004,1.0003,1.0004,72656.0,2026-02-18 06:59:59.999,72678.23960000,70,4428.00000000,4429.77120000,0
2026-02-18 07:00:00,1.0004,1.0004,1.0003,1.0003,104122.0,2026-02-18 07:59:59.999,104158.03940000,64,48028.00000000,48047.21120000,0
2026-02-18 08:00:00,1.0003,1.0004,1.0003,1.0004,448227.0,2026-02-18 08:59:59.999,448380.14700000,147,186789.00000000,186863.71560000,0
2026-02-18 09:00:00,1.0004,1.0004,1.0002,1.0002,385406.0,2026-02-18 09:59:59.999,385522.36320000,78,47779.00000000,47794.07780000,0
2026-02-18 10:00:00,1.0002,1.0004,1.0002,1.0002,1448667.0,2026-02-18 10:59:59.999,1449089.19430000,142,439738.00000000,439876.60770000,0
2026-02-18 11:00:00,1.0002,1.0004,1.0002,1.0003,421512.0,2026-02-18 11:59:59.999,421643.66600000,200,290117.00000000,290209.25230000,0
2026-02-18 12:00:00,1.0004,1.0004,1.0002,1.0004,728863.0,2026-02-18 12:59:59.999,729085.42630000,240,136884.00000000,136929.18010000,0
2026-02-18 13:00:00,1.0004,1.0004,1.0003,1.0003,736628.0,2026-02-18 13:59:59.999,736887.11390000,215,381255.00000000,381407.50200000,0
2026-02-18 14:00:00,1.0004,1.0004,1.0002,1.0003,677443.0,2026-02-18 14:59:59.999,677660.30600000,387,454021.00000000,454175.43620000,0
2026-02-18 15:00:00,1.0003,1.0004,1.0,1.0002,882073.0,2026-02-18 15:59:59.999,882284.33910000,504,316908.00000000,317003.55380000,0
2026-02-18 16:00:00,1.0001,1.0003,1.0001,1.0003,442262.0,2026-02-18 16:59:59.999,442355.27060000,348,220737.00000000,220786.27140000,0
2026-02-18 17:00:00,1.0003,1.0004,1.0002,1.0003,141296.0,2026-02-18 17:59:59.999,141335.07650000,238,88908.00000000,88935.84860000,0
2026-02-18 18:00:00,1.0002,1.0004,1.0001,1.0002,543676.0,2026-02-18 18:59:59.999,543809.37920000,521,199474.00000000,199541.26890000,0
2026-02-18 19:00:00,1.0002,1.0004,1.0002,1.0002,289218.0,2026-02-18 19:59:59.999,289295.95070000,317,175981.00000000,176036.26020000,0
2026-02-18 20:00:00,1.0003,1.0003,1.0002,1.0002,58356.0,2026-02-18 20:59:59.999,58370.14150000,115,24703.00000000,24710.41090000,0
2026-02-18 21:00:00,1.0003,1.0003,1.0002,1.0002,59297.0,2026-02-18 21:59:59.999,59311.44690000,101,25875.00000000,25882.76250000,0
2026-02-18 22:00:00,1.0003,1.0003,1.0002,1.0003,347087.0,2026-02-18 22:59:59.999,347174.62390000,107,182065.00000000,182119.61950000,0
2026-02-18 23:00:00,1.0002,1.0004,1.0002,1.0004,480025.0,2026-02-18 23:59:59.999,480171.84040000,132,221422.00000000,221491.82060000,0
2026-02-19 00:00:00,1.0003,1.0004,1.0001,1.0001,2251193.0,2026-02-19 00:59:59.999,2251568.48740000,266,382058.00000000,382135.98370000,0
2026-02-19 01:00:00,1.0001,1.0003,1.0001,1.0002,2686227.0,2026-02-19 01:59:59.999,2686738.88640000,231,788445.00000000,788606.64280000,0
2026-02-19 02:00:00,1.0002,1.0003,1.0001,1.0002,1571945.0,2026-02-19 02:59:59.999,1572239.40000000,175,398926.00000000,399021.04790000,0
2026-02-19 03:00:00,1.0002,1.0003,1.0001,1.0002,1841856.0,2026-02-19 03:59:59.999,1842222.79970000,193,995850.00000000,996049.52110000,0
2026-02-19 04:00:00,1.0002,1.0003,1.0001,1.0001,1726008.0,2026-02-19 04:59:59.999,1726261.39820000,221,77871.00000000,77890.74650000,0
2026-02-19 05:00:00,1.0001,1.0002,1.0001,1.0001,1011887.0,2026-02-19 05:59:59.999,1012042.84560000,174,546569.00000000,546678.31380000,0
2026-02-19 06:00:00,1.0002,1.0003,1.0001,1.0001,3021212.0,2026-02-19 06:59:59.999,3021589.54720000,299,874546.00000000,874702.28370000,0
2026-02-19 07:00:00,1.0001,1.0002,1.0001,1.0001,261965.0,2026-02-19 07:59:59.999,261993.46870000,162,22722.00000000,22726.54440000,0
2026-02-19 08:00:00,1.0001,1.0003,1.0001,1.0002,627269.0,2026-02-19 08:59:59.999,627365.37570000,262,185775.00000000,185812.60310000,0
2026-02-19 09:00:00,1.0003,1.0003,1.0001,1.0002,378559.0,2026-02-19 09:59:59.999,378630.14550000,125,128924.00000000,128951.94130000,0
2026-02-19 10:00:00,1.0002,1.0002,1.0001,1.0002,1722166.0,2026-02-19 10:59:59.999,1722501.95790000,209,1637413.00000000,1637740.48260000,0
2026-02-19 11:00:00,1.0002,1.0003,1.0001,1.0002,483833.0,2026-02-19 11:59:59.999,483927.26670000,138,395582.00000000,395661.28470000,0
2026-02-19 12:00:00,1.0003,1.0003,1.0001,1.0001,2714409.0,2026-02-19 12:59:59.999,2714840.82880000,249,1079245.00000000,1079468.08380000,0
2026-02-19 13:00:00,1.0002,1.0003,1.0001,1.0002,2283815.0,2026-02-19 13:59:59.999,2284067.46900000,390,564430.00000000,564507.88290000,0
2026-02-19 14:00:00,1.0002,1.0002,1.0001,1.0001,747020.0,2026-02-19 14:59:59.999,747132.86220000,417,381602.00000000,381678.32040000,0
2026-02-19 15:00:00,1.0002,1.0002,1.0,1.0002,2049843.0,2026-02-19 15:59:59.999,2050098.70450000,413,1641375.00000000,1641611.59960000,0
2026-02-19 16:00:00,1.0002,1.0003,1.0001,1.0002,1655794.0,2026-02-19 16:59:59.999,1656114.16770000,302,1504913.00000000,1505215.86020000,0
2026-02-19 17:00:00,1.0003,1.0003,1.0002,1.0002,201586.0,2026-02-19 17:59:59.999,201633.43610000,192,71189.00000000,71210.35670000,0
2026-02-19 18:00:00,1.0003,1.0003,1.0002,1.0002,209002.0,2026-02-19 18:59:59.999,209054.70490000,135,109045.00000000,109077.71350000,0
2026-02-19 19:00:00,1.0002,1.0003,1.0,1.0001,2042662.0,2026-02-19 19:59:59.999,2042726.58000000,213,78460.00000000,78462.23430000,0
2026-02-19 20:00:00,1.0002,1.0002,1.0001,1.0002,18254.0,2026-02-19 20:59:59.999,18257.08600000,68,12606.00000000,12608.52120000,0
2026-02-19 21:00:00,1.0002,1.0002,1.0001,1.0001,2291.0,2026-02-19 21:59:59.999,2291.37310000,23,1440.00000000,1440.28800000,0
2026-02-19 22:00:00,1.0001,1.0004,1.0001,1.0004,505559.0,2026-02-19 22:59:59.999,505657.14310000,311,372764.00000000,372848.20930000,0
2026-02-19 23:00:00,1.0004,1.0004,1.0002,1.0003,904839.0,2026-02-19 23:59:59.999,905110.90360000,133,218168.00000000,218233.90500000,0
2026-02-20 00:00:00,1.0003,1.0004,1.0003,1.0003,238709.0,2026-02-20 00:59:59.999,238783.53260000,66,29199.00000000,29210.67960000,0
2026-02-20 01:00:00,1.0003,1.0004,1.0002,1.0002,1236260.0,2026-02-20 01:59:59.999,1236630.52030000,121,757860.00000000,758089.43770000,0
2026-02-20 02:00:00,1.0003,1.0004,1.0002,1.0003,1185751.0,2026-02-20 02:59:59.999,1186069.55570000,172,566538.00000000,566698.49330000,0
2026-02-20 03:00:00,1.0003,1.0004,1.0002,1.0004,580758.0,2026-02-20 03:59:59.999,580930.74990000,302,535078.00000000,535238.57350000,0
2026-02-20 04:00:00,1.0003,1.0004,1.0002,1.0002,462553.0,2026-02-20 04:59:59.999,462676.69010000,228,11381.00000000,11385.48520000,0
2026-02-20 05:00:00,1.0002,1.0003,1.0002,1.0003,413926.0,2026-02-20 05:59:59.999,414019.86170000,151,113431.00000000,113464.76270000,0
2026-02-20 06:00:00,1.0002,1.0003,1.0002,1.0002,311281.0,2026-02-20 06:59:59.999,311355.34030000,98,120841.00000000,120877.25230000,0
2026-02-20 07:00:00,1.0002,1.0003,1.0002,1.0003,70252.0,2026-02-20 07:59:59.999,70269.72080000,97,36704.00000000,36715.01120000,0
2026-02-20 08:00:00,1.0003,1.0003,1.0001,1.0002,557968.0,2026-02-20 08:59:59.999,558070.29310000,104,4797.00000000,4798.30580000,0
2026-02-20 09:00:00,1.0002,1.0003,1.0002,1.0003,834799.0,2026-02-20 09:59:59.999,835022.13620000,182,561764.00000000,561932.52920000,0
2026-02-20 10:00:00,1.0002,1.0004,1.0002,1.0002,829864.0,2026-02-20 10:59:59.999,830089.49250000,140,551098.00000000,551263.72330000,0
2026-02-20 11:00:00,1.0002,1.0004,1.0002,1.0004,404204.0,2026-02-20 11:59:59.999,404325.81550000,115,338423.00000000,338525.70430000,0
2026-02-20 12:00:00,1.0004,1.0004,1.0003,1.0004,298570.0,2026-02-20 12:59:59.999,298662.85330000,167,32823.00000000,32836.12920000,0
2026-02-20 13:00:00,1.0004,1.0004,1.0002,1.0004,347441.0,2026-02-20 13:59:59.999,347549.11540000,445,66419.00000000,66445.53440000,0
2026-02-20 14:00:00,1.0004,1.0004,1.0002,1.0002,469941.0,2026-02-20 14:59:59.999,470066.55950000,312,315566.00000000,315660.68450000,0
2026-02-20 15:00:00,1.0003,1.0003,1.0001,1.0002,1226711.0,2026-02-20 15:59:59.999,1226960.60380000,911,576104.00000000,576254.26570000,0
2026-02-20 16:00:00,1.0001,1.0002,1.0001,1.0002,254525.0,2026-02-20 16:59:59.999,254557.07220000,247,66197.00000000,66210.23940000,0
2026-02-20 17:00:00,1.0002,1.0003,1.0001,1.0003,425510.0,2026-02-20 17:59:59.999,425594.26080000,263,227612.00000000,227676.38580000,0
2026-02-20 18:00:00,1.0003,1.0003,1.0,1.0002,395918.0,2026-02-20 18:59:59.999,395992.91500000,496,212249.00000000,212306.47630000,0
2026-02-20 19:00:00,1.0002,1.0002,1.0001,1.0002,68126.0,2026-02-20 19:59:59.999,68136.14810000,104,32898.00000000,32904.57960000,0
2026-02-20 20:00:00,1.0001,1.0003,1.0001,1.0002,34453.0,2026-02-20 20:59:59.999,34459.16730000,72,26783.00000000,26788.38130000,0
2026-02-20 21:00:00,1.0002,1.0002,1.0001,1.0002,74018.0,2026-02-20 21:59:59.999,74032.67850000,39,72767.00000000,72781.55340000,0
2026-02-20 22:00:00,1.0001,1.0002,1.0001,1.0002,55404.0,2026-02-20 22:59:59.999,55412.56300000,97,30226.00000000,30232.04520000,0
2026-02-20 23:00:00,1.0002,1.0003,1.0001,1.0003,85993.0,2026-02-20 23:59:59.999,86006.01210000,77,41576.00000000,41584.31710000,0
2026-02-21 00:00:00,1.0003,1.0003,1.0001,1.0002,644192.0,2026-02-21 00:59:59.999,644321.49680000,169,304663.00000000,304724.63670000,0
2026-02-21 01:00:00,1.0002,1.0004,1.0002,1.0002,357685.0,2026-02-21 01:59:59.999,357784.08340000,124,300790.00000000,300877.70440000,0
2026-02-21 02:00:00,1.0002,1.0003,1.0002,1.0003,30152.0,2026-02-21 02:59:59.999,30160.46870000,112,24383.00000000,24390.31490000,0
2026-02-21 03:00:00,1.0003,1.0003,1.0002,1.0002,423159.0,2026-02-21 03:59:59.999,423249.86340000,156,38647.00000000,38658.59410000,0
2026-02-21 04:00:00,1.0002,1.0003,1.0002,1.0002,422957.0,2026-02-21 04:59:59.999,423041.67010000,32,787.00000000,787.23610000,0
2026-02-21 05:00:00,1.0003,1.0003,1.0002,1.0002,306381.0,2026-02-21 05:59:59.999,306442.36630000,57,901.00000000,901.27030000,0
2026-02-21 06:00:00,1.0002,1.0003,1.0002,1.0002,9730.0,2026-02-21 06:59:59.999,9732.41070000,84,4647.00000000,4648.39410000,0
2026-02-21 07:00:00,1.0003,1.0003,1.0,1.0002,685853.0,2026-02-21 07:59:59.999,685945.60830000,79,70968.00000000,70982.43650000,0
2026-02-21 08:00:00,1.0003,1.0003,1.0002,1.0002,212898.0,2026-02-21 08:59:59.999,212953.01030000,159,124307.00000000,124344.29210000,0
2026-02-21 09:00:00,1.0003,1.0003,1.0002,1.0003,56275.0,2026-02-21 09:59:59.999,56289.02100000,112,27660.00000000,27668.29800000,0
2026-02-21 10:00:00,1.0002,1.0003,1.0002,1.0002,6153.0,2026-02-21 10:59:59.999,6154.31330000,88,827.00000000,827.24810000,0
2026-02-21 11:00:00,1.0003,1.0003,1.0002,1.0002,25597.0,2026-02-21 11:59:59.999,25602.52730000,42,4079.00000000,4080.22370000,0
2026-02-21 12:00:00,1.0002,1.0003,1.0002,1.0003,57007.0,2026-02-21 12:59:59.999,57020.85950000,79,24581.00000000,24588.37430000,0
2026-02-21 13:00:00,1.0002,1.0003,1.0002,1.0003,38672.0,2026-02-21 13:59:59.999,38680.91150000,132,11771.00000000,11774.53130000,0
2026-02-21 14:00:00,1.0003,1.0003,1.0002,1.0002,49289.0,2026-02-21 14:59:59.999,49302.64770000,166,37899.00000000,37910.36970000,0
2026-02-21 15:00:00,1.0002,1.0003,1.0002,1.0002,230952.0,2026-02-21 15:59:59.999,231004.69740000,230,65070.00000000,65089.52100000,0
2026-02-21 16:00:00,1.0003,1.0003,1.0,1.0002,2451857.0,2026-02-21 16:59:59.999,2452297.77370000,381,705542.00000000,705676.27310000,0
2026-02-21 17:00:00,1.0002,1.0003,1.0002,1.0002,62414.0,2026-02-21 17:59:59.999,62431.51090000,107,50281.00000000,50296.08430000,0
2026-02-21 18:00:00,1.0002,1.0003,1.0001,1.0002,466769.0,2026-02-21 18:59:59.999,466857.87120000,90,275052.00000000,275107.12730000,0
2026-02-21 19:00:00,1.0003,1.0003,1.0002,1.0002,8848.0,2026-02-21 19:59:59.999,8850.01140000,140,2418.00000000,2418.72540000,0
2026-02-21 20:00:00,1.0002,1.0003,1.0002,1.0002,82510.0,2026-02-21 20:59:59.999,82528.72500000,171,22230.00000000,22236.66900000,0
2026-02-21 21:00:00,1.0003,1.0003,1.0002,1.0002,8803.0,2026-02-21 21:59:59.999,8805.02150000,126,2609.00000000,2609.78270000,0
2026-02-21 22:00:00,1.0002,1.0003,1.0002,1.0002,14587.0,2026-02-21 22:59:59.999,14590.06930000,119,1519.00000000,1519.45570000,0
2026-02-21 23:00:00,1.0003,1.0003,1.0001,1.0003,20599.0,2026-02-21 23:59:59.999,20603.23950000,150,7658.00000000,7659.66340000,0
2026-02-22 00:00:00,1.0002,1.0003,1.0001,1.0003,75329.0,2026-02-22 00:59:59.999,75343.75530000,71,3780.00000000,3780.86010000,0
2026-02-22 01:00:00,1.0002,1.0003,1.0002,1.0002,4418.0,2026-02-22 01:59:59.999,4419.14400000,76,2604.00000000,2604.78120000,0
2026-02-22 02:00:00,1.0002,1.0003,1.0002,1.0002,380962.0,2026-02-22 02:59:59.999,381038.56880000,76,3764.00000000,3765.12920000,0
2026-02-22 03:00:00,1.0002,1.0003,1.0002,1.0003,36105.0,2026-02-22 03:59:59.999,36113.39900000,58,11780.00000000,11783.53400000,0
2026-02-22 04:00:00,1.0002,1.0003,1.0002,1.0002,196448.0,2026-02-22 04:59:59.999,196494.10460000,44,68150.00000000,68170.44500000,0
2026-02-22 05:00:00,1.0003,1.0004,1.0002,1.0003,272486.0,2026-02-22 05:59:59.999,272556.12790000,71,130517.00000000,130558.46830000,0
2026-02-22 06:00:00,1.0003,1.0003,1.0002,1.0002,345418.0,2026-02-22 06:59:59.999,345488.44180000,73,13582.00000000,13586.07460000,0
2026-02-22 07:00:00,1.0002,1.0003,1.0002,1.0002,382197.0,2026-02-22 07:59:59.999,382290.83090000,111,173915.00000000,173967.17450000,0
2026-02-22 08:00:00,1.0003,1.0003,1.0002,1.0003,246060.0,2026-02-22 08:59:59.999,246133.53530000,72,243233.00000000,243305.96990000,0
2026-02-22 09:00:00,1.0003,1.0003,1.0002,1.0002,298572.0,2026-02-22 09:59:59.999,298658.17450000,135,264601.00000000,264680.38030000,0
2026-02-22 10:00:00,1.0002,1.0003,1.0002,1.0002,387834.0,2026-02-22 10:59:59.999,387940.23630000,43,286695.00000000,286781.00850000,0
2026-02-22 11:00:00,1.0003,1.0003,1.0002,1.0003,483990.0,2026-02-22 11:59:59.999,484114.11190000,44,273139.00000000,273220.94170000,0
2026-02-22 12:00:00,1.0002,1.0003,1.0002,1.0002,459070.0,2026-02-22 12:59:59.999,459176.64050000,154,148265.00000000,148309.47950000,0
2026-02-22 13:00:00,1.0003,1.0003,1.0002,1.0003,64092.0,2026-02-22 13:59:59.999,64108.05060000,209,32322.00000000,32331.69660000,0
2026-02-22 14:00:00,1.0002,1.0003,1.0001,1.0002,1477428.0,2026-02-22 14:59:59.999,1477834.27560000,226,1075356.00000000,1075675.67190000,0
2026-02-22 15:00:00,1.0002,1.0003,1.0002,1.0002,453474.0,2026-02-22 15:59:59.999,453577.16780000,160,124730.00000000,124767.41900000,0
2026-02-22 16:00:00,1.0003,1.0003,1.0002,1.0003,392927.0,2026-02-22 16:59:59.999,393023.37050000,189,177851.00000000,177904.35530000,0
2026-02-22 17:00:00,1.0002,1.0004,1.0002,1.0002,333358.0,2026-02-22 17:59:59.999,333456.67400000,368,160931.00000000,160979.30710000,0
2026-02-22 18:00:00,1.0003,1.0003,1.0002,1.0002,99664.0,2026-02-22 18:59:59.999,99692.52260000,93,85898.00000000,85923.76940000,0
2026-02-22 19:00:00,1.0003,1.0004,1.0002,1.0003,114925.0,2026-02-22 19:59:59.999,114949.05110000,80,10391.00000000,10394.14430000,0
2026-02-22 20:00:00,1.0003,1.0004,1.0002,1.0003,53350.0,2026-02-22 20:59:59.999,53367.23130000,85,32697.00000000,32709.97060000,0
2026-02-22 21:00:00,1.0002,1.0004,1.0002,1.0003,13150.0,2026-02-22 21:59:59.999,13152.90440000,55,1146.00000000,1146.44200000,0
2026-02-22 22:00:00,1.0003,1.0004,1.0003,1.0003,53840.0,2026-02-22 22:59:59.999,53861.11110000,136,49591.00000000,49610.83640000,0
2026-02-22 23:00:00,1.0004,1.0004,1.0002,1.0002,665481.0,2026-02-22 23:59:59.999,665619.29290000,159,6429.00000000,6431.01680000,0
2026-02-23 00:00:00,1.0002,1.0003,1.0002,1.0002,110590.0,2026-02-23 00:59:59.999,110617.09190000,221,49739.00000000,49753.92170000,0
2026-02-23 01:00:00,1.0003,1.0003,1.0,1.0001,1743773.0,2026-02-23 01:59:59.999,1744166.00200000,2211,877520.00000000,877759.26020000,0
2026-02-23 02:00:00,1.0001,1.0003,1.0001,1.0003,320008.0,2026-02-23 02:59:59.999,320076.44300000,228,250608.00000000,250668.91680000,0
2026-02-23 03:00:00,1.0002,1.0003,1.0,1.0002,991452.0,2026-02-23 03:59:59.999,991552.87600000,262,117057.00000000,117087.02180000,0
2026-02-23 04:00:00,1.0002,1.0003,1.0001,1.0003,350982.0,2026-02-23 04:59:59.999,351049.32020000,99,320561.00000000,320625.27810000,0
2026-02-23 05:00:00,1.0003,1.0003,1.0002,1.0003,1810501.0,2026-02-23 05:59:59.999,1811043.20570000,167,1801055.00000000,1801595.31650000,0
2026-02-23 06:00:00,1.0003,1.0003,1.0001,1.0002,1344610.0,2026-02-23 06:59:59.999,1344898.48100000,309,1216889.00000000,1217152.22080000,0
2026-02-23 07:00:00,1.0001,1.0003,1.0001,1.0002,445561.0,2026-02-23 07:59:59.999,445643.62170000,541,357741.00000000,357814.44750000,0
2026-02-23 08:00:00,1.0002,1.0003,1.0,1.0,2126158.0,2026-02-23 08:59:59.999,2126383.50720000,290,1401639.00000000,1401795.18260000,0
2026-02-23 09:00:00,1.0001,1.0001,1.0,1.0,349109.0,2026-02-23 09:59:59.999,349132.89810000,273,238981.00000000,239004.89810000,0
2026-02-23 10:00:00,1.0001,1.0001,1.0,1.0001,246547.0,2026-02-23 10:59:59.999,246563.71570000,191,109373.00000000,109383.93730000,0
2026-02-23 11:00:00,1.0,1.0002,1.0,1.0001,204781.0,2026-02-23 11:59:59.999,204795.54660000,176,87317.00000000,87326.31570000,0
2026-02-23 12:00:00,1.0001,1.0001,1.0,1.0001,558525.0,2026-02-23 12:59:59.999,558564.85350000,215,398535.00000000,398574.85350000,0
2026-02-23 13:00:00,1.0,1.0001,0.9997,0.9999,11000686.0,2026-02-23 13:59:59.999,10998346.16230000,2001,1602206.00000000,1602076.74570000,0
2026-02-23 14:00:00,0.9999,1.0002,0.9998,1.0001,2437174.0,2026-02-23 14:59:59.999,2437012.24620000,585,584556.00000000,584585.99210000,0
2026-02-23 15:00:00,1.0001,1.0002,1.0,1.0,3047386.0,2026-02-23 15:59:59.999,3047720.46400000,461,2300861.00000000,2301123.52690000,0
2026-02-23 16:00:00,1.0,1.0002,0.9999,1.0,2364320.0,2026-02-23 16:59:59.999,2364427.97840000,368,1611877.00000000,1611983.21460000,0
2026-02-23 17:00:00,1.0001,1.0001,1.0,1.0001,249314.0,2026-02-23 17:59:59.999,249331.67070000,677,176707.00000000,176724.67070000,0
2026-02-23 18:00:00,1.0001,1.0001,0.9999,1.0,406635.0,2026-02-23 18:59:59.999,406643.67180000,114,90667.00000000,90675.68360000,0
2026-02-23 19:00:00,1.0,1.0001,1.0,1.0,46018.0,2026-02-23 19:59:59.999,46018.21020000,146,2102.00000000,2102.21020000,0
2026-02-23 20:00:00,1.0001,1.0002,1.0,1.0002,247703.0,2026-02-23 20:59:59.999,247727.17110000,122,187641.00000000,187660.95580000,0
2026-02-23 21:00:00,1.0002,1.0002,1.0,1.0,102062.0,2026-02-23 21:59:59.999,102080.98100000,125,94458.00000000,94476.72660000,0
2026-02-23 22:00:00,1.0,1.0002,1.0,1.0002,117340.0,2026-02-23 22:59:59.999,117359.06410000,65,74559.00000000,74573.79720000,0
2026-02-23 23:00:00,1.0001,1.0003,1.0001,1.0001,218617.0,2026-02-23 23:59:59.999,218651.46840000,197,50544.00000000,50554.10970000,0
2026-02-24 00:00:00,1.0002,1.0003,1.0001,1.0002,603131.0,2026-02-24 00:59:59.999,603249.95280000,179,131486.00000000,131512.75040000,0
2026-02-24 01:00:00,1.0003,1.0004,1.0001,1.0002,1492803.0,2026-02-24 01:59:59.999,1493166.30100000,583,637694.00000000,637887.14360000,0
2026-02-24 02:00:00,1.0002,1.0003,1.0002,1.0003,392997.0,2026-02-24 02:59:59.999,393090.75080000,109,150850.00000000,150895.25500000,0
2026-02-24 03:00:00,1.0002,1.0003,1.0002,1.0002,434902.0,2026-02-24 03:59:59.999,435001.45300000,363,124726.00000000,124763.41780000,0
2026-02-24 04:00:00,1.0003,1.0003,1.0002,1.0003,79771.0,2026-02-24 04:59:59.999,79791.37890000,166,44247.00000000,44260.27410000,0
2026-02-24 05:00:00,1.0002,1.0003,1.0002,1.0002,341199.0,2026-02-24 05:59:59.999,341275.70650000,111,84667.00000000,84692.40010000,0
2026-02-24 06:00:00,1.0003,1.0003,1.0002,1.0002,118221.0,2026-02-24 06:59:59.999,118252.71290000,420,80687.00000000,80711.20610000,0
2026-02-24 07:00:00,1.0002,1.0003,1.0002,1.0002,253198.0,2026-02-24 07:59:59.999,253272.94820000,159,243086.00000000,243158.92580000,0
2026-02-24 08:00:00,1.0003,1.0003,1.0002,1.0002,88381.0,2026-02-24 08:59:59.999,88407.17810000,97,85019.00000000,85044.50570000,0
2026-02-24 09:00:00,1.0002,1.0003,1.0,1.0001,1355382.0,2026-02-24 09:59:59.999,1355572.97170000,265,174745.00000000,174766.89510000,0
2026-02-24 10:00:00,1.0001,1.0002,1.0,1.0002,436334.0,2026-02-24 10:59:59.999,436378.48810000,99,248493.00000000,248519.54800000,0
2026-02-24 11:00:00,1.0002,1.0002,1.0001,1.0001,45944.0,2026-02-24 11:59:59.999,45952.86110000,50,42667.00000000,42675.53340000,0
2026-02-24 12:00:00,1.0002,1.0002,1.0001,1.0001,44027.0,2026-02-24 12:59:59.999,44031.54270000,89,1400.00000000,1400.28000000,0
2026-02-24 13:00:00,1.0002,1.0002,1.0001,1.0002,398158.0,2026-02-24 13:59:59.999,398227.82990000,205,300141.00000000,300201.02820000,0
2026-02-24 14:00:00,1.0002,1.0002,1.0,1.0001,2145719.0,2026-02-24 14:59:59.999,2146059.31900000,374,1420836.00000000,1421116.17450000,0
2026-02-24 15:00:00,1.0001,1.0001,1.0,1.0,3263525.0,2026-02-24 15:59:59.999,3263842.84060000,258,1006335.00000000,1006435.63350000,0
2026-02-24 16:00:00,1.0001,1.0001,1.0,1.0001,157355.0,2026-02-24 16:59:59.999,157362.95480000,231,79548.00000000,79555.95480000,0
2026-02-24 17:00:00,1.0,1.0001,1.0,1.0,573341.0,2026-02-24 17:59:59.999,573341.49440000,161,118694.00000000,118694.49440000,0
2026-02-24 18:00:00,1.0,1.0001,0.9999,1.0,1301734.0,2026-02-24 18:59:59.999,1301733.45980000,104,1257173.00000000,1257173.00400000,0
2026-02-24 19:00:00,1.0,1.0001,0.9999,0.9999,525186.0,2026-02-24 19:59:59.999,525184.23790000,149,204095.00000000,204115.29710000,0
2026-02-24 20:00:00,0.9999,1.0,0.9999,1.0,575903.0,2026-02-24 20:59:59.999,575851.98640000,170,65767.00000000,65767.00000000,0
2026-02-24 21:00:00,0.9999,1.0,0.9999,0.9999,312726.0,2026-02-24 21:59:59.999,312724.82500000,97,300976.00000000,300976.00000000,0
2026-02-24 22:00:00,0.9999,1.0,0.9999,1.0,208408.0,2026-02-24 22:59:59.999,208396.41700000,155,92578.00000000,92578.00000000,0
2026-02-24 23:00:00,0.9999,1.0,0.9999,0.9999,77243.0,2026-02-24 23:59:59.999,77237.06370000,399,17880.00000000,17880.00000000,0
2026-02-25 00:00:00,1.0,1.0,0.9999,1.0,2153973.0,2026-02-25 00:59:59.999,2153970.50810000,116,423454.00000000,423454.00000000,0
2026-02-25 01:00:00,1.0,1.0,0.9999,0.9999,577607.0,2026-02-25 01:59:59.999,577573.85300000,442,246137.00000000,246137.00000000,0
2026-02-25 02:00:00,1.0,1.0001,0.9999,1.0,189072.0,2026-02-25 02:59:59.999,189070.94190000,157,152782.00000000,152782.74900000,0
2026-02-25 03:00:00,1.0,1.0001,1.0,1.0,48127.0,2026-02-25 03:59:59.999,48127.42140000,267,4214.00000000,4214.42140000,0
2026-02-25 04:00:00,1.0,1.0001,1.0,1.0,169111.0,2026-02-25 04:59:59.999,169116.82610000,108,58261.00000000,58266.82610000,0
2026-02-25 05:00:00,1.0001,1.0001,0.9999,1.0,602198.0,2026-02-25 05:59:59.999,602231.02060000,299,524914.00000000,524947.21180000,0
2026-02-25 06:00:00,1.0001,1.0001,1.0,1.0001,69764.0,2026-02-25 06:59:59.999,69769.15090000,53,51509.00000000,51514.15090000,0
2026-02-25 07:00:00,1.0,1.0001,0.9999,1.0,300842.0,2026-02-25 07:59:59.999,300839.24600000,116,49884.00000000,49884.57680000,0
2026-02-25 08:00:00,1.0,1.0001,1.0,1.0,81424.0,2026-02-25 08:59:59.999,81429.60480000,98,56048.00000000,56053.60480000,0
2026-02-25 09:00:00,1.0,1.0001,1.0,1.0,76993.0,2026-02-25 09:59:59.999,76993.40680000,70,4068.00000000,4068.40680000,0
2026-02-25 10:00:00,1.0001,1.0001,1.0,1.0,43360.0,2026-02-25 10:59:59.999,43363.84150000,42,38415.00000000,38418.84150000,0
2026-02-25 11:00:00,1.0001,1.0001,1.0,1.0001,162254.0,2026-02-25 11:59:59.999,162265.73170000,121,117317.00000000,117328.73170000,0
2026-02-25 12:00:00,1.0,1.0001,0.9999,1.0,836898.0,2026-02-25 12:59:59.999,836931.96320000,136,353756.00000000,353790.03510000,0
2026-02-25 13:00:00,1.0,1.0,0.9999,1.0,90991.0,2026-02-25 13:59:59.999,90987.04310000,142,51422.00000000,51422.00000000,0
2026-02-25 14:00:00,1.0,1.0,0.9999,0.9999,208643.0,2026-02-25 14:59:59.999,208639.04750000,221,169118.00000000,169118.00000000,0
2026-02-25 15:00:00,0.9999,1.0,0.9997,0.9999,2274558.0,2026-02-25 15:59:59.999,2274072.45440000,311,549689.00000000,549594.91980000,0
2026-02-25 16:00:00,1.0,1.0,0.9999,1.0,512373.0,2026-02-25 16:59:59.999,512359.05990000,181,372972.00000000,372972.00000000,0
2026-02-25 17:00:00,0.9999,1.0,0.9997,0.9999,411143.0,2026-02-25 17:59:59.999,411102.63430000,384,173391.00000000,173380.87400000,0
2026-02-25 18:00:00,0.9999,0.9999,0.9997,0.9997,165356.0,2026-02-25 18:59:59.999,165326.74980000,277,98197.00000000,98181.61260000,0
2026-02-25 19:00:00,0.9999,0.9999,0.9997,0.9999,197140.0,2026-02-25 19:59:59.999,197109.56920000,285,99590.00000000,99579.57490000,0
2026-02-25 20:00:00,0.9997,1.0,0.9997,0.9998,85377.0,2026-02-25 20:59:59.999,85368.34710000,210,66162.00000000,66157.55170000,0
2026-02-25 21:00:00,0.9999,1.0,0.9998,0.9998,230261.0,2026-02-25 21:59:59.999,230233.07360000,519,111054.00000000,111044.96040000,0
2026-02-25 22:00:00,0.9998,0.9999,0.9998,0.9998,90652.0,2026-02-25 22:59:59.999,90635.96020000,453,20906.00000000,20903.90940000,0
2026-02-25 23:00:00,0.9998,0.9999,0.9998,0.9998,134957.0,2026-02-25 23:59:59.999,134932.51470000,352,25061.00000000,25058.49390000,0
2026-02-26 00:00:00,0.9999,0.9999,0.9998,0.9999,121345.0,2026-02-26 00:59:59.999,121322.26850000,301,15375.00000000,15373.46250000,0
2026-02-26 01:00:00,0.9999,0.9999,0.9998,0.9999,126294.0,2026-02-26 01:59:59.999,126269.38060000,164,6394.00000000,6393.36060000,0
2026-02-26 02:00:00,0.9998,1.0,0.9998,0.9999,429860.0,2026-02-26 02:59:59.999,429798.72770000,298,230154.00000000,230132.66890000,0
2026-02-26 03:00:00,0.9999,0.9999,0.9998,0.9998,212068.0,2026-02-26 03:59:59.999,212043.70490000,67,181185.00000000,181166.88150000,0
2026-02-26 04:00:00,0.9999,1.0,0.9998,0.9999,252024.0,2026-02-26 04:59:59.999,252000.26830000,85,75272.00000000,75266.06160000,0
2026-02-26 05:00:00,1.0,1.0,0.9999,0.9999,121961.0,2026-02-26 05:59:59.999,121950.55430000,121,17504.00000000,17504.00000000,0
2026-02-26 06:00:00,0.9999,1.0,0.9998,0.9999,184545.0,2026-02-26 06:59:59.999,184530.72220000,139,65362.00000000,65359.73420000,0
2026-02-26 07:00:00,0.9999,1.0,0.9998,0.9999,307355.0,2026-02-26 07:59:59.999,307324.33570000,81,172957.00000000,172939.83480000,0
2026-02-26 08:00:00,1.0,1.0,0.9997,0.9998,450770.0,2026-02-26 08:59:59.999,450711.06300000,163,177128.00000000,177121.33310000,0
2026-02-26 09:00:00,0.9998,1.0,0.9998,0.9999,659568.0,2026-02-26 09:59:59.999,659498.53090000,162,347492.00000000,347459.83990000,0
2026-02-26 10:00:00,0.9999,1.0,0.9998,1.0,705186.0,2026-02-26 10:59:59.999,705117.92920000,216,493867.00000000,493838.40510000,0
2026-02-26 11:00:00,0.9999,1.0,0.9997,0.9998,855411.0,2026-02-26 11:59:59.999,855313.54470000,197,232048.00000000,232047.52680000,0
2026-02-26 12:00:00,0.9998,1.0,0.9998,1.0,267027.0,2026-02-26 12:59:59.999,267002.32130000,128,63885.00000000,63880.64060000,0
2026-02-26 13:00:00,0.9999,1.0,0.9999,0.9999,79319.0,2026-02-26 13:59:59.999,79313.27300000,92,22049.00000000,22049.00000000,0
2026-02-26 14:00:00,1.0,1.0,0.9998,0.9999,287407.0,2026-02-26 14:59:59.999,287399.38730000,258,211612.00000000,211611.98250000,0
2026-02-26 15:00:00,0.9999,1.0,0.9998,0.9999,146992.0,2026-02-26 15:59:59.999,146978.70230000,327,77784.00000000,77778.57430000,0
2026-02-26 16:00:00,0.9999,1.0,0.9998,0.9999,224311.0,2026-02-26 16:59:59.999,224289.04710000,343,56282.00000000,56277.61060000,0
2026-02-26 17:00:00,0.9999,1.0,0.9999,0.9999,135550.0,2026-02-26 17:59:59.999,135536.82040000,103,3754.00000000,3754.00000000,0
2026-02-26 18:00:00,1.0,1.0,0.9998,0.9998,2206716.0,2026-02-26 18:59:59.999,2206691.31030000,138,2036250.00000000,2036242.68100000,0
2026-02-26 19:00:00,0.9998,1.0,0.9998,1.0,76553.0,2026-02-26 19:59:59.999,76547.03310000,116,19089.00000000,19088.87850000,0
2026-02-26 20:00:00,0.9999,1.0,0.9999,1.0,28193.0,2026-02-26 20:59:59.999,28191.97590000,86,17952.00000000,17952.00000000,0
2026-02-26 21:00:00,1.0,1.0,0.9999,0.9999,28329.0,2026-02-26 21:59:59.999,28327.87030000,75,17032.00000000,17032.00000000,0
2026-02-26 22:00:00,0.9999,1.0,0.9999,1.0,150065.0,2026-02-26 22:59:59.999,150054.15770000,106,41642.00000000,41642.00000000,0
2026-02-26 23:00:00,0.9999,1.0,0.9997,0.9999,2880654.0,2026-02-26 23:59:59.999,2879902.11410000,187,711669.00000000,711480.99990000,0
2026-02-27 00:00:00,0.9999,1.0,0.9999,0.9999,1516673.0,2026-02-27 00:59:59.999,1516667.17980000,145,1458471.00000000,1458471.00000000,0
2026-02-27 01:00:00,1.0,1.0,0.9999,0.9999,199677.0,2026-02-27 01:59:59.999,199657.53380000,189,5015.00000000,5015.00000000,0
2026-02-27 02:00:00,1.0,1.0,0.9999,0.9999,1112920.0,2026-02-27 02:59:59.999,1112889.62630000,155,809183.00000000,809183.00000000,0
2026-02-27 03:00:00,0.9999,1.0,0.9999,0.9999,101266.0,2026-02-27 03:59:59.999,101263.63730000,86,77639.00000000,77639.00000000,0
2026-02-27 04:00:00,1.0,1.0,0.9999,0.9999,248406.0,2026-02-27 04:59:59.999,248398.44480000,124,172854.00000000,172854.00000000,0
2026-02-27 05:00:00,0.9999,1.0,0.9999,0.9999,36810.0,2026-02-27 05:59:59.999,36807.10620000,66,7872.00000000,7872.00000000,0
2026-02-27 06:00:00,0.9999,1.0,0.9999,1.0,752799.0,2026-02-27 06:59:59.999,752795.17690000,145,714568.00000000,714568.00000000,0
2026-02-27 07:00:00,0.9999,1.0,0.9999,0.9999,395185.0,2026-02-27 07:59:59.999,395147.00750000,132,15260.00000000,15260.00000000,0
2026-02-27 08:00:00,0.9999,1.0,0.9999,0.9999,49189.0,2026-02-27 08:59:59.999,49186.51000000,135,24289.00000000,24289.00000000,0
2026-02-27 09:00:00,0.9999,1.0,0.9999,0.9999,41069.0,2026-02-27 09:59:59.999,41066.91260000,216,20195.00000000,20195.00000000,0
2026-02-27 10:00:00,1.0,1.0,0.9998,1.0,486637.0,2026-02-27 10:59:59.999,486595.10130000,364,266749.00000000,266730.48110000,0
2026-02-27 11:00:00,1.0,1.0,0.9999,0.9999,112678.0,2026-02-27 11:59:59.999,112671.19070000,218,44585.00000000,44585.00000000,0
2026-02-27 12:00:00,1.0,1.0,0.9999,0.9999,251244.0,2026-02-27 12:59:59.999,251227.02750000,194,81519.00000000,81519.00000000,0
2026-02-27 13:00:00,1.0,1.0,0.9999,0.9999,120279.0,2026-02-27 13:59:59.999,120273.75610000,280,67840.00000000,67840.00000000,0
2026-02-27 14:00:00,0.9999,1.0,0.9998,1.0,276923.0,2026-02-27 14:59:59.999,276909.12990000,199,141772.00000000,141771.98360000,0
2026-02-27 15:00:00,0.9998,1.0,0.9998,0.9998,250775.0,2026-02-27 15:59:59.999,250752.55300000,250,117436.00000000,117428.40560000,0
2026-02-27 16:00:00,0.9999,1.0,0.9998,1.0,292075.0,2026-02-27 16:59:59.999,292042.46300000,357,94109.00000000,94101.75180000,0
2026-02-27 17:00:00,0.9999,1.0,0.9999,0.9999,61809.0,2026-02-27 17:59:59.999,61807.13980000,88,43207.00000000,43207.00000000,0
2026-02-27 18:00:00,0.9999,1.0,0.9999,0.9999,17459.0,2026-02-27 18:59:59.999,17458.35110000,90,10970.00000000,10970.00000000,0
2026-02-27 19:00:00,0.9999,1.0,0.9999,1.0,16942.0,2026-02-27 19:59:59.999,16941.52160000,73,12158.00000000,12158.00000000,0
2026-02-27 20:00:00,1.0,1.0,0.9999,1.0,5999.0,2026-02-27 20:59:59.999,5998.77120000,82,3711.00000000,3711.00000000,0
2026-02-27 21:00:00,0.9999,1.0,0.9999,1.0,286717.0,2026-02-27 21:59:59.999,286716.63500000,67,283067.00000000,283067.00000000,0
2026-02-27 22:00:00,1.0,1.0001,0.9999,1.0,180296.0,2026-02-27 22:59:59.999,180295.31660000,313,130850.00000000,130850.38200000,0
2026-02-27 23:00:00,1.0001,1.0001,0.9999,1.0,158174.0,2026-02-27 23:59:59.999,158174.28630000,38,20324.00000000,20324.28980000,0
2026-02-28 00:00:00,1.0,1.0001,0.9999,1.0,360723.0,2026-02-28 00:59:59.999,360722.65300000,115,176765.00000000,176765.16250000,0
2026-02-28 01:00:00,1.0,1.0001,0.9999,1.0,106001.0,2026-02-28 01:59:59.999,106007.78450000,74,81045.00000000,81051.87140000,0
2026-02-28 02:00:00,1.0,1.0001,1.0,1.0001,17418.0,2026-02-28 02:59:59.999,17418.84210000,38,8421.00000000,8421.84210000,0
2026-02-28 03:00:00,1.0,1.0001,1.0,1.0,205581.0,2026-02-28 03:59:59.999,205583.49480000,189,24948.00000000,24950.49480000,0
2026-02-28 04:00:00,1.0,1.0001,1.0,1.0,336808.0,2026-02-28 04:59:59.999,336808.08110000,109,811.00000000,811.08110000,0
2026-02-28 05:00:00,1.0,1.0001,1.0,1.0,28194.0,2026-02-28 05:59:59.999,28194.71110000,49,7111.00000000,7111.71110000,0
2026-02-28 06:00:00,1.0,1.0001,0.9998,1.0,2596512.0,2026-02-28 06:59:59.999,2596314.09840000,1784,441738.00000000,441756.65800000,0
2026-02-28 07:00:00,0.9999,1.0,0.9999,1.0,330626.0,2026-02-28 07:59:59.999,330622.43420000,352,294968.00000000,294968.00000000,0
2026-02-28 08:00:00,0.9999,1.0001,0.9999,1.0,329916.0,2026-02-28 08:59:59.999,329901.36770000,285,52834.00000000,52835.60980000,0
2026-02-28 09:00:00,0.9999,1.0001,0.9999,1.0,191353.0,2026-02-28 09:59:59.999,191354.26970000,177,155685.00000000,155686.27270000,0
2026-02-28 10:00:00,1.0001,1.0001,0.9999,1.0,357976.0,2026-02-28 10:59:59.999,357958.52660000,221,124045.00000000,124045.00200000,0
2026-02-28 11:00:00,0.9999,1.0,0.9999,0.9999,125688.0,2026-02-28 11:59:59.999,125678.78930000,113,33581.00000000,33581.00000000,0
2026-02-28 12:00:00,0.9999,1.0,0.9999,1.0,585316.0,2026-02-28 12:59:59.999,585298.01260000,67,405442.00000000,405442.00000000,0
2026-02-28 13:00:00,1.0,1.0,0.9999,1.0,304949.0,2026-02-28 13:59:59.999,304944.97650000,325,264714.00000000,264714.00000000,0
2026-02-28 14:00:00,1.0,1.0,0.9999,0.9999,379189.0,2026-02-28 14:59:59.999,379163.20240000,456,121213.00000000,121213.00000000,0
2026-02-28 15:00:00,0.9999,1.0,0.9999,0.9999,130332.0,2026-02-28 15:59:59.999,130320.97710000,186,20103.00000000,20103.00000000,0
2026-02-28 16:00:00,0.9999,1.0,0.9999,1.0,49555.0,2026-02-28 16:59:59.999,49554.73140000,86,46869.00000000,46869.00000000,0
2026-02-28 17:00:00,1.0,1.0,0.9999,0.9999,26672.0,2026-02-28 17:59:59.999,26671.21640000,167,18836.00000000,18836.00000000,0
2026-02-28 18:00:00,0.9999,1.0,0.9999,0.9999,115443.0,2026-02-28 18:59:59.999,115442.78610000,108,113304.00000000,113304.00000000,0
2026-02-28 19:00:00,0.9999,1.0,0.9999,1.0,76496.0,2026-02-28 19:59:59.999,76491.24900000,183,28986.00000000,28986.00000000,0
2026-02-28 20:00:00,1.0,1.0,0.9998,0.9999,70811.0,2026-02-28 20:59:59.999,70805.84370000,209,33927.00000000,33925.98230000,0
2026-02-28 21:00:00,0.9999,1.0,0.9998,0.9998,70118.0,2026-02-28 21:59:59.999,70110.93630000,199,14118.00000000,14118.00000000,0
2026-02-28 22:00:00,0.9999,1.0,0.9998,1.0,46875.0,2026-02-28 22:59:59.999,46867.80780000,132,10917.00000000,10916.99940000,0
2026-02-28 23:00:00,1.0,1.0,0.9997,0.9998,671976.0,2026-02-28 23:59:59.999,671834.41520000,89,47551.00000000,47541.81120000,0
2026-03-01 00:00:00,0.9999,1.0,0.9998,0.9999,59886.0,2026-03-01 00:59:59.999,59876.91990000,134,27603.00000000,27600.31400000,0
2026-03-01 01:00:00,0.9998,1.0,0.9998,0.9999,255412.0,2026-03-01 01:59:59.999,255389.70570000,417,169161.00000000,169151.09870000,0
2026-03-01 02:00:00,0.9999,1.0,0.9998,0.9999,306720.0,2026-03-01 02:59:59.999,306672.84910000,341,108512.00000000,108502.39750000,0
2026-03-01 03:00:00,0.9999,1.0,0.9998,1.0,669663.0,2026-03-01 03:59:59.999,669582.96860000,193,457113.00000000,457067.33380000,0
2026-03-01 04:00:00,0.9999,1.0,0.9999,1.0,721799.0,2026-03-01 04:59:59.999,721783.03310000,218,562130.00000000,562130.00000000,0
2026-03-01 05:00:00,1.0,1.0,0.9999,0.9999,148772.0,2026-03-01 05:59:59.999,148758.14640000,131,10236.00000000,10236.00000000,0
2026-03-01 06:00:00,1.0,1.0,0.9999,1.0,174317.0,2026-03-01 06:59:59.999,174309.67140000,170,101031.00000000,101031.00000000,0
2026-03-01 07:00:00,1.0,1.0,0.9999,1.0,83867.0,2026-03-01 07:59:59.999,83859.13830000,97,5250.00000000,5250.00000000,0
2026-03-01 08:00:00,1.0,1.0,0.9999,1.0,27836.0,2026-03-01 08:59:59.999,27833.88870000,148,6723.00000000,6723.00000000,0
2026-03-01 09:00:00,0.9999,1.0,0.9999,0.9999,46458.0,2026-03-01 09:59:59.999,46455.45700000,164,21028.00000000,21028.00000000,0
2026-03-01 10:00:00,1.0,1.0,0.9999,0.9999,8401.0,2026-03-01 10:59:59.999,8400.62070000,96,4608.00000000,4608.00000000,0
2026-03-01 11:00:00,1.0,1.0,0.9999,0.9999,38777.0,2026-03-01 11:59:59.999,38775.27140000,109,21491.00000000,21491.00000000,0
2026-03-01 12:00:00,1.0,1.0,0.9999,0.9999,8221.0,2026-03-01 12:59:59.999,8220.30530000,115,1274.00000000,1274.00000000,0
2026-03-01 13:00:00,1.0,1.0,0.9999,1.0,211563.0,2026-03-01 13:59:59.999,211559.59870000,277,177550.00000000,177550.00000000,0
2026-03-01 14:00:00,1.0,1.0,0.9999,0.9999,86201.0,2026-03-01 14:59:59.999,86194.25530000,234,18754.00000000,18754.00000000,0
2026-03-01 15:00:00,1.0,1.0,0.9999,0.9999,15283.0,2026-03-01 15:59:59.999,15282.30210000,161,8304.00000000,8304.00000000,0
2026-03-01 16:00:00,1.0,1.0,0.9997,0.9998,578684.0,2026-03-01 16:59:59.999,578601.52560000,653,46503.00000000,46500.88730000,0
2026-03-01 17:00:00,0.9999,0.9999,0.9997,0.9998,90639.0,2026-03-01 17:59:59.999,90624.89910000,303,49558.00000000,49553.04420000,0
2026-03-01 18:00:00,0.9998,0.9999,0.9998,0.9998,182894.0,2026-03-01 18:59:59.999,182870.33590000,193,129147.00000000,129134.08530000,0
2026-03-01 19:00:00,0.9998,1.0,0.9997,1.0,125880.0,2026-03-01 19:59:59.999,125866.14860000,186,85356.00000000,85347.47310000,0
2026-03-01 20:00:00,1.0,1.0,0.9999,0.9999,64824.0,2026-03-01 20:59:59.999,64818.73710000,280,12195.00000000,12195.00000000,0
2026-03-01 21:00:00,0.9999,1.0,0.9999,1.0,66905.0,2026-03-01 21:59:59.999,66901.26350000,136,29540.00000000,29540.00000000,0
2026-03-01 22:00:00,1.0,1.0,0.9998,0.9999,365321.0,2026-03-01 22:59:59.999,365300.97150000,374,193288.00000000,193285.60720000,0
2026-03-01 23:00:00,0.9999,1.0,0.9999,0.9999,1249120.0,2026-03-01 23:59:59.999,1249099.73130000,133,1046433.00000000,1046433.00000000,0
2026-03-02 00:00:00,0.9999,1.0,0.9999,1.0,901738.0,2026-03-02 00:59:59.999,901710.26920000,331,624430.00000000,624430.00000000,0
2026-03-02 01:00:00,0.9999,1.0,0.9999,0.9999,570352.0,2026-03-02 01:59:59.999,570340.18510000,262,452203.00000000,452203.00000000,0
2026-03-02 02:00:00,1.0,1.0,0.9999,0.9999,437702.0,2026-03-02 02:59:59.999,437681.16260000,243,229328.00000000,229328.00000000,0
2026-03-02 03:00:00,0.9999,1.0001,0.9999,0.9999,201039.0,2026-03-02 03:59:59.999,201048.96020000,208,133120.00000000,133130.10440000,0
2026-03-02 04:00:00,1.0,1.0001,0.9999,1.0001,429980.0,2026-03-02 04:59:59.999,429956.14890000,376,186062.00000000,186062.10920000,0
2026-03-02 05:00:00,1.0001,1.0001,0.9999,0.9999,232793.0,2026-03-02 05:59:59.999,232779.76180000,279,87950.00000000,87950.02460000,0
2026-03-02 06:00:00,0.9999,1.0001,0.9999,1.0,260605.0,2026-03-02 06:59:59.999,260592.77370000,499,99556.00000000,99559.37200000,0
2026-03-02 07:00:00,1.0,1.0001,0.9999,1.0,201108.0,2026-03-02 07:59:59.999,201114.16370000,367,89546.00000000,89552.27510000,0
2026-03-02 08:00:00,1.0001,1.0001,0.9999,1.0001,554310.0,2026-03-02 08:59:59.999,554322.60090000,232,354928.00000000,354940.78680000,0
2026-03-02 09:00:00,1.0,1.0001,0.9999,1.0,714796.0,2026-03-02 09:59:59.999,714826.63710000,334,486012.00000000,486047.10960000,0
2026-03-02 10:00:00,1.0,1.0001,1.0,1.0,50457.0,2026-03-02 10:59:59.999,50457.91630000,93,9163.00000000,9163.91630000,0
2026-03-02 11:00:00,1.0,1.0001,1.0,1.0,417885.0,2026-03-02 11:59:59.999,417888.62480000,183,36248.00000000,36251.62480000,0
2026-03-02 12:00:00,1.0,1.0007,1.0,1.0004,29000547.0,2026-03-02 12:59:59.999,29006602.49150000,1004,15134875.00000000,15138353.49100000,0
2026-03-02 13:00:00,1.0004,1.0006,1.0002,1.0002,16495451.0,2026-03-02 13:59:59.999,16501280.36520000,855,6173878.00000000,6176266.33280000,0
2026-03-02 14:00:00,1.0002,1.0005,1.0002,1.0002,8895737.0,2026-03-02 14:59:59.999,8898495.80740000,685,5747821.00000000,5749640.00770000,0
2026-03-02 15:00:00,1.0002,1.0004,1.0001,1.0002,26023016.0,2026-03-02 15:59:59.999,26029445.77670000,1190,7286641.00000000,7288500.82960000,0
2026-03-02 16:00:00,1.0002,1.0002,0.9999,0.9999,24774092.0,2026-03-02 16:59:59.999,24774430.06080000,982,12635339.00000000,12635399.13400000,0
2026-03-02 17:00:00,1.0,1.0001,0.9999,1.0,9390856.0,2026-03-02 17:59:59.999,9390735.98950000,581,4282486.00000000,4282499.73230000,0
2026-03-02 18:00:00,1.0,1.0,0.9999,0.9999,1382425.0,2026-03-02 18:59:59.999,1382414.27000000,233,1275125.00000000,1275125.00000000,0
2026-03-02 19:00:00,0.9999,1.0,0.9999,1.0,710549.0,2026-03-02 19:59:59.999,710524.27850000,302,463334.00000000,463334.00000000,0
2026-03-02 20:00:00,0.9999,1.0,0.9999,0.9999,1601042.0,2026-03-02 20:59:59.999,1601030.90070000,256,1490049.00000000,1490049.00000000,0
2026-03-02 21:00:00,0.9999,1.0,0.9999,1.0,349118.0,2026-03-02 21:59:59.999,349099.08690000,190,159987.00000000,159987.00000000,0
2026-03-02 22:00:00,1.0,1.0001,0.9999,1.0001,2455027.0,2026-03-02 22:59:59.999,2455083.67410000,296,1379239.00000000,1379359.99900000,0
2026-03-02 23:00:00,1.0,1.0003,1.0,1.0003,7865153.0,2026-03-02 23:59:59.999,7866176.65640000,503,3691952.00000000,3692508.49860000,0
2026-03-03 00:00:00,1.0003,1.0004,1.0001,1.0003,12842301.0,2026-03-03 00:59:59.999,12845916.54350000,486,7159343.00000000,7161482.49830000,0
2026-03-03 01:00:00,1.0003,1.0005,1.0002,1.0003,12965212.0,2026-03-03 01:59:59.999,12970241.99510000,722,7125893.00000000,7128708.68700000,0
2026-03-03 02:00:00,1.0003,1.0005,1.0001,1.0002,9880895.0,2026-03-03 02:59:59.999,9884058.91370000,586,5158796.00000000,5160450.58450000,0
2026-03-03 03:00:00,1.0002,1.0002,1.0001,1.0002,7844799.0,2026-03-03 03:59:59.999,7846336.47090000,388,6617813.00000000,6619136.56260000,0
2026-03-03 04:00:00,1.0002,1.0003,1.0,1.0002,6828337.0,2026-03-03 04:59:59.999,6829686.80860000,565,3216054.00000000,3216764.55710000,0
2026-03-03 05:00:00,1.0002,1.0003,1.0001,1.0002,9809887.0,2026-03-03 05:59:59.999,9812773.42390000,594,6742917.00000000,6744905.26060000,0
2026-03-03 06:00:00,1.0003,1.0003,1.0001,1.0003,5427676.0,2026-03-03 06:59:59.999,5428885.44240000,375,2224933.00000000,2225547.32660000,0
2026-03-03 07:00:00,1.0003,1.0004,1.0001,1.0001,7614834.0,2026-03-03 07:59:59.999,7616577.02630000,333,4931506.00000000,4932658.35370000,0
2026-03-03 08:00:00,1.0001,1.0002,1.0001,1.0002,4174326.0,2026-03-03 08:59:59.999,4175133.96210000,402,3286187.00000000,3286844.23740000,0
2026-03-03 09:00:00,1.0002,1.0002,1.0001,1.0002,1241468.0,2026-03-03 09:59:59.999,1241684.83740000,436,926906.00000000,927091.38120000,0
2026-03-03 10:00:00,1.0002,1.0002,1.0001,1.0002,977901.0,2026-03-03 10:59:59.999,978022.29900000,274,235089.00000000,235136.01780000,0
2026-03-03 11:00:00,1.0002,1.0002,1.0001,1.0001,446279.0,2026-03-03 11:59:59.999,446353.18250000,300,295546.00000000,295605.10920000,0
2026-03-03 12:00:00,1.0001,1.0002,1.0,1.0002,4096876.0,2026-03-03 12:59:59.999,4097481.12030000,526,2965505.00000000,2965971.68000000,0
2026-03-03 13:00:00,1.0002,1.0003,1.0001,1.0002,1853438.0,2026-03-03 13:59:59.999,1853748.11920000,593,1123572.00000000,1123796.73930000,0
2026-03-03 14:00:00,1.0001,1.0002,1.0,1.0,4920171.0,2026-03-03 14:59:59.999,4920828.05430000,788,2765745.00000000,2766190.29000000,0
2026-03-03 15:00:00,1.0001,1.0002,0.9999,1.0001,3367115.0,2026-03-03 15:59:59.999,3367328.00150000,769,1719404.00000000,1719534.07130000,0
2026-03-03 16:00:00,1.0001,1.0001,0.9999,0.9999,4316239.0,2026-03-03 16:59:59.999,4316439.16190000,1005,1913325.00000000,1913475.92500000,0
2026-03-03 17:00:00,1.0,1.0,0.9998,1.0,4484747.0,2026-03-03 17:59:59.999,4484471.07540000,564,2889174.00000000,2889099.60620000,0
2026-03-03 18:00:00,1.0,1.0001,0.9999,1.0,859639.0,2026-03-03 18:59:59.999,859658.51390000,450,321142.00000000,321162.24090000,0
2026-03-03 19:00:00,1.0,1.0001,0.9998,1.0,683575.0,2026-03-03 19:59:59.999,683541.02540000,411,347568.00000000,347565.84560000,0
2026-03-03 20:00:00,1.0,1.0002,0.9999,1.0,2510091.0,2026-03-03 20:59:59.999,2510276.07910000,242,1048717.00000000,1048769.26230000,0
2026-03-03 21:00:00,1.0,1.0,0.9998,1.0,1597452.0,2026-03-03 21:59:59.999,1597308.16390000,187,166515.00000000,166514.79640000,0
2026-03-03 22:00:00,0.9999,1.0,0.9999,1.0,1392980.0,2026-03-03 22:59:59.999,1392963.91140000,248,1232094.00000000,1232094.00000000,0
2026-03-03 23:00:00,1.0,1.0,0.9998,1.0,3474947.0,2026-03-03 23:59:59.999,3474571.02500000,370,1402693.00000000,1402577.63550000,0
2026-03-04 00:00:00,1.0,1.0,0.9997,0.9998,11689440.0,2026-03-04 00:59:59.999,11686613.03620000,572,5511069.00000000,5509973.82480000,0
2026-03-04 01:00:00,0.9999,0.9999,0.9998,0.9998,2598265.0,2026-03-04 01:59:59.999,2597937.38090000,425,1920339.00000000,1920146.96610000,0
2026-03-04 02:00:00,0.9998,1.0,0.9998,0.9998,2139941.0,2026-03-04 02:59:59.999,2139691.82080000,338,1641103.00000000,1640938.91690000,0
2026-03-04 03:00:00,0.9999,1.0,0.9998,1.0,1498758.0,2026-03-04 03:59:59.999,1498608.95590000,580,509451.00000000,509413.43180000,0
2026-03-04 04:00:00,1.0,1.0,0.9998,1.0,1988036.0,2026-03-04 04:59:59.999,1987862.29900000,399,1422102.00000000,1421985.29360000,0
2026-03-04 05:00:00,0.9999,1.0,0.9998,0.9998,1157954.0,2026-03-04 05:59:59.999,1157883.50840000,328,473228.00000000,473228.00000000,0
2026-03-04 06:00:00,0.9999,1.0,0.9998,0.9999,1374983.0,2026-03-04 06:59:59.999,1374893.40380000,489,797044.00000000,797013.32550000,0
2026-03-04 07:00:00,1.0,1.0,0.9998,0.9999,1659552.0,2026-03-04 07:59:59.999,1659461.43360000,595,792506.00000000,792502.54320000,0
2026-03-04 08:00:00,1.0,1.0,0.9998,0.9999,2427545.0,2026-03-04 08:59:59.999,2427336.29330000,1033,1405495.00000000,1405402.05810000,0
2026-03-04 09:00:00,1.0,1.0,0.9999,1.0,2709312.0,2026-03-04 09:59:59.999,2709198.93950000,789,1578707.00000000,1578707.00000000,0
2026-03-04 10:00:00,0.9999,1.0,0.9998,1.0,2027150.0,2026-03-04 10:59:59.999,2026979.48750000,752,858391.00000000,858365.79240000,0
2026-03-04 11:00:00,0.9999,1.0,0.9998,0.9999,1980159.0,2026-03-04 11:59:59.999,1980077.08890000,511,976555.00000000,976554.27080000,0
2026-03-04 12:00:00,1.0,1.0,0.9998,0.9998,4769294.0,2026-03-04 12:59:59.999,4768716.88630000,524,2554645.00000000,2554408.25090000,0
2026-03-04 13:00:00,0.9998,1.0001,0.9998,1.0,1792229.0,2026-03-04 13:59:59.999,1792224.38740000,363,1504137.00000000,1504145.79080000,0
2026-03-04 14:00:00,0.9999,1.0,0.9998,0.9999,1887566.0,2026-03-04 14:59:59.999,1887443.10270000,964,689689.00000000,689686.79990000,0
2026-03-04 15:00:00,0.9999,1.0,0.9997,0.9998,4833438.0,2026-03-04 15:59:59.999,4832516.29560000,1590,1678099.00000000,1677844.72340000,0
2026-03-04 16:00:00,0.9998,0.9999,0.9996,0.9997,3232801.0,2026-03-04 16:59:59.999,3231881.25870000,836,2282238.00000000,2281586.29040000,0
2026-03-04 17:00:00,0.9996,0.9998,0.9996,0.9997,938725.0,2026-03-04 17:59:59.999,938439.70260000,458,840823.00000000,840575.48770000,0
2026-03-04 18:00:00,0.9998,0.9998,0.9996,0.9997,1082372.0,2026-03-04 18:59:59.999,1082024.90620000,280,776530.00000000,776297.43040000,0
2026-03-04 19:00:00,0.9996,0.9997,0.9994,0.9995,1740083.0,2026-03-04 19:59:59.999,1739278.63400000,851,565074.00000000,564875.02550000,0
2026-03-04 20:00:00,0.9996,0.9996,0.9994,0.9996,940325.0,2026-03-04 20:59:59.999,939855.72210000,630,324782.00000000,324626.13750000,0
2026-03-04 21:00:00,0.9995,0.9996,0.9993,0.9995,3017439.0,2026-03-04 21:59:59.999,3015500.04960000,331,655442.00000000,655081.15440000,0
2026-03-04 22:00:00,0.9995,0.9997,0.9994,0.9997,2950244.0,2026-03-04 22:59:59.999,2949130.42840000,741,2833345.00000000,2832290.28600000,0
2026-03-04 23:00:00,0.9997,0.9998,0.9996,0.9997,15852487.0,2026-03-04 23:59:59.999,15846466.57030000,745,6438198.00000000,6435730.23050000,0
2026-03-05 00:00:00,0.9997,0.9997,0.9995,0.9995,7394030.0,2026-03-05 00:59:59.999,7391038.67990000,677,2840147.00000000,2839083.06810000,0
2026-03-05 01:00:00,0.9995,0.9997,0.9995,0.9997,4626427.0,2026-03-05 01:59:59.999,4624401.46040000,605,1882609.00000000,1881791.84090000,0
2026-03-05 02:00:00,0.9996,0.9997,0.9996,0.9996,2278256.0,2026-03-05 02:59:59.999,2277401.54700000,293,568494.00000000,568323.45180000,0
2026-03-05 03:00:00,0.9996,0.9997,0.9995,0.9995,2093391.0,2026-03-05 03:59:59.999,2092508.21890000,414,630528.00000000,630295.41670000,0
2026-03-05 04:00:00,0.9996,0.9996,0.9995,0.9996,4828448.0,2026-03-05 04:59:59.999,4826428.95420000,271,3951782.00000000,3950201.28720000,0
2026-03-05 05:00:00,0.9995,0.9996,0.9995,0.9996,4505969.0,2026-03-05 05:59:59.999,4503834.92930000,439,1605362.00000000,1604678.23280000,0
2026-03-05 06:00:00,0.9996,0.9997,0.9995,0.9997,9665195.0,2026-03-05 06:59:59.999,9661522.83860000,489,8696194.00000000,8692966.50980000,0
2026-03-05 07:00:00,0.9996,0.9998,0.9996,0.9997,5476008.0,2026-03-05 07:59:59.999,5474343.78280000,658,4390569.00000000,4389253.71120000,0
2026-03-05 08:00:00,0.9998,0.9998,0.9996,0.9997,2528355.0,2026-03-05 08:59:59.999,2527663.10950000,519,1676583.00000000,1676170.04110000,0
2026-03-05 09:00:00,0.9998,0.9998,0.9997,0.9997,1460751.0,2026-03-05 09:59:59.999,1460405.38210000,687,926074.00000000,925888.78520000,0
2026-03-05 10:00:00,0.9998,0.9998,0.9996,0.9998,1705647.0,2026-03-05 10:59:59.999,1705128.29760000,655,937701.00000000,937448.35290000,0
2026-03-05 11:00:00,0.9997,0.9998,0.9995,0.9998,4061342.0,2026-03-05 11:59:59.999,4059994.62750000,699,1715428.00000000,1714907.00720000,0
2026-03-05 12:00:00,0.9997,0.9998,0.9997,0.9997,2313538.0,2026-03-05 12:59:59.999,2312975.63450000,488,1316959.00000000,1316695.60820000,0
2026-03-05 13:00:00,0.9998,0.9998,0.9996,0.9996,1891200.0,2026-03-05 13:59:59.999,1890528.82670000,854,677549.00000000,677347.81850000,0
2026-03-05 14:00:00,0.9997,0.9998,0.9996,0.9996,1906942.0,2026-03-05 14:59:59.999,1906282.72830000,756,927390.00000000,927113.60380000,0
2026-03-05 15:00:00,0.9997,0.9997,0.9996,0.9996,1190471.0,2026-03-05 15:59:59.999,1190082.78750000,806,879759.00000000,879495.07230000,0
2026-03-05 16:00:00,0.9997,0.9997,0.9995,0.9997,1168473.0,2026-03-05 16:59:59.999,1168058.06530000,927,635558.00000000,635357.81990000,0
2026-03-05 17:00:00,0.9997,0.9998,0.9996,0.9998,996635.0,2026-03-05 17:59:59.999,996332.52530000,585,845501.00000000,845251.05320000,0
2026-03-05 18:00:00,0.9998,0.9998,0.9997,0.9998,311801.0,2026-03-05 18:59:59.999,311725.98530000,319,185256.00000000,185218.94880000,0
2026-03-05 19:00:00,0.9997,0.9998,0.9997,0.9997,371570.0,2026-03-05 19:59:59.999,371483.93770000,269,254087.00000000,254036.18260000,0
2026-03-05 20:00:00,0.9998,0.9998,0.9997,0.9997,258618.0,2026-03-05 20:59:59.999,258550.90500000,312,104904.00000000,104883.01920000,0
2026-03-05 21:00:00,0.9998,0.9998,0.9997,0.9998,170734.0,2026-03-05 21:59:59.999,170689.56060000,365,67808.00000000,67794.43840000,0
2026-03-05 22:00:00,0.9997,0.9998,0.9997,0.9997,305518.0,2026-03-05 22:59:59.999,305455.54910000,245,292045.00000000,291986.59100000,0
2026-03-05 23:00:00,0.9998,0.9999,0.9997,0.9999,1659651.0,2026-03-05 23:59:59.999,1659407.10570000,615,1598423.00000000,1598196.36430000,0
2026-03-06 00:00:00,0.9998,0.9999,0.9997,0.9998,2172451.0,2026-03-06 00:59:59.999,2172054.31490000,643,1780155.00000000,1779843.83920000,0
2026-03-06 01:00:00,0.9998,0.9999,0.9997,0.9998,1672698.0,2026-03-06 01:59:59.999,1672367.05080000,603,1198481.00000000,1198259.94190000,0
2026-03-06 02:00:00,0.9997,0.9999,0.9997,0.9999,1554141.0,2026-03-06 02:59:59.999,1553839.37890000,631,1447733.00000000,1447459.49850000,0
2026-03-06 03:00:00,0.9998,0.9999,0.9997,0.9999,1078692.0,2026-03-06 03:59:59.999,1078522.01130000,485,842193.00000000,842071.63560000,0
2026-03-06 04:00:00,0.9998,0.9999,0.9998,0.9998,916620.0,2026-03-06 04:59:59.999,916507.87100000,545,711950.00000000,711878.80500000,0
2026-03-06 05:00:00,0.9998,0.9999,0.9998,0.9999,842817.0,2026-03-06 05:59:59.999,842717.19060000,475,687540.00000000,687471.24600000,0
2026-03-06 06:00:00,0.9999,0.9999,0.9998,0.9999,1756212.0,2026-03-06 06:59:59.999,1755935.27730000,572,745197.00000000,745122.48030000,0
2026-03-06 07:00:00,0.9998,0.9999,0.9998,0.9999,1090288.0,2026-03-06 07:59:59.999,1090130.61920000,459,606768.00000000,606707.32320000,0
2026-03-06 08:00:00,0.9999,0.9999,0.9998,0.9999,1257233.0,2026-03-06 08:59:59.999,1257086.29930000,524,1047459.00000000,1047354.25410000,0
2026-03-06 09:00:00,0.9999,0.9999,0.9998,0.9999,1124599.0,2026-03-06 09:59:59.999,1124463.21560000,712,891354.00000000,891264.86460000,0
2026-03-06 10:00:00,0.9999,1.0,0.9998,1.0,2419536.0,2026-03-06 10:59:59.999,2419368.56540000,720,1291705.00000000,1291652.48300000,0
2026-03-06 11:00:00,0.9999,1.0,0.9999,1.0,806046.0,2026-03-06 11:59:59.999,806023.49030000,620,580949.00000000,580949.00000000,0
2026-03-06 12:00:00,1.0,1.0,0.9999,0.9999,1369064.0,2026-03-06 12:59:59.999,1368998.95770000,773,718641.00000000,718641.00000000,0
2026-03-06 13:00:00,1.0,1.0,0.9998,0.9998,1114756.0,2026-03-06 13:59:59.999,1114623.76960000,946,770926.00000000,770854.68580000,0
2026-03-06 14:00:00,0.9999,0.9999,0.9998,0.9999,1657431.0,2026-03-06 14:59:59.999,1657208.00680000,1259,1084930.00000000,1084821.50700000,0
2026-03-06 15:00:00,0.9999,0.9999,0.9998,0.9998,1236530.0,2026-03-06 15:59:59.999,1236380.59600000,636,979020.00000000,978922.09800000,0
2026-03-06 16:00:00,0.9999,0.9999,0.9998,0.9998,870886.0,2026-03-06 16:59:59.999,870781.07800000,574,692552.00000000,692482.74480000,0
2026-03-06 17:00:00,0.9999,1.0,0.9996,0.9999,4758509.0,2026-03-06 17:59:59.999,4757522.76290000,535,516915.00000000,516874.26760000,0
2026-03-06 18:00:00,0.9999,1.0,0.9998,0.9998,567229.0,2026-03-06 18:59:59.999,567185.62110000,402,431001.00000000,430973.42960000,0
2026-03-06 19:00:00,0.9999,0.9999,0.9998,0.9999,242077.0,2026-03-06 19:59:59.999,242046.92250000,249,183379.00000000,183360.66210000,0
2026-03-06 20:00:00,0.9998,1.0,0.9998,0.9998,481244.0,2026-03-06 20:59:59.999,481194.53100000,244,415512.00000000,415472.13200000,0
2026-03-06 21:00:00,0.9998,1.0,0.9998,0.9999,411185.0,2026-03-06 21:59:59.999,411143.63920000,186,314431.00000000,314401.43140000,0
2026-03-06 22:00:00,0.9999,0.9999,0.9998,0.9999,294359.0,2026-03-06 22:59:59.999,294325.26840000,231,251402.00000000,251376.85980000,0
2026-03-06 23:00:00,0.9999,1.0,0.9998,0.9999,884020.0,2026-03-06 23:59:59.999,883924.17030000,257,561020.00000000,560978.50240000,0
2026-03-07 00:00:00,0.9999,1.0,0.9999,0.9999,581910.0,2026-03-07 00:59:59.999,581893.00960000,461,412006.00000000,412006.00000000,0
2026-03-07 01:00:00,0.9999,1.0,0.9998,0.9999,921700.0,2026-03-07 01:59:59.999,921636.85910000,284,398076.00000000,398065.42470000,0
2026-03-07 02:00:00,0.9998,0.9999,0.9998,0.9999,694547.0,2026-03-07 02:59:59.999,694475.64330000,334,675527.00000000,675459.44730000,0
2026-03-07 03:00:00,0.9999,1.0,0.9998,0.9999,1033082.0,2026-03-07 03:59:59.999,1032994.67660000,369,972387.00000000,972306.39390000,0
2026-03-07 04:00:00,0.9999,1.0,0.9999,0.9999,348912.0,2026-03-07 04:59:59.999,348901.45280000,333,243440.00000000,243440.00000000,0
2026-03-07 05:00:00,1.0,1.0,0.9999,1.0,452612.0,2026-03-07 05:59:59.999,452597.96540000,371,312266.00000000,312266.00000000,0
2026-03-07 06:00:00,1.0,1.0,0.9999,1.0,933278.0,2026-03-07 06:59:59.999,933258.56420000,409,738920.00000000,738920.00000000,0
2026-03-07 07:00:00,0.9999,1.0,0.9999,1.0,276085.0,2026-03-07 07:59:59.999,276083.24530000,345,258538.00000000,258538.00000000,0
2026-03-07 08:00:00,1.0,1.0,0.9999,0.9999,465636.0,2026-03-07 08:59:59.999,465630.99330000,263,415569.00000000,415569.00000000,0
2026-03-07 09:00:00,1.0,1.0,0.9999,0.9999,251698.0,2026-03-07 09:59:59.999,251691.51210000,251,186819.00000000,186819.00000000,0
2026-03-07 10:00:00,1.0,1.0,0.9999,0.9999,453022.0,2026-03-07 10:59:59.999,452992.25760000,192,155598.00000000,155598.00000000,0
2026-03-07 11:00:00,0.9999,1.0,0.9999,1.0,178600.0,2026-03-07 11:59:59.999,178596.13410000,209,139941.00000000,139941.00000000,0
2026-03-07 12:00:00,1.0,1.0001,0.9999,1.0,818356.0,2026-03-07 12:59:59.999,818354.92440000,328,686382.00000000,686383.14410000,0
2026-03-07 13:00:00,1.0,1.0,0.9999,1.0,466167.0,2026-03-07 13:59:59.999,466164.85160000,233,444683.00000000,444683.00000000,0
2026-03-07 14:00:00,0.9999,1.0,0.9999,1.0,402008.0,2026-03-07 14:59:59.999,402005.36790000,319,375687.00000000,375687.00000000,0
2026-03-07 15:00:00,0.9999,1.0,0.9999,0.9999,590131.0,2026-03-07 15:59:59.999,590122.19200000,553,502051.00000000,502051.00000000,0
2026-03-07 16:00:00,1.0,1.0,0.9999,1.0,347408.0,2026-03-07 16:59:59.999,347403.87050000,365,306113.00000000,306113.00000000,0
2026-03-07 17:00:00,1.0,1.0,0.9999,0.9999,410093.0,2026-03-07 17:59:59.999,410087.65200000,165,356613.00000000,356613.00000000,0
2026-03-07 18:00:00,1.0,1.0,0.9999,1.0,207577.0,2026-03-07 18:59:59.999,207575.53550000,187,192932.00000000,192932.00000000,0
2026-03-07 19:00:00,1.0,1.0,0.9999,1.0,157306.0,2026-03-07 19:59:59.999,157302.88140000,220,126120.00000000,126120.00000000,0
2026-03-07 20:00:00,1.0,1.0,0.9999,0.9999,113631.0,2026-03-07 20:59:59.999,113627.49710000,130,78602.00000000,78602.00000000,0
2026-03-07 21:00:00,0.9999,1.0,0.9999,0.9999,112080.0,2026-03-07 21:59:59.999,112077.84610000,117,90541.00000000,90541.00000000,0
2026-03-07 22:00:00,0.9999,1.0,0.9999,0.9999,248419.0,2026-03-07 22:59:59.999,248408.55760000,271,143995.00000000,143995.00000000,0
2026-03-07 23:00:00,0.9999,1.0,0.9999,1.0,580155.0,2026-03-07 23:59:59.999,580151.83820000,158,548537.00000000,548537.00000000,0
2026-03-08 00:00:00,0.9999,1.0,0.9999,1.0,397365.0,2026-03-08 00:59:59.999,397355.55920000,296,302957.00000000,302957.00000000,0
2026-03-08 01:00:00,0.9999,1.0,0.9999,1.0,625231.0,2026-03-08 01:59:59.999,625186.28870000,236,178118.00000000,178118.00000000,0
2026-03-08 02:00:00,1.0,1.0,0.9999,1.0,576025.0,2026-03-08 02:59:59.999,576008.36250000,394,409650.00000000,409650.00000000,0
2026-03-08 03:00:00,1.0,1.0001,0.9998,0.9999,2160842.0,2026-03-08 03:59:59.999,2160721.78370000,379,854939.00000000,854933.01410000,0
2026-03-08 04:00:00,0.9999,1.0,0.9998,1.0,1453139.0,2026-03-08 04:59:59.999,1452892.50020000,474,439190.00000000,439146.27900000,0
2026-03-08 05:00:00,1.0,1.0,0.9999,0.9999,395283.0,2026-03-08 05:59:59.999,395273.35030000,220,298786.00000000,298786.00000000,0
2026-03-08 06:00:00,1.0,1.0,0.9999,0.9999,1495354.0,2026-03-08 06:59:59.999,1495238.38020000,318,348173.00000000,348172.09830000,0
2026-03-08 07:00:00,0.9999,0.9999,0.9998,0.9999,466076.0,2026-03-08 07:59:59.999,466025.79600000,430,430112.00000000,430068.98880000,0
2026-03-08 08:00:00,0.9999,0.9999,0.9998,0.9998,452027.0,2026-03-08 08:59:59.999,451972.72000000,248,361254.00000000,361217.87460000,0
2026-03-08 09:00:00,0.9998,1.0,0.9998,0.9999,805432.0,2026-03-08 09:59:59.999,805349.35840000,289,733756.00000000,733683.84010000,0
2026-03-08 10:00:00,0.9999,1.0,0.9998,1.0,320687.0,2026-03-08 10:59:59.999,320666.51320000,259,280934.00000000,280920.22820000,0
2026-03-08 11:00:00,0.9999,1.0,0.9999,1.0,421508.0,2026-03-08 11:59:59.999,421487.67500000,266,218258.00000000,218258.00000000,0
2026-03-08 12:00:00,0.9999,1.0,0.9999,1.0,498608.0,2026-03-08 12:59:59.999,498591.17350000,362,330343.00000000,330343.00000000,0
2026-03-08 13:00:00,1.0,1.0,0.9999,1.0,370882.0,2026-03-08 13:59:59.999,370865.20980000,415,202980.00000000,202980.00000000,0
2026-03-08 14:00:00,0.9999,1.0,0.9999,0.9999,527019.0,2026-03-08 14:59:59.999,526992.43370000,315,261356.00000000,261356.00000000,0
2026-03-08 15:00:00,0.9999,1.0,0.9999,0.9999,286591.0,2026-03-08 15:59:59.999,286582.69550000,231,203546.00000000,203546.00000000,0
2026-03-08 16:00:00,1.0,1.0,0.9999,0.9999,449329.0,2026-03-08 16:59:59.999,449306.85330000,392,227862.00000000,227862.00000000,0
2026-03-08 17:00:00,0.9999,1.0,0.9999,1.0,323913.0,2026-03-08 17:59:59.999,323908.24130000,350,276326.00000000,276326.00000000,0
2026-03-08 18:00:00,0.9999,1.0,0.9999,1.0,243664.0,2026-03-08 18:59:59.999,243654.18440000,194,145508.00000000,145508.00000000,0
2026-03-08 19:00:00,1.0,1.0,0.9999,1.0,224204.0,2026-03-08 19:59:59.999,224202.79180000,198,212122.00000000,212122.00000000,0
2026-03-08 20:00:00,1.0,1.0,0.9999,0.9999,98646.0,2026-03-08 20:59:59.999,98644.77110000,160,86357.00000000,86357.00000000,0
2026-03-08 21:00:00,1.0,1.0,0.9999,1.0,532922.0,2026-03-08 21:59:59.999,532888.08100000,184,152964.00000000,152964.00000000,0
2026-03-08 22:00:00,0.9999,1.0001,0.9999,1.0,686931.0,2026-03-08 22:59:59.999,686878.28760000,898,137238.00000000,137238.00230000,0
2026-03-08 23:00:00,1.0,1.0,0.9999,1.0,370009.0,2026-03-08 23:59:59.999,369993.27860000,319,212795.00000000,212795.00000000,0
2026-03-09 00:00:00,0.9999,1.0,0.9999,0.9999,704408.0,2026-03-09 00:59:59.999,704370.05230000,458,324931.00000000,324931.00000000,0
2026-03-09 01:00:00,0.9999,1.0,0.9999,0.9999,277188.0,2026-03-09 01:59:59.999,277178.05210000,416,177709.00000000,177709.00000000,0
2026-03-09 02:00:00,0.9999,1.0,0.9999,0.9999,594087.0,2026-03-09 02:59:59.999,594040.51050000,329,129192.00000000,129192.00000000,0
2026-03-09 03:00:00,0.9999,1.0,0.9999,1.0,691608.0,2026-03-09 03:59:59.999,691579.44720000,665,406080.00000000,406080.00000000,0
2026-03-09 04:00:00,1.0,1.0,0.9999,1.0,330965.0,2026-03-09 04:59:59.999,330952.26960000,249,203661.00000000,203661.00000000,0
2026-03-09 05:00:00,1.0,1.0,0.9999,0.9999,685790.0,2026-03-09 05:59:59.999,685758.99290000,527,375719.00000000,375719.00000000,0
2026-03-09 06:00:00,0.9999,1.0,0.9999,0.9999,2059866.0,2026-03-09 06:59:59.999,2059764.03090000,558,1040175.00000000,1040175.00000000,0
2026-03-09 07:00:00,0.9999,1.0001,0.9999,1.0,1317093.0,2026-03-09 07:59:59.999,1317048.89880000,376,600085.00000000,600085.00260000,0
2026-03-09 08:00:00,0.9999,1.0001,0.9999,1.0,4315471.0,2026-03-09 08:59:59.999,4315478.08290000,590,2629652.00000000,2629663.78870000,0
2026-03-09 09:00:00,1.0001,1.0001,0.9999,1.0,466488.0,2026-03-09 09:59:59.999,466495.26000000,398,264056.00000000,264067.39560000,0
2026-03-09 10:00:00,1.0,1.0,0.9999,0.9999,690587.0,2026-03-09 10:59:59.999,690539.48570000,376,215444.00000000,215444.00000000,0
2026-03-09 11:00:00,0.9999,1.0,0.9999,1.0,694908.0,2026-03-09 11:59:59.999,694880.57670000,319,420675.00000000,420675.00000000,0
2026-03-09 12:00:00,1.0,1.0,0.9999,1.0,616224.0,2026-03-09 12:59:59.999,616200.69250000,395,383149.00000000,383149.00000000,0
2026-03-09 13:00:00,1.0,1.0,0.9999,0.9999,1197059.0,2026-03-09 13:59:59.999,1196996.88480000,804,575907.00000000,575907.00000000,0
2026-03-09 14:00:00,1.0,1.0,0.9997,0.9997,2135341.0,2026-03-09 14:59:59.999,2134994.83810000,739,914938.00000000,914825.47290000,0
2026-03-09 15:00:00,0.9997,0.9999,0.9997,0.9998,1093478.0,2026-03-09 15:59:59.999,1093218.59260000,563,213963.00000000,213938.92710000,0
2026-03-09 16:00:00,0.9999,0.9999,0.9998,0.9998,254857.0,2026-03-09 16:59:59.999,254815.78320000,384,97546.00000000,97536.24540000,0
2026-03-09 17:00:00,0.9998,0.9999,0.9998,0.9998,154164.0,2026-03-09 17:59:59.999,154141.59370000,252,84265.00000000,84256.57350000,0
2026-03-09 18:00:00,0.9999,0.9999,0.9998,0.9998,265350.0,2026-03-09 18:59:59.999,265304.67620000,313,77462.00000000,77454.25380000,0
2026-03-09 19:00:00,0.9999,0.9999,0.9997,0.9997,566811.0,2026-03-09 19:59:59.999,566716.38700000,594,188921.00000000,188902.01940000,0
2026-03-09 20:00:00,0.9997,0.9998,0.9997,0.9998,129678.0,2026-03-09 20:59:59.999,129643.13420000,180,40376.00000000,40367.92480000,0
2026-03-09 21:00:00,0.9997,0.9998,0.9997,0.9997,200142.0,2026-03-09 21:59:59.999,200087.97350000,211,60161.00000000,60148.96780000,0
2026-03-09 22:00:00,0.9998,0.9998,0.9997,0.9998,222474.0,2026-03-09 22:59:59.999,222420.23790000,374,129801.00000000,129775.03980000,0
2026-03-09 23:00:00,0.9997,0.9999,0.9997,0.9999,364015.0,2026-03-09 23:59:59.999,363947.01920000,343,196706.00000000,196677.66220000,0
2026-03-10 00:00:00,0.9999,0.9999,0.9997,0.9998,423878.0,2026-03-10 00:59:59.999,423805.33270000,399,204886.00000000,204857.26910000,0
2026-03-10 01:00:00,0.9998,0.9999,0.9997,0.9998,288042.0,2026-03-10 01:59:59.999,287990.44770000,406,178278.00000000,178253.64310000,0
2026-03-10 02:00:00,0.9998,0.9999,0.9998,0.9998,767858.0,2026-03-10 02:59:59.999,767733.86810000,922,294397.00000000,294367.56030000,0
2026-03-10 03:00:00,0.9999,0.9999,0.9997,0.9998,951470.0,2026-03-10 03:59:59.999,951271.69450000,580,169691.00000000,169663.36040000,0
2026-03-10 04:00:00,0.9998,0.9998,0.9997,0.9998,285744.0,2026-03-10 04:59:59.999,285674.59600000,337,163192.00000000,163159.36160000,0
2026-03-10 05:00:00,0.9997,0.9998,0.9997,0.9998,1066565.0,2026-03-10 05:59:59.999,1066293.82540000,360,487949.00000000,487851.41020000,0
2026-03-10 06:00:00,0.9998,1.0,0.9997,0.9999,5395904.0,2026-03-10 06:59:59.999,5395107.34510000,13192,4097898.00000000,4097452.22360000,0
2026-03-10 07:00:00,0.9999,1.0,0.9998,0.9998,4553097.0,2026-03-10 07:59:59.999,4552991.37450000,14602,3953143.00000000,3953106.10300000,0
2026-03-10 08:00:00,0.9999,0.9999,0.9997,0.9998,2037976.0,2026-03-10 08:59:59.999,2037514.19460000,989,530071.00000000,529998.31400000,0
2026-03-10 09:00:00,0.9997,0.9999,0.9997,0.9998,941700.0,2026-03-10 09:59:59.999,941523.33090000,585,472833.00000000,472755.20540000,0
2026-03-10 10:00:00,0.9998,0.9999,0.9997,0.9998,471808.0,2026-03-10 10:59:59.999,471717.01210000,584,254047.00000000,254004.88920000,0
2026-03-10 11:00:00,0.9999,0.9999,0.9997,0.9998,448539.0,2026-03-10 11:59:59.999,448463.14410000,447,288934.00000000,288891.61050000,0
2026-03-10 12:00:00,0.9999,0.9999,0.9997,0.9998,1224968.0,2026-03-10 12:59:59.999,1224634.26320000,591,159555.00000000,159524.47370000,0
2026-03-10 13:00:00,0.9998,0.9998,0.9997,0.9997,569477.0,2026-03-10 13:59:59.999,569341.36840000,1140,352115.00000000,352044.57700000,0
2026-03-10 14:00:00,0.9998,0.9999,0.9997,0.9998,746101.0,2026-03-10 14:59:59.999,745937.81920000,2158,454940.00000000,454853.59010000,0
2026-03-10 15:00:00,0.9999,0.9999,0.9997,0.9998,521230.0,2026-03-10 15:59:59.999,521129.66170000,612,272622.00000000,272580.37630000,0
2026-03-10 16:00:00,0.9998,0.9998,0.9996,0.9997,589196.0,2026-03-10 16:59:59.999,589032.22300000,839,145023.00000000,144992.79220000,0
2026-03-10 17:00:00,0.9997,0.9998,0.9996,0.9997,167162.0,2026-03-10 17:59:59.999,167116.61730000,331,108579.00000000,108552.27180000,0
2026-03-10 18:00:00,0.9996,0.9998,0.9996,0.9997,238286.0,2026-03-10 18:59:59.999,238219.97770000,498,120270.00000000,120241.57580000,0
2026-03-10 19:00:00,0.9998,0.9998,0.9997,0.9997,88426.0,2026-03-10 19:59:59.999,88405.06630000,434,55941.00000000,55929.81180000,0
2026-03-10 20:00:00,0.9997,0.9998,0.9997,0.9997,75672.0,2026-03-10 20:59:59.999,75653.45590000,211,41575.00000000,41566.68500000,0
2026-03-10 21:00:00,0.9998,0.9999,0.9997,0.9999,133343.0,2026-03-10 21:59:59.999,133315.01540000,352,74712.00000000,74697.50880000,0
2026-03-10 22:00:00,0.9998,0.9999,0.9998,0.9999,81236.0,2026-03-10 22:59:59.999,81222.33700000,295,25842.00000000,25839.41580000,0
2026-03-10 23:00:00,0.9999,0.9999,0.9997,0.9998,273901.0,2026-03-10 23:59:59.999,273837.51840000,310,160067.00000000,160035.81480000,0
2026-03-11 00:00:00,0.9997,0.9998,0.9997,0.9998,288172.0,2026-03-11 00:59:59.999,288096.14740000,444,105990.00000000,105968.80200000,0
2026-03-11 01:00:00,0.9997,0.9998,0.9997,0.9998,205104.0,2026-03-11 01:59:59.999,205054.29100000,272,118222.00000000,118198.35560000,0
2026-03-11 02:00:00,0.9997,0.9998,0.9997,0.9997,1691249.0,2026-03-11 02:59:59.999,1690770.12000000,359,284947.00000000,284890.01060000,0
2026-03-11 03:00:00,0.9998,0.9998,0.9997,0.9998,771640.0,2026-03-11 03:59:59.999,771432.34300000,321,238350.00000000,238302.33000000,0
2026-03-11 04:00:00,0.9997,0.9998,0.9997,0.9998,244279.0,2026-03-11 04:59:59.999,244222.35500000,393,166387.00000000,166353.72260000,0
2026-03-11 05:00:00,0.9998,0.9998,0.9997,0.9997,568164.0,2026-03-11 05:59:59.999,568007.00330000,318,134525.00000000,134498.09500000,0
2026-03-11 06:00:00,0.9998,0.9998,0.9997,0.9998,567665.0,2026-03-11 06:59:59.999,567520.37350000,343,256730.00000000,256678.65400000,0
2026-03-11 07:00:00,0.9998,0.9998,0.9997,0.9997,645223.0,2026-03-11 07:59:59.999,645057.75160000,478,283185.00000000,283128.36300000,0
2026-03-11 08:00:00,0.9998,0.9998,0.9997,0.9997,2958430.0,2026-03-11 08:59:59.999,2957570.00150000,750,650375.00000000,650207.41800000,0
2026-03-11 09:00:00,0.9998,0.9998,0.9997,0.9998,436651.0,2026-03-11 09:59:59.999,436538.27800000,428,182733.00000000,182696.45340000,0
2026-03-11 10:00:00,0.9997,0.9998,0.9997,0.9997,636338.0,2026-03-11 10:59:59.999,636166.80890000,327,197103.00000000,197063.57940000,0
2026-03-11 11:00:00,0.9997,0.9998,0.9997,0.9998,4142559.0,2026-03-11 11:59:59.999,4141351.97890000,701,357466.00000000,357394.50680000,0
2026-03-11 12:00:00,0.9997,0.9998,0.9996,0.9997,3037212.0,2026-03-11 12:59:59.999,3036322.74930000,506,253994.00000000,253939.90570000,0
2026-03-11 13:00:00,0.9997,0.9998,0.9996,0.9997,1546907.0,2026-03-11 13:59:59.999,1546427.90610000,972,683499.00000000,683310.38170000,0
2026-03-11 14:00:00,0.9996,0.9997,0.9996,0.9997,1858481.0,2026-03-11 14:59:59.999,1857792.03110000,580,544235.00000000,544071.72950000,0
2026-03-11 15:00:00,0.9997,0.9997,0.9995,0.9997,1980689.0,2026-03-11 15:59:59.999,1979924.91160000,907,1138997.00000000,1138572.82620000,0
2026-03-11 16:00:00,0.9997,0.9997,0.9995,0.9996,664365.0,2026-03-11 16:59:59.999,664103.29940000,347,206078.00000000,206007.63400000,0
2026-03-11 17:00:00,0.9996,0.9997,0.9995,0.9996,409147.0,2026-03-11 17:59:59.999,408998.29550000,860,218806.00000000,218734.00140000,0
2026-03-11 18:00:00,0.9996,0.9997,0.9995,0.9997,156110.0,2026-03-11 18:59:59.999,156052.84930000,466,69422.00000000,69401.17340000,0
2026-03-11 19:00:00,0.9997,0.9997,0.9996,0.9997,131797.0,2026-03-11 19:59:59.999,131756.09730000,154,118161.00000000,118125.55170000,0
2026-03-11 20:00:00,0.9997,0.9997,0.9996,0.9996,140028.0,2026-03-11 20:59:59.999,139984.89990000,619,129111.00000000,129072.26670000,0
2026-03-11 21:00:00,0.9997,0.9997,0.9996,0.9996,431566.0,2026-03-11 21:59:59.999,431405.46890000,491,120953.00000000,120916.71410000,0
