timestamp,open,high,low,close,volume,close_time,quote_asset_volume,number_of_trades,taker_buy_base_volume,taker_buy_quote_volume,ignore
2025-09-01 13:00:00,0.2,0.478,0.2,0.2798,954771872.7,2025-09-01 13:59:59.999,286866770.55931000,441105,526754463.50,158211482.21475000,0
2025-09-01 14:00:00,0.2798,0.285,0.245,0.258,855116225.9,2025-09-01 14:59:59.999,222866858.45667000,359858,441797034.70,115212341.73853000,0
2025-09-01 15:00:00,0.258,0.268,0.2504,0.2541,309072471.9,2025-09-01 15:59:59.999,80546622.76934000,133442,144914216.10,37789265.74204000,0
2025-09-01 16:00:00,0.254,0.2549,0.231,0.2475,318977262.5,2025-09-01 16:59:59.999,76438790.52805000,114506,148379877.30,35564746.74388000,0
2025-09-01 17:00:00,0.2475,0.2528,0.2417,0.2491,155765034.4,2025-09-01 17:59:59.999,38548205.99146000,72779,77409392.60,19164162.59578000,0
2025-09-01 18:00:00,0.2491,0.2515,0.2273,0.2278,303309759.3,2025-09-01 18:59:59.999,72092694.47429000,96889,132424804.10,31523691.65294000,0
2025-09-01 19:00:00,0.2277,0.2307,0.2107,0.2178,420482801.4,2025-09-01 19:59:59.999,92300151.91769000,123780,188176216.50,41297310.69572000,0
2025-09-01 20:00:00,0.2178,0.2224,0.2074,0.2152,183491709.2,2025-09-01 20:59:59.999,39476944.29740000,75286,89507217.70,19266916.47819000,0
2025-09-01 21:00:00,0.2152,0.2282,0.2148,0.2196,136769332.2,2025-09-01 21:59:59.999,30349539.38031000,51655,72079470.90,15985552.77993000,0
2025-09-01 22:00:00,0.2196,0.2393,0.2138,0.2352,141694068.9,2025-09-01 22:59:59.999,32220454.42047000,52496,75378728.10,17148070.10907000,0
2025-09-01 23:00:00,0.2352,0.2372,0.2301,0.2335,105600430.6,2025-09-01 23:59:59.999,24743066.79736000,39913,57123194.20,13388016.66526000,0
2025-09-02 00:00:00,0.2335,0.2507,0.2289,0.2427,167173624.7,2025-09-02 00:59:59.999,40261440.03573000,46595,95752385.50,23105223.27640000,0
2025-09-02 01:00:00,0.2426,0.2522,0.2379,0.2385,162324300.9,2025-09-02 01:59:59.999,39909777.71986000,52476,88102586.30,21676940.42012000,0
2025-09-02 02:00:00,0.2385,0.2408,0.225,0.232,109973569.3,2025-09-02 02:59:59.999,25733689.61651000,34969,56652730.00,13283048.04173000,0
2025-09-02 03:00:00,0.232,0.234,0.2237,0.2295,63486750.6,2025-09-02 03:59:59.999,14513392.77611000,26066,27681068.30,6335015.15906000,0
2025-09-02 04:00:00,0.2294,0.2383,0.229,0.2354,48237758.8,2025-09-02 04:59:59.999,11305479.53464000,21552,24560922.80,5757779.96205000,0
2025-09-02 05:00:00,0.2352,0.2426,0.2292,0.2412,81122383.0,2025-09-02 05:59:59.999,19027440.62243000,26011,46390649.30,10864790.01025000,0
2025-09-02 06:00:00,0.2412,0.245,0.238,0.2416,58108142.1,2025-09-02 06:59:59.999,14088686.84010000,22000,28490156.90,6912877.99020000,0
2025-09-02 07:00:00,0.2417,0.2501,0.2387,0.2475,60631960.2,2025-09-02 07:59:59.999,14839894.31652000,21710,30535857.10,7472950.23846000,0
2025-09-02 08:00:00,0.2476,0.2515,0.2404,0.2435,61265835.6,2025-09-02 08:59:59.999,15094992.67219000,23920,29708014.20,7323831.63715000,0
2025-09-02 09:00:00,0.2436,0.2602,0.2423,0.2582,109253126.7,2025-09-02 09:59:59.999,27824220.27667000,34306,59375605.50,15133243.43606000,0
2025-09-02 10:00:00,0.2581,0.2588,0.2486,0.2502,65847665.6,2025-09-02 10:59:59.999,16634264.55775000,24700,31144470.40,7866259.29849000,0
2025-09-02 11:00:00,0.2502,0.2519,0.2357,0.2427,100883987.7,2025-09-02 11:59:59.999,24420365.43747000,31445,47174216.80,11409966.73738000,0
2025-09-02 12:00:00,0.2428,0.2434,0.2234,0.2281,134541364.4,2025-09-02 12:59:59.999,31274754.32275000,31753,64602449.90,15021266.15945000,0
2025-09-02 13:00:00,0.2281,0.2372,0.2241,0.2326,130689815.4,2025-09-02 13:59:59.999,30229321.04466000,33134,66397104.60,15358818.36658000,0
2025-09-02 14:00:00,0.2327,0.2348,0.2162,0.2183,209382612.6,2025-09-02 14:59:59.999,46885064.54942000,46049,110064323.80,24663990.31107000,0
2025-09-02 15:00:00,0.2184,0.2264,0.2156,0.2211,105017823.8,2025-09-02 15:59:59.999,23216755.96885000,28934,52931073.30,11710200.88632000,0
2025-09-02 16:00:00,0.221,0.23,0.2159,0.229,82022000.8,2025-09-02 16:59:59.999,18289105.89504000,23544,43043505.80,9619532.98762000,0
2025-09-02 17:00:00,0.2288,0.2316,0.2256,0.2301,48280780.5,2025-09-02 17:59:59.999,11024926.74607000,14997,23620854.30,5398667.26436000,0
2025-09-02 18:00:00,0.2302,0.231,0.2218,0.229,66063782.3,2025-09-02 18:59:59.999,14974887.27650000,19095,33351301.40,7567638.67077000,0
2025-09-02 19:00:00,0.229,0.2299,0.2207,0.2277,50216516.1,2025-09-02 19:59:59.999,11370583.52316000,14940,23923880.70,5419332.77858000,0
2025-09-02 20:00:00,0.2277,0.234,0.2272,0.2323,36101280.1,2025-09-02 20:59:59.999,8332021.32407000,12788,20946466.60,4835440.16345000,0
2025-09-02 21:00:00,0.2323,0.2376,0.2286,0.2306,38341193.7,2025-09-02 21:59:59.999,8962936.19943000,13683,18879089.20,4419673.14631000,0
2025-09-02 22:00:00,0.2306,0.2328,0.2286,0.2302,20107928.0,2025-09-02 22:59:59.999,4633797.76345000,8800,9729341.20,2243279.44148000,0
2025-09-02 23:00:00,0.2303,0.2319,0.2263,0.2271,40120641.5,2025-09-02 23:59:59.999,9183083.40504000,12868,17842190.20,4087726.38353000,0
2025-09-03 00:00:00,0.2271,0.2294,0.2238,0.2266,31285041.0,2025-09-03 00:59:59.999,7095708.21552000,14231,18802310.90,4265902.80212000,0
2025-09-03 01:00:00,0.2267,0.2287,0.2218,0.2275,47101232.8,2025-09-03 01:59:59.999,10565089.21694000,16300,18468039.80,4151529.80881000,0
2025-09-03 02:00:00,0.2276,0.2312,0.227,0.2297,33563757.2,2025-09-03 02:59:59.999,7703491.80403000,13058,18651228.90,4283532.60174000,0
2025-09-03 03:00:00,0.2296,0.2305,0.2257,0.2274,22849018.6,2025-09-03 03:59:59.999,5223439.03415000,10072,12995386.00,2972846.71367000,0
2025-09-03 04:00:00,0.2274,0.2311,0.2256,0.2311,22928732.9,2025-09-03 04:59:59.999,5238095.48011000,9553,13786524.10,3150056.98006000,0
2025-09-03 05:00:00,0.2311,0.2334,0.2285,0.233,22803230.9,2025-09-03 05:59:59.999,5274544.44733000,10568,12694440.10,2935882.36585000,0
2025-09-03 06:00:00,0.233,0.2345,0.2259,0.2266,36424598.3,2025-09-03 06:59:59.999,8336158.43564000,13681,15795767.20,3616496.41830000,0
2025-09-03 07:00:00,0.2265,0.2285,0.221,0.226,56556876.3,2025-09-03 07:59:59.999,12667994.10042000,18351,24765002.40,5551707.89740000,0
2025-09-03 08:00:00,0.226,0.2277,0.2218,0.2269,61995969.6,2025-09-03 08:59:59.999,13924866.15043000,19053,33207960.30,7463499.22014000,0
2025-09-03 09:00:00,0.227,0.2292,0.2238,0.2282,21053051.7,2025-09-03 09:59:59.999,4781505.05537000,9318,10505615.60,2387377.99771000,0
2025-09-03 10:00:00,0.2282,0.2306,0.2268,0.2296,22155267.4,2025-09-03 10:59:59.999,5075158.00141000,9286,11317782.00,2593016.58556000,0
2025-09-03 11:00:00,0.2295,0.2305,0.227,0.2297,18899011.0,2025-09-03 11:59:59.999,4327096.67110000,9265,9932270.90,2275676.82268000,0
2025-09-03 12:00:00,0.2297,0.231,0.2274,0.228,23384740.3,2025-09-03 12:59:59.999,5357955.74717000,9899,9951256.20,2281731.31050000,0
2025-09-03 13:00:00,0.228,0.2294,0.222,0.2231,69005827.7,2025-09-03 13:59:59.999,15545342.72402000,21334,28590838.10,6445267.22141000,0
2025-09-03 14:00:00,0.2232,0.2246,0.2127,0.2208,126143605.1,2025-09-03 14:59:59.999,27567873.41193000,42345,61149014.60,13364476.74383000,0
2025-09-03 15:00:00,0.2208,0.2225,0.2164,0.2183,36610246.1,2025-09-03 15:59:59.999,8029139.74361000,17186,16676824.10,3658769.82806000,0
2025-09-03 16:00:00,0.2185,0.2211,0.2149,0.2163,45976153.2,2025-09-03 16:59:59.999,10016014.80630000,22045,18415911.10,4018118.50415000,0
2025-09-03 17:00:00,0.2163,0.2219,0.2159,0.2211,29303213.6,2025-09-03 17:59:59.999,6447467.51700000,16947,13544192.10,2979387.41600000,0
2025-09-03 18:00:00,0.2212,0.2233,0.2186,0.2193,17354275.4,2025-09-03 18:59:59.999,3838503.53472000,11812,7555657.10,1672167.44139000,0
2025-09-03 19:00:00,0.2193,0.2198,0.2099,0.2117,66704701.5,2025-09-03 19:59:59.999,14285369.32878000,35094,30087659.80,6450089.90199000,0
2025-09-03 20:00:00,0.2118,0.2146,0.2093,0.2144,35986852.3,2025-09-03 20:59:59.999,7634225.41448000,22451,17288130.50,3669379.29468000,0
2025-09-03 21:00:00,0.2145,0.2155,0.2132,0.2153,37932659.7,2025-09-03 21:59:59.999,8130817.34209000,19090,15628502.70,3350965.63266000,0
2025-09-03 22:00:00,0.2153,0.2181,0.2146,0.217,29470418.8,2025-09-03 22:59:59.999,6379242.85237000,18975,15967954.90,3455303.92984000,0
2025-09-03 23:00:00,0.217,0.2192,0.2158,0.2173,22980890.1,2025-09-03 23:59:59.999,4995059.97160000,11653,12063966.80,2622417.07156000,0
2025-09-04 00:00:00,0.2172,0.2186,0.2156,0.2163,16891301.8,2025-09-04 00:59:59.999,3667234.92830000,11275,7093421.40,1540480.58034000,0
2025-09-04 01:00:00,0.2164,0.218,0.2146,0.2172,21704797.7,2025-09-04 01:59:59.999,4695678.05925000,12398,10705250.50,2314691.56039000,0
2025-09-04 02:00:00,0.2171,0.2172,0.2102,0.2113,33266598.8,2025-09-04 02:59:59.999,7104801.32615000,16647,13906841.90,2966349.35623000,0
2025-09-04 03:00:00,0.2113,0.2145,0.2099,0.2107,35797918.1,2025-09-04 03:59:59.999,7573938.76109000,15152,18395545.20,3891351.44698000,0
2025-09-04 04:00:00,0.2107,0.2119,0.201,0.2033,100921650.4,2025-09-04 04:59:59.999,20710254.89599000,38993,49447383.60,10156280.67945000,0
2025-09-04 05:00:00,0.2033,0.2036,0.1814,0.1874,371202811.3,2025-09-04 05:59:59.999,70972411.74395000,122456,187377700.10,35773195.24509000,0
2025-09-04 06:00:00,0.1874,0.1884,0.1775,0.1798,201914281.5,2025-09-04 06:59:59.999,36906674.18858000,72541,96948068.20,17734595.16185000,0
2025-09-04 07:00:00,0.1797,0.1839,0.1775,0.1819,155354506.3,2025-09-04 07:59:59.999,28102391.74178000,54066,73187275.80,13233386.14985000,0
2025-09-04 08:00:00,0.182,0.1842,0.1725,0.1781,155180244.0,2025-09-04 08:59:59.999,27810716.76164000,57854,71241779.20,12764220.41435000,0
2025-09-04 09:00:00,0.1781,0.1804,0.1721,0.1799,139260743.6,2025-09-04 09:59:59.999,24513271.78695000,51041,69641199.00,12258770.79906000,0
2025-09-04 10:00:00,0.1798,0.1844,0.1786,0.1823,85061798.0,2025-09-04 10:59:59.999,15421685.76159000,30136,36733395.10,6665094.69478000,0
2025-09-04 11:00:00,0.1823,0.1833,0.1778,0.1787,53312594.0,2025-09-04 11:59:59.999,9623462.54786000,25188,22882432.60,4134664.11184000,0
2025-09-04 12:00:00,0.1787,0.1811,0.1744,0.1775,54615142.7,2025-09-04 12:59:59.999,9676683.36306000,25706,26224384.20,4649021.46142000,0
2025-09-04 13:00:00,0.1775,0.18,0.1647,0.1684,139601928.6,2025-09-04 13:59:59.999,24049909.05333000,50709,66041578.00,11385064.35457000,0
2025-09-04 14:00:00,0.1685,0.1703,0.1611,0.166,168923107.4,2025-09-04 14:59:59.999,27998398.36016000,48280,83361372.90,13818187.48550000,0
2025-09-04 15:00:00,0.166,0.178,0.1642,0.1751,113513081.8,2025-09-04 15:59:59.999,19329772.79387000,39594,61099614.30,10410967.21920000,0
2025-09-04 16:00:00,0.1751,0.1799,0.1722,0.1798,115368061.9,2025-09-04 16:59:59.999,20386340.24491000,41035,55764613.20,9850724.04433000,0
2025-09-04 17:00:00,0.1798,0.1953,0.1747,0.1771,277884638.9,2025-09-04 17:59:59.999,51432928.96645000,97887,141162357.60,26136208.20972000,0
2025-09-04 18:00:00,0.1772,0.1858,0.1744,0.1838,87882681.4,2025-09-04 18:59:59.999,15705679.05300000,37555,47159256.90,8436123.04636000,0
2025-09-04 19:00:00,0.1839,0.1902,0.1828,0.1862,77263549.6,2025-09-04 19:59:59.999,14447667.08832000,42762,40135287.00,7508455.42852000,0
2025-09-04 20:00:00,0.1862,0.1895,0.1823,0.1835,38987027.7,2025-09-04 20:59:59.999,7230714.33332000,21331,18703748.30,3475009.62279000,0
2025-09-04 21:00:00,0.1835,0.1845,0.18,0.183,43861136.2,2025-09-04 21:59:59.999,7959401.79102000,16499,17457481.70,3175978.31921000,0
2025-09-04 22:00:00,0.183,0.1902,0.1827,0.1898,32834124.0,2025-09-04 22:59:59.999,6103201.15942000,16385,18059939.60,3355200.32890000,0
2025-09-04 23:00:00,0.1898,0.1905,0.1849,0.1867,57496200.6,2025-09-04 23:59:59.999,10807597.68193000,22547,23740832.20,4468695.88168000,0
2025-09-05 00:00:00,0.1866,0.1883,0.1812,0.1818,62371560.7,2025-09-05 00:59:59.999,11507039.96960000,27077,25573520.20,4718012.00519000,0
2025-09-05 01:00:00,0.1819,0.1854,0.1805,0.183,30249125.0,2025-09-05 01:59:59.999,5530437.93005000,18175,14728163.80,2691755.13117000,0
2025-09-05 02:00:00,0.1831,0.1839,0.1774,0.1807,39452554.4,2025-09-05 02:59:59.999,7119666.01500000,20459,19923012.20,3594365.27691000,0
2025-09-05 03:00:00,0.1807,0.1855,0.1807,0.1855,54138362.2,2025-09-05 03:59:59.999,9915346.82349000,20851,25953539.70,4755852.19275000,0
2025-09-05 04:00:00,0.1855,0.19,0.1854,0.1883,50122010.5,2025-09-05 04:59:59.999,9410358.75295000,23187,27680047.20,5201116.42034000,0
2025-09-05 05:00:00,0.1883,0.1902,0.184,0.1847,39208758.9,2025-09-05 05:59:59.999,7349506.76564000,19456,19912298.00,3733872.83836000,0
2025-09-05 06:00:00,0.1847,0.1848,0.1791,0.1809,54035909.6,2025-09-05 06:59:59.999,9807719.03171000,23292,22638141.20,4111320.95052000,0
2025-09-05 07:00:00,0.181,0.19,0.1805,0.1869,65139864.7,2025-09-05 07:59:59.999,12071725.53144000,28899,32986174.10,6122746.63196000,0
2025-09-05 08:00:00,0.1869,0.1881,0.1842,0.1856,45435793.5,2025-09-05 08:59:59.999,8453182.40617000,22597,20689567.00,3849792.40103000,0
2025-09-05 09:00:00,0.1855,0.1869,0.1828,0.1844,32758522.6,2025-09-05 09:59:59.999,6047845.99233000,16692,15991503.80,2953420.92647000,0
2025-09-05 10:00:00,0.1844,0.1912,0.1844,0.1859,43796411.4,2025-09-05 10:59:59.999,8223845.23557000,21042,21364394.90,4013152.71196000,0
2025-09-05 11:00:00,0.1858,0.1928,0.1853,0.1901,79886283.3,2025-09-05 11:59:59.999,15075921.73249000,31425,39788920.40,7511432.23017000,0
2025-09-05 12:00:00,0.1901,0.1912,0.1836,0.1868,87025853.7,2025-09-05 12:59:59.999,16301837.31311000,35191,38085805.10,7136310.93751000,0
2025-09-05 13:00:00,0.1868,0.1915,0.1831,0.1875,90646817.6,2025-09-05 13:59:59.999,16913452.28673000,37285,50207287.70,9360792.56605000,0
2025-09-05 14:00:00,0.1875,0.1881,0.1799,0.1849,109276354.2,2025-09-05 14:59:59.999,20049035.44274000,39043,49350408.80,9054591.53450000,0
2025-09-05 15:00:00,0.1848,0.1865,0.1773,0.1809,57744964.6,2025-09-05 15:59:59.999,10497234.12673000,29320,27183760.60,4937977.96708000,0
2025-09-05 16:00:00,0.181,0.1846,0.1796,0.184,35254115.1,2025-09-05 16:59:59.999,6409648.71635000,19198,17044914.60,3098322.25514000,0
2025-09-05 17:00:00,0.1841,0.1853,0.1805,0.1809,25658081.9,2025-09-05 17:59:59.999,4683407.99199000,13621,12627795.90,2304780.00446000,0
2025-09-05 18:00:00,0.181,0.1849,0.18,0.1843,25026157.5,2025-09-05 18:59:59.999,4581115.03373000,12237,11664435.50,2136133.08849000,0
2025-09-05 19:00:00,0.1842,0.1845,0.1807,0.1815,23639364.0,2025-09-05 19:59:59.999,4309539.14303000,10769,10914735.10,1990176.79312000,0
2025-09-05 20:00:00,0.1815,0.182,0.1748,0.1772,57536258.7,2025-09-05 20:59:59.999,10231127.30725000,20056,26279872.80,4673117.77059000,0
2025-09-05 21:00:00,0.1771,0.1787,0.1736,0.1771,44897208.8,2025-09-05 21:59:59.999,7931707.76440000,21111,24426660.70,4315740.26403000,0
2025-09-05 22:00:00,0.1772,0.1796,0.1762,0.1792,22416812.0,2025-09-05 22:59:59.999,3984274.43218000,14048,10505533.60,1868044.62028000,0
2025-09-05 23:00:00,0.1793,0.1821,0.1782,0.1812,21297379.7,2025-09-05 23:59:59.999,3844934.92373000,12324,11885816.00,2146234.93590000,0
2025-09-06 00:00:00,0.1812,0.1834,0.1802,0.1829,19810602.9,2025-09-06 00:59:59.999,3600523.57652000,11407,9305847.30,1691917.68465000,0
2025-09-06 01:00:00,0.1829,0.1846,0.1824,0.1833,17231502.2,2025-09-06 01:59:59.999,3162532.69589000,9985,7861755.30,1443260.75689000,0
2025-09-06 02:00:00,0.1833,0.1834,0.1814,0.1816,18438812.4,2025-09-06 02:59:59.999,3361085.40780000,11046,6692707.30,1220141.54361000,0
2025-09-06 03:00:00,0.1816,0.1844,0.1807,0.1832,18693214.2,2025-09-06 03:59:59.999,3420418.62935000,13510,7971189.70,1458687.08421000,0
2025-09-06 04:00:00,0.1832,0.1838,0.1816,0.1827,19880754.0,2025-09-06 04:59:59.999,3635039.38475000,11587,9485554.20,1734828.84673000,0
2025-09-06 05:00:00,0.1828,0.1853,0.1821,0.1845,21363382.9,2025-09-06 05:59:59.999,3935431.34588000,11695,11549279.30,2127802.34783000,0
2025-09-06 06:00:00,0.1846,0.1854,0.1829,0.1834,32633734.2,2025-09-06 06:59:59.999,6006414.57779000,14144,16271214.20,2995197.98334000,0
2025-09-06 07:00:00,0.1834,0.1881,0.1832,0.1878,25316225.8,2025-09-06 07:59:59.999,4697389.34589000,13328,13830340.40,2568156.08840000,0
2025-09-06 08:00:00,0.1877,0.1896,0.1854,0.1888,45835500.3,2025-09-06 08:59:59.999,8615162.46927000,18540,24560576.00,4620326.41407000,0
2025-09-06 09:00:00,0.1887,0.1968,0.1879,0.1955,89441198.1,2025-09-06 09:59:59.999,17205994.95537000,40622,46279739.10,8916297.31448000,0
2025-09-06 10:00:00,0.1954,0.2007,0.1946,0.1979,108877115.6,2025-09-06 10:59:59.999,21511290.53904000,53631,54579261.40,10796592.24417000,0
2025-09-06 11:00:00,0.1979,0.1989,0.1922,0.1939,63109496.1,2025-09-06 11:59:59.999,12320286.71009000,33408,27355605.80,5342841.41497000,0
2025-09-06 12:00:00,0.1938,0.1977,0.1922,0.1973,33144490.8,2025-09-06 12:59:59.999,6468974.28246000,20003,18766138.80,3663805.05504000,0
2025-09-06 13:00:00,0.1972,0.1979,0.1932,0.1968,52567147.4,2025-09-06 13:59:59.999,10308312.85511000,23418,22987943.00,4510307.79492000,0
2025-09-06 14:00:00,0.1967,0.1975,0.1942,0.1949,26308428.1,2025-09-06 14:59:59.999,5149109.37071000,12134,10998117.80,2152731.42946000,0
2025-09-06 15:00:00,0.1948,0.1961,0.1898,0.1925,45680044.3,2025-09-06 15:59:59.999,8789358.26807000,20526,19039865.90,3664833.02839000,0
2025-09-06 16:00:00,0.1925,0.1991,0.1924,0.1985,54820956.3,2025-09-06 16:59:59.999,10791294.44814000,28335,27505898.30,5414927.47603000,0
2025-09-06 17:00:00,0.1985,0.1991,0.1926,0.1935,35452510.0,2025-09-06 17:59:59.999,6972705.10827000,20480,15975691.80,3146810.54350000,0
2025-09-06 18:00:00,0.1935,0.2107,0.1913,0.2051,193558061.5,2025-09-06 18:59:59.999,39148436.07264000,88573,82591537.80,16625735.50869000,0
2025-09-06 19:00:00,0.2051,0.22,0.2028,0.217,225147671.7,2025-09-06 19:59:59.999,48047432.38199000,82800,93640930.90,19977030.35363000,0
2025-09-06 20:00:00,0.2169,0.2193,0.2116,0.2118,71491548.0,2025-09-06 20:59:59.999,15397711.19948000,33085,39813559.90,8586863.98268000,0
2025-09-06 21:00:00,0.2118,0.2154,0.2101,0.212,31013630.0,2025-09-06 21:59:59.999,6602351.03096000,19148,15977872.30,3404292.25435000,0
2025-09-06 22:00:00,0.2119,0.2134,0.2093,0.2131,34060858.1,2025-09-06 22:59:59.999,7217188.56467000,18716,18212401.20,3861052.79052000,0
2025-09-06 23:00:00,0.2132,0.2188,0.212,0.2162,56169924.8,2025-09-06 23:59:59.999,12131883.06804000,27322,30738476.80,6638446.89473000,0
2025-09-07 00:00:00,0.2162,0.2245,0.2146,0.2245,65041642.3,2025-09-07 00:59:59.999,14268557.73354000,29810,38070738.30,8354688.56211000,0
2025-09-07 01:00:00,0.2245,0.2295,0.2182,0.2278,101034205.9,2025-09-07 01:59:59.999,22846897.96440000,43113,42570688.90,9622443.64386000,0
2025-09-07 02:00:00,0.2277,0.2286,0.2221,0.2235,70935941.4,2025-09-07 02:59:59.999,15919601.51550000,25103,28406004.10,6373036.03673000,0
2025-09-07 03:00:00,0.2235,0.2412,0.2233,0.239,97189809.9,2025-09-07 03:59:59.999,22679911.44113000,44958,51092415.80,11906912.88948000,0
2025-09-07 04:00:00,0.2391,0.2449,0.2311,0.2354,132503040.6,2025-09-07 04:59:59.999,31534868.73632000,57429,61750348.40,14709696.64699000,0
2025-09-07 05:00:00,0.2354,0.2426,0.2345,0.239,70022167.5,2025-09-07 05:59:59.999,16630673.35736000,30507,33770666.70,8022086.24562000,0
2025-09-07 06:00:00,0.2389,0.2431,0.2365,0.2375,51428267.7,2025-09-07 06:59:59.999,12330340.02215000,31341,23750359.90,5695407.78373000,0
2025-09-07 07:00:00,0.2375,0.2418,0.2352,0.2372,42302485.3,2025-09-07 07:59:59.999,10072501.37761000,26128,19742423.60,4702471.10430000,0
2025-09-07 08:00:00,0.2372,0.2421,0.236,0.2383,51659544.5,2025-09-07 08:59:59.999,12377822.57794000,28053,28356791.50,6797434.66842000,0
2025-09-07 09:00:00,0.2383,0.2409,0.2233,0.2273,119616337.8,2025-09-07 09:59:59.999,27667852.13644000,57680,51875474.90,11973643.69676000,0
2025-09-07 10:00:00,0.2273,0.2355,0.2271,0.232,68528277.8,2025-09-07 10:59:59.999,15824290.55978000,35353,31571059.40,7296275.86814000,0
2025-09-07 11:00:00,0.232,0.2349,0.2308,0.2324,38968044.7,2025-09-07 11:59:59.999,9083791.22053000,20851,18035182.80,4203645.15536000,0
2025-09-07 12:00:00,0.2324,0.233,0.2259,0.2291,62106983.3,2025-09-07 12:59:59.999,14254781.17946000,30111,26483941.20,6082966.53223000,0
2025-09-07 13:00:00,0.2291,0.2307,0.2267,0.2273,27810766.9,2025-09-07 13:59:59.999,6352337.42660000,17943,13321553.10,3043326.86023000,0
2025-09-07 14:00:00,0.2273,0.2293,0.2182,0.2232,95530901.9,2025-09-07 14:59:59.999,21286572.70912000,61643,44166551.80,9855976.24830000,0
2025-09-07 15:00:00,0.2232,0.2268,0.2201,0.2261,37002157.2,2025-09-07 15:59:59.999,8275283.78979000,23568,18885737.80,4229126.37372000,0
2025-09-07 16:00:00,0.226,0.2266,0.2192,0.2231,57965532.4,2025-09-07 16:59:59.999,12885735.41197000,38708,20655970.00,4593041.64137000,0
2025-09-07 17:00:00,0.223,0.2313,0.2225,0.2277,75100964.5,2025-09-07 17:59:59.999,17122072.39453000,44576,36697479.80,8372050.96254000,0
2025-09-07 18:00:00,0.2277,0.2295,0.2269,0.2272,28295980.7,2025-09-07 18:59:59.999,6456106.04833000,22096,12611763.30,2878831.99517000,0
2025-09-07 19:00:00,0.2272,0.2275,0.2217,0.2238,35055212.1,2025-09-07 19:59:59.999,7861890.19111000,21144,16647959.60,3734474.55907000,0
2025-09-07 20:00:00,0.2238,0.2285,0.2237,0.2274,17411683.0,2025-09-07 20:59:59.999,3944736.85958000,13968,9041403.80,2047521.99836000,0
2025-09-07 21:00:00,0.2274,0.2303,0.226,0.2287,34055127.9,2025-09-07 21:59:59.999,7775128.33564000,22832,13623339.10,3112281.88079000,0
2025-09-07 22:00:00,0.2288,0.2322,0.2258,0.227,31293344.2,2025-09-07 22:59:59.999,7150523.49564000,24332,18464769.00,4220777.24650000,0
2025-09-07 23:00:00,0.2271,0.2283,0.2242,0.2251,18649758.1,2025-09-07 23:59:59.999,4216308.54917000,12826,9143272.20,2067905.74134000,0
2025-09-08 00:00:00,0.2252,0.2306,0.2237,0.2298,28810103.8,2025-09-08 00:59:59.999,6543554.10983000,16980,15220893.60,3457992.58229000,0
2025-09-08 01:00:00,0.2298,0.2332,0.2288,0.2297,40269232.6,2025-09-08 01:59:59.999,9314066.19990000,22579,22470350.30,5197832.84275000,0
2025-09-08 02:00:00,0.2297,0.2318,0.2284,0.2291,22082413.1,2025-09-08 02:59:59.999,5083170.16014000,16204,11674817.50,2687649.74767000,0
2025-09-08 03:00:00,0.2291,0.2298,0.2184,0.2204,75175237.0,2025-09-08 03:59:59.999,16824760.08004000,32371,37638789.40,8421008.24812000,0
2025-09-08 04:00:00,0.2204,0.2212,0.2099,0.2123,123167836.0,2025-09-08 04:59:59.999,26330605.86530000,57420,57425315.10,12293590.99188000,0
2025-09-08 05:00:00,0.2123,0.2123,0.2067,0.2091,99377065.3,2025-09-08 05:59:59.999,20796240.59216000,37365,56777610.00,11880201.78313000,0
2025-09-08 06:00:00,0.2091,0.2108,0.2016,0.21,165442518.9,2025-09-08 06:59:59.999,34161704.55026000,56943,94627825.40,19527341.32768000,0
2025-09-08 07:00:00,0.21,0.2131,0.2093,0.2103,65612710.1,2025-09-08 07:59:59.999,13856502.87583000,23456,30756331.50,6491934.59311000,0
2025-09-08 08:00:00,0.2103,0.2118,0.2065,0.2074,90995815.3,2025-09-08 08:59:59.999,18998499.41544000,29811,42251567.90,8826905.86806000,0
2025-09-08 09:00:00,0.2074,0.2109,0.2059,0.2096,72603267.7,2025-09-08 09:59:59.999,15092181.76362000,33592,44371277.80,9218838.48532000,0
2025-09-08 10:00:00,0.2096,0.21,0.2066,0.2087,48628180.1,2025-09-08 10:59:59.999,10139169.08476000,29381,21504854.30,4485736.09774000,0
2025-09-08 11:00:00,0.2088,0.209,0.2067,0.208,40334117.4,2025-09-08 11:59:59.999,8381404.22103000,16593,18041187.70,3748898.42143000,0
2025-09-08 12:00:00,0.2079,0.2184,0.2072,0.212,79950341.6,2025-09-08 12:59:59.999,17114529.07603000,37760,41944555.40,8968428.51989000,0
2025-09-08 13:00:00,0.2119,0.2127,0.2086,0.2106,64734918.6,2025-09-08 13:59:59.999,13613158.32526000,28562,35527654.60,7466511.25411000,0
2025-09-08 14:00:00,0.2105,0.2159,0.2104,0.2113,41628558.8,2025-09-08 14:59:59.999,8849095.03831000,21336,20858502.40,4435431.33317000,0
2025-09-08 15:00:00,0.2114,0.2164,0.2108,0.2146,44632624.4,2025-09-08 15:59:59.999,9562378.07498000,22238,22229298.80,4765888.72544000,0
2025-09-08 16:00:00,0.2146,0.2171,0.2114,0.2133,42269481.9,2025-09-08 16:59:59.999,9040014.74953000,21869,20482806.30,4381763.49197000,0
2025-09-08 17:00:00,0.2133,0.2134,0.2094,0.2123,28491905.9,2025-09-08 17:59:59.999,6016362.44075000,17539,13452232.60,2841306.45846000,0
2025-09-08 18:00:00,0.2123,0.2132,0.205,0.2094,43169837.5,2025-09-08 18:59:59.999,9003193.79805000,25853,22316571.00,4651687.93116000,0
2025-09-08 19:00:00,0.2095,0.2102,0.207,0.2095,32182433.6,2025-09-08 19:59:59.999,6702446.67434000,14757,13679093.00,2850890.92780000,0
2025-09-08 20:00:00,0.2095,0.2118,0.208,0.2115,19101175.1,2025-09-08 20:59:59.999,4004110.55233000,9381,8953259.00,1877454.74715000,0
2025-09-08 21:00:00,0.2115,0.2129,0.2093,0.21,43020662.5,2025-09-08 21:59:59.999,9069270.11173000,20986,15099695.00,3184688.26482000,0
2025-09-08 22:00:00,0.21,0.2108,0.208,0.21,34276675.0,2025-09-08 22:59:59.999,7171897.72356000,20157,15688837.50,3282949.73331000,0
2025-09-08 23:00:00,0.2101,0.2115,0.2091,0.2111,12566820.9,2025-09-08 23:59:59.999,2643910.46162000,9450,6575372.80,1383303.68875000,0
2025-09-09 00:00:00,0.2111,0.2147,0.2104,0.2129,24123439.1,2025-09-09 00:59:59.999,5130924.73324000,15806,12673792.20,2696510.03183000,0
2025-09-09 01:00:00,0.2129,0.2147,0.2104,0.2114,21147764.7,2025-09-09 01:59:59.999,4503225.12199000,12131,10453601.40,2227045.61243000,0
2025-09-09 02:00:00,0.2114,0.2118,0.2024,0.2043,51866540.7,2025-09-09 02:59:59.999,10695398.08387000,24087,19880072.80,4106078.40799000,0
2025-09-09 03:00:00,0.2044,0.2068,0.2011,0.2063,39631082.5,2025-09-09 03:59:59.999,8097782.97053000,22770,18011687.50,3678765.27809000,0
2025-09-09 04:00:00,0.2062,0.2114,0.2056,0.2107,18814178.5,2025-09-09 04:59:59.999,3924824.28179000,15420,9466867.50,1972638.66924000,0
2025-09-09 05:00:00,0.2107,0.2135,0.2096,0.2127,28178796.2,2025-09-09 05:59:59.999,5972876.14644000,15189,15474141.40,3279477.92025000,0
2025-09-09 06:00:00,0.2128,0.2154,0.2116,0.2137,28731697.8,2025-09-09 06:59:59.999,6122221.64421000,16335,14059937.00,2997006.05154000,0
2025-09-09 07:00:00,0.2138,0.2235,0.2131,0.2192,60880613.2,2025-09-09 07:59:59.999,13305927.87341000,35134,33457681.40,7312254.72316000,0
2025-09-09 08:00:00,0.2192,0.2218,0.2174,0.2177,26532374.5,2025-09-09 08:59:59.999,5820883.94764000,17564,12586779.10,2762265.42063000,0
2025-09-09 09:00:00,0.2177,0.2202,0.2158,0.2174,31249546.5,2025-09-09 09:59:59.999,6813388.14315000,16297,13817542.90,3013079.37439000,0
2025-09-09 10:00:00,0.2174,0.2184,0.213,0.2143,35276516.7,2025-09-09 10:59:59.999,7596557.13393000,18070,13568026.70,2922076.86966000,0
2025-09-09 11:00:00,0.2143,0.2164,0.2142,0.2159,13461090.6,2025-09-09 11:59:59.999,2898031.90798000,7880,6889804.20,1483327.62553000,0
2025-09-09 12:00:00,0.2159,0.2161,0.2096,0.2113,40466266.6,2025-09-09 12:59:59.999,8608565.18731000,20346,14779683.20,3145854.43878000,0
2025-09-09 13:00:00,0.2113,0.2131,0.2093,0.2126,29496638.5,2025-09-09 13:59:59.999,6224540.40810000,15369,15168282.20,3199646.11240000,0
2025-09-09 14:00:00,0.2125,0.2135,0.2077,0.2099,44122409.4,2025-09-09 14:59:59.999,9288661.68018000,22160,20008349.60,4214372.67757000,0
2025-09-09 15:00:00,0.2099,0.2101,0.2068,0.2084,22173411.4,2025-09-09 15:59:59.999,4615711.92047000,12951,9877543.60,2055763.54279000,0
2025-09-09 16:00:00,0.2084,0.2091,0.1912,0.1988,167386738.2,2025-09-09 16:59:59.999,33127718.46254000,80021,85701926.30,16939227.11377000,0
2025-09-09 17:00:00,0.1987,0.2,0.1946,0.1952,39305658.6,2025-09-09 17:59:59.999,7736602.79442000,22812,20880685.00,4110599.80585000,0
2025-09-09 18:00:00,0.1952,0.1984,0.195,0.1972,19801244.3,2025-09-09 18:59:59.999,3899147.63888000,10734,9582824.60,1887321.04308000,0
2025-09-09 19:00:00,0.1972,0.2006,0.1969,0.1971,34316424.2,2025-09-09 19:59:59.999,6811852.09987000,13175,20349505.10,4038932.89481000,0
2025-09-09 20:00:00,0.1971,0.1998,0.1966,0.1987,21675324.8,2025-09-09 20:59:59.999,4296081.33257000,10835,10822755.30,2145323.10475000,0
2025-09-09 21:00:00,0.1987,0.2017,0.1986,0.2006,17200613.0,2025-09-09 21:59:59.999,3446858.30547000,9324,8976365.30,1798523.42268000,0
2025-09-09 22:00:00,0.2006,0.2044,0.2,0.2034,16056506.8,2025-09-09 22:59:59.999,3242327.15884000,10678,9053957.30,1828489.31944000,0
2025-09-09 23:00:00,0.2034,0.2037,0.2002,0.2006,14792754.3,2025-09-09 23:59:59.999,2975331.04903000,7744,6822107.10,1371984.46542000,0
2025-09-10 00:00:00,0.2006,0.2016,0.197,0.2011,23122675.7,2025-09-10 00:59:59.999,4604107.58930000,13751,9478533.10,1888209.49266000,0
2025-09-10 01:00:00,0.2011,0.2037,0.2005,0.2026,14525275.2,2025-09-10 01:59:59.999,2935497.78605000,9096,8219497.00,1661225.85790000,0
2025-09-10 02:00:00,0.2027,0.206,0.2027,0.205,19002815.0,2025-09-10 02:59:59.999,3884753.92700000,8578,10578150.20,2162384.46120000,0
2025-09-10 03:00:00,0.2051,0.2062,0.202,0.2041,31019666.3,2025-09-10 03:59:59.999,6320258.58794000,22523,20305909.90,4136140.75811000,0
2025-09-10 04:00:00,0.2041,0.2049,0.2019,0.2031,34941491.2,2025-09-10 04:59:59.999,7102584.46958000,27147,22734904.20,4625054.60997000,0
2025-09-10 05:00:00,0.2031,0.2036,0.2008,0.2027,14394641.2,2025-09-10 05:59:59.999,2909640.51121000,11082,5738098.70,1160472.44863000,0
2025-09-10 06:00:00,0.2027,0.2033,0.2013,0.2029,12067298.6,2025-09-10 06:59:59.999,2442337.77241000,8658,4365188.10,883766.55292000,0
2025-09-10 07:00:00,0.2028,0.2041,0.1976,0.1996,36085388.3,2025-09-10 07:59:59.999,7239315.71537000,18373,14746398.60,2963773.15586000,0
2025-09-10 08:00:00,0.1996,0.2013,0.1987,0.2008,16201951.3,2025-09-10 08:59:59.999,3245639.12061000,9063,7716545.90,1546124.39854000,0
2025-09-10 09:00:00,0.2008,0.2121,0.2003,0.2077,63895383.8,2025-09-10 09:59:59.999,13285034.14708000,40273,33773201.20,7027391.42047000,0
2025-09-10 10:00:00,0.2077,0.2114,0.2072,0.2086,34971143.1,2025-09-10 10:59:59.999,7316789.87768000,19111,18867114.70,3947289.06337000,0
2025-09-10 11:00:00,0.2087,0.2113,0.2078,0.2084,20718461.6,2025-09-10 11:59:59.999,4338435.11333000,13695,9106216.50,1906844.29260000,0
2025-09-10 12:00:00,0.2085,0.2125,0.2077,0.2094,31993627.3,2025-09-10 12:59:59.999,6719511.70791000,18940,14761976.20,3103546.44986000,0
2025-09-10 13:00:00,0.2093,0.2099,0.2036,0.2055,35579712.6,2025-09-10 13:59:59.999,7380876.38129000,18835,14497651.20,3007932.71037000,0
2025-09-10 14:00:00,0.2055,0.2084,0.2052,0.2071,19805546.5,2025-09-10 14:59:59.999,4095935.20809000,10503,8913406.90,1844015.45591000,0
2025-09-10 15:00:00,0.2072,0.2083,0.2033,0.2044,26781935.9,2025-09-10 15:59:59.999,5494926.55996000,13269,9760314.30,2003954.94942000,0
2025-09-10 16:00:00,0.2045,0.2045,0.1966,0.2007,61059803.5,2025-09-10 16:59:59.999,12188415.20260000,32931,26527149.30,5293101.83397000,0
2025-09-10 17:00:00,0.2007,0.2014,0.1996,0.2014,15061002.8,2025-09-10 17:59:59.999,3020556.36041000,8179,6173675.40,1238583.10284000,0
2025-09-10 18:00:00,0.2013,0.2013,0.1992,0.2004,14396441.8,2025-09-10 18:59:59.999,2884217.79648000,7499,6290292.40,1260558.50855000,0
2025-09-10 19:00:00,0.2003,0.2005,0.1952,0.1976,33637798.3,2025-09-10 19:59:59.999,6643625.44960000,14615,15071943.00,2976892.90196000,0
2025-09-10 20:00:00,0.1976,0.1998,0.1972,0.1993,9215416.8,2025-09-10 20:59:59.999,1831389.89621000,5512,5193966.90,1032462.94321000,0
2025-09-10 21:00:00,0.1993,0.2004,0.1989,0.2,10873043.6,2025-09-10 21:59:59.999,2171825.93315000,6787,6789349.60,1356335.74648000,0
2025-09-10 22:00:00,0.2,0.2024,0.1999,0.2017,11024269.2,2025-09-10 22:59:59.999,2215893.69201000,5740,7032413.30,1413479.74811000,0
2025-09-10 23:00:00,0.2018,0.2033,0.2015,0.2019,12152051.0,2025-09-10 23:59:59.999,2461122.93393000,6079,6339051.70,1283594.48052000,0
2025-09-11 00:00:00,0.2019,0.202,0.2004,0.2011,8801887.7,2025-09-11 00:59:59.999,1770177.52862000,4997,3972017.10,799058.23607000,0
2025-09-11 01:00:00,0.201,0.2031,0.197,0.2006,31342191.5,2025-09-11 01:59:59.999,6288378.74411000,12486,9725513.20,1955088.68316000,0
2025-09-11 02:00:00,0.2005,0.2012,0.1978,0.2,15726776.1,2025-09-11 02:59:59.999,3137645.99037000,8599,6291695.90,1255537.40120000,0
2025-09-11 03:00:00,0.2,0.201,0.1986,0.201,9728439.5,2025-09-11 03:59:59.999,1943456.19730000,5111,4880503.00,975321.66247000,0
2025-09-11 04:00:00,0.201,0.2013,0.1987,0.1996,13707710.2,2025-09-11 04:59:59.999,2734111.11267000,6639,5496344.80,1096840.10157000,0
2025-09-11 05:00:00,0.1996,0.1997,0.1967,0.1989,14951243.4,2025-09-11 05:59:59.999,2960286.62604000,8064,6086406.50,1205543.47048000,0
2025-09-11 06:00:00,0.199,0.2012,0.1982,0.2001,9773022.8,2025-09-11 06:59:59.999,1950549.33313000,6271,4413759.20,881491.29163000,0
2025-09-11 07:00:00,0.2001,0.2011,0.1985,0.2004,11324698.8,2025-09-11 07:59:59.999,2264367.91043000,5999,6469437.20,1293762.65666000,0
2025-09-11 08:00:00,0.2004,0.2027,0.2,0.2019,12857777.6,2025-09-11 08:59:59.999,2591132.82481000,6148,7407820.20,1493329.89999000,0
2025-09-11 09:00:00,0.202,0.2021,0.2002,0.2006,13334796.8,2025-09-11 09:59:59.999,2681906.23010000,6162,6821516.70,1372300.06444000,0
2025-09-11 10:00:00,0.2006,0.2013,0.199,0.2013,17057583.8,2025-09-11 10:59:59.999,3411957.59351000,7090,6621676.90,1324640.50549000,0
2025-09-11 11:00:00,0.2012,0.2058,0.2002,0.2002,28292193.6,2025-09-11 11:59:59.999,5736578.95416000,16134,14279128.60,2896215.54304000,0
2025-09-11 12:00:00,0.2002,0.2024,0.1969,0.1999,42243035.3,2025-09-11 12:59:59.999,8436470.30208000,22217,19137340.70,3820902.64199000,0
2025-09-11 13:00:00,0.1999,0.2034,0.198,0.2019,24768593.6,2025-09-11 13:59:59.999,4952770.08295000,12571,12442633.10,2489593.56775000,0
2025-09-11 14:00:00,0.2019,0.203,0.1992,0.2019,24878392.9,2025-09-11 14:59:59.999,5002189.26525000,11372,12097052.40,2432009.99546000,0
2025-09-11 15:00:00,0.2018,0.2043,0.1987,0.1993,33191697.0,2025-09-11 15:59:59.999,6687459.55423000,18901,16178400.30,3260930.47714000,0
2025-09-11 16:00:00,0.1992,0.2008,0.1991,0.2001,14030697.3,2025-09-11 16:59:59.999,2805300.90122000,6574,6369275.20,1273413.52622000,0
2025-09-11 17:00:00,0.2001,0.2005,0.1982,0.1995,10262996.0,2025-09-11 17:59:59.999,2045835.38479000,6768,4705817.10,938233.26342000,0
2025-09-11 18:00:00,0.1995,0.1999,0.1858,0.19,111680309.3,2025-09-11 18:59:59.999,21416216.36333000,52042,46284765.70,8861961.34021000,0
2025-09-11 19:00:00,0.19,0.1927,0.1887,0.1925,19986286.8,2025-09-11 19:59:59.999,3811454.16804000,10904,9945104.50,1897355.15877000,0
2025-09-11 20:00:00,0.1926,0.1945,0.1922,0.1944,14249625.4,2025-09-11 20:59:59.999,2752754.67047000,6975,8445334.90,1631832.82618000,0
2025-09-11 21:00:00,0.1944,0.2001,0.1933,0.1986,47541149.4,2025-09-11 21:59:59.999,9405059.45715000,28169,26893749.30,5319571.57259000,0
2025-09-11 22:00:00,0.1986,0.2006,0.1974,0.1985,11388417.6,2025-09-11 22:59:59.999,2267014.99327000,6841,5866363.90,1168164.80011000,0
2025-09-11 23:00:00,0.1986,0.2001,0.1976,0.1999,10000913.9,2025-09-11 23:59:59.999,1991837.29727000,4820,5605929.80,1117160.41764000,0
2025-09-12 00:00:00,0.1998,0.203,0.1988,0.2,22959306.2,2025-09-12 00:59:59.999,4608452.14639000,11243,11184172.80,2246849.68340000,0
2025-09-12 01:00:00,0.2,0.202,0.1997,0.2002,16722004.2,2025-09-12 01:59:59.999,3356415.53586000,7938,7721986.50,1550454.38076000,0
2025-09-12 02:00:00,0.2003,0.2028,0.1997,0.2021,14179544.9,2025-09-12 02:59:59.999,2849242.83641000,6422,7075527.60,1422025.35012000,0
2025-09-12 03:00:00,0.2022,0.2033,0.2015,0.202,12510508.4,2025-09-12 03:59:59.999,2530453.27481000,5767,7325815.90,1482223.46360000,0
2025-09-12 04:00:00,0.2021,0.2021,0.2,0.2003,10917146.7,2025-09-12 04:59:59.999,2191648.05656000,5301,5001162.00,1004039.43403000,0
2025-09-12 05:00:00,0.2003,0.2015,0.1939,0.1997,34960279.0,2025-09-12 05:59:59.999,6940770.56195000,16038,13641300.80,2708715.72381000,0
2025-09-12 06:00:00,0.1997,0.2007,0.199,0.2005,13392003.0,2025-09-12 06:59:59.999,2676972.95291000,5412,6414994.70,1282951.20360000,0
2025-09-12 07:00:00,0.2005,0.2012,0.1994,0.2004,7283359.7,2025-09-12 07:59:59.999,1459705.66282000,3406,3202242.70,641889.53498000,0
2025-09-12 08:00:00,0.2004,0.2017,0.1991,0.2011,10306781.8,2025-09-12 08:59:59.999,2064821.72259000,5507,5034081.60,1008622.43456000,0
2025-09-12 09:00:00,0.2011,0.2011,0.1995,0.2,10738843.5,2025-09-12 09:59:59.999,2150282.64896000,5584,5165705.30,1034427.93677000,0
2025-09-12 10:00:00,0.1999,0.2007,0.1978,0.1998,13119605.1,2025-09-12 10:59:59.999,2617628.05343000,6380,6044522.00,1206345.30756000,0
2025-09-12 11:00:00,0.1997,0.2001,0.1964,0.1979,12630121.1,2025-09-12 11:59:59.999,2507817.53925000,5864,5352133.40,1063186.62180000,0
2025-09-12 12:00:00,0.1979,0.1994,0.1959,0.1988,19827798.8,2025-09-12 12:59:59.999,3912615.86188000,9813,9484956.10,1873079.55635000,0
2025-09-12 13:00:00,0.1987,0.2027,0.1978,0.2005,24380487.5,2025-09-12 13:59:59.999,4886132.64979000,12332,14242127.40,2856414.12513000,0
2025-09-12 14:00:00,0.2005,0.2024,0.2001,0.2019,22113559.5,2025-09-12 14:59:59.999,4453794.43631000,8411,11583498.40,2332978.76529000,0
2025-09-12 15:00:00,0.2019,0.2094,0.2017,0.2068,91423072.6,2025-09-12 15:59:59.999,18898712.44329000,41380,52341715.10,10819529.88228000,0
2025-09-12 16:00:00,0.2067,0.2091,0.2063,0.2076,27225906.6,2025-09-12 16:59:59.999,5655194.11977000,12842,13100296.60,2721379.97233000,0
2025-09-12 17:00:00,0.2076,0.2099,0.2055,0.2085,37207737.2,2025-09-12 17:59:59.999,7735431.43510000,16935,18202737.40,3782483.09946000,0
2025-09-12 18:00:00,0.2085,0.2125,0.2077,0.2101,32706787.6,2025-09-12 18:59:59.999,6879230.40386000,15762,16062555.40,3378609.14048000,0
2025-09-12 19:00:00,0.2101,0.2101,0.2068,0.2072,22943044.4,2025-09-12 19:59:59.999,4771247.55774000,9569,9634622.80,2003167.46498000,0
2025-09-12 20:00:00,0.2072,0.2074,0.2051,0.2063,14031821.2,2025-09-12 20:59:59.999,2891781.53590000,7271,6444504.20,1328402.56624000,0
2025-09-12 21:00:00,0.2062,0.2064,0.2046,0.2057,10253731.4,2025-09-12 21:59:59.999,2104008.79487000,4986,4152855.40,852059.95712000,0
2025-09-12 22:00:00,0.2057,0.2091,0.2055,0.2079,14088766.5,2025-09-12 22:59:59.999,2927517.86995000,8010,6692653.90,1390054.10065000,0
2025-09-12 23:00:00,0.2079,0.2089,0.2062,0.2071,24767027.5,2025-09-12 23:59:59.999,5140238.75871000,10274,11070342.80,2298724.41994000,0
2025-09-13 00:00:00,0.2071,0.2079,0.2048,0.207,30218028.3,2025-09-13 00:59:59.999,6228063.18302000,11301,14540658.90,2995576.22431000,0
2025-09-13 01:00:00,0.207,0.2071,0.2021,0.2032,25277064.7,2025-09-13 01:59:59.999,5169764.67143000,11853,9831036.20,2011241.57964000,0
2025-09-13 02:00:00,0.2032,0.205,0.2027,0.2042,5958481.2,2025-09-13 02:59:59.999,1215390.35796000,4505,2786947.00,568602.09721000,0
2025-09-13 03:00:00,0.2042,0.2064,0.2039,0.2061,9748328.3,2025-09-13 03:59:59.999,2004623.93973000,5999,5216499.40,1072806.43299000,0
2025-09-13 04:00:00,0.206,0.2064,0.2048,0.2052,9435093.9,2025-09-13 04:59:59.999,1938581.82269000,4023,3728048.50,765977.99068000,0
2025-09-13 05:00:00,0.2052,0.2061,0.2041,0.2049,9775851.0,2025-09-13 05:59:59.999,2004147.24705000,5743,3421419.60,701541.25601000,0
2025-09-13 06:00:00,0.2049,0.207,0.2046,0.2061,13874212.4,2025-09-13 06:59:59.999,2856947.73113000,7149,6335338.50,1304610.60366000,0
2025-09-13 07:00:00,0.206,0.2067,0.2051,0.2062,6678749.2,2025-09-13 07:59:59.999,1375777.54184000,3883,3660794.70,754100.47934000,0
2025-09-13 08:00:00,0.2062,0.2108,0.2061,0.208,17059820.6,2025-09-13 08:59:59.999,3549546.79312000,8592,9270580.90,1929819.68226000,0
2025-09-13 09:00:00,0.2081,0.2127,0.208,0.2096,38118455.0,2025-09-13 09:59:59.999,8000247.60595000,14890,21581035.90,4527366.20890000,0
2025-09-13 10:00:00,0.2095,0.2098,0.207,0.2072,17071206.2,2025-09-13 10:59:59.999,3554347.06556000,7228,7172030.80,1493574.07284000,0
2025-09-13 11:00:00,0.2071,0.2099,0.2055,0.2093,22470557.2,2025-09-13 11:59:59.999,4672426.51770000,7906,9804091.50,2039465.91527000,0
2025-09-13 12:00:00,0.2093,0.2178,0.2088,0.2157,48179017.1,2025-09-13 12:59:59.999,10294145.77331000,19751,25010687.90,5339348.41625000,0
2025-09-13 13:00:00,0.2157,0.2238,0.2135,0.2148,106028035.4,2025-09-13 13:59:59.999,23273212.29126000,50244,50767154.80,11156707.31890000,0
2025-09-13 14:00:00,0.2149,0.2162,0.2116,0.2127,39333211.1,2025-09-13 14:59:59.999,8419119.01014000,20403,17358165.30,3715948.73346000,0
2025-09-13 15:00:00,0.2127,0.2147,0.2106,0.2132,21552430.5,2025-09-13 15:59:59.999,4584042.00346000,12054,10854178.80,2309331.98371000,0
2025-09-13 16:00:00,0.2131,0.2144,0.2108,0.2136,18287487.4,2025-09-13 16:59:59.999,3891801.61979000,10867,9255473.40,1969497.91181000,0
2025-09-13 17:00:00,0.2137,0.214,0.2084,0.2107,26496874.7,2025-09-13 17:59:59.999,5574251.82103000,14273,11092450.40,2333513.49500000,0
2025-09-13 18:00:00,0.2107,0.2137,0.2094,0.2122,20530970.1,2025-09-13 18:59:59.999,4353734.10905000,7996,8795207.60,1865745.93953000,0
2025-09-13 19:00:00,0.2123,0.2141,0.212,0.2131,11408173.8,2025-09-13 19:59:59.999,2432862.18021000,5206,6195927.50,1321598.23765000,0
2025-09-13 20:00:00,0.213,0.2139,0.2113,0.2122,7018709.1,2025-09-13 20:59:59.999,1490796.07542000,4000,3651948.00,775697.16134000,0
2025-09-13 21:00:00,0.2122,0.2145,0.2121,0.2139,10685565.9,2025-09-13 21:59:59.999,2280202.23993000,4955,6063718.80,1293863.01418000,0
2025-09-13 22:00:00,0.2139,0.2178,0.2135,0.2173,14328414.8,2025-09-13 22:59:59.999,3090734.43744000,8139,6894341.80,1488102.54587000,0
2025-09-13 23:00:00,0.2172,0.226,0.2149,0.2253,43778990.0,2025-09-13 23:59:59.999,9660520.03045000,22950,25403317.80,5610414.33531000,0
2025-09-14 00:00:00,0.2253,0.2309,0.2206,0.2216,70481926.6,2025-09-14 00:59:59.999,15944888.96745000,40595,34338768.90,7776496.15911000,0
2025-09-14 01:00:00,0.2216,0.2244,0.2191,0.2228,48898078.6,2025-09-14 01:59:59.999,10838808.24973000,22667,25721034.60,5702576.77199000,0
2025-09-14 02:00:00,0.2228,0.2229,0.2187,0.2201,28786135.7,2025-09-14 02:59:59.999,6356248.41770000,13671,14955715.30,3303092.47253000,0
2025-09-14 03:00:00,0.2201,0.221,0.2168,0.218,21445777.0,2025-09-14 03:59:59.999,4693109.12596000,11188,10756893.30,2353870.17061000,0
2025-09-14 04:00:00,0.2181,0.2228,0.2173,0.2209,32267443.0,2025-09-14 04:59:59.999,7108472.99793000,14568,18392282.10,4053642.14825000,0
2025-09-14 05:00:00,0.221,0.2241,0.2203,0.2238,20127793.0,2025-09-14 05:59:59.999,4476900.46743000,10766,11170407.40,2485000.98385000,0
2025-09-14 06:00:00,0.2239,0.225,0.2219,0.223,28758380.3,2025-09-14 06:59:59.999,6425760.82164000,12003,14878440.80,3324206.66780000,0
2025-09-14 07:00:00,0.2231,0.2275,0.2209,0.2274,54872132.7,2025-09-14 07:59:59.999,12311001.37546000,23391,28162175.00,6323433.71657000,0
2025-09-14 08:00:00,0.2273,0.2349,0.2253,0.232,120532012.4,2025-09-14 08:59:59.999,27751479.50728000,50392,68927119.10,15873439.77787000,0
2025-09-14 09:00:00,0.2321,0.2408,0.2305,0.2368,106058075.8,2025-09-14 09:59:59.999,25005006.07185000,52296,55721330.40,13148442.06933000,0
2025-09-14 10:00:00,0.2368,0.238,0.2322,0.2377,50720242.3,2025-09-14 10:59:59.999,11921432.62379000,26389,24431738.30,5746505.60214000,0
2025-09-14 11:00:00,0.2376,0.2376,0.229,0.2324,53674618.9,2025-09-14 11:59:59.999,12484902.92769000,29169,22626209.60,5264024.78364000,0
2025-09-14 12:00:00,0.2324,0.2352,0.2266,0.2278,62682929.6,2025-09-14 12:59:59.999,14426608.13011000,32497,26555746.90,6115375.06632000,0
2025-09-14 13:00:00,0.2279,0.2304,0.2084,0.2118,147052256.1,2025-09-14 13:59:59.999,32190057.92042000,71677,66922896.60,14655892.82244000,0
2025-09-14 14:00:00,0.2118,0.2163,0.2104,0.2137,128392139.5,2025-09-14 14:59:59.999,27398541.12258000,54927,53843545.10,11495643.65276000,0
2025-09-14 15:00:00,0.2136,0.2145,0.209,0.2119,102844039.9,2025-09-14 15:59:59.999,21769548.13517000,49853,42215094.40,8926346.11591000,0
2025-09-14 16:00:00,0.2119,0.2153,0.2103,0.2126,57010751.6,2025-09-14 16:59:59.999,12124047.33897000,23789,24688767.90,5253316.06597000,0
2025-09-14 17:00:00,0.2126,0.2173,0.2118,0.2162,32552813.2,2025-09-14 17:59:59.999,7001715.62417000,15771,19139222.80,4118914.42944000,0
2025-09-14 18:00:00,0.2161,0.2171,0.214,0.2153,26724545.4,2025-09-14 18:59:59.999,5759208.50769000,13764,13641878.10,2940651.13829000,0
2025-09-14 19:00:00,0.2152,0.2153,0.2117,0.213,20878286.2,2025-09-14 19:59:59.999,4459918.30706000,10912,9587163.20,2048440.38274000,0
2025-09-14 20:00:00,0.2129,0.2145,0.2112,0.2122,20338267.6,2025-09-14 20:59:59.999,4330135.17699000,10407,10360131.30,2205921.88625000,0
2025-09-14 21:00:00,0.2122,0.2155,0.2106,0.2143,26537732.3,2025-09-14 21:59:59.999,5654215.85882000,18976,9490211.90,2019882.42962000,0
2025-09-14 22:00:00,0.2142,0.2148,0.2118,0.2133,49761498.4,2025-09-14 22:59:59.999,10610760.69098000,31386,15847843.90,3380341.99264000,0
2025-09-14 23:00:00,0.2134,0.2135,0.2052,0.2104,86391671.6,2025-09-14 23:59:59.999,18080331.29877000,36552,29812910.70,6237805.56224000,0
2025-09-15 00:00:00,0.2104,0.2119,0.209,0.2099,56429775.0,2025-09-15 00:59:59.999,11866776.22953000,25501,17460590.60,3671819.97229000,0
2025-09-15 01:00:00,0.2099,0.2128,0.2061,0.2127,56126756.8,2025-09-15 01:59:59.999,11740453.05660000,24973,20978499.30,4391305.91353000,0
2025-09-15 02:00:00,0.2127,0.2149,0.2121,0.2131,28695709.1,2025-09-15 02:59:59.999,6128219.98693000,10946,14115211.60,3014927.62255000,0
2025-09-15 03:00:00,0.2131,0.2151,0.2128,0.214,15492522.1,2025-09-15 03:59:59.999,3319206.77673000,7986,7737864.60,1657804.26832000,0
2025-09-15 04:00:00,0.214,0.2154,0.2129,0.2134,32251359.6,2025-09-15 04:59:59.999,6898521.65762000,13962,11684129.90,2500758.22914000,0
2025-09-15 05:00:00,0.2135,0.2165,0.2126,0.2159,22824815.5,2025-09-15 05:59:59.999,4907035.63279000,8844,11571190.30,2487398.92414000,0
2025-09-15 06:00:00,0.2159,0.2166,0.21,0.2113,29838417.6,2025-09-15 06:59:59.999,6356450.62947000,12015,13172198.90,2808225.30448000,0
2025-09-15 07:00:00,0.2112,0.2131,0.2083,0.21,28315201.9,2025-09-15 07:59:59.999,5964849.30590000,15134,13374867.60,2817297.32022000,0
2025-09-15 08:00:00,0.21,0.2103,0.2038,0.2062,50382067.0,2025-09-15 08:59:59.999,10447157.76133000,26125,20678319.60,4289841.49936000,0
2025-09-15 09:00:00,0.2062,0.2199,0.2058,0.2196,83925927.9,2025-09-15 09:59:59.999,17986714.34482000,40758,45468775.20,9748332.77327000,0
2025-09-15 10:00:00,0.2196,0.223,0.2178,0.2209,79412841.0,2025-09-15 10:59:59.999,17514682.36897000,38154,45656842.90,10076127.53728000,0
2025-09-15 11:00:00,0.2209,0.2213,0.2153,0.2185,69087055.5,2025-09-15 11:59:59.999,15060635.93060000,34115,41774824.40,9106246.17093000,0
2025-09-15 12:00:00,0.2186,0.2212,0.2165,0.2181,50764443.1,2025-09-15 12:59:59.999,11100240.20679000,28042,32194550.60,7039237.72972000,0
2025-09-15 13:00:00,0.2181,0.2192,0.2152,0.2169,35134824.3,2025-09-15 13:59:59.999,7626577.75123000,17988,16463575.80,3572034.59426000,0
2025-09-15 14:00:00,0.2168,0.2178,0.2125,0.2151,30822683.1,2025-09-15 14:59:59.999,6630393.68608000,21300,14023012.50,3017397.71470000,0
2025-09-15 15:00:00,0.215,0.2222,0.215,0.2183,85656422.1,2025-09-15 15:59:59.999,18814344.69741000,31331,38152105.10,8375961.77726000,0
2025-09-15 16:00:00,0.2183,0.2188,0.2089,0.2101,52600243.4,2025-09-15 16:59:59.999,11222791.94530000,24525,20217951.20,4315880.66953000,0
2025-09-15 17:00:00,0.21,0.214,0.2079,0.2135,28962262.8,2025-09-15 17:59:59.999,6106842.03124000,13578,13478007.30,2845097.68281000,0
2025-09-15 18:00:00,0.2135,0.2139,0.2112,0.2125,11265581.2,2025-09-15 18:59:59.999,2393298.86394000,6435,5515757.10,1172356.49262000,0
2025-09-15 19:00:00,0.2126,0.2142,0.2112,0.2124,11078386.6,2025-09-15 19:59:59.999,2355761.99322000,6402,5090927.50,1082591.01321000,0
2025-09-15 20:00:00,0.2122,0.2142,0.212,0.214,9144853.9,2025-09-15 20:59:59.999,1951625.37263000,4303,5515507.20,1177128.78397000,0
2025-09-15 21:00:00,0.2141,0.2156,0.2124,0.214,12571012.2,2025-09-15 21:59:59.999,2691605.58934000,6431,6878603.40,1472841.68046000,0
2025-09-15 22:00:00,0.2141,0.2168,0.2139,0.2159,15640107.0,2025-09-15 22:59:59.999,3370095.73677000,8383,8454174.10,1821507.28054000,0
2025-09-15 23:00:00,0.216,0.2176,0.215,0.2168,10191646.4,2025-09-15 23:59:59.999,2205847.86686000,6469,4825098.30,1044512.70791000,0
2025-09-16 00:00:00,0.2167,0.2207,0.2158,0.2191,29970079.2,2025-09-16 00:59:59.999,6564561.12885000,17135,16179586.90,3543862.45782000,0
2025-09-16 01:00:00,0.2192,0.2222,0.2186,0.2211,26210209.2,2025-09-16 01:59:59.999,5790853.78433000,14035,13570255.20,2998671.86511000,0
2025-09-16 02:00:00,0.2211,0.2248,0.2191,0.2211,34958203.4,2025-09-16 02:59:59.999,7760332.53877000,17581,15284537.10,3396023.44045000,0
2025-09-16 03:00:00,0.221,0.2227,0.2189,0.2195,21941265.6,2025-09-16 03:59:59.999,4842506.08993000,11449,8742975.20,1930729.16417000,0
2025-09-16 04:00:00,0.2196,0.2232,0.2169,0.2224,30250643.1,2025-09-16 04:59:59.999,6660225.04565000,15180,14855378.80,3274031.03313000,0
2025-09-16 05:00:00,0.2225,0.2251,0.2216,0.2232,22205911.1,2025-09-16 05:59:59.999,4963702.62935000,11685,10589000.40,2368046.51594000,0
2025-09-16 06:00:00,0.2232,0.2246,0.221,0.2226,16476376.0,2025-09-16 06:59:59.999,3668491.81079000,8588,8095178.30,1803255.36195000,0
2025-09-16 07:00:00,0.2226,0.2259,0.2222,0.2246,19529101.9,2025-09-16 07:59:59.999,4378491.06122000,9917,11280262.00,2529177.99828000,0
2025-09-16 08:00:00,0.2246,0.2255,0.2203,0.2206,33087612.7,2025-09-16 08:59:59.999,7376101.90925000,13639,15273604.50,3405711.81587000,0
2025-09-16 09:00:00,0.2207,0.2217,0.2184,0.2201,21777969.8,2025-09-16 09:59:59.999,4797006.20178000,11359,9680275.60,2132445.88778000,0
2025-09-16 10:00:00,0.22,0.2217,0.2193,0.22,8364072.5,2025-09-16 10:59:59.999,1843727.45980000,6767,3718494.00,819980.68065000,0
2025-09-16 11:00:00,0.2201,0.2217,0.2199,0.2209,8313999.9,2025-09-16 11:59:59.999,1836828.30292000,5207,4019750.80,888083.73926000,0
2025-09-16 12:00:00,0.221,0.2213,0.2169,0.2188,40830511.9,2025-09-16 12:59:59.999,8912512.27280000,14585,19838614.60,4328822.24379000,0
2025-09-16 13:00:00,0.2188,0.2202,0.2131,0.2163,35768920.2,2025-09-16 13:59:59.999,7757001.87278000,18329,17388970.80,3772542.23261000,0
2025-09-16 14:00:00,0.2162,0.2181,0.2137,0.2181,19645729.4,2025-09-16 14:59:59.999,4240817.46450000,10699,9667511.80,2087986.45250000,0
2025-09-16 15:00:00,0.2181,0.2201,0.217,0.22,14066223.4,2025-09-16 15:59:59.999,3071553.46208000,7971,7607325.90,1661575.27548000,0
2025-09-16 16:00:00,0.22,0.2213,0.217,0.2177,15165502.4,2025-09-16 16:59:59.999,3315271.28016000,8266,6694055.60,1463950.19269000,0
2025-09-16 17:00:00,0.2176,0.2213,0.2176,0.2201,25927428.8,2025-09-16 17:59:59.999,5708573.72223000,11086,12871112.10,2833656.44137000,0
2025-09-16 18:00:00,0.2201,0.2225,0.2201,0.2219,13212979.6,2025-09-16 18:59:59.999,2923771.68376000,6350,5778757.70,1279242.62992000,0
2025-09-16 19:00:00,0.2218,0.2227,0.22,0.2211,9879439.7,2025-09-16 19:59:59.999,2185373.49009000,6003,4499344.40,995443.12862000,0
2025-09-16 20:00:00,0.2211,0.2226,0.2207,0.2216,7844558.1,2025-09-16 20:59:59.999,1737621.82955000,3439,4980910.30,1103426.07870000,0
2025-09-16 21:00:00,0.2215,0.2234,0.2206,0.2233,9832277.8,2025-09-16 21:59:59.999,2182315.08120000,5783,5360564.20,1190944.43578000,0
2025-09-16 22:00:00,0.2234,0.225,0.2228,0.2236,49057877.8,2025-09-16 22:59:59.999,10989303.51856000,28705,35175313.80,7880000.95664000,0
2025-09-16 23:00:00,0.2236,0.2253,0.2233,0.2241,49768969.7,2025-09-16 23:59:59.999,11156485.80150000,24651,33399605.40,7487819.80686000,0
2025-09-17 00:00:00,0.224,0.2249,0.2207,0.221,38302475.5,2025-09-17 00:59:59.999,8553849.09551000,17986,23660045.60,5287924.54671000,0
2025-09-17 01:00:00,0.2211,0.2226,0.2206,0.2212,8439422.1,2025-09-17 01:59:59.999,1869927.78095000,4310,4290397.50,950876.92047000,0
2025-09-17 02:00:00,0.2212,0.2238,0.2202,0.222,14809071.8,2025-09-17 02:59:59.999,3282251.24646000,8023,7024118.60,1557034.30151000,0
2025-09-17 03:00:00,0.2221,0.2227,0.219,0.2195,15869598.0,2025-09-17 03:59:59.999,3504822.32293000,7942,6525351.60,1442660.57460000,0
2025-09-17 04:00:00,0.2196,0.2204,0.2171,0.2189,31211355.8,2025-09-17 04:59:59.999,6815224.33016000,9966,14655757.20,3201011.00314000,0
2025-09-17 05:00:00,0.2188,0.2198,0.2178,0.2195,10912390.0,2025-09-17 05:59:59.999,2388544.92680000,4658,5193710.00,1137112.54354000,0
2025-09-17 06:00:00,0.2195,0.2219,0.2184,0.2209,15567326.8,2025-09-17 06:59:59.999,3428442.59549000,5779,8737855.30,1924954.70887000,0
2025-09-17 07:00:00,0.2209,0.2216,0.218,0.2186,16342040.8,2025-09-17 07:59:59.999,3592399.27050000,6650,6378368.50,1402406.77442000,0
2025-09-17 08:00:00,0.2186,0.2187,0.2164,0.2176,12274915.1,2025-09-17 08:59:59.999,2668529.35656000,5472,4445198.20,966496.08742000,0
2025-09-17 09:00:00,0.2176,0.2188,0.2169,0.2177,8114420.0,2025-09-17 09:59:59.999,1768706.23480000,4019,4213738.00,918393.87349000,0
2025-09-17 10:00:00,0.2178,0.2183,0.2141,0.2161,19613220.1,2025-09-17 10:59:59.999,4236448.21906000,7963,8451097.80,1825492.77040000,0
2025-09-17 11:00:00,0.2161,0.2177,0.2158,0.2172,6252890.7,2025-09-17 11:59:59.999,1355994.77828000,3196,2583121.80,560089.34012000,0
2025-09-17 12:00:00,0.2172,0.2182,0.216,0.2175,10570974.6,2025-09-17 12:59:59.999,2296867.44595000,4873,4685668.80,1017877.64479000,0
2025-09-17 13:00:00,0.2175,0.2191,0.2168,0.218,9455684.9,2025-09-17 13:59:59.999,2061599.65802000,5008,4515974.00,984813.97257000,0
2025-09-17 14:00:00,0.2181,0.2187,0.2155,0.2155,10360157.3,2025-09-17 14:59:59.999,2248307.60105000,5122,3831737.30,831574.61455000,0
2025-09-17 15:00:00,0.2155,0.2166,0.2132,0.2144,14504188.7,2025-09-17 15:59:59.999,3116368.24045000,8356,6588818.20,1416837.80710000,0
2025-09-17 16:00:00,0.2143,0.2157,0.2123,0.2153,11593900.4,2025-09-17 16:59:59.999,2481964.50212000,7016,5377032.60,1150982.83435000,0
2025-09-17 17:00:00,0.2152,0.2181,0.2136,0.2136,18086884.6,2025-09-17 17:59:59.999,3908286.58116000,10257,8447742.60,1825599.73610000,0
2025-09-17 18:00:00,0.2135,0.218,0.2072,0.2131,79130383.3,2025-09-17 18:59:59.999,16894128.27924000,47212,34788553.90,7434316.69103000,0
2025-09-17 19:00:00,0.213,0.2194,0.2129,0.2184,22874869.1,2025-09-17 19:59:59.999,4953413.02853000,14429,11923567.50,2583779.32184000,0
2025-09-17 20:00:00,0.2184,0.2227,0.2175,0.2179,26110515.8,2025-09-17 20:59:59.999,5751296.75397000,16107,12385577.50,2728929.16645000,0
2025-09-17 21:00:00,0.2179,0.2215,0.2165,0.2213,15648629.3,2025-09-17 21:59:59.999,3432056.61330000,7765,7095880.00,1555339.47895000,0
2025-09-17 22:00:00,0.2214,0.2238,0.2211,0.2223,21174705.2,2025-09-17 22:59:59.999,4713690.27333000,14360,9116256.80,2029643.20249000,0
2025-09-17 23:00:00,0.2224,0.223,0.2186,0.2205,24736049.3,2025-09-17 23:59:59.999,5455613.44687000,12417,11889635.20,2624579.56690000,0
2025-09-18 00:00:00,0.2204,0.2214,0.2177,0.2185,15147578.6,2025-09-18 00:59:59.999,3323790.76577000,7436,6065911.30,1330834.34289000,0
2025-09-18 01:00:00,0.2185,0.2222,0.2181,0.221,16717796.8,2025-09-18 01:59:59.999,3678696.90703000,7869,8651599.90,1902337.45022000,0
2025-09-18 02:00:00,0.221,0.221,0.2187,0.2204,9755232.2,2025-09-18 02:59:59.999,2144747.14752000,5237,4512373.00,992285.42805000,0
2025-09-18 03:00:00,0.2203,0.2238,0.2199,0.2219,26411443.5,2025-09-18 03:59:59.999,5871128.74068000,11438,12837143.40,2854951.54144000,0
2025-09-18 04:00:00,0.2218,0.2243,0.2212,0.2242,14570094.9,2025-09-18 04:59:59.999,3242137.77371000,6701,7455786.40,1659452.46043000,0
2025-09-18 05:00:00,0.2242,0.2259,0.2216,0.2225,23573405.2,2025-09-18 05:59:59.999,5275292.81411000,10550,11436352.70,2560504.24520000,0
2025-09-18 06:00:00,0.2226,0.2226,0.2194,0.2207,18400154.3,2025-09-18 06:59:59.999,4056816.86060000,8516,9232756.20,2035605.48271000,0
2025-09-18 07:00:00,0.2207,0.2211,0.2191,0.2199,10955740.5,2025-09-18 07:59:59.999,2411736.68427000,4999,4705491.60,1035969.24039000,0
2025-09-18 08:00:00,0.2199,0.2224,0.2194,0.222,14911775.9,2025-09-18 08:59:59.999,3294227.24725000,5678,8390927.80,1853670.43522000,0
2025-09-18 09:00:00,0.222,0.2233,0.2212,0.2215,12069597.8,2025-09-18 09:59:59.999,2682727.09132000,5148,6505463.20,1446073.16365000,0
2025-09-18 10:00:00,0.2214,0.2221,0.2192,0.22,17652324.7,2025-09-18 10:59:59.999,3886256.48581000,6984,7519876.70,1656183.07762000,0
2025-09-18 11:00:00,0.2201,0.2205,0.2192,0.2201,9855161.4,2025-09-18 11:59:59.999,2165810.56701000,3926,4466847.10,981763.18933000,0
2025-09-18 12:00:00,0.2202,0.2242,0.2201,0.222,33804404.8,2025-09-18 12:59:59.999,7518757.94238000,11759,17174430.10,3822715.15530000,0
2025-09-18 13:00:00,0.2219,0.2239,0.2202,0.2216,22449892.0,2025-09-18 13:59:59.999,4981594.22676000,9479,9682341.20,2149853.69290000,0
2025-09-18 14:00:00,0.2217,0.2226,0.2202,0.2212,16910481.2,2025-09-18 14:59:59.999,3741408.98370000,7508,8017856.10,1774444.24855000,0
2025-09-18 15:00:00,0.2212,0.222,0.2203,0.2217,9925365.4,2025-09-18 15:59:59.999,2195384.70578000,4529,4879711.50,1079514.09800000,0
2025-09-18 16:00:00,0.2217,0.225,0.2215,0.2229,18791569.8,2025-09-18 16:59:59.999,4191156.14813000,6844,8904509.70,1988017.71518000,0
2025-09-18 17:00:00,0.2229,0.2235,0.2218,0.2228,13133687.0,2025-09-18 17:59:59.999,2925723.36011000,5762,4861872.10,1083167.76569000,0
2025-09-18 18:00:00,0.2228,0.2238,0.222,0.2227,10904477.7,2025-09-18 18:59:59.999,2428403.75183000,5008,4949674.40,1102159.02655000,0
2025-09-18 19:00:00,0.2227,0.2228,0.2191,0.2203,14408335.2,2025-09-18 19:59:59.999,3178940.83184000,7377,6402695.60,1412897.22339000,0
2025-09-18 20:00:00,0.2202,0.2206,0.2185,0.22,10795102.8,2025-09-18 20:59:59.999,2370035.37987000,4925,4385606.60,962945.77661000,0
2025-09-18 21:00:00,0.22,0.2214,0.2192,0.2205,6695943.7,2025-09-18 21:59:59.999,1475569.34625000,4028,3941254.50,868755.23234000,0
2025-09-18 22:00:00,0.2206,0.2217,0.2195,0.2206,5440390.8,2025-09-18 22:59:59.999,1201222.24050000,2854,2670419.20,589784.78246000,0
2025-09-18 23:00:00,0.2206,0.2207,0.2192,0.2202,6520431.5,2025-09-18 23:59:59.999,1433814.99980000,3249,2345983.60,515844.02521000,0
2025-09-19 00:00:00,0.2201,0.2215,0.2196,0.2209,9990719.1,2025-09-19 00:59:59.999,2202439.10321000,3746,4150550.80,915052.25082000,0
2025-09-19 01:00:00,0.2209,0.222,0.2185,0.2199,13882421.0,2025-09-19 01:59:59.999,3054735.85224000,4945,5185740.30,1143008.44754000,0
2025-09-19 02:00:00,0.2198,0.2203,0.2172,0.2179,13766536.3,2025-09-19 02:59:59.999,3007441.70997000,5385,5950684.10,1300210.41676000,0
2025-09-19 03:00:00,0.218,0.2191,0.2142,0.2157,19845252.2,2025-09-19 03:59:59.999,4293903.24683000,9470,8127248.70,1759248.25687000,0
2025-09-19 04:00:00,0.2157,0.2215,0.2136,0.2212,30253890.8,2025-09-19 04:59:59.999,6581838.10270000,13660,15610225.60,3396896.68467000,0
2025-09-19 05:00:00,0.2212,0.2222,0.2194,0.2203,20075027.8,2025-09-19 05:59:59.999,4429892.31458000,10560,10002649.20,2207022.33795000,0
2025-09-19 06:00:00,0.2203,0.2216,0.2197,0.2207,13009869.7,2025-09-19 06:59:59.999,2869718.89647000,6896,7272138.70,1604371.24110000,0
2025-09-19 07:00:00,0.2207,0.2233,0.22,0.2205,29514211.0,2025-09-19 07:59:59.999,6547206.13407000,11569,14208885.20,3154285.27170000,0
2025-09-19 08:00:00,0.2205,0.2237,0.2205,0.2222,15835998.4,2025-09-19 08:59:59.999,3519107.56985000,6573,9016083.40,2004495.46814000,0
2025-09-19 09:00:00,0.2222,0.223,0.221,0.2221,14516715.7,2025-09-19 09:59:59.999,3225423.24345000,6507,7155345.40,1590144.33933000,0
2025-09-19 10:00:00,0.2221,0.2325,0.222,0.2282,101345223.4,2025-09-19 10:59:59.999,23066231.61691000,35763,54737894.40,12449814.20558000,0
2025-09-19 11:00:00,0.2281,0.2322,0.226,0.2298,57377310.2,2025-09-19 11:59:59.999,13127762.38053000,26359,30607817.10,7004157.56773000,0
2025-09-19 12:00:00,0.2299,0.2343,0.2284,0.2341,48383961.8,2025-09-19 12:59:59.999,11181982.01780000,20604,25159150.50,5817583.58313000,0
2025-09-19 13:00:00,0.2341,0.2351,0.231,0.2333,50844166.4,2025-09-19 13:59:59.999,11860121.48464000,21830,25731177.00,6005260.18301000,0
2025-09-19 14:00:00,0.2333,0.2333,0.2235,0.2254,82237697.0,2025-09-19 14:59:59.999,18727269.05529000,30532,32874899.60,7496359.09695000,0
2025-09-19 15:00:00,0.2255,0.2294,0.2239,0.2286,36469837.4,2025-09-19 15:59:59.999,8282849.14449000,16377,19627430.60,4461788.84538000,0
2025-09-19 16:00:00,0.2287,0.2341,0.2276,0.2337,30064344.6,2025-09-19 16:59:59.999,6955633.73024000,14085,16709416.00,3868251.05735000,0
2025-09-19 17:00:00,0.2338,0.2378,0.2281,0.2287,75066879.6,2025-09-19 17:59:59.999,17536051.96775000,30976,33870475.90,7914645.76197000,0
2025-09-19 18:00:00,0.2286,0.23,0.222,0.2222,49744459.6,2025-09-19 18:59:59.999,11209234.18839000,20663,18902551.90,4260933.86248000,0
2025-09-19 19:00:00,0.2223,0.2235,0.2179,0.2191,52783928.2,2025-09-19 19:59:59.999,11604127.84895000,21204,19548172.70,4298246.25263000,0
2025-09-19 20:00:00,0.219,0.2204,0.2172,0.2199,39061135.1,2025-09-19 20:59:59.999,8554329.35001000,13692,17829613.40,3905988.84148000,0
2025-09-19 21:00:00,0.2199,0.2224,0.2171,0.2219,61300346.6,2025-09-19 21:59:59.999,13435681.20927000,21491,19080485.50,4187677.74435000,0
2025-09-19 22:00:00,0.2218,0.2243,0.2177,0.2234,62125781.4,2025-09-19 22:59:59.999,13707066.02407000,35433,21892595.70,4842302.84295000,0
2025-09-19 23:00:00,0.2234,0.2236,0.2202,0.2233,13877484.5,2025-09-19 23:59:59.999,3080040.50448000,7610,7554230.50,1677408.99344000,0
2025-09-20 00:00:00,0.2233,0.2254,0.22,0.2219,30576133.6,2025-09-20 00:59:59.999,6804024.65277000,14365,15633528.70,3481299.50334000,0
2025-09-20 01:00:00,0.2219,0.222,0.2177,0.2194,18219025.3,2025-09-20 01:59:59.999,3998423.76522000,9216,7439706.50,1633631.17311000,0
2025-09-20 02:00:00,0.2193,0.2217,0.2176,0.2207,13451204.4,2025-09-20 02:59:59.999,2951138.45521000,7415,5720020.70,1256686.68779000,0
2025-09-20 03:00:00,0.2206,0.2207,0.2176,0.2193,29331671.5,2025-09-20 03:59:59.999,6412386.54897000,7917,20066899.20,4383981.45560000,0
2025-09-20 04:00:00,0.2194,0.2197,0.218,0.2187,14968692.2,2025-09-20 04:59:59.999,3275040.24458000,5947,7073980.90,1548762.00871000,0
2025-09-20 05:00:00,0.2187,0.2214,0.218,0.2212,17971724.2,2025-09-20 05:59:59.999,3950060.23239000,6300,9302050.00,2046123.84653000,0
2025-09-20 06:00:00,0.2211,0.2228,0.2206,0.2227,9890648.3,2025-09-20 06:59:59.999,2193195.44548000,5018,4966653.90,1101421.09940000,0
2025-09-20 07:00:00,0.2226,0.2232,0.22,0.2209,16149573.8,2025-09-20 07:59:59.999,3577360.15002000,7148,7709813.60,1709206.60554000,0
2025-09-20 08:00:00,0.2208,0.2215,0.2194,0.2202,12837123.2,2025-09-20 08:59:59.999,2828780.52172000,5059,6447470.00,1421107.65408000,0
2025-09-20 09:00:00,0.2201,0.2219,0.2185,0.2195,19474294.6,2025-09-20 09:59:59.999,4282385.01568000,8753,9348982.60,2056301.13948000,0
2025-09-20 10:00:00,0.2196,0.2208,0.2192,0.22,9674062.2,2025-09-20 10:59:59.999,2129189.56616000,4946,5230993.20,1151394.31935000,0
2025-09-20 11:00:00,0.22,0.2235,0.2198,0.2224,27557204.9,2025-09-20 11:59:59.999,6115440.07456000,9328,14304069.10,3174991.45542000,0
2025-09-20 12:00:00,0.2225,0.2226,0.2212,0.2218,12171324.1,2025-09-20 12:59:59.999,2700586.65108000,5376,5294578.10,1175354.33666000,0
2025-09-20 13:00:00,0.2218,0.224,0.2215,0.2227,13954369.5,2025-09-20 13:59:59.999,3105560.56593000,6336,6491337.30,1444923.76544000,0
2025-09-20 14:00:00,0.2227,0.2242,0.2216,0.2234,12119359.5,2025-09-20 14:59:59.999,2704570.96966000,4547,7050378.80,1573815.55623000,0
2025-09-20 15:00:00,0.2234,0.2252,0.2227,0.224,19366731.8,2025-09-20 15:59:59.999,4331040.54562000,6314,8121717.40,1816852.04351000,0
2025-09-20 16:00:00,0.224,0.2245,0.2221,0.223,12873462.4,2025-09-20 16:59:59.999,2874429.91421000,5164,6134460.20,1369972.07158000,0
2025-09-20 17:00:00,0.2231,0.2234,0.2221,0.2225,10218501.0,2025-09-20 17:59:59.999,2275730.29943000,3696,3726296.90,830002.16845000,0
2025-09-20 18:00:00,0.2225,0.2256,0.2218,0.2244,31860307.5,2025-09-20 18:59:59.999,7129760.94722000,9856,22597825.30,5059222.75196000,0
2025-09-20 19:00:00,0.2244,0.2268,0.2239,0.2248,18209757.7,2025-09-20 19:59:59.999,4103402.70050000,8117,8751753.10,1973041.42723000,0
2025-09-20 20:00:00,0.2249,0.2254,0.2236,0.2244,12210566.4,2025-09-20 20:59:59.999,2741380.87410000,4837,4301506.10,966378.88521000,0
2025-09-20 21:00:00,0.2245,0.2286,0.2244,0.2261,19447699.9,2025-09-20 21:59:59.999,4400170.56169000,7707,10455985.00,2369477.75725000,0
2025-09-20 22:00:00,0.2261,0.2264,0.2224,0.2246,28957949.8,2025-09-20 22:59:59.999,6507306.83886000,9493,6527089.10,1467545.29668000,0
2025-09-20 23:00:00,0.2246,0.2249,0.2224,0.2245,12478048.5,2025-09-20 23:59:59.999,2788929.04467000,5162,6062115.00,1354775.93126000,0
2025-09-21 00:00:00,0.2246,0.227,0.2239,0.2263,9598351.4,2025-09-21 00:59:59.999,2166070.18448000,5307,5384272.40,1215312.26230000,0
2025-09-21 01:00:00,0.2263,0.2271,0.2249,0.2254,22692629.3,2025-09-21 01:59:59.999,5120914.45964000,8126,10891120.00,2457634.03173000,0
2025-09-21 02:00:00,0.2254,0.2265,0.2248,0.2263,9435334.3,2025-09-21 02:59:59.999,2129850.20011000,4475,4494006.80,1014919.21282000,0
2025-09-21 03:00:00,0.2263,0.2329,0.2263,0.2328,31677543.0,2025-09-21 03:59:59.999,7287473.92121000,16218,16970028.30,3901742.74579000,0
2025-09-21 04:00:00,0.2328,0.2428,0.2316,0.2408,70113261.6,2025-09-21 04:59:59.999,16518867.27362000,33332,38894669.40,9173285.06851000,0
2025-09-21 05:00:00,0.2409,0.2463,0.2371,0.2458,117984125.5,2025-09-21 05:59:59.999,28512211.38701000,59910,59056087.10,14284480.61760000,0
2025-09-21 06:00:00,0.2458,0.2495,0.241,0.2424,82657626.7,2025-09-21 06:59:59.999,20303178.37881000,39045,40450330.10,9942835.94937000,0
2025-09-21 07:00:00,0.2425,0.2435,0.2335,0.235,71924149.5,2025-09-21 07:59:59.999,17153840.27346000,33388,30364227.70,7243176.22065000,0
2025-09-21 08:00:00,0.2351,0.2362,0.2316,0.2349,40518968.4,2025-09-21 08:59:59.999,9468632.39990000,17326,21086897.80,4930194.38175000,0
2025-09-21 09:00:00,0.2349,0.2349,0.2285,0.2321,38472184.0,2025-09-21 09:59:59.999,8905045.99889000,19464,18379295.30,4254469.21835000,0
2025-09-21 10:00:00,0.232,0.2337,0.23,0.232,18638859.1,2025-09-21 10:59:59.999,4330814.46133000,8145,8072065.30,1875401.59573000,0
2025-09-21 11:00:00,0.232,0.2347,0.2307,0.2326,20304621.1,2025-09-21 11:59:59.999,4733954.38989000,9970,9384129.50,2189239.86536000,0
2025-09-21 12:00:00,0.2327,0.2347,0.232,0.2335,12774198.8,2025-09-21 12:59:59.999,2984893.96422000,6590,6606518.30,1543640.20137000,0
2025-09-21 13:00:00,0.2334,0.2436,0.2333,0.2425,57663028.9,2025-09-21 13:59:59.999,13821403.95387000,29749,25152137.50,6017575.37260000,0
2025-09-21 14:00:00,0.2425,0.247,0.2406,0.2415,92238996.1,2025-09-21 14:59:59.999,22510940.01240000,45095,45950219.40,11222399.30431000,0
2025-09-21 15:00:00,0.2416,0.2475,0.2382,0.2456,63435261.8,2025-09-21 15:59:59.999,15377024.33007000,33499,32225375.30,7820938.27390000,0
2025-09-21 16:00:00,0.2456,0.2464,0.2394,0.2422,52797859.5,2025-09-21 16:59:59.999,12801865.12011000,26843,25005136.00,6060985.30892000,0
2025-09-21 17:00:00,0.2423,0.2539,0.2409,0.2518,72225426.8,2025-09-21 17:59:59.999,17952714.72530000,34935,41654587.30,10358002.60234000,0
2025-09-21 18:00:00,0.2517,0.2565,0.2512,0.254,59216533.0,2025-09-21 18:59:59.999,15012929.71731000,30526,29403617.10,7457355.14844000,0
2025-09-21 19:00:00,0.254,0.255,0.2492,0.2516,31097493.0,2025-09-21 19:59:59.999,7846751.31319000,17490,14867788.30,3752795.68970000,0
2025-09-21 20:00:00,0.2517,0.2527,0.2435,0.2456,36263319.3,2025-09-21 20:59:59.999,8980073.51430000,17879,16396963.90,4062049.11664000,0
2025-09-21 21:00:00,0.2456,0.2478,0.2446,0.2475,19435869.4,2025-09-21 21:59:59.999,4793939.52971000,12292,10386502.40,2562020.14459000,0
2025-09-21 22:00:00,0.2474,0.2494,0.2452,0.2467,17586232.6,2025-09-21 22:59:59.999,4344755.47558000,9559,8246130.10,2038875.18043000,0
2025-09-21 23:00:00,0.2466,0.2468,0.2413,0.2436,25439347.3,2025-09-21 23:59:59.999,6187950.87930000,11745,12263978.20,2982746.23515000,0
2025-09-22 00:00:00,0.2436,0.2453,0.2335,0.2347,74478841.2,2025-09-22 00:59:59.999,17769122.17758000,33734,31128757.20,7434406.73883000,0
2025-09-22 01:00:00,0.2346,0.2372,0.2302,0.2343,53723395.7,2025-09-22 01:59:59.999,12584550.20792000,27487,27276616.60,6394103.72296000,0
2025-09-22 02:00:00,0.2342,0.2367,0.2268,0.2303,54307170.7,2025-09-22 02:59:59.999,12557780.29537000,29132,25063590.50,5792878.38070000,0
2025-09-22 03:00:00,0.2303,0.235,0.2291,0.2321,39960133.9,2025-09-22 03:59:59.999,9289396.21262000,17637,18556907.50,4311520.14788000,0
2025-09-22 04:00:00,0.232,0.2353,0.2319,0.2336,21471543.8,2025-09-22 04:59:59.999,5016730.52988000,11409,12112744.60,2830821.93274000,0
2025-09-22 05:00:00,0.2336,0.2342,0.2276,0.2278,25941024.2,2025-09-22 05:59:59.999,5981689.45855000,13414,10965070.80,2530153.39232000,0
2025-09-22 06:00:00,0.2276,0.228,0.209,0.2212,129514911.7,2025-09-22 06:59:59.999,28483612.85996000,69657,56392398.00,12410835.83882000,0
2025-09-22 07:00:00,0.2213,0.2221,0.2123,0.2148,69129111.3,2025-09-22 07:59:59.999,14981133.90167000,33796,34963236.30,7574609.68802000,0
2025-09-22 08:00:00,0.2148,0.2169,0.213,0.2156,43234729.0,2025-09-22 08:59:59.999,9301488.66610000,17928,18098375.30,3893849.85847000,0
2025-09-22 09:00:00,0.2156,0.217,0.2075,0.209,71835056.2,2025-09-22 09:59:59.999,15147848.76845000,23110,35290193.50,7427702.13240000,0
2025-09-22 10:00:00,0.2089,0.2142,0.2083,0.2131,40701258.0,2025-09-22 10:59:59.999,8589583.72347000,17075,20504815.00,4331778.11245000,0
2025-09-22 11:00:00,0.213,0.2141,0.2108,0.2128,40406992.5,2025-09-22 11:59:59.999,8572571.90264000,17683,19579877.00,4154963.23547000,0
2025-09-22 12:00:00,0.2128,0.2147,0.2114,0.2146,26634014.5,2025-09-22 12:59:59.999,5679559.09480000,12196,13669014.60,2916631.12469000,0
2025-09-22 13:00:00,0.2146,0.216,0.212,0.2158,32946897.6,2025-09-22 13:59:59.999,7060111.55381000,15002,18704311.00,4008697.64877000,0
2025-09-22 14:00:00,0.2157,0.2162,0.2097,0.2109,42137404.5,2025-09-22 14:59:59.999,8970768.64760000,16832,20970947.80,4465833.24854000,0
2025-09-22 15:00:00,0.211,0.2116,0.2064,0.2086,44703653.4,2025-09-22 15:59:59.999,9341345.95388000,17764,18975316.00,3966946.68570000,0
2025-09-22 16:00:00,0.2085,0.2097,0.2017,0.2042,72818199.1,2025-09-22 16:59:59.999,14967718.06294000,29468,28810225.70,5917570.57505000,0
2025-09-22 17:00:00,0.2042,0.2198,0.2027,0.2086,52099275.6,2025-09-22 17:59:59.999,10802823.86701000,26598,32379045.60,6727175.31056000,0
2025-09-22 18:00:00,0.2085,0.2096,0.2069,0.2095,20576627.3,2025-09-22 18:59:59.999,4289918.64744000,11629,10983006.40,2290534.93090000,0
2025-09-22 19:00:00,0.2094,0.21,0.2062,0.2075,20580154.9,2025-09-22 19:59:59.999,4279268.51932000,10211,9953104.90,2070879.90547000,0
2025-09-22 20:00:00,0.2076,0.2104,0.2072,0.2089,11920781.5,2025-09-22 20:59:59.999,2492493.59034000,6237,5348346.50,1118132.74745000,0
2025-09-22 21:00:00,0.2089,0.2124,0.2086,0.2118,10528674.2,2025-09-22 21:59:59.999,2220516.43022000,6179,6197364.20,1307130.94872000,0
2025-09-22 22:00:00,0.2117,0.2131,0.2107,0.2124,10730939.8,2025-09-22 22:59:59.999,2277706.94920000,5823,5724267.90,1215090.56175000,0
2025-09-22 23:00:00,0.2125,0.2134,0.2115,0.2122,8768147.4,2025-09-22 23:59:59.999,1861867.57492000,4456,4266245.90,906470.52166000,0
2025-09-23 00:00:00,0.2121,0.2143,0.2103,0.2104,10882476.3,2025-09-23 00:59:59.999,2312194.50926000,5682,5953776.90,1265696.92835000,0
2025-09-23 01:00:00,0.2105,0.2107,0.2053,0.2055,20087618.3,2025-09-23 01:59:59.999,4179073.33951000,10718,8139182.90,1693019.82146000,0
2025-09-23 02:00:00,0.2055,0.2076,0.1971,0.1978,56198827.9,2025-09-23 02:59:59.999,11338973.45575000,21383,25850113.40,5223467.14886000,0
2025-09-23 03:00:00,0.1977,0.2049,0.1926,0.2039,99443269.3,2025-09-23 03:59:59.999,19721582.93541000,41714,51615876.60,10248064.04411000,0
2025-09-23 04:00:00,0.2039,0.2058,0.2024,0.2028,27527093.6,2025-09-23 04:59:59.999,5614568.02296000,13934,13402807.00,2734610.25996000,0
2025-09-23 05:00:00,0.2028,0.2074,0.2011,0.2064,34380989.8,2025-09-23 05:59:59.999,7024653.66516000,15035,15910482.70,3249504.44987000,0
2025-09-23 06:00:00,0.2064,0.2097,0.2054,0.2077,28253645.7,2025-09-23 06:59:59.999,5859898.21905000,12711,15750140.80,3266510.52648000,0
2025-09-23 07:00:00,0.2076,0.2081,0.2044,0.2054,34906952.4,2025-09-23 07:59:59.999,7200122.95108000,13333,11898877.20,2457081.47587000,0
2025-09-23 08:00:00,0.2054,0.2068,0.2045,0.2057,16175318.7,2025-09-23 08:59:59.999,3326314.26682000,7241,9315143.20,1914821.78147000,0
2025-09-23 09:00:00,0.2056,0.2064,0.2025,0.2035,19510837.1,2025-09-23 09:59:59.999,3985124.29854000,10422,7488146.70,1529997.55569000,0
2025-09-23 10:00:00,0.2035,0.2051,0.2029,0.2048,8513029.5,2025-09-23 10:59:59.999,1736028.47866000,7016,3775673.10,770102.82867000,0
2025-09-23 11:00:00,0.2047,0.2047,0.2009,0.2027,19480141.0,2025-09-23 11:59:59.999,3940181.64937000,12696,9186604.60,1857381.50344000,0
2025-09-23 12:00:00,0.2027,0.2065,0.2023,0.2044,17690647.3,2025-09-23 12:59:59.999,3614112.27403000,12358,8763048.50,1789600.42106000,0
2025-09-23 13:00:00,0.2043,0.2046,0.2004,0.2014,29199702.2,2025-09-23 13:59:59.999,5907096.16387000,16868,14578844.30,2948560.85915000,0
2025-09-23 14:00:00,0.2015,0.2037,0.1957,0.1963,53475415.7,2025-09-23 14:59:59.999,10631822.34841000,28462,24382473.60,4847524.35985000,0
2025-09-23 15:00:00,0.1963,0.1991,0.1951,0.1976,39562708.2,2025-09-23 15:59:59.999,7797194.57832000,22332,20071172.30,3956879.18506000,0
2025-09-23 16:00:00,0.1976,0.201,0.1959,0.1998,33566242.6,2025-09-23 16:59:59.999,6650880.00264000,20839,16355107.90,3241192.96075000,0
2025-09-23 17:00:00,0.1997,0.2,0.1939,0.1957,28247645.5,2025-09-23 17:59:59.999,5543783.66481000,19211,13618202.20,2673238.15568000,0
2025-09-23 18:00:00,0.1956,0.1975,0.1934,0.195,19581647.2,2025-09-23 18:59:59.999,3822365.72520000,11155,9391910.20,1833347.19423000,0
2025-09-23 19:00:00,0.1951,0.198,0.1941,0.1955,15304469.1,2025-09-23 19:59:59.999,2998247.44050000,9839,7601697.50,1488442.01815000,0
2025-09-23 20:00:00,0.1955,0.1977,0.1938,0.1965,15536009.3,2025-09-23 20:59:59.999,3041774.51617000,10150,8440861.50,1652756.17129000,0
2025-09-23 21:00:00,0.1965,0.1988,0.1958,0.1984,12081421.2,2025-09-23 21:59:59.999,2384078.61982000,6843,5672229.80,1118559.43214000,0
2025-09-23 22:00:00,0.1985,0.1993,0.197,0.1988,8170686.3,2025-09-23 22:59:59.999,1619549.08083000,4708,4150707.10,822650.80603000,0
2025-09-23 23:00:00,0.1988,0.1995,0.1959,0.1967,7954128.2,2025-09-23 23:59:59.999,1568023.13830000,6322,3795270.10,747948.57337000,0
2025-09-24 00:00:00,0.1968,0.2022,0.1967,0.2008,16253159.4,2025-09-24 00:59:59.999,3263741.10383000,12158,8627730.20,1732198.34218000,0
2025-09-24 01:00:00,0.2008,0.2031,0.2003,0.2031,7942358.4,2025-09-24 01:59:59.999,1601314.84796000,5888,4801595.90,968255.36002000,0
2025-09-24 02:00:00,0.203,0.2033,0.1992,0.2004,10586587.6,2025-09-24 02:59:59.999,2125204.80521000,9826,4489066.70,900664.09341000,0
2025-09-24 03:00:00,0.2005,0.2011,0.1954,0.1958,17167512.1,2025-09-24 03:59:59.999,3386387.33572000,12320,7102187.50,1400746.28317000,0
2025-09-24 04:00:00,0.1958,0.1976,0.191,0.1943,42410377.9,2025-09-24 04:59:59.999,8209311.07059000,25355,22282297.00,4311268.33691000,0
2025-09-24 05:00:00,0.1943,0.1992,0.194,0.199,15260321.1,2025-09-24 05:59:59.999,3002375.62678000,9793,8569727.70,1686750.84484000,0
2025-09-24 06:00:00,0.199,0.2001,0.1976,0.1987,14934893.6,2025-09-24 06:59:59.999,2970125.02808000,8452,6782931.40,1348839.18155000,0
2025-09-24 07:00:00,0.1987,0.2013,0.1982,0.2,16633811.1,2025-09-24 07:59:59.999,3319351.68202000,10666,8720287.20,1740415.29364000,0
2025-09-24 08:00:00,0.2001,0.2037,0.1995,0.203,21235107.0,2025-09-24 08:59:59.999,4278329.59140000,14130,10953267.70,2206682.82277000,0
2025-09-24 09:00:00,0.203,0.2059,0.2026,0.2039,19085981.3,2025-09-24 09:59:59.999,3899468.35924000,16861,9202958.60,1880815.16312000,0
2025-09-24 10:00:00,0.2039,0.2056,0.2033,0.2056,13085773.2,2025-09-24 10:59:59.999,2674026.69118000,24889,7372601.50,1506873.95660000,0
2025-09-24 11:00:00,0.2055,0.2058,0.2023,0.2028,18002144.3,2025-09-24 11:59:59.999,3667039.40200000,22196,7611451.80,1551024.50808000,0
2025-09-24 12:00:00,0.2028,0.2034,0.2004,0.2015,17887076.2,2025-09-24 12:59:59.999,3605636.92188000,12353,8302535.20,1673656.34302000,0
2025-09-24 13:00:00,0.2016,0.2033,0.2006,0.2007,11986044.7,2025-09-24 13:59:59.999,2420865.02183000,8874,6053909.20,1223505.11847000,0
2025-09-24 14:00:00,0.2008,0.2053,0.2008,0.2037,14255661.3,2025-09-24 14:59:59.999,2896747.75671000,9245,8997238.30,1829517.34361000,0
2025-09-24 15:00:00,0.2037,0.2041,0.2,0.2004,13101161.2,2025-09-24 15:59:59.999,2649993.67306000,10116,6624069.80,1341407.42014000,0
2025-09-24 16:00:00,0.2004,0.2017,0.1998,0.2015,8741036.8,2025-09-24 16:59:59.999,1756023.39332000,7918,3945782.50,793005.53812000,0
2025-09-24 17:00:00,0.2016,0.2031,0.2013,0.202,7435676.0,2025-09-24 17:59:59.999,1502796.52071000,5727,2309032.90,466514.44371000,0
2025-09-24 18:00:00,0.202,0.2021,0.1999,0.2005,9147266.2,2025-09-24 18:59:59.999,1835489.23539000,6207,3408624.60,684234.51933000,0
2025-09-24 19:00:00,0.2005,0.2009,0.1992,0.1997,7035240.5,2025-09-24 19:59:59.999,1406181.91327000,4655,4360212.40,871446.41809000,0
2025-09-24 20:00:00,0.1997,0.2,0.1975,0.1991,10187170.6,2025-09-24 20:59:59.999,2023632.00881000,7888,3921417.00,778425.88801000,0
2025-09-24 21:00:00,0.1992,0.1999,0.1951,0.1963,11132708.6,2025-09-24 21:59:59.999,2197436.81100000,8549,4354133.30,858925.73229000,0
2025-09-24 22:00:00,0.1964,0.1987,0.1963,0.1978,7096654.2,2025-09-24 22:59:59.999,1401926.61683000,6951,3645868.60,720232.12410000,0
2025-09-24 23:00:00,0.1978,0.1985,0.1963,0.1977,9204242.0,2025-09-24 23:59:59.999,1814771.43164000,6372,3410218.10,672621.61700000,0
2025-09-25 00:00:00,0.1977,0.1986,0.1951,0.1959,12534300.0,2025-09-25 00:59:59.999,2468415.37436000,9529,4495984.10,885844.84022000,0
2025-09-25 01:00:00,0.1959,0.197,0.1951,0.1962,11504198.2,2025-09-25 01:59:59.999,2254624.10733000,11575,5309713.70,1040637.37020000,0
2025-09-25 02:00:00,0.1962,0.1986,0.1932,0.1982,19444669.8,2025-09-25 02:59:59.999,3813994.43475000,16748,9812591.90,1926516.82982000,0
2025-09-25 03:00:00,0.1982,0.2021,0.1971,0.1992,21990284.3,2025-09-25 03:59:59.999,4383046.89873000,17459,11971005.90,2386867.78286000,0
2025-09-25 04:00:00,0.1991,0.1993,0.1934,0.1953,22733218.9,2025-09-25 04:59:59.999,4444623.83065000,21338,10250790.00,2004356.47814000,0
2025-09-25 05:00:00,0.1952,0.1966,0.1937,0.1952,13328864.0,2025-09-25 05:59:59.999,2600370.88746000,11397,6459368.80,1260223.93043000,0
2025-09-25 06:00:00,0.1953,0.1958,0.1918,0.1937,17463586.7,2025-09-25 06:59:59.999,3371084.41684000,14310,7160096.50,1381164.17785000,0
2025-09-25 07:00:00,0.1937,0.1993,0.1935,0.1975,21541852.9,2025-09-25 07:59:59.999,4244299.77440000,17819,10293735.10,2028544.25284000,0
2025-09-25 08:00:00,0.1975,0.1997,0.1972,0.1989,12921101.3,2025-09-25 08:59:59.999,2566380.17646000,8974,5574465.00,1107612.86883000,0
2025-09-25 09:00:00,0.1988,0.2012,0.1978,0.1982,15626245.3,2025-09-25 09:59:59.999,3118349.34609000,10384,7539402.20,1505712.80967000,0
2025-09-25 10:00:00,0.1982,0.2014,0.198,0.1997,19497784.5,2025-09-25 10:59:59.999,3903749.93431000,9947,8925281.00,1787222.25041000,0
2025-09-25 11:00:00,0.1997,0.2012,0.1984,0.1995,17455603.8,2025-09-25 11:59:59.999,3482593.59339000,10702,7523564.10,1501726.66339000,0
2025-09-25 12:00:00,0.1994,0.2046,0.1956,0.1967,66093431.2,2025-09-25 12:59:59.999,13257882.51853000,45665,29599050.30,5940648.20700000,0
2025-09-25 13:00:00,0.1966,0.1994,0.194,0.1994,39878499.6,2025-09-25 13:59:59.999,7843238.58550000,30888,19038817.30,3745370.98548000,0
2025-09-25 14:00:00,0.1994,0.2044,0.1992,0.2025,41943810.7,2025-09-25 14:59:59.999,8479815.95208000,25284,18224153.50,3684966.29895000,0
2025-09-25 15:00:00,0.2025,0.2036,0.2001,0.2018,20552620.3,2025-09-25 15:59:59.999,4145932.93049000,13297,7405009.10,1493563.25700000,0
2025-09-25 16:00:00,0.2018,0.204,0.2,0.2004,26496079.0,2025-09-25 16:59:59.999,5353775.55655000,16956,14090827.00,2851254.58263000,0
2025-09-25 17:00:00,0.2003,0.2004,0.1878,0.1901,83765848.8,2025-09-25 17:59:59.999,16282443.33945000,44805,32669152.30,6352702.54786000,0
2025-09-25 18:00:00,0.1901,0.1949,0.1891,0.1947,38931437.9,2025-09-25 18:59:59.999,7467476.83322000,26517,17867555.10,3429024.33056000,0
2025-09-25 19:00:00,0.1947,0.196,0.1917,0.1943,25339172.8,2025-09-25 19:59:59.999,4911727.22411000,16073,11708140.10,2269398.55964000,0
2025-09-25 20:00:00,0.1943,0.1948,0.1897,0.1912,21129339.0,2025-09-25 20:59:59.999,4054710.66395000,13653,9326323.70,1789349.19023000,0
2025-09-25 21:00:00,0.1912,0.1939,0.1896,0.1928,19178147.7,2025-09-25 21:59:59.999,3678560.11995000,13376,8725369.00,1673653.35997000,0
2025-09-25 22:00:00,0.1928,0.1934,0.189,0.1905,16141556.8,2025-09-25 22:59:59.999,3085614.63651000,10270,5684068.50,1086441.66681000,0
2025-09-25 23:00:00,0.1906,0.1932,0.1814,0.1923,76317224.0,2025-09-25 23:59:59.999,14290238.56288000,39795,38534418.90,7208220.72173000,0
2025-09-26 00:00:00,0.1924,0.1935,0.1897,0.1929,25224506.8,2025-09-26 00:59:59.999,4833940.90796000,17818,12309507.50,2358537.77506000,0
2025-09-26 01:00:00,0.1929,0.1937,0.1914,0.1926,13986660.5,2025-09-26 01:59:59.999,2697533.13456000,9813,6703021.70,1293197.41732000,0
2025-09-26 02:00:00,0.1927,0.1956,0.1925,0.1935,16821361.7,2025-09-26 02:59:59.999,3266045.24170000,11759,8715820.10,1692228.87469000,0
2025-09-26 03:00:00,0.1935,0.1943,0.1921,0.1936,8810174.3,2025-09-26 03:59:59.999,1703587.93555000,7345,3775020.10,730110.93300000,0
2025-09-26 04:00:00,0.1937,0.1939,0.1918,0.1926,6653091.4,2025-09-26 04:59:59.999,1282395.69060000,7326,3078214.90,592846.20787000,0
2025-09-26 05:00:00,0.1927,0.1944,0.1912,0.1924,9321270.3,2025-09-26 05:59:59.999,1797584.00548000,7815,4432628.00,855178.35026000,0
2025-09-26 06:00:00,0.1923,0.1936,0.1913,0.1917,13141212.8,2025-09-26 06:59:59.999,2526259.73355000,9197,5504232.60,1058822.20428000,0
2025-09-26 07:00:00,0.1917,0.1958,0.1907,0.1953,18740814.6,2025-09-26 07:59:59.999,3620978.76991000,11178,9717331.70,1879105.99155000,0
2025-09-26 08:00:00,0.1954,0.1971,0.1942,0.1947,14064032.6,2025-09-26 08:59:59.999,2750564.74127000,10906,6934539.30,1355934.21974000,0
2025-09-26 09:00:00,0.1947,0.1955,0.1922,0.1929,9207770.1,2025-09-26 09:59:59.999,1781856.39957000,8023,4824072.00,933578.51505000,0
2025-09-26 10:00:00,0.1928,0.1942,0.1911,0.1942,14200105.6,2025-09-26 10:59:59.999,2728886.39598000,8748,6274616.20,1206416.31032000,0
2025-09-26 11:00:00,0.1941,0.2016,0.1941,0.1987,48983301.9,2025-09-26 11:59:59.999,9685886.87823000,32363,24093645.00,4765727.28086000,0
2025-09-26 12:00:00,0.1986,0.202,0.1975,0.2011,34414714.8,2025-09-26 12:59:59.999,6881376.58308000,24124,17057126.90,3413446.28338000,0
2025-09-26 13:00:00,0.2011,0.2043,0.2007,0.2041,32124698.1,2025-09-26 13:59:59.999,6511134.52181000,22726,17496672.00,3547323.68263000,0
2025-09-26 14:00:00,0.2041,0.2044,0.2004,0.201,27124814.7,2025-09-26 14:59:59.999,5479663.37643000,17164,11689303.60,2359722.38035000,0
2025-09-26 15:00:00,0.201,0.2068,0.2008,0.2034,32233186.0,2025-09-26 15:59:59.999,6578533.38886000,17682,15309462.50,3122966.36848000,0
2025-09-26 16:00:00,0.2035,0.2079,0.2035,0.2059,19818380.7,2025-09-26 16:59:59.999,4077515.43219000,13726,9956178.20,2048564.61773000,0
2025-09-26 17:00:00,0.2059,0.2098,0.2052,0.2091,26079652.0,2025-09-26 17:59:59.999,5417088.84377000,15715,14408209.60,2991853.17487000,0
2025-09-26 18:00:00,0.2091,0.2151,0.2089,0.2119,36828692.0,2025-09-26 18:59:59.999,7799436.89752000,24064,19280411.10,4082784.59229000,0
2025-09-26 19:00:00,0.2119,0.212,0.2069,0.2092,23631896.0,2025-09-26 19:59:59.999,4947158.23687000,17077,8611156.10,1803186.28524000,0
2025-09-26 20:00:00,0.2091,0.2092,0.2069,0.2076,9561020.5,2025-09-26 20:59:59.999,1988752.60432000,8426,4779635.90,994434.65895000,0
2025-09-26 21:00:00,0.2075,0.2103,0.2061,0.2086,7865387.4,2025-09-26 21:59:59.999,1634077.58448000,8385,4095403.80,851525.22439000,0
2025-09-26 22:00:00,0.2086,0.21,0.208,0.2096,7907966.8,2025-09-26 22:59:59.999,1653017.88170000,6705,3844319.20,803596.24442000,0
2025-09-26 23:00:00,0.2096,0.2105,0.2076,0.2101,10665580.8,2025-09-26 23:59:59.999,2230497.14288000,7391,5211886.00,1089943.21661000,0
2025-09-27 00:00:00,0.2102,0.2107,0.2079,0.2092,8980526.2,2025-09-27 00:59:59.999,1875287.87008000,8118,3730455.70,779060.25334000,0
2025-09-27 01:00:00,0.2091,0.2091,0.2056,0.2072,15535227.1,2025-09-27 01:59:59.999,3206012.40090000,9204,7475954.90,1542389.25873000,0
2025-09-27 02:00:00,0.2071,0.2077,0.2061,0.2066,6076361.7,2025-09-27 02:59:59.999,1256794.42302000,5089,1966553.70,406845.21419000,0
2025-09-27 03:00:00,0.2066,0.2101,0.2062,0.2089,10685894.2,2025-09-27 03:59:59.999,2225576.79659000,7681,5106005.10,1064274.96865000,0
2025-09-27 04:00:00,0.2089,0.2095,0.2077,0.2092,6471474.1,2025-09-27 04:59:59.999,1349682.61352000,5022,3321216.90,692958.82036000,0
2025-09-27 05:00:00,0.2092,0.2095,0.2078,0.2087,4222367.2,2025-09-27 05:59:59.999,881061.72569000,4149,1889545.10,394347.79652000,0
2025-09-27 06:00:00,0.2087,0.2089,0.2072,0.2077,4586649.8,2025-09-27 06:59:59.999,954513.53466000,4619,1873637.00,389961.04657000,0
2025-09-27 07:00:00,0.2077,0.2087,0.2067,0.207,4605401.3,2025-09-27 07:59:59.999,956931.86587000,4953,1912209.30,397483.94282000,0
2025-09-27 08:00:00,0.207,0.207,0.2027,0.2035,15318687.7,2025-09-27 08:59:59.999,3137007.47316000,11835,5780603.00,1183824.95439000,0
2025-09-27 09:00:00,0.2034,0.2059,0.2024,0.2056,9483786.4,2025-09-27 09:59:59.999,1934933.36536000,7765,4366669.20,891683.61580000,0
2025-09-27 10:00:00,0.2056,0.2074,0.204,0.2043,9726704.8,2025-09-27 10:59:59.999,1999100.57783000,8079,4734047.10,973491.87611000,0
2025-09-27 11:00:00,0.2043,0.2051,0.2037,0.2048,5631437.6,2025-09-27 11:59:59.999,1151606.38259000,4614,2698053.60,551933.39075000,0
2025-09-27 12:00:00,0.2049,0.2104,0.2042,0.2098,19780382.7,2025-09-27 12:59:59.999,4116194.84882000,15366,10270858.10,2138537.74181000,0
2025-09-27 13:00:00,0.2098,0.2117,0.2088,0.2094,13746980.2,2025-09-27 13:59:59.999,2886755.00954000,10402,6751887.90,1418227.14749000,0
2025-09-27 14:00:00,0.2094,0.2101,0.2087,0.2093,7326692.4,2025-09-27 14:59:59.999,1533999.15675000,6145,3050410.20,638922.12226000,0
2025-09-27 15:00:00,0.2093,0.2102,0.2067,0.21,16549192.0,2025-09-27 15:59:59.999,3454095.36767000,11722,7335202.30,1532086.38596000,0
2025-09-27 16:00:00,0.2101,0.2102,0.2071,0.2086,12398537.7,2025-09-27 16:59:59.999,2584643.67026000,9715,5700112.40,1188534.63542000,0
2025-09-27 17:00:00,0.2086,0.2087,0.2065,0.208,7706734.2,2025-09-27 17:59:59.999,1600351.14079000,8087,3650549.70,758080.03819000,0
2025-09-27 18:00:00,0.2079,0.2084,0.2064,0.2071,5105211.4,2025-09-27 18:59:59.999,1058197.35787000,5376,2424146.70,502671.86392000,0
2025-09-27 19:00:00,0.207,0.2073,0.2047,0.2051,7915642.6,2025-09-27 19:59:59.999,1628566.73572000,5734,2501646.10,514827.49135000,0
2025-09-27 20:00:00,0.2052,0.2065,0.2046,0.2053,5457490.7,2025-09-27 20:59:59.999,1120605.25340000,4893,2287430.50,469757.44243000,0
2025-09-27 21:00:00,0.2053,0.2068,0.2052,0.2067,3611297.0,2025-09-27 21:59:59.999,743660.30988000,3693,1750232.70,360375.22783000,0
2025-09-27 22:00:00,0.2067,0.2084,0.2062,0.2065,4788631.6,2025-09-27 22:59:59.999,992844.94302000,4725,2447078.90,507546.83518000,0
2025-09-27 23:00:00,0.2066,0.2072,0.2058,0.2065,2742967.9,2025-09-27 23:59:59.999,566577.93869000,3759,1401472.60,289616.85407000,0
2025-09-28 00:00:00,0.2066,0.2074,0.2049,0.2051,8474053.3,2025-09-28 00:59:59.999,1744925.56369000,6613,4034971.20,830641.63656000,0
2025-09-28 01:00:00,0.2051,0.2053,0.2041,0.2049,7282517.8,2025-09-28 01:59:59.999,1490123.56333000,5750,2947358.60,603241.51354000,0
2025-09-28 02:00:00,0.2049,0.207,0.2044,0.2054,4124633.2,2025-09-28 02:59:59.999,848203.19014000,4343,1866041.40,383551.28327000,0
2025-09-28 03:00:00,0.2054,0.2061,0.2046,0.2048,3809537.4,2025-09-28 03:59:59.999,781945.96989000,3589,1200877.30,246433.84550000,0
2025-09-28 04:00:00,0.2047,0.2055,0.2032,0.2048,6638374.7,2025-09-28 04:59:59.999,1356444.98134000,5588,3043300.70,622278.70062000,0
2025-09-28 05:00:00,0.2048,0.2097,0.2047,0.2095,9380939.2,2025-09-28 05:59:59.999,1948248.86370000,8168,4681284.10,972361.50912000,0
2025-09-28 06:00:00,0.2096,0.2106,0.2075,0.2097,13446406.9,2025-09-28 06:59:59.999,2813369.00231000,10174,7388892.10,1546418.12386000,0
2025-09-28 07:00:00,0.2097,0.2102,0.2084,0.2099,8704216.7,2025-09-28 07:59:59.999,1821709.96835000,6664,4313790.70,903131.19040000,0
2025-09-28 08:00:00,0.2098,0.2109,0.2077,0.2078,17078659.8,2025-09-28 08:59:59.999,3566631.02489000,10891,7958655.20,1662617.46127000,0
2025-09-28 09:00:00,0.2079,0.2102,0.2079,0.21,10699775.1,2025-09-28 09:59:59.999,2236257.99421000,8689,5005167.80,1046330.99467000,0
2025-09-28 10:00:00,0.21,0.2187,0.2088,0.2145,74256967.7,2025-09-28 10:59:59.999,15955314.32389000,41183,37062646.00,7958998.99126000,0
2025-09-28 11:00:00,0.2144,0.2167,0.212,0.2146,35104749.0,2025-09-28 11:59:59.999,7529644.53639000,19212,17066842.80,3663788.94753000,0
2025-09-28 12:00:00,0.2145,0.2154,0.2069,0.2094,41310342.5,2025-09-28 12:59:59.999,8685100.56164000,22518,20059586.60,4216392.92588000,0
2025-09-28 13:00:00,0.2093,0.2121,0.2082,0.2116,20526544.2,2025-09-28 13:59:59.999,4312966.83774000,12588,10198189.50,2143835.50177000,0
2025-09-28 14:00:00,0.2117,0.2128,0.2106,0.2124,11074314.5,2025-09-28 14:59:59.999,2346051.67935000,7841,5723101.90,1212594.71428000,0
2025-09-28 15:00:00,0.2124,0.2151,0.212,0.2143,14308100.2,2025-09-28 15:59:59.999,3054762.83663000,8741,7000362.50,1495469.43805000,0
2025-09-28 16:00:00,0.2144,0.215,0.212,0.2131,16796659.0,2025-09-28 16:59:59.999,3585935.33181000,10103,7420667.60,1585032.17517000,0
2025-09-28 17:00:00,0.2131,0.2142,0.2118,0.2129,10335004.2,2025-09-28 17:59:59.999,2201434.88522000,7603,3984824.90,848686.95107000,0
2025-09-28 18:00:00,0.2129,0.2136,0.2116,0.2124,7153236.2,2025-09-28 18:59:59.999,1518784.89243000,5225,3652675.20,775473.53063000,0
2025-09-28 19:00:00,0.2125,0.2125,0.2109,0.2119,3749702.3,2025-09-28 19:59:59.999,793693.50168000,3810,1604226.30,339605.46223000,0
2025-09-28 20:00:00,0.2119,0.2147,0.2119,0.2145,5347414.8,2025-09-28 20:59:59.999,1142867.46840000,4658,2848032.70,608683.68265000,0
2025-09-28 21:00:00,0.2146,0.2177,0.2144,0.2169,9786534.4,2025-09-28 21:59:59.999,2115613.61214000,7921,5230880.00,1131083.21332000,0
2025-09-28 22:00:00,0.2169,0.2228,0.2158,0.2216,25192857.4,2025-09-28 22:59:59.999,5534084.28978000,18503,13738001.60,3018075.15478000,0
2025-09-28 23:00:00,0.2217,0.2226,0.2196,0.2207,33159068.9,2025-09-28 23:59:59.999,7333987.19717000,23677,21502045.50,4756251.33570000,0
2025-09-29 00:00:00,0.2208,0.2209,0.2168,0.2172,18246276.5,2025-09-29 00:59:59.999,3990976.55002000,11206,7237780.30,1582413.37163000,0
2025-09-29 01:00:00,0.2172,0.2185,0.2163,0.2164,9925351.0,2025-09-29 01:59:59.999,2158894.64884000,7639,5857461.10,1274042.17937000,0
2025-09-29 02:00:00,0.2164,0.2176,0.2149,0.2173,11139347.5,2025-09-29 02:59:59.999,2406415.85378000,8593,5378085.10,1162248.22693000,0
2025-09-29 03:00:00,0.2172,0.2183,0.216,0.2173,7140823.1,2025-09-29 03:59:59.999,1552283.73596000,5103,3819628.70,830734.53772000,0
2025-09-29 04:00:00,0.2173,0.2191,0.2168,0.2172,6629476.5,2025-09-29 04:59:59.999,1444481.12725000,6763,3772069.90,822348.90034000,0
2025-09-29 05:00:00,0.2172,0.2174,0.2137,0.216,14681533.6,2025-09-29 05:59:59.999,3157185.52661000,9516,6263765.10,1348307.28084000,0
2025-09-29 06:00:00,0.2159,0.2163,0.2142,0.2142,11968145.0,2025-09-29 06:59:59.999,2576858.51474000,8455,7283478.10,1569039.52891000,0
2025-09-29 07:00:00,0.2142,0.2164,0.214,0.2154,14335355.5,2025-09-29 07:59:59.999,3084598.98164000,6671,7754336.00,1669729.07190000,0
2025-09-29 08:00:00,0.2154,0.2176,0.2146,0.2158,12399084.5,2025-09-29 08:59:59.999,2680658.24727000,8579,7329759.50,1585196.45115000,0
2025-09-29 09:00:00,0.2157,0.2163,0.2126,0.2132,18146508.4,2025-09-29 09:59:59.999,3885630.93770000,10689,7416453.20,1586790.26921000,0
2025-09-29 10:00:00,0.2132,0.2142,0.2114,0.2114,9975710.7,2025-09-29 10:59:59.999,2122088.71649000,7315,3993390.60,850057.77341000,0
2025-09-29 11:00:00,0.2115,0.2119,0.2097,0.2105,16601114.7,2025-09-29 11:59:59.999,3495129.12391000,9298,6781980.20,1427972.53998000,0
2025-09-29 12:00:00,0.2106,0.2121,0.2086,0.2094,11991352.1,2025-09-29 12:59:59.999,2519154.96347000,9505,4825465.20,1014425.53767000,0
2025-09-29 13:00:00,0.2094,0.2132,0.2084,0.2123,19407976.3,2025-09-29 13:59:59.999,4095328.82244000,15620,9636108.90,2035107.99532000,0
2025-09-29 14:00:00,0.2123,0.2146,0.2121,0.2129,16418619.9,2025-09-29 14:59:59.999,3503488.18933000,12517,8399943.20,1792650.44520000,0
2025-09-29 15:00:00,0.213,0.2132,0.209,0.2094,15493320.4,2025-09-29 15:59:59.999,3268106.51655000,9516,6740012.20,1421122.53492000,0
2025-09-29 16:00:00,0.2095,0.2102,0.2053,0.2059,23028084.5,2025-09-29 16:59:59.999,4774607.09145000,13820,11463454.60,2375336.85064000,0
2025-09-29 17:00:00,0.2059,0.2059,0.2002,0.2032,48808667.9,2025-09-29 17:59:59.999,9890453.87903000,32281,20151629.70,4082435.00886000,0
2025-09-29 18:00:00,0.2032,0.2033,0.2013,0.2025,47070766.2,2025-09-29 18:59:59.999,9516837.01461000,30344,13901318.80,2811092.95399000,0
2025-09-29 19:00:00,0.2024,0.2039,0.2017,0.2024,48913953.2,2025-09-29 19:59:59.999,9918180.97594000,29158,13925463.50,2824836.20280000,0
2025-09-29 20:00:00,0.2025,0.2047,0.2022,0.2037,51739264.0,2025-09-29 20:59:59.999,10525098.01164000,22779,16133166.70,3282372.58350000,0
2025-09-29 21:00:00,0.2037,0.2045,0.2027,0.2036,24224063.8,2025-09-29 21:59:59.999,4930611.91803000,12012,8352030.10,1700596.85716000,0
2025-09-29 22:00:00,0.2035,0.2047,0.2021,0.2028,12551155.4,2025-09-29 22:59:59.999,2550619.57974000,7653,6110973.70,1241939.90704000,0
2025-09-29 23:00:00,0.2028,0.2032,0.2012,0.2013,19327309.0,2025-09-29 23:59:59.999,3903312.68022000,11067,6328841.70,1278180.16647000,0
2025-09-30 00:00:00,0.2013,0.2024,0.1975,0.2,53082468.6,2025-09-30 00:59:59.999,10630476.28139000,33435,14564324.90,2916781.41642000,0
2025-09-30 01:00:00,0.2001,0.2023,0.1991,0.2019,10866194.2,2025-09-30 01:59:59.999,2182707.78226000,9173,5245237.00,1053918.44444000,0
2025-09-30 02:00:00,0.2019,0.202,0.2004,0.2008,7569027.8,2025-09-30 02:59:59.999,1523004.41191000,6272,3722895.90,749224.38181000,0
2025-09-30 03:00:00,0.2008,0.2015,0.2,0.2003,6047427.6,2025-09-30 03:59:59.999,1214120.06790000,5240,3234214.70,649154.49088000,0
2025-09-30 04:00:00,0.2003,0.2025,0.2003,0.2008,5341024.7,2025-09-30 04:59:59.999,1076944.66089000,5031,2820148.10,568912.99605000,0
2025-09-30 05:00:00,0.2007,0.2024,0.2005,0.2016,8652909.4,2025-09-30 05:59:59.999,1743778.36730000,5519,4192637.00,845440.67296000,0
2025-09-30 06:00:00,0.2016,0.2024,0.2008,0.2021,7572559.5,2025-09-30 06:59:59.999,1526863.06824000,4814,3997958.20,806668.70591000,0
2025-09-30 07:00:00,0.202,0.2038,0.2,0.2009,15298733.3,2025-09-30 07:59:59.999,3089546.99240000,8278,6526203.40,1321209.77032000,0
2025-09-30 08:00:00,0.2008,0.2014,0.1982,0.2,34686417.4,2025-09-30 08:59:59.999,6939648.09376000,16077,7454327.10,1492259.25534000,0
2025-09-30 09:00:00,0.1999,0.2012,0.1984,0.1996,18026833.4,2025-09-30 09:59:59.999,3600432.97523000,11070,8273113.00,1652425.63944000,0
2025-09-30 10:00:00,0.1996,0.201,0.1993,0.1996,12217532.6,2025-09-30 10:59:59.999,2443626.40750000,11791,5803223.10,1160712.73901000,0
2025-09-30 11:00:00,0.1996,0.1997,0.1959,0.1991,21872463.3,2025-09-30 11:59:59.999,4326677.55211000,15806,8412589.90,1664870.99217000,0
2025-09-30 12:00:00,0.1991,0.1992,0.197,0.1972,27018478.9,2025-09-30 12:59:59.999,5353606.53430000,12371,10395155.10,2060484.27859000,0
2025-09-30 13:00:00,0.1971,0.199,0.1954,0.1973,19666449.2,2025-09-30 13:59:59.999,3876542.39774000,13127,8244816.20,1624969.81946000,0
2025-09-30 14:00:00,0.1973,0.1991,0.1944,0.1958,31569057.8,2025-09-30 14:59:59.999,6195636.76963000,18616,12271247.60,2409325.25799000,0
2025-09-30 15:00:00,0.1957,0.1957,0.192,0.1935,27206963.0,2025-09-30 15:59:59.999,5259352.25152000,18035,11415380.20,2206721.28337000,0
2025-09-30 16:00:00,0.1935,0.195,0.1929,0.1945,12505844.5,2025-09-30 16:59:59.999,2423364.95796000,9498,6414899.00,1243469.51683000,0
2025-09-30 17:00:00,0.1945,0.1955,0.1935,0.1937,22696062.1,2025-09-30 17:59:59.999,4411568.54620000,11770,9384406.40,1824161.14602000,0
2025-09-30 18:00:00,0.1938,0.1952,0.1936,0.1941,13640233.2,2025-09-30 18:59:59.999,2649582.67650000,8776,6014996.30,1168883.50083000,0
2025-09-30 19:00:00,0.194,0.1958,0.1937,0.1949,10344877.5,2025-09-30 19:59:59.999,2015946.70145000,9045,5128994.10,999337.15182000,0
2025-09-30 20:00:00,0.1948,0.1969,0.1942,0.1968,13409931.2,2025-09-30 20:59:59.999,2617917.29741000,10289,4466639.70,873093.56315000,0
2025-09-30 21:00:00,0.1968,0.1975,0.1955,0.1956,7537007.4,2025-09-30 21:59:59.999,1482211.85276000,5582,3916408.30,770303.46560000,0
2025-09-30 22:00:00,0.1956,0.1972,0.1953,0.1954,12214565.8,2025-09-30 22:59:59.999,2396813.15026000,6198,6582125.80,1291486.73350000,0
2025-09-30 23:00:00,0.1954,0.1963,0.1939,0.1962,9937672.2,2025-09-30 23:59:59.999,1936818.33936000,4694,3220629.50,628819.99517000,0
2025-10-01 00:00:00,0.1961,0.197,0.1946,0.1959,8344941.7,2025-10-01 00:59:59.999,1635581.12190000,4547,3427849.60,671953.68579000,0
2025-10-01 01:00:00,0.196,0.1977,0.1956,0.1966,6980830.0,2025-10-01 01:59:59.999,1372172.19240000,5691,3213519.80,631805.27190000,0
2025-10-01 02:00:00,0.1966,0.1979,0.1963,0.1967,5578373.5,2025-10-01 02:59:59.999,1099453.48638000,3780,2799462.30,551634.54882000,0
2025-10-01 03:00:00,0.1968,0.1974,0.1941,0.1951,7752337.3,2025-10-01 03:59:59.999,1515211.31073000,5771,3962479.20,774500.35501000,0
2025-10-01 04:00:00,0.1951,0.1962,0.1944,0.1947,6834447.7,2025-10-01 04:59:59.999,1335566.96238000,6117,3354104.40,655352.97310000,0
2025-10-01 05:00:00,0.1948,0.1962,0.1945,0.1951,6502518.8,2025-10-01 05:59:59.999,1270030.86701000,4388,3789194.00,739988.33323000,0
2025-10-01 06:00:00,0.1951,0.1995,0.1949,0.1959,21407371.4,2025-10-01 06:59:59.999,4225917.58704000,12782,10681408.70,2108766.08628000,0
2025-10-01 07:00:00,0.1958,0.1968,0.1953,0.1958,8240178.9,2025-10-01 07:59:59.999,1615377.06701000,5698,4295273.40,842279.68144000,0
2025-10-01 08:00:00,0.1957,0.2018,0.1954,0.201,27451654.6,2025-10-01 08:59:59.999,5480930.74536000,17234,15622386.40,3119337.38018000,0
2025-10-01 09:00:00,0.201,0.2027,0.2006,0.2014,21705220.9,2025-10-01 09:59:59.999,4380905.65841000,12857,11560225.90,2333734.96161000,0
2025-10-01 10:00:00,0.2015,0.2018,0.1994,0.1996,10697647.3,2025-10-01 10:59:59.999,2143693.36022000,6493,4202533.60,842053.63000000,0
2025-10-01 11:00:00,0.1997,0.2019,0.1997,0.2016,8273158.0,2025-10-01 11:59:59.999,1662104.13959000,5278,4479663.10,900247.99943000,0
2025-10-01 12:00:00,0.2016,0.2018,0.1997,0.1999,9284357.3,2025-10-01 12:59:59.999,1864799.64764000,5847,3858415.50,775225.77084000,0
2025-10-01 13:00:00,0.2,0.2018,0.2,0.2012,10448682.4,2025-10-01 13:59:59.999,2098520.14351000,7854,4191781.10,841815.10080000,0
2025-10-01 14:00:00,0.2012,0.2029,0.1986,0.2007,28138015.4,2025-10-01 14:59:59.999,5653407.26099000,14006,12857807.90,2586039.88111000,0
2025-10-01 15:00:00,0.2008,0.2027,0.2001,0.2021,10636441.8,2025-10-01 15:59:59.999,2144576.72724000,7798,5879479.10,1185830.85669000,0
2025-10-01 16:00:00,0.2021,0.2041,0.2015,0.2029,15605508.6,2025-10-01 16:59:59.999,3167883.01659000,8174,8673303.80,1760268.80950000,0
2025-10-01 17:00:00,0.2029,0.2072,0.2027,0.2048,19743483.9,2025-10-01 17:59:59.999,4038400.58282000,10781,11297285.00,2311543.83035000,0
2025-10-01 18:00:00,0.2049,0.2056,0.2027,0.2043,20268520.1,2025-10-01 18:59:59.999,4128122.97220000,8502,11322761.30,2303918.52988000,0
2025-10-01 19:00:00,0.2042,0.205,0.2032,0.2036,9362155.1,2025-10-01 19:59:59.999,1909766.22304000,6880,3512472.10,716531.54767000,0
2025-10-01 20:00:00,0.2037,0.2044,0.202,0.2026,9495928.9,2025-10-01 20:59:59.999,1927938.81608000,5379,2977364.00,604983.59938000,0
2025-10-01 21:00:00,0.2025,0.2032,0.2016,0.2027,6038076.0,2025-10-01 21:59:59.999,1222350.35562000,4343,2751275.60,557054.08674000,0
2025-10-01 22:00:00,0.2027,0.2093,0.2025,0.2065,28433798.1,2025-10-01 22:59:59.999,5876216.73524000,15671,14841720.50,3064627.19290000,0
2025-10-01 23:00:00,0.2065,0.2065,0.2043,0.2056,6763096.8,2025-10-01 23:59:59.999,1387979.22530000,5058,3651137.00,749383.40377000,0
2025-10-02 00:00:00,0.2057,0.2069,0.2052,0.2061,8361643.8,2025-10-02 00:59:59.999,1723482.86342000,6249,4015699.90,827861.81884000,0
2025-10-02 01:00:00,0.2061,0.2075,0.2053,0.2072,6998414.8,2025-10-02 01:59:59.999,1445009.14183000,4995,3621304.80,747743.24448000,0
2025-10-02 02:00:00,0.2071,0.2076,0.2062,0.2063,7555693.7,2025-10-02 02:59:59.999,1563387.84506000,5412,2490034.40,515419.51582000,0
2025-10-02 03:00:00,0.2064,0.2079,0.2058,0.2072,8501677.0,2025-10-02 03:59:59.999,1759417.29152000,5718,4535659.70,938772.43795000,0
2025-10-02 04:00:00,0.2073,0.2082,0.2054,0.2081,9416088.3,2025-10-02 04:59:59.999,1947442.16520000,6308,4775277.70,988002.82583000,0
2025-10-02 05:00:00,0.2081,0.2094,0.2076,0.2086,10498786.4,2025-10-02 05:59:59.999,2190203.46066000,9283,5601256.30,1168576.69096000,0
2025-10-02 06:00:00,0.2086,0.2098,0.2081,0.2085,7653577.7,2025-10-02 06:59:59.999,1598834.54843000,6187,3682990.20,769492.52407000,0
2025-10-02 07:00:00,0.2085,0.2094,0.2052,0.2058,15596654.8,2025-10-02 07:59:59.999,3226653.26582000,7575,8561255.20,1771509.26656000,0
2025-10-02 08:00:00,0.2059,0.2074,0.2052,0.2071,10773955.0,2025-10-02 08:59:59.999,2224701.19889000,6022,5066745.20,1046678.40657000,0
2025-10-02 09:00:00,0.2071,0.2073,0.206,0.2063,7277531.4,2025-10-02 09:59:59.999,1502939.17704000,4200,2340126.30,483426.55141000,0
2025-10-02 10:00:00,0.2063,0.2072,0.2053,0.2068,7482183.3,2025-10-02 10:59:59.999,1542167.33145000,5369,3545826.70,731253.70899000,0
2025-10-02 11:00:00,0.2067,0.2071,0.2057,0.2062,6049570.4,2025-10-02 11:59:59.999,1248105.33627000,4153,2782038.50,574072.02044000,0
2025-10-02 12:00:00,0.2061,0.207,0.2052,0.2061,19106060.8,2025-10-02 12:59:59.999,3939531.82022000,11021,8121941.30,1674961.46974000,0
2025-10-02 13:00:00,0.2061,0.2061,0.2028,0.204,19797274.1,2025-10-02 13:59:59.999,4042439.34060000,12884,7494377.80,1530100.02184000,0
2025-10-02 14:00:00,0.2041,0.2043,0.2009,0.2025,18240093.3,2025-10-02 14:59:59.999,3691394.02747000,11710,8258330.80,1671095.77705000,0
2025-10-02 15:00:00,0.2025,0.206,0.2017,0.206,14719027.3,2025-10-02 15:59:59.999,2999108.00980000,9077,6295747.80,1283092.57469000,0
2025-10-02 16:00:00,0.2059,0.2085,0.2045,0.2056,22696065.0,2025-10-02 16:59:59.999,4684999.75723000,13275,12456025.90,2570812.94684000,0
2025-10-02 17:00:00,0.2057,0.2065,0.2051,0.2062,6470930.1,2025-10-02 17:59:59.999,1331473.45318000,5450,3094186.90,636825.26077000,0
2025-10-02 18:00:00,0.2062,0.2072,0.206,0.2067,6726802.8,2025-10-02 18:59:59.999,1389224.05279000,4815,3135465.70,647645.24759000,0
2025-10-02 19:00:00,0.2067,0.2086,0.2058,0.2078,12151226.6,2025-10-02 19:59:59.999,2522469.41877000,8102,6710185.90,1392928.53060000,0
2025-10-02 20:00:00,0.2077,0.2084,0.2066,0.208,6328732.3,2025-10-02 20:59:59.999,1313497.49683000,5144,2732660.40,567208.80914000,0
2025-10-02 21:00:00,0.2079,0.2085,0.2048,0.2057,10146946.8,2025-10-02 21:59:59.999,2095723.91266000,5950,4539592.40,936884.02144000,0
2025-10-02 22:00:00,0.2058,0.207,0.2046,0.2067,6077577.8,2025-10-02 22:59:59.999,1250948.47954000,5211,3005557.90,619051.53879000,0
2025-10-02 23:00:00,0.2068,0.2085,0.2066,0.2082,5492125.3,2025-10-02 23:59:59.999,1139064.47185000,3750,2808467.90,582628.37230000,0
2025-10-03 00:00:00,0.2083,0.2103,0.2068,0.2102,12080457.0,2025-10-03 00:59:59.999,2520689.80528000,6581,6723917.80,1403610.91662000,0
2025-10-03 01:00:00,0.2102,0.2103,0.2074,0.2078,13651359.7,2025-10-03 01:59:59.999,2854710.43706000,8137,6121472.00,1280883.43750000,0
2025-10-03 02:00:00,0.2078,0.2096,0.2076,0.2083,4876749.5,2025-10-03 02:59:59.999,1016911.21041000,5103,2439125.80,508809.70885000,0
2025-10-03 03:00:00,0.2083,0.2101,0.2079,0.2085,9082018.2,2025-10-03 03:59:59.999,1898435.21656000,6315,4445069.10,929710.91018000,0
2025-10-03 04:00:00,0.2084,0.2099,0.2083,0.2098,5386911.0,2025-10-03 04:59:59.999,1127290.71039000,4275,2646445.90,553779.65689000,0
2025-10-03 05:00:00,0.2097,0.2119,0.2094,0.2105,12427872.2,2025-10-03 05:59:59.999,2617626.01274000,7756,5297392.40,1115747.12491000,0
2025-10-03 06:00:00,0.2104,0.2107,0.2084,0.2096,8880011.9,2025-10-03 06:59:59.999,1859608.85854000,7130,4303101.70,901387.92251000,0
2025-10-03 07:00:00,0.2096,0.2098,0.2053,0.206,18485034.9,2025-10-03 07:59:59.999,3825037.48181000,10474,6388613.30,1323227.40884000,0
2025-10-03 08:00:00,0.206,0.2075,0.2046,0.2063,12299779.3,2025-10-03 08:59:59.999,2536619.33695000,7820,6580399.20,1357906.17707000,0
2025-10-03 09:00:00,0.2063,0.2065,0.2018,0.2034,36282571.6,2025-10-03 09:59:59.999,7382367.41705000,18939,13644535.50,2777196.34090000,0
2025-10-03 10:00:00,0.2033,0.2033,0.2,0.2013,56359364.4,2025-10-03 10:59:59.999,11355214.89201000,30517,20976600.30,4228209.66313000,0
2025-10-03 11:00:00,0.2013,0.203,0.1991,0.2008,29278055.8,2025-10-03 11:59:59.999,5894233.63514000,14482,17277044.30,3482187.18454000,0
2025-10-03 12:00:00,0.2009,0.2019,0.198,0.1996,18516861.7,2025-10-03 12:59:59.999,3706328.89312000,12610,8719805.10,1746305.58435000,0
2025-10-03 13:00:00,0.1996,0.2013,0.1984,0.2006,20821283.6,2025-10-03 13:59:59.999,4167409.71481000,10311,9295828.10,1861456.10299000,0
2025-10-03 14:00:00,0.2005,0.2018,0.1992,0.2016,10898539.1,2025-10-03 14:59:59.999,2184377.02209000,8091,6125952.40,1228209.67318000,0
2025-10-03 15:00:00,0.2016,0.2041,0.2007,0.2039,11898776.2,2025-10-03 15:59:59.999,2407825.07569000,8100,7198399.80,1457342.32543000,0
2025-10-03 16:00:00,0.2039,0.2064,0.203,0.2033,24556751.7,2025-10-03 16:59:59.999,5023492.58568000,14246,12123609.20,2480575.63570000,0
2025-10-03 17:00:00,0.2033,0.2034,0.199,0.2004,39064451.4,2025-10-03 17:59:59.999,7849822.39835000,24689,15446007.00,3105514.85734000,0
2025-10-03 18:00:00,0.2005,0.202,0.1995,0.2013,6422789.7,2025-10-03 18:59:59.999,1290960.01277000,6124,3536369.30,710982.73642000,0
2025-10-03 19:00:00,0.2014,0.2023,0.2007,0.202,6189384.9,2025-10-03 19:59:59.999,1248146.80298000,4244,2660719.60,536614.44706000,0
2025-10-03 20:00:00,0.202,0.2039,0.2009,0.2035,6018608.5,2025-10-03 20:59:59.999,1217320.32478000,4030,3410152.90,690612.98714000,0
2025-10-03 21:00:00,0.2035,0.2049,0.2024,0.2026,11256227.5,2025-10-03 21:59:59.999,2291368.26550000,4876,7051085.10,1436227.51178000,0
2025-10-03 22:00:00,0.2027,0.2035,0.2026,0.2031,2727497.7,2025-10-03 22:59:59.999,553889.14665000,2760,1350838.10,274314.52333000,0
2025-10-03 23:00:00,0.2031,0.2032,0.2008,0.2013,5940757.3,2025-10-03 23:59:59.999,1199384.76279000,4364,2570870.50,519001.48999000,0
2025-10-04 00:00:00,0.2012,0.2026,0.2,0.2015,6071330.4,2025-10-04 00:59:59.999,1220804.64022000,4699,2628094.60,528995.67172000,0
2025-10-04 01:00:00,0.2016,0.2024,0.2007,0.2024,3856595.5,2025-10-04 01:59:59.999,777325.24027000,3981,1675792.00,337768.13452000,0
2025-10-04 02:00:00,0.2024,0.2027,0.201,0.2017,2961609.5,2025-10-04 02:59:59.999,597584.74297000,3230,1603401.20,323526.00097000,0
2025-10-04 03:00:00,0.2018,0.2028,0.201,0.2024,5469892.4,2025-10-04 03:59:59.999,1105969.78793000,7744,3947227.00,798089.00766000,0
2025-10-04 04:00:00,0.2025,0.2026,0.201,0.2013,2781900.7,2025-10-04 04:59:59.999,561172.44536000,2694,1220803.40,246398.09567000,0
2025-10-04 05:00:00,0.2014,0.2026,0.2012,0.2021,5885324.9,2025-10-04 05:59:59.999,1189553.57310000,3641,1861823.40,376252.45616000,0
2025-10-04 06:00:00,0.2021,0.2036,0.2016,0.2035,5237347.7,2025-10-04 06:59:59.999,1061680.09458000,3793,2793386.80,566427.69202000,0
2025-10-04 07:00:00,0.2035,0.2038,0.2021,0.2027,5783198.4,2025-10-04 07:59:59.999,1173663.96772000,3791,3066575.20,622281.59707000,0
2025-10-04 08:00:00,0.2027,0.2029,0.2,0.201,8306618.5,2025-10-04 08:59:59.999,1672823.13296000,5676,3185499.20,641672.38123000,0
2025-10-04 09:00:00,0.201,0.202,0.2001,0.2004,5278446.7,2025-10-04 09:59:59.999,1061934.62041000,4143,2413629.20,485802.86663000,0
2025-10-04 10:00:00,0.2004,0.2011,0.1988,0.2,7352616.9,2025-10-04 10:59:59.999,1471652.32290000,8183,3541055.30,708900.79878000,0
2025-10-04 11:00:00,0.1999,0.2017,0.1995,0.2011,6168200.3,2025-10-04 11:59:59.999,1236573.74801000,6180,2792157.00,560003.08246000,0
2025-10-04 12:00:00,0.2011,0.2019,0.2002,0.2004,3836356.9,2025-10-04 12:59:59.999,771432.47545000,3260,1754977.50,353141.09394000,0
2025-10-04 13:00:00,0.2003,0.2018,0.2001,0.201,4526462.8,2025-10-04 13:59:59.999,910254.18883000,3666,2134270.70,429316.35682000,0
2025-10-04 14:00:00,0.2009,0.2026,0.1997,0.1997,6329487.3,2025-10-04 14:59:59.999,1271703.77969000,4945,2886225.10,580422.91317000,0
2025-10-04 15:00:00,0.1996,0.2005,0.1967,0.1978,18402161.0,2025-10-04 15:59:59.999,3644130.58313000,12124,8886727.80,1760325.88917000,0
2025-10-04 16:00:00,0.1979,0.2,0.1977,0.1999,5563738.0,2025-10-04 16:59:59.999,1106759.05619000,5670,2482610.50,493731.90091000,0
2025-10-04 17:00:00,0.1999,0.2009,0.1991,0.1998,4405333.5,2025-10-04 17:59:59.999,880997.97441000,4196,2127744.50,425460.57274000,0
2025-10-04 18:00:00,0.1999,0.2007,0.1994,0.1996,2546034.0,2025-10-04 18:59:59.999,509463.33035000,2479,1065775.90,213272.99609000,0
2025-10-04 19:00:00,0.1996,0.2009,0.1995,0.2004,3063774.8,2025-10-04 19:59:59.999,613640.82704000,2480,1286640.70,257669.64947000,0
2025-10-04 20:00:00,0.2003,0.2018,0.2001,0.2007,4677452.8,2025-10-04 20:59:59.999,939209.50754000,3327,1687374.30,339174.22705000,0
2025-10-04 21:00:00,0.2008,0.2018,0.2007,0.2011,2277075.3,2025-10-04 21:59:59.999,458297.63694000,2177,913793.60,183908.61528000,0
2025-10-04 22:00:00,0.2011,0.2016,0.2008,0.2011,3945685.0,2025-10-04 22:59:59.999,794046.25989000,2311,1793243.10,360953.31733000,0
2025-10-04 23:00:00,0.201,0.201,0.2003,0.2006,2399079.7,2025-10-04 23:59:59.999,481444.18011000,1774,775704.40,155697.43337000,0
2025-10-05 00:00:00,0.2006,0.2014,0.1993,0.1995,2759978.5,2025-10-05 00:59:59.999,553100.33734000,2876,1322020.40,265020.75681000,0
2025-10-05 01:00:00,0.1995,0.201,0.1993,0.2008,1852497.2,2025-10-05 01:59:59.999,370944.49782000,2285,998633.90,200028.54059000,0
2025-10-05 02:00:00,0.2008,0.2025,0.2001,0.2021,6861120.7,2025-10-05 02:59:59.999,1382300.47144000,5900,3978929.20,801341.06228000,0
2025-10-05 03:00:00,0.2021,0.2035,0.2018,0.2023,10760508.6,2025-10-05 03:59:59.999,2181421.77297000,7260,5228629.80,1059933.74709000,0
2025-10-05 04:00:00,0.2022,0.2037,0.2015,0.2031,8766897.5,2025-10-05 04:59:59.999,1777363.45339000,6848,4184052.80,848342.22813000,0
2025-10-05 05:00:00,0.203,0.2041,0.2025,0.2034,6844649.6,2025-10-05 05:59:59.999,1392423.01934000,4749,3985047.70,811273.59733000,0
2025-10-05 06:00:00,0.2034,0.2037,0.2019,0.2021,5883240.1,2025-10-05 06:59:59.999,1192062.42475000,3445,2516224.70,509890.07924000,0
2025-10-05 07:00:00,0.2021,0.2036,0.2021,0.2034,6458463.7,2025-10-05 07:59:59.999,1310025.46285000,3565,4128467.70,837334.72764000,0
2025-10-05 08:00:00,0.2034,0.204,0.2024,0.2025,8175776.3,2025-10-05 08:59:59.999,1662183.30169000,4524,4538837.60,923058.11488000,0
2025-10-05 09:00:00,0.2025,0.2028,0.2001,0.2005,11442892.5,2025-10-05 09:59:59.999,2303417.61868000,6754,5090319.90,1024606.69643000,0
2025-10-05 10:00:00,0.2006,0.2009,0.1993,0.2004,9166622.2,2025-10-05 10:59:59.999,1833495.54515000,5344,3319072.10,664370.03946000,0
2025-10-05 11:00:00,0.2004,0.2008,0.1991,0.2004,8062321.0,2025-10-05 11:59:59.999,1612044.00057000,4066,2838759.60,567948.56976000,0
2025-10-05 12:00:00,0.2003,0.2008,0.1997,0.2007,4279086.1,2025-10-05 12:59:59.999,856752.89540000,2987,2403867.00,481260.67772000,0
2025-10-05 13:00:00,0.2007,0.2031,0.2005,0.2019,15308516.3,2025-10-05 13:59:59.999,3097678.96904000,6721,8699569.20,1760270.46948000,0
2025-10-05 14:00:00,0.202,0.2025,0.2001,0.2007,6322011.2,2025-10-05 14:59:59.999,1270566.16114000,3729,2636958.80,529672.35269000,0
2025-10-05 15:00:00,0.2006,0.2019,0.2004,0.2013,9245656.9,2025-10-05 15:59:59.999,1858971.93501000,3636,5052137.30,1015985.00476000,0
2025-10-05 16:00:00,0.2012,0.2013,0.199,0.2004,11827094.0,2025-10-05 16:59:59.999,2369206.49232000,4579,4376487.90,876455.20953000,0
2025-10-05 17:00:00,0.2004,0.2008,0.199,0.1995,8927317.1,2025-10-05 17:59:59.999,1783416.21915000,4049,3734492.40,746312.48750000,0
2025-10-05 18:00:00,0.1995,0.1998,0.1987,0.1992,5259902.9,2025-10-05 18:59:59.999,1048449.63042000,3316,2530403.70,504470.04574000,0
2025-10-05 19:00:00,0.1992,0.1993,0.1966,0.1973,10262517.4,2025-10-05 19:59:59.999,2029046.54175000,6734,3710243.20,733922.91801000,0
2025-10-05 20:00:00,0.1973,0.199,0.197,0.1986,3039506.9,2025-10-05 20:59:59.999,601634.55909000,2657,1316589.70,260821.32290000,0
2025-10-05 21:00:00,0.1986,0.1993,0.1983,0.1991,1625728.4,2025-10-05 21:59:59.999,323211.36537000,1316,673870.50,134018.69533000,0
2025-10-05 22:00:00,0.1991,0.1997,0.1984,0.1996,3291814.1,2025-10-05 22:59:59.999,655048.36115000,1940,1255055.10,250035.49829000,0
2025-10-05 23:00:00,0.1996,0.1999,0.1992,0.1996,3249062.2,2025-10-05 23:59:59.999,648487.52901000,1973,1860162.30,371294.05125000,0
2025-10-06 00:00:00,0.1996,0.2009,0.1977,0.1985,6450702.6,2025-10-06 00:59:59.999,1286476.29251000,5557,3228721.90,644153.55019000,0
2025-10-06 01:00:00,0.1984,0.2005,0.1975,0.1996,5811270.6,2025-10-06 01:59:59.999,1157414.43778000,5035,2948539.60,587343.15613000,0
2025-10-06 02:00:00,0.1995,0.2003,0.1984,0.1999,5766275.8,2025-10-06 02:59:59.999,1150261.55825000,4461,3557761.00,709947.99842000,0
2025-10-06 03:00:00,0.1998,0.2005,0.1997,0.2002,3748772.8,2025-10-06 03:59:59.999,749796.85019000,2347,2262577.50,452556.88486000,0
2025-10-06 04:00:00,0.2001,0.2003,0.1991,0.1991,3575954.9,2025-10-06 04:59:59.999,714092.57588000,2620,1458861.10,291385.32777000,0
2025-10-06 05:00:00,0.1992,0.1996,0.1977,0.1993,9904775.6,2025-10-06 05:59:59.999,1967210.81377000,4797,4649098.10,923922.37008000,0
2025-10-06 06:00:00,0.1993,0.2004,0.1988,0.2001,7935077.8,2025-10-06 06:59:59.999,1583977.53903000,3821,4078787.50,814249.60645000,0
2025-10-06 07:00:00,0.2002,0.2003,0.1987,0.1992,4884445.5,2025-10-06 07:59:59.999,974561.35411000,3017,1990985.20,397271.70777000,0
2025-10-06 08:00:00,0.1993,0.2002,0.1993,0.1996,5706353.4,2025-10-06 08:59:59.999,1139263.81637000,2744,2470532.80,493235.51372000,0
2025-10-06 09:00:00,0.1996,0.2002,0.1987,0.1987,4741329.7,2025-10-06 09:59:59.999,945130.51316000,3002,2020274.50,402874.01885000,0
2025-10-06 10:00:00,0.1987,0.1992,0.1983,0.1987,7486621.0,2025-10-06 10:59:59.999,1487768.36488000,3447,3738150.20,743009.30416000,0
2025-10-06 11:00:00,0.1986,0.1999,0.1982,0.1989,7451998.8,2025-10-06 11:59:59.999,1482734.99373000,3705,3357557.90,667891.73280000,0
2025-10-06 12:00:00,0.199,0.1995,0.198,0.1993,11778082.6,2025-10-06 12:59:59.999,2344266.64093000,5026,5010071.30,997559.47928000,0
2025-10-06 13:00:00,0.1993,0.2019,0.1989,0.1996,16801413.2,2025-10-06 13:59:59.999,3362110.44659000,11241,8554997.20,1712457.01223000,0
2025-10-06 14:00:00,0.1996,0.2002,0.1986,0.1991,11769241.7,2025-10-06 14:59:59.999,2347331.67591000,6716,5579028.20,1112740.90421000,0
2025-10-06 15:00:00,0.1991,0.2008,0.1988,0.2004,9705956.8,2025-10-06 15:59:59.999,1940445.32352000,4965,5011182.60,1002180.20516000,0
2025-10-06 16:00:00,0.2004,0.2012,0.1995,0.2011,6099019.2,2025-10-06 16:59:59.999,1221753.48823000,3923,3506152.00,702785.69651000,0
2025-10-06 17:00:00,0.2012,0.2019,0.2004,0.2004,6816287.4,2025-10-06 17:59:59.999,1371049.46479000,4302,3690153.70,742433.23305000,0
2025-10-06 18:00:00,0.2005,0.2013,0.2004,0.2008,5213588.3,2025-10-06 18:59:59.999,1047002.11574000,2972,2576200.60,517353.71304000,0
2025-10-06 19:00:00,0.2009,0.2009,0.1996,0.2002,6525285.0,2025-10-06 19:59:59.999,1306529.74954000,3762,3027086.40,606235.43865000,0
2025-10-06 20:00:00,0.2002,0.2006,0.1996,0.2,4789709.4,2025-10-06 20:59:59.999,957818.49755000,2841,1897046.00,379485.47795000,0
2025-10-06 21:00:00,0.2001,0.2005,0.1994,0.2005,3443566.5,2025-10-06 21:59:59.999,688808.70273000,2378,1401014.10,280438.76169000,0
2025-10-06 22:00:00,0.2005,0.2009,0.2002,0.2006,2206004.4,2025-10-06 22:59:59.999,442359.87733000,1605,1168480.40,234348.50025000,0
2025-10-06 23:00:00,0.2007,0.2009,0.199,0.1992,5243281.0,2025-10-06 23:59:59.999,1047521.93214000,2625,1537049.50,306969.91753000,0
2025-10-07 00:00:00,0.1992,0.1999,0.1991,0.1997,4195380.8,2025-10-07 00:59:59.999,836595.05538000,2272,1712756.00,341571.06606000,0
2025-10-07 01:00:00,0.1996,0.1997,0.198,0.199,5790669.7,2025-10-07 01:59:59.999,1150826.95322000,3480,1854091.00,368516.92448000,0
2025-10-07 02:00:00,0.1991,0.1992,0.1982,0.1987,3072032.1,2025-10-07 02:59:59.999,610341.88785000,2118,1258628.10,250107.09261000,0
2025-10-07 03:00:00,0.1988,0.1994,0.1985,0.1992,2395402.7,2025-10-07 03:59:59.999,476661.40094000,2100,1361719.20,271028.85608000,0
2025-10-07 04:00:00,0.1991,0.1994,0.1981,0.1992,3975100.9,2025-10-07 04:59:59.999,790346.38932000,2845,2209652.70,439549.79651000,0
2025-10-07 05:00:00,0.1992,0.2001,0.1987,0.1993,6923100.6,2025-10-07 05:59:59.999,1379878.23943000,3706,3202739.70,638722.64215000,0
2025-10-07 06:00:00,0.1993,0.1996,0.1969,0.1975,13098717.8,2025-10-07 06:59:59.999,2592375.75400000,5157,4285823.60,847898.96746000,0
2025-10-07 07:00:00,0.1975,0.198,0.1944,0.1965,19135985.3,2025-10-07 07:59:59.999,3751963.62060000,8532,8938925.30,1752486.27223000,0
2025-10-07 08:00:00,0.1964,0.1964,0.194,0.196,11094338.2,2025-10-07 08:59:59.999,2165086.71405000,6642,5125544.00,1000478.77056000,0
2025-10-07 09:00:00,0.1959,0.1973,0.1959,0.1969,7314864.5,2025-10-07 09:59:59.999,1440165.29816000,4005,4599736.80,905705.42471000,0
2025-10-07 10:00:00,0.1969,0.1974,0.1941,0.195,16748420.9,2025-10-07 10:59:59.999,3290084.56158000,6792,8725012.40,1714382.44604000,0
2025-10-07 11:00:00,0.195,0.1963,0.1942,0.1952,19329007.1,2025-10-07 11:59:59.999,3773454.94315000,7311,9491719.70,1852684.05203000,0
2025-10-07 12:00:00,0.1951,0.1963,0.1942,0.1955,17512844.9,2025-10-07 12:59:59.999,3418826.36018000,6232,7670505.50,1497579.87653000,0
2025-10-07 13:00:00,0.1956,0.196,0.1818,0.1898,113993921.1,2025-10-07 13:59:59.999,21591355.96404000,43819,59798007.00,11299613.23903000,0
2025-10-07 14:00:00,0.1897,0.1905,0.1857,0.1862,119921291.3,2025-10-07 14:59:59.999,22606509.63298000,52587,70032828.40,13210321.94905000,0
2025-10-07 15:00:00,0.1863,0.187,0.1833,0.1861,48852841.4,2025-10-07 15:59:59.999,9051127.60279000,24389,23999109.10,4446307.56720000,0
2025-10-07 16:00:00,0.186,0.1881,0.185,0.1868,24701675.2,2025-10-07 16:59:59.999,4601334.19525000,9970,11319346.00,2110090.18096000,0
2025-10-07 17:00:00,0.1868,0.1882,0.1863,0.1865,6201316.8,2025-10-07 17:59:59.999,1162572.82687000,3887,2963611.20,555734.42984000,0
2025-10-07 18:00:00,0.1865,0.1868,0.185,0.185,6565485.0,2025-10-07 18:59:59.999,1221972.37359000,3421,3401038.60,633174.46578000,0
2025-10-07 19:00:00,0.185,0.1872,0.185,0.1856,8067776.0,2025-10-07 19:59:59.999,1501809.63816000,3936,3955483.20,736425.81440000,0
2025-10-07 20:00:00,0.1856,0.1876,0.1855,0.1857,9840863.4,2025-10-07 20:59:59.999,1836727.06557000,3399,3609757.50,674041.96594000,0
2025-10-07 21:00:00,0.1856,0.1859,0.1803,0.1828,41666289.5,2025-10-07 21:59:59.999,7643240.20021000,13669,17832167.00,3271876.18063000,0
2025-10-07 22:00:00,0.1828,0.1833,0.181,0.1828,9278947.7,2025-10-07 22:59:59.999,1692312.68720000,5872,4632693.80,845342.21161000,0
2025-10-07 23:00:00,0.1828,0.1829,0.1809,0.1822,10712798.4,2025-10-07 23:59:59.999,1949468.59363000,6182,5487739.90,998459.94412000,0
2025-10-08 00:00:00,0.1821,0.1841,0.182,0.1833,9392944.7,2025-10-08 00:59:59.999,1720883.35976000,6304,4478443.20,820147.56977000,0
2025-10-08 01:00:00,0.1833,0.1841,0.1817,0.182,13243785.1,2025-10-08 01:59:59.999,2420250.36309000,6394,6395170.20,1168587.18292000,0
2025-10-08 02:00:00,0.182,0.1829,0.1812,0.1823,10653501.2,2025-10-08 02:59:59.999,1941802.28010000,5158,6304555.40,1149185.19416000,0
2025-10-08 03:00:00,0.1822,0.1825,0.1723,0.1753,68784847.7,2025-10-08 03:59:59.999,12122694.71970000,33902,31882619.00,5609263.84940000,0
2025-10-08 04:00:00,0.1753,0.1793,0.1748,0.1787,27791974.3,2025-10-08 04:59:59.999,4935343.94060000,13621,15105131.90,2681681.23233000,0
2025-10-08 05:00:00,0.1788,0.1792,0.1761,0.1778,13289945.2,2025-10-08 05:59:59.999,2361775.76175000,8428,4978724.80,885706.28428000,0
2025-10-08 06:00:00,0.1778,0.1779,0.1753,0.1769,16015832.4,2025-10-08 06:59:59.999,2825183.98275000,9119,6963576.50,1228318.63491000,0
2025-10-08 07:00:00,0.1768,0.1776,0.1755,0.1762,10835203.7,2025-10-08 07:59:59.999,1910060.34370000,6625,5331824.00,940113.70511000,0
2025-10-08 08:00:00,0.1763,0.1779,0.1762,0.1768,11064036.5,2025-10-08 08:59:59.999,1958987.73353000,6579,5609609.30,993420.78150000,0
2025-10-08 09:00:00,0.1768,0.1772,0.1744,0.176,16058019.5,2025-10-08 09:59:59.999,2821259.86868000,7505,8086858.80,1420701.58888000,0
2025-10-08 10:00:00,0.1759,0.1775,0.1745,0.1775,16782700.9,2025-10-08 10:59:59.999,2955203.72068000,8268,8805014.00,1551333.26014000,0
2025-10-08 11:00:00,0.1774,0.1783,0.1762,0.1765,11998670.6,2025-10-08 11:59:59.999,2127778.12575000,6088,5753388.70,1020482.59395000,0
2025-10-08 12:00:00,0.1765,0.1767,0.1748,0.176,13148960.7,2025-10-08 12:59:59.999,2309589.78874000,7440,6859902.30,1204997.53421000,0
2025-10-08 13:00:00,0.176,0.1788,0.176,0.1787,16742971.0,2025-10-08 13:59:59.999,2967067.14052000,8245,7438032.70,1318950.48909000,0
2025-10-08 14:00:00,0.1787,0.182,0.1773,0.1782,27372057.4,2025-10-08 14:59:59.999,4923094.86560000,13542,13931633.60,2511273.74119000,0
2025-10-08 15:00:00,0.1783,0.1822,0.1781,0.1811,16199751.7,2025-10-08 15:59:59.999,2930869.54297000,9022,8449686.10,1529078.18381000,0
2025-10-08 16:00:00,0.1811,0.1862,0.1811,0.185,34142045.6,2025-10-08 16:59:59.999,6312878.74217000,17058,17465039.20,3224872.05230000,0
2025-10-08 17:00:00,0.1851,0.187,0.1845,0.1864,16345965.1,2025-10-08 17:59:59.999,3033065.23599000,10276,8884485.10,1650258.83753000,0
2025-10-08 18:00:00,0.1865,0.1878,0.1853,0.1871,16670618.7,2025-10-08 18:59:59.999,3112920.79446000,7319,7833985.90,1463626.85411000,0
2025-10-08 19:00:00,0.187,0.189,0.1855,0.1878,14778500.1,2025-10-08 19:59:59.999,2768188.64785000,8473,6315693.80,1183853.77083000,0
2025-10-08 20:00:00,0.1878,0.1882,0.186,0.1865,6947186.0,2025-10-08 20:59:59.999,1300172.88041000,5302,3025609.00,566411.59022000,0
2025-10-08 21:00:00,0.1865,0.1882,0.1863,0.1872,3633256.7,2025-10-08 21:59:59.999,679799.25019000,3698,1687966.10,315949.76107000,0
2025-10-08 22:00:00,0.1871,0.1879,0.1864,0.1872,6025849.6,2025-10-08 22:59:59.999,1128190.74783000,4210,2427754.50,454628.31893000,0
2025-10-08 23:00:00,0.1872,0.1874,0.1856,0.186,8643687.2,2025-10-08 23:59:59.999,1611075.55129000,4184,4015596.30,748486.68924000,0
2025-10-09 00:00:00,0.186,0.1868,0.1848,0.1855,8702351.3,2025-10-09 00:59:59.999,1616287.38026000,5273,3702497.00,687776.11347000,0
2025-10-09 01:00:00,0.1854,0.1856,0.183,0.1846,13165779.2,2025-10-09 01:59:59.999,2422169.72386000,6734,4600358.00,846589.34917000,0
2025-10-09 02:00:00,0.1846,0.1848,0.1786,0.1795,22239195.6,2025-10-09 02:59:59.999,4019390.98429000,9987,10102589.50,1822507.40654000,0
2025-10-09 03:00:00,0.1795,0.1819,0.1795,0.1813,16031912.3,2025-10-09 03:59:59.999,2891396.06542000,6573,6912418.10,1246628.95189000,0
2025-10-09 04:00:00,0.1812,0.1821,0.1808,0.1821,5131217.6,2025-10-09 04:59:59.999,930891.11727000,3343,2812661.60,510313.27150000,0
2025-10-09 05:00:00,0.1821,0.1825,0.1804,0.1812,6623316.7,2025-10-09 05:59:59.999,1201145.83767000,3051,3021689.40,547950.32971000,0
2025-10-09 06:00:00,0.1813,0.1815,0.1792,0.1796,9844447.3,2025-10-09 06:59:59.999,1774553.48493000,3863,3886218.00,700772.29303000,0
2025-10-09 07:00:00,0.1796,0.18,0.178,0.1781,9242354.6,2025-10-09 07:59:59.999,1653828.61337000,4647,3511463.20,628253.50697000,0
2025-10-09 08:00:00,0.1781,0.1784,0.1742,0.175,32398701.1,2025-10-09 08:59:59.999,5699081.48536000,12284,10099125.60,1775100.48960000,0
2025-10-09 09:00:00,0.1751,0.1768,0.1748,0.1766,18288772.8,2025-10-09 09:59:59.999,3211598.63176000,9731,8782519.50,1543286.33410000,0
2025-10-09 10:00:00,0.1766,0.1774,0.1754,0.1771,8728254.5,2025-10-09 10:59:59.999,1540135.50022000,5195,4788248.50,844822.01618000,0
2025-10-09 11:00:00,0.1771,0.1792,0.1771,0.178,10824396.4,2025-10-09 11:59:59.999,1930832.33422000,7017,5214400.80,929858.06084000,0
2025-10-09 12:00:00,0.1779,0.1792,0.1773,0.1788,6269414.3,2025-10-09 12:59:59.999,1118509.66925000,5323,2922408.00,521512.01130000,0
2025-10-09 13:00:00,0.1788,0.179,0.1756,0.1759,7823275.2,2025-10-09 13:59:59.999,1387770.16680000,6965,3626714.50,643426.72058000,0
2025-10-09 14:00:00,0.1759,0.1768,0.1725,0.1747,21063629.9,2025-10-09 14:59:59.999,3674012.27175000,11783,9285773.90,1620020.26015000,0
2025-10-09 15:00:00,0.1748,0.1763,0.1738,0.1747,10680849.4,2025-10-09 15:59:59.999,1869684.18915000,8023,4939898.50,864884.01432000,0
2025-10-09 16:00:00,0.1746,0.1763,0.1739,0.1748,9904896.1,2025-10-09 16:59:59.999,1736256.97806000,7488,4620915.90,809797.13393000,0
2025-10-09 17:00:00,0.1748,0.1783,0.1748,0.1782,9045703.4,2025-10-09 17:59:59.999,1599359.25881000,7532,4587422.20,811228.18326000,0
2025-10-09 18:00:00,0.1781,0.1782,0.1765,0.1768,6480357.5,2025-10-09 18:59:59.999,1149558.95403000,5960,3014541.10,534880.72399000,0
2025-10-09 19:00:00,0.1768,0.1782,0.1767,0.1775,2787232.8,2025-10-09 19:59:59.999,494660.73848000,2930,1352422.20,240032.10979000,0
2025-10-09 20:00:00,0.1774,0.178,0.1765,0.1773,2916421.1,2025-10-09 20:59:59.999,516836.59914000,2474,1327619.30,235289.44808000,0
2025-10-09 21:00:00,0.1774,0.1784,0.177,0.1781,2221063.7,2025-10-09 21:59:59.999,394428.82262000,2475,1268470.00,225278.63014000,0
2025-10-09 22:00:00,0.1781,0.1795,0.1779,0.1792,4360169.6,2025-10-09 22:59:59.999,780377.92041000,4827,2059123.90,368463.63966000,0
2025-10-09 23:00:00,0.1792,0.1795,0.1786,0.1793,2533091.5,2025-10-09 23:59:59.999,453500.52327000,2851,1420321.50,254238.18633000,0
2025-10-10 00:00:00,0.1794,0.1809,0.179,0.1795,5419583.0,2025-10-10 00:59:59.999,975231.21527000,4963,2243370.60,403828.12248000,0
2025-10-10 01:00:00,0.1795,0.1797,0.1785,0.1789,3755221.2,2025-10-10 01:59:59.999,672624.59091000,3253,1671988.40,299710.33393000,0
2025-10-10 02:00:00,0.1789,0.179,0.1769,0.1775,9810632.8,2025-10-10 02:59:59.999,1742531.04152000,5808,6119538.80,1086990.26076000,0
2025-10-10 03:00:00,0.1775,0.1802,0.177,0.1792,3833608.3,2025-10-10 03:59:59.999,686309.44470000,4966,1909878.70,341663.41833000,0
2025-10-10 04:00:00,0.1791,0.1805,0.1783,0.1785,4889347.2,2025-10-10 04:59:59.999,877231.56574000,4619,2712196.10,486590.10707000,0
2025-10-10 05:00:00,0.1786,0.1798,0.1777,0.1795,4353622.4,2025-10-10 05:59:59.999,778420.22904000,4433,2165901.50,387331.10384000,0
2025-10-10 06:00:00,0.1796,0.1805,0.1758,0.1765,12159564.3,2025-10-10 06:59:59.999,2160113.10692000,7166,4920260.60,874391.58774000,0
2025-10-10 07:00:00,0.1765,0.177,0.1753,0.1755,3381091.0,2025-10-10 07:59:59.999,595362.73228000,3018,1326320.60,233744.26551000,0
2025-10-10 08:00:00,0.1755,0.1766,0.1753,0.1765,10795994.6,2025-10-10 08:59:59.999,1899613.29218000,4001,5364950.00,944181.76523000,0
2025-10-10 09:00:00,0.1765,0.1771,0.1757,0.1762,8852806.5,2025-10-10 09:59:59.999,1562206.54700000,3253,6858935.00,1210500.15063000,0
2025-10-10 10:00:00,0.1762,0.1772,0.176,0.177,3301022.1,2025-10-10 10:59:59.999,583012.44771000,2916,1633637.50,288526.68463000,0
2025-10-10 11:00:00,0.177,0.1777,0.1763,0.1766,4379558.5,2025-10-10 11:59:59.999,774555.14837000,2751,2135936.00,378011.73909000,0
2025-10-10 12:00:00,0.1767,0.1778,0.1765,0.1771,6444417.2,2025-10-10 12:59:59.999,1141529.29784000,3198,3755208.70,665062.59151000,0
2025-10-10 13:00:00,0.1771,0.1792,0.177,0.178,10079811.4,2025-10-10 13:59:59.999,1792242.35669000,6012,5398668.00,959524.34677000,0
2025-10-10 14:00:00,0.178,0.1791,0.1741,0.1747,10820937.3,2025-10-10 14:59:59.999,1909593.64070000,9164,5430347.30,958769.78128000,0
2025-10-10 15:00:00,0.1747,0.175,0.121,0.1463,286297558.6,2025-10-10 15:59:59.999,42985584.62996000,146369,144577243.90,21655101.44233000,0
2025-10-10 16:00:00,0.1463,0.1528,0.1441,0.1515,147613452.2,2025-10-10 16:59:59.999,21969099.22209000,63530,78231019.30,11645414.60522000,0
2025-10-10 17:00:00,0.1516,0.154,0.1502,0.1508,46813319.3,2025-10-10 17:59:59.999,7105519.07710000,25485,22740479.50,3453312.82815000,0
2025-10-10 18:00:00,0.1509,0.1534,0.1503,0.1517,33626735.0,2025-10-10 18:59:59.999,5106214.09283000,15877,16438089.60,2496490.56814000,0
2025-10-10 19:00:00,0.1517,0.1645,0.1513,0.1633,135392815.3,2025-10-10 19:59:59.999,21513225.74196000,66535,73553524.60,11686851.88280000,0
2025-10-10 20:00:00,0.1634,0.1643,0.1423,0.1482,109615779.2,2025-10-10 20:59:59.999,17123747.63797000,53817,54248808.50,8481699.35747000,0
2025-10-10 21:00:00,0.1482,0.1523,0.0715,0.132,326850851.3,2025-10-10 21:59:59.999,40488809.12787000,155108,152293387.90,18926751.76896000,0
2025-10-10 22:00:00,0.132,0.1321,0.1047,0.1273,136828977.0,2025-10-10 22:59:59.999,17023685.55754000,74029,69900166.80,8719994.87552000,0
2025-10-10 23:00:00,0.1272,0.1314,0.1242,0.1248,61540302.4,2025-10-10 23:59:59.999,7858438.99040000,32968,33009094.40,4215691.29949000,0
2025-10-11 00:00:00,0.1247,0.1288,0.1209,0.128,48276440.3,2025-10-11 00:59:59.999,6025711.39264000,27612,25929064.10,3234338.49114000,0
2025-10-11 01:00:00,0.128,0.1303,0.1253,0.1258,67106420.3,2025-10-11 01:59:59.999,8586718.02246000,35068,39224866.50,5025564.60672000,0
2025-10-11 02:00:00,0.1259,0.1366,0.1257,0.1335,50600857.6,2025-10-11 02:59:59.999,6691040.68728000,21881,24112984.00,3192828.62204000,0
2025-10-11 03:00:00,0.1335,0.1342,0.1295,0.1309,21162634.7,2025-10-11 03:59:59.999,2780997.01460000,9545,10084830.50,1324357.49904000,0
2025-10-11 04:00:00,0.1309,0.132,0.1291,0.1308,17707265.5,2025-10-11 04:59:59.999,2310732.35123000,9622,9003244.90,1175223.51378000,0
2025-10-11 05:00:00,0.1308,0.1328,0.1284,0.1311,33360024.4,2025-10-11 05:59:59.999,4367460.70613000,13082,14575357.50,1904960.85466000,0
2025-10-11 06:00:00,0.131,0.1333,0.1304,0.1311,19138613.1,2025-10-11 06:59:59.999,2524827.00646000,14390,10381410.90,1369606.26450000,0
2025-10-11 07:00:00,0.1311,0.1318,0.13,0.1308,21544363.5,2025-10-11 07:59:59.999,2818795.98544000,13842,10174982.30,1331848.09255000,0
2025-10-11 08:00:00,0.1308,0.137,0.1297,0.1364,32266855.2,2025-10-11 08:59:59.999,4317837.99893000,13264,18028378.30,2414819.01957000,0
2025-10-11 09:00:00,0.1364,0.137,0.1322,0.1328,19916660.0,2025-10-11 09:59:59.999,2679266.66893000,11126,10608862.00,1425849.37185000,0
2025-10-11 10:00:00,0.1328,0.1343,0.1316,0.1324,11498271.4,2025-10-11 10:59:59.999,1528441.27399000,6374,6570267.40,874242.95098000,0
2025-10-11 11:00:00,0.1323,0.1332,0.1305,0.1322,14451081.1,2025-10-11 11:59:59.999,1904770.26059000,8971,8108375.80,1068544.79106000,0
2025-10-11 12:00:00,0.1321,0.1335,0.1304,0.1316,16224315.1,2025-10-11 12:59:59.999,2139820.54020000,9966,8661517.70,1142829.57630000,0
2025-10-11 13:00:00,0.1315,0.1323,0.1281,0.1314,28992641.9,2025-10-11 13:59:59.999,3785007.04081000,15930,14048883.80,1837532.38887000,0
2025-10-11 14:00:00,0.1314,0.1321,0.1297,0.131,17524205.3,2025-10-11 14:59:59.999,2290698.81502000,9335,9614527.50,1256518.09474000,0
2025-10-11 15:00:00,0.1309,0.1325,0.1305,0.1308,16517094.8,2025-10-11 15:59:59.999,2171994.82169000,8299,7985784.40,1050047.34562000,0
2025-10-11 16:00:00,0.1307,0.1324,0.1294,0.1306,18348509.7,2025-10-11 16:59:59.999,2394579.57422000,9202,8487768.40,1107875.99328000,0
2025-10-11 17:00:00,0.1306,0.1312,0.1298,0.1311,14078437.0,2025-10-11 17:59:59.999,1835951.05917000,6812,8180814.10,1066672.51821000,0
2025-10-11 18:00:00,0.1311,0.1311,0.1284,0.1285,13877703.4,2025-10-11 18:59:59.999,1795152.08656000,6014,5495205.50,710497.70475000,0
2025-10-11 19:00:00,0.1284,0.1286,0.1224,0.1238,64805152.0,2025-10-11 19:59:59.999,8126036.68892000,22290,32698455.50,4098835.64899000,0
2025-10-11 20:00:00,0.1238,0.1239,0.1206,0.1216,52661438.2,2025-10-11 20:59:59.999,6433083.67141000,21182,27202213.40,3323265.74082000,0
2025-10-11 21:00:00,0.1215,0.1232,0.1183,0.1218,49320087.1,2025-10-11 21:59:59.999,5945458.96049000,13757,26840365.10,3239178.46197000,0
2025-10-11 22:00:00,0.1219,0.1232,0.1217,0.1223,15799357.0,2025-10-11 22:59:59.999,1934226.83333000,7726,8501197.70,1040534.86947000,0
2025-10-11 23:00:00,0.1223,0.1228,0.1221,0.1225,6883430.9,2025-10-11 23:59:59.999,842459.56258000,3537,3601074.30,440825.59782000,0
2025-10-12 00:00:00,0.1226,0.1229,0.1194,0.1197,18326538.8,2025-10-12 00:59:59.999,2223005.07750000,6860,8766916.90,1063420.75048000,0
2025-10-12 01:00:00,0.1197,0.1214,0.117,0.1176,24402528.7,2025-10-12 01:59:59.999,2908274.30956000,9704,9996931.90,1192559.87182000,0
2025-10-12 02:00:00,0.1177,0.1202,0.1161,0.117,27049085.8,2025-10-12 02:59:59.999,3185805.06239000,9835,13562547.70,1600050.91942000,0
2025-10-12 03:00:00,0.1171,0.1202,0.1169,0.1184,21824012.5,2025-10-12 03:59:59.999,2593294.34658000,9557,12308941.20,1462789.20884000,0
2025-10-12 04:00:00,0.1184,0.1212,0.1183,0.1205,17958425.0,2025-10-12 04:59:59.999,2159603.70964000,7091,9017385.70,1084270.32305000,0
2025-10-12 05:00:00,0.1205,0.1213,0.1199,0.12,11056620.1,2025-10-12 05:59:59.999,1333881.65368000,4840,4772485.30,576010.12983000,0
2025-10-12 06:00:00,0.1201,0.1215,0.1198,0.1212,13888282.4,2025-10-12 06:59:59.999,1678570.28582000,4869,7380205.30,892455.97198000,0
2025-10-12 07:00:00,0.1211,0.1215,0.1195,0.1206,11320959.4,2025-10-12 07:59:59.999,1363458.28773000,4043,4634109.50,558201.33249000,0
2025-10-12 08:00:00,0.1206,0.124,0.1194,0.121,23932739.7,2025-10-12 08:59:59.999,2904664.36929000,8259,13431033.10,1632481.06959000,0
2025-10-12 09:00:00,0.1211,0.1211,0.119,0.1208,18084885.0,2025-10-12 09:59:59.999,2169442.31581000,6388,7950717.30,954282.97633000,0
2025-10-12 10:00:00,0.1207,0.1214,0.1194,0.1194,11672130.0,2025-10-12 10:59:59.999,1405333.75442000,4520,6276843.30,756020.01966000,0
2025-10-12 11:00:00,0.1195,0.1211,0.1194,0.1201,8596752.5,2025-10-12 11:59:59.999,1034285.64137000,3585,4226174.20,508488.34026000,0
2025-10-12 12:00:00,0.1201,0.1234,0.1201,0.1217,19040913.9,2025-10-12 12:59:59.999,2322610.52045000,6023,11420573.40,1393445.77936000,0
2025-10-12 13:00:00,0.1217,0.1225,0.1189,0.1193,16069746.0,2025-10-12 13:59:59.999,1935964.11435000,6111,7514440.00,905471.24038000,0
2025-10-12 14:00:00,0.1193,0.1256,0.1192,0.1234,58585996.3,2025-10-12 14:59:59.999,7195568.41359000,20275,28069825.60,3448728.28753000,0
2025-10-12 15:00:00,0.1234,0.1284,0.1231,0.1278,74328153.9,2025-10-12 15:59:59.999,9372489.72329000,24476,38215961.10,4817131.31393000,0
2025-10-12 16:00:00,0.1279,0.1327,0.1279,0.1316,43968101.8,2025-10-12 16:59:59.999,5731395.91278000,19256,21304239.70,2776835.67101000,0
2025-10-12 17:00:00,0.1315,0.1501,0.1311,0.1384,151481279.4,2025-10-12 17:59:59.999,20961004.85076000,71120,91818827.30,12727574.13850000,0
2025-10-12 18:00:00,0.1384,0.1404,0.1377,0.1391,19137131.0,2025-10-12 18:59:59.999,2658284.38538000,11396,9361498.80,1300271.98289000,0
2025-10-12 19:00:00,0.1391,0.1453,0.1386,0.1413,46315312.5,2025-10-12 19:59:59.999,6579571.15935000,18251,19308485.00,2739303.30194000,0
2025-10-12 20:00:00,0.1413,0.143,0.1399,0.1417,12298428.4,2025-10-12 20:59:59.999,1737568.03172000,9725,5862639.50,828497.63981000,0
2025-10-12 21:00:00,0.1417,0.1425,0.137,0.1391,13034705.7,2025-10-12 21:59:59.999,1820791.77651000,8629,6077750.10,849464.39708000,0
2025-10-12 22:00:00,0.1392,0.1405,0.1386,0.1395,6920028.7,2025-10-12 22:59:59.999,965415.92051000,4793,3344314.00,466513.72193000,0
2025-10-12 23:00:00,0.1395,0.1414,0.1385,0.1411,10639506.3,2025-10-12 23:59:59.999,1493456.16062000,5441,6275597.50,880806.41499000,0
2025-10-13 00:00:00,0.1411,0.1425,0.1378,0.1388,13941338.0,2025-10-13 00:59:59.999,1945631.86410000,8756,6562331.70,916305.77712000,0
2025-10-13 01:00:00,0.1388,0.1411,0.1378,0.141,11380075.3,2025-10-13 01:59:59.999,1584257.56337000,7773,5528606.20,770349.53384000,0
2025-10-13 02:00:00,0.1409,0.142,0.1396,0.1414,10540204.2,2025-10-13 02:59:59.999,1482478.41758000,6635,5258127.30,739923.74226000,0
2025-10-13 03:00:00,0.1414,0.1421,0.1404,0.1413,8630260.5,2025-10-13 03:59:59.999,1218993.16612000,5023,4355889.30,615269.82460000,0
2025-10-13 04:00:00,0.1413,0.1434,0.1396,0.1429,14145409.1,2025-10-13 04:59:59.999,2003387.35200000,7822,7432391.30,1052873.50294000,0
2025-10-13 05:00:00,0.1429,0.1451,0.1424,0.1444,13818454.1,2025-10-13 05:59:59.999,1982434.74888000,8125,6520299.50,936174.68957000,0
2025-10-13 06:00:00,0.1445,0.149,0.1433,0.1482,23786836.7,2025-10-13 06:59:59.999,3488203.22798000,16713,12030969.60,1763891.27940000,0
2025-10-13 07:00:00,0.1483,0.1493,0.1448,0.1459,19716422.8,2025-10-13 07:59:59.999,2900558.47584000,10271,9355515.60,1376593.98979000,0
2025-10-13 08:00:00,0.146,0.1482,0.1447,0.1469,14802037.2,2025-10-13 08:59:59.999,2172908.68249000,7229,6597578.50,967728.65970000,0
2025-10-13 09:00:00,0.1469,0.1471,0.1444,0.1452,15702429.7,2025-10-13 09:59:59.999,2285733.93650000,8506,8655116.20,1259967.58016000,0
2025-10-13 10:00:00,0.1453,0.1459,0.1413,0.1423,20913571.8,2025-10-13 10:59:59.999,2992724.65707000,8532,8521536.70,1219306.55449000,0
2025-10-13 11:00:00,0.1424,0.1424,0.1362,0.1389,30940468.4,2025-10-13 11:59:59.999,4319307.54116000,14459,13315100.90,1860740.80602000,0
2025-10-13 12:00:00,0.1389,0.1414,0.1381,0.1403,17739019.5,2025-10-13 12:59:59.999,2480437.90916000,9339,7404549.20,1036484.74795000,0
2025-10-13 13:00:00,0.1404,0.1442,0.1392,0.1432,18814537.2,2025-10-13 13:59:59.999,2671170.02367000,13355,9928069.90,1409848.26649000,0
2025-10-13 14:00:00,0.1431,0.1433,0.1387,0.1403,19752552.4,2025-10-13 14:59:59.999,2782054.33215000,9703,10464605.90,1474377.96697000,0
2025-10-13 15:00:00,0.1403,0.1431,0.1402,0.1427,9260571.7,2025-10-13 15:59:59.999,1311392.99069000,5366,4891805.20,693081.16366000,0
2025-10-13 16:00:00,0.1427,0.1448,0.142,0.1443,11898275.4,2025-10-13 16:59:59.999,1704548.09333000,7072,5673264.70,813119.85287000,0
2025-10-13 17:00:00,0.1443,0.1471,0.1441,0.1471,13949573.3,2025-10-13 17:59:59.999,2026107.99493000,7583,7005258.30,1017848.78100000,0
2025-10-13 18:00:00,0.147,0.149,0.1463,0.1483,15374269.3,2025-10-13 18:59:59.999,2272451.37343000,6624,7355781.70,1086569.05683000,0
2025-10-13 19:00:00,0.1484,0.1495,0.1479,0.1487,11738212.3,2025-10-13 19:59:59.999,1745877.11101000,5483,5531581.60,822786.86186000,0
2025-10-13 20:00:00,0.1487,0.1511,0.1477,0.1507,12115592.0,2025-10-13 20:59:59.999,1810049.99038000,5982,5882208.40,879034.01227000,0
2025-10-13 21:00:00,0.1507,0.1513,0.1491,0.1497,7288483.5,2025-10-13 21:59:59.999,1094116.36990000,4636,3656770.30,548965.71938000,0
2025-10-13 22:00:00,0.1496,0.1515,0.1495,0.1509,5439487.8,2025-10-13 22:59:59.999,818706.07370000,3178,2326856.80,350212.46882000,0
2025-10-13 23:00:00,0.1508,0.1526,0.15,0.1521,8463396.3,2025-10-13 23:59:59.999,1284099.75245000,5220,3457764.30,524463.23651000,0
2025-10-14 00:00:00,0.152,0.152,0.1488,0.1495,11793109.1,2025-10-14 00:59:59.999,1771493.08710000,7398,5226161.60,785092.23143000,0
2025-10-14 01:00:00,0.1496,0.15,0.1461,0.1472,24217433.2,2025-10-14 01:59:59.999,3583481.99498000,8668,12966468.50,1918188.74844000,0
2025-10-14 02:00:00,0.1472,0.1472,0.1455,0.1458,9946143.1,2025-10-14 02:59:59.999,1456026.70388000,6101,4497909.20,658515.97130000,0
2025-10-14 03:00:00,0.1459,0.1464,0.1443,0.1458,9573831.3,2025-10-14 03:59:59.999,1389829.37310000,5966,4795220.20,696303.74049000,0
2025-10-14 04:00:00,0.1458,0.1469,0.1427,0.1438,14195239.3,2025-10-14 04:59:59.999,2058605.93241000,7598,4651861.00,674983.86263000,0
2025-10-14 05:00:00,0.1437,0.1452,0.1402,0.1407,18729304.4,2025-10-14 05:59:59.999,2665740.62819000,10406,7040424.10,1002292.15985000,0
2025-10-14 06:00:00,0.1407,0.1415,0.1347,0.1378,31477380.6,2025-10-14 06:59:59.999,4353371.74514000,17740,13372611.70,1848749.50139000,0
2025-10-14 07:00:00,0.1378,0.1409,0.1369,0.1375,16410764.9,2025-10-14 07:59:59.999,2269568.73319000,10634,8110299.40,1122187.05203000,0
2025-10-14 08:00:00,0.1375,0.14,0.1367,0.139,15280031.0,2025-10-14 08:59:59.999,2114783.49801000,6723,5264299.70,728287.67751000,0
2025-10-14 09:00:00,0.1389,0.1398,0.1375,0.1382,7660211.7,2025-10-14 09:59:59.999,1062734.53289000,4900,3016850.40,418560.17078000,0
2025-10-14 10:00:00,0.1382,0.1383,0.1338,0.1363,19127662.1,2025-10-14 10:59:59.999,2598450.18844000,9908,7886539.00,1070921.17194000,0
2025-10-14 11:00:00,0.1363,0.1394,0.1361,0.1385,9048130.8,2025-10-14 11:59:59.999,1247603.18854000,5935,5120922.70,706310.47497000,0
2025-10-14 12:00:00,0.1386,0.1409,0.137,0.1373,16271614.3,2025-10-14 12:59:59.999,2255378.27967000,8977,7745107.10,1074092.09959000,0
2025-10-14 13:00:00,0.1372,0.1399,0.1352,0.1387,27862952.3,2025-10-14 13:59:59.999,3830944.20571000,14752,11009885.50,1513898.85984000,0
2025-10-14 14:00:00,0.1386,0.1422,0.1378,0.1402,26009096.3,2025-10-14 14:59:59.999,3639129.15512000,15652,12926490.10,1809122.06340000,0
2025-10-14 15:00:00,0.1403,0.1437,0.1384,0.1436,30100310.7,2025-10-14 15:59:59.999,4231967.56355000,15496,14413045.10,2025558.28017000,0
2025-10-14 16:00:00,0.1437,0.1502,0.1426,0.1455,86228438.4,2025-10-14 16:59:59.999,12562942.89144000,30498,37851866.80,5521860.61690000,0
2025-10-14 17:00:00,0.1456,0.148,0.1433,0.1468,55826423.7,2025-10-14 17:59:59.999,8181973.68557000,24185,21322084.30,3122353.81837000,0
2025-10-14 18:00:00,0.1469,0.1487,0.1451,0.1455,16916333.2,2025-10-14 18:59:59.999,2486707.73675000,10335,7694961.40,1130503.62856000,0
2025-10-14 19:00:00,0.1456,0.1472,0.1415,0.1436,21636312.4,2025-10-14 19:59:59.999,3125263.80632000,11580,11769772.40,1702531.38668000,0
2025-10-14 20:00:00,0.1436,0.1446,0.1428,0.1444,4397969.2,2025-10-14 20:59:59.999,632568.34015000,2879,2507135.40,360700.15758000,0
2025-10-14 21:00:00,0.1444,0.1454,0.1434,0.1452,4346332.2,2025-10-14 21:59:59.999,626816.49769000,1850,1954523.20,281840.73842000,0
2025-10-14 22:00:00,0.1451,0.146,0.1443,0.1449,4133957.3,2025-10-14 22:59:59.999,600664.35706000,2534,1927308.80,280091.07683000,0
2025-10-14 23:00:00,0.1448,0.1457,0.1441,0.1441,5605657.8,2025-10-14 23:59:59.999,812465.17492000,2880,3204005.00,464506.35627000,0
2025-10-15 00:00:00,0.1442,0.1445,0.1421,0.1443,6959596.6,2025-10-15 00:59:59.999,997175.08625000,5009,3214931.40,460952.31775000,0
2025-10-15 01:00:00,0.1443,0.1447,0.1426,0.144,4253526.4,2025-10-15 01:59:59.999,609878.19415000,3392,2118865.50,303800.72315000,0
2025-10-15 02:00:00,0.144,0.1466,0.1438,0.1444,5737634.7,2025-10-15 02:59:59.999,832697.02370000,4257,2992078.10,434569.73384000,0
2025-10-15 03:00:00,0.1445,0.1449,0.1427,0.1432,5142480.9,2025-10-15 03:59:59.999,739186.62771000,3996,2800795.50,402709.78692000,0
2025-10-15 04:00:00,0.1432,0.1467,0.1423,0.1464,6348040.6,2025-10-15 04:59:59.999,918756.06935000,4122,3553954.90,514468.26485000,0
2025-10-15 05:00:00,0.1465,0.1468,0.1444,0.1449,7788666.4,2025-10-15 05:59:59.999,1134284.25666000,4892,2795320.60,407218.39961000,0
2025-10-15 06:00:00,0.145,0.1464,0.1435,0.1455,6934992.5,2025-10-15 06:59:59.999,1005042.14291000,5053,3287872.00,476416.89200000,0
2025-10-15 07:00:00,0.1456,0.1464,0.1443,0.1461,4753804.5,2025-10-15 07:59:59.999,691044.15296000,3563,2462573.50,358131.38205000,0
2025-10-15 08:00:00,0.146,0.1481,0.1456,0.146,7602877.5,2025-10-15 08:59:59.999,1115778.09621000,6156,4181556.90,613716.57659000,0
2025-10-15 09:00:00,0.1461,0.1461,0.1443,0.1446,6263110.0,2025-10-15 09:59:59.999,909602.85303000,4393,2587025.50,375815.84083000,0
2025-10-15 10:00:00,0.1446,0.1451,0.1429,0.1431,7555930.2,2025-10-15 10:59:59.999,1085464.10468000,4716,3453844.80,496066.74115000,0
2025-10-15 11:00:00,0.1431,0.1439,0.1415,0.1423,12765970.7,2025-10-15 11:59:59.999,1821608.79017000,6953,7592670.40,1083311.80969000,0
2025-10-15 12:00:00,0.1423,0.1426,0.1402,0.1415,10104869.9,2025-10-15 12:59:59.999,1429521.36823000,6275,5735313.70,811783.99299000,0
2025-10-15 13:00:00,0.1415,0.1421,0.1381,0.1409,14865957.8,2025-10-15 13:59:59.999,2084905.70461000,10565,7384510.20,1036190.74891000,0
2025-10-15 14:00:00,0.1408,0.1428,0.1383,0.1392,8530976.1,2025-10-15 14:59:59.999,1199431.96315000,8342,4483628.70,630899.60113000,0
2025-10-15 15:00:00,0.1393,0.14,0.1369,0.1386,12462688.6,2025-10-15 15:59:59.999,1725718.02090000,10035,5949726.90,823757.34588000,0
2025-10-15 16:00:00,0.1386,0.1401,0.1381,0.1391,7120618.7,2025-10-15 16:59:59.999,992039.70220000,5063,3052482.20,424755.91505000,0
2025-10-15 17:00:00,0.1391,0.1399,0.1379,0.1397,5936187.3,2025-10-15 17:59:59.999,825057.72069000,5265,2395644.00,333016.91098000,0
2025-10-15 18:00:00,0.1397,0.1399,0.1383,0.1393,4353674.6,2025-10-15 18:59:59.999,604679.47729000,3406,1739689.40,241719.17923000,0
2025-10-15 19:00:00,0.1392,0.1441,0.1375,0.1383,47945078.7,2025-10-15 19:59:59.999,6744919.29667000,20965,23694801.50,3338794.60494000,0
2025-10-15 20:00:00,0.1384,0.1394,0.1359,0.138,8157551.0,2025-10-15 20:59:59.999,1125134.51305000,7451,3708485.00,512137.18000000,0
2025-10-15 21:00:00,0.138,0.1394,0.1369,0.1376,5979534.5,2025-10-15 21:59:59.999,825616.79473000,4460,2954817.30,408275.55897000,0
2025-10-15 22:00:00,0.1375,0.1388,0.1367,0.1372,2164857.5,2025-10-15 22:59:59.999,298236.02489000,2518,997059.00,137329.14552000,0
2025-10-15 23:00:00,0.1373,0.1392,0.1369,0.1386,2801624.3,2025-10-15 23:59:59.999,387737.08526000,2345,1765914.30,244520.01213000,0
2025-10-16 00:00:00,0.1385,0.1389,0.1373,0.1377,2842410.4,2025-10-16 00:59:59.999,392366.71482000,3268,1353655.00,186812.35818000,0
2025-10-16 01:00:00,0.1377,0.1409,0.1376,0.1406,4030996.7,2025-10-16 01:59:59.999,562791.69230000,3451,1697820.90,236700.16308000,0
2025-10-16 02:00:00,0.1407,0.1416,0.1396,0.1406,3848496.0,2025-10-16 02:59:59.999,540163.90592000,2733,1719503.90,241437.87267000,0
2025-10-16 03:00:00,0.1406,0.1406,0.1391,0.1393,1996366.8,2025-10-16 03:59:59.999,279109.89432000,1856,816418.40,114158.44040000,0
2025-10-16 04:00:00,0.1393,0.1407,0.1388,0.1395,3026296.6,2025-10-16 04:59:59.999,422839.33062000,2011,1505469.60,210155.14813000,0
2025-10-16 05:00:00,0.1396,0.1408,0.1386,0.1395,3546485.4,2025-10-16 05:59:59.999,495442.79469000,3428,1710567.10,239236.13387000,0
2025-10-16 06:00:00,0.1396,0.1416,0.1394,0.1408,3995900.7,2025-10-16 06:59:59.999,562177.65537000,3890,1914450.90,269316.12617000,0
2025-10-16 07:00:00,0.1408,0.141,0.1389,0.1392,3278199.6,2025-10-16 07:59:59.999,457476.01681000,3348,1395768.80,194731.62558000,0
2025-10-16 08:00:00,0.1392,0.1399,0.1382,0.1393,3284008.2,2025-10-16 08:59:59.999,456982.75660000,2977,1733311.20,241254.31144000,0
2025-10-16 09:00:00,0.1393,0.1438,0.1344,0.1429,28950822.3,2025-10-16 09:59:59.999,4030684.62565000,19956,15708835.50,2191625.94012000,0
2025-10-16 10:00:00,0.1428,0.1442,0.1417,0.1424,11394074.1,2025-10-16 10:59:59.999,1626686.02231000,7940,5451464.60,778718.89769000,0
2025-10-16 11:00:00,0.1424,0.144,0.1415,0.1426,7870514.2,2025-10-16 11:59:59.999,1122721.18054000,4706,4151090.00,592355.00760000,0
2025-10-16 12:00:00,0.1426,0.1436,0.1414,0.1416,7176506.3,2025-10-16 12:59:59.999,1022490.59110000,5072,3558754.80,507394.26374000,0
2025-10-16 13:00:00,0.1416,0.142,0.1396,0.1403,6931976.9,2025-10-16 13:59:59.999,976857.70582000,6632,3379940.00,476411.08238000,0
2025-10-16 14:00:00,0.1403,0.1478,0.1392,0.1454,37717304.3,2025-10-16 14:59:59.999,5437502.16192000,24746,21130659.70,3044226.66043000,0
2025-10-16 15:00:00,0.1455,0.1459,0.1383,0.1396,19604628.8,2025-10-16 15:59:59.999,2783579.15835000,17540,8098376.80,1150751.30083000,0
2025-10-16 16:00:00,0.1396,0.1428,0.1372,0.1427,18858170.7,2025-10-16 16:59:59.999,2622766.65725000,18317,9954875.20,1385581.57714000,0
2025-10-16 17:00:00,0.1426,0.1426,0.1376,0.1381,9153215.6,2025-10-16 17:59:59.999,1283033.49970000,10258,3799666.00,532281.85164000,0
2025-10-16 18:00:00,0.1381,0.1389,0.1365,0.138,8664809.3,2025-10-16 18:59:59.999,1192317.55448000,7674,3916712.00,539180.06647000,0
2025-10-16 19:00:00,0.138,0.1382,0.1328,0.1346,13118848.6,2025-10-16 19:59:59.999,1773836.09086000,11239,5687781.60,770258.70980000,0
2025-10-16 20:00:00,0.1347,0.1355,0.1321,0.133,5433246.2,2025-10-16 20:59:59.999,725894.52557000,6317,2396713.50,320595.91373000,0
2025-10-16 21:00:00,0.133,0.1353,0.1326,0.135,4676233.4,2025-10-16 21:59:59.999,625931.58662000,3618,2594225.40,347181.83297000,0
2025-10-16 22:00:00,0.1351,0.1356,0.1337,0.1337,5919931.0,2025-10-16 22:59:59.999,794891.78184000,3719,2940281.00,394959.19182000,0
2025-10-16 23:00:00,0.1337,0.1359,0.1336,0.1356,4607324.1,2025-10-16 23:59:59.999,622560.26749000,2689,2912125.40,393521.36401000,0
2025-10-17 00:00:00,0.1355,0.1363,0.1346,0.1359,4688752.2,2025-10-17 00:59:59.999,634959.29991000,2879,1790275.00,242386.41229000,0
2025-10-17 01:00:00,0.136,0.1371,0.1347,0.1356,5470078.2,2025-10-17 01:59:59.999,743250.26412000,3730,2828676.40,384282.10377000,0
2025-10-17 02:00:00,0.1357,0.1359,0.1335,0.1346,4622600.6,2025-10-17 02:59:59.999,621761.91795000,4075,2500777.00,336241.07491000,0
2025-10-17 03:00:00,0.1346,0.1357,0.1344,0.1349,3087910.8,2025-10-17 03:59:59.999,416792.09786000,3318,1746243.20,235731.75299000,0
2025-10-17 04:00:00,0.1349,0.1349,0.1333,0.1333,2854332.4,2025-10-17 04:59:59.999,382105.65219000,2283,1535812.10,205619.28620000,0
2025-10-17 05:00:00,0.1333,0.1341,0.1318,0.1325,6399300.4,2025-10-17 05:59:59.999,850752.95683000,3232,2858108.20,380236.62112000,0
2025-10-17 06:00:00,0.1326,0.1332,0.1267,0.1278,32963681.8,2025-10-17 06:59:59.999,4261399.85072000,18061,12074313.20,1560528.60680000,0
2025-10-17 07:00:00,0.1278,0.1281,0.1236,0.1246,26135653.0,2025-10-17 07:59:59.999,3271259.29714000,16175,13194310.90,1650830.16633000,0
2025-10-17 08:00:00,0.1246,0.1251,0.1216,0.1245,28255472.8,2025-10-17 08:59:59.999,3485398.94985000,15919,14972196.30,1846338.26279000,0
2025-10-17 09:00:00,0.1246,0.1282,0.1239,0.126,13439858.9,2025-10-17 09:59:59.999,1692823.71272000,8408,6538712.00,823758.37782000,0
2025-10-17 10:00:00,0.1261,0.1269,0.1233,0.1257,14239281.2,2025-10-17 10:59:59.999,1774179.20988000,8630,7128820.00,888533.07058000,0
2025-10-17 11:00:00,0.1257,0.1302,0.1255,0.1292,19897653.3,2025-10-17 11:59:59.999,2557550.93723000,13383,11008237.80,1415424.35682000,0
2025-10-17 12:00:00,0.1292,0.1299,0.1275,0.1278,4832542.8,2025-10-17 12:59:59.999,622173.43562000,4172,1881904.60,242439.76361000,0
2025-10-17 13:00:00,0.1278,0.1299,0.1271,0.1293,9307867.0,2025-10-17 13:59:59.999,1196897.98191000,8996,4765918.30,613196.54335000,0
2025-10-17 14:00:00,0.1292,0.1297,0.1258,0.1271,11718456.8,2025-10-17 14:59:59.999,1497566.14009000,8416,5835286.80,745641.92114000,0
2025-10-17 15:00:00,0.1271,0.1295,0.1269,0.1295,7165284.6,2025-10-17 15:59:59.999,917671.35623000,6288,3583073.90,459198.14840000,0
2025-10-17 16:00:00,0.1294,0.1311,0.1276,0.1282,21641357.8,2025-10-17 16:59:59.999,2797483.83524000,14119,11790711.90,1524853.14002000,0
2025-10-17 17:00:00,0.1281,0.13,0.128,0.1293,4729806.6,2025-10-17 17:59:59.999,609755.63313000,4227,2619874.80,337899.79425000,0
2025-10-17 18:00:00,0.1293,0.1307,0.1291,0.1299,4416668.3,2025-10-17 18:59:59.999,573587.60139000,3039,2458672.20,319411.13128000,0
2025-10-17 19:00:00,0.1299,0.1302,0.1287,0.1295,3269979.7,2025-10-17 19:59:59.999,423355.63701000,2665,1787067.90,231423.34691000,0
2025-10-17 20:00:00,0.1296,0.1306,0.1289,0.1301,3650515.9,2025-10-17 20:59:59.999,474685.91710000,2472,2036962.90,264907.72876000,0
2025-10-17 21:00:00,0.1301,0.1319,0.13,0.1318,2764206.4,2025-10-17 21:59:59.999,362677.19805000,1807,1528125.70,200440.39207000,0
2025-10-17 22:00:00,0.1318,0.132,0.1307,0.1313,2860623.8,2025-10-17 22:59:59.999,375756.67777000,1649,1172224.50,153939.24106000,0
2025-10-17 23:00:00,0.1313,0.1313,0.1295,0.1297,2159383.1,2025-10-17 23:59:59.999,281203.31879000,1397,1276766.50,166317.17145000,0
2025-10-18 00:00:00,0.1297,0.1306,0.1291,0.1299,3002631.7,2025-10-18 00:59:59.999,389902.93904000,2191,1531148.70,198827.20818000,0
2025-10-18 01:00:00,0.1299,0.1316,0.1299,0.1313,3145955.8,2025-10-18 01:59:59.999,411553.85735000,2330,1610554.60,210698.52405000,0
2025-10-18 02:00:00,0.1313,0.1317,0.1299,0.1302,3775253.9,2025-10-18 02:59:59.999,493552.31219000,2265,1859323.70,243033.00195000,0
2025-10-18 03:00:00,0.1303,0.1312,0.1302,0.131,2461002.5,2025-10-18 03:59:59.999,322057.29329000,1463,1216810.80,159270.77246000,0
2025-10-18 04:00:00,0.1309,0.1309,0.1292,0.1293,2513541.9,2025-10-18 04:59:59.999,326420.69837000,2264,1105657.60,143465.05900000,0
2025-10-18 05:00:00,0.1293,0.131,0.1291,0.1309,3581802.2,2025-10-18 05:59:59.999,465639.92787000,2600,2002670.40,260320.63390000,0
2025-10-18 06:00:00,0.1309,0.1314,0.1301,0.1306,2873315.2,2025-10-18 06:59:59.999,375746.85628000,2174,1370091.50,179235.44638000,0
2025-10-18 07:00:00,0.1307,0.1328,0.1304,0.1306,6519142.9,2025-10-18 07:59:59.999,858916.57821000,4722,3304329.40,435755.74227000,0
2025-10-18 08:00:00,0.1306,0.1314,0.1305,0.1308,2018326.0,2025-10-18 08:59:59.999,264255.56599000,1932,877160.20,114891.73457000,0
2025-10-18 09:00:00,0.1307,0.1318,0.1302,0.1313,2670922.8,2025-10-18 09:59:59.999,350051.78375000,2735,1508305.80,197644.82187000,0
2025-10-18 10:00:00,0.1313,0.132,0.1308,0.1312,2745401.1,2025-10-18 10:59:59.999,360672.06286000,2090,1655927.90,217593.86443000,0
2025-10-18 11:00:00,0.1312,0.132,0.1307,0.1313,2108009.0,2025-10-18 11:59:59.999,276763.10390000,1815,1246747.80,163717.07884000,0
2025-10-18 12:00:00,0.1312,0.1315,0.1296,0.1303,3527799.7,2025-10-18 12:59:59.999,459838.57071000,2134,1625128.50,211589.92774000,0
2025-10-18 13:00:00,0.1303,0.1303,0.1286,0.1292,5081171.3,2025-10-18 13:59:59.999,656722.47224000,3646,2703020.10,349357.75858000,0
2025-10-18 14:00:00,0.1292,0.1307,0.1282,0.1301,4058876.3,2025-10-18 14:59:59.999,525201.22489000,3209,2100449.60,272046.66774000,0
2025-10-18 15:00:00,0.13,0.1304,0.1288,0.1293,2496415.8,2025-10-18 15:59:59.999,323324.30295000,2418,1105086.80,143159.32143000,0
2025-10-18 16:00:00,0.1293,0.1296,0.1285,0.1294,2734052.3,2025-10-18 16:59:59.999,352720.83608000,2364,1435006.00,185191.95402000,0
2025-10-18 17:00:00,0.1294,0.1311,0.1292,0.1309,4108052.0,2025-10-18 17:59:59.999,534758.31668000,2918,1926914.60,250819.32835000,0
2025-10-18 18:00:00,0.1309,0.1312,0.1297,0.1298,3029399.5,2025-10-18 18:59:59.999,394623.36749000,2113,1269635.10,165352.03690000,0
2025-10-18 19:00:00,0.1298,0.1301,0.1294,0.13,1985323.3,2025-10-18 19:59:59.999,257768.27672000,1653,1014256.40,131671.71928000,0
2025-10-18 20:00:00,0.1299,0.131,0.1299,0.1299,1971038.7,2025-10-18 20:59:59.999,256885.62807000,1703,822149.90,107168.40545000,0
2025-10-18 21:00:00,0.1299,0.1306,0.1293,0.1305,1783891.6,2025-10-18 21:59:59.999,231816.61349000,1531,890841.80,115754.43845000,0
2025-10-18 22:00:00,0.1305,0.1308,0.1301,0.1305,1655632.8,2025-10-18 22:59:59.999,216053.64276000,1361,601624.30,78511.53745000,0
2025-10-18 23:00:00,0.1304,0.1306,0.1299,0.1305,1192712.2,2025-10-18 23:59:59.999,155385.15595000,1048,466215.40,60762.43770000,0
2025-10-19 00:00:00,0.1305,0.1308,0.1292,0.1297,1928374.4,2025-10-19 00:59:59.999,250430.52439000,1400,1003630.80,130416.50336000,0
2025-10-19 01:00:00,0.1298,0.1306,0.1294,0.1305,1427096.8,2025-10-19 01:59:59.999,185578.45887000,1140,559226.50,72770.92504000,0
2025-10-19 02:00:00,0.1305,0.1306,0.13,0.1302,1652265.3,2025-10-19 02:59:59.999,215285.26353000,1208,741070.60,96570.12552000,0
2025-10-19 03:00:00,0.1303,0.1314,0.1299,0.1312,2741706.2,2025-10-19 03:59:59.999,358351.85798000,1466,1304503.30,170625.00458000,0
2025-10-19 04:00:00,0.1313,0.1314,0.1303,0.1303,2009010.3,2025-10-19 04:59:59.999,262464.37713000,1498,782617.20,102245.27590000,0
2025-10-19 05:00:00,0.1304,0.1309,0.13,0.1303,3434198.5,2025-10-19 05:59:59.999,447828.42442000,1722,1562191.30,203907.42479000,0
2025-10-19 06:00:00,0.1303,0.1304,0.1286,0.1291,3051646.0,2025-10-19 06:59:59.999,394580.88127000,1990,1192329.20,154091.52805000,0
2025-10-19 07:00:00,0.1291,0.1297,0.129,0.1295,2264226.1,2025-10-19 07:59:59.999,293128.98055000,1545,1243817.20,161032.34428000,0
2025-10-19 08:00:00,0.1296,0.1316,0.1282,0.1288,11677037.3,2025-10-19 08:59:59.999,1518099.78619000,6401,5600979.40,728507.22792000,0
2025-10-19 09:00:00,0.1288,0.1318,0.1273,0.1305,15702453.4,2025-10-19 09:59:59.999,2033969.95220000,9391,7800670.90,1011569.40130000,0
2025-10-19 10:00:00,0.1306,0.1325,0.1296,0.1319,9811549.4,2025-10-19 10:59:59.999,1286408.92416000,6384,5406378.00,708857.23701000,0
2025-10-19 11:00:00,0.1319,0.1329,0.1314,0.1317,7834982.1,2025-10-19 11:59:59.999,1035094.23701000,4772,3780078.50,499559.97648000,0
2025-10-19 12:00:00,0.1317,0.132,0.1302,0.1308,4020938.3,2025-10-19 12:59:59.999,526275.43982000,2365,1815637.20,237770.85095000,0
2025-10-19 13:00:00,0.1309,0.1335,0.1304,0.1331,5557190.6,2025-10-19 13:59:59.999,732831.79616000,4292,3020547.20,398370.61077000,0
2025-10-19 14:00:00,0.1332,0.1337,0.1319,0.1332,9369425.4,2025-10-19 14:59:59.999,1245791.08100000,5483,4516520.90,600741.02421000,0
2025-10-19 15:00:00,0.1333,0.1334,0.1322,0.1328,6265914.0,2025-10-19 15:59:59.999,831128.37967000,3511,2365964.00,313760.61732000,0
2025-10-19 16:00:00,0.1328,0.1333,0.1319,0.1325,6061598.1,2025-10-19 16:59:59.999,803665.25932000,2633,2343770.20,310788.02940000,0
2025-10-19 17:00:00,0.1325,0.1339,0.1324,0.1327,6458992.2,2025-10-19 17:59:59.999,860223.22156000,4176,3381387.40,450317.59863000,0
2025-10-19 18:00:00,0.1327,0.1339,0.1323,0.1334,5936022.1,2025-10-19 18:59:59.999,790293.77008000,2890,3030536.30,403572.79505000,0
2025-10-19 19:00:00,0.1333,0.1335,0.1326,0.1331,2115659.1,2025-10-19 19:59:59.999,281502.48674000,1428,969114.00,128958.71859000,0
2025-10-19 20:00:00,0.133,0.1336,0.1328,0.1334,1762985.6,2025-10-19 20:59:59.999,234836.60768000,1163,797857.00,106315.42919000,0
2025-10-19 21:00:00,0.1334,0.1334,0.1318,0.1322,2499198.6,2025-10-19 21:59:59.999,330618.49927000,1711,1050187.30,138920.81320000,0
2025-10-19 22:00:00,0.1322,0.133,0.1321,0.1326,2089478.7,2025-10-19 22:59:59.999,276964.91244000,1648,1246965.70,165324.02439000,0
2025-10-19 23:00:00,0.1326,0.1326,0.1311,0.1315,2683720.4,2025-10-19 23:59:59.999,353715.26158000,1785,1018996.90,134221.39803000,0
2025-10-20 00:00:00,0.1314,0.1314,0.1285,0.1301,6669040.8,2025-10-20 00:59:59.999,865233.03148000,4967,2990689.90,388136.16517000,0
2025-10-20 01:00:00,0.1302,0.1305,0.1294,0.1298,2174300.2,2025-10-20 01:59:59.999,282406.79702000,2132,867067.80,112676.83374000,0
2025-10-20 02:00:00,0.1297,0.1312,0.1291,0.1305,10263287.1,2025-10-20 02:59:59.999,1334801.39163000,4181,4602752.40,598319.74525000,0
2025-10-20 03:00:00,0.1305,0.134,0.1302,0.1335,5241778.4,2025-10-20 03:59:59.999,693029.96241000,3728,3027534.30,400347.02455000,0
2025-10-20 04:00:00,0.1335,0.1343,0.1329,0.1333,3887767.5,2025-10-20 04:59:59.999,518695.57065000,3541,1596975.10,213059.20176000,0
2025-10-20 05:00:00,0.1333,0.1336,0.1325,0.1333,3327188.3,2025-10-20 05:59:59.999,442735.10041000,2797,1643436.20,218740.35846000,0
2025-10-20 06:00:00,0.1334,0.1353,0.1331,0.1349,11721014.0,2025-10-20 06:59:59.999,1573160.50487000,6305,6928920.00,930006.91522000,0
2025-10-20 07:00:00,0.1349,0.1351,0.1332,0.1336,6221070.6,2025-10-20 07:59:59.999,835476.05759000,4290,2276675.60,305651.46128000,0
2025-10-20 08:00:00,0.1336,0.1342,0.1329,0.1334,3196376.5,2025-10-20 08:59:59.999,426297.02025000,2937,1454997.40,194053.63871000,0
2025-10-20 09:00:00,0.1333,0.1334,0.1327,0.1332,5478479.6,2025-10-20 09:59:59.999,729075.92478000,2986,2133978.70,283932.33123000,0
2025-10-20 10:00:00,0.1333,0.1338,0.1319,0.1324,5791848.5,2025-10-20 10:59:59.999,770366.72295000,3544,2287511.80,304454.01630000,0
2025-10-20 11:00:00,0.1324,0.1332,0.1321,0.1327,3276375.2,2025-10-20 11:59:59.999,434271.68374000,2757,1639601.70,217286.61641000,0
2025-10-20 12:00:00,0.1327,0.1336,0.1324,0.1331,3085243.9,2025-10-20 12:59:59.999,410240.79109000,2678,1331772.80,177055.07942000,0
2025-10-20 13:00:00,0.1331,0.1348,0.1329,0.1342,5750776.1,2025-10-20 13:59:59.999,770795.29675000,4000,2415273.30,323858.33339000,0
2025-10-20 14:00:00,0.1343,0.1343,0.1328,0.1337,4966687.6,2025-10-20 14:59:59.999,664196.66342000,4437,2439483.00,326356.16593000,0
2025-10-20 15:00:00,0.1338,0.1344,0.1324,0.1325,6762974.1,2025-10-20 15:59:59.999,902197.44076000,4471,3206681.50,428035.31421000,0
2025-10-20 16:00:00,0.1324,0.1324,0.1295,0.1309,12692334.6,2025-10-20 16:59:59.999,1660746.61024000,11906,5762703.50,753821.08626000,0
2025-10-20 17:00:00,0.1308,0.1319,0.1301,0.1312,6514689.4,2025-10-20 17:59:59.999,852999.09692000,4362,4202491.90,550430.89010000,0
2025-10-20 18:00:00,0.1312,0.1316,0.1306,0.1315,2681465.8,2025-10-20 18:59:59.999,351660.24350000,1917,1318581.80,172990.42678000,0
2025-10-20 19:00:00,0.1316,0.1332,0.1308,0.1321,4717510.6,2025-10-20 19:59:59.999,622651.08335000,3054,2952830.00,390225.31040000,0
2025-10-20 20:00:00,0.1321,0.1325,0.1316,0.1322,3223457.4,2025-10-20 20:59:59.999,425373.92074000,2630,981311.20,129512.63178000,0
2025-10-20 21:00:00,0.1322,0.1328,0.1312,0.1317,2497077.6,2025-10-20 21:59:59.999,329780.99381000,2191,1119223.20,147952.18940000,0
2025-10-20 22:00:00,0.1316,0.1321,0.1314,0.132,982529.0,2025-10-20 22:59:59.999,129518.52414000,926,477110.20,62927.52962000,0
2025-10-20 23:00:00,0.1319,0.1322,0.1315,0.1321,1068773.6,2025-10-20 23:59:59.999,141019.07705000,1048,564443.30,74486.77171000,0
2025-10-21 00:00:00,0.1321,0.1343,0.1316,0.1338,3828350.0,2025-10-21 00:59:59.999,509355.09514000,2351,1974493.20,263049.56084000,0
2025-10-21 01:00:00,0.1338,0.1341,0.1325,0.1332,6234285.8,2025-10-21 01:59:59.999,830033.37374000,3976,2441615.60,325315.45876000,0
2025-10-21 02:00:00,0.1332,0.1334,0.1314,0.1315,4530703.5,2025-10-21 02:59:59.999,599480.70589000,3989,1745851.80,230975.79361000,0
2025-10-21 03:00:00,0.1315,0.1319,0.1305,0.1306,4308452.5,2025-10-21 03:59:59.999,565026.69384000,2513,2301272.80,301460.42596000,0
2025-10-21 04:00:00,0.1306,0.1309,0.1269,0.1278,22355315.8,2025-10-21 04:59:59.999,2862606.98214000,11827,11328757.90,1449270.42773000,0
2025-10-21 05:00:00,0.1278,0.1283,0.127,0.128,4620243.4,2025-10-21 05:59:59.999,590197.15299000,4699,2325544.40,297214.24619000,0
2025-10-21 06:00:00,0.128,0.1287,0.1274,0.1282,5457271.9,2025-10-21 06:59:59.999,699461.37669000,3113,3371389.80,432336.06795000,0
2025-10-21 07:00:00,0.1281,0.1292,0.1273,0.1282,5800603.7,2025-10-21 07:59:59.999,744062.31019000,2878,2636305.60,338626.52028000,0
2025-10-21 08:00:00,0.1281,0.1281,0.1255,0.1265,7011016.6,2025-10-21 08:59:59.999,887983.54124000,3995,3595064.40,455431.71171000,0
2025-10-21 09:00:00,0.1265,0.1272,0.126,0.1266,4721787.5,2025-10-21 09:59:59.999,598061.65803000,2675,2696223.40,341531.15344000,0
2025-10-21 10:00:00,0.1266,0.1282,0.1264,0.1277,4485297.7,2025-10-21 10:59:59.999,571361.52482000,3672,2548658.60,324693.11994000,0
2025-10-21 11:00:00,0.1277,0.1285,0.1272,0.1284,2342448.5,2025-10-21 11:59:59.999,299448.65023000,2460,1210334.70,154774.39773000,0
2025-10-21 12:00:00,0.1284,0.1302,0.1281,0.1289,5191074.4,2025-10-21 12:59:59.999,670909.82755000,4505,2426552.70,313601.48142000,0
2025-10-21 13:00:00,0.129,0.1308,0.1285,0.1297,13524353.7,2025-10-21 13:59:59.999,1751521.66528000,9239,6709027.70,869995.69687000,0
2025-10-21 14:00:00,0.1297,0.1344,0.1296,0.1342,17619081.0,2025-10-21 14:59:59.999,2323289.14174000,13160,10347899.60,1362726.67322000,0
2025-10-21 15:00:00,0.1342,0.1355,0.1332,0.135,17413897.8,2025-10-21 15:59:59.999,2341625.15421000,16770,8538877.10,1149065.16819000,0
2025-10-21 16:00:00,0.135,0.136,0.1301,0.1323,20400548.1,2025-10-21 16:59:59.999,2737727.53267000,15675,8369673.20,1125827.19884000,0
2025-10-21 17:00:00,0.1324,0.1339,0.1314,0.1333,14729365.2,2025-10-21 17:59:59.999,1958992.98641000,13494,7481695.80,995721.39977000,0
2025-10-21 18:00:00,0.1334,0.1339,0.1322,0.1328,5216070.8,2025-10-21 18:59:59.999,693675.31923000,5122,2283508.90,303810.90247000,0
2025-10-21 19:00:00,0.1328,0.133,0.1321,0.1322,3732626.6,2025-10-21 19:59:59.999,494449.84981000,2815,2351982.30,311570.13516000,0
2025-10-21 20:00:00,0.1323,0.1325,0.1304,0.131,5829596.0,2025-10-21 20:59:59.999,764431.29746000,4881,2638017.40,345981.15438000,0
2025-10-21 21:00:00,0.1309,0.1315,0.1291,0.1303,6777139.8,2025-10-21 21:59:59.999,880550.15668000,5855,2572777.80,334081.56068000,0
2025-10-21 22:00:00,0.1302,0.1304,0.1265,0.1273,9717829.3,2025-10-21 22:59:59.999,1245772.14679000,8230,4533402.50,581553.95248000,0
2025-10-21 23:00:00,0.1274,0.1277,0.1256,0.126,10579683.8,2025-10-21 23:59:59.999,1338705.37857000,7629,5526854.80,699331.41167000,0
2025-10-22 00:00:00,0.126,0.1268,0.124,0.1252,13555299.4,2025-10-22 00:59:59.999,1699078.96858000,8529,6871759.50,860976.50748000,0
2025-10-22 01:00:00,0.1252,0.126,0.1246,0.1253,7879764.7,2025-10-22 01:59:59.999,986906.92353000,4547,4260501.50,533768.70452000,0
2025-10-22 02:00:00,0.1254,0.1262,0.1252,0.1259,3434214.1,2025-10-22 02:59:59.999,431583.95143000,2205,1846605.20,232092.61941000,0
2025-10-22 03:00:00,0.1258,0.1258,0.1242,0.1251,4903727.1,2025-10-22 03:59:59.999,613126.59037000,3079,2834100.60,354548.93073000,0
2025-10-22 04:00:00,0.1251,0.126,0.1251,0.1257,3072920.5,2025-10-22 04:59:59.999,385695.93447000,2135,1727124.40,216826.61730000,0
2025-10-22 05:00:00,0.1257,0.1257,0.1225,0.1235,13673842.1,2025-10-22 05:59:59.999,1689746.21784000,6543,6079881.30,751376.09862000,0
2025-10-22 06:00:00,0.1235,0.1239,0.1228,0.1229,6553483.4,2025-10-22 06:59:59.999,808276.10838000,2943,2229592.20,275048.17351000,0
2025-10-22 07:00:00,0.1228,0.1244,0.1223,0.1241,7964624.4,2025-10-22 07:59:59.999,980524.49931000,4532,4576110.50,563909.47998000,0
2025-10-22 08:00:00,0.1241,0.1246,0.1235,0.1244,9593353.8,2025-10-22 08:59:59.999,1189426.76424000,4542,5537870.60,686600.69666000,0
2025-10-22 09:00:00,0.1243,0.1246,0.1232,0.1239,7947904.2,2025-10-22 09:59:59.999,984424.71223000,4837,4360412.70,540165.43763000,0
2025-10-22 10:00:00,0.1239,0.1249,0.1237,0.1241,8298996.4,2025-10-22 10:59:59.999,1031934.67642000,4904,4595026.90,571489.45684000,0
2025-10-22 11:00:00,0.1241,0.1258,0.1226,0.1247,30069495.0,2025-10-22 11:59:59.999,3725988.98503000,13447,12257444.20,1519253.59197000,0
2025-10-22 12:00:00,0.1247,0.1262,0.1241,0.1255,7835362.2,2025-10-22 12:59:59.999,981593.50919000,4344,4593145.20,575581.73462000,0
2025-10-22 13:00:00,0.1256,0.1278,0.1254,0.1276,10033344.1,2025-10-22 13:59:59.999,1266468.01636000,7327,5200063.70,656452.80736000,0
2025-10-22 14:00:00,0.1275,0.1288,0.1249,0.1288,16506008.3,2025-10-22 14:59:59.999,2087097.48998000,13167,8780148.60,1110395.16502000,0
2025-10-22 15:00:00,0.1289,0.1292,0.1263,0.1273,11172796.7,2025-10-22 15:59:59.999,1424741.54700000,8961,3688361.40,470642.03253000,0
2025-10-22 16:00:00,0.1274,0.1277,0.1259,0.1264,10878128.4,2025-10-22 16:59:59.999,1379233.67407000,9338,5473356.10,693872.77049000,0
2025-10-22 17:00:00,0.1264,0.1268,0.1251,0.1254,5474821.9,2025-10-22 17:59:59.999,689806.25119000,4654,2551903.10,321643.41449000,0
2025-10-22 18:00:00,0.1254,0.1261,0.1243,0.1253,5525368.1,2025-10-22 18:59:59.999,692175.74612000,4696,2889241.40,361935.17800000,0
2025-10-22 19:00:00,0.1254,0.1266,0.1237,0.1255,6501479.6,2025-10-22 19:59:59.999,814232.06473000,5190,3701950.20,463640.97632000,0
2025-10-22 20:00:00,0.1255,0.1256,0.1231,0.1233,5683580.7,2025-10-22 20:59:59.999,705447.00642000,4291,2250286.20,279510.15457000,0
2025-10-22 21:00:00,0.1233,0.1234,0.1187,0.121,31763006.1,2025-10-22 21:59:59.999,3829748.21658000,15087,16212006.60,1952329.80163000,0
2025-10-22 22:00:00,0.121,0.1219,0.1202,0.1205,5607284.0,2025-10-22 22:59:59.999,678026.43177000,3966,2821787.90,341179.92680000,0
2025-10-22 23:00:00,0.1205,0.1228,0.1205,0.1222,5896201.1,2025-10-22 23:59:59.999,719294.03116000,3677,3473799.30,423724.73827000,0
2025-10-23 00:00:00,0.1223,0.1235,0.122,0.1233,4452018.2,2025-10-23 00:59:59.999,546393.09845000,2681,2660632.70,326710.99610000,0
2025-10-23 01:00:00,0.1233,0.1241,0.1231,0.1237,3015771.1,2025-10-23 01:59:59.999,372609.36051000,2415,1362855.20,168427.55872000,0
2025-10-23 02:00:00,0.1237,0.1249,0.1236,0.1248,1914209.7,2025-10-23 02:59:59.999,238234.07766000,1541,862020.40,107232.34799000,0
2025-10-23 03:00:00,0.1248,0.1253,0.1244,0.1246,1975902.3,2025-10-23 03:59:59.999,246746.15293000,1534,921788.30,115104.43235000,0
2025-10-23 04:00:00,0.1247,0.1252,0.1243,0.1247,3278996.7,2025-10-23 04:59:59.999,409057.94809000,1666,1837482.80,229297.64676000,0
2025-10-23 05:00:00,0.1247,0.1257,0.1247,0.1257,1789034.9,2025-10-23 05:59:59.999,223939.73011000,1331,1098458.90,137518.32585000,0
2025-10-23 06:00:00,0.1257,0.1274,0.1253,0.1273,5789107.4,2025-10-23 06:59:59.999,732310.37914000,4265,3400121.50,430429.21160000,0
2025-10-23 07:00:00,0.1272,0.1276,0.1267,0.127,4385076.9,2025-10-23 07:59:59.999,557205.61754000,2564,2099237.90,266881.84475000,0
2025-10-23 08:00:00,0.1271,0.1274,0.1262,0.127,9860085.9,2025-10-23 08:59:59.999,1249995.66336000,3917,2936885.10,372600.36401000,0
2025-10-23 09:00:00,0.127,0.1271,0.1265,0.1268,3798906.5,2025-10-23 09:59:59.999,481873.17387000,2391,1841624.00,233670.50810000,0
2025-10-23 10:00:00,0.1269,0.1273,0.1264,0.1267,3719909.9,2025-10-23 10:59:59.999,471460.56239000,2324,1454720.90,184461.08514000,0
2025-10-23 11:00:00,0.1267,0.1267,0.1249,0.1255,6572314.8,2025-10-23 11:59:59.999,827088.01356000,3576,2516229.90,316660.53761000,0
2025-10-23 12:00:00,0.1255,0.1257,0.1241,0.1256,6615410.4,2025-10-23 12:59:59.999,827432.57811000,4340,2542733.90,318094.79943000,0
2025-10-23 13:00:00,0.1256,0.1266,0.1247,0.1263,6639726.8,2025-10-23 13:59:59.999,835638.89686000,4820,2695264.80,339282.80758000,0
2025-10-23 14:00:00,0.1263,0.1267,0.125,0.1264,6999448.9,2025-10-23 14:59:59.999,880898.65148000,6304,3982320.90,501301.92080000,0
2025-10-23 15:00:00,0.1265,0.1286,0.1259,0.1277,13403116.9,2025-10-23 15:59:59.999,1706518.50024000,8410,7726885.10,983903.72755000,0
2025-10-23 16:00:00,0.1277,0.1542,0.1276,0.1505,156125394.5,2025-10-23 16:59:59.999,21978732.26068000,89606,79981116.90,11252937.05552000,0
2025-10-23 17:00:00,0.1506,0.1517,0.1376,0.1464,81673940.8,2025-10-23 17:59:59.999,11690214.40806000,64413,40870476.60,5854521.39756000,0
2025-10-23 18:00:00,0.1465,0.147,0.1409,0.1427,37949822.3,2025-10-23 18:59:59.999,5458573.76532000,31508,18166076.60,2617515.35349000,0
2025-10-23 19:00:00,0.1428,0.1452,0.1423,0.1438,16468097.4,2025-10-23 19:59:59.999,2365372.69736000,15379,8840210.00,1269559.06556000,0
2025-10-23 20:00:00,0.1437,0.1446,0.1415,0.1421,15690083.1,2025-10-23 20:59:59.999,2240273.49252000,17752,7265570.40,1037860.63241000,0
2025-10-23 21:00:00,0.142,0.1425,0.1396,0.1402,9508704.3,2025-10-23 21:59:59.999,1339732.87419000,13077,4173237.40,588277.09186000,0
2025-10-23 22:00:00,0.1402,0.1417,0.1389,0.1413,7982986.1,2025-10-23 22:59:59.999,1120846.55142000,5877,4576014.40,642602.80853000,0
2025-10-23 23:00:00,0.1414,0.1429,0.141,0.142,9147907.2,2025-10-23 23:59:59.999,1299086.44717000,6945,5041869.70,716301.96921000,0
2025-10-24 00:00:00,0.1419,0.1429,0.1404,0.1414,14266014.0,2025-10-24 00:59:59.999,2019214.53419000,11477,6468292.60,915830.17873000,0
2025-10-24 01:00:00,0.1414,0.1421,0.139,0.1392,10989483.3,2025-10-24 01:59:59.999,1542159.69033000,7849,3495438.10,490428.95416000,0
2025-10-24 02:00:00,0.1392,0.1416,0.1379,0.1403,14248969.6,2025-10-24 02:59:59.999,1985205.41543000,8854,6392289.60,891813.59670000,0
2025-10-24 03:00:00,0.1403,0.1421,0.1402,0.1407,9141934.7,2025-10-24 03:59:59.999,1288212.96785000,6685,4902086.30,690920.98806000,0
2025-10-24 04:00:00,0.1406,0.1448,0.1398,0.1431,23971911.2,2025-10-24 04:59:59.999,3423804.63757000,16029,9509667.20,1356831.27224000,0
2025-10-24 05:00:00,0.1432,0.1439,0.1419,0.142,9081880.2,2025-10-24 05:59:59.999,1297039.13025000,7756,3693296.70,527583.50791000,0
2025-10-24 06:00:00,0.142,0.144,0.142,0.1434,8275265.9,2025-10-24 06:59:59.999,1184688.04935000,6849,4501304.00,644402.74178000,0
2025-10-24 07:00:00,0.1434,0.1438,0.1409,0.1425,6323451.5,2025-10-24 07:59:59.999,899810.38614000,5166,3424586.70,487550.31707000,0
2025-10-24 08:00:00,0.1425,0.1436,0.1415,0.1424,6922533.5,2025-10-24 08:59:59.999,987700.22778000,4558,3023405.60,431177.09274000,0
2025-10-24 09:00:00,0.1424,0.1426,0.1404,0.1412,9653634.1,2025-10-24 09:59:59.999,1364730.92636000,5187,4006435.40,566719.91801000,0
2025-10-24 10:00:00,0.1412,0.1412,0.1391,0.1393,4761917.5,2025-10-24 10:59:59.999,667276.31540000,4041,2295861.20,321697.39262000,0
2025-10-24 11:00:00,0.1392,0.1407,0.1385,0.1405,5531216.9,2025-10-24 11:59:59.999,772138.43576000,4445,2828334.10,395021.71174000,0
2025-10-24 12:00:00,0.1406,0.1432,0.1398,0.1417,14775748.6,2025-10-24 12:59:59.999,2093675.20972000,12041,8832212.10,1252174.23652000,0
2025-10-24 13:00:00,0.1417,0.1421,0.1395,0.1411,10983915.1,2025-10-24 13:59:59.999,1545009.86310000,8158,4128769.40,580908.26495000,0
2025-10-24 14:00:00,0.141,0.1416,0.1387,0.1408,12355508.8,2025-10-24 14:59:59.999,1735971.44728000,9158,5717528.50,804698.46923000,0
2025-10-24 15:00:00,0.1408,0.1409,0.1346,0.1358,30762024.4,2025-10-24 15:59:59.999,4205227.71685000,14297,14137725.20,1929908.38818000,0
2025-10-24 16:00:00,0.1357,0.1368,0.135,0.1356,7079527.7,2025-10-24 16:59:59.999,960729.63820000,5508,3573269.50,484941.85068000,0
2025-10-24 17:00:00,0.1356,0.1362,0.135,0.1351,9176565.6,2025-10-24 17:59:59.999,1244554.04150000,4951,5208316.30,706625.35220000,0
2025-10-24 18:00:00,0.135,0.136,0.1346,0.1358,3264832.7,2025-10-24 18:59:59.999,441777.17010000,2970,1420878.30,192396.38934000,0
2025-10-24 19:00:00,0.1359,0.1368,0.1358,0.136,4164874.5,2025-10-24 19:59:59.999,567634.86596000,3325,2438262.90,332296.95441000,0
2025-10-24 20:00:00,0.136,0.1368,0.1357,0.1366,3188614.4,2025-10-24 20:59:59.999,434863.83726000,3187,1783033.20,243181.70673000,0
2025-10-24 21:00:00,0.1366,0.1371,0.1357,0.1371,6347670.0,2025-10-24 21:59:59.999,866070.88745000,4140,2843056.70,387947.88655000,0
2025-10-24 22:00:00,0.1371,0.138,0.136,0.1365,7940964.0,2025-10-24 22:59:59.999,1086460.35035000,4465,3914454.10,535979.65565000,0
2025-10-24 23:00:00,0.1365,0.1368,0.1359,0.1361,5424915.7,2025-10-24 23:59:59.999,739552.87383000,2903,2226331.90,303515.86761000,0
2025-10-25 00:00:00,0.1361,0.1362,0.1331,0.1339,27207612.0,2025-10-25 00:59:59.999,3648465.92465000,11532,9931074.40,1332084.39533000,0
2025-10-25 01:00:00,0.1338,0.1343,0.1337,0.1339,8097087.8,2025-10-25 01:59:59.999,1084958.55505000,5478,3264231.60,437511.74614000,0
2025-10-25 02:00:00,0.1339,0.1341,0.1336,0.1338,5593867.7,2025-10-25 02:59:59.999,749003.98950000,4074,2220372.30,297345.39751000,0
2025-10-25 03:00:00,0.1337,0.1341,0.1331,0.1337,3429206.2,2025-10-25 03:59:59.999,458193.82457000,2555,1710731.10,228600.81140000,0
2025-10-25 04:00:00,0.1337,0.136,0.1337,0.1348,6644463.4,2025-10-25 04:59:59.999,897140.16015000,3474,3621321.80,488992.84256000,0
2025-10-25 05:00:00,0.1348,0.1351,0.1342,0.1349,4411897.6,2025-10-25 05:59:59.999,594460.70602000,2359,1956050.20,263490.49810000,0
2025-10-25 06:00:00,0.1349,0.1349,0.1339,0.134,2548266.8,2025-10-25 06:59:59.999,341971.57006000,1758,1079976.60,144899.70126000,0
2025-10-25 07:00:00,0.134,0.1348,0.133,0.1333,5201716.7,2025-10-25 07:59:59.999,696205.60517000,2833,1841286.20,246751.34375000,0
2025-10-25 08:00:00,0.1333,0.1345,0.1333,0.1344,5368138.0,2025-10-25 08:59:59.999,718696.14829000,2688,1988573.30,266349.63901000,0
2025-10-25 09:00:00,0.1344,0.1347,0.1331,0.1334,5833613.7,2025-10-25 09:59:59.999,781939.08268000,2988,3050983.00,409218.08359000,0
2025-10-25 10:00:00,0.1335,0.1336,0.1326,0.1334,3566858.5,2025-10-25 10:59:59.999,474839.19424000,2586,1629191.40,217055.25800000,0
2025-10-25 11:00:00,0.1334,0.1343,0.1333,0.134,2711085.4,2025-10-25 11:59:59.999,363260.40211000,1685,1377971.30,184584.78561000,0
2025-10-25 12:00:00,0.134,0.1347,0.1337,0.1337,3943847.6,2025-10-25 12:59:59.999,529256.03508000,2564,1819569.60,244269.46795000,0
2025-10-25 13:00:00,0.1338,0.1355,0.1336,0.1353,7130955.0,2025-10-25 13:59:59.999,959535.86674000,3544,4484530.60,603463.22887000,0
2025-10-25 14:00:00,0.1354,0.1354,0.1347,0.1351,3020514.6,2025-10-25 14:59:59.999,407842.06901000,2343,1519087.60,205177.23315000,0
2025-10-25 15:00:00,0.1351,0.1363,0.1343,0.1363,6266715.9,2025-10-25 15:59:59.999,849525.24201000,3345,3862294.60,523740.51657000,0
2025-10-25 16:00:00,0.1363,0.1372,0.1355,0.1365,9417813.9,2025-10-25 16:59:59.999,1284646.79907000,3961,5162445.20,703614.60738000,0
2025-10-25 17:00:00,0.1364,0.1366,0.1353,0.1354,3843792.1,2025-10-25 17:59:59.999,522386.42969000,2178,889026.30,120815.12820000,0
2025-10-25 18:00:00,0.1354,0.1417,0.1354,0.1363,14987872.9,2025-10-25 18:59:59.999,2047397.24207000,5660,8450904.20,1152264.28389000,0
2025-10-25 19:00:00,0.1363,0.1364,0.135,0.1362,8786716.7,2025-10-25 19:59:59.999,1190202.74869000,3179,4880858.10,660733.57516000,0
2025-10-25 20:00:00,0.1363,0.1383,0.1363,0.1368,9654552.8,2025-10-25 20:59:59.999,1326206.12652000,3848,3896689.30,534353.33553000,0
2025-10-25 21:00:00,0.1369,0.1376,0.1363,0.1369,2956193.4,2025-10-25 21:59:59.999,404768.21009000,2556,1798073.50,246340.10308000,0
2025-10-25 22:00:00,0.1368,0.1381,0.1365,0.1378,2711847.5,2025-10-25 22:59:59.999,372149.78383000,2187,1692242.60,232177.85557000,0
2025-10-25 23:00:00,0.1377,0.138,0.1375,0.1378,2317474.5,2025-10-25 23:59:59.999,319227.85198000,1681,957158.50,131895.90181000,0
2025-10-26 00:00:00,0.1377,0.1393,0.1375,0.1391,4860028.1,2025-10-26 00:59:59.999,673530.91133000,3547,2577614.30,357382.66606000,0
2025-10-26 01:00:00,0.1391,0.1398,0.1369,0.138,11998884.1,2025-10-26 01:59:59.999,1661171.24660000,7468,4377918.10,605582.66024000,0
2025-10-26 02:00:00,0.138,0.1394,0.1379,0.1384,4787798.3,2025-10-26 02:59:59.999,662911.83646000,4083,2274018.90,314857.45083000,0
2025-10-26 03:00:00,0.1383,0.1418,0.1383,0.1414,11373991.7,2025-10-26 03:59:59.999,1597012.28233000,6920,5775009.10,810889.27183000,0
2025-10-26 04:00:00,0.1414,0.1439,0.1411,0.143,16614717.6,2025-10-26 04:59:59.999,2369729.36051000,7096,8416075.30,1199717.01764000,0
2025-10-26 05:00:00,0.1431,0.1431,0.1406,0.1415,10306081.1,2025-10-26 05:59:59.999,1459625.99766000,5790,3572787.00,505433.27187000,0
2025-10-26 06:00:00,0.1414,0.142,0.1389,0.1397,13929479.8,2025-10-26 06:59:59.999,1953835.30369000,9251,6742924.60,945657.76176000,0
2025-10-26 07:00:00,0.1397,0.1412,0.1392,0.1411,4097596.9,2025-10-26 07:59:59.999,574631.88086000,4520,2241322.70,314562.86991000,0
2025-10-26 08:00:00,0.141,0.1431,0.1405,0.1425,6030228.3,2025-10-26 08:59:59.999,856497.96310000,5991,3204336.20,455173.81151000,0
2025-10-26 09:00:00,0.1426,0.1441,0.1409,0.143,9889702.5,2025-10-26 09:59:59.999,1410868.32262000,10659,4485898.70,640434.32302000,0
2025-10-26 10:00:00,0.143,0.1432,0.1419,0.1426,5346860.7,2025-10-26 10:59:59.999,762016.28674000,4941,2443059.10,348134.54549000,0
2025-10-26 11:00:00,0.1427,0.1465,0.1416,0.1456,20824518.9,2025-10-26 11:59:59.999,3001143.34997000,14575,13186346.50,1899891.77909000,0
2025-10-26 12:00:00,0.1457,0.1503,0.1457,0.1478,21616052.8,2025-10-26 12:59:59.999,3199680.70188000,20827,11785961.80,1744820.00960000,0
2025-10-26 13:00:00,0.1478,0.1484,0.1455,0.1465,14486845.1,2025-10-26 13:59:59.999,2125604.86396000,11202,6961275.60,1022408.15194000,0
2025-10-26 14:00:00,0.1466,0.1485,0.1463,0.1484,12612528.1,2025-10-26 14:59:59.999,1856650.07931000,11143,6652191.00,979406.39336000,0
2025-10-26 15:00:00,0.1485,0.1507,0.1469,0.1493,14343429.2,2025-10-26 15:59:59.999,2133364.78695000,10309,7550876.40,1123879.72060000,0
2025-10-26 16:00:00,0.1493,0.1503,0.1465,0.1469,16092237.0,2025-10-26 16:59:59.999,2377253.99633000,10919,7991293.50,1181225.98544000,0
2025-10-26 17:00:00,0.1469,0.1479,0.1466,0.1472,4181304.4,2025-10-26 17:59:59.999,615499.08536000,4350,1488405.00,219183.30332000,0
2025-10-26 18:00:00,0.1472,0.149,0.1467,0.1485,8821773.3,2025-10-26 18:59:59.999,1307815.61051000,4726,4818563.60,714376.92947000,0
2025-10-26 19:00:00,0.1486,0.1488,0.1479,0.1484,2261012.3,2025-10-26 19:59:59.999,335078.60724000,2675,1073349.90,159063.89205000,0
2025-10-26 20:00:00,0.1483,0.1487,0.1469,0.1471,4948887.4,2025-10-26 20:59:59.999,731273.40033000,4698,2010712.60,297116.53105000,0
2025-10-26 21:00:00,0.1472,0.1474,0.1454,0.147,6669414.8,2025-10-26 21:59:59.999,977033.17536000,5392,2628373.70,385146.03631000,0
2025-10-26 22:00:00,0.147,0.1497,0.147,0.1492,12386951.3,2025-10-26 22:59:59.999,1840417.47454000,11477,6175636.90,917639.78604000,0
2025-10-26 23:00:00,0.1491,0.1505,0.1486,0.1505,6012786.6,2025-10-26 23:59:59.999,898413.27381000,4092,2979697.60,445718.81253000,0
2025-10-27 00:00:00,0.1505,0.1509,0.1485,0.1488,7398120.3,2025-10-27 00:59:59.999,1106771.59774000,6371,3004566.70,449623.54147000,0
2025-10-27 01:00:00,0.1489,0.15,0.148,0.1493,5963661.1,2025-10-27 01:59:59.999,888509.83352000,4441,3320544.70,495075.97826000,0
2025-10-27 02:00:00,0.1493,0.1495,0.1474,0.1478,11182458.5,2025-10-27 02:59:59.999,1660874.48120000,6526,4328258.80,643343.11989000,0
2025-10-27 03:00:00,0.1477,0.1482,0.1444,0.1463,10207897.7,2025-10-27 03:59:59.999,1495064.11620000,6065,4420144.10,647363.34753000,0
2025-10-27 04:00:00,0.1463,0.147,0.1457,0.1467,4811442.5,2025-10-27 04:59:59.999,703143.43497000,2870,2110042.60,308401.03880000,0
2025-10-27 05:00:00,0.1467,0.1492,0.1466,0.1476,8880181.3,2025-10-27 05:59:59.999,1315698.02588000,6097,4086281.50,604969.23904000,0
2025-10-27 06:00:00,0.1476,0.1485,0.1468,0.1482,3537997.0,2025-10-27 06:59:59.999,522199.68980000,4129,1706305.80,251955.54078000,0
2025-10-27 07:00:00,0.1482,0.1491,0.1461,0.1479,7408373.1,2025-10-27 07:59:59.999,1091794.30943000,6413,3175679.00,468205.54248000,0
2025-10-27 08:00:00,0.148,0.1484,0.1455,0.1461,14623219.1,2025-10-27 08:59:59.999,2145661.74413000,9544,5821338.70,852986.60382000,0
2025-10-27 09:00:00,0.1461,0.1461,0.1445,0.1454,10622898.2,2025-10-27 09:59:59.999,1542791.18267000,6782,4318648.50,627473.09942000,0
2025-10-27 10:00:00,0.1453,0.1461,0.1447,0.1452,3306983.2,2025-10-27 10:59:59.999,480816.41743000,3171,1120520.00,162900.82310000,0
2025-10-27 11:00:00,0.1453,0.1459,0.1441,0.1455,4720595.4,2025-10-27 11:59:59.999,684422.02171000,3921,2119030.10,307110.46646000,0
2025-10-27 12:00:00,0.1455,0.1458,0.1443,0.1444,4612395.3,2025-10-27 12:59:59.999,668506.50488000,4024,1236105.90,179059.72367000,0
2025-10-27 13:00:00,0.1444,0.145,0.1423,0.1443,9558166.3,2025-10-27 13:59:59.999,1374438.27859000,7620,3568197.50,512997.36350000,0
2025-10-27 14:00:00,0.1444,0.1446,0.1427,0.1435,10277568.5,2025-10-27 14:59:59.999,1473579.62675000,6523,3929853.40,563510.94734000,0
2025-10-27 15:00:00,0.1435,0.145,0.1434,0.1445,4911812.9,2025-10-27 15:59:59.999,709206.59836000,4764,1479703.10,213704.96485000,0
2025-10-27 16:00:00,0.1446,0.1534,0.1446,0.1533,33962627.7,2025-10-27 16:59:59.999,5088695.80005000,17592,17251988.10,2585597.33158000,0
2025-10-27 17:00:00,0.1533,0.1548,0.1498,0.1522,34942981.4,2025-10-27 17:59:59.999,5309178.02962000,24402,18314142.70,2784291.72326000,0
2025-10-27 18:00:00,0.1522,0.1555,0.1506,0.1535,18046370.0,2025-10-27 18:59:59.999,2763025.43452000,14538,8187577.20,1253444.51699000,0
2025-10-27 19:00:00,0.1535,0.1535,0.1503,0.1506,10460497.7,2025-10-27 19:59:59.999,1585470.81066000,7841,4563030.40,692184.66688000,0
2025-10-27 20:00:00,0.1507,0.1517,0.1489,0.1492,11576306.4,2025-10-27 20:59:59.999,1739442.99961000,8440,5563595.00,836820.78023000,0
2025-10-27 21:00:00,0.1491,0.1502,0.1473,0.1483,8351892.6,2025-10-27 21:59:59.999,1242394.59891000,6092,3656391.10,544111.49357000,0
2025-10-27 22:00:00,0.1483,0.1493,0.1467,0.1472,4873897.7,2025-10-27 22:59:59.999,719175.35170000,4225,2065801.60,304960.38252000,0
2025-10-27 23:00:00,0.1472,0.1483,0.1462,0.1477,3959085.1,2025-10-27 23:59:59.999,583189.09156000,4367,1744652.10,257000.88916000,0
2025-10-28 00:00:00,0.1476,0.1494,0.147,0.1488,3512959.9,2025-10-28 00:59:59.999,520563.59189000,4277,1603761.00,237740.93628000,0
2025-10-28 01:00:00,0.1488,0.15,0.1474,0.1476,5229548.2,2025-10-28 01:59:59.999,778145.78202000,4364,2375876.60,353952.24560000,0
2025-10-28 02:00:00,0.1476,0.1481,0.1447,0.1462,7261477.1,2025-10-28 02:59:59.999,1061271.56610000,5543,3406824.70,498118.84169000,0
2025-10-28 03:00:00,0.1462,0.1469,0.1438,0.1443,6867883.6,2025-10-28 03:59:59.999,996305.02840000,4992,2997255.80,435118.56861000,0
2025-10-28 04:00:00,0.1444,0.1457,0.1435,0.1452,4375727.2,2025-10-28 04:59:59.999,632417.91914000,3296,1823499.40,263818.52981000,0
2025-10-28 05:00:00,0.1452,0.1452,0.143,0.1438,3895452.7,2025-10-28 05:59:59.999,562040.01865000,3983,1420189.90,205028.60075000,0
2025-10-28 06:00:00,0.1438,0.1456,0.1435,0.1454,3740415.0,2025-10-28 06:59:59.999,540130.55462000,3115,1789039.40,258601.22916000,0
2025-10-28 07:00:00,0.1454,0.1455,0.1438,0.1442,4324458.6,2025-10-28 07:59:59.999,624029.47455000,3122,2176822.40,314062.65100000,0
2025-10-28 08:00:00,0.1441,0.1458,0.1433,0.1456,2803314.1,2025-10-28 08:59:59.999,406169.94550000,2910,1548630.10,224514.31986000,0
2025-10-28 09:00:00,0.1456,0.1475,0.1452,0.1454,9727307.2,2025-10-28 09:59:59.999,1421744.59866000,4809,5741908.80,840008.79428000,0
2025-10-28 10:00:00,0.1454,0.1455,0.1443,0.1454,2789899.0,2025-10-28 10:59:59.999,404351.59654000,2644,1242389.50,180066.77489000,0
2025-10-28 11:00:00,0.1453,0.1465,0.145,0.1456,3438266.5,2025-10-28 11:59:59.999,501492.72046000,3389,2051305.80,299207.35573000,0
2025-10-28 12:00:00,0.1456,0.1466,0.1445,0.1462,3430059.2,2025-10-28 12:59:59.999,498974.39863000,3449,1938140.00,282027.71564000,0
2025-10-28 13:00:00,0.1462,0.148,0.1462,0.1471,6290313.3,2025-10-28 13:59:59.999,925132.85419000,6085,3199031.20,470647.49382000,0
2025-10-28 14:00:00,0.1471,0.1501,0.1406,0.1443,33571439.7,2025-10-28 14:59:59.999,4874903.81450000,28446,18951029.10,2754006.41044000,0
2025-10-28 15:00:00,0.1443,0.1452,0.1418,0.1427,11762739.4,2025-10-28 15:59:59.999,1687203.26647000,12313,6290953.20,903052.56838000,0
2025-10-28 16:00:00,0.1427,0.1439,0.1414,0.1432,8923028.5,2025-10-28 16:59:59.999,1275104.21141000,7892,5044286.50,721190.27592000,0
2025-10-28 17:00:00,0.1432,0.1434,0.1418,0.1424,3494821.4,2025-10-28 17:59:59.999,498851.48086000,3813,1646842.30,235042.83667000,0
2025-10-28 18:00:00,0.1424,0.1431,0.1415,0.142,4263616.0,2025-10-28 18:59:59.999,606109.22783000,3546,2248206.00,319573.93396000,0
2025-10-28 19:00:00,0.142,0.1422,0.1385,0.1395,15653593.5,2025-10-28 19:59:59.999,2190009.18730000,9223,6944348.10,972052.28608000,0
2025-10-28 20:00:00,0.1395,0.1401,0.135,0.1361,24254971.5,2025-10-28 20:59:59.999,3324238.92038000,21295,11803714.40,1617009.96928000,0
2025-10-28 21:00:00,0.136,0.137,0.1337,0.1361,8828131.3,2025-10-28 21:59:59.999,1193653.23409000,7344,3429777.40,463927.53095000,0
2025-10-28 22:00:00,0.1361,0.1383,0.1357,0.1377,6082902.4,2025-10-28 22:59:59.999,834840.27029000,4820,2951628.10,404763.51914000,0
2025-10-28 23:00:00,0.1378,0.1383,0.1374,0.138,3922724.5,2025-10-28 23:59:59.999,540795.55414000,2824,2617313.80,360895.16184000,0
2025-10-29 00:00:00,0.138,0.1397,0.1377,0.1394,5527778.8,2025-10-29 00:59:59.999,767919.49125000,5023,3568419.90,495818.78478000,0
2025-10-29 01:00:00,0.1395,0.1418,0.1388,0.1407,6952957.3,2025-10-29 01:59:59.999,978546.07645000,5878,3674568.30,517151.39703000,0
2025-10-29 02:00:00,0.1407,0.1431,0.1403,0.1424,4833802.3,2025-10-29 02:59:59.999,684307.94844000,4526,2422277.30,342935.81048000,0
2025-10-29 03:00:00,0.1424,0.1436,0.1409,0.1429,7208302.4,2025-10-29 03:59:59.999,1023858.42079000,4991,2485988.40,353177.07314000,0
2025-10-29 04:00:00,0.1429,0.145,0.1424,0.1438,13160778.9,2025-10-29 04:59:59.999,1896206.71615000,7421,7335051.80,1057160.82554000,0
2025-10-29 05:00:00,0.1439,0.1446,0.1435,0.1446,3186201.9,2025-10-29 05:59:59.999,458647.21071000,2876,1981756.20,285323.06135000,0
2025-10-29 06:00:00,0.1446,0.1447,0.1433,0.1442,5227733.1,2025-10-29 06:59:59.999,753067.02717000,3557,2384505.80,343243.25126000,0
2025-10-29 07:00:00,0.1442,0.151,0.1431,0.1501,38320555.8,2025-10-29 07:59:59.999,5635054.91334000,15715,17363737.80,2553391.07552000,0
2025-10-29 08:00:00,0.1502,0.1527,0.1475,0.1504,86125541.7,2025-10-29 08:59:59.999,12998380.00533000,43680,38817243.40,5852244.30701000,0
2025-10-29 09:00:00,0.1504,0.1505,0.1468,0.148,13187768.9,2025-10-29 09:59:59.999,1955478.37885000,9370,5638343.70,835723.64752000,0
2025-10-29 10:00:00,0.148,0.152,0.148,0.1515,10808392.2,2025-10-29 10:59:59.999,1623284.30722000,8869,6290042.40,944664.24982000,0
2025-10-29 11:00:00,0.1515,0.1524,0.1503,0.1516,16075122.7,2025-10-29 11:59:59.999,2433554.54599000,9815,6677905.60,1010534.68670000,0
2025-10-29 12:00:00,0.1516,0.1526,0.1508,0.1522,8468111.6,2025-10-29 12:59:59.999,1285166.74168000,5310,5203929.80,789918.52026000,0
2025-10-29 13:00:00,0.1521,0.1569,0.1516,0.1557,48352318.4,2025-10-29 13:59:59.999,7478105.96425000,25177,28511420.00,4402064.70029000,0
2025-10-29 14:00:00,0.1556,0.1563,0.1481,0.1489,31598951.1,2025-10-29 14:59:59.999,4786941.30833000,24207,12198804.90,1846555.46438000,0
2025-10-29 15:00:00,0.1489,0.1494,0.1472,0.1486,20243739.6,2025-10-29 15:59:59.999,3001467.30586000,17016,9934009.60,1473723.00315000,0
2025-10-29 16:00:00,0.1487,0.1498,0.1473,0.148,15990698.3,2025-10-29 16:59:59.999,2377840.68102000,13170,7452585.60,1108827.03608000,0
2025-10-29 17:00:00,0.148,0.151,0.1476,0.151,8691430.9,2025-10-29 17:59:59.999,1297706.22351000,7977,4458178.30,665840.18309000,0
2025-10-29 18:00:00,0.151,0.1515,0.1412,0.1469,50819029.4,2025-10-29 18:59:59.999,7396240.92427000,38988,24219062.80,3525380.83118000,0
2025-10-29 19:00:00,0.147,0.1491,0.1455,0.1462,8602525.9,2025-10-29 19:59:59.999,1265344.52144000,10022,4525647.30,665742.78136000,0
2025-10-29 20:00:00,0.1463,0.1478,0.1454,0.1477,5744364.4,2025-10-29 20:59:59.999,843320.32229000,5976,3067178.90,450336.19553000,0
2025-10-29 21:00:00,0.1478,0.1485,0.1471,0.148,5410206.9,2025-10-29 21:59:59.999,799080.91541000,3590,2869024.30,423880.17050000,0
2025-10-29 22:00:00,0.1479,0.1482,0.1463,0.1467,5314655.8,2025-10-29 22:59:59.999,782876.40166000,4078,3129419.30,461131.51279000,0
2025-10-29 23:00:00,0.1467,0.1476,0.1448,0.145,13455166.9,2025-10-29 23:59:59.999,1962309.86124000,6463,4956403.20,724479.68910000,0
2025-10-30 00:00:00,0.1449,0.1491,0.1433,0.1481,14297414.2,2025-10-30 00:59:59.999,2087457.44061000,11307,6883903.30,1005881.59459000,0
2025-10-30 01:00:00,0.1481,0.1488,0.1463,0.1465,10569357.8,2025-10-30 01:59:59.999,1557361.79745000,8934,4939524.10,728034.54704000,0
2025-10-30 02:00:00,0.1466,0.1466,0.1442,0.1459,14482485.2,2025-10-30 02:59:59.999,2104043.10295000,10525,6536058.80,949670.94777000,0
2025-10-30 03:00:00,0.146,0.146,0.1435,0.1441,5915494.7,2025-10-30 03:59:59.999,856387.99707000,4346,2943916.50,426059.94571000,0
2025-10-30 04:00:00,0.144,0.144,0.1381,0.1391,29088624.3,2025-10-30 04:59:59.999,4080220.68143000,21724,13874556.30,1945594.19721000,0
2025-10-30 05:00:00,0.1392,0.1425,0.1389,0.1422,9038589.2,2025-10-30 05:59:59.999,1273192.30569000,8010,5093043.70,717561.90096000,0
2025-10-30 06:00:00,0.1422,0.1427,0.142,0.1422,13967445.0,2025-10-30 06:59:59.999,1985478.28912000,7175,3719531.90,529221.13122000,0
2025-10-30 07:00:00,0.1421,0.1431,0.1408,0.1423,13500726.5,2025-10-30 07:59:59.999,1919259.43829000,7164,4709828.70,669813.57745000,0
2025-10-30 08:00:00,0.1422,0.1424,0.1404,0.1408,5285115.4,2025-10-30 08:59:59.999,746200.50626000,4870,2982262.20,421029.79451000,0
2025-10-30 09:00:00,0.1408,0.1411,0.139,0.14,6674725.0,2025-10-30 09:59:59.999,934273.60608000,4567,3182958.80,445511.50047000,0
2025-10-30 10:00:00,0.14,0.1407,0.1387,0.1397,6204606.1,2025-10-30 10:59:59.999,866337.09456000,5212,2491081.00,347966.58200000,0
2025-10-30 11:00:00,0.1397,0.1398,0.1385,0.139,4695267.6,2025-10-30 11:59:59.999,653536.18831000,4847,1834102.30,255313.34529000,0
2025-10-30 12:00:00,0.139,0.1393,0.1357,0.1372,11206851.1,2025-10-30 12:59:59.999,1540892.05174000,10474,5251394.80,722379.62702000,0
2025-10-30 13:00:00,0.1371,0.1408,0.1343,0.1372,39183580.9,2025-10-30 13:59:59.999,5393731.44986000,21695,15756967.60,2165044.36991000,0
2025-10-30 14:00:00,0.1371,0.1409,0.1371,0.138,18332786.5,2025-10-30 14:59:59.999,2554365.91450000,15396,9191273.90,1281328.01677000,0
2025-10-30 15:00:00,0.1379,0.1379,0.1348,0.1376,19124957.4,2025-10-30 15:59:59.999,2605524.92300000,12511,8084627.90,1101991.77911000,0
2025-10-30 16:00:00,0.1377,0.1385,0.1365,0.1381,12622605.5,2025-10-30 16:59:59.999,1736726.96325000,9907,5915173.70,814188.44343000,0
2025-10-30 17:00:00,0.1381,0.1385,0.1331,0.1359,33714043.9,2025-10-30 17:59:59.999,4590364.23175000,18309,17617650.50,2394729.06366000,0
2025-10-30 18:00:00,0.1359,0.1364,0.1327,0.1332,9796832.2,2025-10-30 18:59:59.999,1315739.89662000,7917,4693737.00,630992.48677000,0
2025-10-30 19:00:00,0.1333,0.1352,0.1326,0.1341,8266546.8,2025-10-30 19:59:59.999,1106892.92103000,9587,4511253.00,603836.83759000,0
2025-10-30 20:00:00,0.134,0.1371,0.1334,0.1361,10224721.4,2025-10-30 20:59:59.999,1388465.54744000,8639,5920098.80,804791.80660000,0
2025-10-30 21:00:00,0.1361,0.1364,0.1339,0.1343,3825363.8,2025-10-30 21:59:59.999,516869.82407000,2998,1960615.30,264765.49524000,0
2025-10-30 22:00:00,0.1343,0.1362,0.134,0.1357,3527082.9,2025-10-30 22:59:59.999,476077.94725000,2621,1770224.90,239023.58199000,0
2025-10-30 23:00:00,0.1357,0.137,0.1346,0.137,7131173.0,2025-10-30 23:59:59.999,967873.28645000,6534,3172323.10,430700.35676000,0
2025-10-31 00:00:00,0.137,0.1382,0.136,0.1379,6618711.0,2025-10-31 00:59:59.999,906770.22206000,4583,2989291.50,409695.32923000,0
2025-10-31 01:00:00,0.1379,0.1397,0.1377,0.1397,5662802.4,2025-10-31 01:59:59.999,785138.73503000,4506,2519178.20,349449.53404000,0
2025-10-31 02:00:00,0.1397,0.1397,0.1366,0.1371,5325438.3,2025-10-31 02:59:59.999,735203.52974000,4481,2147810.10,296518.49939000,0
2025-10-31 03:00:00,0.1372,0.1385,0.1365,0.1385,6337640.4,2025-10-31 03:59:59.999,870842.00047000,3935,4450003.40,611392.34885000,0
2025-10-31 04:00:00,0.1385,0.1405,0.1383,0.1399,10341987.6,2025-10-31 04:59:59.999,1445755.79550000,6131,6025684.30,842569.50070000,0
2025-10-31 05:00:00,0.1398,0.1398,0.1376,0.1382,6521931.0,2025-10-31 05:59:59.999,902922.35327000,3798,2207182.60,305359.65106000,0
2025-10-31 06:00:00,0.1382,0.1383,0.1372,0.1375,5151896.7,2025-10-31 06:59:59.999,709333.83670000,3050,1469952.10,202399.98222000,0
2025-10-31 07:00:00,0.1376,0.1383,0.1369,0.1374,4236035.4,2025-10-31 07:59:59.999,582917.71408000,2694,2280879.80,313914.94229000,0
2025-10-31 08:00:00,0.1373,0.1376,0.1358,0.1364,9486620.5,2025-10-31 08:59:59.999,1295557.47606000,4809,4767446.70,651093.84548000,0
2025-10-31 09:00:00,0.1363,0.137,0.135,0.1352,7756888.6,2025-10-31 09:59:59.999,1054415.50934000,4492,4397041.40,597715.65846000,0
2025-10-31 10:00:00,0.1352,0.1373,0.1351,0.1364,5099897.4,2025-10-31 10:59:59.999,694774.32647000,3254,3420788.60,466363.55596000,0
2025-10-31 11:00:00,0.1363,0.1374,0.1351,0.1372,4286282.6,2025-10-31 11:59:59.999,583970.30257000,4193,2277181.10,310416.96233000,0
2025-10-31 12:00:00,0.1372,0.14,0.1349,0.1355,16611440.5,2025-10-31 12:59:59.999,2281704.14772000,11682,7931486.00,1091243.88925000,0
2025-10-31 13:00:00,0.1355,0.1369,0.1352,0.1366,8585888.2,2025-10-31 13:59:59.999,1168120.79921000,5990,4613173.20,627380.25029000,0
2025-10-31 14:00:00,0.1366,0.1388,0.1359,0.1385,12169660.7,2025-10-31 14:59:59.999,1672426.26792000,6697,5633077.40,773596.30930000,0
2025-10-31 15:00:00,0.1385,0.1391,0.1374,0.1382,9487155.9,2025-10-31 15:59:59.999,1312401.19445000,6119,4414354.90,610597.63060000,0
2025-10-31 16:00:00,0.1382,0.1386,0.1341,0.1344,6344693.7,2025-10-31 16:59:59.999,864813.29282000,5796,2545904.30,347588.79230000,0
2025-10-31 17:00:00,0.1344,0.1357,0.1333,0.1348,6171641.0,2025-10-31 17:59:59.999,831134.62313000,5857,3332437.60,448823.52759000,0
2025-10-31 18:00:00,0.1348,0.1364,0.134,0.1356,4479857.9,2025-10-31 18:59:59.999,606599.04457000,4330,2621210.40,354877.25681000,0
2025-10-31 19:00:00,0.1355,0.1385,0.1348,0.1381,3737043.5,2025-10-31 19:59:59.999,512734.72994000,3349,1991944.00,273553.57792000,0
2025-10-31 20:00:00,0.138,0.1382,0.1363,0.1363,2650518.3,2025-10-31 20:59:59.999,364416.92342000,2089,1173143.90,161451.31702000,0
2025-10-31 21:00:00,0.1363,0.1372,0.1361,0.1362,2172318.0,2025-10-31 21:59:59.999,296744.72566000,2154,714516.60,97678.94225000,0
2025-10-31 22:00:00,0.1362,0.1377,0.136,0.1373,3979275.1,2025-10-31 22:59:59.999,546229.72505000,2997,2292604.10,314646.29535000,0
2025-10-31 23:00:00,0.1374,0.1378,0.1371,0.1373,1489919.3,2025-10-31 23:59:59.999,204859.33883000,1255,860263.40,118305.06298000,0
2025-11-01 00:00:00,0.1372,0.1384,0.1363,0.1381,6247496.1,2025-11-01 00:59:59.999,859008.77248000,2595,3914649.40,538836.19158000,0
2025-11-01 01:00:00,0.1381,0.1396,0.1377,0.139,6209965.3,2025-11-01 01:59:59.999,861222.59396000,5329,3506945.70,486575.83110000,0
2025-11-01 02:00:00,0.1389,0.1409,0.1376,0.1405,5740732.1,2025-11-01 02:59:59.999,799615.52868000,4554,3485774.40,485356.90549000,0
2025-11-01 03:00:00,0.1405,0.142,0.1403,0.1406,6140814.2,2025-11-01 03:59:59.999,865999.43281000,4474,2649863.50,373822.03409000,0
2025-11-01 04:00:00,0.1407,0.1408,0.1393,0.1398,3052189.4,2025-11-01 04:59:59.999,427290.90535000,2226,1494059.10,209128.24706000,0
2025-11-01 05:00:00,0.1398,0.14,0.1388,0.1394,2407372.9,2025-11-01 05:59:59.999,335604.78544000,1928,961129.20,133999.60755000,0
2025-11-01 06:00:00,0.1395,0.14,0.1382,0.1387,2101292.5,2025-11-01 06:59:59.999,292249.21648000,2108,807856.70,112447.59366000,0
2025-11-01 07:00:00,0.1388,0.1397,0.1378,0.1385,5457586.6,2025-11-01 07:59:59.999,755673.25249000,4303,1977505.90,274047.65132000,0
2025-11-01 08:00:00,0.1385,0.1389,0.138,0.1388,2606633.0,2025-11-01 08:59:59.999,360686.19562000,2100,1010711.80,139927.95801000,0
2025-11-01 09:00:00,0.1388,0.1388,0.1372,0.1373,3732388.9,2025-11-01 09:59:59.999,514319.84293000,2498,988653.60,136346.33247000,0
2025-11-01 10:00:00,0.1374,0.1383,0.1373,0.1376,1535581.6,2025-11-01 10:59:59.999,211670.03005000,1719,754791.30,104055.17596000,0
2025-11-01 11:00:00,0.1377,0.1386,0.1369,0.1379,3570629.8,2025-11-01 11:59:59.999,492138.97980000,2241,1749696.60,241154.42744000,0
2025-11-01 12:00:00,0.138,0.1385,0.137,0.1372,2933764.1,2025-11-01 12:59:59.999,404107.96448000,2020,1168975.00,161153.98418000,0
2025-11-01 13:00:00,0.1372,0.1376,0.1355,0.1363,3340481.0,2025-11-01 13:59:59.999,455879.92524000,2567,1378504.40,187989.01313000,0
2025-11-01 14:00:00,0.1362,0.1368,0.1351,0.1358,5598211.6,2025-11-01 14:59:59.999,760646.02770000,3256,2730322.60,371367.18802000,0
2025-11-01 15:00:00,0.1358,0.1369,0.1354,0.1365,5173080.6,2025-11-01 15:59:59.999,703150.30029000,2934,2558571.00,348019.88381000,0
2025-11-01 16:00:00,0.1365,0.1378,0.1361,0.137,15042028.7,2025-11-01 16:59:59.999,2063942.44404000,6933,7699580.90,1056039.03323000,0
2025-11-01 17:00:00,0.137,0.1374,0.1363,0.1369,2677536.8,2025-11-01 17:59:59.999,366499.41643000,2622,1246658.10,170646.74111000,0
2025-11-01 18:00:00,0.1369,0.1373,0.1366,0.1372,1401579.5,2025-11-01 18:59:59.999,191917.98031000,1692,651833.10,89304.09569000,0
2025-11-01 19:00:00,0.1371,0.1383,0.1365,0.1383,3113541.7,2025-11-01 19:59:59.999,427624.37946000,1897,1759672.60,241650.95109000,0
2025-11-01 20:00:00,0.1382,0.1394,0.138,0.1393,4132499.0,2025-11-01 20:59:59.999,573130.04282000,2783,2515016.60,348884.28972000,0
2025-11-01 21:00:00,0.1393,0.1398,0.1377,0.1382,6980362.0,2025-11-01 21:59:59.999,968856.27203000,4339,3448927.20,478638.61245000,0
2025-11-01 22:00:00,0.1382,0.1394,0.1382,0.1386,3461727.9,2025-11-01 22:59:59.999,480459.09216000,2665,1795696.80,249159.23293000,0
2025-11-01 23:00:00,0.1387,0.1392,0.1384,0.1387,1782260.8,2025-11-01 23:59:59.999,247496.14527000,1470,612137.40,85019.06163000,0
2025-11-02 00:00:00,0.1388,0.1388,0.1379,0.1379,1823072.8,2025-11-02 00:59:59.999,252057.71617000,1869,880469.80,121739.99681000,0
2025-11-02 01:00:00,0.1378,0.1386,0.1369,0.1381,3471365.9,2025-11-02 01:59:59.999,478189.54323000,3595,1645944.40,226868.48362000,0
2025-11-02 02:00:00,0.1381,0.1389,0.1377,0.1378,1755302.2,2025-11-02 02:59:59.999,242745.20670000,1777,723805.30,100072.23673000,0
2025-11-02 03:00:00,0.1378,0.1385,0.1375,0.1383,1168690.8,2025-11-02 03:59:59.999,161246.53026000,1432,516733.90,71285.98116000,0
2025-11-02 04:00:00,0.1383,0.1393,0.1379,0.1391,2035164.7,2025-11-02 04:59:59.999,282268.35902000,2050,1177815.80,163472.51329000,0
2025-11-02 05:00:00,0.1391,0.1392,0.1374,0.1384,4580680.7,2025-11-02 05:59:59.999,632662.63591000,2865,1716284.30,236830.93258000,0
2025-11-02 06:00:00,0.1383,0.1385,0.1379,0.1382,2309018.9,2025-11-02 06:59:59.999,319102.06295000,1584,1616950.30,223450.76894000,0
2025-11-02 07:00:00,0.1382,0.1386,0.1375,0.1384,2718662.1,2025-11-02 07:59:59.999,374973.31870000,2230,1296862.00,178855.47648000,0
2025-11-02 08:00:00,0.1385,0.1386,0.1372,0.1374,1395405.7,2025-11-02 08:59:59.999,192388.04823000,1725,688444.60,94996.05539000,0
2025-11-02 09:00:00,0.1374,0.1378,0.1356,0.136,3169968.9,2025-11-02 09:59:59.999,432357.19018000,3120,1247104.70,170156.27617000,0
2025-11-02 10:00:00,0.136,0.1364,0.1347,0.1356,6922239.9,2025-11-02 10:59:59.999,936381.72436000,3733,3429005.00,463720.26148000,0
2025-11-02 11:00:00,0.1355,0.1366,0.1354,0.1366,2377701.3,2025-11-02 11:59:59.999,323604.69517000,2312,1230741.30,167549.31495000,0
2025-11-02 12:00:00,0.1366,0.1378,0.1362,0.1367,7915783.5,2025-11-02 12:59:59.999,1084601.77581000,3036,4561788.90,624890.59880000,0
2025-11-02 13:00:00,0.1367,0.1376,0.136,0.1363,3188557.1,2025-11-02 13:59:59.999,435906.49763000,2931,1743508.20,238382.48701000,0
2025-11-02 14:00:00,0.1362,0.1362,0.133,0.1341,24127956.8,2025-11-02 14:59:59.999,3242098.09711000,10347,13543309.50,1819763.65338000,0
2025-11-02 15:00:00,0.1341,0.1346,0.1332,0.1337,6533023.0,2025-11-02 15:59:59.999,875000.87355000,5200,3059078.40,409912.71731000,0
2025-11-02 16:00:00,0.1336,0.1338,0.1308,0.1338,9257555.4,2025-11-02 16:59:59.999,1228489.30212000,6326,3452589.80,457699.18181000,0
2025-11-02 17:00:00,0.1338,0.1341,0.1326,0.1333,3721847.5,2025-11-02 17:59:59.999,496105.38673000,2263,1102700.80,147080.45727000,0
2025-11-02 18:00:00,0.1333,0.1339,0.1327,0.1335,1602960.9,2025-11-02 18:59:59.999,213618.92475000,2021,636777.20,84880.80548000,0
2025-11-02 19:00:00,0.1335,0.1339,0.1323,0.1335,3520039.7,2025-11-02 19:59:59.999,468589.49411000,3487,1421418.60,189164.41408000,0
2025-11-02 20:00:00,0.1335,0.1341,0.1329,0.1341,1371806.4,2025-11-02 20:59:59.999,183191.71307000,1738,717432.00,95807.18522000,0
2025-11-02 21:00:00,0.1342,0.1346,0.1338,0.1338,2689001.2,2025-11-02 21:59:59.999,360873.78314000,1983,1131470.80,151862.05278000,0
2025-11-02 22:00:00,0.1339,0.1346,0.1322,0.1336,6568415.7,2025-11-02 22:59:59.999,874035.66679000,2701,3251594.60,432429.26886000,0
2025-11-02 23:00:00,0.1336,0.1355,0.1336,0.135,4889479.0,2025-11-02 23:59:59.999,658521.03119000,4048,2197647.40,295964.55298000,0
2025-11-03 00:00:00,0.1351,0.1354,0.1329,0.133,2975312.4,2025-11-03 00:59:59.999,399673.97099000,3055,1033395.20,138766.28145000,0
2025-11-03 01:00:00,0.1329,0.1332,0.1312,0.1318,4907001.6,2025-11-03 01:59:59.999,649033.18510000,4180,1430169.60,189097.23013000,0
2025-11-03 02:00:00,0.1318,0.133,0.1306,0.1313,6629208.9,2025-11-03 02:59:59.999,871294.80099000,4994,3281184.00,431544.29067000,0
2025-11-03 03:00:00,0.1312,0.1316,0.1265,0.1269,17402102.9,2025-11-03 03:59:59.999,2231648.89830000,11583,7158972.90,917682.19757000,0
2025-11-03 04:00:00,0.1268,0.1268,0.1248,0.1266,9988221.4,2025-11-03 04:59:59.999,1255672.24317000,6531,4406630.30,554169.95359000,0
2025-11-03 05:00:00,0.1266,0.128,0.1255,0.126,4978746.6,2025-11-03 05:59:59.999,631347.90800000,3717,2857682.20,362444.46033000,0
2025-11-03 06:00:00,0.126,0.1273,0.1252,0.127,10656882.5,2025-11-03 06:59:59.999,1345935.77970000,6163,5979429.40,755701.87377000,0
2025-11-03 07:00:00,0.1269,0.1279,0.1261,0.1267,4540588.1,2025-11-03 07:59:59.999,576270.93587000,4639,2381395.90,302403.75973000,0
2025-11-03 08:00:00,0.1267,0.1274,0.1256,0.1267,5195834.8,2025-11-03 08:59:59.999,657818.83149000,3897,2057069.40,260391.88402000,0
2025-11-03 09:00:00,0.1266,0.1275,0.1225,0.1231,13079950.2,2025-11-03 09:59:59.999,1631106.71847000,7410,5338251.00,666255.58274000,0
2025-11-03 10:00:00,0.1231,0.1242,0.1224,0.1226,9841856.3,2025-11-03 10:59:59.999,1214192.18836000,5914,5021597.90,620084.81097000,0
2025-11-03 11:00:00,0.1227,0.1247,0.1226,0.1235,7192646.7,2025-11-03 11:59:59.999,890982.99292000,5167,3235907.90,401002.66081000,0
2025-11-03 12:00:00,0.1236,0.1242,0.1228,0.1232,12898094.1,2025-11-03 12:59:59.999,1591982.18933000,7125,5241055.60,647450.55386000,0
2025-11-03 13:00:00,0.1231,0.1235,0.121,0.1222,10701741.6,2025-11-03 13:59:59.999,1308746.16154000,6913,4325858.80,529008.39780000,0
2025-11-03 14:00:00,0.1223,0.1236,0.1214,0.123,8542552.9,2025-11-03 14:59:59.999,1046090.62041000,6862,3818480.20,467629.49321000,0
2025-11-03 15:00:00,0.1231,0.1234,0.108,0.1144,62054693.4,2025-11-03 15:59:59.999,7181510.08660000,36097,30700185.40,3546804.00526000,0
2025-11-03 16:00:00,0.1145,0.1216,0.1138,0.1195,29116584.9,2025-11-03 16:59:59.999,3433010.16277000,18226,15372047.40,1815903.68163000,0
2025-11-03 17:00:00,0.1195,0.1213,0.1193,0.1201,11651900.3,2025-11-03 17:59:59.999,1399961.18283000,5771,5410292.50,650254.56700000,0
2025-11-03 18:00:00,0.1201,0.1204,0.1189,0.1189,4390611.2,2025-11-03 18:59:59.999,525452.76659000,3000,1484585.20,177481.52938000,0
2025-11-03 19:00:00,0.119,0.1195,0.1175,0.1177,13202797.5,2025-11-03 19:59:59.999,1560932.16876000,5349,7509384.50,887088.76390000,0
2025-11-03 20:00:00,0.1176,0.118,0.1151,0.1157,9469620.8,2025-11-03 20:59:59.999,1102491.69575000,5994,2885800.70,336278.06514000,0
2025-11-03 21:00:00,0.1156,0.1171,0.1147,0.1165,7221822.2,2025-11-03 21:59:59.999,839515.14072000,5367,3580999.30,416569.71656000,0
2025-11-03 22:00:00,0.1165,0.1168,0.1151,0.1155,7529815.4,2025-11-03 22:59:59.999,871749.96291000,3822,2877356.00,333179.98928000,0
2025-11-03 23:00:00,0.1155,0.1157,0.1139,0.1157,15403475.4,2025-11-03 23:59:59.999,1764907.08303000,6870,4527172.10,519192.73787000,0
2025-11-04 00:00:00,0.1157,0.1171,0.1142,0.1159,11675172.3,2025-11-04 00:59:59.999,1352436.18267000,6762,6963350.10,806877.42412000,0
2025-11-04 01:00:00,0.1159,0.1171,0.1155,0.1162,5310839.2,2025-11-04 01:59:59.999,618088.05526000,4440,2691910.90,313446.83034000,0
2025-11-04 02:00:00,0.1161,0.1163,0.1147,0.1151,5071544.4,2025-11-04 02:59:59.999,586049.55410000,3600,2527413.10,292192.71942000,0
2025-11-04 03:00:00,0.1151,0.1163,0.1149,0.1162,3121624.6,2025-11-04 03:59:59.999,361622.36111000,3144,1732527.90,200759.97774000,0
2025-11-04 04:00:00,0.1162,0.1167,0.1144,0.1145,6000196.2,2025-11-04 04:59:59.999,692055.79596000,3752,2615238.70,301612.82123000,0
2025-11-04 05:00:00,0.1145,0.1149,0.1083,0.1087,34363904.3,2025-11-04 05:59:59.999,3796772.70759000,17915,15341186.60,1693518.92435000,0
2025-11-04 06:00:00,0.1086,0.1126,0.1086,0.1101,16917324.7,2025-11-04 06:59:59.999,1868934.11535000,11210,8070721.70,891871.83733000,0
2025-11-04 07:00:00,0.1101,0.1102,0.1082,0.1093,16954336.2,2025-11-04 07:59:59.999,1852859.60870000,9622,9359604.60,1023570.07042000,0
2025-11-04 08:00:00,0.1093,0.1114,0.1091,0.1098,26030420.5,2025-11-04 08:59:59.999,2864324.58292000,12117,11711943.20,1288340.00584000,0
2025-11-04 09:00:00,0.1098,0.1112,0.1094,0.1109,10171265.7,2025-11-04 09:59:59.999,1119552.10250000,6765,5253061.70,578654.61582000,0
2025-11-04 10:00:00,0.1109,0.1111,0.1101,0.1107,9235579.8,2025-11-04 10:59:59.999,1020532.46104000,4838,4980936.00,550544.46726000,0
2025-11-04 11:00:00,0.1108,0.1123,0.1106,0.1109,10892770.8,2025-11-04 11:59:59.999,1212547.28183000,5469,6393521.50,711812.04667000,0
2025-11-04 12:00:00,0.1108,0.111,0.109,0.1095,10782846.2,2025-11-04 12:59:59.999,1184122.13762000,5116,5145042.50,564896.18575000,0
2025-11-04 13:00:00,0.1095,0.1105,0.1083,0.1101,13758472.8,2025-11-04 13:59:59.999,1505279.12762000,7183,7402679.60,810098.60430000,0
2025-11-04 14:00:00,0.1102,0.1138,0.1093,0.1129,15302636.6,2025-11-04 14:59:59.999,1703111.43339000,12167,7125596.90,794157.45949000,0
2025-11-04 15:00:00,0.1129,0.1156,0.1125,0.1131,19562802.8,2025-11-04 15:59:59.999,2227421.59830000,11846,9788923.20,1116047.67241000,0
2025-11-04 16:00:00,0.1131,0.1139,0.1111,0.1123,16875963.9,2025-11-04 16:59:59.999,1895840.28788000,11253,7234643.80,813687.79386000,0
2025-11-04 17:00:00,0.1123,0.1142,0.109,0.1132,31217318.6,2025-11-04 17:59:59.999,3496215.58277000,24848,15260555.90,1709810.83262000,0
2025-11-04 18:00:00,0.1133,0.1136,0.1098,0.1127,22657081.6,2025-11-04 18:59:59.999,2529231.73745000,24898,8659402.00,967066.37225000,0
2025-11-04 19:00:00,0.1127,0.1138,0.1108,0.111,13971340.3,2025-11-04 19:59:59.999,1565963.11926000,12418,4463630.10,500691.21224000,0
2025-11-04 20:00:00,0.1111,0.1123,0.1056,0.1108,34775713.2,2025-11-04 20:59:59.999,3782964.33102000,28134,17138058.60,1865725.90986000,0
2025-11-04 21:00:00,0.1109,0.1118,0.1061,0.1111,36562583.0,2025-11-04 21:59:59.999,4000640.14818000,26527,18648598.10,2042139.00182000,0
2025-11-04 22:00:00,0.1112,0.1138,0.1106,0.1138,15162803.9,2025-11-04 22:59:59.999,1704051.78459000,10723,6699146.30,752903.50988000,0
2025-11-04 23:00:00,0.1138,0.114,0.1126,0.1136,9681593.2,2025-11-04 23:59:59.999,1098296.59153000,6700,4814187.60,546159.34257000,0
2025-11-05 00:00:00,0.1135,0.1138,0.1112,0.1118,9222935.3,2025-11-05 00:59:59.999,1036511.61686000,9373,4392206.80,493527.30383000,0
2025-11-05 01:00:00,0.1117,0.1118,0.1067,0.1104,18073001.6,2025-11-05 01:59:59.999,1977843.77502000,17668,8050393.60,880548.41133000,0
2025-11-05 02:00:00,0.1105,0.1151,0.1105,0.1149,15668716.9,2025-11-05 02:59:59.999,1763858.64019000,11887,8462455.40,954035.99657000,0
2025-11-05 03:00:00,0.1149,0.1231,0.1139,0.1197,78446467.7,2025-11-05 03:59:59.999,9340510.75200000,41728,33978056.90,4031928.24796000,0
2025-11-05 04:00:00,0.1198,0.1201,0.117,0.1183,11770214.5,2025-11-05 04:59:59.999,1391972.39505000,7995,6021948.20,712558.73506000,0
2025-11-05 05:00:00,0.1183,0.121,0.1179,0.1191,10926431.9,2025-11-05 05:59:59.999,1304420.11417000,7122,6115927.30,729821.20202000,0
2025-11-05 06:00:00,0.1191,0.1194,0.1176,0.1191,9761553.7,2025-11-05 06:59:59.999,1157068.25357000,5594,4416901.80,523754.24539000,0
2025-11-05 07:00:00,0.119,0.1191,0.1169,0.1181,8622126.9,2025-11-05 07:59:59.999,1015902.39789000,5446,3956009.60,466344.68025000,0
2025-11-05 08:00:00,0.118,0.1181,0.1148,0.1158,12054250.4,2025-11-05 08:59:59.999,1399128.89997000,9070,4989173.70,579065.93501000,0
2025-11-05 09:00:00,0.1157,0.1172,0.1152,0.1169,6594376.6,2025-11-05 09:59:59.999,768364.45514000,5981,3579048.70,416819.83268000,0
2025-11-05 10:00:00,0.1169,0.117,0.1148,0.115,4840359.9,2025-11-05 10:59:59.999,561736.34604000,5564,1978776.40,229852.14407000,0
2025-11-05 11:00:00,0.115,0.1172,0.1145,0.1169,5283725.5,2025-11-05 11:59:59.999,611746.50588000,4861,2362270.90,273997.36230000,0
2025-11-05 12:00:00,0.1169,0.1181,0.1161,0.1174,8921198.5,2025-11-05 12:59:59.999,1047048.27625000,4485,3646680.80,427300.74898000,0
2025-11-05 13:00:00,0.1173,0.1188,0.1169,0.118,4387566.6,2025-11-05 13:59:59.999,516845.38415000,4303,2658163.70,313280.61106000,0
2025-11-05 14:00:00,0.118,0.1186,0.1164,0.1173,10962935.4,2025-11-05 14:59:59.999,1286651.19489000,8106,5112418.60,600286.24298000,0
2025-11-05 15:00:00,0.1173,0.1187,0.1169,0.1186,10708930.9,2025-11-05 15:59:59.999,1263312.80751000,9354,6640620.00,783496.26673000,0
2025-11-05 16:00:00,0.1186,0.1203,0.1175,0.1199,19025733.1,2025-11-05 16:59:59.999,2263390.18937000,12099,11747780.10,1398378.08051000,0
2025-11-05 17:00:00,0.1199,0.1217,0.1193,0.1216,11442960.2,2025-11-05 17:59:59.999,1383318.76400000,7866,5719022.90,690585.03341000,0
2025-11-05 18:00:00,0.1215,0.1234,0.1212,0.1229,7036087.1,2025-11-05 18:59:59.999,861034.79231000,6695,3745835.90,458605.15056000,0
2025-11-05 19:00:00,0.1229,0.1235,0.121,0.1211,7214442.1,2025-11-05 19:59:59.999,883623.06651000,6396,3358629.40,411740.70545000,0
2025-11-05 20:00:00,0.1212,0.1226,0.1211,0.1225,4667431.8,2025-11-05 20:59:59.999,568554.26751000,3744,2359545.50,287524.35733000,0
2025-11-05 21:00:00,0.1225,0.1226,0.1212,0.1223,4411262.4,2025-11-05 21:59:59.999,539032.61248000,3739,2210177.50,270134.88615000,0
2025-11-05 22:00:00,0.1223,0.1243,0.1221,0.1238,5258440.7,2025-11-05 22:59:59.999,648086.40093000,3766,2751468.00,338908.21168000,0
2025-11-05 23:00:00,0.1239,0.1241,0.1232,0.1236,4877004.6,2025-11-05 23:59:59.999,602988.06923000,3796,2314278.20,286166.33095000,0
2025-11-06 00:00:00,0.1237,0.1239,0.1226,0.1234,5721308.9,2025-11-06 00:59:59.999,705134.30449000,4284,3242536.80,399601.62899000,0
2025-11-06 01:00:00,0.1233,0.1233,0.1204,0.1223,7874506.2,2025-11-06 01:59:59.999,956788.23588000,6909,3238585.80,393387.44906000,0
2025-11-06 02:00:00,0.1223,0.1233,0.1206,0.1226,5161036.3,2025-11-06 02:59:59.999,628704.28565000,4891,2680528.10,326781.04136000,0
2025-11-06 03:00:00,0.1226,0.1236,0.1218,0.1221,3780281.5,2025-11-06 03:59:59.999,463812.27405000,3462,1570451.10,192791.84077000,0
2025-11-06 04:00:00,0.1221,0.1225,0.1208,0.1216,8834694.4,2025-11-06 04:59:59.999,1073858.19051000,4291,5012872.70,609399.89405000,0
2025-11-06 05:00:00,0.1215,0.1216,0.1182,0.1186,7422956.5,2025-11-06 05:59:59.999,887315.00098000,5522,3181902.50,380277.64378000,0
2025-11-06 06:00:00,0.1187,0.1203,0.1186,0.1193,4644985.6,2025-11-06 06:59:59.999,554947.96933000,3409,2321120.80,277222.66879000,0
2025-11-06 07:00:00,0.1194,0.1197,0.1182,0.1187,3914231.6,2025-11-06 07:59:59.999,465618.07620000,3715,1638388.00,194885.55135000,0
2025-11-06 08:00:00,0.1186,0.1194,0.1179,0.1187,3400781.6,2025-11-06 08:59:59.999,403538.25870000,2726,1766180.10,209694.10471000,0
2025-11-06 09:00:00,0.1188,0.1192,0.1182,0.1184,2728037.3,2025-11-06 09:59:59.999,323988.46887000,2497,1145708.50,136073.12385000,0
2025-11-06 10:00:00,0.1184,0.1191,0.1171,0.1184,5639284.3,2025-11-06 10:59:59.999,666195.16473000,4430,2968010.50,350677.35447000,0
2025-11-06 11:00:00,0.1183,0.1187,0.1174,0.1184,3686350.7,2025-11-06 11:59:59.999,435284.40144000,3412,1918556.70,226637.98207000,0
2025-11-06 12:00:00,0.1184,0.1192,0.1172,0.1175,7272372.2,2025-11-06 12:59:59.999,860664.07749000,3889,3664389.10,434180.25469000,0
2025-11-06 13:00:00,0.1175,0.12,0.1174,0.1187,6716382.1,2025-11-06 13:59:59.999,799093.84592000,5685,3526481.50,419532.16424000,0
2025-11-06 14:00:00,0.1187,0.1194,0.1151,0.1156,10910845.6,2025-11-06 14:59:59.999,1270996.16807000,7528,5399390.10,628755.79684000,0
2025-11-06 15:00:00,0.1156,0.1171,0.1137,0.1144,11551746.3,2025-11-06 15:59:59.999,1328985.80192000,10477,5145978.70,592431.04756000,0
2025-11-06 16:00:00,0.1145,0.1153,0.1126,0.1147,11808921.2,2025-11-06 16:59:59.999,1346112.95140000,8424,5473679.80,623875.25629000,0
2025-11-06 17:00:00,0.1148,0.1159,0.1145,0.1156,7731670.2,2025-11-06 17:59:59.999,890867.24177000,6361,3954111.50,455650.91628000,0
2025-11-06 18:00:00,0.1156,0.1168,0.1145,0.1159,7782124.0,2025-11-06 18:59:59.999,897572.41031000,4607,4580655.60,528327.59368000,0
2025-11-06 19:00:00,0.1159,0.1162,0.1142,0.1152,3440502.8,2025-11-06 19:59:59.999,396741.80921000,3342,1702179.50,196445.14060000,0
2025-11-06 20:00:00,0.1152,0.1159,0.1139,0.115,4955278.3,2025-11-06 20:59:59.999,568001.52055000,3446,2235270.70,256529.85282000,0
2025-11-06 21:00:00,0.1149,0.1158,0.1146,0.1154,2699288.9,2025-11-06 21:59:59.999,311113.88743000,2070,1543613.30,177953.60947000,0
2025-11-06 22:00:00,0.1154,0.116,0.1142,0.1157,3297574.5,2025-11-06 22:59:59.999,380379.49201000,2272,1630113.60,188117.01670000,0
2025-11-06 23:00:00,0.1157,0.1157,0.114,0.115,4144920.1,2025-11-06 23:59:59.999,475088.31399000,2211,2223830.90,254874.11522000,0
2025-11-07 00:00:00,0.1149,0.1165,0.1147,0.1162,5960018.9,2025-11-07 00:59:59.999,689330.23481000,4823,3336238.80,385991.25792000,0
2025-11-07 01:00:00,0.1161,0.1171,0.1145,0.1164,8025802.2,2025-11-07 01:59:59.999,928810.46608000,5584,3475472.20,402138.77969000,0
2025-11-07 02:00:00,0.1164,0.1172,0.1154,0.117,4651746.7,2025-11-07 02:59:59.999,541300.47802000,3160,2608335.60,303631.77934000,0
2025-11-07 03:00:00,0.1171,0.1187,0.1167,0.1174,9876644.0,2025-11-07 03:59:59.999,1162502.17475000,4803,4776151.20,562511.34445000,0
2025-11-07 04:00:00,0.1174,0.118,0.1158,0.1172,10028340.3,2025-11-07 04:59:59.999,1172124.74908000,5375,4418758.20,516659.27208000,0
2025-11-07 05:00:00,0.1173,0.1186,0.1171,0.1181,6208038.1,2025-11-07 05:59:59.999,732599.70978000,3929,2341190.40,276169.08763000,0
2025-11-07 06:00:00,0.118,0.1184,0.1172,0.1174,4373167.2,2025-11-07 06:59:59.999,515524.55128000,2633,1884021.90,222076.84453000,0
2025-11-07 07:00:00,0.1174,0.1191,0.1171,0.119,3425888.5,2025-11-07 07:59:59.999,404789.07043000,2401,1963559.00,232212.55825000,0
2025-11-07 08:00:00,0.119,0.1193,0.1177,0.1181,4697438.0,2025-11-07 08:59:59.999,557118.69083000,3614,2280410.20,270693.55768000,0
2025-11-07 09:00:00,0.1182,0.1186,0.1159,0.1169,5794044.7,2025-11-07 09:59:59.999,679792.21509000,5362,2402633.10,282079.25096000,0
2025-11-07 10:00:00,0.1169,0.1176,0.1154,0.1161,4432670.6,2025-11-07 10:59:59.999,515445.71419000,3587,2049398.00,238546.31595000,0
2025-11-07 11:00:00,0.116,0.1164,0.1139,0.1156,12971748.6,2025-11-07 11:59:59.999,1492894.75615000,7022,6201832.90,713388.59662000,0
2025-11-07 12:00:00,0.1156,0.116,0.1125,0.1135,7161577.2,2025-11-07 12:59:59.999,816484.17540000,4952,3341950.70,381629.68065000,0
2025-11-07 13:00:00,0.1135,0.1163,0.1128,0.1159,8717182.0,2025-11-07 13:59:59.999,1002483.80081000,4862,3562291.00,409393.34332000,0
2025-11-07 14:00:00,0.1159,0.1187,0.1135,0.1183,17418897.0,2025-11-07 14:59:59.999,2028211.08453000,11545,8132068.90,947398.58965000,0
2025-11-07 15:00:00,0.1183,0.1207,0.1166,0.1198,16182193.5,2025-11-07 15:59:59.999,1923022.25911000,12775,8334561.50,990823.84589000,0
2025-11-07 16:00:00,0.1198,0.1245,0.1197,0.1231,24897067.0,2025-11-07 16:59:59.999,3050748.73303000,23424,10576262.00,1295265.72149000,0
2025-11-07 17:00:00,0.1232,0.1266,0.1227,0.1259,15082897.9,2025-11-07 17:59:59.999,1885020.83945000,14876,7327412.90,915375.82383000,0
2025-11-07 18:00:00,0.1259,0.128,0.1259,0.1265,14703541.8,2025-11-07 18:59:59.999,1865632.56548000,12147,7264662.10,922323.61037000,0
2025-11-07 19:00:00,0.1265,0.1278,0.1261,0.1266,7139532.0,2025-11-07 19:59:59.999,905394.61998000,8804,3364006.50,426681.68574000,0
2025-11-07 20:00:00,0.1266,0.1272,0.1256,0.1269,11089452.4,2025-11-07 20:59:59.999,1402364.50417000,8436,6195958.50,783772.07463000,0
2025-11-07 21:00:00,0.1268,0.1273,0.1264,0.1269,4316460.2,2025-11-07 21:59:59.999,547321.31739000,3124,2229587.80,282778.94758000,0
2025-11-07 22:00:00,0.1269,0.1271,0.1262,0.1268,2944451.9,2025-11-07 22:59:59.999,372886.53585000,2429,1480265.20,187489.22210000,0
2025-11-07 23:00:00,0.1267,0.1267,0.1248,0.1253,4683093.4,2025-11-07 23:59:59.999,587795.60352000,4435,2231360.00,280037.80496000,0
2025-11-08 00:00:00,0.1253,0.1269,0.1235,0.1236,7789630.7,2025-11-08 00:59:59.999,976696.20719000,7327,3154921.00,396084.92371000,0
2025-11-08 01:00:00,0.1236,0.1253,0.1229,0.1249,11072503.6,2025-11-08 01:59:59.999,1374987.59888000,7328,4940641.80,614106.51103000,0
2025-11-08 02:00:00,0.125,0.1268,0.1242,0.1252,9066914.1,2025-11-08 02:59:59.999,1138305.88433000,5802,4623733.00,580827.59058000,0
2025-11-08 03:00:00,0.1251,0.1261,0.124,0.1241,3832646.4,2025-11-08 03:59:59.999,480041.01178000,2903,2142051.20,268459.02919000,0
2025-11-08 04:00:00,0.124,0.125,0.1237,0.124,4362098.1,2025-11-08 04:59:59.999,542483.66369000,3106,2156394.00,268218.86692000,0
2025-11-08 05:00:00,0.124,0.1243,0.1219,0.1225,4460231.3,2025-11-08 05:59:59.999,548421.58957000,3421,1758733.00,216475.43587000,0
2025-11-08 06:00:00,0.1226,0.1239,0.1219,0.123,9409410.3,2025-11-08 06:59:59.999,1156352.88027000,3962,6245828.60,767570.21621000,0
2025-11-08 07:00:00,0.123,0.1237,0.1222,0.1235,3461756.1,2025-11-08 07:59:59.999,425713.65783000,2974,1773091.60,218066.96580000,0
2025-11-08 08:00:00,0.1235,0.1241,0.1225,0.1238,3503443.2,2025-11-08 08:59:59.999,432808.22145000,2769,1772033.00,218911.01021000,0
2025-11-08 09:00:00,0.1237,0.1251,0.123,0.1239,5423673.1,2025-11-08 09:59:59.999,672963.56270000,3599,2864264.60,355480.43367000,0
2025-11-08 10:00:00,0.1239,0.1254,0.1237,0.1253,5222461.0,2025-11-08 10:59:59.999,651804.53353000,2756,3169758.10,395650.83409000,0
2025-11-08 11:00:00,0.1254,0.1262,0.1244,0.125,4103230.7,2025-11-08 11:59:59.999,513802.37440000,3675,1852058.40,231974.68926000,0
2025-11-08 12:00:00,0.125,0.126,0.1245,0.1254,4138434.8,2025-11-08 12:59:59.999,518395.28858000,3338,2202690.30,275987.33354000,0
2025-11-08 13:00:00,0.1255,0.1256,0.1234,0.1235,4768399.4,2025-11-08 13:59:59.999,593039.92641000,4095,1834457.50,228243.75066000,0
2025-11-08 14:00:00,0.1235,0.1242,0.1221,0.1238,4483755.7,2025-11-08 14:59:59.999,552562.64453000,3816,2054814.10,253396.29565000,0
2025-11-08 15:00:00,0.1239,0.1242,0.1213,0.1216,6925502.2,2025-11-08 15:59:59.999,847686.15071000,3902,3838877.90,469853.02378000,0
2025-11-08 16:00:00,0.1216,0.1226,0.1209,0.1224,5502619.4,2025-11-08 16:59:59.999,669984.85426000,3852,2958458.00,360473.80227000,0
2025-11-08 17:00:00,0.1224,0.124,0.1219,0.1235,2677327.5,2025-11-08 17:59:59.999,330107.13892000,2017,1558395.30,192271.59664000,0
2025-11-08 18:00:00,0.1235,0.1242,0.1234,0.124,1704537.1,2025-11-08 18:59:59.999,211086.98478000,1314,853930.90,105739.40153000,0
2025-11-08 19:00:00,0.1241,0.1244,0.1225,0.1236,2890657.2,2025-11-08 19:59:59.999,356658.94381000,1931,1087668.60,134199.40939000,0
2025-11-08 20:00:00,0.1236,0.1242,0.1233,0.1237,1304533.8,2025-11-08 20:59:59.999,161326.85916000,1046,618454.50,76501.24366000,0
2025-11-08 21:00:00,0.1237,0.124,0.1233,0.1237,3297163.2,2025-11-08 21:59:59.999,407347.67773000,1343,1654876.80,204444.99103000,0
2025-11-08 22:00:00,0.1236,0.1247,0.1233,0.1246,3534969.8,2025-11-08 22:59:59.999,438648.93191000,1274,2053917.70,254957.82921000,0
2025-11-08 23:00:00,0.1246,0.1248,0.1243,0.1245,1128129.4,2025-11-08 23:59:59.999,140584.48656000,719,542947.80,67678.11969000,0
2025-11-09 00:00:00,0.1245,0.1245,0.1229,0.123,2004132.4,2025-11-09 00:59:59.999,247948.98878000,1513,760530.70,94070.24622000,0
2025-11-09 01:00:00,0.1231,0.1238,0.1224,0.1233,2235287.8,2025-11-09 01:59:59.999,275632.77077000,1616,1302086.70,160585.53184000,0
2025-11-09 02:00:00,0.1233,0.1233,0.1206,0.121,4477196.8,2025-11-09 02:59:59.999,545045.12965000,2758,1810206.60,220914.18224000,0
2025-11-09 03:00:00,0.121,0.1212,0.1195,0.1209,5196983.8,2025-11-09 03:59:59.999,625779.85560000,3133,2622031.10,315997.99373000,0
2025-11-09 04:00:00,0.121,0.1221,0.1208,0.1211,3399159.6,2025-11-09 04:59:59.999,412264.32228000,2099,1345197.60,163247.25228000,0
2025-11-09 05:00:00,0.121,0.1219,0.1206,0.1218,2287577.2,2025-11-09 05:59:59.999,277156.26190000,1585,1412815.00,171211.67351000,0
2025-11-09 06:00:00,0.1217,0.1227,0.1215,0.1217,2704868.9,2025-11-09 06:59:59.999,330484.22848000,1667,1264464.20,154494.61377000,0
2025-11-09 07:00:00,0.1216,0.1226,0.1216,0.1221,3942426.1,2025-11-09 07:59:59.999,481382.74355000,2559,1522727.80,185957.08658000,0
2025-11-09 08:00:00,0.1221,0.1222,0.1207,0.1213,2836307.7,2025-11-09 08:59:59.999,344232.81121000,2325,1064474.10,129137.24094000,0
2025-11-09 09:00:00,0.1214,0.1222,0.1202,0.1205,1785413.6,2025-11-09 09:59:59.999,216430.54634000,1542,715777.90,86814.66398000,0
2025-11-09 10:00:00,0.1204,0.1212,0.1197,0.1212,1978593.5,2025-11-09 10:59:59.999,237929.48849000,1440,953853.90,114710.67459000,0
2025-11-09 11:00:00,0.1212,0.1228,0.1212,0.1222,7253535.6,2025-11-09 11:59:59.999,886363.12435000,2995,4029741.40,492365.18405000,0
2025-11-09 12:00:00,0.1222,0.123,0.121,0.1215,8802561.2,2025-11-09 12:59:59.999,1072559.17732000,2730,3486907.60,424720.34797000,0
2025-11-09 13:00:00,0.1215,0.1231,0.1212,0.123,4322568.9,2025-11-09 13:59:59.999,528145.86694000,3105,2446119.30,299009.08616000,0
2025-11-09 14:00:00,0.123,0.1257,0.1225,0.1237,12882508.4,2025-11-09 14:59:59.999,1600118.78310000,7154,6830024.70,848529.11825000,0
2025-11-09 15:00:00,0.1237,0.1254,0.1237,0.1249,7278000.3,2025-11-09 15:59:59.999,907140.70224000,4480,4101705.60,511355.83537000,0
2025-11-09 16:00:00,0.1249,0.1262,0.1244,0.126,5359076.2,2025-11-09 16:59:59.999,670441.05347000,3107,2389176.50,299092.89397000,0
2025-11-09 17:00:00,0.126,0.1263,0.1247,0.125,2970700.2,2025-11-09 17:59:59.999,372417.40598000,2088,1486375.40,186281.35306000,0
2025-11-09 18:00:00,0.125,0.1256,0.1239,0.1255,6046949.4,2025-11-09 18:59:59.999,752889.10253000,2459,3393838.10,422682.53002000,0
2025-11-09 19:00:00,0.1255,0.1271,0.1255,0.1271,6015226.5,2025-11-09 19:59:59.999,759616.67914000,2690,3583717.30,452567.13422000,0
2025-11-09 20:00:00,0.1272,0.1276,0.1264,0.1273,9203040.6,2025-11-09 20:59:59.999,1170234.72900000,2615,4353102.90,553268.29986000,0
2025-11-09 21:00:00,0.1274,0.1275,0.1268,0.1271,2382789.0,2025-11-09 21:59:59.999,302811.71334000,1290,986071.70,125311.13633000,0
2025-11-09 22:00:00,0.1271,0.1272,0.126,0.1268,3176628.2,2025-11-09 22:59:59.999,401918.68902000,1591,1501172.80,189944.28493000,0
2025-11-09 23:00:00,0.1268,0.1278,0.1261,0.1265,3999584.3,2025-11-09 23:59:59.999,506325.40104000,2606,2422634.00,306678.64833000,0
2025-11-10 00:00:00,0.1265,0.1334,0.1253,0.1315,20192275.7,2025-11-10 00:59:59.999,2623835.20248000,8823,10902641.90,1414811.47712000,0
2025-11-10 01:00:00,0.1315,0.1327,0.1305,0.1311,9138609.4,2025-11-10 01:59:59.999,1204095.33096000,6071,4375576.20,576597.84964000,0
2025-11-10 02:00:00,0.1311,0.132,0.1305,0.1315,3546615.6,2025-11-10 02:59:59.999,465068.99908000,2706,1897674.10,248832.74048000,0
2025-11-10 03:00:00,0.1315,0.1326,0.131,0.1314,3602067.7,2025-11-10 03:59:59.999,473832.96065000,2675,1930494.90,253953.71701000,0
2025-11-10 04:00:00,0.1315,0.1736,0.1313,0.1583,369405899.3,2025-11-10 04:59:59.999,56805554.55631000,242500,130585627.90,20108666.10106000,0
2025-11-10 05:00:00,0.1582,0.1684,0.1515,0.1567,142427096.0,2025-11-10 05:59:59.999,22761195.83394000,111208,61911841.30,9868179.77922000,0
2025-11-10 06:00:00,0.1567,0.1598,0.1553,0.1585,39866139.4,2025-11-10 06:59:59.999,6269865.78404000,25252,21667463.80,3406857.64381000,0
2025-11-10 07:00:00,0.1584,0.159,0.154,0.1577,43549892.0,2025-11-10 07:59:59.999,6797590.32539000,29760,24625325.90,3843223.34027000,0
2025-11-10 08:00:00,0.1577,0.1577,0.1479,0.1484,65687112.9,2025-11-10 08:59:59.999,10043812.51781000,42080,33405316.80,5111908.20193000,0
2025-11-10 09:00:00,0.1485,0.1575,0.1485,0.1559,45336992.2,2025-11-10 09:59:59.999,6932403.53648000,29451,23375535.60,3576844.32124000,0
2025-11-10 10:00:00,0.1559,0.1623,0.1528,0.1539,54575497.8,2025-11-10 10:59:59.999,8598048.53374000,34456,27698170.40,4374790.04253000,0
2025-11-10 11:00:00,0.1539,0.1577,0.1522,0.1563,29135840.4,2025-11-10 11:59:59.999,4484708.96571000,15481,14472553.90,2229944.10491000,0
2025-11-10 12:00:00,0.1563,0.1614,0.1538,0.1587,37800972.7,2025-11-10 12:59:59.999,5982947.81151000,22508,19194659.80,3036875.87601000,0
2025-11-10 13:00:00,0.1586,0.1683,0.1585,0.1624,67475174.6,2025-11-10 13:59:59.999,11030592.06397000,43616,35155943.70,5747479.72451000,0
2025-11-10 14:00:00,0.1624,0.169,0.155,0.1578,50430365.2,2025-11-10 14:59:59.999,8169268.84075000,32520,23673482.70,3840369.84979000,0
2025-11-10 15:00:00,0.1578,0.1647,0.1562,0.1632,28937999.0,2025-11-10 15:59:59.999,4629772.21714000,20572,15432304.40,2469218.93748000,0
2025-11-10 16:00:00,0.1633,0.165,0.154,0.1557,44324921.2,2025-11-10 16:59:59.999,7080387.93919000,28221,20382585.20,3254682.05658000,0
2025-11-10 17:00:00,0.1556,0.1589,0.1554,0.1568,9389905.2,2025-11-10 17:59:59.999,1478390.08042000,8976,4466926.70,703441.95983000,0
2025-11-10 18:00:00,0.1568,0.1622,0.1565,0.1568,24156010.2,2025-11-10 18:59:59.999,3845360.05746000,13825,13142040.90,2091605.19932000,0
2025-11-10 19:00:00,0.1568,0.1587,0.1551,0.156,13533833.8,2025-11-10 19:59:59.999,2123141.75138000,8624,6559680.40,1029138.86364000,0
2025-11-10 20:00:00,0.156,0.1573,0.1535,0.1539,10082541.5,2025-11-10 20:59:59.999,1565804.81399000,8079,4888496.70,759162.49550000,0
2025-11-10 21:00:00,0.1539,0.1564,0.1512,0.1527,8518478.7,2025-11-10 21:59:59.999,1308104.55734000,7197,3828231.10,588800.36702000,0
2025-11-10 22:00:00,0.1527,0.1556,0.1522,0.1542,10017161.6,2025-11-10 22:59:59.999,1539161.89015000,7175,4510749.50,693147.07906000,0
2025-11-10 23:00:00,0.1543,0.1556,0.1532,0.1543,11961208.1,2025-11-10 23:59:59.999,1844777.68620000,7597,6956361.90,1073252.44109000,0
2025-11-11 00:00:00,0.1544,0.1562,0.1496,0.1513,18221840.0,2025-11-11 00:59:59.999,2769442.84979000,12365,7815035.70,1188464.81229000,0
2025-11-11 01:00:00,0.1512,0.1552,0.1509,0.1523,13619412.3,2025-11-11 01:59:59.999,2085248.75002000,11107,6653567.60,1019016.72334000,0
2025-11-11 02:00:00,0.1523,0.1574,0.1523,0.1564,11445058.9,2025-11-11 02:59:59.999,1777298.17556000,10576,5761713.10,894830.10310000,0
2025-11-11 03:00:00,0.1564,0.1598,0.1554,0.1576,19384917.5,2025-11-11 03:59:59.999,3059758.48915000,14050,10811732.10,1706656.29514000,0
2025-11-11 04:00:00,0.1576,0.1576,0.1529,0.1531,13079403.6,2025-11-11 04:59:59.999,2026189.72966000,7996,5941417.00,920575.83744000,0
2025-11-11 05:00:00,0.153,0.1545,0.1523,0.1532,8690007.4,2025-11-11 05:59:59.999,1330734.92582000,6351,4641982.40,710971.25961000,0
2025-11-11 06:00:00,0.1532,0.1566,0.1518,0.1552,12054476.1,2025-11-11 06:59:59.999,1858649.30412000,12453,5750247.30,886922.32796000,0
2025-11-11 07:00:00,0.1551,0.1563,0.1504,0.151,12451067.0,2025-11-11 07:59:59.999,1907828.26027000,12189,5670950.50,870242.75201000,0
2025-11-11 08:00:00,0.1509,0.1543,0.1508,0.1541,7541987.3,2025-11-11 08:59:59.999,1152539.10002000,5881,3754059.60,573777.47215000,0
2025-11-11 09:00:00,0.1541,0.1556,0.1521,0.1527,9498509.8,2025-11-11 09:59:59.999,1462033.49058000,7247,4462582.60,686894.48218000,0
2025-11-11 10:00:00,0.1527,0.1561,0.1526,0.1561,5546221.8,2025-11-11 10:59:59.999,857835.65379000,5202,2928937.10,453330.38745000,0
2025-11-11 11:00:00,0.1562,0.1569,0.1539,0.1548,5415092.3,2025-11-11 11:59:59.999,841183.11792000,3935,2155940.30,334838.02411000,0
2025-11-11 12:00:00,0.1548,0.1561,0.1492,0.1531,21286367.1,2025-11-11 12:59:59.999,3244758.41899000,14723,7860942.70,1197250.52860000,0
2025-11-11 13:00:00,0.1532,0.1552,0.1508,0.1516,10051282.8,2025-11-11 13:59:59.999,1539560.73516000,6934,4834213.10,740564.32308000,0
2025-11-11 14:00:00,0.1515,0.1524,0.1463,0.1489,19785840.6,2025-11-11 14:59:59.999,2954760.18911000,12639,8817268.00,1316542.41606000,0
2025-11-11 15:00:00,0.1488,0.1508,0.1474,0.1505,10234862.1,2025-11-11 15:59:59.999,1522346.22996000,5898,5218406.30,776907.41558000,0
2025-11-11 16:00:00,0.1505,0.154,0.1502,0.1527,11073704.0,2025-11-11 16:59:59.999,1683101.50076000,7978,6022120.00,915594.46267000,0
2025-11-11 17:00:00,0.1528,0.1564,0.1513,0.1557,26125636.0,2025-11-11 17:59:59.999,4029780.90510000,9586,10289823.60,1583618.41522000,0
2025-11-11 18:00:00,0.1557,0.157,0.1553,0.1565,17340455.5,2025-11-11 18:59:59.999,2705177.16197000,8938,5349213.40,834955.56452000,0
2025-11-11 19:00:00,0.1565,0.1567,0.1548,0.1551,9291547.1,2025-11-11 19:59:59.999,1446812.56513000,4734,2540521.60,396199.78304000,0
2025-11-11 20:00:00,0.1551,0.1554,0.1517,0.1547,9347426.3,2025-11-11 20:59:59.999,1435749.76017000,6350,3849810.60,590843.29699000,0
2025-11-11 21:00:00,0.1547,0.1568,0.1531,0.1533,9205131.5,2025-11-11 21:59:59.999,1425241.57355000,6032,5061998.80,784434.70353000,0
2025-11-11 22:00:00,0.1533,0.1553,0.152,0.1545,4571111.5,2025-11-11 22:59:59.999,703281.23886000,2689,2105555.70,323939.93901000,0
2025-11-11 23:00:00,0.1545,0.1545,0.1498,0.1502,7743766.1,2025-11-11 23:59:59.999,1172601.44406000,5139,3448406.10,522009.29302000,0
2025-11-12 00:00:00,0.1502,0.1524,0.1485,0.1515,9744084.1,2025-11-12 00:59:59.999,1469413.81987000,7423,4475057.30,674621.28869000,0
2025-11-12 01:00:00,0.1515,0.1545,0.1515,0.1532,9325258.6,2025-11-12 01:59:59.999,1428022.17544000,6262,5131114.50,786087.08242000,0
2025-11-12 02:00:00,0.1532,0.1538,0.1505,0.1519,6950665.9,2025-11-12 02:59:59.999,1056874.83040000,4478,3705612.50,563476.63983000,0
2025-11-12 03:00:00,0.1519,0.1532,0.1515,0.152,3924552.2,2025-11-12 03:59:59.999,597181.19200000,2608,1819195.50,276867.30127000,0
2025-11-12 04:00:00,0.152,0.1551,0.1514,0.1536,4741181.8,2025-11-12 04:59:59.999,728154.37414000,3487,2482093.60,381264.78177000,0
2025-11-12 05:00:00,0.1537,0.1619,0.1537,0.1607,18624083.1,2025-11-12 05:59:59.999,2956036.89631000,10242,10253078.60,1629297.28883000,0
2025-11-12 06:00:00,0.1607,0.1666,0.1564,0.1594,50205096.2,2025-11-12 06:59:59.999,8093798.23203000,30514,25956699.20,4171267.14679000,0
2025-11-12 07:00:00,0.1594,0.1606,0.1567,0.1573,12888346.0,2025-11-12 07:59:59.999,2046777.77136000,13851,7004248.30,1112725.63328000,0
2025-11-12 08:00:00,0.1574,0.1576,0.1532,0.1551,18177022.5,2025-11-12 08:59:59.999,2819965.59842000,8115,8753948.30,1357071.24721000,0
2025-11-12 09:00:00,0.1552,0.1589,0.1551,0.157,9322191.2,2025-11-12 09:59:59.999,1467574.83971000,7748,4159048.10,654625.64925000,0
2025-11-12 10:00:00,0.157,0.1608,0.1567,0.1606,6694628.8,2025-11-12 10:59:59.999,1061964.40690000,6120,3409290.70,540955.95405000,0
2025-11-12 11:00:00,0.1606,0.1616,0.1588,0.1599,10908320.6,2025-11-12 11:59:59.999,1748301.64638000,9677,5365362.00,859743.68234000,0
2025-11-12 12:00:00,0.1599,0.1599,0.1534,0.1538,15914670.2,2025-11-12 12:59:59.999,2481316.63164000,10770,7156770.70,1113814.03677000,0
2025-11-12 13:00:00,0.1539,0.1541,0.1519,0.1527,9926686.2,2025-11-12 13:59:59.999,1517985.39577000,7001,5733516.80,876915.17102000,0
2025-11-12 14:00:00,0.1526,0.1535,0.1486,0.1504,16235824.1,2025-11-12 14:59:59.999,2450639.07933000,13482,8442299.20,1275760.51416000,0
2025-11-12 15:00:00,0.1503,0.1513,0.1432,0.1441,24651481.8,2025-11-12 15:59:59.999,3630553.06593000,19054,10843707.80,1599856.75270000,0
2025-11-12 16:00:00,0.1441,0.1447,0.141,0.1414,16485587.2,2025-11-12 16:59:59.999,2349124.50522000,13380,9025601.90,1286903.97320000,0
2025-11-12 17:00:00,0.1413,0.1432,0.1398,0.1424,13224869.7,2025-11-12 17:59:59.999,1869436.31301000,10149,6938212.80,981908.80725000,0
2025-11-12 18:00:00,0.1425,0.1432,0.1409,0.141,7242951.2,2025-11-12 18:59:59.999,1030195.76640000,5832,3631093.20,516439.02322000,0
2025-11-12 19:00:00,0.141,0.1423,0.1402,0.1417,7198432.2,2025-11-12 19:59:59.999,1015005.92307000,5357,3341749.30,471455.45935000,0
2025-11-12 20:00:00,0.1417,0.1436,0.1412,0.1421,5878326.2,2025-11-12 20:59:59.999,837085.78947000,3772,3206603.60,456947.92885000,0
2025-11-12 21:00:00,0.1422,0.1425,0.1412,0.1414,4195283.1,2025-11-12 21:59:59.999,595003.93087000,2905,1855576.10,263164.04100000,0
2025-11-12 22:00:00,0.1413,0.145,0.1411,0.1447,4591312.1,2025-11-12 22:59:59.999,654778.21229000,3051,2503173.40,356965.51910000,0
2025-11-12 23:00:00,0.1447,0.1474,0.1443,0.1447,10735779.6,2025-11-12 23:59:59.999,1566000.80220000,7519,4831882.00,705318.97358000,0
2025-11-13 00:00:00,0.1447,0.1454,0.1431,0.1435,6135647.2,2025-11-13 00:59:59.999,883481.20445000,5443,3001195.90,432298.96050000,0
2025-11-13 01:00:00,0.1434,0.1469,0.1433,0.1444,8796166.8,2025-11-13 01:59:59.999,1276103.02873000,6091,4460091.40,647512.36854000,0
2025-11-13 02:00:00,0.1443,0.1461,0.1436,0.1449,5171635.1,2025-11-13 02:59:59.999,748927.36704000,4088,2486211.40,360078.05573000,0
2025-11-13 03:00:00,0.1449,0.1472,0.1428,0.1449,9510361.7,2025-11-13 03:59:59.999,1380061.23749000,8653,4784241.10,695022.71117000,0
2025-11-13 04:00:00,0.145,0.1498,0.1434,0.149,14986144.3,2025-11-13 04:59:59.999,2204338.61182000,10511,7239698.60,1064664.23162000,0
2025-11-13 05:00:00,0.1489,0.1499,0.1474,0.1491,7206746.7,2025-11-13 05:59:59.999,1072692.34194000,5694,3286551.70,489367.22418000,0
2025-11-13 06:00:00,0.1492,0.1541,0.1485,0.1532,7482463.2,2025-11-13 06:59:59.999,1135808.06580000,7515,3913016.30,593693.70759000,0
2025-11-13 07:00:00,0.1532,0.1546,0.1504,0.1513,9423702.6,2025-11-13 07:59:59.999,1434306.54306000,7865,4821837.50,733888.00229000,0
2025-11-13 08:00:00,0.1514,0.1525,0.1501,0.1502,5375183.0,2025-11-13 08:59:59.999,811794.29674000,4549,2343493.00,354324.36354000,0
2025-11-13 09:00:00,0.1502,0.1506,0.1483,0.1494,7098354.2,2025-11-13 09:59:59.999,1061360.89785000,5694,2803957.40,419418.03663000,0
2025-11-13 10:00:00,0.1495,0.1521,0.1492,0.15,6857691.2,2025-11-13 10:59:59.999,1034187.65054000,5088,3820472.00,576107.22056000,0
2025-11-13 11:00:00,0.1501,0.1511,0.1494,0.1508,3964236.6,2025-11-13 11:59:59.999,595782.28266000,3228,1589078.80,238818.26053000,0
2025-11-13 12:00:00,0.1507,0.1544,0.1497,0.1526,8108984.0,2025-11-13 12:59:59.999,1232198.76130000,5887,4201587.30,638992.38378000,0
2025-11-13 13:00:00,0.1526,0.153,0.1487,0.1495,9214839.6,2025-11-13 13:59:59.999,1389712.33728000,7123,3333782.30,502701.12785000,0
2025-11-13 14:00:00,0.1494,0.1534,0.1477,0.1523,13136300.0,2025-11-13 14:59:59.999,1978794.97112000,12092,6143443.40,925850.47115000,0
2025-11-13 15:00:00,0.1523,0.1525,0.1487,0.1492,8932597.9,2025-11-13 15:59:59.999,1344350.62633000,9738,4102171.80,617618.88500000,0
2025-11-13 16:00:00,0.1491,0.1494,0.1443,0.1451,11513305.3,2025-11-13 16:59:59.999,1686670.62902000,10114,4987064.20,730903.99588000,0
2025-11-13 17:00:00,0.1452,0.1458,0.1421,0.1424,10774468.7,2025-11-13 17:59:59.999,1552622.99404000,9919,4203048.60,606337.33245000,0
2025-11-13 18:00:00,0.1424,0.143,0.1401,0.1421,14098706.3,2025-11-13 18:59:59.999,1993371.94399000,12202,5522447.40,780653.52425000,0
2025-11-13 19:00:00,0.1421,0.1447,0.1412,0.142,9418806.4,2025-11-13 19:59:59.999,1341697.14211000,11040,4646396.80,662100.15543000,0
2025-11-13 20:00:00,0.142,0.1429,0.1406,0.1411,8420880.8,2025-11-13 20:59:59.999,1191309.30366000,7946,4042895.30,571815.59752000,0
2025-11-13 21:00:00,0.1411,0.1422,0.1406,0.1411,4863703.7,2025-11-13 21:59:59.999,687504.00267000,3645,2035227.90,287570.51545000,0
2025-11-13 22:00:00,0.141,0.1439,0.1407,0.1439,4668224.8,2025-11-13 22:59:59.999,665849.17712000,4652,2604345.80,371676.00945000,0
2025-11-13 23:00:00,0.1439,0.1464,0.1437,0.145,6532793.2,2025-11-13 23:59:59.999,950035.85961000,4974,3101827.20,451122.20390000,0
2025-11-14 00:00:00,0.1449,0.1463,0.1434,0.1441,7567218.2,2025-11-14 00:59:59.999,1097789.72818000,7445,3429773.60,497565.66749000,0
2025-11-14 01:00:00,0.144,0.1449,0.1404,0.1408,9018242.5,2025-11-14 01:59:59.999,1284649.63860000,7526,3096230.60,441899.58478000,0
2025-11-14 02:00:00,0.1409,0.1421,0.1397,0.1419,7772116.2,2025-11-14 02:59:59.999,1094486.62668000,6043,3445839.10,485304.48274000,0
2025-11-14 03:00:00,0.1419,0.1419,0.1377,0.1391,7453105.3,2025-11-14 03:59:59.999,1039064.64795000,5985,3417096.80,476469.58908000,0
2025-11-14 04:00:00,0.1391,0.1391,0.1329,0.1359,12324442.0,2025-11-14 04:59:59.999,1669734.66839000,12727,5306031.50,718777.76402000,0
2025-11-14 05:00:00,0.1358,0.1388,0.1358,0.1381,7831105.8,2025-11-14 05:59:59.999,1078580.80814000,7195,3909740.70,538393.66177000,0
2025-11-14 06:00:00,0.1381,0.1421,0.1361,0.1419,12711704.7,2025-11-14 06:59:59.999,1752619.39415000,9335,5132591.00,710413.02925000,0
2025-11-14 07:00:00,0.1419,0.144,0.1411,0.1424,12077713.1,2025-11-14 07:59:59.999,1721575.02519000,10700,6206559.60,884973.04636000,0
2025-11-14 08:00:00,0.1424,0.1451,0.1419,0.1443,15594274.9,2025-11-14 08:59:59.999,2244275.45245000,9316,6937748.00,998403.33431000,0
2025-11-14 09:00:00,0.1442,0.1454,0.143,0.1431,10945742.6,2025-11-14 09:59:59.999,1582594.80748000,7805,2934939.20,424097.85642000,0
2025-11-14 10:00:00,0.1431,0.1443,0.1426,0.1428,4986174.9,2025-11-14 10:59:59.999,716160.65246000,3692,2119323.30,304581.43513000,0
2025-11-14 11:00:00,0.1428,0.1432,0.1412,0.1419,6026723.2,2025-11-14 11:59:59.999,855898.17783000,6058,2665650.10,378449.72862000,0
2025-11-14 12:00:00,0.1418,0.1418,0.1385,0.1416,14247259.4,2025-11-14 12:59:59.999,2001278.38786000,13453,6245264.70,877655.99780000,0
2025-11-14 13:00:00,0.1416,0.1431,0.1395,0.1429,18511737.2,2025-11-14 13:59:59.999,2628582.18663000,14085,5680584.80,806108.84586000,0
2025-11-14 14:00:00,0.1429,0.1449,0.1411,0.1436,35321669.6,2025-11-14 14:59:59.999,5039528.72048000,18805,16850059.00,2405159.48938000,0
2025-11-14 15:00:00,0.1436,0.1485,0.1425,0.1471,7373103.2,2025-11-14 15:59:59.999,1068987.49147000,9141,3996309.40,579625.07849000,0
2025-11-14 16:00:00,0.1472,0.1544,0.1452,0.1521,18127277.2,2025-11-14 16:59:59.999,2729480.32183000,17075,10920646.90,1644722.60519000,0
2025-11-14 17:00:00,0.1521,0.1521,0.1468,0.1483,12590257.0,2025-11-14 17:59:59.999,1881066.85873000,11231,5374758.20,802443.58085000,0
2025-11-14 18:00:00,0.1483,0.1496,0.1476,0.1479,5327141.4,2025-11-14 18:59:59.999,791231.39497000,6351,2841694.40,422074.55391000,0
2025-11-14 19:00:00,0.1479,0.1504,0.1478,0.1488,6478431.6,2025-11-14 19:59:59.999,965416.69555000,5679,3334114.60,496654.55006000,0
2025-11-14 20:00:00,0.1489,0.1503,0.146,0.1473,6901073.0,2025-11-14 20:59:59.999,1019263.60305000,7348,2759151.20,407552.39952000,0
2025-11-14 21:00:00,0.1474,0.1494,0.1468,0.1471,4337986.7,2025-11-14 21:59:59.999,641126.53283000,5355,1752728.90,259163.35869000,0
2025-11-14 22:00:00,0.1471,0.1479,0.1435,0.1438,6448481.0,2025-11-14 22:59:59.999,941825.21832000,4070,1982132.40,290553.53490000,0
2025-11-14 23:00:00,0.1439,0.1439,0.1408,0.1428,6964359.6,2025-11-14 23:59:59.999,989157.25727000,7422,2724442.50,387201.01969000,0
2025-11-15 00:00:00,0.1429,0.1462,0.1426,0.1461,4856148.7,2025-11-15 00:59:59.999,703702.97128000,7482,3057857.70,442933.07150000,0
2025-11-15 01:00:00,0.146,0.1472,0.1447,0.1453,5899142.2,2025-11-15 01:59:59.999,860105.83189000,6045,3106896.30,453222.49880000,0
2025-11-15 02:00:00,0.1452,0.1503,0.1437,0.1496,21456789.6,2025-11-15 02:59:59.999,3157277.75658000,9512,9628093.10,1417555.08609000,0
2025-11-15 03:00:00,0.1495,0.1504,0.1477,0.1482,5818858.1,2025-11-15 03:59:59.999,867815.11586000,5744,2732374.50,407816.63264000,0
2025-11-15 04:00:00,0.1482,0.1484,0.1444,0.1446,7147850.1,2025-11-15 04:59:59.999,1044178.27511000,4489,2936675.60,428666.36848000,0
2025-11-15 05:00:00,0.1447,0.1454,0.1428,0.1436,10146884.3,2025-11-15 05:59:59.999,1461788.82210000,6501,3612448.00,520047.30572000,0
2025-11-15 06:00:00,0.1436,0.1452,0.143,0.1435,5511914.8,2025-11-15 06:59:59.999,793786.33455000,4390,2991081.10,430825.58850000,0
2025-11-15 07:00:00,0.1435,0.1438,0.1425,0.1433,2909914.3,2025-11-15 07:59:59.999,416538.64138000,2628,1591649.30,227810.06137000,0
2025-11-15 08:00:00,0.1433,0.1433,0.1386,0.1395,17619615.5,2025-11-15 08:59:59.999,2470199.33945000,7824,9197845.80,1288626.40947000,0
2025-11-15 09:00:00,0.1395,0.1407,0.1371,0.1372,7902905.4,2025-11-15 09:59:59.999,1100736.61718000,5444,3604580.70,502650.19347000,0
2025-11-15 10:00:00,0.1373,0.1388,0.137,0.1385,5203273.8,2025-11-15 10:59:59.999,717373.18926000,3624,2636959.50,363659.14738000,0
2025-11-15 11:00:00,0.1385,0.1392,0.1378,0.139,3273598.3,2025-11-15 11:59:59.999,452974.87659000,2625,1727816.90,239193.50174000,0
2025-11-15 12:00:00,0.139,0.1428,0.1389,0.1425,3866998.6,2025-11-15 12:59:59.999,544377.54729000,3689,2439251.80,343522.86270000,0
2025-11-15 13:00:00,0.1425,0.1431,0.1419,0.1425,3538280.0,2025-11-15 13:59:59.999,503959.40222000,4235,1714926.90,244261.82117000,0
2025-11-15 14:00:00,0.1425,0.1432,0.141,0.1431,2705499.3,2025-11-15 14:59:59.999,384353.54101000,2451,1262856.60,179521.77349000,0
2025-11-15 15:00:00,0.143,0.1447,0.142,0.1426,4643868.3,2025-11-15 15:59:59.999,664819.16969000,4025,2222747.30,318734.41592000,0
2025-11-15 16:00:00,0.1426,0.143,0.1418,0.1427,3188924.4,2025-11-15 16:59:59.999,453895.66652000,3323,1400693.20,199396.03146000,0
2025-11-15 17:00:00,0.1428,0.1481,0.1423,0.1466,13367778.8,2025-11-15 17:59:59.999,1941222.38266000,9570,8613738.10,1250714.81280000,0
2025-11-15 18:00:00,0.1466,0.1493,0.1455,0.1483,12689265.3,2025-11-15 18:59:59.999,1875050.46265000,9473,6698555.00,989305.42554000,0
2025-11-15 19:00:00,0.1484,0.1487,0.1469,0.1471,3906489.1,2025-11-15 19:59:59.999,577896.53974000,4185,1538913.60,227769.56627000,0
2025-11-15 20:00:00,0.1472,0.1472,0.1455,0.1457,6041450.7,2025-11-15 20:59:59.999,883420.47403000,4670,1434437.70,209661.35633000,0
2025-11-15 21:00:00,0.1456,0.1462,0.1441,0.1446,3285738.7,2025-11-15 21:59:59.999,476322.43868000,3360,1181834.90,171415.38303000,0
2025-11-15 22:00:00,0.1446,0.1455,0.1434,0.1455,4994888.3,2025-11-15 22:59:59.999,720745.73717000,3975,1529814.80,220805.23973000,0
2025-11-15 23:00:00,0.1455,0.1461,0.1443,0.1453,3963984.5,2025-11-15 23:59:59.999,575976.62003000,3287,1963914.00,285273.75675000,0
2025-11-16 00:00:00,0.1453,0.1457,0.1428,0.1433,5338515.7,2025-11-16 00:59:59.999,767875.06521000,4580,2187723.70,314687.18190000,0
2025-11-16 01:00:00,0.1433,0.1433,0.1402,0.1422,8905965.7,2025-11-16 01:59:59.999,1259993.52258000,6334,3268558.30,462560.28487000,0
2025-11-16 02:00:00,0.1421,0.1467,0.1411,0.1461,9063006.8,2025-11-16 02:59:59.999,1307241.17506000,8080,4956228.80,716178.41580000,0
2025-11-16 03:00:00,0.1461,0.1488,0.1455,0.1463,8548422.1,2025-11-16 03:59:59.999,1259500.99957000,6487,4116155.10,606209.35842000,0
2025-11-16 04:00:00,0.1462,0.1462,0.1444,0.1447,2133439.3,2025-11-16 04:59:59.999,309905.67153000,2709,864410.80,125617.47956000,0
2025-11-16 05:00:00,0.1446,0.1467,0.1444,0.1456,2936405.6,2025-11-16 05:59:59.999,428183.37381000,3152,1696765.60,247427.95570000,0
2025-11-16 06:00:00,0.1456,0.1468,0.145,0.1451,2205548.3,2025-11-16 06:59:59.999,321873.57764000,2754,1061101.70,154887.47223000,0
2025-11-16 07:00:00,0.1451,0.15,0.1451,0.1493,8679197.9,2025-11-16 07:59:59.999,1288170.03611000,5984,5124300.80,760411.41771000,0
2025-11-16 08:00:00,0.1493,0.1502,0.1468,0.1476,7258779.9,2025-11-16 08:59:59.999,1077862.28151000,6046,3104699.20,461232.81466000,0
2025-11-16 09:00:00,0.1475,0.1475,0.1456,0.1467,7298664.1,2025-11-16 09:59:59.999,1070026.50225000,5654,3518922.10,515973.62502000,0
2025-11-16 10:00:00,0.1466,0.1484,0.1463,0.1472,5005213.9,2025-11-16 10:59:59.999,737859.35816000,4257,2286609.10,337119.41825000,0
2025-11-16 11:00:00,0.1472,0.1474,0.1426,0.1434,10770561.8,2025-11-16 11:59:59.999,1555992.78596000,8596,4629522.70,668655.81084000,0
2025-11-16 12:00:00,0.1434,0.1463,0.1432,0.1447,14173311.4,2025-11-16 12:59:59.999,2053436.96059000,7553,5453066.60,789256.58966000,0
2025-11-16 13:00:00,0.1447,0.1454,0.1426,0.143,5409644.5,2025-11-16 13:59:59.999,777748.27341000,5577,2571162.00,369817.48960000,0
2025-11-16 14:00:00,0.1429,0.1478,0.1428,0.1463,12703585.9,2025-11-16 14:59:59.999,1847995.61909000,8202,6433804.90,935516.27174000,0
2025-11-16 15:00:00,0.1463,0.1484,0.1448,0.1452,40736623.3,2025-11-16 15:59:59.999,6004332.74514000,17693,13522421.70,1991224.46428000,0
2025-11-16 16:00:00,0.1452,0.148,0.1427,0.143,15504959.9,2025-11-16 16:59:59.999,2262299.90024000,15531,6982398.30,1019166.38647000,0
2025-11-16 17:00:00,0.143,0.1439,0.1413,0.1436,10505122.3,2025-11-16 17:59:59.999,1494924.93264000,11834,4923197.30,700359.01413000,0
2025-11-16 18:00:00,0.1436,0.147,0.1417,0.1428,7785053.6,2025-11-16 18:59:59.999,1125117.80269000,11501,3681963.40,531573.44264000,0
2025-11-16 19:00:00,0.1429,0.1446,0.1417,0.1419,3664074.5,2025-11-16 19:59:59.999,523447.25519000,5671,2091032.90,298729.04071000,0
2025-11-16 20:00:00,0.1418,0.1441,0.1417,0.1425,2707348.1,2025-11-16 20:59:59.999,386953.65620000,3854,1388570.90,198403.82520000,0
2025-11-16 21:00:00,0.1424,0.1426,0.1395,0.1408,6345876.3,2025-11-16 21:59:59.999,892128.32291000,6615,2465522.30,346755.81130000,0
2025-11-16 22:00:00,0.1408,0.1432,0.1377,0.1421,5189081.5,2025-11-16 22:59:59.999,725126.93221000,7616,2439975.40,341376.80656000,0
2025-11-16 23:00:00,0.1422,0.1435,0.1388,0.1411,7541158.8,2025-11-16 23:59:59.999,1069502.54399000,11277,3028157.60,429225.01981000,0
2025-11-17 00:00:00,0.1412,0.1445,0.1394,0.1442,6913681.8,2025-11-17 00:59:59.999,982074.15123000,9650,3718718.60,528316.09337000,0
2025-11-17 01:00:00,0.1442,0.1461,0.1436,0.1443,5427936.1,2025-11-17 01:59:59.999,786987.98290000,6522,2635310.40,382235.01753000,0
2025-11-17 02:00:00,0.1444,0.1472,0.144,0.1463,6275730.8,2025-11-17 02:59:59.999,917836.60667000,6019,3368460.10,492633.10405000,0
2025-11-17 03:00:00,0.1463,0.1514,0.146,0.1498,16770305.2,2025-11-17 03:59:59.999,2499940.34372000,12607,8806125.50,1313127.40662000,0
2025-11-17 04:00:00,0.1498,0.1502,0.1464,0.1466,9108982.6,2025-11-17 04:59:59.999,1346178.98026000,6403,3204938.10,473491.90487000,0
2025-11-17 05:00:00,0.1466,0.1492,0.1452,0.1488,6155996.9,2025-11-17 05:59:59.999,903838.21953000,5113,3617844.20,531572.63890000,0
2025-11-17 06:00:00,0.1489,0.1493,0.1455,0.1465,5199365.9,2025-11-17 06:59:59.999,765854.70110000,4615,2050712.90,302178.41276000,0
2025-11-17 07:00:00,0.1465,0.1483,0.1462,0.1467,4125530.5,2025-11-17 07:59:59.999,606368.22338000,4098,2292309.40,336849.48133000,0
2025-11-17 08:00:00,0.1467,0.1481,0.1464,0.1472,3693602.5,2025-11-17 08:59:59.999,543502.64694000,3158,2048436.80,301522.56332000,0
2025-11-17 09:00:00,0.1472,0.1489,0.1467,0.1474,4673059.4,2025-11-17 09:59:59.999,691281.12257000,4655,2622279.80,387995.21432000,0
2025-11-17 10:00:00,0.1474,0.1478,0.1456,0.1463,3113167.5,2025-11-17 10:59:59.999,455871.68780000,2698,1218447.10,178506.46759000,0
2025-11-17 11:00:00,0.1463,0.1479,0.1462,0.1466,2469217.4,2025-11-17 11:59:59.999,362652.89315000,2749,1413244.90,207526.41137000,0
2025-11-17 12:00:00,0.1466,0.147,0.1451,0.1453,3317279.6,2025-11-17 12:59:59.999,484116.31657000,3096,1485005.10,216674.11667000,0
2025-11-17 13:00:00,0.1454,0.1464,0.1386,0.1404,17964240.5,2025-11-17 13:59:59.999,2541628.18807000,12947,9395935.20,1326518.30828000,0
2025-11-17 14:00:00,0.1404,0.1444,0.1379,0.1403,31467125.5,2025-11-17 14:59:59.999,4440117.53993000,24066,18041723.20,2541332.81912000,0
2025-11-17 15:00:00,0.1403,0.141,0.1372,0.1379,13606121.0,2025-11-17 15:59:59.999,1886250.22974000,14089,8046145.60,1115902.97471000,0
2025-11-17 16:00:00,0.138,0.1382,0.1346,0.1379,15854453.7,2025-11-17 16:59:59.999,2164235.94101000,14438,8684164.70,1185591.63052000,0
2025-11-17 17:00:00,0.1379,0.1381,0.1318,0.133,14008526.1,2025-11-17 17:59:59.999,1881917.36837000,11100,7466574.60,1004370.76135000,0
2025-11-17 18:00:00,0.133,0.1349,0.1322,0.1328,6744100.8,2025-11-17 18:59:59.999,899268.24087000,7663,3854670.40,514001.10154000,0
2025-11-17 19:00:00,0.1328,0.134,0.1319,0.1331,8013880.2,2025-11-17 19:59:59.999,1064145.39696000,7483,3086519.90,409986.93573000,0
2025-11-17 20:00:00,0.133,0.1364,0.1329,0.1361,6119914.2,2025-11-17 20:59:59.999,821934.76196000,7540,3314470.10,445428.32185000,0
2025-11-17 21:00:00,0.1362,0.1371,0.1353,0.1354,5396110.7,2025-11-17 21:59:59.999,734372.28024000,4533,2128501.30,289632.45224000,0
2025-11-17 22:00:00,0.1354,0.1398,0.1352,0.1381,3627614.4,2025-11-17 22:59:59.999,500289.77757000,3262,1896638.40,261268.89239000,0
2025-11-17 23:00:00,0.1381,0.1384,0.1361,0.1373,3701265.7,2025-11-17 23:59:59.999,507143.25637000,3359,1654037.60,226588.30737000,0
2025-11-18 00:00:00,0.1373,0.1383,0.1348,0.1381,4333914.0,2025-11-18 00:59:59.999,592723.24601000,5028,2214669.20,303256.77506000,0
2025-11-18 01:00:00,0.138,0.1398,0.1373,0.1384,4516160.8,2025-11-18 01:59:59.999,626802.65200000,4625,2505564.50,347677.45122000,0
2025-11-18 02:00:00,0.1383,0.1405,0.1367,0.1372,17310964.2,2025-11-18 02:59:59.999,2393681.21897000,9544,7721825.30,1067682.29020000,0
2025-11-18 03:00:00,0.1373,0.1403,0.1361,0.1388,16793855.0,2025-11-18 03:59:59.999,2323965.84737000,11355,7442684.50,1029699.22757000,0
2025-11-18 04:00:00,0.1389,0.1401,0.1373,0.1399,6930794.9,2025-11-18 04:59:59.999,960054.93364000,6276,3135057.30,434340.65905000,0
2025-11-18 05:00:00,0.1399,0.1422,0.1388,0.1411,8555883.0,2025-11-18 05:59:59.999,1202190.58729000,6340,3716181.70,522114.74485000,0
2025-11-18 06:00:00,0.141,0.1425,0.1391,0.1403,9245861.0,2025-11-18 06:59:59.999,1299830.61807000,5543,3393731.30,477816.93715000,0
2025-11-18 07:00:00,0.1402,0.1422,0.1384,0.1394,12916548.9,2025-11-18 07:59:59.999,1810257.68651000,8540,4615353.90,646856.51583000,0
2025-11-18 08:00:00,0.1394,0.141,0.139,0.1397,10129336.0,2025-11-18 08:59:59.999,1416683.47265000,6955,4669931.10,652889.55904000,0
2025-11-18 09:00:00,0.1397,0.1403,0.1374,0.1385,6210334.8,2025-11-18 09:59:59.999,860968.86962000,4137,3047427.80,422664.60985000,0
2025-11-18 10:00:00,0.1386,0.1389,0.1369,0.1377,5268907.0,2025-11-18 10:59:59.999,726172.66116000,3392,2667146.00,367564.57394000,0
2025-11-18 11:00:00,0.1376,0.1388,0.1374,0.1378,2718443.7,2025-11-18 11:59:59.999,375260.62819000,2486,1481107.60,204524.52533000,0
2025-11-18 12:00:00,0.1378,0.1398,0.1371,0.139,2882832.0,2025-11-18 12:59:59.999,398580.76243000,2759,1568851.20,217070.87764000,0
2025-11-18 13:00:00,0.139,0.139,0.1371,0.1386,2527831.0,2025-11-18 13:59:59.999,349075.42885000,2862,1043569.50,144171.54370000,0
2025-11-18 14:00:00,0.1386,0.1398,0.1373,0.1374,14194133.1,2025-11-18 14:59:59.999,1965653.50416000,8559,6536583.60,905357.29459000,0
2025-11-18 15:00:00,0.1373,0.1409,0.1363,0.1402,8507321.0,2025-11-18 15:59:59.999,1184388.30352000,9970,4720398.90,657432.46022000,0
2025-11-18 16:00:00,0.1402,0.1459,0.1395,0.1451,18534859.3,2025-11-18 16:59:59.999,2665431.87431000,13120,9588549.60,1377911.26226000,0
2025-11-18 17:00:00,0.145,0.146,0.1424,0.1436,14551683.1,2025-11-18 17:59:59.999,2103035.46863000,9746,7172584.10,1036564.75669000,0
2025-11-18 18:00:00,0.1437,0.1446,0.1429,0.1431,3826566.1,2025-11-18 18:59:59.999,549607.96325000,3400,1886079.80,270876.89643000,0
2025-11-18 19:00:00,0.1431,0.1445,0.1427,0.1437,2688709.8,2025-11-18 19:59:59.999,385951.08133000,2588,1688606.90,242383.55444000,0
2025-11-18 20:00:00,0.1437,0.1444,0.1428,0.1431,1970611.0,2025-11-18 20:59:59.999,283030.11256000,2723,1039411.40,149333.06813000,0
2025-11-18 21:00:00,0.1432,0.1432,0.141,0.141,2461783.8,2025-11-18 21:59:59.999,349838.22483000,2338,701736.70,99804.50290000,0
2025-11-18 22:00:00,0.141,0.1433,0.141,0.1421,4195370.5,2025-11-18 22:59:59.999,596290.83061000,2377,2345184.80,333243.56268000,0
2025-11-18 23:00:00,0.142,0.142,0.1402,0.1406,5953568.9,2025-11-18 23:59:59.999,837560.16113000,3568,2398053.30,337362.82234000,0
2025-11-19 00:00:00,0.1406,0.1413,0.1386,0.1407,5995709.0,2025-11-19 00:59:59.999,838476.47214000,3822,2162808.90,302790.49392000,0
2025-11-19 01:00:00,0.1408,0.1409,0.139,0.1404,4001427.1,2025-11-19 01:59:59.999,559576.70191000,3451,1813331.60,253496.84201000,0
2025-11-19 02:00:00,0.1405,0.1412,0.1397,0.1404,3151535.2,2025-11-19 02:59:59.999,442499.36463000,3031,1522806.00,213875.19060000,0
2025-11-19 03:00:00,0.1403,0.141,0.1391,0.1405,3422581.6,2025-11-19 03:59:59.999,479645.97269000,3212,1399981.50,196209.01483000,0
2025-11-19 04:00:00,0.1404,0.142,0.1399,0.1404,4020654.0,2025-11-19 04:59:59.999,565907.64946000,3958,2041616.90,287381.45738000,0
2025-11-19 05:00:00,0.1403,0.1407,0.1375,0.1384,6287567.6,2025-11-19 05:59:59.999,873851.02682000,5163,2216119.20,308066.79137000,0
2025-11-19 06:00:00,0.1384,0.1399,0.1381,0.1398,2641505.3,2025-11-19 06:59:59.999,366728.28691000,2742,1435775.40,199335.72017000,0
2025-11-19 07:00:00,0.1397,0.1417,0.1394,0.1414,3236824.6,2025-11-19 07:59:59.999,455316.21680000,2490,1912579.70,269064.24507000,0
2025-11-19 08:00:00,0.1415,0.1443,0.1406,0.1423,7295610.9,2025-11-19 08:59:59.999,1039632.74568000,5786,3780552.30,539011.00345000,0
2025-11-19 09:00:00,0.1423,0.1426,0.1392,0.1404,5536171.7,2025-11-19 09:59:59.999,778234.33387000,4009,2144377.80,301331.89401000,0
2025-11-19 10:00:00,0.1404,0.1418,0.1396,0.1398,2650712.3,2025-11-19 10:59:59.999,372486.47064000,2711,1565404.20,219911.71383000,0
2025-11-19 11:00:00,0.1398,0.1405,0.1393,0.1395,1957271.0,2025-11-19 11:59:59.999,273513.06977000,1920,1011317.00,141347.14051000,0
2025-11-19 12:00:00,0.1394,0.1414,0.1393,0.1406,3281174.0,2025-11-19 12:59:59.999,461014.33951000,3328,1848343.70,259524.50615000,0
2025-11-19 13:00:00,0.1406,0.1406,0.1383,0.1389,3666412.1,2025-11-19 13:59:59.999,510039.06104000,2765,1304370.10,181492.48357000,0
2025-11-19 14:00:00,0.1388,0.1406,0.1378,0.1397,5945383.6,2025-11-19 14:59:59.999,825997.72544000,6074,3581620.70,497754.44623000,0
2025-11-19 15:00:00,0.1398,0.1416,0.135,0.1354,11623211.5,2025-11-19 15:59:59.999,1594340.14729000,8987,3562013.80,490534.30330000,0
2025-11-19 16:00:00,0.1353,0.1367,0.1331,0.1337,7996645.1,2025-11-19 16:59:59.999,1078737.42174000,7954,4054331.20,547245.86458000,0
2025-11-19 17:00:00,0.1337,0.1345,0.1311,0.1327,8089770.9,2025-11-19 17:59:59.999,1074289.40785000,8273,3497038.90,464781.29058000,0
2025-11-19 18:00:00,0.1326,0.1332,0.1296,0.1313,7880894.0,2025-11-19 18:59:59.999,1031265.07838000,6602,3064730.00,401475.10543000,0
2025-11-19 19:00:00,0.1314,0.1319,0.13,0.1312,3930072.7,2025-11-19 19:59:59.999,514704.96744000,4240,1625179.40,212829.00480000,0
2025-11-19 20:00:00,0.1313,0.1345,0.131,0.1338,4149117.5,2025-11-19 20:59:59.999,550366.80452000,3873,1889985.20,250779.91965000,0
2025-11-19 21:00:00,0.1338,0.1371,0.133,0.1369,8536799.1,2025-11-19 21:59:59.999,1151733.30227000,7416,3839289.70,519690.46406000,0
2025-11-19 22:00:00,0.1369,0.1371,0.1359,0.1362,3291870.9,2025-11-19 22:59:59.999,449171.04471000,2948,1539064.40,210154.03786000,0
2025-11-19 23:00:00,0.1362,0.1387,0.1362,0.1383,4689199.5,2025-11-19 23:59:59.999,646162.32562000,3525,2640704.30,363771.92078000,0
2025-11-20 00:00:00,0.1383,0.141,0.1378,0.1401,7249965.4,2025-11-20 00:59:59.999,1014016.38285000,6796,3585420.00,501328.63130000,0
2025-11-20 01:00:00,0.1401,0.1413,0.1397,0.1397,3184086.5,2025-11-20 01:59:59.999,447214.14695000,3550,1569062.70,220425.28804000,0
2025-11-20 02:00:00,0.1397,0.1407,0.1395,0.1402,3158212.9,2025-11-20 02:59:59.999,442297.55482000,2246,1537988.80,215413.43908000,0
2025-11-20 03:00:00,0.1403,0.1404,0.1391,0.1395,2488342.3,2025-11-20 03:59:59.999,347761.34332000,1678,1460275.70,204085.22146000,0
2025-11-20 04:00:00,0.1396,0.1401,0.1386,0.1401,2917061.5,2025-11-20 04:59:59.999,406267.19899000,1842,1274754.40,177582.21583000,0
2025-11-20 05:00:00,0.1402,0.1409,0.1396,0.1397,3345230.5,2025-11-20 05:59:59.999,469516.74579000,2103,1356187.50,190488.89642000,0
2025-11-20 06:00:00,0.1397,0.14,0.1387,0.1392,2237335.2,2025-11-20 06:59:59.999,311908.12505000,2178,1037098.40,144634.12047000,0
2025-11-20 07:00:00,0.1392,0.14,0.139,0.1397,2068640.2,2025-11-20 07:59:59.999,288396.25126000,1962,1250039.50,174277.86871000,0
2025-11-20 08:00:00,0.1397,0.1407,0.1395,0.1403,2273863.5,2025-11-20 08:59:59.999,318756.88595000,2207,1092790.70,153228.57283000,0
2025-11-20 09:00:00,0.1403,0.1407,0.1384,0.139,5049229.7,2025-11-20 09:59:59.999,703297.61358000,3384,2391230.50,332958.33941000,0
2025-11-20 10:00:00,0.139,0.1415,0.1387,0.1397,7329138.1,2025-11-20 10:59:59.999,1025305.97558000,4081,4432173.10,620123.77818000,0
2025-11-20 11:00:00,0.1396,0.143,0.1393,0.142,7361554.8,2025-11-20 11:59:59.999,1041276.06003000,4207,4406326.70,623837.65880000,0
2025-11-20 12:00:00,0.142,0.1431,0.1413,0.1425,5848837.5,2025-11-20 12:59:59.999,832077.83273000,4122,3024987.30,430435.26909000,0
2025-11-20 13:00:00,0.1425,0.1436,0.1401,0.1407,9043102.8,2025-11-20 13:59:59.999,1285548.64557000,7812,4593396.70,653518.54097000,0
2025-11-20 14:00:00,0.1407,0.1421,0.1387,0.1405,7702878.2,2025-11-20 14:59:59.999,1080778.56370000,8853,3898735.50,547513.69133000,0
2025-11-20 15:00:00,0.1405,0.1406,0.1375,0.1377,7577223.6,2025-11-20 15:59:59.999,1048429.96447000,6125,3108342.00,430659.23685000,0
2025-11-20 16:00:00,0.1376,0.1382,0.1321,0.1329,15242534.2,2025-11-20 16:59:59.999,2052683.89301000,15935,5434042.20,732796.35317000,0
2025-11-20 17:00:00,0.1329,0.1337,0.1309,0.1318,6628754.6,2025-11-20 17:59:59.999,874620.13276000,10256,3182556.70,420203.27544000,0
2025-11-20 18:00:00,0.1318,0.1331,0.1305,0.1307,5138304.6,2025-11-20 18:59:59.999,676568.24226000,5746,2747538.50,361799.44278000,0
2025-11-20 19:00:00,0.1306,0.1334,0.1295,0.1332,4711469.0,2025-11-20 19:59:59.999,618286.24200000,4548,2473575.20,324853.71539000,0
2025-11-20 20:00:00,0.1331,0.1331,0.1312,0.132,3243457.5,2025-11-20 20:59:59.999,427780.14383000,2501,1673109.50,220626.15894000,0
2025-11-20 21:00:00,0.132,0.1344,0.132,0.1331,3322767.8,2025-11-20 21:59:59.999,444052.69780000,2534,1562206.20,208659.53613000,0
2025-11-20 22:00:00,0.1331,0.1349,0.1329,0.1343,2650246.4,2025-11-20 22:59:59.999,355205.24516000,1952,1513989.00,202940.94193000,0
2025-11-20 23:00:00,0.1342,0.1345,0.1311,0.1315,2492214.9,2025-11-20 23:59:59.999,330529.93186000,3067,1033640.70,137148.06494000,0
2025-11-21 00:00:00,0.1315,0.1328,0.1315,0.1324,4581889.3,2025-11-21 00:59:59.999,605591.74930000,4573,1986572.40,262540.66712000,0
2025-11-21 01:00:00,0.1324,0.1337,0.1319,0.1325,2142926.8,2025-11-21 01:59:59.999,284631.29114000,2667,1089097.90,144699.08945000,0
2025-11-21 02:00:00,0.1325,0.1325,0.1273,0.1279,16523289.8,2025-11-21 02:59:59.999,2147230.34046000,9330,6421173.20,834363.05556000,0
2025-11-21 03:00:00,0.1279,0.1299,0.1273,0.1285,7541082.5,2025-11-21 03:59:59.999,968874.62156000,6286,3073663.40,395060.02449000,0
2025-11-21 04:00:00,0.1285,0.1287,0.1264,0.1284,3483616.5,2025-11-21 04:59:59.999,444599.42714000,4996,1616034.10,206328.22187000,0
2025-11-21 05:00:00,0.1284,0.1288,0.127,0.1276,2971868.4,2025-11-21 05:59:59.999,380770.07420000,3554,1552643.50,198975.17199000,0
2025-11-21 06:00:00,0.1277,0.1282,0.1269,0.1275,4079189.8,2025-11-21 06:59:59.999,520965.94995000,3489,2564431.40,327609.60212000,0
2025-11-21 07:00:00,0.1274,0.1278,0.1127,0.1208,44091015.0,2025-11-21 07:59:59.999,5313799.61314000,29147,22037220.90,2655523.13420000,0
2025-11-21 08:00:00,0.1209,0.1225,0.1201,0.1205,7787783.1,2025-11-21 08:59:59.999,943184.41364000,7821,3547370.80,429835.22218000,0
2025-11-21 09:00:00,0.1205,0.1211,0.1173,0.1178,10379594.3,2025-11-21 09:59:59.999,1231537.10507000,6321,5002753.20,592621.06439000,0
2025-11-21 10:00:00,0.1178,0.12,0.1172,0.1187,10724294.6,2025-11-21 10:59:59.999,1274780.97570000,7636,5501048.00,654118.59042000,0
2025-11-21 11:00:00,0.1187,0.1199,0.1169,0.1173,5984465.1,2025-11-21 11:59:59.999,708421.62820000,4267,2342960.70,277534.75396000,0
2025-11-21 12:00:00,0.1174,0.1207,0.1147,0.1196,14032745.8,2025-11-21 12:59:59.999,1653883.47002000,12270,6588954.80,777840.14473000,0
2025-11-21 13:00:00,0.1196,0.1261,0.1189,0.1226,43435175.9,2025-11-21 13:59:59.999,5327387.25436000,18870,21959296.10,2692101.69865000,0
2025-11-21 14:00:00,0.1227,0.1256,0.1219,0.1239,9692327.4,2025-11-21 14:59:59.999,1197505.53345000,8653,5015227.20,620585.38676000,0
2025-11-21 15:00:00,0.1239,0.1242,0.1207,0.1227,12464783.3,2025-11-21 15:59:59.999,1526353.60639000,8528,7280699.70,892316.07530000,0
2025-11-21 16:00:00,0.1228,0.1341,0.1212,0.1325,49599731.4,2025-11-21 16:59:59.999,6393269.24439000,28785,21532821.00,2771266.99528000,0
2025-11-21 17:00:00,0.1326,0.1442,0.1312,0.138,120250187.7,2025-11-21 17:59:59.999,16679808.25611000,57113,56433706.90,7786377.67444000,0
2025-11-21 18:00:00,0.138,0.1418,0.1361,0.1408,13239615.7,2025-11-21 18:59:59.999,1839719.60356000,15727,7454888.80,1036667.19615000,0
2025-11-21 19:00:00,0.1408,0.142,0.1392,0.1393,9991993.0,2025-11-21 19:59:59.999,1402568.92416000,10048,4344936.40,610177.20718000,0
2025-11-21 20:00:00,0.1393,0.1397,0.1367,0.1377,11730421.0,2025-11-21 20:59:59.999,1617882.95403000,11706,4837245.60,667262.71544000,0
2025-11-21 21:00:00,0.1378,0.1393,0.137,0.1389,7778827.1,2025-11-21 21:59:59.999,1076492.18356000,7698,3600579.60,498414.54541000,0
2025-11-21 22:00:00,0.1389,0.1436,0.1389,0.14,21218478.2,2025-11-21 22:59:59.999,2992443.79843000,18689,12543523.50,1768947.39885000,0
2025-11-21 23:00:00,0.1401,0.1465,0.1395,0.1452,23121190.0,2025-11-21 23:59:59.999,3314946.59822000,20311,13847434.00,1985445.63887000,0
2025-11-22 00:00:00,0.1453,0.1475,0.1439,0.1451,30043432.9,2025-11-22 00:59:59.999,4380136.95351000,26829,18328108.10,2672823.24955000,0
2025-11-22 01:00:00,0.1452,0.1482,0.145,0.1478,16494721.3,2025-11-22 01:59:59.999,2420171.14858000,11624,10046593.60,1473401.52709000,0
2025-11-22 02:00:00,0.1479,0.15,0.1469,0.1474,30838802.7,2025-11-22 02:59:59.999,4578288.10149000,19560,12537105.80,1861094.57972000,0
2025-11-22 03:00:00,0.1474,0.1496,0.1465,0.1469,17949444.7,2025-11-22 03:59:59.999,2657396.44742000,13859,7475833.80,1106539.26302000,0
2025-11-22 04:00:00,0.147,0.1471,0.1428,0.1451,10876963.9,2025-11-22 04:59:59.999,1569358.47300000,10125,5381626.20,775855.51523000,0
2025-11-22 05:00:00,0.145,0.1467,0.1435,0.1448,7173407.5,2025-11-22 05:59:59.999,1038295.34606000,10012,3961642.50,573326.99829000,0
2025-11-22 06:00:00,0.1448,0.1474,0.1433,0.1448,7446426.2,2025-11-22 06:59:59.999,1083775.84071000,8607,3107129.30,452670.44471000,0
2025-11-22 07:00:00,0.1448,0.145,0.1421,0.1438,10980464.0,2025-11-22 07:59:59.999,1576327.33731000,8962,3765120.70,540506.64533000,0
2025-11-22 08:00:00,0.1437,0.1438,0.1406,0.1417,9978531.1,2025-11-22 08:59:59.999,1415377.68580000,8305,3367357.80,477985.50757000,0
2025-11-22 09:00:00,0.1417,0.1442,0.1415,0.1417,7253153.5,2025-11-22 09:59:59.999,1034023.06264000,6636,3223876.60,459400.70057000,0
2025-11-22 10:00:00,0.1417,0.1429,0.1402,0.1412,9652312.9,2025-11-22 10:59:59.999,1365006.45423000,7475,3461641.00,489790.38654000,0
2025-11-22 11:00:00,0.1412,0.143,0.1389,0.1394,10716501.3,2025-11-22 11:59:59.999,1508185.57558000,9386,5378711.30,756946.82973000,0
2025-11-22 12:00:00,0.1393,0.1414,0.1377,0.1407,7067088.7,2025-11-22 12:59:59.999,983536.58955000,7217,3994242.20,556497.19150000,0
2025-11-22 13:00:00,0.1408,0.1433,0.1396,0.1424,9876018.1,2025-11-22 13:59:59.999,1401260.78319000,9793,5666277.10,804152.42916000,0
2025-11-22 14:00:00,0.1424,0.1471,0.1422,0.146,22950641.6,2025-11-22 14:59:59.999,3319825.06601000,17154,13420481.60,1940556.64282000,0
2025-11-22 15:00:00,0.146,0.1476,0.1448,0.1469,20494993.1,2025-11-22 15:59:59.999,2997691.35438000,13836,11063775.60,1618198.93947000,0
2025-11-22 16:00:00,0.1469,0.1523,0.1459,0.1512,19066549.1,2025-11-22 16:59:59.999,2841671.15877000,17101,11150714.70,1663050.76682000,0
2025-11-22 17:00:00,0.1511,0.1526,0.1495,0.1513,15811015.3,2025-11-22 17:59:59.999,2390196.05682000,13778,8575070.50,1296657.83830000,0
2025-11-22 18:00:00,0.1512,0.155,0.1499,0.1542,17575261.5,2025-11-22 18:59:59.999,2682164.83563000,17889,9929835.50,1515857.98290000,0
2025-11-22 19:00:00,0.1542,0.1587,0.1532,0.1559,22012237.1,2025-11-22 19:59:59.999,3423697.54677000,16805,11728957.70,1824470.50346000,0
2025-11-22 20:00:00,0.1559,0.1595,0.1551,0.1571,19076610.2,2025-11-22 20:59:59.999,3002209.40400000,15920,9592542.60,1509126.98312000,0
2025-11-22 21:00:00,0.1571,0.1576,0.1537,0.1556,8294039.3,2025-11-22 21:59:59.999,1288419.64157000,9293,3779828.10,587489.11515000,0
2025-11-22 22:00:00,0.1556,0.1572,0.154,0.156,7267224.9,2025-11-22 22:59:59.999,1129818.22934000,6932,2601825.50,404424.03911000,0
2025-11-22 23:00:00,0.1561,0.1575,0.1508,0.1525,18707147.8,2025-11-22 23:59:59.999,2875100.31759000,12541,6859748.60,1052843.94937000,0
2025-11-23 00:00:00,0.1525,0.1536,0.1476,0.1486,11203888.9,2025-11-23 00:59:59.999,1682291.87059000,8384,3783426.10,569968.77406000,0
2025-11-23 01:00:00,0.1487,0.1524,0.1486,0.1495,18402220.7,2025-11-23 01:59:59.999,2758775.81692000,10381,10376591.20,1554318.67491000,0
2025-11-23 02:00:00,0.1495,0.1505,0.1485,0.1495,6756612.9,2025-11-23 02:59:59.999,1010391.33893000,5931,3017908.00,451577.34270000,0
2025-11-23 03:00:00,0.1495,0.1504,0.1484,0.1504,4208041.5,2025-11-23 03:59:59.999,628144.41800000,4619,1971994.10,294521.08458000,0
2025-11-23 04:00:00,0.1504,0.1514,0.1491,0.1503,4310012.8,2025-11-23 04:59:59.999,647431.67705000,4353,2047631.10,307637.71252000,0
2025-11-23 05:00:00,0.1504,0.1509,0.1496,0.1498,3659881.2,2025-11-23 05:59:59.999,549466.47733000,2749,1509865.40,226690.20636000,0
2025-11-23 06:00:00,0.1498,0.15,0.1476,0.1485,4393233.7,2025-11-23 06:59:59.999,652799.68892000,3322,2182631.00,324466.97942000,0
2025-11-23 07:00:00,0.1485,0.15,0.1463,0.1493,5500352.2,2025-11-23 07:59:59.999,815215.08414000,5178,2457912.10,364896.53318000,0
2025-11-23 08:00:00,0.1494,0.151,0.1488,0.1492,5664301.7,2025-11-23 08:59:59.999,849372.59851000,4790,2906862.40,436220.77557000,0
2025-11-23 09:00:00,0.1492,0.1493,0.1468,0.1479,6637345.5,2025-11-23 09:59:59.999,981383.58634000,4327,3748723.80,554158.54616000,0
2025-11-23 10:00:00,0.1478,0.1482,0.1466,0.1479,5966942.8,2025-11-23 10:59:59.999,880246.46768000,4010,2558270.90,377609.83592000,0
2025-11-23 11:00:00,0.1478,0.1489,0.1477,0.1485,5048311.2,2025-11-23 11:59:59.999,748050.15723000,4078,2963000.30,439109.29647000,0
2025-11-23 12:00:00,0.1485,0.1503,0.1484,0.1485,3489808.4,2025-11-23 12:59:59.999,521428.27490000,4086,1707605.10,255208.79720000,0
2025-11-23 13:00:00,0.1485,0.1496,0.148,0.1496,2526582.1,2025-11-23 13:59:59.999,375688.48746000,2969,1070129.90,159224.57544000,0
2025-11-23 14:00:00,0.1497,0.153,0.1489,0.1519,10856967.5,2025-11-23 14:59:59.999,1632373.97668000,7334,5373704.50,809327.66162000,0
2025-11-23 15:00:00,0.1519,0.1532,0.1498,0.1512,6056357.0,2025-11-23 15:59:59.999,915141.16971000,6137,3102402.20,468603.35669000,0
2025-11-23 16:00:00,0.1513,0.1522,0.1499,0.1499,4621192.5,2025-11-23 16:59:59.999,698125.46054000,4106,1626523.70,245902.01949000,0
2025-11-23 17:00:00,0.1499,0.1512,0.1491,0.1498,4751755.5,2025-11-23 17:59:59.999,712889.47396000,4292,2442204.50,366605.28330000,0
2025-11-23 18:00:00,0.1497,0.1511,0.1492,0.1503,2008226.9,2025-11-23 18:59:59.999,301196.03430000,2572,889051.90,133419.25796000,0
2025-11-23 19:00:00,0.1502,0.1516,0.1498,0.1501,2254953.8,2025-11-23 19:59:59.999,340019.27576000,2808,998066.40,150656.20991000,0
2025-11-23 20:00:00,0.1501,0.1518,0.1498,0.1516,3197558.1,2025-11-23 20:59:59.999,481355.75664000,2579,1709308.20,257527.00642000,0
2025-11-23 21:00:00,0.1515,0.152,0.1507,0.1509,5086899.3,2025-11-23 21:59:59.999,770836.92733000,3417,2210796.10,335043.38928000,0
2025-11-23 22:00:00,0.1508,0.1514,0.1492,0.1512,2269965.0,2025-11-23 22:59:59.999,340929.37092000,2337,1084874.20,162994.88298000,0
2025-11-23 23:00:00,0.1513,0.1528,0.1495,0.1527,11016659.4,2025-11-23 23:59:59.999,1669261.65808000,7463,6181852.80,936655.82944000,0
2025-11-24 00:00:00,0.1527,0.158,0.1521,0.1575,28441453.3,2025-11-24 00:59:59.999,4407813.63632000,16521,16108690.60,2496583.01663000,0
2025-11-24 01:00:00,0.1576,0.1626,0.1568,0.1618,27986912.5,2025-11-24 01:59:59.999,4451377.48192000,21664,14551402.00,2315284.06694000,0
2025-11-24 02:00:00,0.1618,0.1683,0.1572,0.1597,51430443.9,2025-11-24 02:59:59.999,8317798.06137000,37194,29214680.10,4721366.13764000,0
2025-11-24 03:00:00,0.1597,0.1631,0.156,0.1594,25488451.4,2025-11-24 03:59:59.999,4077457.09432000,16285,11087143.50,1772229.44966000,0
2025-11-24 04:00:00,0.1594,0.1596,0.1566,0.1589,24377394.0,2025-11-24 04:59:59.999,3853424.79723000,10411,11850552.60,1873758.96614000,0
2025-11-24 05:00:00,0.1589,0.1615,0.1568,0.1581,20665779.4,2025-11-24 05:59:59.999,3278765.25346000,10965,10128913.30,1607506.33847000,0
2025-11-24 06:00:00,0.1581,0.1585,0.1548,0.1559,9951390.9,2025-11-24 06:59:59.999,1555138.80708000,8172,3782857.30,590846.15620000,0
2025-11-24 07:00:00,0.1558,0.1559,0.1515,0.1544,17222726.6,2025-11-24 07:59:59.999,2647012.83588000,11484,6125064.30,942758.81294000,0
2025-11-24 08:00:00,0.1543,0.159,0.1537,0.1571,10759520.8,2025-11-24 08:59:59.999,1688028.17120000,7286,7203262.20,1131508.66297000,0
2025-11-24 09:00:00,0.1572,0.1573,0.154,0.1544,11924893.3,2025-11-24 09:59:59.999,1843759.75850000,7942,4185221.00,647851.87046000,0
2025-11-24 10:00:00,0.1543,0.1548,0.1489,0.1496,23914502.0,2025-11-24 10:59:59.999,3595396.26787000,13255,11314599.80,1699616.70561000,0
2025-11-24 11:00:00,0.1495,0.1496,0.1476,0.1479,6766942.7,2025-11-24 11:59:59.999,1006535.71510000,4571,3092625.40,459678.27440000,0
2025-11-24 12:00:00,0.1479,0.148,0.1466,0.1472,4939696.5,2025-11-24 12:59:59.999,726641.99688000,3584,2648101.40,389457.08148000,0
2025-11-24 13:00:00,0.1471,0.1484,0.1468,0.1477,3934945.4,2025-11-24 13:59:59.999,581365.13248000,3552,1769105.80,261382.65424000,0
2025-11-24 14:00:00,0.1477,0.1488,0.1443,0.1467,17704487.8,2025-11-24 14:59:59.999,2589601.15538000,12423,6979192.30,1021286.68988000,0
2025-11-24 15:00:00,0.1467,0.148,0.1456,0.1473,7643747.1,2025-11-24 15:59:59.999,1124444.84639000,8046,3744863.40,550807.09469000,0
2025-11-24 16:00:00,0.1473,0.15,0.147,0.1495,8622317.8,2025-11-24 16:59:59.999,1281872.17234000,9932,4262024.30,633878.21953000,0
2025-11-24 17:00:00,0.1495,0.1519,0.1483,0.1516,10989686.7,2025-11-24 17:59:59.999,1653671.09486000,9029,5172141.30,778122.70452000,0
2025-11-24 18:00:00,0.1517,0.1521,0.1504,0.1514,7563188.3,2025-11-24 18:59:59.999,1142216.79352000,5386,4274191.20,645573.83219000,0
2025-11-24 19:00:00,0.1514,0.1526,0.1509,0.151,3553312.8,2025-11-24 19:59:59.999,539003.76395000,3683,1614688.70,245108.43008000,0
2025-11-24 20:00:00,0.1511,0.1541,0.1509,0.1537,4612139.6,2025-11-24 20:59:59.999,703409.22716000,3908,2498115.20,381266.77965000,0
2025-11-24 21:00:00,0.1536,0.1543,0.1518,0.152,3884906.7,2025-11-24 21:59:59.999,595377.32613000,3724,1542442.20,236232.12617000,0
2025-11-24 22:00:00,0.152,0.1541,0.1513,0.1533,7710310.0,2025-11-24 22:59:59.999,1176832.61188000,4823,4602751.40,702454.63035000,0
2025-11-24 23:00:00,0.1532,0.1542,0.1526,0.154,17291223.9,2025-11-24 23:59:59.999,2656272.55864000,11166,9497775.10,1459399.82750000,0
2025-11-25 00:00:00,0.1539,0.1586,0.1535,0.1579,23435741.7,2025-11-25 00:59:59.999,3665232.63525000,13291,15677175.20,2452000.62271000,0
2025-11-25 01:00:00,0.158,0.1599,0.1569,0.1592,17856405.0,2025-11-25 01:59:59.999,2830953.26603000,11794,10576197.20,1677443.20917000,0
2025-11-25 02:00:00,0.1591,0.1619,0.1586,0.1612,24392527.0,2025-11-25 02:59:59.999,3910574.22951000,24145,14391787.00,2308012.70673000,0
2025-11-25 03:00:00,0.1612,0.1646,0.1591,0.1591,20910413.3,2025-11-25 03:59:59.999,3392102.46939000,15661,8007237.60,1298378.83222000,0
2025-11-25 04:00:00,0.1591,0.1591,0.1548,0.1553,9672686.0,2025-11-25 04:59:59.999,1513621.67018000,8743,3240668.00,506828.25961000,0
2025-11-25 05:00:00,0.1553,0.1599,0.1551,0.1575,9138282.2,2025-11-25 05:59:59.999,1445712.98826000,7996,4848036.40,766706.04335000,0
2025-11-25 06:00:00,0.1574,0.158,0.1565,0.1568,2366823.3,2025-11-25 06:59:59.999,372125.40021000,3137,1004177.60,157905.73114000,0
2025-11-25 07:00:00,0.1567,0.1599,0.1555,0.1587,7515448.0,2025-11-25 07:59:59.999,1187616.78550000,6140,3908844.50,618505.61355000,0
2025-11-25 08:00:00,0.1588,0.1619,0.1577,0.1584,12823476.7,2025-11-25 08:59:59.999,2048991.71978000,9015,5854238.60,936555.30213000,0
2025-11-25 09:00:00,0.1584,0.1605,0.1565,0.1588,13286042.4,2025-11-25 09:59:59.999,2107960.05585000,8681,5800241.20,919261.26681000,0
2025-11-25 10:00:00,0.1587,0.1614,0.1582,0.1602,6221660.5,2025-11-25 10:59:59.999,994047.70983000,5085,3043922.50,486227.17267000,0
2025-11-25 11:00:00,0.1602,0.1604,0.158,0.1589,2692268.4,2025-11-25 11:59:59.999,427740.34782000,3080,1240063.30,197055.62935000,0
2025-11-25 12:00:00,0.1589,0.1615,0.1588,0.1598,10370637.2,2025-11-25 12:59:59.999,1662232.72425000,6763,4821114.40,772321.35294000,0
2025-11-25 13:00:00,0.1598,0.1604,0.1572,0.159,9446709.8,2025-11-25 13:59:59.999,1499950.78987000,6916,4420087.60,702291.02885000,0
2025-11-25 14:00:00,0.1591,0.1592,0.154,0.1563,15643968.9,2025-11-25 14:59:59.999,2439386.40640000,10441,5149415.10,804401.16902000,0
2025-11-25 15:00:00,0.1563,0.1571,0.1548,0.156,6708776.8,2025-11-25 15:59:59.999,1045202.36273000,6518,3082636.80,480515.65958000,0
2025-11-25 16:00:00,0.156,0.157,0.1553,0.1568,3061234.4,2025-11-25 16:59:59.999,478020.49048000,3896,1521201.10,237681.58925000,0
2025-11-25 17:00:00,0.1569,0.1579,0.1556,0.1578,4317524.5,2025-11-25 17:59:59.999,676944.46824000,4657,1940389.50,304261.31934000,0
2025-11-25 18:00:00,0.1578,0.1585,0.1563,0.1567,4093140.2,2025-11-25 18:59:59.999,644625.71743000,3623,2344873.00,369379.92746000,0
2025-11-25 19:00:00,0.1567,0.1582,0.156,0.158,5092375.6,2025-11-25 19:59:59.999,798182.74430000,5745,2865653.50,449284.44764000,0
2025-11-25 20:00:00,0.158,0.1589,0.157,0.1574,3947558.5,2025-11-25 20:59:59.999,622835.39971000,3455,1874076.40,295803.32732000,0
2025-11-25 21:00:00,0.1573,0.1579,0.1567,0.1568,1642814.7,2025-11-25 21:59:59.999,258245.66563000,1944,715270.90,112449.54255000,0
2025-11-25 22:00:00,0.1568,0.165,0.1561,0.1647,20391583.9,2025-11-25 22:59:59.999,3283687.83382000,17274,12541272.10,2019503.31874000,0
2025-11-25 23:00:00,0.1647,0.1663,0.163,0.1648,21451563.8,2025-11-25 23:59:59.999,3535308.41933000,18629,12616287.00,2079247.45448000,0
2025-11-26 00:00:00,0.1648,0.169,0.1639,0.1673,20726586.7,2025-11-26 00:59:59.999,3452473.42300000,15588,10652520.80,1775055.60237000,0
2025-11-26 01:00:00,0.1673,0.1686,0.164,0.1672,11515246.3,2025-11-26 01:59:59.999,1917438.44753000,12397,6146815.90,1024067.43619000,0
2025-11-26 02:00:00,0.1673,0.1685,0.165,0.1669,20306289.2,2025-11-26 02:59:59.999,3384805.01390000,10703,10429822.70,1738459.33642000,0
2025-11-26 03:00:00,0.1668,0.1732,0.166,0.1731,35019744.3,2025-11-26 03:59:59.999,5945017.96671000,19947,20662391.50,3509312.42370000,0
2025-11-26 04:00:00,0.1731,0.176,0.1687,0.1693,43954452.1,2025-11-26 04:59:59.999,7552312.05302000,28424,24035943.70,4134657.08515000,0
2025-11-26 05:00:00,0.1694,0.1733,0.1686,0.1688,12145894.2,2025-11-26 05:59:59.999,2070512.34056000,10268,6503662.20,1109170.11482000,0
2025-11-26 06:00:00,0.1689,0.1689,0.1622,0.1632,19993443.6,2025-11-26 06:59:59.999,3299087.36249000,14174,9245982.70,1524777.04720000,0
2025-11-26 07:00:00,0.1632,0.1649,0.1629,0.1648,4647163.2,2025-11-26 07:59:59.999,761368.69345000,4656,2217870.60,363484.24710000,0
2025-11-26 08:00:00,0.1649,0.1656,0.1603,0.1604,22323799.7,2025-11-26 08:59:59.999,3624367.93902000,8758,12806763.90,2075048.18985000,0
2025-11-26 09:00:00,0.1604,0.1608,0.1589,0.16,8756494.0,2025-11-26 09:59:59.999,1398347.72852000,5340,4654703.90,743620.05976000,0
2025-11-26 10:00:00,0.16,0.161,0.1578,0.1595,12009946.7,2025-11-26 10:59:59.999,1917813.32057000,6328,6900150.30,1103276.97905000,0
2025-11-26 11:00:00,0.1594,0.1607,0.1591,0.1603,3831300.6,2025-11-26 11:59:59.999,612471.25730000,4098,1607233.30,257071.95721000,0
2025-11-26 12:00:00,0.1602,0.1605,0.1569,0.1571,11212487.4,2025-11-26 12:59:59.999,1775650.38728000,6220,6314244.00,999271.45132000,0
2025-11-26 13:00:00,0.157,0.1599,0.1566,0.1588,12037846.1,2025-11-26 13:59:59.999,1905584.50680000,8737,7456867.30,1180178.66877000,0
2025-11-26 14:00:00,0.1588,0.1606,0.1585,0.1591,6566225.2,2025-11-26 14:59:59.999,1047108.23311000,7108,3391733.50,540726.72211000,0
2025-11-26 15:00:00,0.1591,0.1639,0.1588,0.1605,13419623.7,2025-11-26 15:59:59.999,2168711.36336000,9194,6758093.30,1091828.50584000,0
2025-11-26 16:00:00,0.1606,0.1618,0.1599,0.1606,5842665.8,2025-11-26 16:59:59.999,939421.16071000,7231,2770013.80,445533.12316000,0
2025-11-26 17:00:00,0.1606,0.1635,0.1603,0.1613,8330311.1,2025-11-26 17:59:59.999,1349237.45229000,9280,4120364.10,667384.24792000,0
2025-11-26 18:00:00,0.1613,0.1641,0.1611,0.1641,5013649.6,2025-11-26 18:59:59.999,816760.40512000,5908,2713258.20,442350.80074000,0
2025-11-26 19:00:00,0.164,0.1641,0.1623,0.1631,2779680.3,2025-11-26 19:59:59.999,453295.87071000,3394,1516938.80,247372.76004000,0
2025-11-26 20:00:00,0.163,0.165,0.1628,0.1636,6241629.5,2025-11-26 20:59:59.999,1024049.87947000,3708,2864708.30,470092.91618000,0
2025-11-26 21:00:00,0.1636,0.1656,0.1627,0.1646,3485400.2,2025-11-26 21:59:59.999,571465.87588000,3530,2010213.60,329642.16453000,0
2025-11-26 22:00:00,0.1645,0.1649,0.1628,0.1635,2835197.5,2025-11-26 22:59:59.999,464194.19194000,2902,1444810.60,236451.95669000,0
2025-11-26 23:00:00,0.1635,0.1667,0.1631,0.1651,5761202.4,2025-11-26 23:59:59.999,951712.54313000,5382,2629127.30,434862.14411000,0
2025-11-27 00:00:00,0.1651,0.1662,0.1627,0.1634,4496529.0,2025-11-27 00:59:59.999,737892.99573000,4740,1680435.10,275923.77052000,0
2025-11-27 01:00:00,0.1633,0.164,0.161,0.1622,4673875.3,2025-11-27 01:59:59.999,756581.26040000,4117,2110708.30,341732.49353000,0
2025-11-27 02:00:00,0.1622,0.1622,0.1587,0.1597,13987199.6,2025-11-27 02:59:59.999,2238824.07849000,10003,5020716.80,804426.47644000,0
2025-11-27 03:00:00,0.1596,0.1609,0.1585,0.16,5210931.5,2025-11-27 03:59:59.999,831710.11327000,5538,2412365.50,385389.31375000,0
2025-11-27 04:00:00,0.1599,0.1603,0.1591,0.1592,1633315.0,2025-11-27 04:59:59.999,260710.69450000,2782,924488.50,147576.91070000,0
2025-11-27 05:00:00,0.1592,0.1623,0.159,0.1609,3901625.9,2025-11-27 05:59:59.999,626240.10775000,3914,2100221.00,337326.90000000,0
2025-11-27 06:00:00,0.1609,0.161,0.1594,0.1598,1826177.5,2025-11-27 06:59:59.999,292487.40920000,2674,782318.00,125313.10340000,0
2025-11-27 07:00:00,0.1598,0.1601,0.1591,0.1594,1930696.3,2025-11-27 07:59:59.999,307954.20924000,2324,770260.70,122881.47102000,0
2025-11-27 08:00:00,0.1593,0.1596,0.1574,0.1592,4145773.4,2025-11-27 08:59:59.999,656108.22005000,3739,1606677.60,254224.41620000,0
2025-11-27 09:00:00,0.1591,0.1614,0.1589,0.1603,5156925.1,2025-11-27 09:59:59.999,825469.78442000,4136,2750378.80,440191.82094000,0
2025-11-27 10:00:00,0.1603,0.1617,0.16,0.1605,3727512.5,2025-11-27 10:59:59.999,599399.44833000,3732,2414835.00,388540.71926000,0
2025-11-27 11:00:00,0.1604,0.1619,0.1601,0.1612,2595523.2,2025-11-27 11:59:59.999,418382.55913000,2388,1179869.80,190280.71087000,0
2025-11-27 12:00:00,0.1612,0.1628,0.1596,0.1596,3098962.5,2025-11-27 12:59:59.999,499605.92063000,2937,1176697.60,189909.46946000,0
2025-11-27 13:00:00,0.1595,0.1607,0.159,0.16,3574038.5,2025-11-27 13:59:59.999,571242.57681000,2695,1940400.70,310088.46354000,0
2025-11-27 14:00:00,0.16,0.1659,0.1597,0.1644,12810564.2,2025-11-27 14:59:59.999,2091334.46503000,7636,6849379.50,1117921.35840000,0
2025-11-27 15:00:00,0.1644,0.1673,0.1636,0.1659,16126515.7,2025-11-27 15:59:59.999,2672881.65262000,9886,7547100.20,1250620.77260000,0
2025-11-27 16:00:00,0.166,0.1666,0.1644,0.1652,4460780.0,2025-11-27 16:59:59.999,737780.25555000,5077,1826724.10,302182.52239000,0
2025-11-27 17:00:00,0.1652,0.1652,0.1633,0.1638,2399867.8,2025-11-27 17:59:59.999,393534.58610000,2892,1133565.90,185833.06585000,0
2025-11-27 18:00:00,0.1638,0.1641,0.1629,0.1629,3745299.9,2025-11-27 18:59:59.999,612090.47229000,2712,1392941.00,227680.76519000,0
2025-11-27 19:00:00,0.1629,0.163,0.1609,0.1626,3596898.7,2025-11-27 19:59:59.999,582405.33967000,3560,1848360.40,299375.63760000,0
2025-11-27 20:00:00,0.1627,0.164,0.1618,0.1618,2659177.1,2025-11-27 20:59:59.999,433343.45549000,2887,1148517.10,187375.93833000,0
2025-11-27 21:00:00,0.1619,0.1628,0.1618,0.1627,1432583.6,2025-11-27 21:59:59.999,232685.72047000,1773,733428.00,119112.85485000,0
2025-11-27 22:00:00,0.1627,0.1634,0.1615,0.1626,3151487.6,2025-11-27 22:59:59.999,512068.64778000,3067,1152028.90,187102.50814000,0
2025-11-27 23:00:00,0.1626,0.1641,0.1616,0.1635,3022424.8,2025-11-27 23:59:59.999,492557.05670000,3553,1623692.90,264458.49563000,0
2025-11-28 00:00:00,0.1635,0.1637,0.1621,0.1625,2455809.0,2025-11-28 00:59:59.999,400161.70330000,2585,1044206.20,170148.29020000,0
2025-11-28 01:00:00,0.1625,0.1628,0.1609,0.1611,2053016.1,2025-11-28 01:59:59.999,331598.59783000,2565,767967.10,124099.18279000,0
2025-11-28 02:00:00,0.1611,0.1624,0.1593,0.1607,6277552.8,2025-11-28 02:59:59.999,1008696.87553000,4604,3185876.90,511598.99312000,0
2025-11-28 03:00:00,0.1607,0.1622,0.1606,0.161,2330987.6,2025-11-28 03:59:59.999,376702.02545000,2452,1204953.40,194727.65400000,0
2025-11-28 04:00:00,0.161,0.1616,0.1601,0.1607,2898809.7,2025-11-28 04:59:59.999,466122.33436000,2894,1346078.50,216475.46986000,0
2025-11-28 05:00:00,0.1607,0.1623,0.1605,0.1611,2563451.0,2025-11-28 05:59:59.999,413827.56666000,2236,1332463.80,215227.19323000,0
2025-11-28 06:00:00,0.1612,0.1629,0.1606,0.1627,1846249.5,2025-11-28 06:59:59.999,298091.79709000,2029,926415.30,149604.91169000,0
2025-11-28 07:00:00,0.1626,0.1626,0.1607,0.1614,2578960.8,2025-11-28 07:59:59.999,417200.83333000,1922,1323571.40,214118.55554000,0
2025-11-28 08:00:00,0.1613,0.1638,0.1611,0.163,4056226.7,2025-11-28 08:59:59.999,658513.33272000,3203,2311879.60,375247.91901000,0
2025-11-28 09:00:00,0.163,0.1645,0.1622,0.1637,5008095.8,2025-11-28 09:59:59.999,818673.44391000,3100,2633593.60,430186.15744000,0
2025-11-28 10:00:00,0.1637,0.1644,0.1628,0.1637,3070480.0,2025-11-28 10:59:59.999,502226.74389000,2465,1659452.80,271489.57424000,0
2025-11-28 11:00:00,0.1637,0.1638,0.1609,0.1625,3514094.9,2025-11-28 11:59:59.999,570022.98487000,3524,1558993.30,252673.16237000,0
2025-11-28 12:00:00,0.1625,0.1639,0.1621,0.1638,3073837.6,2025-11-28 12:59:59.999,501763.99584000,2615,1588740.90,259363.18158000,0
2025-11-28 13:00:00,0.1638,0.1662,0.1632,0.1658,5671994.3,2025-11-28 13:59:59.999,935333.01441000,4343,3115804.50,514138.73134000,0
2025-11-28 14:00:00,0.1658,0.1672,0.1646,0.1654,6201671.8,2025-11-28 14:59:59.999,1028335.39454000,6003,2692504.30,446633.18495000,0
2025-11-28 15:00:00,0.1654,0.1655,0.1617,0.1626,11061324.6,2025-11-28 15:59:59.999,1805147.88338000,7527,5162835.40,842881.08582000,0
2025-11-28 16:00:00,0.1626,0.1638,0.1614,0.1626,4392716.0,2025-11-28 16:59:59.999,713826.83024000,5130,2342047.10,380756.46244000,0
2025-11-28 17:00:00,0.1627,0.1627,0.1582,0.1594,18555336.9,2025-11-28 17:59:59.999,2962724.07084000,9908,10582973.80,1688814.38319000,0
2025-11-28 18:00:00,0.1594,0.161,0.1589,0.161,4661453.7,2025-11-28 18:59:59.999,745838.31446000,4188,2702041.50,432706.96230000,0
2025-11-28 19:00:00,0.1611,0.1616,0.1604,0.1607,3961344.1,2025-11-28 19:59:59.999,637157.77154000,2931,2086619.70,335391.43010000,0
2025-11-28 20:00:00,0.1607,0.1615,0.1601,0.1611,5152302.9,2025-11-28 20:59:59.999,828493.08348000,3977,2945268.20,473872.50026000,0
2025-11-28 21:00:00,0.1612,0.1616,0.1606,0.1611,1883751.1,2025-11-28 21:59:59.999,303537.42718000,2160,1060308.70,170876.42375000,0
2025-11-28 22:00:00,0.1611,0.1625,0.1608,0.1622,3251761.0,2025-11-28 22:59:59.999,524858.92419000,3125,1691767.40,273179.07102000,0
2025-11-28 23:00:00,0.1622,0.1625,0.159,0.16,10961443.8,2025-11-28 23:59:59.999,1761684.64556000,5684,3585878.80,576121.33479000,0
2025-11-29 00:00:00,0.16,0.1608,0.1593,0.1595,1446033.8,2025-11-29 00:59:59.999,231174.91251000,1849,710685.40,113642.11897000,0
2025-11-29 01:00:00,0.1595,0.1605,0.1593,0.1599,1203269.9,2025-11-29 01:59:59.999,192363.07464000,1716,606634.90,97018.28665000,0
2025-11-29 02:00:00,0.1598,0.1601,0.159,0.16,1045675.8,2025-11-29 02:59:59.999,166913.73865000,1432,465677.20,74348.92132000,0
2025-11-29 03:00:00,0.1599,0.1604,0.1579,0.1587,6765558.3,2025-11-29 03:59:59.999,1073651.85459000,3345,2147371.40,340831.39644000,0
2025-11-29 04:00:00,0.1587,0.1592,0.1583,0.1591,1752444.9,2025-11-29 04:59:59.999,278188.30575000,1189,1046656.50,166206.19157000,0
2025-11-29 05:00:00,0.1591,0.1596,0.1587,0.1593,1249428.8,2025-11-29 05:59:59.999,198915.01461000,1119,717878.00,114301.06847000,0
2025-11-29 06:00:00,0.1592,0.16,0.1588,0.1597,2734519.8,2025-11-29 06:59:59.999,435468.60097000,2171,1361120.70,216636.88701000,0
2025-11-29 07:00:00,0.1597,0.1603,0.1586,0.1594,1523730.8,2025-11-29 07:59:59.999,242670.66763000,1934,700853.40,111615.36496000,0
2025-11-29 08:00:00,0.1594,0.1609,0.1591,0.1602,2929459.3,2025-11-29 08:59:59.999,468623.53688000,2577,1358407.90,217248.98019000,0
2025-11-29 09:00:00,0.1602,0.1613,0.1601,0.1604,1766623.6,2025-11-29 09:59:59.999,283763.14555000,1817,892839.70,143416.43889000,0
2025-11-29 10:00:00,0.1604,0.161,0.1597,0.1602,2699342.1,2025-11-29 10:59:59.999,432902.07593000,2113,984594.10,157937.03136000,0
2025-11-29 11:00:00,0.1601,0.1609,0.16,0.1601,1347537.6,2025-11-29 11:59:59.999,216127.84825000,1582,616966.40,98958.21813000,0
2025-11-29 12:00:00,0.1601,0.1607,0.1596,0.1599,2182878.3,2025-11-29 12:59:59.999,349498.94557000,1829,889187.20,142372.46835000,0
2025-11-29 13:00:00,0.1598,0.1604,0.1592,0.16,2597164.1,2025-11-29 13:59:59.999,414988.47743000,2099,814148.90,130095.44871000,0
2025-11-29 14:00:00,0.1599,0.1603,0.1595,0.1597,1466654.8,2025-11-29 14:59:59.999,234438.92672000,1478,675418.40,107992.12162000,0
2025-11-29 15:00:00,0.1597,0.1609,0.1596,0.1605,2128844.1,2025-11-29 15:59:59.999,341387.21110000,2121,1308188.20,209819.94316000,0
2025-11-29 16:00:00,0.1606,0.161,0.1598,0.1608,1486782.0,2025-11-29 16:59:59.999,238637.18088000,1592,863187.20,138639.36204000,0
2025-11-29 17:00:00,0.1608,0.1611,0.1588,0.1594,2679865.3,2025-11-29 17:59:59.999,428191.56203000,2201,1093141.70,174474.85181000,0
2025-11-29 18:00:00,0.1594,0.1607,0.1592,0.1603,2532947.3,2025-11-29 18:59:59.999,405312.15569000,2246,1161027.60,185919.18318000,0
2025-11-29 19:00:00,0.1603,0.1612,0.1599,0.161,1359287.8,2025-11-29 19:59:59.999,218448.24747000,1154,923707.80,148491.41653000,0
2025-11-29 20:00:00,0.161,0.1611,0.1598,0.1607,794510.3,2025-11-29 20:59:59.999,127381.18768000,1233,379824.90,60885.54335000,0
2025-11-29 21:00:00,0.1608,0.161,0.1604,0.1607,712120.2,2025-11-29 21:59:59.999,114420.41606000,932,303448.70,48761.46592000,0
2025-11-29 22:00:00,0.1607,0.161,0.1599,0.1601,1189368.2,2025-11-29 22:59:59.999,190778.86844000,876,540265.60,86744.30075000,0
2025-11-29 23:00:00,0.1602,0.1604,0.1594,0.1602,1008323.6,2025-11-29 23:59:59.999,161344.77013000,918,585899.90,93796.55977000,0
2025-11-30 00:00:00,0.1603,0.1622,0.1603,0.1622,2721125.6,2025-11-30 00:59:59.999,439271.77679000,1732,1670976.30,269616.87744000,0
2025-11-30 01:00:00,0.1621,0.1626,0.1596,0.1605,9931703.9,2025-11-30 01:59:59.999,1597192.59113000,3866,5119252.70,822640.26964000,0
2025-11-30 02:00:00,0.1605,0.1606,0.1596,0.1598,1327379.0,2025-11-30 02:59:59.999,212606.70075000,1226,675722.50,108315.19097000,0
2025-11-30 03:00:00,0.1597,0.1599,0.1584,0.1599,2736236.9,2025-11-30 03:59:59.999,435253.65309000,2376,1334647.50,212299.29358000,0
2025-11-30 04:00:00,0.1599,0.1606,0.1592,0.16,2062887.9,2025-11-30 04:59:59.999,329880.95975000,1718,754101.10,120607.03161000,0
2025-11-30 05:00:00,0.1601,0.1601,0.1588,0.1589,1377814.0,2025-11-30 05:59:59.999,219235.93274000,1475,481502.60,76631.53923000,0
2025-11-30 06:00:00,0.159,0.1607,0.159,0.1602,1481990.1,2025-11-30 06:59:59.999,236855.07211000,1385,960721.40,153543.30764000,0
2025-11-30 07:00:00,0.1601,0.1608,0.1598,0.16,1260868.2,2025-11-30 07:59:59.999,202125.32144000,1234,539650.60,86509.00523000,0
2025-11-30 08:00:00,0.16,0.1601,0.1591,0.1592,1388668.5,2025-11-30 08:59:59.999,221457.66261000,1863,453952.50,72400.85427000,0
2025-11-30 09:00:00,0.1592,0.1597,0.159,0.1595,1490713.9,2025-11-30 09:59:59.999,237380.79243000,1436,642553.20,102357.83226000,0
2025-11-30 10:00:00,0.1595,0.1598,0.159,0.1592,2399676.1,2025-11-30 10:59:59.999,382227.20451000,1286,776439.90,123777.39701000,0
2025-11-30 11:00:00,0.1592,0.1595,0.1584,0.1589,1906377.8,2025-11-30 11:59:59.999,302740.20294000,1413,822877.40,130705.79562000,0
2025-11-30 12:00:00,0.159,0.1607,0.1587,0.1604,8121671.7,2025-11-30 12:59:59.999,1299335.93046000,1721,6898306.30,1103823.99420000,0
2025-11-30 13:00:00,0.1605,0.1612,0.1601,0.1603,7002719.8,2025-11-30 13:59:59.999,1125089.40785000,3308,3632806.30,583644.16140000,0
2025-11-30 14:00:00,0.1603,0.1605,0.1597,0.1604,1410922.2,2025-11-30 14:59:59.999,225927.25265000,1499,677646.40,108509.94653000,0
2025-11-30 15:00:00,0.1604,0.1604,0.1589,0.1593,2008116.5,2025-11-30 15:59:59.999,320076.38497000,1567,683066.90,108915.86503000,0
2025-11-30 16:00:00,0.1593,0.1605,0.1593,0.1594,2875859.2,2025-11-30 16:59:59.999,459642.38702000,1949,1090550.80,174321.17128000,0
2025-11-30 17:00:00,0.1593,0.1593,0.1566,0.1582,5177895.0,2025-11-30 17:59:59.999,816743.30595000,3810,2600236.50,410179.11307000,0
2025-11-30 18:00:00,0.1582,0.16,0.1555,0.159,13135396.8,2025-11-30 18:59:59.999,2066292.51788000,6306,7057565.80,1113827.92274000,0
2025-11-30 19:00:00,0.159,0.1596,0.1586,0.1589,2441427.8,2025-11-30 19:59:59.999,388717.94279000,1661,859466.10,136858.07315000,0
2025-11-30 20:00:00,0.1588,0.1596,0.1588,0.1594,502334.6,2025-11-30 20:59:59.999,80018.38464000,765,255222.10,40658.02979000,0
2025-11-30 21:00:00,0.1593,0.1598,0.1591,0.1593,1550949.1,2025-11-30 21:59:59.999,247406.91955000,1110,868897.20,138647.65796000,0
2025-11-30 22:00:00,0.1594,0.1597,0.1587,0.1593,1626629.7,2025-11-30 22:59:59.999,259148.59299000,1447,395682.20,63039.28497000,0
2025-11-30 23:00:00,0.1593,0.1596,0.1587,0.1593,2793361.5,2025-11-30 23:59:59.999,444633.71544000,2542,1300324.70,206941.77547000,0
2025-12-01 00:00:00,0.1594,0.1598,0.1513,0.152,19944619.7,2025-12-01 00:59:59.999,3080325.76957000,20182,6990396.20,1079461.01760000,0
2025-12-01 01:00:00,0.152,0.1528,0.1503,0.1507,13106524.0,2025-12-01 01:59:59.999,1985823.72225000,7939,5831805.60,883301.73044000,0
2025-12-01 02:00:00,0.1508,0.159,0.1505,0.1575,27135893.4,2025-12-01 02:59:59.999,4252014.73819000,16583,14101802.70,2207857.28801000,0
2025-12-01 03:00:00,0.1575,0.1576,0.1533,0.1535,11671773.2,2025-12-01 03:59:59.999,1816693.47273000,6496,3619173.20,563596.66144000,0
2025-12-01 04:00:00,0.1535,0.1548,0.1534,0.1539,15031245.4,2025-12-01 04:59:59.999,2317186.20213000,9243,7312172.70,1127602.34357000,0
2025-12-01 05:00:00,0.154,0.1542,0.1535,0.1539,3871653.6,2025-12-01 05:59:59.999,595250.70957000,2464,1554263.70,238975.41256000,0
2025-12-01 06:00:00,0.1539,0.1543,0.1507,0.1508,8557890.9,2025-12-01 06:59:59.999,1307072.06453000,4824,2800460.60,427376.75686000,0
2025-12-01 07:00:00,0.1508,0.1519,0.1494,0.1495,10634691.2,2025-12-01 07:59:59.999,1600638.08280000,4934,3597421.80,541769.33517000,0
2025-12-01 08:00:00,0.1495,0.1513,0.1495,0.1508,8917649.4,2025-12-01 08:59:59.999,1346370.63986000,5080,5700813.70,861054.74202000,0
2025-12-01 09:00:00,0.1508,0.1512,0.1501,0.1504,2898470.0,2025-12-01 09:59:59.999,436762.05966000,1948,1178535.30,177597.94306000,0
2025-12-01 10:00:00,0.1505,0.1506,0.1496,0.1504,2058721.6,2025-12-01 10:59:59.999,309055.79746000,1306,1157277.20,173789.31506000,0
2025-12-01 11:00:00,0.1504,0.1504,0.1478,0.1485,3548773.9,2025-12-01 11:59:59.999,527807.50462000,2779,1330620.80,198095.40759000,0
2025-12-01 12:00:00,0.1486,0.1488,0.1445,0.1464,11517911.8,2025-12-01 12:59:59.999,1683065.81660000,6114,5556970.70,811687.52914000,0
2025-12-01 13:00:00,0.1463,0.1476,0.1458,0.146,8206169.7,2025-12-01 13:59:59.999,1204113.62335000,5219,3148182.40,461895.64800000,0
2025-12-01 14:00:00,0.146,0.1472,0.1452,0.1468,16053821.8,2025-12-01 14:59:59.999,2346772.61282000,8943,7583941.30,1108248.99313000,0
2025-12-01 15:00:00,0.1468,0.1469,0.1423,0.144,37292470.6,2025-12-01 15:59:59.999,5371100.08285000,14137,27336494.20,3935140.59653000,0
2025-12-01 16:00:00,0.144,0.1473,0.1426,0.1464,10344951.7,2025-12-01 16:59:59.999,1496090.56161000,10568,4530522.60,655886.06241000,0
2025-12-01 17:00:00,0.1464,0.1582,0.1463,0.1535,98224177.1,2025-12-01 17:59:59.999,15133454.54430000,55000,39753665.80,6084917.87262000,0
2025-12-01 18:00:00,0.1535,0.1566,0.1517,0.1528,20198974.8,2025-12-01 18:59:59.999,3110565.88869000,14702,10698929.40,1648263.85534000,0
2025-12-01 19:00:00,0.1529,0.1542,0.1506,0.1518,8946925.4,2025-12-01 19:59:59.999,1360977.54125000,7428,4368499.20,664823.70000000,0
2025-12-01 20:00:00,0.1519,0.1532,0.1508,0.1511,4050914.6,2025-12-01 20:59:59.999,616251.24598000,3848,2444992.00,372055.65968000,0
2025-12-01 21:00:00,0.1511,0.1529,0.1511,0.1528,1743800.3,2025-12-01 21:59:59.999,265432.82202000,2294,1018078.80,154962.53401000,0
2025-12-01 22:00:00,0.1527,0.1543,0.1527,0.1534,2291824.3,2025-12-01 22:59:59.999,352343.59054000,2633,1195232.40,183731.11505000,0
2025-12-01 23:00:00,0.1534,0.1544,0.1532,0.1535,1502222.6,2025-12-01 23:59:59.999,230982.91673000,1773,1038562.40,159732.81453000,0
2025-12-02 00:00:00,0.1535,0.1552,0.153,0.1548,2810516.6,2025-12-02 00:59:59.999,432303.93152000,3011,1696653.70,261004.08603000,0
2025-12-02 01:00:00,0.1548,0.1582,0.1505,0.1506,13554014.2,2025-12-02 01:59:59.999,2085743.63784000,11107,6372770.70,981691.08973000,0
2025-12-02 02:00:00,0.1505,0.1528,0.1503,0.1527,3918352.7,2025-12-02 02:59:59.999,594644.19573000,3476,1760788.50,267212.21265000,0
2025-12-02 03:00:00,0.1526,0.1548,0.1523,0.1537,6096707.6,2025-12-02 03:59:59.999,934878.94520000,5226,2915566.60,447513.62730000,0
2025-12-02 04:00:00,0.1537,0.1543,0.1525,0.1528,2480143.7,2025-12-02 04:59:59.999,379920.61405000,1920,1298888.70,199077.39285000,0
2025-12-02 05:00:00,0.1527,0.1547,0.1525,0.154,2031980.3,2025-12-02 05:59:59.999,312645.29787000,1749,1246483.80,191783.64744000,0
2025-12-02 06:00:00,0.154,0.1551,0.1536,0.1543,3429557.6,2025-12-02 06:59:59.999,529361.09666000,1994,1384714.40,213930.21606000,0
2025-12-02 07:00:00,0.1544,0.1565,0.1537,0.1561,2099750.8,2025-12-02 07:59:59.999,325401.17917000,2084,1282679.40,198876.50950000,0
2025-12-02 08:00:00,0.1562,0.1568,0.1538,0.1544,5774641.9,2025-12-02 08:59:59.999,897869.04368000,4143,2135784.10,332262.11370000,0
2025-12-02 09:00:00,0.1544,0.1559,0.1535,0.1555,3734545.4,2025-12-02 09:59:59.999,577970.45942000,3102,2233247.50,345812.26640000,0
2025-12-02 10:00:00,0.1555,0.1571,0.1549,0.1566,3439071.3,2025-12-02 10:59:59.999,536499.83351000,3048,1794254.70,279998.05823000,0
2025-12-02 11:00:00,0.1566,0.1574,0.156,0.1566,3103052.8,2025-12-02 11:59:59.999,486536.19771000,2647,1528100.00,239684.82309000,0
2025-12-02 12:00:00,0.1567,0.159,0.1564,0.1583,5012996.9,2025-12-02 12:59:59.999,789517.03331000,3191,3130501.80,493179.90948000,0
2025-12-02 13:00:00,0.1584,0.1612,0.1571,0.1602,9254256.9,2025-12-02 13:59:59.999,1476351.76324000,5889,5134105.50,819869.88361000,0
2025-12-02 14:00:00,0.1601,0.1613,0.1589,0.1601,7114326.3,2025-12-02 14:59:59.999,1137774.56014000,6179,3715210.90,594211.31474000,0
2025-12-02 15:00:00,0.1602,0.1638,0.1601,0.1622,22969443.1,2025-12-02 15:59:59.999,3726160.02015000,14064,10529408.80,1708286.76867000,0
2025-12-02 16:00:00,0.1622,0.1622,0.1603,0.1614,8197625.9,2025-12-02 16:59:59.999,1322526.03979000,5618,3075810.60,496237.05204000,0
2025-12-02 17:00:00,0.1614,0.1628,0.1601,0.1608,10333783.5,2025-12-02 17:59:59.999,1670937.77494000,7045,4015926.50,649142.45872000,0
2025-12-02 18:00:00,0.1608,0.1615,0.1594,0.1602,2964573.8,2025-12-02 18:59:59.999,475524.98958000,2930,1176058.20,188809.77582000,0
2025-12-02 19:00:00,0.1603,0.1609,0.1595,0.1605,2258979.6,2025-12-02 19:59:59.999,362049.53641000,2612,1362511.30,218539.66963000,0
2025-12-02 20:00:00,0.1606,0.1608,0.1587,0.1595,3583858.2,2025-12-02 20:59:59.999,572019.32523000,3708,1581040.70,252434.20847000,0
2025-12-02 21:00:00,0.1595,0.1603,0.1591,0.1602,1374475.3,2025-12-02 21:59:59.999,219517.22300000,1907,826396.10,132015.46833000,0
2025-12-02 22:00:00,0.1603,0.1615,0.16,0.1615,2945013.8,2025-12-02 22:59:59.999,473785.09694000,2349,1717771.80,276358.24826000,0
2025-12-02 23:00:00,0.1614,0.1614,0.1597,0.1606,3007280.8,2025-12-02 23:59:59.999,483217.11551000,2178,1500602.50,241143.25757000,0
2025-12-03 00:00:00,0.1605,0.1613,0.1594,0.1595,3415709.8,2025-12-03 00:59:59.999,547575.61974000,2173,1691740.20,271220.10044000,0
2025-12-03 01:00:00,0.1595,0.1606,0.1594,0.1604,1575222.0,2025-12-03 01:59:59.999,251915.31880000,1621,1052802.60,168367.15377000,0
2025-12-03 02:00:00,0.1604,0.1613,0.1603,0.1609,3194393.6,2025-12-03 02:59:59.999,514181.74699000,2379,1663182.90,267726.27541000,0
2025-12-03 03:00:00,0.1608,0.1614,0.1604,0.1605,1880131.4,2025-12-03 03:59:59.999,302408.45924000,1589,954754.90,153587.64341000,0
2025-12-03 04:00:00,0.1604,0.1618,0.1603,0.1609,2735413.5,2025-12-03 04:59:59.999,440037.12925000,2288,1687512.60,271555.09833000,0
2025-12-03 05:00:00,0.1608,0.1616,0.1607,0.1614,3250814.3,2025-12-03 05:59:59.999,523856.94739000,2296,1737876.90,280060.98452000,0
2025-12-03 06:00:00,0.1614,0.1648,0.1613,0.1636,7827713.8,2025-12-03 06:59:59.999,1277150.22944000,6596,4394829.00,716976.38889000,0
2025-12-03 07:00:00,0.1636,0.1643,0.1621,0.1624,3382213.7,2025-12-03 07:59:59.999,551652.86325000,3116,1617118.20,263987.63228000,0
2025-12-03 08:00:00,0.1623,0.1624,0.1606,0.1613,3163124.8,2025-12-03 08:59:59.999,510272.17643000,2724,951645.40,153487.58211000,0
2025-12-03 09:00:00,0.1613,0.1618,0.1601,0.1611,1767166.0,2025-12-03 09:59:59.999,284181.53469000,2155,632062.20,101763.38676000,0
2025-12-03 10:00:00,0.161,0.1615,0.1601,0.1602,1690102.7,2025-12-03 10:59:59.999,271872.97446000,1881,894505.80,143938.99281000,0
2025-12-03 11:00:00,0.1602,0.1614,0.1596,0.1612,2812040.3,2025-12-03 11:59:59.999,450998.81999000,3318,1271861.00,204098.28843000,0
2025-12-03 12:00:00,0.1612,0.1618,0.16,0.161,4461766.5,2025-12-03 12:59:59.999,718102.42232000,4785,1657910.50,266783.89822000,0
2025-12-03 13:00:00,0.1611,0.1622,0.161,0.1621,1812763.2,2025-12-03 13:59:59.999,292714.74987000,2426,1216527.40,196464.12706000,0
2025-12-03 14:00:00,0.1621,0.1627,0.158,0.1606,9927273.0,2025-12-03 14:59:59.999,1592273.37142000,13310,4332046.00,695800.68021000,0
2025-12-03 15:00:00,0.1607,0.162,0.1592,0.1595,7329038.3,2025-12-03 15:59:59.999,1174194.00026000,5388,3426537.40,548916.74814000,0
2025-12-03 16:00:00,0.1595,0.1608,0.1586,0.1596,4774912.1,2025-12-03 16:59:59.999,761939.36433000,3769,2409974.20,384782.65172000,0
2025-12-03 17:00:00,0.1596,0.1604,0.1565,0.1596,7954677.8,2025-12-03 17:59:59.999,1261400.75425000,7895,4240658.30,672756.56479000,0
2025-12-03 18:00:00,0.1597,0.1602,0.1588,0.1592,1653240.1,2025-12-03 18:59:59.999,263796.46340000,2236,677467.20,108101.62154000,0
2025-12-03 19:00:00,0.1593,0.1602,0.1593,0.1598,2239050.7,2025-12-03 19:59:59.999,357538.68054000,1805,1232142.60,196694.87574000,0
2025-12-03 20:00:00,0.1598,0.1598,0.1583,0.1591,5073085.3,2025-12-03 20:59:59.999,805876.92285000,3435,2746142.10,436055.68505000,0
2025-12-03 21:00:00,0.1591,0.1607,0.1588,0.1605,1947769.6,2025-12-03 21:59:59.999,311044.82217000,2327,1065223.40,170158.02700000,0
2025-12-03 22:00:00,0.1604,0.1613,0.1594,0.1608,3510159.3,2025-12-03 22:59:59.999,562757.93533000,3918,1802925.00,289132.71448000,0
2025-12-03 23:00:00,0.1608,0.1616,0.1605,0.1608,2163038.8,2025-12-03 23:59:59.999,348395.26835000,2278,1169594.80,188441.21385000,0
2025-12-04 00:00:00,0.1608,0.1615,0.1605,0.161,2571095.7,2025-12-04 00:59:59.999,413619.69798000,2228,1766341.30,284122.36413000,0
2025-12-04 01:00:00,0.1609,0.1627,0.1609,0.161,2101342.8,2025-12-04 01:59:59.999,339883.42066000,2285,1069867.90,173068.39968000,0
2025-12-04 02:00:00,0.161,0.1621,0.1608,0.1618,2180473.7,2025-12-04 02:59:59.999,352520.71006000,2806,1304491.40,210931.31262000,0
2025-12-04 03:00:00,0.1618,0.1621,0.1614,0.1618,1733963.1,2025-12-04 03:59:59.999,280404.79175000,1473,615581.10,99585.61704000,0
2025-12-04 04:00:00,0.1618,0.1625,0.1601,0.1608,2776937.9,2025-12-04 04:59:59.999,447030.31643000,1847,1122054.60,180576.19533000,0
2025-12-04 05:00:00,0.1607,0.1609,0.1596,0.1605,2744329.1,2025-12-04 05:59:59.999,439421.34156000,2053,1579404.30,252871.12620000,0
2025-12-04 06:00:00,0.1606,0.1614,0.1602,0.1606,1406323.7,2025-12-04 06:59:59.999,226055.08257000,1561,745040.90,119796.00737000,0
2025-12-04 07:00:00,0.1607,0.1607,0.16,0.1605,1648008.0,2025-12-04 07:59:59.999,264011.38128000,1342,626965.20,100504.22073000,0
2025-12-04 08:00:00,0.1605,0.1606,0.1592,0.1596,1761163.7,2025-12-04 08:59:59.999,281872.43327000,1515,643015.20,102915.25378000,0
2025-12-04 09:00:00,0.1595,0.1598,0.1583,0.1584,3198606.0,2025-12-04 09:59:59.999,508421.36821000,2584,1564658.10,248890.07719000,0
2025-12-04 10:00:00,0.1583,0.1587,0.1577,0.1582,3750855.6,2025-12-04 10:59:59.999,593214.06999000,4353,1860394.10,294242.51777000,0
2025-12-04 11:00:00,0.1582,0.1594,0.1581,0.1593,2335595.3,2025-12-04 11:59:59.999,370698.70250000,2728,913353.10,145058.19929000,0
2025-12-04 12:00:00,0.1594,0.1596,0.1573,0.1579,2766589.0,2025-12-04 12:59:59.999,438153.81770000,2356,916687.20,145246.37545000,0
2025-12-04 13:00:00,0.1579,0.1579,0.1561,0.1566,3248826.0,2025-12-04 13:59:59.999,509827.61397000,2851,1350134.50,211926.78297000,0
2025-12-04 14:00:00,0.1566,0.1574,0.1561,0.1566,1710310.0,2025-12-04 14:59:59.999,268039.59862000,2611,673982.00,105716.65569000,0
2025-12-04 15:00:00,0.1566,0.1588,0.1565,0.158,2492359.1,2025-12-04 15:59:59.999,392652.78128000,3246,1218778.00,192174.41882000,0
2025-12-04 16:00:00,0.158,0.1581,0.1541,0.1543,7402136.3,2025-12-04 16:59:59.999,1151873.36019000,5017,2132258.10,331941.23977000,0
2025-12-04 17:00:00,0.1543,0.1546,0.1527,0.1537,8302633.3,2025-12-04 17:59:59.999,1274866.01622000,4782,3211938.50,493400.94685000,0
2025-12-04 18:00:00,0.1537,0.1545,0.1524,0.153,3481742.7,2025-12-04 18:59:59.999,534067.22250000,2732,1870966.50,287196.05120000,0
2025-12-04 19:00:00,0.153,0.1532,0.1509,0.1527,3466457.7,2025-12-04 19:59:59.999,527502.06537000,3980,1702258.00,259297.08137000,0
2025-12-04 20:00:00,0.1528,0.1532,0.1522,0.1528,1127518.6,2025-12-04 20:59:59.999,172084.58258000,1568,675048.60,103030.24838000,0
2025-12-04 21:00:00,0.1527,0.1537,0.1526,0.1537,1939703.4,2025-12-04 21:59:59.999,297351.73341000,1520,1313034.60,201349.22730000,0
2025-12-04 22:00:00,0.1538,0.1543,0.1532,0.1538,2110679.0,2025-12-04 22:59:59.999,324377.15880000,2093,774856.40,119160.17438000,0
2025-12-04 23:00:00,0.1538,0.1542,0.1528,0.1533,3712835.2,2025-12-04 23:59:59.999,569633.26885000,3366,809326.60,124186.89210000,0
2025-12-05 00:00:00,0.1533,0.1537,0.1525,0.1528,2822939.3,2025-12-05 00:59:59.999,432488.04473000,2961,983345.20,150639.20981000,0
2025-12-05 01:00:00,0.1527,0.1544,0.1522,0.1531,2685287.4,2025-12-05 01:59:59.999,411632.28076000,2804,1509874.60,231467.95999000,0
2025-12-05 02:00:00,0.1531,0.1538,0.1529,0.1535,1225160.8,2025-12-05 02:59:59.999,187897.33645000,1050,782704.30,120027.30141000,0
2025-12-05 03:00:00,0.1535,0.1537,0.1528,0.1531,1000357.1,2025-12-05 03:59:59.999,153248.72214000,1021,357297.40,54739.30467000,0
2025-12-05 04:00:00,0.153,0.1533,0.1522,0.1528,1938747.0,2025-12-05 04:59:59.999,296245.77456000,1946,970163.50,148319.99364000,0
2025-12-05 05:00:00,0.1529,0.1553,0.1529,0.1541,4676785.8,2025-12-05 05:59:59.999,721328.14359000,3187,2415419.30,372418.36510000,0
2025-12-05 06:00:00,0.1542,0.1555,0.154,0.1546,1448691.6,2025-12-05 06:59:59.999,224254.78858000,1574,608498.50,94087.01885000,0
2025-12-05 07:00:00,0.1546,0.1554,0.1546,0.1551,2687685.4,2025-12-05 07:59:59.999,416561.58700000,3368,1462641.60,226731.34234000,0
2025-12-05 08:00:00,0.155,0.1551,0.1537,0.1542,1174034.4,2025-12-05 08:59:59.999,181341.22400000,1482,374004.80,57752.60099000,0
2025-12-05 09:00:00,0.1541,0.1542,0.1517,0.1525,2627548.9,2025-12-05 09:59:59.999,401032.08955000,2242,1103432.20,168376.16338000,0
2025-12-05 10:00:00,0.1525,0.1533,0.1525,0.1525,1230224.8,2025-12-05 10:59:59.999,188071.00002000,1220,600750.80,91890.33204000,0
2025-12-05 11:00:00,0.1525,0.1529,0.1515,0.1518,1385635.6,2025-12-05 11:59:59.999,210686.06017000,1322,385411.60,58698.24185000,0
2025-12-05 12:00:00,0.1518,0.152,0.151,0.1517,1352645.0,2025-12-05 12:59:59.999,204966.30626000,1474,652551.20,98891.00588000,0
2025-12-05 13:00:00,0.1517,0.1522,0.1506,0.1516,2755871.9,2025-12-05 13:59:59.999,416563.86621000,2974,1212496.20,183155.44898000,0
2025-12-05 14:00:00,0.1516,0.1523,0.1513,0.1519,3161302.9,2025-12-05 14:59:59.999,479850.27213000,3113,1867799.20,283611.97087000,0
2025-12-05 15:00:00,0.152,0.1545,0.152,0.1531,4660784.0,2025-12-05 15:59:59.999,715183.65677000,5510,2528109.10,388002.32760000,0
2025-12-05 16:00:00,0.1531,0.1532,0.1485,0.1507,8837400.8,2025-12-05 16:59:59.999,1329437.67940000,9015,3796808.80,571847.42455000,0
2025-12-05 17:00:00,0.1507,0.1516,0.1495,0.1507,2099514.2,2025-12-05 17:59:59.999,316270.52685000,2811,663845.20,99976.99235000,0
2025-12-05 18:00:00,0.1508,0.1518,0.149,0.1493,3721708.5,2025-12-05 18:59:59.999,559270.71025000,3424,961871.80,144549.37243000,0
2025-12-05 19:00:00,0.1493,0.1508,0.1483,0.1504,1658950.2,2025-12-05 19:59:59.999,248326.71191000,2437,805287.10,120710.05926000,0
2025-12-05 20:00:00,0.1505,0.1513,0.1499,0.1501,897913.3,2025-12-05 20:59:59.999,135288.75150000,1662,529573.00,79831.55444000,0
2025-12-05 21:00:00,0.1501,0.1508,0.1498,0.1505,1228130.7,2025-12-05 21:59:59.999,184618.38901000,1658,523594.80,78733.23118000,0
2025-12-05 22:00:00,0.1506,0.1516,0.1502,0.1511,1046842.4,2025-12-05 22:59:59.999,158080.73638000,1300,353171.10,53336.45181000,0
2025-12-05 23:00:00,0.1512,0.1517,0.1508,0.1509,743192.6,2025-12-05 23:59:59.999,112345.05418000,1346,317247.60,47984.74194000,0
2025-12-06 00:00:00,0.151,0.1511,0.1499,0.1503,1162784.3,2025-12-06 00:59:59.999,174675.42437000,1336,388429.40,58353.17337000,0
2025-12-06 01:00:00,0.1502,0.1507,0.15,0.1505,478369.9,2025-12-06 01:59:59.999,71900.61020000,835,173679.00,26114.01729000,0
2025-12-06 02:00:00,0.1505,0.1514,0.1501,0.1512,391300.3,2025-12-06 02:59:59.999,58982.31737000,663,204664.60,30871.45402000,0
2025-12-06 03:00:00,0.1513,0.1522,0.1507,0.1508,1429945.6,2025-12-06 03:59:59.999,216806.87314000,1127,748048.30,113499.29801000,0
2025-12-06 04:00:00,0.1509,0.1509,0.1501,0.1502,507938.4,2025-12-06 04:59:59.999,76378.26069000,787,214428.20,32252.08508000,0
2025-12-06 05:00:00,0.1503,0.1508,0.15,0.15,403512.9,2025-12-06 05:59:59.999,60626.61537000,654,133767.80,20112.84098000,0
2025-12-06 06:00:00,0.15,0.15,0.1494,0.1497,669105.9,2025-12-06 06:59:59.999,100179.75018000,1034,307066.60,45980.70485000,0
2025-12-06 07:00:00,0.1498,0.1505,0.1497,0.1499,1042019.9,2025-12-06 07:59:59.999,156399.95004000,1314,431783.60,64821.45410000,0
2025-12-06 08:00:00,0.1499,0.15,0.148,0.1483,2049972.8,2025-12-06 08:59:59.999,305505.80552000,1711,783185.20,116638.60731000,0
2025-12-06 09:00:00,0.1483,0.1493,0.1482,0.1492,948541.3,2025-12-06 09:59:59.999,141171.18509000,1139,571979.40,85160.57216000,0
2025-12-06 10:00:00,0.1492,0.1495,0.1487,0.1489,614742.1,2025-12-06 10:59:59.999,91584.23887000,626,109502.70,16328.65427000,0
2025-12-06 11:00:00,0.1489,0.1492,0.1486,0.1489,650486.8,2025-12-06 11:59:59.999,96866.30913000,858,285927.60,42592.25795000,0
2025-12-06 12:00:00,0.1488,0.1492,0.1485,0.149,452321.6,2025-12-06 12:59:59.999,67343.77621000,723,246233.10,36672.47334000,0
2025-12-06 13:00:00,0.149,0.1503,0.1489,0.1496,909735.6,2025-12-06 13:59:59.999,136165.90458000,972,577484.60,86423.53658000,0
2025-12-06 14:00:00,0.1496,0.1512,0.1495,0.1502,1771418.2,2025-12-06 14:59:59.999,266428.71591000,1545,1081439.30,162645.82473000,0
2025-12-06 15:00:00,0.1503,0.1503,0.1482,0.1485,4035970.8,2025-12-06 15:59:59.999,601158.75418000,2577,1484783.80,221207.79639000,0
2025-12-06 16:00:00,0.1486,0.1499,0.1486,0.1495,1261341.3,2025-12-06 16:59:59.999,188171.05939000,1192,642335.90,95760.31543000,0
2025-12-06 17:00:00,0.1494,0.151,0.1493,0.1508,607692.2,2025-12-06 17:59:59.999,91238.17780000,923,470021.30,70545.82514000,0
2025-12-06 18:00:00,0.1509,0.1511,0.1504,0.1505,2501672.8,2025-12-06 18:59:59.999,376811.70250000,1167,866306.80,130638.10154000,0
2025-12-06 19:00:00,0.1505,0.1508,0.1497,0.1503,856111.2,2025-12-06 19:59:59.999,128596.94824000,1016,384682.10,57771.08022000,0
2025-12-06 20:00:00,0.1503,0.1506,0.1499,0.1503,373557.3,2025-12-06 20:59:59.999,56127.84029000,456,112996.30,16987.16310000,0
2025-12-06 21:00:00,0.1502,0.1515,0.1502,0.1511,914164.8,2025-12-06 21:59:59.999,138049.14280000,1421,613798.60,92676.95257000,0
2025-12-06 22:00:00,0.151,0.1518,0.1508,0.1517,792918.9,2025-12-06 22:59:59.999,120012.15471000,985,339813.50,51441.35238000,0
2025-12-06 23:00:00,0.1516,0.1518,0.1502,0.1511,958095.6,2025-12-06 23:59:59.999,144594.53214000,1138,338807.50,51089.05663000,0
2025-12-07 00:00:00,0.151,0.1526,0.151,0.1522,1500671.5,2025-12-07 00:59:59.999,227827.42130000,1742,801264.40,121684.96565000,0
2025-12-07 01:00:00,0.1523,0.1525,0.1514,0.1514,649179.0,2025-12-07 01:59:59.999,98664.65871000,865,243129.30,36978.70676000,0
2025-12-07 02:00:00,0.1514,0.1517,0.1509,0.1515,464637.3,2025-12-07 02:59:59.999,70305.37707000,869,238524.60,36105.98959000,0
2025-12-07 03:00:00,0.1515,0.1515,0.1505,0.1509,459837.7,2025-12-07 03:59:59.999,69438.62778000,731,206743.20,31221.18885000,0
2025-12-07 04:00:00,0.1508,0.1508,0.1494,0.1496,648074.5,2025-12-07 04:59:59.999,97272.09442000,941,189423.80,28424.64587000,0
2025-12-07 05:00:00,0.1496,0.1498,0.149,0.1498,477393.1,2025-12-07 05:59:59.999,71363.67371000,772,283797.50,42441.16621000,0
2025-12-07 06:00:00,0.1498,0.15,0.1496,0.1498,333422.6,2025-12-07 06:59:59.999,49938.88535000,457,149524.30,22402.17522000,0
2025-12-07 07:00:00,0.1498,0.1498,0.1483,0.1487,1376638.5,2025-12-07 07:59:59.999,204900.59233000,1269,900679.40,134097.77093000,0
2025-12-07 08:00:00,0.1487,0.1487,0.1475,0.1481,2962511.3,2025-12-07 08:59:59.999,438991.71269000,1875,1850737.70,274281.09001000,0
2025-12-07 09:00:00,0.1481,0.1483,0.1465,0.147,2259492.1,2025-12-07 09:59:59.999,332720.45780000,1918,1126626.40,165932.37851000,0
2025-12-07 10:00:00,0.147,0.1475,0.1467,0.1471,1873787.2,2025-12-07 10:59:59.999,275573.75322000,1710,1103289.80,162259.35520000,0
2025-12-07 11:00:00,0.147,0.1471,0.1466,0.1471,626148.2,2025-12-07 11:59:59.999,91986.33329000,743,337940.30,49642.23669000,0
2025-12-07 12:00:00,0.1472,0.1479,0.147,0.1477,911454.8,2025-12-07 12:59:59.999,134410.99632000,1172,541908.30,79984.49018000,0
2025-12-07 13:00:00,0.1477,0.1477,0.1458,0.1464,2217599.5,2025-12-07 13:59:59.999,324869.30457000,2605,941933.80,137985.28261000,0
2025-12-07 14:00:00,0.1464,0.1478,0.1432,0.1459,8638841.1,2025-12-07 14:59:59.999,1254827.50179000,9429,4547205.00,660278.43828000,0
2025-12-07 15:00:00,0.1458,0.1497,0.1458,0.1491,4354337.2,2025-12-07 15:59:59.999,644716.59454000,4482,2552127.40,377979.04196000,0
2025-12-07 16:00:00,0.1491,0.1491,0.1478,0.1487,1370935.5,2025-12-07 16:59:59.999,203598.22177000,2083,690508.40,102586.66470000,0
2025-12-07 17:00:00,0.1487,0.1508,0.1478,0.1503,2822651.9,2025-12-07 17:59:59.999,422619.30365000,2881,1351296.40,202385.41652000,0
2025-12-07 18:00:00,0.1504,0.1521,0.1504,0.1514,1433216.1,2025-12-07 18:59:59.999,216644.75220000,1979,868031.90,131263.85946000,0
2025-12-07 19:00:00,0.1514,0.1516,0.1508,0.1516,1684043.8,2025-12-07 19:59:59.999,254792.96234000,1252,887831.00,134374.78275000,0
2025-12-07 20:00:00,0.1516,0.1517,0.1507,0.1512,518751.2,2025-12-07 20:59:59.999,78343.75044000,703,221932.80,33540.56691000,0
2025-12-07 21:00:00,0.1512,0.1513,0.149,0.1497,3247352.8,2025-12-07 21:59:59.999,487408.93410000,2180,1398845.70,210018.95169000,0
2025-12-07 22:00:00,0.1496,0.1496,0.1468,0.1481,3284008.0,2025-12-07 22:59:59.999,486694.51150000,4234,1040247.40,154023.16424000,0
2025-12-07 23:00:00,0.1481,0.1485,0.1472,0.1484,814773.7,2025-12-07 23:59:59.999,120369.54455000,1266,299344.00,44274.23646000,0
2025-12-08 00:00:00,0.1484,0.149,0.1478,0.1485,820840.6,2025-12-08 00:59:59.999,121868.96083000,1202,433982.30,64421.21875000,0
2025-12-08 01:00:00,0.1485,0.1501,0.1484,0.1487,1215749.1,2025-12-08 01:59:59.999,181316.88071000,1653,468382.10,69908.81720000,0
2025-12-08 02:00:00,0.1486,0.1497,0.1486,0.1495,335211.5,2025-12-08 02:59:59.999,49968.24074000,794,204481.90,30505.19125000,0
2025-12-08 03:00:00,0.1495,0.1503,0.149,0.1497,563407.3,2025-12-08 03:59:59.999,84304.94585000,875,223656.30,33464.96102000,0
2025-12-08 04:00:00,0.1497,0.1506,0.1496,0.1503,508703.9,2025-12-08 04:59:59.999,76420.50209000,1033,213710.20,32089.80779000,0
2025-12-08 05:00:00,0.1503,0.151,0.15,0.1504,1263445.1,2025-12-08 05:59:59.999,190224.59578000,1727,704626.80,106112.62735000,0
2025-12-08 06:00:00,0.1504,0.1508,0.1496,0.1503,769378.9,2025-12-08 06:59:59.999,115499.82967000,876,377658.10,56735.22344000,0
2025-12-08 07:00:00,0.1502,0.1506,0.1497,0.1504,1374945.1,2025-12-08 07:59:59.999,206468.23223000,1207,756771.20,113683.37185000,0
2025-12-08 08:00:00,0.1503,0.1512,0.1502,0.1506,1196286.5,2025-12-08 08:59:59.999,180204.98828000,1337,241580.50,36421.15823000,0
2025-12-08 09:00:00,0.1506,0.152,0.1506,0.1508,1596448.7,2025-12-08 09:59:59.999,241358.44856000,1788,879048.50,132922.32245000,0
2025-12-08 10:00:00,0.1509,0.1509,0.1502,0.1504,610547.1,2025-12-08 10:59:59.999,91944.69681000,912,335846.70,50598.86324000,0
2025-12-08 11:00:00,0.1503,0.1503,0.149,0.1499,1718748.1,2025-12-08 11:59:59.999,257115.85832000,1507,462802.00,69231.71777000,0
2025-12-08 12:00:00,0.1499,0.1499,0.1487,0.1494,2276859.9,2025-12-08 12:59:59.999,339998.68002000,2163,1262104.70,188550.75933000,0
2025-12-08 13:00:00,0.1494,0.1496,0.1484,0.1488,1354007.7,2025-12-08 13:59:59.999,201729.63550000,1642,598518.00,89245.54619000,0
2025-12-08 14:00:00,0.1488,0.1568,0.1476,0.1536,18110897.9,2025-12-08 14:59:59.999,2770934.47696000,14182,9163886.00,1400651.83650000,0
2025-12-08 15:00:00,0.1536,0.1551,0.1511,0.1531,12987163.4,2025-12-08 15:59:59.999,1991377.57710000,11808,6181603.00,948212.61677000,0
2025-12-08 16:00:00,0.1531,0.1537,0.1516,0.1519,4695834.7,2025-12-08 16:59:59.999,717306.32353000,4663,2361260.10,360678.53877000,0
2025-12-08 17:00:00,0.152,0.152,0.1501,0.1508,4013329.3,2025-12-08 17:59:59.999,605111.14068000,2942,1812693.10,273290.17186000,0
2025-12-08 18:00:00,0.1509,0.1515,0.1493,0.1497,2283074.0,2025-12-08 18:59:59.999,343721.29247000,2468,1610459.60,242518.25895000,0
2025-12-08 19:00:00,0.1498,0.1502,0.1492,0.1495,977415.1,2025-12-08 19:59:59.999,146240.11967000,1173,328353.60,49147.46848000,0
2025-12-08 20:00:00,0.1496,0.1502,0.1492,0.1498,805463.3,2025-12-08 20:59:59.999,120618.92098000,1161,437200.00,65484.41241000,0
2025-12-08 21:00:00,0.1498,0.1513,0.1494,0.1512,907298.7,2025-12-08 21:59:59.999,136320.64495000,1180,510757.80,76846.67359000,0
2025-12-08 22:00:00,0.1512,0.1515,0.1498,0.1505,824296.3,2025-12-08 22:59:59.999,123921.65887000,1039,280111.50,42087.79218000,0
2025-12-08 23:00:00,0.1504,0.1511,0.1501,0.1508,642453.0,2025-12-08 23:59:59.999,96701.81333000,1102,329135.00,49558.21066000,0
2025-12-09 00:00:00,0.1508,0.1524,0.1508,0.1516,1602022.5,2025-12-09 00:59:59.999,243172.97716000,1960,649910.20,98671.82122000,0
2025-12-09 01:00:00,0.1516,0.1521,0.1499,0.1503,1836605.4,2025-12-09 01:59:59.999,277255.73995000,2374,701561.50,106006.54741000,0
2025-12-09 02:00:00,0.1503,0.1516,0.1501,0.151,1443211.1,2025-12-09 02:59:59.999,217804.91755000,1871,651287.20,98295.75070000,0
2025-12-09 03:00:00,0.151,0.1515,0.1504,0.1508,1158428.6,2025-12-09 03:59:59.999,174893.18463000,1721,621307.90,93819.40279000,0
2025-12-09 04:00:00,0.1509,0.1511,0.1496,0.1499,1433173.7,2025-12-09 04:59:59.999,215448.02728000,1403,836494.80,125781.02417000,0
2025-12-09 05:00:00,0.1498,0.1508,0.1497,0.1506,879774.7,2025-12-09 05:59:59.999,132230.62643000,1132,510071.70,76650.57401000,0
2025-12-09 06:00:00,0.1507,0.1518,0.1492,0.1499,2736259.1,2025-12-09 06:59:59.999,410999.61077000,2408,1003400.30,150815.36975000,0
2025-12-09 07:00:00,0.1499,0.1501,0.1494,0.15,1065162.8,2025-12-09 07:59:59.999,159518.71868000,1522,686387.90,102810.24645000,0
2025-12-09 08:00:00,0.15,0.1501,0.149,0.1494,718837.6,2025-12-09 08:59:59.999,107476.83626000,935,365582.60,54666.20718000,0
2025-12-09 09:00:00,0.1494,0.1498,0.1487,0.1488,506121.2,2025-12-09 09:59:59.999,75524.46904000,885,194883.90,29067.59241000,0
2025-12-09 10:00:00,0.1489,0.149,0.1479,0.1486,848919.6,2025-12-09 10:59:59.999,125968.36746000,1463,485886.40,72114.49248000,0
2025-12-09 11:00:00,0.1485,0.149,0.148,0.1487,824961.9,2025-12-09 11:59:59.999,122589.31874000,1422,478773.50,71171.29654000,0
2025-12-09 12:00:00,0.1487,0.1497,0.1485,0.1494,1155374.1,2025-12-09 12:59:59.999,172262.91251000,1763,741655.50,110573.25699000,0
2025-12-09 13:00:00,0.1494,0.1499,0.1487,0.1493,1291378.9,2025-12-09 13:59:59.999,192676.98850000,1519,746518.40,111298.26317000,0
2025-12-09 14:00:00,0.1493,0.1501,0.149,0.1498,1311684.5,2025-12-09 14:59:59.999,196100.49627000,2045,770708.50,115267.88336000,0
2025-12-09 15:00:00,0.1498,0.1541,0.1496,0.1533,6380763.4,2025-12-09 15:59:59.999,967180.42125000,7810,3066676.40,465483.22732000,0
2025-12-09 16:00:00,0.1534,0.1586,0.1524,0.1578,18653436.1,2025-12-09 16:59:59.999,2897843.42220000,13801,9402583.20,1460805.10341000,0
2025-12-09 17:00:00,0.1578,0.1588,0.1555,0.1569,7474750.4,2025-12-09 17:59:59.999,1175838.83940000,7631,3193088.40,502435.19932000,0
2025-12-09 18:00:00,0.1568,0.1571,0.1557,0.1563,2224356.0,2025-12-09 18:59:59.999,348002.80130000,3314,1197129.10,187304.39302000,0
2025-12-09 19:00:00,0.1563,0.1567,0.1549,0.1556,2115142.5,2025-12-09 19:59:59.999,329396.24404000,3053,792168.80,123459.27364000,0
2025-12-09 20:00:00,0.1555,0.1555,0.1527,0.1535,3333267.5,2025-12-09 20:59:59.999,513152.96291000,5610,1720327.90,264845.41248000,0
2025-12-09 21:00:00,0.1535,0.1537,0.1493,0.1507,5962689.7,2025-12-09 21:59:59.999,902753.56401000,5938,2761019.50,418132.88342000,0
2025-12-09 22:00:00,0.1507,0.1521,0.1504,0.1515,1503329.4,2025-12-09 22:59:59.999,227457.95376000,2277,709712.20,107370.42685000,0
2025-12-09 23:00:00,0.1514,0.1522,0.1504,0.1516,1342997.0,2025-12-09 23:59:59.999,203249.32520000,1850,630777.30,95415.34349000,0
2025-12-10 00:00:00,0.1515,0.1519,0.1505,0.1512,1466082.4,2025-12-10 00:59:59.999,221420.44689000,2160,448940.20,67855.90243000,0
2025-12-10 01:00:00,0.1513,0.1521,0.1509,0.1519,1821474.3,2025-12-10 01:59:59.999,276097.64483000,1775,604621.70,91737.90352000,0
2025-12-10 02:00:00,0.1519,0.1536,0.1518,0.1533,5767669.8,2025-12-10 02:59:59.999,882047.00498000,2579,2653951.40,405802.03905000,0
2025-12-10 03:00:00,0.1533,0.1535,0.152,0.1522,1054203.8,2025-12-10 03:59:59.999,161114.19627000,1332,500845.00,76600.56949000,0
2025-12-10 04:00:00,0.1522,0.1525,0.1508,0.1508,1586001.9,2025-12-10 04:59:59.999,240076.03401000,1620,502248.60,76158.70858000,0
2025-12-10 05:00:00,0.1508,0.1565,0.1508,0.1538,12709265.8,2025-12-10 05:59:59.999,1963649.82751000,12147,7077773.80,1093500.99254000,0
2025-12-10 06:00:00,0.1538,0.154,0.1521,0.1537,3781217.1,2025-12-10 06:59:59.999,578470.01860000,3456,1631021.50,249685.95086000,0
2025-12-10 07:00:00,0.1536,0.1537,0.1513,0.152,2507679.0,2025-12-10 07:59:59.999,382322.71391000,1979,1012467.50,154689.17368000,0
2025-12-10 08:00:00,0.1519,0.1555,0.1513,0.1526,10100060.5,2025-12-10 08:59:59.999,1547458.42298000,7833,4733575.90,724871.79378000,0
2025-12-10 09:00:00,0.1527,0.1535,0.1518,0.1534,1332225.7,2025-12-10 09:59:59.999,203548.19601000,1871,776859.60,118770.90117000,0
2025-12-10 10:00:00,0.1534,0.1546,0.1516,0.152,8150487.8,2025-12-10 10:59:59.999,1247827.54941000,5175,2947362.00,451279.52795000,0
2025-12-10 11:00:00,0.1521,0.1526,0.1511,0.1518,4993199.2,2025-12-10 11:59:59.999,758107.63960000,3589,2742912.40,416407.74574000,0
2025-12-10 12:00:00,0.1518,0.1518,0.151,0.1516,2087022.0,2025-12-10 12:59:59.999,315915.80737000,1707,1266747.40,191829.23534000,0
2025-12-10 13:00:00,0.1516,0.1524,0.1513,0.1523,1103615.1,2025-12-10 13:59:59.999,167779.33309000,1281,568940.10,86555.88436000,0
2025-12-10 14:00:00,0.1524,0.1531,0.1519,0.1531,2529786.6,2025-12-10 14:59:59.999,385700.20295000,2316,1117632.00,170407.20875000,0
2025-12-10 15:00:00,0.1531,0.1542,0.1522,0.1536,4544189.6,2025-12-10 15:59:59.999,696371.18375000,3036,2810550.10,430353.50840000,0
2025-12-10 16:00:00,0.1536,0.1547,0.1531,0.154,1731855.6,2025-12-10 16:59:59.999,266674.49450000,2180,1020259.90,157155.52541000,0
2025-12-10 17:00:00,0.154,0.1546,0.1528,0.1533,4689455.3,2025-12-10 17:59:59.999,720771.47777000,2936,1485446.50,228626.01352000,0
2025-12-10 18:00:00,0.1532,0.1552,0.153,0.1537,2405318.1,2025-12-10 18:59:59.999,370521.05139000,2638,1194318.20,184257.04185000,0
2025-12-10 19:00:00,0.1538,0.1556,0.1522,0.1548,8004938.2,2025-12-10 19:59:59.999,1235094.44443000,9123,3479097.90,537178.47340000,0
2025-12-10 20:00:00,0.1548,0.1573,0.1544,0.1549,6840928.6,2025-12-10 20:59:59.999,1065118.40860000,6385,2902555.50,452441.68014000,0
2025-12-10 21:00:00,0.1548,0.1552,0.1539,0.154,2384036.1,2025-12-10 21:59:59.999,368807.52530000,3203,1048121.50,162144.60672000,0
2025-12-10 22:00:00,0.1539,0.155,0.1527,0.1543,2652512.1,2025-12-10 22:59:59.999,408509.07717000,2933,1292772.70,199183.90304000,0
2025-12-10 23:00:00,0.1543,0.1546,0.153,0.1531,1154154.6,2025-12-10 23:59:59.999,177543.20661000,1312,311177.60,47880.39547000,0
2025-12-11 00:00:00,0.1531,0.1539,0.1502,0.1506,6724795.9,2025-12-11 00:59:59.999,1019607.89077000,3964,1777862.90,270171.59398000,0
2025-12-11 01:00:00,0.1505,0.151,0.1482,0.1488,4531091.6,2025-12-11 01:59:59.999,676059.26351000,4255,1990821.00,296940.38870000,0
2025-12-11 02:00:00,0.1487,0.1491,0.1463,0.1472,4363189.5,2025-12-11 02:59:59.999,643516.09628000,4615,1511859.50,222737.29317000,0
2025-12-11 03:00:00,0.1472,0.1476,0.1461,0.147,3710780.9,2025-12-11 03:59:59.999,544155.63510000,3545,2150963.90,315531.06123000,0
2025-12-11 04:00:00,0.1469,0.1492,0.1465,0.1491,1608597.0,2025-12-11 04:59:59.999,237989.52512000,2179,824112.10,121931.25840000,0
2025-12-11 05:00:00,0.149,0.149,0.1473,0.1476,7745546.1,2025-12-11 05:59:59.999,1145195.02907000,2691,4655639.50,688287.43201000,0
2025-12-11 06:00:00,0.1476,0.1479,0.1471,0.1472,516422.0,2025-12-11 06:59:59.999,76165.22602000,1226,318497.20,46977.35827000,0
2025-12-11 07:00:00,0.1472,0.1477,0.1467,0.1468,1861227.6,2025-12-11 07:59:59.999,274039.51616000,1768,634500.00,93507.02660000,0
2025-12-11 08:00:00,0.1468,0.1471,0.1465,0.147,1320867.5,2025-12-11 08:59:59.999,193905.21625000,1379,976736.50,143396.85700000,0
2025-12-11 09:00:00,0.147,0.148,0.1468,0.1477,1270830.2,2025-12-11 09:59:59.999,187354.40791000,1458,787915.40,116159.98742000,0
2025-12-11 10:00:00,0.1477,0.1477,0.1467,0.147,907272.3,2025-12-11 10:59:59.999,133597.72240000,831,399864.50,58904.03629000,0
2025-12-11 11:00:00,0.147,0.1481,0.1468,0.1471,1035223.3,2025-12-11 11:59:59.999,152696.12956000,1380,523154.30,77198.93617000,0
2025-12-11 12:00:00,0.147,0.1478,0.1468,0.1476,543861.9,2025-12-11 12:59:59.999,80155.48977000,1113,214266.00,31579.35263000,0
2025-12-11 13:00:00,0.1475,0.1486,0.1475,0.1484,1331385.2,2025-12-11 13:59:59.999,197082.05865000,1460,729710.90,108088.34616000,0
2025-12-11 14:00:00,0.1484,0.1488,0.1453,0.1461,5567519.3,2025-12-11 14:59:59.999,817943.47200000,7720,3159123.50,464103.56461000,0
2025-12-11 15:00:00,0.146,0.1469,0.1443,0.1447,4087434.7,2025-12-11 15:59:59.999,594135.31172000,4576,2544708.50,369721.04898000,0
2025-12-11 16:00:00,0.1446,0.1457,0.1436,0.1452,1514981.6,2025-12-11 16:59:59.999,219079.57891000,2156,654147.80,94577.04519000,0
2025-12-11 17:00:00,0.1453,0.1463,0.1448,0.1448,2113619.4,2025-12-11 17:59:59.999,307406.93654000,2182,1126304.90,163757.98866000,0
2025-12-11 18:00:00,0.1448,0.1477,0.1446,0.1464,1853881.4,2025-12-11 18:59:59.999,271197.49233000,2437,918207.90,134165.85883000,0
2025-12-11 19:00:00,0.1464,0.1479,0.1459,0.1468,1545227.7,2025-12-11 19:59:59.999,226933.90396000,2385,718390.10,105620.82572000,0
2025-12-11 20:00:00,0.1468,0.1476,0.1465,0.1475,720142.8,2025-12-11 20:59:59.999,105988.73121000,1576,394273.00,58049.55607000,0
2025-12-11 21:00:00,0.1475,0.1495,0.1475,0.1486,2887210.7,2025-12-11 21:59:59.999,429173.45427000,3123,1471954.80,218881.56672000,0
2025-12-11 22:00:00,0.1487,0.149,0.1471,0.1475,1387760.5,2025-12-11 22:59:59.999,205350.38383000,1528,703476.20,104098.12568000,0
2025-12-11 23:00:00,0.1475,0.1477,0.1467,0.1469,1220894.9,2025-12-11 23:59:59.999,179469.19435000,1370,538990.00,79231.95697000,0
2025-12-12 00:00:00,0.1468,0.1469,0.1444,0.1445,2062467.6,2025-12-12 00:59:59.999,300812.66081000,2152,773304.40,112854.74479000,0
2025-12-12 01:00:00,0.1446,0.1465,0.1446,0.1461,975419.6,2025-12-12 01:59:59.999,141877.85192000,1438,501585.30,72976.27795000,0
2025-12-12 02:00:00,0.1461,0.1466,0.1457,0.1464,984580.7,2025-12-12 02:59:59.999,143994.17033000,1506,329752.50,48234.55023000,0
2025-12-12 03:00:00,0.1463,0.1466,0.1459,0.1464,1555245.9,2025-12-12 03:59:59.999,227345.44373000,1299,1221989.40,178637.37628000,0
2025-12-12 04:00:00,0.1464,0.1465,0.1455,0.1457,810848.6,2025-12-12 04:59:59.999,118324.72089000,1093,394631.60,57609.13676000,0
2025-12-12 05:00:00,0.1457,0.1462,0.1452,0.1461,912472.2,2025-12-12 05:59:59.999,132935.19197000,1066,543753.00,79242.59008000,0
2025-12-12 06:00:00,0.1461,0.1471,0.146,0.1464,773841.4,2025-12-12 06:59:59.999,113473.25725000,1199,482651.20,70771.82736000,0
2025-12-12 07:00:00,0.1465,0.1466,0.1459,0.1462,1591211.7,2025-12-12 07:59:59.999,232705.13252000,1161,696720.80,101895.32297000,0
2025-12-12 08:00:00,0.1463,0.1467,0.146,0.1465,964069.3,2025-12-12 08:59:59.999,141140.25013000,1320,300311.80,43992.60599000,0
2025-12-12 09:00:00,0.1464,0.1467,0.1456,0.1466,1087318.2,2025-12-12 09:59:59.999,158837.09586000,1702,295729.20,43226.24033000,0
2025-12-12 10:00:00,0.1465,0.1469,0.1464,0.1468,571708.7,2025-12-12 10:59:59.999,83856.95903000,1039,251135.20,36842.80429000,0
2025-12-12 11:00:00,0.1468,0.1468,0.1462,0.1468,412097.0,2025-12-12 11:59:59.999,60393.55628000,851,220582.40,32328.01375000,0
2025-12-12 12:00:00,0.1468,0.147,0.1465,0.1468,700497.9,2025-12-12 12:59:59.999,102773.82812000,1195,303739.30,44575.10099000,0
2025-12-12 13:00:00,0.1467,0.1468,0.1459,0.1461,1831051.0,2025-12-12 13:59:59.999,267960.89767000,2187,955052.10,139831.83075000,0
2025-12-12 14:00:00,0.1462,0.1462,0.1451,0.1459,2470967.5,2025-12-12 14:59:59.999,360111.60103000,2414,893829.60,130304.97192000,0
2025-12-12 15:00:00,0.1459,0.1459,0.1415,0.1425,6350945.8,2025-12-12 15:59:59.999,913538.22509000,8623,2031470.70,292057.74980000,0
2025-12-12 16:00:00,0.1424,0.1431,0.1406,0.1413,5021905.4,2025-12-12 16:59:59.999,711312.23113000,7740,2426072.60,343860.48831000,0
2025-12-12 17:00:00,0.1414,0.1427,0.1413,0.1414,1593040.1,2025-12-12 17:59:59.999,226003.39277000,2458,960306.60,136187.47236000,0
2025-12-12 18:00:00,0.1415,0.1428,0.1414,0.1425,1421964.2,2025-12-12 18:59:59.999,202072.01129000,2085,681204.90,96803.52572000,0
2025-12-12 19:00:00,0.1425,0.1425,0.1414,0.1418,635572.6,2025-12-12 19:59:59.999,90045.32538000,1223,145695.40,20665.35785000,0
2025-12-12 20:00:00,0.1418,0.1423,0.1413,0.1421,1118021.8,2025-12-12 20:59:59.999,158532.18516000,1555,445732.70,63216.77688000,0
2025-12-12 21:00:00,0.1421,0.1428,0.142,0.1424,679722.9,2025-12-12 21:59:59.999,96849.23523000,671,200168.60,28520.09843000,0
2025-12-12 22:00:00,0.1424,0.1439,0.1424,0.1434,727876.8,2025-12-12 22:59:59.999,104439.56947000,912,231936.40,33242.15929000,0
2025-12-12 23:00:00,0.1434,0.1439,0.1429,0.1431,372195.0,2025-12-12 23:59:59.999,53336.81064000,641,169632.80,24306.01329000,0
2025-12-13 00:00:00,0.1432,0.1437,0.1424,0.1428,605084.9,2025-12-13 00:59:59.999,86526.15253000,931,146260.90,20918.22529000,0
2025-12-13 01:00:00,0.1427,0.1444,0.1427,0.144,2190412.2,2025-12-13 01:59:59.999,314463.00265000,1627,1342330.10,192686.84071000,0
2025-12-13 02:00:00,0.144,0.1446,0.144,0.1442,305956.9,2025-12-13 02:59:59.999,44135.22645000,615,170123.60,24548.73773000,0
2025-12-13 03:00:00,0.1442,0.1446,0.1438,0.1443,682464.9,2025-12-13 03:59:59.999,98338.88521000,764,399028.10,57489.42411000,0
2025-12-13 04:00:00,0.1444,0.1445,0.1436,0.1439,528652.6,2025-12-13 04:59:59.999,76089.03042000,487,112077.90,16147.64679000,0
2025-12-13 05:00:00,0.1439,0.1443,0.1432,0.1434,570099.1,2025-12-13 05:59:59.999,81852.84273000,799,241907.10,34769.30329000,0
2025-12-13 06:00:00,0.1434,0.1436,0.1432,0.1434,684036.7,2025-12-13 06:59:59.999,98069.04717000,780,296552.00,42518.21928000,0
2025-12-13 07:00:00,0.1433,0.1441,0.1433,0.144,1255013.5,2025-12-13 07:59:59.999,180472.19278000,870,576707.60,82962.87596000,0
2025-12-13 08:00:00,0.144,0.1445,0.1435,0.1435,1038306.6,2025-12-13 08:59:59.999,149457.32492000,956,458650.60,66034.24371000,0
2025-12-13 09:00:00,0.1435,0.1436,0.143,0.1435,2392943.2,2025-12-13 09:59:59.999,343034.33839000,1388,1157961.40,166037.23099000,0
2025-12-13 10:00:00,0.1435,0.1444,0.1433,0.1436,1777545.5,2025-12-13 10:59:59.999,255476.92827000,1428,728601.60,104787.14697000,0
2025-12-13 11:00:00,0.1436,0.1438,0.1432,0.1434,775042.0,2025-12-13 11:59:59.999,111165.40009000,994,338812.20,48610.70315000,0
2025-12-13 12:00:00,0.1433,0.1439,0.1424,0.143,1707592.7,2025-12-13 12:59:59.999,244360.17833000,1331,781040.00,111855.91859000,0
2025-12-13 13:00:00,0.143,0.1433,0.1427,0.143,782424.9,2025-12-13 13:59:59.999,111906.95093000,851,405900.10,58063.55118000,0
2025-12-13 14:00:00,0.1429,0.143,0.1423,0.1427,940082.4,2025-12-13 14:59:59.999,134137.70009000,1125,261397.90,37292.55543000,0
2025-12-13 15:00:00,0.1426,0.1433,0.1426,0.1429,1112551.8,2025-12-13 15:59:59.999,159006.70445000,966,466108.00,66617.38756000,0
2025-12-13 16:00:00,0.1429,0.1456,0.1429,0.1453,3315484.5,2025-12-13 16:59:59.999,478997.39150000,3251,2184135.80,315230.58776000,0
2025-12-13 17:00:00,0.1453,0.1453,0.1444,0.1446,726442.1,2025-12-13 17:59:59.999,105199.58471000,936,352458.90,51030.28972000,0
2025-12-13 18:00:00,0.1447,0.145,0.1444,0.1446,500770.1,2025-12-13 18:59:59.999,72442.23261000,717,205519.30,29731.46075000,0
2025-12-13 19:00:00,0.1445,0.1446,0.1439,0.1441,888339.7,2025-12-13 19:59:59.999,128069.13126000,842,343582.70,49533.52477000,0
2025-12-13 20:00:00,0.1442,0.1444,0.1436,0.1436,319297.2,2025-12-13 20:59:59.999,45958.32033000,653,169262.90,24370.02419000,0
2025-12-13 21:00:00,0.1437,0.1438,0.1426,0.1434,947973.6,2025-12-13 21:59:59.999,135791.42376000,1010,234697.70,33614.85335000,0
2025-12-13 22:00:00,0.1434,0.1441,0.1433,0.1437,271339.0,2025-12-13 22:59:59.999,38995.95187000,566,172093.80,24731.58467000,0
2025-12-13 23:00:00,0.1438,0.1445,0.1437,0.1444,322634.0,2025-12-13 23:59:59.999,46506.77659000,414,138824.60,20011.24762000,0
2025-12-14 00:00:00,0.1443,0.1446,0.1438,0.1442,499310.2,2025-12-14 00:59:59.999,72019.81585000,839,205460.70,29634.05182000,0
2025-12-14 01:00:00,0.1442,0.1448,0.1442,0.1443,479122.8,2025-12-14 01:59:59.999,69230.45121000,763,235990.10,34101.20776000,0
2025-12-14 02:00:00,0.1444,0.1447,0.1442,0.1444,1035536.1,2025-12-14 02:59:59.999,149611.68067000,776,329163.60,47565.96456000,0
2025-12-14 03:00:00,0.1443,0.1445,0.1435,0.1439,667781.6,2025-12-14 03:59:59.999,96116.57118000,933,327818.00,47168.79814000,0
2025-12-14 04:00:00,0.1439,0.1439,0.1428,0.143,447790.0,2025-12-14 04:59:59.999,64138.63278000,842,200956.40,28775.75843000,0
2025-12-14 05:00:00,0.143,0.143,0.1425,0.1428,1015252.7,2025-12-14 05:59:59.999,144933.37328000,826,569590.80,81324.77586000,0
2025-12-14 06:00:00,0.1429,0.1431,0.1425,0.1429,557449.8,2025-12-14 06:59:59.999,79618.37413000,782,297189.90,42447.01886000,0
2025-12-14 07:00:00,0.1429,0.1435,0.1428,0.1435,431423.6,2025-12-14 07:59:59.999,61744.99256000,374,312583.10,44739.14535000,0
2025-12-14 08:00:00,0.1435,0.1437,0.1428,0.1428,406797.6,2025-12-14 08:59:59.999,58263.12656000,676,152303.30,21839.09265000,0
2025-12-14 09:00:00,0.1428,0.1431,0.1425,0.1431,359404.7,2025-12-14 09:59:59.999,51340.07658000,491,116289.10,16613.75817000,0
2025-12-14 10:00:00,0.1431,0.1433,0.1422,0.1424,2736969.5,2025-12-14 10:59:59.999,390098.52359000,1651,1195975.20,170419.95042000,0
2025-12-14 11:00:00,0.1423,0.1424,0.141,0.1423,2056011.5,2025-12-14 11:59:59.999,291618.12013000,3021,881021.30,125082.11327000,0
2025-12-14 12:00:00,0.1422,0.1429,0.1418,0.1425,486900.5,2025-12-14 12:59:59.999,69334.77662000,1028,227222.20,32369.68778000,0
2025-12-14 13:00:00,0.1425,0.1426,0.1386,0.1401,7424097.4,2025-12-14 13:59:59.999,1039221.04320000,6416,3045342.80,426578.21184000,0
2025-12-14 14:00:00,0.1401,0.1404,0.1385,0.139,2888283.0,2025-12-14 14:59:59.999,402443.57260000,3672,1563012.80,217723.81645000,0
2025-12-14 15:00:00,0.139,0.1392,0.1384,0.1387,1229894.8,2025-12-14 15:59:59.999,170802.70342000,1755,748819.90,104012.24692000,0
2025-12-14 16:00:00,0.1386,0.1391,0.1378,0.139,5963677.2,2025-12-14 16:59:59.999,824350.63291000,3534,2499566.40,345527.66029000,0
2025-12-14 17:00:00,0.139,0.1393,0.1367,0.137,3506049.5,2025-12-14 17:59:59.999,482020.09788000,3744,1772753.30,243406.88746000,0
2025-12-14 18:00:00,0.137,0.1379,0.1368,0.1378,1713966.6,2025-12-14 18:59:59.999,235493.62517000,1940,933766.10,128339.14108000,0
2025-12-14 19:00:00,0.1377,0.1406,0.1364,0.1392,15308380.3,2025-12-14 19:59:59.999,2119738.70019000,6181,6008541.40,831434.23646000,0
2025-12-14 20:00:00,0.1392,0.1396,0.1385,0.1389,1854694.3,2025-12-14 20:59:59.999,257850.63775000,2121,886977.00,123346.00114000,0
2025-12-14 21:00:00,0.1389,0.1389,0.1376,0.1378,1199045.4,2025-12-14 21:59:59.999,165834.37615000,1636,408824.50,56557.17075000,0
2025-12-14 22:00:00,0.1378,0.1384,0.1369,0.1375,1900065.7,2025-12-14 22:59:59.999,261230.05928000,4025,822743.60,113117.01717000,0
2025-12-14 23:00:00,0.1375,0.1382,0.1353,0.1363,3302999.2,2025-12-14 23:59:59.999,451208.31640000,5506,999489.40,136634.17547000,0
2025-12-15 00:00:00,0.1364,0.1371,0.1355,0.1361,1410139.6,2025-12-15 00:59:59.999,192005.58890000,2612,658183.80,89639.85477000,0
2025-12-15 01:00:00,0.1362,0.1384,0.1361,0.1381,1097312.2,2025-12-15 01:59:59.999,150620.03233000,1609,474442.30,65151.14763000,0
2025-12-15 02:00:00,0.1382,0.1397,0.1378,0.1381,1587154.9,2025-12-15 02:59:59.999,220314.23877000,2388,611383.30,84865.06629000,0
2025-12-15 03:00:00,0.138,0.1398,0.1376,0.139,4816576.3,2025-12-15 03:59:59.999,669620.65755000,2651,1226530.60,170441.89127000,0
2025-12-15 04:00:00,0.1391,0.1395,0.1386,0.1391,956237.4,2025-12-15 04:59:59.999,132953.16208000,1509,344702.20,47940.27497000,0
2025-12-15 05:00:00,0.1391,0.1396,0.1389,0.1394,557285.6,2025-12-15 05:59:59.999,77589.93393000,966,284122.80,39571.08461000,0
2025-12-15 06:00:00,0.1393,0.1399,0.139,0.1394,820088.8,2025-12-15 06:59:59.999,114222.58736000,1413,406489.10,56648.16293000,0
2025-12-15 07:00:00,0.1394,0.1396,0.1386,0.1392,850831.2,2025-12-15 07:59:59.999,118296.46989000,1498,464041.20,64512.95947000,0
2025-12-15 08:00:00,0.1392,0.14,0.139,0.1392,1038385.7,2025-12-15 08:59:59.999,144892.63813000,1755,540340.50,75378.17396000,0
2025-12-15 09:00:00,0.1392,0.1395,0.1389,0.1391,1428307.2,2025-12-15 09:59:59.999,198759.08900000,1095,345383.80,48090.98180000,0
2025-12-15 10:00:00,0.1392,0.1407,0.1386,0.1406,1751214.7,2025-12-15 10:59:59.999,244748.84443000,1624,981671.90,137207.17308000,0
2025-12-15 11:00:00,0.1405,0.1405,0.1397,0.1401,727515.0,2025-12-15 11:59:59.999,101861.89101000,1054,417918.30,58525.56200000,0
2025-12-15 12:00:00,0.1402,0.1405,0.1396,0.1403,619663.9,2025-12-15 12:59:59.999,86781.08798000,873,233127.80,32675.36762000,0
2025-12-15 13:00:00,0.1403,0.1403,0.1389,0.1392,741692.3,2025-12-15 13:59:59.999,103398.59268000,1611,275097.50,38377.07662000,0
2025-12-15 14:00:00,0.1392,0.1404,0.1364,0.1376,4907264.0,2025-12-15 14:59:59.999,679344.79661000,6374,2014210.60,278750.08403000,0
2025-12-15 15:00:00,0.1375,0.1377,0.1329,0.134,9795170.9,2025-12-15 15:59:59.999,1320623.37012000,14558,4427190.70,597529.77582000,0
2025-12-15 16:00:00,0.134,0.1345,0.1309,0.1318,3299856.9,2025-12-15 16:59:59.999,436927.55315000,5257,1420690.80,188048.87332000,0
2025-12-15 17:00:00,0.1318,0.1323,0.1299,0.1308,5615605.9,2025-12-15 17:59:59.999,735897.45578000,4400,2594427.20,340287.07598000,0
2025-12-15 18:00:00,0.1308,0.1329,0.1302,0.1329,1723785.6,2025-12-15 18:59:59.999,226378.31195000,2329,960891.50,126393.91761000,0
2025-12-15 19:00:00,0.1329,0.1341,0.1323,0.1326,2436460.3,2025-12-15 19:59:59.999,324584.89725000,2786,1201575.60,160151.30159000,0
2025-12-15 20:00:00,0.1326,0.1327,0.1313,0.132,1469121.0,2025-12-15 20:59:59.999,193773.59568000,2138,644436.20,84993.65663000,0
2025-12-15 21:00:00,0.132,0.1327,0.1316,0.1327,1188579.1,2025-12-15 21:59:59.999,157059.59042000,1309,430266.80,56835.74848000,0
2025-12-15 22:00:00,0.1327,0.1334,0.1327,0.1333,766379.1,2025-12-15 22:59:59.999,101898.86792000,748,323139.50,42976.67243000,0
2025-12-15 23:00:00,0.1333,0.1345,0.1328,0.1338,2551781.8,2025-12-15 23:59:59.999,341069.14670000,2521,1425309.90,190534.32221000,0
2025-12-16 00:00:00,0.1338,0.134,0.1323,0.1323,1214252.3,2025-12-16 00:59:59.999,161954.70092000,1049,706535.10,94250.30045000,0
2025-12-16 01:00:00,0.1323,0.1332,0.1321,0.1326,2350259.6,2025-12-16 01:59:59.999,311965.32077000,1745,827845.00,109884.78522000,0
2025-12-16 02:00:00,0.1326,0.1336,0.1321,0.133,681288.0,2025-12-16 02:59:59.999,90671.12642000,933,420617.50,55994.38296000,0
2025-12-16 03:00:00,0.1331,0.1336,0.1324,0.1329,565933.3,2025-12-16 03:59:59.999,75258.91811000,960,203837.80,27124.25803000,0
2025-12-16 04:00:00,0.133,0.1332,0.1311,0.1325,1517841.9,2025-12-16 04:59:59.999,200685.50888000,1593,671198.50,88797.93462000,0
2025-12-16 05:00:00,0.1324,0.1325,0.1319,0.132,1037470.8,2025-12-16 05:59:59.999,137220.27837000,1247,274699.00,36329.90777000,0
2025-12-16 06:00:00,0.1319,0.133,0.1319,0.1326,1172363.3,2025-12-16 06:59:59.999,155498.14064000,1215,640589.80,84979.77411000,0
2025-12-16 07:00:00,0.1326,0.1328,0.1308,0.1312,2256372.4,2025-12-16 07:59:59.999,297355.41245000,1780,1141284.70,150291.75924000,0
2025-12-16 08:00:00,0.1313,0.1323,0.1312,0.1317,916131.9,2025-12-16 08:59:59.999,120576.32153000,918,362382.80,47695.48790000,0
2025-12-16 09:00:00,0.1318,0.1321,0.1316,0.1318,702682.6,2025-12-16 09:59:59.999,92639.31277000,678,426515.40,56235.99280000,0
2025-12-16 10:00:00,0.1319,0.1341,0.1319,0.1332,1505698.5,2025-12-16 10:59:59.999,200456.86910000,1477,752711.80,100105.99216000,0
2025-12-16 11:00:00,0.1332,0.1337,0.1329,0.1335,1091874.8,2025-12-16 11:59:59.999,145524.22732000,1147,423632.70,56447.31489000,0
2025-12-16 12:00:00,0.1336,0.1337,0.1329,0.1331,664776.7,2025-12-16 12:59:59.999,88674.01726000,899,336055.70,44826.34196000,0
2025-12-16 13:00:00,0.1331,0.1342,0.1316,0.1316,2771665.1,2025-12-16 13:59:59.999,368021.50256000,3434,1336842.50,177476.70517000,0
2025-12-16 14:00:00,0.1316,0.1335,0.1309,0.1328,2067460.6,2025-12-16 14:59:59.999,273667.15172000,4211,1147821.00,152124.91177000,0
2025-12-16 15:00:00,0.1329,0.1348,0.1322,0.1345,2248894.8,2025-12-16 15:59:59.999,300389.82544000,2272,1356464.80,181543.79697000,0
2025-12-16 16:00:00,0.1345,0.1361,0.1344,0.1349,3417693.8,2025-12-16 16:59:59.999,462648.88561000,3992,1759729.70,238217.72989000,0
2025-12-16 17:00:00,0.135,0.1351,0.1335,0.1339,696755.4,2025-12-16 17:59:59.999,93527.71963000,1459,377013.30,50614.39857000,0
2025-12-16 18:00:00,0.1339,0.1359,0.1338,0.1355,1039846.1,2025-12-16 18:59:59.999,139979.41427000,1564,568078.10,76491.37888000,0
2025-12-16 19:00:00,0.1356,0.1363,0.1342,0.1359,2008697.2,2025-12-16 19:59:59.999,271611.01215000,2276,1108474.80,149956.89535000,0
2025-12-16 20:00:00,0.1359,0.136,0.1351,0.1353,2373134.3,2025-12-16 20:59:59.999,321489.37366000,1386,1523051.40,206335.00285000,0
2025-12-16 21:00:00,0.1353,0.1355,0.1348,0.1351,1240646.1,2025-12-16 21:59:59.999,167577.29646000,702,792923.50,107061.32511000,0
2025-12-16 22:00:00,0.1351,0.1354,0.1347,0.1351,736493.7,2025-12-16 22:59:59.999,99466.87356000,557,472791.20,63848.17385000,0
2025-12-16 23:00:00,0.1351,0.1352,0.1345,0.1352,663229.0,2025-12-16 23:59:59.999,89397.33806000,879,412561.80,55611.18865000,0
2025-12-17 00:00:00,0.1352,0.1352,0.1341,0.1347,972189.3,2025-12-17 00:59:59.999,130798.84760000,1320,775614.10,104333.43763000,0
2025-12-17 01:00:00,0.1347,0.1356,0.1345,0.1348,1020466.8,2025-12-17 01:59:59.999,137906.58268000,824,798183.70,107880.53463000,0
2025-12-17 02:00:00,0.1348,0.1355,0.1341,0.1354,936438.5,2025-12-17 02:59:59.999,126240.69092000,759,492463.50,66384.51756000,0
2025-12-17 03:00:00,0.1354,0.1359,0.1352,0.1354,624281.7,2025-12-17 03:59:59.999,84566.09722000,605,365702.80,49534.51756000,0
2025-12-17 04:00:00,0.1355,0.1358,0.1348,0.1354,1028799.9,2025-12-17 04:59:59.999,139346.32435000,1368,428448.00,58035.60400000,0
2025-12-17 05:00:00,0.1354,0.1358,0.1344,0.1349,881450.8,2025-12-17 05:59:59.999,119167.14759000,1404,330485.20,44717.13119000,0
2025-12-17 06:00:00,0.1349,0.1361,0.1348,0.1357,809173.2,2025-12-17 06:59:59.999,109638.59618000,1477,466647.70,63220.81157000,0
2025-12-17 07:00:00,0.1358,0.136,0.1348,0.1353,1328265.8,2025-12-17 07:59:59.999,179716.01649000,1554,802411.60,108586.64707000,0
2025-12-17 08:00:00,0.1352,0.1352,0.134,0.1343,942908.4,2025-12-17 08:59:59.999,126814.99262000,1165,228908.40,30777.56168000,0
2025-12-17 09:00:00,0.1342,0.1346,0.1327,0.1331,2071913.0,2025-12-17 09:59:59.999,276281.74505000,1951,649850.40,86724.76989000,0
2025-12-17 10:00:00,0.133,0.1335,0.1324,0.1331,760328.6,2025-12-17 10:59:59.999,101138.02284000,1010,294688.70,39238.02410000,0
2025-12-17 11:00:00,0.133,0.135,0.1329,0.1349,1271507.4,2025-12-17 11:59:59.999,170250.73850000,1673,806846.40,108077.95187000,0
2025-12-17 12:00:00,0.135,0.135,0.1339,0.134,1619892.9,2025-12-17 12:59:59.999,217617.20001000,2339,903865.20,121393.49171000,0
2025-12-17 13:00:00,0.1341,0.1352,0.1337,0.1348,1295300.7,2025-12-17 13:59:59.999,173879.35283000,1975,843161.50,113241.00812000,0
2025-12-17 14:00:00,0.1348,0.1375,0.1326,0.1374,5391210.0,2025-12-17 14:59:59.999,728261.59902000,7630,3007170.90,406471.80911000,0
2025-12-17 15:00:00,0.1374,0.1388,0.1343,0.135,8605083.4,2025-12-17 15:59:59.999,1178862.30530000,12082,4216880.00,577451.83867000,0
2025-12-17 16:00:00,0.1349,0.1354,0.1315,0.133,5569970.0,2025-12-17 16:59:59.999,741971.96626000,7421,3237538.60,431065.81812000,0
2025-12-17 17:00:00,0.133,0.1333,0.1313,0.1316,1276343.0,2025-12-17 17:59:59.999,168929.38028000,1896,766524.00,101515.65008000,0
2025-12-17 18:00:00,0.1317,0.1324,0.1287,0.1294,3489781.4,2025-12-17 18:59:59.999,454260.54650000,3259,1504044.30,195837.70814000,0
2025-12-17 19:00:00,0.1294,0.1305,0.1289,0.1304,2232182.8,2025-12-17 19:59:59.999,289499.30437000,2625,1213148.50,157361.85735000,0
2025-12-17 20:00:00,0.1304,0.1316,0.1284,0.1288,3537670.6,2025-12-17 20:59:59.999,458391.66054000,3147,1706172.50,220844.19124000,0
2025-12-17 21:00:00,0.1289,0.1293,0.1278,0.1282,1336453.2,2025-12-17 21:59:59.999,171567.78456000,1284,527631.00,67787.73632000,0
2025-12-17 22:00:00,0.1283,0.1304,0.1279,0.1303,2877461.8,2025-12-17 22:59:59.999,372305.07119000,2202,1938144.80,250717.52424000,0
2025-12-17 23:00:00,0.1303,0.1303,0.1289,0.1294,1565594.5,2025-12-17 23:59:59.999,202748.27201000,1128,656041.50,84944.58721000,0
2025-12-18 00:00:00,0.1293,0.1305,0.1289,0.1305,945357.1,2025-12-18 00:59:59.999,122455.69215000,1292,485026.70,62842.69366000,0
2025-12-18 01:00:00,0.1304,0.1304,0.1284,0.1288,1295421.6,2025-12-18 01:59:59.999,167197.65094000,908,546804.70,70524.62910000,0
2025-12-18 02:00:00,0.1288,0.1298,0.1283,0.1291,963822.7,2025-12-18 02:59:59.999,124382.08881000,1346,555732.30,71729.21547000,0
2025-12-18 03:00:00,0.1291,0.1292,0.1279,0.1285,3407468.5,2025-12-18 03:59:59.999,437743.00531000,1956,1523353.90,195760.70784000,0
2025-12-18 04:00:00,0.1285,0.129,0.1283,0.1285,1149238.4,2025-12-18 04:59:59.999,147840.84197000,868,362453.40,46649.16216000,0
2025-12-18 05:00:00,0.1285,0.1285,0.1231,0.1244,11018098.3,2025-12-18 05:59:59.999,1380103.28839000,6975,4435145.60,555131.61094000,0
2025-12-18 06:00:00,0.1243,0.1248,0.1233,0.1242,2664090.5,2025-12-18 06:59:59.999,330501.11000000,2094,1142225.60,141683.39317000,0
2025-12-18 07:00:00,0.1243,0.1248,0.1242,0.1245,3012314.6,2025-12-18 07:59:59.999,374858.35917000,1669,1752047.60,218060.54541000,0
2025-12-18 08:00:00,0.1246,0.1259,0.1246,0.1258,2122177.3,2025-12-18 08:59:59.999,265830.62782000,1198,1168370.00,146201.05570000,0
2025-12-18 09:00:00,0.1258,0.1264,0.1255,0.1261,1493510.9,2025-12-18 09:59:59.999,188027.17993000,1289,786111.60,98979.59103000,0
2025-12-18 10:00:00,0.1262,0.1304,0.1259,0.1278,9690381.4,2025-12-18 10:59:59.999,1248590.10477000,6577,5295606.70,681535.10998000,0
2025-12-18 11:00:00,0.1278,0.1281,0.1275,0.1279,935448.8,2025-12-18 11:59:59.999,119598.80405000,1009,451855.60,57776.69235000,0
2025-12-18 12:00:00,0.128,0.1286,0.1277,0.128,1845895.7,2025-12-18 12:59:59.999,236649.83314000,1772,970978.00,124532.65406000,0
2025-12-18 13:00:00,0.1281,0.1314,0.1281,0.1313,7354414.4,2025-12-18 13:59:59.999,954512.23688000,5915,3791771.90,492440.11842000,0
2025-12-18 14:00:00,0.1314,0.133,0.13,0.1307,4944255.7,2025-12-18 14:59:59.999,650344.80398000,5736,2509488.80,330431.99167000,0
2025-12-18 15:00:00,0.1307,0.1331,0.1297,0.1324,4602358.4,2025-12-18 15:59:59.999,605609.03644000,4810,2564575.40,337454.47342000,0
2025-12-18 16:00:00,0.1324,0.1331,0.1315,0.1317,1529255.2,2025-12-18 16:59:59.999,202418.11819000,2332,689854.20,91348.03117000,0
2025-12-18 17:00:00,0.1317,0.1319,0.1269,0.1297,6735020.9,2025-12-18 17:59:59.999,866562.81683000,7053,2627283.30,338176.95949000,0
2025-12-18 18:00:00,0.1296,0.1299,0.1271,0.1272,2366940.4,2025-12-18 18:59:59.999,304556.61376000,2170,957929.60,123513.78221000,0
2025-12-18 19:00:00,0.1273,0.1275,0.1215,0.123,8607595.0,2025-12-18 19:59:59.999,1067993.03347000,7387,3315552.00,412353.00913000,0
2025-12-18 20:00:00,0.123,0.1247,0.123,0.1235,1999869.7,2025-12-18 20:59:59.999,247868.89016000,2115,995394.30,123262.98472000,0
2025-12-18 21:00:00,0.1235,0.1269,0.1235,0.1269,3841875.8,2025-12-18 21:59:59.999,482366.41614000,3237,2261761.50,283875.35826000,0
2025-12-18 22:00:00,0.1269,0.1272,0.1261,0.1262,1156280.3,2025-12-18 22:59:59.999,146558.89009000,1095,572560.10,72572.02279000,0
2025-12-18 23:00:00,0.1262,0.1265,0.1253,0.1259,2506730.5,2025-12-18 23:59:59.999,315446.44792000,1554,827477.70,104206.75886000,0
2025-12-19 00:00:00,0.126,0.1266,0.1256,0.1265,1116083.7,2025-12-19 00:59:59.999,140863.89413000,1096,570093.00,71994.58456000,0
2025-12-19 01:00:00,0.1264,0.1264,0.1243,0.1249,1706191.9,2025-12-19 01:59:59.999,213477.83863000,1517,664129.70,83107.58837000,0
2025-12-19 02:00:00,0.1248,0.126,0.124,0.1257,2586181.3,2025-12-19 02:59:59.999,323008.09470000,2059,1196276.90,149477.03119000,0
2025-12-19 03:00:00,0.1257,0.1294,0.1257,0.1283,5654172.9,2025-12-19 03:59:59.999,723328.13711000,4701,3748738.00,479208.15216000,0
2025-12-19 04:00:00,0.1284,0.1297,0.1283,0.1294,6680916.3,2025-12-19 04:59:59.999,862713.01589000,15153,3376622.20,436091.94123000,0
2025-12-19 05:00:00,0.1293,0.1302,0.1289,0.1299,5177170.4,2025-12-19 05:59:59.999,670646.75418000,8976,3116744.40,403803.69563000,0
2025-12-19 06:00:00,0.1299,0.1315,0.1294,0.1312,4710960.9,2025-12-19 06:59:59.999,613668.58977000,7551,2457295.00,320252.97049000,0
2025-12-19 07:00:00,0.1312,0.1329,0.1307,0.1314,5236110.8,2025-12-19 07:59:59.999,689355.37949000,5729,2627570.60,345971.90706000,0
2025-12-19 08:00:00,0.1314,0.133,0.1313,0.1325,3645456.4,2025-12-19 08:59:59.999,481594.00326000,4075,2500342.30,330258.66227000,0
2025-12-19 09:00:00,0.1325,0.1326,0.1298,0.1301,14674099.2,2025-12-19 09:59:59.999,1914047.75326000,5136,7831618.20,1019791.36929000,0
2025-12-19 10:00:00,0.1301,0.1307,0.1292,0.1295,2931250.6,2025-12-19 10:59:59.999,380228.98806000,3133,1056922.20,137244.67974000,0
2025-12-19 11:00:00,0.1296,0.1313,0.1293,0.1306,2574344.3,2025-12-19 11:59:59.999,335965.22672000,2986,1340986.40,174969.91942000,0
2025-12-19 12:00:00,0.1306,0.1309,0.13,0.1304,2035822.9,2025-12-19 12:59:59.999,265673.22557000,2198,1031703.50,134666.17447000,0
2025-12-19 13:00:00,0.1304,0.1307,0.1297,0.13,2232149.7,2025-12-19 13:59:59.999,290643.97646000,1463,975389.10,127022.66679000,0
2025-12-19 14:00:00,0.13,0.1317,0.1295,0.1308,3554110.1,2025-12-19 14:59:59.999,463497.09844000,3932,1566100.20,204457.00175000,0
2025-12-19 15:00:00,0.1307,0.1335,0.1303,0.1317,6524339.5,2025-12-19 15:59:59.999,860581.99960000,8329,3846478.50,507651.41169000,0
2025-12-19 16:00:00,0.1316,0.1339,0.1316,0.1329,5908344.8,2025-12-19 16:59:59.999,785810.02668000,4843,3811339.60,506819.94159000,0
2025-12-19 17:00:00,0.1328,0.1334,0.1306,0.1311,4125722.6,2025-12-19 17:59:59.999,544708.96061000,3893,2011420.90,266240.98462000,0
2025-12-19 18:00:00,0.1311,0.1327,0.1311,0.1321,2546766.7,2025-12-19 18:59:59.999,335748.64637000,1397,1194995.30,157878.21414000,0
2025-12-19 19:00:00,0.1322,0.136,0.1322,0.1345,7462321.8,2025-12-19 19:59:59.999,1002231.66347000,6395,4434643.00,594720.15442000,0
2025-12-19 20:00:00,0.1346,0.1361,0.1344,0.1357,2602622.4,2025-12-19 20:59:59.999,351542.94888000,2666,1632769.90,220574.82264000,0
2025-12-19 21:00:00,0.1357,0.1357,0.1344,0.1345,1587015.7,2025-12-19 21:59:59.999,214200.43420000,1621,583860.90,78818.93335000,0
2025-12-19 22:00:00,0.1345,0.1362,0.1345,0.1356,2523042.9,2025-12-19 22:59:59.999,341770.66762000,1905,1632667.90,221230.22063000,0
2025-12-19 23:00:00,0.1356,0.1356,0.1346,0.1352,856242.7,2025-12-19 23:59:59.999,115718.90589000,912,363775.90,49174.36461000,0
2025-12-20 00:00:00,0.1352,0.1352,0.1344,0.1345,812946.4,2025-12-20 00:59:59.999,109532.32638000,948,368028.00,49586.81474000,0
2025-12-20 01:00:00,0.1345,0.1348,0.1339,0.134,729108.6,2025-12-20 01:59:59.999,97899.81552000,918,253317.70,34034.82034000,0
2025-12-20 02:00:00,0.134,0.1346,0.1338,0.1346,1042120.1,2025-12-20 02:59:59.999,139742.10287000,841,416818.30,55925.47435000,0
2025-12-20 03:00:00,0.1346,0.1356,0.1345,0.135,578530.1,2025-12-20 03:59:59.999,78116.77765000,623,321782.00,43452.48338000,0
2025-12-20 04:00:00,0.135,0.135,0.1342,0.1343,652526.6,2025-12-20 04:59:59.999,87787.02648000,500,305910.70,41138.42124000,0
2025-12-20 05:00:00,0.1343,0.135,0.1343,0.1345,651197.3,2025-12-20 05:59:59.999,87657.54262000,739,238580.80,32123.66951000,0
2025-12-20 06:00:00,0.1345,0.1349,0.1344,0.1345,988224.1,2025-12-20 06:59:59.999,133084.13471000,664,554060.90,74603.73469000,0
2025-12-20 07:00:00,0.1346,0.135,0.134,0.1349,1137462.3,2025-12-20 07:59:59.999,152918.95678000,688,516978.50,69543.71178000,0
2025-12-20 08:00:00,0.1349,0.1357,0.1349,0.1349,1169049.6,2025-12-20 08:59:59.999,158174.64564000,1040,547720.30,74118.94125000,0
2025-12-20 09:00:00,0.1349,0.1353,0.1348,0.1349,598124.4,2025-12-20 09:59:59.999,80781.51776000,779,256683.80,34680.46911000,0
2025-12-20 10:00:00,0.135,0.135,0.134,0.1344,1120253.9,2025-12-20 10:59:59.999,150796.53445000,878,538742.20,72541.56727000,0
2025-12-20 11:00:00,0.1343,0.1356,0.1343,0.1356,545802.8,2025-12-20 11:59:59.999,73689.29983000,603,388111.70,52407.79423000,0
2025-12-20 12:00:00,0.1355,0.1356,0.1347,0.1352,542395.1,2025-12-20 12:59:59.999,73239.26277000,494,215907.90,29159.79722000,0
2025-12-20 13:00:00,0.1352,0.1353,0.134,0.1349,2674501.6,2025-12-20 13:59:59.999,359617.06607000,1579,1026881.80,138130.16978000,0
2025-12-20 14:00:00,0.1348,0.1351,0.134,0.1351,754594.1,2025-12-20 14:59:59.999,101537.84019000,842,397174.30,53469.50068000,0
2025-12-20 15:00:00,0.1351,0.1354,0.1346,0.1347,1192462.0,2025-12-20 15:59:59.999,160951.87828000,818,534514.40,72182.41220000,0
2025-12-20 16:00:00,0.1347,0.1349,0.1342,0.1343,580654.4,2025-12-20 16:59:59.999,78151.52201000,565,262819.80,35376.75689000,0
2025-12-20 17:00:00,0.1344,0.135,0.1343,0.1343,550596.5,2025-12-20 17:59:59.999,74119.82060000,818,303858.20,40890.32620000,0
2025-12-20 18:00:00,0.1343,0.1344,0.134,0.1342,992743.4,2025-12-20 18:59:59.999,133221.59275000,812,403020.00,54070.22396000,0
2025-12-20 19:00:00,0.1342,0.1344,0.1337,0.1341,1693543.7,2025-12-20 19:59:59.999,227236.15811000,746,557620.50,74818.81901000,0
2025-12-20 20:00:00,0.1341,0.1344,0.1341,0.1341,294687.7,2025-12-20 20:59:59.999,39554.49043000,370,189742.80,25471.60227000,0
2025-12-20 21:00:00,0.1342,0.1344,0.134,0.134,560689.5,2025-12-20 21:59:59.999,75240.44786000,387,216345.10,29032.01175000,0
2025-12-20 22:00:00,0.134,0.1349,0.1337,0.1343,541596.0,2025-12-20 22:59:59.999,72762.17569000,617,310931.60,41776.21921000,0
2025-12-20 23:00:00,0.1342,0.1347,0.1342,0.1343,271251.9,2025-12-20 23:59:59.999,36459.88413000,602,169614.80,22792.67502000,0
2025-12-21 00:00:00,0.1343,0.1345,0.1339,0.1342,691996.2,2025-12-21 00:59:59.999,92949.75126000,594,300360.50,40346.81690000,0
2025-12-21 01:00:00,0.1342,0.1342,0.1331,0.1332,736075.8,2025-12-21 01:59:59.999,98353.04170000,769,92290.10,12323.29791000,0
2025-12-21 02:00:00,0.1331,0.1337,0.1325,0.1332,1199274.0,2025-12-21 02:59:59.999,159353.81556000,1270,524795.80,69757.69763000,0
2025-12-21 03:00:00,0.1332,0.134,0.1332,0.1338,473023.4,2025-12-21 03:59:59.999,63229.39195000,863,181850.90,24309.64566000,0
2025-12-21 04:00:00,0.1337,0.1339,0.1329,0.1331,1047327.5,2025-12-21 04:59:59.999,139702.79384000,847,294642.90,39300.79039000,0
2025-12-21 05:00:00,0.1331,0.1335,0.133,0.133,605314.2,2025-12-21 05:59:59.999,80631.35540000,483,262674.50,34977.63285000,0
2025-12-21 06:00:00,0.133,0.1335,0.1329,0.1331,912227.8,2025-12-21 06:59:59.999,121512.09358000,688,326411.00,43486.91990000,0
2025-12-21 07:00:00,0.1331,0.1334,0.133,0.1333,536888.5,2025-12-21 07:59:59.999,71513.22724000,602,202249.80,26940.42259000,0
2025-12-21 08:00:00,0.1334,0.1339,0.1329,0.1336,992579.3,2025-12-21 08:59:59.999,132464.42681000,1340,510642.70,68153.36597000,0
2025-12-21 09:00:00,0.1335,0.134,0.1332,0.1339,1458955.4,2025-12-21 09:59:59.999,195093.83136000,1599,604889.70,80931.68707000,0
2025-12-21 10:00:00,0.1339,0.1344,0.1329,0.1331,601655.8,2025-12-21 10:59:59.999,80458.76151000,1257,240779.00,32220.51377000,0
2025-12-21 11:00:00,0.1331,0.1333,0.1327,0.1331,1517411.7,2025-12-21 11:59:59.999,201706.51847000,1073,867279.40,115299.58651000,0
2025-12-21 12:00:00,0.1331,0.1336,0.1328,0.1334,1458702.9,2025-12-21 12:59:59.999,194038.60977000,1378,570088.80,75875.24202000,0
2025-12-21 13:00:00,0.1333,0.1333,0.1313,0.1315,5175782.6,2025-12-21 13:59:59.999,684589.75614000,4527,1808697.70,239201.22930000,0
2025-12-21 14:00:00,0.1315,0.1338,0.1315,0.1337,2930023.1,2025-12-21 14:59:59.999,390161.14630000,2837,1696160.90,225926.64127000,0
2025-12-21 15:00:00,0.1337,0.1341,0.133,0.1335,1735816.2,2025-12-21 15:59:59.999,232069.74307000,2107,1006453.60,134542.75235000,0
2025-12-21 16:00:00,0.1336,0.1348,0.1333,0.1343,1822159.9,2025-12-21 16:59:59.999,244456.09009000,1721,986081.40,132271.74716000,0
2025-12-21 17:00:00,0.1343,0.135,0.1339,0.1339,967153.1,2025-12-21 17:59:59.999,129970.96717000,1101,468758.10,63023.69735000,0
2025-12-21 18:00:00,0.1339,0.1339,0.1332,0.1336,209025.3,2025-12-21 18:59:59.999,27927.99807000,436,59764.90,7982.89656000,0
2025-12-21 19:00:00,0.1337,0.1344,0.1333,0.1342,530141.8,2025-12-21 19:59:59.999,70946.02821000,717,238964.40,31998.63870000,0
2025-12-21 20:00:00,0.1342,0.1342,0.1336,0.1338,347475.5,2025-12-21 20:59:59.999,46510.25216000,498,169844.90,22729.82150000,0
2025-12-21 21:00:00,0.1337,0.134,0.1327,0.1328,1216739.2,2025-12-21 21:59:59.999,161946.05055000,666,162446.50,21674.64903000,0
2025-12-21 22:00:00,0.1328,0.1345,0.1327,0.1345,712387.6,2025-12-21 22:59:59.999,95308.34510000,727,496363.20,66403.27252000,0
2025-12-21 23:00:00,0.1344,0.1351,0.134,0.1344,620121.9,2025-12-21 23:59:59.999,83463.55534000,1166,244645.60,32920.46233000,0
2025-12-22 00:00:00,0.1345,0.1364,0.1339,0.1342,4164910.0,2025-12-22 00:59:59.999,560837.66936000,3807,2062851.70,277943.71829000,0
2025-12-22 01:00:00,0.1341,0.1352,0.1337,0.1341,1007254.5,2025-12-22 01:59:59.999,135353.04497000,1199,580604.60,78030.83038000,0
2025-12-22 02:00:00,0.1341,0.1341,0.1325,0.1339,2127541.9,2025-12-22 02:59:59.999,283091.40068000,1864,775316.50,103192.97007000,0
2025-12-22 03:00:00,0.1338,0.1345,0.1336,0.1341,1014150.8,2025-12-22 03:59:59.999,136133.36209000,762,739063.80,99242.37926000,0
2025-12-22 04:00:00,0.1341,0.1345,0.1338,0.1344,369320.4,2025-12-22 04:59:59.999,49573.29437000,579,204307.10,27432.03464000,0
2025-12-22 05:00:00,0.1343,0.1347,0.134,0.1342,403425.0,2025-12-22 05:59:59.999,54233.59820000,484,235696.50,31682.89187000,0
2025-12-22 06:00:00,0.1342,0.1345,0.134,0.1341,306050.7,2025-12-22 06:59:59.999,41084.35980000,537,194538.90,26118.54504000,0
2025-12-22 07:00:00,0.134,0.1351,0.134,0.1347,1336503.3,2025-12-22 07:59:59.999,179947.04370000,1204,818098.70,110157.06707000,0
2025-12-22 08:00:00,0.1347,0.1359,0.1345,0.1351,1408859.2,2025-12-22 08:59:59.999,190594.21700000,1931,542367.20,73429.15174000,0
2025-12-22 09:00:00,0.1351,0.136,0.135,0.1356,1577388.4,2025-12-22 09:59:59.999,213694.52795000,1272,940168.60,127325.32343000,0
2025-12-22 10:00:00,0.1356,0.1359,0.1353,0.1353,785777.3,2025-12-22 10:59:59.999,106503.77251000,796,201236.50,27275.06384000,0
2025-12-22 11:00:00,0.1353,0.1367,0.135,0.1365,2316277.1,2025-12-22 11:59:59.999,315379.60035000,2068,1240878.30,169093.24181000,0
2025-12-22 12:00:00,0.1365,0.1371,0.1358,0.1362,2912611.0,2025-12-22 12:59:59.999,397276.47574000,2112,1887606.90,257564.06110000,0
2025-12-22 13:00:00,0.1363,0.1364,0.1353,0.1357,749845.1,2025-12-22 13:59:59.999,101876.11559000,1190,290981.50,39559.04112000,0
2025-12-22 14:00:00,0.1357,0.1363,0.1348,0.1358,4892259.8,2025-12-22 14:59:59.999,663906.39403000,4516,3292521.20,446998.56483000,0
2025-12-22 15:00:00,0.1358,0.1365,0.1343,0.1356,2135367.1,2025-12-22 15:59:59.999,289273.02269000,3276,1221610.90,165561.76352000,0
2025-12-22 16:00:00,0.1357,0.1366,0.1353,0.1357,1462503.8,2025-12-22 16:59:59.999,198681.68724000,1924,700297.20,95283.20356000,0
2025-12-22 17:00:00,0.1357,0.1361,0.135,0.1357,931563.1,2025-12-22 17:59:59.999,126080.33325000,1759,530302.60,71801.13353000,0
2025-12-22 18:00:00,0.1357,0.1365,0.1355,0.1357,1507712.2,2025-12-22 18:59:59.999,204905.47526000,1972,821543.40,111650.18108000,0
2025-12-22 19:00:00,0.1357,0.1358,0.1332,0.1337,4002241.4,2025-12-22 19:59:59.999,536672.38621000,2753,1339174.60,179541.61041000,0
2025-12-22 20:00:00,0.1336,0.1341,0.1328,0.1334,3235456.7,2025-12-22 20:59:59.999,432317.71346000,2324,1622742.50,216667.16853000,0
2025-12-22 21:00:00,0.1334,0.1346,0.1334,0.1339,753409.2,2025-12-22 21:59:59.999,101001.51141000,856,511479.10,68564.17040000,0
2025-12-22 22:00:00,0.1338,0.1349,0.1335,0.1347,667330.4,2025-12-22 22:59:59.999,89437.11841000,1044,330492.50,44348.23634000,0
2025-12-22 23:00:00,0.1347,0.1348,0.1342,0.1346,395776.7,2025-12-22 23:59:59.999,53222.24961000,677,208268.30,28007.82148000,0
2025-12-23 00:00:00,0.1347,0.1352,0.1344,0.1349,1035210.9,2025-12-23 00:59:59.999,139686.63490000,1405,779795.80,105240.25882000,0
2025-12-23 01:00:00,0.1349,0.1357,0.1345,0.1353,1369075.8,2025-12-23 01:59:59.999,184802.20094000,1318,416218.20,56218.80980000,0
2025-12-23 02:00:00,0.1353,0.1368,0.1342,0.1343,3153805.0,2025-12-23 02:59:59.999,426940.31673000,3084,1733108.60,234880.56706000,0
2025-12-23 03:00:00,0.1342,0.1345,0.1334,0.1343,2164397.4,2025-12-23 03:59:59.999,290118.47269000,2093,1089414.40,146093.27169000,0
2025-12-23 04:00:00,0.1343,0.1346,0.1332,0.1332,1417615.2,2025-12-23 04:59:59.999,189487.85458000,1271,506136.50,67636.62724000,0
2025-12-23 05:00:00,0.1331,0.1331,0.1316,0.1323,2642537.3,2025-12-23 05:59:59.999,349766.08332000,1573,1188298.40,157163.56609000,0
2025-12-23 06:00:00,0.1322,0.1325,0.1315,0.1322,1105504.5,2025-12-23 06:59:59.999,145916.01324000,1382,494503.00,65292.08125000,0
2025-12-23 07:00:00,0.1322,0.1329,0.1321,0.1328,510893.4,2025-12-23 07:59:59.999,67696.29730000,785,209676.10,27806.02876000,0
2025-12-23 08:00:00,0.1328,0.1329,0.1321,0.1322,254302.5,2025-12-23 08:59:59.999,33728.39674000,670,134630.20,17861.73902000,0
2025-12-23 09:00:00,0.1322,0.1328,0.1321,0.1328,627303.5,2025-12-23 09:59:59.999,83125.79613000,564,195567.60,25912.22487000,0
2025-12-23 10:00:00,0.1328,0.1332,0.1328,0.1329,528226.2,2025-12-23 10:59:59.999,70230.08416000,723,185179.20,24624.40976000,0
2025-12-23 11:00:00,0.133,0.1336,0.1329,0.1331,415676.2,2025-12-23 11:59:59.999,55392.57235000,765,233322.20,31089.25518000,0
2025-12-23 12:00:00,0.1332,0.1332,0.1322,0.1327,844560.5,2025-12-23 12:59:59.999,112105.29516000,830,543868.50,72220.60678000,0
2025-12-23 13:00:00,0.1326,0.1333,0.1317,0.1322,1449999.0,2025-12-23 13:59:59.999,191923.54641000,1999,492423.40,65178.81143000,0
2025-12-23 14:00:00,0.1321,0.1325,0.1295,0.1305,8076582.2,2025-12-23 14:59:59.999,1060002.19213000,5869,3969962.30,521946.66001000,0
2025-12-23 15:00:00,0.1304,0.1318,0.1302,0.1316,1936005.4,2025-12-23 15:59:59.999,254027.25508000,2711,811384.30,106528.16695000,0
2025-12-23 16:00:00,0.1315,0.1333,0.1313,0.1332,1281735.9,2025-12-23 16:59:59.999,169856.40072000,1980,710141.30,94115.75672000,0
2025-12-23 17:00:00,0.1332,0.1332,0.1311,0.1311,554750.4,2025-12-23 17:59:59.999,73438.41869000,1226,225793.00,29831.38765000,0
2025-12-23 18:00:00,0.1312,0.1334,0.1312,0.1331,879801.4,2025-12-23 18:59:59.999,116311.67824000,1372,612562.90,80945.45075000,0
2025-12-23 19:00:00,0.1331,0.1335,0.1327,0.1329,852756.9,2025-12-23 19:59:59.999,113460.77952000,1171,511488.80,68088.64068000,0
2025-12-23 20:00:00,0.1329,0.1338,0.1325,0.1328,551243.2,2025-12-23 20:59:59.999,73451.16090000,1239,336282.60,44822.05170000,0
2025-12-23 21:00:00,0.1328,0.133,0.1322,0.1323,569447.4,2025-12-23 21:59:59.999,75380.66531000,694,207474.80,27466.70893000,0
2025-12-23 22:00:00,0.1323,0.1326,0.1316,0.132,338583.0,2025-12-23 22:59:59.999,44744.28691000,862,108641.20,14357.63713000,0
2025-12-23 23:00:00,0.132,0.132,0.1311,0.1317,704376.6,2025-12-23 23:59:59.999,92599.65761000,891,268465.60,35314.29154000,0
2025-12-24 00:00:00,0.1317,0.1326,0.1315,0.1322,998159.2,2025-12-24 00:59:59.999,131682.57938000,1151,528982.50,69795.59321000,0
2025-12-24 01:00:00,0.1323,0.1325,0.1311,0.1313,710833.7,2025-12-24 01:59:59.999,93709.47351000,987,260691.30,34399.22377000,0
2025-12-24 02:00:00,0.1312,0.1312,0.1304,0.1308,1894826.6,2025-12-24 02:59:59.999,247938.61762000,1711,1019080.60,133329.51641000,0
2025-12-24 03:00:00,0.1308,0.1324,0.1305,0.132,2998330.8,2025-12-24 03:59:59.999,395695.10300000,1602,2066353.30,272664.42087000,0
2025-12-24 04:00:00,0.1321,0.1325,0.1309,0.1309,2354937.1,2025-12-24 04:59:59.999,310004.58308000,1747,706698.30,93276.31747000,0
2025-12-24 05:00:00,0.1309,0.1314,0.1304,0.1306,1195239.1,2025-12-24 05:59:59.999,156348.87879000,1281,384782.30,50374.04741000,0
2025-12-24 06:00:00,0.1305,0.131,0.1301,0.1308,1401408.7,2025-12-24 06:59:59.999,182880.14629000,1206,734888.90,95931.52750000,0
2025-12-24 07:00:00,0.1308,0.1314,0.1307,0.1311,736048.5,2025-12-24 07:59:59.999,96419.91026000,997,324078.20,42482.55955000,0
2025-12-24 08:00:00,0.1311,0.1315,0.1307,0.1307,862295.9,2025-12-24 08:59:59.999,112948.50997000,1217,432813.20,56698.30742000,0
2025-12-24 09:00:00,0.1308,0.1312,0.1307,0.1308,856304.9,2025-12-24 09:59:59.999,112078.76832000,802,364530.10,47713.39733000,0
2025-12-24 10:00:00,0.1309,0.1318,0.1309,0.1313,903427.1,2025-12-24 10:59:59.999,118615.94901000,1101,514294.20,67510.54463000,0
2025-12-24 11:00:00,0.1314,0.132,0.1313,0.1318,856201.4,2025-12-24 11:59:59.999,112873.77776000,1161,344556.90,45429.97257000,0
2025-12-24 12:00:00,0.1319,0.1321,0.1315,0.1321,982239.1,2025-12-24 12:59:59.999,129465.67890000,1314,525887.80,69332.42459000,0
2025-12-24 13:00:00,0.132,0.1321,0.131,0.1314,796615.2,2025-12-24 13:59:59.999,104596.86841000,949,315250.50,41407.40534000,0
2025-12-24 14:00:00,0.1315,0.1319,0.13,0.1311,2030090.4,2025-12-24 14:59:59.999,266290.11341000,2374,778328.80,102045.98554000,0
2025-12-24 15:00:00,0.1312,0.1325,0.1311,0.1321,1638260.8,2025-12-24 15:59:59.999,216033.20730000,1674,820056.60,108142.30737000,0
2025-12-24 16:00:00,0.1322,0.1328,0.1314,0.132,1263178.0,2025-12-24 16:59:59.999,166918.46711000,1587,786235.80,103869.07294000,0
2025-12-24 17:00:00,0.1321,0.1323,0.1315,0.1317,472762.2,2025-12-24 17:59:59.999,62347.98263000,1202,174943.10,23069.16763000,0
2025-12-24 18:00:00,0.1316,0.1319,0.1313,0.1314,969416.8,2025-12-24 18:59:59.999,127469.89698000,910,468174.50,61549.87423000,0
2025-12-24 19:00:00,0.1314,0.1319,0.131,0.1318,628439.8,2025-12-24 19:59:59.999,82593.97404000,922,314172.30,41311.78648000,0
2025-12-24 20:00:00,0.1318,0.1325,0.1317,0.1319,1018411.8,2025-12-24 20:59:59.999,134537.26610000,815,575902.50,76125.94323000,0
2025-12-24 21:00:00,0.132,0.1323,0.1318,0.1323,671033.4,2025-12-24 21:59:59.999,88629.39132000,968,384896.40,50850.16769000,0
2025-12-24 22:00:00,0.1323,0.1335,0.1323,0.1329,1086021.3,2025-12-24 22:59:59.999,144373.66421000,1240,645427.00,85804.32281000,0
2025-12-24 23:00:00,0.133,0.133,0.1322,0.1326,650901.8,2025-12-24 23:59:59.999,86271.39758000,814,304326.30,40328.51912000,0
2025-12-25 00:00:00,0.1327,0.1331,0.1325,0.1325,328354.8,2025-12-25 00:59:59.999,43566.73436000,468,140302.60,18625.03486000,0
2025-12-25 01:00:00,0.1326,0.1343,0.1326,0.134,1153359.3,2025-12-25 01:59:59.999,154440.33026000,1081,683886.60,91540.34028000,0
2025-12-25 02:00:00,0.1339,0.135,0.1338,0.1349,2474024.4,2025-12-25 02:59:59.999,332745.30248000,1452,1308570.90,175797.08270000,0
2025-12-25 03:00:00,0.1348,0.1356,0.1346,0.1354,1116056.7,2025-12-25 03:59:59.999,150768.53338000,999,726620.10,98162.28655000,0
2025-12-25 04:00:00,0.1353,0.1356,0.135,0.1355,1000870.2,2025-12-25 04:59:59.999,135365.91049000,787,482510.00,65269.67423000,0
2025-12-25 05:00:00,0.1354,0.1354,0.1343,0.1347,978416.2,2025-12-25 05:59:59.999,131900.19106000,1124,386517.40,52135.30782000,0
2025-12-25 06:00:00,0.1347,0.1348,0.1344,0.1347,893955.9,2025-12-25 06:59:59.999,120294.52875000,755,162512.90,21879.97868000,0
2025-12-25 07:00:00,0.1347,0.1347,0.1338,0.1346,1077793.0,2025-12-25 07:59:59.999,144614.71026000,930,386619.30,51865.92047000,0
2025-12-25 08:00:00,0.1345,0.1351,0.1337,0.1342,1927019.7,2025-12-25 08:59:59.999,259135.73812000,1883,1032644.60,138898.64518000,0
2025-12-25 09:00:00,0.1342,0.1344,0.1338,0.134,639722.5,2025-12-25 09:59:59.999,85723.23295000,659,365296.30,48961.29230000,0
2025-12-25 10:00:00,0.134,0.1342,0.133,0.1335,1767572.6,2025-12-25 10:59:59.999,236121.17927000,1511,779940.60,104376.52549000,0
2025-12-25 11:00:00,0.1335,0.1341,0.1334,0.1335,870491.6,2025-12-25 11:59:59.999,116374.61964000,1206,527228.10,70474.21396000,0
2025-12-25 12:00:00,0.1335,0.1345,0.1334,0.1345,1119920.4,2025-12-25 12:59:59.999,150049.84074000,1117,444574.00,59562.35953000,0
2025-12-25 13:00:00,0.1345,0.1352,0.1341,0.1351,1445984.2,2025-12-25 13:59:59.999,194857.42134000,1287,636821.40,85825.47123000,0
2025-12-25 14:00:00,0.135,0.1356,0.1344,0.1346,2262779.2,2025-12-25 14:59:59.999,305105.38332000,1933,1364071.90,183932.34186000,0
2025-12-25 15:00:00,0.1346,0.1357,0.1345,0.1353,2929041.8,2025-12-25 15:59:59.999,395351.59581000,3102,1871842.10,252460.72773000,0
2025-12-25 16:00:00,0.1353,0.1359,0.1349,0.1351,1017073.3,2025-12-25 16:59:59.999,137839.30422000,1893,600659.30,81402.60310000,0
2025-12-25 17:00:00,0.135,0.1351,0.1345,0.1348,675913.0,2025-12-25 17:59:59.999,91097.84139000,1220,275986.00,37196.96632000,0
2025-12-25 18:00:00,0.1348,0.1407,0.1348,0.1384,10137078.7,2025-12-25 18:59:59.999,1400636.95826000,8700,5188428.90,716278.02811000,0
2025-12-25 19:00:00,0.1385,0.1407,0.1384,0.1389,5972833.5,2025-12-25 19:59:59.999,833316.39672000,3649,4191634.40,584672.56943000,0
2025-12-25 20:00:00,0.139,0.1394,0.1379,0.1394,2949061.7,2025-12-25 20:59:59.999,409415.24266000,2504,1626369.20,225831.50015000,0
2025-12-25 21:00:00,0.1394,0.1397,0.1388,0.1393,1852605.8,2025-12-25 21:59:59.999,258106.90285000,1368,936659.80,130498.72629000,0
2025-12-25 22:00:00,0.1393,0.1398,0.1361,0.1371,1886646.1,2025-12-25 22:59:59.999,260264.11976000,4475,960953.10,132492.63959000,0
2025-12-25 23:00:00,0.137,0.1378,0.1361,0.1373,4367108.8,2025-12-25 23:59:59.999,598794.54244000,5844,2036774.90,279182.00614000,0
2025-12-26 00:00:00,0.1373,0.1386,0.137,0.1381,2549757.6,2025-12-26 00:59:59.999,351443.62034000,4369,1190303.90,164067.15347000,0
2025-12-26 01:00:00,0.1381,0.1409,0.1374,0.1403,4281624.7,2025-12-26 01:59:59.999,596406.93415000,4870,2243955.50,312453.07943000,0
2025-12-26 02:00:00,0.1403,0.1453,0.1399,0.1425,20917179.1,2025-12-26 02:59:59.999,2996227.39625000,19578,11124395.00,1593486.31587000,0
2025-12-26 03:00:00,0.1425,0.1426,0.1413,0.1418,5495503.8,2025-12-26 03:59:59.999,778873.21812000,4039,1604350.00,227590.02382000,0
2025-12-26 04:00:00,0.1418,0.1418,0.14,0.1414,5336588.3,2025-12-26 04:59:59.999,752066.61500000,4173,1506168.50,212221.70299000,0
2025-12-26 05:00:00,0.1414,0.1421,0.1407,0.1418,1128050.7,2025-12-26 05:59:59.999,159383.68553000,1683,633256.00,89423.53737000,0
2025-12-26 06:00:00,0.1417,0.1419,0.1404,0.1407,2099767.5,2025-12-26 06:59:59.999,296367.64896000,2142,997666.10,140801.59635000,0
2025-12-26 07:00:00,0.1408,0.1416,0.1403,0.1416,1290204.5,2025-12-26 07:59:59.999,181921.23044000,2605,651578.30,91879.95226000,0
2025-12-26 08:00:00,0.1415,0.1422,0.1412,0.1418,2368010.0,2025-12-26 08:59:59.999,335563.88829000,4334,1164725.90,165079.46153000,0
2025-12-26 09:00:00,0.1418,0.1427,0.1409,0.1427,1661885.9,2025-12-26 09:59:59.999,235625.68782000,3323,805103.90,114227.29628000,0
2025-12-26 10:00:00,0.1427,0.1439,0.1426,0.1431,3212821.6,2025-12-26 10:59:59.999,460101.04665000,4021,1918091.50,274732.40153000,0
2025-12-26 11:00:00,0.1431,0.1439,0.1424,0.1427,1499622.0,2025-12-26 11:59:59.999,214552.94359000,2488,825413.60,118107.14423000,0
2025-12-26 12:00:00,0.1428,0.1435,0.1412,0.1416,3149075.6,2025-12-26 12:59:59.999,446955.04948000,2998,1278046.80,181534.30373000,0
2025-12-26 13:00:00,0.1416,0.1419,0.1409,0.1412,2519362.9,2025-12-26 13:59:59.999,355976.34932000,3682,1252775.40,177024.23794000,0
2025-12-26 14:00:00,0.1413,0.1415,0.139,0.1404,4162691.0,2025-12-26 14:59:59.999,584009.84231000,6905,1741321.00,244551.88648000,0
2025-12-26 15:00:00,0.1404,0.1414,0.1398,0.141,6520977.2,2025-12-26 15:59:59.999,916106.63284000,7313,3225349.90,453274.53854000,0
2025-12-26 16:00:00,0.141,0.1418,0.1408,0.141,2209669.6,2025-12-26 16:59:59.999,312184.14841000,3166,1214621.50,171635.86742000,0
2025-12-26 17:00:00,0.1411,0.1424,0.141,0.1416,1589989.5,2025-12-26 17:59:59.999,225242.34959000,3066,697227.80,98709.78765000,0
2025-12-26 18:00:00,0.1417,0.1422,0.1415,0.1418,881929.6,2025-12-26 18:59:59.999,125007.62260000,1228,425639.90,60343.26086000,0
2025-12-26 19:00:00,0.1418,0.1425,0.1417,0.1424,1002196.8,2025-12-26 19:59:59.999,142503.68397000,993,751515.20,106913.01275000,0
2025-12-26 20:00:00,0.1425,0.1432,0.1423,0.1428,849545.3,2025-12-26 20:59:59.999,121229.37827000,1634,385462.60,55011.16542000,0
2025-12-26 21:00:00,0.1428,0.1435,0.1427,0.1435,570166.9,2025-12-26 21:59:59.999,81574.96102000,936,263749.20,37767.66401000,0
2025-12-26 22:00:00,0.1434,0.1449,0.1422,0.1437,8710229.0,2025-12-26 22:59:59.999,1253053.16272000,6256,5096396.20,732966.95881000,0
2025-12-26 23:00:00,0.1436,0.1466,0.1436,0.1464,3760033.2,2025-12-26 23:59:59.999,546541.01342000,5417,1716348.30,249488.81370000,0
2025-12-27 00:00:00,0.1464,0.1476,0.1449,0.1451,3935463.0,2025-12-27 00:59:59.999,576742.99731000,6457,2243294.30,328847.16579000,0
2025-12-27 01:00:00,0.145,0.146,0.1408,0.1425,13309967.5,2025-12-27 01:59:59.999,1888972.45432000,11417,5167848.60,733974.87680000,0
2025-12-27 02:00:00,0.1425,0.1425,0.1412,0.1414,1865151.7,2025-12-27 02:59:59.999,264194.26119000,2283,919031.40,130174.86784000,0
2025-12-27 03:00:00,0.1414,0.1422,0.1411,0.142,858667.8,2025-12-27 03:59:59.999,121736.30602000,1531,455297.20,64557.98791000,0
2025-12-27 04:00:00,0.142,0.1421,0.1415,0.142,1177652.4,2025-12-27 04:59:59.999,167011.25607000,1350,591121.70,83875.41475000,0
2025-12-27 05:00:00,0.142,0.1426,0.1417,0.1417,963186.2,2025-12-27 05:59:59.999,136872.55965000,1255,313081.50,44522.36224000,0
2025-12-27 06:00:00,0.1417,0.1429,0.1416,0.1426,1559652.4,2025-12-27 06:59:59.999,221871.87115000,1584,1055883.40,150295.51397000,0
2025-12-27 07:00:00,0.1427,0.1434,0.1424,0.1428,1252424.8,2025-12-27 07:59:59.999,179137.93104000,1311,521661.80,74612.66543000,0
2025-12-27 08:00:00,0.1429,0.1436,0.1428,0.1436,615909.6,2025-12-27 08:59:59.999,88102.11887000,985,463937.30,66369.15131000,0
2025-12-27 09:00:00,0.1437,0.1443,0.1434,0.1442,635355.7,2025-12-27 09:59:59.999,91423.89606000,1244,362439.00,52149.57980000,0
2025-12-27 10:00:00,0.1441,0.145,0.144,0.1449,1164571.4,2025-12-27 10:59:59.999,168193.67521000,1594,583604.80,84314.41778000,0
2025-12-27 11:00:00,0.1449,0.145,0.1431,0.1445,2062225.5,2025-12-27 11:59:59.999,296857.53019000,2265,982717.90,141561.15203000,0
2025-12-27 12:00:00,0.1444,0.1445,0.1431,0.1431,1778697.5,2025-12-27 12:59:59.999,255372.69135000,1571,746522.70,107141.89839000,0
2025-12-27 13:00:00,0.1431,0.1441,0.1431,0.1436,2361341.0,2025-12-27 13:59:59.999,339218.33822000,1651,1037590.30,148964.35982000,0
2025-12-27 14:00:00,0.1436,0.1447,0.1435,0.1443,1853908.5,2025-12-27 14:59:59.999,267083.68948000,2040,988991.10,142513.71766000,0
2025-12-27 15:00:00,0.1442,0.145,0.144,0.1446,1202933.1,2025-12-27 15:59:59.999,173906.06563000,1922,545274.20,78829.99903000,0
2025-12-27 16:00:00,0.1446,0.145,0.144,0.1442,1423717.9,2025-12-27 16:59:59.999,205530.66349000,1375,1079864.70,155851.05607000,0
2025-12-27 17:00:00,0.1443,0.1452,0.1442,0.1451,806010.7,2025-12-27 17:59:59.999,116531.23390000,1051,419498.10,60634.31906000,0
2025-12-27 18:00:00,0.1451,0.1454,0.1441,0.1442,563355.6,2025-12-27 18:59:59.999,81573.71653000,1028,273939.40,39678.78636000,0
2025-12-27 19:00:00,0.1441,0.1443,0.1435,0.1442,700951.0,2025-12-27 19:59:59.999,100889.09373000,971,398974.40,57427.52226000,0
2025-12-27 20:00:00,0.1443,0.1444,0.1435,0.1436,1912866.7,2025-12-27 20:59:59.999,275104.67948000,1140,1440620.10,207188.13589000,0
2025-12-27 21:00:00,0.1435,0.1443,0.1435,0.144,672373.0,2025-12-27 21:59:59.999,96773.74504000,975,349003.20,50232.39664000,0
2025-12-27 22:00:00,0.144,0.1447,0.1431,0.1438,687760.7,2025-12-27 22:59:59.999,98817.70055000,1322,300753.60,43237.95876000,0
2025-12-27 23:00:00,0.1438,0.1451,0.1438,0.1448,923522.5,2025-12-27 23:59:59.999,133438.27400000,1249,602637.80,87084.05139000,0
2025-12-28 00:00:00,0.1447,0.145,0.1439,0.144,1032830.5,2025-12-28 00:59:59.999,149267.87824000,1219,391362.90,56587.24083000,0
2025-12-28 01:00:00,0.1441,0.1443,0.1432,0.1434,689528.2,2025-12-28 01:59:59.999,99005.73387000,1223,287402.00,41268.20593000,0
2025-12-28 02:00:00,0.1434,0.144,0.1433,0.1433,605820.5,2025-12-28 02:59:59.999,86998.24849000,751,198938.80,28580.25315000,0
2025-12-28 03:00:00,0.1433,0.1434,0.1428,0.143,1557375.2,2025-12-28 03:59:59.999,222786.66878000,757,612863.20,87630.21035000,0
2025-12-28 04:00:00,0.143,0.1436,0.1429,0.1432,647688.2,2025-12-28 04:59:59.999,92831.38605000,617,379943.60,54476.60206000,0
2025-12-28 05:00:00,0.1432,0.1434,0.143,0.1433,290585.7,2025-12-28 05:59:59.999,41597.92745000,757,142869.60,20453.77939000,0
2025-12-28 06:00:00,0.1433,0.1441,0.1433,0.144,743377.0,2025-12-28 06:59:59.999,106803.50797000,1142,408993.90,58752.66557000,0
2025-12-28 07:00:00,0.144,0.1442,0.1433,0.1435,557144.9,2025-12-28 07:59:59.999,80082.14714000,1024,199531.60,28697.44957000,0
2025-12-28 08:00:00,0.1435,0.1442,0.1435,0.1437,912266.0,2025-12-28 08:59:59.999,131156.40742000,1367,401179.00,57681.43586000,0
2025-12-28 09:00:00,0.1437,0.1447,0.1435,0.1441,2131522.3,2025-12-28 09:59:59.999,307060.20004000,2392,1301562.00,187453.86136000,0
2025-12-28 10:00:00,0.1441,0.1444,0.1437,0.1443,1386028.1,2025-12-28 10:59:59.999,199699.44111000,1255,483886.90,69728.56462000,0
2025-12-28 11:00:00,0.1443,0.1457,0.1437,0.1452,2026276.1,2025-12-28 11:59:59.999,292988.96913000,1978,1474302.10,213135.31840000,0
2025-12-28 12:00:00,0.1452,0.1454,0.1444,0.145,1049788.9,2025-12-28 12:59:59.999,152154.54098000,1810,426834.80,61855.21554000,0
2025-12-28 13:00:00,0.145,0.1463,0.1439,0.1447,3410844.2,2025-12-28 13:59:59.999,495394.29374000,3351,1883736.30,273918.37506000,0
2025-12-28 14:00:00,0.1448,0.145,0.1434,0.1442,2646167.3,2025-12-28 14:59:59.999,381848.45722000,2706,1295079.70,186905.13978000,0
2025-12-28 15:00:00,0.1441,0.1449,0.1441,0.1447,1133464.2,2025-12-28 15:59:59.999,163980.15599000,1814,599279.60,86716.14444000,0
2025-12-28 16:00:00,0.1447,0.1452,0.1445,0.1448,886058.0,2025-12-28 16:59:59.999,128329.38796000,1671,330288.20,47850.65574000,0
2025-12-28 17:00:00,0.1448,0.145,0.1443,0.1446,454292.8,2025-12-28 17:59:59.999,65722.22435000,713,229839.50,33263.53853000,0
2025-12-28 18:00:00,0.1447,0.1447,0.1434,0.1439,1787737.4,2025-12-28 18:59:59.999,257140.68907000,1899,721808.10,103841.71158000,0
2025-12-28 19:00:00,0.1438,0.1444,0.1435,0.1437,341646.0,2025-12-28 19:59:59.999,49142.99374000,863,221131.40,31808.65489000,0
2025-12-28 20:00:00,0.1436,0.1443,0.1433,0.144,536357.8,2025-12-28 20:59:59.999,77066.65244000,747,187371.50,26941.42022000,0
2025-12-28 21:00:00,0.1439,0.1448,0.1436,0.1445,1388713.3,2025-12-28 21:59:59.999,200287.57549000,1247,863579.40,124568.44266000,0
2025-12-28 22:00:00,0.1445,0.1448,0.1436,0.1447,745251.5,2025-12-28 22:59:59.999,107352.04888000,852,322881.20,46528.76435000,0
2025-12-28 23:00:00,0.1447,0.1448,0.1438,0.1446,268876.3,2025-12-28 23:59:59.999,38812.47608000,765,146339.40,21131.49842000,0
2025-12-29 00:00:00,0.1447,0.1457,0.1444,0.1454,2017223.8,2025-12-29 00:59:59.999,292853.92364000,2048,1409945.40,204710.60786000,0
2025-12-29 01:00:00,0.1455,0.1467,0.1452,0.1459,1262201.8,2025-12-29 01:59:59.999,184161.39730000,2119,656698.30,95824.67891000,0
2025-12-29 02:00:00,0.146,0.1492,0.1459,0.1477,3796143.0,2025-12-29 02:59:59.999,560151.68194000,4962,1948497.10,287417.52289000,0
2025-12-29 03:00:00,0.1478,0.1499,0.1476,0.1494,3685788.8,2025-12-29 03:59:59.999,549395.46050000,3806,2442422.20,364281.66884000,0
2025-12-29 04:00:00,0.1493,0.1513,0.1491,0.15,4497538.3,2025-12-29 04:59:59.999,675170.77932000,4451,2974109.30,446422.73942000,0
2025-12-29 05:00:00,0.15,0.15,0.1467,0.1473,8182085.3,2025-12-29 05:59:59.999,1211097.07663000,5672,3020149.70,447935.98272000,0
2025-12-29 06:00:00,0.1473,0.1477,0.1467,0.1471,2254287.3,2025-12-29 06:59:59.999,331818.53196000,2257,730188.20,107484.34660000,0
2025-12-29 07:00:00,0.147,0.1473,0.1463,0.1471,2369854.2,2025-12-29 07:59:59.999,347806.97389000,2217,1002018.00,147112.22316000,0
2025-12-29 08:00:00,0.147,0.1473,0.1459,0.1462,1456671.1,2025-12-29 08:59:59.999,213835.08069000,2001,557238.70,81847.82973000,0
2025-12-29 09:00:00,0.1462,0.1464,0.1442,0.1452,2267088.1,2025-12-29 09:59:59.999,328980.53127000,2234,727331.40,105643.37712000,0
2025-12-29 10:00:00,0.1452,0.1458,0.1447,0.1449,1265485.9,2025-12-29 10:59:59.999,183709.05534000,1085,691818.60,100427.86648000,0
2025-12-29 11:00:00,0.1448,0.1449,0.144,0.1442,1551068.9,2025-12-29 11:59:59.999,223856.36321000,2066,715382.20,103260.36979000,0
2025-12-29 12:00:00,0.1442,0.1444,0.1411,0.1422,7449478.5,2025-12-29 12:59:59.999,1062588.40661000,8330,3338582.00,477193.11534000,0
2025-12-29 13:00:00,0.1422,0.1427,0.1419,0.142,897795.2,2025-12-29 13:59:59.999,127848.69796000,1626,422237.90,60134.39404000,0
2025-12-29 14:00:00,0.142,0.1436,0.1414,0.1432,3636196.9,2025-12-29 14:59:59.999,518973.61839000,4779,2033056.30,290326.13772000,0
2025-12-29 15:00:00,0.1432,0.1448,0.1429,0.1429,1701521.7,2025-12-29 15:59:59.999,244614.34668000,2762,866413.30,124558.89093000,0
2025-12-29 16:00:00,0.1429,0.1431,0.1418,0.1427,1787063.2,2025-12-29 16:59:59.999,254180.12444000,2293,712421.50,101328.24681000,0
2025-12-29 17:00:00,0.1427,0.1433,0.1426,0.143,566808.2,2025-12-29 17:59:59.999,81010.87752000,817,286889.60,40997.06319000,0
2025-12-29 18:00:00,0.1429,0.1437,0.1428,0.1429,904203.8,2025-12-29 18:59:59.999,129509.75677000,1198,480618.20,68849.53821000,0
2025-12-29 19:00:00,0.1429,0.1437,0.1429,0.1432,991333.4,2025-12-29 19:59:59.999,142097.08875000,1524,531746.90,76225.80544000,0
2025-12-29 20:00:00,0.1431,0.1435,0.1424,0.1426,675596.2,2025-12-29 20:59:59.999,96536.25059000,1209,267973.80,38289.28536000,0
2025-12-29 21:00:00,0.1426,0.1434,0.1425,0.1434,513920.0,2025-12-29 21:59:59.999,73577.38446000,780,225570.30,32303.52474000,0
2025-12-29 22:00:00,0.1433,0.1436,0.1429,0.1433,336861.9,2025-12-29 22:59:59.999,48260.48578000,768,212642.00,30469.26378000,0
2025-12-29 23:00:00,0.1433,0.1433,0.1416,0.1421,1371514.0,2025-12-29 23:59:59.999,195089.72556000,1423,403510.10,57353.47995000,0
2025-12-30 00:00:00,0.142,0.1423,0.1411,0.1415,1596601.8,2025-12-30 00:59:59.999,226079.47803000,1116,429325.50,60824.26155000,0
2025-12-30 01:00:00,0.1415,0.1417,0.1411,0.1415,488175.8,2025-12-30 01:59:59.999,69061.80348000,641,228871.50,32379.64933000,0
2025-12-30 02:00:00,0.1415,0.1418,0.1411,0.1413,1285345.2,2025-12-30 02:59:59.999,181778.96646000,1375,752586.80,106452.26054000,0
2025-12-30 03:00:00,0.1414,0.1422,0.1408,0.1418,1029062.2,2025-12-30 03:59:59.999,145732.61494000,1782,334708.30,47394.08488000,0
2025-12-30 04:00:00,0.1419,0.1425,0.1418,0.1421,580225.9,2025-12-30 04:59:59.999,82513.86897000,881,352096.90,50097.39274000,0
2025-12-30 05:00:00,0.1421,0.1421,0.1406,0.1413,2793750.0,2025-12-30 05:59:59.999,394587.76852000,1750,1277555.70,180385.15532000,0
2025-12-30 06:00:00,0.1414,0.1424,0.1413,0.1422,747622.7,2025-12-30 06:59:59.999,106129.75485000,1001,417000.70,59211.72549000,0
2025-12-30 07:00:00,0.1421,0.1432,0.142,0.1424,1204466.0,2025-12-30 07:59:59.999,171688.84437000,1252,570902.00,81379.67012000,0
2025-12-30 08:00:00,0.1423,0.1438,0.142,0.1433,1766599.6,2025-12-30 08:59:59.999,252420.37599000,2451,889977.70,127342.81206000,0
2025-12-30 09:00:00,0.1433,0.1437,0.1432,0.1435,601732.1,2025-12-30 09:59:59.999,86300.76931000,975,308928.90,44321.29274000,0
2025-12-30 10:00:00,0.1435,0.1439,0.1432,0.1436,1032937.1,2025-12-30 10:59:59.999,148277.81661000,975,650578.20,93419.35504000,0
2025-12-30 11:00:00,0.1436,0.1438,0.1434,0.1436,360416.0,2025-12-30 11:59:59.999,51751.36837000,816,127381.00,18295.22306000,0
2025-12-30 12:00:00,0.1437,0.1438,0.1426,0.1431,1065900.8,2025-12-30 12:59:59.999,152496.97882000,1166,349456.40,50003.85861000,0
2025-12-30 13:00:00,0.143,0.1434,0.1425,0.1432,576798.3,2025-12-30 13:59:59.999,82466.11911000,665,179681.70,25689.54594000,0
2025-12-30 14:00:00,0.1431,0.1442,0.142,0.1441,2378052.4,2025-12-30 14:59:59.999,340957.43603000,4081,1387783.10,199070.51063000,0
2025-12-30 15:00:00,0.144,0.1444,0.143,0.1444,1028580.1,2025-12-30 15:59:59.999,147816.89456000,1868,560763.00,80645.42523000,0
2025-12-30 16:00:00,0.1443,0.1446,0.1432,0.1438,852757.7,2025-12-30 16:59:59.999,122775.17285000,1376,323597.20,46604.31087000,0
2025-12-30 17:00:00,0.1438,0.144,0.1428,0.1431,793396.8,2025-12-30 17:59:59.999,113758.35224000,1473,362983.50,52065.35763000,0
2025-12-30 18:00:00,0.143,0.1436,0.1429,0.1434,484704.3,2025-12-30 18:59:59.999,69433.73652000,955,233401.50,33452.53064000,0
2025-12-30 19:00:00,0.1433,0.1436,0.1424,0.1435,634910.8,2025-12-30 19:59:59.999,90786.18665000,1333,321705.70,46015.89401000,0
2025-12-30 20:00:00,0.1435,0.1439,0.1431,0.1433,1027906.6,2025-12-30 20:59:59.999,147563.48397000,1233,673695.10,96726.15134000,0
2025-12-30 21:00:00,0.1433,0.1441,0.1433,0.1439,1310905.6,2025-12-30 21:59:59.999,188527.86383000,918,904625.20,130095.59595000,0
2025-12-30 22:00:00,0.1439,0.1443,0.1432,0.144,1244953.2,2025-12-30 22:59:59.999,179028.86566000,1401,701520.20,100893.69188000,0
2025-12-30 23:00:00,0.1439,0.1444,0.1437,0.1442,683467.7,2025-12-30 23:59:59.999,98426.94233000,762,298055.20,42937.57784000,0
2025-12-31 00:00:00,0.1442,0.1446,0.1439,0.144,756163.5,2025-12-31 00:59:59.999,109166.53546000,781,374222.30,54030.57118000,0
2025-12-31 01:00:00,0.144,0.1452,0.1438,0.1449,1062671.2,2025-12-31 01:59:59.999,153568.45983000,1591,432627.20,62562.58809000,0
2025-12-31 02:00:00,0.1449,0.1454,0.1445,0.1454,911567.6,2025-12-31 02:59:59.999,132163.92932000,1508,497099.80,72075.32993000,0
2025-12-31 03:00:00,0.1455,0.1464,0.1451,0.146,1685413.9,2025-12-31 03:59:59.999,245397.56013000,1867,703974.00,102515.69748000,0
2025-12-31 04:00:00,0.1461,0.1465,0.1444,0.1444,1148875.3,2025-12-31 04:59:59.999,167162.01747000,1441,432595.90,63013.28251000,0
2025-12-31 05:00:00,0.1444,0.1449,0.1443,0.1446,588877.2,2025-12-31 05:59:59.999,85131.08814000,901,317333.80,45883.81129000,0
2025-12-31 06:00:00,0.1446,0.1454,0.1445,0.1449,1339627.9,2025-12-31 06:59:59.999,194165.87865000,1587,702196.70,101774.25883000,0
2025-12-31 07:00:00,0.1448,0.1456,0.1444,0.1453,664179.2,2025-12-31 07:59:59.999,96358.69104000,1000,434332.10,63025.03469000,0
2025-12-31 08:00:00,0.1454,0.1455,0.1438,0.1441,969397.1,2025-12-31 08:59:59.999,140142.38861000,1302,455297.50,65838.53258000,0
2025-12-31 09:00:00,0.1441,0.1447,0.1441,0.1445,719476.2,2025-12-31 09:59:59.999,103839.33805000,685,310723.00,44831.84181000,0
2025-12-31 10:00:00,0.1445,0.1449,0.144,0.1441,1439272.2,2025-12-31 10:59:59.999,207928.20635000,987,818149.70,118233.52210000,0
2025-12-31 11:00:00,0.144,0.1448,0.144,0.1448,1335574.1,2025-12-31 11:59:59.999,192858.78006000,1694,675924.80,97646.27034000,0
2025-12-31 12:00:00,0.1447,0.1447,0.1442,0.1443,1120610.1,2025-12-31 12:59:59.999,161952.82838000,1131,587559.30,84925.13398000,0
2025-12-31 13:00:00,0.1443,0.1446,0.1434,0.1436,2068930.4,2025-12-31 13:59:59.999,297891.23179000,1947,1135918.60,163568.33872000,0
2025-12-31 14:00:00,0.1435,0.1451,0.1435,0.1441,3643935.2,2025-12-31 14:59:59.999,526652.60401000,3339,1679206.10,242698.63294000,0
2025-12-31 15:00:00,0.1441,0.1442,0.143,0.1436,1513375.4,2025-12-31 15:59:59.999,217321.07322000,2307,650355.90,93381.07969000,0
2025-12-31 16:00:00,0.1435,0.1438,0.141,0.1427,4013428.5,2025-12-31 16:59:59.999,571577.03116000,4406,1427957.00,203130.09480000,0
2025-12-31 17:00:00,0.1427,0.143,0.1421,0.1422,592693.5,2025-12-31 17:59:59.999,84512.69305000,1369,281644.00,40159.34638000,0
2025-12-31 18:00:00,0.1421,0.1428,0.1418,0.1422,808031.5,2025-12-31 18:59:59.999,115096.40164000,1453,364622.40,51936.74631000,0
2025-12-31 19:00:00,0.1423,0.1431,0.1422,0.1423,994082.0,2025-12-31 19:59:59.999,141695.11380000,1173,424481.30,60517.02533000,0
2025-12-31 20:00:00,0.1423,0.1428,0.1415,0.1426,1374268.7,2025-12-31 20:59:59.999,195266.21460000,2068,710123.60,100918.82671000,0
2025-12-31 21:00:00,0.1426,0.1435,0.1426,0.1433,339224.0,2025-12-31 21:59:59.999,48537.93335000,566,233512.60,33419.00529000,0
2025-12-31 22:00:00,0.1433,0.1437,0.1429,0.1431,505072.9,2025-12-31 22:59:59.999,72435.91382000,773,253213.30,36318.05021000,0
2025-12-31 23:00:00,0.143,0.1436,0.1429,0.1435,414340.0,2025-12-31 23:59:59.999,59367.75474000,575,236370.60,33879.63848000,0
2026-01-01 00:00:00,0.1435,0.1442,0.1435,0.1437,684070.3,2026-01-01 00:59:59.999,98463.43381000,891,358280.60,51567.45204000,0
2026-01-01 01:00:00,0.1438,0.1449,0.1438,0.1448,1403933.3,2026-01-01 01:59:59.999,202625.93369000,1504,790580.80,114100.52439000,0
2026-01-01 02:00:00,0.1449,0.1457,0.1445,0.1456,2105992.7,2026-01-01 02:59:59.999,305708.82042000,1461,1504656.50,218575.74348000,0
2026-01-01 03:00:00,0.1457,0.146,0.1446,0.145,909082.8,2026-01-01 03:59:59.999,132155.72926000,1204,362369.60,52698.04927000,0
2026-01-01 04:00:00,0.1451,0.1454,0.1448,0.1453,916069.2,2026-01-01 04:59:59.999,132967.62697000,880,463374.90,67283.19847000,0
2026-01-01 05:00:00,0.1453,0.1457,0.1449,0.145,1355540.2,2026-01-01 05:59:59.999,197012.67435000,1896,587631.90,85431.51704000,0
2026-01-01 06:00:00,0.145,0.1455,0.1449,0.1453,519588.0,2026-01-01 06:59:59.999,75435.16406000,787,236274.30,34311.60366000,0
2026-01-01 07:00:00,0.1452,0.1454,0.1447,0.1448,1015311.5,2026-01-01 07:59:59.999,147232.23343000,970,373031.30,54123.81299000,0
2026-01-01 08:00:00,0.1449,0.1453,0.1441,0.1452,820672.4,2026-01-01 08:59:59.999,118649.70331000,1192,355638.80,51432.59713000,0
2026-01-01 09:00:00,0.1451,0.1455,0.1449,0.1451,1109163.0,2026-01-01 09:59:59.999,161157.38035000,1301,487875.50,70901.42311000,0
2026-01-01 10:00:00,0.1451,0.1457,0.1449,0.1455,677813.2,2026-01-01 10:59:59.999,98487.03885000,724,421883.00,61309.89883000,0
2026-01-01 11:00:00,0.1456,0.1459,0.1455,0.1456,839519.9,2026-01-01 11:59:59.999,122291.26652000,1031,402487.70,58641.62820000,0
2026-01-01 12:00:00,0.1456,0.1457,0.1446,0.1455,1520710.1,2026-01-01 12:59:59.999,220694.29645000,1709,775711.30,112612.18844000,0
2026-01-01 13:00:00,0.1454,0.146,0.1454,0.1457,730250.4,2026-01-01 13:59:59.999,106408.84430000,674,402439.80,58661.60771000,0
2026-01-01 14:00:00,0.1457,0.1463,0.1453,0.1457,2949141.5,2026-01-01 14:59:59.999,429779.22208000,1440,1154177.00,168296.58220000,0
2026-01-01 15:00:00,0.1457,0.1468,0.1454,0.146,1784372.6,2026-01-01 15:59:59.999,260788.02405000,1637,995397.60,145557.83299000,0
2026-01-01 16:00:00,0.1461,0.1465,0.1453,0.1461,1382602.7,2026-01-01 16:59:59.999,201808.58802000,1168,857089.40,125155.94492000,0
2026-01-01 17:00:00,0.1462,0.1473,0.1461,0.1463,1381403.0,2026-01-01 17:59:59.999,202445.32532000,1582,523369.40,76758.70827000,0
2026-01-01 18:00:00,0.1464,0.1468,0.1463,0.1466,955874.9,2026-01-01 18:59:59.999,140098.99635000,824,642053.10,94125.67799000,0
2026-01-01 19:00:00,0.1466,0.147,0.1464,0.147,1125180.1,2026-01-01 19:59:59.999,164982.38399000,814,782341.00,114725.16301000,0
2026-01-01 20:00:00,0.147,0.1472,0.146,0.1465,1164993.4,2026-01-01 20:59:59.999,170671.67656000,913,473829.10,69391.36702000,0
2026-01-01 21:00:00,0.1465,0.1466,0.1463,0.1465,401919.3,2026-01-01 21:59:59.999,58861.31097000,466,139141.30,20382.26338000,0
2026-01-01 22:00:00,0.1465,0.1472,0.1461,0.1471,1232392.6,2026-01-01 22:59:59.999,180505.80412000,1488,615304.90,90135.58163000,0
2026-01-01 23:00:00,0.1472,0.1472,0.1466,0.1467,1392342.7,2026-01-01 23:59:59.999,204524.90466000,1065,679134.70,99808.52277000,0
2026-01-02 00:00:00,0.1468,0.1488,0.1465,0.1482,3342715.6,2026-01-02 00:59:59.999,494530.39852000,2919,2186747.70,323391.71817000,0
2026-01-02 01:00:00,0.1482,0.1483,0.1471,0.1476,819095.6,2026-01-02 01:59:59.999,120915.11576000,803,320636.10,47353.49749000,0
2026-01-02 02:00:00,0.1476,0.148,0.147,0.1479,665740.9,2026-01-02 02:59:59.999,98124.76506000,743,278153.30,41025.50215000,0
2026-01-02 03:00:00,0.148,0.1485,0.1478,0.1481,1513223.5,2026-01-02 03:59:59.999,224160.98526000,1648,931289.40,137998.16152000,0
2026-01-02 04:00:00,0.1482,0.1489,0.1479,0.1487,1199340.8,2026-01-02 04:59:59.999,177910.60372000,1137,759233.40,112625.92239000,0
2026-01-02 05:00:00,0.1487,0.1491,0.1476,0.1482,1035486.7,2026-01-02 05:59:59.999,153743.21053000,1389,611980.10,90932.68601000,0
2026-01-02 06:00:00,0.1482,0.1493,0.1481,0.1488,1724040.2,2026-01-02 06:59:59.999,256414.03493000,997,1410826.70,209813.61298000,0
2026-01-02 07:00:00,0.1488,0.1492,0.1487,0.1492,1005394.1,2026-01-02 07:59:59.999,149819.00787000,1274,516351.70,76957.92931000,0
2026-01-02 08:00:00,0.1492,0.15,0.1492,0.1498,986239.1,2026-01-02 08:59:59.999,147602.56142000,1205,565726.70,84694.65948000,0
2026-01-02 09:00:00,0.1498,0.1516,0.1494,0.1508,3708806.5,2026-01-02 09:59:59.999,558694.21697000,3879,2036453.00,306784.02533000,0
2026-01-02 10:00:00,0.1509,0.1512,0.1501,0.1501,1605868.1,2026-01-02 10:59:59.999,241910.59545000,2013,666040.40,100375.14701000,0
2026-01-02 11:00:00,0.1501,0.1501,0.1484,0.149,2047858.2,2026-01-02 11:59:59.999,305279.80006000,2210,795388.40,118576.14489000,0
2026-01-02 12:00:00,0.1491,0.1518,0.1489,0.1518,3890989.3,2026-01-02 12:59:59.999,587050.46505000,3723,2591113.50,391035.74240000,0
2026-01-02 13:00:00,0.1517,0.1538,0.151,0.1536,8964194.5,2026-01-02 13:59:59.999,1368738.16289000,8214,4734580.80,723005.28413000,0
2026-01-02 14:00:00,0.1536,0.1538,0.1508,0.1534,6545125.2,2026-01-02 14:59:59.999,998714.92243000,8881,3148353.60,480670.70126000,0
2026-01-02 15:00:00,0.1534,0.1538,0.1524,0.1536,3405179.3,2026-01-02 15:59:59.999,521699.22812000,4056,1960140.80,300342.88477000,0
2026-01-02 16:00:00,0.1536,0.1544,0.153,0.1537,5561515.5,2026-01-02 16:59:59.999,854750.99424000,5680,2567131.40,394736.09986000,0
2026-01-02 17:00:00,0.1538,0.1547,0.1538,0.1542,2675999.6,2026-01-02 17:59:59.999,412900.49284000,3084,1415978.50,218514.71284000,0
2026-01-02 18:00:00,0.1542,0.1545,0.1522,0.1529,1788264.1,2026-01-02 18:59:59.999,274350.85997000,2707,827231.30,126970.60138000,0
2026-01-02 19:00:00,0.1529,0.1535,0.1526,0.1531,1466857.1,2026-01-02 19:59:59.999,224600.49298000,1874,734823.00,112542.99432000,0
2026-01-02 20:00:00,0.153,0.1534,0.152,0.1524,1415089.7,2026-01-02 20:59:59.999,216083.92422000,2275,634436.90,96932.00761000,0
2026-01-02 21:00:00,0.1524,0.153,0.152,0.1526,475111.7,2026-01-02 21:59:59.999,72453.29752000,992,262748.00,40072.13311000,0
2026-01-02 22:00:00,0.1526,0.1535,0.1525,0.1532,1083955.7,2026-01-02 22:59:59.999,165799.37799000,1973,489232.50,74848.92959000,0
2026-01-02 23:00:00,0.1532,0.1549,0.1532,0.1546,1544884.8,2026-01-02 23:59:59.999,238208.02766000,1677,853024.60,131518.46808000,0
2026-01-03 00:00:00,0.1547,0.1553,0.1544,0.1552,1454644.2,2026-01-03 00:59:59.999,225241.30790000,1749,778982.70,120668.35874000,0
2026-01-03 01:00:00,0.1551,0.1552,0.1543,0.1549,902817.4,2026-01-03 01:59:59.999,139730.41043000,1210,526879.00,81547.71921000,0
2026-01-03 02:00:00,0.1549,0.1556,0.1546,0.1551,1789583.4,2026-01-03 02:59:59.999,277320.05189000,1942,826163.10,128055.15079000,0
2026-01-03 03:00:00,0.1551,0.157,0.1546,0.1567,2467371.3,2026-01-03 03:59:59.999,384693.20509000,2674,1223058.40,190813.63577000,0
2026-01-03 04:00:00,0.1566,0.1623,0.1558,0.1597,10923166.8,2026-01-03 04:59:59.999,1745481.14517000,9318,6052857.00,967393.92945000,0
2026-01-03 05:00:00,0.1597,0.1602,0.1568,0.1574,4287605.3,2026-01-03 05:59:59.999,678941.36730000,3978,2260749.20,357769.27318000,0
2026-01-03 06:00:00,0.1575,0.1601,0.1503,0.1542,18165916.7,2026-01-03 06:59:59.999,2808877.42568000,17028,9895210.80,1530134.38135000,0
2026-01-03 07:00:00,0.1541,0.1542,0.15,0.1514,8157571.9,2026-01-03 07:59:59.999,1235039.35214000,9302,4290827.60,649412.15321000,0
2026-01-03 08:00:00,0.1515,0.1547,0.1507,0.1535,4680828.7,2026-01-03 08:59:59.999,715780.35284000,5404,3083396.40,471799.93240000,0
2026-01-03 09:00:00,0.1535,0.1548,0.1531,0.1543,2086426.4,2026-01-03 09:59:59.999,321242.88311000,2741,1007626.20,155142.97839000,0
2026-01-03 10:00:00,0.1543,0.1545,0.1538,0.1544,1912796.8,2026-01-03 10:59:59.999,295030.39851000,1531,1188104.20,183350.22916000,0
2026-01-03 11:00:00,0.1544,0.1586,0.1539,0.1565,5097169.3,2026-01-03 11:59:59.999,797348.23020000,4425,3196878.40,500180.45825000,0
2026-01-03 12:00:00,0.1564,0.1578,0.1556,0.1576,3620389.7,2026-01-03 12:59:59.999,567627.54862000,4967,2494158.40,391313.39515000,0
2026-01-03 13:00:00,0.1576,0.1605,0.1574,0.1604,8075727.7,2026-01-03 13:59:59.999,1282601.50186000,9898,4945064.10,785256.23993000,0
2026-01-03 14:00:00,0.1604,0.1628,0.1598,0.1619,11384474.3,2026-01-03 14:59:59.999,1836499.43192000,11050,7388305.10,1192488.25124000,0
2026-01-03 15:00:00,0.1619,0.1679,0.1613,0.1668,17626179.3,2026-01-03 15:59:59.999,2916568.04726000,16400,10442079.40,1727147.56783000,0
2026-01-03 16:00:00,0.1668,0.1739,0.1659,0.1735,26416414.5,2026-01-03 16:59:59.999,4491310.27951000,27043,15582254.20,2648831.91450000,0
2026-01-03 17:00:00,0.1735,0.1766,0.1685,0.1733,36688601.1,2026-01-03 17:59:59.999,6349104.31387000,32055,18702259.30,3238892.16284000,0
2026-01-03 18:00:00,0.1733,0.182,0.171,0.1799,39536031.9,2026-01-03 18:59:59.999,7027083.93784000,38538,21890739.00,3891782.80867000,0
2026-01-03 19:00:00,0.1798,0.1805,0.1743,0.1758,22813740.9,2026-01-03 19:59:59.999,4050486.14995000,22151,11371035.20,2019531.10774000,0
2026-01-03 20:00:00,0.1757,0.1788,0.1735,0.1785,14494466.7,2026-01-03 20:59:59.999,2555388.24921000,14582,7891804.90,1392284.59923000,0
2026-01-03 21:00:00,0.1785,0.1802,0.1757,0.176,15384789.3,2026-01-03 21:59:59.999,2739409.48837000,14356,7817536.50,1392463.05003000,0
2026-01-03 22:00:00,0.1761,0.1774,0.1731,0.176,15866601.1,2026-01-03 22:59:59.999,2781536.73931000,17098,8176372.50,1435086.06690000,0
2026-01-03 23:00:00,0.176,0.1766,0.1708,0.1727,13605066.1,2026-01-03 23:59:59.999,2362945.56613000,16503,6346630.40,1103958.25784000,0
2026-01-04 00:00:00,0.1726,0.1775,0.1726,0.1759,15706324.3,2026-01-04 00:59:59.999,2755365.84272000,22197,9042139.30,1586338.04438000,0
2026-01-04 01:00:00,0.1759,0.182,0.1742,0.18,13084628.3,2026-01-04 01:59:59.999,2320470.66332000,19837,8258955.00,1465436.87379000,0
2026-01-04 02:00:00,0.18,0.1811,0.1742,0.1761,16060454.3,2026-01-04 02:59:59.999,2843100.82249000,24261,8770031.60,1551910.98301000,0
2026-01-04 03:00:00,0.176,0.1771,0.175,0.1769,7896630.9,2026-01-04 03:59:59.999,1389508.56743000,12361,4679735.60,823885.07178000,0
2026-01-04 04:00:00,0.1768,0.1782,0.1756,0.1766,8511089.0,2026-01-04 04:59:59.999,1504448.47655000,12502,4897132.40,865699.72899000,0
2026-01-04 05:00:00,0.1766,0.1787,0.1759,0.1786,7030838.4,2026-01-04 05:59:59.999,1247417.03897000,10453,4645201.10,824432.99790000,0
2026-01-04 06:00:00,0.1786,0.1802,0.1761,0.1771,12700448.3,2026-01-04 06:59:59.999,2265656.49982000,15429,7052474.40,1258997.31239000,0
2026-01-04 07:00:00,0.1771,0.1784,0.1744,0.1746,7736554.7,2026-01-04 07:59:59.999,1364772.48016000,12535,4340048.80,766449.89039000,0
2026-01-04 08:00:00,0.1746,0.1766,0.171,0.1719,15071798.1,2026-01-04 08:59:59.999,2618693.72986000,18359,7769702.90,1351499.58933000,0
2026-01-04 09:00:00,0.1719,0.1742,0.1699,0.1733,14623088.3,2026-01-04 09:59:59.999,2510459.17129000,16560,8775676.10,1508105.32558000,0
2026-01-04 10:00:00,0.1733,0.1749,0.1703,0.1729,10936848.1,2026-01-04 10:59:59.999,1889760.23097000,14790,5989527.00,1035727.52214000,0
2026-01-04 11:00:00,0.1728,0.1737,0.172,0.1731,7924060.4,2026-01-04 11:59:59.999,1370179.59220000,12425,5001582.90,865163.36176000,0
2026-01-04 12:00:00,0.1731,0.1733,0.1698,0.1706,8686311.4,2026-01-04 12:59:59.999,1490943.45181000,11427,4901509.40,841497.06990000,0
2026-01-04 13:00:00,0.1706,0.1717,0.1692,0.1709,7194251.4,2026-01-04 13:59:59.999,1225348.39123000,7276,3024738.50,515394.57923000,0
2026-01-04 14:00:00,0.1708,0.1711,0.168,0.1691,7654222.7,2026-01-04 14:59:59.999,1297745.45354000,8614,3743097.40,634856.35649000,0
2026-01-04 15:00:00,0.1692,0.1697,0.1685,0.1694,3274130.1,2026-01-04 15:59:59.999,554136.48233000,4901,1262122.00,213711.06338000,0
2026-01-04 16:00:00,0.1694,0.1708,0.1685,0.1705,4279486.9,2026-01-04 16:59:59.999,726387.60447000,4701,2435199.90,413288.69610000,0
2026-01-04 17:00:00,0.1704,0.1717,0.1702,0.1711,2642627.3,2026-01-04 17:59:59.999,451595.94254000,3713,1460599.50,249728.37443000,0
2026-01-04 18:00:00,0.1712,0.1713,0.1692,0.1705,3002570.0,2026-01-04 18:59:59.999,510586.97973000,3816,1396326.30,237612.24079000,0
2026-01-04 19:00:00,0.1705,0.1719,0.1695,0.1715,3797900.6,2026-01-04 19:59:59.999,648241.92850000,5113,1930241.30,329605.19767000,0
2026-01-04 20:00:00,0.1714,0.1717,0.1698,0.1701,2754960.3,2026-01-04 20:59:59.999,470933.69591000,4075,834903.40,142829.00811000,0
2026-01-04 21:00:00,0.1701,0.1712,0.1693,0.17,1522048.0,2026-01-04 21:59:59.999,259013.59484000,2979,750060.60,127637.68066000,0
2026-01-04 22:00:00,0.17,0.1712,0.1697,0.1711,794016.2,2026-01-04 22:59:59.999,135291.26061000,2072,366828.80,62520.47073000,0
2026-01-04 23:00:00,0.1711,0.1715,0.17,0.1709,1209494.6,2026-01-04 23:59:59.999,206373.51767000,2519,536578.80,91555.00456000,0
2026-01-05 00:00:00,0.1708,0.1718,0.1701,0.1717,2842419.0,2026-01-05 00:59:59.999,486312.68054000,5084,1134046.00,193991.54990000,0
2026-01-05 01:00:00,0.1717,0.175,0.1713,0.1734,5683415.4,2026-01-05 01:59:59.999,984939.17505000,9088,3208144.00,556263.06965000,0
2026-01-05 02:00:00,0.1735,0.1745,0.1726,0.1734,2817979.6,2026-01-05 02:59:59.999,489189.22779000,5690,1359824.20,235997.45252000,0
2026-01-05 03:00:00,0.1733,0.1733,0.1704,0.1712,3079929.1,2026-01-05 03:59:59.999,528765.87195000,4946,1330309.70,228341.92441000,0
2026-01-05 04:00:00,0.1712,0.174,0.1706,0.1733,3479088.6,2026-01-05 04:59:59.999,600711.55889000,6153,1978248.20,341634.06924000,0
2026-01-05 05:00:00,0.1732,0.1745,0.1722,0.1723,2762041.0,2026-01-05 05:59:59.999,478376.43601000,4972,1318984.30,228442.00795000,0
2026-01-05 06:00:00,0.1724,0.173,0.1707,0.1717,4613216.5,2026-01-05 06:59:59.999,792834.56790000,5730,2397623.70,412041.35990000,0
2026-01-05 07:00:00,0.1717,0.1754,0.1705,0.174,5532499.6,2026-01-05 07:59:59.999,958101.95551000,6515,3071846.50,532732.95652000,0
2026-01-05 08:00:00,0.174,0.1757,0.173,0.1747,2609900.0,2026-01-05 08:59:59.999,454885.74999000,3572,1386677.20,241654.30887000,0
2026-01-05 09:00:00,0.1747,0.1749,0.1732,0.1733,3252277.5,2026-01-05 09:59:59.999,566562.94764000,4287,1775166.10,309362.70990000,0
2026-01-05 10:00:00,0.1734,0.1742,0.1718,0.1731,2787796.6,2026-01-05 10:59:59.999,482621.00159000,4826,1504429.00,260435.83092000,0
2026-01-05 11:00:00,0.173,0.1744,0.1725,0.1738,2296575.7,2026-01-05 11:59:59.999,398136.17973000,2772,866506.70,150328.51250000,0
2026-01-05 12:00:00,0.1739,0.1742,0.1711,0.1728,3783004.7,2026-01-05 12:59:59.999,652095.45183000,4253,1641248.50,282895.27660000,0
2026-01-05 13:00:00,0.1728,0.1732,0.1705,0.1717,5586483.3,2026-01-05 13:59:59.999,962897.87656000,5823,1742728.40,300373.93646000,0
2026-01-05 14:00:00,0.1717,0.1723,0.17,0.1716,3584500.6,2026-01-05 14:59:59.999,613151.41431000,5821,1460742.70,249995.46556000,0
2026-01-05 15:00:00,0.1717,0.1737,0.1706,0.1734,3964246.5,2026-01-05 15:59:59.999,682241.10148000,5062,1742231.10,300073.64490000,0
2026-01-05 16:00:00,0.1733,0.1742,0.1723,0.1738,4023609.9,2026-01-05 16:59:59.999,696965.34222000,5724,1576652.50,273306.29536000,0
2026-01-05 17:00:00,0.1739,0.1745,0.1729,0.1745,5081692.1,2026-01-05 17:59:59.999,883963.65125000,4500,2894338.60,503629.36175000,0
2026-01-05 18:00:00,0.1745,0.1757,0.1738,0.1756,1746801.3,2026-01-05 18:59:59.999,305032.34122000,2683,1002292.60,175124.84836000,0
2026-01-05 19:00:00,0.1756,0.1756,0.173,0.1732,2472938.1,2026-01-05 19:59:59.999,430751.43199000,3359,1245598.20,216868.80229000,0
2026-01-05 20:00:00,0.1733,0.1747,0.1732,0.1742,1944520.2,2026-01-05 20:59:59.999,338288.21026000,3028,1027477.90,178765.85958000,0
2026-01-05 21:00:00,0.1742,0.1747,0.1732,0.1739,988654.1,2026-01-05 21:59:59.999,172046.24358000,1750,494197.30,86030.74062000,0
2026-01-05 22:00:00,0.1738,0.1758,0.1736,0.1748,2141849.0,2026-01-05 22:59:59.999,374356.18771000,2715,1207235.90,210961.65362000,0
2026-01-05 23:00:00,0.1748,0.1748,0.173,0.1736,3049700.7,2026-01-05 23:59:59.999,529896.19078000,2618,1965551.30,341429.19801000,0
2026-01-06 00:00:00,0.1737,0.1741,0.1722,0.1734,2090567.7,2026-01-06 00:59:59.999,361427.60084000,2202,628547.20,108877.89082000,0
2026-01-06 01:00:00,0.1734,0.1749,0.1729,0.1741,2303806.7,2026-01-06 01:59:59.999,400997.67080000,2215,746208.20,129953.51181000,0
2026-01-06 02:00:00,0.1741,0.1758,0.174,0.1754,2225426.4,2026-01-06 02:59:59.999,389485.46986000,2623,1187335.50,207847.40994000,0
2026-01-06 03:00:00,0.1754,0.1758,0.1743,0.1748,1273421.2,2026-01-06 03:59:59.999,222864.73533000,1578,590682.30,103410.57928000,0
2026-01-06 04:00:00,0.1748,0.1788,0.1741,0.1766,7285457.9,2026-01-06 04:59:59.999,1287725.44004000,6909,4503775.30,796396.42489000,0
2026-01-06 05:00:00,0.1765,0.1767,0.1745,0.1751,2057846.5,2026-01-06 05:59:59.999,361038.30735000,2684,1140944.40,200183.61892000,0
2026-01-06 06:00:00,0.1751,0.1752,0.1724,0.1728,2810152.7,2026-01-06 06:59:59.999,487184.72289000,3093,1368250.00,237093.05469000,0
2026-01-06 07:00:00,0.1727,0.1731,0.1713,0.1726,4281968.0,2026-01-06 07:59:59.999,737301.82531000,3660,1355387.50,233509.70539000,0
2026-01-06 08:00:00,0.1726,0.1732,0.1724,0.173,828481.4,2026-01-06 08:59:59.999,143162.99958000,1386,331874.30,57375.46112000,0
2026-01-06 09:00:00,0.1729,0.1738,0.1727,0.1735,1303864.4,2026-01-06 09:59:59.999,226152.84797000,1358,840203.90,145779.18821000,0
2026-01-06 10:00:00,0.1735,0.174,0.1733,0.1733,730874.5,2026-01-06 10:59:59.999,126985.11369000,1040,342668.70,59572.55667000,0
2026-01-06 11:00:00,0.1733,0.1746,0.1732,0.1742,1156270.3,2026-01-06 11:59:59.999,201157.46427000,1330,767800.10,133596.63343000,0
2026-01-06 12:00:00,0.1741,0.1743,0.1739,0.1741,704856.8,2026-01-06 12:59:59.999,122681.98020000,1033,388462.90,67620.57146000,0
2026-01-06 13:00:00,0.174,0.1785,0.1739,0.1778,6836493.2,2026-01-06 13:59:59.999,1205332.17037000,6560,4531128.70,797912.74157000,0
2026-01-06 14:00:00,0.1778,0.1784,0.1751,0.1751,8585255.4,2026-01-06 14:59:59.999,1518400.36873000,9974,3965124.00,701572.26455000,0
2026-01-06 15:00:00,0.1752,0.1764,0.1722,0.174,8157063.5,2026-01-06 15:59:59.999,1423531.16886000,7180,4172025.40,728997.60800000,0
2026-01-06 16:00:00,0.174,0.175,0.1701,0.1723,12253441.0,2026-01-06 16:59:59.999,2108538.57158000,13099,5053811.80,870760.68142000,0
2026-01-06 17:00:00,0.1723,0.1731,0.1682,0.1688,5934769.7,2026-01-06 17:59:59.999,1013021.63536000,7373,2132529.40,364299.68805000,0
2026-01-06 18:00:00,0.1688,0.1716,0.1686,0.171,2488744.7,2026-01-06 18:59:59.999,424504.03307000,3253,1172912.70,199928.63827000,0
2026-01-06 19:00:00,0.171,0.1715,0.1705,0.1709,807568.5,2026-01-06 19:59:59.999,138062.61585000,1670,334847.30,57243.43964000,0
2026-01-06 20:00:00,0.1709,0.1722,0.1709,0.1718,911614.8,2026-01-06 20:59:59.999,156613.73085000,1477,415989.20,71466.86732000,0
2026-01-06 21:00:00,0.1718,0.1741,0.1711,0.1733,1752579.7,2026-01-06 21:59:59.999,303018.59395000,3299,861839.60,148972.69714000,0
2026-01-06 22:00:00,0.1734,0.1735,0.1715,0.1721,1405869.7,2026-01-06 22:59:59.999,242169.17038000,2050,631146.40,108750.19090000,0
2026-01-06 23:00:00,0.1722,0.1753,0.172,0.1752,1108791.8,2026-01-06 23:59:59.999,192676.86001000,1738,622397.00,108228.19391000,0
2026-01-07 00:00:00,0.1753,0.1757,0.1721,0.1724,2383024.9,2026-01-07 00:59:59.999,415439.80318000,3405,939368.60,163961.22615000,0
2026-01-07 01:00:00,0.1724,0.1734,0.1713,0.1726,2211805.0,2026-01-07 01:59:59.999,381406.92960000,3291,935807.70,161517.59135000,0
2026-01-07 02:00:00,0.1726,0.1731,0.1716,0.1726,1431631.1,2026-01-07 02:59:59.999,246644.52011000,2319,765692.00,132012.39092000,0
2026-01-07 03:00:00,0.1727,0.1744,0.1724,0.1739,2461328.0,2026-01-07 03:59:59.999,426769.39451000,3084,950130.20,164641.41424000,0
2026-01-07 04:00:00,0.1739,0.1745,0.1717,0.1721,1996927.8,2026-01-07 04:59:59.999,346195.13612000,2979,991521.80,171851.33561000,0
2026-01-07 05:00:00,0.1721,0.1725,0.1704,0.1706,2308603.4,2026-01-07 05:59:59.999,395815.93853000,2189,1223908.50,210007.06744000,0
2026-01-07 06:00:00,0.1706,0.1715,0.1697,0.17,2139894.4,2026-01-07 06:59:59.999,364510.63960000,1897,835584.40,142367.58919000,0
2026-01-07 07:00:00,0.1699,0.1714,0.1699,0.171,855286.0,2026-01-07 07:59:59.999,146140.64781000,1225,397639.40,67919.43084000,0
2026-01-07 08:00:00,0.171,0.1711,0.1691,0.1702,2869817.4,2026-01-07 08:59:59.999,487906.57896000,2952,1376375.20,234005.82370000,0
2026-01-07 09:00:00,0.1701,0.1702,0.1655,0.1671,6046120.2,2026-01-07 09:59:59.999,1012677.01596000,6134,2321276.90,389479.95336000,0
2026-01-07 10:00:00,0.167,0.17,0.1663,0.1692,2062408.7,2026-01-07 10:59:59.999,347176.24234000,2492,1115348.20,187954.18760000,0
2026-01-07 11:00:00,0.1691,0.1729,0.1691,0.1717,8678788.3,2026-01-07 11:59:59.999,1489385.39498000,9800,4898657.70,840322.57501000,0
2026-01-07 12:00:00,0.1717,0.1721,0.17,0.1704,2715753.1,2026-01-07 12:59:59.999,463541.44923000,5267,1254313.90,214101.81403000,0
2026-01-07 13:00:00,0.1703,0.1715,0.1701,0.1703,1986236.7,2026-01-07 13:59:59.999,339124.67431000,3903,976045.00,166671.27135000,0
2026-01-07 14:00:00,0.1704,0.1714,0.1675,0.17,5738025.3,2026-01-07 14:59:59.999,970099.25215000,8542,2444656.80,413520.18086000,0
2026-01-07 15:00:00,0.17,0.1701,0.1674,0.1687,3048980.7,2026-01-07 15:59:59.999,513750.01751000,6306,1424726.10,240154.19729000,0
2026-01-07 16:00:00,0.1687,0.1689,0.1666,0.1679,2543326.4,2026-01-07 16:59:59.999,426820.65316000,4448,1090276.70,182961.84405000,0
2026-01-07 17:00:00,0.1678,0.1686,0.1668,0.1672,1315569.2,2026-01-07 17:59:59.999,220480.07762000,2810,687118.30,115180.80916000,0
2026-01-07 18:00:00,0.1673,0.1689,0.1671,0.1683,1161297.2,2026-01-07 18:59:59.999,195207.46382000,2670,507779.10,85412.12006000,0
2026-01-07 19:00:00,0.1682,0.1688,0.1667,0.168,1274609.0,2026-01-07 19:59:59.999,213846.42957000,2811,452854.20,76009.80213000,0
2026-01-07 20:00:00,0.1679,0.1684,0.167,0.1678,740601.4,2026-01-07 20:59:59.999,124257.59655000,2018,313959.80,52694.02710000,0
2026-01-07 21:00:00,0.1677,0.1765,0.1677,0.1689,17689483.5,2026-01-07 21:59:59.999,3045801.04311000,18664,8885870.70,1530043.10134000,0
2026-01-07 22:00:00,0.1688,0.1688,0.1651,0.1666,4815619.4,2026-01-07 22:59:59.999,806021.18591000,5821,2317723.10,388011.76292000,0
2026-01-07 23:00:00,0.1667,0.1688,0.1661,0.1686,1977535.8,2026-01-07 23:59:59.999,331852.22025000,3382,1050956.30,176286.78368000,0
2026-01-08 00:00:00,0.1687,0.1699,0.1669,0.1698,3116890.8,2026-01-08 00:59:59.999,523873.84055000,3643,1502776.90,252845.67064000,0
2026-01-08 01:00:00,0.1698,0.172,0.1694,0.1716,3324806.8,2026-01-08 01:59:59.999,568514.63394000,3649,1578989.80,270153.29087000,0
2026-01-08 02:00:00,0.1717,0.1723,0.1691,0.1698,3010770.1,2026-01-08 02:59:59.999,514081.20029000,4162,1488363.50,254129.07518000,0
2026-01-08 03:00:00,0.1698,0.1714,0.1688,0.1693,1400194.2,2026-01-08 03:59:59.999,238110.35552000,2878,648561.90,110324.30781000,0
2026-01-08 04:00:00,0.1694,0.1716,0.1681,0.1708,2154347.7,2026-01-08 04:59:59.999,365401.86812000,3614,1075788.50,182749.04226000,0
2026-01-08 05:00:00,0.1708,0.1713,0.169,0.1693,1106127.0,2026-01-08 05:59:59.999,188333.95544000,2151,503808.80,85856.63111000,0
2026-01-08 06:00:00,0.1694,0.1698,0.1672,0.1674,1989018.8,2026-01-08 06:59:59.999,335265.15686000,4039,892276.50,150286.84953000,0
2026-01-08 07:00:00,0.1673,0.1715,0.1665,0.1713,4547677.7,2026-01-08 07:59:59.999,770142.03401000,5909,2668165.40,452061.64550000,0
2026-01-08 08:00:00,0.1713,0.1739,0.1703,0.172,7473017.1,2026-01-08 08:59:59.999,1287917.46468000,9234,3792618.90,654116.29675000,0
2026-01-08 09:00:00,0.172,0.173,0.1711,0.1717,2987743.6,2026-01-08 09:59:59.999,513875.50805000,5238,1372896.70,236160.86195000,0
2026-01-08 10:00:00,0.1717,0.1765,0.1697,0.1753,18751026.6,2026-01-08 10:59:59.999,3264694.11871000,15563,9074526.90,1581032.23897000,0
2026-01-08 11:00:00,0.1754,0.178,0.1744,0.1761,12328372.7,2026-01-08 11:59:59.999,2174798.71336000,12516,5685515.70,1003304.42182000,0
2026-01-08 12:00:00,0.1762,0.1768,0.1696,0.1705,10162837.7,2026-01-08 12:59:59.999,1758076.63027000,12226,3549739.30,615556.92594000,0
2026-01-08 13:00:00,0.1704,0.1717,0.1692,0.1702,5772163.2,2026-01-08 13:59:59.999,984804.84472000,6703,2576742.90,439624.48870000,0
2026-01-08 14:00:00,0.1702,0.177,0.1696,0.1754,15787161.9,2026-01-08 14:59:59.999,2757176.84799000,13502,9449947.80,1651350.66932000,0
2026-01-08 15:00:00,0.1754,0.1885,0.1746,0.1874,45020208.5,2026-01-08 15:59:59.999,8245609.84197000,45742,25459498.60,4657405.77361000,0
2026-01-08 16:00:00,0.1874,0.1883,0.1822,0.1856,21230159.4,2026-01-08 16:59:59.999,3910647.83903000,28667,12408534.60,2282495.42983000,0
2026-01-08 17:00:00,0.1856,0.1864,0.1793,0.1809,10267137.7,2026-01-08 17:59:59.999,1878086.78223000,16070,4664228.10,854435.38623000,0
2026-01-08 18:00:00,0.1809,0.1819,0.1777,0.1795,4954213.5,2026-01-08 18:59:59.999,891525.24018000,7754,2496796.70,449913.48148000,0
2026-01-08 19:00:00,0.1794,0.1797,0.1766,0.1781,7292734.3,2026-01-08 19:59:59.999,1299208.38562000,9745,4269111.00,760256.34058000,0
2026-01-08 20:00:00,0.178,0.1802,0.1763,0.1799,2685532.6,2026-01-08 20:59:59.999,477774.96764000,4999,1416165.70,252179.52586000,0
2026-01-08 21:00:00,0.1798,0.1814,0.1782,0.181,1972285.4,2026-01-08 21:59:59.999,354188.87088000,4110,1130170.70,203053.82893000,0
2026-01-08 22:00:00,0.181,0.1817,0.168,0.1715,32295224.7,2026-01-08 22:59:59.999,5589141.92783000,42600,16079206.30,2784270.43508000,0
2026-01-08 23:00:00,0.1715,0.1733,0.1711,0.1714,5253770.3,2026-01-08 23:59:59.999,903370.76795000,7248,2810945.40,483564.74373000,0
2026-01-09 00:00:00,0.1714,0.173,0.1698,0.1701,9090255.0,2026-01-09 00:59:59.999,1557688.33583000,7715,3380041.10,580201.73097000,0
2026-01-09 01:00:00,0.1702,0.1732,0.1698,0.1704,6902047.2,2026-01-09 01:59:59.999,1180471.88095000,7814,3691183.60,631860.44463000,0
2026-01-09 02:00:00,0.1704,0.1715,0.1702,0.1712,2204117.9,2026-01-09 02:59:59.999,376875.24756000,3133,1049577.20,179672.34892000,0
2026-01-09 03:00:00,0.1712,0.1734,0.1691,0.1707,9242986.9,2026-01-09 03:59:59.999,1580324.06790000,9715,4743781.10,811248.64874000,0
2026-01-09 04:00:00,0.1706,0.1714,0.1699,0.1705,2462696.6,2026-01-09 04:59:59.999,419878.56253000,3301,1378493.70,235008.29305000,0
2026-01-09 05:00:00,0.1706,0.1713,0.1704,0.1709,1504113.9,2026-01-09 05:59:59.999,256990.27860000,2596,759586.00,129781.24486000,0
2026-01-09 06:00:00,0.1709,0.1723,0.1705,0.1719,2122501.3,2026-01-09 06:59:59.999,363542.40495000,3473,980193.40,167995.62025000,0
2026-01-09 07:00:00,0.1718,0.1738,0.1717,0.1731,3956674.5,2026-01-09 07:59:59.999,684190.02520000,5138,2394756.40,414151.91338000,0
2026-01-09 08:00:00,0.173,0.1738,0.1703,0.1713,6805386.8,2026-01-09 08:59:59.999,1170557.94940000,7765,3576711.50,615951.28923000,0
2026-01-09 09:00:00,0.1713,0.1723,0.1707,0.1709,2403160.1,2026-01-09 09:59:59.999,411782.31565000,3969,1217773.80,208745.00797000,0
2026-01-09 10:00:00,0.1709,0.1718,0.1702,0.1702,2240467.4,2026-01-09 10:59:59.999,383129.36336000,3116,857663.70,146707.21197000,0
2026-01-09 11:00:00,0.1703,0.1705,0.169,0.1697,2731181.3,2026-01-09 11:59:59.999,463483.14406000,4202,1144912.60,194299.10673000,0
2026-01-09 12:00:00,0.1697,0.1698,0.1622,0.1652,16744671.3,2026-01-09 12:59:59.999,2772290.49320000,18163,7153810.80,1184225.71852000,0
2026-01-09 13:00:00,0.1653,0.1691,0.1649,0.1683,6194706.5,2026-01-09 13:59:59.999,1037749.28038000,7721,3321350.70,556739.05269000,0
2026-01-09 14:00:00,0.1683,0.1684,0.1653,0.1669,4861373.0,2026-01-09 14:59:59.999,809422.47368000,8948,2048250.50,341014.56730000,0
2026-01-09 15:00:00,0.1669,0.1708,0.1641,0.1681,9950670.8,2026-01-09 15:59:59.999,1668391.28475000,16284,5037934.30,845486.68471000,0
2026-01-09 16:00:00,0.1682,0.1701,0.168,0.1685,3350359.0,2026-01-09 16:59:59.999,566114.01379000,6364,1640484.10,277209.03901000,0
2026-01-09 17:00:00,0.1685,0.1697,0.1669,0.1682,6178960.4,2026-01-09 17:59:59.999,1038651.42959000,8076,3474565.20,583968.59596000,0
2026-01-09 18:00:00,0.1682,0.1684,0.1655,0.167,1756969.9,2026-01-09 18:59:59.999,292891.66463000,3726,1084453.30,180800.50957000,0
2026-01-09 19:00:00,0.167,0.167,0.1643,0.1647,2467406.6,2026-01-09 19:59:59.999,407418.88067000,3967,1070193.10,176640.33427000,0
2026-01-09 20:00:00,0.1646,0.1654,0.1641,0.1652,1023641.1,2026-01-09 20:59:59.999,168696.45034000,2692,608208.10,100236.29966000,0
2026-01-09 21:00:00,0.1652,0.1665,0.1647,0.1658,2904553.6,2026-01-09 21:59:59.999,481151.94876000,3343,1387603.40,229980.85530000,0
2026-01-09 22:00:00,0.1657,0.1676,0.1651,0.1672,2176493.7,2026-01-09 22:59:59.999,361701.49983000,3450,1068120.50,177572.43904000,0
2026-01-09 23:00:00,0.1672,0.1683,0.1668,0.1675,1848428.0,2026-01-09 23:59:59.999,310052.00895000,2057,802481.40,134624.70385000,0
2026-01-10 00:00:00,0.1675,0.1677,0.1663,0.1668,2200962.6,2026-01-10 00:59:59.999,367285.51244000,2614,488863.70,81626.37269000,0
2026-01-10 01:00:00,0.1667,0.168,0.166,0.1672,2975185.9,2026-01-10 01:59:59.999,496960.06916000,4055,1316621.80,219989.61806000,0
2026-01-10 02:00:00,0.1673,0.1681,0.1667,0.1674,1075065.5,2026-01-10 02:59:59.999,179955.60647000,2254,632576.70,105860.23771000,0
2026-01-10 03:00:00,0.1674,0.1674,0.1663,0.1667,1029218.0,2026-01-10 03:59:59.999,171720.68607000,2059,514786.50,85896.31693000,0
2026-01-10 04:00:00,0.1667,0.1681,0.1664,0.1678,2567776.7,2026-01-10 04:59:59.999,429764.12559000,3473,1497560.40,250682.26645000,0
2026-01-10 05:00:00,0.1677,0.1687,0.1674,0.1681,1921522.1,2026-01-10 05:59:59.999,323151.04165000,2570,994776.00,167320.00964000,0
2026-01-10 06:00:00,0.168,0.1684,0.1666,0.1669,2070266.3,2026-01-10 06:59:59.999,346325.42719000,2119,1486325.00,248639.48283000,0
2026-01-10 07:00:00,0.1669,0.1685,0.1669,0.1683,1495508.1,2026-01-10 07:59:59.999,251027.93511000,2408,1057247.60,177459.26718000,0
2026-01-10 08:00:00,0.1682,0.1686,0.1673,0.1681,2140853.3,2026-01-10 08:59:59.999,359515.18456000,2509,1129625.00,189755.08039000,0
2026-01-10 09:00:00,0.1681,0.169,0.1677,0.1686,1639767.7,2026-01-10 09:59:59.999,276228.53431000,2410,774501.70,130489.94051000,0
2026-01-10 10:00:00,0.1686,0.1686,0.1666,0.1679,2322918.3,2026-01-10 10:59:59.999,389463.76519000,3525,813541.10,136480.60912000,0
2026-01-10 11:00:00,0.1679,0.1681,0.1673,0.1681,631220.3,2026-01-10 11:59:59.999,105897.99879000,1087,335953.60,56366.62369000,0
2026-01-10 12:00:00,0.1681,0.1685,0.1676,0.1681,831376.8,2026-01-10 12:59:59.999,139695.42411000,1127,342739.60,57616.56718000,0
2026-01-10 13:00:00,0.168,0.1687,0.1676,0.1684,819077.0,2026-01-10 13:59:59.999,137664.30420000,1191,353780.00,59504.59735000,0
2026-01-10 14:00:00,0.1683,0.1693,0.1681,0.1683,1649840.0,2026-01-10 14:59:59.999,278333.75458000,2619,728886.50,123019.77495000,0
2026-01-10 15:00:00,0.1683,0.1683,0.1667,0.1673,2145513.4,2026-01-10 15:59:59.999,358786.93528000,2426,801188.80,133970.06175000,0
2026-01-10 16:00:00,0.1672,0.1692,0.1667,0.1683,3202822.6,2026-01-10 16:59:59.999,538841.46278000,3110,1936950.90,326059.95734000,0
2026-01-10 17:00:00,0.1683,0.1695,0.1681,0.1682,1848566.3,2026-01-10 17:59:59.999,312107.59775000,2186,1138819.80,192319.23616000,0
2026-01-10 18:00:00,0.1681,0.1689,0.168,0.1683,535076.0,2026-01-10 18:59:59.999,90120.01014000,1005,215693.30,36327.60777000,0
2026-01-10 19:00:00,0.1682,0.1686,0.1678,0.1682,571482.8,2026-01-10 19:59:59.999,96148.50841000,1098,252705.00,42519.55568000,0
2026-01-10 20:00:00,0.1682,0.1686,0.1679,0.1682,377648.6,2026-01-10 20:59:59.999,63501.77380000,946,179215.00,30143.73570000,0
2026-01-10 21:00:00,0.1682,0.1682,0.1674,0.1674,574356.2,2026-01-10 21:59:59.999,96417.25648000,879,214086.20,35946.23264000,0
2026-01-10 22:00:00,0.1673,0.1677,0.1664,0.1665,846218.7,2026-01-10 22:59:59.999,141534.69642000,1421,328072.70,54886.66694000,0
2026-01-10 23:00:00,0.1665,0.1673,0.1665,0.1669,801641.5,2026-01-10 23:59:59.999,133840.32085000,1002,422842.30,70605.49550000,0
2026-01-11 00:00:00,0.1669,0.1672,0.1656,0.167,998075.9,2026-01-11 00:59:59.999,166211.12882000,1432,443827.00,73948.44909000,0
2026-01-11 01:00:00,0.1669,0.1678,0.1669,0.1675,573178.1,2026-01-11 01:59:59.999,95973.41165000,1149,348480.90,58353.79817000,0
2026-01-11 02:00:00,0.1676,0.1681,0.1673,0.1675,670891.6,2026-01-11 02:59:59.999,112505.60747000,1277,208293.40,34932.51152000,0
2026-01-11 03:00:00,0.1674,0.1685,0.1674,0.1684,860258.6,2026-01-11 03:59:59.999,144668.33890000,1685,292013.90,49119.46796000,0
2026-01-11 04:00:00,0.1683,0.1691,0.1678,0.1687,662246.8,2026-01-11 04:59:59.999,111533.33260000,1065,343949.40,57974.75787000,0
2026-01-11 05:00:00,0.1686,0.1688,0.1679,0.168,480727.0,2026-01-11 05:59:59.999,80881.06632000,821,234202.40,39409.26571000,0
2026-01-11 06:00:00,0.168,0.1683,0.1675,0.1679,620647.9,2026-01-11 06:59:59.999,104102.66142000,764,288836.60,48458.85142000,0
2026-01-11 07:00:00,0.168,0.1682,0.1676,0.1682,306227.2,2026-01-11 07:59:59.999,51422.60498000,811,167524.60,28137.35228000,0
2026-01-11 08:00:00,0.1681,0.1685,0.1676,0.1682,799839.4,2026-01-11 08:59:59.999,134429.34647000,891,392844.90,66054.64392000,0
2026-01-11 09:00:00,0.1683,0.1696,0.1681,0.169,1664582.5,2026-01-11 09:59:59.999,280900.29023000,1519,1224145.60,206625.56256000,0
2026-01-11 10:00:00,0.169,0.1694,0.1684,0.1685,888141.3,2026-01-11 10:59:59.999,150034.96124000,1194,316128.50,53428.51943000,0
2026-01-11 11:00:00,0.1684,0.1693,0.1679,0.1691,1758710.5,2026-01-11 11:59:59.999,296951.24834000,2783,959392.00,162090.81275000,0
2026-01-11 12:00:00,0.1692,0.1696,0.1684,0.1694,1262591.2,2026-01-11 12:59:59.999,213474.21671000,1986,545168.20,92221.01408000,0
2026-01-11 13:00:00,0.1693,0.1694,0.1685,0.1688,1813111.9,2026-01-11 13:59:59.999,306233.13051000,1817,678327.00,114596.54945000,0
2026-01-11 14:00:00,0.1687,0.1704,0.1686,0.1703,2058357.5,2026-01-11 14:59:59.999,349054.14007000,2113,1360105.00,230454.67452000,0
2026-01-11 15:00:00,0.1703,0.1705,0.1669,0.167,6189119.7,2026-01-11 15:59:59.999,1040043.38047000,5511,2836106.50,476035.34491000,0
2026-01-11 16:00:00,0.167,0.1696,0.1667,0.1692,3674403.6,2026-01-11 16:59:59.999,617069.10387000,5523,2404947.30,403843.40812000,0
2026-01-11 17:00:00,0.1691,0.1701,0.1689,0.1695,6412290.1,2026-01-11 17:59:59.999,1088296.00058000,2975,1112340.10,188703.70081000,0
2026-01-11 18:00:00,0.1695,0.1702,0.1691,0.1693,1304913.8,2026-01-11 18:59:59.999,221379.77114000,1620,792684.30,134510.52902000,0
2026-01-11 19:00:00,0.1692,0.1695,0.1677,0.1677,2011495.3,2026-01-11 19:59:59.999,338987.61831000,2303,721478.60,121675.32580000,0
2026-01-11 20:00:00,0.1677,0.1677,0.1662,0.1671,1748212.0,2026-01-11 20:59:59.999,291634.01581000,3046,819437.20,136711.22980000,0
2026-01-11 21:00:00,0.1671,0.1678,0.1663,0.1676,645339.8,2026-01-11 21:59:59.999,107775.82969000,1577,294227.00,49141.50143000,0
2026-01-11 22:00:00,0.1676,0.1677,0.1663,0.1665,658510.3,2026-01-11 22:59:59.999,109846.57530000,1181,264045.00,44062.92140000,0
2026-01-11 23:00:00,0.1664,0.167,0.164,0.1662,3311937.6,2026-01-11 23:59:59.999,547443.15395000,4556,1341309.20,221826.13998000,0
2026-01-12 00:00:00,0.1663,0.1667,0.164,0.1657,2147073.7,2026-01-12 00:59:59.999,354469.20783000,3867,1196248.00,197554.94974000,0
2026-01-12 01:00:00,0.1658,0.1668,0.165,0.1657,4763594.7,2026-01-12 01:59:59.999,789007.23331000,4972,3370692.20,558154.55384000,0
2026-01-12 02:00:00,0.1656,0.1679,0.1655,0.1674,2192552.8,2026-01-12 02:59:59.999,366137.21370000,3187,1381591.10,230758.10516000,0
2026-01-12 03:00:00,0.1674,0.1713,0.167,0.1682,6701132.5,2026-01-12 03:59:59.999,1133740.00770000,7838,4215267.90,713159.70441000,0
2026-01-12 04:00:00,0.1681,0.1697,0.1681,0.1697,1250398.4,2026-01-12 04:59:59.999,211175.84801000,2428,773621.40,130618.76824000,0
2026-01-12 05:00:00,0.1696,0.17,0.1689,0.1694,961714.3,2026-01-12 05:59:59.999,163123.86910000,1782,513883.70,87191.13198000,0
2026-01-12 06:00:00,0.1694,0.1698,0.1679,0.1679,1488640.0,2026-01-12 06:59:59.999,251058.94647000,2104,605060.40,102136.00654000,0
2026-01-12 07:00:00,0.168,0.1688,0.1668,0.1671,1277014.7,2026-01-12 07:59:59.999,214038.90536000,2497,544993.60,91350.50601000,0
2026-01-12 08:00:00,0.167,0.1684,0.1647,0.1655,2776027.4,2026-01-12 08:59:59.999,461074.82665000,5183,1277823.70,212265.00558000,0
2026-01-12 09:00:00,0.1655,0.1661,0.1649,0.1651,1316340.5,2026-01-12 09:59:59.999,217824.80561000,2512,593382.20,98226.08047000,0
2026-01-12 10:00:00,0.1652,0.1662,0.1649,0.1654,768134.0,2026-01-12 10:59:59.999,127174.58805000,2120,395605.70,65502.66177000,0
2026-01-12 11:00:00,0.1654,0.1665,0.1654,0.1662,957671.7,2026-01-12 11:59:59.999,159060.72201000,2159,381793.90,63416.29589000,0
2026-01-12 12:00:00,0.1661,0.1668,0.1655,0.1659,773135.0,2026-01-12 12:59:59.999,128499.45045000,2047,333462.40,55429.68618000,0
2026-01-12 13:00:00,0.1659,0.1662,0.163,0.1636,4226004.3,2026-01-12 13:59:59.999,694793.87096000,4599,1510653.30,248483.33428000,0
2026-01-12 14:00:00,0.1636,0.1693,0.1617,0.1642,20256441.4,2026-01-12 14:59:59.999,3344051.63143000,24521,10312391.30,1706122.83943000,0
2026-01-12 15:00:00,0.1642,0.1665,0.1638,0.1663,2326579.7,2026-01-12 15:59:59.999,385170.93310000,4530,1272821.70,210766.63073000,0
2026-01-12 16:00:00,0.1663,0.1712,0.1661,0.1679,10906043.5,2026-01-12 16:59:59.999,1843664.47661000,15559,6005274.70,1015025.82424000,0
2026-01-12 17:00:00,0.1678,0.1683,0.1663,0.168,2666080.0,2026-01-12 17:59:59.999,446610.29965000,5614,1337563.20,224078.25706000,0
2026-01-12 18:00:00,0.1681,0.1695,0.1679,0.1683,1176243.6,2026-01-12 18:59:59.999,198436.50077000,3284,608938.10,102773.37255000,0
2026-01-12 19:00:00,0.1683,0.1699,0.1676,0.1697,1130655.3,2026-01-12 19:59:59.999,190723.29302000,2876,619617.10,104579.90924000,0
2026-01-12 20:00:00,0.1698,0.1704,0.1688,0.169,1377710.5,2026-01-12 20:59:59.999,233493.93636000,3576,650238.80,110212.05396000,0
2026-01-12 21:00:00,0.169,0.1698,0.168,0.1684,1021076.1,2026-01-12 21:59:59.999,172496.10292000,3198,516238.50,87262.65921000,0
2026-01-12 22:00:00,0.1685,0.1705,0.1684,0.169,1893351.7,2026-01-12 22:59:59.999,321472.38262000,3535,991722.90,168399.24762000,0
2026-01-12 23:00:00,0.169,0.1697,0.168,0.1696,1004178.8,2026-01-12 23:59:59.999,169642.22157000,2444,487334.70,82384.66302000,0
2026-01-13 00:00:00,0.1696,0.1709,0.1694,0.1703,2234256.2,2026-01-13 00:59:59.999,380354.46381000,4416,1168818.10,199004.88709000,0
2026-01-13 01:00:00,0.1703,0.1712,0.1692,0.1697,1773483.6,2026-01-13 01:59:59.999,301714.80178000,3457,894864.90,152312.59148000,0
2026-01-13 02:00:00,0.1697,0.1705,0.1695,0.1696,868520.0,2026-01-13 02:59:59.999,147660.78577000,2277,417904.30,71061.97322000,0
2026-01-13 03:00:00,0.1697,0.1703,0.1686,0.1688,893493.2,2026-01-13 03:59:59.999,151605.22903000,1899,425615.70,72263.40925000,0
2026-01-13 04:00:00,0.1688,0.1691,0.1674,0.1685,1754074.0,2026-01-13 04:59:59.999,294799.71010000,2616,740497.20,124441.29340000,0
2026-01-13 05:00:00,0.1685,0.1698,0.1678,0.1683,1574347.5,2026-01-13 05:59:59.999,265872.57518000,2990,900522.50,152182.59537000,0
2026-01-13 06:00:00,0.1683,0.1692,0.1681,0.1688,778013.1,2026-01-13 06:59:59.999,131199.67480000,1638,456112.00,76929.53489000,0
2026-01-13 07:00:00,0.1688,0.169,0.168,0.1685,637631.1,2026-01-13 07:59:59.999,107360.78658000,1246,322730.70,54344.98285000,0
2026-01-13 08:00:00,0.1685,0.1693,0.168,0.1691,680351.2,2026-01-13 08:59:59.999,114745.18377000,1485,415286.30,70052.45125000,0
2026-01-13 09:00:00,0.1691,0.1698,0.1685,0.169,1594708.7,2026-01-13 09:59:59.999,269881.68103000,3234,698630.90,118197.70001000,0
2026-01-13 10:00:00,0.169,0.1694,0.1686,0.169,767304.6,2026-01-13 10:59:59.999,129580.31247000,1722,375541.20,63447.87609000,0
2026-01-13 11:00:00,0.1689,0.1709,0.1688,0.1705,1319857.2,2026-01-13 11:59:59.999,224511.17749000,2324,863783.80,146978.02122000,0
2026-01-13 12:00:00,0.1705,0.1706,0.1696,0.1703,1230608.1,2026-01-13 12:59:59.999,209349.07526000,2020,429040.10,72992.09448000,0
2026-01-13 13:00:00,0.1703,0.1748,0.1699,0.1726,7449046.3,2026-01-13 13:59:59.999,1288065.48537000,11103,4171492.50,721039.31330000,0
2026-01-13 14:00:00,0.1727,0.1815,0.1721,0.1794,17249116.2,2026-01-13 14:59:59.999,3085609.66766000,25903,9466228.30,1692176.13150000,0
2026-01-13 15:00:00,0.1793,0.1809,0.1769,0.1791,9890680.7,2026-01-13 15:59:59.999,1768290.75413000,15869,4843883.90,866907.26845000,0
2026-01-13 16:00:00,0.1792,0.1809,0.1781,0.1802,4998669.5,2026-01-13 16:59:59.999,896647.28000000,9135,2874817.90,516020.71995000,0
2026-01-13 17:00:00,0.1803,0.1808,0.1778,0.179,4678572.1,2026-01-13 17:59:59.999,837281.94678000,7739,1920741.80,343905.76987000,0
2026-01-13 18:00:00,0.179,0.1802,0.1787,0.1794,1869213.9,2026-01-13 18:59:59.999,335492.23665000,4763,1025697.60,184176.49319000,0
2026-01-13 19:00:00,0.1794,0.1814,0.1793,0.1812,2813201.2,2026-01-13 19:59:59.999,507959.14283000,4491,1778426.10,321186.72388000,0
2026-01-13 20:00:00,0.1813,0.1816,0.1775,0.1781,4032782.3,2026-01-13 20:59:59.999,725002.55289000,8801,2293551.50,412557.96867000,0
2026-01-13 21:00:00,0.1781,0.1789,0.1775,0.1776,1411882.8,2026-01-13 21:59:59.999,251552.80149000,3877,492317.30,87751.22307000,0
2026-01-13 22:00:00,0.1776,0.1813,0.1774,0.1804,6191732.1,2026-01-13 22:59:59.999,1113956.65125000,11766,3434569.00,617900.72938000,0
2026-01-13 23:00:00,0.1804,0.1814,0.18,0.1801,3382752.5,2026-01-13 23:59:59.999,611389.13932000,4637,2098670.50,379348.42204000,0
2026-01-14 00:00:00,0.1801,0.1811,0.179,0.1806,6564480.2,2026-01-14 00:59:59.999,1183375.24158000,9742,2704373.00,487904.79340000,0
2026-01-14 01:00:00,0.1806,0.1839,0.1805,0.1822,7376876.5,2026-01-14 01:59:59.999,1346725.96217000,10558,3681269.40,671711.79268000,0
2026-01-14 02:00:00,0.1822,0.1838,0.1819,0.182,3930668.4,2026-01-14 02:59:59.999,718447.87363000,7028,2108708.60,385449.24690000,0
2026-01-14 03:00:00,0.182,0.1835,0.1816,0.1834,2492850.1,2026-01-14 03:59:59.999,455683.39079000,4671,1158668.10,211793.05206000,0
2026-01-14 04:00:00,0.1833,0.1869,0.1829,0.1859,7132197.8,2026-01-14 04:59:59.999,1319268.13302000,11043,3941938.30,729448.90586000,0
2026-01-14 05:00:00,0.1859,0.1865,0.1838,0.184,3243168.2,2026-01-14 05:59:59.999,599873.21206000,6673,1509188.90,279128.12323000,0
2026-01-14 06:00:00,0.184,0.1844,0.1816,0.1829,4739445.0,2026-01-14 06:59:59.999,867651.63983000,7230,1920363.00,352000.70038000,0
2026-01-14 07:00:00,0.1829,0.184,0.1813,0.1818,3007423.5,2026-01-14 07:59:59.999,548713.99164000,4130,1552065.20,283301.79634000,0
2026-01-14 08:00:00,0.1818,0.1835,0.1817,0.1823,1573842.6,2026-01-14 08:59:59.999,287445.38768000,2443,835763.00,152659.87884000,0
2026-01-14 09:00:00,0.1823,0.1852,0.1823,0.1845,2785619.2,2026-01-14 09:59:59.999,513438.60713000,4343,1638554.80,302046.66822000,0
2026-01-14 10:00:00,0.1845,0.1854,0.1837,0.1846,1863354.1,2026-01-14 10:59:59.999,343811.54237000,4332,705603.80,130212.83541000,0
2026-01-14 11:00:00,0.1845,0.1852,0.1791,0.1797,8445873.1,2026-01-14 11:59:59.999,1534009.45834000,10589,4219989.60,765096.21415000,0
2026-01-14 12:00:00,0.1797,0.1814,0.1796,0.1804,2816035.3,2026-01-14 12:59:59.999,507774.71337000,4510,1268243.20,228603.97392000,0
2026-01-14 13:00:00,0.1804,0.1809,0.1793,0.1795,1573355.6,2026-01-14 13:59:59.999,283193.47927000,3100,745712.80,134210.95428000,0
2026-01-14 14:00:00,0.1795,0.1816,0.1793,0.1805,5818714.7,2026-01-14 14:59:59.999,1052373.36915000,8426,2321188.80,419943.96427000,0
2026-01-14 15:00:00,0.1805,0.1823,0.1795,0.1803,6842552.1,2026-01-14 15:59:59.999,1236442.13080000,11460,2868412.20,519398.04086000,0
2026-01-14 16:00:00,0.1804,0.1907,0.1803,0.1848,20727198.1,2026-01-14 16:59:59.999,3865225.93827000,23126,12053928.50,2248757.45242000,0
2026-01-14 17:00:00,0.1849,0.1851,0.1827,0.1832,3974640.9,2026-01-14 17:59:59.999,731510.95298000,7360,1348910.20,248302.08994000,0
2026-01-14 18:00:00,0.1831,0.1834,0.1801,0.182,4249758.1,2026-01-14 18:59:59.999,771724.16907000,8235,2040128.50,370617.30804000,0
2026-01-14 19:00:00,0.1821,0.1832,0.1802,0.1817,2576378.4,2026-01-14 19:59:59.999,467760.42380000,5551,1220690.30,221712.12564000,0
2026-01-14 20:00:00,0.1817,0.1826,0.1808,0.1812,1657327.8,2026-01-14 20:59:59.999,301002.86775000,4088,704729.20,128049.88405000,0
2026-01-14 21:00:00,0.1811,0.1817,0.179,0.1801,4883464.0,2026-01-14 21:59:59.999,880861.37296000,7153,2182960.50,393899.37713000,0
2026-01-14 22:00:00,0.18,0.1808,0.1776,0.1778,5434216.6,2026-01-14 22:59:59.999,974071.47235000,5361,1379280.50,247614.87786000,0
2026-01-14 23:00:00,0.1778,0.1778,0.1746,0.1751,5912719.6,2026-01-14 23:59:59.999,1040565.81969000,9730,2976837.20,523620.75416000,0
2026-01-15 00:00:00,0.1751,0.1751,0.1734,0.175,3302866.6,2026-01-15 00:59:59.999,575216.71769000,6114,1721432.10,299849.90446000,0
2026-01-15 01:00:00,0.1751,0.1761,0.1727,0.1728,4101914.4,2026-01-15 01:59:59.999,715755.68988000,7307,2115002.50,368924.71845000,0
2026-01-15 02:00:00,0.1728,0.1735,0.1709,0.1715,4499475.8,2026-01-15 02:59:59.999,773639.05082000,6508,2131312.90,366821.21252000,0
2026-01-15 03:00:00,0.1716,0.1724,0.1692,0.1702,5613074.0,2026-01-15 03:59:59.999,956407.34774000,14493,2049616.90,349412.78251000,0
2026-01-15 04:00:00,0.1702,0.1716,0.1696,0.171,5688282.9,2026-01-15 04:59:59.999,969581.16542000,15236,2085606.30,355489.49763000,0
2026-01-15 05:00:00,0.1711,0.1715,0.1694,0.1709,3768297.0,2026-01-15 05:59:59.999,642311.02760000,8877,1307676.20,223039.59817000,0
2026-01-15 06:00:00,0.1709,0.1713,0.17,0.1701,1653988.1,2026-01-15 06:59:59.999,282131.59714000,4738,573405.40,97844.64496000,0
2026-01-15 07:00:00,0.17,0.1712,0.1698,0.1705,3281378.7,2026-01-15 07:59:59.999,559425.43990000,6169,1752971.60,298853.88098000,0
2026-01-15 08:00:00,0.1705,0.1709,0.1692,0.1706,3403304.6,2026-01-15 08:59:59.999,578798.90505000,3960,1715681.60,291690.13777000,0
2026-01-15 09:00:00,0.1706,0.1731,0.1701,0.1716,2306656.1,2026-01-15 09:59:59.999,395682.22567000,3881,1453169.50,249284.20836000,0
2026-01-15 10:00:00,0.1716,0.1723,0.1707,0.1717,1726355.1,2026-01-15 10:59:59.999,296204.16907000,3106,763983.40,131095.30406000,0
2026-01-15 11:00:00,0.1717,0.1718,0.1689,0.1702,3287964.0,2026-01-15 11:59:59.999,559713.63460000,4299,1562905.80,266029.76974000,0
2026-01-15 12:00:00,0.1701,0.1705,0.1695,0.1704,1803383.0,2026-01-15 12:59:59.999,306373.58545000,2450,754249.80,128142.03528000,0
2026-01-15 13:00:00,0.1704,0.1715,0.1701,0.171,1255683.5,2026-01-15 13:59:59.999,214479.33377000,2710,577109.30,98564.00119000,0
2026-01-15 14:00:00,0.171,0.172,0.1698,0.1706,3404421.9,2026-01-15 14:59:59.999,582447.06579000,7072,1462755.80,250343.74394000,0
2026-01-15 15:00:00,0.1706,0.1719,0.1687,0.1716,4089887.3,2026-01-15 15:59:59.999,695696.46929000,7456,1696736.80,289018.05790000,0
2026-01-15 16:00:00,0.1716,0.1718,0.17,0.1708,2259944.1,2026-01-15 16:59:59.999,385536.86217000,4346,1001707.30,170991.04845000,0
2026-01-15 17:00:00,0.1707,0.1722,0.1694,0.1696,1823380.4,2026-01-15 17:59:59.999,311490.65640000,3346,793617.20,135736.00335000,0
2026-01-15 18:00:00,0.1696,0.17,0.1668,0.1672,2727945.0,2026-01-15 18:59:59.999,458936.77134000,4049,988253.10,166310.06224000,0
2026-01-15 19:00:00,0.1671,0.168,0.1662,0.1675,1956893.9,2026-01-15 19:59:59.999,327226.26599000,3551,995977.40,166519.28234000,0
2026-01-15 20:00:00,0.1675,0.1682,0.1664,0.1668,1112793.3,2026-01-15 20:59:59.999,186034.32872000,2366,481349.80,80494.36315000,0
2026-01-15 21:00:00,0.1668,0.1685,0.1666,0.1682,1868113.9,2026-01-15 21:59:59.999,313147.72705000,1821,1425701.20,239010.11678000,0
2026-01-15 22:00:00,0.1683,0.1698,0.1683,0.169,924322.7,2026-01-15 22:59:59.999,156336.13064000,1635,452039.00,76480.08884000,0
2026-01-15 23:00:00,0.169,0.1691,0.168,0.1687,713856.9,2026-01-15 23:59:59.999,120289.55012000,1045,195090.40,32878.97639000,0
2026-01-16 00:00:00,0.1687,0.1697,0.1683,0.1688,695975.3,2026-01-16 00:59:59.999,117645.91282000,1581,269647.20,45591.52443000,0
2026-01-16 01:00:00,0.1687,0.1695,0.1684,0.1689,762144.0,2026-01-16 01:59:59.999,128750.51329000,1571,324847.70,54897.78210000,0
2026-01-16 02:00:00,0.1689,0.1691,0.1675,0.169,973614.7,2026-01-16 02:59:59.999,163829.06006000,1695,361055.70,60789.54452000,0
2026-01-16 03:00:00,0.1691,0.1693,0.1676,0.1679,1607908.4,2026-01-16 03:59:59.999,270393.17386000,2383,560531.70,94304.21644000,0
2026-01-16 04:00:00,0.168,0.1685,0.1652,0.1662,4900480.6,2026-01-16 04:59:59.999,814883.34020000,6473,2533054.40,421173.40604000,0
2026-01-16 05:00:00,0.1663,0.1677,0.1651,0.167,3122907.6,2026-01-16 05:59:59.999,519690.82417000,4478,1379469.40,229433.09406000,0
2026-01-16 06:00:00,0.1669,0.1674,0.1666,0.1673,1076625.9,2026-01-16 06:59:59.999,179786.51713000,1601,455323.70,76049.23301000,0
2026-01-16 07:00:00,0.1672,0.1677,0.1661,0.1665,1451598.6,2026-01-16 07:59:59.999,242370.14356000,2195,730520.00,121997.61810000,0
2026-01-16 08:00:00,0.1665,0.1681,0.1664,0.1675,1154433.7,2026-01-16 08:59:59.999,193305.63984000,2131,609214.90,102001.41477000,0
2026-01-16 09:00:00,0.1675,0.1681,0.1672,0.1679,625589.4,2026-01-16 09:59:59.999,104838.27313000,1084,271344.80,45490.39668000,0
2026-01-16 10:00:00,0.1679,0.1682,0.167,0.1674,1726182.5,2026-01-16 10:59:59.999,289297.84182000,2222,792899.40,132911.43735000,0
2026-01-16 11:00:00,0.1673,0.1682,0.1671,0.1681,1060056.6,2026-01-16 11:59:59.999,177851.06433000,1572,571779.10,95942.82035000,0
2026-01-16 12:00:00,0.1682,0.1684,0.1671,0.1672,1535657.4,2026-01-16 12:59:59.999,257481.47237000,1963,565163.00,94796.20839000,0
2026-01-16 13:00:00,0.1672,0.1672,0.1659,0.1669,2106399.9,2026-01-16 13:59:59.999,351078.05550000,2754,823828.10,137266.05035000,0
2026-01-16 14:00:00,0.1668,0.168,0.1667,0.1673,1553713.3,2026-01-16 14:59:59.999,259980.20983000,2696,607420.20,101709.79028000,0
2026-01-16 15:00:00,0.1672,0.1681,0.1644,0.166,3737238.3,2026-01-16 15:59:59.999,619200.12843000,5826,1620405.20,268750.05364000,0
2026-01-16 16:00:00,0.166,0.1681,0.1658,0.1671,1743502.2,2026-01-16 16:59:59.999,291696.33608000,3072,964403.00,161381.29239000,0
2026-01-16 17:00:00,0.1672,0.1683,0.1665,0.1682,617267.5,2026-01-16 17:59:59.999,103315.50283000,1801,328680.90,55008.39038000,0
2026-01-16 18:00:00,0.1683,0.1686,0.1679,0.1681,881891.4,2026-01-16 18:59:59.999,148333.21618000,1582,445521.70,74970.36292000,0
2026-01-16 19:00:00,0.168,0.1686,0.1671,0.1685,491082.7,2026-01-16 19:59:59.999,82427.43684000,1196,279322.10,46930.70135000,0
2026-01-16 20:00:00,0.1685,0.1708,0.1678,0.1706,1740743.6,2026-01-16 20:59:59.999,295614.63230000,2111,1070106.30,181706.98779000,0
2026-01-16 21:00:00,0.1707,0.1708,0.17,0.17,1087060.7,2026-01-16 21:59:59.999,185315.01761000,1315,541494.40,92325.06228000,0
2026-01-16 22:00:00,0.1701,0.1705,0.169,0.1693,2252689.9,2026-01-16 22:59:59.999,382377.76353000,3069,1403940.00,238266.71151000,0
2026-01-16 23:00:00,0.1693,0.1697,0.169,0.169,1576437.3,2026-01-16 23:59:59.999,266868.53945000,1637,1153718.20,195305.34589000,0
2026-01-17 00:00:00,0.169,0.1702,0.1685,0.1697,1031962.5,2026-01-17 00:59:59.999,174922.84236000,1742,665842.00,112854.69529000,0
2026-01-17 01:00:00,0.1697,0.1708,0.1697,0.1706,728466.1,2026-01-17 01:59:59.999,124046.50932000,1219,420238.90,71561.44445000,0
2026-01-17 02:00:00,0.1707,0.1708,0.169,0.1693,979169.4,2026-01-17 02:59:59.999,166065.48439000,1542,365764.70,62070.02097000,0
2026-01-17 03:00:00,0.1693,0.1695,0.1686,0.1691,589495.4,2026-01-17 03:59:59.999,99654.51664000,1008,260513.90,44026.82702000,0
2026-01-17 04:00:00,0.169,0.1693,0.1684,0.1688,568541.8,2026-01-17 04:59:59.999,96000.32652000,928,268416.90,45335.16443000,0
2026-01-17 05:00:00,0.1688,0.1696,0.1687,0.1687,637954.5,2026-01-17 05:59:59.999,107884.95228000,1279,362748.50,61344.62248000,0
2026-01-17 06:00:00,0.1688,0.1692,0.1686,0.1691,409315.3,2026-01-17 06:59:59.999,69113.66040000,1038,211584.80,35728.05148000,0
2026-01-17 07:00:00,0.1691,0.1693,0.1687,0.1689,405892.9,2026-01-17 07:59:59.999,68583.30685000,736,215154.60,36348.05588000,0
2026-01-17 08:00:00,0.1689,0.1694,0.1687,0.1691,410590.2,2026-01-17 08:59:59.999,69415.26731000,904,177772.30,30068.14469000,0
2026-01-17 09:00:00,0.1692,0.1694,0.1688,0.169,591722.2,2026-01-17 09:59:59.999,100039.64847000,1155,333327.50,56360.19922000,0
2026-01-17 10:00:00,0.169,0.1693,0.1678,0.168,1125324.2,2026-01-17 10:59:59.999,189759.88826000,1414,399965.30,67495.20227000,0
2026-01-17 11:00:00,0.1679,0.1688,0.1673,0.1682,1052281.1,2026-01-17 11:59:59.999,177056.52611000,2060,651735.30,109752.09010000,0
2026-01-17 12:00:00,0.1682,0.1688,0.168,0.1684,626141.1,2026-01-17 12:59:59.999,105463.17550000,1066,304887.40,51372.53507000,0
2026-01-17 13:00:00,0.1684,0.1689,0.1681,0.1685,1358392.8,2026-01-17 13:59:59.999,228935.42719000,1329,978894.90,164991.21719000,0
2026-01-17 14:00:00,0.1686,0.1695,0.1681,0.1692,681397.1,2026-01-17 14:59:59.999,115021.68156000,1266,430170.10,72645.39634000,0
2026-01-17 15:00:00,0.1693,0.1732,0.169,0.1726,6399018.9,2026-01-17 15:59:59.999,1096279.56853000,8037,3791584.40,649064.08467000,0
2026-01-17 16:00:00,0.1726,0.1727,0.1688,0.1701,2700261.1,2026-01-17 16:59:59.999,460170.50944000,4455,1435926.10,244454.63705000,0
2026-01-17 17:00:00,0.1702,0.1703,0.1691,0.1697,953696.3,2026-01-17 17:59:59.999,161907.18473000,1846,552173.80,93744.81487000,0
2026-01-17 18:00:00,0.1697,0.1698,0.169,0.1697,714310.3,2026-01-17 18:59:59.999,121075.41477000,1526,451717.70,76576.01510000,0
2026-01-17 19:00:00,0.1697,0.1704,0.1694,0.1701,2148512.8,2026-01-17 19:59:59.999,365332.01645000,2072,1102237.50,187351.98488000,0
2026-01-17 20:00:00,0.1702,0.1707,0.1696,0.1699,691031.4,2026-01-17 20:59:59.999,117583.14266000,1401,383389.60,65234.14937000,0
2026-01-17 21:00:00,0.1699,0.1705,0.1697,0.1704,486021.8,2026-01-17 21:59:59.999,82623.69041000,1105,300480.00,51082.72929000,0
2026-01-17 22:00:00,0.1704,0.1705,0.1678,0.1688,1852976.1,2026-01-17 22:59:59.999,312659.92316000,2918,575133.10,97175.66257000,0
2026-01-17 23:00:00,0.1688,0.1694,0.1684,0.1688,936559.0,2026-01-17 23:59:59.999,158061.09308000,1621,583128.10,98403.34722000,0
2026-01-18 00:00:00,0.1688,0.1695,0.168,0.1683,1428957.2,2026-01-18 00:59:59.999,240774.73139000,1941,633559.70,106865.54375000,0
2026-01-18 01:00:00,0.1683,0.1683,0.1671,0.1675,3139207.5,2026-01-18 01:59:59.999,526378.16920000,3653,796611.10,133544.11339000,0
2026-01-18 02:00:00,0.1676,0.1683,0.1671,0.1678,867730.0,2026-01-18 02:59:59.999,145443.24841000,1752,438019.90,73426.68616000,0
2026-01-18 03:00:00,0.1678,0.1683,0.1675,0.1676,572387.7,2026-01-18 03:59:59.999,96089.84214000,1089,275141.40,46199.50900000,0
2026-01-18 04:00:00,0.1676,0.168,0.1669,0.1679,627360.0,2026-01-18 04:59:59.999,104990.38384000,1582,378096.70,63299.93483000,0
2026-01-18 05:00:00,0.1678,0.1679,0.1673,0.1678,728767.2,2026-01-18 05:59:59.999,122154.00480000,1233,389782.80,65337.86880000,0
2026-01-18 06:00:00,0.1679,0.1681,0.1675,0.1678,536498.9,2026-01-18 06:59:59.999,89973.04797000,810,222092.20,37244.65450000,0
2026-01-18 07:00:00,0.1677,0.1682,0.1675,0.168,296405.2,2026-01-18 07:59:59.999,49738.09353000,800,165109.70,27712.74780000,0
2026-01-18 08:00:00,0.168,0.1689,0.1677,0.1684,498573.8,2026-01-18 08:59:59.999,83912.59943000,961,213663.90,35951.54097000,0
2026-01-18 09:00:00,0.1684,0.1687,0.1678,0.1683,644301.6,2026-01-18 09:59:59.999,108417.81759000,1000,290437.20,48885.30494000,0
2026-01-18 10:00:00,0.1683,0.1686,0.1679,0.1685,532449.7,2026-01-18 10:59:59.999,89575.17198000,966,261766.70,44052.54962000,0
2026-01-18 11:00:00,0.1686,0.1723,0.1682,0.172,14318279.8,2026-01-18 11:59:59.999,2455046.03687000,11085,5176278.00,885555.20284000,0
2026-01-18 12:00:00,0.172,0.1724,0.1698,0.1712,8740397.3,2026-01-18 12:59:59.999,1498528.27719000,12827,3843453.20,658693.23397000,0
2026-01-18 13:00:00,0.1711,0.1712,0.1698,0.1712,2162409.9,2026-01-18 13:59:59.999,368749.24442000,3806,1090270.90,186022.53531000,0
2026-01-18 14:00:00,0.1712,0.1728,0.1702,0.1703,2737884.9,2026-01-18 14:59:59.999,469906.76377000,4083,1441456.50,247486.00863000,0
2026-01-18 15:00:00,0.1703,0.1713,0.1698,0.1704,1508283.4,2026-01-18 15:59:59.999,257114.46568000,2762,861191.00,146852.43961000,0
2026-01-18 16:00:00,0.1704,0.1715,0.1702,0.1709,912253.7,2026-01-18 16:59:59.999,155860.73986000,1785,498137.90,85127.66851000,0
2026-01-18 17:00:00,0.171,0.1719,0.1704,0.1719,1118773.2,2026-01-18 17:59:59.999,191677.34860000,1886,787541.70,134926.27556000,0
2026-01-18 18:00:00,0.1719,0.172,0.1712,0.1713,968732.3,2026-01-18 18:59:59.999,166336.68097000,1789,462491.50,79402.24784000,0
2026-01-18 19:00:00,0.1714,0.1718,0.1707,0.1708,685638.8,2026-01-18 19:59:59.999,117360.89294000,1228,312503.10,53502.43135000,0
2026-01-18 20:00:00,0.1708,0.1728,0.1704,0.1721,1272964.4,2026-01-18 20:59:59.999,219005.62605000,2485,700643.60,120476.64147000,0
2026-01-18 21:00:00,0.1721,0.1722,0.1716,0.1718,430797.0,2026-01-18 21:59:59.999,74074.81095000,1034,221317.70,38060.85296000,0
2026-01-18 22:00:00,0.1718,0.172,0.1712,0.1714,512338.6,2026-01-18 22:59:59.999,87919.70704000,825,271438.90,46584.77236000,0
2026-01-18 23:00:00,0.1714,0.1714,0.1656,0.1658,5195986.2,2026-01-18 23:59:59.999,873602.11234000,9862,2068687.40,347204.96558000,0
2026-01-19 00:00:00,0.1657,0.1657,0.1509,0.1611,29098223.2,2026-01-19 00:59:59.999,4620500.14748000,42215,14209320.10,2257282.75172000,0
2026-01-19 01:00:00,0.161,0.1627,0.1601,0.1625,2624146.7,2026-01-19 01:59:59.999,424151.75082000,4191,1173477.10,189715.78983000,0
2026-01-19 02:00:00,0.1625,0.1637,0.1615,0.1622,2408170.0,2026-01-19 02:59:59.999,391414.40134000,2972,1053774.70,171419.64942000,0
2026-01-19 03:00:00,0.1623,0.1643,0.1614,0.1639,1973858.9,2026-01-19 03:59:59.999,321149.03916000,2855,1004692.00,163541.06493000,0
2026-01-19 04:00:00,0.1638,0.1638,0.1614,0.1617,1151164.6,2026-01-19 04:59:59.999,187235.34592000,2301,532133.50,86479.81273000,0
2026-01-19 05:00:00,0.1617,0.1627,0.1615,0.1616,1838510.7,2026-01-19 05:59:59.999,297730.63891000,2246,747038.80,121029.98079000,0
2026-01-19 06:00:00,0.1617,0.1618,0.1608,0.1611,1096896.0,2026-01-19 06:59:59.999,176968.98090000,2325,425058.10,68584.11871000,0
2026-01-19 07:00:00,0.1612,0.1616,0.159,0.16,2809756.7,2026-01-19 07:59:59.999,450205.74509000,3761,1116936.60,179037.06327000,0
2026-01-19 08:00:00,0.16,0.1627,0.1596,0.1625,1840914.5,2026-01-19 08:59:59.999,296565.34263000,3534,998715.00,161006.17929000,0
2026-01-19 09:00:00,0.1624,0.1633,0.1617,0.1627,1254794.1,2026-01-19 09:59:59.999,203866.01198000,2422,618991.40,100616.35948000,0
2026-01-19 10:00:00,0.1628,0.1629,0.1621,0.1627,732544.1,2026-01-19 10:59:59.999,119060.03161000,1530,386477.70,62823.27086000,0
2026-01-19 11:00:00,0.1627,0.1653,0.1626,0.1649,6606881.5,2026-01-19 11:59:59.999,1087028.88836000,15541,3885170.40,639249.37063000,0
2026-01-19 12:00:00,0.1649,0.1659,0.1642,0.165,4729107.9,2026-01-19 12:59:59.999,779131.02747000,5910,1602227.00,264253.25450000,0
2026-01-19 13:00:00,0.165,0.1651,0.1642,0.1644,1172407.6,2026-01-19 13:59:59.999,192919.77264000,3183,709514.20,116732.40046000,0
2026-01-19 14:00:00,0.1645,0.1652,0.1637,0.1648,1769100.3,2026-01-19 14:59:59.999,290921.15548000,7347,951633.50,156506.86254000,0
2026-01-19 15:00:00,0.1649,0.1655,0.1636,0.1644,1270733.8,2026-01-19 15:59:59.999,208994.42973000,2553,615229.60,101183.10712000,0
2026-01-19 16:00:00,0.1644,0.1659,0.1643,0.1658,2091776.7,2026-01-19 16:59:59.999,345674.37873000,2575,1491429.70,246567.79460000,0
2026-01-19 17:00:00,0.1658,0.167,0.1657,0.1659,1710089.4,2026-01-19 17:59:59.999,284423.50878000,2798,810904.50,134889.92165000,0
2026-01-19 18:00:00,0.166,0.1665,0.1652,0.1664,737408.1,2026-01-19 18:59:59.999,122301.68189000,1243,439921.20,72942.60137000,0
2026-01-19 19:00:00,0.1663,0.1679,0.1663,0.1668,1393006.2,2026-01-19 19:59:59.999,233009.63090000,2438,526041.80,88012.61374000,0
2026-01-19 20:00:00,0.1668,0.1671,0.1659,0.166,637131.8,2026-01-19 20:59:59.999,106079.97854000,1276,208461.60,34732.84370000,0
2026-01-19 21:00:00,0.1661,0.1664,0.1649,0.1653,1051244.0,2026-01-19 21:59:59.999,173979.56554000,1448,476295.20,78824.14522000,0
2026-01-19 22:00:00,0.1653,0.1656,0.1643,0.1643,863239.6,2026-01-19 22:59:59.999,142404.95994000,1683,404786.60,66760.84539000,0
2026-01-19 23:00:00,0.1643,0.1658,0.164,0.1655,1300069.4,2026-01-19 23:59:59.999,214484.33546000,2639,479880.80,79161.06025000,0
2026-01-20 00:00:00,0.1655,0.1657,0.1644,0.1649,941246.9,2026-01-20 00:59:59.999,155276.71591000,1887,445944.40,73570.08229000,0
2026-01-20 01:00:00,0.1649,0.1666,0.1645,0.166,1301335.3,2026-01-20 01:59:59.999,215707.45787000,2409,750368.50,124421.88771000,0
2026-01-20 02:00:00,0.166,0.1675,0.1654,0.1669,4327183.4,2026-01-20 02:59:59.999,720692.40784000,8147,2571682.60,428363.19040000,0
2026-01-20 03:00:00,0.1669,0.167,0.1649,0.1652,1955332.0,2026-01-20 03:59:59.999,324349.63756000,3817,886032.60,146978.21230000,0
2026-01-20 04:00:00,0.1652,0.166,0.1616,0.1617,4220861.2,2026-01-20 04:59:59.999,689814.38190000,5923,1659392.60,270919.79660000,0
2026-01-20 05:00:00,0.1617,0.1633,0.1611,0.1624,3907674.0,2026-01-20 05:59:59.999,633758.06782000,6350,1912864.30,310256.23243000,0
2026-01-20 06:00:00,0.1624,0.1628,0.1613,0.1618,2468852.1,2026-01-20 06:59:59.999,400353.76800000,4170,1249668.20,202706.73254000,0
2026-01-20 07:00:00,0.1618,0.1629,0.1616,0.1621,1492457.0,2026-01-20 07:59:59.999,242135.04822000,2187,892632.30,144835.04657000,0
2026-01-20 08:00:00,0.1622,0.1623,0.1596,0.1608,5747639.3,2026-01-20 08:59:59.999,922451.15423000,5800,2972188.50,476989.03183000,0
2026-01-20 09:00:00,0.1608,0.1615,0.1605,0.1607,1146805.7,2026-01-20 09:59:59.999,184644.29982000,2119,600585.10,96725.11132000,0
2026-01-20 10:00:00,0.1607,0.1613,0.1598,0.161,2172187.0,2026-01-20 10:59:59.999,348582.93505000,3107,976712.90,156726.53445000,0
2026-01-20 11:00:00,0.1609,0.162,0.1599,0.1603,3467357.3,2026-01-20 11:59:59.999,557481.76610000,2323,2256241.20,362800.03289000,0
2026-01-20 12:00:00,0.1603,0.1608,0.1601,0.1603,858257.7,2026-01-20 12:59:59.999,137615.87321000,1699,351978.80,56454.32835000,0
2026-01-20 13:00:00,0.1604,0.1604,0.1577,0.1581,2667269.7,2026-01-20 13:59:59.999,424446.35964000,4950,1240543.10,197395.57615000,0
2026-01-20 14:00:00,0.1582,0.1705,0.1579,0.1623,105513514.9,2026-01-20 14:59:59.999,17386259.50452000,173876,57210427.30,9422381.28758000,0
2026-01-20 15:00:00,0.1624,0.1661,0.162,0.1661,15348454.5,2026-01-20 15:59:59.999,2506346.96633000,24983,10210744.10,1667529.34135000,0
2026-01-20 16:00:00,0.166,0.168,0.1639,0.1646,10564613.2,2026-01-20 16:59:59.999,1755464.28273000,19537,5960754.60,990744.62187000,0
2026-01-20 17:00:00,0.1646,0.166,0.1635,0.1644,3835519.8,2026-01-20 17:59:59.999,631669.04333000,7858,2059818.80,339285.62092000,0
2026-01-20 18:00:00,0.1645,0.1651,0.1601,0.1622,8765769.8,2026-01-20 18:59:59.999,1420422.95235000,9449,2709129.60,440350.01540000,0
2026-01-20 19:00:00,0.1622,0.1627,0.1608,0.1623,2166303.9,2026-01-20 19:59:59.999,350543.70935000,4245,1309134.90,211872.77828000,0
2026-01-20 20:00:00,0.1624,0.1637,0.1619,0.1632,2230648.1,2026-01-20 20:59:59.999,363830.21064000,2926,1150365.20,187713.77509000,0
2026-01-20 21:00:00,0.1633,0.1643,0.1613,0.1616,2983481.2,2026-01-20 21:59:59.999,485288.08930000,3199,808296.90,131545.02671000,0
2026-01-20 22:00:00,0.1615,0.1619,0.1594,0.1599,3622078.3,2026-01-20 22:59:59.999,581689.93968000,4421,1297317.50,208417.10433000,0
2026-01-20 23:00:00,0.1599,0.1612,0.1598,0.1606,2274838.1,2026-01-20 23:59:59.999,365134.86836000,3833,1267603.30,203507.40748000,0
2026-01-21 00:00:00,0.1606,0.1632,0.1604,0.1632,1911869.9,2026-01-21 00:59:59.999,308846.81575000,3657,1011916.10,163412.46406000,0
2026-01-21 01:00:00,0.1632,0.1637,0.1624,0.1631,1874962.0,2026-01-21 01:59:59.999,306017.90031000,3888,1092496.70,178345.84395000,0
2026-01-21 02:00:00,0.1632,0.1652,0.1631,0.1643,5521627.4,2026-01-21 02:59:59.999,907740.40332000,5663,2064482.20,339314.49448000,0
2026-01-21 03:00:00,0.1643,0.1715,0.1638,0.1689,15936711.4,2026-01-21 03:59:59.999,2673227.15029000,19389,7800754.00,1308512.74339000,0
2026-01-21 04:00:00,0.169,0.1701,0.1679,0.1682,6149646.5,2026-01-21 04:59:59.999,1039217.64351000,9156,3446008.30,582416.28448000,0
2026-01-21 05:00:00,0.1681,0.1695,0.1677,0.168,3273345.0,2026-01-21 05:59:59.999,551570.32682000,6356,1595737.00,268937.65493000,0
2026-01-21 06:00:00,0.1681,0.1688,0.1666,0.1685,5838133.8,2026-01-21 06:59:59.999,979193.00668000,9882,3038144.20,509830.24223000,0
2026-01-21 07:00:00,0.1685,0.1693,0.1679,0.1693,2796602.3,2026-01-21 07:59:59.999,471610.34632000,5675,1618722.50,273066.35170000,0
2026-01-21 08:00:00,0.1692,0.1698,0.168,0.169,4128235.8,2026-01-21 08:59:59.999,698314.93566000,5680,2520756.00,426563.32345000,0
2026-01-21 09:00:00,0.169,0.1709,0.1684,0.1707,5156280.8,2026-01-21 09:59:59.999,876034.27324000,7439,2857721.30,485604.82516000,0
2026-01-21 10:00:00,0.1707,0.1726,0.1707,0.1717,6049850.4,2026-01-21 10:59:59.999,1040191.85936000,8020,2460546.70,422756.60863000,0
2026-01-21 11:00:00,0.1717,0.172,0.1691,0.1691,2676125.6,2026-01-21 11:59:59.999,457263.04492000,4532,1149919.10,196465.02267000,0
2026-01-21 12:00:00,0.1692,0.1703,0.168,0.1694,3739721.9,2026-01-21 12:59:59.999,632538.02391000,7267,1569415.00,265434.39745000,0
2026-01-21 13:00:00,0.1693,0.1701,0.1682,0.1685,1835292.2,2026-01-21 13:59:59.999,310134.94208000,3280,884616.60,149476.17978000,0
2026-01-21 14:00:00,0.1684,0.1714,0.1683,0.1706,10569055.9,2026-01-21 14:59:59.999,1802838.18091000,10338,7588243.30,1295266.73386000,0
2026-01-21 15:00:00,0.1705,0.1712,0.1686,0.1699,5343643.3,2026-01-21 15:59:59.999,908780.39559000,8283,2327501.50,395850.48899000,0
2026-01-21 16:00:00,0.1699,0.1701,0.1631,0.1634,7654348.7,2026-01-21 16:59:59.999,1271832.51832000,10872,2924674.50,486057.89282000,0
2026-01-21 17:00:00,0.1635,0.1662,0.163,0.1658,3421613.4,2026-01-21 17:59:59.999,562235.11307000,8856,1789857.50,294108.41081000,0
2026-01-21 18:00:00,0.1658,0.1677,0.1654,0.1674,1318858.4,2026-01-21 18:59:59.999,219361.18770000,3064,664592.30,110592.20512000,0
2026-01-21 19:00:00,0.1673,0.172,0.1669,0.172,3796316.6,2026-01-21 19:59:59.999,645707.62394000,7223,2179206.90,370406.85203000,0
2026-01-21 20:00:00,0.172,0.1729,0.1709,0.1717,4529600.3,2026-01-21 20:59:59.999,776785.23230000,6113,3080677.40,528236.91008000,0
2026-01-21 21:00:00,0.1718,0.1727,0.1712,0.1719,1801480.6,2026-01-21 21:59:59.999,309867.83972000,3113,1188251.30,204401.08691000,0
2026-01-21 22:00:00,0.1719,0.1728,0.1706,0.1707,1933233.5,2026-01-21 22:59:59.999,331628.42189000,2970,1312409.40,225027.59373000,0
2026-01-21 23:00:00,0.1707,0.1707,0.1685,0.1688,1617740.1,2026-01-21 23:59:59.999,274382.52666000,2525,700675.30,118824.49184000,0
2026-01-22 00:00:00,0.1689,0.171,0.1689,0.1701,1316575.4,2026-01-22 00:59:59.999,223885.77822000,2609,703103.60,119562.33039000,0
2026-01-22 01:00:00,0.17,0.1708,0.1699,0.1701,1121522.8,2026-01-22 01:59:59.999,190932.16305000,2068,625692.00,106533.70309000,0
2026-01-22 02:00:00,0.1702,0.1709,0.1697,0.1697,1005220.7,2026-01-22 02:59:59.999,171195.38249000,1361,377349.40,64302.78876000,0
2026-01-22 03:00:00,0.1697,0.1705,0.169,0.1699,1307278.2,2026-01-22 03:59:59.999,221977.90119000,1679,545402.00,92627.07743000,0
2026-01-22 04:00:00,0.1698,0.1702,0.1693,0.1697,637688.6,2026-01-22 04:59:59.999,108235.32667000,1321,363525.50,61708.91337000,0
2026-01-22 05:00:00,0.1697,0.1697,0.1683,0.1688,860320.6,2026-01-22 05:59:59.999,145300.62798000,1219,443787.70,74960.49033000,0
2026-01-22 06:00:00,0.1688,0.1703,0.1688,0.1702,1133752.7,2026-01-22 06:59:59.999,192486.74401000,1490,578485.80,98211.59973000,0
2026-01-22 07:00:00,0.1702,0.1722,0.1702,0.1714,4229564.2,2026-01-22 07:59:59.999,723973.57306000,4745,2326371.30,398210.47725000,0
2026-01-22 08:00:00,0.1713,0.1728,0.1708,0.1716,2087152.2,2026-01-22 08:59:59.999,358606.13928000,3094,1162787.90,199883.12711000,0
2026-01-22 09:00:00,0.1715,0.175,0.171,0.1739,3668201.1,2026-01-22 09:59:59.999,635904.22524000,4164,1937750.60,335802.87302000,0
2026-01-22 10:00:00,0.174,0.174,0.1725,0.1737,1820182.0,2026-01-22 10:59:59.999,315388.32502000,2611,1004152.10,174021.85048000,0
2026-01-22 11:00:00,0.1738,0.174,0.1713,0.1723,3049797.2,2026-01-22 11:59:59.999,527136.08139000,4520,1549890.50,267986.43972000,0
2026-01-22 12:00:00,0.1723,0.1724,0.1708,0.1715,1570313.3,2026-01-22 12:59:59.999,269583.86906000,2515,598374.50,102700.64757000,0
2026-01-22 13:00:00,0.1716,0.173,0.1713,0.1717,3272641.6,2026-01-22 13:59:59.999,561957.18121000,3263,940537.20,161672.74414000,0
2026-01-22 14:00:00,0.1716,0.1718,0.1692,0.1705,4309120.6,2026-01-22 14:59:59.999,735955.30149000,4890,1409042.20,240608.26812000,0
2026-01-22 15:00:00,0.1705,0.1742,0.1704,0.173,4311758.9,2026-01-22 15:59:59.999,744222.52666000,6397,2211839.50,381509.69637000,0
2026-01-22 16:00:00,0.173,0.1759,0.1721,0.175,5002802.5,2026-01-22 16:59:59.999,870082.10608000,6929,2857555.30,496791.06506000,0
2026-01-22 17:00:00,0.1749,0.1774,0.1742,0.1759,8240965.8,2026-01-22 17:59:59.999,1448493.25828000,8337,5715002.10,1004414.32168000,0
2026-01-22 18:00:00,0.1758,0.1759,0.173,0.1732,1954148.2,2026-01-22 18:59:59.999,341143.66874000,3654,1071299.90,187245.53889000,0
2026-01-22 19:00:00,0.1733,0.1748,0.1731,0.1745,1449784.9,2026-01-22 19:59:59.999,251934.71181000,2508,779288.00,135481.04913000,0
2026-01-22 20:00:00,0.1746,0.1746,0.1718,0.1718,3544804.4,2026-01-22 20:59:59.999,610955.78078000,2204,704584.70,121630.24897000,0
2026-01-22 21:00:00,0.1719,0.1722,0.1707,0.1708,1921124.8,2026-01-22 21:59:59.999,329839.52409000,2998,643838.30,110558.25495000,0
2026-01-22 22:00:00,0.1708,0.1708,0.1693,0.1701,3763750.5,2026-01-22 22:59:59.999,639714.07162000,4262,1400129.30,237969.80792000,0
2026-01-22 23:00:00,0.1701,0.1707,0.1696,0.1696,1230173.0,2026-01-22 23:59:59.999,209300.37208000,1791,618892.90,105341.76302000,0
2026-01-23 00:00:00,0.1696,0.1701,0.1668,0.1684,6870517.7,2026-01-23 00:59:59.999,1156065.98176000,6394,3163837.80,532463.63500000,0
2026-01-23 01:00:00,0.1683,0.1692,0.168,0.1688,1570489.8,2026-01-23 01:59:59.999,264685.68192000,2166,625674.10,105429.90301000,0
2026-01-23 02:00:00,0.1688,0.1692,0.1679,0.1688,2520874.2,2026-01-23 02:59:59.999,425126.24062000,2305,1389539.70,234407.59544000,0
2026-01-23 03:00:00,0.1687,0.1726,0.1687,0.1715,2502876.6,2026-01-23 03:59:59.999,427433.96555000,2244,1743515.20,297820.17974000,0
2026-01-23 04:00:00,0.1715,0.1718,0.1703,0.171,1916880.0,2026-01-23 04:59:59.999,328127.68067000,2444,1009731.70,172887.16141000,0
2026-01-23 05:00:00,0.171,0.1725,0.1705,0.1722,2054874.5,2026-01-23 05:59:59.999,352706.40790000,1910,935513.70,160605.92150000,0
2026-01-23 06:00:00,0.1722,0.1723,0.171,0.1713,2531793.0,2026-01-23 06:59:59.999,434664.54871000,1828,432667.00,74222.48590000,0
2026-01-23 07:00:00,0.1713,0.1719,0.1709,0.1712,1120947.5,2026-01-23 07:59:59.999,192129.24493000,1223,681658.50,116848.46605000,0
2026-01-23 08:00:00,0.1713,0.1714,0.1692,0.1696,1609017.6,2026-01-23 08:59:59.999,273914.00484000,1944,636470.00,108382.41713000,0
2026-01-23 09:00:00,0.1696,0.1707,0.1696,0.1702,799897.4,2026-01-23 09:59:59.999,136073.25597000,1259,413214.20,70287.90662000,0
2026-01-23 10:00:00,0.1702,0.1704,0.1695,0.17,1094888.9,2026-01-23 10:59:59.999,185985.13120000,1632,524385.90,89095.97787000,0
2026-01-23 11:00:00,0.1699,0.1706,0.1696,0.1701,807190.0,2026-01-23 11:59:59.999,137351.98821000,1201,324825.20,55279.84266000,0
2026-01-23 12:00:00,0.1701,0.1714,0.1697,0.1707,789745.7,2026-01-23 12:59:59.999,134613.40949000,1145,432308.10,73706.55104000,0
2026-01-23 13:00:00,0.1707,0.1714,0.1706,0.1711,1030296.1,2026-01-23 13:59:59.999,176167.15535000,1315,540505.20,92445.48802000,0
2026-01-23 14:00:00,0.1711,0.1717,0.1697,0.1701,1926841.0,2026-01-23 14:59:59.999,328604.02162000,2924,1020488.20,174141.66011000,0
2026-01-23 15:00:00,0.1701,0.1712,0.1695,0.1712,4102469.3,2026-01-23 15:59:59.999,700126.60482000,3223,2836424.50,484211.66282000,0
2026-01-23 16:00:00,0.1711,0.1749,0.1711,0.1743,5372027.3,2026-01-23 16:59:59.999,932052.96579000,6127,3725473.40,646195.27569000,0
2026-01-23 17:00:00,0.1744,0.1768,0.1741,0.1744,5407717.7,2026-01-23 17:59:59.999,948045.84142000,6352,3616147.50,634007.59221000,0
2026-01-23 18:00:00,0.1743,0.1751,0.1735,0.1736,962150.3,2026-01-23 18:59:59.999,167615.01351000,2327,475360.50,82869.45548000,0
2026-01-23 19:00:00,0.1736,0.1736,0.1721,0.1732,1407585.4,2026-01-23 19:59:59.999,243271.70806000,2516,729014.00,125999.90544000,0
2026-01-23 20:00:00,0.1732,0.1746,0.1718,0.1721,2449278.6,2026-01-23 20:59:59.999,424018.00570000,4227,1062747.30,184081.81678000,0
2026-01-23 21:00:00,0.1721,0.1728,0.1717,0.1717,786741.1,2026-01-23 21:59:59.999,135507.42009000,1453,360625.00,62126.00211000,0
2026-01-23 22:00:00,0.1717,0.1723,0.1713,0.1722,2267839.3,2026-01-23 22:59:59.999,389444.19933000,2083,868567.70,149224.38697000,0
2026-01-23 23:00:00,0.1721,0.1725,0.1717,0.1722,482600.6,2026-01-23 23:59:59.999,83042.44939000,784,312750.30,53823.58676000,0
2026-01-24 00:00:00,0.1722,0.1738,0.1719,0.1735,1613244.7,2026-01-24 00:59:59.999,279006.90544000,2251,869848.20,150419.77889000,0
2026-01-24 01:00:00,0.1734,0.1756,0.1731,0.1756,2634895.6,2026-01-24 01:59:59.999,459329.57942000,3660,1505879.20,262456.81314000,0
2026-01-24 02:00:00,0.1756,0.1772,0.1752,0.1757,3461710.8,2026-01-24 02:59:59.999,610438.45055000,4367,1981140.50,349346.71150000,0
2026-01-24 03:00:00,0.1758,0.1795,0.1753,0.1771,3997423.0,2026-01-24 03:59:59.999,711385.56055000,4677,2501760.30,445013.87173000,0
2026-01-24 04:00:00,0.1772,0.1775,0.1746,0.1758,3684443.5,2026-01-24 04:59:59.999,647660.16769000,4049,1498058.40,263483.34601000,0
2026-01-24 05:00:00,0.1759,0.1759,0.1746,0.1757,1770357.2,2026-01-24 05:59:59.999,310029.98809000,1897,513742.60,90009.43309000,0
2026-01-24 06:00:00,0.1758,0.178,0.1757,0.1776,2035200.8,2026-01-24 06:59:59.999,359631.74189000,2746,1326835.10,234471.52507000,0
2026-01-24 07:00:00,0.1776,0.1785,0.1772,0.1776,2153925.8,2026-01-24 07:59:59.999,383017.38892000,2764,1117425.80,198677.02643000,0
2026-01-24 08:00:00,0.1777,0.1808,0.1775,0.1799,3784083.8,2026-01-24 08:59:59.999,678162.68428000,4790,2256670.80,404550.32571000,0
2026-01-24 09:00:00,0.1799,0.1799,0.1779,0.1789,2620520.9,2026-01-24 09:59:59.999,469147.05830000,4142,1075655.80,192561.52357000,0
2026-01-24 10:00:00,0.1789,0.1795,0.1772,0.1787,1778963.7,2026-01-24 10:59:59.999,317247.29725000,2355,652237.20,116273.11168000,0
2026-01-24 11:00:00,0.1787,0.1809,0.1786,0.1794,3548491.5,2026-01-24 11:59:59.999,637443.62320000,4209,1687876.80,303263.50591000,0
2026-01-24 12:00:00,0.1793,0.1805,0.1793,0.18,2050865.8,2026-01-24 12:59:59.999,368910.92532000,3686,1010989.90,181872.08372000,0
2026-01-24 13:00:00,0.18,0.1809,0.1784,0.1785,3117691.2,2026-01-24 13:59:59.999,560168.80265000,4017,1475493.70,265297.24937000,0
2026-01-24 14:00:00,0.1785,0.1793,0.177,0.1775,5626057.1,2026-01-24 14:59:59.999,1002305.94422000,7194,2161392.20,385171.77429000,0
2026-01-24 15:00:00,0.1776,0.178,0.1759,0.1766,2392404.3,2026-01-24 15:59:59.999,423541.69547000,2977,1032801.20,183011.09020000,0
2026-01-24 16:00:00,0.1767,0.178,0.1762,0.1771,2570876.4,2026-01-24 16:59:59.999,455226.20133000,3276,1212594.80,214907.45563000,0
2026-01-24 17:00:00,0.1771,0.1789,0.1771,0.1781,3081734.8,2026-01-24 17:59:59.999,548985.10843000,4046,1566790.30,279167.61097000,0
2026-01-24 18:00:00,0.1782,0.1784,0.1777,0.1783,844521.7,2026-01-24 18:59:59.999,150476.69124000,1225,348266.80,62040.45948000,0
2026-01-24 19:00:00,0.1782,0.1787,0.1777,0.1778,737374.3,2026-01-24 19:59:59.999,131488.69071000,1491,375268.40,66926.88899000,0
2026-01-24 20:00:00,0.1778,0.1781,0.1774,0.1779,499348.8,2026-01-24 20:59:59.999,88722.89357000,819,244652.20,43472.10602000,0
2026-01-24 21:00:00,0.1778,0.1784,0.1776,0.1779,960137.7,2026-01-24 21:59:59.999,170963.46060000,1232,592665.60,105531.51762000,0
2026-01-24 22:00:00,0.1779,0.1792,0.1776,0.1789,929764.5,2026-01-24 22:59:59.999,165958.37620000,1313,548914.40,97985.77087000,0
2026-01-24 23:00:00,0.179,0.1794,0.1782,0.1785,2077143.0,2026-01-24 23:59:59.999,371371.14741000,1814,1528400.30,273229.03717000,0
2026-01-25 00:00:00,0.1786,0.1799,0.1783,0.1784,3145814.8,2026-01-25 00:59:59.999,563254.07625000,3834,1825788.70,326935.19050000,0
2026-01-25 01:00:00,0.1785,0.1786,0.1736,0.1765,7459273.7,2026-01-25 01:59:59.999,1310557.66224000,8186,2845667.20,500167.43817000,0
2026-01-25 02:00:00,0.1765,0.1776,0.1759,0.1761,1348355.2,2026-01-25 02:59:59.999,238072.80225000,1729,801085.60,141423.04678000,0
2026-01-25 03:00:00,0.1761,0.1764,0.175,0.1759,1492510.1,2026-01-25 03:59:59.999,262221.10562000,1968,665107.50,116868.10932000,0
2026-01-25 04:00:00,0.1758,0.1762,0.175,0.1761,704765.0,2026-01-25 04:59:59.999,123713.14254000,1414,437817.10,76852.95934000,0
2026-01-25 05:00:00,0.1762,0.1765,0.1751,0.176,1531377.9,2026-01-25 05:59:59.999,269390.44888000,2198,714693.20,125796.49160000,0
2026-01-25 06:00:00,0.176,0.176,0.1753,0.1757,438578.2,2026-01-25 06:59:59.999,77042.32361000,818,224666.50,39468.29877000,0
2026-01-25 07:00:00,0.1756,0.1757,0.1747,0.1749,1033509.7,2026-01-25 07:59:59.999,181015.33678000,1514,421939.30,73933.26181000,0
2026-01-25 08:00:00,0.175,0.1755,0.1734,0.1737,4989681.5,2026-01-25 08:59:59.999,869220.79265000,4189,1187858.50,207104.66392000,0
2026-01-25 09:00:00,0.1737,0.1747,0.1735,0.1741,1706173.2,2026-01-25 09:59:59.999,297110.56035000,2233,878250.80,152870.57067000,0
2026-01-25 10:00:00,0.1741,0.1742,0.1737,0.1738,1581532.8,2026-01-25 10:59:59.999,275066.42672000,1365,436356.50,75913.12073000,0
2026-01-25 11:00:00,0.1737,0.1738,0.1728,0.173,3219136.3,2026-01-25 11:59:59.999,558168.58296000,3370,1169887.60,202777.19174000,0
2026-01-25 12:00:00,0.1729,0.173,0.1721,0.1727,2008291.3,2026-01-25 12:59:59.999,346658.37750000,2501,1029084.20,177644.77614000,0
2026-01-25 13:00:00,0.1726,0.1733,0.1726,0.1729,1153897.9,2026-01-25 13:59:59.999,199612.62960000,1203,452871.20,78325.94480000,0
2026-01-25 14:00:00,0.1728,0.1729,0.1704,0.171,4308964.6,2026-01-25 14:59:59.999,737586.97917000,4578,1801467.60,308310.80253000,0
2026-01-25 15:00:00,0.1711,0.1713,0.17,0.171,2678523.3,2026-01-25 15:59:59.999,456967.40667000,3323,903970.70,154498.53481000,0
2026-01-25 16:00:00,0.1709,0.1709,0.1659,0.1673,12031356.2,2026-01-25 16:59:59.999,2018840.30822000,15791,5018186.90,841221.59144000,0
2026-01-25 17:00:00,0.1673,0.1674,0.1658,0.1662,2217478.8,2026-01-25 17:59:59.999,369444.18874000,3373,1147193.40,191137.50343000,0
2026-01-25 18:00:00,0.1661,0.1661,0.1626,0.1642,5772359.6,2026-01-25 18:59:59.999,945886.58041000,8533,2686117.30,440257.11010000,0
2026-01-25 19:00:00,0.1641,0.1641,0.1607,0.1612,3887984.9,2026-01-25 19:59:59.999,630299.82090000,5629,1643290.40,266571.46622000,0
2026-01-25 20:00:00,0.1613,0.1632,0.1612,0.1631,3633787.1,2026-01-25 20:59:59.999,588412.78190000,4312,1762396.30,285410.90899000,0
2026-01-25 21:00:00,0.163,0.1644,0.1628,0.1643,1533772.9,2026-01-25 21:59:59.999,250940.69290000,2977,852312.20,139420.88020000,0
2026-01-25 22:00:00,0.1643,0.1652,0.1637,0.165,1686139.5,2026-01-25 22:59:59.999,277327.48461000,2277,855512.20,140703.68092000,0
2026-01-25 23:00:00,0.165,0.1663,0.1634,0.1662,3422550.8,2026-01-25 23:59:59.999,562854.82280000,4602,1901970.50,312870.75271000,0
2026-01-26 00:00:00,0.1661,0.1754,0.1653,0.1692,36222336.2,2026-01-26 00:59:59.999,6227299.03773000,30494,12679337.60,2173455.69342000,0
2026-01-26 01:00:00,0.1691,0.1714,0.1667,0.1687,23038812.0,2026-01-26 01:59:59.999,3880960.38297000,13627,16802933.80,2823823.23525000,0
2026-01-26 02:00:00,0.1687,0.1688,0.162,0.1653,47263306.9,2026-01-26 02:59:59.999,7799170.11190000,37400,29678514.60,4886827.44107000,0
2026-01-26 03:00:00,0.1653,0.1654,0.164,0.1645,2238353.3,2026-01-26 03:59:59.999,368928.28913000,3169,950578.10,156627.67468000,0
2026-01-26 04:00:00,0.1645,0.1673,0.1644,0.1672,3058222.6,2026-01-26 04:59:59.999,507444.87133000,4132,1498657.10,248817.99897000,0
2026-01-26 05:00:00,0.1673,0.1678,0.1668,0.1675,1504537.6,2026-01-26 05:59:59.999,251924.07095000,1913,636650.00,106601.22671000,0
2026-01-26 06:00:00,0.1674,0.1684,0.1671,0.1675,1723844.2,2026-01-26 06:59:59.999,288877.56862000,2523,1052141.60,176288.13965000,0
2026-01-26 07:00:00,0.1675,0.1681,0.1624,0.1645,30903880.8,2026-01-26 07:59:59.999,5072957.15410000,23213,22064675.20,3614668.46389000,0
2026-01-26 08:00:00,0.1645,0.1652,0.161,0.1615,24651694.3,2026-01-26 08:59:59.999,3998236.04828000,22496,16228161.20,2627456.08829000,0
2026-01-26 09:00:00,0.1614,0.162,0.1608,0.1612,4430665.4,2026-01-26 09:59:59.999,714998.16863000,7502,1981971.00,319904.59159000,0
2026-01-26 10:00:00,0.1612,0.1626,0.1612,0.1624,3014539.9,2026-01-26 10:59:59.999,488244.92602000,4812,1322480.10,214161.51841000,0
2026-01-26 11:00:00,0.1625,0.1626,0.1614,0.1618,1154936.9,2026-01-26 11:59:59.999,187112.20309000,2267,506790.40,82079.37550000,0
2026-01-26 12:00:00,0.1618,0.1619,0.1607,0.1613,2405702.0,2026-01-26 12:59:59.999,387996.74958000,2945,1212456.40,195579.52670000,0
2026-01-26 13:00:00,0.1612,0.1628,0.1587,0.16,26342038.8,2026-01-26 13:59:59.999,4248529.69554000,14595,5794474.80,935651.93628000,0
2026-01-26 14:00:00,0.16,0.1602,0.1558,0.1594,32970161.9,2026-01-26 14:59:59.999,5193849.53349000,24960,22383020.10,3524589.36491000,0
2026-01-26 15:00:00,0.1593,0.1603,0.1521,0.1546,18249162.8,2026-01-26 15:59:59.999,2843426.96844000,23287,8299472.10,1293741.78027000,0
2026-01-26 16:00:00,0.1546,0.1577,0.1535,0.1564,12946204.0,2026-01-26 16:59:59.999,2014768.53444000,13699,5948474.60,925509.06750000,0
2026-01-26 17:00:00,0.1564,0.1576,0.1541,0.1574,5288308.0,2026-01-26 17:59:59.999,823652.97828000,7388,2699023.40,420066.91260000,0
2026-01-26 18:00:00,0.1575,0.1598,0.157,0.1598,3393250.2,2026-01-26 18:59:59.999,537548.04103000,4433,1823805.50,288817.73864000,0
2026-01-26 19:00:00,0.1598,0.1605,0.1586,0.1595,3067375.3,2026-01-26 19:59:59.999,489736.93665000,4039,1260507.60,201301.12946000,0
2026-01-26 20:00:00,0.1594,0.1597,0.1576,0.1581,1848511.7,2026-01-26 20:59:59.999,293150.69174000,2592,750901.60,119033.75757000,0
2026-01-26 21:00:00,0.1581,0.1592,0.1571,0.1586,2117578.6,2026-01-26 21:59:59.999,334891.43972000,4070,1111080.80,175815.59322000,0
2026-01-26 22:00:00,0.1586,0.1616,0.1586,0.1614,2369732.9,2026-01-26 22:59:59.999,379459.71394000,4734,1561188.10,250019.50464000,0
2026-01-26 23:00:00,0.1613,0.1614,0.1589,0.1596,3029320.1,2026-01-26 23:59:59.999,484364.94159000,5270,1446621.10,231350.04800000,0
2026-01-27 00:00:00,0.1595,0.1596,0.1573,0.1582,3646822.6,2026-01-27 00:59:59.999,576791.96624000,3921,1912461.90,302483.05572000,0
2026-01-27 01:00:00,0.1581,0.1582,0.1563,0.1576,2814034.0,2026-01-27 01:59:59.999,442373.09895000,3599,1362164.50,214215.41558000,0
2026-01-27 02:00:00,0.1576,0.1584,0.1573,0.1574,2425716.9,2026-01-27 02:59:59.999,383140.34373000,2389,1179321.00,186275.02924000,0
2026-01-27 03:00:00,0.1574,0.1577,0.1568,0.1569,2762162.1,2026-01-27 03:59:59.999,434175.41876000,2126,1182494.50,185913.71022000,0
2026-01-27 04:00:00,0.1569,0.1576,0.1564,0.1571,2159461.2,2026-01-27 04:59:59.999,339275.97130000,2632,1094582.80,171963.55169000,0
2026-01-27 05:00:00,0.1572,0.159,0.1556,0.1582,7057729.6,2026-01-27 05:59:59.999,1111624.83562000,5976,3455238.40,544959.65393000,0
2026-01-27 06:00:00,0.1582,0.1585,0.157,0.1577,1620951.7,2026-01-27 06:59:59.999,256078.12135000,1984,923116.80,145826.54440000,0
2026-01-27 07:00:00,0.1577,0.1585,0.157,0.1573,2438964.1,2026-01-27 07:59:59.999,385030.16692000,2029,1665729.50,263099.55476000,0
2026-01-27 08:00:00,0.1573,0.1585,0.1566,0.1581,2352797.6,2026-01-27 08:59:59.999,370182.30524000,2299,990726.80,155983.05054000,0
2026-01-27 09:00:00,0.1581,0.1581,0.1568,0.1569,888552.5,2026-01-27 09:59:59.999,139829.73400000,1203,349179.00,54951.29234000,0
2026-01-27 10:00:00,0.157,0.1574,0.1563,0.1565,1800678.0,2026-01-27 10:59:59.999,282100.39102000,1593,423118.60,66352.26337000,0
2026-01-27 11:00:00,0.1565,0.1578,0.1563,0.1566,1925424.1,2026-01-27 11:59:59.999,302280.13004000,1667,1077276.00,169174.20720000,0
2026-01-27 12:00:00,0.1566,0.1603,0.1566,0.1585,6535586.0,2026-01-27 12:59:59.999,1037045.91318000,5779,3941791.60,625724.02567000,0
2026-01-27 13:00:00,0.1586,0.1596,0.1573,0.1578,2287222.5,2026-01-27 13:59:59.999,362937.90189000,2444,1402723.50,222708.12408000,0
2026-01-27 14:00:00,0.1578,0.1587,0.1562,0.1565,1723842.9,2026-01-27 14:59:59.999,271603.76183000,2102,1146999.40,180804.36503000,0
2026-01-27 15:00:00,0.1565,0.1579,0.1563,0.1577,1225934.0,2026-01-27 15:59:59.999,192573.91682000,1945,682940.30,107314.62492000,0
2026-01-27 16:00:00,0.1578,0.1593,0.1578,0.1583,2839436.8,2026-01-27 16:59:59.999,450293.23749000,3767,1241882.40,197025.00479000,0
2026-01-27 17:00:00,0.1583,0.1584,0.1564,0.157,2220104.6,2026-01-27 17:59:59.999,349496.54118000,3900,1023490.40,161095.52518000,0
2026-01-27 18:00:00,0.157,0.1583,0.1561,0.1579,3843013.6,2026-01-27 18:59:59.999,602657.17238000,3860,1317804.90,206832.42224000,0
2026-01-27 19:00:00,0.1579,0.159,0.1576,0.1581,1155562.2,2026-01-27 19:59:59.999,182840.42365000,1506,639783.90,101280.33154000,0
2026-01-27 20:00:00,0.1581,0.1599,0.1579,0.1599,1483097.9,2026-01-27 20:59:59.999,235920.01373000,2103,638098.00,101558.62976000,0
2026-01-27 21:00:00,0.1599,0.1674,0.1595,0.1646,18229741.3,2026-01-27 21:59:59.999,2976916.03188000,16446,8411836.50,1374699.48486000,0
2026-01-27 22:00:00,0.1646,0.1657,0.1632,0.1644,2565451.3,2026-01-27 22:59:59.999,421929.96859000,4971,1415455.00,232843.36736000,0
2026-01-27 23:00:00,0.1644,0.1666,0.1638,0.1657,3798376.1,2026-01-27 23:59:59.999,626569.33058000,4308,1808537.40,298097.12763000,0
2026-01-28 00:00:00,0.1657,0.1693,0.165,0.1666,6147265.7,2026-01-28 00:59:59.999,1025570.66768000,7214,2729141.50,456017.88546000,0
2026-01-28 01:00:00,0.1666,0.1667,0.1636,0.164,4033736.5,2026-01-28 01:59:59.999,665010.88523000,4208,1667973.80,274870.55640000,0
2026-01-28 02:00:00,0.164,0.1644,0.1622,0.1626,1806323.9,2026-01-28 02:59:59.999,294960.84195000,2341,816214.30,133310.34248000,0
2026-01-28 03:00:00,0.1626,0.1631,0.1619,0.1621,1573279.2,2026-01-28 03:59:59.999,255506.97507000,2207,708952.60,115132.90164000,0
2026-01-28 04:00:00,0.162,0.1621,0.1614,0.1617,1495672.0,2026-01-28 04:59:59.999,241871.61224000,1822,866274.70,140084.99773000,0
2026-01-28 05:00:00,0.1617,0.1626,0.1617,0.1623,1842164.0,2026-01-28 05:59:59.999,298789.23530000,1291,1227601.50,199116.59671000,0
2026-01-28 06:00:00,0.1623,0.1639,0.1622,0.1634,1676795.7,2026-01-28 06:59:59.999,273299.85055000,2753,856072.60,139593.99233000,0
2026-01-28 07:00:00,0.1634,0.1637,0.1629,0.1633,983078.9,2026-01-28 07:59:59.999,160619.50807000,1632,394923.80,64528.83144000,0
2026-01-28 08:00:00,0.1633,0.1659,0.1631,0.1639,4071651.5,2026-01-28 08:59:59.999,669370.07287000,4288,2299476.20,378113.07394000,0
2026-01-28 09:00:00,0.164,0.1645,0.1635,0.164,2068692.9,2026-01-28 09:59:59.999,339237.36988000,2654,1000918.40,164185.28427000,0
2026-01-28 10:00:00,0.1641,0.1641,0.1628,0.1632,1630585.5,2026-01-28 10:59:59.999,266455.68963000,1661,746226.30,121949.74656000,0
2026-01-28 11:00:00,0.1632,0.1654,0.1632,0.1654,3859264.5,2026-01-28 11:59:59.999,635761.56350000,4669,2048832.00,337350.18761000,0
2026-01-28 12:00:00,0.1654,0.1654,0.1639,0.1648,3415000.7,2026-01-28 12:59:59.999,562402.98081000,3340,1714274.70,282327.90203000,0
2026-01-28 13:00:00,0.1648,0.1657,0.1645,0.1646,1145005.0,2026-01-28 13:59:59.999,189207.55854000,1802,572127.60,94581.69378000,0
2026-01-28 14:00:00,0.1646,0.1678,0.1645,0.1662,8310151.1,2026-01-28 14:59:59.999,1381133.54884000,8325,3727775.30,618864.20831000,0
2026-01-28 15:00:00,0.1661,0.1674,0.1653,0.1663,5022494.4,2026-01-28 15:59:59.999,835308.02766000,4916,2258730.20,375613.44678000,0
2026-01-28 16:00:00,0.1662,0.1664,0.1646,0.1654,2908635.4,2026-01-28 16:59:59.999,481260.83118000,3647,1223705.60,202426.37034000,0
2026-01-28 17:00:00,0.1654,0.1666,0.1637,0.166,2345898.8,2026-01-28 17:59:59.999,387098.77631000,2961,1205516.90,198938.57567000,0
2026-01-28 18:00:00,0.166,0.166,0.1643,0.165,1724896.1,2026-01-28 18:59:59.999,284534.58961000,1796,876273.20,144548.60727000,0
2026-01-28 19:00:00,0.165,0.1654,0.1635,0.1646,2853312.0,2026-01-28 19:59:59.999,468909.13320000,3412,1477227.90,242907.61403000,0
2026-01-28 20:00:00,0.1646,0.1655,0.1637,0.1645,1375214.6,2026-01-28 20:59:59.999,226478.92490000,2164,760343.60,125237.18277000,0
2026-01-28 21:00:00,0.1646,0.1652,0.1638,0.1642,2395964.5,2026-01-28 21:59:59.999,394064.07286000,2852,905591.10,148994.34203000,0
2026-01-28 22:00:00,0.1642,0.1648,0.1634,0.1645,1854905.0,2026-01-28 22:59:59.999,304343.33179000,2468,1066675.70,175062.13352000,0
2026-01-28 23:00:00,0.1646,0.1651,0.164,0.1644,1016593.8,2026-01-28 23:59:59.999,167228.11720000,1405,475974.10,78288.89829000,0
2026-01-29 00:00:00,0.1645,0.1648,0.1626,0.1636,2336489.7,2026-01-29 00:59:59.999,382405.79800000,2949,1402735.10,229503.03715000,0
2026-01-29 01:00:00,0.1635,0.1641,0.1625,0.1631,2122369.1,2026-01-29 01:59:59.999,346719.56049000,2543,1378961.60,225370.97171000,0
2026-01-29 02:00:00,0.163,0.1654,0.1609,0.162,5474796.3,2026-01-29 02:59:59.999,892858.72738000,5971,2254247.10,368255.12865000,0
2026-01-29 03:00:00,0.1619,0.1637,0.1615,0.1618,3889563.3,2026-01-29 03:59:59.999,631940.05394000,3970,2369760.30,385187.56265000,0
2026-01-29 04:00:00,0.1617,0.1629,0.1611,0.1626,1915690.3,2026-01-29 04:59:59.999,310444.46177000,3817,956506.30,155152.19628000,0
2026-01-29 05:00:00,0.1626,0.1627,0.1605,0.161,1552662.7,2026-01-29 05:59:59.999,251061.29717000,2514,772838.00,124850.54697000,0
2026-01-29 06:00:00,0.161,0.1614,0.1599,0.161,2437025.6,2026-01-29 06:59:59.999,391493.32502000,2752,929102.90,149334.34887000,0
2026-01-29 07:00:00,0.161,0.1616,0.1607,0.1612,1620125.8,2026-01-29 07:59:59.999,261158.90576000,2108,708884.70,114295.78176000,0
2026-01-29 08:00:00,0.1611,0.1617,0.1605,0.1614,724798.7,2026-01-29 08:59:59.999,116716.95674000,1833,396993.60,63931.33669000,0
2026-01-29 09:00:00,0.1613,0.1615,0.1586,0.1594,1789411.1,2026-01-29 09:59:59.999,285980.56435000,2730,809742.00,129365.80552000,0
2026-01-29 10:00:00,0.1594,0.1609,0.1592,0.1602,1440006.1,2026-01-29 10:59:59.999,230551.20430000,1975,839149.10,134377.57744000,0
2026-01-29 11:00:00,0.1602,0.1604,0.1594,0.1596,901709.3,2026-01-29 11:59:59.999,144248.25229000,1508,309403.50,49512.75818000,0
2026-01-29 12:00:00,0.1597,0.1603,0.1591,0.1601,1190606.9,2026-01-29 12:59:59.999,190260.92533000,1295,781715.40,124896.97489000,0
2026-01-29 13:00:00,0.1602,0.1625,0.1593,0.1607,7902170.1,2026-01-29 13:59:59.999,1272165.82937000,9552,4228452.50,680967.56368000,0
2026-01-29 14:00:00,0.1607,0.1613,0.1556,0.1559,8329791.8,2026-01-29 14:59:59.999,1313685.13817000,11978,3227668.60,509640.89978000,0
2026-01-29 15:00:00,0.1559,0.1584,0.1527,0.1563,23747208.8,2026-01-29 15:59:59.999,3696889.07827000,21157,14033476.70,2186547.22160000,0
2026-01-29 16:00:00,0.1564,0.1593,0.1555,0.1584,9190220.0,2026-01-29 16:59:59.999,1451353.51038000,13798,4860618.40,767764.15137000,0
2026-01-29 17:00:00,0.1585,0.1599,0.1575,0.1575,3739743.7,2026-01-29 17:59:59.999,594709.76005000,4526,1732238.40,275664.83408000,0
2026-01-29 18:00:00,0.1577,0.158,0.1552,0.1556,3935882.6,2026-01-29 18:59:59.999,616027.87111000,4761,1633421.80,255808.77981000,0
2026-01-29 19:00:00,0.1555,0.1579,0.1553,0.1563,3858097.6,2026-01-29 19:59:59.999,604807.23668000,3802,2348000.20,368300.49598000,0
2026-01-29 20:00:00,0.1563,0.1574,0.1558,0.1569,1619492.6,2026-01-29 20:59:59.999,253424.26279000,1902,777398.20,121806.57582000,0
2026-01-29 21:00:00,0.1569,0.1576,0.1567,0.1574,687502.1,2026-01-29 21:59:59.999,108075.96655000,1123,337225.80,53016.73915000,0
2026-01-29 22:00:00,0.1573,0.1582,0.157,0.1577,1406393.3,2026-01-29 22:59:59.999,221732.26094000,1679,822254.40,129694.38604000,0
2026-01-29 23:00:00,0.1577,0.1578,0.1564,0.1576,2149441.2,2026-01-29 23:59:59.999,338089.47794000,2038,935753.20,147172.58556000,0
2026-01-30 00:00:00,0.1576,0.1581,0.1563,0.1575,2595114.3,2026-01-30 00:59:59.999,407476.73258000,2261,1663492.00,261234.56108000,0
2026-01-30 01:00:00,0.1575,0.1575,0.1513,0.1547,13734913.6,2026-01-30 01:59:59.999,2121899.74750000,14640,4869307.40,750858.59739000,0
2026-01-30 02:00:00,0.1547,0.1549,0.1525,0.1546,4929354.2,2026-01-30 02:59:59.999,758927.83692000,6090,2649895.80,408380.64810000,0
2026-01-30 03:00:00,0.1546,0.155,0.1501,0.1515,15155579.1,2026-01-30 03:59:59.999,2302850.51173000,13605,5947754.10,904472.01771000,0
2026-01-30 04:00:00,0.1515,0.1534,0.1514,0.1521,3120149.0,2026-01-30 04:59:59.999,475001.63510000,4162,1465505.50,223252.72144000,0
2026-01-30 05:00:00,0.1522,0.1526,0.1511,0.1511,1621805.6,2026-01-30 05:59:59.999,246066.72785000,1714,680247.80,103232.37210000,0
2026-01-30 06:00:00,0.151,0.151,0.1479,0.1493,4315236.1,2026-01-30 06:59:59.999,644160.33497000,4332,1534429.70,228936.66437000,0
2026-01-30 07:00:00,0.1494,0.1509,0.1492,0.1503,2084460.3,2026-01-30 07:59:59.999,313054.61429000,2762,1011244.20,151838.19217000,0
2026-01-30 08:00:00,0.1503,0.1505,0.1493,0.1494,2049917.4,2026-01-30 08:59:59.999,307079.65806000,2138,790964.00,118498.03378000,0
2026-01-30 09:00:00,0.1495,0.15,0.1485,0.1492,1794920.2,2026-01-30 09:59:59.999,267884.64581000,2155,696331.80,103965.25913000,0
2026-01-30 10:00:00,0.1492,0.1506,0.1489,0.1505,1225543.5,2026-01-30 10:59:59.999,183341.18059000,1608,667172.90,99840.92435000,0
2026-01-30 11:00:00,0.1506,0.1515,0.1497,0.1515,3627628.4,2026-01-30 11:59:59.999,545487.41680000,14699,1289611.90,194091.44198000,0
2026-01-30 12:00:00,0.1515,0.1519,0.1485,0.1487,4436544.8,2026-01-30 12:59:59.999,665496.84894000,11175,1408300.40,211363.70582000,0
2026-01-30 13:00:00,0.1487,0.1488,0.1468,0.1475,4636919.2,2026-01-30 13:59:59.999,685267.22733000,6941,1240036.20,183420.58042000,0
2026-01-30 14:00:00,0.1476,0.1541,0.1474,0.1524,12377412.5,2026-01-30 14:59:59.999,1875887.12212000,15147,6824073.90,1034573.63849000,0
2026-01-30 15:00:00,0.1524,0.1531,0.1506,0.1523,5397071.0,2026-01-30 15:59:59.999,820961.41252000,8540,2008748.80,305541.54734000,0
2026-01-30 16:00:00,0.1522,0.1544,0.1522,0.1529,3554382.6,2026-01-30 16:59:59.999,545260.63135000,6993,1596680.50,244943.71289000,0
2026-01-30 17:00:00,0.153,0.1541,0.1522,0.1529,1528084.7,2026-01-30 17:59:59.999,234037.26078000,3696,730838.30,111956.22690000,0
2026-01-30 18:00:00,0.1529,0.1558,0.1505,0.1552,3768172.0,2026-01-30 18:59:59.999,577258.73763000,7665,1787433.40,274141.76777000,0
2026-01-30 19:00:00,0.1552,0.1572,0.1551,0.1561,3787942.1,2026-01-30 19:59:59.999,591141.80757000,6101,1414436.50,220799.94401000,0
2026-01-30 20:00:00,0.1561,0.1561,0.1531,0.1538,3754946.3,2026-01-30 20:59:59.999,580898.61769000,6219,1647658.30,254929.27902000,0
2026-01-30 21:00:00,0.1538,0.1549,0.1533,0.1545,2184759.3,2026-01-30 21:59:59.999,337099.66625000,2980,1324049.10,204363.71274000,0
2026-01-30 22:00:00,0.1544,0.1548,0.1525,0.1537,1331761.0,2026-01-30 22:59:59.999,204550.10387000,1956,648882.10,99685.51505000,0
2026-01-30 23:00:00,0.1538,0.1542,0.1532,0.154,1216218.0,2026-01-30 23:59:59.999,186890.75784000,1603,691200.20,106293.16400000,0
2026-01-31 00:00:00,0.1539,0.1548,0.1533,0.154,2255600.9,2026-01-31 00:59:59.999,347018.00280000,2118,1205340.50,185502.51698000,0
2026-01-31 01:00:00,0.154,0.1541,0.1529,0.1533,838626.4,2026-01-31 01:59:59.999,128756.69815000,1191,349749.00,53663.51863000,0
2026-01-31 02:00:00,0.1533,0.1534,0.1521,0.1521,1062128.5,2026-01-31 02:59:59.999,162321.65144000,1596,451389.70,68970.06181000,0
2026-01-31 03:00:00,0.1521,0.1528,0.1518,0.152,809195.1,2026-01-31 03:59:59.999,123201.93403000,1243,290194.20,44193.02611000,0
2026-01-31 04:00:00,0.152,0.1521,0.151,0.1514,1172663.9,2026-01-31 04:59:59.999,177896.08958000,1554,526219.50,79864.91200000,0
2026-01-31 05:00:00,0.1514,0.1521,0.1509,0.1514,1192942.4,2026-01-31 05:59:59.999,180696.12383000,1771,544662.40,82543.01029000,0
2026-01-31 06:00:00,0.1513,0.1517,0.1498,0.1505,1738722.2,2026-01-31 06:59:59.999,261861.88585000,2552,564742.50,85076.38199000,0
2026-01-31 07:00:00,0.1506,0.1506,0.1479,0.1489,6744159.8,2026-01-31 07:59:59.999,1004449.88138000,5857,4108810.70,611734.88208000,0
2026-01-31 08:00:00,0.1489,0.1491,0.1455,0.1465,7204076.8,2026-01-31 08:59:59.999,1057664.47108000,7694,3332409.30,488918.29610000,0
2026-01-31 09:00:00,0.1465,0.1476,0.1462,0.1465,1825919.7,2026-01-31 09:59:59.999,268175.11562000,2446,1097689.30,161237.12337000,0
2026-01-31 10:00:00,0.1466,0.1481,0.1464,0.1472,2552215.0,2026-01-31 10:59:59.999,375419.53745000,2314,803481.80,118395.83420000,0
2026-01-31 11:00:00,0.1472,0.1475,0.1467,0.147,812397.8,2026-01-31 11:59:59.999,119459.48301000,1269,324569.30,47733.76553000,0
2026-01-31 12:00:00,0.147,0.1473,0.1461,0.1462,2427179.2,2026-01-31 12:59:59.999,355737.06207000,2735,820073.00,120212.18332000,0
2026-01-31 13:00:00,0.1462,0.1465,0.1457,0.1461,2127637.0,2026-01-31 13:59:59.999,311032.45741000,3310,697110.90,101938.32427000,0
2026-01-31 14:00:00,0.1461,0.1465,0.1376,0.1419,31289808.3,2026-01-31 14:59:59.999,4426558.11637000,39898,12905519.40,1827781.58607000,0
2026-01-31 15:00:00,0.1419,0.1442,0.1418,0.1433,5291995.1,2026-01-31 15:59:59.999,757383.66894000,8198,2484200.10,355684.28923000,0
2026-01-31 16:00:00,0.1433,0.1464,0.1407,0.1415,21486716.9,2026-01-31 16:59:59.999,3067984.53224000,17344,12980558.50,1850323.94955000,0
2026-01-31 17:00:00,0.1416,0.142,0.1323,0.1348,46412188.5,2026-01-31 17:59:59.999,6321084.58629000,50553,19859651.20,2705597.91478000,0
2026-01-31 18:00:00,0.1349,0.1356,0.122,0.13,35864477.6,2026-01-31 18:59:59.999,4646984.32667000,41962,20177437.20,2613820.36972000,0
2026-01-31 19:00:00,0.1301,0.1331,0.1294,0.132,9909100.8,2026-01-31 19:59:59.999,1301763.83800000,16585,5612539.40,737626.46876000,0
2026-01-31 20:00:00,0.132,0.1326,0.1293,0.1312,5469242.9,2026-01-31 20:59:59.999,717044.36644000,10700,2957545.30,387923.82825000,0
2026-01-31 21:00:00,0.1312,0.133,0.1306,0.1328,6445321.3,2026-01-31 21:59:59.999,850529.71644000,10756,3658990.80,483077.84766000,0
2026-01-31 22:00:00,0.1328,0.1331,0.1311,0.1317,3791714.2,2026-01-31 22:59:59.999,501212.92433000,6998,2085824.30,275817.79719000,0
2026-01-31 23:00:00,0.1318,0.1344,0.1315,0.1327,5413361.7,2026-01-31 23:59:59.999,721155.48164000,8857,2799243.40,373171.64184000,0
2026-02-01 00:00:00,0.1328,0.1337,0.1323,0.1327,3760356.9,2026-02-01 00:59:59.999,500436.70334000,7622,2214012.80,294783.18918000,0
2026-02-01 01:00:00,0.1328,0.1328,0.1304,0.1315,4974671.9,2026-02-01 01:59:59.999,652773.86158000,8510,2821834.50,370439.54195000,0
2026-02-01 02:00:00,0.1316,0.1368,0.125,0.1252,40531534.7,2026-02-01 02:59:59.999,5255959.10270000,48192,21590904.50,2802540.40162000,0
2026-02-01 03:00:00,0.1253,0.1276,0.1246,0.1275,12400929.7,2026-02-01 03:59:59.999,1561185.55588000,16618,5713550.70,719735.24944000,0
2026-02-01 04:00:00,0.1275,0.1279,0.1259,0.1263,5375232.2,2026-02-01 04:59:59.999,682638.26073000,9863,2739184.60,348015.98316000,0
2026-02-01 05:00:00,0.1263,0.1266,0.1223,0.1225,10851497.5,2026-02-01 05:59:59.999,1349833.84812000,13433,4308024.30,535594.29673000,0
2026-02-01 06:00:00,0.1225,0.1229,0.121,0.1221,11983990.1,2026-02-01 06:59:59.999,1462285.07515000,16367,6306622.70,769892.12704000,0
2026-02-01 07:00:00,0.1221,0.1249,0.1217,0.1236,14591109.4,2026-02-01 07:59:59.999,1803175.49578000,15207,6586537.20,812950.31441000,0
2026-02-01 08:00:00,0.1236,0.1239,0.123,0.1231,9955683.9,2026-02-01 08:59:59.999,1226334.66702000,10535,3656157.50,450683.41856000,0
2026-02-01 09:00:00,0.1231,0.1236,0.123,0.1234,14602687.0,2026-02-01 09:59:59.999,1797874.78171000,10636,6736387.50,829762.54406000,0
2026-02-01 10:00:00,0.1234,0.1239,0.123,0.123,17290359.1,2026-02-01 10:59:59.999,2129023.83654000,11263,6467552.40,796758.20087000,0
2026-02-01 11:00:00,0.123,0.1251,0.1223,0.1229,16911182.7,2026-02-01 11:59:59.999,2083279.28925000,15077,7511582.00,925567.05673000,0
2026-02-01 12:00:00,0.1229,0.1236,0.1209,0.1218,14007769.3,2026-02-01 12:59:59.999,1711222.41254000,17310,6275489.70,766608.99315000,0
2026-02-01 13:00:00,0.1218,0.1228,0.1202,0.1204,5685395.3,2026-02-01 13:59:59.999,693091.73515000,10600,2769421.50,337745.87576000,0
2026-02-01 14:00:00,0.1204,0.1227,0.1195,0.1219,13358268.1,2026-02-01 14:59:59.999,1611610.52561000,12547,7758543.40,936715.43836000,0
2026-02-01 15:00:00,0.1219,0.122,0.1173,0.1204,23723345.8,2026-02-01 15:59:59.999,2818428.91274000,19593,9196569.70,1094302.73629000,0
2026-02-01 16:00:00,0.1205,0.1235,0.1195,0.1218,12863861.0,2026-02-01 16:59:59.999,1560683.53854000,9951,4964222.90,601161.58729000,0
2026-02-01 17:00:00,0.1218,0.1231,0.1212,0.123,4848808.5,2026-02-01 17:59:59.999,591583.40698000,5488,2148293.40,262245.72866000,0
2026-02-01 18:00:00,0.123,0.1272,0.123,0.1264,21812288.1,2026-02-01 18:59:59.999,2741690.16375000,16726,8298421.60,1042485.19105000,0
2026-02-01 19:00:00,0.1264,0.1297,0.1252,0.1293,32578804.7,2026-02-01 19:59:59.999,4167549.67388000,25011,17167833.10,2199161.36052000,0
2026-02-01 20:00:00,0.1293,0.1358,0.1288,0.1317,36990449.3,2026-02-01 20:59:59.999,4878580.75325000,34383,20111579.80,2653211.15089000,0
2026-02-01 21:00:00,0.1317,0.1329,0.1295,0.1302,11805559.0,2026-02-01 21:59:59.999,1548616.04070000,13923,5586580.30,733399.22576000,0
2026-02-01 22:00:00,0.1302,0.1338,0.13,0.133,5205389.2,2026-02-01 22:59:59.999,689078.78980000,6799,2450592.30,324234.90275000,0
2026-02-01 23:00:00,0.133,0.1332,0.1296,0.1298,16099740.0,2026-02-01 23:59:59.999,2105157.60657000,21299,5844076.20,765548.29558000,0
2026-02-02 00:00:00,0.1299,0.1323,0.1277,0.1312,14115364.9,2026-02-02 00:59:59.999,1838594.40672000,19989,5689028.60,741623.84680000,0
2026-02-02 01:00:00,0.1312,0.1346,0.1309,0.1341,8988361.8,2026-02-02 01:59:59.999,1192522.87469000,16281,3934964.50,522613.71309000,0
2026-02-02 02:00:00,0.1342,0.1357,0.1313,0.1316,18332758.5,2026-02-02 02:59:59.999,2453896.65560000,13394,6458476.80,865542.38414000,0
2026-02-02 03:00:00,0.1316,0.1318,0.125,0.1298,29685663.9,2026-02-02 03:59:59.999,3819848.78643000,35627,15277400.10,1966139.72003000,0
2026-02-02 04:00:00,0.1298,0.1336,0.1292,0.1311,13563154.3,2026-02-02 04:59:59.999,1783177.84085000,11924,9557261.30,1255949.22137000,0
2026-02-02 05:00:00,0.131,0.131,0.1247,0.1248,52175703.6,2026-02-02 05:59:59.999,6606009.42876000,40287,18980221.80,2399845.28885000,0
2026-02-02 06:00:00,0.1248,0.1281,0.123,0.1254,31585412.2,2026-02-02 06:59:59.999,3960571.93188000,42876,15032899.00,1886813.29275000,0
2026-02-02 07:00:00,0.1254,0.1273,0.1248,0.1253,15330782.8,2026-02-02 07:59:59.999,1935275.05281000,16855,6800027.40,858843.04055000,0
2026-02-02 08:00:00,0.1253,0.1256,0.1242,0.1243,11533506.0,2026-02-02 08:59:59.999,1438851.73254000,13137,4554233.50,568520.75162000,0
2026-02-02 09:00:00,0.1243,0.1292,0.1237,0.1286,19137789.4,2026-02-02 09:59:59.999,2415472.09731000,17986,9891549.40,1252037.07822000,0
2026-02-02 10:00:00,0.1286,0.1292,0.1272,0.1285,16593821.5,2026-02-02 10:59:59.999,2125330.03418000,16631,8499167.50,1089107.91899000,0
2026-02-02 11:00:00,0.1285,0.1295,0.128,0.1284,10632581.5,2026-02-02 11:59:59.999,1366705.72044000,9892,6603021.90,848983.02453000,0
2026-02-02 12:00:00,0.1284,0.1305,0.1282,0.13,14730335.6,2026-02-02 12:59:59.999,1906862.93792000,11432,7535169.90,975168.06395000,0
2026-02-02 13:00:00,0.13,0.1325,0.1296,0.1305,16740666.5,2026-02-02 13:59:59.999,2195559.95077000,13794,9072104.90,1189041.90152000,0
2026-02-02 14:00:00,0.1304,0.1317,0.1295,0.1301,8234335.5,2026-02-02 14:59:59.999,1074125.74897000,12807,3820773.80,498985.16893000,0
2026-02-02 15:00:00,0.1302,0.134,0.1299,0.1339,8323752.9,2026-02-02 15:59:59.999,1102655.60464000,9132,4126994.60,546942.25443000,0
2026-02-02 16:00:00,0.134,0.134,0.1319,0.1332,10979456.1,2026-02-02 16:59:59.999,1457492.79353000,9549,3832901.80,509176.37746000,0
2026-02-02 17:00:00,0.1331,0.1341,0.1299,0.1306,8966140.2,2026-02-02 17:59:59.999,1183695.83797000,9100,4033618.90,532618.61087000,0
2026-02-02 18:00:00,0.1306,0.1312,0.1298,0.1305,2919387.7,2026-02-02 18:59:59.999,380996.86761000,4560,1633376.50,213251.95892000,0
2026-02-02 19:00:00,0.1305,0.1306,0.129,0.1291,2724549.9,2026-02-02 19:59:59.999,353447.69103000,2494,1537496.30,199547.54553000,0
2026-02-02 20:00:00,0.129,0.1299,0.1284,0.1285,5772753.5,2026-02-02 20:59:59.999,744589.29499000,3956,875445.50,113070.38147000,0
2026-02-02 21:00:00,0.1285,0.1298,0.1285,0.1297,1313431.5,2026-02-02 21:59:59.999,169715.83455000,1891,828070.00,107006.12309000,0
2026-02-02 22:00:00,0.1298,0.1306,0.1295,0.1304,933605.1,2026-02-02 22:59:59.999,121503.50081000,1908,522439.20,68002.93076000,0
2026-02-02 23:00:00,0.1305,0.1309,0.13,0.1306,1557834.9,2026-02-02 23:59:59.999,203174.74202000,2035,786084.20,102588.57591000,0
2026-02-03 00:00:00,0.1306,0.1308,0.1285,0.1294,4370344.8,2026-02-03 00:59:59.999,565925.03388000,5650,2126899.40,275290.48699000,0
2026-02-03 01:00:00,0.1295,0.1297,0.1278,0.1287,4086990.6,2026-02-03 01:59:59.999,525402.10461000,4023,1444142.00,185876.28866000,0
2026-02-03 02:00:00,0.1287,0.1291,0.1275,0.1276,3081099.7,2026-02-03 02:59:59.999,394899.80367000,4816,1344138.20,172469.23216000,0
2026-02-03 03:00:00,0.1276,0.1296,0.1271,0.1294,2535412.7,2026-02-03 03:59:59.999,325613.39275000,5118,1490462.20,191434.62963000,0
2026-02-03 04:00:00,0.1295,0.1305,0.128,0.1301,5818119.9,2026-02-03 04:59:59.999,750728.93362000,6241,3746879.60,483293.57845000,0
2026-02-03 05:00:00,0.1301,0.1307,0.1296,0.13,2181441.8,2026-02-03 05:59:59.999,283923.32603000,3062,1247009.50,162294.87853000,0
2026-02-03 06:00:00,0.13,0.131,0.1291,0.1309,2410464.5,2026-02-03 06:59:59.999,313048.19603000,3323,1031194.20,134110.94445000,0
2026-02-03 07:00:00,0.1309,0.1321,0.1304,0.1318,3136253.3,2026-02-03 07:59:59.999,411960.52132000,3036,1827864.40,240227.61246000,0
2026-02-03 08:00:00,0.1318,0.1323,0.1292,0.1294,3598504.1,2026-02-03 08:59:59.999,469691.80430000,4129,1416901.50,185262.90389000,0
2026-02-03 09:00:00,0.1295,0.1296,0.1273,0.1282,4236702.2,2026-02-03 09:59:59.999,544181.61339000,5917,1541730.40,198110.40345000,0
2026-02-03 10:00:00,0.1282,0.129,0.1279,0.1282,1495563.8,2026-02-03 10:59:59.999,192003.84639000,2788,671051.30,86162.79817000,0
2026-02-03 11:00:00,0.1283,0.1291,0.1272,0.1287,2683124.2,2026-02-03 11:59:59.999,344300.64862000,3076,1131433.50,145339.14116000,0
2026-02-03 12:00:00,0.1286,0.1301,0.1283,0.13,2078246.5,2026-02-03 12:59:59.999,268455.10741000,2901,1408688.60,181931.79472000,0
2026-02-03 13:00:00,0.13,0.1303,0.1289,0.1294,1842828.8,2026-02-03 13:59:59.999,238390.76007000,2257,700151.80,90569.82491000,0
2026-02-03 14:00:00,0.1293,0.1307,0.1283,0.1283,5777926.7,2026-02-03 14:59:59.999,749342.04755000,6880,2940881.50,381524.44884000,0
2026-02-03 15:00:00,0.1284,0.1315,0.1284,0.131,7089721.1,2026-02-03 15:59:59.999,921456.47619000,9422,3219204.50,418279.80769000,0
2026-02-03 16:00:00,0.131,0.131,0.1287,0.1297,4230449.0,2026-02-03 16:59:59.999,548192.82974000,6012,2096734.10,271668.65667000,0
2026-02-03 17:00:00,0.1297,0.1306,0.128,0.128,6344314.0,2026-02-03 17:59:59.999,820612.01495000,7736,2699118.50,349135.53517000,0
2026-02-03 18:00:00,0.128,0.1287,0.1253,0.1268,8719485.0,2026-02-03 18:59:59.999,1104174.00033000,13002,3335893.60,422665.80920000,0
2026-02-03 19:00:00,0.1268,0.1388,0.1261,0.1387,29495110.6,2026-02-03 19:59:59.999,3949534.32658000,37675,16362004.30,2188715.39812000,0
2026-02-03 20:00:00,0.1386,0.1424,0.1347,0.1402,15005007.6,2026-02-03 20:59:59.999,2079491.76048000,23042,7534362.00,1045108.72651000,0
2026-02-03 21:00:00,0.1402,0.1408,0.1371,0.1376,4857307.3,2026-02-03 21:59:59.999,674075.19037000,7985,2622713.20,363992.24273000,0
2026-02-03 22:00:00,0.1377,0.1377,0.135,0.1352,4263965.3,2026-02-03 22:59:59.999,580058.88944000,6399,1990421.00,270984.90875000,0
2026-02-03 23:00:00,0.1353,0.1363,0.1345,0.1352,3530350.4,2026-02-03 23:59:59.999,477675.18754000,5687,1796180.20,243108.66190000,0
2026-02-04 00:00:00,0.1352,0.1374,0.1347,0.1355,2784652.5,2026-02-04 00:59:59.999,379528.64828000,4974,1210712.60,164896.53109000,0
2026-02-04 01:00:00,0.1355,0.1373,0.1343,0.1344,1748363.8,2026-02-04 01:59:59.999,236924.10610000,3534,832868.30,112929.33148000,0
2026-02-04 02:00:00,0.1344,0.1353,0.1339,0.1351,3233973.7,2026-02-04 02:59:59.999,434800.71731000,5206,1806955.20,242953.96965000,0
2026-02-04 03:00:00,0.1351,0.1359,0.1343,0.1357,3550311.1,2026-02-04 03:59:59.999,479068.03718000,4254,1963569.60,265054.96649000,0
2026-02-04 04:00:00,0.1357,0.1364,0.1349,0.1349,1441739.2,2026-02-04 04:59:59.999,195804.37726000,2600,715840.70,97225.99006000,0
2026-02-04 05:00:00,0.1349,0.1361,0.1343,0.1361,1305635.2,2026-02-04 05:59:59.999,176698.00308000,1964,765644.40,103724.84298000,0
2026-02-04 06:00:00,0.1362,0.137,0.1351,0.1365,2062015.8,2026-02-04 06:59:59.999,280431.71024000,2994,1041243.20,141558.69191000,0
2026-02-04 07:00:00,0.1365,0.1374,0.136,0.1369,2368207.4,2026-02-04 07:59:59.999,323782.30004000,3379,1401868.40,191673.89400000,0
2026-02-04 08:00:00,0.1369,0.1372,0.1355,0.136,1652167.2,2026-02-04 08:59:59.999,225552.38518000,2999,593587.00,81058.58923000,0
2026-02-04 09:00:00,0.1361,0.1364,0.135,0.1354,1366260.3,2026-02-04 09:59:59.999,185243.58011000,1687,692153.20,93860.07021000,0
2026-02-04 10:00:00,0.1354,0.1367,0.1354,0.1361,1169003.7,2026-02-04 10:59:59.999,159158.76148000,1904,531095.30,72311.92117000,0
2026-02-04 11:00:00,0.1361,0.1361,0.1345,0.1356,4020014.5,2026-02-04 11:59:59.999,544076.31131000,5044,2078916.40,281363.51914000,0
2026-02-04 12:00:00,0.1356,0.136,0.1342,0.1346,3346503.3,2026-02-04 12:59:59.999,452009.27389000,4065,1958611.70,264637.57382000,0
2026-02-04 13:00:00,0.1346,0.1353,0.133,0.1333,3199893.5,2026-02-04 13:59:59.999,428908.90074000,4613,1350256.10,181120.36026000,0
2026-02-04 14:00:00,0.1332,0.1343,0.1306,0.1308,6590474.3,2026-02-04 14:59:59.999,873173.61834000,10043,2838687.20,376173.05714000,0
2026-02-04 15:00:00,0.1308,0.1327,0.1294,0.1308,6242766.3,2026-02-04 15:59:59.999,818033.34422000,11325,2797440.30,366872.01186000,0
2026-02-04 16:00:00,0.1308,0.1325,0.1294,0.1314,6445445.4,2026-02-04 16:59:59.999,843067.47361000,9688,3131135.30,409515.63822000,0
2026-02-04 17:00:00,0.1314,0.1332,0.1297,0.1313,6007225.3,2026-02-04 17:59:59.999,788873.24517000,7367,3370580.30,443024.53583000,0
2026-02-04 18:00:00,0.1313,0.1342,0.1294,0.1325,6641080.0,2026-02-04 18:59:59.999,875151.69412000,8260,3744323.70,494856.70583000,0
2026-02-04 19:00:00,0.1325,0.1342,0.1318,0.134,3275676.5,2026-02-04 19:59:59.999,436807.14727000,4774,2191133.90,292349.35068000,0
2026-02-04 20:00:00,0.134,0.1348,0.1333,0.1335,1421026.6,2026-02-04 20:59:59.999,190387.24082000,2181,659343.60,88392.20835000,0
2026-02-04 21:00:00,0.1335,0.1337,0.1312,0.1322,2894346.8,2026-02-04 21:59:59.999,382694.44658000,3271,1173130.70,155326.28035000,0
2026-02-04 22:00:00,0.1323,0.1349,0.13,0.1325,4534127.1,2026-02-04 22:59:59.999,599122.11750000,6385,2096772.50,276893.18535000,0
2026-02-04 23:00:00,0.1325,0.1343,0.1313,0.1334,4349003.6,2026-02-04 23:59:59.999,578138.96126000,5309,2109303.30,280503.32280000,0
2026-02-05 00:00:00,0.1335,0.1338,0.1319,0.1321,2499502.0,2026-02-05 00:59:59.999,332242.49949000,4035,1227394.80,163273.97430000,0
2026-02-05 01:00:00,0.1321,0.1341,0.1311,0.1326,3927914.5,2026-02-05 01:59:59.999,520948.25860000,6065,2035126.00,269928.73583000,0
2026-02-05 02:00:00,0.1326,0.1337,0.131,0.1312,2921260.8,2026-02-05 02:59:59.999,386066.11040000,4111,1030263.90,136426.83141000,0
2026-02-05 03:00:00,0.1312,0.1324,0.1303,0.1309,3067109.3,2026-02-05 03:59:59.999,402697.56610000,4199,1372460.20,180245.82800000,0
2026-02-05 04:00:00,0.1309,0.1315,0.1294,0.13,3384379.1,2026-02-05 04:59:59.999,440882.89029000,5442,1577642.30,205648.69006000,0
2026-02-05 05:00:00,0.13,0.1318,0.1286,0.1305,3300694.3,2026-02-05 05:59:59.999,429342.06249000,4798,1602641.70,208556.32850000,0
2026-02-05 06:00:00,0.1306,0.1307,0.1291,0.1297,3936893.6,2026-02-05 06:59:59.999,510772.43135000,4984,1821190.40,236304.13413000,0
2026-02-05 07:00:00,0.1296,0.131,0.1284,0.1287,2857574.8,2026-02-05 07:59:59.999,370801.32744000,3856,1447208.00,187987.59559000,0
2026-02-05 08:00:00,0.1288,0.1302,0.1284,0.1294,4579956.7,2026-02-05 08:59:59.999,592994.34949000,3789,1341803.80,173598.98757000,0
2026-02-05 09:00:00,0.1294,0.1313,0.1292,0.1295,2364994.1,2026-02-05 09:59:59.999,307969.09662000,3291,1240206.10,161630.80538000,0
2026-02-05 10:00:00,0.1296,0.1296,0.1254,0.1257,6873640.4,2026-02-05 10:59:59.999,875845.29111000,5309,3088361.10,393541.10381000,0
2026-02-05 11:00:00,0.1258,0.1266,0.1237,0.1246,8078790.1,2026-02-05 11:59:59.999,1008982.98049000,11007,4080072.20,509638.73436000,0
2026-02-05 12:00:00,0.1247,0.1253,0.1233,0.1246,7219578.5,2026-02-05 12:59:59.999,896737.18928000,8765,4241555.10,527057.02055000,0
2026-02-05 13:00:00,0.1246,0.1255,0.1235,0.1241,3018143.5,2026-02-05 13:59:59.999,375839.35100000,4644,1539679.20,191745.22954000,0
2026-02-05 14:00:00,0.1241,0.1277,0.1241,0.1256,6409319.1,2026-02-05 14:59:59.999,808174.79944000,9109,3311868.70,418094.61285000,0
2026-02-05 15:00:00,0.1256,0.1265,0.1191,0.1243,27828531.3,2026-02-05 15:59:59.999,3409328.06867000,30865,12895781.80,1581178.09451000,0
2026-02-05 16:00:00,0.1243,0.1258,0.1221,0.1228,13828799.4,2026-02-05 16:59:59.999,1711955.19657000,16237,7490581.70,927842.42922000,0
2026-02-05 17:00:00,0.1228,0.1233,0.1184,0.1194,13383418.8,2026-02-05 17:59:59.999,1608601.20805000,15786,7050133.70,848047.99651000,0
2026-02-05 18:00:00,0.1194,0.1201,0.1161,0.1182,16150674.0,2026-02-05 18:59:59.999,1896655.33056000,19565,7386300.70,867552.09326000,0
2026-02-05 19:00:00,0.1182,0.1188,0.116,0.1173,9193792.4,2026-02-05 19:59:59.999,1079406.37699000,12163,4944901.60,580492.14947000,0
2026-02-05 20:00:00,0.1173,0.118,0.1112,0.1135,33484831.8,2026-02-05 20:59:59.999,3814258.78306000,36879,17746971.30,2021567.33447000,0
2026-02-05 21:00:00,0.1134,0.1163,0.1122,0.114,13451742.7,2026-02-05 21:59:59.999,1538613.53649000,19684,6959020.20,796597.66856000,0
2026-02-05 22:00:00,0.114,0.1161,0.112,0.1135,13481793.4,2026-02-05 22:59:59.999,1534591.76174000,14927,7884172.40,897399.90749000,0
2026-02-05 23:00:00,0.1135,0.1158,0.1109,0.1111,11490544.0,2026-02-05 23:59:59.999,1301529.93539000,13480,4615236.30,524187.38206000,0
2026-02-06 00:00:00,0.1112,0.112,0.0997,0.1104,73175618.4,2026-02-06 00:59:59.999,7786933.03820000,77522,31924718.80,3392633.85595000,0
2026-02-06 01:00:00,0.1104,0.1142,0.11,0.1142,8779956.3,2026-02-06 01:59:59.999,981905.36192000,13442,4669961.30,522779.15611000,0
2026-02-06 02:00:00,0.1142,0.1157,0.1118,0.1129,12213129.5,2026-02-06 02:59:59.999,1384644.26317000,10904,5988270.20,679601.43390000,0
2026-02-06 03:00:00,0.113,0.1139,0.1124,0.1133,5169522.6,2026-02-06 03:59:59.999,584441.17283000,6878,2600197.60,294005.31926000,0
2026-02-06 04:00:00,0.1134,0.1153,0.1122,0.1151,3426788.4,2026-02-06 04:59:59.999,390875.34490000,4886,1506321.50,171881.25281000,0
2026-02-06 05:00:00,0.1151,0.1193,0.1149,0.1161,23358424.0,2026-02-06 05:59:59.999,2724790.71730000,19244,10704953.60,1248625.18076000,0
2026-02-06 06:00:00,0.1161,0.1168,0.1094,0.1098,44165376.3,2026-02-06 06:59:59.999,4986809.61534000,40667,20307057.60,2294293.19409000,0
2026-02-06 07:00:00,0.1099,0.1104,0.1087,0.1097,15941597.5,2026-02-06 07:59:59.999,1747647.83432000,18970,8348177.50,915585.20487000,0
2026-02-06 08:00:00,0.1097,0.1099,0.1076,0.1077,15022929.4,2026-02-06 08:59:59.999,1633067.78969000,14919,7557335.70,821787.38939000,0
2026-02-06 09:00:00,0.1078,0.1093,0.1066,0.1091,17810598.9,2026-02-06 09:59:59.999,1915226.27812000,17335,11099422.60,1193471.07057000,0
2026-02-06 10:00:00,0.1091,0.1105,0.1079,0.1101,8997268.3,2026-02-06 10:59:59.999,982828.63545000,7434,4123463.10,450613.80329000,0
2026-02-06 11:00:00,0.11,0.1106,0.1094,0.1097,6061631.3,2026-02-06 11:59:59.999,666036.79528000,5515,2804971.60,308347.41385000,0
2026-02-06 12:00:00,0.1096,0.1104,0.1081,0.1094,9720200.2,2026-02-06 12:59:59.999,1059412.23718000,6837,5593767.60,609883.93052000,0
2026-02-06 13:00:00,0.1094,0.1115,0.1087,0.1096,14531587.6,2026-02-06 13:59:59.999,1602957.53714000,11944,7800024.60,860682.04756000,0
2026-02-06 14:00:00,0.1096,0.1149,0.1084,0.113,24605124.3,2026-02-06 14:59:59.999,2755384.43691000,18828,14326704.50,1603819.01095000,0
2026-02-06 15:00:00,0.1131,0.114,0.1109,0.1121,27140949.2,2026-02-06 15:59:59.999,3042077.49821000,18898,14990060.00,1681054.62146000,0
2026-02-06 16:00:00,0.1121,0.1173,0.1115,0.1152,13702975.4,2026-02-06 16:59:59.999,1584404.15400000,9341,7014676.30,811183.81989000,0
2026-02-06 17:00:00,0.1152,0.1177,0.1146,0.1158,10883534.7,2026-02-06 17:59:59.999,1262716.27602000,7823,5863818.50,680519.15186000,0
2026-02-06 18:00:00,0.1158,0.1177,0.1145,0.1155,15057437.9,2026-02-06 18:59:59.999,1745560.24760000,10075,7703716.00,893875.79943000,0
2026-02-06 19:00:00,0.1155,0.1158,0.1142,0.1153,4597242.4,2026-02-06 19:59:59.999,529595.89739000,3993,2463036.40,283914.68103000,0
2026-02-06 20:00:00,0.1153,0.1153,0.0961,0.1023,196373912.6,2026-02-06 20:59:59.999,19890934.97680000,130780,104628064.10,10596339.63569000,0
2026-02-06 21:00:00,0.1023,0.106,0.1021,0.1053,26884740.7,2026-02-06 21:59:59.999,2807665.89226000,17779,12603932.50,1316088.38755000,0
2026-02-06 22:00:00,0.1053,0.1083,0.1019,0.1052,49919865.2,2026-02-06 22:59:59.999,5260521.29012000,27598,26685054.70,2806370.95189000,0
2026-02-06 23:00:00,0.1052,0.1081,0.1051,0.1077,15143537.4,2026-02-06 23:59:59.999,1622680.13082000,12451,7676048.40,822310.74090000,0
2026-02-07 00:00:00,0.1077,0.108,0.1038,0.1046,17022240.6,2026-02-07 00:59:59.999,1795341.70009000,11814,8265274.20,872468.80163000,0
2026-02-07 01:00:00,0.1047,0.1068,0.1045,0.1059,8648161.6,2026-02-07 01:59:59.999,917027.51901000,6840,4431049.70,469964.11310000,0
2026-02-07 02:00:00,0.1058,0.1066,0.1049,0.1056,6695789.7,2026-02-07 02:59:59.999,707222.09414000,5591,2969953.50,313866.30391000,0
2026-02-07 03:00:00,0.1056,0.1087,0.1051,0.1073,8918055.2,2026-02-07 03:59:59.999,953953.62695000,8368,4899527.50,524410.52509000,0
2026-02-07 04:00:00,0.1072,0.1076,0.1051,0.1054,7375117.7,2026-02-07 04:59:59.999,784683.60896000,6068,3205790.50,341551.99362000,0
2026-02-07 05:00:00,0.1055,0.1063,0.1037,0.1045,5359798.1,2026-02-07 05:59:59.999,562019.25693000,4632,2492951.70,261596.45914000,0
2026-02-07 06:00:00,0.1045,0.1052,0.1027,0.1028,6961173.3,2026-02-07 06:59:59.999,725213.33402000,5294,3307578.10,344669.65913000,0
2026-02-07 07:00:00,0.1029,0.1032,0.0995,0.1006,27052482.3,2026-02-07 07:59:59.999,2742459.43588000,21491,12350260.40,1251454.25437000,0
2026-02-07 08:00:00,0.1005,0.1022,0.1003,0.1015,7040304.6,2026-02-07 08:59:59.999,714006.67021000,6847,3361936.20,340766.09389000,0
2026-02-07 09:00:00,0.1015,0.1025,0.1007,0.1009,6087187.6,2026-02-07 09:59:59.999,618285.52913000,4718,3044206.80,308899.41142000,0
2026-02-07 10:00:00,0.1009,0.1012,0.0994,0.1001,6463018.0,2026-02-07 10:59:59.999,646899.06685000,6108,3299441.50,330292.04849000,0
2026-02-07 11:00:00,0.1,0.101,0.0996,0.1009,6327938.3,2026-02-07 11:59:59.999,634003.39769000,5292,3267374.50,327309.01733000,0
2026-02-07 12:00:00,0.1008,0.1031,0.1005,0.1023,9157017.3,2026-02-07 12:59:59.999,934145.12628000,9753,4820578.00,491685.21037000,0
2026-02-07 13:00:00,0.1024,0.1032,0.1002,0.101,8049038.4,2026-02-07 13:59:59.999,816479.38590000,5811,4142950.00,420797.11630000,0
2026-02-07 14:00:00,0.1011,0.1017,0.0995,0.0997,8203451.6,2026-02-07 14:59:59.999,826141.23658000,5857,4478477.30,451564.87258000,0
2026-02-07 15:00:00,0.0997,0.1022,0.0996,0.1017,10116325.5,2026-02-07 15:59:59.999,1022326.22214000,7562,5808992.90,586668.75739000,0
2026-02-07 16:00:00,0.1017,0.1033,0.0999,0.1007,27912786.5,2026-02-07 16:59:59.999,2835492.31086000,23746,13614838.70,1383622.21726000,0
2026-02-07 17:00:00,0.1007,0.1019,0.0999,0.1015,4004894.1,2026-02-07 17:59:59.999,404486.26846000,4690,2167607.10,219005.33928000,0
2026-02-07 18:00:00,0.1014,0.1031,0.1014,0.1031,4936262.4,2026-02-07 18:59:59.999,505525.06424000,4201,2732870.30,279932.95037000,0
2026-02-07 19:00:00,0.1031,0.1032,0.1022,0.1028,4544516.3,2026-02-07 19:59:59.999,466689.81055000,4305,2120972.00,217800.37815000,0
2026-02-07 20:00:00,0.1028,0.1037,0.1024,0.1034,3164778.4,2026-02-07 20:59:59.999,325978.96914000,2526,1771332.50,182555.27392000,0
2026-02-07 21:00:00,0.1035,0.1041,0.1026,0.1032,3863307.7,2026-02-07 21:59:59.999,400078.30610000,2505,2208040.10,228761.95446000,0
2026-02-07 22:00:00,0.1031,0.1039,0.1022,0.1026,3384472.4,2026-02-07 22:59:59.999,348524.60094000,3769,1562762.70,160891.07285000,0
2026-02-07 23:00:00,0.1026,0.1028,0.1016,0.1018,2795622.2,2026-02-07 23:59:59.999,285585.98714000,2621,1524090.00,155687.85542000,0
2026-02-08 00:00:00,0.1018,0.1018,0.0998,0.1,6822759.7,2026-02-08 00:59:59.999,687003.32459000,5499,3672169.20,369944.67426000,0
2026-02-08 01:00:00,0.1001,0.1011,0.1001,0.1008,2729762.5,2026-02-08 01:59:59.999,274315.78380000,1948,1730890.20,174019.79433000,0
2026-02-08 02:00:00,0.1008,0.1018,0.1001,0.1001,5129839.9,2026-02-08 02:59:59.999,517864.65393000,3304,2839836.40,286798.02656000,0
2026-02-08 03:00:00,0.1001,0.1003,0.0981,0.0984,5890708.3,2026-02-08 03:59:59.999,584202.17545000,3878,2686107.00,266432.98827000,0
2026-02-08 04:00:00,0.0984,0.0999,0.0984,0.0999,2639152.6,2026-02-08 04:59:59.999,261683.33002000,1788,1418019.60,140654.18204000,0
2026-02-08 05:00:00,0.0998,0.0998,0.0993,0.0995,1295822.2,2026-02-08 05:59:59.999,128962.29904000,1352,584332.90,58154.84784000,0
2026-02-08 06:00:00,0.0994,0.0999,0.0991,0.0992,1366287.0,2026-02-08 06:59:59.999,136004.78071000,1599,618385.50,61561.54208000,0
2026-02-08 07:00:00,0.0992,0.1007,0.099,0.1002,3057963.9,2026-02-08 07:59:59.999,304571.34765000,2446,1555737.10,155015.73409000,0
2026-02-08 08:00:00,0.1002,0.1011,0.0998,0.101,6509238.7,2026-02-08 08:59:59.999,653068.98878000,4681,2695688.50,270706.67025000,0
2026-02-08 09:00:00,0.1009,0.1013,0.0998,0.1001,6000354.6,2026-02-08 09:59:59.999,601465.74978000,2720,2041488.80,205096.07738000,0
2026-02-08 10:00:00,0.1001,0.1008,0.0992,0.0998,4160746.0,2026-02-08 10:59:59.999,415786.16209000,3179,1760190.50,175935.08790000,0
2026-02-08 11:00:00,0.0998,0.1026,0.0997,0.1025,7370981.5,2026-02-08 11:59:59.999,748333.73885000,3675,3857501.70,391063.84337000,0
2026-02-08 12:00:00,0.1025,0.1037,0.1021,0.1033,7211464.9,2026-02-08 12:59:59.999,741952.99761000,6124,3683787.70,379074.81006000,0
2026-02-08 13:00:00,0.1032,0.1032,0.1006,0.1015,9175878.9,2026-02-08 13:59:59.999,929318.80651000,5393,4486372.90,454031.69892000,0
2026-02-08 14:00:00,0.1016,0.1025,0.1016,0.1019,5567399.3,2026-02-08 14:59:59.999,568159.15890000,4082,3634500.10,370935.99705000,0
2026-02-08 15:00:00,0.1019,0.1027,0.1001,0.1009,7145312.8,2026-02-08 15:59:59.999,721504.05977000,5941,3308524.70,334063.55872000,0
2026-02-08 16:00:00,0.1008,0.101,0.0975,0.0982,10321722.7,2026-02-08 16:59:59.999,1027209.53804000,6175,3757313.80,373039.06350000,0
2026-02-08 17:00:00,0.0982,0.0994,0.0982,0.0986,5083912.2,2026-02-08 17:59:59.999,501938.64616000,3138,2308942.20,228068.86371000,0
2026-02-08 18:00:00,0.0986,0.0999,0.0984,0.099,2313819.2,2026-02-08 18:59:59.999,229149.15016000,2906,1172617.30,116130.91503000,0
2026-02-08 19:00:00,0.099,0.1002,0.0987,0.1001,3582792.9,2026-02-08 19:59:59.999,356382.21889000,2760,1978018.40,196983.16627000,0
2026-02-08 20:00:00,0.1001,0.1074,0.0999,0.1063,43834107.4,2026-02-08 20:59:59.999,4582601.90013000,24249,24438772.50,2553859.37194000,0
2026-02-08 21:00:00,0.1062,0.1076,0.1044,0.1071,27497065.5,2026-02-08 21:59:59.999,2921605.65763000,12784,14985320.80,1592807.00204000,0
2026-02-08 22:00:00,0.1071,0.1093,0.1049,0.1056,29810702.2,2026-02-08 22:59:59.999,3201239.72117000,15280,12033629.10,1289713.96763000,0
2026-02-08 23:00:00,0.1056,0.1078,0.1043,0.1048,6561596.8,2026-02-08 23:59:59.999,694407.10928000,6629,3245256.30,343557.40571000,0
2026-02-09 00:00:00,0.1048,0.1053,0.1018,0.1022,8083544.7,2026-02-09 00:59:59.999,835078.90670000,6282,3245669.60,335727.39870000,0
2026-02-09 01:00:00,0.1022,0.1033,0.102,0.1032,3054973.5,2026-02-09 01:59:59.999,313565.49810000,4371,1423723.10,146180.24574000,0
2026-02-09 02:00:00,0.1032,0.1077,0.1026,0.1072,11163207.4,2026-02-09 02:59:59.999,1181138.00380000,8957,6394638.20,677218.61508000,0
2026-02-09 03:00:00,0.1072,0.1131,0.1072,0.1128,25806543.8,2026-02-09 03:59:59.999,2858723.87875000,22480,13511669.00,1495591.65972000,0
2026-02-09 04:00:00,0.1127,0.1143,0.1112,0.1133,17280830.8,2026-02-09 04:59:59.999,1946499.14114000,12213,9437085.30,1063302.43270000,0
2026-02-09 05:00:00,0.1134,0.1149,0.1125,0.1135,12778326.8,2026-02-09 05:59:59.999,1451992.34971000,9156,6566111.20,746440.89581000,0
2026-02-09 06:00:00,0.1136,0.1144,0.1106,0.1116,9316409.6,2026-02-09 06:59:59.999,1047090.85663000,6265,4181650.20,470672.14851000,0
2026-02-09 07:00:00,0.1115,0.1121,0.1101,0.1107,4820171.0,2026-02-09 07:59:59.999,535628.83677000,3938,2563255.60,285151.60115000,0
2026-02-09 08:00:00,0.1107,0.1114,0.1076,0.1083,14159514.2,2026-02-09 08:59:59.999,1545519.21477000,10766,7116669.30,776732.44053000,0
2026-02-09 09:00:00,0.1083,0.1094,0.1068,0.1078,9474874.7,2026-02-09 09:59:59.999,1021697.72537000,6391,5284846.90,569004.79037000,0
2026-02-09 10:00:00,0.1079,0.1098,0.1061,0.1071,11089243.7,2026-02-09 10:59:59.999,1193834.34840000,7963,5415270.80,582996.23457000,0
2026-02-09 11:00:00,0.1072,0.109,0.1067,0.1084,8650312.5,2026-02-09 11:59:59.999,931616.23630000,6511,4643118.80,500382.68782000,0
2026-02-09 12:00:00,0.1083,0.1091,0.1055,0.1063,17090959.2,2026-02-09 12:59:59.999,1826469.40564000,6108,5130010.60,549866.41789000,0
2026-02-09 13:00:00,0.1063,0.1073,0.1059,0.1067,7174035.3,2026-02-09 13:59:59.999,764604.51444000,3845,3409497.40,363302.29460000,0
2026-02-09 14:00:00,0.1068,0.1079,0.106,0.1076,5503997.9,2026-02-09 14:59:59.999,589066.39278000,4610,2665077.70,285260.90686000,0
2026-02-09 15:00:00,0.1076,0.11,0.1065,0.1072,9880224.9,2026-02-09 15:59:59.999,1063788.01369000,5216,6462145.40,695020.44863000,0
2026-02-09 16:00:00,0.1072,0.1082,0.1057,0.1072,6905487.1,2026-02-09 16:59:59.999,737081.35348000,5182,3235644.50,345390.49194000,0
2026-02-09 17:00:00,0.1073,0.1089,0.1067,0.1083,5308551.4,2026-02-09 17:59:59.999,572373.12758000,4095,2587103.80,278985.20532000,0
2026-02-09 18:00:00,0.1083,0.1118,0.1079,0.1094,17263008.4,2026-02-09 18:59:59.999,1894573.97803000,7959,7335626.10,807035.15778000,0
2026-02-09 19:00:00,0.1094,0.1123,0.1092,0.1113,9192041.8,2026-02-09 19:59:59.999,1018994.33389000,5815,4726836.20,524241.45756000,0
2026-02-09 20:00:00,0.1113,0.1134,0.111,0.1115,10356198.6,2026-02-09 20:59:59.999,1162513.01978000,6551,6391714.20,717439.60695000,0
2026-02-09 21:00:00,0.1115,0.1116,0.1083,0.1099,8994102.1,2026-02-09 21:59:59.999,984025.05573000,4874,4040009.70,442559.34780000,0
2026-02-09 22:00:00,0.1098,0.1107,0.1097,0.1103,3253579.2,2026-02-09 22:59:59.999,358783.87146000,2106,1499500.10,165462.08397000,0
2026-02-09 23:00:00,0.1102,0.1113,0.1089,0.1093,3952423.8,2026-02-09 23:59:59.999,435518.60045000,2870,1840265.70,202855.42307000,0
2026-02-10 00:00:00,0.1092,0.1107,0.1092,0.1097,4349346.8,2026-02-10 00:59:59.999,478019.10463000,3101,2354934.10,258752.40691000,0
2026-02-10 01:00:00,0.1097,0.1131,0.1097,0.1123,4598951.8,2026-02-10 01:59:59.999,514000.25039000,3319,2327056.00,260082.22926000,0
2026-02-10 02:00:00,0.1123,0.1133,0.1115,0.1115,4791136.2,2026-02-10 02:59:59.999,537881.57144000,3326,2501272.20,280868.06804000,0
2026-02-10 03:00:00,0.1115,0.1119,0.1092,0.11,5840216.8,2026-02-10 03:59:59.999,643006.78170000,3703,2723729.70,299978.16916000,0
2026-02-10 04:00:00,0.1099,0.11,0.1088,0.1094,4018783.9,2026-02-10 04:59:59.999,440073.32872000,2810,1758778.40,192617.10787000,0
2026-02-10 05:00:00,0.1095,0.1097,0.1073,0.1077,7732879.9,2026-02-10 05:59:59.999,836021.42614000,3128,2197558.10,238051.09258000,0
2026-02-10 06:00:00,0.1077,0.1084,0.1065,0.1073,5600573.9,2026-02-10 06:59:59.999,601756.54923000,3818,2280637.80,245109.32785000,0
2026-02-10 07:00:00,0.1073,0.1074,0.1054,0.1057,17966234.7,2026-02-10 07:59:59.999,1908034.27478000,7652,10551792.00,1120081.73551000,0
2026-02-10 08:00:00,0.1058,0.1073,0.1056,0.1068,4799296.7,2026-02-10 08:59:59.999,510878.70437000,3771,2253834.40,239997.61170000,0
2026-02-10 09:00:00,0.1069,0.1076,0.106,0.1066,4102616.1,2026-02-10 09:59:59.999,438127.00563000,2423,2118712.00,226312.18301000,0
2026-02-10 10:00:00,0.1067,0.1074,0.1061,0.1071,5358120.1,2026-02-10 10:59:59.999,571651.41641000,3135,2705896.70,288729.94444000,0
2026-02-10 11:00:00,0.1071,0.1092,0.1071,0.1077,8288530.1,2026-02-10 11:59:59.999,896931.62481000,4696,4089982.70,442558.31740000,0
2026-02-10 12:00:00,0.1077,0.1081,0.107,0.1074,2573648.0,2026-02-10 12:59:59.999,277015.39390000,1931,1283490.60,138130.04866000,0
2026-02-10 13:00:00,0.1074,0.1082,0.107,0.1075,2056374.4,2026-02-10 13:59:59.999,221011.88313000,1530,919015.60,98781.83596000,0
2026-02-10 14:00:00,0.1076,0.1098,0.107,0.1078,7660298.8,2026-02-10 14:59:59.999,827488.94107000,5087,3776853.20,408036.33635000,0
2026-02-10 15:00:00,0.1078,0.1095,0.1072,0.1086,6389917.4,2026-02-10 15:59:59.999,693246.63093000,4535,3389545.50,367626.24379000,0
2026-02-10 16:00:00,0.1086,0.11,0.1076,0.108,3208891.1,2026-02-10 16:59:59.999,348900.64847000,2626,1374186.50,149463.78548000,0
2026-02-10 17:00:00,0.108,0.1092,0.1073,0.1092,3070802.2,2026-02-10 17:59:59.999,332236.76679000,2198,1653917.40,179034.50959000,0
2026-02-10 18:00:00,0.1092,0.1096,0.1065,0.1075,5593903.1,2026-02-10 18:59:59.999,603135.36638000,3538,2673921.20,288587.78489000,0
2026-02-10 19:00:00,0.1075,0.108,0.1071,0.1074,2012090.2,2026-02-10 19:59:59.999,216434.28202000,1543,894541.60,96241.53077000,0
2026-02-10 20:00:00,0.1073,0.1075,0.1064,0.1068,1169704.4,2026-02-10 20:59:59.999,124982.87831000,1035,585818.20,62592.98429000,0
2026-02-10 21:00:00,0.1067,0.1078,0.1061,0.1068,1836118.8,2026-02-10 21:59:59.999,196782.22262000,1698,947008.30,101504.61425000,0
2026-02-10 22:00:00,0.1068,0.1084,0.1066,0.1072,2139085.2,2026-02-10 22:59:59.999,229633.86079000,1554,822859.70,88293.00171000,0
2026-02-10 23:00:00,0.1072,0.1075,0.1066,0.1071,729798.2,2026-02-10 23:59:59.999,78135.64318000,659,296887.30,31793.47139000,0
2026-02-11 00:00:00,0.1071,0.1081,0.1069,0.107,3548733.4,2026-02-11 00:59:59.999,381463.91083000,2088,1606568.50,172727.99216000,0
2026-02-11 01:00:00,0.107,0.1079,0.1068,0.1074,1807384.0,2026-02-11 01:59:59.999,193957.27141000,1060,805852.20,86450.44112000,0
2026-02-11 02:00:00,0.1075,0.1091,0.1072,0.1073,4172167.5,2026-02-11 02:59:59.999,451540.49245000,2191,1929745.50,208915.83334000,0
2026-02-11 03:00:00,0.1073,0.108,0.1065,0.1067,3278777.8,2026-02-11 03:59:59.999,351065.33536000,1848,1924451.30,205946.34311000,0
2026-02-11 04:00:00,0.1067,0.1071,0.1054,0.1057,5763777.9,2026-02-11 04:59:59.999,612251.84191000,3266,2831212.10,300571.10134000,0
2026-02-11 05:00:00,0.1057,0.1065,0.1031,0.1039,6857929.4,2026-02-11 05:59:59.999,717486.95502000,3864,2872031.50,300607.37393000,0
2026-02-11 06:00:00,0.104,0.1046,0.1024,0.1029,4679536.8,2026-02-11 06:59:59.999,484760.20070000,2615,1838302.40,190435.90677000,0
2026-02-11 07:00:00,0.103,0.1032,0.0986,0.1005,68763386.9,2026-02-11 07:59:59.999,6909477.29773000,20025,35500247.30,3565966.85831000,0
2026-02-11 08:00:00,0.1005,0.1009,0.0999,0.1003,5733176.1,2026-02-11 08:59:59.999,575496.65718000,2679,2822973.70,283434.46930000,0
2026-02-11 09:00:00,0.1003,0.1014,0.1002,0.1005,4343465.4,2026-02-11 09:59:59.999,437192.92853000,1901,2617644.50,263474.68473000,0
2026-02-11 10:00:00,0.1005,0.1007,0.0994,0.1,4030299.5,2026-02-11 10:59:59.999,402849.93430000,1927,1634664.90,163330.21539000,0
2026-02-11 11:00:00,0.1,0.101,0.1,0.1005,3837975.4,2026-02-11 11:59:59.999,385994.23125000,1923,1865317.60,187623.54222000,0
2026-02-11 12:00:00,0.1006,0.1016,0.1002,0.1016,4291976.1,2026-02-11 12:59:59.999,432509.98494000,1997,2546080.30,256656.45818000,0
2026-02-11 13:00:00,0.1015,0.1018,0.1005,0.1017,5602472.2,2026-02-11 13:59:59.999,566871.59193000,2959,2846289.10,288085.20430000,0
2026-02-11 14:00:00,0.1017,0.1034,0.1002,0.1005,12603233.4,2026-02-11 14:59:59.999,1287415.39758000,7099,7825143.60,800386.44339000,0
2026-02-11 15:00:00,0.1005,0.1011,0.0988,0.1008,11538296.2,2026-02-11 15:59:59.999,1153387.36262000,10168,5975005.10,597594.33694000,0
2026-02-11 16:00:00,0.1007,0.1036,0.1007,0.1015,10186414.4,2026-02-11 16:59:59.999,1042756.09672000,7865,5173463.20,529630.61241000,0
2026-02-11 17:00:00,0.1014,0.1031,0.1005,0.1008,12525055.6,2026-02-11 17:59:59.999,1270364.65435000,5423,6118315.80,620625.32268000,0
2026-02-11 18:00:00,0.1009,0.1033,0.1005,0.1027,5821548.2,2026-02-11 18:59:59.999,592150.45374000,3270,3253218.70,331377.58204000,0
2026-02-11 19:00:00,0.1028,0.1033,0.1022,0.1029,2923377.5,2026-02-11 19:59:59.999,300471.47926000,2168,1421989.10,146110.56466000,0
2026-02-11 20:00:00,0.1028,0.103,0.1021,0.1026,2288660.9,2026-02-11 20:59:59.999,234688.47689000,1800,1100499.70,112856.10053000,0
2026-02-11 21:00:00,0.1027,0.1036,0.1023,0.1028,2151843.8,2026-02-11 21:59:59.999,221502.55223000,1815,1466199.40,150928.48731000,0
2026-02-11 22:00:00,0.1029,0.1035,0.1022,0.1029,2903600.7,2026-02-11 22:59:59.999,298188.89337000,3285,1593443.20,163658.28123000,0
2026-02-11 23:00:00,0.1028,0.1034,0.1022,0.1025,2757088.3,2026-02-11 23:59:59.999,283516.32145000,1909,1281463.70,131768.62261000,0
2026-02-12 00:00:00,0.1024,0.1036,0.102,0.1033,2614557.8,2026-02-12 00:59:59.999,268805.12598000,1601,1182930.30,121548.42220000,0
2026-02-12 01:00:00,0.1034,0.1044,0.1033,0.1034,2766563.2,2026-02-12 01:59:59.999,287424.84203000,1589,1975932.50,205312.67177000,0
2026-02-12 02:00:00,0.1033,0.1047,0.1032,0.1041,2622440.2,2026-02-12 02:59:59.999,272863.28708000,2006,1329177.80,138261.82882000,0
2026-02-12 03:00:00,0.104,0.1042,0.1033,0.1041,3775435.0,2026-02-12 03:59:59.999,392035.51885000,2688,2195300.70,228018.29021000,0
2026-02-12 04:00:00,0.104,0.1053,0.1038,0.1047,3437282.4,2026-02-12 04:59:59.999,359870.04463000,1953,2150016.10,225239.07979000,0
2026-02-12 05:00:00,0.1046,0.1055,0.1042,0.1052,3541005.7,2026-02-12 05:59:59.999,371123.20250000,2123,2009169.60,210579.42441000,0
2026-02-12 06:00:00,0.1052,0.1065,0.1052,0.1059,4697793.6,2026-02-12 06:59:59.999,497753.54919000,2455,2938958.00,311457.72762000,0
2026-02-12 07:00:00,0.1059,0.1062,0.1049,0.1061,2086727.3,2026-02-12 07:59:59.999,220309.99075000,1719,1004764.60,106097.00078000,0
2026-02-12 08:00:00,0.106,0.106,0.1049,0.1054,1615214.4,2026-02-12 08:59:59.999,170173.50341000,1160,837377.30,88214.64272000,0
2026-02-12 09:00:00,0.1054,0.1073,0.1052,0.1071,5859988.5,2026-02-12 09:59:59.999,623709.52341000,3026,3618411.70,385042.25959000,0
2026-02-12 10:00:00,0.1071,0.1079,0.1061,0.1078,3922225.6,2026-02-12 10:59:59.999,419189.21515000,2590,2179611.40,233055.42486000,0
2026-02-12 11:00:00,0.1077,0.1086,0.1072,0.1085,5517577.2,2026-02-12 11:59:59.999,595422.80901000,4391,3307809.80,357065.40133000,0
2026-02-12 12:00:00,0.1084,0.1086,0.107,0.1072,3958540.0,2026-02-12 12:59:59.999,426325.49607000,3127,2310971.30,248852.70588000,0
2026-02-12 13:00:00,0.1073,0.1088,0.1069,0.1085,7554585.9,2026-02-12 13:59:59.999,814849.02026000,4533,5212831.90,562444.95712000,0
2026-02-12 14:00:00,0.1085,0.1103,0.1076,0.1094,11643933.1,2026-02-12 14:59:59.999,1268912.52535000,7583,7935514.80,864682.34754000,0
2026-02-12 15:00:00,0.1094,0.1095,0.1072,0.1073,7546169.8,2026-02-12 15:59:59.999,816320.47892000,6054,4225398.40,457332.07401000,0
2026-02-12 16:00:00,0.1074,0.1075,0.105,0.1056,9768925.7,2026-02-12 16:59:59.999,1036636.17505000,9308,5314896.10,564044.38289000,0
2026-02-12 17:00:00,0.1055,0.1069,0.1049,0.1052,3408828.4,2026-02-12 17:59:59.999,361017.09414000,4260,1705861.20,180740.41618000,0
2026-02-12 18:00:00,0.1051,0.106,0.1049,0.1056,3150825.2,2026-02-12 18:59:59.999,331905.21991000,2732,1686137.70,177701.04656000,0
2026-02-12 19:00:00,0.1056,0.1074,0.1047,0.1064,5335846.1,2026-02-12 19:59:59.999,567946.77352000,4151,3176789.30,338409.50301000,0
2026-02-12 20:00:00,0.1064,0.1072,0.106,0.1063,2564155.4,2026-02-12 20:59:59.999,273141.34196000,2436,1482480.10,157992.70766000,0
2026-02-12 21:00:00,0.1063,0.108,0.1062,0.1069,6366210.1,2026-02-12 21:59:59.999,681611.21550000,4619,3984827.30,426647.04436000,0
2026-02-12 22:00:00,0.1069,0.1074,0.1058,0.1072,2109224.8,2026-02-12 22:59:59.999,225148.84376000,3017,1019337.80,108884.11499000,0
2026-02-12 23:00:00,0.1071,0.1081,0.1065,0.1065,2668873.6,2026-02-12 23:59:59.999,286559.40634000,2683,1244861.80,133801.95244000,0
2026-02-13 00:00:00,0.1066,0.1069,0.1045,0.1049,4229434.3,2026-02-13 00:59:59.999,446833.49517000,2762,2094929.20,221617.59910000,0
2026-02-13 01:00:00,0.1049,0.1058,0.1048,0.105,1362775.3,2026-02-13 01:59:59.999,143425.19211000,1469,705511.20,74218.71342000,0
2026-02-13 02:00:00,0.105,0.1053,0.104,0.1043,2033495.3,2026-02-13 02:59:59.999,212451.94663000,2167,906109.90,94654.71643000,0
2026-02-13 03:00:00,0.1043,0.1045,0.103,0.1039,5018124.7,2026-02-13 03:59:59.999,519903.02976000,3384,2355750.60,244208.05831000,0
2026-02-13 04:00:00,0.1038,0.104,0.1018,0.1024,5037450.6,2026-02-13 04:59:59.999,517536.35075000,3635,2184266.00,224490.49873000,0
2026-02-13 05:00:00,0.1023,0.1034,0.1018,0.1021,5652773.2,2026-02-13 05:59:59.999,579729.22490000,3278,2844976.60,291861.61998000,0
2026-02-13 06:00:00,0.1021,0.1031,0.1021,0.1029,4619594.7,2026-02-13 06:59:59.999,473279.37985000,2817,2087663.60,214007.81436000,0
2026-02-13 07:00:00,0.1029,0.1034,0.1015,0.1015,5649487.1,2026-02-13 07:59:59.999,580612.33696000,2700,2469331.80,253970.48873000,0
2026-02-13 08:00:00,0.1015,0.1023,0.0996,0.102,65878223.0,2026-02-13 08:59:59.999,6638762.20134000,35027,30552804.20,3080725.31431000,0
2026-02-13 09:00:00,0.102,0.1026,0.1013,0.1023,18760616.1,2026-02-13 09:59:59.999,1912070.09625000,7163,5275132.60,537989.65860000,0
2026-02-13 10:00:00,0.1023,0.1042,0.1022,0.1038,13653725.1,2026-02-13 10:59:59.999,1409791.49324000,5526,5380851.70,555956.62780000,0
2026-02-13 11:00:00,0.1037,0.1039,0.1017,0.1021,16248382.5,2026-02-13 11:59:59.999,1671098.11341000,6085,6176642.80,634665.98702000,0
2026-02-13 12:00:00,0.1021,0.1021,0.101,0.1015,11199519.5,2026-02-13 12:59:59.999,1136342.43633000,5067,4361598.20,442658.55526000,0
2026-02-13 13:00:00,0.1015,0.1029,0.101,0.1021,12184765.1,2026-02-13 13:59:59.999,1242605.32264000,4651,5397707.60,550368.79164000,0
2026-02-13 14:00:00,0.1021,0.1039,0.1016,0.103,18006990.3,2026-02-13 14:59:59.999,1851853.75501000,8078,10299068.90,1059404.04543000,0
2026-02-13 15:00:00,0.1031,0.1054,0.1027,0.105,12325751.9,2026-02-13 15:59:59.999,1284075.35781000,6799,6133993.00,638776.92351000,0
2026-02-13 16:00:00,0.105,0.1073,0.1047,0.1063,12019818.6,2026-02-13 16:59:59.999,1279425.26415000,5869,5963732.00,634842.89354000,0
2026-02-13 17:00:00,0.1063,0.1075,0.1051,0.1063,9090700.0,2026-02-13 17:59:59.999,965155.02606000,4440,4318651.80,459038.61901000,0
2026-02-13 18:00:00,0.1064,0.1069,0.1053,0.1054,8701949.9,2026-02-13 18:59:59.999,922126.07569000,4162,3465687.40,367421.92155000,0
2026-02-13 19:00:00,0.1054,0.1067,0.1054,0.1061,9176871.2,2026-02-13 19:59:59.999,973214.15081000,3982,5633751.90,597461.92643000,0
2026-02-13 20:00:00,0.106,0.106,0.1045,0.1049,6379927.6,2026-02-13 20:59:59.999,672051.60130000,2718,2217345.80,233519.81449000,0
2026-02-13 21:00:00,0.1049,0.1058,0.1046,0.1049,5265121.1,2026-02-13 21:59:59.999,554070.79662000,2705,2480789.00,261207.85082000,0
2026-02-13 22:00:00,0.1049,0.105,0.1043,0.1045,4937389.4,2026-02-13 22:59:59.999,516340.86155000,2361,2786911.30,291448.75754000,0
2026-02-13 23:00:00,0.1046,0.1047,0.1038,0.1043,6835901.1,2026-02-13 23:59:59.999,712359.72455000,3047,3062966.50,319278.49777000,0
2026-02-14 00:00:00,0.1043,0.1057,0.1032,0.1049,15942035.6,2026-02-14 00:59:59.999,1665874.08515000,4931,7599543.30,792428.09619000,0
2026-02-14 01:00:00,0.1049,0.1051,0.1043,0.1044,5007285.3,2026-02-14 01:59:59.999,524538.58466000,2351,2174220.20,227822.64264000,0
2026-02-14 02:00:00,0.1044,0.1046,0.1039,0.1042,4209281.0,2026-02-14 02:59:59.999,438891.87577000,2404,2424086.70,252784.29948000,0
2026-02-14 03:00:00,0.1042,0.1048,0.1037,0.1045,5310337.8,2026-02-14 03:59:59.999,553702.03990000,2882,2633279.90,274626.74389000,0
2026-02-14 04:00:00,0.1045,0.105,0.1032,0.1034,5664845.3,2026-02-14 04:59:59.999,589470.21686000,2527,2672591.70,278017.69847000,0
2026-02-14 05:00:00,0.1034,0.1037,0.1025,0.1033,6815339.8,2026-02-14 05:59:59.999,702933.16660000,3205,3216905.90,331890.19968000,0
2026-02-14 06:00:00,0.1033,0.1036,0.1028,0.1032,4054016.2,2026-02-14 06:59:59.999,418000.39201000,2418,1982983.20,204516.16161000,0
2026-02-14 07:00:00,0.1031,0.1041,0.1031,0.1036,4198708.8,2026-02-14 07:59:59.999,434625.04538000,2096,2013161.10,208440.47930000,0
2026-02-14 08:00:00,0.1036,0.1043,0.1035,0.1042,6857121.1,2026-02-14 08:59:59.999,712706.45624000,3028,2872237.50,298640.84795000,0
2026-02-14 09:00:00,0.1042,0.1049,0.1041,0.1045,5647427.4,2026-02-14 09:59:59.999,590150.02441000,2328,2673380.70,279486.66728000,0
2026-02-14 10:00:00,0.1044,0.1044,0.1036,0.1041,4465456.4,2026-02-14 10:59:59.999,463918.37151000,2282,1770816.00,183994.64406000,0
2026-02-14 11:00:00,0.1042,0.1063,0.1041,0.1063,7654286.6,2026-02-14 11:59:59.999,806322.67722000,3352,3943269.00,415627.71358000,0
2026-02-14 12:00:00,0.1063,0.1063,0.1044,0.1047,9934880.0,2026-02-14 12:59:59.999,1045874.23957000,4052,4402541.20,463228.96256000,0
2026-02-14 13:00:00,0.1047,0.105,0.1039,0.1044,6241760.7,2026-02-14 13:59:59.999,651788.23343000,3307,2627744.50,274462.76505000,0
2026-02-14 14:00:00,0.1044,0.1056,0.1042,0.1054,5791747.0,2026-02-14 14:59:59.999,607326.73078000,3088,2800459.50,293730.27950000,0
2026-02-14 15:00:00,0.1054,0.1059,0.1052,0.1054,5851515.5,2026-02-14 15:59:59.999,617307.23934000,2924,3033573.50,320012.14579000,0
2026-02-14 16:00:00,0.1053,0.1096,0.1053,0.109,11810288.2,2026-02-14 16:59:59.999,1265413.59756000,5037,6940245.70,744323.03207000,0
2026-02-14 17:00:00,0.1091,0.1098,0.1081,0.1083,9268292.2,2026-02-14 17:59:59.999,1008480.30382000,5692,4224230.10,459706.82043000,0
2026-02-14 18:00:00,0.1082,0.1092,0.1079,0.1091,5410426.1,2026-02-14 18:59:59.999,587881.07521000,3531,2655765.30,288844.17773000,0
2026-02-14 19:00:00,0.1092,0.1105,0.1089,0.1102,6782917.9,2026-02-14 19:59:59.999,743832.12444000,3529,3192545.40,350349.02026000,0
2026-02-14 20:00:00,0.1103,0.1113,0.107,0.1076,15549232.6,2026-02-14 20:59:59.999,1688551.38262000,6451,7067881.90,769083.80304000,0
2026-02-14 21:00:00,0.1077,0.1084,0.1063,0.1073,6739951.6,2026-02-14 21:59:59.999,722323.80540000,3293,1889885.30,202760.41483000,0
2026-02-14 22:00:00,0.1073,0.1082,0.1071,0.1076,3910761.3,2026-02-14 22:59:59.999,420885.54449000,2509,1802285.80,194017.26570000,0
2026-02-14 23:00:00,0.1075,0.108,0.1065,0.1075,5602884.1,2026-02-14 23:59:59.999,600746.30764000,2869,2650874.90,284319.71402000,0
2026-02-15 00:00:00,0.1075,0.1089,0.1068,0.1076,6821375.0,2026-02-15 00:59:59.999,734441.23898000,3522,3208461.60,345687.06422000,0
2026-02-15 01:00:00,0.1076,0.1087,0.1062,0.1074,7635454.0,2026-02-15 01:59:59.999,817680.20660000,4262,3291721.50,352732.33878000,0
2026-02-15 02:00:00,0.1075,0.108,0.1064,0.1072,6901388.9,2026-02-15 02:59:59.999,740027.02139000,3699,3169587.90,339922.28037000,0
2026-02-15 03:00:00,0.1071,0.1076,0.1054,0.1072,7535218.0,2026-02-15 03:59:59.999,802725.47376000,5073,3578966.90,381325.29780000,0
2026-02-15 04:00:00,0.1072,0.1089,0.1066,0.1073,10246939.7,2026-02-15 04:59:59.999,1104079.22259000,4989,5806484.00,625773.53847000,0
2026-02-15 05:00:00,0.1074,0.1082,0.1073,0.1078,5306852.1,2026-02-15 05:59:59.999,572641.98879000,2477,2362379.10,255004.42232000,0
2026-02-15 06:00:00,0.1078,0.1087,0.1077,0.1086,9554005.7,2026-02-15 06:59:59.999,1034251.98188000,3244,6628587.60,717537.98813000,0
2026-02-15 07:00:00,0.1086,0.1095,0.1083,0.1088,5989089.9,2026-02-15 07:59:59.999,652082.99396000,2680,2436933.50,265323.57161000,0
2026-02-15 08:00:00,0.1087,0.1091,0.106,0.1066,15031663.6,2026-02-15 08:59:59.999,1612781.22156000,5256,5983688.70,640136.06417000,0
2026-02-15 09:00:00,0.1066,0.1074,0.1063,0.1071,4247847.0,2026-02-15 09:59:59.999,453970.46017000,2352,1987802.90,212502.05403000,0
2026-02-15 10:00:00,0.1071,0.1073,0.1054,0.1062,9375110.4,2026-02-15 10:59:59.999,994978.39722000,3311,4686699.00,497548.78306000,0
2026-02-15 11:00:00,0.1063,0.1067,0.1055,0.1058,5246141.8,2026-02-15 11:59:59.999,555820.43123000,2262,2499298.30,264783.70156000,0
2026-02-15 12:00:00,0.1058,0.1061,0.1025,0.1027,14703315.3,2026-02-15 12:59:59.999,1534096.61726000,5805,6525372.50,681113.63070000,0
2026-02-15 13:00:00,0.1027,0.1037,0.1017,0.1019,12437356.9,2026-02-15 13:59:59.999,1277791.10777000,5728,5557566.50,571083.98586000,0
2026-02-15 14:00:00,0.102,0.1032,0.1018,0.1029,5585108.4,2026-02-15 14:59:59.999,572779.41266000,2665,2705537.60,277549.57877000,0
2026-02-15 15:00:00,0.1029,0.1031,0.102,0.1026,5062361.2,2026-02-15 15:59:59.999,519010.88754000,2456,2354544.70,241556.35284000,0
2026-02-15 16:00:00,0.1026,0.1026,0.1018,0.1021,4700023.7,2026-02-15 16:59:59.999,480250.42415000,2329,2198447.20,224649.78097000,0
2026-02-15 17:00:00,0.1021,0.1023,0.0995,0.1,14693691.5,2026-02-15 17:59:59.999,1478069.55334000,7514,5453344.10,548779.83857000,0
2026-02-15 18:00:00,0.1,0.1004,0.0993,0.1,9606127.8,2026-02-15 18:59:59.999,959582.16764000,7040,4621156.40,461615.66526000,0
2026-02-15 19:00:00,0.1,0.1059,0.0995,0.1005,56769450.1,2026-02-15 19:59:59.999,5824760.63810000,22436,34140029.40,3505286.82055000,0
2026-02-15 20:00:00,0.1005,0.1006,0.0999,0.1004,6661061.9,2026-02-15 20:59:59.999,667990.06255000,2557,3149006.30,315829.95877000,0
2026-02-15 21:00:00,0.1004,0.1016,0.1003,0.1014,4790343.9,2026-02-15 21:59:59.999,483555.44803000,2179,2450360.10,247349.58545000,0
2026-02-15 22:00:00,0.1015,0.1018,0.1011,0.1012,3465961.3,2026-02-15 22:59:59.999,351628.29555000,1614,1613277.60,163671.46128000,0
2026-02-15 23:00:00,0.1011,0.1014,0.1002,0.1014,4544280.2,2026-02-15 23:59:59.999,457851.68190000,2223,2046758.60,206305.57693000,0
2026-02-16 00:00:00,0.1013,0.1019,0.1005,0.1009,5006126.0,2026-02-16 00:59:59.999,506374.59030000,2360,2160264.30,218562.14997000,0
2026-02-16 01:00:00,0.1009,0.1014,0.1001,0.101,5403489.0,2026-02-16 01:59:59.999,544184.84172000,2254,2320926.90,233850.83887000,0
2026-02-16 02:00:00,0.101,0.1021,0.1009,0.1013,4219155.3,2026-02-16 02:59:59.999,427371.09878000,2096,1836271.40,185953.69580000,0
2026-02-16 03:00:00,0.1013,0.1016,0.101,0.1014,3570918.9,2026-02-16 03:59:59.999,361630.51598000,1885,1768398.70,179102.40811000,0
2026-02-16 04:00:00,0.1014,0.1026,0.1013,0.102,4502503.8,2026-02-16 04:59:59.999,459115.36262000,2154,2158405.60,220078.04699000,0
2026-02-16 05:00:00,0.1021,0.1023,0.1005,0.1008,5777803.1,2026-02-16 05:59:59.999,585871.48476000,3084,2664231.20,270308.18340000,0
2026-02-16 06:00:00,0.1008,0.1018,0.1008,0.1012,3742249.1,2026-02-16 06:59:59.999,379203.01663000,2540,1617168.70,163848.27962000,0
2026-02-16 07:00:00,0.1012,0.1013,0.0999,0.1002,5060971.2,2026-02-16 07:59:59.999,508408.25935000,2238,1873453.40,188430.01304000,0
2026-02-16 08:00:00,0.1002,0.101,0.1002,0.1007,2322605.7,2026-02-16 08:59:59.999,233661.46158000,1416,904120.10,90997.07995000,0
2026-02-16 09:00:00,0.1008,0.1019,0.1006,0.1014,3962198.6,2026-02-16 09:59:59.999,400740.84069000,2529,1760379.10,178071.67098000,0
2026-02-16 10:00:00,0.1014,0.1019,0.1008,0.1012,4320129.4,2026-02-16 10:59:59.999,437637.34510000,2208,2106870.60,213398.02348000,0
2026-02-16 11:00:00,0.1012,0.1024,0.1005,0.1021,4423277.1,2026-02-16 11:59:59.999,448601.16835000,3058,2299621.70,233177.60785000,0
2026-02-16 12:00:00,0.102,0.1038,0.1008,0.1038,8781622.4,2026-02-16 12:59:59.999,897653.27996000,3993,3845881.30,393368.33150000,0
2026-02-16 13:00:00,0.1038,0.1041,0.1012,0.1015,18126054.9,2026-02-16 13:59:59.999,1857564.05477000,5815,8126106.10,832882.89338000,0
2026-02-16 14:00:00,0.1015,0.1032,0.1012,0.1017,7242183.2,2026-02-16 14:59:59.999,738615.11761000,3109,3131664.80,319473.12171000,0
2026-02-16 15:00:00,0.1017,0.1027,0.0981,0.0999,22303526.2,2026-02-16 15:59:59.999,2236221.77535000,9204,10764465.20,1080218.82797000,0
2026-02-16 16:00:00,0.0999,0.1014,0.0999,0.1004,8720811.3,2026-02-16 16:59:59.999,876209.20688000,3995,4392760.10,441211.27512000,0
2026-02-16 17:00:00,0.1004,0.1007,0.0998,0.1003,6298949.2,2026-02-16 17:59:59.999,631457.87660000,2919,3447876.50,345711.37982000,0
2026-02-16 18:00:00,0.1003,0.1008,0.0998,0.1004,4188922.9,2026-02-16 18:59:59.999,420246.30228000,2073,2137987.10,214497.24428000,0
2026-02-16 19:00:00,0.1004,0.1009,0.1004,0.1005,4401245.7,2026-02-16 19:59:59.999,442816.91527000,1697,2013336.00,202605.32426000,0
2026-02-16 20:00:00,0.1005,0.1012,0.0998,0.1011,6034994.7,2026-02-16 20:59:59.999,605283.20684000,2523,3033243.10,304353.60999000,0
2026-02-16 21:00:00,0.1011,0.1015,0.1005,0.1013,4713192.3,2026-02-16 21:59:59.999,475670.72233000,1668,1993658.60,201319.41315000,0
2026-02-16 22:00:00,0.1013,0.1015,0.1006,0.1007,4096285.6,2026-02-16 22:59:59.999,413814.41096000,1576,1921598.80,194176.43330000,0
2026-02-16 23:00:00,0.1007,0.1009,0.1004,0.1006,3299225.9,2026-02-16 23:59:59.999,332012.84395000,1679,1508381.10,151808.17703000,0
2026-02-17 00:00:00,0.1007,0.101,0.1,0.1004,4981825.9,2026-02-17 00:59:59.999,500720.86426000,2379,2566854.70,257967.93962000,0
2026-02-17 01:00:00,0.1005,0.1013,0.1001,0.1011,5312525.9,2026-02-17 01:59:59.999,535069.66508000,2239,2789855.60,280932.07739000,0
2026-02-17 02:00:00,0.1011,0.102,0.1008,0.1013,3706561.3,2026-02-17 02:59:59.999,375676.89953000,2099,1452695.60,147258.88328000,0
2026-02-17 03:00:00,0.1013,0.1013,0.0993,0.1003,23398182.1,2026-02-17 03:59:59.999,2346231.72983000,6926,9933737.90,995466.38919000,0
2026-02-17 04:00:00,0.1003,0.1012,0.0996,0.1004,9528624.2,2026-02-17 04:59:59.999,955767.51855000,3609,4883879.40,490020.55726000,0
2026-02-17 05:00:00,0.1004,0.1006,0.099,0.1,7073877.5,2026-02-17 05:59:59.999,705441.98572000,2739,3088819.80,308253.02769000,0
2026-02-17 06:00:00,0.1001,0.1007,0.1,0.1004,3134877.2,2026-02-17 06:59:59.999,314612.52147000,1195,1406973.80,141211.56115000,0
2026-02-17 07:00:00,0.1003,0.1008,0.0994,0.0995,4699521.6,2026-02-17 07:59:59.999,470658.37396000,1897,1646077.20,164904.43095000,0
2026-02-17 08:00:00,0.0994,0.1002,0.0991,0.0995,10286759.0,2026-02-17 08:59:59.999,1024470.09093000,2989,5163200.00,514299.96589000,0
2026-02-17 09:00:00,0.0996,0.1,0.0993,0.0999,6601063.9,2026-02-17 09:59:59.999,657483.44573000,1870,4190317.20,417226.36777000,0
2026-02-17 10:00:00,0.0999,0.1002,0.0992,0.0995,2283361.1,2026-02-17 10:59:59.999,227442.12424000,1302,1224424.00,122006.91887000,0
2026-02-17 11:00:00,0.0996,0.1003,0.099,0.0999,7648675.0,2026-02-17 11:59:59.999,762440.20432000,2277,3985225.70,397593.53808000,0
2026-02-17 12:00:00,0.0999,0.1011,0.0996,0.1002,7062296.5,2026-02-17 12:59:59.999,708371.45433000,2917,4132224.80,414544.77661000,0
2026-02-17 13:00:00,0.1002,0.1018,0.0999,0.1011,8935518.8,2026-02-17 13:59:59.999,899837.20070000,3403,5201285.50,523735.81631000,0
2026-02-17 14:00:00,0.101,0.1018,0.1,0.1005,10160857.0,2026-02-17 14:59:59.999,1024919.21400000,4840,4726981.40,476633.86808000,0
2026-02-17 15:00:00,0.1005,0.1018,0.1002,0.1017,9698830.4,2026-02-17 15:59:59.999,977966.07614000,3853,6041924.60,609255.07919000,0
2026-02-17 16:00:00,0.1018,0.1028,0.1012,0.1025,10111042.9,2026-02-17 16:59:59.999,1032827.82390000,4040,5267997.40,538285.36085000,0
2026-02-17 17:00:00,0.1025,0.1072,0.1021,0.1051,40926096.6,2026-02-17 17:59:59.999,4279147.57599000,13202,22423251.50,2343419.72724000,0
2026-02-17 18:00:00,0.105,0.1058,0.1042,0.1053,11398609.9,2026-02-17 18:59:59.999,1197289.68978000,4202,6765619.60,710526.01964000,0
2026-02-17 19:00:00,0.1052,0.1064,0.1043,0.1047,8731226.2,2026-02-17 19:59:59.999,918406.45360000,3418,4405225.60,463200.51684000,0
2026-02-17 20:00:00,0.1048,0.1057,0.1038,0.1054,6358796.5,2026-02-17 20:59:59.999,665804.35518000,3143,3713993.90,388978.64934000,0
2026-02-17 21:00:00,0.1054,0.108,0.1054,0.1072,13254728.7,2026-02-17 21:59:59.999,1416959.34464000,6532,8087189.40,864539.40071000,0
2026-02-17 22:00:00,0.1072,0.1086,0.1066,0.1074,6167143.8,2026-02-17 22:59:59.999,664390.85941000,4334,2910640.30,313460.56034000,0
2026-02-17 23:00:00,0.1074,0.1084,0.1069,0.1082,11422974.4,2026-02-17 23:59:59.999,1231393.62881000,4466,3859033.90,415937.03331000,0
2026-02-18 00:00:00,0.1083,0.1088,0.1069,0.107,9170048.3,2026-02-18 00:59:59.999,990581.89300000,4265,4232741.20,457481.36728000,0
2026-02-18 01:00:00,0.107,0.1078,0.106,0.1071,7478112.5,2026-02-18 01:59:59.999,798743.91620000,4399,3929284.20,419774.58124000,0
2026-02-18 02:00:00,0.1071,0.1113,0.1069,0.111,15345175.2,2026-02-18 02:59:59.999,1681315.91059000,7217,7628599.40,836494.40796000,0
2026-02-18 03:00:00,0.111,0.1162,0.111,0.1153,51394657.2,2026-02-18 03:59:59.999,5863163.45347000,20398,26828454.90,3061689.75631000,0
2026-02-18 04:00:00,0.1154,0.1156,0.1119,0.1127,28182307.8,2026-02-18 04:59:59.999,3188621.24193000,12361,12483426.70,1413661.81113000,0
2026-02-18 05:00:00,0.1127,0.1193,0.1122,0.1183,41711539.3,2026-02-18 05:59:59.999,4824271.45854000,21631,21552546.00,2494410.29717000,0
2026-02-18 06:00:00,0.1183,0.1184,0.1156,0.1164,17432194.3,2026-02-18 06:59:59.999,2040847.50758000,12342,8074820.10,945581.92337000,0
2026-02-18 07:00:00,0.1164,0.1178,0.1152,0.1165,14372083.4,2026-02-18 07:59:59.999,1673260.92231000,7225,6112249.20,711537.43926000,0
2026-02-18 08:00:00,0.1165,0.1181,0.1147,0.115,12017827.0,2026-02-18 08:59:59.999,1400963.08498000,9290,5429960.20,633442.12581000,0
2026-02-18 09:00:00,0.1151,0.1153,0.113,0.1146,11215481.3,2026-02-18 09:59:59.999,1281851.99097000,6869,4766347.80,545058.55249000,0
2026-02-18 10:00:00,0.1146,0.1191,0.1146,0.117,21893345.2,2026-02-18 10:59:59.999,2574543.62450000,16781,10818590.40,1271807.46729000,0
2026-02-18 11:00:00,0.117,0.1186,0.1157,0.1177,15346228.2,2026-02-18 11:59:59.999,1799786.91235000,9963,7371003.00,864776.36527000,0
2026-02-18 12:00:00,0.1177,0.1255,0.1175,0.1227,75485861.4,2026-02-18 12:59:59.999,9259873.35861000,43891,39377421.80,4827292.19589000,0
2026-02-18 13:00:00,0.1226,0.1243,0.1216,0.1237,26874993.4,2026-02-18 13:59:59.999,3309123.69165000,14193,14077341.60,1733831.59215000,0
2026-02-18 14:00:00,0.1237,0.1292,0.1234,0.1278,42394065.8,2026-02-18 14:59:59.999,5397523.23568000,28687,24935025.00,3175724.75676000,0
2026-02-18 15:00:00,0.1279,0.1294,0.1213,0.1244,142723551.5,2026-02-18 15:59:59.999,17794339.57804000,58687,70860177.20,8818975.39599000,0
2026-02-18 16:00:00,0.1244,0.1264,0.1218,0.123,74011783.5,2026-02-18 16:59:59.999,9126529.47225000,30758,46257026.50,5701606.57706000,0
2026-02-18 17:00:00,0.123,0.124,0.1211,0.1218,22785968.8,2026-02-18 17:59:59.999,2787544.64802000,12371,12001253.40,1468345.12252000,0
2026-02-18 18:00:00,0.1218,0.123,0.1209,0.1217,21381337.0,2026-02-18 18:59:59.999,2607040.54170000,12047,9339086.60,1139073.71427000,0
2026-02-18 19:00:00,0.1217,0.1225,0.1202,0.1208,21572422.4,2026-02-18 19:59:59.999,2611466.29653000,12783,8432356.30,1021377.02619000,0
2026-02-18 20:00:00,0.1208,0.1216,0.1202,0.1202,10058324.9,2026-02-18 20:59:59.999,1215624.44603000,5881,4008926.00,484777.33515000,0
2026-02-18 21:00:00,0.1202,0.1213,0.1196,0.1211,8414926.8,2026-02-18 21:59:59.999,1014080.27436000,5373,3782104.10,455942.33207000,0
2026-02-18 22:00:00,0.121,0.1216,0.1156,0.1172,30166414.1,2026-02-18 22:59:59.999,3573452.33190000,16557,13309388.40,1577882.82903000,0
2026-02-18 23:00:00,0.1172,0.1181,0.1156,0.1168,16846789.5,2026-02-18 23:59:59.999,1965065.48848000,7962,7142021.40,833027.85387000,0
2026-02-19 00:00:00,0.1169,0.1222,0.116,0.1188,36665409.5,2026-02-19 00:59:59.999,4393065.27665000,18721,19039421.80,2281610.74489000,0
2026-02-19 01:00:00,0.1188,0.1198,0.1174,0.1178,13907077.1,2026-02-19 01:59:59.999,1648649.78071000,8488,6744734.80,799765.76492000,0
2026-02-19 02:00:00,0.1178,0.1198,0.1177,0.1193,6226261.8,2026-02-19 02:59:59.999,740639.95094000,5386,3571525.80,425002.49498000,0
2026-02-19 03:00:00,0.1193,0.1193,0.117,0.1181,11564767.3,2026-02-19 03:59:59.999,1362138.41090000,5559,5458422.40,643237.82212000,0
2026-02-19 04:00:00,0.1181,0.1187,0.1167,0.1171,5083737.5,2026-02-19 04:59:59.999,598716.18635000,2952,1989161.30,234575.56035000,0
2026-02-19 05:00:00,0.1171,0.1178,0.1162,0.117,5026589.1,2026-02-19 05:59:59.999,588039.25858000,3222,2253243.50,263675.59480000,0
2026-02-19 06:00:00,0.117,0.1182,0.1168,0.1171,3404510.7,2026-02-19 06:59:59.999,400006.18856000,2503,1964242.00,230760.33782000,0
2026-02-19 07:00:00,0.117,0.1173,0.116,0.1162,2877180.2,2026-02-19 07:59:59.999,335421.56875000,2551,1246349.60,145341.87994000,0
2026-02-19 08:00:00,0.1162,0.1171,0.116,0.1161,5025532.2,2026-02-19 08:59:59.999,584179.25255000,2666,1837585.70,213791.81841000,0
2026-02-19 09:00:00,0.116,0.1169,0.116,0.1163,3581656.4,2026-02-19 09:59:59.999,416300.23886000,1929,1032900.50,120217.16987000,0
2026-02-19 10:00:00,0.1162,0.1177,0.1161,0.1173,2802782.1,2026-02-19 10:59:59.999,327811.21078000,2129,1436314.90,168001.49115000,0
2026-02-19 11:00:00,0.1172,0.1195,0.1166,0.117,7339176.4,2026-02-19 11:59:59.999,865321.52771000,4372,3979458.00,469541.63832000,0
2026-02-19 12:00:00,0.117,0.1175,0.116,0.1165,5492734.6,2026-02-19 12:59:59.999,639982.28868000,3161,3085331.60,359644.92499000,0
2026-02-19 13:00:00,0.1165,0.1166,0.116,0.116,5486934.7,2026-02-19 13:59:59.999,637179.90428000,2115,1545332.80,179541.27019000,0
2026-02-19 14:00:00,0.116,0.1171,0.116,0.116,16666006.8,2026-02-19 14:59:59.999,1934710.89897000,5458,3443810.30,400390.44601000,0
2026-02-19 15:00:00,0.116,0.1171,0.116,0.1162,6468362.5,2026-02-19 15:59:59.999,752339.07497000,3968,3148492.90,366415.60165000,0
2026-02-19 16:00:00,0.1162,0.1175,0.116,0.1171,6099397.8,2026-02-19 16:59:59.999,712877.34449000,2965,3232523.30,377892.27272000,0
2026-02-19 17:00:00,0.1172,0.1185,0.1161,0.1164,9240924.3,2026-02-19 17:59:59.999,1082065.50337000,4276,4708758.60,551534.10006000,0
2026-02-19 18:00:00,0.1165,0.1173,0.1163,0.1169,3429997.1,2026-02-19 18:59:59.999,400362.51162000,2239,1730605.10,202007.52652000,0
2026-02-19 19:00:00,0.1169,0.1172,0.1165,0.1167,2130113.4,2026-02-19 19:59:59.999,248915.90626000,1210,1096955.20,128171.18956000,0
2026-02-19 20:00:00,0.1168,0.1177,0.1162,0.1171,3541407.1,2026-02-19 20:59:59.999,413866.97299000,2283,1816582.30,212336.70217000,0
2026-02-19 21:00:00,0.117,0.117,0.1162,0.1164,2422713.4,2026-02-19 21:59:59.999,282414.12630000,1430,1374067.90,160184.73364000,0
2026-02-19 22:00:00,0.1164,0.1165,0.1161,0.1162,1954809.1,2026-02-19 22:59:59.999,227400.79349000,1166,1257931.00,146359.68547000,0
2026-02-19 23:00:00,0.1162,0.1164,0.116,0.1161,3288461.9,2026-02-19 23:59:59.999,382017.90214000,1746,1183988.60,137567.50539000,0
2026-02-20 00:00:00,0.1161,0.1171,0.116,0.1168,3924459.3,2026-02-20 00:59:59.999,457850.17554000,2390,2123511.50,247775.46697000,0
2026-02-20 01:00:00,0.1169,0.117,0.116,0.1163,7237138.6,2026-02-20 01:59:59.999,840801.37530000,2124,1433565.40,166845.93973000,0
2026-02-20 02:00:00,0.1164,0.1166,0.116,0.116,2507634.2,2026-02-20 02:59:59.999,291451.14103000,1318,1079538.10,125478.03137000,0
2026-02-20 03:00:00,0.1161,0.1169,0.1161,0.1166,2791546.9,2026-02-20 03:59:59.999,325392.77414000,1310,1266382.70,147635.76121000,0
2026-02-20 04:00:00,0.1166,0.1169,0.1161,0.1164,1893295.0,2026-02-20 04:59:59.999,220619.40110000,1021,1000889.80,116639.80326000,0
2026-02-20 05:00:00,0.1165,0.117,0.116,0.1167,2894310.1,2026-02-20 05:59:59.999,337346.17067000,1306,1135295.00,132308.46971000,0
2026-02-20 06:00:00,0.1168,0.117,0.1164,0.1164,2120507.3,2026-02-20 06:59:59.999,247534.76937000,1013,1135749.60,132603.59897000,0
2026-02-20 07:00:00,0.1164,0.1169,0.1159,0.1168,37932984.7,2026-02-20 07:59:59.999,4407975.27193000,13407,11275137.20,1311652.58098000,0
2026-02-20 08:00:00,0.1167,0.1179,0.1157,0.1164,14675433.9,2026-02-20 08:59:59.999,1712859.85123000,11714,6339804.80,740678.47748000,0
2026-02-20 09:00:00,0.1163,0.1165,0.1159,0.116,7254786.3,2026-02-20 09:59:59.999,843085.94170000,7272,2812930.60,327019.90179000,0
2026-02-20 10:00:00,0.116,0.1163,0.1159,0.1162,4951989.6,2026-02-20 10:59:59.999,575071.07098000,5440,2520860.30,292776.89803000,0
2026-02-20 11:00:00,0.1162,0.1164,0.1158,0.116,9532587.6,2026-02-20 11:59:59.999,1105860.56079000,7567,3864281.60,448424.16115000,0
2026-02-20 12:00:00,0.1159,0.1168,0.1158,0.1166,4705703.5,2026-02-20 12:59:59.999,547347.86597000,3661,2498693.80,290766.05871000,0
2026-02-20 13:00:00,0.1166,0.1166,0.1148,0.1154,11566336.5,2026-02-20 13:59:59.999,1338105.20529000,5876,5435650.20,628976.47480000,0
2026-02-20 14:00:00,0.1155,0.117,0.1154,0.1159,9244409.5,2026-02-20 14:59:59.999,1074330.99853000,5046,4554619.50,529358.69169000,0
2026-02-20 15:00:00,0.1159,0.1168,0.1158,0.1162,10835821.3,2026-02-20 15:59:59.999,1259554.13986000,6952,5760021.00,669699.91213000,0
2026-02-20 16:00:00,0.1162,0.117,0.1161,0.1165,4921444.6,2026-02-20 16:59:59.999,573113.44947000,3227,2390064.70,278393.22653000,0
2026-02-20 17:00:00,0.1165,0.117,0.116,0.1167,6469521.9,2026-02-20 17:59:59.999,753616.51282000,2637,3028073.90,352892.84424000,0
2026-02-20 18:00:00,0.1168,0.1171,0.1127,0.1164,35545830.4,2026-02-20 18:59:59.999,4074106.63128000,12834,17447957.70,1999748.69969000,0
2026-02-20 19:00:00,0.1164,0.1165,0.1158,0.116,4612058.8,2026-02-20 19:59:59.999,535221.13151000,2183,2023491.60,234854.74521000,0
2026-02-20 20:00:00,0.116,0.1165,0.1157,0.1157,1477162.8,2026-02-20 20:59:59.999,171450.79003000,888,681466.90,79129.65223000,0
2026-02-20 21:00:00,0.1158,0.1177,0.1157,0.1175,7815233.8,2026-02-20 21:59:59.999,913406.86221000,2942,4149030.90,484813.35981000,0
2026-02-20 22:00:00,0.1176,0.1219,0.1173,0.1217,14434333.2,2026-02-20 22:59:59.999,1728425.64818000,6828,8045739.40,964437.43645000,0
2026-02-20 23:00:00,0.1216,0.122,0.1197,0.1211,4397351.9,2026-02-20 23:59:59.999,532123.12482000,2858,2026608.30,245198.93412000,0
2026-02-21 00:00:00,0.1211,0.1242,0.121,0.1221,10355203.1,2026-02-21 00:59:59.999,1271686.41720000,7458,5039694.40,618933.34040000,0
2026-02-21 01:00:00,0.1221,0.1238,0.1216,0.1233,5420869.5,2026-02-21 01:59:59.999,664657.62352000,4185,2789473.20,341909.61121000,0
2026-02-21 02:00:00,0.1234,0.1274,0.1231,0.1262,16630554.6,2026-02-21 02:59:59.999,2094481.13192000,9426,10050707.50,1266205.31796000,0
2026-02-21 03:00:00,0.1263,0.1265,0.1223,0.1235,46019577.1,2026-02-21 03:59:59.999,5688893.40555000,18923,27808583.50,3435520.62389000,0
2026-02-21 04:00:00,0.1236,0.1237,0.1215,0.1221,10027607.3,2026-02-21 04:59:59.999,1227429.08181000,4935,4847880.60,593385.45825000,0
2026-02-21 05:00:00,0.1222,0.1224,0.1206,0.1207,8024208.4,2026-02-21 05:59:59.999,974150.12062000,3096,2963948.20,359918.45207000,0
2026-02-21 06:00:00,0.1207,0.1212,0.1199,0.12,5026391.9,2026-02-21 06:59:59.999,606234.93041000,2289,1808945.70,218136.81088000,0
2026-02-21 07:00:00,0.1201,0.1207,0.1197,0.1205,3171841.6,2026-02-21 07:59:59.999,380991.40999000,1908,1619966.30,194668.65676000,0
2026-02-21 08:00:00,0.1204,0.1209,0.1199,0.1207,4083830.3,2026-02-21 08:59:59.999,491579.79259000,2515,1909643.90,229935.93361000,0
2026-02-21 09:00:00,0.1208,0.1213,0.1204,0.1209,3180827.2,2026-02-21 09:59:59.999,384453.82640000,2241,1476141.20,178502.87452000,0
2026-02-21 10:00:00,0.1209,0.1211,0.1197,0.1199,3859435.5,2026-02-21 10:59:59.999,464161.99499000,1778,1520325.60,183020.01073000,0
2026-02-21 11:00:00,0.1199,0.1204,0.1184,0.1192,5639963.3,2026-02-21 11:59:59.999,672175.96198000,2939,3072658.90,366510.03595000,0
2026-02-21 12:00:00,0.1192,0.1204,0.1191,0.12,3911558.3,2026-02-21 12:59:59.999,468448.79287000,1954,2012677.80,241011.94412000,0
2026-02-21 13:00:00,0.1201,0.1222,0.1195,0.1217,4020218.4,2026-02-21 13:59:59.999,487351.54990000,2425,1779658.00,215894.79289000,0
2026-02-21 14:00:00,0.1217,0.1231,0.1204,0.1209,8331627.7,2026-02-21 14:59:59.999,1012983.75543000,4116,4579519.80,556843.83389000,0
2026-02-21 15:00:00,0.121,0.1213,0.1201,0.1206,3143477.9,2026-02-21 15:59:59.999,379016.41291000,2157,1605630.60,193621.60069000,0
2026-02-21 16:00:00,0.1205,0.121,0.119,0.1203,5740918.2,2026-02-21 16:59:59.999,688021.32610000,3141,2281561.70,273744.96932000,0
2026-02-21 17:00:00,0.1203,0.1218,0.1188,0.1195,11575689.3,2026-02-21 17:59:59.999,1389666.64038000,4969,4845010.60,581755.66679000,0
2026-02-21 18:00:00,0.1195,0.1233,0.119,0.122,96831714.4,2026-02-21 18:59:59.999,11859197.38671000,58714,54134858.90,6628733.55603000,0
2026-02-21 19:00:00,0.1219,0.122,0.121,0.1214,2039815.1,2026-02-21 19:59:59.999,247849.14413000,1345,847423.20,102972.62314000,0
2026-02-21 20:00:00,0.1214,0.1231,0.1195,0.1207,83150356.5,2026-02-21 20:59:59.999,10171267.93849000,51570,46108669.70,5645118.99717000,0
2026-02-21 21:00:00,0.1206,0.1219,0.1204,0.1219,4013434.7,2026-02-21 21:59:59.999,486314.42895000,3865,2778315.80,336734.69144000,0
2026-02-21 22:00:00,0.1218,0.1224,0.1215,0.1218,5677654.2,2026-02-21 22:59:59.999,692542.49764000,4718,3595459.00,438674.27399000,0
2026-02-21 23:00:00,0.1218,0.1218,0.1204,0.1205,2664764.6,2026-02-21 23:59:59.999,322307.01102000,1920,1266660.10,153217.25445000,0
2026-02-22 00:00:00,0.1205,0.1208,0.1195,0.12,6726193.2,2026-02-22 00:59:59.999,808106.06268000,2676,2467079.90,296553.31532000,0
2026-02-22 01:00:00,0.12,0.1207,0.1194,0.1205,2214027.8,2026-02-22 01:59:59.999,265722.60824000,1412,1322826.80,158813.55452000,0
2026-02-22 02:00:00,0.1205,0.1215,0.1195,0.1204,13790559.5,2026-02-22 02:59:59.999,1662246.65902000,4983,7065790.70,851784.55032000,0
2026-02-22 03:00:00,0.1205,0.1205,0.1185,0.1191,7447286.9,2026-02-22 03:59:59.999,886823.83655000,2673,2585728.50,307874.04158000,0
2026-02-22 04:00:00,0.1191,0.1197,0.1189,0.1194,1428132.9,2026-02-22 04:59:59.999,170329.16410000,848,722230.60,86155.95578000,0
2026-02-22 05:00:00,0.1194,0.1203,0.1188,0.1191,1866829.4,2026-02-22 05:59:59.999,223489.91373000,981,1017996.00,121877.99932000,0
2026-02-22 06:00:00,0.1191,0.1198,0.1191,0.1192,1453591.9,2026-02-22 06:59:59.999,173569.66127000,772,592530.30,70748.29868000,0
2026-02-22 07:00:00,0.1192,0.1193,0.1173,0.1173,10108079.5,2026-02-22 07:59:59.999,1192355.17517000,3571,4981410.90,587659.09579000,0
2026-02-22 08:00:00,0.1174,0.1179,0.1171,0.1178,4457546.5,2026-02-22 08:59:59.999,523656.62173000,1929,1633856.40,192078.60400000,0
2026-02-22 09:00:00,0.1177,0.1183,0.1174,0.1181,2450263.2,2026-02-22 09:59:59.999,288973.17233000,867,1251345.20,147686.66114000,0
2026-02-22 10:00:00,0.1181,0.1187,0.1175,0.1175,1844191.3,2026-02-22 10:59:59.999,217798.22091000,1058,786218.60,92866.43855000,0
2026-02-22 11:00:00,0.1175,0.1179,0.1173,0.1175,2330751.5,2026-02-22 11:59:59.999,274018.84874000,887,1140126.90,134049.55102000,0
2026-02-22 12:00:00,0.1175,0.1178,0.117,0.1172,2045975.0,2026-02-22 12:59:59.999,240235.04107000,1521,867808.20,101907.54176000,0
2026-02-22 13:00:00,0.1172,0.1179,0.1165,0.117,11987987.3,2026-02-22 13:59:59.999,1405004.44607000,5991,5459508.50,639839.58647000,0
2026-02-22 14:00:00,0.1171,0.1171,0.1153,0.1157,6669976.3,2026-02-22 14:59:59.999,773608.01421000,3637,2561768.60,297206.85114000,0
2026-02-22 15:00:00,0.1157,0.1162,0.1154,0.116,1856950.4,2026-02-22 15:59:59.999,215123.22260000,1289,851056.50,98598.70722000,0
2026-02-22 16:00:00,0.1159,0.1169,0.1121,0.1133,20781254.9,2026-02-22 16:59:59.999,2376112.34071000,9123,8411879.50,961471.50533000,0
2026-02-22 17:00:00,0.1133,0.1141,0.1114,0.1127,6992834.7,2026-02-22 17:59:59.999,788622.66478000,3053,3391339.50,382353.48896000,0
2026-02-22 18:00:00,0.1128,0.1134,0.1126,0.1132,2171004.7,2026-02-22 18:59:59.999,245370.48210000,968,1110609.10,125516.04597000,0
2026-02-22 19:00:00,0.1132,0.1138,0.1129,0.1136,1448714.9,2026-02-22 19:59:59.999,164139.93738000,717,647831.60,73410.83269000,0
2026-02-22 20:00:00,0.1136,0.121,0.1135,0.1157,151776987.7,2026-02-22 20:59:59.999,18052913.57698000,100771,92826029.10,11037007.14707000,0
2026-02-22 21:00:00,0.1157,0.1159,0.1108,0.1126,123980257.3,2026-02-22 21:59:59.999,14161823.70268000,82930,70753033.40,8076434.66406000,0
2026-02-22 22:00:00,0.1125,0.1154,0.1119,0.1152,14882058.9,2026-02-22 22:59:59.999,1686290.80276000,11106,9677452.60,1097435.42407000,0
2026-02-22 23:00:00,0.1152,0.1154,0.1141,0.1146,4632223.2,2026-02-22 23:59:59.999,530704.54902000,2319,2404382.60,275483.93222000,0
2026-02-23 00:00:00,0.1147,0.1151,0.113,0.113,7127521.2,2026-02-23 00:59:59.999,814536.98492000,6093,4385830.90,501567.78668000,0
2026-02-23 01:00:00,0.113,0.1138,0.1113,0.1122,31897628.1,2026-02-23 01:59:59.999,3587350.84331000,21586,16261396.60,1829221.80103000,0
2026-02-23 02:00:00,0.1123,0.1142,0.1119,0.1134,12902839.4,2026-02-23 02:59:59.999,1460556.96967000,6099,6336578.00,717363.08534000,0
2026-02-23 03:00:00,0.1134,0.1143,0.1129,0.1135,8207037.7,2026-02-23 03:59:59.999,930902.95236000,4117,3560265.20,403954.68572000,0
2026-02-23 04:00:00,0.1135,0.1141,0.1122,0.1126,8017635.0,2026-02-23 04:59:59.999,905761.28846000,2665,3363707.40,380038.10096000,0
2026-02-23 05:00:00,0.1125,0.114,0.1125,0.1134,5901250.5,2026-02-23 05:59:59.999,669264.22489000,2407,2564620.20,290707.44198000,0
2026-02-23 06:00:00,0.1134,0.1144,0.1133,0.1139,5408233.8,2026-02-23 06:59:59.999,615929.99937000,1970,2646387.10,301373.90272000,0
2026-02-23 07:00:00,0.1139,0.1169,0.1138,0.1148,12165120.6,2026-02-23 07:59:59.999,1406035.45402000,4430,6061106.50,700103.58014000,0
2026-02-23 08:00:00,0.1149,0.1158,0.1147,0.1151,2744658.9,2026-02-23 08:59:59.999,316253.43194000,1376,1416675.50,163195.86637000,0
2026-02-23 09:00:00,0.1151,0.1173,0.115,0.1169,9483648.2,2026-02-23 09:59:59.999,1104621.31921000,3469,4291294.40,499583.56624000,0
2026-02-23 10:00:00,0.117,0.1178,0.1164,0.1164,5790489.1,2026-02-23 10:59:59.999,679070.79102000,1732,3934484.40,461575.35530000,0
2026-02-23 11:00:00,0.1165,0.1172,0.1158,0.1171,6542851.4,2026-02-23 11:59:59.999,762119.88212000,2681,3366265.60,392199.07947000,0
2026-02-23 12:00:00,0.1171,0.1174,0.1124,0.113,61613535.2,2026-02-23 12:59:59.999,7019931.72429000,18617,36651085.10,4170182.31497000,0
2026-02-23 13:00:00,0.113,0.1139,0.1072,0.1117,88865890.3,2026-02-23 13:59:59.999,9836921.14070000,34613,47309166.20,5239251.03235000,0
2026-02-23 14:00:00,0.1117,0.1127,0.1097,0.1122,16404680.4,2026-02-23 14:59:59.999,1821439.77038000,10905,9293125.50,1031653.97921000,0
2026-02-23 15:00:00,0.1122,0.1155,0.1116,0.1133,23628504.0,2026-02-23 15:59:59.999,2677670.59060000,12196,11714580.10,1327794.95337000,0
2026-02-23 16:00:00,0.1133,0.1153,0.1118,0.113,18210769.5,2026-02-23 16:59:59.999,2067068.13282000,10439,9403543.30,1067419.56739000,0
2026-02-23 17:00:00,0.113,0.1131,0.1108,0.1125,9772259.9,2026-02-23 17:59:59.999,1093640.00945000,4057,3414306.40,382758.56554000,0
2026-02-23 18:00:00,0.1124,0.1132,0.1116,0.1117,7878967.4,2026-02-23 18:59:59.999,885799.36386000,3157,3475763.10,390515.32743000,0
2026-02-23 19:00:00,0.1116,0.1123,0.1114,0.1119,4001354.8,2026-02-23 19:59:59.999,447311.07284000,1820,2012546.40,225012.29344000,0
2026-02-23 20:00:00,0.1118,0.1119,0.1103,0.1108,3541983.3,2026-02-23 20:59:59.999,392907.52344000,1722,1583877.30,175721.77189000,0
2026-02-23 21:00:00,0.1108,0.1114,0.1106,0.1107,3604866.0,2026-02-23 21:59:59.999,400070.92295000,1630,1626846.80,180532.68624000,0
2026-02-23 22:00:00,0.1108,0.1114,0.1101,0.1102,2401522.9,2026-02-23 22:59:59.999,266313.28498000,1236,1111073.20,123208.41344000,0
2026-02-23 23:00:00,0.1102,0.1109,0.109,0.1098,3547119.9,2026-02-23 23:59:59.999,389814.68595000,1663,1522691.00,167406.06397000,0
2026-02-24 00:00:00,0.1099,0.1109,0.1098,0.1105,4886918.6,2026-02-24 00:59:59.999,539020.02468000,3089,2852159.10,314624.21408000,0
2026-02-24 01:00:00,0.1105,0.1113,0.1083,0.1107,8678440.8,2026-02-24 01:59:59.999,953956.37444000,6440,4128082.20,453440.53466000,0
2026-02-24 02:00:00,0.1107,0.1108,0.1084,0.1089,5043112.2,2026-02-24 02:59:59.999,551873.71272000,2581,2150217.10,235432.63234000,0
2026-02-24 03:00:00,0.1089,0.1096,0.1081,0.1083,6514372.5,2026-02-24 03:59:59.999,708200.03483000,3125,2322238.50,252665.77934000,0
2026-02-24 04:00:00,0.1083,0.1085,0.1071,0.1075,9035530.7,2026-02-24 04:59:59.999,974099.22793000,3439,2576049.00,277325.01285000,0
2026-02-24 05:00:00,0.1075,0.1077,0.1064,0.1067,4619157.0,2026-02-24 05:59:59.999,493834.37232000,3072,2048505.40,219033.13557000,0
2026-02-24 06:00:00,0.1066,0.1072,0.1061,0.1067,4555203.8,2026-02-24 06:59:59.999,486038.28330000,2620,2007645.20,214290.80776000,0
2026-02-24 07:00:00,0.1067,0.1072,0.1062,0.1066,2018646.2,2026-02-24 07:59:59.999,215346.72398000,1567,847553.40,90454.14146000,0
2026-02-24 08:00:00,0.1065,0.1076,0.1052,0.1073,7786315.4,2026-02-24 08:59:59.999,827295.32107000,3192,3723682.60,395907.22958000,0
2026-02-24 09:00:00,0.1072,0.1077,0.1066,0.1077,1621199.3,2026-02-24 09:59:59.999,173622.76170000,1073,980286.70,105055.01057000,0
2026-02-24 10:00:00,0.1077,0.1078,0.107,0.1075,2021994.2,2026-02-24 10:59:59.999,217251.20471000,1279,1146258.90,123180.27943000,0
2026-02-24 11:00:00,0.1074,0.1076,0.1069,0.1071,1206832.8,2026-02-24 11:59:59.999,129567.63509000,655,673953.80,72380.99878000,0
2026-02-24 12:00:00,0.107,0.1093,0.1068,0.1076,9258840.1,2026-02-24 12:59:59.999,1001139.39287000,4029,4749332.00,513514.20711000,0
2026-02-24 13:00:00,0.1077,0.108,0.1069,0.1069,2268007.7,2026-02-24 13:59:59.999,243771.86308000,1494,1073856.70,115420.04548000,0
2026-02-24 14:00:00,0.1068,0.1085,0.1066,0.1083,4662959.7,2026-02-24 14:59:59.999,500361.17853000,3252,2472439.80,265409.83985000,0
2026-02-24 15:00:00,0.1083,0.1104,0.1079,0.11,7178906.1,2026-02-24 15:59:59.999,787398.38731000,3791,3849727.30,422267.53583000,0
2026-02-24 16:00:00,0.11,0.1117,0.1096,0.1111,5246110.4,2026-02-24 16:59:59.999,581038.58259000,3591,2458152.90,272200.43960000,0
2026-02-24 17:00:00,0.111,0.111,0.1103,0.1106,2059490.5,2026-02-24 17:59:59.999,227881.92128000,1571,1160626.50,128370.27735000,0
2026-02-24 18:00:00,0.1105,0.1112,0.1102,0.1108,1389941.6,2026-02-24 18:59:59.999,153854.09189000,1181,652820.60,72257.58746000,0
2026-02-24 19:00:00,0.1107,0.1112,0.1104,0.1104,3908821.5,2026-02-24 19:59:59.999,433146.85035000,1729,2398514.20,265964.31207000,0
2026-02-24 20:00:00,0.1105,0.1106,0.1097,0.1098,1489036.7,2026-02-24 20:59:59.999,164178.30196000,1489,678286.60,74796.34508000,0
2026-02-24 21:00:00,0.1098,0.1105,0.1091,0.1102,1524105.7,2026-02-24 21:59:59.999,167210.16241000,1186,918835.90,100803.80843000,0
2026-02-24 22:00:00,0.1102,0.1108,0.1101,0.1106,2792125.6,2026-02-24 22:59:59.999,308312.87679000,1182,1226411.60,135399.46245000,0
2026-02-24 23:00:00,0.1106,0.1122,0.1105,0.1114,3522077.4,2026-02-24 23:59:59.999,392827.44181000,1739,1651929.90,184211.68251000,0
2026-02-25 00:00:00,0.1114,0.1125,0.111,0.1119,6079323.5,2026-02-25 00:59:59.999,680029.74513000,2792,3886039.00,434894.09733000,0
2026-02-25 01:00:00,0.1119,0.1159,0.1116,0.1152,13768849.4,2026-02-25 01:59:59.999,1571273.46823000,7827,8083865.40,921968.43739000,0
2026-02-25 02:00:00,0.1152,0.1158,0.1143,0.1152,6689220.7,2026-02-25 02:59:59.999,770000.89224000,3803,3544676.40,407918.56103000,0
2026-02-25 03:00:00,0.1152,0.1153,0.1143,0.1147,2894219.3,2026-02-25 03:59:59.999,332068.28252000,1899,1582436.20,181537.50993000,0
2026-02-25 04:00:00,0.1146,0.1151,0.1136,0.1145,3920073.4,2026-02-25 04:59:59.999,447966.04562000,2350,1508845.30,172317.31172000,0
2026-02-25 05:00:00,0.1144,0.1149,0.1131,0.1141,3505893.3,2026-02-25 05:59:59.999,399487.73789000,2173,1459085.10,166301.89544000,0
2026-02-25 06:00:00,0.1142,0.1148,0.114,0.1141,1151248.2,2026-02-25 06:59:59.999,131609.81033000,1084,482033.40,55132.50969000,0
2026-02-25 07:00:00,0.1141,0.1141,0.1133,0.1135,1047873.1,2026-02-25 07:59:59.999,119133.45780000,931,470230.00,53454.82576000,0
2026-02-25 08:00:00,0.1136,0.1146,0.1134,0.1143,1616318.6,2026-02-25 08:59:59.999,184333.41709000,1201,562360.60,64184.48596000,0
2026-02-25 09:00:00,0.1143,0.115,0.1141,0.1144,1485790.3,2026-02-25 09:59:59.999,170167.73651000,1209,636967.60,72974.45831000,0
2026-02-25 10:00:00,0.1144,0.1146,0.1134,0.1136,3470186.6,2026-02-25 10:59:59.999,395995.02973000,1414,1665255.20,190112.11930000,0
2026-02-25 11:00:00,0.1136,0.1147,0.1133,0.1143,3009561.4,2026-02-25 11:59:59.999,343592.30324000,1509,1710413.10,195203.41445000,0
2026-02-25 12:00:00,0.1143,0.1152,0.114,0.1144,3113478.9,2026-02-25 12:59:59.999,356826.27073000,1880,1626680.50,186411.68694000,0
2026-02-25 13:00:00,0.1145,0.116,0.1144,0.1155,4185886.1,2026-02-25 13:59:59.999,482092.47073000,2183,2129642.00,245138.72762000,0
2026-02-25 14:00:00,0.1156,0.1167,0.1154,0.1165,5547575.5,2026-02-25 14:59:59.999,642943.70647000,3011,2343344.90,271655.90631000,0
2026-02-25 15:00:00,0.1165,0.1174,0.1162,0.1168,4199563.2,2026-02-25 15:59:59.999,490080.04280000,3397,2204554.30,257348.06261000,0
2026-02-25 16:00:00,0.1169,0.119,0.1161,0.1189,6961522.2,2026-02-25 16:59:59.999,819936.01086000,3377,3354746.60,395247.02236000,0
2026-02-25 17:00:00,0.1188,0.1225,0.1186,0.1195,14737562.5,2026-02-25 17:59:59.999,1771436.17260000,7142,7406226.60,890190.95307000,0
2026-02-25 18:00:00,0.1194,0.1197,0.1173,0.1174,5384883.1,2026-02-25 18:59:59.999,635529.60348000,3320,2588795.40,305620.60283000,0
2026-02-25 19:00:00,0.1175,0.118,0.1162,0.1171,5074001.5,2026-02-25 19:59:59.999,593851.77403000,2415,2624885.30,307479.37263000,0
2026-02-25 20:00:00,0.117,0.1175,0.1167,0.1168,2354144.8,2026-02-25 20:59:59.999,275669.10485000,1850,1325585.90,155223.93570000,0
2026-02-25 21:00:00,0.1168,0.1195,0.1167,0.1183,7354910.6,2026-02-25 21:59:59.999,869034.28730000,4219,4248103.00,502409.94813000,0
2026-02-25 22:00:00,0.1184,0.119,0.1174,0.1183,5377293.3,2026-02-25 22:59:59.999,634878.48457000,3667,3023935.40,356806.37042000,0
2026-02-25 23:00:00,0.1182,0.1183,0.115,0.1162,6411750.8,2026-02-25 23:59:59.999,747765.73366000,4497,3200019.40,373670.16193000,0
2026-02-26 00:00:00,0.1162,0.117,0.1149,0.1167,10269194.1,2026-02-26 00:59:59.999,1188797.39515000,3221,5601598.40,647924.75896000,0
2026-02-26 01:00:00,0.1166,0.1177,0.1156,0.1157,5939066.2,2026-02-26 01:59:59.999,693330.86806000,3002,2963048.20,346089.74978000,0
2026-02-26 02:00:00,0.1157,0.1158,0.1144,0.1151,5363743.7,2026-02-26 02:59:59.999,615963.57581000,2534,2629432.50,301949.18368000,0
2026-02-26 03:00:00,0.115,0.1151,0.1144,0.1148,2402651.2,2026-02-26 03:59:59.999,275844.19610000,1190,1094409.00,125641.73847000,0
2026-02-26 04:00:00,0.1148,0.1157,0.1146,0.115,2727616.2,2026-02-26 04:59:59.999,314384.44223000,1447,1282725.10,147817.47360000,0
2026-02-26 05:00:00,0.115,0.115,0.1135,0.1143,3851735.0,2026-02-26 05:59:59.999,438961.30866000,1584,1596545.50,182163.10291000,0
2026-02-26 06:00:00,0.1143,0.1143,0.1134,0.1135,3225018.2,2026-02-26 06:59:59.999,367095.04092000,2287,1514268.40,172525.91648000,0
2026-02-26 07:00:00,0.1134,0.1151,0.1134,0.1149,4264327.2,2026-02-26 07:59:59.999,487466.23846000,1498,2925985.20,334401.77984000,0
2026-02-26 08:00:00,0.1149,0.1187,0.1147,0.1167,11932848.3,2026-02-26 08:59:59.999,1395357.42715000,4264,5668511.90,662335.38532000,0
2026-02-26 09:00:00,0.1167,0.1181,0.1165,0.1179,4498588.4,2026-02-26 09:59:59.999,528604.95583000,2311,1983473.10,233037.92562000,0
2026-02-26 10:00:00,0.118,0.1183,0.1158,0.1163,2277401.3,2026-02-26 10:59:59.999,266424.69339000,1400,1079070.10,126180.28757000,0
2026-02-26 11:00:00,0.1162,0.1167,0.1149,0.1153,4527280.7,2026-02-26 11:59:59.999,523110.54807000,2070,2166777.50,250348.48136000,0
2026-02-26 12:00:00,0.1154,0.1166,0.1146,0.1164,4786961.0,2026-02-26 12:59:59.999,553162.67263000,2375,2354226.60,272390.17660000,0
2026-02-26 13:00:00,0.1164,0.1182,0.1162,0.1172,5016787.5,2026-02-26 13:59:59.999,588374.84322000,2419,2626080.50,307970.26032000,0
2026-02-26 14:00:00,0.1172,0.1174,0.1153,0.117,4127051.2,2026-02-26 14:59:59.999,479753.50576000,3465,2024097.50,235223.74688000,0
2026-02-26 15:00:00,0.1169,0.1173,0.1155,0.1169,5473930.6,2026-02-26 15:59:59.999,636758.68366000,4792,2478138.60,288230.06954000,0
2026-02-26 16:00:00,0.1169,0.1176,0.115,0.1151,6673296.6,2026-02-26 16:59:59.999,775675.38829000,4764,3121437.80,362806.12956000,0
2026-02-26 17:00:00,0.115,0.1164,0.1147,0.1155,3326706.0,2026-02-26 17:59:59.999,384096.43156000,2670,1439366.40,166121.51414000,0
2026-02-26 18:00:00,0.1155,0.116,0.115,0.116,1583521.4,2026-02-26 18:59:59.999,183151.45395000,1331,925034.00,106985.71195000,0
2026-02-26 19:00:00,0.116,0.1176,0.1158,0.1161,5992672.1,2026-02-26 19:59:59.999,698446.00823000,3210,3082997.50,359689.87294000,0
2026-02-26 20:00:00,0.116,0.1166,0.1152,0.1156,1177280.2,2026-02-26 20:59:59.999,136531.95003000,931,400307.50,46416.38935000,0
2026-02-26 21:00:00,0.1156,0.1158,0.1153,0.1155,531216.5,2026-02-26 21:59:59.999,61382.14204000,708,238612.80,27578.96926000,0
2026-02-26 22:00:00,0.1156,0.1157,0.1153,0.1155,409567.8,2026-02-26 22:59:59.999,47311.71045000,525,199373.80,23036.56839000,0
2026-02-26 23:00:00,0.1155,0.1157,0.1153,0.1156,629775.7,2026-02-26 23:59:59.999,72760.20577000,527,380896.70,44013.02002000,0
2026-02-27 00:00:00,0.1157,0.116,0.1137,0.1146,6598353.9,2026-02-27 00:59:59.999,756267.80202000,4019,3312714.20,379900.34494000,0
2026-02-27 01:00:00,0.1147,0.1147,0.1138,0.1146,2035860.3,2026-02-27 01:59:59.999,232571.40438000,1309,1434663.80,163870.64484000,0
2026-02-27 02:00:00,0.1146,0.1151,0.1143,0.1147,1680132.3,2026-02-27 02:59:59.999,192634.92920000,923,739518.50,84834.05654000,0
2026-02-27 03:00:00,0.1147,0.1152,0.1142,0.1152,623846.1,2026-02-27 03:59:59.999,71578.19003000,542,308213.50,35375.52290000,0
2026-02-27 04:00:00,0.1151,0.1167,0.1151,0.1165,3312261.6,2026-02-27 04:59:59.999,384825.90147000,2115,2204457.50,256215.86033000,0
2026-02-27 05:00:00,0.1165,0.1166,0.1159,0.116,1018546.4,2026-02-27 05:59:59.999,118417.58286000,892,316592.60,36805.63268000,0
2026-02-27 06:00:00,0.116,0.1161,0.115,0.1151,1308544.5,2026-02-27 06:59:59.999,151151.91051000,1201,586865.00,67792.90684000,0
2026-02-27 07:00:00,0.1151,0.1155,0.1145,0.1152,2042545.4,2026-02-27 07:59:59.999,235125.73233000,1265,1163597.50,133949.91536000,0
2026-02-27 08:00:00,0.1152,0.1155,0.1145,0.1152,1678708.5,2026-02-27 08:59:59.999,192944.98534000,1125,628317.30,72241.82341000,0
2026-02-27 09:00:00,0.1152,0.1159,0.1148,0.1155,1288614.5,2026-02-27 09:59:59.999,148695.59061000,1268,711727.30,82147.42391000,0
2026-02-27 10:00:00,0.1155,0.1155,0.1142,0.1147,2586506.6,2026-02-27 10:59:59.999,296574.57713000,1924,1286268.50,147556.99516000,0
2026-02-27 11:00:00,0.1146,0.1153,0.1143,0.1149,2933021.0,2026-02-27 11:59:59.999,336552.30871000,2100,1695522.30,194467.19118000,0
2026-02-27 12:00:00,0.1148,0.115,0.1141,0.1146,2302795.8,2026-02-27 12:59:59.999,263546.68447000,2002,815922.60,93410.58935000,0
2026-02-27 13:00:00,0.1147,0.1153,0.1131,0.1144,5206552.7,2026-02-27 13:59:59.999,593475.33602000,2751,2331285.40,265687.79140000,0
2026-02-27 14:00:00,0.1144,0.1152,0.1141,0.1145,2184545.2,2026-02-27 14:59:59.999,250180.83608000,2109,1099856.30,125999.19514000,0
2026-02-27 15:00:00,0.1144,0.115,0.1134,0.1138,2370723.3,2026-02-27 15:59:59.999,270588.53706000,2065,972642.50,111021.43477000,0
2026-02-27 16:00:00,0.1137,0.1139,0.1124,0.1126,3048786.2,2026-02-27 16:59:59.999,344858.85437000,2110,1314844.40,148809.45851000,0
2026-02-27 17:00:00,0.1126,0.1143,0.1126,0.1134,3486768.2,2026-02-27 17:59:59.999,394983.59858000,1898,2219928.90,251374.90433000,0
2026-02-27 18:00:00,0.1134,0.1136,0.1122,0.1123,1536778.1,2026-02-27 18:59:59.999,173564.47695000,1116,713039.40,80534.13953000,0
2026-02-27 19:00:00,0.1122,0.1122,0.1105,0.1112,4233852.5,2026-02-27 19:59:59.999,470694.92728000,2573,1972542.60,219273.10725000,0
2026-02-27 20:00:00,0.1113,0.1119,0.1111,0.1112,1024720.0,2026-02-27 20:59:59.999,114226.78592000,646,449295.00,50086.46068000,0
2026-02-27 21:00:00,0.1113,0.1116,0.1105,0.1109,1209944.6,2026-02-27 21:59:59.999,134427.27894000,767,400320.20,44466.90917000,0
2026-02-27 22:00:00,0.1109,0.111,0.1096,0.1108,4138629.1,2026-02-27 22:59:59.999,456374.00177000,2485,2015156.70,222197.74566000,0
2026-02-27 23:00:00,0.1108,0.1114,0.1103,0.1109,4024198.4,2026-02-27 23:59:59.999,445803.54806000,2060,2198901.70,243602.73375000,0
2026-02-28 00:00:00,0.1109,0.1118,0.1108,0.1115,2085963.3,2026-02-28 00:59:59.999,232125.45746000,1401,910499.60,101284.65554000,0
2026-02-28 01:00:00,0.1115,0.1117,0.1102,0.1114,2777484.5,2026-02-28 01:59:59.999,307713.42512000,1390,913467.50,101382.38868000,0
2026-02-28 02:00:00,0.1113,0.113,0.1113,0.1125,2641855.7,2026-02-28 02:59:59.999,296602.14973000,1638,1554504.50,174512.80253000,0
2026-02-28 03:00:00,0.1124,0.1125,0.1111,0.1112,1124422.2,2026-02-28 03:59:59.999,125641.26460000,1123,345404.50,38584.33114000,0
2026-02-28 04:00:00,0.1112,0.1116,0.1109,0.1113,722973.9,2026-02-28 04:59:59.999,80399.31052000,717,263606.90,29331.39752000,0
2026-02-28 05:00:00,0.1113,0.1114,0.1103,0.1108,1526744.9,2026-02-28 05:59:59.999,169149.24401000,754,347855.80,38572.23834000,0
2026-02-28 06:00:00,0.1108,0.1108,0.1071,0.1076,14562182.1,2026-02-28 06:59:59.999,1577960.40710000,10743,7136099.70,773281.93679000,0
2026-02-28 07:00:00,0.1076,0.1094,0.107,0.1077,8385060.7,2026-02-28 07:59:59.999,907035.14966000,6028,4265707.20,461569.71355000,0
2026-02-28 08:00:00,0.1076,0.108,0.1064,0.1066,4445893.5,2026-02-28 08:59:59.999,476182.42142000,2942,1995681.90,213812.36421000,0
2026-02-28 09:00:00,0.1067,0.1073,0.1057,0.1061,5009288.5,2026-02-28 09:59:59.999,533521.00077000,2849,2613641.70,278826.62559000,0
2026-02-28 10:00:00,0.106,0.1069,0.1054,0.1064,3216455.6,2026-02-28 10:59:59.999,341407.12117000,2619,1575573.80,167168.23718000,0
2026-02-28 11:00:00,0.1064,0.1076,0.1064,0.1068,2995330.1,2026-02-28 11:59:59.999,320588.95149000,1457,2075687.70,222258.46488000,0
2026-02-28 12:00:00,0.1068,0.108,0.1067,0.1068,2315443.1,2026-02-28 12:59:59.999,248878.91574000,1837,1053461.90,113310.50158000,0
2026-02-28 13:00:00,0.1068,0.1091,0.1065,0.1091,3642051.3,2026-02-28 13:59:59.999,392622.47361000,3327,1861457.50,200706.39239000,0
2026-02-28 14:00:00,0.1091,0.1098,0.108,0.1083,4582973.3,2026-02-28 14:59:59.999,499324.99649000,3654,2305362.30,251390.82011000,0
2026-02-28 15:00:00,0.1083,0.1093,0.1078,0.1086,3101714.0,2026-02-28 15:59:59.999,336894.77729000,1750,1668475.20,181294.13220000,0
2026-02-28 16:00:00,0.1085,0.1087,0.1078,0.1087,1963819.1,2026-02-28 16:59:59.999,212472.62635000,1215,927153.30,100341.25677000,0
2026-02-28 17:00:00,0.1086,0.1089,0.1074,0.1086,3527955.8,2026-02-28 17:59:59.999,382193.34160000,1370,1747590.70,189259.58253000,0
2026-02-28 18:00:00,0.1085,0.1104,0.1082,0.1098,1690447.5,2026-02-28 18:59:59.999,185204.79165000,1442,1264301.50,138547.70491000,0
2026-02-28 19:00:00,0.1098,0.111,0.109,0.1108,1781134.4,2026-02-28 19:59:59.999,196331.56046000,1829,903977.00,99720.99938000,0
2026-02-28 20:00:00,0.1108,0.1126,0.1107,0.1123,4747376.4,2026-02-28 20:59:59.999,530712.86721000,2991,2305049.00,257810.99829000,0
2026-02-28 21:00:00,0.1123,0.1123,0.1111,0.1117,2547635.5,2026-02-28 21:59:59.999,284254.54888000,2092,1407510.50,157046.55743000,0
2026-02-28 22:00:00,0.1118,0.1138,0.1112,0.1132,4804979.0,2026-02-28 22:59:59.999,540663.86866000,3642,1952122.40,220014.62071000,0
2026-02-28 23:00:00,0.1132,0.1134,0.1122,0.1127,1834500.0,2026-02-28 23:59:59.999,207123.10753000,1901,983200.00,111047.37061000,0
2026-03-01 00:00:00,0.1127,0.1134,0.1118,0.1127,1778000.0,2026-03-01 00:59:59.999,200159.36720000,1477,1061266.50,119482.01801000,0
2026-03-01 01:00:00,0.1126,0.1154,0.1117,0.115,6106909.1,2026-03-01 01:59:59.999,695046.24584000,3811,3730954.10,426057.25153000,0
2026-03-01 02:00:00,0.115,0.1164,0.1138,0.1149,6663439.6,2026-03-01 02:59:59.999,767298.37986000,6689,3280708.90,377839.68103000,0
2026-03-01 03:00:00,0.1149,0.1151,0.1139,0.1144,3320897.9,2026-03-01 03:59:59.999,379864.00421000,2160,948301.00,108497.21182000,0
2026-03-01 04:00:00,0.1144,0.1147,0.113,0.1137,1970207.0,2026-03-01 04:59:59.999,223806.06752000,1634,889501.70,101042.08847000,0
2026-03-01 05:00:00,0.1137,0.1142,0.1136,0.1139,1015537.1,2026-03-01 05:59:59.999,115634.14723000,1045,530619.10,60426.81484000,0
2026-03-01 06:00:00,0.1138,0.1139,0.1121,0.1124,2575125.6,2026-03-01 06:59:59.999,290599.81421000,2050,1094906.20,123565.51601000,0
2026-03-01 07:00:00,0.1125,0.1128,0.112,0.1124,1429275.5,2026-03-01 07:59:59.999,160615.88340000,1125,767116.00,86219.76615000,0
2026-03-01 08:00:00,0.1125,0.1126,0.1101,0.1102,7820705.2,2026-03-01 08:59:59.999,867028.82810000,3117,1664539.60,184823.96869000,0
2026-03-01 09:00:00,0.1102,0.1112,0.1099,0.1101,7170578.6,2026-03-01 09:59:59.999,792366.91616000,3632,2442795.50,270240.93795000,0
2026-03-01 10:00:00,0.1101,0.1124,0.1098,0.1115,4625853.9,2026-03-01 10:59:59.999,515122.84131000,3303,2397039.50,266880.61339000,0
2026-03-01 11:00:00,0.1114,0.1118,0.111,0.1113,1256846.7,2026-03-01 11:59:59.999,139959.70872000,818,719453.60,80134.14862000,0
2026-03-01 12:00:00,0.1113,0.1117,0.1103,0.1104,2183469.9,2026-03-01 12:59:59.999,242514.71874000,1548,1005575.60,111824.11246000,0
2026-03-01 13:00:00,0.1104,0.1114,0.1075,0.1107,28786463.6,2026-03-01 13:59:59.999,3132686.39573000,9278,17375756.90,1885525.61712000,0
2026-03-01 14:00:00,0.1107,0.1117,0.1098,0.1102,3453823.5,2026-03-01 14:59:59.999,382138.89986000,2617,1786137.30,197775.97514000,0
2026-03-01 15:00:00,0.1101,0.1108,0.1101,0.1101,1093924.8,2026-03-01 15:59:59.999,120849.93610000,1119,576376.80,63685.38094000,0
2026-03-01 16:00:00,0.11,0.111,0.1086,0.1093,5199956.9,2026-03-01 16:59:59.999,570560.63912000,3296,2623843.80,288027.80054000,0
2026-03-01 17:00:00,0.1093,0.1093,0.1074,0.1077,4000532.6,2026-03-01 17:59:59.999,433171.94398000,3178,1887133.40,204443.19506000,0
2026-03-01 18:00:00,0.1077,0.1089,0.1077,0.1083,2466850.4,2026-03-01 18:59:59.999,267433.06994000,1602,1453544.80,157535.12209000,0
2026-03-01 19:00:00,0.1083,0.1084,0.1069,0.1074,2120512.0,2026-03-01 19:59:59.999,228003.79313000,1461,879641.20,94537.90737000,0
2026-03-01 20:00:00,0.1073,0.1074,0.106,0.1062,2996908.9,2026-03-01 20:59:59.999,318750.23569000,2212,1550211.70,164950.96293000,0
2026-03-01 21:00:00,0.1062,0.108,0.106,0.1079,1579609.9,2026-03-01 21:59:59.999,169115.11065000,1450,893188.00,95654.44764000,0
2026-03-01 22:00:00,0.1079,0.1095,0.1077,0.1085,3807851.9,2026-03-01 22:59:59.999,414096.59958000,3888,2331775.80,253627.28870000,0
2026-03-01 23:00:00,0.1085,0.1097,0.1079,0.108,2118210.2,2026-03-01 23:59:59.999,230650.60270000,1890,1363745.40,148679.61605000,0
2026-03-02 00:00:00,0.1081,0.1095,0.1079,0.1091,2199770.0,2026-03-02 00:59:59.999,238346.69516000,2031,1405665.40,152220.47681000,0
2026-03-02 01:00:00,0.1092,0.1107,0.109,0.1094,2973826.3,2026-03-02 01:59:59.999,327120.33951000,2319,1512085.60,166414.42437000,0
2026-03-02 02:00:00,0.1094,0.1094,0.108,0.1086,2556005.2,2026-03-02 02:59:59.999,277537.42626000,2277,1014498.70,110189.05633000,0
2026-03-02 03:00:00,0.1085,0.1091,0.1082,0.1086,2844600.6,2026-03-02 03:59:59.999,309189.93401000,2183,1406720.90,152963.65564000,0
2026-03-02 04:00:00,0.1086,0.1087,0.1072,0.1075,2129644.3,2026-03-02 04:59:59.999,229821.05549000,1720,1052830.00,113594.64598000,0
2026-03-02 05:00:00,0.1076,0.1077,0.1067,0.1067,1955499.9,2026-03-02 05:59:59.999,209890.27824000,1868,1161187.80,124655.44552000,0
2026-03-02 06:00:00,0.1067,0.1068,0.1055,0.1058,4682076.5,2026-03-02 06:59:59.999,496793.65515000,3031,2282926.80,242248.87881000,0
2026-03-02 07:00:00,0.1058,0.1059,0.1046,0.1057,5000773.6,2026-03-02 07:59:59.999,526429.69913000,2807,3413018.00,359379.52962000,0
2026-03-02 08:00:00,0.1056,0.1063,0.105,0.106,3555390.2,2026-03-02 08:59:59.999,375612.81992000,2340,2048608.40,216498.82687000,0
2026-03-02 09:00:00,0.106,0.1069,0.1057,0.1057,2530598.7,2026-03-02 09:59:59.999,269320.01953000,1784,1271314.00,135360.69344000,0
2026-03-02 10:00:00,0.1058,0.1058,0.105,0.1054,2782070.2,2026-03-02 10:59:59.999,293260.15371000,2574,1753281.90,184845.65632000,0
2026-03-02 11:00:00,0.1053,0.1056,0.1046,0.1049,3720722.2,2026-03-02 11:59:59.999,391285.43503000,2442,2246605.80,236347.12964000,0
2026-03-02 12:00:00,0.1049,0.1053,0.1045,0.1049,3094640.6,2026-03-02 12:59:59.999,324774.84141000,2208,1877698.90,197180.73202000,0
2026-03-02 13:00:00,0.1048,0.1054,0.1043,0.1045,4126885.6,2026-03-02 13:59:59.999,432410.45241000,2417,2499629.60,262051.06830000,0
2026-03-02 14:00:00,0.1045,0.1074,0.1043,0.1073,7388299.0,2026-03-02 14:59:59.999,782709.64349000,5837,4277491.50,453334.09529000,0
2026-03-02 15:00:00,0.1073,0.11,0.1071,0.1095,14556707.1,2026-03-02 15:59:59.999,1584652.01814000,8886,8255332.70,898828.20027000,0
2026-03-02 16:00:00,0.1095,0.111,0.1085,0.1098,10660458.4,2026-03-02 16:59:59.999,1171677.75443000,7911,6059702.90,666455.16561000,0
2026-03-02 17:00:00,0.1098,0.1099,0.1077,0.1086,7024451.8,2026-03-02 17:59:59.999,764614.30841000,5390,3168786.40,345055.74486000,0
2026-03-02 18:00:00,0.1087,0.1096,0.1078,0.1089,2229622.9,2026-03-02 18:59:59.999,242545.87287000,2087,1065567.70,115846.71670000,0
2026-03-02 19:00:00,0.1089,0.1091,0.1082,0.1086,2577192.4,2026-03-02 19:59:59.999,279907.94571000,2093,1509150.70,163942.32107000,0
2026-03-02 20:00:00,0.1085,0.1092,0.1079,0.1083,2495975.8,2026-03-02 20:59:59.999,271120.49357000,2516,1036380.90,112661.42659000,0
2026-03-02 21:00:00,0.1083,0.1085,0.1077,0.1082,2252268.0,2026-03-02 21:59:59.999,243476.13553000,1980,1395825.00,150869.18903000,0
2026-03-02 22:00:00,0.1082,0.1092,0.1082,0.1086,2530943.2,2026-03-02 22:59:59.999,275164.68324000,1941,1198159.20,130302.35220000,0
2026-03-02 23:00:00,0.1087,0.1087,0.1064,0.107,4196316.4,2026-03-02 23:59:59.999,450449.79779000,2976,1934757.50,207576.57028000,0
2026-03-03 00:00:00,0.1071,0.1074,0.1064,0.1072,2065464.6,2026-03-03 00:59:59.999,220687.76381000,2720,1149661.40,122885.33171000,0
2026-03-03 01:00:00,0.1072,0.1077,0.1069,0.107,1507953.3,2026-03-03 01:59:59.999,161733.68843000,1870,898010.90,96311.93159000,0
2026-03-03 02:00:00,0.107,0.107,0.1057,0.1064,2029503.8,2026-03-03 02:59:59.999,215748.35911000,2204,995697.00,105885.39400000,0
2026-03-03 03:00:00,0.1064,0.1067,0.1056,0.1065,1800041.2,2026-03-03 03:59:59.999,191205.81634000,1704,890166.90,94645.08768000,0
2026-03-03 04:00:00,0.1064,0.1065,0.1054,0.1057,1095574.1,2026-03-03 04:59:59.999,116000.78879000,1060,389759.70,41296.26577000,0
2026-03-03 05:00:00,0.1058,0.1064,0.1051,0.1054,1529205.0,2026-03-03 05:59:59.999,161651.60553000,1677,643897.20,68104.80857000,0
2026-03-03 06:00:00,0.1054,0.1058,0.105,0.1057,1175500.8,2026-03-03 06:59:59.999,123971.22250000,1232,714000.60,75337.20976000,0
2026-03-03 07:00:00,0.1056,0.1069,0.1055,0.1058,1746149.0,2026-03-03 07:59:59.999,185178.93094000,1918,824806.50,87483.21525000,0
2026-03-03 08:00:00,0.1058,0.106,0.1038,0.1044,8555506.0,2026-03-03 08:59:59.999,894915.48611000,4535,3062472.90,320710.81957000,0
2026-03-03 09:00:00,0.1044,0.1055,0.1039,0.1041,2448720.5,2026-03-03 09:59:59.999,256167.96967000,2278,1206327.30,126244.87511000,0
2026-03-03 10:00:00,0.1041,0.105,0.1039,0.1047,1482641.1,2026-03-03 10:59:59.999,154897.61695000,1426,955192.60,99824.17474000,0
2026-03-03 11:00:00,0.1047,0.1051,0.1042,0.1048,1530154.8,2026-03-03 11:59:59.999,160124.10711000,1331,973145.40,101842.68353000,0
2026-03-03 12:00:00,0.1049,0.1064,0.1046,0.1051,2370756.9,2026-03-03 12:59:59.999,249503.54511000,1812,1088251.20,114570.44360000,0
2026-03-03 13:00:00,0.1052,0.1052,0.1042,0.1045,1281369.7,2026-03-03 13:59:59.999,134143.08478000,1462,736373.00,77101.50545000,0
2026-03-03 14:00:00,0.1046,0.1056,0.1037,0.1044,3564068.4,2026-03-03 14:59:59.999,373230.38724000,3946,1784956.50,187008.33939000,0
2026-03-03 15:00:00,0.1045,0.1057,0.1044,0.1054,3173475.2,2026-03-03 15:59:59.999,333437.62214000,2696,1329041.00,139665.58558000,0
2026-03-03 16:00:00,0.1053,0.1073,0.1048,0.1058,6052821.3,2026-03-03 16:59:59.999,643446.15361000,4090,2929817.30,311639.24294000,0
2026-03-03 17:00:00,0.1058,0.1058,0.1041,0.1049,3993106.1,2026-03-03 17:59:59.999,418582.59577000,3039,1546995.20,162162.96952000,0
2026-03-03 18:00:00,0.1049,0.1053,0.1042,0.1044,3860918.2,2026-03-03 18:59:59.999,404615.05498000,2314,2391154.80,250707.29191000,0
2026-03-03 19:00:00,0.1044,0.1049,0.104,0.1041,3043864.2,2026-03-03 19:59:59.999,317862.11452000,1907,1411867.90,147611.77342000,0
2026-03-03 20:00:00,0.1041,0.1044,0.1033,0.1036,3624967.3,2026-03-03 20:59:59.999,376362.58745000,1649,1352997.30,140597.73683000,0
2026-03-03 21:00:00,0.1037,0.1038,0.1033,0.1036,952997.7,2026-03-03 21:59:59.999,98712.54134000,726,657514.00,68125.94982000,0
2026-03-03 22:00:00,0.1037,0.1045,0.1036,0.1042,2313086.3,2026-03-03 22:59:59.999,240699.38636000,2227,1801756.20,187498.82338000,0
2026-03-03 23:00:00,0.1042,0.1051,0.1041,0.1045,2317953.1,2026-03-03 23:59:59.999,242510.16349000,2047,1337784.10,139989.73614000,0
2026-03-04 00:00:00,0.1044,0.1048,0.1039,0.1044,2073303.5,2026-03-04 00:59:59.999,216422.09775000,1799,956477.00,99831.44175000,0
2026-03-04 01:00:00,0.1045,0.1052,0.1042,0.1042,2081266.5,2026-03-04 01:59:59.999,218107.87263000,1416,1263128.90,132446.34817000,0
2026-03-04 02:00:00,0.1043,0.1053,0.1038,0.105,1973239.1,2026-03-04 02:59:59.999,206197.22476000,1378,1138763.90,119066.50503000,0
2026-03-04 03:00:00,0.105,0.1051,0.1034,0.1043,4272694.1,2026-03-04 03:59:59.999,445443.94322000,2532,2633311.50,274510.30874000,0
2026-03-04 04:00:00,0.1042,0.1043,0.1037,0.1041,1760586.7,2026-03-04 04:59:59.999,183188.28319000,1345,986756.90,102676.50677000,0
2026-03-04 05:00:00,0.1041,0.1044,0.1035,0.1039,2930249.5,2026-03-04 05:59:59.999,304462.63391000,1423,1663194.40,172849.75454000,0
2026-03-04 06:00:00,0.104,0.1044,0.1038,0.1039,1458804.0,2026-03-04 06:59:59.999,151846.11509000,958,891426.70,92819.97312000,0
2026-03-04 07:00:00,0.1039,0.105,0.1038,0.1048,2533873.0,2026-03-04 07:59:59.999,264806.93776000,1635,1785964.80,186701.84482000,0
2026-03-04 08:00:00,0.1049,0.106,0.1038,0.1057,24863429.7,2026-03-04 08:59:59.999,2604867.74825000,17063,13234800.50,1387408.46425000,0
2026-03-04 09:00:00,0.1057,0.1084,0.1053,0.1072,19592237.7,2026-03-04 09:59:59.999,2092775.90904000,13755,9987031.00,1068129.22175000,0
2026-03-04 10:00:00,0.1073,0.1077,0.1057,0.106,9370498.6,2026-03-04 10:59:59.999,999383.46405000,7415,4386031.80,467837.09626000,0
2026-03-04 11:00:00,0.106,0.1068,0.1042,0.1059,17425625.5,2026-03-04 11:59:59.999,1841987.81214000,5777,7145949.80,754445.21177000,0
2026-03-04 12:00:00,0.1059,0.1061,0.1043,0.1052,4872927.2,2026-03-04 12:59:59.999,512072.05181000,3112,2207627.70,232115.65840000,0
2026-03-04 13:00:00,0.1052,0.1061,0.1052,0.1057,4017868.9,2026-03-04 13:59:59.999,424708.94188000,2205,2166541.70,229064.66530000,0
2026-03-04 14:00:00,0.1058,0.1073,0.1052,0.1058,8702623.9,2026-03-04 14:59:59.999,924045.38213000,5042,4286852.60,455408.69481000,0
2026-03-04 15:00:00,0.1059,0.1088,0.1059,0.1085,17529378.3,2026-03-04 15:59:59.999,1883353.16087000,6721,11356762.60,1221145.94219000,0
2026-03-04 16:00:00,0.1084,0.1092,0.1072,0.1083,11919586.0,2026-03-04 16:59:59.999,1289285.36180000,7382,6750714.20,729961.69688000,0
2026-03-04 17:00:00,0.1083,0.1091,0.1078,0.1084,5272381.8,2026-03-04 17:59:59.999,571102.21402000,2937,2888212.00,313034.57527000,0
2026-03-04 18:00:00,0.1084,0.1093,0.1078,0.1088,5415743.2,2026-03-04 18:59:59.999,587406.74940000,2147,2465728.90,267725.79917000,0
2026-03-04 19:00:00,0.1089,0.1101,0.1086,0.1091,15426519.1,2026-03-04 19:59:59.999,1686909.70493000,5886,5962679.30,652431.09435000,0
2026-03-04 20:00:00,0.109,0.1095,0.1079,0.108,8462220.6,2026-03-04 20:59:59.999,919178.79209000,3603,2234497.70,242999.65217000,0
2026-03-04 21:00:00,0.108,0.1085,0.1074,0.1078,6572910.6,2026-03-04 21:59:59.999,709106.09922000,3009,1948248.60,210247.18992000,0
2026-03-04 22:00:00,0.1078,0.1082,0.1063,0.1064,8068323.3,2026-03-04 22:59:59.999,866215.94647000,3863,2296402.10,246290.83786000,0
2026-03-04 23:00:00,0.1064,0.1076,0.1063,0.1068,8787098.3,2026-03-04 23:59:59.999,937692.03360000,3924,3361514.50,358727.98545000,0
2026-03-05 00:00:00,0.1067,0.1071,0.1063,0.1064,8438780.2,2026-03-05 00:59:59.999,899009.34960000,4458,3706741.50,394983.76545000,0
2026-03-05 01:00:00,0.1065,0.1076,0.1053,0.1055,15770491.1,2026-03-05 01:59:59.999,1673195.10675000,5265,6176823.40,656368.58437000,0
2026-03-05 02:00:00,0.1055,0.1059,0.1052,0.1053,5334546.8,2026-03-05 02:59:59.999,563030.92919000,1982,1478186.60,156192.07760000,0
2026-03-05 03:00:00,0.1053,0.1054,0.1045,0.1047,8185309.5,2026-03-05 03:59:59.999,859350.61186000,2905,2383569.50,250319.67994000,0
2026-03-05 04:00:00,0.1047,0.1053,0.1042,0.1046,11163317.7,2026-03-05 04:59:59.999,1168360.25980000,5637,4153629.40,435021.06902000,0
2026-03-05 05:00:00,0.1046,0.1048,0.1034,0.104,12035321.3,2026-03-05 05:59:59.999,1252705.09115000,5858,4704813.00,489786.53982000,0
2026-03-05 06:00:00,0.104,0.1045,0.1033,0.1038,12826095.7,2026-03-05 06:59:59.999,1330681.07618000,5970,5050835.20,524339.01645000,0
2026-03-05 07:00:00,0.1038,0.1043,0.103,0.1033,14158943.1,2026-03-05 07:59:59.999,1467113.08642000,5174,5039047.20,522699.43011000,0
2026-03-05 08:00:00,0.1034,0.1037,0.1007,0.1035,27275305.7,2026-03-05 08:59:59.999,2785891.30254000,11687,12432208.40,1269758.51262000,0
2026-03-05 09:00:00,0.1036,0.1044,0.1028,0.1033,7073909.9,2026-03-05 09:59:59.999,731772.59334000,2872,3327802.50,344045.94534000,0
2026-03-05 10:00:00,0.1034,0.105,0.103,0.1043,5397083.5,2026-03-05 10:59:59.999,561993.57914000,2980,2918855.20,303928.92152000,0
2026-03-05 11:00:00,0.1044,0.105,0.104,0.1042,4335759.0,2026-03-05 11:59:59.999,453034.61934000,2179,2049331.40,214242.44383000,0
2026-03-05 12:00:00,0.1042,0.1049,0.1036,0.1045,3390841.4,2026-03-05 12:59:59.999,353957.02318000,1831,1520393.90,158669.97491000,0
2026-03-05 13:00:00,0.1044,0.1045,0.1032,0.1037,4769123.0,2026-03-05 13:59:59.999,495019.88577000,2474,2096446.60,217562.79929000,0
2026-03-05 14:00:00,0.1038,0.105,0.1037,0.1044,4722262.9,2026-03-05 14:59:59.999,492803.98860000,2347,2890027.60,301704.62131000,0
2026-03-05 15:00:00,0.1044,0.1046,0.1031,0.1035,4884020.9,2026-03-05 15:59:59.999,506171.48866000,2724,2500277.30,259085.66267000,0
2026-03-05 16:00:00,0.1034,0.1034,0.1015,0.1022,8363077.5,2026-03-05 16:59:59.999,855105.30583000,4749,3773098.80,385665.30355000,0
2026-03-05 17:00:00,0.1021,0.1025,0.1008,0.1009,7146129.1,2026-03-05 17:59:59.999,723823.77492000,3406,3513817.20,355919.79272000,0
2026-03-05 18:00:00,0.1009,0.1011,0.0998,0.1009,13875328.5,2026-03-05 18:59:59.999,1393044.56097000,4915,6949493.80,697999.94483000,0
2026-03-05 19:00:00,0.1009,0.1025,0.1009,0.1016,7049152.5,2026-03-05 19:59:59.999,716592.32366000,2661,4170875.00,423984.58221000,0
2026-03-05 20:00:00,0.1016,0.1029,0.1015,0.1028,3271680.5,2026-03-05 20:59:59.999,334219.74544000,1604,2137337.10,218407.53144000,0
2026-03-05 21:00:00,0.1028,0.1031,0.1019,0.1023,3081483.4,2026-03-05 21:59:59.999,315887.71786000,1516,1667763.80,170979.21084000,0
2026-03-05 22:00:00,0.1023,0.103,0.1019,0.1026,2421857.5,2026-03-05 22:59:59.999,248017.37070000,1881,1506744.70,154313.65206000,0
2026-03-05 23:00:00,0.1025,0.1032,0.1024,0.1028,3331593.4,2026-03-05 23:59:59.999,342382.89692000,1261,1648278.90,169424.78729000,0
2026-03-06 00:00:00,0.1027,0.1031,0.1017,0.103,6228411.2,2026-03-06 00:59:59.999,637459.89774000,2292,2620394.20,268231.12638000,0
2026-03-06 01:00:00,0.103,0.1033,0.102,0.103,3731622.2,2026-03-06 01:59:59.999,384269.81513000,1587,2002992.70,206292.02588000,0
2026-03-06 02:00:00,0.1029,0.1032,0.1024,0.1026,2167459.7,2026-03-06 02:59:59.999,222868.23010000,1369,1071917.10,110260.96923000,0
2026-03-06 03:00:00,0.1026,0.1028,0.1023,0.1027,1215883.4,2026-03-06 03:59:59.999,124711.39519000,852,610119.50,62586.15969000,0
2026-03-06 04:00:00,0.1027,0.1029,0.1019,0.1029,1363227.8,2026-03-06 04:59:59.999,139746.07780000,957,662227.10,67903.62960000,0
2026-03-06 05:00:00,0.1029,0.1032,0.1023,0.103,1238940.6,2026-03-06 05:59:59.999,127329.69760000,849,778447.90,80010.89371000,0
2026-03-06 06:00:00,0.1029,0.1032,0.1026,0.103,949096.9,2026-03-06 06:59:59.999,97612.50402000,707,496515.70,51100.77200000,0
2026-03-06 07:00:00,0.1029,0.1042,0.1029,0.104,3128874.5,2026-03-06 07:59:59.999,324525.53763000,1288,1917703.40,198864.44884000,0
2026-03-06 08:00:00,0.1041,0.1041,0.1019,0.1021,21015643.1,2026-03-06 08:59:59.999,2155917.31170000,8632,8582726.50,880388.39982000,0
2026-03-06 09:00:00,0.1021,0.1022,0.1008,0.1013,10954763.6,2026-03-06 09:59:59.999,1109532.88811000,5820,4857136.10,492006.29826000,0
2026-03-06 10:00:00,0.1013,0.102,0.1009,0.1011,4548673.8,2026-03-06 10:59:59.999,461075.50969000,2802,2392060.40,242550.71155000,0
2026-03-06 11:00:00,0.1011,0.1013,0.1002,0.1007,7512963.5,2026-03-06 11:59:59.999,757004.13306000,2844,3330793.50,335636.42220000,0
2026-03-06 12:00:00,0.1007,0.1007,0.0999,0.1004,4593249.9,2026-03-06 12:59:59.999,460944.29568000,2564,1951287.20,195897.38766000,0
2026-03-06 13:00:00,0.1004,0.101,0.0988,0.0993,12796957.9,2026-03-06 13:59:59.999,1279805.67955000,4998,5918941.20,592207.09171000,0
2026-03-06 14:00:00,0.0993,0.0998,0.0984,0.0989,9520601.5,2026-03-06 14:59:59.999,942031.16396000,6423,4598473.60,455141.22312000,0
2026-03-06 15:00:00,0.0988,0.0998,0.0987,0.0991,4062325.5,2026-03-06 15:59:59.999,402828.46919000,3714,2484832.10,246378.18202000,0
2026-03-06 16:00:00,0.099,0.0998,0.0989,0.0991,1888296.1,2026-03-06 16:59:59.999,187631.46402000,1816,847643.70,84255.20513000,0
2026-03-06 17:00:00,0.0991,0.0996,0.0986,0.099,3883829.6,2026-03-06 17:59:59.999,385258.41924000,2098,1586242.30,157264.04536000,0
2026-03-06 18:00:00,0.099,0.0999,0.099,0.0996,5013046.8,2026-03-06 18:59:59.999,499041.91107000,3083,2245487.60,223612.92406000,0
2026-03-06 19:00:00,0.0995,0.1003,0.0995,0.0999,2038598.1,2026-03-06 19:59:59.999,203673.62041000,1981,1233986.00,123294.79071000,0
2026-03-06 20:00:00,0.0999,0.1001,0.0989,0.0993,1415422.9,2026-03-06 20:59:59.999,140809.77102000,1281,594369.50,59158.17743000,0
2026-03-06 21:00:00,0.0993,0.0998,0.0989,0.0993,1403123.2,2026-03-06 21:59:59.999,139327.83401000,1007,633709.60,62932.99865000,0
2026-03-06 22:00:00,0.0993,0.0998,0.0993,0.0996,1394750.0,2026-03-06 22:59:59.999,138764.39150000,1103,635618.00,63263.46917000,0
2026-03-06 23:00:00,0.0997,0.1001,0.0994,0.0999,1076744.1,2026-03-06 23:59:59.999,107507.42422000,1183,296012.70,29544.70122000,0
2026-03-07 00:00:00,0.0999,0.1006,0.0992,0.0992,3945517.2,2026-03-07 00:59:59.999,394622.23265000,1687,1670736.40,167261.72403000,0
2026-03-07 01:00:00,0.0993,0.0998,0.0975,0.0991,8268661.8,2026-03-07 01:59:59.999,814269.34411000,3443,3784429.40,372810.00339000,0
2026-03-07 02:00:00,0.0991,0.0995,0.0989,0.0993,1604347.0,2026-03-07 02:59:59.999,159039.99927000,952,903473.30,89529.03437000,0
2026-03-07 03:00:00,0.0993,0.0999,0.0992,0.0994,1140748.6,2026-03-07 03:59:59.999,113583.02873000,798,777275.20,77394.99897000,0
2026-03-07 04:00:00,0.0994,0.0997,0.0988,0.0992,1807808.3,2026-03-07 04:59:59.999,179485.72777000,1387,574659.50,57086.69389000,0
2026-03-07 05:00:00,0.0991,0.0996,0.0989,0.0989,1383997.7,2026-03-07 05:59:59.999,137437.64465000,890,642840.30,63874.43374000,0
2026-03-07 06:00:00,0.0989,0.099,0.0977,0.0981,7218418.5,2026-03-07 06:59:59.999,709173.77294000,2800,3181780.70,312578.62280000,0
2026-03-07 07:00:00,0.0981,0.0987,0.0979,0.0986,3292269.3,2026-03-07 07:59:59.999,323262.31966000,1414,1669732.30,164024.62918000,0
2026-03-07 08:00:00,0.0987,0.0991,0.0983,0.0986,1763370.6,2026-03-07 08:59:59.999,174102.83647000,1040,716620.20,70772.75614000,0
2026-03-07 09:00:00,0.0986,0.0992,0.0985,0.099,1120937.3,2026-03-07 09:59:59.999,110925.04044000,798,499881.20,49479.76441000,0
2026-03-07 10:00:00,0.0991,0.0991,0.0974,0.0976,6332095.1,2026-03-07 10:59:59.999,621285.79669000,5528,2359675.70,231582.86543000,0
2026-03-07 11:00:00,0.0976,0.0978,0.0966,0.097,10744721.7,2026-03-07 11:59:59.999,1044637.12780000,8055,5162836.80,502076.03436000,0
2026-03-07 12:00:00,0.097,0.0971,0.0948,0.096,37810525.5,2026-03-07 12:59:59.999,3611078.34809000,11024,15012368.80,1433293.04831000,0
2026-03-07 13:00:00,0.0961,0.0974,0.096,0.0971,6413004.8,2026-03-07 13:59:59.999,621058.94252000,2436,3518903.40,340691.01562000,0
2026-03-07 14:00:00,0.0971,0.0976,0.0963,0.0974,5642673.5,2026-03-07 14:59:59.999,546838.78416000,2849,3467774.30,336090.66189000,0
2026-03-07 15:00:00,0.0974,0.0975,0.0968,0.0972,2146963.9,2026-03-07 15:59:59.999,208466.54683000,1019,1186661.20,115195.64097000,0
2026-03-07 16:00:00,0.0972,0.0976,0.097,0.0975,1412216.3,2026-03-07 16:59:59.999,137351.35465000,902,609453.20,59290.43954000,0
2026-03-07 17:00:00,0.0975,0.0977,0.0972,0.0972,869311.5,2026-03-07 17:59:59.999,84684.85418000,620,492681.60,47994.40074000,0
2026-03-07 18:00:00,0.0973,0.0974,0.0967,0.0967,3175802.1,2026-03-07 18:59:59.999,308007.64710000,1720,1215528.30,117912.64361000,0
2026-03-07 19:00:00,0.0968,0.0969,0.0951,0.0955,6961321.1,2026-03-07 19:59:59.999,666696.04800000,2202,3007009.80,288225.11386000,0
2026-03-07 20:00:00,0.0956,0.0958,0.0954,0.0955,1164827.8,2026-03-07 20:59:59.999,111362.08856000,1031,734806.90,70262.86644000,0
2026-03-07 21:00:00,0.0955,0.0959,0.0954,0.0955,1071098.9,2026-03-07 21:59:59.999,102413.23512000,594,560670.70,53601.96206000,0
2026-03-07 22:00:00,0.0955,0.0957,0.0949,0.0955,2569193.4,2026-03-07 22:59:59.999,244916.27971000,1687,1363590.90,130041.27083000,0
2026-03-07 23:00:00,0.0955,0.0964,0.0954,0.0961,2064869.1,2026-03-07 23:59:59.999,198108.91179000,1512,1106227.90,106093.36469000,0
2026-03-08 00:00:00,0.0962,0.0965,0.0955,0.0955,1766974.0,2026-03-08 00:59:59.999,169694.33585000,879,1026928.40,98685.29005000,0
2026-03-08 01:00:00,0.0955,0.0964,0.0953,0.0963,1130424.9,2026-03-08 01:59:59.999,108151.84437000,740,668568.90,63955.23222000,0
2026-03-08 02:00:00,0.0963,0.0966,0.0956,0.0957,4730706.7,2026-03-08 02:59:59.999,454621.44535000,1716,2545170.90,244717.78019000,0
2026-03-08 03:00:00,0.0957,0.096,0.095,0.0952,3700036.8,2026-03-08 03:59:59.999,353454.87040000,1710,2256824.90,215603.24272000,0
2026-03-08 04:00:00,0.0952,0.0954,0.0938,0.0943,10173128.7,2026-03-08 04:59:59.999,960812.90606000,3902,5289698.50,499432.27250000,0
2026-03-08 05:00:00,0.0944,0.0951,0.0942,0.0945,2962031.7,2026-03-08 05:59:59.999,280285.51640000,1212,1453338.30,137578.37191000,0
2026-03-08 06:00:00,0.0945,0.0956,0.0945,0.0955,2913174.1,2026-03-08 06:59:59.999,277296.74916000,1768,1498503.40,142649.23742000,0
2026-03-08 07:00:00,0.0956,0.0967,0.0955,0.0962,3404154.3,2026-03-08 07:59:59.999,326977.16101000,1750,1656024.00,159118.25768000,0
2026-03-08 08:00:00,0.0962,0.0963,0.0953,0.0959,2528409.4,2026-03-08 08:59:59.999,242048.57375000,946,1380839.70,132143.08631000,0
2026-03-08 09:00:00,0.0959,0.0974,0.0958,0.0969,4044315.4,2026-03-08 09:59:59.999,391746.84513000,1502,2043843.80,198002.98749000,0
2026-03-08 10:00:00,0.0968,0.0977,0.0967,0.0976,3208021.9,2026-03-08 10:59:59.999,311921.44830000,1510,1997452.60,194204.84747000,0
2026-03-08 11:00:00,0.0976,0.0978,0.0964,0.0975,4176306.9,2026-03-08 11:59:59.999,404780.41297000,2017,1852810.20,179823.65585000,0
2026-03-08 12:00:00,0.0974,0.098,0.0964,0.098,3616523.5,2026-03-08 12:59:59.999,352245.24726000,2171,1627041.60,158512.84810000,0
2026-03-08 13:00:00,0.098,0.0988,0.0968,0.0973,7891939.8,2026-03-08 13:59:59.999,772940.02676000,4357,3795491.40,371903.93626000,0
2026-03-08 14:00:00,0.0973,0.098,0.0965,0.0972,3586320.7,2026-03-08 14:59:59.999,348570.52336000,2060,1744296.90,169425.17838000,0
2026-03-08 15:00:00,0.0972,0.0978,0.097,0.0977,3266722.0,2026-03-08 15:59:59.999,317986.38424000,2007,1353342.50,131721.35072000,0
2026-03-08 16:00:00,0.0976,0.0996,0.0975,0.0983,10431613.0,2026-03-08 16:59:59.999,1027427.12889000,5056,5396253.40,531292.89802000,0
2026-03-08 17:00:00,0.0984,0.1002,0.0984,0.1,6215482.1,2026-03-08 17:59:59.999,617774.56128000,3298,3195945.90,317768.08153000,0
2026-03-08 18:00:00,0.1,0.1008,0.0996,0.1004,9650013.9,2026-03-08 18:59:59.999,966789.99317000,4445,5900147.70,591268.77963000,0
2026-03-08 19:00:00,0.1004,0.1016,0.1003,0.1007,5941444.1,2026-03-08 19:59:59.999,599338.48914000,3269,3771615.80,380557.60004000,0
2026-03-08 20:00:00,0.1008,0.1008,0.099,0.099,2569962.0,2026-03-08 20:59:59.999,256099.39733000,1729,1186729.10,118225.75153000,0
2026-03-08 21:00:00,0.099,0.0992,0.0982,0.0989,2488665.2,2026-03-08 21:59:59.999,245685.34680000,1678,1188860.20,117377.90175000,0
2026-03-08 22:00:00,0.0988,0.0988,0.0964,0.0974,11353390.9,2026-03-08 22:59:59.999,1104123.64025000,5544,5210896.00,506890.29522000,0
2026-03-08 23:00:00,0.0973,0.0993,0.0969,0.0974,6911791.4,2026-03-08 23:59:59.999,677203.97640000,3328,3592031.20,352074.04317000,0
2026-03-09 00:00:00,0.0974,0.0983,0.0968,0.0972,5990150.1,2026-03-09 00:59:59.999,584577.94859000,2770,2308948.40,225528.33033000,0
2026-03-09 01:00:00,0.0972,0.0983,0.0966,0.0969,2946681.4,2026-03-09 01:59:59.999,287259.57052000,2173,1327880.80,129549.01748000,0
2026-03-09 02:00:00,0.0969,0.0985,0.0968,0.0984,3474517.3,2026-03-09 02:59:59.999,338451.89401000,2430,2120656.20,206609.58136000,0
2026-03-09 03:00:00,0.0984,0.1001,0.0984,0.0986,6923863.8,2026-03-09 03:59:59.999,687060.11006000,4131,3898238.00,386882.44701000,0
2026-03-09 04:00:00,0.0987,0.0994,0.0985,0.0985,1344637.1,2026-03-09 04:59:59.999,132930.52488000,993,506463.40,50092.84111000,0
2026-03-09 05:00:00,0.0986,0.1004,0.0983,0.1004,3830358.1,2026-03-09 05:59:59.999,381492.79402000,2489,1945485.50,193771.78949000,0
2026-03-09 06:00:00,0.1003,0.1004,0.0985,0.0991,2032864.5,2026-03-09 06:59:59.999,201754.90842000,1218,1002122.30,99439.00557000,0
2026-03-09 07:00:00,0.099,0.1004,0.0986,0.1,2846585.4,2026-03-09 07:59:59.999,283692.41618000,1810,1468683.50,146340.63855000,0
2026-03-09 08:00:00,0.1001,0.1005,0.0995,0.0996,3834202.6,2026-03-09 08:59:59.999,383607.67719000,2024,1881935.20,188316.89014000,0
2026-03-09 09:00:00,0.0997,0.1006,0.0992,0.0998,2680056.5,2026-03-09 09:59:59.999,267833.13424000,1531,1414694.70,141553.55406000,0
2026-03-09 10:00:00,0.0999,0.1001,0.0993,0.0996,1935973.5,2026-03-09 10:59:59.999,193209.77773000,1032,1083841.30,108223.53843000,0
2026-03-09 11:00:00,0.0995,0.1004,0.0995,0.0996,1480208.5,2026-03-09 11:59:59.999,147800.12276000,733,849307.00,84818.66437000,0
2026-03-09 12:00:00,0.0996,0.1005,0.0996,0.1001,2825712.6,2026-03-09 12:59:59.999,283010.34981000,1300,1549487.90,155214.20826000,0
2026-03-09 13:00:00,0.1001,0.1011,0.0999,0.1007,5125891.9,2026-03-09 13:59:59.999,515245.43615000,3061,2606102.40,262008.19813000,0
2026-03-09 14:00:00,0.1006,0.1018,0.1005,0.1009,5581231.4,2026-03-09 14:59:59.999,564617.20798000,2929,2930842.90,296629.31585000,0
2026-03-09 15:00:00,0.101,0.1011,0.1002,0.1006,3023194.5,2026-03-09 15:59:59.999,304098.01752000,1538,1072275.20,107875.90712000,0
2026-03-09 16:00:00,0.1006,0.1011,0.0998,0.0999,3134214.6,2026-03-09 16:59:59.999,314417.14144000,1464,1358020.30,136310.00409000,0
2026-03-09 17:00:00,0.0999,0.1004,0.0994,0.1001,3580652.6,2026-03-09 17:59:59.999,357748.02328000,1900,1695350.60,169409.90302000,0
2026-03-09 18:00:00,0.1001,0.1004,0.0993,0.0993,3258061.7,2026-03-09 18:59:59.999,324958.34431000,1460,1467104.90,146353.07628000,0
2026-03-09 19:00:00,0.0994,0.1017,0.0992,0.1005,4144557.3,2026-03-09 19:59:59.999,415859.58015000,2394,1907254.70,191370.51546000,0
2026-03-09 20:00:00,0.1005,0.1007,0.1,0.1005,1514473.1,2026-03-09 20:59:59.999,151899.24122000,795,541059.90,54265.55203000,0
2026-03-09 21:00:00,0.1005,0.101,0.1001,0.1005,2060140.9,2026-03-09 21:59:59.999,207174.08241000,885,957294.70,96325.24145000,0
2026-03-09 22:00:00,0.1005,0.1006,0.0995,0.0996,1896175.9,2026-03-09 22:59:59.999,189931.59130000,865,668268.30,66910.14244000,0
2026-03-09 23:00:00,0.0996,0.1006,0.0994,0.1003,2741248.3,2026-03-09 23:59:59.999,274598.92731000,1486,1302286.90,130421.74168000,0
2026-03-10 00:00:00,0.1003,0.1011,0.0999,0.1005,2336159.0,2026-03-10 00:59:59.999,235005.91921000,1045,1456845.00,146707.61602000,0
2026-03-10 01:00:00,0.1006,0.1009,0.1,0.1007,2929285.8,2026-03-10 01:59:59.999,294256.21139000,2288,1355938.80,136293.09290000,0
2026-03-10 02:00:00,0.1007,0.1023,0.1006,0.1019,4353333.3,2026-03-10 02:59:59.999,441183.62888000,3520,2841617.10,288060.62623000,0
2026-03-10 03:00:00,0.1019,0.1024,0.1009,0.1011,6846132.4,2026-03-10 03:59:59.999,696634.55227000,3983,3635825.60,370094.76989000,0
2026-03-10 04:00:00,0.1011,0.1024,0.1009,0.102,4287643.2,2026-03-10 04:59:59.999,435541.14833000,2178,1956950.20,198886.78172000,0
2026-03-10 05:00:00,0.1021,0.1022,0.1008,0.1011,3073001.4,2026-03-10 05:59:59.999,311697.78390000,1463,861280.60,87191.72232000,0
2026-03-10 06:00:00,0.1011,0.102,0.1008,0.1015,1668573.4,2026-03-10 06:59:59.999,169261.02979000,977,929827.20,94300.34415000,0
2026-03-10 07:00:00,0.1014,0.1018,0.1013,0.1016,2106976.2,2026-03-10 07:59:59.999,214016.43534000,1155,1254481.70,127438.26509000,0
2026-03-10 08:00:00,0.1016,0.1022,0.1011,0.1019,5716634.8,2026-03-10 08:59:59.999,580853.18240000,1715,1950926.70,198486.75542000,0
2026-03-10 09:00:00,0.1019,0.1028,0.1018,0.1023,4799272.2,2026-03-10 09:59:59.999,491495.27154000,1685,2828381.00,289730.17301000,0
2026-03-10 10:00:00,0.1024,0.1024,0.1013,0.1018,2974219.6,2026-03-10 10:59:59.999,302516.27130000,810,950031.10,96687.65191000,0
2026-03-10 11:00:00,0.1018,0.1021,0.1015,0.1018,1042543.3,2026-03-10 11:59:59.999,106197.14957000,637,493133.00,50273.07886000,0
2026-03-10 12:00:00,0.1018,0.1025,0.1016,0.1022,2010989.3,2026-03-10 12:59:59.999,205149.69397000,990,1255724.80,128050.79027000,0
2026-03-10 13:00:00,0.1023,0.1031,0.1014,0.1018,5844924.2,2026-03-10 13:59:59.999,596776.79751000,2771,2468551.70,252269.99004000,0
2026-03-10 14:00:00,0.1018,0.1032,0.1007,0.1029,6982961.2,2026-03-10 14:59:59.999,710832.58097000,3646,3488238.40,355385.00980000,0
2026-03-10 15:00:00,0.103,0.1035,0.1025,0.1032,9966338.8,2026-03-10 15:59:59.999,1026929.14926000,2701,6244852.20,643593.89272000,0
2026-03-10 16:00:00,0.1032,0.104,0.1024,0.1034,5950003.2,2026-03-10 16:59:59.999,613825.36720000,1956,2784864.60,287593.31860000,0
2026-03-10 17:00:00,0.1035,0.1038,0.1027,0.1032,1718199.1,2026-03-10 17:59:59.999,177527.95345000,1054,757941.40,78325.80797000,0
2026-03-10 18:00:00,0.1032,0.1032,0.1018,0.1019,3043568.4,2026-03-10 18:59:59.999,311234.62307000,1649,1262562.00,129184.92496000,0
2026-03-10 19:00:00,0.102,0.1023,0.1017,0.102,2077684.3,2026-03-10 19:59:59.999,211907.39947000,1055,1024339.40,104514.64731000,0
2026-03-10 20:00:00,0.1019,0.1022,0.1018,0.1021,447808.6,2026-03-10 20:59:59.999,45700.74731000,391,282678.30,28856.14338000,0
2026-03-10 21:00:00,0.1022,0.1024,0.1014,0.1015,2882070.4,2026-03-10 21:59:59.999,293586.50323000,1041,1341972.40,136604.20766000,0
2026-03-10 22:00:00,0.1015,0.1017,0.1012,0.1016,3132712.9,2026-03-10 22:59:59.999,317649.31998000,813,757748.20,76892.46519000,0
2026-03-10 23:00:00,0.1017,0.1026,0.1017,0.1022,1307159.2,2026-03-10 23:59:59.999,133596.29726000,1013,622474.80,63607.87298000,0
2026-03-11 00:00:00,0.1023,0.1025,0.1016,0.102,2856677.0,2026-03-11 00:59:59.999,291663.49741000,1003,1816919.70,185502.15157000,0
2026-03-11 01:00:00,0.102,0.1021,0.1014,0.1016,1162752.2,2026-03-11 01:59:59.999,118221.37853000,733,666327.10,67749.76419000,0
2026-03-11 02:00:00,0.1017,0.1018,0.1014,0.1017,2115068.4,2026-03-11 02:59:59.999,214747.86608000,599,697401.10,70853.99645000,0
2026-03-11 03:00:00,0.1016,0.1018,0.1002,0.1006,6177156.0,2026-03-11 03:59:59.999,623850.98912000,1260,1466907.60,147878.13988000,0
2026-03-11 04:00:00,0.1006,0.1019,0.1004,0.1017,1826186.9,2026-03-11 04:59:59.999,185083.37670000,823,1100538.90,111551.73340000,0
2026-03-11 05:00:00,0.1017,0.1017,0.1007,0.1009,2800603.3,2026-03-11 05:59:59.999,282601.35145000,901,762199.80,76949.24361000,0
2026-03-11 06:00:00,0.101,0.1015,0.1009,0.1013,2368449.3,2026-03-11 06:59:59.999,239904.21022000,1072,1412836.90,143106.15773000,0
2026-03-11 07:00:00,0.1013,0.102,0.1012,0.1014,2646617.9,2026-03-11 07:59:59.999,268982.29039000,889,1188865.10,120793.69484000,0
2026-03-11 08:00:00,0.1014,0.1017,0.101,0.1011,2139605.0,2026-03-11 08:59:59.999,217087.26256000,1053,910423.00,92370.88936000,0
2026-03-11 09:00:00,0.1011,0.1012,0.1008,0.1008,1866217.0,2026-03-11 09:59:59.999,188362.53446000,1133,859626.00,86778.23271000,0
2026-03-11 10:00:00,0.1009,0.1012,0.1005,0.1006,3381929.8,2026-03-11 10:59:59.999,341071.19953000,5729,1153424.80,116382.59262000,0
2026-03-11 11:00:00,0.1006,0.1009,0.1004,0.1005,2789328.8,2026-03-11 11:59:59.999,280760.99008000,3831,1261559.10,127039.99713000,0
2026-03-11 12:00:00,0.1006,0.1014,0.1003,0.1008,5356444.6,2026-03-11 12:59:59.999,540359.94244000,3494,2654924.70,267997.49724000,0
2026-03-11 13:00:00,0.1007,0.1027,0.1006,0.1018,6520189.8,2026-03-11 13:59:59.999,663449.62965000,4522,3247952.00,330775.83772000,0
2026-03-11 14:00:00,0.1018,0.1031,0.1014,0.102,6944909.1,2026-03-11 14:59:59.999,711152.23408000,4012,3642919.10,373115.73056000,0
2026-03-11 15:00:00,0.102,0.1021,0.1009,0.1017,5345002.3,2026-03-11 15:59:59.999,542325.85450000,3252,2067143.60,209808.40481000,0
2026-03-11 16:00:00,0.1017,0.1024,0.1011,0.1022,4047582.4,2026-03-11 16:59:59.999,412284.60841000,2321,2171808.70,221265.16033000,0
2026-03-11 17:00:00,0.1022,0.1026,0.1017,0.1019,2333966.2,2026-03-11 17:59:59.999,238298.93814000,1874,822136.50,84024.32415000,0
2026-03-11 18:00:00,0.1019,0.1022,0.1013,0.1017,3455923.1,2026-03-11 18:59:59.999,351678.24098000,1535,962985.80,98090.93048000,0
2026-03-11 19:00:00,0.1017,0.1018,0.1012,0.1014,759654.6,2026-03-11 19:59:59.999,77087.12202000,928,415054.60,42125.33567000,0
2026-03-11 20:00:00,0.1014,0.1016,0.1009,0.1014,1077706.8,2026-03-11 20:59:59.999,109077.03748000,1049,448654.70,45415.88312000,0
2026-03-11 21:00:00,0.1014,0.1019,0.1014,0.1017,314107.5,2026-03-11 21:59:59.999,31930.52733000,394,215254.60,21883.16759000,0
